Time (ns),System after lsq fit to System
0.0000000,0.0000000
0.0000820,0.0261533
0.0001640,0.3571434
0.0002460,0.3854140
0.0003280,0.4089148
0.0004100,0.4158957
0.0004920,0.4164969
0.0005740,0.4309203
0.0006560,0.4269095
0.0007380,0.4508021
0.0008200,0.4772760
0.0009020,0.4480622
0.0009840,0.4488171
0.0010660,0.4023373
0.0011480,0.4377338
0.0012300,0.3781768
0.0013120,0.3830900
0.0013940,0.3832203
0.0014760,0.4275690
0.0015580,0.4344452
0.0016400,0.4066159
0.0017220,0.3872423
0.0018040,0.4312267
0.0018860,0.4318020
0.0019680,0.4246634
0.0020500,0.4031494
0.0021320,0.4246590
0.0022140,0.4385534
0.0022960,0.4388202
0.0023780,0.4146688
0.0024600,0.4422282
0.0025420,0.4100449
0.0026240,0.4245452
0.0027060,0.4144408
0.0027880,0.4149843
0.0028700,0.4069873
0.0029520,0.4214483
0.0030340,0.4353476
0.0031160,0.4353598
0.0031980,0.4357453
0.0032800,0.4590576
0.0033620,0.4279974
0.0034440,0.4105177
0.0035260,0.4524603
0.0036080,0.4461188
0.0036900,0.4464490
0.0037720,0.4635635
0.0038540,0.4863210
0.0039360,0.4770799
0.0040180,0.4596535
0.0041000,0.4587916
0.0041820,0.4590089
0.0042640,0.4682138
0.0043460,0.4688141
0.0044280,0.4430776
0.0045100,0.4527401
0.0045920,0.4531129
0.0046740,0.4469021
0.0047560,0.4595882
0.0048380,0.4754683
0.0049200,0.4496005
0.0050020,0.4458062
0.0050840,0.4458220
0.0051660,0.4523474
0.0052480,0.4678986
0.0053300,0.4519140
0.0054120,0.4592315
0.0054940,0.4596133
0.0055760,0.4627698
0.0056580,0.4390610
0.0057400,0.4462995
0.0058220,0.4725361
0.0059040,0.4718341
0.0059860,0.4720855
0.0060680,0.4687148
0.0061500,0.4454714
0.0062320,0.4560261
0.0063140,0.4528790
0.0063960,0.4531860
0.0064780,0.4665412
0.0065600,0.4565928
0.0066420,0.4760190
0.0067240,0.4672762
0.0068060,0.4577502
0.0068880,0.4584394
0.0069700,0.4369516
0.0070520,0.4508212
0.0071340,0.4444230
0.0072160,0.4441049
0.0072980,0.4445099
0.0073800,0.4569889
0.0074620,0.4693121
0.0075440,0.4764255
0.0076260,0.4756633
0.0077080,0.4851824
0.0077900,0.4858834
0.0078720,0.4531612
0.0079540,0.4792724
0.0080360,0.4673619
0.0081180,0.4724005
0.0082000,0.4662158
0.0082820,0.4668748
0.0083640,0.4698747
0.0084460,0.4295759
0.0085280,0.4626948
0.0086100,0.4731200
0.0086920,0.4735857
0.0087740,0.4568778
0.0088560,0.4862715
0.0089380,0.4979149
0.0090200,0.4763559
0.0091020,0.4922606
0.0091840,0.4925590
0.0092660,0.4641182
0.0093480,0.4630482
0.0094300,0.4786231
0.0095120,0.4725931
0.0095940,0.4731989
0.0096760,0.4822856
0.0097580,0.4765295
0.0098400,0.4604681
0.0099220,0.4821260
0.0100040,0.4853100
0.0100860,0.4854534
0.0101680,0.5062183
0.0102500,0.4880030
0.0103320,0.4944968
0.0104140,0.4850105
0.0104960,0.4854105
0.0105780,0.4699689
0.0106600,0.4824080
0.0107420,0.4919839
0.0108240,0.5099008
0.0109060,0.5067870
0.0109880,0.5072863
0.0110700,0.5034509
0.0111520,0.4923639
0.0112340,0.4892478
0.0113160,0.4607362
0.0113980,0.4608770
0.0114800,0.4632564
0.0115620,0.4724992
0.0116440,0.4408852
0.0117260,0.4697156
0.0118080,0.4895951
0.0118900,0.4899836
0.0119720,0.4760507
0.0120540,0.4979772
0.0121360,0.5076637
0.0122180,0.4952521
0.0123000,0.4918493
0.0123820,0.4922415
0.0124640,0.4796833
0.0125460,0.4769957
0.0126280,0.4920138
0.0127100,0.4898767
0.0127920,0.4904317
0.0128740,0.4589839
0.0129560,0.4651447
0.0130380,0.4750249
0.0131200,0.4609735
0.0132020,0.4833899
0.0132840,0.4835832
0.0133660,0.4610528
0.0134480,0.4678220
0.0135300,0.4809395
0.0136120,0.4735611
0.0136940,0.4738409
0.0137760,0.4573920
0.0138580,0.4540497
0.0139400,0.4582623
0.0140220,0.4798678
0.0141040,0.4789178
0.0141860,0.4793656
0.0142680,0.4696424
0.0143500,0.4939924
0.0144320,0.4793080
0.0145140,0.4888768
0.0145960,0.4891312
0.0146780,0.4829736
0.0147600,0.4890127
0.0148420,0.4822617
0.0149240,0.4822467
0.0150060,0.4828116
0.0150880,0.4830717
0.0151700,0.4701252
0.0152520,0.4725732
0.0153340,0.4572270
0.0154160,0.5004055
0.0154980,0.5005439
0.0155800,0.4945537
0.0156620,0.5177972
0.0157440,0.4962399
0.0158260,0.4875340
0.0159080,0.4689605
0.0159900,0.4696362
0.0160720,0.4664004
0.0161540,0.4886776
0.0162360,0.4661654
0.0163180,0.4859110
0.0164000,0.4789639
0.0164820,0.4792854
0.0165640,0.4915556
0.0166460,0.4828178
0.0167280,0.4790588
0.0168100,0.4536589
0.0168920,0.4540106
0.0169740,0.5034557
0.0170560,0.4792306
0.0171380,0.4660891
0.0172200,0.4764422
0.0173020,0.4915303
0.0173840,0.4920281
0.0174660,0.4828756
0.0175480,0.4896597
0.0176300,0.4866077
0.0177120,0.4798850
0.0177940,0.4799978
0.0178760,0.4921457
0.0179580,0.5044169
0.0180400,0.4829848
0.0181220,0.4858761
0.0182040,0.4795711
0.0182860,0.4799040
0.0183680,0.5009767
0.0184500,0.4572527
0.0185320,0.4570225
0.0186140,0.4762931
0.0186960,0.4769258
0.0187780,0.4953034
0.0188600,0.5036561
0.0189420,0.4506867
0.0190240,0.4609345
0.0191060,0.4829100
0.0191880,0.4831262
0.0192700,0.4764266
0.0193520,0.4668591
0.0194340,0.4981706
0.0195160,0.5034178
0.0195980,0.5038959
0.0196800,0.4949814
0.0197620,0.5064631
0.0198440,0.5011548
0.0199260,0.5093135
0.0200080,0.4760203
0.0200900,0.4764400
0.0201720,0.4635848
0.0202540,0.4975633
0.0203360,0.4729848
0.0204180,0.4824301
0.0205000,0.4599876
0.0205820,0.4602893
0.0206640,0.5034508
0.0207460,0.4852889
0.0208280,0.4940990
0.0209100,0.4527335
0.0209920,0.4531884
0.0210740,0.4599980
0.0211560,0.4765082
0.0212380,0.4893552
0.0213200,0.4709469
0.0214020,0.4414202
0.0214840,0.4417646
0.0215660,0.5134916
0.0216480,0.4895927
0.0217300,0.5009944
0.0218120,0.4947106
0.0218940,0.4951030
0.0219760,0.4947448
0.0220580,0.4861973
0.0221400,0.4678550
0.0222220,0.4862778
0.0223040,0.4961215
0.0223860,0.4965450
0.0224680,0.4902774
0.0225500,0.4805378
0.0226320,0.4676307
0.0227140,0.5020096
0.0227960,0.5022097
0.0228780,0.5055102
0.0229600,0.4814728
0.0230420,0.4932918
0.0231240,0.5012739
0.0232060,0.5215644
0.0232880,0.5219075
0.0233700,0.5135544
0.0234520,0.4804629
0.0235340,0.4897458
0.0236160,0.4832710
0.0236980,0.4835765
0.0237800,0.5017304
0.0238620,0.4803771
0.0239440,0.4678755
0.0240260,0.4926488
0.0241080,0.4808510
0.0241900,0.4811835
0.0242720,0.5081688
0.0243540,0.5058129
0.0244360,0.4899896
0.0245180,0.4811652
0.0246000,0.4831188
0.0246820,0.4834816
0.0247640,0.4772730
0.0248460,0.5072909
0.0249280,0.5164337
0.0250100,0.4863543
0.0250920,0.4867968
0.0251740,0.5075137
0.0252560,0.5079478
0.0253380,0.4904024
0.0254200,0.4647585
0.0255020,0.4902468
0.0255840,0.4908845
0.0256660,0.4656699
0.0257480,0.4867164
0.0258300,0.4990307
0.0259120,0.4775134
0.0259940,0.4777696
0.0260760,0.4955374
0.0261580,0.5107778
0.0262400,0.4839357
0.0263220,0.5141722
0.0264040,0.5014767
0.0264860,0.5018701
0.0265680,0.5109415
0.0266500,0.4907935
0.0267320,0.4750782
0.0268140,0.4838721
0.0268960,0.4843231
0.0269780,0.5428018
0.0270600,0.5260406
0.0271420,0.4907870
0.0272240,0.4996782
0.0273060,0.4745700
0.0273880,0.4747802
0.0274700,0.4873762
0.0275520,0.5170207
0.0276340,0.4813837
0.0277160,0.4873657
0.0277980,0.4880654
0.0278800,0.4999296
0.0279620,0.4935727
0.0280440,0.4876358
0.0281260,0.4528999
0.0282080,0.4422973
0.0282900,0.4427438
0.0283720,0.4655620
0.0284540,0.4685281
0.0285360,0.4691155
0.0286180,0.4626002
0.0287000,0.4871519
0.0287820,0.4877176
0.0288640,0.4877953
0.0289460,0.4746435
0.0290280,0.4718840
0.0291100,0.4490998
0.0291920,0.4492840
0.0292740,0.4660697
0.0293560,0.4880921
0.0294380,0.4875285
0.0295200,0.5055236
0.0296020,0.5019973
0.0296840,0.5025482
0.0297660,0.4995815
0.0298480,0.4934386
0.0299300,0.4989917
0.0300120,0.4811264
0.0300940,0.4815371
0.0301760,0.4842963
0.0302580,0.4848186
0.0303400,0.4753903
0.0304220,0.4781405
0.0305040,0.5310816
0.0305860,0.5316220
0.0306680,0.5066260
0.0307500,0.5058612
0.0308320,0.4957740
0.0309140,0.4995666
0.0309960,0.5000315
0.0310780,0.4886597
0.0311600,0.5002082
0.0312420,0.5025064
0.0313240,0.5091628
0.0314060,0.5145954
0.0314880,0.5150093
0.0315700,0.5062679
0.0316520,0.5288234
0.0317340,0.5053400
0.0318160,0.5253591
0.0318980,0.5257410
0.0319800,0.5069957
0.0320620,0.4884851
0.0321440,0.4947501
0.0322260,0.4976921
0.0323080,0.4978609
0.0323900,0.4985034
0.0324720,0.5006787
0.0325540,0.4978369
0.0326360,0.5099905
0.0327180,0.4704239
0.0328000,0.4789871
0.0328820,0.4791997
0.0329640,0.4946142
0.0330460,0.5096664
0.0331280,0.5049091
0.0332100,0.4805906
0.0332920,0.4808791
0.0333740,0.5079176
0.0334560,0.5227854
0.0335380,0.5128995
0.0336200,0.5163325
0.0337020,0.4869023
0.0337840,0.4874473
0.0338660,0.4933557
0.0339480,0.5026747
0.0340300,0.4874792
0.0341120,0.5172823
0.0341940,0.5178557
0.0342760,0.5090532
0.0343580,0.5146874
0.0344400,0.5254706
0.0345220,0.5199117
0.0346040,0.4835190
0.0346860,0.4836258
0.0347680,0.5014687
0.0348500,0.5307644
0.0349320,0.4870857
0.0350140,0.5009466
0.0350960,0.5010714
0.0351780,0.5040974
0.0352600,0.5030955
0.0353420,0.5071711
0.0354240,0.5065888
0.0355060,0.5211268
0.0355880,0.5216029
0.0356700,0.5137613
0.0357520,0.4842047
0.0358340,0.5163224
0.0359160,0.5011856
0.0359980,0.5014932
0.0360800,0.5306997
0.0361620,0.5394308
0.0362440,0.4816579
0.0363260,0.4842446
0.0364080,0.5107619
0.0364900,0.5114254
0.0365720,0.4969627
0.0366540,0.4815430
0.0367360,0.4748490
0.0368180,0.4926032
0.0369000,0.4840363
0.0369820,0.4845980
0.0370640,0.4880175
0.0371460,0.5046665
0.0372280,0.5109817
0.0373100,0.5366563
0.0373920,0.5371349
0.0374740,0.5086857
0.0375560,0.4997210
0.0376380,0.4870297
0.0377200,0.4839758
0.0378020,0.4714806
0.0378840,0.4717061
0.0379660,0.4937476
0.0380480,0.5020187
0.0381300,0.5309844
0.0382120,0.5026779
0.0382940,0.5030004
0.0383760,0.4901344
0.0384580,0.4752053
0.0385400,0.4823480
0.0386220,0.5115555
0.0387040,0.4906137
0.0387860,0.4909289
0.0388680,0.4990849
0.0389500,0.5187604
0.0390320,0.5009906
0.0391140,0.5213467
0.0391960,0.5217449
0.0392780,0.4978155
0.0393600,0.5039418
0.0394420,0.4892204
0.0395240,0.5186883
0.0396060,0.5357402
0.0396880,0.5364954
0.0397700,0.5118878
0.0398520,0.5112369
0.0399340,0.5097690
0.0400160,0.5081055
0.0400980,0.5083747
0.0401800,0.4930397
0.0402620,0.4960562
0.0403440,0.4906775
0.0404260,0.4961358
0.0405080,0.5243136
0.0405900,0.5248628
0.0406720,0.5338355
0.0407540,0.5335987
0.0408360,0.5221689
0.0409180,0.5044521
0.0410000,0.5244718
0.0410820,0.5247958
0.0411640,0.5129486
0.0412460,0.5416048
0.0413280,0.4948263
0.0414100,0.5519790
0.0414920,0.5526123
0.0415740,0.5468669
0.0416560,0.5306504
0.0417380,0.5278291
0.0418200,0.5116942
0.0419020,0.5199876
0.0419840,0.5204144
0.0420660,0.5026098
0.0421480,0.4781502
0.0422300,0.4811059
0.0423120,0.4774001
0.0423940,0.4773765
0.0424760,0.5194005
0.0425580,0.5112091
0.0426400,0.5309631
0.0427220,0.5561019
0.0428040,0.5450783
0.0428860,0.5454035
0.0429680,0.5148549
0.0430500,0.5286140
0.0431320,0.5071132
0.0432140,0.5188556
0.0432960,0.5194566
0.0433780,0.5247784
0.0434600,0.5330564
0.0435420,0.5351011
0.0436240,0.5181417
0.0437060,0.5327348
0.0437880,0.5329434
0.0438700,0.5303803
0.0439520,0.5209650
0.0440340,0.5014792
0.0441160,0.5011378
0.0441980,0.5012503
0.0442800,0.5065763
0.0443620,0.5210893
0.0444440,0.5126001
0.0445260,0.5120115
0.0446080,0.5416848
0.0446900,0.5422287
0.0447720,0.5226461
0.0448540,0.5175050
0.0449360,0.4904361
0.0450180,0.5147231
0.0451000,0.4903091
0.0451820,0.4905072
0.0452640,0.5063548
0.0453460,0.5001827
0.0454280,0.5314071
0.0455100,0.5160093
0.0455920,0.5162510
0.0456740,0.5480552
0.0457560,0.5251181
0.0458380,0.5144373
0.0459200,0.5078949
0.0460020,0.5105867
0.0460840,0.5108924
0.0461660,0.5227471
0.0462480,0.5259215
0.0463300,0.5170074
0.0464120,0.4864435
0.0464940,0.4866694
0.0465760,0.5138626
0.0466580,0.5131768
0.0467400,0.5066449
0.0468220,0.4988113
0.0469040,0.5021765
0.0469860,0.5028311
0.0470680,0.4682781
0.0471500,0.4856580
0.0472320,0.5273935
0.0473140,0.5044703
0.0473960,0.5050374
0.0474780,0.4863192
0.0475600,0.5215359
0.0476420,0.5299052
0.0477240,0.5385898
0.0478060,0.4954510
0.0478880,0.4954759
0.0479700,0.5355599
0.0480520,0.5433619
0.0481340,0.5371427
0.0482160,0.5207333
0.0482980,0.5214916
0.0483800,0.5272335
0.0484620,0.5184061
0.0485440,0.5070364
0.0486260,0.5212457
0.0487080,0.4956876
0.0487900,0.4961323
0.0488720,0.5136915
0.0489540,0.4802647
0.0490360,0.5016411
0.0491180,0.5246454
0.0492000,0.5104124
0.0492820,0.5109032
0.0493640,0.4897102
0.0494460,0.5136177
0.0495280,0.5020952
0.0496100,0.5019295
0.0496920,0.5021257
0.0497740,0.5259434
0.0498560,0.5278994
0.0499380,0.5320754
0.0500200,0.5141943
0.0501020,0.5149956
0.0501840,0.5152139
0.0502660,0.4968730
0.0503480,0.4997645
0.0504300,0.4964572
0.0505120,0.4996221
0.0505940,0.4999521
0.0506760,0.4896051
0.0507580,0.5249236
0.0508400,0.5391112
0.0509220,0.5418191
0.0510040,0.5275301
0.0510860,0.5277367
0.0511680,0.5173923
0.0512500,0.5196210
0.0513320,0.5127574
0.0514140,0.5300574
0.0514960,0.5303853
0.0515780,0.5220638
0.0516600,0.5403459
0.0517420,0.5320406
0.0518240,0.5292811
0.0519060,0.5263467
0.0519880,0.5268496
0.0520700,0.5036530
0.0521520,0.4888172
0.0522340,0.5073616
0.0523160,0.5061799
0.0523980,0.5063998
0.0524800,0.5156275
0.0525620,0.4866841
0.0526440,0.4851806
0.0527260,0.5119438
0.0528080,0.5145656
0.0528900,0.5148318
0.0529720,0.5177388
0.0530540,0.5507392
0.0531360,0.5318821
0.0532180,0.5458018
0.0533000,0.5142701
0.0533820,0.5147374
0.0534640,0.5035260
0.0535460,0.4973018
0.0536280,0.5030350
0.0537100,0.5260494
0.0537920,0.5265029
0.0538740,0.5295126
0.0539560,0.5358405
0.0540380,0.4915697
0.0541200,0.4984026
0.0542020,0.5158788
0.0542840,0.5161309
0.0543660,0.5340186
0.0544480,0.5015354
0.0545300,0.5160225
0.0546120,0.5105315
0.0546940,0.5110255
0.0547760,0.5279486
0.0548580,0.5510578
0.0549400,0.4902244
0.0550220,0.5020445
0.0551040,0.4805486
0.0551860,0.4809053
0.0552680,0.4811617
0.0553500,0.4900090
0.0554320,0.5227238
0.0555140,0.5218477
0.0555960,0.5221864
0.0556780,0.5101079
0.0557600,0.5222853
0.0558420,0.5113508
0.0559240,0.5258278
0.0560060,0.5363428
0.0560880,0.5367004
0.0561700,0.5227391
0.0562520,0.5312082
0.0563340,0.5251661
0.0564160,0.5309570
0.0564980,0.5313478
0.0565800,0.5110231
0.0566620,0.5163084
0.0567440,0.5285535
0.0568260,0.5225556
0.0569080,0.5027501
0.0569900,0.5033172
0.0570720,0.5229981
0.0571540,0.5503588
0.0572360,0.5525393
0.0573180,0.5303828
0.0574000,0.5528767
0.0574820,0.5530436
0.0575640,0.5370729
0.0576460,0.5446710
0.0577280,0.5477879
0.0578100,0.5530765
0.0578920,0.5538714
0.0579740,0.5094671
0.0580560,0.4852070
0.0581380,0.5023846
0.0582200,0.5340160
0.0583020,0.5308417
0.0583840,0.5313927
0.0584660,0.5349216
0.0585480,0.5426768
0.0586300,0.5231389
0.0587120,0.5510531
0.0587940,0.5513012
0.0588760,0.5423447
0.0589580,0.5349592
0.0590400,0.5392927
0.0591220,0.5235225
0.0592040,0.5544107
0.0592860,0.5552447
0.0593680,0.5460970
0.0594500,0.5151419
0.0595320,0.5186945
0.0596140,0.5437009
0.0596960,0.5442320
0.0597780,0.5304242
0.0598600,0.5218997
0.0599420,0.5328375
0.0600240,0.5125159
0.0601060,0.5121383
0.0601880,0.5125260
0.0602700,0.5155660
0.0603520,0.5261757
0.0604340,0.5148649
0.0605160,0.5060243
0.0605980,0.5065030
0.0606800,0.5414208
0.0607620,0.5383226
0.0608440,0.5353584
0.0609260,0.5624253
0.0610080,0.5464402
0.0610900,0.5469643
0.0611720,0.5279573
0.0612540,0.5444442
0.0613360,0.5332594
0.0614180,0.5582332
0.0615000,0.5528395
0.0615820,0.5532682
0.0616640,0.5557297
0.0617460,0.5501627
0.0618280,0.5496006
0.0619100,0.5278774
0.0619920,0.5284959
0.0620740,0.5166632
0.0621560,0.5201479
0.0622380,0.5309980
0.0623200,0.5500005
0.0624020,0.4923436
0.0624840,0.4923032
0.0625660,0.5242974
0.0626480,0.5440592
0.0627300,0.5652307
0.0628120,0.5296261
0.0628940,0.5299044
0.0629760,0.5441114
0.0630580,0.5474599
0.0631400,0.5359073
0.0632220,0.5627855
0.0633040,0.5464127
0.0633860,0.5466741
0.0634680,0.5574266
0.0635500,0.5418771
0.0636320,0.5473585
0.0637140,0.5337917
0.0637960,0.5340153
0.0638780,0.5510731
0.0639600,0.5260874
0.0640420,0.5342564
0.0641240,0.5398067
0.0642060,0.5286286
0.0642880,0.5291311
0.0643700,0.5475524
0.0644520,0.5369852
0.0645340,0.5251732
0.0646160,0.5440938
0.0646980,0.5443803
0.0647800,0.5191968
0.0648620,0.5495855
0.0649440,0.5410664
0.0650260,0.5458995
0.0651080,0.5466054
0.0651900,0.5473355
0.0652720,0.5655895
0.0653540,0.5469199
0.0654360,0.5360330
0.0655180,0.5497712
0.0656000,0.5440007
0.0656820,0.5442520
0.0657640,0.5470735
0.0658460,0.5107194
0.0659280,0.5556577
0.0660100,0.5682012
0.0660920,0.5689341
0.0661740,0.5499499
0.0662560,0.5615709
0.0663380,0.5313142
0.0664200,0.5280185
0.0665020,0.5270589
0.0665840,0.5274292
0.0666660,0.5555504
0.0667480,0.5604941
0.0668300,0.5408748
0.0669120,0.5573131
0.0669940,0.5574576
0.0670760,0.5658692
0.0671580,0.5499092
0.0672400,0.5391723
0.0673220,0.5634219
0.0674040,0.5254742
0.0674860,0.5257376
0.0675680,0.5368059
0.0676500,0.4952890
0.0677320,0.5520646
0.0678140,0.5297993
0.0678960,0.5299461
0.0679780,0.5207395
0.0680600,0.5458864
0.0681420,0.5539545
0.0682240,0.5565253
0.0683060,0.5676137
0.0683880,0.5682016
0.0684700,0.5438540
0.0685520,0.5376973
0.0686340,0.5676872
0.0687160,0.5547481
0.0687980,0.5553419
0.0688800,0.5385275
0.0689620,0.5413960
0.0690440,0.5445753
0.0691260,0.4998011
0.0692080,0.5423611
0.0692900,0.5427719
0.0693720,0.5456173
0.0694540,0.5340630
0.0695360,0.5451235
0.0696180,0.5425648
0.0697000,0.5476368
0.0697820,0.5479670
0.0698640,0.5342503
0.0699460,0.5514873
0.0700280,0.5613433
0.0701100,0.5585573
0.0701920,0.5586488
0.0702740,0.5425849
0.0703560,0.5399002
0.0704380,0.5525030
0.0705200,0.5358968
0.0706020,0.5524186
0.0706840,0.5532130
0.0707660,0.5530569
0.0708480,0.5478615
0.0709300,0.5616924
0.0710120,0.5565464
0.0710940,0.5570197
0.0711760,0.5567796
0.0712580,0.5806197
0.0713400,0.5489489
0.0714220,0.5506859
0.0715040,0.5328134
0.0715860,0.5330692
0.0716680,0.5604159
0.0717500,0.5655492
0.0718320,0.5469775
0.0719140,0.5389148
0.0719960,0.5391552
0.0720780,0.5390074
0.0721600,0.5497884
0.0722420,0.5275261
0.0723240,0.5463035
0.0724060,0.5569593
0.0724880,0.5572488
0.0725700,0.5663208
0.0726520,0.5735122
0.0727340,0.5506802
0.0728160,0.5387873
0.0728980,0.5395541
0.0729800,0.5556444
0.0730620,0.5661476
0.0731440,0.5528587
0.0732260,0.5500881
0.0733080,0.5336675
0.0733900,0.5335979
0.0734720,0.5328456
0.0735540,0.5574045
0.0736360,0.5477728
0.0737180,0.5743902
0.0738000,0.5402087
0.0738820,0.5403263
0.0739640,0.5567695
0.0740460,0.5411384
0.0741280,0.5486462
0.0742100,0.5372058
0.0742920,0.5375457
0.0743740,0.5566270
0.0744560,0.5628485
0.0745380,0.5831198
0.0746200,0.5726452
0.0747020,0.5702719
0.0747840,0.5705541
0.0748660,0.5440437
0.0749480,0.5634961
0.0750300,0.5210526
0.0751120,0.5510197
0.0751940,0.5513533
0.0752760,0.5451232
0.0753580,0.5369588
0.0754400,0.5368845
0.0755220,0.5504774
0.0756040,0.5502057
0.0756860,0.5503113
0.0757680,0.5556893
0.0758500,0.5588104
0.0759320,0.5572164
0.0760140,0.5562833
0.0760960,0.5566860
0.0761780,0.5646311
0.0762600,0.5563878
0.0763420,0.5793433
0.0764240,0.5610295
0.0765060,0.5816451
0.0765880,0.5820211
0.0766700,0.5741909
0.0767520,0.5744715
0.0768340,0.5872371
0.0769160,0.5657995
0.0769980,0.5664344
0.0770800,0.5455348
0.0771620,0.5620592
0.0772440,0.5292167
0.0773260,0.5512107
0.0774080,0.5555721
0.0774900,0.5557192
0.0775720,0.5608858
0.0776540,0.5552931
0.0777360,0.5718145
0.0778180,0.5692546
0.0779000,0.5690121
0.0779820,0.5694021
0.0780640,0.5535670
0.0781460,0.5798258
0.0782280,0.5743287
0.0783100,0.5718409
0.0783920,0.5721017
0.0784740,0.5739949
0.0785560,0.5738563
0.0786380,0.5843755
0.0787200,0.5716305
0.0788020,0.5509092
0.0788840,0.5517379
0.0789660,0.5440473
0.0790480,0.5218819
0.0791300,0.5274177
0.0792120,0.5469351
0.0792940,0.5473751
0.0793760,0.5394100
0.0794580,0.5534031
0.0795400,0.5475720
0.0796220,0.5625361
0.0797040,0.5614877
0.0797860,0.5619746
0.0798680,0.5546323
0.0799500,0.5751158
0.0800320,0.5927429
0.0801140,0.5749830
0.0801960,0.5754259
0.0802780,0.5514543
0.0803600,0.5484442
0.0804420,0.5563130
0.0805240,0.5342396
0.0806060,0.5697684
0.0806880,0.5698961
0.0807700,0.5642099
0.0808520,0.5419978
0.0809340,0.5607499
0.0810160,0.5560984
0.0810980,0.5564516
0.0811800,0.5643390
0.0812620,0.5502735
0.0813440,0.5503804
0.0814260,0.5476750
0.0815080,0.5669168
0.0815900,0.5673377
0.0816720,0.5572500
0.0817540,0.5388224
0.0818360,0.5505867
0.0819180,0.5822020
0.0820000,0.5788935
0.0820820,0.5791890
0.0821640,0.5654859
0.0822460,0.5552659
0.0823280,0.5762698
0.0824100,0.5653355
0.0824920,0.5659687
0.0825740,0.5666957
0.0826560,0.5657596
0.0827380,0.5681429
0.0828200,0.5630044
0.0829020,0.5607275
0.0829840,0.5611771
0.0830660,0.5617794
0.0831480,0.5608953
0.0832300,0.5555262
0.0833120,0.5553807
0.0833940,0.5554458
0.0834760,0.5664896
0.0835580,0.5468058
0.0836400,0.5643843
0.0837220,0.5499832
0.0838040,0.5637499
0.0838860,0.5639621
0.0839680,0.5508542
0.0840500,0.5669314
0.0841320,0.5620708
0.0842140,0.5683905
0.0842960,0.5686301
0.0843780,0.5644342
0.0844600,0.5599074
0.0845420,0.5486146
0.0846240,0.5257691
0.0847060,0.5400235
0.0847880,0.5404364
0.0848700,0.5564829
0.0849520,0.5302602
0.0850340,0.5299684
0.0851160,0.5622991
0.0851980,0.5627642
0.0852800,0.5581233
0.0853620,0.5551664
0.0854440,0.5573638
0.0855260,0.5757178
0.0856080,0.5498076
0.0856900,0.5501130
0.0857720,0.5528607
0.0858540,0.5526705
0.0859360,0.5771302
0.0860180,0.5684276
0.0861000,0.5737230
0.0861820,0.5741312
0.0862640,0.5552623
0.0863460,0.5707928
0.0864280,0.5632414
0.0865100,0.5392665
0.0865920,0.5398018
0.0866740,0.5740161
0.0867560,0.5463406
0.0868380,0.5435676
0.0869200,0.5391331
0.0870020,0.5655347
0.0870840,0.5658818
0.0871660,0.5621893
0.0872480,0.5654193
0.0873300,0.5544153
0.0874120,0.5544178
0.0874940,0.5548772
0.0875760,0.5572826
0.0876580,0.5480593
0.0877400,0.5748396
0.0878220,0.5756142
0.0879040,0.5727210
0.0879860,0.5733116
0.0880680,0.5469393
0.0881500,0.5493899
0.0882320,0.5331280
0.0883140,0.5469964
0.0883960,0.5473477
0.0884780,0.5516331
0.0885600,0.5748589
0.0886420,0.5483004
0.0887240,0.5546396
0.0888060,0.5602999
0.0888880,0.5607798
0.0889700,0.5471025
0.0890520,0.5381863
0.0891340,0.5591690
0.0892160,0.5621845
0.0892980,0.5625139
0.0893800,0.5649424
0.0894620,0.5570977
0.0895440,0.5583006
0.0896260,0.5835547
0.0897080,0.5750024
0.0897900,0.5755527
0.0898720,0.5583028
0.0899540,0.5819011
0.0900360,0.5785713
0.0901180,0.5685682
0.0902000,0.5605495
0.0902820,0.5610367
0.0903640,0.5532003
0.0904460,0.5648151
0.0905280,0.5488945
0.0906100,0.5757595
0.0906920,0.5761368
0.0907740,0.5525502
0.0908560,0.5755672
0.0909380,0.5470328
0.0910200,0.5662250
0.0911020,0.5539618
0.0911840,0.5545011
0.0912660,0.5590649
0.0913480,0.5615385
0.0914300,0.5375348
0.0915120,0.5592526
0.0915940,0.5596688
0.0916760,0.5492934
0.0917580,0.5518701
0.0918400,0.5320353
0.0919220,0.5314455
0.0920040,0.5225288
0.0920860,0.5227678
0.0921680,0.5450226
0.0922500,0.5739982
0.0923320,0.5730796
0.0924140,0.5735305
0.0924960,0.5739649
0.0925780,0.5821740
0.0926600,0.5779755
0.0927420,0.5680782
0.0928240,0.5746367
0.0929060,0.5973256
0.0929880,0.5977057
0.0930700,0.5563108
0.0931520,0.5782373
0.0932340,0.5779955
0.0933160,0.5564792
0.0933980,0.5566216
0.0934800,0.5485838
0.0935620,0.5322058
0.0936440,0.5623236
0.0937260,0.5540802
0.0938080,0.5719585
0.0938900,0.5722508
0.0939720,0.5705722
0.0940540,0.5364164
0.0941360,0.5252699
0.0942180,0.5304490
0.0943000,0.5444369
0.0943820,0.5446636
0.0944640,0.5468957
0.0945460,0.5814514
0.0946280,0.5656244
0.0947100,0.5861220
0.0947920,0.5865174
0.0948740,0.5737399
0.0949560,0.5807042
0.0950380,0.5710541
0.0951200,0.5556868
0.0952020,0.5574199
0.0952840,0.5577255
0.0953660,0.5498152
0.0954480,0.5623880
0.0955300,0.5648962
0.0956120,0.5670383
0.0956940,0.5675296
0.0957760,0.5626406
0.0958580,0.5754477
0.0959400,0.5727093
0.0960220,0.5773323
0.0961040,0.5692961
0.0961860,0.5695871
0.0962680,0.5761444
0.0963500,0.5645668
0.0964320,0.5616324
0.0965140,0.5550056
0.0965960,0.5556316
0.0966780,0.5747840
0.0967600,0.5791306
0.0968420,0.5791232
0.0969240,0.5776038
0.0970060,0.5747243
0.0970880,0.5751159
0.0971700,0.5624575
0.0972520,0.5649150
0.0973340,0.5921126
0.0974160,0.5629653
0.0974980,0.5633321
0.0975800,0.5718100
0.0976620,0.5721906
0.0977440,0.5747856
0.0978260,0.5575630
0.0979080,0.5741153
0.0979900,0.5745226
0.0980720,0.5588082
0.0981540,0.5709433
0.0982360,0.5761333
0.0983180,0.5558861
0.0984000,0.5413779
0.0984820,0.5416382
0.0985640,0.5763233
0.0986460,0.5499849
0.0987280,0.5632302
0.0988100,0.5652585
0.0988920,0.5655224
0.0989740,0.5730133
0.0990560,0.5650782
0.0991380,0.5484402
0.0992200,0.5545762
0.0993020,0.5463809
0.0993840,0.5467497
0.0994660,0.5532908
0.0995480,0.5609317
0.0996300,0.5674748
0.0997120,0.5682374
0.0997940,0.5686169
0.0998760,0.5638012
0.0999580,0.5476437
0.1000400,0.5515392
0.1001220,0.5457330
0.1002040,0.5542794
0.1002860,0.5548193
0.1003680,0.5454506
0.1004500,0.5500355
0.1005320,0.5699413
0.1006140,0.5592400
0.1006960,0.5593256
0.1007780,0.5855780
0.1008600,0.5747759
0.1009420,0.5779055
0.1010240,0.5773685
0.1011060,0.5739018
0.1011880,0.5742898
0.1012700,0.5800997
0.1013520,0.5593911
0.1014340,0.5402494
0.1015160,0.5528807
0.1015980,0.5532793
0.1016800,0.5605303
0.1017620,0.5730595
0.1018440,0.5672339
0.1019260,0.5484758
0.1020080,0.5671928
0.1020900,0.5675787
0.1021720,0.5676777
0.1022540,0.5812797
0.1023360,0.5557419
0.1024180,0.5529540
0.1025000,0.5735080
0.1025820,0.5738853
0.1026640,0.5797266
0.1027460,0.5542849
0.1028280,0.5619857
0.1029100,0.5681412
0.1029920,0.5684515
0.1030740,0.5684756
0.1031560,0.5710846
0.1032380,0.5784387
0.1033200,0.5706526
0.1034020,0.5588755
0.1034840,0.5592290
0.1035660,0.5824348
0.1036480,0.5851950
0.1037300,0.5723965
0.1038120,0.5872569
0.1038940,0.5875525
0.1039760,0.5785448
0.1040580,0.5714839
0.1041400,0.5791697
0.1042220,0.5870752
0.1043040,0.5795783
0.1043860,0.5802961
0.1044680,0.5730489
0.1045500,0.5690733
0.1046320,0.5790405
0.1047140,0.5507704
0.1047960,0.5512226
0.1048780,0.5621915
0.1049600,0.5745804
0.1050420,0.5729698
0.1051240,0.5831928
0.1052060,0.5756412
0.1052880,0.5757055
0.1053700,0.5652656
0.1054520,0.5706504
0.1055340,0.5542837
0.1056160,0.5754253
0.1056980,0.5757357
0.1057800,0.5625044
0.1058620,0.6004621
0.1059440,0.5829091
0.1060260,0.5783239
0.1061080,0.5754393
0.1061900,0.5758743
0.1062720,0.5939737
0.1063540,0.5993824
0.1064360,0.5764818
0.1065180,0.5525063
0.1066000,0.5557097
0.1066820,0.5559195
0.1067640,0.5690609
0.1068460,0.5689373
0.1069280,0.5366636
0.1070100,0.5621293
0.1070920,0.5623513
0.1071740,0.5561935
0.1072560,0.5700149
0.1073380,0.5754663
0.1074200,0.5667858
0.1075020,0.5639040
0.1075840,0.5643061
0.1076660,0.5752344
0.1077480,0.5546513
0.1078300,0.5784156
0.1079120,0.5785641
0.1079940,0.5790786
0.1080760,0.5741103
0.1081580,0.5811876
0.1082400,0.5735671
0.1083220,0.5818582
0.1084040,0.5384689
0.1084860,0.5386355
0.1085680,0.5668761
0.1086500,0.5223455
0.1087320,0.5368405
0.1088140,0.5269081
0.1088960,0.5269905
0.1089780,0.5733256
0.1090600,0.5813501
0.1091420,0.5575223
0.1092240,0.5737333
0.1093060,0.5660897
0.1093880,0.5662713
0.1094700,0.5788620
0.1095520,0.5653231
0.1096340,0.5654605
0.1097160,0.5547838
0.1097980,0.5551136
0.1098800,0.5601633
0.1099620,0.5873662
0.1100440,0.5633500
0.1101260,0.5772572
0.1102080,0.5879710
0.1102900,0.5884413
0.1103720,0.5861373
0.1104540,0.5708026
0.1105360,0.5531175
0.1106180,0.5866695
0.1107000,0.5757086
0.1107820,0.5763676
0.1108640,0.6017495
0.1109460,0.6017730
0.1110280,0.5625048
0.1111100,0.5825296
0.1111920,0.5826706
0.1112740,0.5934568
0.1113560,0.5832119
0.1114380,0.5569762
0.1115200,0.5435213
0.1116020,0.5568878
0.1116840,0.5572050
0.1117660,0.5680614
0.1118480,0.5854586
0.1119300,0.5703303
0.1120120,0.5644344
0.1120940,0.5649624
0.1121760,0.5754759
0.1122580,0.5778563
0.1123400,0.5676061
0.1124220,0.5670694
0.1125040,0.5706832
0.1125860,0.5712682
0.1126680,0.5537136
0.1127500,0.5763373
0.1128320,0.5816650
0.1129140,0.5655462
0.1129960,0.5659774
0.1130780,0.5789039
0.1131600,0.5761010
0.1132420,0.5754143
0.1133240,0.5755953
0.1134060,0.5861803
0.1134880,0.5867553
0.1135700,0.5452542
0.1136520,0.5585445
0.1137340,0.5667350
0.1138160,0.5585958
0.1138980,0.5589871
0.1139800,0.5670537
0.1140620,0.5507851
0.1141440,0.5664616
0.1142260,0.5285394
0.1143080,0.5717624
0.1143900,0.5721722
0.1144720,0.5478178
0.1145540,0.5713306
0.1146360,0.5750022
0.1147180,0.5873220
0.1148000,0.5614806
0.1148820,0.5618633
0.1149640,0.5632612
0.1150460,0.5493604
0.1151280,0.5494768
0.1152100,0.5597867
0.1152920,0.5602485
0.1153740,0.5686708
0.1154560,0.5472957
0.1155380,0.5537876
0.1156200,0.5829755
0.1157020,0.5671356
0.1157840,0.5676461
0.1158660,0.5733352
0.1159480,0.5572326
0.1160300,0.5595837
0.1161120,0.5756176
0.1161940,0.5763894
0.1162760,0.5544871
0.1163580,0.5802537
0.1164400,0.5780692
0.1165220,0.5688555
0.1166040,0.5631124
0.1166860,0.5634889
0.1167680,0.5530754
0.1168500,0.5609600
0.1169320,0.5660076
0.1170140,0.5254202
0.1170960,0.5257930
0.1171780,0.5392808
0.1172600,0.5554929
0.1173420,0.5582580
0.1174240,0.5631211
0.1175060,0.5657011
0.1175880,0.5661177
0.1176700,0.5584213
0.1177520,0.5619775
0.1178340,0.5512167
0.1179160,0.5827992
0.1179980,0.5833493
0.1180800,0.5888614
0.1181620,0.5652726
0.1182440,0.5627128
0.1183260,0.5654616
0.1184080,0.5825759
0.1184900,0.5830302
0.1185720,0.6017879
0.1186540,0.5973752
0.1187360,0.5711615
0.1188180,0.5574914
0.1189000,0.5625375
0.1189820,0.5629828
0.1190640,0.5687217
0.1191460,0.5711789
0.1192280,0.5290695
0.1193100,0.5558351
0.1193920,0.5563185
0.1194740,0.5906840
0.1195560,0.5957649
0.1196380,0.5671713
0.1197200,0.5687305
0.1198020,0.5688817
0.1198840,0.5689892
0.1199660,0.5686780
0.1200480,0.5783653
0.1201300,0.5578417
0.1202120,0.5907173
0.1202940,0.5912581
0.1203760,0.5805662
0.1204580,0.5835521
0.1205400,0.5787445
0.1206220,0.5659919
0.1207040,0.5759179
0.1207860,0.5763756
0.1208680,0.5603533
0.1209500,0.5773142
0.1210320,0.5666780
0.1211140,0.5856601
0.1211960,0.5860918
0.1212780,0.5574120
0.1213600,0.5540716
0.1214420,0.5843872
0.1215240,0.5707412
0.1216060,0.5549085
0.1216880,0.5551271
0.1217700,0.5505292
0.1218520,0.5713343
0.1219340,0.5934331
0.1220160,0.5704330
0.1220980,0.5709422
0.1221800,0.5570142
0.1222620,0.5323946
0.1223440,0.5661419
0.1224260,0.5872200
0.1225080,0.5664688
0.1225900,0.5668499
0.1226720,0.5776997
0.1227540,0.6003647
0.1228360,0.5769440
0.1229180,0.5650935
0.1230000,0.5629548
0.1230820,0.5634173
0.1231640,0.5437194
0.1232460,0.5493115
0.1233280,0.5599598
0.1234100,0.5652193
0.1234920,0.5656471
0.1235740,0.5485550
0.1236560,0.5731082
0.1237380,0.6022701
0.1238200,0.6032799
0.1239020,0.5849418
0.1239840,0.5853170
0.1240660,0.5699560
0.1241480,0.5449673
0.1242300,0.5509991
0.1243120,0.5525449
0.1243940,0.5526867
0.1244760,0.5405899
0.1245580,0.5520654
0.1246400,0.5655760
0.1247220,0.5680385
0.1248040,0.5547833
0.1248860,0.5552165
0.1249680,0.5636692
0.1250500,0.5874713
0.1251320,0.5680457
0.1252140,0.5762146
0.1252960,0.5769201
0.1253780,0.5511088
0.1254600,0.5621479
0.1255420,0.5917567
0.1256240,0.5688033
0.1257060,0.5584390
0.1257880,0.5588279
0.1258700,0.5942697
0.1259520,0.5916999
0.1260340,0.5809519
0.1261160,0.5680867
0.1261980,0.5682395
0.1262800,0.5570288
0.1263620,0.5674004
0.1264440,0.5435475
0.1265260,0.5323636
0.1266080,0.5457355
0.1266900,0.5458744
0.1267720,0.5599324
0.1268540,0.5351758
0.1269360,0.5665897
0.1270180,0.5669085
0.1271000,0.5574262
0.1271820,0.5577314
0.1272640,0.5554503
0.1273460,0.5525190
0.1274280,0.5661022
0.1275100,0.5737140
0.1275920,0.5742460
0.1276740,0.5502458
0.1277560,0.5621214
0.1278380,0.5728280
0.1279200,0.5520192
0.1280020,0.5909724
0.1280840,0.5914484
0.1281660,0.5936396
0.1282480,0.5729340
0.1283300,0.5676624
0.1284120,0.5683225
0.1284940,0.5685637
0.1285760,0.5981740
0.1286580,0.5658279
0.1287400,0.5736061
0.1288220,0.5896644
0.1289040,0.5662373
0.1289860,0.5667839
0.1290680,0.5436499
0.1291500,0.5768992
0.1292320,0.5596525
0.1293140,0.5470688
0.1293960,0.5474489
0.1294780,0.5613125
0.1295600,0.5491708
0.1296420,0.5438032
0.1297240,0.5437031
0.1298060,0.5699621
0.1298880,0.5698693
0.1299700,0.5802316
0.1300520,0.5699981
0.1301340,0.5512172
0.1302160,0.5724386
0.1302980,0.5731565
0.1303800,0.5749390
0.1304620,0.5871298
0.1305440,0.5644169
0.1306260,0.5477021
0.1307080,0.5656492
0.1307900,0.5659283
0.1308720,0.5661146
0.1309540,0.5697071
0.1310360,0.5723382
0.1311180,0.5538110
0.1312000,0.5707230
0.1312820,0.5711020
0.1313640,0.5603497
0.1314460,0.5356861
0.1315280,0.5534537
0.1316100,0.5379211
0.1316920,0.5383451
0.1317740,0.6083086
0.1318560,0.5781358
0.1319380,0.5669643
0.1320200,0.5692817
0.1321020,0.5874919
0.1321840,0.5878704
0.1322660,0.5811957
0.1323480,0.5628121
0.1324300,0.5643718
0.1325120,0.5795466
0.1325940,0.5795989
0.1326760,0.5921457
0.1327580,0.5998408
0.1328400,0.5697799
0.1329220,0.5462157
0.1330040,0.5568552
0.1330860,0.5571722
0.1331680,0.5593642
0.1332500,0.5430118
0.1333320,0.5642497
0.1334140,0.5643091
0.1334960,0.5646828
0.1335780,0.5429532
0.1336600,0.5825005
0.1337420,0.5775330
0.1338240,0.5754909
0.1339060,0.5701773
0.1339880,0.5705384
0.1340700,0.5494054
0.1341520,0.5743264
0.1342340,0.5781131
0.1343160,0.5465220
0.1343980,0.5469236
0.1344800,0.5892354
0.1345620,0.5630138
0.1346440,0.5557435
0.1347260,0.5728614
0.1348080,0.5554716
0.1348900,0.5557572
0.1349720,0.5796081
0.1350540,0.5608175
0.1351360,0.5574946
0.1352180,0.5488031
0.1353000,0.5562666
0.1353820,0.5563036
0.1354640,0.5590652
0.1355460,0.5589876
0.1356280,0.5743540
0.1357100,0.5778579
0.1357920,0.5782580
0.1358740,0.5694896
0.1359560,0.5694925
0.1360380,0.5694028
0.1361200,0.5763893
0.1362020,0.6037461
0.1362840,0.6042834
0.1363660,0.5771711
0.1364480,0.5609467
0.1365300,0.5687248
0.1366120,0.5680045
0.1366940,0.5681869
0.1367760,0.5469805
0.1368580,0.5385545
0.1369400,0.5540168
0.1370220,0.5597861
0.1371040,0.5374300
0.1371860,0.5375392
0.1372680,0.5601019
0.1373500,0.5568732
0.1374320,0.5621776
0.1375140,0.6003332
0.1375960,0.6010392
0.1376780,0.5861872
0.1377600,0.5653910
0.1378420,0.5601352
0.1379240,0.5409554
0.1380060,0.5578372
0.1380880,0.5583228
0.1381700,0.5367156
0.1382520,0.5728136
0.1383340,0.5699445
0.1384160,0.5881709
0.1384980,0.5881763
0.1385800,0.5802816
0.1386620,0.5542140
0.1387440,0.5908389
0.1388260,0.5820841
0.1389080,0.5814960
0.1389900,0.5821740
0.1390720,0.5707761
0.1391540,0.5538778
0.1392360,0.5666732
0.1393180,0.5693562
0.1394000,0.5656274
0.1394820,0.5659652
0.1395640,0.5838759
0.1396460,0.5911352
0.1397280,0.5674810
0.1398100,0.5777209
0.1398920,0.5777294
0.1399740,0.5961591
0.1400560,0.5939888
0.1401380,0.5731780
0.1402200,0.5852878
0.1403020,0.5742310
0.1403840,0.5748481
0.1404660,0.5748788
0.1405480,0.5826414
0.1406300,0.5658898
0.1407120,0.5641770
0.1407940,0.5647976
0.1408760,0.5646137
0.1409580,0.5465276
0.1410400,0.5781674
0.1411220,0.5670250
0.1412040,0.5799206
0.1412860,0.5803497
0.1413680,0.5540979
0.1414500,0.5593631
0.1415320,0.5925379
0.1416140,0.5876731
0.1416960,0.5882504
0.1417780,0.5780655
0.1418600,0.5635424
0.1419420,0.5469150
0.1420240,0.5598579
0.1421060,0.5544255
0.1421880,0.5547992
0.1422700,0.5596191
0.1423520,0.5874591
0.1424340,0.5892314
0.1425160,0.5993930
0.1425980,0.6001363
0.1426800,0.5742463
0.1427620,0.5767825
0.1428440,0.5876436
0.1429260,0.5875279
0.1430080,0.5845007
0.1430900,0.5850338
0.1431720,0.6024768
0.1432540,0.5996611
0.1433360,0.6044512
0.1434180,0.5771289
0.1435000,0.5839163
0.1435820,0.5843856
0.1436640,0.5816682
0.1437460,0.5950788
0.1438280,0.5613480
0.1439100,0.5955595
0.1439920,0.5956283
0.1440740,0.5913390
0.1441560,0.5798583
0.1442380,0.5643961
0.1443200,0.5638011
0.1444020,0.5687951
0.1444840,0.5692918
0.1445660,0.5899029
0.1446480,0.5841542
0.1447300,0.5968229
0.1448120,0.5812708
0.1448940,0.5811351
0.1449760,0.5789448
0.1450580,0.5939613
0.1451400,0.6062706
0.1452220,0.5834555
0.1453040,0.5900795
0.1453860,0.5904068
0.1454680,0.5778450
0.1455500,0.5864348
0.1456320,0.6009540
0.1457140,0.5830652
0.1457960,0.5833705
0.1458780,0.6126566
0.1459600,0.6209582
0.1460420,0.5842939
0.1461240,0.5918686
0.1462060,0.5795156
0.1462880,0.5797103
0.1463700,0.5766813
0.1464520,0.5884321
0.1465340,0.5937684
0.1466160,0.5957390
0.1466980,0.5962358
0.1467800,0.5891523
0.1468620,0.5916734
0.1469440,0.6088681
0.1470260,0.5967697
0.1471080,0.5837272
0.1471900,0.5841547
0.1472720,0.5688890
0.1473540,0.5839228
0.1474360,0.5914683
0.1475180,0.5983082
0.1476000,0.5885039
0.1476820,0.5887940
0.1477640,0.5684366
0.1478460,0.5935019
0.1479280,0.5891869
0.1480100,0.5810969
0.1480920,0.5814804
0.1481740,0.5634452
0.1482560,0.5604829
0.1483380,0.5839609
0.1484200,0.6039318
0.1485020,0.6138202
0.1485840,0.6137302
0.1486660,0.6136298
0.1487480,0.5810677
0.1488300,0.5932240
0.1489120,0.5659477
0.1489940,0.5661587
0.1490760,0.6086569
0.1491580,0.5914377
0.1492400,0.6046640
0.1493220,0.6065822
0.1494040,0.6045092
0.1494860,0.6053248
0.1495680,0.5873961
0.1496500,0.5932121
0.1497320,0.6199834
0.1498140,0.5954519
0.1498960,0.5956779
0.1499780,0.6049647
0.1500600,0.5898080
0.1501420,0.6119559
0.1502240,0.6094124
0.1503060,0.5822134
0.1503880,0.5826465
0.1504700,0.5692707
0.1505520,0.5591478
0.1506340,0.5808100
0.1507160,0.5834887
0.1507980,0.5838448
0.1508800,0.6109719
0.1509620,0.6107156
0.1510440,0.5988107
0.1511260,0.6008862
0.1512080,0.5933576
0.1512900,0.5937155
0.1513720,0.5955753
0.1514540,0.5838577
0.1515360,0.6014701
0.1516180,0.5917579
0.1517000,0.5760783
0.1517820,0.5765093
0.1518640,0.5929557
0.1519460,0.5952510
0.1520280,0.5902924
0.1521100,0.5865584
0.1521920,0.5869834
0.1522740,0.6198751
0.1523560,0.6153504
0.1524380,0.6201935
0.1525200,0.6057631
0.1526020,0.5882092
0.1526840,0.5883371
0.1527660,0.5726818
0.1528480,0.5616645
0.1529300,0.5752439
0.1530120,0.5777295
0.1530940,0.5778633
0.1531760,0.6022147
0.1532580,0.6320475
0.1533400,0.5960172
0.1534220,0.5906910
0.1535040,0.5942164
0.1535860,0.5946969
0.1536680,0.5922241
0.1537500,0.5973307
0.1538320,0.5832307
0.1539140,0.5753872
0.1539960,0.5759766
0.1540780,0.5909160
0.1541600,0.5902489
0.1542420,0.5773177
0.1543240,0.5850389
0.1544060,0.5823399
0.1544880,0.5826625
0.1545700,0.6000512
0.1546520,0.6087181
0.1547340,0.5909209
0.1548160,0.5992835
0.1548980,0.5995270
0.1549800,0.5957693
0.1550620,0.5566570
0.1551440,0.5647720
0.1552260,0.5856728
0.1553080,0.5786061
0.1553900,0.5789809
0.1554720,0.5856091
0.1555540,0.5959601
0.1556360,0.5985321
0.1557180,0.5630912
0.1558000,0.5853301
0.1558820,0.5858295
0.1559640,0.6038200
0.1560460,0.5878147
0.1561280,0.5848308
0.1562100,0.5847905
0.1562920,0.5851988
0.1563740,0.5956716
0.1564560,0.5778368
0.1565380,0.5824596
0.1566200,0.5979601
0.1567020,0.5926045
0.1567840,0.5931988
0.1568660,0.5790609
0.1569480,0.6025240
0.1570300,0.6074621
0.1571120,0.6082967
0.1571940,0.6089727
0.1572760,0.5824486
0.1573580,0.5988616
0.1574400,0.5725813
0.1575220,0.5755279
0.1576040,0.5968656
0.1576860,0.5971212
0.1577680,0.6167871
0.1578500,0.6142150
0.1579320,0.5970530
0.1580140,0.6152022
0.1580960,0.6154564
0.1581780,0.6126406
0.1582600,0.6108815
0.1583420,0.5985138
0.1584240,0.5723856
0.1585060,0.5840670
0.1585880,0.5842036
0.1586700,0.5791629
0.1587520,0.5895437
0.1588340,0.5934151
0.1589160,0.6038432
0.1589980,0.6039310
0.1590800,0.6022791
0.1591620,0.6106914
0.1592440,0.6029610
0.1593260,0.5905563
0.1594080,0.6227094
0.1594900,0.6234328
0.1595720,0.5862497
0.1596540,0.6064635
0.1597360,0.5917300
0.1598180,0.5917312
0.1599000,0.5767396
0.1599820,0.5773231
0.1600640,0.5896402
0.1601460,0.6161452
0.1602280,0.5865961
0.1603100,0.5816765
0.1603920,0.5820078
0.1604740,0.5680677
0.1605560,0.5854669
0.1606380,0.5775402
0.1607200,0.5978310
0.1608020,0.5881684
0.1608840,0.5884529
0.1609660,0.6078659
0.1610480,0.6052368
0.1611300,0.6267705
0.1612120,0.5905547
0.1612940,0.5908134
0.1613760,0.6090887
0.1614580,0.5966359
0.1615400,0.5944588
0.1616220,0.5792667
0.1617040,0.5998553
0.1617860,0.5999963
0.1618680,0.6147661
0.1619500,0.5948726
0.1620320,0.5765167
0.1621140,0.5895843
0.1621960,0.5900804
0.1622780,0.5818658
0.1623600,0.5947345
0.1624420,0.6119721
0.1625240,0.5869736
0.1626060,0.5823207
0.1626880,0.5828252
0.1627700,0.6028432
0.1628520,0.6127309
0.1629340,0.5953056
0.1630160,0.6049653
0.1630980,0.6055634
0.1631800,0.6104387
0.1632620,0.6095617
0.1633440,0.5852865
0.1634260,0.5694423
0.1635080,0.5533418
0.1635900,0.5534326
0.1636720,0.5769205
0.1637540,0.5846044
0.1638360,0.5931621
0.1639180,0.5640194
0.1640000,0.5749517
0.1640820,0.5754742
0.1641640,0.5731108
0.1642460,0.5987510
0.1643280,0.6030302
0.1644100,0.5988505
0.1644920,0.5992394
0.1645740,0.6273736
0.1646560,0.6264009
0.1647380,0.6064624
0.1648200,0.6290488
0.1649020,0.6074605
0.1649840,0.6074344
0.1650660,0.6069522
0.1651480,0.6160331
0.1652300,0.6134023
0.1653120,0.6038225
0.1653940,0.6041383
0.1654760,0.5869083
0.1655580,0.5918952
0.1656400,0.6092565
0.1657220,0.5944343
0.1658040,0.5880533
0.1658860,0.5886689
0.1659680,0.5941050
0.1660500,0.5734638
0.1661320,0.5862947
0.1662140,0.5781802
0.1662960,0.5786426
0.1663780,0.5922979
0.1664600,0.5890496
0.1665420,0.5917563
0.1666240,0.5954949
0.1667060,0.5952721
0.1667880,0.5954538
0.1668700,0.5959132
0.1669520,0.6032659
0.1670340,0.5849799
0.1671160,0.5699596
0.1671980,0.5706644
0.1672800,0.5681979
0.1673620,0.5884592
0.1674440,0.6062693
0.1675260,0.5883865
0.1676080,0.6156767
0.1676900,0.6161425
0.1677720,0.6054283
0.1678540,0.6080007
0.1679360,0.6028459
0.1680180,0.5999009
0.1681000,0.6101022
0.1681820,0.6106057
0.1682640,0.6102681
0.1683460,0.6103715
0.1684280,0.6154973
0.1685100,0.6074285
0.1685920,0.6080956
0.1686740,0.6102005
0.1687560,0.5880966
0.1688380,0.6031175
0.1689200,0.6015490
0.1690020,0.5775158
0.1690840,0.5779095
0.1691660,0.5971656
0.1692480,0.5897640
0.1693300,0.5945461
0.1694120,0.5969303
0.1694940,0.5971908
0.1695760,0.6275010
0.1696580,0.5962297
0.1697400,0.5961549
0.1698220,0.6109652
0.1699040,0.6202844
0.1699860,0.6209169
0.1700680,0.6035162
0.1701500,0.5965235
0.1702320,0.6066380
0.1703140,0.5874756
0.1703960,0.5879356
0.1704780,0.5849208
0.1705600,0.5673265
0.1706420,0.6078549
0.1707240,0.5902348
0.1708060,0.5856032
0.1708880,0.5860431
0.1709700,0.5851752
0.1710520,0.6178414
0.1711340,0.6153335
0.1712160,0.5950081
0.1712980,0.5954467
0.1713800,0.5908188
0.1714620,0.5881468
0.1715440,0.6177740
0.1716260,0.5981280
0.1717080,0.6009989
0.1717900,0.6016328
0.1718720,0.5657321
0.1719540,0.6044809
0.1720360,0.6092457
0.1721180,0.6144364
0.1722000,0.6323288
0.1722820,0.6325235
0.1723640,0.6164260
0.1724460,0.6096162
0.1725280,0.5891779
0.1726100,0.6012319
0.1726920,0.6014958
0.1727740,0.6019258
0.1728560,0.5949904
0.1729380,0.5792187
0.1730200,0.5817814
0.1731020,0.5997723
0.1731840,0.6002057
0.1732660,0.5792413
0.1733480,0.6038317
0.1734300,0.6107385
0.1735120,0.5891565
0.1735940,0.5891450
0.1736760,0.5961054
0.1737580,0.6003372
0.1738400,0.5905692
0.1739220,0.5997076
0.1740040,0.5820620
0.1740860,0.5827535
0.1741680,0.6049866
0.1742500,0.5724619
0.1743320,0.5972769
0.1744140,0.5799346
0.1744960,0.5803357
0.1745780,0.6032647
0.1746600,0.5854058
0.1747420,0.5932989
0.1748240,0.5985049
0.1749060,0.5680910
0.1749880,0.5680902
0.1750700,0.5756050
0.1751520,0.5701465
0.1752340,0.5747899
0.1753160,0.6100588
0.1753980,0.6102809
0.1754800,0.6156230
0.1755620,0.6023876
0.1756440,0.6188644
0.1757260,0.6199379
0.1758080,0.6168222
0.1758900,0.6171241
0.1759720,0.6068514
0.1760540,0.5848341
0.1761360,0.5680775
0.1762180,0.6023640
0.1763000,0.6017594
0.1763820,0.6020558
0.1764640,0.6287841
0.1765460,0.6302834
0.1766280,0.6168688
0.1767100,0.6184079
0.1767920,0.6188571
0.1768740,0.6003581
0.1769560,0.6077253
0.1770380,0.6043276
0.1771200,0.5857868
0.1772020,0.6037082
0.1772840,0.6042907
0.1773660,0.6014324
0.1774480,0.6249191
0.1775300,0.6392263
0.1776120,0.6368524
0.1776940,0.6370478
0.1777760,0.6411293
0.1778580,0.6316474
0.1779400,0.6129507
0.1780220,0.5780007
0.1781040,0.5931101
0.1781860,0.5931033
0.1782680,0.6455678
0.1783500,0.6428963
0.1784320,0.6250196
0.1785140,0.6025024
0.1785960,0.6026993
0.1786780,0.6102774
0.1787600,0.6317045
0.1788420,0.6072147
0.1789240,0.5868805
0.1790060,0.5985050
0.1790880,0.5987968
0.1791700,0.5916640
0.1792520,0.6111440
0.1793340,0.6231150
0.1794160,0.6316689
0.1794980,0.6322606
0.1795800,0.6053378
0.1796620,0.6323350
0.1797440,0.6180715
0.1798260,0.6201644
0.1799080,0.6331701
0.1799900,0.6331619
0.1800720,0.6091526
0.1801540,0.6120660
0.1802360,0.6278365
0.1803180,0.6140652
0.1804000,0.5985650
0.1804820,0.5987398
0.1805640,0.6010974
0.1806460,0.6015606
0.1807280,0.5886680
0.1808100,0.5820600
0.1808920,0.5821134
0.1809740,0.6048101
0.1810560,0.6086329
0.1811380,0.6038278
0.1812200,0.6070347
0.1813020,0.6080975
0.1813840,0.6083027
0.1814660,0.6121509
0.1815480,0.5897878
0.1816300,0.5943872
0.1817120,0.6122050
0.1817940,0.6123452
0.1818760,0.6123498
0.1819580,0.6092963
0.1820400,0.6146994
0.1821220,0.6262856
0.1822040,0.6132892
0.1822860,0.6135049
0.1823680,0.5998550
0.1824500,0.6046957
0.1825320,0.5974653
0.1826140,0.6015699
0.1826960,0.6020289
0.1827780,0.6051175
0.1828600,0.6119139
0.1829420,0.6053328
0.1830240,0.6193977
0.1831060,0.5946040
0.1831880,0.5949056
0.1832700,0.6227938
0.1833520,0.6032961
0.1834340,0.5935965
0.1835160,0.6107899
0.1835980,0.6108883
0.1836800,0.6167795
0.1837620,0.6055896
0.1838440,0.6196812
0.1839260,0.5996775
0.1840080,0.5919542
0.1840900,0.5925002
0.1841720,0.5983418
0.1842540,0.6061680
0.1843360,0.6290362
0.1844180,0.5946764
0.1845000,0.5901218
0.1845820,0.5905749
0.1846640,0.6008487
0.1847460,0.5895583
0.1848280,0.5889109
0.1849100,0.6020802
0.1849920,0.6026106
0.1850740,0.5953604
0.1851560,0.6032737
0.1852380,0.6220635
0.1853200,0.6188397
0.1854020,0.6042113
0.1854840,0.6046859
0.1855660,0.5939070
0.1856480,0.5987082
0.1857300,0.6237222
0.1858120,0.6173159
0.1858940,0.6176645
0.1859760,0.6212889
0.1860580,0.5995647
0.1861400,0.5826274
0.1862220,0.5881480
0.1863040,0.5965094
0.1863860,0.5968100
0.1864680,0.6083244
0.1865500,0.6000956
0.1866320,0.6122549
0.1867140,0.6122623
0.1867960,0.6126509
0.1868780,0.5991779
0.1869600,0.5925660
0.1870420,0.5903782
0.1871240,0.5857194
0.1872060,0.5895917
0.1872880,0.5900633
0.1873700,0.5854055
0.1874520,0.6045987
0.1875340,0.5985789
0.1876160,0.6267051
0.1876980,0.6272874
0.1877800,0.6252568
0.1878620,0.6087954
0.1879440,0.6223494
0.1880260,0.6228863
0.1881080,0.6248611
0.1881900,0.6255738
0.1882720,0.6016283
0.1883540,0.6262632
0.1884360,0.5942097
0.1885180,0.6208783
0.1886000,0.5894784
0.1886820,0.5898708
0.1887640,0.6062995
0.1888460,0.6036136
0.1889280,0.6121792
0.1890100,0.6289604
0.1890920,0.6292146
0.1891740,0.6138756
0.1892560,0.6089686
0.1893380,0.6160767
0.1894200,0.6222938
0.1895020,0.6105184
0.1895840,0.6109568
0.1896660,0.6178252
0.1897480,0.6220511
0.1898300,0.6097514
0.1899120,0.6235337
0.1899940,0.6239178
0.1900760,0.6336795
0.1901580,0.6069176
0.1902400,0.5954189
0.1903220,0.6083492
0.1904040,0.6181291
0.1904860,0.6184481
0.1905680,0.6278237
0.1906500,0.6150723
0.1907320,0.6109111
0.1908140,0.5905436
0.1908960,0.5910266
0.1909780,0.6190482
0.1910600,0.6038300
0.1911420,0.6208541
0.1912240,0.6107964
0.1913060,0.6032758
0.1913880,0.6035353
0.1914700,0.6120644
0.1915520,0.5997288
0.1916340,0.5968001
0.1917160,0.6092927
0.1917980,0.6097724
0.1918800,0.6219198
0.1919620,0.6310191
0.1920440,0.6116463
0.1921260,0.6122790
0.1922080,0.6151028
0.1922900,0.6155833
0.1923720,0.6058554
0.1924540,0.6036832
0.1925360,0.6094116
0.1926180,0.5948553
0.1927000,0.6045836
0.1927820,0.6048543
0.1928640,0.5899343
0.1929460,0.6070267
0.1930280,0.6080480
0.1931100,0.6140850
0.1931920,0.6143397
0.1932740,0.6071304
0.1933560,0.6116507
0.1934380,0.6157520
0.1935200,0.6163821
0.1936020,0.6025067
0.1936840,0.6025411
0.1937660,0.6068069
0.1938480,0.6310081
0.1939300,0.6110247
0.1940120,0.6226287
0.1940940,0.6229395
0.1941760,0.6368165
0.1942580,0.6384116
0.1943400,0.5945547
0.1944220,0.6189740
0.1945040,0.6186565
0.1945860,0.6192397
0.1946680,0.6284764
0.1947500,0.6078521
0.1948320,0.6097208
0.1949140,0.6031385
0.1949960,0.6039264
0.1950780,0.6159997
0.1951600,0.5921675
0.1952420,0.6019752
0.1953240,0.6179226
0.1954060,0.6305190
0.1954880,0.6309718
0.1955700,0.6058503
0.1956520,0.6091911
0.1957340,0.6129697
0.1958160,0.6270524
0.1958980,0.6271904
0.1959800,0.6212723
0.1960620,0.6224122
0.1961440,0.6268586
0.1962260,0.6390697
0.1963080,0.6129773
0.1963900,0.6135372
0.1964720,0.6094853
0.1965540,0.6197055
0.1966360,0.6245937
0.1967180,0.6193570
0.1968000,0.6208715
0.1968820,0.6213991
0.1969640,0.6492817
0.1970460,0.6365485
0.1971280,0.6011445
0.1972100,0.6119248
0.1972920,0.6122582
0.1973740,0.6150431
0.1974560,0.6080960
0.1975380,0.6620704
0.1976200,0.6460086
0.1977020,0.6299378
0.1977840,0.6305470
0.1978660,0.6128306
0.1979480,0.6045184
0.1980300,0.6133496
0.1981120,0.6237573
0.1981940,0.6241009
0.1982760,0.6394390
0.1983580,0.6151101
0.1984400,0.6131097
0.1985220,0.5960792
0.1986040,0.5871712
0.1986860,0.5875151
0.1987680,0.5915273
0.1988500,0.6379242
0.1989320,0.6256935
0.1990140,0.6300290
0.1990960,0.6303306
0.1991780,0.6165767
0.1992600,0.6268327
0.1993420,0.6055995
0.1994240,0.6327631
0.1995060,0.6487254
0.1995880,0.6492700
0.1996700,0.6275506
0.1997520,0.6396572
0.1998340,0.6231569
0.1999160,0.6520882
0.1999980,0.6524244
0.2000800,0.6182589
0.2001620,0.6231225
0.2002440,0.6276257
0.2003260,0.6085176
0.2004080,0.6185203
0.2004900,0.6185649
0.2005720,0.6309746
0.2006540,0.6234747
0.2007360,0.6093113
0.2008180,0.6045934
0.2009000,0.6040360
0.2009820,0.6045039
0.2010640,0.6177483
0.2011460,0.6314514
0.2012280,0.6137229
0.2013100,0.6287186
0.2013920,0.6290949
0.2014740,0.6147379
0.2015560,0.6257162
0.2016380,0.6156570
0.2017200,0.6348630
0.2018020,0.6238298
0.2018840,0.6237177
0.2019660,0.6439156
0.2020480,0.6237762
0.2021300,0.6208591
0.2022120,0.6296584
0.2022940,0.6302233
0.2023760,0.6493300
0.2024580,0.6230173
0.2025400,0.6322059
0.2026220,0.6371683
0.2027040,0.6558718
0.2027860,0.6562273
0.2028680,0.6443165
0.2029500,0.6135592
0.2030320,0.6016402
0.2031140,0.6025698
0.2031960,0.6028707
0.2032780,0.5888594
0.2033600,0.6300755
0.2034420,0.6365875
0.2035240,0.6362895
0.2036060,0.6343815
0.2036880,0.6344095
0.2037700,0.6319471
0.2038520,0.6452441
0.2039340,0.6331282
0.2040160,0.6401097
0.2040980,0.6404130
0.2041800,0.6331105
0.2042620,0.6334370
0.2043440,0.6355740
0.2044260,0.6191908
0.2045080,0.6319157
0.2045900,0.6326699
0.2046720,0.6465300
0.2047540,0.6414963
0.2048360,0.6300225
0.2049180,0.6321452
0.2050000,0.6101825
0.2050820,0.6105462
0.2051640,0.6135108
0.2052460,0.6375282
0.2053280,0.6386644
0.2054100,0.6188056
0.2054920,0.6189800
0.2055740,0.6290215
0.2056560,0.6330911
0.2057380,0.6351246
0.2058200,0.6345921
0.2059020,0.6314635
0.2059840,0.6318904
0.2060660,0.6111750
0.2061480,0.6164858
0.2062300,0.6414938
0.2063120,0.6360300
0.2063940,0.6363111
0.2064760,0.6508382
0.2065580,0.6537289
0.2066400,0.6350993
0.2067220,0.6487242
0.2068040,0.6152657
0.2068860,0.6155962
0.2069680,0.5932139
0.2070500,0.6041652
0.2071320,0.6009573
0.2072140,0.6197701
0.2072960,0.6203872
0.2073780,0.6104617
0.2074600,0.6104685
0.2075420,0.6331985
0.2076240,0.6291554
0.2077060,0.6242258
0.2077880,0.6247188
0.2078700,0.5909294
0.2079520,0.6185217
0.2080340,0.6033596
0.2081160,0.6316614
0.2081980,0.6321431
0.2082800,0.6098502
0.2083620,0.6181679
0.2084440,0.6499628
0.2085260,0.6383774
0.2086080,0.6224795
0.2086900,0.6225649
0.2087720,0.6249850
0.2088540,0.6224445
0.2089360,0.6153374
0.2090180,0.6240230
0.2091000,0.6368380
0.2091820,0.6370099
0.2092640,0.6302432
0.2093460,0.6303129
0.2094280,0.6372478
0.2095100,0.6188565
0.2095920,0.6191668
0.2096740,0.6349899
0.2097560,0.6367269
0.2098380,0.6272270
0.2099200,0.6435680
0.2100020,0.6198121
0.2100840,0.6203497
0.2101660,0.6396541
0.2102480,0.6395516
0.2103300,0.6252613
0.2104120,0.6197968
0.2104940,0.6199134
0.2105760,0.6343421
0.2106580,0.6362735
0.2107400,0.6341994
0.2108220,0.6267660
0.2109040,0.6218470
0.2109860,0.6220877
0.2110680,0.6091063
0.2111500,0.6061060
0.2112320,0.6374743
0.2113140,0.6246656
0.2113960,0.6251092
0.2114780,0.6301851
0.2115600,0.6578976
0.2116420,0.6514450
0.2117240,0.6520698
0.2118060,0.6439053
0.2118880,0.6442526
0.2119700,0.6394193
0.2120520,0.6357332
0.2121340,0.6160656
0.2122160,0.6201902
0.2122980,0.6205235
0.2123800,0.6129164
0.2124620,0.6294620
0.2125440,0.6279954
0.2126260,0.6240057
0.2127080,0.6676870
0.2127900,0.6681412
0.2128720,0.6339055
0.2129540,0.6526533
0.2130360,0.6140189
0.2131180,0.6167388
0.2132000,0.6382128
0.2132820,0.6386309
0.2133640,0.6215124
0.2134460,0.6311428
0.2135280,0.6309789
0.2136100,0.6407243
0.2136920,0.6410782
0.2137740,0.6495151
0.2138560,0.6320937
0.2139380,0.6110917
0.2140200,0.6308363
0.2141020,0.6240694
0.2141840,0.6244472
0.2142660,0.6191965
0.2143480,0.6240164
0.2144300,0.6286457
0.2145120,0.6084199
0.2145940,0.6089462
0.2146760,0.6284527
0.2147580,0.6311295
0.2148400,0.6380655
0.2149220,0.6326500
0.2150040,0.6256504
0.2150860,0.6261745
0.2151680,0.6111762
0.2152500,0.6235525
0.2153320,0.6369342
0.2154140,0.6368288
0.2154960,0.6369975
0.2155780,0.6216357
0.2156600,0.6358380
0.2157420,0.6433019
0.2158240,0.6260024
0.2159060,0.6306219
0.2159880,0.6307011
0.2160700,0.6657818
0.2161520,0.6421515
0.2162340,0.6494470
0.2163160,0.6491696
0.2163980,0.6494059
0.2164800,0.6473037
0.2165620,0.6313747
0.2166440,0.6256540
0.2167260,0.6252586
0.2168080,0.6180457
0.2168900,0.6185519
0.2169720,0.6083114
0.2170540,0.6213774
0.2171360,0.6271452
0.2172180,0.6313724
0.2173000,0.6385267
0.2173820,0.6384863
0.2174640,0.6327605
0.2175460,0.6362464
0.2176280,0.6352617
0.2177100,0.6507484
0.2177920,0.6510424
0.2178740,0.6554104
0.2179560,0.6597618
0.2180380,0.6477823
0.2181200,0.6288232
0.2182020,0.5986118
0.2182840,0.5990114
0.2183660,0.6314425
0.2184480,0.6379808
0.2185300,0.6136442
0.2186120,0.6457911
0.2186940,0.6462920
0.2187760,0.6508316
0.2188580,0.6628750
0.2189400,0.6647085
0.2190220,0.6588600
0.2191040,0.6470096
0.2191860,0.6470417
0.2192680,0.6423510
0.2193500,0.6197306
0.2194320,0.6450338
0.2195140,0.6331396
0.2195960,0.6335196
0.2196780,0.6491561
0.2197600,0.6400364
0.2198420,0.6333901
0.2199240,0.6501958
0.2200060,0.6450927
0.2200880,0.6455600
0.2201700,0.6527811
0.2202520,0.6173835
0.2203340,0.6246238
0.2204160,0.6357125
0.2204980,0.6358457
0.2205800,0.6426187
0.2206620,0.6356544
0.2207440,0.6450344
0.2208260,0.6518890
0.2209080,0.6378561
0.2209900,0.6382918
0.2210720,0.6352557
0.2211540,0.6583248
0.2212360,0.6569300
0.2213180,0.6171707
0.2214000,0.6525416
0.2214820,0.6524011
0.2215640,0.6442833
0.2216460,0.6472871
0.2217280,0.6297925
0.2218100,0.6204943
0.2218920,0.6205899
0.2219740,0.6391956
0.2220560,0.6437362
0.2221380,0.6474543
0.2222200,0.6402305
0.2223020,0.6428344
0.2223840,0.6431388
0.2224660,0.6334277
0.2225480,0.6345303
0.2226300,0.6368609
0.2227120,0.6467388
0.2227940,0.6464961
0.2228760,0.6707754
0.2229580,0.6544672
0.2230400,0.6501809
0.2231220,0.6162682
0.2232040,0.6375426
0.2232860,0.6379843
0.2233680,0.6364861
0.2234500,0.6460596
0.2235320,0.6270772
0.2236140,0.6411239
0.2236960,0.6414934
0.2237780,0.6404712
0.2238600,0.6292785
0.2239420,0.6259411
0.2240240,0.6422876
0.2241060,0.6372444
0.2241880,0.6374364
0.2242700,0.6371112
0.2243520,0.6475337
0.2244340,0.6425035
0.2245160,0.6508242
0.2245980,0.6513160
0.2246800,0.6261976
0.2247620,0.6306457
0.2248440,0.6474848
0.2249260,0.6562822
0.2250080,0.6232844
0.2250900,0.6234488
0.2251720,0.6469963
0.2252540,0.6616532
0.2253360,0.6366708
0.2254180,0.6518923
0.2255000,0.6422744
0.2255820,0.6423924
0.2256640,0.6521191
0.2257460,0.6193327
0.2258280,0.6382601
0.2259100,0.6425631
0.2259920,0.6428563
0.2260740,0.6217716
0.2261560,0.6346022
0.2262380,0.6081990
0.2263200,0.6318689
0.2264020,0.6556265
0.2264840,0.6559058
0.2265660,0.6200765
0.2266480,0.6249958
0.2267300,0.6310647
0.2268120,0.6252696
0.2268940,0.6257443
0.2269760,0.6166155
0.2270580,0.6313463
0.2271400,0.6446228
0.2272220,0.6422779
0.2273040,0.6445923
0.2273860,0.6449572
0.2274680,0.6359178
0.2275500,0.6314119
0.2276320,0.6429761
0.2277140,0.6542457
0.2277960,0.6547666
0.2278780,0.6461662
0.2279600,0.6415726
0.2280420,0.6318658
0.2281240,0.6362289
0.2282060,0.6339569
0.2282880,0.6343035
0.2283700,0.6322132
0.2284520,0.6323909
0.2285340,0.6463927
0.2286160,0.6271641
0.2286980,0.6269953
0.2287800,0.6344780
0.2288620,0.6199796
0.2289440,0.6072914
0.2290260,0.6071543
0.2291080,0.6308472
0.2291900,0.6312105
0.2292720,0.6217440
0.2293540,0.6511576
0.2294360,0.6394163
0.2295180,0.6251437
0.2296000,0.6226323
0.2296820,0.6228405
0.2297640,0.6274378
0.2298460,0.6060352
0.2299280,0.6156745
0.2300100,0.6280980
0.2300920,0.6285790
0.2301740,0.6062109
0.2302560,0.6193825
0.2303380,0.6332364
0.2304200,0.6219134
0.2305020,0.6149650
0.2305840,0.6151350
0.2306660,0.6364635
0.2307480,0.6501513
0.2308300,0.6342348
0.2309120,0.6448725
0.2309940,0.6450129
0.2310760,0.6165780
0.2311580,0.6261927
0.2312400,0.6067668
0.2313220,0.6422466
0.2314040,0.6302794
0.2314860,0.6304757
0.2315680,0.6436851
0.2316500,0.6450335
0.2317320,0.6357173
0.2318140,0.6329454
0.2318960,0.6333574
0.2319780,0.6357535
0.2320600,0.6070704
0.2321420,0.6109282
0.2322240,0.6156607
0.2323060,0.6271824
0.2323880,0.6271575
0.2324700,0.6300467
0.2325520,0.6327551
0.2326340,0.6278310
0.2327160,0.6361349
0.2327980,0.6364071
0.2328800,0.6366352
0.2329620,0.6594951
0.2330440,0.6482180
0.2331260,0.6171045
0.2332080,0.6242126
0.2332900,0.6246091
0.2333720,0.6295846
0.2334540,0.6055467
0.2335360,0.6045800
0.2336180,0.6124039
0.2337000,0.6377768
0.2337820,0.6382686
0.2338640,0.6470880
0.2339460,0.6424053
0.2340280,0.6396839
0.2341100,0.6300362
0.2341920,0.6303674
0.2342740,0.6141049
0.2343560,0.6119280
0.2344380,0.6627591
0.2345200,0.6584343
0.2346020,0.6449726
0.2346840,0.6453220
0.2347660,0.6569558
0.2348480,0.6609898
0.2349300,0.6292279
0.2350120,0.6470395
0.2350940,0.6472365
0.2351760,0.6406101
0.2352580,0.6474662
0.2353400,0.6562263
0.2354220,0.6538711
0.2355040,0.6357757
0.2355860,0.6362986
0.2356680,0.6240175
0.2357500,0.6333316
0.2358320,0.6290686
0.2359140,0.6431830
0.2359960,0.6436849
0.2360780,0.6486321
0.2361600,0.6467270
0.2362420,0.6224093
0.2363240,0.6195820
0.2364060,0.6098879
0.2364880,0.6103664
0.2365700,0.6342052
0.2366520,0.6283223
0.2367340,0.6435660
0.2368160,0.6208653
0.2368980,0.6212085
0.2369800,0.6404448
0.2370620,0.6554013
0.2371440,0.6574457
0.2372260,0.6590678
0.2373080,0.6461052
0.2373900,0.6462604
0.2374720,0.6419128
0.2375540,0.6485141
0.2376360,0.6422413
0.2377180,0.6465285
0.2378000,0.6644142
0.2378820,0.6647827
0.2379640,0.6528205
0.2380460,0.6544835
0.2381280,0.6655739
0.2382100,0.6550025
0.2382920,0.6554843
0.2383740,0.6599546
0.2384560,0.6625559
0.2385380,0.6465152
0.2386200,0.6320601
0.2387020,0.6282047
0.2387840,0.6283546
0.2388660,0.6573380
0.2389480,0.6436218
0.2390300,0.6411153
0.2391120,0.6408776
0.2391940,0.6410227
0.2392760,0.6504827
0.2393580,0.6408903
0.2394400,0.6460775
0.2395220,0.6382666
0.2396040,0.6328143
0.2396860,0.6331196
0.2397680,0.6353399
0.2398500,0.6397583
0.2399320,0.6118378
0.2400140,0.6097399
0.2400960,0.6104003
0.2401780,0.6363925
0.2402600,0.6335437
0.2403420,0.6241265
0.2404240,0.6296512
0.2405060,0.6201281
0.2405880,0.6204773
0.2406700,0.6317298
0.2407520,0.6525024
0.2408340,0.6549635
0.2409160,0.6457790
0.2409980,0.6463466
0.2410800,0.6440017
0.2411620,0.6298801
0.2412440,0.6502007
0.2413260,0.6474306
0.2414080,0.6443124
0.2414900,0.6445899
0.2415720,0.6286709
0.2416540,0.6501891
0.2417360,0.6544346
0.2418180,0.6426761
0.2419000,0.6680146
0.2419820,0.6682637
0.2420640,0.6428889
0.2421460,0.6372324
0.2422280,0.6419193
0.2423100,0.6346262
0.2423920,0.6351180
0.2424740,0.6399619
0.2425560,0.6307627
0.2426380,0.6357649
0.2427200,0.6251572
0.2428020,0.6608742
0.2428840,0.6609413
0.2429660,0.6404598
0.2430480,0.6212249
0.2431300,0.6275423
0.2432120,0.6194996
0.2432940,0.6195301
0.2433760,0.6279402
0.2434580,0.6415050
0.2435400,0.6780869
0.2436220,0.6596107
0.2437040,0.6512726
0.2437860,0.6519001
0.2438680,0.6182385
0.2439500,0.6352045
0.2440320,0.6439815
0.2441140,0.6429159
0.2441960,0.6434826
0.2442780,0.6449723
0.2443600,0.6400676
0.2444420,0.6329930
0.2445240,0.6394179
0.2446060,0.6223203
0.2446880,0.6225126
0.2447700,0.6385011
0.2448520,0.6316501
0.2449340,0.6199943
0.2450160,0.6433558
0.2450980,0.6439608
0.2451800,0.6398002
0.2452620,0.6224569
0.2453440,0.6255668
0.2454260,0.6485941
0.2455080,0.6576052
0.2455900,0.6575114
0.2456720,0.6597157
0.2457540,0.6269565
0.2458360,0.6355688
0.2459180,0.6320131
0.2460000,0.6293581
0.2460820,0.6297362
0.2461640,0.6350351
0.2462460,0.6376321
0.2463280,0.6419807
0.2464100,0.6362971
0.2464920,0.6360625
0.2465740,0.6144851
0.2466560,0.6187469
0.2467380,0.6085568
0.2468200,0.6230780
0.2469020,0.6394449
0.2469840,0.6395741
0.2470660,0.6374800
0.2471480,0.6516010
0.2472300,0.6557661
0.2473120,0.6486665
0.2473940,0.6494960
0.2474760,0.6564441
0.2475580,0.6480547
0.2476400,0.6590434
0.2477220,0.6467076
0.2478040,0.6416436
0.2478860,0.6418618
0.2479680,0.6693816
0.2480500,0.6489502
0.2481320,0.6490114
0.2482140,0.6356116
0.2482960,0.6361546
0.2483780,0.6180950
0.2484600,0.6235970
0.2485420,0.6266723
0.2486240,0.6321261
0.2487060,0.6363789
0.2487880,0.6368523
0.2488700,0.6315598
0.2489520,0.6497271
0.2490340,0.6394487
0.2491160,0.6444477
0.2491980,0.6446815
0.2492800,0.6673104
0.2493620,0.6446067
0.2494440,0.6537431
0.2495260,0.6437125
0.2496080,0.6425699
0.2496900,0.6431151
0.2497720,0.6614493
0.2498540,0.6626753
0.2499360,0.6433376
0.2500180,0.6498849
0.2501000,0.6265406
0.2501820,0.6266884
0.2502640,0.6358426
0.2503460,0.6623875
0.2504280,0.6367905
0.2505100,0.6448503
0.2505920,0.6452943
0.2506740,0.6582481
0.2507560,0.6392754
0.2508380,0.6368320
0.2509200,0.6249718
0.2510020,0.6392010
0.2510840,0.6392542
0.2511660,0.6275270
0.2512480,0.6491902
0.2513300,0.6492744
0.2514120,0.6487440
0.2514940,0.6492882
0.2515760,0.6426073
0.2516580,0.6402902
0.2517400,0.6239123
0.2518220,0.6471263
0.2519040,0.6337431
0.2519860,0.6341310
0.2520680,0.6352689
0.2521500,0.6485793
0.2522320,0.6187042
0.2523140,0.6281047
0.2523960,0.6281795
0.2524780,0.6515758
0.2525600,0.6333032
0.2526420,0.6284784
0.2527240,0.6281480
0.2528060,0.6620428
0.2528880,0.6619981
0.2529700,0.6665243
0.2530520,0.6364434
0.2531340,0.6181881
0.2532160,0.6440963
0.2532980,0.6444572
0.2533800,0.6236553
0.2534620,0.6257455
0.2535440,0.6443574
0.2536260,0.6232237
0.2537080,0.6533395
0.2537900,0.6534819
0.2538720,0.6524020
0.2539540,0.6326688
0.2540360,0.6342599
0.2541180,0.6453665
0.2542000,0.6294387
0.2542820,0.6296711
0.2543640,0.6387347
0.2544460,0.6502456
0.2545280,0.6478137
0.2546100,0.6408509
0.2546920,0.6412557
0.2547740,0.6242709
0.2548560,0.6019911
0.2549380,0.6445481
0.2550200,0.6423208
0.2551020,0.6349745
0.2551840,0.6353466
0.2552660,0.6472505
0.2553480,0.6521458
0.2554300,0.6442189
0.2555120,0.6420006
0.2555940,0.6422368
0.2556760,0.6561252
0.2557580,0.6371257
0.2558400,0.6509265
0.2559220,0.6486235
0.2560040,0.6244373
0.2560860,0.6245300
0.2561680,0.6144764
0.2562500,0.6205207
0.2563320,0.6464547
0.2564140,0.6325412
0.2564960,0.6329057
0.2565780,0.6396350
0.2566600,0.6396967
0.2567420,0.6418573
0.2568240,0.6322633
0.2569060,0.6183877
0.2569880,0.6186739
0.2570700,0.6561575
0.2571520,0.6421717
0.2572340,0.6348873
0.2573160,0.6301696
0.2573980,0.6301635
0.2574800,0.6132500
0.2575620,0.6442346
0.2576440,0.6511784
0.2577260,0.6366189
0.2578080,0.6553784
0.2578900,0.6559577
0.2579720,0.6513119
0.2580540,0.6374449
0.2581360,0.6653966
0.2582180,0.6279726
0.2583000,0.6464530
0.2583820,0.6468127
0.2584640,0.6281446
0.2585460,0.6282804
0.2586280,0.6180279
0.2587100,0.6316932
0.2587920,0.6319616
0.2588740,0.6436010
0.2589560,0.6475097
0.2590380,0.6523237
0.2591200,0.6333969
0.2592020,0.6539455
0.2592840,0.6542964
0.2593660,0.6412235
0.2594480,0.6644028
0.2595300,0.6415507
0.2596120,0.6487017
0.2596940,0.6491989
0.2597760,0.6723066
0.2598580,0.6402240
0.2599400,0.6651489
0.2600220,0.6307470
0.2601040,0.6449747
0.2601860,0.6452166
0.2602680,0.6498406
0.2603500,0.6458001
0.2604320,0.6347854
0.2605140,0.6244144
0.2605960,0.6245102
0.2606780,0.6209013
0.2607600,0.6244379
0.2608420,0.6338049
0.2609240,0.6277409
0.2610060,0.6487199
0.2610880,0.6494129
0.2611700,0.6206198
0.2612520,0.6304159
0.2613340,0.6329296
0.2614160,0.6455317
0.2614980,0.6458842
0.2615800,0.6304874
0.2616620,0.6370666
0.2617440,0.6557113
0.2618260,0.6581282
0.2619080,0.6534677
0.2619900,0.6535553
0.2620720,0.6684750
0.2621540,0.6315531
0.2622360,0.6389282
0.2623180,0.6598621
0.2624000,0.6373089
0.2624820,0.6375183
0.2625640,0.6352819
0.2626460,0.6582554
0.2627280,0.6494112
0.2628100,0.6569857
0.2628920,0.6572550
0.2629740,0.6698403
0.2630560,0.6454404
0.2631380,0.6453850
0.2632200,0.6343851
0.2633020,0.6372162
0.2633840,0.6377307
0.2634660,0.6360727
0.2635480,0.6403526
0.2636300,0.6514712
0.2637120,0.6558668
0.2637940,0.6563409
0.2638760,0.6736921
0.2639580,0.6638082
0.2640400,0.6451319
0.2641220,0.6364169
0.2642040,0.6296253
0.2642860,0.6297877
0.2643680,0.6339815
0.2644500,0.6476853
0.2645320,0.6356601
0.2646140,0.6531302
0.2646960,0.6534121
0.2647780,0.6353149
0.2648600,0.6037353
0.2649420,0.6070761
0.2650240,0.6245620
0.2651060,0.6579918
0.2651880,0.6583727
0.2652700,0.6562455
0.2653520,0.6233808
0.2654340,0.6273812
0.2655160,0.6249480
0.2655980,0.6251057
0.2656800,0.6573775
0.2657620,0.6642535
0.2658440,0.6508894
0.2659260,0.6322266
0.2660080,0.6300546
0.2660900,0.6306821
0.2661720,0.6308880
0.2662540,0.6304477
0.2663360,0.6233352
0.2664180,0.6300263
0.2665000,0.6483647
0.2665820,0.6484020
0.2666640,0.6617520
0.2667460,0.6572290
0.2668280,0.6318128
0.2669100,0.6314158
0.2669920,0.6316426
0.2670740,0.6272784
0.2671560,0.6317259
0.2672380,0.6075919
0.2673200,0.6262832
0.2674020,0.6214792
0.2674840,0.6218538
0.2675660,0.6150650
0.2676480,0.6366640
0.2677300,0.6292670
0.2678120,0.6501058
0.2678940,0.6505314
0.2679760,0.6438486
0.2680580,0.6389594
0.2681400,0.6549972
0.2682220,0.6439138
0.2683040,0.6413944
0.2683860,0.6416423
0.2684680,0.6506325
0.2685500,0.6509854
0.2686320,0.6566610
0.2687140,0.6499983
0.2687960,0.6502017
0.2688780,0.6567516
0.2689600,0.6632043
0.2690420,0.6552167
0.2691240,0.6527531
0.2692060,0.6386487
0.2692880,0.6389753
0.2693700,0.6204933
0.2694520,0.6180480
0.2695340,0.6299171
0.2696160,0.6442987
0.2696980,0.6445952
0.2697800,0.6303960
0.2698620,0.6347534
0.2699440,0.6468242
0.2700260,0.6392744
0.2701080,0.6373909
0.2701900,0.6373400
0.2702720,0.6059836
0.2703540,0.6225373
0.2704360,0.6313901
0.2705180,0.6431434
0.2706000,0.6504508
0.2706820,0.6506390
0.2707640,0.6461793
0.2708460,0.6436559
0.2709280,0.6321498
0.2710100,0.6463658
0.2710920,0.6464589
0.2711740,0.6524715
0.2712560,0.6338076
0.2713380,0.6548647
0.2714200,0.6261273
0.2715020,0.6406777
0.2715840,0.6409560
0.2716660,0.6360423
0.2717480,0.6433808
0.2718300,0.6432801
0.2719120,0.6547082
0.2719940,0.6547675
0.2720760,0.6403175
0.2721580,0.6655025
0.2722400,0.6565457
0.2723220,0.6418934
0.2724040,0.6307283
0.2724860,0.6312167
0.2725680,0.6261001
0.2726500,0.6262671
0.2727320,0.6285875
0.2728140,0.6265100
0.2728960,0.6269676
0.2729780,0.6294191
0.2730600,0.6390242
0.2731420,0.6041565
0.2732240,0.6163629
0.2733060,0.6211663
0.2733880,0.6213899
0.2734700,0.6325282
0.2735520,0.6278234
0.2736340,0.6282122
0.2737160,0.6439229
0.2737980,0.6442236
0.2738800,0.6395605
0.2739620,0.6393167
0.2740440,0.6669396
0.2741260,0.6443234
0.2742080,0.6274709
0.2742900,0.6274861
0.2743720,0.6373361
0.2744540,0.6415121
0.2745360,0.6450706
0.2746180,0.6480092
0.2747000,0.6408833
0.2747820,0.6415054
0.2748640,0.6433889
0.2749460,0.6295125
0.2750280,0.6364214
0.2751100,0.6455586
0.2751920,0.6456969
0.2752740,0.6341395
0.2753560,0.6549999
0.2754380,0.6655273
0.2755200,0.6496392
0.2756020,0.6630491
0.2756840,0.6635195
0.2757660,0.6497905
0.2758480,0.6396636
0.2759300,0.6446951
0.2760120,0.6131117
0.2760940,0.6134752
0.2761760,0.6228604
0.2762580,0.6345458
0.2763400,0.6608110
0.2764220,0.6163226
0.2765040,0.6226876
0.2765860,0.6230755
0.2766680,0.6333873
0.2767500,0.6446599
0.2768320,0.6319191
0.2769140,0.6531725
0.2769960,0.6535504
0.2770780,0.6422877
0.2771600,0.6379630
0.2772420,0.6539764
0.2773240,0.6500089
0.2774060,0.6404776
0.2774880,0.6411671
0.2775700,0.6393586
0.2776520,0.6567806
0.2777340,0.6328058
0.2778160,0.6242518
0.2778980,0.6242667
0.2779800,0.6470276
0.2780620,0.6451793
0.2781440,0.6365973
0.2782260,0.6263076
0.2783080,0.6223251
0.2783900,0.6226816
0.2784720,0.6274901
0.2785540,0.6477586
0.2786360,0.6247792
0.2787180,0.6504520
0.2788000,0.6250167
0.2788820,0.6257448
0.2789640,0.6258735
0.2790460,0.6166312
0.2791280,0.6460983
0.2792100,0.6319804
0.2792920,0.6324885
0.2793740,0.6451587
0.2794560,0.6540629
0.2795380,0.6456278
0.2796200,0.6480113
0.2797020,0.6384904
0.2797840,0.6388168
0.2798660,0.6621218
0.2799480,0.6292996
0.2800300,0.6426480
0.2801120,0.6377329
0.2801940,0.6382816
0.2802760,0.6538615
0.2803580,0.6350566
0.2804400,0.6404858
0.2805220,0.6246569
0.2806040,0.6263289
0.2806860,0.6267307
0.2807680,0.6271372
0.2808500,0.6409142
0.2809320,0.6544125
0.2810140,0.6476146
0.2810960,0.6479843
0.2811780,0.6469962
0.2812600,0.6630920
0.2813420,0.6553545
0.2814240,0.6337223
0.2815060,0.6475545
0.2815880,0.6477945
0.2816700,0.6327124
0.2817520,0.6370708
0.2818340,0.6311956
0.2819160,0.6354656
0.2819980,0.6357754
0.2820800,0.6456058
0.2821620,0.6460355
0.2822440,0.6411474
0.2823260,0.6428941
0.2824080,0.6523467
0.2824900,0.6532563
0.2825720,0.6223760
0.2826540,0.6244650
0.2827360,0.6522612
0.2828180,0.6739996
0.2829000,0.6448666
0.2829820,0.6454271
0.2830640,0.6320301
0.2831460,0.6278036
0.2832280,0.6321545
0.2833100,0.6421794
0.2833920,0.6426160
0.2834740,0.6147205
0.2835560,0.6261506
0.2836380,0.6370273
0.2837200,0.6479680
0.2838020,0.6577952
0.2838840,0.6581061
0.2839660,0.6391924
0.2840480,0.6514509
0.2841300,0.6333717
0.2842120,0.6420667
0.2842940,0.6426265
0.2843760,0.6632306
0.2844580,0.6496777
0.2845400,0.6330712
0.2846220,0.6382392
0.2847040,0.6262973
0.2847860,0.6267077
0.2848680,0.6242902
0.2849500,0.6258922
0.2850320,0.6351587
0.2851140,0.6265039
0.2851960,0.6268015
0.2852780,0.6357420
0.2853600,0.6236870
0.2854420,0.6351080
0.2855240,0.6708952
0.2856060,0.6552633
0.2856880,0.6555892
0.2857700,0.6455363
0.2858520,0.6499459
0.2859340,0.6393756
0.2860160,0.6319124
0.2860980,0.6325522
0.2861800,0.6350494
0.2862620,0.6373180
0.2863440,0.6416698
0.2864260,0.6617320
0.2865080,0.6685967
0.2865900,0.6692166
0.2866720,0.6417016
0.2867540,0.6344951
0.2868360,0.6355291
0.2869180,0.6357680
0.2870000,0.6325888
0.2870820,0.6327129
0.2871640,0.6157590
0.2872460,0.6715158
0.2873280,0.6645663
0.2874100,0.6605505
0.2874920,0.6610458
0.2875740,0.6539657
0.2876560,0.6475698
0.2877380,0.6612254
0.2878200,0.6565915
0.2879020,0.6405235
0.2879840,0.6410129
0.2880660,0.6081879
0.2881480,0.6344332
0.2882300,0.6176272
0.2883120,0.6372542
0.2883940,0.6377607
0.2884760,0.6388968
0.2885580,0.6275349
0.2886400,0.6391210
0.2887220,0.6410883
0.2888040,0.6408664
0.2888860,0.6411532
0.2889680,0.6459359
0.2890500,0.6438422
0.2891320,0.6432583
0.2892140,0.6574021
0.2892960,0.6576377
0.2893780,0.6771610
0.2894600,0.6635821
0.2895420,0.6542794
0.2896240,0.6313255
0.2897060,0.6380610
0.2897880,0.6385055
0.2898700,0.6247711
0.2899520,0.6300391
0.2900340,0.6263593
0.2901160,0.6267119
0.2901980,0.6272342
0.2902800,0.6420522
0.2903620,0.6271605
0.2904440,0.6317619
0.2905260,0.6314424
0.2906080,0.6245347
0.2906900,0.6248918
0.2907720,0.6433676
0.2908540,0.6621214
0.2909360,0.6551177
0.2910180,0.6363089
0.2911000,0.6478836
0.2911820,0.6480923
0.2912640,0.6555335
0.2913460,0.6572181
0.2914280,0.6435336
0.2915100,0.6275795
0.2915920,0.6277390
0.2916740,0.6437895
0.2917560,0.6267660
0.2918380,0.6658074
0.2919200,0.6398717
0.2920020,0.6395638
0.2920840,0.6397121
0.2921660,0.6514099
0.2922480,0.6488080
0.2923300,0.6370642
0.2924120,0.6156033
0.2924940,0.6156189
0.2925760,0.6556197
0.2926580,0.6344071
0.2927400,0.6273063
0.2928220,0.6390757
0.2929040,0.6480424
0.2929860,0.6484387
0.2930680,0.6513009
0.2931500,0.6564423
0.2932320,0.6258385
0.2933140,0.6462626
0.2933960,0.6467827
0.2934780,0.6575421
0.2935600,0.6665411
0.2936420,0.6593181
0.2937240,0.6526129
0.2938060,0.6584788
0.2938880,0.6587515
0.2939700,0.6574759
0.2940520,0.6426705
0.2941340,0.6514505
0.2942160,0.6619000
0.2942980,0.6624142
0.2943800,0.6554224
0.2944620,0.6512354
0.2945440,0.6538837
0.2946260,0.6255948
0.2947080,0.6355234
0.2947900,0.6354673
0.2948720,0.6427386
0.2949540,0.6435548
0.2950360,0.6243142
0.2951180,0.6683568
0.2952000,0.6523502
0.2952820,0.6527221
0.2953640,0.6486283
0.2954460,0.6460492
0.2955280,0.6508072
0.2956100,0.6439255
0.2956920,0.6442562
0.2957740,0.6275295
0.2958560,0.6483673
0.2959380,0.6366179
0.2960200,0.6388229
0.2961020,0.6498242
0.2961840,0.6504168
0.2962660,0.6482346
0.2963480,0.6274630
0.2964300,0.6318917
0.2965120,0.6154136
0.2965940,0.6158156
0.2966760,0.6389343
0.2967580,0.6457652
0.2968400,0.6482737
0.2969220,0.6575376
0.2970040,0.6456205
0.2970860,0.6458095
0.2971680,0.6503889
0.2972500,0.6444822
0.2973320,0.6434926
0.2974140,0.6346075
0.2974960,0.6349551
0.2975780,0.6299716
0.2976600,0.6456897
0.2977420,0.6572693
0.2978240,0.6432785
0.2979060,0.6506833
0.2979880,0.6512077
0.2980700,0.6181505
0.2981520,0.6507446
0.2982340,0.6459739
0.2983160,0.6267304
0.2983980,0.6273129
0.2984800,0.6299212
0.2985620,0.6459503
0.2986440,0.6457653
0.2987260,0.6295617
0.2988080,0.6343102
0.2988900,0.6343320
0.2989720,0.6602943
0.2990540,0.6349816
0.2991360,0.6204408
0.2992180,0.6177173
0.2993000,0.6343720
0.2993820,0.6347040
0.2994640,0.6624055
0.2995460,0.6277990
0.2996280,0.6539163
0.2997100,0.6399471
0.2997920,0.6402261
0.2998740,0.6450662
0.2999560,0.6240656
0.3000380,0.6476506
0.3001200,0.6359367
0.3002020,0.6490611
0.3002840,0.6494188
0.3003660,0.6565471
0.3004480,0.6706517
0.3005300,0.6430915
0.3006120,0.6317644
0.3006940,0.6320700
0.3007760,0.6482429
0.3008580,0.6276555
0.3009400,0.6479739
0.3010220,0.6641320
0.3011040,0.6610251
0.3011860,0.6612275
0.3012680,0.6644834
0.3013500,0.6781977
0.3014320,0.6329524
0.3015140,0.6349447
0.3015960,0.6353496
0.3016780,0.6352904
0.3017600,0.6522452
0.3018420,0.6417953
0.3019240,0.6447093
0.3020060,0.6422050
0.3020880,0.6423937
0.3021700,0.6387663
0.3022520,0.6669221
0.3023340,0.6586806
0.3024160,0.6572232
0.3024980,0.6576145
0.3025800,0.6552750
0.3026620,0.6598697
0.3027440,0.6578506
0.3028260,0.6505081
0.3029080,0.6411317
0.3029900,0.6414370
0.3030720,0.6302803
0.3031540,0.6199764
0.3032360,0.6456698
0.3033180,0.6579633
0.3034000,0.6481361
0.3034820,0.6483946
0.3035640,0.6568699
0.3036460,0.6514861
0.3037280,0.6472262
0.3038100,0.6342493
0.3038920,0.6346905
0.3039740,0.6316035
0.3040560,0.6545886
0.3041380,0.6546453
0.3042200,0.6484103
0.3043020,0.6579657
0.3043840,0.6581156
0.3044660,0.6418779
0.3045480,0.6204748
0.3046300,0.6344726
0.3047120,0.6299131
0.3047940,0.6302009
0.3048760,0.6423464
0.3049580,0.6513951
0.3050400,0.6641536
0.3051220,0.6607188
0.3052040,0.6281510
0.3052860,0.6281751
0.3053680,0.6448238
0.3054500,0.6095562
0.3055320,0.6355388
0.3056140,0.6537033
0.3056960,0.6539147
0.3057780,0.6733481
0.3058600,0.6830803
0.3059420,0.6474616
0.3060240,0.6402445
0.3061060,0.6216804
0.3061880,0.6219973
0.3062700,0.6519858
0.3063520,0.6445907
0.3064340,0.6306195
0.3065160,0.6308588
0.3065980,0.6311606
0.3066800,0.6420596
0.3067620,0.6492053
0.3068440,0.6408006
0.3069260,0.6582409
0.3070080,0.6729023
0.3070900,0.6731989
0.3071720,0.6691074
0.3072540,0.6637802
0.3073360,0.6724988
0.3074180,0.6496865
0.3075000,0.6543076
0.3075820,0.6546655
0.3076640,0.6441343
0.3077460,0.6362841
0.3078280,0.6613833
0.3079100,0.6438089
0.3079920,0.6442378
0.3080740,0.6449775
0.3081560,0.6567344
0.3082380,0.6544163
0.3083200,0.6520986
0.3084020,0.6529082
0.3084840,0.6534274
0.3085660,0.6554321
0.3086480,0.6457304
0.3087300,0.6492950
0.3088120,0.6644785
0.3088940,0.6650673
0.3089760,0.6382057
0.3090580,0.6310895
0.3091400,0.6572877
0.3092220,0.6551267
0.3093040,0.6361039
0.3093860,0.6364669
0.3094680,0.6407354
0.3095500,0.6379179
0.3096320,0.6483631
0.3097140,0.6395512
0.3097960,0.6398447
0.3098780,0.6555099
0.3099600,0.6466632
0.3100420,0.6527825
0.3101240,0.6744811
0.3102060,0.6541121
0.3102880,0.6542446
0.3103700,0.6621157
0.3104520,0.6699637
0.3105340,0.6460030
0.3106160,0.6600224
0.3106980,0.6607473
0.3107800,0.6648153
0.3108620,0.6584117
0.3109440,0.6645135
0.3110260,0.6326244
0.3111080,0.6510503
0.3111900,0.6514494
0.3112720,0.6369260
0.3113540,0.6300407
0.3114360,0.6322069
0.3115180,0.6524803
0.3116000,0.6547602
0.3116820,0.6553673
0.3117640,0.6301886
0.3118460,0.6254211
0.3119280,0.6401441
0.3120100,0.6516070
0.3120920,0.6519778
0.3121740,0.6652712
0.3122560,0.6742354
0.3123380,0.6766430
0.3124200,0.6400621
0.3125020,0.6625621
0.3125840,0.6628758
0.3126660,0.6687320
0.3127480,0.6715705
0.3128300,0.6553539
0.3129120,0.6686121
0.3129940,0.6690308
0.3130760,0.6443718
0.3131580,0.6402257
0.3132400,0.6447919
0.3133220,0.6556462
0.3134040,0.6363990
0.3134860,0.6366500
0.3135680,0.6418975
0.3136500,0.6509073
0.3137320,0.6371277
0.3138140,0.6395720
0.3138960,0.6396664
0.3139780,0.6340620
0.3140600,0.6567525
0.3141420,0.6461253
0.3142240,0.6528479
0.3143060,0.6669728
0.3143880,0.6673199
0.3144700,0.6484827
0.3145520,0.6497008
0.3146340,0.6388478
0.3147160,0.6299735
0.3147980,0.6305419
0.3148800,0.6232246
0.3149620,0.6185538
0.3150440,0.6246691
0.3151260,0.6520870
0.3152080,0.6562203
0.3152900,0.6565094
0.3153720,0.6264865
0.3154540,0.6344182
0.3155360,0.6507446
0.3156180,0.6370272
0.3157000,0.6463837
0.3157820,0.6468658
0.3158640,0.6513974
0.3159460,0.6409654
0.3160280,0.6427618
0.3161100,0.6465455
0.3161920,0.6467154
0.3162740,0.6685697
0.3163560,0.6561219
0.3164380,0.6475547
0.3165200,0.6546826
0.3166020,0.6382439
0.3166840,0.6382571
0.3167660,0.6355851
0.3168480,0.6298768
0.3169300,0.6473137
0.3170120,0.6616958
0.3170940,0.6618715
0.3171760,0.6463254
0.3172580,0.6311076
0.3173400,0.6399592
0.3174220,0.6416216
0.3175040,0.6669499
0.3175860,0.6673720
0.3176680,0.6349248
0.3177500,0.6328789
0.3178320,0.6540744
0.3179140,0.6335369
0.3179960,0.6339244
0.3180780,0.6384486
0.3181600,0.6431938
0.3182420,0.6500069
0.3183240,0.6452068
0.3184060,0.6574382
0.3184880,0.6580676
0.3185700,0.6565128
0.3186520,0.6239926
0.3187340,0.6418825
0.3188160,0.6445710
0.3188980,0.6449825
0.3189800,0.6263608
0.3190620,0.6423893
0.3191440,0.6446051
0.3192260,0.6492362
0.3193080,0.6448810
0.3193900,0.6451716
0.3194720,0.6498092
0.3195540,0.6404543
0.3196360,0.6492078
0.3197180,0.6434808
0.3198000,0.6201480
0.3198820,0.6205798
0.3199640,0.6386473
0.3200460,0.6262914
0.3201280,0.6473493
0.3202100,0.6550329
0.3202920,0.6553280
0.3203740,0.6538731
0.3204560,0.6334930
0.3205380,0.6463641
0.3206200,0.6514614
0.3207020,0.6414347
0.3207840,0.6418811
0.3208660,0.6489157
0.3209480,0.6451784
0.3210300,0.6439159
0.3211120,0.6317482
0.3211940,0.6318658
0.3212760,0.6556944
0.3213580,0.6446148
0.3214400,0.6492005
0.3215220,0.6484273
0.3216040,0.6408788
0.3216860,0.6411975
0.3217680,0.6529220
0.3218500,0.6565227
0.3219320,0.6453407
0.3220140,0.6272858
0.3220960,0.6276927
0.3221780,0.6228217
0.3222600,0.6299410
0.3223420,0.6380198
0.3224240,0.6751696
0.3225060,0.6603715
0.3225880,0.6607999
0.3226700,0.6767797
0.3227520,0.6704502
0.3228340,0.6489249
0.3229160,0.6582586
0.3229980,0.6585211
0.3230800,0.6402574
0.3231620,0.6389533
0.3232440,0.6633345
0.3233260,0.6770577
0.3234080,0.6795728
0.3234900,0.6803618
0.3235720,0.6628854
0.3236540,0.6424052
0.3237360,0.6517869
0.3238180,0.6282192
0.3239000,0.6551969
0.3239820,0.6553811
0.3240640,0.6424214
0.3241460,0.6255963
0.3242280,0.6373726
0.3243100,0.6418364
0.3243920,0.6422099
0.3244740,0.6482603
0.3245560,0.6435922
0.3246380,0.6313322
0.3247200,0.6422544
0.3248020,0.6410771
0.3248840,0.6414924
0.3249660,0.6443394
0.3250480,0.6584809
0.3251300,0.6609366
0.3252120,0.6383976
0.3252940,0.6389377
0.3253760,0.6649626
0.3254580,0.6534694
0.3255400,0.6625261
0.3256220,0.6461235
0.3257040,0.6436979
0.3257860,0.6441943
0.3258680,0.6627107
0.3259500,0.6719533
0.3260320,0.6536460
0.3261140,0.6515555
0.3261960,0.6519098
0.3262780,0.6436711
0.3263600,0.6562486
0.3264420,0.6416758
0.3265240,0.6558345
0.3266060,0.6620124
0.3266880,0.6623302
0.3267700,0.6547717
0.3268520,0.6658136
0.3269340,0.6500184
0.3270160,0.6591623
0.3270980,0.6597056
0.3271800,0.6654455
0.3272620,0.6630852
0.3273440,0.6805781
0.3274260,0.6628384
0.3275080,0.6629563
0.3275900,0.6634433
0.3276720,0.6500525
0.3277540,0.6237707
0.3278360,0.6466116
0.3279180,0.6515881
0.3280000,0.6514247
0.3280820,0.6516786
0.3281640,0.6466856
0.3282460,0.6562354
0.3283280,0.6471502
0.3284100,0.6437909
0.3284920,0.6439732
0.3285740,0.6605352
0.3286560,0.6792791
0.3287380,0.6669797
0.3288200,0.6672182
0.3289020,0.6714051
0.3289840,0.6718771
0.3290660,0.6442933
0.3291480,0.6600706
0.3292300,0.6717649
0.3293120,0.6564086
0.3293940,0.6567456
0.3294760,0.6595833
0.3295580,0.6565015
0.3296400,0.6462620
0.3297220,0.6550235
0.3298040,0.6560533
0.3298860,0.6564403
0.3299680,0.6563074
0.3300500,0.6566643
0.3301320,0.6769125
0.3302140,0.6741221
0.3302960,0.6746734
0.3303780,0.6542316
0.3304600,0.6555757
0.3305420,0.6651051
0.3306240,0.6697609
0.3307060,0.6621976
0.3307880,0.6625127
0.3308700,0.6433281
0.3309520,0.6514404
0.3310340,0.6474909
0.3311160,0.6457715
0.3311980,0.6456688
0.3312800,0.6553665
0.3313620,0.6609691
0.3314440,0.6483615
0.3315260,0.6627483
0.3316080,0.6540025
0.3316900,0.6540957
0.3317720,0.6529978
0.3318540,0.6599135
0.3319360,0.6553200
0.3320180,0.6546042
0.3321000,0.6562194
0.3321820,0.6566532
0.3322640,0.6473086
0.3323460,0.6430463
0.3324280,0.6547425
0.3325100,0.6523968
0.3325920,0.6525839
0.3326740,0.6560754
0.3327560,0.6513788
0.3328380,0.6796542
0.3329200,0.6805354
0.3330020,0.6650651
0.3330840,0.6654934
0.3331660,0.6714564
0.3332480,0.6535727
0.3333300,0.6512704
0.3334120,0.6561040
0.3334940,0.6563726
0.3335760,0.6794461
0.3336580,0.6487416
0.3337400,0.6564218
0.3338220,0.6653958
0.3339040,0.6715310
0.3339860,0.6718372
0.3340680,0.6645088
0.3341500,0.6868119
0.3342320,0.6580746
0.3343140,0.6560800
0.3343960,0.6564917
0.3344780,0.6661947
0.3345600,0.6480626
0.3346420,0.6634869
0.3347240,0.6728073
0.3348060,0.6729287
0.3348880,0.6733634
0.3349700,0.6728700
0.3350520,0.6502116
0.3351340,0.6460603
0.3352160,0.6775906
0.3352980,0.6774860
0.3353800,0.6640189
0.3354620,0.6773288
0.3355440,0.6569384
0.3356260,0.6499532
0.3357080,0.6739545
0.3357900,0.6742506
0.3358720,0.6541210
0.3359540,0.6607646
0.3360360,0.6433860
0.3361180,0.6403556
0.3362000,0.6582034
0.3362820,0.6585006
0.3363640,0.6502797
0.3364460,0.6571115
0.3365280,0.6571996
0.3366100,0.6700954
0.3366920,0.6706019
0.3367740,0.6619580
0.3368560,0.6580746
0.3369380,0.6906999
0.3370200,0.6711380
0.3371020,0.6645044
0.3371840,0.6648791
0.3372660,0.6665100
0.3373480,0.6707492
0.3374300,0.6545734
0.3375120,0.6591348
0.3375940,0.6593023
0.3376760,0.6709345
0.3377580,0.6567998
0.3378400,0.6707012
0.3379220,0.6887895
0.3380040,0.6776266
0.3380860,0.6777865
0.3381680,0.6647949
0.3382500,0.6712805
0.3383320,0.6645315
0.3384140,0.6592305
0.3384960,0.6595742
0.3385780,0.6578069
0.3386600,0.6339507
0.3387420,0.6437361
0.3388240,0.6572299
0.3389060,0.6556671
0.3389880,0.6558312
0.3390700,0.6372888
0.3391520,0.6511736
0.3392340,0.6692689
0.3393160,0.6760985
0.3393980,0.6765553
0.3394800,0.6656180
0.3395620,0.6570219
0.3396440,0.6672997
0.3397260,0.6585012
0.3398080,0.6649460
0.3398900,0.6652756
0.3399720,0.6599990
0.3400540,0.6712760
0.3401360,0.6712158
0.3402180,0.6826708
0.3403000,0.6756664
0.3403820,0.6758939
0.3404640,0.6691123
0.3405460,0.6456495
0.3406280,0.6656540
0.3407100,0.6578515
0.3407920,0.6581865
0.3408740,0.6579983
0.3409560,0.6664487
0.3410380,0.6763007
0.3411200,0.6804887
0.3412020,0.6491345
0.3412840,0.6495606
0.3413660,0.6424382
0.3414480,0.6563636
0.3415300,0.6762314
0.3416120,0.6517149
0.3416940,0.6520930
0.3417760,0.6881615
0.3418580,0.6951017
0.3419400,0.6640896
0.3420220,0.6636758
0.3421040,0.6475235
0.3421860,0.6476290
0.3422680,0.6635992
0.3423500,0.6557700
0.3424320,0.6597680
0.3425140,0.6813340
0.3425960,0.6814893
0.3426780,0.6833531
0.3427600,0.6565740
0.3428420,0.6765720
0.3429240,0.6815345
0.3430060,0.6798133
0.3430880,0.6804447
0.3431700,0.6784806
0.3432520,0.6886591
0.3433340,0.6573744
0.3434160,0.6528316
0.3434980,0.6530486
0.3435800,0.6611953
0.3436620,0.6700120
0.3437440,0.6939663
0.3438260,0.6627968
0.3439080,0.6717651
0.3439900,0.6720624
0.3440720,0.6786294
0.3441540,0.6717596
0.3442360,0.6831586
0.3443180,0.6615777
0.3444000,0.6684865
0.3444820,0.6686711
0.3445640,0.6795779
0.3446460,0.6627839
0.3447280,0.6822688
0.3448100,0.6902186
0.3448920,0.6904819
0.3449740,0.6814758
0.3450560,0.6637111
0.3451380,0.6445638
0.3452200,0.6369929
0.3453020,0.6475436
0.3453840,0.6479258
0.3454660,0.6759692
0.3455480,0.6708029
0.3456300,0.6593420
0.3457120,0.6541116
0.3457940,0.6545943
0.3458760,0.6603304
0.3459580,0.6681922
0.3460400,0.6653346
0.3461220,0.6689072
0.3462040,0.6617756
0.3462860,0.6620434
0.3463680,0.6521124
0.3464500,0.6643326
0.3465320,0.6677897
0.3466140,0.6718490
0.3466960,0.6724814
0.3467780,0.6663546
0.3468600,0.6602541
0.3469420,0.6689205
0.3470240,0.6822042
0.3471060,0.6892217
0.3471880,0.6895566
0.3472700,0.6560379
0.3473520,0.6711099
0.3474340,0.6509148
0.3475160,0.6733331
0.3475980,0.6735202
0.3476800,0.6732364
0.3477620,0.6682560
0.3478440,0.6720297
0.3479260,0.6696726
0.3480080,0.6632330
0.3480900,0.6633356
0.3481720,0.6720058
0.3482540,0.6600971
0.3483360,0.6441495
0.3484180,0.6446353
0.3485000,0.6653337
0.3485820,0.6657131
0.3486640,0.6807720
0.3487460,0.6715552
0.3488280,0.6741174
0.3489100,0.6653109
0.3489920,0.6653974
0.3490740,0.6719989
0.3491560,0.6862985
0.3492380,0.6697114
0.3493200,0.6882974
0.3494020,0.6878798
0.3494840,0.6883916
0.3495660,0.6923065
0.3496480,0.6654301
0.3497300,0.6855450
0.3498120,0.6809351
0.3498940,0.6814694
0.3499760,0.6526293
0.3500580,0.6552030
0.3501400,0.6461477
0.3502220,0.6483783
0.3503040,0.6571239
0.3503860,0.6575439
0.3504680,0.6756297
0.3505500,0.6802771
0.3506320,0.6699971
0.3507140,0.6805587
0.3507960,0.6810941
0.3508780,0.6835661
0.3509600,0.6622723
0.3510420,0.6770264
0.3511240,0.6913330
0.3512060,0.6810922
0.3512880,0.6812931
0.3513700,0.6636572
0.3514520,0.6805426
0.3515340,0.6848394
0.3516160,0.6781381
0.3516980,0.6786377
0.3517800,0.6674012
0.3518620,0.6665565
0.3519440,0.6685917
0.3520260,0.7000645
0.3521080,0.6812876
0.3521900,0.6817642
0.3522720,0.6801808
0.3523540,0.6870688
0.3524360,0.6870020
0.3525180,0.6956177
0.3526000,0.6803319
0.3526820,0.6808465
0.3527640,0.6813858
0.3528460,0.6640996
0.3529280,0.6731200
0.3530100,0.6847800
0.3530920,0.6849523
0.3531740,0.6824855
0.3532560,0.6517387
0.3533380,0.6651802
0.3534200,0.6794614
0.3535020,0.6889476
0.3535840,0.6895004
0.3536660,0.6746827
0.3537480,0.6706620
0.3538300,0.6740418
0.3539120,0.6585073
0.3539940,0.6591988
0.3540760,0.6817987
0.3541580,0.6646066
0.3542400,0.6722396
0.3543220,0.6790746
0.3544040,0.6904260
0.3544860,0.6906191
0.3545680,0.6729767
0.3546500,0.6758416
0.3547320,0.6941520
0.3548140,0.6668757
0.3548960,0.6674715
0.3549780,0.6800871
0.3550600,0.6819360
0.3551420,0.6866587
0.3552240,0.6887295
0.3553060,0.6777625
0.3553880,0.6782118
0.3554700,0.6845073
0.3555520,0.6829679
0.3556340,0.6718562
0.3557160,0.6828446
0.3557980,0.6832755
0.3558800,0.6832833
0.3559620,0.6858132
0.3560440,0.6891451
0.3561260,0.6777991
0.3562080,0.6764874
0.3562900,0.6771957
0.3563720,0.6832252
0.3564540,0.6540413
0.3565360,0.6781481
0.3566180,0.7048360
0.3567000,0.6750081
0.3567820,0.6756023
0.3568640,0.6808404
0.3569460,0.6742562
0.3570280,0.6876076
0.3571100,0.6714165
0.3571920,0.6717293
0.3572740,0.6534998
0.3573560,0.6762152
0.3574380,0.6868605
0.3575200,0.6884056
0.3576020,0.7033848
0.3576840,0.7035181
0.3577660,0.6929810
0.3578480,0.6945795
0.3579300,0.6861643
0.3580120,0.6890957
0.3580940,0.6892266
0.3581760,0.6852025
0.3582580,0.6897441
0.3583400,0.6838695
0.3584220,0.6754382
0.3585040,0.7083735
0.3585860,0.7087985
0.3586680,0.6852533
0.3587500,0.6671601
0.3588320,0.6845397
0.3589140,0.6648419
0.3589960,0.6651744
0.3590780,0.6869176
0.3591600,0.6674517
0.3592420,0.6825672
0.3593240,0.6905241
0.3594060,0.6837333
0.3594880,0.6840949
0.3595700,0.6922123
0.3596520,0.6820550
0.3597340,0.6797230
0.3598160,0.6684786
0.3598980,0.6685803
0.3599800,0.6604581
0.3600620,0.6641665
0.3601440,0.6686736
0.3602260,0.6931616
0.3603080,0.6820513
0.3603900,0.6823193
0.3604720,0.6605976
0.3605540,0.6609387
0.3606360,0.6748231
0.3607180,0.6994311
0.3608000,0.7020503
0.3608820,0.7023593
0.3609640,0.6837370
0.3610460,0.6943717
0.3611280,0.6876152
0.3612100,0.6859437
0.3612920,0.6861250
0.3613740,0.6676793
0.3614560,0.6984235
0.3615380,0.6830119
0.3616200,0.6896948
0.3617020,0.6842331
0.3617840,0.6846170
0.3618660,0.6542775
0.3619480,0.6680568
0.3620300,0.6848888
0.3621120,0.6530753
0.3621940,0.6536548
0.3622760,0.6600918
0.3623580,0.6622437
0.3624400,0.6904048
0.3625220,0.6888942
0.3626040,0.6820220
0.3626860,0.6821656
0.3627680,0.6778159
0.3628500,0.6793310
0.3629320,0.6736455
0.3630140,0.6763852
0.3630960,0.6768564
0.3631780,0.6810270
0.3632600,0.6811010
0.3633420,0.6652064
0.3634240,0.6590121
0.3635060,0.6814294
0.3635880,0.6817538
0.3636700,0.6751688
0.3637520,0.6872999
0.3638340,0.6871584
0.3639160,0.6787803
0.3639980,0.6789076
0.3640800,0.6879053
0.3641620,0.6973968
0.3642440,0.7016328
0.3643260,0.6773885
0.3644080,0.6847159
0.3644900,0.6852298
0.3645720,0.6849120
0.3646540,0.6610508
0.3647360,0.6661722
0.3648180,0.6592267
0.3649000,0.6631730
0.3649820,0.6636405
0.3650640,0.6652301
0.3651460,0.6820288
0.3652280,0.6802064
0.3653100,0.6550098
0.3653920,0.6551724
0.3654740,0.6570828
0.3655560,0.6862154
0.3656380,0.6818607
0.3657200,0.6709065
0.3658020,0.6824871
0.3658840,0.6826051
0.3659660,0.7022803
0.3660480,0.6898060
0.3661300,0.6716716
0.3662120,0.6795322
0.3662940,0.6801256
0.3663760,0.6672726
0.3664580,0.6852437
0.3665400,0.6765949
0.3666220,0.6832527
0.3667040,0.6850726
0.3667860,0.6852244
0.3668680,0.6833584
0.3669500,0.6696184
0.3670320,0.6614554
0.3671140,0.6748303
0.3671960,0.6751466
0.3672780,0.6618801
0.3673600,0.6670050
0.3674420,0.7021053
0.3675240,0.6970438
0.3676060,0.6727432
0.3676880,0.6727365
0.3677700,0.6550090
0.3678520,0.6617064
0.3679340,0.6551704
0.3680160,0.6508342
0.3680980,0.6511150
0.3681800,0.6646886
0.3682620,0.6645165
0.3683440,0.6731325
0.3684260,0.6683637
0.3685080,0.6570125
0.3685900,0.6570225
0.3686720,0.6591709
0.3687540,0.6734209
0.3688360,0.6752782
0.3689180,0.6692743
0.3690000,0.6581012
0.3690820,0.6586436
0.3691640,0.6502141
0.3692460,0.6650022
0.3693280,0.6699955
0.3694100,0.6835837
0.3694920,0.6839196
0.3695740,0.6630571
0.3696560,0.6719199
0.3697380,0.6514367
0.3698200,0.6514310
0.3699020,0.6774847
0.3699840,0.6778730
0.3700660,0.6509176
0.3701480,0.6691548
0.3702300,0.6782614
0.3703120,0.6807228
0.3703940,0.6812756
0.3704760,0.6492801
0.3705580,0.6424643
0.3706400,0.6624153
0.3707220,0.6400277
0.3708040,0.6524539
0.3708860,0.6527173
0.3709680,0.6758724
0.3710500,0.6711955
0.3711320,0.6702723
0.3712140,0.6799963
0.3712960,0.6802278
0.3713780,0.6737216
0.3714600,0.6445748
0.3715420,0.6525674
0.3716240,0.6643579
0.3717060,0.6627014
0.3717880,0.6628051
0.3718700,0.6558284
0.3719520,0.6670120
0.3720340,0.6742675
0.3721160,0.6633906
0.3721980,0.6633685
0.3722800,0.6726218
0.3723620,0.6717775
0.3724440,0.6804079
0.3725260,0.6582015
0.3726080,0.6628748
0.3726900,0.6631951
0.3727720,0.6656467
0.3728540,0.6579539
0.3729360,0.6369719
0.3730180,0.6425955
0.3731000,0.6585723
0.3731820,0.6592678
0.3732640,0.6695446
0.3733460,0.6659866
0.3734280,0.6707942
0.3735100,0.6456325
0.3735920,0.6460037
0.3736740,0.6595876
0.3737560,0.6664942
0.3738380,0.6667347
0.3739200,0.6829091
0.3740020,0.6790305
0.3740840,0.6791894
0.3741660,0.6833970
0.3742480,0.6814424
0.3743300,0.6846445
0.3744120,0.6969812
0.3744940,0.6972298
0.3745760,0.6863468
0.3746580,0.6838728
0.3747400,0.6422015
0.3748220,0.6515087
0.3749040,0.6275906
0.3749860,0.6276316
0.3750680,0.6562877
0.3751500,0.6451136
0.3752320,0.6512384
0.3753140,0.6688151
0.3753960,0.6690495
0.3754780,0.6812126
0.3755600,0.6803411
0.3756420,0.6691639
0.3757240,0.6805250
0.3758060,0.6828078
0.3758880,0.6832729
0.3759700,0.6731696
0.3760520,0.6895196
0.3761340,0.6805128
0.3762160,0.6801328
0.3762980,0.6806134
0.3763800,0.6643211
0.3764620,0.6701831
0.3765440,0.6805396
0.3766260,0.6710276
0.3767080,0.6617446
0.3767900,0.6622813
0.3768720,0.6550199
0.3769540,0.6613753
0.3770360,0.6669452
0.3771180,0.6866454
0.3772000,0.6586333
0.3772820,0.6588453
0.3773640,0.6545456
0.3774460,0.6468295
0.3775280,0.6624932
0.3776100,0.6505304
0.3776920,0.6507343
0.3777740,0.6517765
0.3778560,0.6660075
0.3779380,0.6553831
0.3780200,0.6629572
0.3781020,0.6745726
0.3781840,0.6748574
0.3782660,0.6605727
0.3783480,0.6840338
0.3784300,0.6739194
0.3785120,0.6766988
0.3785940,0.6768196
0.3786760,0.6597459
0.3787580,0.6466059
0.3788400,0.6317456
0.3789220,0.6606082
0.3790040,0.6596731
0.3790860,0.6597857
0.3791680,0.6822796
0.3792500,0.6692893
0.3793320,0.6828368
0.3794140,0.6655746
0.3794960,0.6661048
0.3795780,0.6637122
0.3796600,0.6776676
0.3797420,0.6662967
0.3798240,0.6735599
0.3799060,0.6632943
0.3799880,0.6634124
0.3800700,0.6837078
0.3801520,0.6703350
0.3802340,0.6816283
0.3803160,0.6689593
0.3803980,0.6693290
0.3804800,0.6826014
0.3805620,0.6657501
0.3806440,0.6605973
0.3807260,0.6674539
0.3808080,0.6891384
0.3808900,0.6892171
0.3809720,0.6814871
0.3810540,0.6792016
0.3811360,0.6723306
0.3812180,0.6648141
0.3813000,0.6575442
0.3813820,0.6576163
0.3814640,0.6620300
0.3815460,0.6642508
0.3816280,0.6787832
0.3817100,0.6541865
0.3817920,0.6545484
0.3818740,0.6852080
0.3819560,0.6890840
0.3820380,0.6845773
0.3821200,0.6827901
0.3822020,0.6582749
0.3822840,0.6588232
0.3823660,0.6827397
0.3824480,0.6848344
0.3825300,0.6758656
0.3826120,0.6920573
0.3826940,0.6923149
0.3827760,0.6795776
0.3828580,0.6653649
0.3829400,0.6617285
0.3830220,0.6879267
0.3831040,0.6681235
0.3831860,0.6681733
0.3832680,0.6633395
0.3833500,0.6684478
0.3834320,0.6790738
0.3835140,0.6726233
0.3835960,0.6727542
0.3836780,0.6770368
0.3837600,0.6689772
0.3838420,0.6770169
0.3839240,0.6917745
0.3840060,0.6739541
0.3840880,0.6743179
0.3841700,0.6807330
0.3842520,0.6761817
0.3843340,0.6827758
0.3844160,0.6893135
0.3844980,0.6896033
0.3845800,0.6893992
0.3846620,0.6821857
0.3847440,0.6897136
0.3848260,0.6744105
0.3849080,0.6880878
0.3849900,0.6881497
0.3850720,0.6789786
0.3851540,0.6768728
0.3852360,0.6658767
0.3853180,0.6731760
0.3854000,0.6675366
0.3854820,0.6677152
0.3855640,0.6450158
0.3856460,0.6716188
0.3857280,0.6523988
0.3858100,0.6673801
0.3858920,0.6672368
0.3859740,0.6766923
0.3860560,0.6782796
0.3861380,0.6889013
0.3862200,0.6800848
0.3863020,0.6673488
0.3863840,0.6679504
0.3864660,0.6643545
0.3865480,0.6867057
0.3866300,0.6881039
0.3867120,0.6714975
0.3867940,0.6716666
0.3868760,0.6800508
0.3869580,0.6711000
0.3870400,0.6712130
0.3871220,0.6823103
0.3872040,0.6855450
0.3872860,0.6855199
0.3873680,0.6740528
0.3874500,0.7070975
0.3875320,0.6830407
0.3876140,0.6851804
0.3876960,0.6854966
0.3877780,0.6877926
0.3878600,0.6672993
0.3879420,0.6975110
0.3880240,0.6739307
0.3881060,0.6729833
0.3881880,0.6731852
0.3882700,0.6838728
0.3883520,0.7021623
0.3884340,0.6872775
0.3885160,0.6894089
0.3885980,0.6895151
0.3886800,0.6777029
0.3887620,0.6743050
0.3888440,0.6708047
0.3889260,0.6724651
0.3890080,0.6665368
0.3890900,0.6667032
0.3891720,0.6785408
0.3892540,0.6522631
0.3893360,0.6515087
0.3894180,0.6618854
0.3895000,0.6566981
0.3895820,0.6566730
0.3896640,0.6553769
0.3897460,0.6703201
0.3898280,0.6825582
0.3899100,0.6653711
0.3899920,0.6657835
0.3900740,0.6849504
0.3901560,0.7020463
0.3902380,0.6945388
0.3903200,0.6849581
0.3904020,0.6795258
0.3904840,0.6797365
0.3905660,0.6918539
0.3906480,0.7025371
0.3907300,0.6729021
0.3908120,0.6504552
0.3908940,0.6506804
0.3909760,0.6682596
0.3910580,0.6790855
0.3911400,0.6630158
0.3912220,0.6704989
0.3913040,0.6766857
0.3913860,0.6769521
0.3914680,0.6824393
0.3915500,0.6670283
0.3916320,0.7029892
0.3917140,0.6806007
0.3917960,0.6806740
0.3918780,0.6872956
0.3919600,0.6696092
0.3920420,0.6735992
0.3921240,0.6561479
0.3922060,0.6656299
0.3922880,0.6659158
0.3923700,0.6849780
0.3924520,0.6851846
0.3925340,0.6815390
0.3926160,0.6805073
0.3926980,0.6807516
0.3927800,0.6613751
0.3928620,0.6770881
0.3929440,0.6567058
0.3930260,0.6743416
0.3931080,0.6845018
0.3931900,0.6848358
0.3932720,0.6736912
0.3933540,0.6802326
0.3934360,0.6848994
0.3935180,0.6990700
0.3936000,0.6905471
0.3936820,0.6908339
0.3937640,0.6775342
0.3938460,0.6816638
0.3939280,0.6824268
0.3940100,0.6775662
0.3940920,0.6781060
0.3941740,0.6487020
0.3942560,0.6648254
0.3943380,0.6655523
0.3944200,0.6955667
0.3945020,0.6661040
0.3945840,0.6664719
0.3946660,0.6771424
0.3947480,0.6878050
0.3948300,0.6926144
0.3949120,0.6962949
0.3949940,0.6964358
0.3950760,0.6915174
0.3951580,0.6802266
0.3952400,0.6932854
0.3953220,0.7030189
0.3954040,0.6832680
0.3954860,0.6836742
0.3955680,0.7025094
0.3956500,0.6775310
0.3957320,0.6864119
0.3958140,0.7033562
0.3958960,0.7041311
0.3959780,0.6912962
0.3960600,0.6866636
0.3961420,0.6849038
0.3962240,0.7082341
0.3963060,0.7044107
0.3963880,0.7046233
0.3964700,0.6872947
0.3965520,0.7054772
0.3966340,0.6868195
0.3967160,0.7057140
0.3967980,0.7059743
0.3968800,0.6859925
0.3969620,0.6718242
0.3970440,0.6780992
0.3971260,0.6887903
0.3972080,0.6763683
0.3972900,0.6770656
0.3973720,0.6666652
0.3974540,0.6670672
0.3975360,0.6662951
0.3976180,0.6818260
0.3977000,0.6642943
0.3977820,0.6643872
0.3978640,0.6718798
0.3979460,0.6760250
0.3980280,0.6763148
0.3981100,0.6850698
0.3981920,0.6855329
0.3982740,0.6841845
0.3983560,0.6879489
0.3984380,0.6865729
0.3985200,0.6841035
0.3986020,0.6950628
0.3986840,0.6952510
0.3987660,0.6865965
0.3988480,0.6890758
0.3989300,0.6691578
0.3990120,0.6841906
0.3990940,0.6843137
0.3991760,0.7022583
0.3992580,0.6802076
0.3993400,0.6940405
0.3994220,0.6608966
0.3995040,0.6723794
0.3995860,0.6728204
0.3996680,0.6760661
0.3997500,0.6722730
0.3998320,0.6877540
0.3999140,0.6852490
0.3999960,0.6852003
0.4000780,0.7051188
0.4001600,0.6947787
0.4002420,0.7003005
0.4003240,0.7038123
0.4004060,0.6818645
0.4004880,0.6823069
0.4005700,0.6733245
0.4006520,0.6700741
0.4007340,0.6755988
0.4008160,0.6833594
0.4008980,0.6840038
0.4009800,0.6770417
0.4010620,0.6484521
0.4011440,0.6463581
0.4012260,0.6564225
0.4013080,0.6812239
0.4013900,0.6814691
0.4014720,0.6708475
0.4015540,0.6703895
0.4016360,0.6821210
0.4017180,0.6651844
0.4018000,0.6810940
0.4018820,0.6812493
0.4019640,0.6868208
0.4020460,0.6966466
0.4021280,0.6851546
0.4022100,0.7003349
0.4022920,0.7008801
0.4023740,0.6879954
0.4024560,0.6935636
0.4025380,0.6993911
0.4026200,0.6935478
0.4027020,0.6748477
0.4027840,0.6752612
0.4028660,0.6814444
0.4029480,0.6751768
0.4030300,0.6729128
0.4031120,0.6750547
0.4031940,0.6749842
0.4032760,0.6874937
0.4033580,0.6950251
0.4034400,0.7052204
0.4035220,0.7013459
0.4036040,0.6955024
0.4036860,0.6956486
0.4037680,0.7066425
0.4038500,0.6962992
0.4039320,0.6867599
0.4040140,0.7109958
0.4040960,0.7113543
0.4041780,0.6907964
0.4042600,0.6768768
0.4043420,0.6754591
0.4044240,0.6638466
0.4045060,0.6617107
0.4045880,0.6623191
0.4046700,0.6775380
0.4047520,0.6705423
0.4048340,0.6647645
0.4049160,0.6695767
0.4049980,0.6699628
0.4050800,0.6780455
0.4051620,0.6759702
0.4052440,0.6953819
0.4053260,0.7062683
0.4054080,0.7008789
0.4054900,0.7011124
0.4055720,0.6880485
0.4056540,0.6834200
0.4057360,0.6884978
0.4058180,0.6852138
0.4059000,0.6947354
0.4059820,0.6954293
0.4060640,0.6885917
0.4061460,0.6985214
0.4062280,0.7051853
0.4063100,0.6615563
0.4063920,0.6615054
0.4064740,0.6715620
0.4065560,0.6708589
0.4066380,0.6816700
0.4067200,0.6765034
0.4068020,0.6729951
0.4068840,0.6731622
0.4069660,0.6662594
0.4070480,0.6867604
0.4071300,0.6862187
0.4072120,0.6659841
0.4072940,0.6663225
0.4073760,0.6800794
0.4074580,0.6849696
0.4075400,0.6696316
0.4076220,0.6823714
0.4077040,0.6916561
0.4077860,0.6920579
0.4078680,0.6810909
0.4079500,0.6757903
0.4080320,0.6840959
0.4081140,0.6765476
0.4081960,0.6770016
0.4082780,0.6749582
0.4083600,0.6929616
0.4084420,0.6937435
0.4085240,0.6879956
0.4086060,0.6634805
0.4086880,0.6639662
0.4087700,0.6610283
0.4088520,0.6908351
0.4089340,0.6841310
0.4090160,0.6866296
0.4090980,0.6872192
0.4091800,0.6973472
0.4092620,0.6962633
0.4093440,0.7139062
0.4094260,0.6746257
0.4095080,0.6792613
0.4095900,0.6796615
0.4096720,0.6859088
0.4097540,0.6603503
0.4098360,0.6653219
0.4099180,0.6661895
0.4100000,0.6707536
