Time (ns),System after lsq fit to System
0.0000000,0.0000000
0.0000820,0.0197796
0.0001640,0.2872220
0.0002460,0.2866405
0.0003280,0.3122119
0.0004100,0.3025499
0.0004920,0.3030064
0.0005740,0.3067565
0.0006560,0.3214076
0.0007380,0.3065593
0.0008200,0.2963675
0.0009020,0.2919638
0.0009840,0.2922263
0.0010660,0.3021688
0.0011480,0.3454087
0.0012300,0.3570575
0.0013120,0.3439890
0.0013940,0.3443937
0.0014760,0.3259206
0.0015580,0.3063924
0.0016400,0.2974179
0.0017220,0.2874239
0.0018040,0.2924558
0.0018860,0.2928091
0.0019680,0.2818356
0.0020500,0.2761523
0.0021320,0.2640957
0.0022140,0.2757165
0.0022960,0.2759479
0.0023780,0.2977486
0.0024600,0.2876080
0.0025420,0.3015319
0.0026240,0.3313596
0.0027060,0.3481876
0.0027880,0.3485716
0.0028700,0.3698917
0.0029520,0.3217078
0.0030340,0.3023908
0.0031160,0.3169089
0.0031980,0.3172255
0.0032800,0.3123903
0.0033620,0.2970525
0.0034440,0.3249900
0.0035260,0.3255317
0.0036080,0.2907840
0.0036900,0.2911210
0.0037720,0.2914687
0.0038540,0.2469522
0.0039360,0.2479709
0.0040180,0.2968925
0.0041000,0.2645429
0.0041820,0.2649202
0.0042640,0.3224503
0.0043460,0.3480815
0.0044280,0.3205240
0.0045100,0.3223023
0.0045920,0.3225453
0.0046740,0.3397685
0.0047560,0.3210994
0.0048380,0.3207090
0.0049200,0.3301031
0.0050020,0.3433509
0.0050840,0.3437226
0.0051660,0.3213916
0.0052480,0.3256264
0.0053300,0.2929600
0.0054120,0.2824376
0.0054940,0.2827223
0.0055760,0.2871009
0.0056580,0.3014869
0.0057400,0.3021840
0.0058220,0.2757059
0.0059040,0.2856529
0.0059860,0.2861201
0.0060680,0.2976380
0.0061500,0.2931627
0.0062320,0.3212222
0.0063140,0.3346779
0.0063960,0.3349407
0.0064780,0.3571089
0.0065600,0.3483637
0.0066420,0.3435770
0.0067240,0.2750428
0.0068060,0.3389953
0.0068880,0.3393111
0.0069700,0.3316275
0.0070520,0.3017569
0.0071340,0.2755224
0.0072160,0.2819911
0.0072980,0.2822305
0.0073800,0.2770965
0.0074620,0.2710962
0.0075440,0.2697516
0.0076260,0.2866513
0.0077080,0.3115574
0.0077900,0.3116225
0.0078720,0.3401208
0.0079540,0.3311513
0.0080360,0.2969436
0.0081180,0.2870304
0.0082000,0.3402388
0.0082820,0.3406308
0.0083640,0.3270392
0.0084460,0.3262516
0.0085280,0.3218722
0.0086100,0.2873994
0.0086920,0.2876959
0.0087740,0.3183124
0.0088560,0.3022076
0.0089380,0.2818318
0.0090200,0.2658304
0.0091020,0.2602257
0.0091840,0.2605418
0.0092660,0.2920146
0.0093480,0.2866922
0.0094300,0.3067424
0.0095120,0.2806339
0.0095940,0.2807685
0.0096760,0.3257515
0.0097580,0.3401637
0.0098400,0.3268322
0.0099220,0.3119491
0.0100040,0.3021800
0.0100860,0.3025862
0.0101680,0.2915206
0.0102500,0.2976867
0.0103320,0.2925171
0.0104140,0.2811381
0.0104960,0.2814755
0.0105780,0.2973338
0.0106600,0.2875002
0.0107420,0.3079282
0.0108240,0.3021023
0.0109060,0.3067684
0.0109880,0.3071261
0.0110700,0.3115745
0.0111520,0.3058446
0.0112340,0.2805732
0.0113160,0.2965448
0.0113980,0.2968317
0.0114800,0.2869233
0.0115620,0.3169739
0.0116440,0.2767052
0.0117260,0.3219807
0.0118080,0.2817831
0.0118900,0.2819872
0.0119720,0.2867454
0.0120540,0.2924280
0.0121360,0.2657518
0.0122180,0.2925250
0.0123000,0.2815326
0.0123820,0.2817383
0.0124640,0.3030816
0.0125460,0.2926031
0.0126280,0.2656410
0.0127100,0.2825393
0.0127920,0.2828555
0.0128740,0.3077465
0.0129560,0.2966559
0.0130380,0.3063382
0.0131200,0.3112216
0.0132020,0.2713450
0.0132840,0.2715833
0.0133660,0.2719833
0.0134480,0.3023743
0.0135300,0.3022851
0.0136120,0.3309317
0.0136940,0.3312357
0.0137760,0.2874320
0.0138580,0.2773546
0.0139400,0.2700673
0.0140220,0.2970005
0.0141040,0.3022842
0.0141860,0.3027508
0.0142680,0.2871641
0.0143500,0.2868187
0.0144320,0.2925466
0.0145140,0.3064017
0.0145960,0.3065682
0.0146780,0.3260523
0.0147600,0.3164891
0.0148420,0.2818265
0.0149240,0.3159222
0.0150060,0.3068462
0.0150880,0.3070745
0.0151700,0.2928113
0.0152520,0.2761912
0.0153340,0.2713848
0.0154160,0.2698997
0.0154980,0.2702134
0.0155800,0.2546005
0.0156620,0.2874851
0.0157440,0.2924902
0.0158260,0.3030469
0.0159080,0.3212004
0.0159900,0.3213803
0.0160720,0.3026748
0.0161540,0.2926441
0.0162360,0.3213345
0.0163180,0.2971637
0.0164000,0.3258411
0.0164820,0.3262414
0.0165640,0.3357241
0.0166460,0.3315704
0.0167280,0.3412519
0.0168100,0.3122389
0.0168920,0.3125185
0.0169740,0.2872889
0.0170560,0.3066719
0.0171380,0.2812850
0.0172200,0.3158981
0.0173020,0.3116587
0.0173840,0.3120163
0.0174660,0.3080593
0.0175480,0.3267182
0.0176300,0.3183899
0.0177120,0.2874141
0.0177940,0.2877873
0.0178760,0.2662259
0.0179580,0.3027879
0.0180400,0.2958378
0.0181220,0.3211958
0.0182040,0.3260787
0.0182860,0.3264336
0.0183680,0.3119075
0.0184500,0.3351567
0.0185320,0.3260911
0.0186140,0.3347191
0.0186960,0.3352629
0.0187780,0.3120524
0.0188600,0.2875674
0.0189420,0.2975793
0.0190240,0.2920425
0.0191060,0.2863800
0.0191880,0.2865822
0.0192700,0.2956995
0.0193520,0.2865926
0.0194340,0.2865279
0.0195160,0.3164762
0.0195980,0.3167561
0.0196800,0.3272733
0.0197620,0.3403713
0.0198440,0.2874481
0.0199260,0.3016777
0.0200080,0.2911315
0.0200900,0.2914545
0.0201720,0.3209795
0.0202540,0.3563900
0.0203360,0.3259736
0.0204180,0.3068684
0.0205000,0.2969287
0.0205820,0.2970633
0.0206640,0.3392999
0.0207460,0.2816951
0.0208280,0.2860483
0.0209100,0.2703439
0.0209920,0.2706556
0.0210740,0.3018243
0.0211560,0.3027706
0.0212380,0.2969095
0.0213200,0.2922835
0.0214020,0.2540359
0.0214840,0.2540750
0.0215660,0.2923969
0.0216480,0.2481974
0.0217300,0.2591742
0.0218120,0.2816745
0.0218940,0.2820862
0.0219760,0.2924828
0.0220580,0.3015128
0.0221400,0.2865628
0.0222220,0.3019747
0.0223040,0.3200867
0.0223860,0.3204085
0.0224680,0.3027726
0.0225500,0.2926403
0.0226320,0.3078824
0.0227140,0.2820413
0.0227960,0.2824206
0.0228780,0.2917921
0.0229600,0.2970500
0.0230420,0.2707924
0.0231240,0.2820334
0.0232060,0.3018788
0.0232880,0.3022124
0.0233700,0.3117198
0.0234520,0.3357765
0.0235340,0.3261800
0.0236160,0.3111674
0.0236980,0.3117567
0.0237800,0.2881042
0.0238620,0.2967898
0.0239440,0.2967467
0.0240260,0.3026512
0.0241080,0.3161134
0.0241900,0.3165539
0.0242720,0.3134801
0.0243540,0.3026444
0.0244360,0.2980609
0.0245180,0.2932498
0.0246000,0.3027878
0.0246820,0.3032689
0.0247640,0.3025597
0.0248460,0.2829525
0.0249280,0.3079506
0.0250100,0.3398052
0.0250920,0.3400920
0.0251740,0.3448234
0.0252560,0.3122529
0.0253380,0.3024244
0.0254200,0.3163269
0.0255020,0.2981731
0.0255840,0.2983509
0.0256660,0.3269206
0.0257480,0.2987970
0.0258300,0.3446699
0.0259120,0.3168022
0.0259940,0.3172308
0.0260760,0.3120203
0.0261580,0.3019302
0.0262400,0.3260635
0.0263220,0.3019131
0.0264040,0.3264643
0.0264860,0.3265703
0.0265680,0.3077259
0.0266500,0.3268099
0.0267320,0.3448516
0.0268140,0.3356456
0.0268960,0.3360912
0.0269780,0.2977521
0.0270600,0.3128921
0.0271420,0.2825034
0.0272240,0.2876039
0.0273060,0.3409956
0.0273880,0.3411687
0.0274700,0.3359713
0.0275520,0.3860363
0.0276340,0.3266506
0.0277160,0.3484149
0.0277980,0.3489004
0.0278800,0.2869246
0.0279620,0.2536990
0.0280440,0.2661552
0.0281260,0.3134294
0.0282080,0.3366124
0.0282900,0.3371682
0.0283720,0.3120830
0.0284540,0.3020078
0.0285360,0.3403968
0.0286180,0.3498423
0.0287000,0.3266487
0.0287820,0.3270314
0.0288640,0.3220868
0.0289460,0.3027602
0.0290280,0.3355388
0.0291100,0.3259683
0.0291920,0.3262004
0.0292740,0.3223899
0.0293560,0.3172448
0.0294380,0.3298295
0.0295200,0.3068366
0.0296020,0.3348666
0.0296840,0.3351007
0.0297660,0.3027861
0.0298480,0.3032320
0.0299300,0.2932581
0.0300120,0.3070972
0.0300940,0.3073650
0.0301760,0.3115164
0.0302580,0.3256112
0.0303400,0.3264781
0.0304220,0.3124639
0.0305040,0.3263899
0.0305860,0.3266769
0.0306680,0.3264938
0.0307500,0.3123418
0.0308320,0.3318152
0.0309140,0.3216784
0.0309960,0.3220976
0.0310780,0.3313875
0.0311600,0.3351730
0.0312420,0.3307052
0.0313240,0.3395395
0.0314060,0.3259762
0.0314880,0.3264417
0.0315700,0.3266617
0.0316520,0.2981559
0.0317340,0.3077005
0.0318160,0.3080117
0.0318980,0.3082582
0.0319800,0.3312464
0.0320620,0.3023256
0.0321440,0.3030362
0.0322260,0.2970378
0.0323080,0.3401078
0.0323900,0.3403955
0.0324720,0.3357402
0.0325540,0.3214048
0.0326360,0.3026225
0.0327180,0.3169314
0.0328000,0.3068901
0.0328820,0.3072214
0.0329640,0.3304312
0.0330460,0.3071345
0.0331280,0.3262105
0.0332100,0.3026462
0.0332920,0.3028389
0.0333740,0.3134477
0.0334560,0.3226960
0.0335380,0.3034883
0.0336200,0.2776008
0.0337020,0.3031043
0.0337840,0.3035592
0.0338660,0.3131829
0.0339480,0.2933661
0.0340300,0.2915773
0.0341120,0.2872290
0.0341940,0.2873148
0.0342760,0.3172524
0.0343580,0.3032838
0.0344400,0.3036489
0.0345220,0.3267485
0.0346040,0.3221835
0.0346860,0.3223475
0.0347680,0.3033422
0.0348500,0.3080572
0.0349320,0.2922156
0.0350140,0.3026186
0.0350960,0.3028914
0.0351780,0.2708042
0.0352600,0.3119855
0.0353420,0.2817494
0.0354240,0.2813034
0.0355060,0.2921165
0.0355880,0.2923647
0.0356700,0.3209572
0.0357520,0.3662908
0.0358340,0.3579769
0.0359160,0.3496117
0.0359980,0.3499165
0.0360800,0.3531149
0.0361620,0.3308832
0.0362440,0.3226424
0.0363260,0.3319762
0.0364080,0.3138558
0.0364900,0.3143578
0.0365720,0.3175695
0.0366540,0.3125044
0.0367360,0.3024037
0.0368180,0.3126759
0.0369000,0.2870107
0.0369820,0.2871765
0.0370640,0.3124203
0.0371460,0.3166892
0.0372280,0.2972884
0.0373100,0.3404621
0.0373920,0.3409761
0.0374740,0.3136097
0.0375560,0.2976268
0.0376380,0.3271154
0.0377200,0.2926642
0.0378020,0.3221798
0.0378840,0.3223860
0.0379660,0.3266275
0.0380480,0.2767259
0.0381300,0.3167753
0.0382120,0.3014467
0.0382940,0.3015964
0.0383760,0.3262802
0.0384580,0.3270609
0.0385400,0.3261256
0.0386220,0.3169802
0.0387040,0.3267466
0.0387860,0.3269821
0.0388680,0.2974116
0.0389500,0.3272200
0.0390320,0.3130383
0.0391140,0.3018760
0.0391960,0.3021277
0.0392780,0.3220758
0.0393600,0.3402056
0.0394420,0.3266456
0.0395240,0.3215925
0.0396060,0.3320150
0.0396880,0.3324725
0.0397700,0.2932400
0.0398520,0.2830142
0.0399340,0.2970425
0.0400160,0.2915059
0.0400980,0.2916733
0.0401800,0.3257258
0.0402620,0.3269649
0.0403440,0.3214443
0.0404260,0.3308456
0.0405080,0.2927023
0.0405900,0.2930260
0.0406720,0.2773453
0.0407540,0.2875236
0.0408360,0.3176585
0.0409180,0.3221432
0.0410000,0.2979610
0.0410820,0.2982614
0.0411640,0.3263413
0.0412460,0.3021266
0.0413280,0.3435652
0.0414100,0.3353649
0.0414920,0.3357435
0.0415740,0.3307298
0.0416560,0.3487718
0.0417380,0.3168554
0.0418200,0.3125453
0.0419020,0.3088521
0.0419840,0.3091265
0.0420660,0.3085991
0.0421480,0.3222948
0.0422300,0.3218311
0.0423120,0.3163966
0.0423940,0.3166055
0.0424760,0.3216087
0.0425580,0.3223507
0.0426400,0.3220296
0.0427220,0.3030789
0.0428040,0.3173888
0.0428860,0.3177960
0.0429680,0.3353588
0.0430500,0.3075165
0.0431320,0.3345258
0.0432140,0.3069757
0.0432960,0.3072124
0.0433780,0.3173240
0.0434600,0.3525457
0.0435420,0.3026409
0.0436240,0.2818070
0.0437060,0.2818559
0.0437880,0.2820565
0.0438700,0.2982512
0.0439520,0.3131538
0.0440340,0.3179194
0.0441160,0.3028932
0.0441980,0.3030985
0.0442800,0.3077677
0.0443620,0.3124339
0.0444440,0.2864290
0.0445260,0.3389055
0.0446080,0.3531323
0.0446900,0.3536319
0.0447720,0.2926810
0.0448540,0.3126018
0.0449360,0.3398795
0.0450180,0.3228370
0.0451000,0.3440634
0.0451820,0.3443216
0.0452640,0.3493325
0.0453460,0.3696076
0.0454280,0.3490900
0.0455100,0.3401628
0.0455920,0.3405784
0.0456740,0.3534656
0.0457560,0.2979696
0.0458380,0.3130274
0.0459200,0.2977721
0.0460020,0.3124104
0.0460840,0.3128478
0.0461660,0.3072507
0.0462480,0.3075140
0.0463300,0.3264244
0.0464120,0.3402216
0.0464940,0.3403722
0.0465760,0.3610796
0.0466580,0.3216546
0.0467400,0.3121050
0.0468220,0.3025626
0.0469040,0.3264764
0.0469860,0.3267987
0.0470680,0.3126168
0.0471500,0.3268241
0.0472320,0.3079336
0.0473140,0.2871391
0.0473960,0.2873704
0.0474780,0.3404674
0.0475600,0.3274144
0.0476420,0.3533997
0.0477240,0.3267261
0.0478060,0.3268535
0.0478880,0.3272239
0.0479700,0.2820468
0.0480520,0.2928848
0.0481340,0.3219706
0.0482160,0.3493201
0.0482980,0.3493725
0.0483800,0.3741179
0.0484620,0.3362033
0.0485440,0.3703832
0.0486260,0.3221964
0.0487080,0.3404464
0.0487900,0.3411245
0.0488720,0.3173500
0.0489540,0.3130130
0.0490360,0.3447494
0.0491180,0.3027695
0.0492000,0.3225527
0.0492820,0.3229618
0.0493640,0.2928265
0.0494460,0.2925823
0.0495280,0.2975037
0.0496100,0.3126724
0.0496920,0.3128935
0.0497740,0.3176020
0.0498560,0.3273221
0.0499380,0.3134010
0.0500200,0.3080454
0.0501020,0.3174611
0.0501840,0.3178974
0.0502660,0.3077959
0.0503480,0.3171456
0.0504300,0.3171003
0.0505120,0.2975714
0.0505940,0.2976937
0.0506760,0.3407472
0.0507580,0.3082171
0.0508400,0.3367311
0.0509220,0.3357949
0.0510040,0.3397295
0.0510860,0.3401222
0.0511680,0.3074507
0.0512500,0.3282920
0.0513320,0.3281071
0.0514140,0.3175067
0.0514960,0.3177733
0.0515780,0.2978819
0.0516600,0.3068353
0.0517420,0.3226386
0.0518240,0.2975882
0.0519060,0.3355342
0.0519880,0.3360155
0.0520700,0.3085856
0.0521520,0.3076348
0.0522340,0.3228915
0.0523160,0.3659196
0.0523980,0.3664888
0.0524800,0.3366447
0.0525620,0.2985802
0.0526440,0.3274459
0.0527260,0.3030274
0.0528080,0.3032897
0.0528900,0.3034187
0.0529720,0.3024031
0.0530540,0.3174931
0.0531360,0.3130801
0.0532180,0.3356595
0.0533000,0.2925527
0.0533820,0.2929758
0.0534640,0.2872108
0.0535460,0.2870096
0.0536280,0.2772075
0.0537100,0.3127761
0.0537920,0.3132102
0.0538740,0.3271001
0.0539560,0.3260310
0.0540380,0.3272557
0.0541200,0.3535053
0.0542020,0.3313800
0.0542840,0.3316473
0.0543660,0.3526889
0.0544480,0.3396662
0.0545300,0.3120169
0.0546120,0.3071974
0.0546940,0.3074639
0.0547760,0.3220839
0.0548580,0.2981907
0.0549400,0.3073383
0.0550220,0.3034700
0.0551040,0.3033153
0.0551860,0.3035128
0.0552680,0.3089063
0.0553500,0.2975270
0.0554320,0.2980509
0.0555140,0.2878942
0.0555960,0.2879656
0.0556780,0.3169424
0.0557600,0.3362479
0.0558420,0.3487780
0.0559240,0.3655469
0.0560060,0.3529808
0.0560880,0.3534299
0.0561700,0.3034781
0.0562520,0.2975724
0.0563340,0.2870773
0.0564160,0.3222439
0.0564980,0.3226674
0.0565800,0.3178940
0.0566620,0.3400587
0.0567440,0.3076370
0.0568260,0.2872779
0.0569080,0.3029584
0.0569900,0.3031985
0.0570720,0.2876453
0.0571540,0.2933362
0.0572360,0.3220822
0.0573180,0.3029558
0.0574000,0.2974246
0.0574820,0.2977379
0.0575640,0.2976684
0.0576460,0.3031982
0.0577280,0.3270447
0.0578100,0.2983757
0.0578920,0.2986697
0.0579740,0.3124855
0.0580560,0.3269086
0.0581380,0.3606916
0.0582200,0.3221771
0.0583020,0.3071590
0.0583840,0.3074125
0.0584660,0.2971250
0.0585480,0.3215765
0.0586300,0.3125682
0.0587120,0.3231768
0.0587940,0.3235411
0.0588760,0.2990383
0.0589580,0.3176685
0.0590400,0.3127879
0.0591220,0.3306013
0.0592040,0.3399358
0.0592860,0.3400071
0.0593680,0.3581755
0.0594500,0.3360437
0.0595320,0.3352965
0.0596140,0.3022355
0.0596960,0.3025451
0.0597780,0.2981963
0.0598600,0.3264584
0.0599420,0.3699636
0.0600240,0.3312694
0.0601060,0.3262375
0.0601880,0.3264413
0.0602700,0.3262210
0.0603520,0.3355643
0.0604340,0.3489012
0.0605160,0.3438012
0.0605980,0.3442060
0.0606800,0.3360934
0.0607620,0.2817332
0.0608440,0.3215902
0.0609260,0.2883359
0.0610080,0.3090275
0.0610900,0.3094091
0.0611720,0.2774159
0.0612540,0.3371650
0.0613360,0.3355429
0.0614180,0.3352942
0.0615000,0.2921737
0.0615820,0.2924493
0.0616640,0.3026389
0.0617460,0.2766319
0.0618280,0.2933135
0.0619100,0.3028853
0.0619920,0.3030333
0.0620740,0.3132973
0.0621560,0.3623103
0.0622380,0.3364411
0.0623200,0.3088478
0.0624020,0.3170086
0.0624840,0.3174154
0.0625660,0.2819139
0.0626480,0.3174645
0.0627300,0.3268565
0.0628120,0.3174631
0.0628940,0.3174935
0.0629760,0.3450464
0.0630580,0.3226067
0.0631400,0.2981510
0.0632220,0.3226274
0.0633040,0.3265424
0.0633860,0.3269177
0.0634680,0.3084646
0.0635500,0.3074053
0.0636320,0.2871224
0.0637140,0.3219299
0.0637960,0.3220630
0.0638780,0.3267712
0.0639600,0.2930337
0.0640420,0.2974426
0.0641240,0.3172151
0.0642060,0.2771466
0.0642880,0.2773713
0.0643700,0.2883244
0.0644520,0.3448690
0.0645340,0.2975311
0.0646160,0.2873531
0.0646980,0.2876517
0.0647800,0.3407676
0.0648620,0.3180968
0.0649440,0.3084226
0.0650260,0.3264965
0.0651080,0.3125550
0.0651900,0.3126971
0.0652720,0.3083209
0.0653540,0.2974322
0.0654360,0.3317052
0.0655180,0.3029068
0.0656000,0.2824408
0.0656820,0.2825763
0.0657640,0.2977245
0.0658460,0.3027543
0.0659280,0.3073081
0.0660100,0.3172017
0.0660920,0.3173415
0.0661740,0.3487885
0.0662560,0.3070166
0.0663380,0.3527630
0.0664200,0.3226272
0.0665020,0.3179003
0.0665840,0.3180937
0.0666660,0.3496086
0.0667480,0.3414298
0.0668300,0.3353839
0.0669120,0.3210339
0.0669940,0.3215001
0.0670760,0.2919533
0.0671580,0.3171386
0.0672400,0.3214716
0.0673220,0.2921578
0.0674040,0.3176083
0.0674860,0.3177401
0.0675680,0.2983445
0.0676500,0.3077504
0.0677320,0.3266690
0.0678140,0.2928238
0.0678960,0.2931516
0.0679780,0.2928913
0.0680600,0.3224032
0.0681420,0.2771595
0.0682240,0.3319214
0.0683060,0.3226542
0.0683880,0.3229764
0.0684700,0.3361240
0.0685520,0.2927609
0.0686340,0.3070515
0.0687160,0.2875993
0.0687980,0.2877886
0.0688800,0.3035862
0.0689620,0.3075941
0.0690440,0.3026940
0.0691260,0.3267394
0.0692080,0.3176606
0.0692900,0.3180207
0.0693720,0.2816106
0.0694540,0.2873311
0.0695360,0.2765655
0.0696180,0.3037296
0.0697000,0.3362412
0.0697820,0.3365191
0.0698640,0.3451916
0.0699460,0.3441439
0.0700280,0.3169669
0.0701100,0.3482826
0.0701920,0.3487151
0.0702740,0.3182297
0.0703560,0.3400453
0.0704380,0.3027730
0.0705200,0.3119893
0.0706020,0.3492887
0.0706840,0.3496309
0.0707660,0.3271283
0.0708480,0.3081983
0.0709300,0.3264746
0.0710120,0.2965781
0.0710940,0.2969475
0.0711760,0.3133320
0.0712580,0.3547347
0.0713400,0.3280949
0.0714220,0.2932345
0.0715040,0.3040526
0.0715860,0.3044269
0.0716680,0.3029185
0.0717500,0.3085363
0.0718320,0.3032308
0.0719140,0.2976051
0.0719960,0.2979827
0.0720780,0.3413331
0.0721600,0.3273351
0.0722420,0.3657680
0.0723240,0.3490599
0.0724060,0.3313171
0.0724880,0.3317661
0.0725700,0.3533284
0.0726520,0.3314443
0.0727340,0.3176897
0.0728160,0.3217872
0.0728980,0.3220917
0.0729800,0.3083421
0.0730620,0.3306305
0.0731440,0.3180986
0.0732260,0.3134508
0.0733080,0.3282048
0.0733900,0.3283133
0.0734720,0.3741125
0.0735540,0.3180687
0.0736360,0.2984144
0.0737180,0.2972197
0.0738000,0.3218074
0.0738820,0.3221086
0.0739640,0.3270579
0.0740460,0.3401007
0.0741280,0.3268948
0.0742100,0.3129281
0.0742920,0.3134156
0.0743740,0.3039421
0.0744560,0.2880132
0.0745380,0.3356153
0.0746200,0.3356342
0.0747020,0.3225631
0.0747840,0.3229842
0.0748660,0.3320733
0.0749480,0.3229186
0.0750300,0.3320515
0.0751120,0.2839047
0.0751940,0.2839968
0.0752760,0.3032702
0.0753580,0.3262959
0.0754400,0.3361297
0.0755220,0.3316868
0.0756040,0.3483110
0.0756860,0.3489461
0.0757680,0.3170745
0.0758500,0.3364694
0.0759320,0.3444355
0.0760140,0.3314580
0.0760960,0.3316799
0.0761780,0.3228664
0.0762600,0.3085266
0.0763420,0.3268662
0.0764240,0.3310067
0.0765060,0.3117094
0.0765880,0.3119341
0.0766700,0.3611682
0.0767520,0.3364092
0.0768340,0.3411009
0.0769160,0.3312745
0.0769980,0.3316665
0.0770800,0.2937929
0.0771620,0.3275430
0.0772440,0.3403120
0.0773260,0.3312818
0.0774080,0.3264878
0.0774900,0.3267247
0.0775720,0.3270059
0.0776540,0.3313060
0.0777360,0.3030788
0.0778180,0.3078546
0.0779000,0.3405340
0.0779820,0.3410953
0.0780640,0.3319034
0.0781460,0.3451756
0.0782280,0.3453224
0.0783100,0.3174614
0.0783920,0.3179172
0.0784740,0.3129729
0.0785560,0.3080568
0.0786380,0.3036119
0.0787200,0.3222122
0.0788020,0.3448619
0.0788840,0.3451312
0.0789660,0.3227633
0.0790480,0.3655898
0.0791300,0.3170492
0.0792120,0.3267363
0.0792940,0.3270305
0.0793760,0.3403771
0.0794580,0.3176633
0.0795400,0.3492674
0.0796220,0.3542238
0.0797040,0.3184647
0.0797860,0.3187389
0.0798680,0.3223246
0.0799500,0.3229704
0.0800320,0.3187344
0.0801140,0.3273076
0.0801960,0.3275855
0.0802780,0.3135049
0.0803600,0.3360739
0.0804420,0.3400275
0.0805240,0.3230413
0.0806060,0.3084998
0.0806880,0.3088236
0.0807700,0.3085689
0.0808520,0.3268025
0.0809340,0.3269019
0.0810160,0.3317396
0.0810980,0.3322102
0.0811800,0.3415265
0.0812620,0.3486976
0.0813440,0.3442066
0.0814260,0.3132019
0.0815080,0.3178697
0.0815900,0.3182271
0.0816720,0.3131254
0.0817540,0.3086512
0.0818360,0.3365924
0.0819180,0.3230606
0.0820000,0.3488894
0.0820820,0.3489852
0.0821640,0.3279156
0.0822460,0.3267686
0.0823280,0.3226176
0.0824100,0.3277443
0.0824920,0.3278918
0.0825740,0.3282781
0.0826560,0.3129979
0.0827380,0.3313732
0.0828200,0.3317959
0.0829020,0.3129201
0.0829840,0.3132688
0.0830660,0.3226766
0.0831480,0.3224411
0.0832300,0.3273203
0.0833120,0.3127651
0.0833940,0.3131757
0.0834760,0.3080433
0.0835580,0.3185345
0.0836400,0.3583378
0.0837220,0.3132513
0.0838040,0.3312109
0.0838860,0.3315860
0.0839680,0.3131016
0.0840500,0.3310260
0.0841320,0.3449676
0.0842140,0.3263908
0.0842960,0.3266426
0.0843780,0.3409972
0.0844600,0.3359852
0.0845420,0.3365659
0.0846240,0.3276597
0.0847060,0.3362637
0.0847880,0.3366275
0.0848700,0.3275551
0.0849520,0.3532238
0.0850340,0.3436410
0.0851160,0.3359038
0.0851980,0.3361172
0.0852800,0.3271286
0.0853620,0.3027480
0.0854440,0.3218103
0.0855260,0.3178861
0.0856080,0.3229923
0.0856900,0.3233500
0.0857720,0.2825139
0.0858540,0.3190024
0.0859360,0.3370619
0.0860180,0.3091524
0.0861000,0.3319633
0.0861820,0.3322052
0.0862640,0.3537652
0.0863460,0.3446858
0.0864280,0.3484997
0.0865100,0.3440040
0.0865920,0.3445695
0.0866740,0.3221148
0.0867560,0.3177820
0.0868380,0.2818707
0.0869200,0.3082066
0.0870020,0.3270859
0.0870840,0.3273589
0.0871660,0.2984765
0.0872480,0.3026185
0.0873300,0.3267873
0.0874120,0.3174961
0.0874940,0.3177877
0.0875760,0.3360540
0.0876580,0.3081157
0.0877400,0.3134324
0.0878220,0.3319999
0.0879040,0.3359599
0.0879860,0.3364113
0.0880680,0.3400291
0.0881500,0.3571745
0.0882320,0.3661188
0.0883140,0.3354419
0.0883960,0.3358388
0.0884780,0.3365826
0.0885600,0.3741810
0.0886420,0.3219895
0.0887240,0.3038786
0.0888060,0.3180760
0.0888880,0.3185149
0.0889700,0.2989531
0.0890520,0.3493083
0.0891340,0.3581148
0.0892160,0.2875712
0.0892980,0.2876708
0.0893800,0.3180272
0.0894620,0.2932235
0.0895440,0.2711994
0.0896260,0.2877105
0.0897080,0.3174710
0.0897900,0.3176402
0.0898720,0.3615446
0.0899540,0.3855803
0.0900360,0.3398567
0.0901180,0.3358085
0.0902000,0.3362468
0.0902820,0.3365077
0.0903640,0.3490298
0.0904460,0.3358275
0.0905280,0.3277631
0.0906100,0.3361409
0.0906920,0.3364561
0.0907740,0.3270179
0.0908560,0.3028102
0.0909380,0.3180837
0.0910200,0.3179557
0.0911020,0.3169182
0.0911840,0.3172275
0.0912660,0.3529655
0.0913480,0.3076626
0.0914300,0.3218588
0.0915120,0.3620595
0.0915940,0.3623187
0.0916760,0.3272721
0.0917580,0.3083518
0.0918400,0.3318039
0.0919220,0.3272397
0.0920040,0.3575315
0.0920860,0.3580675
0.0921680,0.2921896
0.0922500,0.3530866
0.0923320,0.3659521
0.0924140,0.2874488
0.0924960,0.2879151
0.0925780,0.3078721
0.0926600,0.2876646
0.0927420,0.3361434
0.0928240,0.3309565
0.0929060,0.3175036
0.0929880,0.3178115
0.0930700,0.3225561
0.0931520,0.3271324
0.0932340,0.3085931
0.0933160,0.3034788
0.0933980,0.3037417
0.0934800,0.3415015
0.0935620,0.3181207
0.0936440,0.3310508
0.0937260,0.3365973
0.0938080,0.3227215
0.0938900,0.3229199
0.0939720,0.3407816
0.0940540,0.3317819
0.0941360,0.3411955
0.0942180,0.3531955
0.0943000,0.3438641
0.0943820,0.3442745
0.0944640,0.3312341
0.0945460,0.3082985
0.0946280,0.3317153
0.0947100,0.3080683
0.0947920,0.3084094
0.0948740,0.3313357
0.0949560,0.2717319
0.0950380,0.2931432
0.0951200,0.3033950
0.0952020,0.3314676
0.0952840,0.3317025
0.0953660,0.3571965
0.0954480,0.3706246
0.0955300,0.3127506
0.0956120,0.3445559
0.0956940,0.3449851
0.0957760,0.3492258
0.0958580,0.3223002
0.0959400,0.3401852
0.0960220,0.3263191
0.0961040,0.3125692
0.0961860,0.3130444
0.0962680,0.3449165
0.0963500,0.3655888
0.0964320,0.3130014
0.0965140,0.3219559
0.0965960,0.3222258
0.0966780,0.2986760
0.0967600,0.3408997
0.0968420,0.3490775
0.0969240,0.3266545
0.0970060,0.3084743
0.0970880,0.3084127
0.0971700,0.3362185
0.0972520,0.3358303
0.0973340,0.3401071
0.0974160,0.3644817
0.0974980,0.3649756
0.0975800,0.3311868
0.0976620,0.3401431
0.0977440,0.3224076
0.0978260,0.3081838
0.0979080,0.3361949
0.0979900,0.3362415
0.0980720,0.3368113
0.0981540,0.3183109
0.0982360,0.3364666
0.0983180,0.3408319
0.0984000,0.3668664
0.0984820,0.3672461
0.0985640,0.3273777
0.0986460,0.3087309
0.0987280,0.2668640
0.0988100,0.2671582
0.0988920,0.2673012
0.0989740,0.2932625
0.0990560,0.3124846
0.0991380,0.3177590
0.0992200,0.3311679
0.0993020,0.3617147
0.0993840,0.3620010
0.0994660,0.3658614
0.0995480,0.3361009
0.0996300,0.3355564
0.0997120,0.2988286
0.0997940,0.2991735
0.0998760,0.3234886
0.0999580,0.3276136
0.1000400,0.3032185
0.1001220,0.2882008
0.1002040,0.2551682
0.1002860,0.2552726
0.1003680,0.3033770
0.1004500,0.3313378
0.1005320,0.3033324
0.1006140,0.3403088
0.1006960,0.3407311
0.1007780,0.3583782
0.1008600,0.3304160
0.1009420,0.3358258
0.1010240,0.3581177
0.1011060,0.3266859
0.1011880,0.3269754
0.1012700,0.3079444
0.1013520,0.3270952
0.1014340,0.3033960
0.1015160,0.3358817
0.1015980,0.3361927
0.1016800,0.3177982
0.1017620,0.3360201
0.1018440,0.2882516
0.1019260,0.2825740
0.1020080,0.3129715
0.1020900,0.3132640
0.1021720,0.3136010
0.1022540,0.3133354
0.1023360,0.3035667
0.1024180,0.3443847
0.1025000,0.3396569
0.1025820,0.3399865
0.1026640,0.3450507
0.1027460,0.3362577
0.1028280,0.3217723
0.1029100,0.3491525
0.1029920,0.3493068
0.1030740,0.3620461
0.1031560,0.3277939
0.1032380,0.3410066
0.1033200,0.3456562
0.1034020,0.3407504
0.1034840,0.3410175
0.1035660,0.3038739
0.1036480,0.2829385
0.1037300,0.3025193
0.1038120,0.3177556
0.1038940,0.3181277
0.1039760,0.3320933
0.1040580,0.3181924
0.1041400,0.3279112
0.1042220,0.3080260
0.1043040,0.3034246
0.1043860,0.3038279
0.1044680,0.3077856
0.1045500,0.3409715
0.1046320,0.3267666
0.1047140,0.3570745
0.1047960,0.3577488
0.1048780,0.3220607
0.1049600,0.3445331
0.1050420,0.3616252
0.1051240,0.3578530
0.1052060,0.3224309
0.1052880,0.3226577
0.1053700,0.3226654
0.1054520,0.3127677
0.1055340,0.3227147
0.1056160,0.3312022
0.1056980,0.3317057
0.1057800,0.3314535
0.1058620,0.3133181
0.1059440,0.3171636
0.1060260,0.3265526
0.1061080,0.3360290
0.1061900,0.3361282
0.1062720,0.3580283
0.1063540,0.3739251
0.1064360,0.3271241
0.1065180,0.3489052
0.1066000,0.3310048
0.1066820,0.3312948
0.1067640,0.3698262
0.1068460,0.3662235
0.1069280,0.3544207
0.1070100,0.3367626
0.1070920,0.3370427
0.1071740,0.3040840
0.1072560,0.2673144
0.1073380,0.3222418
0.1074200,0.3223160
0.1075020,0.3313414
0.1075840,0.3316755
0.1076660,0.3040810
0.1077480,0.3078741
0.1078300,0.3030178
0.1079120,0.2818569
0.1079940,0.2821430
0.1080760,0.3076790
0.1081580,0.3368114
0.1082400,0.3360645
0.1083220,0.3364634
0.1084040,0.3656526
0.1084860,0.3659547
0.1085680,0.3405278
0.1086500,0.3403336
0.1087320,0.3272254
0.1088140,0.3271209
0.1088960,0.3276020
0.1089780,0.3276058
0.1090600,0.3363591
0.1091420,0.3502096
0.1092240,0.3236111
0.1093060,0.3317410
0.1093880,0.3320608
0.1094700,0.3131409
0.1095520,0.3407704
0.1096340,0.3578157
0.1097160,0.3217521
0.1097980,0.3220968
0.1098800,0.3407530
0.1099620,0.3575905
0.1100440,0.3401887
0.1101260,0.3355181
0.1102080,0.3221140
0.1102900,0.3224037
0.1103720,0.3127623
0.1104540,0.3178314
0.1105360,0.3029635
0.1106180,0.3075387
0.1107000,0.2981647
0.1107820,0.2983926
0.1108640,0.2723582
0.1109460,0.3190349
0.1110280,0.2781784
0.1111100,0.2830662
0.1111920,0.2832937
0.1112740,0.3238680
0.1113560,0.3409568
0.1114380,0.3269584
0.1115200,0.3260463
0.1116020,0.3538708
0.1116840,0.3540995
0.1117660,0.3532758
0.1118480,0.3029302
0.1119300,0.2982277
0.1120120,0.3316256
0.1120940,0.3318728
0.1121760,0.3360866
0.1122580,0.3223586
0.1123400,0.3620132
0.1124220,0.3310957
0.1125040,0.3319778
0.1125860,0.3324285
0.1126680,0.3222342
0.1127500,0.3077693
0.1128320,0.3027653
0.1129140,0.3127606
0.1129960,0.3129308
0.1130780,0.3178053
0.1131600,0.3317955
0.1132420,0.3131690
0.1133240,0.3781637
0.1134060,0.3653563
0.1134880,0.3656023
0.1135700,0.3315495
0.1136520,0.3359837
0.1137340,0.3443483
0.1138160,0.3486044
0.1138980,0.3489777
0.1139800,0.3122999
0.1140620,0.3124544
0.1141440,0.2771588
0.1142260,0.2983335
0.1143080,0.3030225
0.1143900,0.3032432
0.1144720,0.3225717
0.1145540,0.2942590
0.1146360,0.3082800
0.1147180,0.3026520
0.1148000,0.3405992
0.1148820,0.3408689
0.1149640,0.3626983
0.1150460,0.3401285
0.1151280,0.3264440
0.1152100,0.3358674
0.1152920,0.3362555
0.1153740,0.3350402
0.1154560,0.3481544
0.1155380,0.3730856
0.1156200,0.3497486
0.1157020,0.3581533
0.1157840,0.3584566
0.1158660,0.3368841
0.1159480,0.3172158
0.1160300,0.3075234
0.1161120,0.2971929
0.1161940,0.2974164
0.1162760,0.3214545
0.1163580,0.3218733
0.1164400,0.3219339
0.1165220,0.2974148
0.1166040,0.3216763
0.1166860,0.3218729
0.1167680,0.3038234
0.1168500,0.3272971
0.1169320,0.3658543
0.1170140,0.3175123
0.1170960,0.3176074
0.1171780,0.3498644
0.1172600,0.3364501
0.1173420,0.3274281
0.1174240,0.3316928
0.1175060,0.2975463
0.1175880,0.2978591
0.1176700,0.3184077
0.1177520,0.3276851
0.1178340,0.2832746
0.1179160,0.2923415
0.1179980,0.2927501
0.1180800,0.3034048
0.1181620,0.3134705
0.1182440,0.3364020
0.1183260,0.3225820
0.1184080,0.3445004
0.1184900,0.3445961
0.1185720,0.3403537
0.1186540,0.3031834
0.1187360,0.3579502
0.1188180,0.3655931
0.1189000,0.3169955
0.1189820,0.3174336
0.1190640,0.3230184
0.1191460,0.3270361
0.1192280,0.3617839
0.1193100,0.3262694
0.1193920,0.3264861
0.1194740,0.3228708
0.1195560,0.3038048
0.1196380,0.3269949
0.1197200,0.3085504
0.1198020,0.2823897
0.1198840,0.2826947
0.1199660,0.2878279
0.1200480,0.2932203
0.1201300,0.3362049
0.1202120,0.3258764
0.1202940,0.3261833
0.1203760,0.3570530
0.1204580,0.3077025
0.1205400,0.3346588
0.1206220,0.3481163
0.1207040,0.3401860
0.1207860,0.3405205
0.1208680,0.3486419
0.1209500,0.3446897
0.1210320,0.3579220
0.1211140,0.3312254
0.1211960,0.3316482
0.1212780,0.3079223
0.1213600,0.3030430
0.1214420,0.3119544
0.1215240,0.3123119
0.1216060,0.3304474
0.1216880,0.3307699
0.1217700,0.3306554
0.1218520,0.3321611
0.1219340,0.3309122
0.1220160,0.3360151
0.1220980,0.3364805
0.1221800,0.3406840
0.1222620,0.3484573
0.1223440,0.3481850
0.1224260,0.3486472
0.1225080,0.3620316
0.1225900,0.3625358
0.1226720,0.3095301
0.1227540,0.3182982
0.1228360,0.3445176
0.1229180,0.3569975
0.1230000,0.3221140
0.1230820,0.3224077
0.1231640,0.2927856
0.1232460,0.3361511
0.1233280,0.3079666
0.1234100,0.3405086
0.1234920,0.3407845
0.1235740,0.3360555
0.1236560,0.3261758
0.1237380,0.3123160
0.1238200,0.3166604
0.1239020,0.3538698
0.1239840,0.3540953
0.1240660,0.3277574
0.1241480,0.3138143
0.1242300,0.3403053
0.1243120,0.3313241
0.1243940,0.3315973
0.1244760,0.3573518
0.1245580,0.3742252
0.1246400,0.3438924
0.1247220,0.3696625
0.1248040,0.3398267
0.1248860,0.3402920
0.1249680,0.3316149
0.1250500,0.3224506
0.1251320,0.3319167
0.1252140,0.3307945
0.1252960,0.3311447
0.1253780,0.3401167
0.1254600,0.3616672
0.1255420,0.3124237
0.1256240,0.3075826
0.1257060,0.3313205
0.1257880,0.3315291
0.1258700,0.3400614
0.1259520,0.3359868
0.1260340,0.3127821
0.1261160,0.3347692
0.1261980,0.3352373
0.1262800,0.3177352
0.1263620,0.3270397
0.1264440,0.3487461
0.1265260,0.3395538
0.1266080,0.3309414
0.1266900,0.3312436
0.1267720,0.3126522
0.1268540,0.3215917
0.1269360,0.3442398
0.1270180,0.3307556
0.1271000,0.3403399
0.1271820,0.3407132
0.1272640,0.3366080
0.1273460,0.3130382
0.1274280,0.3128836
0.1275100,0.2924376
0.1275920,0.2926222
0.1276740,0.3218429
0.1277560,0.3024882
0.1278380,0.3215993
0.1279200,0.3448775
0.1280020,0.3226911
0.1280840,0.3226753
0.1281660,0.3406722
0.1282480,0.3493271
0.1283300,0.3031035
0.1284120,0.2925425
0.1284940,0.2927233
0.1285760,0.3229633
0.1286580,0.3315716
0.1287400,0.3073902
0.1288220,0.3531505
0.1289040,0.3400850
0.1289860,0.3405674
0.1290680,0.3135411
0.1291500,0.3029669
0.1292320,0.3406633
0.1293140,0.3267904
0.1293960,0.3270192
0.1294780,0.3224870
0.1295600,0.3220338
0.1296420,0.3318304
0.1297240,0.3227238
0.1298060,0.3127339
0.1298880,0.3132129
0.1299700,0.3278350
0.1300520,0.3185610
0.1301340,0.3180395
0.1302160,0.3321804
0.1302980,0.3323639
0.1303800,0.3661211
0.1304620,0.3355130
0.1305440,0.3307664
0.1306260,0.3317580
0.1307080,0.3024850
0.1307900,0.3026755
0.1308720,0.3357708
0.1309540,0.3532145
0.1310360,0.3357433
0.1311180,0.3522368
0.1312000,0.3176670
0.1312820,0.3179615
0.1313640,0.3221335
0.1314460,0.3320038
0.1315280,0.3278975
0.1316100,0.3326426
0.1316920,0.3330256
0.1317740,0.3319951
0.1318560,0.3406707
0.1319380,0.3576442
0.1320200,0.3230760
0.1321020,0.2828764
0.1321840,0.2828585
0.1322660,0.3086554
0.1323480,0.3444943
0.1324300,0.3221535
0.1325120,0.3405007
0.1325940,0.3411571
0.1326760,0.3035928
0.1327580,0.3227921
0.1328400,0.3453236
0.1329220,0.3575725
0.1330040,0.3310157
0.1330860,0.3313880
0.1331680,0.3177663
0.1332500,0.3083688
0.1333320,0.3317698
0.1334140,0.3537166
0.1334960,0.3537464
0.1335780,0.3824385
0.1336600,0.3411498
0.1337420,0.3075602
0.1338240,0.3222234
0.1339060,0.3399810
0.1339880,0.3402305
0.1340700,0.3574400
0.1341520,0.3441393
0.1342340,0.3315761
0.1343160,0.3177048
0.1343980,0.3178229
0.1344800,0.3447003
0.1345620,0.3659508
0.1346440,0.3456728
0.1347260,0.3365075
0.1348080,0.3134910
0.1348900,0.3138206
0.1349720,0.3273605
0.1350540,0.2978114
0.1351360,0.3124661
0.1352180,0.3023638
0.1353000,0.3401983
0.1353820,0.3406306
0.1354640,0.3325264
0.1355460,0.3491265
0.1356280,0.3576577
0.1357100,0.3454316
0.1357920,0.3457583
0.1358740,0.3032687
0.1359560,0.3180602
0.1360380,0.3077252
0.1361200,0.3223246
0.1362020,0.3535322
0.1362840,0.3538955
0.1363660,0.3230074
0.1364480,0.2982150
0.1365300,0.3181869
0.1366120,0.3397914
0.1366940,0.3401195
0.1367760,0.3453519
0.1368580,0.3510525
0.1369400,0.3356908
0.1370220,0.3489221
0.1371040,0.3485674
0.1371860,0.3487467
0.1372680,0.3852405
0.1373500,0.3359022
0.1374320,0.3407213
0.1375140,0.3124257
0.1375960,0.3128285
0.1376780,0.3324726
0.1377600,0.3407787
0.1378420,0.3175349
0.1379240,0.3488667
0.1380060,0.3447425
0.1380880,0.3451360
0.1381700,0.3446729
0.1382520,0.3359550
0.1383340,0.3361953
0.1384160,0.3184291
0.1384980,0.3186616
0.1385800,0.3189715
0.1386620,0.2835324
0.1387440,0.3229745
0.1388260,0.3139164
0.1389080,0.3445819
0.1389900,0.3447325
0.1390720,0.3275968
0.1391540,0.3038988
0.1392360,0.3091888
0.1393180,0.3180745
0.1394000,0.3080590
0.1394820,0.3082688
0.1395640,0.3365799
0.1396460,0.3706599
0.1397280,0.3400273
0.1398100,0.3173520
0.1398920,0.3175598
0.1399740,0.3359857
0.1400560,0.3402883
0.1401380,0.3454556
0.1402200,0.3355976
0.1403020,0.3178884
0.1403840,0.3182772
0.1404660,0.2784783
0.1405480,0.3183659
0.1406300,0.3403560
0.1407120,0.3398600
0.1407940,0.3402012
0.1408760,0.3303570
0.1409580,0.3526862
0.1410400,0.3582363
0.1411220,0.3533164
0.1412040,0.3172453
0.1412860,0.3174704
0.1413680,0.3314762
0.1414500,0.3170326
0.1415320,0.3538157
0.1416140,0.3081024
0.1416960,0.3084072
0.1417780,0.2828090
0.1418600,0.3276788
0.1419420,0.2844628
0.1420240,0.3184711
0.1421060,0.3134352
0.1421880,0.3136569
0.1422700,0.3178772
0.1423520,0.3268919
0.1424340,0.3279567
0.1425160,0.2986150
0.1425980,0.2988614
0.1426800,0.3454051
0.1427620,0.3317964
0.1428440,0.3571127
0.1429260,0.3534679
0.1430080,0.3607820
0.1430900,0.3613776
0.1431720,0.3485310
0.1432540,0.3749805
0.1433360,0.3544388
0.1434180,0.3411501
0.1435000,0.3623907
0.1435820,0.3624937
0.1436640,0.3709193
0.1437460,0.3411571
0.1438280,0.3585437
0.1439100,0.3585756
0.1439920,0.3586326
0.1440740,0.3621357
0.1441560,0.3269456
0.1442380,0.3493910
0.1443200,0.3358930
0.1444020,0.3566405
0.1444840,0.3571500
0.1445660,0.3314753
0.1446480,0.3368012
0.1447300,0.3085548
0.1448120,0.3227227
0.1448940,0.3228088
0.1449760,0.3273648
0.1450580,0.3574017
0.1451400,0.3578964
0.1452220,0.3403968
0.1453040,0.3364342
0.1453860,0.3368268
0.1454680,0.3323037
0.1455500,0.3539909
0.1456320,0.3453502
0.1457140,0.3736301
0.1457960,0.3739623
0.1458780,0.3536491
0.1459600,0.3133995
0.1460420,0.3652945
0.1461240,0.3738510
0.1462060,0.3579987
0.1462880,0.3583448
0.1463700,0.3823966
0.1464520,0.3412957
0.1465340,0.3585403
0.1466160,0.3535268
0.1466980,0.3537485
0.1467800,0.3185884
0.1468620,0.3132818
0.1469440,0.3610974
0.1470260,0.3447788
0.1471080,0.3315450
0.1471900,0.3320291
0.1472720,0.3275412
0.1473540,0.3575328
0.1474360,0.3449088
0.1475180,0.3652819
0.1476000,0.3493446
0.1476820,0.3497030
0.1477640,0.3696720
0.1478460,0.3535919
0.1479280,0.3541518
0.1480100,0.3323264
0.1480920,0.3325834
0.1481740,0.3500068
0.1482560,0.3279404
0.1483380,0.3319668
0.1484200,0.2933905
0.1485020,0.3491197
0.1485840,0.3493351
0.1486660,0.3317849
0.1487480,0.3034299
0.1488300,0.3177639
0.1489120,0.3091582
0.1489940,0.3094623
0.1490760,0.3367602
0.1491580,0.3357430
0.1492400,0.3447857
0.1493220,0.3361128
0.1494040,0.3660903
0.1494860,0.3664882
0.1495680,0.3818220
0.1496500,0.3819957
0.1497320,0.3891968
0.1498140,0.3487633
0.1498960,0.3490560
0.1499780,0.3320506
0.1500600,0.3270300
0.1501420,0.3320847
0.1502240,0.3312857
0.1503060,0.3274503
0.1503880,0.3276370
0.1504700,0.3181412
0.1505520,0.3172054
0.1506340,0.3219002
0.1507160,0.3351744
0.1507980,0.3355285
0.1508800,0.3360892
0.1509620,0.3613505
0.1510440,0.3740717
0.1511260,0.3492376
0.1512080,0.3493784
0.1512900,0.3495401
0.1513720,0.3818700
0.1514540,0.3311518
0.1515360,0.3271078
0.1516180,0.3174218
0.1517000,0.3399862
0.1517820,0.3401424
0.1518640,0.3261929
0.1519460,0.3232323
0.1520280,0.3399284
0.1521100,0.3259668
0.1521920,0.3262777
0.1522740,0.3220362
0.1523560,0.3125913
0.1524380,0.3273438
0.1525200,0.3079074
0.1526020,0.3408674
0.1526840,0.3411395
0.1527660,0.3358064
0.1528480,0.3700121
0.1529300,0.3654401
0.1530120,0.3570988
0.1530940,0.3574638
0.1531760,0.3692806
0.1532580,0.3442737
0.1533400,0.3312968
0.1534220,0.3310443
0.1535040,0.3394213
0.1535860,0.3396350
0.1536680,0.3353420
0.1537500,0.3357463
0.1538320,0.3229837
0.1539140,0.3367413
0.1539960,0.3371267
0.1540780,0.3231081
0.1541600,0.3321280
0.1542420,0.3409783
0.1543240,0.3211654
0.1544060,0.3530029
0.1544880,0.3533454
0.1545700,0.3310182
0.1546520,0.3349603
0.1547340,0.3302507
0.1548160,0.3490085
0.1548980,0.3494985
0.1549800,0.3529428
0.1550620,0.3536521
0.1551440,0.3534195
0.1552260,0.3169656
0.1553080,0.3266626
0.1553900,0.3270394
0.1554720,0.3225234
0.1555540,0.3527620
0.1556360,0.3398694
0.1557180,0.3264513
0.1558000,0.3223065
0.1558820,0.3227594
0.1559640,0.3133701
0.1560460,0.3194051
0.1561280,0.3234635
0.1562100,0.3132032
0.1562920,0.3135799
0.1563740,0.2983540
0.1564560,0.3535135
0.1565380,0.3620590
0.1566200,0.3353412
0.1567020,0.3531194
0.1567840,0.3533985
0.1568660,0.3626780
0.1569480,0.3316289
0.1570300,0.3453926
0.1571120,0.3083749
0.1571940,0.3087252
0.1572760,0.3133120
0.1573580,0.3178911
0.1574400,0.3222407
0.1575220,0.3171277
0.1576040,0.3133572
0.1576860,0.3134698
0.1577680,0.3546290
0.1578500,0.3138041
0.1579320,0.3699620
0.1580140,0.3317269
0.1580960,0.3319096
0.1581780,0.3621605
0.1582600,0.3319242
0.1583420,0.3223513
0.1584240,0.3491965
0.1585060,0.3623478
0.1585880,0.3625290
0.1586700,0.3578376
0.1587520,0.3621299
0.1588340,0.3367358
0.1589160,0.3322624
0.1589980,0.3326372
0.1590800,0.3323841
0.1591620,0.3404366
0.1592440,0.3363005
0.1593260,0.3230605
0.1594080,0.3034669
0.1594900,0.3035196
0.1595720,0.2885546
0.1596540,0.3085959
0.1597360,0.3080808
0.1598180,0.3356860
0.1599000,0.3171623
0.1599820,0.3172290
0.1600640,0.3362439
0.1601460,0.3084520
0.1602280,0.3454855
0.1603100,0.3414182
0.1603920,0.3416563
0.1604740,0.3623032
0.1605560,0.3130633
0.1606380,0.3412393
0.1607200,0.3414841
0.1608020,0.3494336
0.1608840,0.3495307
0.1609660,0.3625305
0.1610480,0.3273751
0.1611300,0.3541504
0.1612120,0.3133553
0.1612940,0.3135852
0.1613760,0.3408072
0.1614580,0.3283374
0.1615400,0.3450983
0.1616220,0.3266539
0.1617040,0.3487985
0.1617860,0.3491633
0.1618680,0.3220402
0.1619500,0.3449096
0.1620320,0.3271312
0.1621140,0.3030849
0.1621960,0.3032488
0.1622780,0.3226778
0.1623600,0.3539715
0.1624420,0.3317389
0.1625240,0.3489790
0.1626060,0.3222822
0.1626880,0.3225503
0.1627700,0.3090331
0.1628520,0.3181097
0.1629340,0.3360659
0.1630160,0.3269200
0.1630980,0.3271616
0.1631800,0.3323162
0.1632620,0.3665556
0.1633440,0.3411768
0.1634260,0.3324430
0.1635080,0.3456418
0.1635900,0.3459855
0.1636720,0.3233737
0.1637540,0.3320799
0.1638360,0.3328488
0.1639180,0.3498181
0.1640000,0.3319544
0.1640820,0.3320489
0.1641640,0.3587877
0.1642460,0.3369495
0.1643280,0.3495677
0.1644100,0.3326785
0.1644920,0.3329661
0.1645740,0.3234151
0.1646560,0.3179759
0.1647380,0.3539611
0.1648200,0.3272239
0.1649020,0.3497159
0.1649840,0.3499552
0.1650660,0.3232022
0.1651480,0.3223509
0.1652300,0.3360765
0.1653120,0.3278254
0.1653940,0.3281643
0.1654760,0.3362692
0.1655580,0.3368905
0.1656400,0.3231781
0.1657220,0.3502111
0.1658040,0.3576827
0.1658860,0.3580243
0.1659680,0.3445977
0.1660500,0.3571258
0.1661320,0.3035796
0.1662140,0.3315908
0.1662960,0.3317167
0.1663780,0.3326230
0.1664600,0.3366057
0.1665420,0.3332716
0.1666240,0.3132810
0.1667060,0.3262649
0.1667880,0.3265596
0.1668700,0.3174516
0.1669520,0.3025223
0.1670340,0.2880983
0.1671160,0.3131769
0.1671980,0.3134917
0.1672800,0.3456670
0.1673620,0.3317878
0.1674440,0.3321628
0.1675260,0.3227709
0.1676080,0.2883078
0.1676900,0.2886968
0.1677720,0.3179601
0.1678540,0.3083970
0.1679360,0.3368170
0.1680180,0.3493403
0.1681000,0.3311428
0.1681820,0.3314578
0.1682640,0.3455988
0.1683460,0.3455556
0.1684280,0.3364610
0.1685100,0.3446900
0.1685920,0.3449036
0.1686740,0.3279696
0.1687560,0.3536966
0.1688380,0.3274057
0.1689200,0.3578865
0.1690020,0.3401780
0.1690840,0.3406389
0.1691660,0.3367112
0.1692480,0.3281994
0.1693300,0.3192243
0.1694120,0.2825028
0.1694940,0.2827064
0.1695760,0.3035265
0.1696580,0.3317043
0.1697400,0.3325041
0.1698220,0.3323925
0.1699040,0.3448674
0.1699860,0.3452020
0.1700680,0.3350590
0.1701500,0.3401824
0.1702320,0.2979526
0.1703140,0.2877367
0.1703960,0.2879122
0.1704780,0.3132297
0.1705600,0.3229223
0.1706420,0.3275096
0.1707240,0.3038041
0.1708060,0.3318994
0.1708880,0.3321505
0.1709700,0.3575748
0.1710520,0.3701344
0.1711340,0.3313399
0.1712160,0.3351331
0.1712980,0.3355915
0.1713800,0.3043789
0.1714620,0.3180158
0.1715440,0.3409438
0.1716260,0.3414284
0.1717080,0.3038485
0.1717900,0.3040280
0.1718720,0.3229926
0.1719540,0.3316998
0.1720360,0.3180341
0.1721180,0.3225199
0.1722000,0.3038786
0.1722820,0.3039147
0.1723640,0.3372141
0.1724460,0.3130828
0.1725280,0.3280129
0.1726100,0.3314062
0.1726920,0.3316458
0.1727740,0.3373910
0.1728560,0.3234296
0.1729380,0.3359363
0.1730200,0.3617897
0.1731020,0.3458436
0.1731840,0.3459678
0.1732660,0.3705803
0.1733480,0.3224154
0.1734300,0.3185268
0.1735120,0.3493933
0.1735940,0.3498228
0.1736760,0.3039403
0.1737580,0.3323530
0.1738400,0.3235881
0.1739220,0.3448527
0.1740040,0.3629914
0.1740860,0.3632333
0.1741680,0.3716241
0.1742500,0.3410373
0.1743320,0.3618632
0.1744140,0.3401316
0.1744960,0.3406608
0.1745780,0.3219335
0.1746600,0.2926880
0.1747420,0.3272859
0.1748240,0.3090476
0.1749060,0.3278892
0.1749880,0.3279638
0.1750700,0.3368926
0.1751520,0.3538236
0.1752340,0.3027788
0.1753160,0.3358751
0.1753980,0.3360531
0.1754800,0.3789881
0.1755620,0.3629896
0.1756440,0.3453151
0.1757260,0.3580390
0.1758080,0.3530866
0.1758900,0.3535467
0.1759720,0.3313121
0.1760540,0.3492357
0.1761360,0.3613836
0.1762180,0.3178397
0.1763000,0.3306649
0.1763820,0.3311974
0.1764640,0.3281737
0.1765460,0.3229644
0.1766280,0.3499965
0.1767100,0.3220778
0.1767920,0.3223611
0.1768740,0.3360503
0.1769560,0.3092228
0.1770380,0.3359215
0.1771200,0.3404955
0.1772020,0.3699802
0.1772840,0.3702112
0.1773660,0.3492680
0.1774480,0.3896228
0.1775300,0.3573258
0.1776120,0.3616595
0.1776940,0.3619789
0.1777760,0.3362427
0.1778580,0.3410685
0.1779400,0.3231405
0.1780220,0.3542747
0.1781040,0.3738213
0.1781860,0.3741306
0.1782680,0.3658122
0.1783500,0.3401430
0.1784320,0.3575375
0.1785140,0.3409934
0.1785960,0.3412027
0.1786780,0.3366865
0.1787600,0.2729233
0.1788420,0.3222924
0.1789240,0.3133365
0.1790060,0.2928483
0.1790880,0.2931262
0.1791700,0.3272640
0.1792520,0.3462954
0.1793340,0.3492148
0.1794160,0.3486846
0.1794980,0.3490327
0.1795800,0.3538594
0.1796620,0.3455535
0.1797440,0.3285308
0.1798260,0.3280030
0.1799080,0.3367176
0.1799900,0.3369793
0.1800720,0.3419348
0.1801540,0.2995159
0.1802360,0.3227088
0.1803180,0.3457054
0.1804000,0.3404940
0.1804820,0.3409000
0.1805640,0.3025958
0.1806460,0.3775032
0.1807280,0.3614825
0.1808100,0.3408376
0.1808920,0.3412777
0.1809740,0.3634964
0.1810560,0.3139913
0.1811380,0.3088833
0.1812200,0.3087223
0.1813020,0.3360450
0.1813840,0.3363449
0.1814660,0.3081184
0.1815480,0.3536226
0.1816300,0.3407596
0.1817120,0.3084554
0.1817940,0.3086760
0.1818760,0.3184929
0.1819580,0.3708526
0.1820400,0.3535690
0.1821220,0.3573930
0.1822040,0.3496042
0.1822860,0.3499034
0.1823680,0.3705974
0.1824500,0.3589033
0.1825320,0.3337236
0.1826140,0.3129564
0.1826960,0.3134531
0.1827780,0.3179440
0.1828600,0.3179773
0.1829420,0.3222833
0.1830240,0.3360563
0.1831060,0.3177053
0.1831880,0.3180704
0.1832700,0.3088390
0.1833520,0.3360237
0.1834340,0.3319921
0.1835160,0.2993762
0.1835980,0.2996968
0.1836800,0.3037381
0.1837620,0.3310561
0.1838440,0.3543776
0.1839260,0.3742316
0.1840080,0.3827132
0.1840900,0.3830604
0.1841720,0.3506270
0.1842540,0.3325799
0.1843360,0.3186257
0.1844180,0.3664709
0.1845000,0.3267590
0.1845820,0.3270445
0.1846640,0.3406293
0.1847460,0.3540932
0.1848280,0.3046877
0.1849100,0.3087691
0.1849920,0.3089465
0.1850740,0.3228528
0.1851560,0.2879783
0.1852380,0.3173404
0.1853200,0.3357519
0.1854020,0.3174215
0.1854840,0.3177044
0.1855660,0.3446587
0.1856480,0.3619622
0.1857300,0.3453784
0.1858120,0.3222107
0.1858940,0.3225337
0.1859760,0.3536179
0.1860580,0.3269352
0.1861400,0.3359211
0.1862220,0.3363104
0.1863040,0.3453361
0.1863860,0.3456573
0.1864680,0.3316077
0.1865500,0.3695205
0.1866320,0.3224839
0.1867140,0.3456201
0.1867960,0.3460715
0.1868780,0.2886665
0.1869600,0.3033405
0.1870420,0.3372034
0.1871240,0.3457138
0.1872060,0.3627445
0.1872880,0.3631040
0.1873700,0.3224482
0.1874520,0.3227897
0.1875340,0.3365693
0.1876160,0.3369354
0.1876980,0.3371540
0.1877800,0.3180351
0.1878620,0.3622217
0.1879440,0.3668866
0.1880260,0.3542583
0.1881080,0.3360883
0.1881900,0.3364282
0.1882720,0.3084896
0.1883540,0.3314614
0.1884360,0.3490430
0.1885180,0.3030895
0.1886000,0.3223003
0.1886820,0.3225259
0.1887640,0.3035482
0.1888460,0.3409512
0.1889280,0.3406940
0.1890100,0.3279476
0.1890920,0.3282613
0.1891740,0.3588746
0.1892560,0.3409804
0.1893380,0.3407787
0.1894200,0.3271656
0.1895020,0.3615033
0.1895840,0.3619074
0.1896660,0.3452848
0.1897480,0.3363869
0.1898300,0.3230236
0.1899120,0.3314577
0.1899940,0.3318145
0.1900760,0.3538495
0.1901580,0.3317492
0.1902400,0.3137767
0.1903220,0.3271673
0.1904040,0.3229642
0.1904860,0.3231407
0.1905680,0.3358327
0.1906500,0.3624432
0.1907320,0.3137972
0.1908140,0.3235310
0.1908960,0.3237011
0.1909780,0.3315745
0.1910600,0.3410095
0.1911420,0.3190904
0.1912240,0.3272719
0.1913060,0.3743694
0.1913880,0.3748519
0.1914700,0.3460701
0.1915520,0.3795150
0.1916340,0.3582050
0.1917160,0.3406591
0.1917980,0.3410416
0.1918800,0.3084738
0.1919620,0.3083973
0.1920440,0.3783991
0.1921260,0.3447951
0.1922080,0.3178741
0.1922900,0.3180810
0.1923720,0.3313952
0.1924540,0.3268538
0.1925360,0.3581575
0.1926180,0.3452266
0.1927000,0.3269974
0.1927820,0.3270298
0.1928640,0.3274882
0.1929460,0.3451034
0.1930280,0.3744532
0.1931100,0.3129895
0.1931920,0.3132687
0.1932740,0.3679737
0.1933560,0.3462472
0.1934380,0.3662166
0.1935200,0.3583520
0.1936020,0.3369604
0.1936840,0.3372696
0.1937660,0.3034061
0.1938480,0.3417277
0.1939300,0.3139045
0.1940120,0.3139530
0.1940940,0.3141448
0.1941760,0.3185995
0.1942580,0.3323392
0.1943400,0.2991585
0.1944220,0.3277217
0.1945040,0.3271303
0.1945860,0.3273695
0.1946680,0.3448542
0.1947500,0.3490280
0.1948320,0.3663684
0.1949140,0.3655825
0.1949960,0.3658279
0.1950780,0.3414833
0.1951600,0.3320622
0.1952420,0.3497851
0.1953240,0.3536301
0.1954060,0.3320574
0.1954880,0.3324060
0.1955700,0.3326145
0.1956520,0.3236791
0.1957340,0.2984246
0.1958160,0.3365917
0.1958980,0.3367987
0.1959800,0.3495858
0.1960620,0.3226336
0.1961440,0.3528932
0.1962260,0.3364991
0.1963080,0.3228108
0.1963900,0.3231301
0.1964720,0.3493861
0.1965540,0.3368985
0.1966360,0.3183645
0.1967180,0.3371196
0.1968000,0.3622942
0.1968820,0.3626489
0.1969640,0.3447637
0.1970460,0.3364916
0.1971280,0.3232993
0.1972100,0.3327749
0.1972920,0.3331461
0.1973740,0.3414786
0.1974560,0.3234881
0.1975380,0.3545994
0.1976200,0.3668046
0.1977020,0.3576753
0.1977840,0.3580273
0.1978660,0.3324609
0.1979480,0.3181127
0.1980300,0.3411600
0.1981120,0.3272168
0.1981940,0.3274392
0.1982760,0.3272279
0.1983580,0.3407781
0.1984400,0.3486361
0.1985220,0.3583429
0.1986040,0.3585910
0.1986860,0.3592774
0.1987680,0.3227647
0.1988500,0.3029159
0.1989320,0.3580132
0.1990140,0.3133864
0.1990960,0.3137099
0.1991780,0.3327300
0.1992600,0.3369750
0.1993420,0.3367927
0.1994240,0.3278033
0.1995060,0.3314862
0.1995880,0.3318259
0.1996700,0.3271486
0.1997520,0.3268619
0.1998340,0.3138036
0.1999160,0.3365359
0.1999980,0.3368966
0.2000800,0.3146895
0.2001620,0.3537182
0.2002440,0.3456620
0.2003260,0.3735522
0.2004080,0.3401590
0.2004900,0.3407006
0.2005720,0.3369450
0.2006540,0.3535646
0.2007360,0.3452544
0.2008180,0.3493893
0.2009000,0.3402661
0.2009820,0.3407541
0.2010640,0.3227993
0.2011460,0.3364829
0.2012280,0.3044832
0.2013100,0.3037413
0.2013920,0.3041270
0.2014740,0.3138501
0.2015560,0.3588660
0.2016380,0.3495771
0.2017200,0.3313160
0.2018020,0.3318013
0.2018840,0.3321121
0.2019660,0.3271729
0.2020480,0.3317685
0.2021300,0.3408619
0.2022120,0.3272621
0.2022940,0.3276374
0.2023760,0.3403896
0.2024580,0.3333241
0.2025400,0.3739738
0.2026220,0.3496792
0.2027040,0.3493864
0.2027860,0.3495921
0.2028680,0.3356601
0.2029500,0.3496064
0.2030320,0.2981318
0.2031140,0.3223082
0.2031960,0.3225756
0.2032780,0.2933540
0.2033600,0.3360914
0.2034420,0.3450066
0.2035240,0.3447408
0.2036060,0.3270633
0.2036880,0.3274353
0.2037700,0.3364343
0.2038520,0.3265695
0.2039340,0.3223549
0.2040160,0.3361405
0.2040980,0.3363345
0.2041800,0.3455413
0.2042620,0.3266288
0.2043440,0.3269770
0.2044260,0.3131646
0.2045080,0.3077822
0.2045900,0.3081947
0.2046720,0.3228882
0.2047540,0.3032220
0.2048360,0.3411703
0.2049180,0.3316679
0.2050000,0.3572626
0.2050820,0.3577025
0.2051640,0.3083164
0.2052460,0.3132133
0.2053280,0.3368575
0.2054100,0.3034671
0.2054920,0.3036402
0.2055740,0.3129278
0.2056560,0.3081890
0.2057380,0.3353149
0.2058200,0.2976129
0.2059020,0.3027462
0.2059840,0.3029711
0.2060660,0.3178062
0.2061480,0.3219402
0.2062300,0.3366585
0.2063120,0.3265383
0.2063940,0.3268388
0.2064760,0.3135189
0.2065580,0.3417146
0.2066400,0.3453450
0.2067220,0.3490035
0.2068040,0.3122040
0.2068860,0.3124798
0.2069680,0.3313089
0.2070500,0.3450633
0.2071320,0.3452548
0.2072140,0.3493377
0.2072960,0.3496450
0.2073780,0.3329993
0.2074600,0.3227990
0.2075420,0.3173975
0.2076240,0.2882813
0.2077060,0.3177163
0.2077880,0.3181408
0.2078700,0.3228151
0.2079520,0.3360106
0.2080340,0.3451462
0.2081160,0.3402004
0.2081980,0.3405105
0.2082800,0.3493632
0.2083620,0.3180685
0.2084440,0.3085378
0.2085260,0.3086987
0.2086080,0.3185118
0.2086900,0.3188924
0.2087720,0.3459252
0.2088540,0.3180114
0.2089360,0.3316545
0.2090180,0.3219642
0.2091000,0.3484555
0.2091820,0.3487344
0.2092640,0.3265443
0.2093460,0.3744222
0.2094280,0.3176860
0.2095100,0.3488015
0.2095920,0.3491402
0.2096740,0.3030514
0.2097560,0.3133134
0.2098380,0.3315663
0.2099200,0.3266967
0.2100020,0.2824605
0.2100840,0.2826237
0.2101660,0.3126394
0.2102480,0.3583217
0.2103300,0.3366610
0.2104120,0.3318470
0.2104940,0.3321390
0.2105760,0.2976050
0.2106580,0.3447027
0.2107400,0.3534211
0.2108220,0.3221239
0.2109040,0.3270772
0.2109860,0.3275208
0.2110680,0.3036366
0.2111500,0.3412298
0.2112320,0.3359210
0.2113140,0.3618440
0.2113960,0.3623498
0.2114780,0.3133135
0.2115600,0.3416728
0.2116420,0.3664958
0.2117240,0.3618568
0.2118060,0.3177538
0.2118880,0.3182862
0.2119700,0.3360292
0.2120520,0.2883526
0.2121340,0.3127494
0.2122160,0.3270048
0.2122980,0.3269821
0.2123800,0.3176789
0.2124620,0.3268083
0.2125440,0.3231042
0.2126260,0.3314294
0.2127080,0.3124605
0.2127900,0.3126785
0.2128720,0.3448492
0.2129540,0.3177080
0.2130360,0.3363757
0.2131180,0.3271574
0.2132000,0.3172236
0.2132820,0.3174463
0.2133640,0.3454406
0.2134460,0.3740712
0.2135280,0.3787141
0.2136100,0.3616361
0.2136920,0.3619595
0.2137740,0.3622493
0.2138560,0.3366201
0.2139380,0.3315959
0.2140200,0.3129124
0.2141020,0.3175982
0.2141840,0.3179720
0.2142660,0.3360787
0.2143480,0.2937576
0.2144300,0.3276046
0.2145120,0.3223839
0.2145940,0.3226835
0.2146760,0.3314640
0.2147580,0.3529414
0.2148400,0.3223496
0.2149220,0.3126478
0.2150040,0.3315952
0.2150860,0.3318874
0.2151680,0.3182618
0.2152500,0.3277329
0.2153320,0.3269928
0.2154140,0.3224085
0.2154960,0.3223922
0.2155780,0.3036212
0.2156600,0.3537696
0.2157420,0.3447576
0.2158240,0.3527042
0.2159060,0.3653652
0.2159880,0.3659164
0.2160700,0.3224366
0.2161520,0.3172590
0.2162340,0.3489050
0.2163160,0.3449551
0.2163980,0.3452203
0.2164800,0.3176990
0.2165620,0.3269597
0.2166440,0.3460285
0.2167260,0.3192062
0.2168080,0.3278958
0.2168900,0.3282740
0.2169720,0.3283560
0.2170540,0.3578551
0.2171360,0.3219919
0.2172180,0.3176550
0.2173000,0.3365624
0.2173820,0.3369638
0.2174640,0.3270935
0.2175460,0.3356824
0.2176280,0.3172022
0.2177100,0.3361850
0.2177920,0.3364461
0.2178740,0.3224472
0.2179560,0.3319600
0.2180380,0.3089566
0.2181200,0.3143163
0.2182020,0.3186707
0.2182840,0.3188650
0.2183660,0.3491849
0.2184480,0.3316614
0.2185300,0.3448919
0.2186120,0.3737637
0.2186940,0.3740467
0.2187760,0.3486188
0.2188580,0.3402903
0.2189400,0.3362653
0.2190220,0.3581153
0.2191040,0.3491997
0.2191860,0.3497337
0.2192680,0.3088024
0.2193500,0.3450606
0.2194320,0.3574366
0.2195140,0.3408905
0.2195960,0.3411431
0.2196780,0.3410670
0.2197600,0.3453465
0.2198420,0.3231456
0.2199240,0.3322848
0.2200060,0.2985058
0.2200880,0.2986366
0.2201700,0.3137905
0.2202520,0.3272778
0.2203340,0.3408090
0.2204160,0.3530794
0.2204980,0.3535213
0.2205800,0.3179342
0.2206620,0.3537107
0.2207440,0.3622734
0.2208260,0.3501898
0.2209080,0.3366311
0.2209900,0.3367733
0.2210720,0.3363628
0.2211540,0.3496779
0.2212360,0.2992324
0.2213180,0.3365813
0.2214000,0.3185029
0.2214820,0.3185888
0.2215640,0.3274159
0.2216460,0.3408319
0.2217280,0.3318773
0.2218100,0.3365111
0.2218920,0.3366961
0.2219740,0.3182151
0.2220560,0.3412355
0.2221380,0.3457550
0.2222200,0.3366947
0.2223020,0.3365157
0.2223840,0.3367351
0.2224660,0.3588352
0.2225480,0.3498046
0.2226300,0.3282427
0.2227120,0.3323905
0.2227940,0.3325945
0.2228760,0.3232705
0.2229580,0.3326234
0.2230400,0.3409265
0.2231220,0.3538130
0.2232040,0.3187759
0.2232860,0.3189701
0.2233680,0.2885380
0.2234500,0.2891694
0.2235320,0.2986484
0.2236140,0.3451148
0.2236960,0.3456171
0.2237780,0.2786031
0.2238600,0.3138053
0.2239420,0.3090197
0.2240240,0.3449678
0.2241060,0.3366395
0.2241880,0.3369629
0.2242700,0.3452990
0.2243520,0.3452028
0.2244340,0.3782147
0.2245160,0.3820657
0.2245980,0.3822363
0.2246800,0.3403115
0.2247620,0.3621011
0.2248440,0.3663188
0.2249260,0.3617623
0.2250080,0.3230862
0.2250900,0.3233318
0.2251720,0.3323230
0.2252540,0.3226008
0.2253360,0.3179942
0.2254180,0.3133678
0.2255000,0.3270093
0.2255820,0.3272193
0.2256640,0.3231569
0.2257460,0.2888423
0.2258280,0.3092994
0.2259100,0.3187611
0.2259920,0.3189014
0.2260740,0.3139904
0.2261560,0.3453334
0.2262380,0.3313878
0.2263200,0.3180153
0.2264020,0.3035178
0.2264840,0.3037421
0.2265660,0.3406305
0.2266480,0.3578410
0.2267300,0.3406419
0.2268120,0.3273587
0.2268940,0.3274099
0.2269760,0.3453961
0.2270580,0.3413088
0.2271400,0.3548773
0.2272220,0.3406276
0.2273040,0.3458126
0.2273860,0.3462147
0.2274680,0.3043411
0.2275500,0.3223298
0.2276320,0.3311320
0.2277140,0.3220497
0.2277960,0.3223032
0.2278780,0.3220332
0.2279600,0.3321745
0.2280420,0.3458079
0.2281240,0.3455067
0.2282060,0.3128007
0.2282880,0.3129568
0.2283700,0.3024581
0.2284520,0.3130440
0.2285340,0.3581686
0.2286160,0.3539171
0.2286980,0.3544054
0.2287800,0.3186409
0.2288620,0.3359714
0.2289440,0.3495449
0.2290260,0.3401351
0.2291080,0.3362939
0.2291900,0.3365851
0.2292720,0.3624902
0.2293540,0.3450323
0.2294360,0.3225747
0.2295180,0.3131543
0.2296000,0.2986059
0.2296820,0.2987243
0.2297640,0.3317826
0.2298460,0.3033528
0.2299280,0.3449823
0.2300100,0.3495881
0.2300920,0.3498852
0.2301740,0.3587948
0.2302560,0.3029595
0.2303380,0.3027053
0.2304200,0.3268958
0.2305020,0.3407535
0.2305840,0.3411725
0.2306660,0.3537683
0.2307480,0.3456806
0.2308300,0.3785419
0.2309120,0.3499140
0.2309940,0.3502005
0.2310760,0.3501384
0.2311580,0.3181068
0.2312400,0.3357422
0.2313220,0.3177968
0.2314040,0.3175745
0.2314860,0.3178328
0.2315680,0.3029239
0.2316500,0.3137902
0.2317320,0.3669314
0.2318140,0.3331106
0.2318960,0.3336203
0.2319780,0.3318463
0.2320600,0.3229990
0.2321420,0.3270674
0.2322240,0.3310696
0.2323060,0.3622126
0.2323880,0.3627306
0.2324700,0.3627570
0.2325520,0.3189328
0.2326340,0.3405771
0.2327160,0.3268382
0.2327980,0.3272674
0.2328800,0.3221037
0.2329620,0.3123928
0.2330440,0.3189574
0.2331260,0.3032069
0.2332080,0.3366657
0.2332900,0.3369959
0.2333720,0.3184801
0.2334540,0.3230349
0.2335360,0.3273967
0.2336180,0.3227556
0.2337000,0.3273448
0.2337820,0.3275582
0.2338640,0.3447462
0.2339460,0.3495555
0.2340280,0.3527179
0.2341100,0.3410203
0.2341920,0.3413637
0.2342740,0.3365356
0.2343560,0.2994292
0.2344380,0.2880761
0.2345200,0.2880174
0.2346020,0.3221033
0.2346840,0.3223596
0.2347660,0.2983518
0.2348480,0.2831135
0.2349300,0.2988173
0.2350120,0.3448849
0.2350940,0.3451951
0.2351760,0.3267301
0.2352580,0.3536876
0.2353400,0.3173530
0.2354220,0.3175255
0.2355040,0.3175644
0.2355860,0.3179911
0.2356680,0.3532740
0.2357500,0.3498482
0.2358320,0.3364040
0.2359140,0.3367058
0.2359960,0.3371029
0.2360780,0.3457887
0.2361600,0.3180260
0.2362420,0.3024719
0.2363240,0.3269478
0.2364060,0.2933691
0.2364880,0.2935778
0.2365700,0.3537004
0.2366520,0.3570887
0.2367340,0.2929715
0.2368160,0.3400078
0.2368980,0.3403568
0.2369800,0.3403831
0.2370620,0.3125905
0.2371440,0.3403521
0.2372260,0.3495833
0.2373080,0.3531074
0.2373900,0.3532753
0.2374720,0.3662197
0.2375540,0.3134338
0.2376360,0.3547890
0.2377180,0.3280944
0.2378000,0.3361523
0.2378820,0.3365247
0.2379640,0.3223203
0.2380460,0.3184925
0.2381280,0.3486517
0.2382100,0.3267500
0.2382920,0.3270881
0.2383740,0.3364329
0.2384560,0.3276840
0.2385380,0.3186014
0.2386200,0.3363013
0.2387020,0.3663183
0.2387840,0.3666440
0.2388660,0.3530276
0.2389480,0.3486007
0.2390300,0.3310238
0.2391120,0.2979285
0.2391940,0.2982521
0.2392760,0.2828203
0.2393580,0.2989324
0.2394400,0.3462616
0.2395220,0.3409538
0.2396040,0.3405672
0.2396860,0.3408492
0.2397680,0.3584559
0.2398500,0.3317561
0.2399320,0.3491881
0.2400140,0.3360047
0.2400960,0.3362896
0.2401780,0.3140766
0.2402600,0.3451514
0.2403420,0.3129570
0.2404240,0.3229638
0.2405060,0.3318694
0.2405880,0.3321556
0.2406700,0.3621366
0.2407520,0.2982401
0.2408340,0.2983459
0.2409160,0.3269945
0.2409980,0.3273258
0.2410800,0.3416322
0.2411620,0.3456468
0.2412440,0.3274189
0.2413260,0.3406431
0.2414080,0.3622720
0.2414900,0.3626203
0.2415720,0.3225211
0.2416540,0.3352325
0.2417360,0.3228293
0.2418180,0.3137508
0.2419000,0.3358060
0.2419820,0.3361282
0.2420640,0.2937280
0.2421460,0.3079179
0.2422280,0.3075939
0.2423100,0.3538089
0.2423920,0.3543667
0.2424740,0.3321047
0.2425560,0.3229345
0.2426380,0.3444753
0.2427200,0.3315358
0.2428020,0.3491708
0.2428840,0.3494509
0.2429660,0.3272481
0.2430480,0.3360614
0.2431300,0.3367456
0.2432120,0.3318072
0.2432940,0.3319589
0.2433760,0.3450699
0.2434580,0.3405950
0.2435400,0.3271528
0.2436220,0.3124731
0.2437040,0.3358685
0.2437860,0.3361894
0.2438680,0.3277854
0.2439500,0.3235048
0.2440320,0.3454673
0.2441140,0.3366599
0.2441960,0.3367181
0.2442780,0.3272930
0.2443600,0.3359464
0.2444420,0.3448046
0.2445240,0.3613384
0.2446060,0.3223677
0.2446880,0.3227740
0.2447700,0.2994005
0.2448520,0.3039201
0.2449340,0.3450281
0.2450160,0.3267197
0.2450980,0.3269443
0.2451800,0.3174913
0.2452620,0.3617285
0.2453440,0.3171698
0.2454260,0.3222091
0.2455080,0.3218305
0.2455900,0.3222365
0.2456720,0.3031708
0.2457540,0.3077421
0.2458360,0.3228347
0.2459180,0.3316770
0.2460000,0.3268074
0.2460820,0.3271554
0.2461640,0.3496618
0.2462460,0.3530239
0.2463280,0.3618239
0.2464100,0.3443696
0.2464920,0.3447195
0.2465740,0.3493203
0.2466560,0.3183495
0.2467380,0.3229698
0.2468200,0.3494665
0.2469020,0.3227042
0.2469840,0.3228143
0.2470660,0.3278704
0.2471480,0.2933445
0.2472300,0.3079773
0.2473120,0.2940870
0.2473940,0.2941891
0.2474760,0.3137767
0.2475580,0.3321872
0.2476400,0.3574892
0.2477220,0.3572511
0.2478040,0.3446820
0.2478860,0.3448545
0.2479680,0.3453825
0.2480500,0.3320551
0.2481320,0.3272655
0.2482140,0.3706396
0.2482960,0.3711825
0.2483780,0.3275119
0.2484600,0.3139658
0.2485420,0.3269162
0.2486240,0.3134188
0.2487060,0.3317547
0.2487880,0.3321053
0.2488700,0.3321684
0.2489520,0.3617217
0.2490340,0.3496264
0.2491160,0.3316791
0.2491980,0.3319379
0.2492800,0.3543268
0.2493620,0.3361453
0.2494440,0.3220958
0.2495260,0.3221937
0.2496080,0.2773676
0.2496900,0.2775299
0.2497720,0.3086426
0.2498540,0.3186444
0.2499360,0.3455952
0.2500180,0.3318647
0.2501000,0.3175683
0.2501820,0.3178586
0.2502640,0.3185218
0.2503460,0.2935605
0.2504280,0.2939742
0.2505100,0.3267821
0.2505920,0.3269324
0.2506740,0.3035309
0.2507560,0.2979384
0.2508380,0.3271578
0.2509200,0.3310186
0.2510020,0.3407734
0.2510840,0.3409984
0.2511660,0.3312958
0.2512480,0.3038035
0.2513300,0.3415924
0.2514120,0.3273476
0.2514940,0.3276380
0.2515760,0.3375582
0.2516580,0.3491622
0.2517400,0.3274757
0.2518220,0.3406638
0.2519040,0.3582042
0.2519860,0.3585176
0.2520680,0.3495677
0.2521500,0.3366554
0.2522320,0.2934242
0.2523140,0.3535013
0.2523960,0.3539380
0.2524780,0.3182326
0.2525600,0.3032776
0.2526420,0.3226956
0.2527240,0.3411328
0.2528060,0.3281974
0.2528880,0.3283711
0.2529700,0.3135762
0.2530520,0.3319482
0.2531340,0.3357136
0.2532160,0.3492390
0.2532980,0.3496262
0.2533800,0.3460361
0.2534620,0.3137337
0.2535440,0.3321763
0.2536260,0.3542658
0.2537080,0.3321926
0.2537900,0.3324401
0.2538720,0.3227376
0.2539540,0.3277679
0.2540360,0.2831298
0.2541180,0.3279030
0.2542000,0.2939070
0.2542820,0.2941056
0.2543640,0.3034985
0.2544460,0.3316788
0.2545280,0.3699950
0.2546100,0.3534307
0.2546920,0.3538039
0.2547740,0.3313717
0.2548560,0.3573808
0.2549380,0.3449238
0.2550200,0.3226373
0.2551020,0.3361196
0.2551840,0.3364075
0.2552660,0.3230968
0.2553480,0.3320935
0.2554300,0.3452483
0.2555120,0.3176494
0.2555940,0.3180500
0.2556760,0.3175216
0.2557580,0.3184622
0.2558400,0.3183694
0.2559220,0.3135136
0.2560040,0.3401131
0.2560860,0.3403734
0.2561680,0.3618084
0.2562500,0.3860661
0.2563320,0.3447205
0.2564140,0.3130279
0.2564960,0.3134533
0.2565780,0.3036754
0.2566600,0.2990690
0.2567420,0.3312366
0.2568240,0.3405536
0.2569060,0.2935290
0.2569880,0.2938979
0.2570700,0.2994454
0.2571520,0.3236980
0.2572340,0.3188466
0.2573160,0.2933452
0.2573980,0.2933244
0.2574800,0.3586365
0.2575620,0.3362005
0.2576440,0.3538135
0.2577260,0.3320709
0.2578080,0.3271515
0.2578900,0.3275654
0.2579720,0.3451100
0.2580540,0.3495412
0.2581360,0.3444360
0.2582180,0.3217319
0.2583000,0.3443829
0.2583820,0.3447561
0.2584640,0.3032405
0.2585460,0.3178086
0.2586280,0.3076790
0.2587100,0.3524697
0.2587920,0.3527235
0.2588740,0.3367066
0.2589560,0.3453405
0.2590380,0.3447213
0.2591200,0.3317566
0.2592020,0.3321207
0.2592840,0.3323609
0.2593660,0.3541234
0.2594480,0.2992668
0.2595300,0.3135555
0.2596120,0.3145778
0.2596940,0.3147242
0.2597760,0.3227426
0.2598580,0.3400446
0.2599400,0.3128024
0.2600220,0.3317638
0.2601040,0.3269182
0.2601860,0.3271939
0.2602680,0.3271550
0.2603500,0.3182297
0.2604320,0.3455333
0.2605140,0.3232647
0.2605960,0.3234810
0.2606780,0.3037797
0.2607600,0.3133043
0.2608420,0.2882602
0.2609240,0.3451084
0.2610060,0.3030966
0.2610880,0.3034782
0.2611700,0.3267921
0.2612520,0.3274574
0.2613340,0.3231429
0.2614160,0.2987448
0.2614980,0.2990593
0.2615800,0.3317165
0.2616620,0.3267178
0.2617440,0.3579772
0.2618260,0.3497510
0.2619080,0.3529486
0.2619900,0.3533540
0.2620720,0.3269731
0.2621540,0.3657041
0.2622360,0.3128079
0.2623180,0.3274967
0.2624000,0.3584440
0.2624820,0.3586830
0.2625640,0.3461183
0.2626460,0.3579216
0.2627280,0.3076194
0.2628100,0.2886892
0.2628920,0.2890155
0.2629740,0.2976650
0.2630560,0.2883090
0.2631380,0.3224517
0.2632200,0.3362540
0.2633020,0.3227877
0.2633840,0.3232537
0.2634660,0.3356766
0.2635480,0.3620222
0.2636300,0.3504992
0.2637120,0.3326500
0.2637940,0.3328734
0.2638760,0.3363538
0.2639580,0.3450075
0.2640400,0.3219876
0.2641220,0.3269794
0.2642040,0.3484184
0.2642860,0.3490494
0.2643680,0.3032782
0.2644500,0.2884945
0.2645320,0.3136968
0.2646140,0.3179336
0.2646960,0.3180725
0.2647780,0.3360610
0.2648600,0.3229155
0.2649420,0.3586842
0.2650240,0.3716570
0.2651060,0.3263175
0.2651880,0.3264426
0.2652700,0.3699321
0.2653520,0.3121556
0.2654340,0.3363789
0.2655160,0.3270044
0.2655980,0.3274003
0.2656800,0.3044662
0.2657620,0.3280796
0.2658440,0.3412039
0.2659260,0.3361613
0.2660080,0.3311031
0.2660900,0.3314126
0.2661720,0.3185000
0.2662540,0.3043200
0.2663360,0.3041451
0.2664180,0.3086555
0.2665000,0.3085506
0.2665820,0.3088847
0.2666640,0.2927298
0.2667460,0.3130254
0.2668280,0.3368307
0.2669100,0.3497100
0.2669920,0.3499752
0.2670740,0.3496085
0.2671560,0.3449380
0.2672380,0.3272714
0.2673200,0.3267720
0.2674020,0.3308304
0.2674840,0.3313277
0.2675660,0.3315310
0.2676480,0.3358288
0.2677300,0.3184556
0.2678120,0.3578574
0.2678940,0.3580542
0.2679760,0.3185654
0.2680580,0.3452877
0.2681400,0.3187097
0.2682220,0.3038051
0.2683040,0.3313312
0.2683860,0.3316661
0.2684680,0.3269998
0.2685500,0.3401910
0.2686320,0.3226417
0.2687140,0.3134319
0.2687960,0.3136925
0.2688780,0.3079249
0.2689600,0.3033351
0.2690420,0.3193902
0.2691240,0.3363567
0.2692060,0.3268283
0.2692880,0.3274523
0.2693700,0.3083929
0.2694520,0.3133181
0.2695340,0.3363486
0.2696160,0.3365025
0.2696980,0.3368165
0.2697800,0.3186643
0.2698620,0.3144721
0.2699440,0.3274869
0.2700260,0.3408599
0.2701080,0.3280457
0.2701900,0.3283360
0.2702720,0.3281235
0.2703540,0.3319048
0.2704360,0.3404256
0.2705180,0.3130010
0.2706000,0.2934222
0.2706820,0.2935797
0.2707640,0.2973756
0.2708460,0.3360185
0.2709280,0.3366656
0.2710100,0.3079652
0.2710920,0.3081967
0.2711740,0.3224857
0.2712560,0.2930497
0.2713380,0.3311927
0.2714200,0.2983296
0.2715020,0.3171057
0.2715840,0.3174910
0.2716660,0.3325143
0.2717480,0.3665750
0.2718300,0.3452723
0.2719120,0.3447597
0.2719940,0.3451254
0.2720760,0.3316871
0.2721580,0.2829524
0.2722400,0.3128995
0.2723220,0.3218105
0.2724040,0.3173590
0.2724860,0.3177597
0.2725680,0.3274085
0.2726500,0.2929889
0.2727320,0.3088372
0.2728140,0.3363525
0.2728960,0.3366621
0.2729780,0.3456152
0.2730600,0.2828327
0.2731420,0.3029134
0.2732240,0.3364745
0.2733060,0.3312896
0.2733880,0.3315482
0.2734700,0.3542462
0.2735520,0.3820601
0.2736340,0.3623073
0.2737160,0.3317777
0.2737980,0.3321548
0.2738800,0.3187591
0.2739620,0.3275788
0.2740440,0.2935359
0.2741260,0.3364455
0.2742080,0.3082294
0.2742900,0.3084242
0.2743720,0.3362391
0.2744540,0.3217013
0.2745360,0.3271151
0.2746180,0.3309173
0.2747000,0.3314818
0.2747820,0.3317098
0.2748640,0.3226974
0.2749460,0.3085764
0.2750280,0.2975981
0.2751100,0.3612686
0.2751920,0.3616245
0.2752740,0.3535383
0.2753560,0.3615319
0.2754380,0.3579159
0.2755200,0.3399124
0.2756020,0.3448604
0.2756840,0.3451052
0.2757660,0.3320498
0.2758480,0.3270812
0.2759300,0.3224844
0.2760120,0.3044139
0.2760940,0.3047073
0.2761760,0.3045849
0.2762580,0.3276264
0.2763400,0.3498842
0.2764220,0.3362792
0.2765040,0.2825576
0.2765860,0.2827682
0.2766680,0.3230436
0.2767500,0.3174267
0.2768320,0.3271718
0.2769140,0.3079173
0.2769960,0.3081874
0.2770780,0.2880072
0.2771600,0.3307229
0.2772420,0.3182134
0.2773240,0.3534850
0.2774060,0.3398072
0.2774880,0.3400240
0.2775700,0.3314149
0.2776520,0.3176177
0.2777340,0.3084012
0.2778160,0.3218832
0.2778980,0.3220916
0.2779800,0.3404388
0.2780620,0.3489420
0.2781440,0.3415784
0.2782260,0.3503183
0.2783080,0.3486515
0.2783900,0.3489137
0.2784720,0.3037136
0.2785540,0.3126225
0.2786360,0.2774753
0.2787180,0.2880614
0.2788000,0.3264490
0.2788820,0.3267694
0.2789640,0.3663372
0.2790460,0.3447932
0.2791280,0.3226939
0.2792100,0.3276758
0.2792920,0.3282104
0.2793740,0.3181212
0.2794560,0.3222394
0.2795380,0.2986127
0.2796200,0.3532791
0.2797020,0.3492735
0.2797840,0.3497009
0.2798660,0.3455828
0.2799480,0.3359275
0.2800300,0.3364354
0.2801120,0.3136207
0.2801940,0.3138355
0.2802760,0.3578427
0.2803580,0.3411888
0.2804400,0.3225151
0.2805220,0.3033722
0.2806040,0.3026409
0.2806860,0.3029486
0.2807680,0.3370228
0.2808500,0.3186855
0.2809320,0.3043781
0.2810140,0.3450167
0.2810960,0.3453416
0.2811780,0.3271182
0.2812600,0.3217857
0.2813420,0.3122535
0.2814240,0.3654379
0.2815060,0.3659981
0.2815880,0.3663272
0.2816700,0.3405457
0.2817520,0.3361421
0.2818340,0.3447855
0.2819160,0.3443131
0.2819980,0.3446924
0.2820800,0.3617370
0.2821620,0.3224965
0.2822440,0.3133269
0.2823260,0.3031998
0.2824080,0.2929361
0.2824900,0.2931258
0.2825720,0.2980187
0.2826540,0.3225506
0.2827360,0.3279846
0.2828180,0.3412970
0.2829000,0.3487911
0.2829820,0.3492249
0.2830640,0.3080593
0.2831460,0.3177105
0.2832280,0.3492443
0.2833100,0.3444669
0.2833920,0.3448111
0.2834740,0.3130366
0.2835560,0.3622063
0.2836380,0.3814507
0.2837200,0.3395611
0.2838020,0.3409394
0.2838840,0.3410972
0.2839660,0.3180353
0.2840480,0.3179035
0.2841300,0.3031382
0.2842120,0.3127771
0.2842940,0.3129861
0.2843760,0.3128681
0.2844580,0.3032839
0.2845400,0.3492482
0.2846220,0.3185066
0.2847040,0.3124748
0.2847860,0.3125530
0.2848680,0.3486540
0.2849500,0.3534091
0.2850320,0.3127827
0.2851140,0.3129198
0.2851960,0.3130874
0.2852780,0.3700842
0.2853600,0.3488617
0.2854420,0.3452722
0.2855240,0.3495194
0.2856060,0.3270509
0.2856880,0.3272187
0.2857700,0.3534632
0.2858520,0.3448631
0.2859340,0.3324710
0.2860160,0.2784898
0.2860980,0.2787228
0.2861800,0.3223140
0.2862620,0.3364009
0.2863440,0.3033721
0.2864260,0.3273151
0.2865080,0.3318603
0.2865900,0.3324581
0.2866720,0.3220757
0.2867540,0.3269997
0.2868360,0.3266739
0.2869180,0.3173793
0.2870000,0.3028763
0.2870820,0.3031014
0.2871640,0.3446052
0.2872460,0.3577761
0.2873280,0.3309598
0.2874100,0.3278162
0.2874920,0.3281261
0.2875740,0.3410735
0.2876560,0.3233909
0.2877380,0.3273552
0.2878200,0.2986254
0.2879020,0.3321965
0.2879840,0.3324306
0.2880660,0.2997229
0.2881480,0.3455549
0.2882300,0.3662169
0.2883120,0.3131000
0.2883940,0.3133804
0.2884760,0.3180922
0.2885580,0.3082293
0.2886400,0.3219681
0.2887220,0.3444825
0.2888040,0.3444810
0.2888860,0.3449041
0.2889680,0.3406536
0.2890500,0.3493214
0.2891320,0.3443877
0.2892140,0.3220523
0.2892960,0.3223117
0.2893780,0.3128229
0.2894600,0.3179800
0.2895420,0.2664412
0.2896240,0.3086232
0.2897060,0.2883479
0.2897880,0.2886047
0.2898700,0.3358691
0.2899520,0.3402380
0.2900340,0.3532680
0.2901160,0.3497385
0.2901980,0.3500975
0.2902800,0.3315002
0.2903620,0.3227680
0.2904440,0.3316645
0.2905260,0.3448147
0.2906080,0.3083775
0.2906900,0.3087319
0.2907720,0.3450379
0.2908540,0.3535912
0.2909360,0.3534777
0.2910180,0.3933012
0.2911000,0.3277897
0.2911820,0.3281938
0.2912640,0.3082411
0.2913460,0.3322740
0.2914280,0.3131557
0.2915100,0.3175750
0.2915920,0.3176653
0.2916740,0.3130673
0.2917560,0.3267197
0.2918380,0.3409828
0.2919200,0.3323763
0.2920020,0.3394289
0.2920840,0.3397308
0.2921660,0.3358334
0.2922480,0.3362278
0.2923300,0.3269516
0.2924120,0.3130586
0.2924940,0.3134600
0.2925760,0.3217460
0.2926580,0.3319366
0.2927400,0.3084053
0.2928220,0.3184154
0.2929040,0.3137060
0.2929860,0.3140175
0.2930680,0.3360426
0.2931500,0.3362429
0.2932320,0.3180589
0.2933140,0.3032008
0.2933960,0.3036660
0.2934780,0.3039159
0.2935600,0.3088551
0.2936420,0.3031765
0.2937240,0.2984669
0.2938060,0.3176378
0.2938880,0.3179766
0.2939700,0.3551899
0.2940520,0.3279045
0.2941340,0.3531343
0.2942160,0.3353100
0.2942980,0.3356654
0.2943800,0.3277662
0.2944620,0.3325335
0.2945440,0.3363681
0.2946260,0.3370961
0.2947080,0.3451634
0.2947900,0.3456150
0.2948720,0.3075140
0.2949540,0.3122142
0.2950360,0.3328301
0.2951180,0.3494762
0.2952000,0.3134403
0.2952820,0.3138310
0.2953640,0.3278137
0.2954460,0.3451013
0.2955280,0.3405891
0.2956100,0.3409345
0.2956920,0.3412177
0.2957740,0.3228862
0.2958560,0.3363719
0.2959380,0.3578413
0.2960200,0.3234158
0.2961020,0.3448983
0.2961840,0.3452748
0.2962660,0.3271521
0.2963480,0.3313107
0.2964300,0.3548407
0.2965120,0.3452724
0.2965940,0.3455936
0.2966760,0.3227623
0.2967580,0.3310435
0.2968400,0.3219548
0.2969220,0.2599964
0.2970040,0.3029912
0.2970860,0.3031392
0.2971680,0.3185445
0.2972500,0.3396954
0.2973320,0.3080361
0.2974140,0.3033713
0.2974960,0.3037251
0.2975780,0.3322590
0.2976600,0.3503772
0.2977420,0.3319657
0.2978240,0.3221593
0.2979060,0.2878408
0.2979880,0.2879844
0.2980700,0.3125007
0.2981520,0.3077369
0.2982340,0.3309369
0.2983160,0.3357030
0.2983980,0.3362257
0.2984800,0.3272467
0.2985620,0.3031843
0.2986440,0.3360040
0.2987260,0.3448780
0.2988080,0.2989275
0.2988900,0.2989456
0.2989720,0.2983488
0.2990540,0.2833302
0.2991360,0.3409692
0.2992180,0.3453349
0.2993000,0.3130403
0.2993820,0.3134188
0.2994640,0.2986664
0.2995460,0.3357829
0.2996280,0.3448662
0.2997100,0.3176591
0.2997920,0.3180803
0.2998740,0.3032837
0.2999560,0.3180268
0.3000380,0.3034529
0.3001200,0.3029745
0.3002020,0.3125789
0.3002840,0.3130667
0.3003660,0.3225958
0.3004480,0.3043558
0.3005300,0.2982285
0.3006120,0.2932353
0.3006940,0.2933977
0.3007760,0.3135501
0.3008580,0.3223229
0.3009400,0.3133235
0.3010220,0.3186613
0.3011040,0.3183659
0.3011860,0.3187686
0.3012680,0.3081892
0.3013500,0.3354949
0.3014320,0.3082830
0.3015140,0.3405774
0.3015960,0.3409122
0.3016780,0.3037859
0.3017600,0.3453599
0.3018420,0.2990822
0.3019240,0.3575402
0.3020060,0.3743023
0.3020880,0.3749418
0.3021700,0.3316873
0.3022520,0.3268781
0.3023340,0.3318390
0.3024160,0.3088388
0.3024980,0.3090775
0.3025800,0.2775132
0.3026620,0.2948882
0.3027440,0.3187006
0.3028260,0.3406318
0.3029080,0.3171840
0.3029900,0.3176156
0.3030720,0.3230949
0.3031540,0.3221632
0.3032360,0.3168978
0.3033180,0.3226235
0.3034000,0.3358526
0.3034820,0.3360902
0.3035640,0.3493060
0.3036460,0.3580502
0.3037280,0.3780182
0.3038100,0.3580355
0.3038920,0.3584918
0.3039740,0.3123341
0.3040560,0.3264285
0.3041380,0.3402013
0.3042200,0.3221691
0.3043020,0.3078614
0.3043840,0.3082364
0.3044660,0.3449949
0.3045480,0.3362219
0.3046300,0.3081303
0.3047120,0.2986459
0.3047940,0.2989510
0.3048760,0.3319098
0.3049580,0.3228857
0.3050400,0.3319656
0.3051220,0.3319450
0.3052040,0.3442148
0.3052860,0.3446265
0.3053680,0.3545060
0.3054500,0.3630944
0.3055320,0.3355934
0.3056140,0.3168178
0.3056960,0.3169231
0.3057780,0.3570553
0.3058600,0.3608458
0.3059420,0.3624316
0.3060240,0.3371614
0.3061060,0.2984130
0.3061880,0.2987511
0.3062700,0.2974683
0.3063520,0.3176007
0.3064340,0.3035407
0.3065160,0.3139339
0.3065980,0.3140643
0.3066800,0.3233024
0.3067620,0.3233134
0.3068440,0.3227396
0.3069260,0.3272675
0.3070080,0.3263617
0.3070900,0.3266101
0.3071720,0.3324113
0.3072540,0.3450247
0.3073360,0.3405739
0.3074180,0.3309095
0.3075000,0.3175742
0.3075820,0.3178760
0.3076640,0.3494050
0.3077460,0.3132583
0.3078280,0.3032445
0.3079100,0.3312472
0.3079920,0.3317344
0.3080740,0.3076130
0.3081560,0.3226600
0.3082380,0.3363376
0.3083200,0.3452193
0.3084020,0.3745716
0.3084840,0.3750551
0.3085660,0.2985493
0.3086480,0.3226166
0.3087300,0.3321031
0.3088120,0.3313044
0.3088940,0.3315863
0.3089760,0.3369646
0.3090580,0.3048685
0.3091400,0.3274651
0.3092220,0.3309155
0.3093040,0.3172223
0.3093860,0.3176578
0.3094680,0.3222050
0.3095500,0.3399881
0.3096320,0.3126087
0.3097140,0.3534759
0.3097960,0.3537316
0.3098780,0.3222175
0.3099600,0.3361926
0.3100420,0.3402145
0.3101240,0.3585991
0.3102060,0.3449309
0.3102880,0.3455211
0.3103700,0.3267029
0.3104520,0.3821347
0.3105340,0.3264175
0.3106160,0.3073370
0.3106980,0.3075795
0.3107800,0.3407919
0.3108620,0.3133751
0.3109440,0.2936858
0.3110260,0.3369110
0.3111080,0.2883850
0.3111900,0.2886935
0.3112720,0.3268502
0.3113540,0.3124315
0.3114360,0.3128698
0.3115180,0.3224317
0.3116000,0.3575420
0.3116820,0.3580361
0.3117640,0.3179269
0.3118460,0.3408960
0.3119280,0.2880328
0.3120100,0.2930230
0.3120920,0.2933059
0.3121740,0.3316281
0.3122560,0.3443277
0.3123380,0.3574089
0.3124200,0.3394758
0.3125020,0.3265441
0.3125840,0.3266173
0.3126660,0.3173750
0.3127480,0.3035252
0.3128300,0.3177577
0.3129120,0.3242308
0.3129940,0.3247734
0.3130760,0.2879586
0.3131580,0.3232700
0.3132400,0.3262004
0.3133220,0.3273422
0.3134040,0.3175334
0.3134860,0.3179700
0.3135680,0.2822618
0.3136500,0.3126519
0.3137320,0.3264063
0.3138140,0.3369542
0.3138960,0.3373425
0.3139780,0.3222512
0.3140600,0.3223372
0.3141420,0.3362567
0.3142240,0.3177079
0.3143060,0.3217980
0.3143880,0.3221025
0.3144700,0.3414647
0.3145520,0.3454413
0.3146340,0.3176095
0.3147160,0.3405990
0.3147980,0.3410305
0.3148800,0.2827839
0.3149620,0.2987764
0.3150440,0.3357940
0.3151260,0.3134637
0.3152080,0.2937811
0.3152900,0.2942515
0.3153720,0.2891954
0.3154540,0.3322491
0.3155360,0.3128484
0.3156180,0.3616788
0.3157000,0.3696962
0.3157820,0.3701750
0.3158640,0.3531713
0.3159460,0.3487507
0.3160280,0.3222114
0.3161100,0.3400719
0.3161920,0.3404528
0.3162740,0.3408248
0.3163560,0.3280437
0.3164380,0.2980145
0.3165200,0.3311743
0.3166020,0.3130097
0.3166840,0.3132666
0.3167660,0.3087441
0.3168480,0.3080755
0.3169300,0.3080062
0.3170120,0.2662136
0.3170940,0.2662697
0.3171760,0.2934724
0.3172580,0.3081815
0.3173400,0.3443659
0.3174220,0.3536354
0.3175040,0.3446026
0.3175860,0.3449514
0.3176680,0.3181593
0.3177500,0.3359122
0.3178320,0.3268708
0.3179140,0.3231309
0.3179960,0.3233767
0.3180780,0.3133596
0.3181600,0.3360437
0.3182420,0.3227101
0.3183240,0.3083538
0.3184060,0.3187833
0.3184880,0.3189662
0.3185700,0.3328569
0.3186520,0.3039259
0.3187340,0.3227631
0.3188160,0.2989689
0.3188980,0.2991110
0.3189800,0.3459705
0.3190620,0.3284309
0.3191440,0.3535964
0.3192260,0.3488782
0.3193080,0.3537140
0.3193900,0.3540374
0.3194720,0.3407194
0.3195540,0.3127244
0.3196360,0.3310645
0.3197180,0.3448095
0.3198000,0.3220230
0.3198820,0.3222556
0.3199640,0.3185261
0.3200460,0.3273332
0.3201280,0.3184171
0.3202100,0.3414238
0.3202920,0.3416939
0.3203740,0.3544058
0.3204560,0.3230938
0.3205380,0.3084585
0.3206200,0.3310590
0.3207020,0.3270529
0.3207840,0.3276570
0.3208660,0.2879241
0.3209480,0.3443917
0.3210300,0.3524779
0.3211120,0.3272489
0.3211940,0.3275783
0.3212760,0.3135427
0.3213580,0.3086633
0.3214400,0.2937210
0.3215220,0.2776705
0.3216040,0.3075733
0.3216860,0.3078699
0.3217680,0.3448019
0.3218500,0.3407572
0.3219320,0.3184944
0.3220140,0.3041078
0.3220960,0.3043137
0.3221780,0.3139206
0.3222600,0.3576997
0.3223420,0.3086367
0.3224240,0.3030916
0.3225060,0.3231072
0.3225880,0.3233823
0.3226700,0.3085053
0.3227520,0.3459375
0.3228340,0.3270028
0.3229160,0.3038170
0.3229980,0.3041228
0.3230800,0.3084179
0.3231620,0.3370986
0.3232440,0.3452668
0.3233260,0.3400877
0.3234080,0.3490602
0.3234900,0.3493263
0.3235720,0.3318461
0.3236540,0.3129901
0.3237360,0.3219355
0.3238180,0.3128029
0.3239000,0.3452471
0.3239820,0.3455804
0.3240640,0.3457060
0.3241460,0.3036528
0.3242280,0.3222876
0.3243100,0.3079821
0.3243920,0.3082387
0.3244740,0.3129146
0.3245560,0.3359884
0.3246380,0.3268559
0.3247200,0.2976204
0.3248020,0.3087276
0.3248840,0.3089913
0.3249660,0.3224931
0.3250480,0.3211837
0.3251300,0.3528024
0.3252120,0.3353085
0.3252940,0.3357402
0.3253760,0.3366636
0.3254580,0.3276112
0.3255400,0.3177621
0.3256220,0.2926086
0.3257040,0.3141275
0.3257860,0.3146395
0.3258680,0.3034211
0.3259500,0.3180208
0.3260320,0.3498515
0.3261140,0.3221740
0.3261960,0.3225083
0.3262780,0.3584632
0.3263600,0.3400595
0.3264420,0.3122109
0.3265240,0.3310958
0.3266060,0.3125675
0.3266880,0.3127548
0.3267700,0.3410541
0.3268520,0.2879363
0.3269340,0.3079349
0.3270160,0.3439402
0.3270980,0.3444169
0.3271800,0.3182079
0.3272620,0.3089937
0.3273440,0.2930242
0.3274260,0.3130993
0.3275080,0.3577286
0.3275900,0.3581976
0.3276720,0.3224292
0.3277540,0.3125007
0.3278360,0.3185578
0.3279180,0.3129297
0.3280000,0.3224970
0.3280820,0.3226058
0.3281640,0.3446633
0.3282460,0.3396238
0.3283280,0.3448787
0.3284100,0.3311097
0.3284920,0.3315653
0.3285740,0.3363425
0.3286560,0.3311746
0.3287380,0.3228910
0.3288200,0.2775480
0.3289020,0.2930107
0.3289840,0.2933530
0.3290660,0.2942035
0.3291480,0.3267408
0.3292300,0.3265705
0.3293120,0.3219093
0.3293940,0.3221711
0.3294760,0.3276647
0.3295580,0.3132459
0.3296400,0.3271705
0.3297220,0.3177668
0.3298040,0.3369820
0.3298860,0.3372728
0.3299680,0.3187299
0.3300500,0.3219494
0.3301320,0.3358914
0.3302140,0.3025590
0.3302960,0.3028928
0.3303780,0.3227646
0.3304600,0.3614660
0.3305420,0.3355084
0.3306240,0.3133683
0.3307060,0.3127037
0.3307880,0.3131673
0.3308700,0.3088220
0.3309520,0.3084112
0.3310340,0.3076253
0.3311160,0.3269365
0.3311980,0.3270371
0.3312800,0.3224387
0.3313620,0.3403609
0.3314440,0.3264341
0.3315260,0.3533810
0.3316080,0.3221410
0.3316900,0.3225841
0.3317720,0.3137133
0.3318540,0.3498891
0.3319360,0.3576563
0.3320180,0.3617922
0.3321000,0.3220757
0.3321820,0.3223737
0.3322640,0.3039448
0.3323460,0.3315778
0.3324280,0.3175017
0.3325100,0.3260682
0.3325920,0.3262537
0.3326740,0.3492216
0.3327560,0.3031088
0.3328380,0.3123850
0.3329200,0.3132818
0.3330020,0.3190054
0.3330840,0.3193492
0.3331660,0.2983043
0.3332480,0.3491732
0.3333300,0.3439908
0.3334120,0.3266654
0.3334940,0.3268906
0.3335760,0.3367111
0.3336580,0.3082565
0.3337400,0.3215446
0.3338220,0.3023840
0.3339040,0.3311188
0.3339860,0.3313485
0.3340680,0.3574213
0.3341500,0.3274634
0.3342320,0.3125579
0.3343140,0.3265969
0.3343960,0.3269888
0.3344780,0.3400999
0.3345600,0.3084407
0.3346420,0.3034888
0.3347240,0.2824043
0.3348060,0.2980563
0.3348880,0.2981670
0.3349700,0.3273018
0.3350520,0.3171913
0.3351340,0.2820152
0.3352160,0.3226743
0.3352980,0.3228138
0.3353800,0.3496268
0.3354620,0.3444906
0.3355440,0.2987576
0.3356260,0.3085675
0.3357080,0.3031620
0.3357900,0.3032891
0.3358720,0.3275559
0.3359540,0.3312178
0.3360360,0.3030618
0.3361180,0.3225222
0.3362000,0.2980078
0.3362820,0.2984103
0.3363640,0.3319461
0.3364460,0.3361130
0.3365280,0.3453648
0.3366100,0.3219494
0.3366920,0.3222715
0.3367740,0.3221610
0.3368560,0.3363979
0.3369380,0.3038990
0.3370200,0.3224466
0.3371020,0.3039087
0.3371840,0.3042314
0.3372660,0.3094613
0.3373480,0.3078987
0.3374300,0.3228333
0.3375120,0.3495097
0.3375940,0.3498769
0.3376760,0.3182421
0.3377580,0.3230589
0.3378400,0.3569667
0.3379220,0.3487691
0.3380040,0.3175537
0.3380860,0.3178202
0.3381680,0.3319616
0.3382500,0.3079166
0.3383320,0.3088919
0.3384140,0.3219639
0.3384960,0.3222234
0.3385780,0.3411812
0.3386600,0.3232883
0.3387420,0.2936732
0.3388240,0.3493396
0.3389060,0.3081120
0.3389880,0.3085121
0.3390700,0.3364538
0.3391520,0.3181661
0.3392340,0.3221471
0.3393160,0.3448941
0.3393980,0.3450182
0.3394800,0.3364093
0.3395620,0.3408206
0.3396440,0.3229081
0.3397260,0.2979325
0.3398080,0.3454286
0.3398900,0.3457425
0.3399720,0.3412414
0.3400540,0.3179561
0.3401360,0.3618976
0.3402180,0.3403685
0.3403000,0.3368788
0.3403820,0.3372171
0.3404640,0.3272651
0.3405460,0.3232775
0.3406280,0.3035395
0.3407100,0.3271797
0.3407920,0.3275593
0.3408740,0.3226973
0.3409560,0.3319145
0.3410380,0.3127391
0.3411200,0.3227020
0.3412020,0.3412303
0.3412840,0.3415147
0.3413660,0.3226963
0.3414480,0.3371607
0.3415300,0.3363856
0.3416120,0.3358908
0.3416940,0.3362226
0.3417760,0.3664186
0.3418580,0.3775589
0.3419400,0.3179089
0.3420220,0.2981190
0.3421040,0.3137571
0.3421860,0.3140618
0.3422680,0.3582178
0.3423500,0.3219410
0.3424320,0.2934985
0.3425140,0.3132831
0.3425960,0.3136318
0.3426780,0.3086468
0.3427600,0.3227756
0.3428420,0.3408270
0.3429240,0.3459030
0.3430060,0.3451488
0.3430880,0.3455321
0.3431700,0.3042741
0.3432520,0.3083253
0.3433340,0.3627581
0.3434160,0.3818742
0.3434980,0.3823290
0.3435800,0.3536393
0.3436620,0.3079741
0.3437440,0.3268119
0.3438260,0.3127495
0.3439080,0.3176143
0.3439900,0.3179563
0.3440720,0.2879744
0.3441540,0.3031909
0.3442360,0.2984301
0.3443180,0.3088129
0.3444000,0.2932843
0.3444820,0.2935354
0.3445640,0.3191462
0.3446460,0.3133581
0.3447280,0.3456689
0.3448100,0.3818691
0.3448920,0.3822446
0.3449740,0.3704720
0.3450560,0.3659002
0.3451380,0.3579112
0.3452200,0.3537571
0.3453020,0.3575207
0.3453840,0.3578835
0.3454660,0.3361263
0.3455480,0.3358633
0.3456300,0.3359666
0.3457120,0.3025830
0.3457940,0.3027171
0.3458760,0.3356723
0.3459580,0.3326148
0.3460400,0.3230249
0.3461220,0.3359720
0.3462040,0.2982827
0.3462860,0.2986135
0.3463680,0.3271479
0.3464500,0.2990138
0.3465320,0.3079942
0.3466140,0.3536576
0.3466960,0.3540638
0.3467780,0.3358095
0.3468600,0.3446615
0.3469420,0.3611878
0.3470240,0.3782178
0.3471060,0.3658986
0.3471880,0.3664390
0.3472700,0.3321775
0.3473520,0.3313184
0.3474340,0.3172979
0.3475160,0.3402699
0.3475980,0.3406252
0.3476800,0.3357583
0.3477620,0.3484848
0.3478440,0.3398807
0.3479260,0.3131506
0.3480080,0.2781090
0.3480900,0.2783831
0.3481720,0.2673596
0.3482540,0.3230254
0.3483360,0.3365222
0.3484180,0.3310796
0.3485000,0.3361970
0.3485820,0.3363881
0.3486640,0.3036658
0.3487460,0.3170995
0.3488280,0.3443230
0.3489100,0.2986959
0.3489920,0.2989573
0.3490740,0.3180944
0.3491560,0.3450143
0.3492380,0.3129796
0.3493200,0.3451319
0.3494020,0.3140401
0.3494840,0.3143400
0.3495660,0.3131379
0.3496480,0.3121029
0.3497300,0.2986276
0.3498120,0.3444136
0.3498940,0.3446575
0.3499760,0.3077321
0.3500580,0.3089798
0.3501400,0.3225611
0.3502220,0.3486317
0.3503040,0.3609232
0.3503860,0.3614434
0.3504680,0.3274551
0.3505500,0.3266984
0.3506320,0.3399834
0.3507140,0.3266849
0.3507960,0.3268766
0.3508780,0.3411250
0.3509600,0.3367185
0.3510420,0.3312623
0.3511240,0.3174023
0.3512060,0.3444651
0.3512880,0.3448132
0.3513700,0.3220624
0.3514520,0.2880534
0.3515340,0.2981965
0.3516160,0.2993431
0.3516980,0.2995296
0.3517800,0.2982523
0.3518620,0.3077661
0.3519440,0.3223376
0.3520260,0.3580729
0.3521080,0.3400614
0.3521900,0.3405398
0.3522720,0.2875030
0.3523540,0.3136849
0.3524360,0.3222220
0.3525180,0.3224296
0.3526000,0.3183645
0.3526820,0.3184169
0.3527640,0.3409209
0.3528460,0.3406147
0.3529280,0.3405097
0.3530100,0.3411841
0.3530920,0.3417424
0.3531740,0.3228249
0.3532560,0.3315525
0.3533380,0.3075286
0.3534200,0.2979412
0.3535020,0.3028459
0.3535840,0.3030576
0.3536660,0.3079287
0.3537480,0.3135733
0.3538300,0.3494425
0.3539120,0.3323214
0.3539940,0.3328001
0.3540760,0.3313895
0.3541580,0.3080717
0.3542400,0.2827470
0.3543220,0.3454045
0.3544040,0.3309654
0.3544860,0.3313249
0.3545680,0.3576452
0.3546500,0.3787870
0.3547320,0.3705868
0.3548140,0.3651790
0.3548960,0.3656479
0.3549780,0.3363964
0.3550600,0.3311894
0.3551420,0.3497968
0.3552240,0.2981276
0.3553060,0.3128442
0.3553880,0.3134210
0.3554700,0.3032989
0.3555520,0.3317893
0.3556340,0.2884135
0.3557160,0.3446335
0.3557980,0.3448895
0.3558800,0.3215689
0.3559620,0.3620222
0.3560440,0.3311367
0.3561260,0.3660310
0.3562080,0.3779494
0.3562900,0.3782104
0.3563720,0.3706821
0.3564540,0.3623086
0.3565360,0.3223134
0.3566180,0.3438775
0.3567000,0.3367665
0.3567820,0.3370407
0.3568640,0.3095388
0.3569460,0.3036658
0.3570280,0.2768960
0.3571100,0.2930003
0.3571920,0.2931637
0.3572740,0.3406377
0.3573560,0.2931259
0.3574380,0.3275186
0.3575200,0.3085730
0.3576020,0.3491405
0.3576840,0.3493701
0.3577660,0.3536955
0.3578480,0.3220803
0.3579300,0.3665271
0.3580120,0.3313947
0.3580940,0.3317316
0.3581760,0.3543206
0.3582580,0.3498217
0.3583400,0.3078939
0.3584220,0.3080192
0.3585040,0.3180028
0.3585860,0.3182965
0.3586680,0.3221982
0.3587500,0.3178112
0.3588320,0.3309657
0.3589140,0.3570500
0.3589960,0.3573871
0.3590780,0.3544535
0.3591600,0.3413477
0.3592420,0.3413601
0.3593240,0.3222647
0.3594060,0.3358884
0.3594880,0.3361691
0.3595700,0.3311693
0.3596520,0.3360044
0.3597340,0.3451528
0.3598160,0.3179483
0.3598980,0.3180234
0.3599800,0.3407570
0.3600620,0.3355577
0.3601440,0.3219179
0.3602260,0.3129902
0.3603080,0.2824675
0.3603900,0.2826628
0.3604720,0.2776053
0.3605540,0.3180972
0.3606360,0.3404211
0.3607180,0.3084369
0.3608000,0.3176453
0.3608820,0.3179370
0.3609640,0.3317430
0.3610460,0.3127159
0.3611280,0.2931003
0.3612100,0.3270408
0.3612920,0.3272374
0.3613740,0.3230099
0.3614560,0.3411678
0.3615380,0.3131978
0.3616200,0.3443083
0.3617020,0.3359128
0.3617840,0.3361837
0.3618660,0.3406055
0.3619480,0.3320806
0.3620300,0.3410567
0.3621120,0.3535309
0.3621940,0.3539092
0.3622760,0.3227245
0.3623580,0.2989919
0.3624400,0.3087530
0.3625220,0.2993132
0.3626040,0.3136557
0.3626860,0.3140564
0.3627680,0.3450232
0.3628500,0.3357931
0.3629320,0.3131832
0.3630140,0.3228120
0.3630960,0.3232061
0.3631780,0.2989713
0.3632600,0.3227305
0.3633420,0.3493019
0.3634240,0.3403492
0.3635060,0.3321635
0.3635880,0.3323842
0.3636700,0.3409130
0.3637520,0.3533603
0.3638340,0.3579943
0.3639160,0.3456694
0.3639980,0.3459530
0.3640800,0.3230812
0.3641620,0.3175970
0.3642440,0.3452716
0.3643260,0.3225468
0.3644080,0.3127681
0.3644900,0.3129433
0.3645720,0.3313310
0.3646540,0.3543218
0.3647360,0.3494655
0.3648180,0.3574355
0.3649000,0.3314450
0.3649820,0.3316619
0.3650640,0.3445412
0.3651460,0.3226747
0.3652280,0.3355864
0.3653100,0.3260563
0.3653920,0.3265141
0.3654740,0.3318671
0.3655560,0.2992952
0.3656380,0.3185917
0.3657200,0.3825493
0.3658020,0.3613343
0.3658840,0.3615250
0.3659660,0.3536215
0.3660480,0.3133236
0.3661300,0.3177669
0.3662120,0.3174182
0.3662940,0.3178981
0.3663760,0.2888799
0.3664580,0.3029645
0.3665400,0.2980979
0.3666220,0.3224751
0.3667040,0.3270596
0.3667860,0.3274078
0.3668680,0.3181678
0.3669500,0.3081990
0.3670320,0.3175737
0.3671140,0.3533548
0.3671960,0.3538325
0.3672780,0.3125044
0.3673600,0.3365013
0.3674420,0.3617155
0.3675240,0.3570263
0.3676060,0.3270034
0.3676880,0.3273505
0.3677700,0.3578303
0.3678520,0.3261820
0.3679340,0.3215855
0.3680160,0.3074322
0.3680980,0.3077875
0.3681800,0.3092443
0.3682620,0.2933226
0.3683440,0.2933038
0.3684260,0.2980942
0.3685080,0.3271375
0.3685900,0.3274769
0.3686720,0.3130056
0.3687540,0.3272130
0.3688360,0.3902375
0.3689180,0.3366361
0.3690000,0.3710596
0.3690820,0.3714084
0.3691640,0.3138046
0.3692460,0.3321770
0.3693280,0.3034623
0.3694100,0.3229862
0.3694920,0.3234638
0.3695740,0.3270124
0.3696560,0.3279782
0.3697380,0.3278897
0.3698200,0.3318962
0.3699020,0.3130579
0.3699840,0.3133704
0.3700660,0.3278224
0.3701480,0.3230119
0.3702300,0.3084441
0.3703120,0.3615365
0.3703940,0.3619995
0.3704760,0.3175580
0.3705580,0.3323368
0.3706400,0.3457052
0.3707220,0.3182937
0.3708040,0.3091947
0.3708860,0.3096380
0.3709680,0.3318607
0.3710500,0.3227320
0.3711320,0.3317156
0.3712140,0.3177654
0.3712960,0.3179516
0.3713780,0.3196055
0.3714600,0.3238974
0.3715420,0.2988392
0.3716240,0.3177519
0.3717060,0.3124992
0.3717880,0.3127238
0.3718700,0.3368878
0.3719520,0.3128149
0.3720340,0.3455485
0.3721160,0.3272538
0.3721980,0.3277228
0.3722800,0.3237711
0.3723620,0.3401365
0.3724440,0.3040242
0.3725260,0.3139246
0.3726080,0.3185548
0.3726900,0.3188005
0.3727720,0.3131849
0.3728540,0.3076788
0.3729360,0.3027106
0.3730180,0.3452210
0.3731000,0.3035072
0.3731820,0.3037158
0.3732640,0.3275968
0.3733460,0.3276434
0.3734280,0.3582951
0.3735100,0.3409110
0.3735920,0.3412012
0.3736740,0.3238692
0.3737560,0.3265817
0.3738380,0.3084895
0.3739200,0.3177767
0.3740020,0.3131239
0.3740840,0.3137055
0.3741660,0.3034009
0.3742480,0.3128237
0.3743300,0.3178850
0.3744120,0.3273688
0.3744940,0.3276850
0.3745760,0.3231231
0.3746580,0.3269844
0.3747400,0.3415529
0.3748220,0.3231712
0.3749040,0.3226566
0.3749860,0.3226996
0.3750680,0.3541183
0.3751500,0.3224377
0.3752320,0.3488587
0.3753140,0.3449056
0.3753960,0.3452760
0.3754780,0.3450564
0.3755600,0.3663840
0.3756420,0.3311451
0.3757240,0.3320283
0.3758060,0.3614235
0.3758880,0.3617348
0.3759700,0.3318191
0.3760520,0.3273092
0.3761340,0.3081454
0.3762160,0.3123964
0.3762980,0.3127262
0.3763800,0.2830903
0.3764620,0.2775278
0.3765440,0.3501746
0.3766260,0.3228180
0.3767080,0.3317323
0.3767900,0.3320537
0.3768720,0.3129495
0.3769540,0.3736058
0.3770360,0.3653579
0.3771180,0.3319196
0.3772000,0.3664322
0.3772820,0.3666461
0.3773640,0.3707210
0.3774460,0.3440218
0.3775280,0.3405066
0.3776100,0.3273123
0.3776920,0.3275549
0.3777740,0.3323292
0.3778560,0.3179182
0.3779380,0.2883326
0.3780200,0.3036256
0.3781020,0.3085213
0.3781840,0.3087011
0.3782660,0.3376924
0.3783480,0.3230129
0.3784300,0.3504851
0.3785120,0.3224437
0.3785940,0.3226929
0.3786760,0.3365287
0.3787580,0.3454056
0.3788400,0.3902536
0.3789220,0.3319163
0.3790040,0.3272057
0.3790860,0.3275107
0.3791680,0.3127504
0.3792500,0.3361746
0.3793320,0.3322147
0.3794140,0.3367434
0.3794960,0.3370369
0.3795780,0.3314780
0.3796600,0.3178520
0.3797420,0.3363181
0.3798240,0.3173214
0.3799060,0.3039425
0.3799880,0.3042108
0.3800700,0.3140732
0.3801520,0.3186908
0.3802340,0.3138026
0.3803160,0.3450340
0.3803980,0.3453465
0.3804800,0.3276138
0.3805620,0.3134523
0.3806440,0.3368572
0.3807260,0.3453987
0.3808080,0.3492042
0.3808900,0.3497270
0.3809720,0.3367743
0.3810540,0.3495407
0.3811360,0.3497650
0.3812180,0.3367263
0.3813000,0.3321370
0.3813820,0.3324457
0.3814640,0.3188711
0.3815460,0.3080758
0.3816280,0.2987619
0.3817100,0.3037004
0.3817920,0.3040978
0.3818740,0.2838902
0.3819560,0.3180801
0.3820380,0.3178947
0.3821200,0.3404890
0.3822020,0.3533484
0.3822840,0.3536163
0.3823660,0.3330691
0.3824480,0.3446128
0.3825300,0.3361798
0.3826120,0.3131549
0.3826940,0.3133838
0.3827760,0.3087594
0.3828580,0.3623369
0.3829400,0.3229670
0.3830220,0.3040401
0.3831040,0.3131619
0.3831860,0.3133477
0.3832680,0.3275027
0.3833500,0.3130564
0.3834320,0.3272394
0.3835140,0.3451994
0.3835960,0.3454028
0.3836780,0.3364281
0.3837600,0.3230307
0.3838420,0.3036178
0.3839240,0.3185624
0.3840060,0.3219937
0.3840880,0.3222930
0.3841700,0.3413737
0.3842520,0.3453102
0.3843340,0.3324976
0.3844160,0.3447400
0.3844980,0.3452835
0.3845800,0.3273623
0.3846620,0.3175253
0.3847440,0.2982203
0.3848260,0.3269652
0.3849080,0.2985717
0.3849900,0.2988250
0.3850720,0.3040772
0.3851540,0.3279853
0.3852360,0.3227990
0.3853180,0.3221427
0.3854000,0.3454670
0.3854820,0.3458434
0.3855640,0.3501142
0.3856460,0.3461635
0.3857280,0.3449688
0.3858100,0.3073090
0.3858920,0.3074934
0.3859740,0.3537098
0.3860560,0.2992647
0.3861380,0.3133405
0.3862200,0.2832578
0.3863020,0.3085316
0.3863840,0.3087817
0.3864660,0.2932693
0.3865480,0.3273476
0.3866300,0.3222910
0.3867120,0.3363222
0.3867940,0.3363683
0.3868760,0.3232119
0.3869580,0.3531963
0.3870400,0.3366699
0.3871220,0.2929698
0.3872040,0.3220867
0.3872860,0.3226364
0.3873680,0.2876022
0.3874500,0.3447473
0.3875320,0.3222896
0.3876140,0.3406524
0.3876960,0.3409762
0.3877780,0.3219577
0.3878600,0.3180695
0.3879420,0.3580991
0.3880240,0.3130288
0.3881060,0.3224902
0.3881880,0.3227540
0.3882700,0.3494945
0.3883520,0.3183786
0.3884340,0.3426466
0.3885160,0.2978614
0.3885980,0.2981839
0.3886800,0.3132714
0.3887620,0.3183404
0.3888440,0.3036563
0.3889260,0.3271318
0.3890080,0.3534696
0.3890900,0.3540127
0.3891720,0.3495177
0.3892540,0.3272258
0.3893360,0.3453558
0.3894180,0.3188592
0.3895000,0.3365244
0.3895820,0.3371580
0.3896640,0.3459151
0.3897460,0.3364849
0.3898280,0.3412206
0.3899100,0.3269558
0.3899920,0.3272219
0.3900740,0.3274932
0.3901560,0.3496284
0.3902380,0.3359585
0.3903200,0.3184221
0.3904020,0.3267306
0.3904840,0.3271340
0.3905660,0.3126708
0.3906480,0.3135194
0.3907300,0.3275724
0.3908120,0.3130384
0.3908940,0.3133914
0.3909760,0.3132488
0.3910580,0.3405288
0.3911400,0.3536629
0.3912220,0.3489744
0.3913040,0.3445466
0.3913860,0.3447377
0.3914680,0.3224803
0.3915500,0.3172314
0.3916320,0.3266215
0.3917140,0.3532306
0.3917960,0.3536267
0.3918780,0.3037391
0.3919600,0.3326042
0.3920420,0.3318765
0.3921240,0.3227547
0.3922060,0.3358659
0.3922880,0.3360033
0.3923700,0.3400751
0.3924520,0.3660904
0.3925340,0.3315716
0.3926160,0.3453176
0.3926980,0.3458099
0.3927800,0.3323001
0.3928620,0.2933182
0.3929440,0.3170021
0.3930260,0.3571835
0.3931080,0.3178954
0.3931900,0.3181557
0.3932720,0.3236250
0.3933540,0.3235739
0.3934360,0.3173227
0.3935180,0.3135500
0.3936000,0.3028522
0.3936820,0.3030939
0.3937640,0.3230706
0.3938460,0.2982901
0.3939280,0.3184168
0.3940100,0.3230190
0.3940920,0.3231876
0.3941740,0.3538479
0.3942560,0.3132972
0.3943380,0.3401774
0.3944200,0.3738219
0.3945020,0.3620628
0.3945840,0.3624861
0.3946660,0.3414323
0.3947480,0.3317468
0.3948300,0.3584369
0.3949120,0.3404258
0.3949940,0.3407251
0.3950760,0.3493010
0.3951580,0.3501506
0.3952400,0.3269167
0.3953220,0.3090674
0.3954040,0.2822370
0.3954860,0.2823981
0.3955680,0.3312506
0.3956500,0.3275346
0.3957320,0.3365785
0.3958140,0.3136842
0.3958960,0.3138034
0.3959780,0.2883494
0.3960600,0.3366521
0.3961420,0.3532088
0.3962240,0.3225705
0.3963060,0.3455308
0.3963880,0.3458479
0.3964700,0.3321320
0.3965520,0.3406682
0.3966340,0.3822342
0.3967160,0.3406062
0.3967980,0.3408951
0.3968800,0.3183823
0.3969620,0.3409777
0.3970440,0.3493967
0.3971260,0.3741802
0.3972080,0.3535067
0.3972900,0.3538631
0.3973720,0.3406767
0.3974540,0.3314590
0.3975360,0.3179503
0.3976180,0.3029871
0.3977000,0.3182229
0.3977820,0.3184164
0.3978640,0.3137342
0.3979460,0.3703123
0.3980280,0.3487787
0.3981100,0.3224718
0.3981920,0.3226600
0.3982740,0.3180491
0.3983560,0.3312351
0.3984380,0.3582636
0.3985200,0.3754332
0.3986020,0.3629516
0.3986840,0.3634787
0.3987660,0.3540476
0.3988480,0.3493531
0.3989300,0.3230607
0.3990120,0.2950545
0.3990940,0.2954545
0.3991760,0.3032524
0.3992580,0.3221953
0.3993400,0.3268284
0.3994220,0.3318923
0.3995040,0.3227293
0.3995860,0.3228711
0.3996680,0.3083452
0.3997500,0.3270840
0.3998320,0.3316574
0.3999140,0.3367835
0.3999960,0.3370500
0.4000780,0.3539847
0.4001600,0.3619413
0.4002420,0.3443056
0.4003240,0.3443733
0.4004060,0.3270604
0.4004880,0.3274642
0.4005700,0.3181466
0.4006520,0.3268676
0.4007340,0.3449447
0.4008160,0.3317771
0.4008980,0.3322665
0.4009800,0.3184027
0.4010620,0.2829526
0.4011440,0.3175568
0.4012260,0.3234807
0.4013080,0.3411320
0.4013900,0.3414467
0.4014720,0.3370869
0.4015540,0.3541996
0.4016360,0.3276077
0.4017180,0.3312751
0.4018000,0.3443347
0.4018820,0.3444728
0.4019640,0.3660952
0.4020460,0.3410942
0.4021280,0.3358851
0.4022100,0.3448089
0.4022920,0.3450105
0.4023740,0.3546263
0.4024560,0.3318530
0.4025380,0.3135580
0.4026200,0.3361579
0.4027020,0.3024986
0.4027840,0.3028952
0.4028660,0.2929765
0.4029480,0.3183093
0.4030300,0.3081889
0.4031120,0.3398546
0.4031940,0.3401757
0.4032760,0.3085957
0.4033580,0.3040585
0.4034400,0.3131445
0.4035220,0.3536238
0.4036040,0.3623803
0.4036860,0.3626888
0.4037680,0.3663371
0.4038500,0.3657254
0.4039320,0.3611396
0.4040140,0.3527647
0.4040960,0.3533016
0.4041780,0.3413196
0.4042600,0.3583703
0.4043420,0.3582905
0.4044240,0.3373054
0.4045060,0.3320029
0.4045880,0.3323748
0.4046700,0.3221061
0.4047520,0.3036552
0.4048340,0.3225890
0.4049160,0.3270764
0.4049980,0.3274966
0.4050800,0.2879825
0.4051620,0.3031098
0.4052440,0.3359518
0.4053260,0.3574412
0.4054080,0.3407465
0.4054900,0.3409699
0.4055720,0.3704731
0.4056540,0.3314642
0.4057360,0.3704572
0.4058180,0.3278778
0.4059000,0.3278377
0.4059820,0.3280980
0.4060640,0.3269641
0.4061460,0.2984951
0.4062280,0.3226350
0.4063100,0.3406223
0.4063920,0.3411155
0.4064740,0.3089359
0.4065560,0.3133501
0.4066380,0.3034227
0.4067200,0.3273759
0.4068020,0.3133957
0.4068840,0.3136636
0.4069660,0.3275445
0.4070480,0.3318680
0.4071300,0.3175929
0.4072120,0.3272920
0.4072940,0.3275687
0.4073760,0.3490100
0.4074580,0.3453686
0.4075400,0.3140684
0.4076220,0.3313907
0.4077040,0.3278329
0.4077860,0.3280784
0.4078680,0.3364572
0.4079500,0.3269863
0.4080320,0.3415966
0.4081140,0.3137039
0.4081960,0.3139760
0.4082780,0.3457058
0.4083600,0.3409494
0.4084420,0.3657628
0.4085240,0.3369026
0.4086060,0.3272932
0.4086880,0.3275269
0.4087700,0.3540732
0.4088520,0.3534429
0.4089340,0.3406925
0.4090160,0.3491995
0.4090980,0.3496265
0.4091800,0.3319457
0.4092620,0.3174292
0.4093440,0.3184249
0.4094260,0.3179134
0.4095080,0.2934676
0.4095900,0.2937340
0.4096720,0.3277439
0.4097540,0.2984600
0.4098360,0.3083579
0.4099180,0.3535308
0.4100000,0.3703488
