Time (ns),Water after lsq fit to Water
0.0000000,0.0000000
0.0000050,0.0034271
0.0000100,0.0065407
0.0000150,0.0092271
0.0000200,0.0116816
0.0000250,0.0139503
0.0000300,0.0159477
0.0000350,0.0176494
0.0000400,0.0192174
0.0000450,0.0207681
0.0000500,0.0222948
0.0000550,0.0237729
0.0000600,0.0252631
0.0000650,0.0267750
0.0000700,0.0282354
0.0000750,0.0296008
0.0000800,0.0309144
0.0000850,0.0322004
0.0000900,0.0334318
0.0000950,0.0345997
0.0001000,0.3398887
0.0001050,0.3399618
0.0001100,0.3400444
0.0001150,0.3401343
0.0001200,0.3402340
0.0001250,0.3403454
0.0001300,0.3404659
0.0001350,0.3405949
0.0001400,0.3407365
0.0001450,0.3408913
0.0001500,0.3410551
0.0001550,0.3412243
0.0001600,0.3413995
0.0001650,0.3415786
0.0001700,0.3417538
0.0001750,0.3419199
0.0001800,0.3420783
0.0001850,0.3422313
0.0001900,0.3423783
0.0001950,0.3425216
0.0002000,0.2447756
0.0002050,0.2449517
0.0002100,0.2451293
0.0002150,0.2453052
0.0002200,0.2454801
0.0002250,0.2456534
0.0002300,0.2458223
0.0002350,0.2459897
0.0002400,0.2461598
0.0002450,0.2463329
0.0002500,0.2465061
0.0002550,0.2466807
0.0002600,0.2468591
0.0002650,0.2470392
0.0002700,0.2472130
0.0002750,0.2473764
0.0002800,0.2475266
0.0002850,0.2476603
0.0002900,0.2477719
0.0002950,0.2478610
0.0003000,0.3426613
0.0003050,0.3427145
0.0003100,0.3427665
0.0003150,0.3428173
0.0003200,0.3428676
0.0003250,0.3429188
0.0003300,0.3429710
0.0003350,0.3430252
0.0003400,0.3430811
0.0003450,0.3431373
0.0003500,0.3431935
0.0003550,0.3432521
0.0003600,0.3433153
0.0003650,0.3433836
0.0003700,0.3434543
0.0003750,0.3435256
0.0003800,0.3435949
0.0003850,0.3436620
0.0003900,0.3437283
0.0003950,0.3437983
0.0004000,0.4182439
0.0004050,0.4183188
0.0004100,0.4183954
0.0004150,0.4184738
0.0004200,0.4185539
0.0004250,0.4186358
0.0004300,0.4187176
0.0004350,0.4187983
0.0004400,0.4188773
0.0004450,0.4189565
0.0004500,0.4190369
0.0004550,0.4191175
0.0004600,0.4191970
0.0004650,0.4192746
0.0004700,0.4193494
0.0004750,0.4194202
0.0004800,0.4194842
0.0004850,0.4195430
0.0004900,0.4195984
0.0004950,0.4196526
0.0005000,0.4202364
0.0005050,0.4202614
0.0005100,0.4202998
0.0005150,0.4203499
0.0005200,0.4204089
0.0005250,0.4204756
0.0005300,0.4205470
0.0005350,0.4206205
0.0005400,0.4206925
0.0005450,0.4207627
0.0005500,0.4208300
0.0005550,0.4208921
0.0005600,0.4209484
0.0005650,0.4209982
0.0005700,0.4210407
0.0005750,0.4210758
0.0005800,0.4211023
0.0005850,0.4211194
0.0005900,0.4211250
0.0005950,0.4211191
0.0006000,0.2482922
0.0006050,0.2482260
0.0006100,0.2481671
0.0006150,0.2481158
0.0006200,0.2480719
0.0006250,0.2480358
0.0006300,0.2480070
0.0006350,0.2479847
0.0006400,0.2479667
0.0006450,0.2479513
0.0006500,0.2479371
0.0006550,0.2479237
0.0006600,0.2479109
0.0006650,0.2479001
0.0006700,0.2478940
0.0006750,0.2478946
0.0006800,0.2479030
0.0006850,0.2479200
0.0006900,0.2479437
0.0006950,0.2479718
0.0007000,0.3448458
0.0007050,0.3448181
0.0007100,0.3447841
0.0007150,0.3447423
0.0007200,0.3446957
0.0007250,0.3446489
0.0007300,0.3446068
0.0007350,0.3445723
0.0007400,0.3445475
0.0007450,0.3445330
0.0007500,0.3445280
0.0007550,0.3445326
0.0007600,0.3445469
0.0007650,0.3445716
0.0007700,0.3446075
0.0007750,0.3446544
0.0007800,0.3447119
0.0007850,0.3447801
0.0007900,0.3448569
0.0007950,0.3449397
0.0008000,0.4820011
0.0008050,0.4820603
0.0008100,0.4821170
0.0008150,0.4821659
0.0008200,0.4822044
0.0008250,0.4822298
0.0008300,0.4822389
0.0008350,0.4822312
0.0008400,0.4822083
0.0008450,0.4821729
0.0008500,0.4821258
0.0008550,0.4820681
0.0008600,0.4820016
0.0008650,0.4819293
0.0008700,0.4818544
0.0008750,0.4817804
0.0008800,0.4817109
0.0008850,0.4816468
0.0008900,0.4815873
0.0008950,0.4815335
0.0009000,0.4801272
0.0009050,0.4801308
0.0009100,0.4801447
0.0009150,0.4801662
0.0009200,0.4801936
0.0009250,0.4802245
0.0009300,0.4802577
0.0009350,0.4802913
0.0009400,0.4803235
0.0009450,0.4803547
0.0009500,0.4803845
0.0009550,0.4804122
0.0009600,0.4804365
0.0009650,0.4804586
0.0009700,0.4804816
0.0009750,0.4805065
0.0009800,0.4805337
0.0009850,0.4805610
0.0009900,0.4805871
0.0009950,0.4806141
0.0010000,0.4797372
0.0010050,0.4797315
0.0010100,0.4797338
0.0010150,0.4797459
0.0010200,0.4797703
0.0010250,0.4798091
0.0010300,0.4798603
0.0010350,0.4799187
0.0010400,0.4799796
0.0010450,0.4800406
0.0010500,0.4800988
0.0010550,0.4801545
0.0010600,0.4802080
0.0010650,0.4802605
0.0010700,0.4803143
0.0010750,0.4803705
0.0010800,0.4804287
0.0010850,0.4804862
0.0010900,0.4805409
0.0010950,0.4805939
0.0011000,0.3422361
0.0011050,0.3422873
0.0011100,0.3423452
0.0011150,0.3424076
0.0011200,0.3424743
0.0011250,0.3425449
0.0011300,0.3426197
0.0011350,0.3426992
0.0011400,0.3427842
0.0011450,0.3428747
0.0011500,0.3429682
0.0011550,0.3430607
0.0011600,0.3431486
0.0011650,0.3432285
0.0011700,0.3432978
0.0011750,0.3433533
0.0011800,0.3433938
0.0011850,0.3434187
0.0011900,0.3434287
0.0011950,0.3434256
0.0012000,0.3434703
0.0012050,0.3434391
0.0012100,0.3434085
0.0012150,0.3433773
0.0012200,0.3433451
0.0012250,0.3433131
0.0012300,0.3432808
0.0012350,0.3432491
0.0012400,0.3432213
0.0012450,0.3432007
0.0012500,0.3431870
0.0012550,0.3431799
0.0012600,0.3431779
0.0012650,0.3431781
0.0012700,0.3431776
0.0012750,0.3431766
0.0012800,0.3431782
0.0012850,0.3431841
0.0012900,0.3431947
0.0012950,0.3432139
0.0013000,0.2459938
0.0013050,0.2460754
0.0013100,0.2461580
0.0013150,0.2462401
0.0013200,0.2463208
0.0013250,0.2463973
0.0013300,0.2464661
0.0013350,0.2465264
0.0013400,0.2465770
0.0013450,0.2466165
0.0013500,0.2466413
0.0013550,0.2466527
0.0013600,0.2466539
0.0013650,0.2466487
0.0013700,0.2466386
0.0013750,0.2466273
0.0013800,0.2466197
0.0013850,0.2466227
0.0013900,0.2466379
0.0013950,0.2466651
0.0014000,0.4186020
0.0014050,0.4186208
0.0014100,0.4186437
0.0014150,0.4186733
0.0014200,0.4187089
0.0014250,0.4187458
0.0014300,0.4187813
0.0014350,0.4188186
0.0014400,0.4188608
0.0014450,0.4189081
0.0014500,0.4189606
0.0014550,0.4190240
0.0014600,0.4191010
0.0014650,0.4191884
0.0014700,0.4192833
0.0014750,0.4193865
0.0014800,0.4194936
0.0014850,0.4195952
0.0014900,0.4196859
0.0014950,0.4197677
0.0015000,0.3432172
0.0015050,0.3432349
0.0015100,0.3432622
0.0015150,0.3433014
0.0015200,0.3433522
0.0015250,0.3434135
0.0015300,0.3434840
0.0015350,0.3435626
0.0015400,0.3436458
0.0015450,0.3437264
0.0015500,0.3437991
0.0015550,0.3438641
0.0015600,0.3439217
0.0015650,0.3439728
0.0015700,0.3440184
0.0015750,0.3440592
0.0015800,0.3440947
0.0015850,0.3441237
0.0015900,0.3441461
0.0015950,0.3441614
0.0016000,0.2465019
0.0016050,0.2465190
0.0016100,0.2465395
0.0016150,0.2465652
0.0016200,0.2465974
0.0016250,0.2466345
0.0016300,0.2466729
0.0016350,0.2467106
0.0016400,0.2467483
0.0016450,0.2467857
0.0016500,0.2468220
0.0016550,0.2468560
0.0016600,0.2468861
0.0016650,0.2469118
0.0016700,0.2469337
0.0016750,0.2469522
0.0016800,0.2469662
0.0016850,0.2469738
0.0016900,0.2469749
0.0016950,0.2469729
0.0017000,0.3438650
0.0017050,0.3438003
0.0017100,0.3437482
0.0017150,0.3437122
0.0017200,0.3436918
0.0017250,0.3436850
0.0017300,0.3436899
0.0017350,0.3437042
0.0017400,0.3437220
0.0017450,0.3437392
0.0017500,0.3437543
0.0017550,0.3437650
0.0017600,0.3437692
0.0017650,0.3437654
0.0017700,0.3437523
0.0017750,0.3437286
0.0017800,0.3436941
0.0017850,0.3436508
0.0017900,0.3436000
0.0017950,0.3435427
0.0018000,0.4165764
0.0018050,0.4165232
0.0018100,0.4164944
0.0018150,0.4164924
0.0018200,0.4165188
0.0018250,0.4165745
0.0018300,0.4166574
0.0018350,0.4167629
0.0018400,0.4168869
0.0018450,0.4170220
0.0018500,0.4171602
0.0018550,0.4172955
0.0018600,0.4174268
0.0018650,0.4175512
0.0018700,0.4176645
0.0018750,0.4177658
0.0018800,0.4178581
0.0018850,0.4179428
0.0018900,0.4180216
0.0018950,0.4180968
0.0019000,0.2467735
0.0019050,0.2468254
0.0019100,0.2468671
0.0019150,0.2468967
0.0019200,0.2469160
0.0019250,0.2469264
0.0019300,0.2469295
0.0019350,0.2469241
0.0019400,0.2469097
0.0019450,0.2468858
0.0019500,0.2468535
0.0019550,0.2468130
0.0019600,0.2467680
0.0019650,0.2467202
0.0019700,0.2466702
0.0019750,0.2466181
0.0019800,0.2465655
0.0019850,0.2465136
0.0019900,0.2464626
0.0019950,0.2464100
0.0020000,0.4822039
0.0020050,0.4821694
0.0020100,0.4821563
0.0020150,0.4821666
0.0020200,0.4821998
0.0020250,0.4822555
0.0020300,0.4823330
0.0020350,0.4824293
0.0020400,0.4825376
0.0020450,0.4826515
0.0020500,0.4827668
0.0020550,0.4828779
0.0020600,0.4829788
0.0020650,0.4830654
0.0020700,0.4831341
0.0020750,0.4831823
0.0020800,0.4832122
0.0020850,0.4832311
0.0020900,0.4832449
0.0020950,0.4832563
0.0021000,0.4186754
0.0021050,0.4187129
0.0021100,0.4187570
0.0021150,0.4188051
0.0021200,0.4188544
0.0021250,0.4189059
0.0021300,0.4189627
0.0021350,0.4190284
0.0021400,0.4191062
0.0021450,0.4191981
0.0021500,0.4193045
0.0021550,0.4194222
0.0021600,0.4195453
0.0021650,0.4196685
0.0021700,0.4197872
0.0021750,0.4198960
0.0021800,0.4199901
0.0021850,0.4200694
0.0021900,0.4201352
0.0021950,0.4201882
0.0022000,0.3436236
0.0022050,0.3436332
0.0022100,0.3436447
0.0022150,0.3436558
0.0022200,0.3436659
0.0022250,0.3436756
0.0022300,0.3436856
0.0022350,0.3436964
0.0022400,0.3437087
0.0022450,0.3437259
0.0022500,0.3437513
0.0022550,0.3437849
0.0022600,0.3438245
0.0022650,0.3438691
0.0022700,0.3439178
0.0022750,0.3439680
0.0022800,0.3440187
0.0022850,0.3440694
0.0022900,0.3441179
0.0022950,0.3441624
0.0023000,0.2473547
0.0023050,0.2474092
0.0023100,0.2474719
0.0023150,0.2475403
0.0023200,0.2476101
0.0023250,0.2476796
0.0023300,0.2477460
0.0023350,0.2478082
0.0023400,0.2478668
0.0023450,0.2479254
0.0023500,0.2479850
0.0023550,0.2480456
0.0023600,0.2481057
0.0023650,0.2481631
0.0023700,0.2482150
0.0023750,0.2482587
0.0023800,0.2482923
0.0023850,0.2483168
0.0023900,0.2483329
0.0023950,0.2483437
0.0024000,0.2466972
0.0024050,0.2466523
0.0024100,0.2466170
0.0024150,0.2465934
0.0024200,0.2465844
0.0024250,0.2465919
0.0024300,0.2466145
0.0024350,0.2466502
0.0024400,0.2466949
0.0024450,0.2467454
0.0024500,0.2467971
0.0024550,0.2468464
0.0024600,0.2468915
0.0024650,0.2469336
0.0024700,0.2469745
0.0024750,0.2470155
0.0024800,0.2470560
0.0024850,0.2470958
0.0024900,0.2471321
0.0024950,0.2471618
0.0025000,0.3427605
0.0025050,0.3426617
0.0025100,0.3425794
0.0025150,0.3425168
0.0025200,0.3424745
0.0025250,0.3424513
0.0025300,0.3424441
0.0025350,0.3424505
0.0025400,0.3424663
0.0025450,0.3424870
0.0025500,0.3425091
0.0025550,0.3425336
0.0025600,0.3425614
0.0025650,0.3425933
0.0025700,0.3426332
0.0025750,0.3426859
0.0025800,0.3427524
0.0025850,0.3428309
0.0025900,0.3429157
0.0025950,0.3430012
0.0026000,0.4831936
0.0026050,0.4831864
0.0026100,0.4831925
0.0026150,0.4832105
0.0026200,0.4832384
0.0026250,0.4832735
0.0026300,0.4833178
0.0026350,0.4833734
0.0026400,0.4834392
0.0026450,0.4835125
0.0026500,0.4835890
0.0026550,0.4836638
0.0026600,0.4837309
0.0026650,0.4837874
0.0026700,0.4838346
0.0026750,0.4838733
0.0026800,0.4839039
0.0026850,0.4839272
0.0026900,0.4839478
0.0026950,0.4839713
0.0027000,0.4818170
0.0027050,0.4818489
0.0027100,0.4818938
0.0027150,0.4819510
0.0027200,0.4820161
0.0027250,0.4820841
0.0027300,0.4821520
0.0027350,0.4822161
0.0027400,0.4822723
0.0027450,0.4823212
0.0027500,0.4823640
0.0027550,0.4824000
0.0027600,0.4824297
0.0027650,0.4824577
0.0027700,0.4824883
0.0027750,0.4825222
0.0027800,0.4825566
0.0027850,0.4825904
0.0027900,0.4826236
0.0027950,0.4826561
0.0028000,0.4825910
0.0028050,0.4826111
0.0028100,0.4826469
0.0028150,0.4826959
0.0028200,0.4827560
0.0028250,0.4828273
0.0028300,0.4829100
0.0028350,0.4829997
0.0028400,0.4830915
0.0028450,0.4831819
0.0028500,0.4832666
0.0028550,0.4833413
0.0028600,0.4834039
0.0028650,0.4834569
0.0028700,0.4835027
0.0028750,0.4835416
0.0028800,0.4835752
0.0028850,0.4836052
0.0028900,0.4836341
0.0028950,0.4836626
0.0029000,0.5369234
0.0029050,0.5369137
0.0029100,0.5369180
0.0029150,0.5369358
0.0029200,0.5369663
0.0029250,0.5370075
0.0029300,0.5370558
0.0029350,0.5371061
0.0029400,0.5371538
0.0029450,0.5371974
0.0029500,0.5372364
0.0029550,0.5372699
0.0029600,0.5372971
0.0029650,0.5373196
0.0029700,0.5373390
0.0029750,0.5373557
0.0029800,0.5373713
0.0029850,0.5373884
0.0029900,0.5374107
0.0029950,0.5374417
0.0030000,0.4810823
0.0030050,0.4811076
0.0030100,0.4811374
0.0030150,0.4811713
0.0030200,0.4812108
0.0030250,0.4812580
0.0030300,0.4813134
0.0030350,0.4813758
0.0030400,0.4814468
0.0030450,0.4815282
0.0030500,0.4816181
0.0030550,0.4817120
0.0030600,0.4818048
0.0030650,0.4818957
0.0030700,0.4819836
0.0030750,0.4820687
0.0030800,0.4821537
0.0030850,0.4822416
0.0030900,0.4823343
0.0030950,0.4824323
0.0031000,0.2471656
0.0031050,0.2471542
0.0031100,0.2471418
0.0031150,0.2471300
0.0031200,0.2471206
0.0031250,0.2471144
0.0031300,0.2471119
0.0031350,0.2471148
0.0031400,0.2471231
0.0031450,0.2471342
0.0031500,0.2471455
0.0031550,0.2471570
0.0031600,0.2471693
0.0031650,0.2471835
0.0031700,0.2471989
0.0031750,0.2472178
0.0031800,0.2472418
0.0031850,0.2472716
0.0031900,0.2473066
0.0031950,0.2473467
0.0032000,0.2473899
0.0032050,0.2474327
0.0032100,0.2474688
0.0032150,0.2474959
0.0032200,0.2475125
0.0032250,0.2475194
0.0032300,0.2475179
0.0032350,0.2475108
0.0032400,0.2474979
0.0032450,0.2474808
0.0032500,0.2474634
0.0032550,0.2474493
0.0032600,0.2474383
0.0032650,0.2474318
0.0032700,0.2474303
0.0032750,0.2474353
0.0032800,0.2474478
0.0032850,0.2474664
0.0032900,0.2474865
0.0032950,0.2475084
0.0033000,0.4190333
0.0033050,0.4190535
0.0033100,0.4190801
0.0033150,0.4191111
0.0033200,0.4191431
0.0033250,0.4191753
0.0033300,0.4192062
0.0033350,0.4192338
0.0033400,0.4192562
0.0033450,0.4192741
0.0033500,0.4192875
0.0033550,0.4192959
0.0033600,0.4192999
0.0033650,0.4193012
0.0033700,0.4193005
0.0033750,0.4192997
0.0033800,0.4193000
0.0033850,0.4193020
0.0033900,0.4193054
0.0033950,0.4193103
0.0034000,0.4176513
0.0034050,0.4176414
0.0034100,0.4176452
0.0034150,0.4176614
0.0034200,0.4176880
0.0034250,0.4177219
0.0034300,0.4177593
0.0034350,0.4177980
0.0034400,0.4178376
0.0034450,0.4178771
0.0034500,0.4179150
0.0034550,0.4179514
0.0034600,0.4179874
0.0034650,0.4180251
0.0034700,0.4180662
0.0034750,0.4181137
0.0034800,0.4181688
0.0034850,0.4182309
0.0034900,0.4182995
0.0034950,0.4183738
0.0035000,0.4821010
0.0035050,0.4821475
0.0035100,0.4821945
0.0035150,0.4822397
0.0035200,0.4822830
0.0035250,0.4823231
0.0035300,0.4823592
0.0035350,0.4823922
0.0035400,0.4824223
0.0035450,0.4824493
0.0035500,0.4824743
0.0035550,0.4824998
0.0035600,0.4825280
0.0035650,0.4825586
0.0035700,0.4825929
0.0035750,0.4826348
0.0035800,0.4826864
0.0035850,0.4827463
0.0035900,0.4828137
0.0035950,0.4828888
0.0036000,0.4182408
0.0036050,0.4182437
0.0036100,0.4182492
0.0036150,0.4182572
0.0036200,0.4182649
0.0036250,0.4182701
0.0036300,0.4182731
0.0036350,0.4182739
0.0036400,0.4182701
0.0036450,0.4182590
0.0036500,0.4182409
0.0036550,0.4182176
0.0036600,0.4181892
0.0036650,0.4181565
0.0036700,0.4181233
0.0036750,0.4180933
0.0036800,0.4180684
0.0036850,0.4180514
0.0036900,0.4180468
0.0036950,0.4180552
0.0037000,0.3433047
0.0037050,0.3433362
0.0037100,0.3433770
0.0037150,0.3434275
0.0037200,0.3434849
0.0037250,0.3435455
0.0037300,0.3436075
0.0037350,0.3436704
0.0037400,0.3437320
0.0037450,0.3437891
0.0037500,0.3438418
0.0037550,0.3438915
0.0037600,0.3439374
0.0037650,0.3439779
0.0037700,0.3440139
0.0037750,0.3440469
0.0037800,0.3440763
0.0037850,0.3441022
0.0037900,0.3441254
0.0037950,0.3441464
0.0038000,0.2464289
0.0038050,0.2464277
0.0038100,0.2464280
0.0038150,0.2464324
0.0038200,0.2464423
0.0038250,0.2464589
0.0038300,0.2464797
0.0038350,0.2465019
0.0038400,0.2465237
0.0038450,0.2465458
0.0038500,0.2465687
0.0038550,0.2465921
0.0038600,0.2466180
0.0038650,0.2466498
0.0038700,0.2466889
0.0038750,0.2467349
0.0038800,0.2467875
0.0038850,0.2468472
0.0038900,0.2469130
0.0038950,0.2469866
0.0039000,0.4186814
0.0039050,0.4187502
0.0039100,0.4188381
0.0039150,0.4189422
0.0039200,0.4190606
0.0039250,0.4191911
0.0039300,0.4193303
0.0039350,0.4194734
0.0039400,0.4196142
0.0039450,0.4197499
0.0039500,0.4198777
0.0039550,0.4199940
0.0039600,0.4200955
0.0039650,0.4201834
0.0039700,0.4202620
0.0039750,0.4203337
0.0039800,0.4203998
0.0039850,0.4204614
0.0039900,0.4205172
0.0039950,0.4205662
0.0040000,0.2461826
0.0040050,0.2461314
0.0040100,0.2460800
0.0040150,0.2460300
0.0040200,0.2459805
0.0040250,0.2459319
0.0040300,0.2458841
0.0040350,0.2458387
0.0040400,0.2457956
0.0040450,0.2457559
0.0040500,0.2457209
0.0040550,0.2456905
0.0040600,0.2456621
0.0040650,0.2456334
0.0040700,0.2456032
0.0040750,0.2455707
0.0040800,0.2455379
0.0040850,0.2455101
0.0040900,0.2454936
0.0040950,0.2454914
0.0041000,0.4167231
0.0041050,0.4166995
0.0041100,0.4167072
0.0041150,0.4167440
0.0041200,0.4168060
0.0041250,0.4168871
0.0041300,0.4169827
0.0041350,0.4170898
0.0041400,0.4172060
0.0041450,0.4173275
0.0041500,0.4174525
0.0041550,0.4175776
0.0041600,0.4176967
0.0041650,0.4178029
0.0041700,0.4178921
0.0041750,0.4179629
0.0041800,0.4180166
0.0041850,0.4180560
0.0041900,0.4180848
0.0041950,0.4181068
0.0042000,0.5377259
0.0042050,0.5377654
0.0042100,0.5378193
0.0042150,0.5378876
0.0042200,0.5379672
0.0042250,0.5380514
0.0042300,0.5381380
0.0042350,0.5382228
0.0042400,0.5383007
0.0042450,0.5383709
0.0042500,0.5384353
0.0042550,0.5384955
0.0042600,0.5385518
0.0042650,0.5386038
0.0042700,0.5386538
0.0042750,0.5387034
0.0042800,0.5387558
0.0042850,0.5388140
0.0042900,0.5388833
0.0042950,0.5389651
0.0043000,0.4814218
0.0043050,0.4814242
0.0043100,0.4814453
0.0043150,0.4814810
0.0043200,0.4815256
0.0043250,0.4815745
0.0043300,0.4816289
0.0043350,0.4816909
0.0043400,0.4817633
0.0043450,0.4818488
0.0043500,0.4819481
0.0043550,0.4820580
0.0043600,0.4821740
0.0043650,0.4822907
0.0043700,0.4824070
0.0043750,0.4825237
0.0043800,0.4826426
0.0043850,0.4827652
0.0043900,0.4828915
0.0043950,0.4830186
0.0044000,0.3439321
0.0044050,0.3439611
0.0044100,0.3439911
0.0044150,0.3440187
0.0044200,0.3440407
0.0044250,0.3440535
0.0044300,0.3440570
0.0044350,0.3440530
0.0044400,0.3440450
0.0044450,0.3440363
0.0044500,0.3440293
0.0044550,0.3440253
0.0044600,0.3440252
0.0044650,0.3440285
0.0044700,0.3440368
0.0044750,0.3440534
0.0044800,0.3440834
0.0044850,0.3441286
0.0044900,0.3441877
0.0044950,0.3442589
0.0045000,0.3439178
0.0045050,0.3438349
0.0045100,0.3437592
0.0045150,0.3436920
0.0045200,0.3436340
0.0045250,0.3435853
0.0045300,0.3435485
0.0045350,0.3435264
0.0045400,0.3435248
0.0045450,0.3435465
0.0045500,0.3435901
0.0045550,0.3436513
0.0045600,0.3437259
0.0045650,0.3438112
0.0045700,0.3439074
0.0045750,0.3440140
0.0045800,0.3441290
0.0045850,0.3442473
0.0045900,0.3443662
0.0045950,0.3444815
0.0046000,0.3430323
0.0046050,0.3431005
0.0046100,0.3431598
0.0046150,0.3432084
0.0046200,0.3432468
0.0046250,0.3432761
0.0046300,0.3432976
0.0046350,0.3433118
0.0046400,0.3433202
0.0046450,0.3433264
0.0046500,0.3433348
0.0046550,0.3433474
0.0046600,0.3433639
0.0046650,0.3433835
0.0046700,0.3434055
0.0046750,0.3434290
0.0046800,0.3434548
0.0046850,0.3434840
0.0046900,0.3435193
0.0046950,0.3435625
0.0047000,0.3436239
0.0047050,0.3436112
0.0047100,0.3436048
0.0047150,0.3436032
0.0047200,0.3436065
0.0047250,0.3436151
0.0047300,0.3436281
0.0047350,0.3436450
0.0047400,0.3436678
0.0047450,0.3436985
0.0047500,0.3437369
0.0047550,0.3437834
0.0047600,0.3438393
0.0047650,0.3439039
0.0047700,0.3439745
0.0047750,0.3440506
0.0047800,0.3441332
0.0047850,0.3442243
0.0047900,0.3443257
0.0047950,0.3444388
0.0048000,0.4191921
0.0048050,0.4192675
0.0048100,0.4193600
0.0048150,0.4194677
0.0048200,0.4195861
0.0048250,0.4197109
0.0048300,0.4198397
0.0048350,0.4199709
0.0048400,0.4201043
0.0048450,0.4202382
0.0048500,0.4203682
0.0048550,0.4204902
0.0048600,0.4206030
0.0048650,0.4207072
0.0048700,0.4207991
0.0048750,0.4208746
0.0048800,0.4209315
0.0048850,0.4209693
0.0048900,0.4209874
0.0048950,0.4209841
0.0049000,0.2489738
0.0049050,0.2489693
0.0049100,0.2489632
0.0049150,0.2489600
0.0049200,0.2489619
0.0049250,0.2489703
0.0049300,0.2489850
0.0049350,0.2490043
0.0049400,0.2490273
0.0049450,0.2490513
0.0049500,0.2490746
0.0049550,0.2490966
0.0049600,0.2491161
0.0049650,0.2491318
0.0049700,0.2491419
0.0049750,0.2491455
0.0049800,0.2491412
0.0049850,0.2491300
0.0049900,0.2491153
0.0049950,0.2491000
0.0050000,0.4200922
0.0050050,0.4200838
0.0050100,0.4200847
0.0050150,0.4200933
0.0050200,0.4201080
0.0050250,0.4201309
0.0050300,0.4201639
0.0050350,0.4202058
0.0050400,0.4202567
0.0050450,0.4203187
0.0050500,0.4203923
0.0050550,0.4204757
0.0050600,0.4205664
0.0050650,0.4206638
0.0050700,0.4207664
0.0050750,0.4208705
0.0050800,0.4209697
0.0050850,0.4210630
0.0050900,0.4211508
0.0050950,0.4212296
0.0051000,0.2479326
0.0051050,0.2479673
0.0051100,0.2479936
0.0051150,0.2480094
0.0051200,0.2480122
0.0051250,0.2480052
0.0051300,0.2479936
0.0051350,0.2479824
0.0051400,0.2479712
0.0051450,0.2479580
0.0051500,0.2479417
0.0051550,0.2479224
0.0051600,0.2478981
0.0051650,0.2478681
0.0051700,0.2478362
0.0051750,0.2478096
0.0051800,0.2477902
0.0051850,0.2477780
0.0051900,0.2477707
0.0051950,0.2477650
0.0052000,0.2477568
0.0052050,0.2477430
0.0052100,0.2477244
0.0052150,0.2477073
0.0052200,0.2476974
0.0052250,0.2476960
0.0052300,0.2477012
0.0052350,0.2477110
0.0052400,0.2477237
0.0052450,0.2477379
0.0052500,0.2477530
0.0052550,0.2477696
0.0052600,0.2477905
0.0052650,0.2478176
0.0052700,0.2478519
0.0052750,0.2478937
0.0052800,0.2479430
0.0052850,0.2479982
0.0052900,0.2480578
0.0052950,0.2481210
0.0053000,0.5891726
0.0053050,0.5891656
0.0053100,0.5891617
0.0053150,0.5891626
0.0053200,0.5891682
0.0053250,0.5891775
0.0053300,0.5891915
0.0053350,0.5892124
0.0053400,0.5892418
0.0053450,0.5892792
0.0053500,0.5893237
0.0053550,0.5893730
0.0053600,0.5894246
0.0053650,0.5894751
0.0053700,0.5895200
0.0053750,0.5895564
0.0053800,0.5895826
0.0053850,0.5895975
0.0053900,0.5896024
0.0053950,0.5896006
0.0054000,0.5891227
0.0054050,0.5892017
0.0054100,0.5892922
0.0054150,0.5893911
0.0054200,0.5894933
0.0054250,0.5895937
0.0054300,0.5896882
0.0054350,0.5897739
0.0054400,0.5898471
0.0054450,0.5899063
0.0054500,0.5899526
0.0054550,0.5899897
0.0054600,0.5900215
0.0054650,0.5900494
0.0054700,0.5900744
0.0054750,0.5900969
0.0054800,0.5901159
0.0054850,0.5901310
0.0054900,0.5901410
0.0054950,0.5901462
0.0055000,0.5384515
0.0055050,0.5384411
0.0055100,0.5384380
0.0055150,0.5384455
0.0055200,0.5384630
0.0055250,0.5384892
0.0055300,0.5385228
0.0055350,0.5385650
0.0055400,0.5386175
0.0055450,0.5386820
0.0055500,0.5387581
0.0055550,0.5388438
0.0055600,0.5389368
0.0055650,0.5390355
0.0055700,0.5391382
0.0055750,0.5392430
0.0055800,0.5393461
0.0055850,0.5394451
0.0055900,0.5395388
0.0055950,0.5396282
0.0056000,0.4827869
0.0056050,0.4827794
0.0056100,0.4827745
0.0056150,0.4827731
0.0056200,0.4827760
0.0056250,0.4827851
0.0056300,0.4828036
0.0056350,0.4828368
0.0056400,0.4828891
0.0056450,0.4829612
0.0056500,0.4830514
0.0056550,0.4831557
0.0056600,0.4832678
0.0056650,0.4833823
0.0056700,0.4834976
0.0056750,0.4836128
0.0056800,0.4837255
0.0056850,0.4838329
0.0056900,0.4839320
0.0056950,0.4840197
0.0057000,0.0693650
0.0057050,0.0694094
0.0057100,0.0694509
0.0057150,0.0694951
0.0057200,0.0695466
0.0057250,0.0696087
0.0057300,0.0696845
0.0057350,0.0697782
0.0057400,0.0698805
0.0057450,0.0699812
0.0057500,0.0700761
0.0057550,0.0701671
0.0057600,0.0702505
0.0057650,0.0703253
0.0057700,0.0703947
0.0057750,0.0704657
0.0057800,0.0705316
0.0057850,0.0705866
0.0057900,0.0706330
0.0057950,0.0706775
0.0058000,0.4828232
0.0058050,0.4828022
0.0058100,0.4828002
0.0058150,0.4828151
0.0058200,0.4828434
0.0058250,0.4828815
0.0058300,0.4829284
0.0058350,0.4829860
0.0058400,0.4830523
0.0058450,0.4831240
0.0058500,0.4832000
0.0058550,0.4832807
0.0058600,0.4833655
0.0058650,0.4834533
0.0058700,0.4835451
0.0058750,0.4836421
0.0058800,0.4837440
0.0058850,0.4838482
0.0058900,0.4839530
0.0058950,0.4840572
0.0059000,0.4205399
0.0059050,0.4205572
0.0059100,0.4205761
0.0059150,0.4205981
0.0059200,0.4206253
0.0059250,0.4206588
0.0059300,0.4207012
0.0059350,0.4207533
0.0059400,0.4208139
0.0059450,0.4208797
0.0059500,0.4209484
0.0059550,0.4210188
0.0059600,0.4210898
0.0059650,0.4211584
0.0059700,0.4212239
0.0059750,0.4212845
0.0059800,0.4213391
0.0059850,0.4213863
0.0059900,0.4214277
0.0059950,0.4214634
0.0060000,0.2493289
0.0060050,0.2492548
0.0060100,0.2491952
0.0060150,0.2491491
0.0060200,0.2491127
0.0060250,0.2490824
0.0060300,0.2490627
0.0060350,0.2490553
0.0060400,0.2490554
0.0060450,0.2490570
0.0060500,0.2490596
0.0060550,0.2490627
0.0060600,0.2490643
0.0060650,0.2490610
0.0060700,0.2490564
0.0060750,0.2490548
0.0060800,0.2490566
0.0060850,0.2490601
0.0060900,0.2490687
0.0060950,0.2490832
0.0061000,0.2490989
0.0061050,0.2491123
0.0061100,0.2491229
0.0061150,0.2491311
0.0061200,0.2491356
0.0061250,0.2491338
0.0061300,0.2491280
0.0061350,0.2491225
0.0061400,0.2491204
0.0061450,0.2491245
0.0061500,0.2491422
0.0061550,0.2491765
0.0061600,0.2492236
0.0061650,0.2492798
0.0061700,0.2493454
0.0061750,0.2494172
0.0061800,0.2494914
0.0061850,0.2495655
0.0061900,0.2496409
0.0061950,0.2497163
0.0062000,0.2491581
0.0062050,0.2491727
0.0062100,0.2492030
0.0062150,0.2492473
0.0062200,0.2493021
0.0062250,0.2493623
0.0062300,0.2494261
0.0062350,0.2494926
0.0062400,0.2495598
0.0062450,0.2496235
0.0062500,0.2496816
0.0062550,0.2497322
0.0062600,0.2497697
0.0062650,0.2497885
0.0062700,0.2497848
0.0062750,0.2497593
0.0062800,0.2497159
0.0062850,0.2496576
0.0062900,0.2495891
0.0062950,0.2495190
0.0063000,0.3460420
0.0063050,0.3459599
0.0063100,0.3458900
0.0063150,0.3458349
0.0063200,0.3457958
0.0063250,0.3457734
0.0063300,0.3457691
0.0063350,0.3457816
0.0063400,0.3458086
0.0063450,0.3458496
0.0063500,0.3459027
0.0063550,0.3459667
0.0063600,0.3460377
0.0063650,0.3461120
0.0063700,0.3461866
0.0063750,0.3462616
0.0063800,0.3463354
0.0063850,0.3464055
0.0063900,0.3464714
0.0063950,0.3465350
0.0064000,0.4205079
0.0064050,0.4204746
0.0064100,0.4204503
0.0064150,0.4204364
0.0064200,0.4204331
0.0064250,0.4204405
0.0064300,0.4204599
0.0064350,0.4204933
0.0064400,0.4205404
0.0064450,0.4205994
0.0064500,0.4206703
0.0064550,0.4207531
0.0064600,0.4208480
0.0064650,0.4209557
0.0064700,0.4210763
0.0064750,0.4212091
0.0064800,0.4213504
0.0064850,0.4214960
0.0064900,0.4216448
0.0064950,0.4217961
0.0065000,0.2486229
0.0065050,0.2486318
0.0065100,0.2486453
0.0065150,0.2486624
0.0065200,0.2486789
0.0065250,0.2486917
0.0065300,0.2486997
0.0065350,0.2487017
0.0065400,0.2486978
0.0065450,0.2486892
0.0065500,0.2486762
0.0065550,0.2486608
0.0065600,0.2486456
0.0065650,0.2486316
0.0065700,0.2486213
0.0065750,0.2486182
0.0065800,0.2486248
0.0065850,0.2486430
0.0065900,0.2486739
0.0065950,0.2487135
0.0066000,0.2487584
0.0066050,0.2488064
0.0066100,0.2488556
0.0066150,0.2489044
0.0066200,0.2489533
0.0066250,0.2490042
0.0066300,0.2490586
0.0066350,0.2491162
0.0066400,0.2491770
0.0066450,0.2492414
0.0066500,0.2493058
0.0066550,0.2493658
0.0066600,0.2494219
0.0066650,0.2494769
0.0066700,0.2495303
0.0066750,0.2495797
0.0066800,0.2496259
0.0066850,0.2496731
0.0066900,0.2497233
0.0066950,0.2497759
0.0067000,0.3457269
0.0067050,0.3457528
0.0067100,0.3457856
0.0067150,0.3458255
0.0067200,0.3458694
0.0067250,0.3459163
0.0067300,0.3459662
0.0067350,0.3460185
0.0067400,0.3460701
0.0067450,0.3461209
0.0067500,0.3461714
0.0067550,0.3462224
0.0067600,0.3462740
0.0067650,0.3463281
0.0067700,0.3463862
0.0067750,0.3464493
0.0067800,0.3465162
0.0067850,0.3465885
0.0067900,0.3466642
0.0067950,0.3467405
0.0068000,0.3458510
0.0068050,0.3458329
0.0068100,0.3458159
0.0068150,0.3457997
0.0068200,0.3457817
0.0068250,0.3457618
0.0068300,0.3457390
0.0068350,0.3457125
0.0068400,0.3456830
0.0068450,0.3456564
0.0068500,0.3456371
0.0068550,0.3456271
0.0068600,0.3456275
0.0068650,0.3456409
0.0068700,0.3456665
0.0068750,0.3457014
0.0068800,0.3457421
0.0068850,0.3457875
0.0068900,0.3458363
0.0068950,0.3458857
0.0069000,0.4837010
0.0069050,0.4837414
0.0069100,0.4837879
0.0069150,0.4838369
0.0069200,0.4838849
0.0069250,0.4839300
0.0069300,0.4839715
0.0069350,0.4840085
0.0069400,0.4840395
0.0069450,0.4840648
0.0069500,0.4840854
0.0069550,0.4840995
0.0069600,0.4841065
0.0069650,0.4841090
0.0069700,0.4841102
0.0069750,0.4841126
0.0069800,0.4841188
0.0069850,0.4841341
0.0069900,0.4841636
0.0069950,0.4842097
0.0070000,0.2505110
0.0070050,0.2505481
0.0070100,0.2505933
0.0070150,0.2506443
0.0070200,0.2506988
0.0070250,0.2507551
0.0070300,0.2508147
0.0070350,0.2508802
0.0070400,0.2509504
0.0070450,0.2510223
0.0070500,0.2510955
0.0070550,0.2511693
0.0070600,0.2512386
0.0070650,0.2512977
0.0070700,0.2513473
0.0070750,0.2513900
0.0070800,0.2514243
0.0070850,0.2514492
0.0070900,0.2514663
0.0070950,0.2514788
0.0071000,0.2491929
0.0071050,0.2491053
0.0071100,0.2490210
0.0071150,0.2489436
0.0071200,0.2488738
0.0071250,0.2488135
0.0071300,0.2487657
0.0071350,0.2487327
0.0071400,0.2487143
0.0071450,0.2487094
0.0071500,0.2487189
0.0071550,0.2487440
0.0071600,0.2487823
0.0071650,0.2488304
0.0071700,0.2488871
0.0071750,0.2489511
0.0071800,0.2490229
0.0071850,0.2491013
0.0071900,0.2491831
0.0071950,0.2492657
0.0072000,0.4203966
0.0072050,0.4204342
0.0072100,0.4204760
0.0072150,0.4205200
0.0072200,0.4205652
0.0072250,0.4206127
0.0072300,0.4206614
0.0072350,0.4207088
0.0072400,0.4207544
0.0072450,0.4207989
0.0072500,0.4208405
0.0072550,0.4208758
0.0072600,0.4209023
0.0072650,0.4209215
0.0072700,0.4209364
0.0072750,0.4209487
0.0072800,0.4209596
0.0072850,0.4209710
0.0072900,0.4209840
0.0072950,0.4210006
0.0073000,0.2503263
0.0073050,0.2503108
0.0073100,0.2502982
0.0073150,0.2502858
0.0073200,0.2502697
0.0073250,0.2502471
0.0073300,0.2502199
0.0073350,0.2501879
0.0073400,0.2501476
0.0073450,0.2500954
0.0073500,0.2500329
0.0073550,0.2499619
0.0073600,0.2498828
0.0073650,0.2497963
0.0073700,0.2497089
0.0073750,0.2496272
0.0073800,0.2495561
0.0073850,0.2494969
0.0073900,0.2494544
0.0073950,0.2494325
0.0074000,0.3456062
0.0074050,0.3456480
0.0074100,0.3457062
0.0074150,0.3457772
0.0074200,0.3458571
0.0074250,0.3459407
0.0074300,0.3460248
0.0074350,0.3461086
0.0074400,0.3461913
0.0074450,0.3462692
0.0074500,0.3463419
0.0074550,0.3464095
0.0074600,0.3464714
0.0074650,0.3465249
0.0074700,0.3465683
0.0074750,0.3466002
0.0074800,0.3466211
0.0074850,0.3466322
0.0074900,0.3466376
0.0074950,0.3466401
0.0075000,0.3451083
0.0075050,0.3450412
0.0075100,0.3449766
0.0075150,0.3449166
0.0075200,0.3448607
0.0075250,0.3448091
0.0075300,0.3447666
0.0075350,0.3447391
0.0075400,0.3447305
0.0075450,0.3447440
0.0075500,0.3447796
0.0075550,0.3448333
0.0075600,0.3448994
0.0075650,0.3449749
0.0075700,0.3450588
0.0075750,0.3451503
0.0075800,0.3452467
0.0075850,0.3453465
0.0075900,0.3454518
0.0075950,0.3455643
0.0076000,0.3456832
0.0076050,0.3458074
0.0076100,0.3459339
0.0076150,0.3460586
0.0076200,0.3461779
0.0076250,0.3462895
0.0076300,0.3463930
0.0076350,0.3464864
0.0076400,0.3465686
0.0076450,0.3466383
0.0076500,0.3466973
0.0076550,0.3467478
0.0076600,0.3467908
0.0076650,0.3468261
0.0076700,0.3468548
0.0076750,0.3468757
0.0076800,0.3468879
0.0076850,0.3468895
0.0076900,0.3468826
0.0076950,0.3468669
0.0077000,0.2506564
0.0077050,0.2506267
0.0077100,0.2505916
0.0077150,0.2505534
0.0077200,0.2505148
0.0077250,0.2504767
0.0077300,0.2504419
0.0077350,0.2504082
0.0077400,0.2503758
0.0077450,0.2503453
0.0077500,0.2503196
0.0077550,0.2502990
0.0077600,0.2502844
0.0077650,0.2502773
0.0077700,0.2502826
0.0077750,0.2502998
0.0077800,0.2503274
0.0077850,0.2503640
0.0077900,0.2504093
0.0077950,0.2504599
0.0078000,0.3453241
0.0078050,0.3452985
0.0078100,0.3452826
0.0078150,0.3452786
0.0078200,0.3452852
0.0078250,0.3453003
0.0078300,0.3453191
0.0078350,0.3453346
0.0078400,0.3453406
0.0078450,0.3453342
0.0078500,0.3453166
0.0078550,0.3452903
0.0078600,0.3452568
0.0078650,0.3452188
0.0078700,0.3451784
0.0078750,0.3451379
0.0078800,0.3450970
0.0078850,0.3450549
0.0078900,0.3450101
0.0078950,0.3449601
0.0079000,0.4194620
0.0079050,0.4194030
0.0079100,0.4193294
0.0079150,0.4192423
0.0079200,0.4191438
0.0079250,0.4190376
0.0079300,0.4189277
0.0079350,0.4188163
0.0079400,0.4187060
0.0079450,0.4186011
0.0079500,0.4185034
0.0079550,0.4184141
0.0079600,0.4183357
0.0079650,0.4182742
0.0079700,0.4182356
0.0079750,0.4182251
0.0079800,0.4182447
0.0079850,0.4182953
0.0079900,0.4183740
0.0079950,0.4184739
0.0080000,0.4185887
0.0080050,0.4187143
0.0080100,0.4188499
0.0080150,0.4189938
0.0080200,0.4191432
0.0080250,0.4192954
0.0080300,0.4194462
0.0080350,0.4195904
0.0080400,0.4197252
0.0080450,0.4198486
0.0080500,0.4199589
0.0080550,0.4200547
0.0080600,0.4201354
0.0080650,0.4202011
0.0080700,0.4202531
0.0080750,0.4202935
0.0080800,0.4203244
0.0080850,0.4203497
0.0080900,0.4203742
0.0080950,0.4204007
0.0081000,0.4829912
0.0081050,0.4830329
0.0081100,0.4830804
0.0081150,0.4831343
0.0081200,0.4831932
0.0081250,0.4832542
0.0081300,0.4833164
0.0081350,0.4833822
0.0081400,0.4834521
0.0081450,0.4835249
0.0081500,0.4835989
0.0081550,0.4836718
0.0081600,0.4837391
0.0081650,0.4837991
0.0081700,0.4838540
0.0081750,0.4839090
0.0081800,0.4839687
0.0081850,0.4840385
0.0081900,0.4841203
0.0081950,0.4842143
0.0082000,0.2500247
0.0082050,0.2501141
0.0082100,0.2502032
0.0082150,0.2502892
0.0082200,0.2503654
0.0082250,0.2504248
0.0082300,0.2504602
0.0082350,0.2504671
0.0082400,0.2504434
0.0082450,0.2503919
0.0082500,0.2503163
0.0082550,0.2502217
0.0082600,0.2501139
0.0082650,0.2499982
0.0082700,0.2498822
0.0082750,0.2497732
0.0082800,0.2496768
0.0082850,0.2495959
0.0082900,0.2495329
0.0082950,0.2494884
0.0083000,0.4206347
0.0083050,0.4206072
0.0083100,0.4205857
0.0083150,0.4205718
0.0083200,0.4205670
0.0083250,0.4205710
0.0083300,0.4205840
0.0083350,0.4206050
0.0083400,0.4206299
0.0083450,0.4206546
0.0083500,0.4206776
0.0083550,0.4206981
0.0083600,0.4207141
0.0083650,0.4207215
0.0083700,0.4207172
0.0083750,0.4206998
0.0083800,0.4206683
0.0083850,0.4206251
0.0083900,0.4205736
0.0083950,0.4205178
0.0084000,0.4841964
0.0084050,0.4841435
0.0084100,0.4840951
0.0084150,0.4840532
0.0084200,0.4840187
0.0084250,0.4839915
0.0084300,0.4839733
0.0084350,0.4839664
0.0084400,0.4839704
0.0084450,0.4839840
0.0084500,0.4840050
0.0084550,0.4840320
0.0084600,0.4840645
0.0084650,0.4841015
0.0084700,0.4841443
0.0084750,0.4841943
0.0084800,0.4842525
0.0084850,0.4843200
0.0084900,0.4843971
0.0084950,0.4844824
0.0085000,0.4823084
0.0085050,0.4823229
0.0085100,0.4823516
0.0085150,0.4823955
0.0085200,0.4824566
0.0085250,0.4825353
0.0085300,0.4826306
0.0085350,0.4827413
0.0085400,0.4828657
0.0085450,0.4830012
0.0085500,0.4831446
0.0085550,0.4832927
0.0085600,0.4834429
0.0085650,0.4835922
0.0085700,0.4837361
0.0085750,0.4838707
0.0085800,0.4839962
0.0085850,0.4841166
0.0085900,0.4842345
0.0085950,0.4843490
0.0086000,0.2491618
0.0086050,0.2491022
0.0086100,0.2490524
0.0086150,0.2490105
0.0086200,0.2489738
0.0086250,0.2489424
0.0086300,0.2489159
0.0086350,0.2488917
0.0086400,0.2488684
0.0086450,0.2488480
0.0086500,0.2488312
0.0086550,0.2488167
0.0086600,0.2488038
0.0086650,0.2487933
0.0086700,0.2487843
0.0086750,0.2487748
0.0086800,0.2487634
0.0086850,0.2487493
0.0086900,0.2487276
0.0086950,0.2486963
0.0087000,0.4825595
0.0087050,0.4825387
0.0087100,0.4825277
0.0087150,0.4825271
0.0087200,0.4825354
0.0087250,0.4825518
0.0087300,0.4825731
0.0087350,0.4825973
0.0087400,0.4826256
0.0087450,0.4826608
0.0087500,0.4827035
0.0087550,0.4827526
0.0087600,0.4828107
0.0087650,0.4828826
0.0087700,0.4829684
0.0087750,0.4830645
0.0087800,0.4831686
0.0087850,0.4832788
0.0087900,0.4833901
0.0087950,0.4834962
0.0088000,0.3458569
0.0088050,0.3458945
0.0088100,0.3459311
0.0088150,0.3459644
0.0088200,0.3459929
0.0088250,0.3460183
0.0088300,0.3460406
0.0088350,0.3460611
0.0088400,0.3460809
0.0088450,0.3461016
0.0088500,0.3461251
0.0088550,0.3461517
0.0088600,0.3461805
0.0088650,0.3462101
0.0088700,0.3462375
0.0088750,0.3462588
0.0088800,0.3462707
0.0088850,0.3462706
0.0088900,0.3462567
0.0088950,0.3462290
0.0089000,0.4836582
0.0089050,0.4836208
0.0089100,0.4835951
0.0089150,0.4835810
0.0089200,0.4835770
0.0089250,0.4835822
0.0089300,0.4835955
0.0089350,0.4836149
0.0089400,0.4836372
0.0089450,0.4836591
0.0089500,0.4836789
0.0089550,0.4836935
0.0089600,0.4836996
0.0089650,0.4836960
0.0089700,0.4836831
0.0089750,0.4836614
0.0089800,0.4836328
0.0089850,0.4835981
0.0089900,0.4835588
0.0089950,0.4835160
0.0090000,0.4828370
0.0090050,0.4828291
0.0090100,0.4828250
0.0090150,0.4828241
0.0090200,0.4828273
0.0090250,0.4828355
0.0090300,0.4828493
0.0090350,0.4828702
0.0090400,0.4828975
0.0090450,0.4829282
0.0090500,0.4829615
0.0090550,0.4829965
0.0090600,0.4830327
0.0090650,0.4830685
0.0090700,0.4831048
0.0090750,0.4831453
0.0090800,0.4831917
0.0090850,0.4832427
0.0090900,0.4832966
0.0090950,0.4833523
0.0091000,0.4815377
0.0091050,0.4815847
0.0091100,0.4816338
0.0091150,0.4816861
0.0091200,0.4817424
0.0091250,0.4818042
0.0091300,0.4818733
0.0091350,0.4819531
0.0091400,0.4820440
0.0091450,0.4821441
0.0091500,0.4822528
0.0091550,0.4823701
0.0091600,0.4824916
0.0091650,0.4826119
0.0091700,0.4827272
0.0091750,0.4828347
0.0091800,0.4829295
0.0091850,0.4830085
0.0091900,0.4830713
0.0091950,0.4831204
0.0092000,0.4195820
0.0092050,0.4195807
0.0092100,0.4195639
0.0092150,0.4195354
0.0092200,0.4194993
0.0092250,0.4194589
0.0092300,0.4194183
0.0092350,0.4193838
0.0092400,0.4193599
0.0092450,0.4193468
0.0092500,0.4193451
0.0092550,0.4193571
0.0092600,0.4193840
0.0092650,0.4194235
0.0092700,0.4194755
0.0092750,0.4195402
0.0092800,0.4196166
0.0092850,0.4197013
0.0092900,0.4197930
0.0092950,0.4198920
0.0093000,0.2486021
0.0093050,0.2486923
0.0093100,0.2487810
0.0093150,0.2488686
0.0093200,0.2489538
0.0093250,0.2490324
0.0093300,0.2491048
0.0093350,0.2491730
0.0093400,0.2492375
0.0093450,0.2492947
0.0093500,0.2493472
0.0093550,0.2493976
0.0093600,0.2494473
0.0093650,0.2494933
0.0093700,0.2495377
0.0093750,0.2495850
0.0093800,0.2496359
0.0093850,0.2496865
0.0093900,0.2497373
0.0093950,0.2497920
0.0094000,0.3452175
0.0094050,0.3452327
0.0094100,0.3452528
0.0094150,0.3452765
0.0094200,0.3453008
0.0094250,0.3453212
0.0094300,0.3453366
0.0094350,0.3453499
0.0094400,0.3453634
0.0094450,0.3453775
0.0094500,0.3453936
0.0094550,0.3454149
0.0094600,0.3454412
0.0094650,0.3454740
0.0094700,0.3455178
0.0094750,0.3455782
0.0094800,0.3456558
0.0094850,0.3457472
0.0094900,0.3458484
0.0094950,0.3459560
0.0095000,0.2495582
0.0095050,0.2496300
0.0095100,0.2497020
0.0095150,0.2497743
0.0095200,0.2498464
0.0095250,0.2499191
0.0095300,0.2499951
0.0095350,0.2500784
0.0095400,0.2501694
0.0095450,0.2502681
0.0095500,0.2503723
0.0095550,0.2504781
0.0095600,0.2505829
0.0095650,0.2506857
0.0095700,0.2507852
0.0095750,0.2508823
0.0095800,0.2509765
0.0095850,0.2510679
0.0095900,0.2511562
0.0095950,0.2512411
0.0096000,0.3459590
0.0096050,0.3458945
0.0096100,0.3458475
0.0096150,0.3458224
0.0096200,0.3458232
0.0096250,0.3458509
0.0096300,0.3459024
0.0096350,0.3459747
0.0096400,0.3460629
0.0096450,0.3461592
0.0096500,0.3462549
0.0096550,0.3463460
0.0096600,0.3464295
0.0096650,0.3465032
0.0096700,0.3465640
0.0096750,0.3466105
0.0096800,0.3466428
0.0096850,0.3466595
0.0096900,0.3466579
0.0096950,0.3466382
0.0097000,0.2494655
0.0097050,0.2494022
0.0097100,0.2493471
0.0097150,0.2493040
0.0097200,0.2492750
0.0097250,0.2492602
0.0097300,0.2492590
0.0097350,0.2492696
0.0097400,0.2492893
0.0097450,0.2493192
0.0097500,0.2493590
0.0097550,0.2494049
0.0097600,0.2494524
0.0097650,0.2494998
0.0097700,0.2495479
0.0097750,0.2495969
0.0097800,0.2496471
0.0097850,0.2496968
0.0097900,0.2497436
0.0097950,0.2497850
0.0098000,0.4206685
0.0098050,0.4206358
0.0098100,0.4206127
0.0098150,0.4206006
0.0098200,0.4206002
0.0098250,0.4206094
0.0098300,0.4206263
0.0098350,0.4206491
0.0098400,0.4206763
0.0098450,0.4207047
0.0098500,0.4207317
0.0098550,0.4207550
0.0098600,0.4207729
0.0098650,0.4207853
0.0098700,0.4207937
0.0098750,0.4208018
0.0098800,0.4208125
0.0098850,0.4208258
0.0098900,0.4208407
0.0098950,0.4208551
0.0099000,0.3454800
0.0099050,0.3454753
0.0099100,0.3454854
0.0099150,0.3455108
0.0099200,0.3455502
0.0099250,0.3456028
0.0099300,0.3456700
0.0099350,0.3457484
0.0099400,0.3458340
0.0099450,0.3459269
0.0099500,0.3460271
0.0099550,0.3461302
0.0099600,0.3462277
0.0099650,0.3463149
0.0099700,0.3463921
0.0099750,0.3464564
0.0099800,0.3465040
0.0099850,0.3465347
0.0099900,0.3465517
0.0099950,0.3465561
0.0100000,0.2494616
0.0100050,0.2495133
0.0100100,0.2495631
0.0100150,0.2496001
0.0100200,0.2496136
0.0100250,0.2495998
0.0100300,0.2495638
0.0100350,0.2495112
0.0100400,0.2494469
0.0100450,0.2493778
0.0100500,0.2493109
0.0100550,0.2492497
0.0100600,0.2491954
0.0100650,0.2491505
0.0100700,0.2491200
0.0100750,0.2491031
0.0100800,0.2490946
0.0100850,0.2490892
0.0100900,0.2490843
0.0100950,0.2490774
0.0101000,0.4814548
0.0101050,0.4814413
0.0101100,0.4814390
0.0101150,0.4814507
0.0101200,0.4814754
0.0101250,0.4815116
0.0101300,0.4815583
0.0101350,0.4816137
0.0101400,0.4816782
0.0101450,0.4817536
0.0101500,0.4818409
0.0101550,0.4819405
0.0101600,0.4820487
0.0101650,0.4821619
0.0101700,0.4822750
0.0101750,0.4823825
0.0101800,0.4824800
0.0101850,0.4825656
0.0101900,0.4826393
0.0101950,0.4827012
0.0102000,0.2479899
0.0102050,0.2479864
0.0102100,0.2479770
0.0102150,0.2479626
0.0102200,0.2479431
0.0102250,0.2479201
0.0102300,0.2478968
0.0102350,0.2478785
0.0102400,0.2478680
0.0102450,0.2478696
0.0102500,0.2478864
0.0102550,0.2479183
0.0102600,0.2479621
0.0102650,0.2480158
0.0102700,0.2480776
0.0102750,0.2481445
0.0102800,0.2482119
0.0102850,0.2482776
0.0102900,0.2483431
0.0102950,0.2484085
0.0103000,0.3442341
0.0103050,0.3442538
0.0103100,0.3442952
0.0103150,0.3443548
0.0103200,0.3444295
0.0103250,0.3445159
0.0103300,0.3446113
0.0103350,0.3447133
0.0103400,0.3448201
0.0103450,0.3449282
0.0103500,0.3450351
0.0103550,0.3451390
0.0103600,0.3452360
0.0103650,0.3453225
0.0103700,0.3453991
0.0103750,0.3454707
0.0103800,0.3455431
0.0103850,0.3456189
0.0103900,0.3457008
0.0103950,0.3457881
0.0104000,0.2485667
0.0104050,0.2485763
0.0104100,0.2485920
0.0104150,0.2486123
0.0104200,0.2486370
0.0104250,0.2486626
0.0104300,0.2486873
0.0104350,0.2487095
0.0104400,0.2487291
0.0104450,0.2487441
0.0104500,0.2487547
0.0104550,0.2487611
0.0104600,0.2487647
0.0104650,0.2487627
0.0104700,0.2487536
0.0104750,0.2487346
0.0104800,0.2487065
0.0104850,0.2486698
0.0104900,0.2486257
0.0104950,0.2485750
0.0105000,0.3450042
0.0105050,0.3449755
0.0105100,0.3449571
0.0105150,0.3449498
0.0105200,0.3449520
0.0105250,0.3449588
0.0105300,0.3449707
0.0105350,0.3449898
0.0105400,0.3450172
0.0105450,0.3450487
0.0105500,0.3450823
0.0105550,0.3451187
0.0105600,0.3451600
0.0105650,0.3452055
0.0105700,0.3452554
0.0105750,0.3453097
0.0105800,0.3453678
0.0105850,0.3454272
0.0105900,0.3454881
0.0105950,0.3455503
0.0106000,0.2486777
0.0106050,0.2486246
0.0106100,0.2485703
0.0106150,0.2485096
0.0106200,0.2484413
0.0106250,0.2483708
0.0106300,0.2483010
0.0106350,0.2482332
0.0106400,0.2481696
0.0106450,0.2481141
0.0106500,0.2480671
0.0106550,0.2480280
0.0106600,0.2479981
0.0106650,0.2479809
0.0106700,0.2479774
0.0106750,0.2479881
0.0106800,0.2480121
0.0106850,0.2480492
0.0106900,0.2480965
0.0106950,0.2481500
0.0107000,0.3446711
0.0107050,0.3446783
0.0107100,0.3446811
0.0107150,0.3446789
0.0107200,0.3446722
0.0107250,0.3446652
0.0107300,0.3446593
0.0107350,0.3446564
0.0107400,0.3446597
0.0107450,0.3446746
0.0107500,0.3447039
0.0107550,0.3447494
0.0107600,0.3448104
0.0107650,0.3448857
0.0107700,0.3449689
0.0107750,0.3450540
0.0107800,0.3451385
0.0107850,0.3452233
0.0107900,0.3453044
0.0107950,0.3453772
0.0108000,0.4827824
0.0108050,0.4828031
0.0108100,0.4828102
0.0108150,0.4828071
0.0108200,0.4827976
0.0108250,0.4827846
0.0108300,0.4827688
0.0108350,0.4827517
0.0108400,0.4827310
0.0108450,0.4827051
0.0108500,0.4826735
0.0108550,0.4826373
0.0108600,0.4825997
0.0108650,0.4825651
0.0108700,0.4825370
0.0108750,0.4825181
0.0108800,0.4825089
0.0108850,0.4825087
0.0108900,0.4825165
0.0108950,0.4825327
0.0109000,0.5380673
0.0109050,0.5380988
0.0109100,0.5381474
0.0109150,0.5382139
0.0109200,0.5382986
0.0109250,0.5384008
0.0109300,0.5385199
0.0109350,0.5386546
0.0109400,0.5388014
0.0109450,0.5389578
0.0109500,0.5391226
0.0109550,0.5392913
0.0109600,0.5394590
0.0109650,0.5396216
0.0109700,0.5397756
0.0109750,0.5399178
0.0109800,0.5400452
0.0109850,0.5401545
0.0109900,0.5402443
0.0109950,0.5403138
0.0110000,0.3454572
0.0110050,0.3454356
0.0110100,0.3454138
0.0110150,0.3453924
0.0110200,0.3453749
0.0110250,0.3453643
0.0110300,0.3453605
0.0110350,0.3453605
0.0110400,0.3453646
0.0110450,0.3453739
0.0110500,0.3453895
0.0110550,0.3454117
0.0110600,0.3454444
0.0110650,0.3454908
0.0110700,0.3455499
0.0110750,0.3456187
0.0110800,0.3456957
0.0110850,0.3457762
0.0110900,0.3458535
0.0110950,0.3459218
0.0111000,0.4196141
0.0111050,0.4196160
0.0111100,0.4196344
0.0111150,0.4196659
0.0111200,0.4197105
0.0111250,0.4197698
0.0111300,0.4198423
0.0111350,0.4199253
0.0111400,0.4200156
0.0111450,0.4201131
0.0111500,0.4202173
0.0111550,0.4203253
0.0111600,0.4204346
0.0111650,0.4205448
0.0111700,0.4206556
0.0111750,0.4207647
0.0111800,0.4208686
0.0111850,0.4209643
0.0111900,0.4210474
0.0111950,0.4211136
0.0112000,0.4194413
0.0112050,0.4194844
0.0112100,0.4195468
0.0112150,0.4196256
0.0112200,0.4197177
0.0112250,0.4198216
0.0112300,0.4199339
0.0112350,0.4200498
0.0112400,0.4201660
0.0112450,0.4202824
0.0112500,0.4203980
0.0112550,0.4205092
0.0112600,0.4206161
0.0112650,0.4207217
0.0112700,0.4208277
0.0112750,0.4209314
0.0112800,0.4210313
0.0112850,0.4211278
0.0112900,0.4212191
0.0112950,0.4213018
0.0113000,0.4195820
0.0113050,0.4195925
0.0113100,0.4196179
0.0113150,0.4196532
0.0113200,0.4196951
0.0113250,0.4197420
0.0113300,0.4197905
0.0113350,0.4198364
0.0113400,0.4198779
0.0113450,0.4199164
0.0113500,0.4199513
0.0113550,0.4199808
0.0113600,0.4200049
0.0113650,0.4200243
0.0113700,0.4200389
0.0113750,0.4200485
0.0113800,0.4200555
0.0113850,0.4200627
0.0113900,0.4200691
0.0113950,0.4200731
0.0114000,0.4188391
0.0114050,0.4188421
0.0114100,0.4188522
0.0114150,0.4188695
0.0114200,0.4188989
0.0114250,0.4189458
0.0114300,0.4190101
0.0114350,0.4190884
0.0114400,0.4191778
0.0114450,0.4192744
0.0114500,0.4193715
0.0114550,0.4194637
0.0114600,0.4195483
0.0114650,0.4196250
0.0114700,0.4196901
0.0114750,0.4197398
0.0114800,0.4197728
0.0114850,0.4197894
0.0114900,0.4197903
0.0114950,0.4197778
0.0115000,0.3457131
0.0115050,0.3457027
0.0115100,0.3456792
0.0115150,0.3456415
0.0115200,0.3455938
0.0115250,0.3455409
0.0115300,0.3454840
0.0115350,0.3454245
0.0115400,0.3453655
0.0115450,0.3453087
0.0115500,0.3452521
0.0115550,0.3451939
0.0115600,0.3451328
0.0115650,0.3450693
0.0115700,0.3450025
0.0115750,0.3449325
0.0115800,0.3448612
0.0115850,0.3447916
0.0115900,0.3447259
0.0115950,0.3446660
0.0116000,0.3446151
0.0116050,0.3445770
0.0116100,0.3445555
0.0116150,0.3445559
0.0116200,0.3445799
0.0116250,0.3446283
0.0116300,0.3446996
0.0116350,0.3447890
0.0116400,0.3448911
0.0116450,0.3450010
0.0116500,0.3451124
0.0116550,0.3452221
0.0116600,0.3453294
0.0116650,0.3454331
0.0116700,0.3455291
0.0116750,0.3456155
0.0116800,0.3456902
0.0116850,0.3457496
0.0116900,0.3457901
0.0116950,0.3458110
0.0117000,0.3458620
0.0117050,0.3457757
0.0117100,0.3456851
0.0117150,0.3455919
0.0117200,0.3454976
0.0117250,0.3454055
0.0117300,0.3453200
0.0117350,0.3452431
0.0117400,0.3451766
0.0117450,0.3451228
0.0117500,0.3450846
0.0117550,0.3450625
0.0117600,0.3450559
0.0117650,0.3450646
0.0117700,0.3450877
0.0117750,0.3451245
0.0117800,0.3451732
0.0117850,0.3452312
0.0117900,0.3452975
0.0117950,0.3453704
0.0118000,0.5389903
0.0118050,0.5389905
0.0118100,0.5390067
0.0118150,0.5390377
0.0118200,0.5390798
0.0118250,0.5391273
0.0118300,0.5391794
0.0118350,0.5392338
0.0118400,0.5392857
0.0118450,0.5393341
0.0118500,0.5393830
0.0118550,0.5394357
0.0118600,0.5394908
0.0118650,0.5395455
0.0118700,0.5395986
0.0118750,0.5396497
0.0118800,0.5396995
0.0118850,0.5397508
0.0118900,0.5398079
0.0118950,0.5398716
0.0119000,0.4827844
0.0119050,0.4827919
0.0119100,0.4828003
0.0119150,0.4828076
0.0119200,0.4828098
0.0119250,0.4828049
0.0119300,0.4827950
0.0119350,0.4827823
0.0119400,0.4827714
0.0119450,0.4827664
0.0119500,0.4827697
0.0119550,0.4827830
0.0119600,0.4828057
0.0119650,0.4828377
0.0119700,0.4828778
0.0119750,0.4829225
0.0119800,0.4829701
0.0119850,0.4830196
0.0119900,0.4830697
0.0119950,0.4831194
0.0120000,0.4824314
0.0120050,0.4824674
0.0120100,0.4825190
0.0120150,0.4825829
0.0120200,0.4826567
0.0120250,0.4827389
0.0120300,0.4828267
0.0120350,0.4829155
0.0120400,0.4830030
0.0120450,0.4830884
0.0120500,0.4831704
0.0120550,0.4832453
0.0120600,0.4833117
0.0120650,0.4833693
0.0120700,0.4834133
0.0120750,0.4834383
0.0120800,0.4834466
0.0120850,0.4834435
0.0120900,0.4834340
0.0120950,0.4834233
0.0121000,0.4203951
0.0121050,0.4203962
0.0121100,0.4204119
0.0121150,0.4204405
0.0121200,0.4204820
0.0121250,0.4205345
0.0121300,0.4205967
0.0121350,0.4206670
0.0121400,0.4207444
0.0121450,0.4208249
0.0121500,0.4209048
0.0121550,0.4209802
0.0121600,0.4210483
0.0121650,0.4211068
0.0121700,0.4211522
0.0121750,0.4211812
0.0121800,0.4211953
0.0121850,0.4211954
0.0121900,0.4211820
0.0121950,0.4211570
0.0122000,0.3455118
0.0122050,0.3455023
0.0122100,0.3454894
0.0122150,0.3454738
0.0122200,0.3454585
0.0122250,0.3454491
0.0122300,0.3454489
0.0122350,0.3454572
0.0122400,0.3454754
0.0122450,0.3455041
0.0122500,0.3455420
0.0122550,0.3455861
0.0122600,0.3456330
0.0122650,0.3456801
0.0122700,0.3457223
0.0122750,0.3457551
0.0122800,0.3457768
0.0122850,0.3457900
0.0122900,0.3457978
0.0122950,0.3458005
0.0123000,0.4200740
0.0123050,0.4201347
0.0123100,0.4202069
0.0123150,0.4202882
0.0123200,0.4203778
0.0123250,0.4204739
0.0123300,0.4205732
0.0123350,0.4206730
0.0123400,0.4207727
0.0123450,0.4208707
0.0123500,0.4209657
0.0123550,0.4210555
0.0123600,0.4211429
0.0123650,0.4212328
0.0123700,0.4213242
0.0123750,0.4214126
0.0123800,0.4214975
0.0123850,0.4215774
0.0123900,0.4216473
0.0123950,0.4216999
0.0124000,0.5894874
0.0124050,0.5894905
0.0124100,0.5895080
0.0124150,0.5895367
0.0124200,0.5895738
0.0124250,0.5896159
0.0124300,0.5896574
0.0124350,0.5896972
0.0124400,0.5897380
0.0124450,0.5897790
0.0124500,0.5898195
0.0124550,0.5898599
0.0124600,0.5899030
0.0124650,0.5899492
0.0124700,0.5899970
0.0124750,0.5900468
0.0124800,0.5901008
0.0124850,0.5901584
0.0124900,0.5902175
0.0124950,0.5902768
0.0125000,0.5385459
0.0125050,0.5385188
0.0125100,0.5384968
0.0125150,0.5384839
0.0125200,0.5384854
0.0125250,0.5385018
0.0125300,0.5385323
0.0125350,0.5385786
0.0125400,0.5386413
0.0125450,0.5387171
0.0125500,0.5388039
0.0125550,0.5389015
0.0125600,0.5390088
0.0125650,0.5391225
0.0125700,0.5392389
0.0125750,0.5393558
0.0125800,0.5394717
0.0125850,0.5395834
0.0125900,0.5396902
0.0125950,0.5397938
0.0126000,0.4200455
0.0126050,0.4200178
0.0126100,0.4199900
0.0126150,0.4199658
0.0126200,0.4199478
0.0126250,0.4199365
0.0126300,0.4199333
0.0126350,0.4199407
0.0126400,0.4199603
0.0126450,0.4199904
0.0126500,0.4200299
0.0126550,0.4200790
0.0126600,0.4201365
0.0126650,0.4201981
0.0126700,0.4202584
0.0126750,0.4203140
0.0126800,0.4203628
0.0126850,0.4204011
0.0126900,0.4204254
0.0126950,0.4204327
0.0127000,0.4203851
0.0127050,0.4204044
0.0127100,0.4204224
0.0127150,0.4204432
0.0127200,0.4204720
0.0127250,0.4205123
0.0127300,0.4205661
0.0127350,0.4206355
0.0127400,0.4207213
0.0127450,0.4208223
0.0127500,0.4209360
0.0127550,0.4210588
0.0127600,0.4211867
0.0127650,0.4213136
0.0127700,0.4214331
0.0127750,0.4215398
0.0127800,0.4216316
0.0127850,0.4217071
0.0127900,0.4217631
0.0127950,0.4218010
0.0128000,0.3447106
0.0128050,0.3446456
0.0128100,0.3445850
0.0128150,0.3445305
0.0128200,0.3444849
0.0128250,0.3444495
0.0128300,0.3444241
0.0128350,0.3444068
0.0128400,0.3443961
0.0128450,0.3443921
0.0128500,0.3443957
0.0128550,0.3444083
0.0128600,0.3444299
0.0128650,0.3444587
0.0128700,0.3444954
0.0128750,0.3445401
0.0128800,0.3445902
0.0128850,0.3446415
0.0128900,0.3446896
0.0128950,0.3447345
0.0129000,0.4201820
0.0129050,0.4201975
0.0129100,0.4202193
0.0129150,0.4202486
0.0129200,0.4202841
0.0129250,0.4203259
0.0129300,0.4203735
0.0129350,0.4204243
0.0129400,0.4204744
0.0129450,0.4205224
0.0129500,0.4205658
0.0129550,0.4206021
0.0129600,0.4206302
0.0129650,0.4206504
0.0129700,0.4206632
0.0129750,0.4206689
0.0129800,0.4206681
0.0129850,0.4206642
0.0129900,0.4206602
0.0129950,0.4206589
0.0130000,0.4182119
0.0130050,0.4181948
0.0130100,0.4181972
0.0130150,0.4182169
0.0130200,0.4182528
0.0130250,0.4183051
0.0130300,0.4183710
0.0130350,0.4184460
0.0130400,0.4185262
0.0130450,0.4186097
0.0130500,0.4186937
0.0130550,0.4187770
0.0130600,0.4188600
0.0130650,0.4189443
0.0130700,0.4190293
0.0130750,0.4191149
0.0130800,0.4192004
0.0130850,0.4192856
0.0130900,0.4193662
0.0130950,0.4194383
0.0131000,0.2494392
0.0131050,0.2494015
0.0131100,0.2493691
0.0131150,0.2493397
0.0131200,0.2493131
0.0131250,0.2492907
0.0131300,0.2492734
0.0131350,0.2492609
0.0131400,0.2492540
0.0131450,0.2492555
0.0131500,0.2492640
0.0131550,0.2492768
0.0131600,0.2492940
0.0131650,0.2493179
0.0131700,0.2493475
0.0131750,0.2493792
0.0131800,0.2494120
0.0131850,0.2494453
0.0131900,0.2494784
0.0131950,0.2495117
0.0132000,0.4841728
0.0132050,0.4842073
0.0132100,0.4842499
0.0132150,0.4842987
0.0132200,0.4843561
0.0132250,0.4844225
0.0132300,0.4844952
0.0132350,0.4845706
0.0132400,0.4846484
0.0132450,0.4847270
0.0132500,0.4848039
0.0132550,0.4848779
0.0132600,0.4849483
0.0132650,0.4850143
0.0132700,0.4850754
0.0132750,0.4851290
0.0132800,0.4851749
0.0132850,0.4852143
0.0132900,0.4852485
0.0132950,0.4852785
0.0133000,0.3449731
0.0133050,0.3450132
0.0133100,0.3450536
0.0133150,0.3450908
0.0133200,0.3451249
0.0133250,0.3451576
0.0133300,0.3451881
0.0133350,0.3452132
0.0133400,0.3452303
0.0133450,0.3452409
0.0133500,0.3452462
0.0133550,0.3452480
0.0133600,0.3452494
0.0133650,0.3452549
0.0133700,0.3452652
0.0133750,0.3452785
0.0133800,0.3452942
0.0133850,0.3453151
0.0133900,0.3453419
0.0133950,0.3453753
0.0134000,0.4197582
0.0134050,0.4197732
0.0134100,0.4198002
0.0134150,0.4198380
0.0134200,0.4198868
0.0134250,0.4199457
0.0134300,0.4200107
0.0134350,0.4200787
0.0134400,0.4201489
0.0134450,0.4202203
0.0134500,0.4202904
0.0134550,0.4203590
0.0134600,0.4204265
0.0134650,0.4204908
0.0134700,0.4205505
0.0134750,0.4206057
0.0134800,0.4206560
0.0134850,0.4207017
0.0134900,0.4207441
0.0134950,0.4207841
0.0135000,0.3458017
0.0135050,0.3458010
0.0135100,0.3458013
0.0135150,0.3458036
0.0135200,0.3458070
0.0135250,0.3458095
0.0135300,0.3458140
0.0135350,0.3458221
0.0135400,0.3458324
0.0135450,0.3458430
0.0135500,0.3458567
0.0135550,0.3458753
0.0135600,0.3458996
0.0135650,0.3459271
0.0135700,0.3459575
0.0135750,0.3459910
0.0135800,0.3460267
0.0135850,0.3460632
0.0135900,0.3461021
0.0135950,0.3461430
0.0136000,0.3453237
0.0136050,0.3452969
0.0136100,0.3452842
0.0136150,0.3452907
0.0136200,0.3453165
0.0136250,0.3453574
0.0136300,0.3454107
0.0136350,0.3454731
0.0136400,0.3455403
0.0136450,0.3456067
0.0136500,0.3456697
0.0136550,0.3457261
0.0136600,0.3457744
0.0136650,0.3458150
0.0136700,0.3458500
0.0136750,0.3458793
0.0136800,0.3458992
0.0136850,0.3459063
0.0136900,0.3459023
0.0136950,0.3458895
0.0137000,0.3461610
0.0137050,0.3460873
0.0137100,0.3460144
0.0137150,0.3459463
0.0137200,0.3458863
0.0137250,0.3458355
0.0137300,0.3457953
0.0137350,0.3457659
0.0137400,0.3457473
0.0137450,0.3457404
0.0137500,0.3457485
0.0137550,0.3457713
0.0137600,0.3458066
0.0137650,0.3458519
0.0137700,0.3459054
0.0137750,0.3459659
0.0137800,0.3460322
0.0137850,0.3461002
0.0137900,0.3461661
0.0137950,0.3462279
0.0138000,0.4201837
0.0138050,0.4202390
0.0138100,0.4203007
0.0138150,0.4203702
0.0138200,0.4204489
0.0138250,0.4205353
0.0138300,0.4206263
0.0138350,0.4207183
0.0138400,0.4208078
0.0138450,0.4208879
0.0138500,0.4209520
0.0138550,0.4209987
0.0138600,0.4210286
0.0138650,0.4210408
0.0138700,0.4210355
0.0138750,0.4210141
0.0138800,0.4209784
0.0138850,0.4209313
0.0138900,0.4208791
0.0138950,0.4208295
0.0139000,0.3457805
0.0139050,0.3457839
0.0139100,0.3457938
0.0139150,0.3458095
0.0139200,0.3458319
0.0139250,0.3458579
0.0139300,0.3458830
0.0139350,0.3459036
0.0139400,0.3459205
0.0139450,0.3459362
0.0139500,0.3459561
0.0139550,0.3459838
0.0139600,0.3460226
0.0139650,0.3460716
0.0139700,0.3461282
0.0139750,0.3461885
0.0139800,0.3462520
0.0139850,0.3463166
0.0139900,0.3463800
0.0139950,0.3464401
0.0140000,0.3457236
0.0140050,0.3457764
0.0140100,0.3458353
0.0140150,0.3458993
0.0140200,0.3459678
0.0140250,0.3460387
0.0140300,0.3461076
0.0140350,0.3461699
0.0140400,0.3462249
0.0140450,0.3462736
0.0140500,0.3463156
0.0140550,0.3463499
0.0140600,0.3463766
0.0140650,0.3463950
0.0140700,0.3464029
0.0140750,0.3464008
0.0140800,0.3463927
0.0140850,0.3463828
0.0140900,0.3463745
0.0140950,0.3463723
0.0141000,0.3454942
0.0141050,0.3454551
0.0141100,0.3454255
0.0141150,0.3454028
0.0141200,0.3453873
0.0141250,0.3453791
0.0141300,0.3453738
0.0141350,0.3453671
0.0141400,0.3453587
0.0141450,0.3453520
0.0141500,0.3453492
0.0141550,0.3453507
0.0141600,0.3453536
0.0141650,0.3453552
0.0141700,0.3453563
0.0141750,0.3453613
0.0141800,0.3453764
0.0141850,0.3454076
0.0141900,0.3454566
0.0141950,0.3455225
0.0142000,0.2494957
0.0142050,0.2495348
0.0142100,0.2495885
0.0142150,0.2496501
0.0142200,0.2497188
0.0142250,0.2497927
0.0142300,0.2498675
0.0142350,0.2499373
0.0142400,0.2500030
0.0142450,0.2500666
0.0142500,0.2501252
0.0142550,0.2501742
0.0142600,0.2502150
0.0142650,0.2502501
0.0142700,0.2502809
0.0142750,0.2503045
0.0142800,0.2503240
0.0142850,0.2503437
0.0142900,0.2503643
0.0142950,0.2503809
0.0143000,0.0725570
0.0143050,0.0725887
0.0143100,0.0726175
0.0143150,0.0726306
0.0143200,0.0726366
0.0143250,0.0726478
0.0143300,0.0726710
0.0143350,0.0726977
0.0143400,0.0727294
0.0143450,0.0727653
0.0143500,0.0728008
0.0143550,0.0728289
0.0143600,0.0728575
0.0143650,0.0728933
0.0143700,0.0729358
0.0143750,0.0729752
0.0143800,0.0730131
0.0143850,0.0730500
0.0143900,0.0730844
0.0143950,0.0731122
0.0144000,0.0731366
0.0144050,0.0731570
0.0144100,0.0731702
0.0144150,0.0731738
0.0144200,0.0731752
0.0144250,0.0731796
0.0144300,0.0731830
0.0144350,0.0731816
0.0144400,0.0731824
0.0144450,0.0731868
0.0144500,0.0731894
0.0144550,0.0731888
0.0144600,0.0731887
0.0144650,0.0731884
0.0144700,0.0731822
0.0144750,0.0731646
0.0144800,0.0731423
0.0144850,0.0731207
0.0144900,0.0731020
0.0144950,0.0730846
0.0145000,0.3468208
0.0145050,0.3467519
0.0145100,0.3466825
0.0145150,0.3466110
0.0145200,0.3465400
0.0145250,0.3464723
0.0145300,0.3464093
0.0145350,0.3463514
0.0145400,0.3463001
0.0145450,0.3462577
0.0145500,0.3462266
0.0145550,0.3462075
0.0145600,0.3462013
0.0145650,0.3462085
0.0145700,0.3462306
0.0145750,0.3462674
0.0145800,0.3463193
0.0145850,0.3463861
0.0145900,0.3464645
0.0145950,0.3465494
0.0146000,0.4206498
0.0146050,0.4207350
0.0146100,0.4208207
0.0146150,0.4209040
0.0146200,0.4209823
0.0146250,0.4210544
0.0146300,0.4211201
0.0146350,0.4211785
0.0146400,0.4212281
0.0146450,0.4212715
0.0146500,0.4213076
0.0146550,0.4213318
0.0146600,0.4213392
0.0146650,0.4213309
0.0146700,0.4213088
0.0146750,0.4212704
0.0146800,0.4212144
0.0146850,0.4211470
0.0146900,0.4210755
0.0146950,0.4210061
0.0147000,0.3453444
0.0147050,0.3453100
0.0147100,0.3452853
0.0147150,0.3452726
0.0147200,0.3452719
0.0147250,0.3452830
0.0147300,0.3453047
0.0147350,0.3453360
0.0147400,0.3453770
0.0147450,0.3454289
0.0147500,0.3454914
0.0147550,0.3455614
0.0147600,0.3456355
0.0147650,0.3457126
0.0147700,0.3457936
0.0147750,0.3458785
0.0147800,0.3459676
0.0147850,0.3460586
0.0147900,0.3461490
0.0147950,0.3462380
0.0148000,0.5898999
0.0148050,0.5899749
0.0148100,0.5900508
0.0148150,0.5901252
0.0148200,0.5901999
0.0148250,0.5902762
0.0148300,0.5903548
0.0148350,0.5904360
0.0148400,0.5905207
0.0148450,0.5906073
0.0148500,0.5906923
0.0148550,0.5907731
0.0148600,0.5908482
0.0148650,0.5909138
0.0148700,0.5909669
0.0148750,0.5910070
0.0148800,0.5910369
0.0148850,0.5910592
0.0148900,0.5910730
0.0148950,0.5910766
0.0149000,0.3452391
0.0149050,0.3452171
0.0149100,0.3451892
0.0149150,0.3451583
0.0149200,0.3451281
0.0149250,0.3451014
0.0149300,0.3450819
0.0149350,0.3450745
0.0149400,0.3450811
0.0149450,0.3451014
0.0149500,0.3451357
0.0149550,0.3451853
0.0149600,0.3452486
0.0149650,0.3453230
0.0149700,0.3454061
0.0149750,0.3454985
0.0149800,0.3455984
0.0149850,0.3457029
0.0149900,0.3458105
0.0149950,0.3459199
0.0150000,0.4189155
0.0150050,0.4190176
0.0150100,0.4191319
0.0150150,0.4192558
0.0150200,0.4193880
0.0150250,0.4195268
0.0150300,0.4196667
0.0150350,0.4198007
0.0150400,0.4199242
0.0150450,0.4200353
0.0150500,0.4201305
0.0150550,0.4202067
0.0150600,0.4202637
0.0150650,0.4203046
0.0150700,0.4203313
0.0150750,0.4203458
0.0150800,0.4203511
0.0150850,0.4203523
0.0150900,0.4203521
0.0150950,0.4203523
0.0151000,0.3456784
0.0151050,0.3456692
0.0151100,0.3456663
0.0151150,0.3456686
0.0151200,0.3456741
0.0151250,0.3456786
0.0151300,0.3456767
0.0151350,0.3456677
0.0151400,0.3456522
0.0151450,0.3456320
0.0151500,0.3456097
0.0151550,0.3455908
0.0151600,0.3455806
0.0151650,0.3455834
0.0151700,0.3455991
0.0151750,0.3456271
0.0151800,0.3456667
0.0151850,0.3457170
0.0151900,0.3457741
0.0151950,0.3458323
0.0152000,0.4207898
0.0152050,0.4208124
0.0152100,0.4208350
0.0152150,0.4208571
0.0152200,0.4208799
0.0152250,0.4209076
0.0152300,0.4209441
0.0152350,0.4209907
0.0152400,0.4210487
0.0152450,0.4211186
0.0152500,0.4211987
0.0152550,0.4212868
0.0152600,0.4213824
0.0152650,0.4214851
0.0152700,0.4215905
0.0152750,0.4216936
0.0152800,0.4217921
0.0152850,0.4218870
0.0152900,0.4219795
0.0152950,0.4220692
0.0153000,0.0710574
0.0153050,0.0710569
0.0153100,0.0710559
0.0153150,0.0710529
0.0153200,0.0710528
0.0153250,0.0710616
0.0153300,0.0710759
0.0153350,0.0710886
0.0153400,0.0710947
0.0153450,0.0710922
0.0153500,0.0710782
0.0153550,0.0710509
0.0153600,0.0710165
0.0153650,0.0709884
0.0153700,0.0709713
0.0153750,0.0709581
0.0153800,0.0709495
0.0153850,0.0709516
0.0153900,0.0709644
0.0153950,0.0709784
0.0154000,0.0709861
0.0154050,0.0709869
0.0154100,0.0709810
0.0154150,0.0709682
0.0154200,0.0709548
0.0154250,0.0709465
0.0154300,0.0709413
0.0154350,0.0709354
0.0154400,0.0709352
0.0154450,0.0709456
0.0154500,0.0709599
0.0154550,0.0709666
0.0154600,0.0709671
0.0154650,0.0709717
0.0154700,0.0709843
0.0154750,0.0709985
0.0154800,0.0710151
0.0154850,0.0710453
0.0154900,0.0710959
0.0154950,0.0711605
0.0155000,0.2499692
0.0155050,0.2500111
0.0155100,0.2500565
0.0155150,0.2501026
0.0155200,0.2501485
0.0155250,0.2501958
0.0155300,0.2502449
0.0155350,0.2502942
0.0155400,0.2503437
0.0155450,0.2503944
0.0155500,0.2504468
0.0155550,0.2504976
0.0155600,0.2505445
0.0155650,0.2505877
0.0155700,0.2506275
0.0155750,0.2506614
0.0155800,0.2506864
0.0155850,0.2507034
0.0155900,0.2507136
0.0155950,0.2507155
0.0156000,0.4835699
0.0156050,0.4834749
0.0156100,0.4833892
0.0156150,0.4833143
0.0156200,0.4832508
0.0156250,0.4831994
0.0156300,0.4831611
0.0156350,0.4831354
0.0156400,0.4831222
0.0156450,0.4831235
0.0156500,0.4831399
0.0156550,0.4831717
0.0156600,0.4832182
0.0156650,0.4832785
0.0156700,0.4833505
0.0156750,0.4834317
0.0156800,0.4835203
0.0156850,0.4836145
0.0156900,0.4837134
0.0156950,0.4838163
0.0157000,0.4844831
0.0157050,0.4845535
0.0157100,0.4846242
0.0157150,0.4846960
0.0157200,0.4847695
0.0157250,0.4848438
0.0157300,0.4849173
0.0157350,0.4849896
0.0157400,0.4850623
0.0157450,0.4851358
0.0157500,0.4852114
0.0157550,0.4852901
0.0157600,0.4853726
0.0157650,0.4854568
0.0157700,0.4855402
0.0157750,0.4856202
0.0157800,0.4856958
0.0157850,0.4857663
0.0157900,0.4858291
0.0157950,0.4858817
0.0158000,0.3467049
0.0158050,0.3467085
0.0158100,0.3467175
0.0158150,0.3467314
0.0158200,0.3467520
0.0158250,0.3467808
0.0158300,0.3468187
0.0158350,0.3468640
0.0158400,0.3469158
0.0158450,0.3469729
0.0158500,0.3470344
0.0158550,0.3470964
0.0158600,0.3471591
0.0158650,0.3472224
0.0158700,0.3472847
0.0158750,0.3473424
0.0158800,0.3473958
0.0158850,0.3474460
0.0158900,0.3474915
0.0158950,0.3475296
0.0159000,0.4212866
0.0159050,0.4212614
0.0159100,0.4212515
0.0159150,0.4212534
0.0159200,0.4212668
0.0159250,0.4212936
0.0159300,0.4213320
0.0159350,0.4213775
0.0159400,0.4214286
0.0159450,0.4214834
0.0159500,0.4215358
0.0159550,0.4215803
0.0159600,0.4216163
0.0159650,0.4216449
0.0159700,0.4216683
0.0159750,0.4216901
0.0159800,0.4217163
0.0159850,0.4217537
0.0159900,0.4218051
0.0159950,0.4218701
0.0160000,0.4210251
0.0160050,0.4211021
0.0160100,0.4211824
0.0160150,0.4212576
0.0160200,0.4213231
0.0160250,0.4213762
0.0160300,0.4214114
0.0160350,0.4214247
0.0160400,0.4214162
0.0160450,0.4213912
0.0160500,0.4213538
0.0160550,0.4213086
0.0160600,0.4212624
0.0160650,0.4212210
0.0160700,0.4211867
0.0160750,0.4211586
0.0160800,0.4211360
0.0160850,0.4211207
0.0160900,0.4211113
0.0160950,0.4211035
0.0161000,0.4204539
0.0161050,0.4204735
0.0161100,0.4204970
0.0161150,0.4205242
0.0161200,0.4205548
0.0161250,0.4205884
0.0161300,0.4206236
0.0161350,0.4206578
0.0161400,0.4206877
0.0161450,0.4207108
0.0161500,0.4207230
0.0161550,0.4207208
0.0161600,0.4207073
0.0161650,0.4206901
0.0161700,0.4206746
0.0161750,0.4206605
0.0161800,0.4206472
0.0161850,0.4206356
0.0161900,0.4206252
0.0161950,0.4206139
0.0162000,0.4208453
0.0162050,0.4207774
0.0162100,0.4207057
0.0162150,0.4206311
0.0162200,0.4205587
0.0162250,0.4204946
0.0162300,0.4204437
0.0162350,0.4204086
0.0162400,0.4203903
0.0162450,0.4203912
0.0162500,0.4204115
0.0162550,0.4204493
0.0162600,0.4205042
0.0162650,0.4205782
0.0162700,0.4206725
0.0162750,0.4207854
0.0162800,0.4209129
0.0162850,0.4210510
0.0162900,0.4211940
0.0162950,0.4213390
0.0163000,0.3454240
0.0163050,0.3454479
0.0163100,0.3454746
0.0163150,0.3455006
0.0163200,0.3455234
0.0163250,0.3455468
0.0163300,0.3455748
0.0163350,0.3456085
0.0163400,0.3456464
0.0163450,0.3456918
0.0163500,0.3457454
0.0163550,0.3458035
0.0163600,0.3458618
0.0163650,0.3459203
0.0163700,0.3459777
0.0163750,0.3460307
0.0163800,0.3460751
0.0163850,0.3461118
0.0163900,0.3461414
0.0163950,0.3461637
0.0164000,0.3451439
0.0164050,0.3451450
0.0164100,0.3451450
0.0164150,0.3451452
0.0164200,0.3451454
0.0164250,0.3451467
0.0164300,0.3451514
0.0164350,0.3451611
0.0164400,0.3451758
0.0164450,0.3451975
0.0164500,0.3452272
0.0164550,0.3452630
0.0164600,0.3453039
0.0164650,0.3453518
0.0164700,0.3454075
0.0164750,0.3454678
0.0164800,0.3455284
0.0164850,0.3455861
0.0164900,0.3456426
0.0164950,0.3456985
0.0165000,0.4824619
0.0165050,0.4825056
0.0165100,0.4825716
0.0165150,0.4826608
0.0165200,0.4827685
0.0165250,0.4828885
0.0165300,0.4830165
0.0165350,0.4831481
0.0165400,0.4832759
0.0165450,0.4833947
0.0165500,0.4835044
0.0165550,0.4836060
0.0165600,0.4837010
0.0165650,0.4837943
0.0165700,0.4838908
0.0165750,0.4839923
0.0165800,0.4840961
0.0165850,0.4841994
0.0165900,0.4843006
0.0165950,0.4843976
0.0166000,0.4203247
0.0166050,0.4204171
0.0166100,0.4205079
0.0166150,0.4205982
0.0166200,0.4206851
0.0166250,0.4207675
0.0166300,0.4208477
0.0166350,0.4209276
0.0166400,0.4210044
0.0166450,0.4210760
0.0166500,0.4211443
0.0166550,0.4212110
0.0166600,0.4212733
0.0166650,0.4213285
0.0166700,0.4213766
0.0166750,0.4214165
0.0166800,0.4214460
0.0166850,0.4214643
0.0166900,0.4214761
0.0166950,0.4214841
0.0167000,0.4852799
0.0167050,0.4852308
0.0167100,0.4851893
0.0167150,0.4851572
0.0167200,0.4851309
0.0167250,0.4851092
0.0167300,0.4850945
0.0167350,0.4850871
0.0167400,0.4850868
0.0167450,0.4850947
0.0167500,0.4851121
0.0167550,0.4851350
0.0167600,0.4851591
0.0167650,0.4851838
0.0167700,0.4852089
0.0167750,0.4852297
0.0167800,0.4852427
0.0167850,0.4852465
0.0167900,0.4852421
0.0167950,0.4852288
0.0168000,0.3471017
0.0168050,0.3470617
0.0168100,0.3470242
0.0168150,0.3469916
0.0168200,0.3469652
0.0168250,0.3469464
0.0168300,0.3469377
0.0168350,0.3469369
0.0168400,0.3469417
0.0168450,0.3469504
0.0168500,0.3469638
0.0168550,0.3469817
0.0168600,0.3470012
0.0168650,0.3470214
0.0168700,0.3470426
0.0168750,0.3470632
0.0168800,0.3470763
0.0168850,0.3470782
0.0168900,0.3470687
0.0168950,0.3470485
0.0169000,0.3462213
0.0169050,0.3462229
0.0169100,0.3462279
0.0169150,0.3462359
0.0169200,0.3462458
0.0169250,0.3462592
0.0169300,0.3462776
0.0169350,0.3462970
0.0169400,0.3463114
0.0169450,0.3463212
0.0169500,0.3463300
0.0169550,0.3463376
0.0169600,0.3463407
0.0169650,0.3463381
0.0169700,0.3463302
0.0169750,0.3463169
0.0169800,0.3462993
0.0169850,0.3462808
0.0169900,0.3462650
0.0169950,0.3462555
0.0170000,0.4206421
0.0170050,0.4205918
0.0170100,0.4205389
0.0170150,0.4204885
0.0170200,0.4204440
0.0170250,0.4204085
0.0170300,0.4203868
0.0170350,0.4203836
0.0170400,0.4204010
0.0170450,0.4204382
0.0170500,0.4204942
0.0170550,0.4205680
0.0170600,0.4206564
0.0170650,0.4207565
0.0170700,0.4208669
0.0170750,0.4209857
0.0170800,0.4211085
0.0170850,0.4212307
0.0170900,0.4213457
0.0170950,0.4214471
0.0171000,0.3461125
0.0171050,0.3461871
0.0171100,0.3462574
0.0171150,0.3463215
0.0171200,0.3463769
0.0171250,0.3464233
0.0171300,0.3464632
0.0171350,0.3465006
0.0171400,0.3465373
0.0171450,0.3465740
0.0171500,0.3466095
0.0171550,0.3466421
0.0171600,0.3466715
0.0171650,0.3466995
0.0171700,0.3467289
0.0171750,0.3467627
0.0171800,0.3468028
0.0171850,0.3468500
0.0171900,0.3469024
0.0171950,0.3469562
0.0172000,0.3455588
0.0172050,0.3455879
0.0172100,0.3456325
0.0172150,0.3456857
0.0172200,0.3457418
0.0172250,0.3458024
0.0172300,0.3458696
0.0172350,0.3459404
0.0172400,0.3460133
0.0172450,0.3460923
0.0172500,0.3461780
0.0172550,0.3462666
0.0172600,0.3463560
0.0172650,0.3464477
0.0172700,0.3465414
0.0172750,0.3466348
0.0172800,0.3467285
0.0172850,0.3468259
0.0172900,0.3469292
0.0172950,0.3470359
0.0173000,0.4846385
0.0173050,0.4846073
0.0173100,0.4845680
0.0173150,0.4845232
0.0173200,0.4844722
0.0173250,0.4844120
0.0173300,0.4843427
0.0173350,0.4842670
0.0173400,0.4841840
0.0173450,0.4840943
0.0173500,0.4840012
0.0173550,0.4839103
0.0173600,0.4838273
0.0173650,0.4837575
0.0173700,0.4837046
0.0173750,0.4836703
0.0173800,0.4836534
0.0173850,0.4836529
0.0173900,0.4836685
0.0173950,0.4836990
0.0174000,0.4819468
0.0174050,0.4819404
0.0174100,0.4819529
0.0174150,0.4819820
0.0174200,0.4820264
0.0174250,0.4820839
0.0174300,0.4821540
0.0174350,0.4822360
0.0174400,0.4823282
0.0174450,0.4824295
0.0174500,0.4825388
0.0174550,0.4826545
0.0174600,0.4827765
0.0174650,0.4829041
0.0174700,0.4830384
0.0174750,0.4831789
0.0174800,0.4833223
0.0174850,0.4834645
0.0174900,0.4836031
0.0174950,0.4837370
0.0175000,0.4207385
0.0175050,0.4208295
0.0175100,0.4209130
0.0175150,0.4209885
0.0175200,0.4210594
0.0175250,0.4211287
0.0175300,0.4212004
0.0175350,0.4212771
0.0175400,0.4213618
0.0175450,0.4214561
0.0175500,0.4215596
0.0175550,0.4216699
0.0175600,0.4217852
0.0175650,0.4219024
0.0175700,0.4220199
0.0175750,0.4221344
0.0175800,0.4222445
0.0175850,0.4223480
0.0175900,0.4224411
0.0175950,0.4225185
0.0176000,0.2502222
0.0176050,0.2502668
0.0176100,0.2503156
0.0176150,0.2503671
0.0176200,0.2504239
0.0176250,0.2504862
0.0176300,0.2505514
0.0176350,0.2506167
0.0176400,0.2506818
0.0176450,0.2507455
0.0176500,0.2508037
0.0176550,0.2508561
0.0176600,0.2509073
0.0176650,0.2509590
0.0176700,0.2510108
0.0176750,0.2510631
0.0176800,0.2511185
0.0176850,0.2511784
0.0176900,0.2512387
0.0176950,0.2512976
0.0177000,0.4190194
0.0177050,0.4190024
0.0177100,0.4190110
0.0177150,0.4190431
0.0177200,0.4190964
0.0177250,0.4191674
0.0177300,0.4192520
0.0177350,0.4193468
0.0177400,0.4194512
0.0177450,0.4195650
0.0177500,0.4196832
0.0177550,0.4197999
0.0177600,0.4199129
0.0177650,0.4200215
0.0177700,0.4201211
0.0177750,0.4202080
0.0177800,0.4202837
0.0177850,0.4203499
0.0177900,0.4204073
0.0177950,0.4204560
0.0178000,0.2503329
0.0178050,0.2503319
0.0178100,0.2503401
0.0178150,0.2503601
0.0178200,0.2503944
0.0178250,0.2504406
0.0178300,0.2504932
0.0178350,0.2505466
0.0178400,0.2506031
0.0178450,0.2506634
0.0178500,0.2507245
0.0178550,0.2507846
0.0178600,0.2508468
0.0178650,0.2509112
0.0178700,0.2509769
0.0178750,0.2510396
0.0178800,0.2511007
0.0178850,0.2511586
0.0178900,0.2512094
0.0178950,0.2512514
0.0179000,0.4211264
0.0179050,0.4210267
0.0179100,0.4209299
0.0179150,0.4208371
0.0179200,0.4207514
0.0179250,0.4206761
0.0179300,0.4206139
0.0179350,0.4205675
0.0179400,0.4205430
0.0179450,0.4205422
0.0179500,0.4205631
0.0179550,0.4206036
0.0179600,0.4206607
0.0179650,0.4207294
0.0179700,0.4208036
0.0179750,0.4208794
0.0179800,0.4209569
0.0179850,0.4210366
0.0179900,0.4211184
0.0179950,0.4212043
0.0180000,0.4199037
0.0180050,0.4199625
0.0180100,0.4200300
0.0180150,0.4201042
0.0180200,0.4201808
0.0180250,0.4202557
0.0180300,0.4203238
0.0180350,0.4203801
0.0180400,0.4204193
0.0180450,0.4204385
0.0180500,0.4204373
0.0180550,0.4204199
0.0180600,0.4203915
0.0180650,0.4203571
0.0180700,0.4203203
0.0180750,0.4202846
0.0180800,0.4202531
0.0180850,0.4202290
0.0180900,0.4202149
0.0180950,0.4202139
0.0181000,0.4200461
0.0181050,0.4200291
0.0181100,0.4200375
0.0181150,0.4200693
0.0181200,0.4201224
0.0181250,0.4201945
0.0181300,0.4202818
0.0181350,0.4203792
0.0181400,0.4204814
0.0181450,0.4205837
0.0181500,0.4206807
0.0181550,0.4207684
0.0181600,0.4208447
0.0181650,0.4209110
0.0181700,0.4209679
0.0181750,0.4210177
0.0181800,0.4210630
0.0181850,0.4211054
0.0181900,0.4211426
0.0181950,0.4211725
0.0182000,0.2505422
0.0182050,0.2505466
0.0182100,0.2505470
0.0182150,0.2505433
0.0182200,0.2505319
0.0182250,0.2505130
0.0182300,0.2504890
0.0182350,0.2504634
0.0182400,0.2504375
0.0182450,0.2504142
0.0182500,0.2503966
0.0182550,0.2503856
0.0182600,0.2503783
0.0182650,0.2503745
0.0182700,0.2503764
0.0182750,0.2503858
0.0182800,0.2504008
0.0182850,0.2504189
0.0182900,0.2504399
0.0182950,0.2504627
0.0183000,0.3452296
0.0183050,0.3452712
0.0183100,0.3453165
0.0183150,0.3453630
0.0183200,0.3454027
0.0183250,0.3454312
0.0183300,0.3454496
0.0183350,0.3454614
0.0183400,0.3454688
0.0183450,0.3454737
0.0183500,0.3454778
0.0183550,0.3454807
0.0183600,0.3454782
0.0183650,0.3454682
0.0183700,0.3454487
0.0183750,0.3454184
0.0183800,0.3453766
0.0183850,0.3453252
0.0183900,0.3452694
0.0183950,0.3452107
0.0184000,0.4203587
0.0184050,0.4203180
0.0184100,0.4202873
0.0184150,0.4202677
0.0184200,0.4202563
0.0184250,0.4202504
0.0184300,0.4202521
0.0184350,0.4202647
0.0184400,0.4202901
0.0184450,0.4203283
0.0184500,0.4203807
0.0184550,0.4204479
0.0184600,0.4205291
0.0184650,0.4206227
0.0184700,0.4207273
0.0184750,0.4208411
0.0184800,0.4209600
0.0184850,0.4210790
0.0184900,0.4211969
0.0184950,0.4213127
0.0185000,0.4200838
0.0185050,0.4201498
0.0185100,0.4202210
0.0185150,0.4202971
0.0185200,0.4203763
0.0185250,0.4204574
0.0185300,0.4205395
0.0185350,0.4206216
0.0185400,0.4207007
0.0185450,0.4207733
0.0185500,0.4208416
0.0185550,0.4209057
0.0185600,0.4209628
0.0185650,0.4210107
0.0185700,0.4210535
0.0185750,0.4210977
0.0185800,0.4211445
0.0185850,0.4211907
0.0185900,0.4212363
0.0185950,0.4212821
0.0186000,0.3431045
0.0186050,0.3429806
0.0186100,0.3428574
0.0186150,0.3427406
0.0186200,0.3426332
0.0186250,0.3425352
0.0186300,0.3424492
0.0186350,0.3423787
0.0186400,0.3423257
0.0186450,0.3422900
0.0186500,0.3422719
0.0186550,0.3422738
0.0186600,0.3422968
0.0186650,0.3423378
0.0186700,0.3423946
0.0186750,0.3424685
0.0186800,0.3425588
0.0186850,0.3426597
0.0186900,0.3427698
0.0186950,0.3428918
0.0187000,0.4815512
0.0187050,0.4815741
0.0187100,0.4816143
0.0187150,0.4816686
0.0187200,0.4817329
0.0187250,0.4818014
0.0187300,0.4818698
0.0187350,0.4819374
0.0187400,0.4820041
0.0187450,0.4820691
0.0187500,0.4821300
0.0187550,0.4821853
0.0187600,0.4822355
0.0187650,0.4822805
0.0187700,0.4823202
0.0187750,0.4823557
0.0187800,0.4823877
0.0187850,0.4824164
0.0187900,0.4824428
0.0187950,0.4824677
0.0188000,0.4822944
0.0188050,0.4822719
0.0188100,0.4822549
0.0188150,0.4822476
0.0188200,0.4822538
0.0188250,0.4822737
0.0188300,0.4823061
0.0188350,0.4823500
0.0188400,0.4824036
0.0188450,0.4824659
0.0188500,0.4825368
0.0188550,0.4826167
0.0188600,0.4827054
0.0188650,0.4828003
0.0188700,0.4828957
0.0188750,0.4829875
0.0188800,0.4830747
0.0188850,0.4831586
0.0188900,0.4832391
0.0188950,0.4833168
0.0189000,0.3433434
0.0189050,0.3433779
0.0189100,0.3434088
0.0189150,0.3434355
0.0189200,0.3434594
0.0189250,0.3434823
0.0189300,0.3435050
0.0189350,0.3435270
0.0189400,0.3435443
0.0189450,0.3435520
0.0189500,0.3435468
0.0189550,0.3435283
0.0189600,0.3434998
0.0189650,0.3434654
0.0189700,0.3434276
0.0189750,0.3433881
0.0189800,0.3433482
0.0189850,0.3433068
0.0189900,0.3432597
0.0189950,0.3432042
0.0190000,0.3431412
0.0190050,0.3430733
0.0190100,0.3430030
0.0190150,0.3429330
0.0190200,0.3428659
0.0190250,0.3428024
0.0190300,0.3427404
0.0190350,0.3426785
0.0190400,0.3426164
0.0190450,0.3425529
0.0190500,0.3424872
0.0190550,0.3424216
0.0190600,0.3423579
0.0190650,0.3422961
0.0190700,0.3422381
0.0190750,0.3421876
0.0190800,0.3421467
0.0190850,0.3421153
0.0190900,0.3420916
0.0190950,0.3420758
0.0191000,0.4810229
0.0191050,0.4809946
0.0191100,0.4809683
0.0191150,0.4809387
0.0191200,0.4809016
0.0191250,0.4808568
0.0191300,0.4808087
0.0191350,0.4807641
0.0191400,0.4807271
0.0191450,0.4807005
0.0191500,0.4806848
0.0191550,0.4806791
0.0191600,0.4806809
0.0191650,0.4806863
0.0191700,0.4806925
0.0191750,0.4806961
0.0191800,0.4806943
0.0191850,0.4806882
0.0191900,0.4806815
0.0191950,0.4806806
0.0192000,0.5368811
0.0192050,0.5369010
0.0192100,0.5369386
0.0192150,0.5369979
0.0192200,0.5370796
0.0192250,0.5371834
0.0192300,0.5373100
0.0192350,0.5374567
0.0192400,0.5376154
0.0192450,0.5377781
0.0192500,0.5379382
0.0192550,0.5380885
0.0192600,0.5382220
0.0192650,0.5383341
0.0192700,0.5384270
0.0192750,0.5385055
0.0192800,0.5385736
0.0192850,0.5386362
0.0192900,0.5386979
0.0192950,0.5387589
0.0193000,0.4170789
0.0193050,0.4170981
0.0193100,0.4171205
0.0193150,0.4171469
0.0193200,0.4171792
0.0193250,0.4172197
0.0193300,0.4172711
0.0193350,0.4173353
0.0193400,0.4174113
0.0193450,0.4174990
0.0193500,0.4175984
0.0193550,0.4177074
0.0193600,0.4178224
0.0193650,0.4179410
0.0193700,0.4180620
0.0193750,0.4181810
0.0193800,0.4182938
0.0193850,0.4183983
0.0193900,0.4184950
0.0193950,0.4185846
0.0194000,0.3423611
0.0194050,0.3424066
0.0194100,0.3424530
0.0194150,0.3424988
0.0194200,0.3425430
0.0194250,0.3425877
0.0194300,0.3426351
0.0194350,0.3426862
0.0194400,0.3427392
0.0194450,0.3427915
0.0194500,0.3428446
0.0194550,0.3429002
0.0194600,0.3429574
0.0194650,0.3430160
0.0194700,0.3430775
0.0194750,0.3431430
0.0194800,0.3432117
0.0194850,0.3432825
0.0194900,0.3433563
0.0194950,0.3434331
0.0195000,0.4185949
0.0195050,0.4186588
0.0195100,0.4187306
0.0195150,0.4188114
0.0195200,0.4189011
0.0195250,0.4190002
0.0195300,0.4191082
0.0195350,0.4192222
0.0195400,0.4193378
0.0195450,0.4194522
0.0195500,0.4195636
0.0195550,0.4196703
0.0195600,0.4197697
0.0195650,0.4198594
0.0195700,0.4199382
0.0195750,0.4200039
0.0195800,0.4200520
0.0195850,0.4200796
0.0195900,0.4200868
0.0195950,0.4200751
0.0196000,0.4185574
0.0196050,0.4185018
0.0196100,0.4184429
0.0196150,0.4183824
0.0196200,0.4183211
0.0196250,0.4182603
0.0196300,0.4182026
0.0196350,0.4181498
0.0196400,0.4181041
0.0196450,0.4180687
0.0196500,0.4180454
0.0196550,0.4180347
0.0196600,0.4180360
0.0196650,0.4180481
0.0196700,0.4180695
0.0196750,0.4180988
0.0196800,0.4181343
0.0196850,0.4181750
0.0196900,0.4182179
0.0196950,0.4182586
0.0197000,0.4181550
0.0197050,0.4181849
0.0197100,0.4182072
0.0197150,0.4182205
0.0197200,0.4182244
0.0197250,0.4182202
0.0197300,0.4182087
0.0197350,0.4181908
0.0197400,0.4181675
0.0197450,0.4181398
0.0197500,0.4181060
0.0197550,0.4180655
0.0197600,0.4180207
0.0197650,0.4179767
0.0197700,0.4179338
0.0197750,0.4178919
0.0197800,0.4178525
0.0197850,0.4178173
0.0197900,0.4177854
0.0197950,0.4177581
0.0198000,0.3408796
0.0198050,0.3408470
0.0198100,0.3408220
0.0198150,0.3408029
0.0198200,0.3407887
0.0198250,0.3407784
0.0198300,0.3407691
0.0198350,0.3407593
0.0198400,0.3407468
0.0198450,0.3407308
0.0198500,0.3407080
0.0198550,0.3406770
0.0198600,0.3406365
0.0198650,0.3405860
0.0198700,0.3405251
0.0198750,0.3404571
0.0198800,0.3403849
0.0198850,0.3403099
0.0198900,0.3402308
0.0198950,0.3401494
0.0199000,0.4798425
0.0199050,0.4797935
0.0199100,0.4797542
0.0199150,0.4797251
0.0199200,0.4797074
0.0199250,0.4797017
0.0199300,0.4797055
0.0199350,0.4797186
0.0199400,0.4797426
0.0199450,0.4797776
0.0199500,0.4798214
0.0199550,0.4798723
0.0199600,0.4799278
0.0199650,0.4799849
0.0199700,0.4800389
0.0199750,0.4800865
0.0199800,0.4801260
0.0199850,0.4801571
0.0199900,0.4801807
0.0199950,0.4801996
0.0200000,0.4169277
0.0200050,0.4169207
0.0200100,0.4169232
0.0200150,0.4169351
0.0200200,0.4169573
0.0200250,0.4169906
0.0200300,0.4170332
0.0200350,0.4170845
0.0200400,0.4171459
0.0200450,0.4172171
0.0200500,0.4172949
0.0200550,0.4173788
0.0200600,0.4174704
0.0200650,0.4175701
0.0200700,0.4176778
0.0200750,0.4177935
0.0200800,0.4179159
0.0200850,0.4180386
0.0200900,0.4181525
0.0200950,0.4182521
0.0201000,0.4177204
0.0201050,0.4177410
0.0201100,0.4177546
0.0201150,0.4177598
0.0201200,0.4177603
0.0201250,0.4177604
0.0201300,0.4177619
0.0201350,0.4177653
0.0201400,0.4177716
0.0201450,0.4177841
0.0201500,0.4178075
0.0201550,0.4178450
0.0201600,0.4178959
0.0201650,0.4179573
0.0201700,0.4180254
0.0201750,0.4180955
0.0201800,0.4181650
0.0201850,0.4182330
0.0201900,0.4183007
0.0201950,0.4183682
0.0202000,0.4176669
0.0202050,0.4177442
0.0202100,0.4178262
0.0202150,0.4179114
0.0202200,0.4179998
0.0202250,0.4180917
0.0202300,0.4181882
0.0202350,0.4182877
0.0202400,0.4183878
0.0202450,0.4184867
0.0202500,0.4185817
0.0202550,0.4186694
0.0202600,0.4187483
0.0202650,0.4188213
0.0202700,0.4188915
0.0202750,0.4189580
0.0202800,0.4190195
0.0202850,0.4190756
0.0202900,0.4191273
0.0202950,0.4191763
0.0203000,0.3454474
0.0203050,0.3454505
0.0203100,0.3454690
0.0203150,0.3454967
0.0203200,0.3455267
0.0203250,0.3455546
0.0203300,0.3455768
0.0203350,0.3455890
0.0203400,0.3455882
0.0203450,0.3455760
0.0203500,0.3455565
0.0203550,0.3455337
0.0203600,0.3455120
0.0203650,0.3454962
0.0203700,0.3454888
0.0203750,0.3454902
0.0203800,0.3455008
0.0203850,0.3455217
0.0203900,0.3455520
0.0203950,0.3455884
0.0204000,0.4202562
0.0204050,0.4202515
0.0204100,0.4202501
0.0204150,0.4202552
0.0204200,0.4202694
0.0204250,0.4202959
0.0204300,0.4203356
0.0204350,0.4203872
0.0204400,0.4204497
0.0204450,0.4205254
0.0204500,0.4206173
0.0204550,0.4207258
0.0204600,0.4208474
0.0204650,0.4209786
0.0204700,0.4211174
0.0204750,0.4212627
0.0204800,0.4214124
0.0204850,0.4215627
0.0204900,0.4217082
0.0204950,0.4218455
0.0205000,0.0727470
0.0205050,0.0727813
0.0205100,0.0728009
0.0205150,0.0728153
0.0205200,0.0728275
0.0205250,0.0728351
0.0205300,0.0728410
0.0205350,0.0728545
0.0205400,0.0728778
0.0205450,0.0729066
0.0205500,0.0729343
0.0205550,0.0729629
0.0205600,0.0729959
0.0205650,0.0730295
0.0205700,0.0730579
0.0205750,0.0730820
0.0205800,0.0731057
0.0205850,0.0731258
0.0205900,0.0731346
0.0205950,0.0731344
0.0206000,0.3435411
0.0206050,0.3435168
0.0206100,0.3434888
0.0206150,0.3434586
0.0206200,0.3434291
0.0206250,0.3434041
0.0206300,0.3433888
0.0206350,0.3433886
0.0206400,0.3434068
0.0206450,0.3434404
0.0206500,0.3434867
0.0206550,0.3435468
0.0206600,0.3436224
0.0206650,0.3437124
0.0206700,0.3438129
0.0206750,0.3439194
0.0206800,0.3440259
0.0206850,0.3441254
0.0206900,0.3442150
0.0206950,0.3442953
0.0207000,0.4214811
0.0207050,0.4214983
0.0207100,0.4215231
0.0207150,0.4215549
0.0207200,0.4215931
0.0207250,0.4216353
0.0207300,0.4216776
0.0207350,0.4217188
0.0207400,0.4217588
0.0207450,0.4217964
0.0207500,0.4218313
0.0207550,0.4218659
0.0207600,0.4219010
0.0207650,0.4219345
0.0207700,0.4219645
0.0207750,0.4219905
0.0207800,0.4220125
0.0207850,0.4220284
0.0207900,0.4220373
0.0207950,0.4220423
0.0208000,0.0727573
0.0208050,0.0727714
0.0208100,0.0727854
0.0208150,0.0727909
0.0208200,0.0727917
0.0208250,0.0727941
0.0208300,0.0728038
0.0208350,0.0728186
0.0208400,0.0728383
0.0208450,0.0728600
0.0208500,0.0728825
0.0208550,0.0729066
0.0208600,0.0729366
0.0208650,0.0729751
0.0208700,0.0730244
0.0208750,0.0730819
0.0208800,0.0731468
0.0208850,0.0732186
0.0208900,0.0732939
0.0208950,0.0733623
0.0209000,0.4184825
0.0209050,0.4184382
0.0209100,0.4184023
0.0209150,0.4183782
0.0209200,0.4183677
0.0209250,0.4183720
0.0209300,0.4183919
0.0209350,0.4184266
0.0209400,0.4184742
0.0209450,0.4185308
0.0209500,0.4185927
0.0209550,0.4186566
0.0209600,0.4187194
0.0209650,0.4187794
0.0209700,0.4188358
0.0209750,0.4188886
0.0209800,0.4189373
0.0209850,0.4189807
0.0209900,0.4190197
0.0209950,0.4190542
0.0210000,0.3427704
0.0210050,0.3427155
0.0210100,0.3426626
0.0210150,0.3426139
0.0210200,0.3425716
0.0210250,0.3425373
0.0210300,0.3425111
0.0210350,0.3424911
0.0210400,0.3424773
0.0210450,0.3424716
0.0210500,0.3424752
0.0210550,0.3424864
0.0210600,0.3425029
0.0210650,0.3425253
0.0210700,0.3425526
0.0210750,0.3425825
0.0210800,0.3426115
0.0210850,0.3426372
0.0210900,0.3426571
0.0210950,0.3426693
0.0211000,0.3421721
0.0211050,0.3421484
0.0211100,0.3421173
0.0211150,0.3420762
0.0211200,0.3420241
0.0211250,0.3419651
0.0211300,0.3419041
0.0211350,0.3418475
0.0211400,0.3417996
0.0211450,0.3417630
0.0211500,0.3417381
0.0211550,0.3417238
0.0211600,0.3417194
0.0211650,0.3417249
0.0211700,0.3417393
0.0211750,0.3417609
0.0211800,0.3417886
0.0211850,0.3418218
0.0211900,0.3418583
0.0211950,0.3418963
0.0212000,0.4814721
0.0212050,0.4815037
0.0212100,0.4815421
0.0212150,0.4815855
0.0212200,0.4816328
0.0212250,0.4816843
0.0212300,0.4817399
0.0212350,0.4817990
0.0212400,0.4818626
0.0212450,0.4819315
0.0212500,0.4820038
0.0212550,0.4820773
0.0212600,0.4821529
0.0212650,0.4822320
0.0212700,0.4823155
0.0212750,0.4824018
0.0212800,0.4824909
0.0212850,0.4825824
0.0212900,0.4826735
0.0212950,0.4827622
0.0213000,0.5339807
0.0213050,0.5339973
0.0213100,0.5340219
0.0213150,0.5340537
0.0213200,0.5340943
0.0213250,0.5341433
0.0213300,0.5341997
0.0213350,0.5342628
0.0213400,0.5343316
0.0213450,0.5344046
0.0213500,0.5344785
0.0213550,0.5345496
0.0213600,0.5346139
0.0213650,0.5346656
0.0213700,0.5346996
0.0213750,0.5347145
0.0213800,0.5347117
0.0213850,0.5346938
0.0213900,0.5346630
0.0213950,0.5346227
0.0214000,0.5335327
0.0214050,0.5334316
0.0214100,0.5333414
0.0214150,0.5332625
0.0214200,0.5331966
0.0214250,0.5331431
0.0214300,0.5331009
0.0214350,0.5330704
0.0214400,0.5330517
0.0214450,0.5330429
0.0214500,0.5330410
0.0214550,0.5330463
0.0214600,0.5330600
0.0214650,0.5330802
0.0214700,0.5331034
0.0214750,0.5331300
0.0214800,0.5331630
0.0214850,0.5332043
0.0214900,0.5332548
0.0214950,0.5333168
0.0215000,0.5333923
0.0215050,0.5334815
0.0215100,0.5335818
0.0215150,0.5336935
0.0215200,0.5338163
0.0215250,0.5339464
0.0215300,0.5340818
0.0215350,0.5342237
0.0215400,0.5343718
0.0215450,0.5345235
0.0215500,0.5346768
0.0215550,0.5348319
0.0215600,0.5349866
0.0215650,0.5351387
0.0215700,0.5352913
0.0215750,0.5354479
0.0215800,0.5356102
0.0215850,0.5357773
0.0215900,0.5359486
0.0215950,0.5361237
0.0216000,0.3440905
0.0216050,0.3440569
0.0216100,0.3440228
0.0216150,0.3439895
0.0216200,0.3439573
0.0216250,0.3439266
0.0216300,0.3438989
0.0216350,0.3438750
0.0216400,0.3438541
0.0216450,0.3438364
0.0216500,0.3438223
0.0216550,0.3438114
0.0216600,0.3438000
0.0216650,0.3437861
0.0216700,0.3437710
0.0216750,0.3437540
0.0216800,0.3437328
0.0216850,0.3437073
0.0216900,0.3436793
0.0216950,0.3436518
0.0217000,0.4185152
0.0217050,0.4185016
0.0217100,0.4184915
0.0217150,0.4184838
0.0217200,0.4184748
0.0217250,0.4184634
0.0217300,0.4184542
0.0217350,0.4184512
0.0217400,0.4184544
0.0217450,0.4184636
0.0217500,0.4184792
0.0217550,0.4185022
0.0217600,0.4185298
0.0217650,0.4185608
0.0217700,0.4185961
0.0217750,0.4186340
0.0217800,0.4186690
0.0217850,0.4186978
0.0217900,0.4187200
0.0217950,0.4187336
0.0218000,0.4181878
0.0218050,0.4181609
0.0218100,0.4181435
0.0218150,0.4181376
0.0218200,0.4181408
0.0218250,0.4181512
0.0218300,0.4181708
0.0218350,0.4181989
0.0218400,0.4182316
0.0218450,0.4182661
0.0218500,0.4183021
0.0218550,0.4183389
0.0218600,0.4183714
0.0218650,0.4183981
0.0218700,0.4184197
0.0218750,0.4184343
0.0218800,0.4184382
0.0218850,0.4184311
0.0218900,0.4184183
0.0218950,0.4184033
0.0219000,0.3408659
0.0219050,0.3408404
0.0219100,0.3408364
0.0219150,0.3408521
0.0219200,0.3408827
0.0219250,0.3409253
0.0219300,0.3409797
0.0219350,0.3410442
0.0219400,0.3411125
0.0219450,0.3411791
0.0219500,0.3412422
0.0219550,0.3413013
0.0219600,0.3413551
0.0219650,0.3414016
0.0219700,0.3414407
0.0219750,0.3414700
0.0219800,0.3414856
0.0219850,0.3414863
0.0219900,0.3414750
0.0219950,0.3414540
0.0220000,0.3414242
0.0220050,0.3413865
0.0220100,0.3413463
0.0220150,0.3413088
0.0220200,0.3412774
0.0220250,0.3412540
0.0220300,0.3412437
0.0220350,0.3412519
0.0220400,0.3412832
0.0220450,0.3413396
0.0220500,0.3414221
0.0220550,0.3415264
0.0220600,0.3416449
0.0220650,0.3417689
0.0220700,0.3418939
0.0220750,0.3420191
0.0220800,0.3421430
0.0220850,0.3422609
0.0220900,0.3423700
0.0220950,0.3424705
0.0221000,0.4814078
0.0221050,0.4814738
0.0221100,0.4815387
0.0221150,0.4816034
0.0221200,0.4816675
0.0221250,0.4817314
0.0221300,0.4817946
0.0221350,0.4818548
0.0221400,0.4819108
0.0221450,0.4819602
0.0221500,0.4820023
0.0221550,0.4820422
0.0221600,0.4820849
0.0221650,0.4821363
0.0221700,0.4821998
0.0221750,0.4822762
0.0221800,0.4823653
0.0221850,0.4824664
0.0221900,0.4825774
0.0221950,0.4826939
0.0222000,0.4819904
0.0222050,0.4820822
0.0222100,0.4821835
0.0222150,0.4822916
0.0222200,0.4824043
0.0222250,0.4825211
0.0222300,0.4826410
0.0222350,0.4827623
0.0222400,0.4828833
0.0222450,0.4830010
0.0222500,0.4831123
0.0222550,0.4832146
0.0222600,0.4833072
0.0222650,0.4833899
0.0222700,0.4834610
0.0222750,0.4835214
0.0222800,0.4835728
0.0222850,0.4836176
0.0222900,0.4836591
0.0222950,0.4837000
0.0223000,0.2509095
0.0223050,0.2509311
0.0223100,0.2509369
0.0223150,0.2509275
0.0223200,0.2509074
0.0223250,0.2508779
0.0223300,0.2508410
0.0223350,0.2508017
0.0223400,0.2507689
0.0223450,0.2507464
0.0223500,0.2507312
0.0223550,0.2507192
0.0223600,0.2507126
0.0223650,0.2507110
0.0223700,0.2507126
0.0223750,0.2507142
0.0223800,0.2507173
0.0223850,0.2507221
0.0223900,0.2507274
0.0223950,0.2507295
0.0224000,0.4211729
0.0224050,0.4211615
0.0224100,0.4211519
0.0224150,0.4211453
0.0224200,0.4211440
0.0224250,0.4211491
0.0224300,0.4211625
0.0224350,0.4211859
0.0224400,0.4212208
0.0224450,0.4212667
0.0224500,0.4213226
0.0224550,0.4213869
0.0224600,0.4214609
0.0224650,0.4215431
0.0224700,0.4216308
0.0224750,0.4217207
0.0224800,0.4218147
0.0224850,0.4219129
0.0224900,0.4220122
0.0224950,0.4221085
0.0225000,0.2508834
0.0225050,0.2509040
0.0225100,0.2509214
0.0225150,0.2509354
0.0225200,0.2509520
0.0225250,0.2509765
0.0225300,0.2510133
0.0225350,0.2510600
0.0225400,0.2511146
0.0225450,0.2511718
0.0225500,0.2512282
0.0225550,0.2512807
0.0225600,0.2513313
0.0225650,0.2513800
0.0225700,0.2514280
0.0225750,0.2514758
0.0225800,0.2515284
0.0225850,0.2515872
0.0225900,0.2516522
0.0225950,0.2517214
0.0226000,0.3454415
0.0226050,0.3454359
0.0226100,0.3454516
0.0226150,0.3454875
0.0226200,0.3455425
0.0226250,0.3456125
0.0226300,0.3456944
0.0226350,0.3457847
0.0226400,0.3458795
0.0226450,0.3459715
0.0226500,0.3460553
0.0226550,0.3461262
0.0226600,0.3461829
0.0226650,0.3462242
0.0226700,0.3462508
0.0226750,0.3462650
0.0226800,0.3462702
0.0226850,0.3462688
0.0226900,0.3462647
0.0226950,0.3462599
0.0227000,0.2499095
0.0227050,0.2498881
0.0227100,0.2498737
0.0227150,0.2498665
0.0227200,0.2498665
0.0227250,0.2498717
0.0227300,0.2498831
0.0227350,0.2499006
0.0227400,0.2499234
0.0227450,0.2499500
0.0227500,0.2499817
0.0227550,0.2500179
0.0227600,0.2500567
0.0227650,0.2500971
0.0227700,0.2501387
0.0227750,0.2501797
0.0227800,0.2502182
0.0227850,0.2502517
0.0227900,0.2502807
0.0227950,0.2503063
0.0228000,0.4200335
0.0228050,0.4199675
0.0228100,0.4199094
0.0228150,0.4198606
0.0228200,0.4198224
0.0228250,0.4197951
0.0228300,0.4197790
0.0228350,0.4197734
0.0228400,0.4197770
0.0228450,0.4197872
0.0228500,0.4198033
0.0228550,0.4198251
0.0228600,0.4198542
0.0228650,0.4198925
0.0228700,0.4199413
0.0228750,0.4199992
0.0228800,0.4200641
0.0228850,0.4201355
0.0228900,0.4202143
0.0228950,0.4203015
0.0229000,0.4204111
0.0229050,0.4204152
0.0229100,0.4204194
0.0229150,0.4204234
0.0229200,0.4204279
0.0229250,0.4204340
0.0229300,0.4204432
0.0229350,0.4204569
0.0229400,0.4204744
0.0229450,0.4204934
0.0229500,0.4205108
0.0229550,0.4205249
0.0229600,0.4205348
0.0229650,0.4205402
0.0229700,0.4205420
0.0229750,0.4205423
0.0229800,0.4205425
0.0229850,0.4205439
0.0229900,0.4205462
0.0229950,0.4205496
0.0230000,0.4200966
0.0230050,0.4200096
0.0230100,0.4199402
0.0230150,0.4198914
0.0230200,0.4198657
0.0230250,0.4198648
0.0230300,0.4198843
0.0230350,0.4199178
0.0230400,0.4199625
0.0230450,0.4200174
0.0230500,0.4200801
0.0230550,0.4201492
0.0230600,0.4202237
0.0230650,0.4203013
0.0230700,0.4203793
0.0230750,0.4204526
0.0230800,0.4205178
0.0230850,0.4205718
0.0230900,0.4206115
0.0230950,0.4206355
0.0231000,0.4206471
0.0231050,0.4206506
0.0231100,0.4206485
0.0231150,0.4206412
0.0231200,0.4206300
0.0231250,0.4206167
0.0231300,0.4206047
0.0231350,0.4205980
0.0231400,0.4206020
0.0231450,0.4206231
0.0231500,0.4206652
0.0231550,0.4207283
0.0231600,0.4208111
0.0231650,0.4209092
0.0231700,0.4210164
0.0231750,0.4211265
0.0231800,0.4212357
0.0231850,0.4213410
0.0231900,0.4214407
0.0231950,0.4215344
0.0232000,0.3467947
0.0232050,0.3467875
0.0232100,0.3467783
0.0232150,0.3467635
0.0232200,0.3467405
0.0232250,0.3467082
0.0232300,0.3466677
0.0232350,0.3466232
0.0232400,0.3465815
0.0232450,0.3465484
0.0232500,0.3465287
0.0232550,0.3465247
0.0232600,0.3465352
0.0232650,0.3465585
0.0232700,0.3465919
0.0232750,0.3466327
0.0232800,0.3466784
0.0232850,0.3467275
0.0232900,0.3467772
0.0232950,0.3468257
0.0233000,0.3468746
0.0233050,0.3469271
0.0233100,0.3469835
0.0233150,0.3470412
0.0233200,0.3470981
0.0233250,0.3471556
0.0233300,0.3472142
0.0233350,0.3472721
0.0233400,0.3473272
0.0233450,0.3473793
0.0233500,0.3474286
0.0233550,0.3474743
0.0233600,0.3475168
0.0233650,0.3475566
0.0233700,0.3475904
0.0233750,0.3476128
0.0233800,0.3476219
0.0233850,0.3476201
0.0233900,0.3476116
0.0233950,0.3475980
0.0234000,0.2513535
0.0234050,0.2513138
0.0234100,0.2512781
0.0234150,0.2512480
0.0234200,0.2512251
0.0234250,0.2512091
0.0234300,0.2511981
0.0234350,0.2511925
0.0234400,0.2511943
0.0234450,0.2512032
0.0234500,0.2512153
0.0234550,0.2512264
0.0234600,0.2512374
0.0234650,0.2512516
0.0234700,0.2512697
0.0234750,0.2512901
0.0234800,0.2513116
0.0234850,0.2513351
0.0234900,0.2513603
0.0234950,0.2513855
0.0235000,0.3461914
0.0235050,0.3461770
0.0235100,0.3461648
0.0235150,0.3461537
0.0235200,0.3461445
0.0235250,0.3461404
0.0235300,0.3461428
0.0235350,0.3461516
0.0235400,0.3461658
0.0235450,0.3461853
0.0235500,0.3462090
0.0235550,0.3462329
0.0235600,0.3462532
0.0235650,0.3462689
0.0235700,0.3462787
0.0235750,0.3462797
0.0235800,0.3462698
0.0235850,0.3462488
0.0235900,0.3462194
0.0235950,0.3461855
0.0236000,0.4207531
0.0236050,0.4207211
0.0236100,0.4207059
0.0236150,0.4207085
0.0236200,0.4207283
0.0236250,0.4207643
0.0236300,0.4208160
0.0236350,0.4208827
0.0236400,0.4209634
0.0236450,0.4210559
0.0236500,0.4211580
0.0236550,0.4212657
0.0236600,0.4213750
0.0236650,0.4214819
0.0236700,0.4215822
0.0236750,0.4216715
0.0236800,0.4217476
0.0236850,0.4218097
0.0236900,0.4218587
0.0236950,0.4218937
0.0237000,0.4817117
0.0237050,0.4816427
0.0237100,0.4815751
0.0237150,0.4815074
0.0237200,0.4814374
0.0237250,0.4813635
0.0237300,0.4812867
0.0237350,0.4812088
0.0237400,0.4811324
0.0237450,0.4810599
0.0237500,0.4809945
0.0237550,0.4809383
0.0237600,0.4808926
0.0237650,0.4808596
0.0237700,0.4808406
0.0237750,0.4808326
0.0237800,0.4808328
0.0237850,0.4808385
0.0237900,0.4808485
0.0237950,0.4808619
0.0238000,0.4808793
0.0238050,0.4809001
0.0238100,0.4809239
0.0238150,0.4809493
0.0238200,0.4809760
0.0238250,0.4810052
0.0238300,0.4810399
0.0238350,0.4810816
0.0238400,0.4811311
0.0238450,0.4811883
0.0238500,0.4812536
0.0238550,0.4813266
0.0238600,0.4814054
0.0238650,0.4814865
0.0238700,0.4815660
0.0238750,0.4816406
0.0238800,0.4817079
0.0238850,0.4817651
0.0238900,0.4818108
0.0238950,0.4818452
0.0239000,0.4190805
0.0239050,0.4191194
0.0239100,0.4191626
0.0239150,0.4192116
0.0239200,0.4192661
0.0239250,0.4193257
0.0239300,0.4193885
0.0239350,0.4194513
0.0239400,0.4195094
0.0239450,0.4195602
0.0239500,0.4196047
0.0239550,0.4196427
0.0239600,0.4196727
0.0239650,0.4196962
0.0239700,0.4197163
0.0239750,0.4197343
0.0239800,0.4197513
0.0239850,0.4197715
0.0239900,0.4197983
0.0239950,0.4198318
0.0240000,0.4185010
0.0240050,0.4185134
0.0240100,0.4185371
0.0240150,0.4185708
0.0240200,0.4186132
0.0240250,0.4186633
0.0240300,0.4187193
0.0240350,0.4187797
0.0240400,0.4188447
0.0240450,0.4189115
0.0240500,0.4189762
0.0240550,0.4190372
0.0240600,0.4190954
0.0240650,0.4191527
0.0240700,0.4192102
0.0240750,0.4192687
0.0240800,0.4193288
0.0240850,0.4193896
0.0240900,0.4194489
0.0240950,0.4195064
0.0241000,0.3450436
0.0241050,0.3450038
0.0241100,0.3449774
0.0241150,0.3449666
0.0241200,0.3449692
0.0241250,0.3449825
0.0241300,0.3450026
0.0241350,0.3450284
0.0241400,0.3450583
0.0241450,0.3450923
0.0241500,0.3451295
0.0241550,0.3451709
0.0241600,0.3452177
0.0241650,0.3452708
0.0241700,0.3453284
0.0241750,0.3453895
0.0241800,0.3454513
0.0241850,0.3455124
0.0241900,0.3455723
0.0241950,0.3456324
0.0242000,0.3457276
0.0242050,0.3457169
0.0242100,0.3457121
0.0242150,0.3457150
0.0242200,0.3457253
0.0242250,0.3457416
0.0242300,0.3457627
0.0242350,0.3457896
0.0242400,0.3458238
0.0242450,0.3458661
0.0242500,0.3459167
0.0242550,0.3459757
0.0242600,0.3460400
0.0242650,0.3461037
0.0242700,0.3461630
0.0242750,0.3462189
0.0242800,0.3462713
0.0242850,0.3463207
0.0242900,0.3463664
0.0242950,0.3464072
0.0243000,0.2496731
0.0243050,0.2496645
0.0243100,0.2496511
0.0243150,0.2496351
0.0243200,0.2496190
0.0243250,0.2496043
0.0243300,0.2495926
0.0243350,0.2495875
0.0243400,0.2495905
0.0243450,0.2496013
0.0243500,0.2496199
0.0243550,0.2496470
0.0243600,0.2496817
0.0243650,0.2497213
0.0243700,0.2497653
0.0243750,0.2498164
0.0243800,0.2498767
0.0243850,0.2499460
0.0243900,0.2500256
0.0243950,0.2501162
0.0244000,0.3455258
0.0244050,0.3456029
0.0244100,0.3456858
0.0244150,0.3457736
0.0244200,0.3458647
0.0244250,0.3459579
0.0244300,0.3460543
0.0244350,0.3461539
0.0244400,0.3462537
0.0244450,0.3463505
0.0244500,0.3464447
0.0244550,0.3465382
0.0244600,0.3466288
0.0244650,0.3467131
0.0244700,0.3467938
0.0244750,0.3468763
0.0244800,0.3469599
0.0244850,0.3470420
0.0244900,0.3471221
0.0244950,0.3472021
0.0245000,0.4210396
0.0245050,0.4210588
0.0245100,0.4210898
0.0245150,0.4211304
0.0245200,0.4211761
0.0245250,0.4212256
0.0245300,0.4212790
0.0245350,0.4213365
0.0245400,0.4213962
0.0245450,0.4214584
0.0245500,0.4215244
0.0245550,0.4215949
0.0245600,0.4216674
0.0245650,0.4217378
0.0245700,0.4218034
0.0245750,0.4218631
0.0245800,0.4219152
0.0245850,0.4219590
0.0245900,0.4219957
0.0245950,0.4220255
0.0246000,0.2502869
0.0246050,0.2502833
0.0246100,0.2502803
0.0246150,0.2502765
0.0246200,0.2502688
0.0246250,0.2502530
0.0246300,0.2502283
0.0246350,0.2501987
0.0246400,0.2501656
0.0246450,0.2501282
0.0246500,0.2500886
0.0246550,0.2500517
0.0246600,0.2500234
0.0246650,0.2500080
0.0246700,0.2500094
0.0246750,0.2500258
0.0246800,0.2500543
0.0246850,0.2500916
0.0246900,0.2501364
0.0246950,0.2501882
0.0247000,0.5406553
0.0247050,0.5406761
0.0247100,0.5407220
0.0247150,0.5407897
0.0247200,0.5408751
0.0247250,0.5409697
0.0247300,0.5410650
0.0247350,0.5411556
0.0247400,0.5412393
0.0247450,0.5413180
0.0247500,0.5413941
0.0247550,0.5414692
0.0247600,0.5415441
0.0247650,0.5416147
0.0247700,0.5416787
0.0247750,0.5417350
0.0247800,0.5417841
0.0247850,0.5418288
0.0247900,0.5418738
0.0247950,0.5419231
0.0248000,0.0733840
0.0248050,0.0734200
0.0248100,0.0734552
0.0248150,0.0734899
0.0248200,0.0735221
0.0248250,0.0735470
0.0248300,0.0735659
0.0248350,0.0735805
0.0248400,0.0735909
0.0248450,0.0735969
0.0248500,0.0735995
0.0248550,0.0735948
0.0248600,0.0735851
0.0248650,0.0735744
0.0248700,0.0735657
0.0248750,0.0735566
0.0248800,0.0735485
0.0248850,0.0735457
0.0248900,0.0735504
0.0248950,0.0735583
0.0249000,0.0735703
0.0249050,0.0735904
0.0249100,0.0736171
0.0249150,0.0736436
0.0249200,0.0736719
0.0249250,0.0737050
0.0249300,0.0737432
0.0249350,0.0737798
0.0249400,0.0738129
0.0249450,0.0738477
0.0249500,0.0738848
0.0249550,0.0739137
0.0249600,0.0739334
0.0249650,0.0739536
0.0249700,0.0739780
0.0249750,0.0740009
0.0249800,0.0740205
0.0249850,0.0740399
0.0249900,0.0740649
0.0249950,0.0740991
0.0250000,0.4840638
0.0250050,0.4839635
0.0250100,0.4838755
0.0250150,0.4838006
0.0250200,0.4837386
0.0250250,0.4836905
0.0250300,0.4836567
0.0250350,0.4836369
0.0250400,0.4836319
0.0250450,0.4836412
0.0250500,0.4836652
0.0250550,0.4837029
0.0250600,0.4837540
0.0250650,0.4838187
0.0250700,0.4838949
0.0250750,0.4839808
0.0250800,0.4840752
0.0250850,0.4841783
0.0250900,0.4842890
0.0250950,0.4844041
0.0251000,0.4216479
0.0251050,0.4217654
0.0251100,0.4218770
0.0251150,0.4219796
0.0251200,0.4220718
0.0251250,0.4221541
0.0251300,0.4222254
0.0251350,0.4222847
0.0251400,0.4223304
0.0251450,0.4223617
0.0251500,0.4223743
0.0251550,0.4223656
0.0251600,0.4223370
0.0251650,0.4222918
0.0251700,0.4222344
0.0251750,0.4221708
0.0251800,0.4221086
0.0251850,0.4220551
0.0251900,0.4220143
0.0251950,0.4219884
0.0252000,0.3469373
0.0252050,0.3469307
0.0252100,0.3469389
0.0252150,0.3469560
0.0252200,0.3469775
0.0252250,0.3470018
0.0252300,0.3470273
0.0252350,0.3470523
0.0252400,0.3470782
0.0252450,0.3471082
0.0252500,0.3471427
0.0252550,0.3471813
0.0252600,0.3472222
0.0252650,0.3472640
0.0252700,0.3473043
0.0252750,0.3473412
0.0252800,0.3473748
0.0252850,0.3474038
0.0252900,0.3474284
0.0252950,0.3474507
0.0253000,0.2504976
0.0253050,0.2505071
0.0253100,0.2505249
0.0253150,0.2505495
0.0253200,0.2505780
0.0253250,0.2506083
0.0253300,0.2506396
0.0253350,0.2506730
0.0253400,0.2507109
0.0253450,0.2507508
0.0253500,0.2507877
0.0253550,0.2508210
0.0253600,0.2508521
0.0253650,0.2508831
0.0253700,0.2509139
0.0253750,0.2509473
0.0253800,0.2509852
0.0253850,0.2510270
0.0253900,0.2510684
0.0253950,0.2511060
0.0254000,0.4203697
0.0254050,0.4202815
0.0254100,0.4202017
0.0254150,0.4201337
0.0254200,0.4200790
0.0254250,0.4200374
0.0254300,0.4200087
0.0254350,0.4199942
0.0254400,0.4199946
0.0254450,0.4200091
0.0254500,0.4200369
0.0254550,0.4200815
0.0254600,0.4201437
0.0254650,0.4202220
0.0254700,0.4203136
0.0254750,0.4204157
0.0254800,0.4205232
0.0254850,0.4206295
0.0254900,0.4207309
0.0254950,0.4208257
0.0255000,0.2496641
0.0255050,0.2496673
0.0255100,0.2496673
0.0255150,0.2496687
0.0255200,0.2496720
0.0255250,0.2496785
0.0255300,0.2496879
0.0255350,0.2497017
0.0255400,0.2497221
0.0255450,0.2497474
0.0255500,0.2497749
0.0255550,0.2498082
0.0255600,0.2498526
0.0255650,0.2499080
0.0255700,0.2499731
0.0255750,0.2500473
0.0255800,0.2501284
0.0255850,0.2502119
0.0255900,0.2502967
0.0255950,0.2503842
0.0256000,0.3465856
0.0256050,0.3465578
0.0256100,0.3465138
0.0256150,0.3464565
0.0256200,0.3463894
0.0256250,0.3463149
0.0256300,0.3462370
0.0256350,0.3461598
0.0256400,0.3460878
0.0256450,0.3460194
0.0256500,0.3459549
0.0256550,0.3458994
0.0256600,0.3458611
0.0256650,0.3458429
0.0256700,0.3458458
0.0256750,0.3458704
0.0256800,0.3459153
0.0256850,0.3459758
0.0256900,0.3460462
0.0256950,0.3461204
0.0257000,0.4204360
0.0257050,0.4204763
0.0257100,0.4205130
0.0257150,0.4205495
0.0257200,0.4205873
0.0257250,0.4206249
0.0257300,0.4206625
0.0257350,0.4207036
0.0257400,0.4207519
0.0257450,0.4208056
0.0257500,0.4208648
0.0257550,0.4209307
0.0257600,0.4210024
0.0257650,0.4210775
0.0257700,0.4211579
0.0257750,0.4212481
0.0257800,0.4213468
0.0257850,0.4214476
0.0257900,0.4215500
0.0257950,0.4216571
0.0258000,0.3447564
0.0258050,0.3447892
0.0258100,0.3448197
0.0258150,0.3448495
0.0258200,0.3448763
0.0258250,0.3448973
0.0258300,0.3449131
0.0258350,0.3449268
0.0258400,0.3449391
0.0258450,0.3449496
0.0258500,0.3449608
0.0258550,0.3449750
0.0258600,0.3449929
0.0258650,0.3450136
0.0258700,0.3450379
0.0258750,0.3450665
0.0258800,0.3450970
0.0258850,0.3451276
0.0258900,0.3451560
0.0258950,0.3451810
0.0259000,0.3452033
0.0259050,0.3452259
0.0259100,0.3452545
0.0259150,0.3452951
0.0259200,0.3453514
0.0259250,0.3454237
0.0259300,0.3455105
0.0259350,0.3456110
0.0259400,0.3457211
0.0259450,0.3458367
0.0259500,0.3459549
0.0259550,0.3460721
0.0259600,0.3461860
0.0259650,0.3462955
0.0259700,0.3464005
0.0259750,0.3465019
0.0259800,0.3465979
0.0259850,0.3466875
0.0259900,0.3467711
0.0259950,0.3468479
0.0260000,0.4193901
0.0260050,0.4193311
0.0260100,0.4192848
0.0260150,0.4192553
0.0260200,0.4192431
0.0260250,0.4192478
0.0260300,0.4192685
0.0260350,0.4193031
0.0260400,0.4193521
0.0260450,0.4194193
0.0260500,0.4195096
0.0260550,0.4196233
0.0260600,0.4197584
0.0260650,0.4199116
0.0260700,0.4200790
0.0260750,0.4202539
0.0260800,0.4204278
0.0260850,0.4205941
0.0260900,0.4207485
0.0260950,0.4208849
0.0261000,0.2511280
0.0261050,0.2511441
0.0261100,0.2511424
0.0261150,0.2511312
0.0261200,0.2511161
0.0261250,0.2511029
0.0261300,0.2510992
0.0261350,0.2511091
0.0261400,0.2511328
0.0261450,0.2511697
0.0261500,0.2512213
0.0261550,0.2512854
0.0261600,0.2513567
0.0261650,0.2514320
0.0261700,0.2515138
0.0261750,0.2516032
0.0261800,0.2516952
0.0261850,0.2517858
0.0261900,0.2518736
0.0261950,0.2519535
0.0262000,0.2513600
0.0262050,0.2513467
0.0262100,0.2513430
0.0262150,0.2513512
0.0262200,0.2513701
0.0262250,0.2514007
0.0262300,0.2514429
0.0262350,0.2514937
0.0262400,0.2515464
0.0262450,0.2515986
0.0262500,0.2516507
0.0262550,0.2516967
0.0262600,0.2517257
0.0262650,0.2517298
0.0262700,0.2517075
0.0262750,0.2516601
0.0262800,0.2515855
0.0262850,0.2514894
0.0262900,0.2513797
0.0262950,0.2512636
0.0263000,0.4219572
0.0263050,0.4218471
0.0263100,0.4217526
0.0263150,0.4216771
0.0263200,0.4216219
0.0263250,0.4215868
0.0263300,0.4215708
0.0263350,0.4215699
0.0263400,0.4215794
0.0263450,0.4215963
0.0263500,0.4216208
0.0263550,0.4216532
0.0263600,0.4216930
0.0263650,0.4217385
0.0263700,0.4217879
0.0263750,0.4218359
0.0263800,0.4218762
0.0263850,0.4219049
0.0263900,0.4219240
0.0263950,0.4219365
0.0264000,0.4214061
0.0264050,0.4213992
0.0264100,0.4213883
0.0264150,0.4213719
0.0264200,0.4213498
0.0264250,0.4213243
0.0264300,0.4212966
0.0264350,0.4212670
0.0264400,0.4212354
0.0264450,0.4212045
0.0264500,0.4211782
0.0264550,0.4211571
0.0264600,0.4211398
0.0264650,0.4211248
0.0264700,0.4211130
0.0264750,0.4211053
0.0264800,0.4210999
0.0264850,0.4210953
0.0264900,0.4210910
0.0264950,0.4210867
0.0265000,0.3460272
0.0265050,0.3459676
0.0265100,0.3459119
0.0265150,0.3458626
0.0265200,0.3458223
0.0265250,0.3457929
0.0265300,0.3457754
0.0265350,0.3457683
0.0265400,0.3457686
0.0265450,0.3457754
0.0265500,0.3457891
0.0265550,0.3458107
0.0265600,0.3458373
0.0265650,0.3458681
0.0265700,0.3459041
0.0265750,0.3459475
0.0265800,0.3459998
0.0265850,0.3460630
0.0265900,0.3461387
0.0265950,0.3462260
0.0266000,0.3452093
0.0266050,0.3452113
0.0266100,0.3452229
0.0266150,0.3452458
0.0266200,0.3452812
0.0266250,0.3453277
0.0266300,0.3453794
0.0266350,0.3454309
0.0266400,0.3454767
0.0266450,0.3455115
0.0266500,0.3455271
0.0266550,0.3455198
0.0266600,0.3454927
0.0266650,0.3454529
0.0266700,0.3454089
0.0266750,0.3453704
0.0266800,0.3453448
0.0266850,0.3453361
0.0266900,0.3453436
0.0266950,0.3453678
0.0267000,0.5386224
0.0267050,0.5386405
0.0267100,0.5386785
0.0267150,0.5387326
0.0267200,0.5388013
0.0267250,0.5388822
0.0267300,0.5389728
0.0267350,0.5390734
0.0267400,0.5391839
0.0267450,0.5393028
0.0267500,0.5394248
0.0267550,0.5395454
0.0267600,0.5396619
0.0267650,0.5397708
0.0267700,0.5398686
0.0267750,0.5399528
0.0267800,0.5400263
0.0267850,0.5400911
0.0267900,0.5401453
0.0267950,0.5401871
0.0268000,0.4195686
0.0268050,0.4195344
0.0268100,0.4195066
0.0268150,0.4194887
0.0268200,0.4194816
0.0268250,0.4194853
0.0268300,0.4194993
0.0268350,0.4195222
0.0268400,0.4195543
0.0268450,0.4195973
0.0268500,0.4196508
0.0268550,0.4197112
0.0268600,0.4197738
0.0268650,0.4198356
0.0268700,0.4198937
0.0268750,0.4199460
0.0268800,0.4199943
0.0268850,0.4200430
0.0268900,0.4200953
0.0268950,0.4201534
0.0269000,0.4202749
0.0269050,0.4202926
0.0269100,0.4203181
0.0269150,0.4203483
0.0269200,0.4203810
0.0269250,0.4204169
0.0269300,0.4204569
0.0269350,0.4205009
0.0269400,0.4205490
0.0269450,0.4206032
0.0269500,0.4206614
0.0269550,0.4207216
0.0269600,0.4207830
0.0269650,0.4208479
0.0269700,0.4209190
0.0269750,0.4209963
0.0269800,0.4210802
0.0269850,0.4211723
0.0269900,0.4212728
0.0269950,0.4213814
0.0270000,0.2510495
0.0270050,0.2510766
0.0270100,0.2511116
0.0270150,0.2511549
0.0270200,0.2512057
0.0270250,0.2512654
0.0270300,0.2513343
0.0270350,0.2514089
0.0270400,0.2514857
0.0270450,0.2515629
0.0270500,0.2516392
0.0270550,0.2517123
0.0270600,0.2517801
0.0270650,0.2518440
0.0270700,0.2519036
0.0270750,0.2519553
0.0270800,0.2519994
0.0270850,0.2520379
0.0270900,0.2520732
0.0270950,0.2521019
0.0271000,0.3450464
0.0271050,0.3449478
0.0271100,0.3448542
0.0271150,0.3447648
0.0271200,0.3446784
0.0271250,0.3445931
0.0271300,0.3445073
0.0271350,0.3444187
0.0271400,0.3443282
0.0271450,0.3442379
0.0271500,0.3441493
0.0271550,0.3440619
0.0271600,0.3439763
0.0271650,0.3438951
0.0271700,0.3438203
0.0271750,0.3437486
0.0271800,0.3436785
0.0271850,0.3436146
0.0271900,0.3435613
0.0271950,0.3435213
0.0272000,0.4178307
0.0272050,0.4177649
0.0272100,0.4177221
0.0272150,0.4177022
0.0272200,0.4177039
0.0272250,0.4177266
0.0272300,0.4177679
0.0272350,0.4178239
0.0272400,0.4178920
0.0272450,0.4179709
0.0272500,0.4180590
0.0272550,0.4181520
0.0272600,0.4182459
0.0272650,0.4183382
0.0272700,0.4184273
0.0272750,0.4185106
0.0272800,0.4185848
0.0272850,0.4186510
0.0272900,0.4187130
0.0272950,0.4187741
0.0273000,0.4188383
0.0273050,0.4189096
0.0273100,0.4189903
0.0273150,0.4190797
0.0273200,0.4191768
0.0273250,0.4192819
0.0273300,0.4193941
0.0273350,0.4195111
0.0273400,0.4196309
0.0273450,0.4197529
0.0273500,0.4198761
0.0273550,0.4199981
0.0273600,0.4201176
0.0273650,0.4202349
0.0273700,0.4203491
0.0273750,0.4204582
0.0273800,0.4205618
0.0273850,0.4206615
0.0273900,0.4207571
0.0273950,0.4208450
0.0274000,0.3459515
0.0274050,0.3459519
0.0274100,0.3459517
0.0274150,0.3459541
0.0274200,0.3459602
0.0274250,0.3459738
0.0274300,0.3459979
0.0274350,0.3460344
0.0274400,0.3460853
0.0274450,0.3461493
0.0274500,0.3462190
0.0274550,0.3462873
0.0274600,0.3463485
0.0274650,0.3463997
0.0274700,0.3464387
0.0274750,0.3464664
0.0274800,0.3464858
0.0274850,0.3464999
0.0274900,0.3465090
0.0274950,0.3465132
0.0275000,0.0757232
0.0275050,0.0757379
0.0275100,0.0757708
0.0275150,0.0758200
0.0275200,0.0758781
0.0275250,0.0759421
0.0275300,0.0760086
0.0275350,0.0760766
0.0275400,0.0761429
0.0275450,0.0762089
0.0275500,0.0762751
0.0275550,0.0763417
0.0275600,0.0764013
0.0275650,0.0764553
0.0275700,0.0765092
0.0275750,0.0765639
0.0275800,0.0766112
0.0275850,0.0766531
0.0275900,0.0766944
0.0275950,0.0767355
0.0276000,0.4203024
0.0276050,0.4202926
0.0276100,0.4202849
0.0276150,0.4202857
0.0276200,0.4202996
0.0276250,0.4203289
0.0276300,0.4203730
0.0276350,0.4204299
0.0276400,0.4204966
0.0276450,0.4205698
0.0276500,0.4206461
0.0276550,0.4207241
0.0276600,0.4208047
0.0276650,0.4208891
0.0276700,0.4209772
0.0276750,0.4210693
0.0276800,0.4211656
0.0276850,0.4212650
0.0276900,0.4213643
0.0276950,0.4214606
0.0277000,0.3466519
0.0277050,0.3467169
0.0277100,0.3467892
0.0277150,0.3468698
0.0277200,0.3469578
0.0277250,0.3470499
0.0277300,0.3471409
0.0277350,0.3472279
0.0277400,0.3473081
0.0277450,0.3473783
0.0277500,0.3474353
0.0277550,0.3474789
0.0277600,0.3475095
0.0277650,0.3475294
0.0277700,0.3475411
0.0277750,0.3475505
0.0277800,0.3475612
0.0277850,0.3475750
0.0277900,0.3475923
0.0277950,0.3476142
0.0278000,0.4220996
0.0278050,0.4221411
0.0278100,0.4221942
0.0278150,0.4222577
0.0278200,0.4223276
0.0278250,0.4223988
0.0278300,0.4224666
0.0278350,0.4225319
0.0278400,0.4225951
0.0278450,0.4226540
0.0278500,0.4227045
0.0278550,0.4227446
0.0278600,0.4227723
0.0278650,0.4227858
0.0278700,0.4227831
0.0278750,0.4227653
0.0278800,0.4227337
0.0278850,0.4226920
0.0278900,0.4226426
0.0278950,0.4225885
0.0279000,0.5381266
0.0279050,0.5380920
0.0279100,0.5380587
0.0279150,0.5380294
0.0279200,0.5380075
0.0279250,0.5379954
0.0279300,0.5379914
0.0279350,0.5379939
0.0279400,0.5380018
0.0279450,0.5380142
0.0279500,0.5380304
0.0279550,0.5380506
0.0279600,0.5380746
0.0279650,0.5380998
0.0279700,0.5381240
0.0279750,0.5381470
0.0279800,0.5381692
0.0279850,0.5381926
0.0279900,0.5382188
0.0279950,0.5382491
0.0280000,0.4839532
0.0280050,0.4840227
0.0280100,0.4840977
0.0280150,0.4841765
0.0280200,0.4842582
0.0280250,0.4843393
0.0280300,0.4844144
0.0280350,0.4844806
0.0280400,0.4845340
0.0280450,0.4845715
0.0280500,0.4845916
0.0280550,0.4845947
0.0280600,0.4845843
0.0280650,0.4845639
0.0280700,0.4845384
0.0280750,0.4845117
0.0280800,0.4844854
0.0280850,0.4844611
0.0280900,0.4844388
0.0280950,0.4844212
0.0281000,0.4839334
0.0281050,0.4839105
0.0281100,0.4838898
0.0281150,0.4838730
0.0281200,0.4838613
0.0281250,0.4838561
0.0281300,0.4838560
0.0281350,0.4838612
0.0281400,0.4838719
0.0281450,0.4838895
0.0281500,0.4839121
0.0281550,0.4839366
0.0281600,0.4839613
0.0281650,0.4839859
0.0281700,0.4840097
0.0281750,0.4840333
0.0281800,0.4840573
0.0281850,0.4840838
0.0281900,0.4841127
0.0281950,0.4841442
0.0282000,0.5378838
0.0282050,0.5378254
0.0282100,0.5377790
0.0282150,0.5377462
0.0282200,0.5377276
0.0282250,0.5377215
0.0282300,0.5377252
0.0282350,0.5377366
0.0282400,0.5377540
0.0282450,0.5377772
0.0282500,0.5378046
0.0282550,0.5378353
0.0282600,0.5378699
0.0282650,0.5379088
0.0282700,0.5379528
0.0282750,0.5380019
0.0282800,0.5380562
0.0282850,0.5381155
0.0282900,0.5381768
0.0282950,0.5382387
0.0283000,0.4200996
0.0283050,0.4201678
0.0283100,0.4202388
0.0283150,0.4203069
0.0283200,0.4203692
0.0283250,0.4204247
0.0283300,0.4204728
0.0283350,0.4205114
0.0283400,0.4205409
0.0283450,0.4205639
0.0283500,0.4205817
0.0283550,0.4205955
0.0283600,0.4206071
0.0283650,0.4206166
0.0283700,0.4206214
0.0283750,0.4206186
0.0283800,0.4206070
0.0283850,0.4205861
0.0283900,0.4205559
0.0283950,0.4205215
0.0284000,0.3446350
0.0284050,0.3445561
0.0284100,0.3444975
0.0284150,0.3444608
0.0284200,0.3444454
0.0284250,0.3444486
0.0284300,0.3444649
0.0284350,0.3444910
0.0284400,0.3445268
0.0284450,0.3445730
0.0284500,0.3446271
0.0284550,0.3446867
0.0284600,0.3447508
0.0284650,0.3448193
0.0284700,0.3448899
0.0284750,0.3449599
0.0284800,0.3450282
0.0284850,0.3450940
0.0284900,0.3451563
0.0284950,0.3452160
0.0285000,0.4827266
0.0285050,0.4827368
0.0285100,0.4827483
0.0285150,0.4827633
0.0285200,0.4827836
0.0285250,0.4828103
0.0285300,0.4828439
0.0285350,0.4828851
0.0285400,0.4829355
0.0285450,0.4829948
0.0285500,0.4830611
0.0285550,0.4831346
0.0285600,0.4832175
0.0285650,0.4833102
0.0285700,0.4834123
0.0285750,0.4835230
0.0285800,0.4836429
0.0285850,0.4837707
0.0285900,0.4839026
0.0285950,0.4840330
0.0286000,0.2494750
0.0286050,0.2495112
0.0286100,0.2495369
0.0286150,0.2495484
0.0286200,0.2495452
0.0286250,0.2495295
0.0286300,0.2495038
0.0286350,0.2494691
0.0286400,0.2494273
0.0286450,0.2493828
0.0286500,0.2493405
0.0286550,0.2493035
0.0286600,0.2492728
0.0286650,0.2492464
0.0286700,0.2492224
0.0286750,0.2491974
0.0286800,0.2491689
0.0286850,0.2491365
0.0286900,0.2491012
0.0286950,0.2490638
0.0287000,0.3449176
0.0287050,0.3448057
0.0287100,0.3447003
0.0287150,0.3446023
0.0287200,0.3445099
0.0287250,0.3444234
0.0287300,0.3443453
0.0287350,0.3442752
0.0287400,0.3442126
0.0287450,0.3441584
0.0287500,0.3441142
0.0287550,0.3440804
0.0287600,0.3440574
0.0287650,0.3440452
0.0287700,0.3440425
0.0287750,0.3440484
0.0287800,0.3440639
0.0287850,0.3440919
0.0287900,0.3441342
0.0287950,0.3441892
0.0288000,0.4828093
0.0288050,0.4828791
0.0288100,0.4829605
0.0288150,0.4830517
0.0288200,0.4831512
0.0288250,0.4832583
0.0288300,0.4833714
0.0288350,0.4834862
0.0288400,0.4836009
0.0288450,0.4837146
0.0288500,0.4838267
0.0288550,0.4839377
0.0288600,0.4840476
0.0288650,0.4841561
0.0288700,0.4842608
0.0288750,0.4843581
0.0288800,0.4844451
0.0288850,0.4845189
0.0288900,0.4845801
0.0288950,0.4846294
0.0289000,0.4209797
0.0289050,0.4209851
0.0289100,0.4209870
0.0289150,0.4209877
0.0289200,0.4209898
0.0289250,0.4209963
0.0289300,0.4210089
0.0289350,0.4210269
0.0289400,0.4210484
0.0289450,0.4210691
0.0289500,0.4210854
0.0289550,0.4210971
0.0289600,0.4211077
0.0289650,0.4211222
0.0289700,0.4211428
0.0289750,0.4211705
0.0289800,0.4212067
0.0289850,0.4212492
0.0289900,0.4212935
0.0289950,0.4213319
0.0290000,0.2506011
0.0290050,0.2505747
0.0290100,0.2505466
0.0290150,0.2505249
0.0290200,0.2505156
0.0290250,0.2505222
0.0290300,0.2505432
0.0290350,0.2505766
0.0290400,0.2506215
0.0290450,0.2506755
0.0290500,0.2507355
0.0290550,0.2507968
0.0290600,0.2508587
0.0290650,0.2509222
0.0290700,0.2509867
0.0290750,0.2510496
0.0290800,0.2511109
0.0290850,0.2511724
0.0290900,0.2512352
0.0290950,0.2512969
0.0291000,0.2513583
0.0291050,0.2514199
0.0291100,0.2514809
0.0291150,0.2515376
0.0291200,0.2515882
0.0291250,0.2516323
0.0291300,0.2516687
0.0291350,0.2516958
0.0291400,0.2517149
0.0291450,0.2517276
0.0291500,0.2517362
0.0291550,0.2517402
0.0291600,0.2517428
0.0291650,0.2517466
0.0291700,0.2517530
0.0291750,0.2517638
0.0291800,0.2517827
0.0291850,0.2518115
0.0291900,0.2518471
0.0291950,0.2518859
0.0292000,0.2519273
0.0292050,0.2519705
0.0292100,0.2520135
0.0292150,0.2520550
0.0292200,0.2520960
0.0292250,0.2521363
0.0292300,0.2521733
0.0292350,0.2522075
0.0292400,0.2522402
0.0292450,0.2522705
0.0292500,0.2522946
0.0292550,0.2523112
0.0292600,0.2523232
0.0292650,0.2523292
0.0292700,0.2523243
0.0292750,0.2523091
0.0292800,0.2522864
0.0292850,0.2522580
0.0292900,0.2522207
0.0292950,0.2521760
0.0293000,0.4206309
0.0293050,0.4205753
0.0293100,0.4205255
0.0293150,0.4204813
0.0293200,0.4204443
0.0293250,0.4204164
0.0293300,0.4203962
0.0293350,0.4203856
0.0293400,0.4203892
0.0293450,0.4204098
0.0293500,0.4204449
0.0293550,0.4204949
0.0293600,0.4205633
0.0293650,0.4206472
0.0293700,0.4207388
0.0293750,0.4208318
0.0293800,0.4209203
0.0293850,0.4209966
0.0293900,0.4210527
0.0293950,0.4210860
0.0294000,0.5399520
0.0294050,0.5400276
0.0294100,0.5401266
0.0294150,0.5402487
0.0294200,0.5403937
0.0294250,0.5405567
0.0294300,0.5407310
0.0294350,0.5409101
0.0294400,0.5410864
0.0294450,0.5412527
0.0294500,0.5414040
0.0294550,0.5415378
0.0294600,0.5416530
0.0294650,0.5417479
0.0294700,0.5418225
0.0294750,0.5418785
0.0294800,0.5419174
0.0294850,0.5419421
0.0294900,0.5419555
0.0294950,0.5419614
0.0295000,0.3467178
0.0295050,0.3467066
0.0295100,0.3467025
0.0295150,0.3467047
0.0295200,0.3467138
0.0295250,0.3467265
0.0295300,0.3467398
0.0295350,0.3467538
0.0295400,0.3467689
0.0295450,0.3467846
0.0295500,0.3468001
0.0295550,0.3468184
0.0295600,0.3468427
0.0295650,0.3468740
0.0295700,0.3469124
0.0295750,0.3469594
0.0295800,0.3470166
0.0295850,0.3470837
0.0295900,0.3471579
0.0295950,0.3472391
0.0296000,0.3473275
0.0296050,0.3474215
0.0296100,0.3475174
0.0296150,0.3476113
0.0296200,0.3477021
0.0296250,0.3477886
0.0296300,0.3478667
0.0296350,0.3479327
0.0296400,0.3479860
0.0296450,0.3480283
0.0296500,0.3480575
0.0296550,0.3480717
0.0296600,0.3480719
0.0296650,0.3480583
0.0296700,0.3480331
0.0296750,0.3479980
0.0296800,0.3479583
0.0296850,0.3479200
0.0296900,0.3478832
0.0296950,0.3478455
0.0297000,0.3464584
0.0297050,0.3464319
0.0297100,0.3464051
0.0297150,0.3463786
0.0297200,0.3463550
0.0297250,0.3463348
0.0297300,0.3463183
0.0297350,0.3463057
0.0297400,0.3462982
0.0297450,0.3462987
0.0297500,0.3463068
0.0297550,0.3463217
0.0297600,0.3463422
0.0297650,0.3463672
0.0297700,0.3463949
0.0297750,0.3464230
0.0297800,0.3464514
0.0297850,0.3464799
0.0297900,0.3465051
0.0297950,0.3465229
0.0298000,0.4213542
0.0298050,0.4213159
0.0298100,0.4212861
0.0298150,0.4212684
0.0298200,0.4212658
0.0298250,0.4212812
0.0298300,0.4213147
0.0298350,0.4213653
0.0298400,0.4214301
0.0298450,0.4215063
0.0298500,0.4215885
0.0298550,0.4216726
0.0298600,0.4217550
0.0298650,0.4218333
0.0298700,0.4219069
0.0298750,0.4219771
0.0298800,0.4220448
0.0298850,0.4221093
0.0298900,0.4221688
0.0298950,0.4222228
0.0299000,0.3468679
0.0299050,0.3469256
0.0299100,0.3469797
0.0299150,0.3470236
0.0299200,0.3470548
0.0299250,0.3470763
0.0299300,0.3470898
0.0299350,0.3470957
0.0299400,0.3470972
0.0299450,0.3471005
0.0299500,0.3471086
0.0299550,0.3471210
0.0299600,0.3471368
0.0299650,0.3471584
0.0299700,0.3471878
0.0299750,0.3472240
0.0299800,0.3472655
0.0299850,0.3473130
0.0299900,0.3473673
0.0299950,0.3474248
0.0300000,0.2513924
0.0300050,0.2514566
0.0300100,0.2515235
0.0300150,0.2515908
0.0300200,0.2516564
0.0300250,0.2517195
0.0300300,0.2517801
0.0300350,0.2518386
0.0300400,0.2518966
0.0300450,0.2519573
0.0300500,0.2520219
0.0300550,0.2520891
0.0300600,0.2521564
0.0300650,0.2522239
0.0300700,0.2522900
0.0300750,0.2523527
0.0300800,0.2524104
0.0300850,0.2524617
0.0300900,0.2525050
0.0300950,0.2525389
0.0301000,0.3465773
0.0301050,0.3465895
0.0301100,0.3466046
0.0301150,0.3466201
0.0301200,0.3466335
0.0301250,0.3466439
0.0301300,0.3466516
0.0301350,0.3466563
0.0301400,0.3466578
0.0301450,0.3466561
0.0301500,0.3466524
0.0301550,0.3466480
0.0301600,0.3466437
0.0301650,0.3466410
0.0301700,0.3466409
0.0301750,0.3466433
0.0301800,0.3466466
0.0301850,0.3466485
0.0301900,0.3466500
0.0301950,0.3466520
0.0302000,0.4199122
0.0302050,0.4199222
0.0302100,0.4199391
0.0302150,0.4199635
0.0302200,0.4199950
0.0302250,0.4200309
0.0302300,0.4200698
0.0302350,0.4201118
0.0302400,0.4201567
0.0302450,0.4202021
0.0302500,0.4202492
0.0302550,0.4203006
0.0302600,0.4203580
0.0302650,0.4204227
0.0302700,0.4204961
0.0302750,0.4205785
0.0302800,0.4206703
0.0302850,0.4207687
0.0302900,0.4208703
0.0302950,0.4209723
0.0303000,0.3450936
0.0303050,0.3451535
0.0303100,0.3452188
0.0303150,0.3452857
0.0303200,0.3453521
0.0303250,0.3454167
0.0303300,0.3454814
0.0303350,0.3455492
0.0303400,0.3456222
0.0303450,0.3457012
0.0303500,0.3457861
0.0303550,0.3458740
0.0303600,0.3459619
0.0303650,0.3460479
0.0303700,0.3461318
0.0303750,0.3462136
0.0303800,0.3462929
0.0303850,0.3463683
0.0303900,0.3464387
0.0303950,0.3465056
0.0304000,0.2512603
0.0304050,0.2512043
0.0304100,0.2511588
0.0304150,0.2511281
0.0304200,0.2511130
0.0304250,0.2511132
0.0304300,0.2511267
0.0304350,0.2511516
0.0304400,0.2511865
0.0304450,0.2512291
0.0304500,0.2512752
0.0304550,0.2513221
0.0304600,0.2513668
0.0304650,0.2514072
0.0304700,0.2514409
0.0304750,0.2514706
0.0304800,0.2514975
0.0304850,0.2515247
0.0304900,0.2515520
0.0304950,0.2515786
0.0305000,0.4211008
0.0305050,0.4211314
0.0305100,0.4211600
0.0305150,0.4211871
0.0305200,0.4212140
0.0305250,0.4212425
0.0305300,0.4212717
0.0305350,0.4212998
0.0305400,0.4213252
0.0305450,0.4213473
0.0305500,0.4213637
0.0305550,0.4213706
0.0305600,0.4213667
0.0305650,0.4213510
0.0305700,0.4213234
0.0305750,0.4212856
0.0305800,0.4212413
0.0305850,0.4211955
0.0305900,0.4211515
0.0305950,0.4211121
0.0306000,0.4202839
0.0306050,0.4201682
0.0306100,0.4200617
0.0306150,0.4199675
0.0306200,0.4198891
0.0306250,0.4198290
0.0306300,0.4197905
0.0306350,0.4197790
0.0306400,0.4197983
0.0306450,0.4198472
0.0306500,0.4199215
0.0306550,0.4200153
0.0306600,0.4201218
0.0306650,0.4202328
0.0306700,0.4203414
0.0306750,0.4204440
0.0306800,0.4205409
0.0306850,0.4206311
0.0306900,0.4207133
0.0306950,0.4207864
0.0307000,0.4196762
0.0307050,0.4197521
0.0307100,0.4198305
0.0307150,0.4199080
0.0307200,0.4199819
0.0307250,0.4200482
0.0307300,0.4201043
0.0307350,0.4201509
0.0307400,0.4201884
0.0307450,0.4202146
0.0307500,0.4202304
0.0307550,0.4202388
0.0307600,0.4202418
0.0307650,0.4202390
0.0307700,0.4202318
0.0307750,0.4202237
0.0307800,0.4202189
0.0307850,0.4202199
0.0307900,0.4202297
0.0307950,0.4202487
0.0308000,0.3463540
0.0308050,0.3463539
0.0308100,0.3463535
0.0308150,0.3463505
0.0308200,0.3463464
0.0308250,0.3463449
0.0308300,0.3463475
0.0308350,0.3463553
0.0308400,0.3463695
0.0308450,0.3463899
0.0308500,0.3464161
0.0308550,0.3464470
0.0308600,0.3464820
0.0308650,0.3465202
0.0308700,0.3465604
0.0308750,0.3466033
0.0308800,0.3466516
0.0308850,0.3467075
0.0308900,0.3467710
0.0308950,0.3468396
0.0309000,0.2513350
0.0309050,0.2514144
0.0309100,0.2514887
0.0309150,0.2515503
0.0309200,0.2515981
0.0309250,0.2516323
0.0309300,0.2516507
0.0309350,0.2516536
0.0309400,0.2516441
0.0309450,0.2516241
0.0309500,0.2515961
0.0309550,0.2515630
0.0309600,0.2515329
0.0309650,0.2515083
0.0309700,0.2514900
0.0309750,0.2514783
0.0309800,0.2514771
0.0309850,0.2514877
0.0309900,0.2515077
0.0309950,0.2515348
0.0310000,0.4841107
0.0310050,0.4841769
0.0310100,0.4842704
0.0310150,0.4843869
0.0310200,0.4845206
0.0310250,0.4846624
0.0310300,0.4848049
0.0310350,0.4849427
0.0310400,0.4850715
0.0310450,0.4851885
0.0310500,0.4852924
0.0310550,0.4853836
0.0310600,0.4854630
0.0310650,0.4855309
0.0310700,0.4855894
0.0310750,0.4856406
0.0310800,0.4856864
0.0310850,0.4857263
0.0310900,0.4857592
0.0310950,0.4857854
0.0311000,0.3469179
0.0311050,0.3468666
0.0311100,0.3468332
0.0311150,0.3468137
0.0311200,0.3468052
0.0311250,0.3468045
0.0311300,0.3468086
0.0311350,0.3468144
0.0311400,0.3468222
0.0311450,0.3468321
0.0311500,0.3468418
0.0311550,0.3468507
0.0311600,0.3468631
0.0311650,0.3468822
0.0311700,0.3469073
0.0311750,0.3469357
0.0311800,0.3469686
0.0311850,0.3470044
0.0311900,0.3470386
0.0311950,0.3470660
0.0312000,0.4218336
0.0312050,0.4218040
0.0312100,0.4217887
0.0312150,0.4217881
0.0312200,0.4218036
0.0312250,0.4218333
0.0312300,0.4218758
0.0312350,0.4219300
0.0312400,0.4219966
0.0312450,0.4220768
0.0312500,0.4221679
0.0312550,0.4222694
0.0312600,0.4223816
0.0312650,0.4225013
0.0312700,0.4226255
0.0312750,0.4227528
0.0312800,0.4228810
0.0312850,0.4230032
0.0312900,0.4231127
0.0312950,0.4232067
0.0313000,0.3472467
0.0313050,0.3472412
0.0313100,0.3472448
0.0313150,0.3472595
0.0313200,0.3472842
0.0313250,0.3473163
0.0313300,0.3473544
0.0313350,0.3474002
0.0313400,0.3474543
0.0313450,0.3475125
0.0313500,0.3475704
0.0313550,0.3476278
0.0313600,0.3476824
0.0313650,0.3477331
0.0313700,0.3477835
0.0313750,0.3478364
0.0313800,0.3478916
0.0313850,0.3479506
0.0313900,0.3480167
0.0313950,0.3480924
0.0314000,0.0787603
0.0314050,0.0787737
0.0314100,0.0787883
0.0314150,0.0788061
0.0314200,0.0788229
0.0314250,0.0788356
0.0314300,0.0788461
0.0314350,0.0788561
0.0314400,0.0788599
0.0314450,0.0788555
0.0314500,0.0788468
0.0314550,0.0788400
0.0314600,0.0788347
0.0314650,0.0788268
0.0314700,0.0788141
0.0314750,0.0787987
0.0314800,0.0787817
0.0314850,0.0787570
0.0314900,0.0787203
0.0314950,0.0786743
0.0315000,0.3471674
0.0315050,0.3470680
0.0315100,0.3469742
0.0315150,0.3468873
0.0315200,0.3468100
0.0315250,0.3467427
0.0315300,0.3466853
0.0315350,0.3466354
0.0315400,0.3465936
0.0315450,0.3465588
0.0315500,0.3465289
0.0315550,0.3465038
0.0315600,0.3464824
0.0315650,0.3464635
0.0315700,0.3464478
0.0315750,0.3464373
0.0315800,0.3464354
0.0315850,0.3464428
0.0315900,0.3464608
0.0315950,0.3464895
0.0316000,0.4822967
0.0316050,0.4824002
0.0316100,0.4825125
0.0316150,0.4826252
0.0316200,0.4827316
0.0316250,0.4828282
0.0316300,0.4829163
0.0316350,0.4829973
0.0316400,0.4830723
0.0316450,0.4831416
0.0316500,0.4832042
0.0316550,0.4832585
0.0316600,0.4833015
0.0316650,0.4833300
0.0316700,0.4833420
0.0316750,0.4833398
0.0316800,0.4833282
0.0316850,0.4833120
0.0316900,0.4832966
0.0316950,0.4832855
0.0317000,0.3458609
0.0317050,0.3458731
0.0317100,0.3458921
0.0317150,0.3459226
0.0317200,0.3459660
0.0317250,0.3460225
0.0317300,0.3460915
0.0317350,0.3461698
0.0317400,0.3462537
0.0317450,0.3463405
0.0317500,0.3464269
0.0317550,0.3465124
0.0317600,0.3465969
0.0317650,0.3466813
0.0317700,0.3467657
0.0317750,0.3468498
0.0317800,0.3469333
0.0317850,0.3470153
0.0317900,0.3470934
0.0317950,0.3471662
0.0318000,0.2510545
0.0318050,0.2509789
0.0318100,0.2509037
0.0318150,0.2508277
0.0318200,0.2507531
0.0318250,0.2506869
0.0318300,0.2506318
0.0318350,0.2505859
0.0318400,0.2505469
0.0318450,0.2505159
0.0318500,0.2504929
0.0318550,0.2504798
0.0318600,0.2504794
0.0318650,0.2504954
0.0318700,0.2505244
0.0318750,0.2505594
0.0318800,0.2505938
0.0318850,0.2506244
0.0318900,0.2506460
0.0318950,0.2506558
0.0319000,0.2506574
0.0319050,0.2506571
0.0319100,0.2506553
0.0319150,0.2506519
0.0319200,0.2506452
0.0319250,0.2506345
0.0319300,0.2506172
0.0319350,0.2505944
0.0319400,0.2505707
0.0319450,0.2505515
0.0319500,0.2505373
0.0319550,0.2505263
0.0319600,0.2505178
0.0319650,0.2505136
0.0319700,0.2505104
0.0319750,0.2505067
0.0319800,0.2505043
0.0319850,0.2505074
0.0319900,0.2505171
0.0319950,0.2505337
0.0320000,0.4211397
0.0320050,0.4210663
0.0320100,0.4209979
0.0320150,0.4209323
0.0320200,0.4208716
0.0320250,0.4208194
0.0320300,0.4207755
0.0320350,0.4207405
0.0320400,0.4207182
0.0320450,0.4207118
0.0320500,0.4207201
0.0320550,0.4207421
0.0320600,0.4207797
0.0320650,0.4208325
0.0320700,0.4208976
0.0320750,0.4209731
0.0320800,0.4210578
0.0320850,0.4211467
0.0320900,0.4212327
0.0320950,0.4213140
0.0321000,0.3461645
0.0321050,0.3461977
0.0321100,0.3462360
0.0321150,0.3462796
0.0321200,0.3463275
0.0321250,0.3463768
0.0321300,0.3464267
0.0321350,0.3464795
0.0321400,0.3465361
0.0321450,0.3465944
0.0321500,0.3466527
0.0321550,0.3467119
0.0321600,0.3467719
0.0321650,0.3468300
0.0321700,0.3468854
0.0321750,0.3469392
0.0321800,0.3469896
0.0321850,0.3470339
0.0321900,0.3470738
0.0321950,0.3471130
0.0322000,0.2499538
0.0322050,0.2499889
0.0322100,0.2500316
0.0322150,0.2500802
0.0322200,0.2501329
0.0322250,0.2501889
0.0322300,0.2502482
0.0322350,0.2503097
0.0322400,0.2503704
0.0322450,0.2504270
0.0322500,0.2504800
0.0322550,0.2505300
0.0322600,0.2505757
0.0322650,0.2506162
0.0322700,0.2506530
0.0322750,0.2506862
0.0322800,0.2507156
0.0322850,0.2507420
0.0322900,0.2507688
0.0322950,0.2507979
0.0323000,0.0768222
0.0323050,0.0768697
0.0323100,0.0769121
0.0323150,0.0769521
0.0323200,0.0769875
0.0323250,0.0770123
0.0323300,0.0770279
0.0323350,0.0770360
0.0323400,0.0770324
0.0323450,0.0770184
0.0323500,0.0770031
0.0323550,0.0769899
0.0323600,0.0769774
0.0323650,0.0769689
0.0323700,0.0769697
0.0323750,0.0769832
0.0323800,0.0770035
0.0323850,0.0770269
0.0323900,0.0770535
0.0323950,0.0770819
0.0324000,0.4203874
0.0324050,0.4204169
0.0324100,0.4204648
0.0324150,0.4205310
0.0324200,0.4206135
0.0324250,0.4207075
0.0324300,0.4208083
0.0324350,0.4209151
0.0324400,0.4210260
0.0324450,0.4211376
0.0324500,0.4212473
0.0324550,0.4213529
0.0324600,0.4214509
0.0324650,0.4215378
0.0324700,0.4216127
0.0324750,0.4216744
0.0324800,0.4217208
0.0324850,0.4217547
0.0324900,0.4217821
0.0324950,0.4218076
0.0325000,0.4204816
0.0325050,0.4205222
0.0325100,0.4205701
0.0325150,0.4206232
0.0325200,0.4206778
0.0325250,0.4207304
0.0325300,0.4207794
0.0325350,0.4208250
0.0325400,0.4208680
0.0325450,0.4209109
0.0325500,0.4209575
0.0325550,0.4210122
0.0325600,0.4210775
0.0325650,0.4211549
0.0325700,0.4212444
0.0325750,0.4213440
0.0325800,0.4214508
0.0325850,0.4215626
0.0325900,0.4216771
0.0325950,0.4217915
0.0326000,0.3464933
0.0326050,0.3464434
0.0326100,0.3464117
0.0326150,0.3463985
0.0326200,0.3464011
0.0326250,0.3464176
0.0326300,0.3464473
0.0326350,0.3464888
0.0326400,0.3465386
0.0326450,0.3465953
0.0326500,0.3466592
0.0326550,0.3467297
0.0326600,0.3468049
0.0326650,0.3468814
0.0326700,0.3469536
0.0326750,0.3470179
0.0326800,0.3470688
0.0326850,0.3471000
0.0326900,0.3471093
0.0326950,0.3471013
0.0327000,0.2510319
0.0327050,0.2510053
0.0327100,0.2509837
0.0327150,0.2509727
0.0327200,0.2509744
0.0327250,0.2509869
0.0327300,0.2510109
0.0327350,0.2510500
0.0327400,0.2511038
0.0327450,0.2511680
0.0327500,0.2512385
0.0327550,0.2513127
0.0327600,0.2513887
0.0327650,0.2514665
0.0327700,0.2515452
0.0327750,0.2516244
0.0327800,0.2517063
0.0327850,0.2517930
0.0327900,0.2518834
0.0327950,0.2519730
0.0328000,0.4837061
0.0328050,0.4836163
0.0328100,0.4835380
0.0328150,0.4834705
0.0328200,0.4834145
0.0328250,0.4833708
0.0328300,0.4833391
0.0328350,0.4833187
0.0328400,0.4833078
0.0328450,0.4833029
0.0328500,0.4833036
0.0328550,0.4833124
0.0328600,0.4833319
0.0328650,0.4833622
0.0328700,0.4834020
0.0328750,0.4834519
0.0328800,0.4835121
0.0328850,0.4835817
0.0328900,0.4836591
0.0328950,0.4837435
0.0329000,0.4837878
0.0329050,0.4838543
0.0329100,0.4839260
0.0329150,0.4840053
0.0329200,0.4840953
0.0329250,0.4841968
0.0329300,0.4843098
0.0329350,0.4844368
0.0329400,0.4845799
0.0329450,0.4847382
0.0329500,0.4849106
0.0329550,0.4850954
0.0329600,0.4852902
0.0329650,0.4854911
0.0329700,0.4856937
0.0329750,0.4858936
0.0329800,0.4860861
0.0329850,0.4862647
0.0329900,0.4864219
0.0329950,0.4865522
0.0330000,0.4213188
0.0330050,0.4212366
0.0330100,0.4211457
0.0330150,0.4210503
0.0330200,0.4209562
0.0330250,0.4208677
0.0330300,0.4207887
0.0330350,0.4207232
0.0330400,0.4206758
0.0330450,0.4206496
0.0330500,0.4206445
0.0330550,0.4206590
0.0330600,0.4206906
0.0330650,0.4207343
0.0330700,0.4207858
0.0330750,0.4208421
0.0330800,0.4208988
0.0330850,0.4209476
0.0330900,0.4209850
0.0330950,0.4210124
0.0331000,0.2497064
0.0331050,0.2496724
0.0331100,0.2496471
0.0331150,0.2496319
0.0331200,0.2496299
0.0331250,0.2496426
0.0331300,0.2496731
0.0331350,0.2497242
0.0331400,0.2497957
0.0331450,0.2498837
0.0331500,0.2499849
0.0331550,0.2501008
0.0331600,0.2502322
0.0331650,0.2503777
0.0331700,0.2505333
0.0331750,0.2506962
0.0331800,0.2508657
0.0331850,0.2510394
0.0331900,0.2512146
0.0331950,0.2513884
0.0332000,0.3467148
0.0332050,0.3468162
0.0332100,0.3469073
0.0332150,0.3469856
0.0332200,0.3470484
0.0332250,0.3470959
0.0332300,0.3471303
0.0332350,0.3471554
0.0332400,0.3471755
0.0332450,0.3471931
0.0332500,0.3472078
0.0332550,0.3472197
0.0332600,0.3472289
0.0332650,0.3472378
0.0332700,0.3472474
0.0332750,0.3472578
0.0332800,0.3472684
0.0332850,0.3472783
0.0332900,0.3472890
0.0332950,0.3473003
0.0333000,0.2509937
0.0333050,0.2509989
0.0333100,0.2510003
0.0333150,0.2509982
0.0333200,0.2509959
0.0333250,0.2509990
0.0333300,0.2510112
0.0333350,0.2510307
0.0333400,0.2510539
0.0333450,0.2510783
0.0333500,0.2511032
0.0333550,0.2511261
0.0333600,0.2511464
0.0333650,0.2511689
0.0333700,0.2511987
0.0333750,0.2512385
0.0333800,0.2512883
0.0333850,0.2513460
0.0333900,0.2514089
0.0333950,0.2514714
0.0334000,0.4845413
0.0334050,0.4845463
0.0334100,0.4845671
0.0334150,0.4846016
0.0334200,0.4846495
0.0334250,0.4847090
0.0334300,0.4847763
0.0334350,0.4848458
0.0334400,0.4849143
0.0334450,0.4849830
0.0334500,0.4850540
0.0334550,0.4851258
0.0334600,0.4851982
0.0334650,0.4852724
0.0334700,0.4853489
0.0334750,0.4854252
0.0334800,0.4854995
0.0334850,0.4855717
0.0334900,0.4856415
0.0334950,0.4857058
0.0335000,0.4206591
0.0335050,0.4206201
0.0335100,0.4205768
0.0335150,0.4205297
0.0335200,0.4204794
0.0335250,0.4204279
0.0335300,0.4203776
0.0335350,0.4203288
0.0335400,0.4202812
0.0335450,0.4202378
0.0335500,0.4202007
0.0335550,0.4201686
0.0335600,0.4201418
0.0335650,0.4201236
0.0335700,0.4201174
0.0335750,0.4201230
0.0335800,0.4201382
0.0335850,0.4201598
0.0335900,0.4201849
0.0335950,0.4202113
0.0336000,0.4201011
0.0336050,0.4200975
0.0336100,0.4201022
0.0336150,0.4201126
0.0336200,0.4201295
0.0336250,0.4201551
0.0336300,0.4201894
0.0336350,0.4202295
0.0336400,0.4202736
0.0336450,0.4203208
0.0336500,0.4203686
0.0336550,0.4204108
0.0336600,0.4204457
0.0336650,0.4204767
0.0336700,0.4205063
0.0336750,0.4205328
0.0336800,0.4205557
0.0336850,0.4205756
0.0336900,0.4205923
0.0336950,0.4206021
0.0337000,0.4838967
0.0337050,0.4839314
0.0337100,0.4839754
0.0337150,0.4840280
0.0337200,0.4840928
0.0337250,0.4841748
0.0337300,0.4842778
0.0337350,0.4843999
0.0337400,0.4845369
0.0337450,0.4846868
0.0337500,0.4848447
0.0337550,0.4850030
0.0337600,0.4851549
0.0337650,0.4852943
0.0337700,0.4854154
0.0337750,0.4855128
0.0337800,0.4855866
0.0337850,0.4856405
0.0337900,0.4856788
0.0337950,0.4857042
0.0338000,0.4213948
0.0338050,0.4213325
0.0338100,0.4212792
0.0338150,0.4212387
0.0338200,0.4212131
0.0338250,0.4212020
0.0338300,0.4212043
0.0338350,0.4212161
0.0338400,0.4212350
0.0338450,0.4212583
0.0338500,0.4212846
0.0338550,0.4213138
0.0338600,0.4213476
0.0338650,0.4213862
0.0338700,0.4214304
0.0338750,0.4214797
0.0338800,0.4215339
0.0338850,0.4215914
0.0338900,0.4216500
0.0338950,0.4217067
0.0339000,0.4831847
0.0339050,0.4831794
0.0339100,0.4831768
0.0339150,0.4831789
0.0339200,0.4831917
0.0339250,0.4832201
0.0339300,0.4832649
0.0339350,0.4833247
0.0339400,0.4833969
0.0339450,0.4834782
0.0339500,0.4835665
0.0339550,0.4836600
0.0339600,0.4837590
0.0339650,0.4838616
0.0339700,0.4839627
0.0339750,0.4840583
0.0339800,0.4841468
0.0339850,0.4842263
0.0339900,0.4842943
0.0339950,0.4843508
0.0340000,0.4202589
0.0340050,0.4202446
0.0340100,0.4202421
0.0340150,0.4202516
0.0340200,0.4202739
0.0340250,0.4203094
0.0340300,0.4203572
0.0340350,0.4204162
0.0340400,0.4204858
0.0340450,0.4205643
0.0340500,0.4206494
0.0340550,0.4207413
0.0340600,0.4208402
0.0340650,0.4209448
0.0340700,0.4210531
0.0340750,0.4211614
0.0340800,0.4212650
0.0340850,0.4213592
0.0340900,0.4214405
0.0340950,0.4215062
0.0341000,0.3464244
0.0341050,0.3464227
0.0341100,0.3464152
0.0341150,0.3464035
0.0341200,0.3463897
0.0341250,0.3463765
0.0341300,0.3463668
0.0341350,0.3463624
0.0341400,0.3463633
0.0341450,0.3463682
0.0341500,0.3463764
0.0341550,0.3463878
0.0341600,0.3464032
0.0341650,0.3464241
0.0341700,0.3464525
0.0341750,0.3464882
0.0341800,0.3465286
0.0341850,0.3465726
0.0341900,0.3466204
0.0341950,0.3466694
0.0342000,0.2502606
0.0342050,0.2503379
0.0342100,0.2504214
0.0342150,0.2505098
0.0342200,0.2506005
0.0342250,0.2506897
0.0342300,0.2507739
0.0342350,0.2508505
0.0342400,0.2509196
0.0342450,0.2509826
0.0342500,0.2510392
0.0342550,0.2510890
0.0342600,0.2511308
0.0342650,0.2511654
0.0342700,0.2511949
0.0342750,0.2512236
0.0342800,0.2512545
0.0342850,0.2512883
0.0342900,0.2513219
0.0342950,0.2513556
0.0343000,0.3471050
0.0343050,0.3470826
0.0343100,0.3470583
0.0343150,0.3470316
0.0343200,0.3470038
0.0343250,0.3469755
0.0343300,0.3469460
0.0343350,0.3469170
0.0343400,0.3468892
0.0343450,0.3468608
0.0343500,0.3468302
0.0343550,0.3468026
0.0343600,0.3467822
0.0343650,0.3467712
0.0343700,0.3467689
0.0343750,0.3467739
0.0343800,0.3467829
0.0343850,0.3467941
0.0343900,0.3468068
0.0343950,0.3468214
0.0344000,0.4838514
0.0344050,0.4838529
0.0344100,0.4838564
0.0344150,0.4838633
0.0344200,0.4838756
0.0344250,0.4838950
0.0344300,0.4839236
0.0344350,0.4839647
0.0344400,0.4840185
0.0344450,0.4840828
0.0344500,0.4841560
0.0344550,0.4842368
0.0344600,0.4843219
0.0344650,0.4844075
0.0344700,0.4844950
0.0344750,0.4845880
0.0344800,0.4846860
0.0344850,0.4847874
0.0344900,0.4848899
0.0344950,0.4849897
0.0345000,0.3471424
0.0345050,0.3471904
0.0345100,0.3472400
0.0345150,0.3472932
0.0345200,0.3473488
0.0345250,0.3474071
0.0345300,0.3474670
0.0345350,0.3475275
0.0345400,0.3475865
0.0345450,0.3476424
0.0345500,0.3476963
0.0345550,0.3477500
0.0345600,0.3478029
0.0345650,0.3478541
0.0345700,0.3479020
0.0345750,0.3479448
0.0345800,0.3479800
0.0345850,0.3480063
0.0345900,0.3480231
0.0345950,0.3480298
0.0346000,0.4216040
0.0346050,0.4215725
0.0346100,0.4215421
0.0346150,0.4215120
0.0346200,0.4214797
0.0346250,0.4214444
0.0346300,0.4214098
0.0346350,0.4213826
0.0346400,0.4213666
0.0346450,0.4213614
0.0346500,0.4213655
0.0346550,0.4213788
0.0346600,0.4213998
0.0346650,0.4214273
0.0346700,0.4214636
0.0346750,0.4215115
0.0346800,0.4215720
0.0346850,0.4216441
0.0346900,0.4217285
0.0346950,0.4218241
0.0347000,0.4214918
0.0347050,0.4216093
0.0347100,0.4217400
0.0347150,0.4218808
0.0347200,0.4220263
0.0347250,0.4221697
0.0347300,0.4223075
0.0347350,0.4224387
0.0347400,0.4225599
0.0347450,0.4226654
0.0347500,0.4227527
0.0347550,0.4228217
0.0347600,0.4228720
0.0347650,0.4229051
0.0347700,0.4229262
0.0347750,0.4229392
0.0347800,0.4229450
0.0347850,0.4229433
0.0347900,0.4229349
0.0347950,0.4229186
0.0348000,0.3474469
0.0348050,0.3474322
0.0348100,0.3474331
0.0348150,0.3474483
0.0348200,0.3474739
0.0348250,0.3475076
0.0348300,0.3475498
0.0348350,0.3476015
0.0348400,0.3476605
0.0348450,0.3477266
0.0348500,0.3478004
0.0348550,0.3478838
0.0348600,0.3479749
0.0348650,0.3480699
0.0348700,0.3481662
0.0348750,0.3482623
0.0348800,0.3483563
0.0348850,0.3484464
0.0348900,0.3485302
0.0348950,0.3486087
0.0349000,0.0774409
0.0349050,0.0774291
0.0349100,0.0774122
0.0349150,0.0773934
0.0349200,0.0773705
0.0349250,0.0773473
0.0349300,0.0773242
0.0349350,0.0772991
0.0349400,0.0772624
0.0349450,0.0772116
0.0349500,0.0771544
0.0349550,0.0771021
0.0349600,0.0770528
0.0349650,0.0770005
0.0349700,0.0769446
0.0349750,0.0768944
0.0349800,0.0768556
0.0349850,0.0768244
0.0349900,0.0767993
0.0349950,0.0767872
0.0350000,0.2508275
0.0350050,0.2508230
0.0350100,0.2508358
0.0350150,0.2508660
0.0350200,0.2509123
0.0350250,0.2509704
0.0350300,0.2510381
0.0350350,0.2511156
0.0350400,0.2512015
0.0350450,0.2512904
0.0350500,0.2513806
0.0350550,0.2514732
0.0350600,0.2515682
0.0350650,0.2516602
0.0350700,0.2517455
0.0350750,0.2518248
0.0350800,0.2519004
0.0350850,0.2519693
0.0350900,0.2520311
0.0350950,0.2520887
0.0351000,0.4201130
0.0351050,0.4200738
0.0351100,0.4200462
0.0351150,0.4200262
0.0351200,0.4200111
0.0351250,0.4199982
0.0351300,0.4199875
0.0351350,0.4199812
0.0351400,0.4199826
0.0351450,0.4199919
0.0351500,0.4200083
0.0351550,0.4200301
0.0351600,0.4200559
0.0351650,0.4200826
0.0351700,0.4201091
0.0351750,0.4201377
0.0351800,0.4201729
0.0351850,0.4202158
0.0351900,0.4202649
0.0351950,0.4203192
0.0352000,0.3453945
0.0352050,0.3454141
0.0352100,0.3454386
0.0352150,0.3454649
0.0352200,0.3454917
0.0352250,0.3455146
0.0352300,0.3455292
0.0352350,0.3455361
0.0352400,0.3455392
0.0352450,0.3455395
0.0352500,0.3455377
0.0352550,0.3455358
0.0352600,0.3455363
0.0352650,0.3455406
0.0352700,0.3455494
0.0352750,0.3455615
0.0352800,0.3455759
0.0352850,0.3455894
0.0352900,0.3455989
0.0352950,0.3456013
0.0353000,0.4205480
0.0353050,0.4205515
0.0353100,0.4205599
0.0353150,0.4205730
0.0353200,0.4205903
0.0353250,0.4206104
0.0353300,0.4206339
0.0353350,0.4206594
0.0353400,0.4206844
0.0353450,0.4207059
0.0353500,0.4207220
0.0353550,0.4207317
0.0353600,0.4207361
0.0353650,0.4207367
0.0353700,0.4207360
0.0353750,0.4207380
0.0353800,0.4207477
0.0353850,0.4207671
0.0353900,0.4207969
0.0353950,0.4208365
0.0354000,0.5899139
0.0354050,0.5899628
0.0354100,0.5900205
0.0354150,0.5900866
0.0354200,0.5901598
0.0354250,0.5902378
0.0354300,0.5903167
0.0354350,0.5903909
0.0354400,0.5904567
0.0354450,0.5905089
0.0354500,0.5905428
0.0354550,0.5905575
0.0354600,0.5905576
0.0354650,0.5905518
0.0354700,0.5905508
0.0354750,0.5905625
0.0354800,0.5905903
0.0354850,0.5906322
0.0354900,0.5906840
0.0354950,0.5907408
0.0355000,0.4205029
0.0355050,0.4205429
0.0355100,0.4205882
0.0355150,0.4206350
0.0355200,0.4206812
0.0355250,0.4207258
0.0355300,0.4207684
0.0355350,0.4208124
0.0355400,0.4208602
0.0355450,0.4209143
0.0355500,0.4209741
0.0355550,0.4210385
0.0355600,0.4211045
0.0355650,0.4211689
0.0355700,0.4212288
0.0355750,0.4212829
0.0355800,0.4213311
0.0355850,0.4213746
0.0355900,0.4214131
0.0355950,0.4214498
0.0356000,0.2511928
0.0356050,0.2511973
0.0356100,0.2512107
0.0356150,0.2512367
0.0356200,0.2512750
0.0356250,0.2513214
0.0356300,0.2513717
0.0356350,0.2514259
0.0356400,0.2514843
0.0356450,0.2515476
0.0356500,0.2516174
0.0356550,0.2516984
0.0356600,0.2517897
0.0356650,0.2518851
0.0356700,0.2519765
0.0356750,0.2520568
0.0356800,0.2521218
0.0356850,0.2521682
0.0356900,0.2521973
0.0356950,0.2522146
0.0357000,0.4840332
0.0357050,0.4839799
0.0357100,0.4839481
0.0357150,0.4839343
0.0357200,0.4839365
0.0357250,0.4839517
0.0357300,0.4839755
0.0357350,0.4840046
0.0357400,0.4840367
0.0357450,0.4840710
0.0357500,0.4841065
0.0357550,0.4841402
0.0357600,0.4841709
0.0357650,0.4841993
0.0357700,0.4842266
0.0357750,0.4842544
0.0357800,0.4842856
0.0357850,0.4843209
0.0357900,0.4843595
0.0357950,0.4843988
0.0358000,0.4842877
0.0358050,0.4842962
0.0358100,0.4843063
0.0358150,0.4843215
0.0358200,0.4843458
0.0358250,0.4843815
0.0358300,0.4844271
0.0358350,0.4844800
0.0358400,0.4845368
0.0358450,0.4845968
0.0358500,0.4846612
0.0358550,0.4847334
0.0358600,0.4848180
0.0358650,0.4849179
0.0358700,0.4850338
0.0358750,0.4851613
0.0358800,0.4852936
0.0358850,0.4854255
0.0358900,0.4855521
0.0358950,0.4856682
0.0359000,0.3464845
0.0359050,0.3464808
0.0359100,0.3464832
0.0359150,0.3464909
0.0359200,0.3465040
0.0359250,0.3465277
0.0359300,0.3465681
0.0359350,0.3466270
0.0359400,0.3467029
0.0359450,0.3467920
0.0359500,0.3468880
0.0359550,0.3469830
0.0359600,0.3470700
0.0359650,0.3471476
0.0359700,0.3472170
0.0359750,0.3472802
0.0359800,0.3473375
0.0359850,0.3473901
0.0359900,0.3474362
0.0359950,0.3474708
0.0360000,0.4847341
0.0360050,0.4847411
0.0360100,0.4847512
0.0360150,0.4847670
0.0360200,0.4847920
0.0360250,0.4848310
0.0360300,0.4848836
0.0360350,0.4849454
0.0360400,0.4850126
0.0360450,0.4850867
0.0360500,0.4851680
0.0360550,0.4852557
0.0360600,0.4853497
0.0360650,0.4854512
0.0360700,0.4855589
0.0360750,0.4856713
0.0360800,0.4857862
0.0360850,0.4859030
0.0360900,0.4860180
0.0360950,0.4861272
0.0361000,0.3458721
0.0361050,0.3458341
0.0361100,0.3458085
0.0361150,0.3457988
0.0361200,0.3458069
0.0361250,0.3458331
0.0361300,0.3458748
0.0361350,0.3459288
0.0361400,0.3459896
0.0361450,0.3460550
0.0361500,0.3461219
0.0361550,0.3461863
0.0361600,0.3462436
0.0361650,0.3462933
0.0361700,0.3463343
0.0361750,0.3463670
0.0361800,0.3463926
0.0361850,0.3464160
0.0361900,0.3464400
0.0361950,0.3464659
0.0362000,0.4209763
0.0362050,0.4209283
0.0362100,0.4208892
0.0362150,0.4208601
0.0362200,0.4208409
0.0362250,0.4208346
0.0362300,0.4208435
0.0362350,0.4208697
0.0362400,0.4209094
0.0362450,0.4209596
0.0362500,0.4210186
0.0362550,0.4210851
0.0362600,0.4211551
0.0362650,0.4212274
0.0362700,0.4213039
0.0362750,0.4213834
0.0362800,0.4214621
0.0362850,0.4215394
0.0362900,0.4216167
0.0362950,0.4216947
0.0363000,0.4841957
0.0363050,0.4840822
0.0363100,0.4839789
0.0363150,0.4838873
0.0363200,0.4838083
0.0363250,0.4837452
0.0363300,0.4837018
0.0363350,0.4836799
0.0363400,0.4836803
0.0363450,0.4837039
0.0363500,0.4837523
0.0363550,0.4838227
0.0363600,0.4839106
0.0363650,0.4840127
0.0363700,0.4841263
0.0363750,0.4842467
0.0363800,0.4843710
0.0363850,0.4844994
0.0363900,0.4846323
0.0363950,0.4847659
0.0364000,0.4210954
0.0364050,0.4211258
0.0364100,0.4211641
0.0364150,0.4212080
0.0364200,0.4212540
0.0364250,0.4213014
0.0364300,0.4213525
0.0364350,0.4214076
0.0364400,0.4214625
0.0364450,0.4215122
0.0364500,0.4215533
0.0364550,0.4215837
0.0364600,0.4216016
0.0364650,0.4216081
0.0364700,0.4216073
0.0364750,0.4216011
0.0364800,0.4215877
0.0364850,0.4215683
0.0364900,0.4215481
0.0364950,0.4215315
0.0365000,0.4208280
0.0365050,0.4208041
0.0365100,0.4207882
0.0365150,0.4207820
0.0365200,0.4207854
0.0365250,0.4207988
0.0365300,0.4208244
0.0365350,0.4208637
0.0365400,0.4209150
0.0365450,0.4209771
0.0365500,0.4210491
0.0365550,0.4211294
0.0365600,0.4212152
0.0365650,0.4213034
0.0365700,0.4213907
0.0365750,0.4214734
0.0365800,0.4215457
0.0365850,0.4216023
0.0365900,0.4216405
0.0365950,0.4216595
0.0366000,0.3464516
0.0366050,0.3464691
0.0366100,0.3464888
0.0366150,0.3465119
0.0366200,0.3465354
0.0366250,0.3465566
0.0366300,0.3465773
0.0366350,0.3465994
0.0366400,0.3466217
0.0366450,0.3466429
0.0366500,0.3466640
0.0366550,0.3466852
0.0366600,0.3467043
0.0366650,0.3467195
0.0366700,0.3467314
0.0366750,0.3467393
0.0366800,0.3467416
0.0366850,0.3467372
0.0366900,0.3467289
0.0366950,0.3467188
0.0367000,0.3461677
0.0367050,0.3461278
0.0367100,0.3460928
0.0367150,0.3460637
0.0367200,0.3460411
0.0367250,0.3460287
0.0367300,0.3460304
0.0367350,0.3460467
0.0367400,0.3460744
0.0367450,0.3461133
0.0367500,0.3461658
0.0367550,0.3462297
0.0367600,0.3462998
0.0367650,0.3463763
0.0367700,0.3464619
0.0367750,0.3465570
0.0367800,0.3466602
0.0367850,0.3467734
0.0367900,0.3468986
0.0367950,0.3470343
0.0368000,0.3457309
0.0368050,0.3457958
0.0368100,0.3458695
0.0368150,0.3459496
0.0368200,0.3460324
0.0368250,0.3461176
0.0368300,0.3462046
0.0368350,0.3462880
0.0368400,0.3463633
0.0368450,0.3464306
0.0368500,0.3464938
0.0368550,0.3465575
0.0368600,0.3466263
0.0368650,0.3467031
0.0368700,0.3467912
0.0368750,0.3468908
0.0368800,0.3469998
0.0368850,0.3471153
0.0368900,0.3472371
0.0368950,0.3473625
0.0369000,0.2503497
0.0369050,0.2504634
0.0369100,0.2505731
0.0369150,0.2506785
0.0369200,0.2507831
0.0369250,0.2508895
0.0369300,0.2510020
0.0369350,0.2511210
0.0369400,0.2512455
0.0369450,0.2513705
0.0369500,0.2514946
0.0369550,0.2516153
0.0369600,0.2517310
0.0369650,0.2518378
0.0369700,0.2519360
0.0369750,0.2520263
0.0369800,0.2521102
0.0369850,0.2521862
0.0369900,0.2522566
0.0369950,0.2523232
0.0370000,0.2510125
0.0370050,0.2509710
0.0370100,0.2509378
0.0370150,0.2509145
0.0370200,0.2509030
0.0370250,0.2509021
0.0370300,0.2509116
0.0370350,0.2509311
0.0370400,0.2509627
0.0370450,0.2510068
0.0370500,0.2510652
0.0370550,0.2511377
0.0370600,0.2512208
0.0370650,0.2513118
0.0370700,0.2514107
0.0370750,0.2515186
0.0370800,0.2516352
0.0370850,0.2517582
0.0370900,0.2518884
0.0370950,0.2520282
0.0371000,0.4212783
0.0371050,0.4213187
0.0371100,0.4213575
0.0371150,0.4213912
0.0371200,0.4214142
0.0371250,0.4214232
0.0371300,0.4214161
0.0371350,0.4213924
0.0371400,0.4213569
0.0371450,0.4213159
0.0371500,0.4212736
0.0371550,0.4212319
0.0371600,0.4211953
0.0371650,0.4211704
0.0371700,0.4211613
0.0371750,0.4211683
0.0371800,0.4211907
0.0371850,0.4212264
0.0371900,0.4212702
0.0371950,0.4213157
0.0372000,0.5908212
0.0372050,0.5908212
0.0372100,0.5908281
0.0372150,0.5908433
0.0372200,0.5908682
0.0372250,0.5909025
0.0372300,0.5909428
0.0372350,0.5909874
0.0372400,0.5910359
0.0372450,0.5910869
0.0372500,0.5911405
0.0372550,0.5911993
0.0372600,0.5912654
0.0372650,0.5913368
0.0372700,0.5914086
0.0372750,0.5914755
0.0372800,0.5915353
0.0372850,0.5915888
0.0372900,0.5916386
0.0372950,0.5916899
0.0373000,0.4217277
0.0373050,0.4217426
0.0373100,0.4217675
0.0373150,0.4218006
0.0373200,0.4218395
0.0373250,0.4218833
0.0373300,0.4219306
0.0373350,0.4219808
0.0373400,0.4220314
0.0373450,0.4220798
0.0373500,0.4221257
0.0373550,0.4221676
0.0373600,0.4222021
0.0373650,0.4222288
0.0373700,0.4222479
0.0373750,0.4222595
0.0373800,0.4222613
0.0373850,0.4222521
0.0373900,0.4222311
0.0373950,0.4221974
0.0374000,0.5411519
0.0374050,0.5411129
0.0374100,0.5410803
0.0374150,0.5410563
0.0374200,0.5410421
0.0374250,0.5410413
0.0374300,0.5410566
0.0374350,0.5410895
0.0374400,0.5411391
0.0374450,0.5412031
0.0374500,0.5412806
0.0374550,0.5413698
0.0374600,0.5414689
0.0374650,0.5415761
0.0374700,0.5416846
0.0374750,0.5417873
0.0374800,0.5418765
0.0374850,0.5419474
0.0374900,0.5419998
0.0374950,0.5420358
0.0375000,0.4846624
0.0375050,0.4846485
0.0375100,0.4846288
0.0375150,0.4846064
0.0375200,0.4845832
0.0375250,0.4845607
0.0375300,0.4845400
0.0375350,0.4845217
0.0375400,0.4845042
0.0375450,0.4844843
0.0375500,0.4844581
0.0375550,0.4844212
0.0375600,0.4843724
0.0375650,0.4843139
0.0375700,0.4842483
0.0375750,0.4841800
0.0375800,0.4841127
0.0375850,0.4840505
0.0375900,0.4839955
0.0375950,0.4839483
0.0376000,0.5386709
0.0376050,0.5386925
0.0376100,0.5387378
0.0376150,0.5388062
0.0376200,0.5388971
0.0376250,0.5390108
0.0376300,0.5391443
0.0376350,0.5392935
0.0376400,0.5394547
0.0376450,0.5396240
0.0376500,0.5397961
0.0376550,0.5399661
0.0376600,0.5401320
0.0376650,0.5402934
0.0376700,0.5404466
0.0376750,0.5405896
0.0376800,0.5407244
0.0376850,0.5408547
0.0376900,0.5409824
0.0376950,0.5411070
0.0377000,0.5896130
0.0377050,0.5896071
0.0377100,0.5896220
0.0377150,0.5896527
0.0377200,0.5896945
0.0377250,0.5897421
0.0377300,0.5897919
0.0377350,0.5898424
0.0377400,0.5898941
0.0377450,0.5899468
0.0377500,0.5899988
0.0377550,0.5900487
0.0377600,0.5900962
0.0377650,0.5901416
0.0377700,0.5901845
0.0377750,0.5902238
0.0377800,0.5902619
0.0377850,0.5903005
0.0377900,0.5903409
0.0377950,0.5903849
0.0378000,0.4839286
0.0378050,0.4839598
0.0378100,0.4839983
0.0378150,0.4840430
0.0378200,0.4840929
0.0378250,0.4841463
0.0378300,0.4842011
0.0378350,0.4842553
0.0378400,0.4843092
0.0378450,0.4843608
0.0378500,0.4844068
0.0378550,0.4844453
0.0378600,0.4844776
0.0378650,0.4845071
0.0378700,0.4845372
0.0378750,0.4845691
0.0378800,0.4846034
0.0378850,0.4846399
0.0378900,0.4846799
0.0378950,0.4847257
0.0379000,0.4832409
0.0379050,0.4832748
0.0379100,0.4833231
0.0379150,0.4833848
0.0379200,0.4834584
0.0379250,0.4835392
0.0379300,0.4836223
0.0379350,0.4837042
0.0379400,0.4837822
0.0379450,0.4838534
0.0379500,0.4839150
0.0379550,0.4839668
0.0379600,0.4840119
0.0379650,0.4840546
0.0379700,0.4841005
0.0379750,0.4841549
0.0379800,0.4842176
0.0379850,0.4842845
0.0379900,0.4843527
0.0379950,0.4844201
0.0380000,0.3464345
0.0380050,0.3464656
0.0380100,0.3464942
0.0380150,0.3465216
0.0380200,0.3465481
0.0380250,0.3465748
0.0380300,0.3466036
0.0380350,0.3466357
0.0380400,0.3466690
0.0380450,0.3467017
0.0380500,0.3467346
0.0380550,0.3467694
0.0380600,0.3468045
0.0380650,0.3468381
0.0380700,0.3468707
0.0380750,0.3469029
0.0380800,0.3469338
0.0380850,0.3469641
0.0380900,0.3469970
0.0380950,0.3470361
0.0381000,0.3465002
0.0381050,0.3465792
0.0381100,0.3466645
0.0381150,0.3467565
0.0381200,0.3468531
0.0381250,0.3469505
0.0381300,0.3470473
0.0381350,0.3471444
0.0381400,0.3472405
0.0381450,0.3473333
0.0381500,0.3474212
0.0381550,0.3475013
0.0381600,0.3475684
0.0381650,0.3476179
0.0381700,0.3476492
0.0381750,0.3476641
0.0381800,0.3476634
0.0381850,0.3476445
0.0381900,0.3476084
0.0381950,0.3475588
0.0382000,0.2512230
0.0382050,0.2511864
0.0382100,0.2511541
0.0382150,0.2511287
0.0382200,0.2511129
0.0382250,0.2511092
0.0382300,0.2511197
0.0382350,0.2511459
0.0382400,0.2511855
0.0382450,0.2512319
0.0382500,0.2512821
0.0382550,0.2513384
0.0382600,0.2513988
0.0382650,0.2514567
0.0382700,0.2515087
0.0382750,0.2515531
0.0382800,0.2515870
0.0382850,0.2516079
0.0382900,0.2516173
0.0382950,0.2516209
0.0383000,0.2504175
0.0383050,0.2504456
0.0383100,0.2504779
0.0383150,0.2505184
0.0383200,0.2505660
0.0383250,0.2506169
0.0383300,0.2506685
0.0383350,0.2507194
0.0383400,0.2507646
0.0383450,0.2507972
0.0383500,0.2508120
0.0383550,0.2508119
0.0383600,0.2507963
0.0383650,0.2507642
0.0383700,0.2507155
0.0383750,0.2506514
0.0383800,0.2505755
0.0383850,0.2504938
0.0383900,0.2504152
0.0383950,0.2503453
0.0384000,0.3458355
0.0384050,0.3458281
0.0384100,0.3458207
0.0384150,0.3458128
0.0384200,0.3458014
0.0384250,0.3457811
0.0384300,0.3457503
0.0384350,0.3457128
0.0384400,0.3456721
0.0384450,0.3456299
0.0384500,0.3455892
0.0384550,0.3455541
0.0384600,0.3455261
0.0384650,0.3455072
0.0384700,0.3455019
0.0384750,0.3455142
0.0384800,0.3455439
0.0384850,0.3455871
0.0384900,0.3456406
0.0384950,0.3457014
0.0385000,0.3457852
0.0385050,0.3458373
0.0385100,0.3459009
0.0385150,0.3459764
0.0385200,0.3460622
0.0385250,0.3461568
0.0385300,0.3462602
0.0385350,0.3463733
0.0385400,0.3464958
0.0385450,0.3466266
0.0385500,0.3467650
0.0385550,0.3469094
0.0385600,0.3470569
0.0385650,0.3472032
0.0385700,0.3473445
0.0385750,0.3474747
0.0385800,0.3475865
0.0385850,0.3476747
0.0385900,0.3477403
0.0385950,0.3477850
0.0386000,0.3466110
0.0386050,0.3466035
0.0386100,0.3466100
0.0386150,0.3466333
0.0386200,0.3466713
0.0386250,0.3467201
0.0386300,0.3467795
0.0386350,0.3468507
0.0386400,0.3469326
0.0386450,0.3470240
0.0386500,0.3471265
0.0386550,0.3472407
0.0386600,0.3473612
0.0386650,0.3474832
0.0386700,0.3476054
0.0386750,0.3477265
0.0386800,0.3478411
0.0386850,0.3479427
0.0386900,0.3480267
0.0386950,0.3480895
0.0387000,0.0747756
0.0387050,0.0747464
0.0387100,0.0747126
0.0387150,0.0746794
0.0387200,0.0746431
0.0387250,0.0746020
0.0387300,0.0745652
0.0387350,0.0745410
0.0387400,0.0745200
0.0387450,0.0744904
0.0387500,0.0744603
0.0387550,0.0744447
0.0387600,0.0744416
0.0387650,0.0744390
0.0387700,0.0744389
0.0387750,0.0744524
0.0387800,0.0744768
0.0387850,0.0744954
0.0387900,0.0745097
0.0387950,0.0745342
0.0388000,0.2509070
0.0388050,0.2508464
0.0388100,0.2507913
0.0388150,0.2507406
0.0388200,0.2506941
0.0388250,0.2506482
0.0388300,0.2506014
0.0388350,0.2505562
0.0388400,0.2505155
0.0388450,0.2504780
0.0388500,0.2504439
0.0388550,0.2504173
0.0388600,0.2504009
0.0388650,0.2503921
0.0388700,0.2503880
0.0388750,0.2503887
0.0388800,0.2503955
0.0388850,0.2504060
0.0388900,0.2504210
0.0388950,0.2504455
0.0389000,0.2504817
0.0389050,0.2505241
0.0389100,0.2505677
0.0389150,0.2506135
0.0389200,0.2506628
0.0389250,0.2507125
0.0389300,0.2507618
0.0389350,0.2508147
0.0389400,0.2508713
0.0389450,0.2509267
0.0389500,0.2509812
0.0389550,0.2510410
0.0389600,0.2511060
0.0389650,0.2511684
0.0389700,0.2512243
0.0389750,0.2512774
0.0389800,0.2513308
0.0389850,0.2513806
0.0389900,0.2514242
0.0389950,0.2514635
0.0390000,0.3468642
0.0390050,0.3468583
0.0390100,0.3468482
0.0390150,0.3468371
0.0390200,0.3468292
0.0390250,0.3468233
0.0390300,0.3468198
0.0390350,0.3468233
0.0390400,0.3468363
0.0390450,0.3468550
0.0390500,0.3468761
0.0390550,0.3468980
0.0390600,0.3469174
0.0390650,0.3469299
0.0390700,0.3469346
0.0390750,0.3469353
0.0390800,0.3469352
0.0390850,0.3469329
0.0390900,0.3469296
0.0390950,0.3469300
0.0391000,0.3468964
0.0391050,0.3468235
0.0391100,0.3467579
0.0391150,0.3467005
0.0391200,0.3466517
0.0391250,0.3466092
0.0391300,0.3465705
0.0391350,0.3465385
0.0391400,0.3465170
0.0391450,0.3465064
0.0391500,0.3465055
0.0391550,0.3465134
0.0391600,0.3465301
0.0391650,0.3465536
0.0391700,0.3465822
0.0391750,0.3466175
0.0391800,0.3466611
0.0391850,0.3467116
0.0391900,0.3467663
0.0391950,0.3468249
0.0392000,0.3468877
0.0392050,0.3469528
0.0392100,0.3470182
0.0392150,0.3470826
0.0392200,0.3471443
0.0392250,0.3471993
0.0392300,0.3472416
0.0392350,0.3472666
0.0392400,0.3472726
0.0392450,0.3472580
0.0392500,0.3472216
0.0392550,0.3471641
0.0392600,0.3470899
0.0392650,0.3470022
0.0392700,0.3469064
0.0392750,0.3468072
0.0392800,0.3467060
0.0392850,0.3466032
0.0392900,0.3465007
0.0392950,0.3464010
0.0393000,0.4208694
0.0393050,0.4207776
0.0393100,0.4206950
0.0393150,0.4206240
0.0393200,0.4205659
0.0393250,0.4205211
0.0393300,0.4204916
0.0393350,0.4204759
0.0393400,0.4204701
0.0393450,0.4204704
0.0393500,0.4204761
0.0393550,0.4204853
0.0393600,0.4204949
0.0393650,0.4205006
0.0393700,0.4205028
0.0393750,0.4205001
0.0393800,0.4204894
0.0393850,0.4204705
0.0393900,0.4204486
0.0393950,0.4204268
0.0394000,0.4838307
0.0394050,0.4837968
0.0394100,0.4837733
0.0394150,0.4837617
0.0394200,0.4837635
0.0394250,0.4837792
0.0394300,0.4838106
0.0394350,0.4838568
0.0394400,0.4839126
0.0394450,0.4839724
0.0394500,0.4840332
0.0394550,0.4840947
0.0394600,0.4841600
0.0394650,0.4842332
0.0394700,0.4843166
0.0394750,0.4844074
0.0394800,0.4845018
0.0394850,0.4845972
0.0394900,0.4846900
0.0394950,0.4847750
0.0395000,0.4216149
0.0395050,0.4216688
0.0395100,0.4217090
0.0395150,0.4217364
0.0395200,0.4217519
0.0395250,0.4217576
0.0395300,0.4217561
0.0395350,0.4217494
0.0395400,0.4217396
0.0395450,0.4217296
0.0395500,0.4217202
0.0395550,0.4217093
0.0395600,0.4216947
0.0395650,0.4216750
0.0395700,0.4216518
0.0395750,0.4216252
0.0395800,0.4215942
0.0395850,0.4215597
0.0395900,0.4215249
0.0395950,0.4214938
0.0396000,0.3466161
0.0396050,0.3465734
0.0396100,0.3465408
0.0396150,0.3465190
0.0396200,0.3465092
0.0396250,0.3465132
0.0396300,0.3465314
0.0396350,0.3465616
0.0396400,0.3466009
0.0396450,0.3466489
0.0396500,0.3467055
0.0396550,0.3467694
0.0396600,0.3468406
0.0396650,0.3469208
0.0396700,0.3470123
0.0396750,0.3471137
0.0396800,0.3472217
0.0396850,0.3473336
0.0396900,0.3474478
0.0396950,0.3475618
0.0397000,0.2512784
0.0397050,0.2513365
0.0397100,0.2513934
0.0397150,0.2514430
0.0397200,0.2514802
0.0397250,0.2515055
0.0397300,0.2515217
0.0397350,0.2515276
0.0397400,0.2515235
0.0397450,0.2515149
0.0397500,0.2515056
0.0397550,0.2514917
0.0397600,0.2514696
0.0397650,0.2514388
0.0397700,0.2514001
0.0397750,0.2513526
0.0397800,0.2512989
0.0397850,0.2512466
0.0397900,0.2512019
0.0397950,0.2511648
0.0398000,0.3460470
0.0398050,0.3460059
0.0398100,0.3459761
0.0398150,0.3459569
0.0398200,0.3459475
0.0398250,0.3459511
0.0398300,0.3459692
0.0398350,0.3460002
0.0398400,0.3460438
0.0398450,0.3461012
0.0398500,0.3461731
0.0398550,0.3462581
0.0398600,0.3463531
0.0398650,0.3464576
0.0398700,0.3465716
0.0398750,0.3466923
0.0398800,0.3468140
0.0398850,0.3469326
0.0398900,0.3470459
0.0398950,0.3471526
0.0399000,0.2511764
0.0399050,0.2511581
0.0399100,0.2511490
0.0399150,0.2511488
0.0399200,0.2511572
0.0399250,0.2511761
0.0399300,0.2512056
0.0399350,0.2512422
0.0399400,0.2512814
0.0399450,0.2513209
0.0399500,0.2513555
0.0399550,0.2513814
0.0399600,0.2513944
0.0399650,0.2513935
0.0399700,0.2513774
0.0399750,0.2513464
0.0399800,0.2513042
0.0399850,0.2512550
0.0399900,0.2512016
0.0399950,0.2511465
0.0400000,0.4833822
0.0400050,0.4833777
0.0400100,0.4833858
0.0400150,0.4834042
0.0400200,0.4834314
0.0400250,0.4834677
0.0400300,0.4835126
0.0400350,0.4835647
0.0400400,0.4836246
0.0400450,0.4836940
0.0400500,0.4837726
0.0400550,0.4838587
0.0400600,0.4839521
0.0400650,0.4840535
0.0400700,0.4841627
0.0400750,0.4842769
0.0400800,0.4843923
0.0400850,0.4845076
0.0400900,0.4846221
0.0400950,0.4847346
0.0401000,0.3453871
0.0401050,0.3454340
0.0401100,0.3454774
0.0401150,0.3455186
0.0401200,0.3455579
0.0401250,0.3455924
0.0401300,0.3456151
0.0401350,0.3456167
0.0401400,0.3455925
0.0401450,0.3455449
0.0401500,0.3454794
0.0401550,0.3454026
0.0401600,0.3453188
0.0401650,0.3452319
0.0401700,0.3451481
0.0401750,0.3450755
0.0401800,0.3450191
0.0401850,0.3449843
0.0401900,0.3449753
0.0401950,0.3449910
0.0402000,0.5398247
0.0402050,0.5398071
0.0402100,0.5397990
0.0402150,0.5397981
0.0402200,0.5398011
0.0402250,0.5398058
0.0402300,0.5398117
0.0402350,0.5398200
0.0402400,0.5398316
0.0402450,0.5398501
0.0402500,0.5398791
0.0402550,0.5399205
0.0402600,0.5399744
0.0402650,0.5400426
0.0402700,0.5401241
0.0402750,0.5402146
0.0402800,0.5403102
0.0402850,0.5404100
0.0402900,0.5405111
0.0402950,0.5406086
0.0403000,0.5395974
0.0403050,0.5396841
0.0403100,0.5397723
0.0403150,0.5398608
0.0403200,0.5399484
0.0403250,0.5400347
0.0403300,0.5401168
0.0403350,0.5401901
0.0403400,0.5402504
0.0403450,0.5402989
0.0403500,0.5403376
0.0403550,0.5403682
0.0403600,0.5403924
0.0403650,0.5404136
0.0403700,0.5404332
0.0403750,0.5404501
0.0403800,0.5404640
0.0403850,0.5404784
0.0403900,0.5404941
0.0403950,0.5405064
0.0404000,0.4846483
0.0404050,0.4846141
0.0404100,0.4845730
0.0404150,0.4845268
0.0404200,0.4844774
0.0404250,0.4844288
0.0404300,0.4843817
0.0404350,0.4843355
0.0404400,0.4842899
0.0404450,0.4842453
0.0404500,0.4842014
0.0404550,0.4841586
0.0404600,0.4841198
0.0404650,0.4840869
0.0404700,0.4840604
0.0404750,0.4840407
0.0404800,0.4840297
0.0404850,0.4840307
0.0404900,0.4840468
0.0404950,0.4840792
0.0405000,0.4824639
0.0405050,0.4824978
0.0405100,0.4825431
0.0405150,0.4825938
0.0405200,0.4826469
0.0405250,0.4826998
0.0405300,0.4827487
0.0405350,0.4827899
0.0405400,0.4828258
0.0405450,0.4828616
0.0405500,0.4828996
0.0405550,0.4829387
0.0405600,0.4829801
0.0405650,0.4830247
0.0405700,0.4830697
0.0405750,0.4831092
0.0405800,0.4831402
0.0405850,0.4831622
0.0405900,0.4831738
0.0405950,0.4831749
0.0406000,0.4185715
0.0406050,0.4185074
0.0406100,0.4184446
0.0406150,0.4183843
0.0406200,0.4183288
0.0406250,0.4182823
0.0406300,0.4182505
0.0406350,0.4182393
0.0406400,0.4182508
0.0406450,0.4182847
0.0406500,0.4183397
0.0406550,0.4184152
0.0406600,0.4185081
0.0406650,0.4186159
0.0406700,0.4187371
0.0406750,0.4188705
0.0406800,0.4190141
0.0406850,0.4191663
0.0406900,0.4193258
0.0406950,0.4194917
0.0407000,0.5392248
0.0407050,0.5393925
0.0407100,0.5395748
0.0407150,0.5397676
0.0407200,0.5399643
0.0407250,0.5401570
0.0407300,0.5403376
0.0407350,0.5404979
0.0407400,0.5406333
0.0407450,0.5407453
0.0407500,0.5408358
0.0407550,0.5409059
0.0407600,0.5409582
0.0407650,0.5409959
0.0407700,0.5410225
0.0407750,0.5410412
0.0407800,0.5410557
0.0407850,0.5410708
0.0407900,0.5410914
0.0407950,0.5411210
0.0408000,0.4833783
0.0408050,0.4834491
0.0408100,0.4835385
0.0408150,0.4836430
0.0408200,0.4837564
0.0408250,0.4838728
0.0408300,0.4839871
0.0408350,0.4840964
0.0408400,0.4841959
0.0408450,0.4842811
0.0408500,0.4843503
0.0408550,0.4844058
0.0408600,0.4844476
0.0408650,0.4844772
0.0408700,0.4844982
0.0408750,0.4845128
0.0408800,0.4845207
0.0408850,0.4845237
0.0408900,0.4845252
0.0408950,0.4845313
0.0409000,0.2486585
0.0409050,0.2485984
0.0409100,0.2485572
0.0409150,0.2485365
0.0409200,0.2485326
0.0409250,0.2485448
0.0409300,0.2485726
0.0409350,0.2486165
0.0409400,0.2486759
0.0409450,0.2487514
0.0409500,0.2488429
0.0409550,0.2489474
0.0409600,0.2490561
0.0409650,0.2491584
0.0409700,0.2492457
0.0409750,0.2493141
0.0409800,0.2493628
0.0409850,0.2493942
0.0409900,0.2494130
0.0409950,0.2494222
0.0410000,0.2494237
0.0410050,0.2494194
0.0410100,0.2494109
0.0410150,0.2494016
0.0410200,0.2493951
0.0410250,0.2493937
0.0410300,0.2494017
0.0410350,0.2494231
0.0410400,0.2494565
0.0410450,0.2494983
0.0410500,0.2495490
0.0410550,0.2496070
0.0410600,0.2496711
0.0410650,0.2497410
0.0410700,0.2498154
0.0410750,0.2498951
0.0410800,0.2499828
0.0410850,0.2500760
0.0410900,0.2501697
0.0410950,0.2502642
0.0411000,0.3470164
0.0411050,0.3470656
0.0411100,0.3471243
0.0411150,0.3471928
0.0411200,0.3472685
0.0411250,0.3473460
0.0411300,0.3474197
0.0411350,0.3474884
0.0411400,0.3475479
0.0411450,0.3475904
0.0411500,0.3476123
0.0411550,0.3476195
0.0411600,0.3476168
0.0411650,0.3476062
0.0411700,0.3475909
0.0411750,0.3475780
0.0411800,0.3475696
0.0411850,0.3475633
0.0411900,0.3475556
0.0411950,0.3475484
0.0412000,0.2512947
0.0412050,0.2512799
0.0412100,0.2512670
0.0412150,0.2512589
0.0412200,0.2512553
0.0412250,0.2512537
0.0412300,0.2512519
0.0412350,0.2512535
0.0412400,0.2512582
0.0412450,0.2512662
0.0412500,0.2512790
0.0412550,0.2513034
0.0412600,0.2513405
0.0412650,0.2513900
0.0412700,0.2514499
0.0412750,0.2515214
0.0412800,0.2515983
0.0412850,0.2516735
0.0412900,0.2517415
0.0412950,0.2518049
0.0413000,0.3467273
0.0413050,0.3467022
0.0413100,0.3466811
0.0413150,0.3466705
0.0413200,0.3466684
0.0413250,0.3466713
0.0413300,0.3466775
0.0413350,0.3466893
0.0413400,0.3467040
0.0413450,0.3467192
0.0413500,0.3467313
0.0413550,0.3467389
0.0413600,0.3467411
0.0413650,0.3467394
0.0413700,0.3467352
0.0413750,0.3467298
0.0413800,0.3467238
0.0413850,0.3467202
0.0413900,0.3467216
0.0413950,0.3467304
0.0414000,0.4196435
0.0414050,0.4196605
0.0414100,0.4196829
0.0414150,0.4197106
0.0414200,0.4197405
0.0414250,0.4197719
0.0414300,0.4198034
0.0414350,0.4198323
0.0414400,0.4198568
0.0414450,0.4198799
0.0414500,0.4199046
0.0414550,0.4199328
0.0414600,0.4199643
0.0414650,0.4199987
0.0414700,0.4200361
0.0414750,0.4200754
0.0414800,0.4201140
0.0414850,0.4201528
0.0414900,0.4201945
0.0414950,0.4202408
0.0415000,0.5391269
0.0415050,0.5391695
0.0415100,0.5392157
0.0415150,0.5392630
0.0415200,0.5393059
0.0415250,0.5393402
0.0415300,0.5393626
0.0415350,0.5393694
0.0415400,0.5393607
0.0415450,0.5393399
0.0415500,0.5393121
0.0415550,0.5392811
0.0415600,0.5392471
0.0415650,0.5392105
0.0415700,0.5391739
0.0415750,0.5391380
0.0415800,0.5391041
0.0415850,0.5390754
0.0415900,0.5390545
0.0415950,0.5390405
0.0416000,0.5891927
0.0416050,0.5891773
0.0416100,0.5891666
0.0416150,0.5891569
0.0416200,0.5891447
0.0416250,0.5891290
0.0416300,0.5891119
0.0416350,0.5890947
0.0416400,0.5890781
0.0416450,0.5890652
0.0416500,0.5890589
0.0416550,0.5890603
0.0416600,0.5890711
0.0416650,0.5890932
0.0416700,0.5891270
0.0416750,0.5891722
0.0416800,0.5892263
0.0416850,0.5892865
0.0416900,0.5893501
0.0416950,0.5894121
0.0417000,0.5397442
0.0417050,0.5397430
0.0417100,0.5397500
0.0417150,0.5397624
0.0417200,0.5397788
0.0417250,0.5398008
0.0417300,0.5398314
0.0417350,0.5398715
0.0417400,0.5399179
0.0417450,0.5399652
0.0417500,0.5400107
0.0417550,0.5400512
0.0417600,0.5400851
0.0417650,0.5401146
0.0417700,0.5401439
0.0417750,0.5401776
0.0417800,0.5402189
0.0417850,0.5402713
0.0417900,0.5403366
0.0417950,0.5404144
0.0418000,0.4838590
0.0418050,0.4839624
0.0418100,0.4840712
0.0418150,0.4841816
0.0418200,0.4842901
0.0418250,0.4843945
0.0418300,0.4844928
0.0418350,0.4845837
0.0418400,0.4846668
0.0418450,0.4847427
0.0418500,0.4848122
0.0418550,0.4848745
0.0418600,0.4849301
0.0418650,0.4849807
0.0418700,0.4850300
0.0418750,0.4850801
0.0418800,0.4851316
0.0418850,0.4851840
0.0418900,0.4852371
0.0418950,0.4852889
0.0419000,0.4216525
0.0419050,0.4216559
0.0419100,0.4216690
0.0419150,0.4216932
0.0419200,0.4217290
0.0419250,0.4217757
0.0419300,0.4218313
0.0419350,0.4218918
0.0419400,0.4219519
0.0419450,0.4220076
0.0419500,0.4220605
0.0419550,0.4221121
0.0419600,0.4221617
0.0419650,0.4222052
0.0419700,0.4222397
0.0419750,0.4222642
0.0419800,0.4222800
0.0419850,0.4222905
0.0419900,0.4223006
0.0419950,0.4223140
0.0420000,0.4194891
0.0420050,0.4194060
0.0420100,0.4193381
0.0420150,0.4192849
0.0420200,0.4192446
0.0420250,0.4192146
0.0420300,0.4191964
0.0420350,0.4191916
0.0420400,0.4191999
0.0420450,0.4192186
0.0420500,0.4192466
0.0420550,0.4192836
0.0420600,0.4193294
0.0420650,0.4193823
0.0420700,0.4194413
0.0420750,0.4195053
0.0420800,0.4195698
0.0420850,0.4196292
0.0420900,0.4196831
0.0420950,0.4197348
0.0421000,0.4197905
0.0421050,0.4198548
0.0421100,0.4199330
0.0421150,0.4200273
0.0421200,0.4201364
0.0421250,0.4202560
0.0421300,0.4203815
0.0421350,0.4205094
0.0421400,0.4206371
0.0421450,0.4207634
0.0421500,0.4208876
0.0421550,0.4210092
0.0421600,0.4211258
0.0421650,0.4212327
0.0421700,0.4213247
0.0421750,0.4213988
0.0421800,0.4214552
0.0421850,0.4214952
0.0421900,0.4215206
0.0421950,0.4215339
0.0422000,0.2511963
0.0422050,0.2512215
0.0422100,0.2512497
0.0422150,0.2512825
0.0422200,0.2513196
0.0422250,0.2513635
0.0422300,0.2514116
0.0422350,0.2514608
0.0422400,0.2515075
0.0422450,0.2515514
0.0422500,0.2515930
0.0422550,0.2516337
0.0422600,0.2516729
0.0422650,0.2517118
0.0422700,0.2517508
0.0422750,0.2517916
0.0422800,0.2518311
0.0422850,0.2518670
0.0422900,0.2518975
0.0422950,0.2519220
0.0423000,0.4212307
0.0423050,0.4211378
0.0423100,0.4210483
0.0423150,0.4209689
0.0423200,0.4209025
0.0423250,0.4208471
0.0423300,0.4208011
0.0423350,0.4207642
0.0423400,0.4207345
0.0423450,0.4207118
0.0423500,0.4206991
0.0423550,0.4206995
0.0423600,0.4207115
0.0423650,0.4207311
0.0423700,0.4207553
0.0423750,0.4207826
0.0423800,0.4208089
0.0423850,0.4208297
0.0423900,0.4208448
0.0423950,0.4208583
0.0424000,0.4839910
0.0424050,0.4840345
0.0424100,0.4840800
0.0424150,0.4841264
0.0424200,0.4841730
0.0424250,0.4842210
0.0424300,0.4842744
0.0424350,0.4843352
0.0424400,0.4844028
0.0424450,0.4844779
0.0424500,0.4845626
0.0424550,0.4846580
0.0424600,0.4847635
0.0424650,0.4848767
0.0424700,0.4849956
0.0424750,0.4851167
0.0424800,0.4852363
0.0424850,0.4853538
0.0424900,0.4854704
0.0424950,0.4855843
0.0425000,0.5401958
0.0425050,0.5401509
0.0425100,0.5401169
0.0425150,0.5400943
0.0425200,0.5400830
0.0425250,0.5400828
0.0425300,0.5400929
0.0425350,0.5401099
0.0425400,0.5401293
0.0425450,0.5401474
0.0425500,0.5401632
0.0425550,0.5401766
0.0425600,0.5401874
0.0425650,0.5401967
0.0425700,0.5402064
0.0425750,0.5402185
0.0425800,0.5402352
0.0425850,0.5402570
0.0425900,0.5402835
0.0425950,0.5403145
0.0426000,0.4839269
0.0426050,0.4839498
0.0426100,0.4839792
0.0426150,0.4840139
0.0426200,0.4840556
0.0426250,0.4841080
0.0426300,0.4841724
0.0426350,0.4842475
0.0426400,0.4843341
0.0426450,0.4844324
0.0426500,0.4845384
0.0426550,0.4846453
0.0426600,0.4847480
0.0426650,0.4848431
0.0426700,0.4849273
0.0426750,0.4849960
0.0426800,0.4850475
0.0426850,0.4850832
0.0426900,0.4851033
0.0426950,0.4851082
0.0427000,0.3470772
0.0427050,0.3470384
0.0427100,0.3469960
0.0427150,0.3469553
0.0427200,0.3469223
0.0427250,0.3469013
0.0427300,0.3468925
0.0427350,0.3468933
0.0427400,0.3469024
0.0427450,0.3469198
0.0427500,0.3469429
0.0427550,0.3469701
0.0427600,0.3470000
0.0427650,0.3470317
0.0427700,0.3470646
0.0427750,0.3470989
0.0427800,0.3471358
0.0427850,0.3471744
0.0427900,0.3472127
0.0427950,0.3472489
0.0428000,0.2511202
0.0428050,0.2510935
0.0428100,0.2510747
0.0428150,0.2510614
0.0428200,0.2510529
0.0428250,0.2510476
0.0428300,0.2510426
0.0428350,0.2510339
0.0428400,0.2510202
0.0428450,0.2510017
0.0428500,0.2509779
0.0428550,0.2509496
0.0428600,0.2509241
0.0428650,0.2509062
0.0428700,0.2508973
0.0428750,0.2508957
0.0428800,0.2509037
0.0428850,0.2509201
0.0428900,0.2509408
0.0428950,0.2509604
0.0429000,0.3469983
0.0429050,0.3469785
0.0429100,0.3469525
0.0429150,0.3469162
0.0429200,0.3468736
0.0429250,0.3468287
0.0429300,0.3467835
0.0429350,0.3467385
0.0429400,0.3466953
0.0429450,0.3466530
0.0429500,0.3466099
0.0429550,0.3465651
0.0429600,0.3465204
0.0429650,0.3464762
0.0429700,0.3464318
0.0429750,0.3463856
0.0429800,0.3463377
0.0429850,0.3462887
0.0429900,0.3462387
0.0429950,0.3461893
0.0430000,0.3461445
0.0430050,0.3461079
0.0430100,0.3460822
0.0430150,0.3460681
0.0430200,0.3460655
0.0430250,0.3460742
0.0430300,0.3460939
0.0430350,0.3461262
0.0430400,0.3461729
0.0430450,0.3462340
0.0430500,0.3463071
0.0430550,0.3463919
0.0430600,0.3464894
0.0430650,0.3465985
0.0430700,0.3467150
0.0430750,0.3468310
0.0430800,0.3469415
0.0430850,0.3470451
0.0430900,0.3471380
0.0430950,0.3472171
0.0431000,0.4837211
0.0431050,0.4837194
0.0431100,0.4837158
0.0431150,0.4837124
0.0431200,0.4837124
0.0431250,0.4837184
0.0431300,0.4837295
0.0431350,0.4837452
0.0431400,0.4837661
0.0431450,0.4837928
0.0431500,0.4838206
0.0431550,0.4838426
0.0431600,0.4838514
0.0431650,0.4838419
0.0431700,0.4838095
0.0431750,0.4837523
0.0431800,0.4836738
0.0431850,0.4835814
0.0431900,0.4834818
0.0431950,0.4833827
0.0432000,0.4189574
0.0432050,0.4188889
0.0432100,0.4188322
0.0432150,0.4187897
0.0432200,0.4187620
0.0432250,0.4187463
0.0432300,0.4187416
0.0432350,0.4187488
0.0432400,0.4187687
0.0432450,0.4188026
0.0432500,0.4188523
0.0432550,0.4189187
0.0432600,0.4189988
0.0432650,0.4190879
0.0432700,0.4191827
0.0432750,0.4192818
0.0432800,0.4193829
0.0432850,0.4194832
0.0432900,0.4195808
0.0432950,0.4196736
0.0433000,0.4212343
0.0433050,0.4213051
0.0433100,0.4213719
0.0433150,0.4214341
0.0433200,0.4214921
0.0433250,0.4215466
0.0433300,0.4215966
0.0433350,0.4216415
0.0433400,0.4216798
0.0433450,0.4217101
0.0433500,0.4217321
0.0433550,0.4217478
0.0433600,0.4217565
0.0433650,0.4217562
0.0433700,0.4217474
0.0433750,0.4217307
0.0433800,0.4217045
0.0433850,0.4216669
0.0433900,0.4216172
0.0433950,0.4215564
0.0434000,0.4842781
0.0434050,0.4841619
0.0434100,0.4840511
0.0434150,0.4839499
0.0434200,0.4838605
0.0434250,0.4837847
0.0434300,0.4837255
0.0434350,0.4836849
0.0434400,0.4836623
0.0434450,0.4836561
0.0434500,0.4836664
0.0434550,0.4836947
0.0434600,0.4837390
0.0434650,0.4837945
0.0434700,0.4838580
0.0434750,0.4839282
0.0434800,0.4840049
0.0434850,0.4840865
0.0434900,0.4841721
0.0434950,0.4842625
0.0435000,0.4829956
0.0435050,0.4830879
0.0435100,0.4831897
0.0435150,0.4833001
0.0435200,0.4834169
0.0435250,0.4835373
0.0435300,0.4836598
0.0435350,0.4837848
0.0435400,0.4839124
0.0435450,0.4840452
0.0435500,0.4841873
0.0435550,0.4843424
0.0435600,0.4845086
0.0435650,0.4846786
0.0435700,0.4848437
0.0435750,0.4849963
0.0435800,0.4851264
0.0435850,0.4852246
0.0435900,0.4852878
0.0435950,0.4853203
0.0436000,0.2507841
0.0436050,0.2508537
0.0436100,0.2509060
0.0436150,0.2509410
0.0436200,0.2509601
0.0436250,0.2509664
0.0436300,0.2509669
0.0436350,0.2509736
0.0436400,0.2509948
0.0436450,0.2510317
0.0436500,0.2510794
0.0436550,0.2511377
0.0436600,0.2512073
0.0436650,0.2512850
0.0436700,0.2513681
0.0436750,0.2514563
0.0436800,0.2515479
0.0436850,0.2516383
0.0436900,0.2517225
0.0436950,0.2517996
0.0437000,0.4214238
0.0437050,0.4214896
0.0437100,0.4215653
0.0437150,0.4216487
0.0437200,0.4217396
0.0437250,0.4218366
0.0437300,0.4219361
0.0437350,0.4220354
0.0437400,0.4221360
0.0437450,0.4222383
0.0437500,0.4223416
0.0437550,0.4224462
0.0437600,0.4225561
0.0437650,0.4226727
0.0437700,0.4227932
0.0437750,0.4229134
0.0437800,0.4230310
0.0437850,0.4231405
0.0437900,0.4232355
0.0437950,0.4233111
0.0438000,0.4845025
0.0438050,0.4844808
0.0438100,0.4844722
0.0438150,0.4844704
0.0438200,0.4844747
0.0438250,0.4844861
0.0438300,0.4845065
0.0438350,0.4845375
0.0438400,0.4845837
0.0438450,0.4846482
0.0438500,0.4847289
0.0438550,0.4848200
0.0438600,0.4849198
0.0438650,0.4850286
0.0438700,0.4851444
0.0438750,0.4852630
0.0438800,0.4853832
0.0438850,0.4855049
0.0438900,0.4856269
0.0438950,0.4857459
0.0439000,0.4211381
0.0439050,0.4211694
0.0439100,0.4212047
0.0439150,0.4212408
0.0439200,0.4212784
0.0439250,0.4213196
0.0439300,0.4213636
0.0439350,0.4214080
0.0439400,0.4214528
0.0439450,0.4214978
0.0439500,0.4215404
0.0439550,0.4215780
0.0439600,0.4216103
0.0439650,0.4216400
0.0439700,0.4216684
0.0439750,0.4216953
0.0439800,0.4217206
0.0439850,0.4217448
0.0439900,0.4217659
0.0439950,0.4217820
0.0440000,0.4839199
0.0440050,0.4838972
0.0440100,0.4838760
0.0440150,0.4838562
0.0440200,0.4838376
0.0440250,0.4838214
0.0440300,0.4838084
0.0440350,0.4837999
0.0440400,0.4837964
0.0440450,0.4838000
0.0440500,0.4838112
0.0440550,0.4838297
0.0440600,0.4838548
0.0440650,0.4838860
0.0440700,0.4839204
0.0440750,0.4839538
0.0440800,0.4839807
0.0440850,0.4839999
0.0440900,0.4840128
0.0440950,0.4840206
0.0441000,0.4204795
0.0441050,0.4204142
0.0441100,0.4203476
0.0441150,0.4202823
0.0441200,0.4202196
0.0441250,0.4201610
0.0441300,0.4201053
0.0441350,0.4200504
0.0441400,0.4199961
0.0441450,0.4199456
0.0441500,0.4199022
0.0441550,0.4198677
0.0441600,0.4198444
0.0441650,0.4198344
0.0441700,0.4198367
0.0441750,0.4198491
0.0441800,0.4198698
0.0441850,0.4198998
0.0441900,0.4199424
0.0441950,0.4199998
0.0442000,0.4204412
0.0442050,0.4205089
0.0442100,0.4205802
0.0442150,0.4206508
0.0442200,0.4207200
0.0442250,0.4207897
0.0442300,0.4208606
0.0442350,0.4209328
0.0442400,0.4210059
0.0442450,0.4210812
0.0442500,0.4211569
0.0442550,0.4212302
0.0442600,0.4212994
0.0442650,0.4213663
0.0442700,0.4214330
0.0442750,0.4215008
0.0442800,0.4215692
0.0442850,0.4216388
0.0442900,0.4217074
0.0442950,0.4217754
0.0443000,0.4211368
0.0443050,0.4211997
0.0443100,0.4212663
0.0443150,0.4213347
0.0443200,0.4214012
0.0443250,0.4214638
0.0443300,0.4215208
0.0443350,0.4215748
0.0443400,0.4216260
0.0443450,0.4216741
0.0443500,0.4217181
0.0443550,0.4217578
0.0443600,0.4217950
0.0443650,0.4218337
0.0443700,0.4218770
0.0443750,0.4219270
0.0443800,0.4219802
0.0443850,0.4220320
0.0443900,0.4220751
0.0443950,0.4221009
0.0444000,0.4826633
0.0444050,0.4826637
0.0444100,0.4826702
0.0444150,0.4826847
0.0444200,0.4827054
0.0444250,0.4827303
0.0444300,0.4827581
0.0444350,0.4827874
0.0444400,0.4828150
0.0444450,0.4828385
0.0444500,0.4828582
0.0444550,0.4828745
0.0444600,0.4828909
0.0444650,0.4829080
0.0444700,0.4829261
0.0444750,0.4829432
0.0444800,0.4829578
0.0444850,0.4829699
0.0444900,0.4829810
0.0444950,0.4829925
0.0445000,0.5400337
0.0445050,0.5400264
0.0445100,0.5400221
0.0445150,0.5400194
0.0445200,0.5400154
0.0445250,0.5400052
0.0445300,0.5399855
0.0445350,0.5399550
0.0445400,0.5399154
0.0445450,0.5398708
0.0445500,0.5398252
0.0445550,0.5397817
0.0445600,0.5397430
0.0445650,0.5397134
0.0445700,0.5396989
0.0445750,0.5396995
0.0445800,0.5397118
0.0445850,0.5397342
0.0445900,0.5397662
0.0445950,0.5398054
0.0446000,0.4824103
0.0446050,0.4824984
0.0446100,0.4825990
0.0446150,0.4827044
0.0446200,0.4828094
0.0446250,0.4829152
0.0446300,0.4830229
0.0446350,0.4831296
0.0446400,0.4832338
0.0446450,0.4833365
0.0446500,0.4834366
0.0446550,0.4835304
0.0446600,0.4836149
0.0446650,0.4836916
0.0446700,0.4837615
0.0446750,0.4838257
0.0446800,0.4838882
0.0446850,0.4839540
0.0446900,0.4840239
0.0446950,0.4840982
0.0447000,0.4838553
0.0447050,0.4839002
0.0447100,0.4839573
0.0447150,0.4840233
0.0447200,0.4840964
0.0447250,0.4841749
0.0447300,0.4842556
0.0447350,0.4843348
0.0447400,0.4844110
0.0447450,0.4844845
0.0447500,0.4845531
0.0447550,0.4846141
0.0447600,0.4846671
0.0447650,0.4847129
0.0447700,0.4847500
0.0447750,0.4847771
0.0447800,0.4847965
0.0447850,0.4848116
0.0447900,0.4848252
0.0447950,0.4848381
0.0448000,0.4210579
0.0448050,0.4210855
0.0448100,0.4211216
0.0448150,0.4211665
0.0448200,0.4212216
0.0448250,0.4212856
0.0448300,0.4213528
0.0448350,0.4214178
0.0448400,0.4214802
0.0448450,0.4215402
0.0448500,0.4215948
0.0448550,0.4216411
0.0448600,0.4216784
0.0448650,0.4217079
0.0448700,0.4217315
0.0448750,0.4217523
0.0448800,0.4217757
0.0448850,0.4218041
0.0448900,0.4218370
0.0448950,0.4218726
0.0449000,0.3469920
0.0449050,0.3470654
0.0449100,0.3471387
0.0449150,0.3472087
0.0449200,0.3472741
0.0449250,0.3473329
0.0449300,0.3473840
0.0449350,0.3474251
0.0449400,0.3474568
0.0449450,0.3474794
0.0449500,0.3474940
0.0449550,0.3475025
0.0449600,0.3475066
0.0449650,0.3475046
0.0449700,0.3474980
0.0449750,0.3474873
0.0449800,0.3474728
0.0449850,0.3474504
0.0449900,0.3474173
0.0449950,0.3473720
0.0450000,0.0757310
0.0450050,0.0756537
0.0450100,0.0755820
0.0450150,0.0755103
0.0450200,0.0754466
0.0450250,0.0753919
0.0450300,0.0753445
0.0450350,0.0752953
0.0450400,0.0752463
0.0450450,0.0752013
0.0450500,0.0751679
0.0450550,0.0751442
0.0450600,0.0751322
0.0450650,0.0751295
0.0450700,0.0751342
0.0450750,0.0751420
0.0450800,0.0751561
0.0450850,0.0751754
0.0450900,0.0751996
0.0450950,0.0752324
0.0451000,0.3456772
0.0451050,0.3456528
0.0451100,0.3456412
0.0451150,0.3456455
0.0451200,0.3456696
0.0451250,0.3457135
0.0451300,0.3457772
0.0451350,0.3458598
0.0451400,0.3459586
0.0451450,0.3460680
0.0451500,0.3461830
0.0451550,0.3463014
0.0451600,0.3464207
0.0451650,0.3465367
0.0451700,0.3466470
0.0451750,0.3467515
0.0451800,0.3468495
0.0451850,0.3469353
0.0451900,0.3470062
0.0451950,0.3470619
0.0452000,0.3458560
0.0452050,0.3458533
0.0452100,0.3458420
0.0452150,0.3458247
0.0452200,0.3458044
0.0452250,0.3457818
0.0452300,0.3457604
0.0452350,0.3457464
0.0452400,0.3457454
0.0452450,0.3457588
0.0452500,0.3457872
0.0452550,0.3458286
0.0452600,0.3458787
0.0452650,0.3459320
0.0452700,0.3459836
0.0452750,0.3460286
0.0452800,0.3460641
0.0452850,0.3460888
0.0452900,0.3461046
0.0452950,0.3461148
0.0453000,0.4829517
0.0453050,0.4829406
0.0453100,0.4829324
0.0453150,0.4829293
0.0453200,0.4829300
0.0453250,0.4829320
0.0453300,0.4829337
0.0453350,0.4829356
0.0453400,0.4829410
0.0453450,0.4829524
0.0453500,0.4829716
0.0453550,0.4829989
0.0453600,0.4830363
0.0453650,0.4830845
0.0453700,0.4831424
0.0453750,0.4832074
0.0453800,0.4832765
0.0453850,0.4833461
0.0453900,0.4834152
0.0453950,0.4834834
0.0454000,0.3454313
0.0454050,0.3454279
0.0454100,0.3454364
0.0454150,0.3454547
0.0454200,0.3454801
0.0454250,0.3455110
0.0454300,0.3455489
0.0454350,0.3455934
0.0454400,0.3456439
0.0454450,0.3456979
0.0454500,0.3457536
0.0454550,0.3458081
0.0454600,0.3458599
0.0454650,0.3459063
0.0454700,0.3459471
0.0454750,0.3459825
0.0454800,0.3460126
0.0454850,0.3460364
0.0454900,0.3460553
0.0454950,0.3460679
0.0455000,0.4204335
0.0455050,0.4204375
0.0455100,0.4204450
0.0455150,0.4204578
0.0455200,0.4204773
0.0455250,0.4205032
0.0455300,0.4205357
0.0455350,0.4205749
0.0455400,0.4206193
0.0455450,0.4206669
0.0455500,0.4207194
0.0455550,0.4207783
0.0455600,0.4208435
0.0455650,0.4209140
0.0455700,0.4209905
0.0455750,0.4210738
0.0455800,0.4211615
0.0455850,0.4212484
0.0455900,0.4213302
0.0455950,0.4214050
0.0456000,0.5404603
0.0456050,0.5405236
0.0456100,0.5405958
0.0456150,0.5406715
0.0456200,0.5407454
0.0456250,0.5408158
0.0456300,0.5408817
0.0456350,0.5409438
0.0456400,0.5410042
0.0456450,0.5410666
0.0456500,0.5411333
0.0456550,0.5412025
0.0456600,0.5412729
0.0456650,0.5413420
0.0456700,0.5414078
0.0456750,0.5414692
0.0456800,0.5415254
0.0456850,0.5415756
0.0456900,0.5416197
0.0456950,0.5416570
0.0457000,0.4222126
0.0457050,0.4222212
0.0457100,0.4222286
0.0457150,0.4222298
0.0457200,0.4222215
0.0457250,0.4222042
0.0457300,0.4221816
0.0457350,0.4221559
0.0457400,0.4221274
0.0457450,0.4220995
0.0457500,0.4220765
0.0457550,0.4220594
0.0457600,0.4220467
0.0457650,0.4220362
0.0457700,0.4220263
0.0457750,0.4220146
0.0457800,0.4219996
0.0457850,0.4219831
0.0457900,0.4219698
0.0457950,0.4219650
0.0458000,0.4848174
0.0458050,0.4847975
0.0458100,0.4847893
0.0458150,0.4847925
0.0458200,0.4848060
0.0458250,0.4848295
0.0458300,0.4848640
0.0458350,0.4849109
0.0458400,0.4849694
0.0458450,0.4850401
0.0458500,0.4851236
0.0458550,0.4852189
0.0458600,0.4853226
0.0458650,0.4854333
0.0458700,0.4855501
0.0458750,0.4856686
0.0458800,0.4857830
0.0458850,0.4858903
0.0458900,0.4859869
0.0458950,0.4860695
0.0459000,0.2509526
0.0459050,0.2509348
0.0459100,0.2509151
0.0459150,0.2508996
0.0459200,0.2508895
0.0459250,0.2508880
0.0459300,0.2508966
0.0459350,0.2509135
0.0459400,0.2509347
0.0459450,0.2509591
0.0459500,0.2509852
0.0459550,0.2510095
0.0459600,0.2510275
0.0459650,0.2510425
0.0459700,0.2510615
0.0459750,0.2510870
0.0459800,0.2511162
0.0459850,0.2511492
0.0459900,0.2511870
0.0459950,0.2512304
0.0460000,0.4223594
0.0460050,0.4223877
0.0460100,0.4224315
0.0460150,0.4224907
0.0460200,0.4225622
0.0460250,0.4226457
0.0460300,0.4227413
0.0460350,0.4228490
0.0460400,0.4229658
0.0460450,0.4230888
0.0460500,0.4232149
0.0460550,0.4233413
0.0460600,0.4234636
0.0460650,0.4235791
0.0460700,0.4236849
0.0460750,0.4237776
0.0460800,0.4238557
0.0460850,0.4239214
0.0460900,0.4239763
0.0460950,0.4240218
0.0461000,0.3462134
0.0461050,0.3461303
0.0461100,0.3460476
0.0461150,0.3459646
0.0461200,0.3458833
0.0461250,0.3458075
0.0461300,0.3457370
0.0461350,0.3456712
0.0461400,0.3456133
0.0461450,0.3455718
0.0461500,0.3455502
0.0461550,0.3455445
0.0461600,0.3455510
0.0461650,0.3455712
0.0461700,0.3456044
0.0461750,0.3456495
0.0461800,0.3457095
0.0461850,0.3457898
0.0461900,0.3458895
0.0461950,0.3460039
0.0462000,0.4207245
0.0462050,0.4208285
0.0462100,0.4209381
0.0462150,0.4210473
0.0462200,0.4211527
0.0462250,0.4212570
0.0462300,0.4213612
0.0462350,0.4214625
0.0462400,0.4215615
0.0462450,0.4216638
0.0462500,0.4217707
0.0462550,0.4218786
0.0462600,0.4219855
0.0462650,0.4220962
0.0462700,0.4222130
0.0462750,0.4223319
0.0462800,0.4224483
0.0462850,0.4225618
0.0462900,0.4226717
0.0462950,0.4227755
0.0463000,0.3483710
0.0463050,0.3484608
0.0463100,0.3485431
0.0463150,0.3486180
0.0463200,0.3486875
0.0463250,0.3487573
0.0463300,0.3488314
0.0463350,0.3489057
0.0463400,0.3489778
0.0463450,0.3490497
0.0463500,0.3491202
0.0463550,0.3491825
0.0463600,0.3492305
0.0463650,0.3492639
0.0463700,0.3492835
0.0463750,0.3492875
0.0463800,0.3492750
0.0463850,0.3492501
0.0463900,0.3492189
0.0463950,0.3491801
0.0464000,0.2517279
0.0464050,0.2517580
0.0464100,0.2517881
0.0464150,0.2518128
0.0464200,0.2518267
0.0464250,0.2518301
0.0464300,0.2518291
0.0464350,0.2518254
0.0464400,0.2518209
0.0464450,0.2518196
0.0464500,0.2518269
0.0464550,0.2518389
0.0464600,0.2518473
0.0464650,0.2518473
0.0464700,0.2518401
0.0464750,0.2518195
0.0464800,0.2517814
0.0464850,0.2517308
0.0464900,0.2516799
0.0464950,0.2516337
0.0465000,0.4837963
0.0465050,0.4837559
0.0465100,0.4837315
0.0465150,0.4837196
0.0465200,0.4837147
0.0465250,0.4837147
0.0465300,0.4837217
0.0465350,0.4837342
0.0465400,0.4837487
0.0465450,0.4837632
0.0465500,0.4837813
0.0465550,0.4838049
0.0465600,0.4838333
0.0465650,0.4838671
0.0465700,0.4839080
0.0465750,0.4839565
0.0465800,0.4840106
0.0465850,0.4840689
0.0465900,0.4841326
0.0465950,0.4841994
0.0466000,0.4215788
0.0466050,0.4215533
0.0466100,0.4215267
0.0466150,0.4214984
0.0466200,0.4214674
0.0466250,0.4214347
0.0466300,0.4214032
0.0466350,0.4213751
0.0466400,0.4213504
0.0466450,0.4213288
0.0466500,0.4213116
0.0466550,0.4213001
0.0466600,0.4212947
0.0466650,0.4212936
0.0466700,0.4212944
0.0466750,0.4212953
0.0466800,0.4212928
0.0466850,0.4212840
0.0466900,0.4212706
0.0466950,0.4212564
0.0467000,0.5402818
0.0467050,0.5403177
0.0467100,0.5403580
0.0467150,0.5404032
0.0467200,0.5404512
0.0467250,0.5404994
0.0467300,0.5405485
0.0467350,0.5405994
0.0467400,0.5406511
0.0467450,0.5407028
0.0467500,0.5407554
0.0467550,0.5408109
0.0467600,0.5408707
0.0467650,0.5409355
0.0467700,0.5410086
0.0467750,0.5410926
0.0467800,0.5411883
0.0467850,0.5412932
0.0467900,0.5414065
0.0467950,0.5415266
0.0468000,0.4849741
0.0468050,0.4850176
0.0468100,0.4850557
0.0468150,0.4850846
0.0468200,0.4851004
0.0468250,0.4850990
0.0468300,0.4850784
0.0468350,0.4850391
0.0468400,0.4849838
0.0468450,0.4849163
0.0468500,0.4848434
0.0468550,0.4847713
0.0468600,0.4847038
0.0468650,0.4846428
0.0468700,0.4845918
0.0468750,0.4845545
0.0468800,0.4845314
0.0468850,0.4845199
0.0468900,0.4845182
0.0468950,0.4845267
0.0469000,0.5398526
0.0469050,0.5398693
0.0469100,0.5398896
0.0469150,0.5399142
0.0469200,0.5399432
0.0469250,0.5399747
0.0469300,0.5400085
0.0469350,0.5400450
0.0469400,0.5400831
0.0469450,0.5401184
0.0469500,0.5401484
0.0469550,0.5401734
0.0469600,0.5401938
0.0469650,0.5402076
0.0469700,0.5402144
0.0469750,0.5402155
0.0469800,0.5402125
0.0469850,0.5402053
0.0469900,0.5401962
0.0469950,0.5401893
0.0470000,0.5905288
0.0470050,0.5905385
0.0470100,0.5905692
0.0470150,0.5906200
0.0470200,0.5906887
0.0470250,0.5907703
0.0470300,0.5908616
0.0470350,0.5909600
0.0470400,0.5910620
0.0470450,0.5911628
0.0470500,0.5912593
0.0470550,0.5913489
0.0470600,0.5914317
0.0470650,0.5915075
0.0470700,0.5915766
0.0470750,0.5916395
0.0470800,0.5916965
0.0470850,0.5917454
0.0470900,0.5917860
0.0470950,0.5918205
0.0471000,0.4837883
0.0471050,0.4838256
0.0471100,0.4838710
0.0471150,0.4839214
0.0471200,0.4839753
0.0471250,0.4840298
0.0471300,0.4840815
0.0471350,0.4841278
0.0471400,0.4841699
0.0471450,0.4842095
0.0471500,0.4842480
0.0471550,0.4842834
0.0471600,0.4843153
0.0471650,0.4843409
0.0471700,0.4843585
0.0471750,0.4843657
0.0471800,0.4843636
0.0471850,0.4843522
0.0471900,0.4843343
0.0471950,0.4843155
0.0472000,0.4219189
0.0472050,0.4219408
0.0472100,0.4219771
0.0472150,0.4220282
0.0472200,0.4220955
0.0472250,0.4221748
0.0472300,0.4222603
0.0472350,0.4223486
0.0472400,0.4224411
0.0472450,0.4225359
0.0472500,0.4226300
0.0472550,0.4227215
0.0472600,0.4228124
0.0472650,0.4229011
0.0472700,0.4229861
0.0472750,0.4230669
0.0472800,0.4231449
0.0472850,0.4232189
0.0472900,0.4232873
0.0472950,0.4233501
0.0473000,0.3461025
0.0473050,0.3460948
0.0473100,0.3460987
0.0473150,0.3461129
0.0473200,0.3461350
0.0473250,0.3461665
0.0473300,0.3462129
0.0473350,0.3462760
0.0473400,0.3463513
0.0473450,0.3464360
0.0473500,0.3465294
0.0473550,0.3466304
0.0473600,0.3467372
0.0473650,0.3468474
0.0473700,0.3469594
0.0473750,0.3470704
0.0473800,0.3471758
0.0473850,0.3472739
0.0473900,0.3473638
0.0473950,0.3474394
0.0474000,0.0799514
0.0474050,0.0799429
0.0474100,0.0799384
0.0474150,0.0799427
0.0474200,0.0799552
0.0474250,0.0799783
0.0474300,0.0800094
0.0474350,0.0800406
0.0474400,0.0800653
0.0474450,0.0800840
0.0474500,0.0800965
0.0474550,0.0801016
0.0474600,0.0800998
0.0474650,0.0800926
0.0474700,0.0800829
0.0474750,0.0800699
0.0474800,0.0800487
0.0474850,0.0800166
0.0474900,0.0799780
0.0474950,0.0799415
0.0475000,0.4206081
0.0475050,0.4204983
0.0475100,0.4203962
0.0475150,0.4202972
0.0475200,0.4201983
0.0475250,0.4201023
0.0475300,0.4200123
0.0475350,0.4199292
0.0475400,0.4198544
0.0475450,0.4197907
0.0475500,0.4197386
0.0475550,0.4196968
0.0475600,0.4196647
0.0475650,0.4196436
0.0475700,0.4196328
0.0475750,0.4196294
0.0475800,0.4196309
0.0475850,0.4196364
0.0475900,0.4196434
0.0475950,0.4196489
0.0476000,0.4190233
0.0476050,0.4190106
0.0476100,0.4190047
0.0476150,0.4190057
0.0476200,0.4190146
0.0476250,0.4190315
0.0476300,0.4190550
0.0476350,0.4190849
0.0476400,0.4191211
0.0476450,0.4191621
0.0476500,0.4192058
0.0476550,0.4192520
0.0476600,0.4193006
0.0476650,0.4193499
0.0476700,0.4193997
0.0476750,0.4194530
0.0476800,0.4195129
0.0476850,0.4195803
0.0476900,0.4196544
0.0476950,0.4197354
0.0477000,0.3446582
0.0477050,0.3447420
0.0477100,0.3448280
0.0477150,0.3449176
0.0477200,0.3450123
0.0477250,0.3451095
0.0477300,0.3452052
0.0477350,0.3453001
0.0477400,0.3453956
0.0477450,0.3454899
0.0477500,0.3455829
0.0477550,0.3456788
0.0477600,0.3457804
0.0477650,0.3458848
0.0477700,0.3459864
0.0477750,0.3460806
0.0477800,0.3461637
0.0477850,0.3462292
0.0477900,0.3462740
0.0477950,0.3463020
0.0478000,0.2511052
0.0478050,0.2510726
0.0478100,0.2510410
0.0478150,0.2510151
0.0478200,0.2509966
0.0478250,0.2509851
0.0478300,0.2509828
0.0478350,0.2509939
0.0478400,0.2510197
0.0478450,0.2510557
0.0478500,0.2510998
0.0478550,0.2511523
0.0478600,0.2512111
0.0478650,0.2512713
0.0478700,0.2513338
0.0478750,0.2514020
0.0478800,0.2514786
0.0478850,0.2515624
0.0478900,0.2516540
0.0478950,0.2517558
0.0479000,0.4210868
0.0479050,0.4210989
0.0479100,0.4211146
0.0479150,0.4211345
0.0479200,0.4211597
0.0479250,0.4211874
0.0479300,0.4212168
0.0479350,0.4212513
0.0479400,0.4212933
0.0479450,0.4213409
0.0479500,0.4213928
0.0479550,0.4214499
0.0479600,0.4215126
0.0479650,0.4215784
0.0479700,0.4216466
0.0479750,0.4217188
0.0479800,0.4217982
0.0479850,0.4218831
0.0479900,0.4219708
0.0479950,0.4220602
0.0480000,0.4840918
0.0480050,0.4841985
0.0480100,0.4843084
0.0480150,0.4844174
0.0480200,0.4845269
0.0480250,0.4846386
0.0480300,0.4847540
0.0480350,0.4848760
0.0480400,0.4850076
0.0480450,0.4851450
0.0480500,0.4852820
0.0480550,0.4854144
0.0480600,0.4855414
0.0480650,0.4856595
0.0480700,0.4857649
0.0480750,0.4858562
0.0480800,0.4859345
0.0480850,0.4859985
0.0480900,0.4860470
0.0480950,0.4860795
0.0481000,0.5399982
0.0481050,0.5399770
0.0481100,0.5399667
0.0481150,0.5399661
0.0481200,0.5399753
0.0481250,0.5399927
0.0481300,0.5400182
0.0481350,0.5400536
0.0481400,0.5401006
0.0481450,0.5401572
0.0481500,0.5402196
0.0481550,0.5402853
0.0481600,0.5403525
0.0481650,0.5404184
0.0481700,0.5404822
0.0481750,0.5405430
0.0481800,0.5406001
0.0481850,0.5406499
0.0481900,0.5406881
0.0481950,0.5407140
0.0482000,0.4851948
0.0482050,0.4852260
0.0482100,0.4852606
0.0482150,0.4853018
0.0482200,0.4853539
0.0482250,0.4854177
0.0482300,0.4854922
0.0482350,0.4855764
0.0482400,0.4856693
0.0482450,0.4857689
0.0482500,0.4858708
0.0482550,0.4859734
0.0482600,0.4860765
0.0482650,0.4861777
0.0482700,0.4862744
0.0482750,0.4863665
0.0482800,0.4864526
0.0482850,0.4865284
0.0482900,0.4865893
0.0482950,0.4866344
0.0483000,0.4832387
0.0483050,0.4832976
0.0483100,0.4833839
0.0483150,0.4834924
0.0483200,0.4836158
0.0483250,0.4837471
0.0483300,0.4838792
0.0483350,0.4840066
0.0483400,0.4841253
0.0483450,0.4842329
0.0483500,0.4843286
0.0483550,0.4844139
0.0483600,0.4844918
0.0483650,0.4845656
0.0483700,0.4846372
0.0483750,0.4847081
0.0483800,0.4847789
0.0483850,0.4848478
0.0483900,0.4849126
0.0483950,0.4849728
0.0484000,0.3463816
0.0484050,0.3463990
0.0484100,0.3464255
0.0484150,0.3464607
0.0484200,0.3465054
0.0484250,0.3465595
0.0484300,0.3466217
0.0484350,0.3466917
0.0484400,0.3467692
0.0484450,0.3468528
0.0484500,0.3469410
0.0484550,0.3470315
0.0484600,0.3471219
0.0484650,0.3472105
0.0484700,0.3472952
0.0484750,0.3473773
0.0484800,0.3474601
0.0484850,0.3475461
0.0484900,0.3476345
0.0484950,0.3477226
0.0485000,0.3477121
0.0485050,0.3476773
0.0485100,0.3476496
0.0485150,0.3476304
0.0485200,0.3476171
0.0485250,0.3476084
0.0485300,0.3476038
0.0485350,0.3476011
0.0485400,0.3475972
0.0485450,0.3475909
0.0485500,0.3475838
0.0485550,0.3475793
0.0485600,0.3475804
0.0485650,0.3475904
0.0485700,0.3476110
0.0485750,0.3476407
0.0485800,0.3476782
0.0485850,0.3477245
0.0485900,0.3477804
0.0485950,0.3478457
0.0486000,0.4813819
0.0486050,0.4814340
0.0486100,0.4814908
0.0486150,0.4815497
0.0486200,0.4816084
0.0486250,0.4816658
0.0486300,0.4817190
0.0486350,0.4817650
0.0486400,0.4818007
0.0486450,0.4818258
0.0486500,0.4818402
0.0486550,0.4818451
0.0486600,0.4818442
0.0486650,0.4818398
0.0486700,0.4818342
0.0486750,0.4818289
0.0486800,0.4818257
0.0486850,0.4818265
0.0486900,0.4818315
0.0486950,0.4818371
0.0487000,0.4202125
0.0487050,0.4201929
0.0487100,0.4201808
0.0487150,0.4201700
0.0487200,0.4201584
0.0487250,0.4201470
0.0487300,0.4201371
0.0487350,0.4201284
0.0487400,0.4201229
0.0487450,0.4201246
0.0487500,0.4201339
0.0487550,0.4201482
0.0487600,0.4201655
0.0487650,0.4201871
0.0487700,0.4202127
0.0487750,0.4202397
0.0487800,0.4202698
0.0487850,0.4203062
0.0487900,0.4203491
0.0487950,0.4203972
0.0488000,0.4821681
0.0488050,0.4821883
0.0488100,0.4822329
0.0488150,0.4822980
0.0488200,0.4823769
0.0488250,0.4824641
0.0488300,0.4825545
0.0488350,0.4826410
0.0488400,0.4827198
0.0488450,0.4827937
0.0488500,0.4828664
0.0488550,0.4829407
0.0488600,0.4830203
0.0488650,0.4831092
0.0488700,0.4832083
0.0488750,0.4833131
0.0488800,0.4834215
0.0488850,0.4835340
0.0488900,0.4836505
0.0488950,0.4837666
0.0489000,0.2518368
0.0489050,0.2518221
0.0489100,0.2518218
0.0489150,0.2518281
0.0489200,0.2518385
0.0489250,0.2518589
0.0489300,0.2518916
0.0489350,0.2519306
0.0489400,0.2519743
0.0489450,0.2520282
0.0489500,0.2520931
0.0489550,0.2521581
0.0489600,0.2522155
0.0489650,0.2522678
0.0489700,0.2523150
0.0489750,0.2523476
0.0489800,0.2523626
0.0489850,0.2523652
0.0489900,0.2523599
0.0489950,0.2523458
0.0490000,0.3462388
0.0490050,0.3462924
0.0490100,0.3463604
0.0490150,0.3464366
0.0490200,0.3465178
0.0490250,0.3466045
0.0490300,0.3466957
0.0490350,0.3467852
0.0490400,0.3468718
0.0490450,0.3469575
0.0490500,0.3470443
0.0490550,0.3471283
0.0490600,0.3472068
0.0490650,0.3472822
0.0490700,0.3473547
0.0490750,0.3474206
0.0490800,0.3474780
0.0490850,0.3475268
0.0490900,0.3475679
0.0490950,0.3476000
0.0491000,0.2516604
0.0491050,0.2516818
0.0491100,0.2517085
0.0491150,0.2517386
0.0491200,0.2517713
0.0491250,0.2518065
0.0491300,0.2518434
0.0491350,0.2518798
0.0491400,0.2519139
0.0491450,0.2519430
0.0491500,0.2519635
0.0491550,0.2519753
0.0491600,0.2519774
0.0491650,0.2519685
0.0491700,0.2519475
0.0491750,0.2519155
0.0491800,0.2518755
0.0491850,0.2518335
0.0491900,0.2517931
0.0491950,0.2517572
0.0492000,0.4845445
0.0492050,0.4845348
0.0492100,0.4845467
0.0492150,0.4845819
0.0492200,0.4846388
0.0492250,0.4847146
0.0492300,0.4848072
0.0492350,0.4849155
0.0492400,0.4850384
0.0492450,0.4851728
0.0492500,0.4853164
0.0492550,0.4854679
0.0492600,0.4856227
0.0492650,0.4857746
0.0492700,0.4859181
0.0492750,0.4860526
0.0492800,0.4861779
0.0492850,0.4862928
0.0492900,0.4863952
0.0492950,0.4864837
0.0493000,0.4171901
0.0493050,0.4171865
0.0493100,0.4171949
0.0493150,0.4172179
0.0493200,0.4172567
0.0493250,0.4173109
0.0493300,0.4173779
0.0493350,0.4174561
0.0493400,0.4175420
0.0493450,0.4176327
0.0493500,0.4177267
0.0493550,0.4178257
0.0493600,0.4179289
0.0493650,0.4180345
0.0493700,0.4181389
0.0493750,0.4182395
0.0493800,0.4183319
0.0493850,0.4184144
0.0493900,0.4184876
0.0493950,0.4185545
0.0494000,0.2523890
0.0494050,0.2523597
0.0494100,0.2523375
0.0494150,0.2523249
0.0494200,0.2523194
0.0494250,0.2523195
0.0494300,0.2523250
0.0494350,0.2523364
0.0494400,0.2523505
0.0494450,0.2523641
0.0494500,0.2523757
0.0494550,0.2523835
0.0494600,0.2523860
0.0494650,0.2523837
0.0494700,0.2523782
0.0494750,0.2523687
0.0494800,0.2523542
0.0494850,0.2523375
0.0494900,0.2523232
0.0494950,0.2523115
0.0495000,0.3475732
0.0495050,0.3475503
0.0495100,0.3475377
0.0495150,0.3475346
0.0495200,0.3475401
0.0495250,0.3475559
0.0495300,0.3475833
0.0495350,0.3476217
0.0495400,0.3476702
0.0495450,0.3477292
0.0495500,0.3477997
0.0495550,0.3478786
0.0495600,0.3479650
0.0495650,0.3480600
0.0495700,0.3481613
0.0495750,0.3482620
0.0495800,0.3483565
0.0495850,0.3484431
0.0495900,0.3485224
0.0495950,0.3485930
0.0496000,0.0803706
0.0496050,0.0803442
0.0496100,0.0803219
0.0496150,0.0802955
0.0496200,0.0802604
0.0496250,0.0802261
0.0496300,0.0802003
0.0496350,0.0801731
0.0496400,0.0801358
0.0496450,0.0800975
0.0496500,0.0800719
0.0496550,0.0800581
0.0496600,0.0800485
0.0496650,0.0800463
0.0496700,0.0800587
0.0496750,0.0800849
0.0496800,0.0801181
0.0496850,0.0801602
0.0496900,0.0802092
0.0496950,0.0802494
0.0497000,0.2525905
0.0497050,0.2525644
0.0497100,0.2525452
0.0497150,0.2525305
0.0497200,0.2525163
0.0497250,0.2525055
0.0497300,0.2525015
0.0497350,0.2525043
0.0497400,0.2525105
0.0497450,0.2525189
0.0497500,0.2525286
0.0497550,0.2525390
0.0497600,0.2525506
0.0497650,0.2525647
0.0497700,0.2525801
0.0497750,0.2525946
0.0497800,0.2526042
0.0497850,0.2526089
0.0497900,0.2526054
0.0497950,0.2525921
0.0498000,0.3483746
0.0498050,0.3483392
0.0498100,0.3483065
0.0498150,0.3482783
0.0498200,0.3482545
0.0498250,0.3482379
0.0498300,0.3482307
0.0498350,0.3482320
0.0498400,0.3482390
0.0498450,0.3482546
0.0498500,0.3482836
0.0498550,0.3483259
0.0498600,0.3483784
0.0498650,0.3484413
0.0498700,0.3485157
0.0498750,0.3486019
0.0498800,0.3486984
0.0498850,0.3488030
0.0498900,0.3489107
0.0498950,0.3490149
0.0499000,0.4217294
0.0499050,0.4217766
0.0499100,0.4218164
0.0499150,0.4218464
0.0499200,0.4218645
0.0499250,0.4218732
0.0499300,0.4218760
0.0499350,0.4218735
0.0499400,0.4218648
0.0499450,0.4218506
0.0499500,0.4218306
0.0499550,0.4218015
0.0499600,0.4217625
0.0499650,0.4217183
0.0499700,0.4216734
0.0499750,0.4216295
0.0499800,0.4215883
0.0499850,0.4215535
0.0499900,0.4215254
0.0499950,0.4215022
0.0500000,0.4207700
