Time (ns),Water after lsq fit to Water
0.0000000,0.0000000
0.0000050,0.0054959
0.0000100,0.0105255
0.0000150,0.0150379
0.0000200,0.0193216
0.0000250,0.0234805
0.0000300,0.0273333
0.0000350,0.0307935
0.0000400,0.0340093
0.0000450,0.0371359
0.0000500,0.0401618
0.0000550,0.0430482
0.0000600,0.0458722
0.0000650,0.0487194
0.0000700,0.0515351
0.0000750,0.0542283
0.0000800,0.0568339
0.0000850,0.0594243
0.0000900,0.0619696
0.0000950,0.0644138
0.0001000,0.3426398
0.0001050,0.3431390
0.0001100,0.3436541
0.0001150,0.3441720
0.0001200,0.3446957
0.0001250,0.3452341
0.0001300,0.3457804
0.0001350,0.3463239
0.0001400,0.3468684
0.0001450,0.3474219
0.0001500,0.3479782
0.0001550,0.3485328
0.0001600,0.3490946
0.0001650,0.3496689
0.0001700,0.3502450
0.0001750,0.3508131
0.0001800,0.3513772
0.0001850,0.3519444
0.0001900,0.3525097
0.0001950,0.3530669
0.0002000,0.6380098
0.0002050,0.6382359
0.0002100,0.6384687
0.0002150,0.6387046
0.0002200,0.6389445
0.0002250,0.6391883
0.0002300,0.6394297
0.0002350,0.6396618
0.0002400,0.6398857
0.0002450,0.6401045
0.0002500,0.6403176
0.0002550,0.6405251
0.0002600,0.6407348
0.0002650,0.6409486
0.0002700,0.6411575
0.0002750,0.6413542
0.0002800,0.6415432
0.0002850,0.6417286
0.0002900,0.6419074
0.0002950,0.6420817
0.0003000,0.6835804
0.0003050,0.6837346
0.0003100,0.6839022
0.0003150,0.6840809
0.0003200,0.6842728
0.0003250,0.6844795
0.0003300,0.6847024
0.0003350,0.6849431
0.0003400,0.6852048
0.0003450,0.6854888
0.0003500,0.6857904
0.0003550,0.6861020
0.0003600,0.6864162
0.0003650,0.6867281
0.0003700,0.6870330
0.0003750,0.6873287
0.0003800,0.6876189
0.0003850,0.6879103
0.0003900,0.6882048
0.0003950,0.6885025
0.0004000,0.7992887
0.0004050,0.7995094
0.0004100,0.7997383
0.0004150,0.7999674
0.0004200,0.8001939
0.0004250,0.8004212
0.0004300,0.8006477
0.0004350,0.8008687
0.0004400,0.8010858
0.0004450,0.8013040
0.0004500,0.8015247
0.0004550,0.8017475
0.0004600,0.8019770
0.0004650,0.8022231
0.0004700,0.8024905
0.0004750,0.8027738
0.0004800,0.8030647
0.0004850,0.8033583
0.0004900,0.8036517
0.0004950,0.8039411
0.0005000,0.7689701
0.0005050,0.7692289
0.0005100,0.7694974
0.0005150,0.7697737
0.0005200,0.7700564
0.0005250,0.7703470
0.0005300,0.7706446
0.0005350,0.7709465
0.0005400,0.7712515
0.0005450,0.7715602
0.0005500,0.7718710
0.0005550,0.7721785
0.0005600,0.7724814
0.0005650,0.7727817
0.0005700,0.7730754
0.0005750,0.7733581
0.0005800,0.7736309
0.0005850,0.7738967
0.0005900,0.7741538
0.0005950,0.7743986
0.0006000,0.8737015
0.0006050,0.8738676
0.0006100,0.8740378
0.0006150,0.8742139
0.0006200,0.8743988
0.0006250,0.8745966
0.0006300,0.8748072
0.0006350,0.8750260
0.0006400,0.8752498
0.0006450,0.8754795
0.0006500,0.8757150
0.0006550,0.8759527
0.0006600,0.8761901
0.0006650,0.8764298
0.0006700,0.8766738
0.0006750,0.8769220
0.0006800,0.8771744
0.0006850,0.8774319
0.0006900,0.8776932
0.0006950,0.8779566
0.0007000,0.7750383
0.0007050,0.7752271
0.0007100,0.7754264
0.0007150,0.7756312
0.0007200,0.7758364
0.0007250,0.7760391
0.0007300,0.7762345
0.0007350,0.7764208
0.0007400,0.7766033
0.0007450,0.7767892
0.0007500,0.7769824
0.0007550,0.7771848
0.0007600,0.7773996
0.0007650,0.7776267
0.0007700,0.7778594
0.0007750,0.7780865
0.0007800,0.7783013
0.0007850,0.7785057
0.0007900,0.7787045
0.0007950,0.7788983
0.0008000,0.7790885
0.0008050,0.7792791
0.0008100,0.7794748
0.0008150,0.7796768
0.0008200,0.7798828
0.0008250,0.7800907
0.0008300,0.7803004
0.0008350,0.7805116
0.0008400,0.7807224
0.0008450,0.7809315
0.0008500,0.7811382
0.0008550,0.7813416
0.0008600,0.7815428
0.0008650,0.7817414
0.0008700,0.7819361
0.0008750,0.7821292
0.0008800,0.7823225
0.0008850,0.7825145
0.0008900,0.7827024
0.0008950,0.7828830
0.0009000,0.9437424
0.0009050,0.9438501
0.0009100,0.9439618
0.0009150,0.9440824
0.0009200,0.9442209
0.0009250,0.9443903
0.0009300,0.9445936
0.0009350,0.9448220
0.0009400,0.9450688
0.0009450,0.9453298
0.0009500,0.9455969
0.0009550,0.9458580
0.0009600,0.9461049
0.0009650,0.9463334
0.0009700,0.9465410
0.0009750,0.9467278
0.0009800,0.9468966
0.0009850,0.9470528
0.0009900,0.9472007
0.0009950,0.9473432
0.0010000,0.9461323
0.0010050,0.9462547
0.0010100,0.9463793
0.0010150,0.9465047
0.0010200,0.9466311
0.0010250,0.9467554
0.0010300,0.9468731
0.0010350,0.9469851
0.0010400,0.9470940
0.0010450,0.9472010
0.0010500,0.9473055
0.0010550,0.9474032
0.0010600,0.9474947
0.0010650,0.9475872
0.0010700,0.9476865
0.0010750,0.9477927
0.0010800,0.9479063
0.0010850,0.9480294
0.0010900,0.9481585
0.0010950,0.9482876
0.0011000,0.9754386
0.0011050,0.9754888
0.0011100,0.9755445
0.0011150,0.9756060
0.0011200,0.9756743
0.0011250,0.9757536
0.0011300,0.9758472
0.0011350,0.9759559
0.0011400,0.9760808
0.0011450,0.9762229
0.0011500,0.9763816
0.0011550,0.9765559
0.0011600,0.9767448
0.0011650,0.9769431
0.0011700,0.9771444
0.0011750,0.9773426
0.0011800,0.9775323
0.0011850,0.9777107
0.0011900,0.9778791
0.0011950,0.9780411
0.0012000,1.0069848
0.0012050,1.0070852
0.0012100,1.0071910
0.0012150,1.0073020
0.0012200,1.0074123
0.0012250,1.0075172
0.0012300,1.0076185
0.0012350,1.0077179
0.0012400,1.0078133
0.0012450,1.0079059
0.0012500,1.0080001
0.0012550,1.0080973
0.0012600,1.0081981
0.0012650,1.0083041
0.0012700,1.0084173
0.0012750,1.0085375
0.0012800,1.0086608
0.0012850,1.0087858
0.0012900,1.0089125
0.0012950,1.0090388
0.0013000,1.0874377
0.0013050,1.0875130
0.0013100,1.0875901
0.0013150,1.0876722
0.0013200,1.0877577
0.0013250,1.0878449
0.0013300,1.0879318
0.0013350,1.0880176
0.0013400,1.0881033
0.0013450,1.0881928
0.0013500,1.0882903
0.0013550,1.0883992
0.0013600,1.0885262
0.0013650,1.0886761
0.0013700,1.0888493
0.0013750,1.0890433
0.0013800,1.0892527
0.0013850,1.0894708
0.0013900,1.0896911
0.0013950,1.0899073
0.0014000,1.0888659
0.0014050,1.0890398
0.0014100,1.0892137
0.0014150,1.0893848
0.0014200,1.0895503
0.0014250,1.0897118
0.0014300,1.0898744
0.0014350,1.0900429
0.0014400,1.0902182
0.0014450,1.0903976
0.0014500,1.0905791
0.0014550,1.0907592
0.0014600,1.0909319
0.0014650,1.0910967
0.0014700,1.0912599
0.0014750,1.0914272
0.0014800,1.0916042
0.0014850,1.0917981
0.0014900,1.0920113
0.0014950,1.0922383
0.0015000,1.0658365
0.0015050,1.0660673
0.0015100,1.0662957
0.0015150,1.0665132
0.0015200,1.0667140
0.0015250,1.0668999
0.0015300,1.0670743
0.0015350,1.0672351
0.0015400,1.0673785
0.0015450,1.0675090
0.0015500,1.0676330
0.0015550,1.0677564
0.0015600,1.0678863
0.0015650,1.0680318
0.0015700,1.0682004
0.0015750,1.0683930
0.0015800,1.0686087
0.0015850,1.0688493
0.0015900,1.0691133
0.0015950,1.0693948
0.0016000,1.0696571
0.0016050,1.0699204
0.0016100,1.0701915
0.0016150,1.0704644
0.0016200,1.0707347
0.0016250,1.0710022
0.0016300,1.0712630
0.0016350,1.0715107
0.0016400,1.0717436
0.0016450,1.0719614
0.0016500,1.0721604
0.0016550,1.0723408
0.0016600,1.0725059
0.0016650,1.0726618
0.0016700,1.0728127
0.0016750,1.0729600
0.0016800,1.0731043
0.0016850,1.0732474
0.0016900,1.0733890
0.0016950,1.0735273
0.0017000,1.0461097
0.0017050,1.0462531
0.0017100,1.0463982
0.0017150,1.0465467
0.0017200,1.0466983
0.0017250,1.0468491
0.0017300,1.0469955
0.0017350,1.0471396
0.0017400,1.0472893
0.0017450,1.0474524
0.0017500,1.0476327
0.0017550,1.0478344
0.0017600,1.0480614
0.0017650,1.0483096
0.0017700,1.0485674
0.0017750,1.0488271
0.0017800,1.0490907
0.0017850,1.0493586
0.0017900,1.0496257
0.0017950,1.0498901
0.0018000,1.1007363
0.0018050,1.1009027
0.0018100,1.1010740
0.0018150,1.1012498
0.0018200,1.1014350
0.0018250,1.1016355
0.0018300,1.1018476
0.0018350,1.1020649
0.0018400,1.1022874
0.0018450,1.1025124
0.0018500,1.1027298
0.0018550,1.1029335
0.0018600,1.1031278
0.0018650,1.1033197
0.0018700,1.1035135
0.0018750,1.1037128
0.0018800,1.1039231
0.0018850,1.1041468
0.0018900,1.1043804
0.0018950,1.1046195
0.0019000,1.0976627
0.0019050,1.0978389
0.0019100,1.0980228
0.0019150,1.0982117
0.0019200,1.0984074
0.0019250,1.0986124
0.0019300,1.0988236
0.0019350,1.0990358
0.0019400,1.0992500
0.0019450,1.0994674
0.0019500,1.0996846
0.0019550,1.0998999
0.0019600,1.1001190
0.0019650,1.1003470
0.0019700,1.1005840
0.0019750,1.1008293
0.0019800,1.1010837
0.0019850,1.1013491
0.0019900,1.1016211
0.0019950,1.1018912
0.0020000,1.0765718
0.0020050,1.0767367
0.0020100,1.0769028
0.0020150,1.0770679
0.0020200,1.0772329
0.0020250,1.0774032
0.0020300,1.0775840
0.0020350,1.0777771
0.0020400,1.0779800
0.0020450,1.0781894
0.0020500,1.0784032
0.0020550,1.0786232
0.0020600,1.0788499
0.0020650,1.0790812
0.0020700,1.0793140
0.0020750,1.0795480
0.0020800,1.0797837
0.0020850,1.0800201
0.0020900,1.0802550
0.0020950,1.0804892
0.0021000,1.1309968
0.0021050,1.1311440
0.0021100,1.1313079
0.0021150,1.1314918
0.0021200,1.1316934
0.0021250,1.1319041
0.0021300,1.1321142
0.0021350,1.1323185
0.0021400,1.1325177
0.0021450,1.1327144
0.0021500,1.1329100
0.0021550,1.1331068
0.0021600,1.1333089
0.0021650,1.1335207
0.0021700,1.1337458
0.0021750,1.1339854
0.0021800,1.1342377
0.0021850,1.1345002
0.0021900,1.1347689
0.0021950,1.1350369
0.0022000,1.1591458
0.0022050,1.1594083
0.0022100,1.1596665
0.0022150,1.1599166
0.0022200,1.1601571
0.0022250,1.1603898
0.0022300,1.1606156
0.0022350,1.1608325
0.0022400,1.1610430
0.0022450,1.1612543
0.0022500,1.1614678
0.0022550,1.1616760
0.0022600,1.1618719
0.0022650,1.1620574
0.0022700,1.1622321
0.0022750,1.1623885
0.0022800,1.1625268
0.0022850,1.1626560
0.0022900,1.1627817
0.0022950,1.1629015
0.0023000,1.2001229
0.0023050,1.2001752
0.0023100,1.2002369
0.0023150,1.2003063
0.0023200,1.2003826
0.0023250,1.2004689
0.0023300,1.2005661
0.0023350,1.2006724
0.0023400,1.2007860
0.0023450,1.2009076
0.0023500,1.2010402
0.0023550,1.2011863
0.0023600,1.2013497
0.0023650,1.2015327
0.0023700,1.2017336
0.0023750,1.2019479
0.0023800,1.2021721
0.0023850,1.2024043
0.0023900,1.2026391
0.0023950,1.2028692
0.0024000,1.2030938
0.0024050,1.2033158
0.0024100,1.2035391
0.0024150,1.2037676
0.0024200,1.2040054
0.0024250,1.2042582
0.0024300,1.2045270
0.0024350,1.2048094
0.0024400,1.2051048
0.0024450,1.2054108
0.0024500,1.2057246
0.0024550,1.2060454
0.0024600,1.2063747
0.0024650,1.2067154
0.0024700,1.2070686
0.0024750,1.2074324
0.0024800,1.2077997
0.0024850,1.2081591
0.0024900,1.2084989
0.0024950,1.2088155
0.0025000,1.1626754
0.0025050,1.1628860
0.0025100,1.1630781
0.0025150,1.1632537
0.0025200,1.1634160
0.0025250,1.1635695
0.0025300,1.1637189
0.0025350,1.1638675
0.0025400,1.1640167
0.0025450,1.1641665
0.0025500,1.1643145
0.0025550,1.1644588
0.0025600,1.1646029
0.0025650,1.1647551
0.0025700,1.1649216
0.0025750,1.1651029
0.0025800,1.1652962
0.0025850,1.1655026
0.0025900,1.1657227
0.0025950,1.1659504
0.0026000,1.1659889
0.0026050,1.1662025
0.0026100,1.1664217
0.0026150,1.1666441
0.0026200,1.1668708
0.0026250,1.1671045
0.0026300,1.1673421
0.0026350,1.1675783
0.0026400,1.1678130
0.0026450,1.1680484
0.0026500,1.1682818
0.0026550,1.1685058
0.0026600,1.1687176
0.0026650,1.1689208
0.0026700,1.1691157
0.0026750,1.1692980
0.0026800,1.1694669
0.0026850,1.1696249
0.0026900,1.1697751
0.0026950,1.1699216
0.0027000,1.1495192
0.0027050,1.1496706
0.0027100,1.1498236
0.0027150,1.1499767
0.0027200,1.1501288
0.0027250,1.1502783
0.0027300,1.1504221
0.0027350,1.1505573
0.0027400,1.1506838
0.0027450,1.1508031
0.0027500,1.1509155
0.0027550,1.1510219
0.0027600,1.1511278
0.0027650,1.1512416
0.0027700,1.1513675
0.0027750,1.1515061
0.0027800,1.1516581
0.0027850,1.1518237
0.0027900,1.1520050
0.0027950,1.1521997
0.0028000,1.1273774
0.0028050,1.1275945
0.0028100,1.1278172
0.0028150,1.1280414
0.0028200,1.1282666
0.0028250,1.1284940
0.0028300,1.1287208
0.0028350,1.1289422
0.0028400,1.1291571
0.0028450,1.1293669
0.0028500,1.1295757
0.0028550,1.1297826
0.0028600,1.1299816
0.0028650,1.1301734
0.0028700,1.1303600
0.0028750,1.1305391
0.0028800,1.1307094
0.0028850,1.1308750
0.0028900,1.1310377
0.0028950,1.1311921
0.0029000,1.1664076
0.0029050,1.1664981
0.0029100,1.1665927
0.0029150,1.1666960
0.0029200,1.1668096
0.0029250,1.1669366
0.0029300,1.1670788
0.0029350,1.1672319
0.0029400,1.1673897
0.0029450,1.1675533
0.0029500,1.1677272
0.0029550,1.1679092
0.0029600,1.1680936
0.0029650,1.1682799
0.0029700,1.1684725
0.0029750,1.1686714
0.0029800,1.1688699
0.0029850,1.1690660
0.0029900,1.1692672
0.0029950,1.1694803
0.0030000,1.2519197
0.0030050,1.2520830
0.0030100,1.2522699
0.0030150,1.2524772
0.0030200,1.2526949
0.0030250,1.2529143
0.0030300,1.2531298
0.0030350,1.2533364
0.0030400,1.2535288
0.0030450,1.2537021
0.0030500,1.2538596
0.0030550,1.2540072
0.0030600,1.2541487
0.0030650,1.2542872
0.0030700,1.2544269
0.0030750,1.2545683
0.0030800,1.2547068
0.0030850,1.2548406
0.0030900,1.2549729
0.0030950,1.2551045
0.0031000,1.2561080
0.0031050,1.2562415
0.0031100,1.2563729
0.0031150,1.2565004
0.0031200,1.2566191
0.0031250,1.2567312
0.0031300,1.2568440
0.0031350,1.2569634
0.0031400,1.2570928
0.0031450,1.2572347
0.0031500,1.2573898
0.0031550,1.2575568
0.0031600,1.2577311
0.0031650,1.2579076
0.0031700,1.2580834
0.0031750,1.2582564
0.0031800,1.2584217
0.0031850,1.2585744
0.0031900,1.2587144
0.0031950,1.2588447
0.0032000,1.2344921
0.0032050,1.2345717
0.0032100,1.2346547
0.0032150,1.2347402
0.0032200,1.2348261
0.0032250,1.2349083
0.0032300,1.2349845
0.0032350,1.2350551
0.0032400,1.2351202
0.0032450,1.2351788
0.0032500,1.2352304
0.0032550,1.2352735
0.0032600,1.2353066
0.0032650,1.2353309
0.0032700,1.2353489
0.0032750,1.2353646
0.0032800,1.2353796
0.0032850,1.2353928
0.0032900,1.2354041
0.0032950,1.2354159
0.0033000,1.2568483
0.0033050,1.2568198
0.0033100,1.2567959
0.0033150,1.2567842
0.0033200,1.2567877
0.0033250,1.2568068
0.0033300,1.2568423
0.0033350,1.2568957
0.0033400,1.2569635
0.0033450,1.2570381
0.0033500,1.2571129
0.0033550,1.2571867
0.0033600,1.2572567
0.0033650,1.2573178
0.0033700,1.2573679
0.0033750,1.2574098
0.0033800,1.2574450
0.0033850,1.2574730
0.0033900,1.2574969
0.0033950,1.2575235
0.0034000,1.2575549
0.0034050,1.2575886
0.0034100,1.2576242
0.0034150,1.2576639
0.0034200,1.2577080
0.0034250,1.2577564
0.0034300,1.2578116
0.0034350,1.2578748
0.0034400,1.2579429
0.0034450,1.2580096
0.0034500,1.2580693
0.0034550,1.2581206
0.0034600,1.2581657
0.0034650,1.2582053
0.0034700,1.2582389
0.0034750,1.2582662
0.0034800,1.2582881
0.0034850,1.2583042
0.0034900,1.2583150
0.0034950,1.2583245
0.0035000,1.3180026
0.0035050,1.3179773
0.0035100,1.3179648
0.0035150,1.3179686
0.0035200,1.3179877
0.0035250,1.3180175
0.0035300,1.3180546
0.0035350,1.3180978
0.0035400,1.3181475
0.0035450,1.3182047
0.0035500,1.3182717
0.0035550,1.3183545
0.0035600,1.3184543
0.0035650,1.3185681
0.0035700,1.3186973
0.0035750,1.3188446
0.0035800,1.3190062
0.0035850,1.3191751
0.0035900,1.3193483
0.0035950,1.3195233
0.0036000,1.3202378
0.0036050,1.3203586
0.0036100,1.3204790
0.0036150,1.3205966
0.0036200,1.3207105
0.0036250,1.3208198
0.0036300,1.3209199
0.0036350,1.3210075
0.0036400,1.3210829
0.0036450,1.3211486
0.0036500,1.3212090
0.0036550,1.3212684
0.0036600,1.3213301
0.0036650,1.3213965
0.0036700,1.3214691
0.0036750,1.3215492
0.0036800,1.3216357
0.0036850,1.3217285
0.0036900,1.3218295
0.0036950,1.3219390
0.0037000,1.3145249
0.0037050,1.3146338
0.0037100,1.3147531
0.0037150,1.3148806
0.0037200,1.3150111
0.0037250,1.3151422
0.0037300,1.3152722
0.0037350,1.3154016
0.0037400,1.3155334
0.0037450,1.3156701
0.0037500,1.3158122
0.0037550,1.3159632
0.0037600,1.3161275
0.0037650,1.3163037
0.0037700,1.3164861
0.0037750,1.3166700
0.0037800,1.3168493
0.0037850,1.3170172
0.0037900,1.3171690
0.0037950,1.3173037
0.0038000,1.3200108
0.0038050,1.3200424
0.0038100,1.3200698
0.0038150,1.3200994
0.0038200,1.3201363
0.0038250,1.3201824
0.0038300,1.3202382
0.0038350,1.3203048
0.0038400,1.3203822
0.0038450,1.3204661
0.0038500,1.3205513
0.0038550,1.3206369
0.0038600,1.3207221
0.0038650,1.3208027
0.0038700,1.3208763
0.0038750,1.3209433
0.0038800,1.3210028
0.0038850,1.3210527
0.0038900,1.3210892
0.0038950,1.3211109
0.0039000,1.3208626
0.0039050,1.3208564
0.0039100,1.3208533
0.0039150,1.3208588
0.0039200,1.3208782
0.0039250,1.3209161
0.0039300,1.3209780
0.0039350,1.3210692
0.0039400,1.3211896
0.0039450,1.3213335
0.0039500,1.3214912
0.0039550,1.3216559
0.0039600,1.3218196
0.0039650,1.3219753
0.0039700,1.3221222
0.0039750,1.3222604
0.0039800,1.3223870
0.0039850,1.3225039
0.0039900,1.3226185
0.0039950,1.3227349
0.0040000,1.4140212
0.0040050,1.4141674
0.0040100,1.4143165
0.0040150,1.4144694
0.0040200,1.4146240
0.0040250,1.4147758
0.0040300,1.4149204
0.0040350,1.4150566
0.0040400,1.4151840
0.0040450,1.4153007
0.0040500,1.4154054
0.0040550,1.4154985
0.0040600,1.4155829
0.0040650,1.4156598
0.0040700,1.4157281
0.0040750,1.4157875
0.0040800,1.4158370
0.0040850,1.4158782
0.0040900,1.4159126
0.0040950,1.4159401
0.0041000,1.3230243
0.0041050,1.3230083
0.0041100,1.3229921
0.0041150,1.3229763
0.0041200,1.3229637
0.0041250,1.3229566
0.0041300,1.3229551
0.0041350,1.3229601
0.0041400,1.3229735
0.0041450,1.3229993
0.0041500,1.3230438
0.0041550,1.3231151
0.0041600,1.3232200
0.0041650,1.3233597
0.0041700,1.3235278
0.0041750,1.3237109
0.0041800,1.3238935
0.0041850,1.3240670
0.0041900,1.3242270
0.0041950,1.3243723
0.0042000,1.3614883
0.0042050,1.3615849
0.0042100,1.3616821
0.0042150,1.3617816
0.0042200,1.3618844
0.0042250,1.3619913
0.0042300,1.3621015
0.0042350,1.3622144
0.0042400,1.3623298
0.0042450,1.3624465
0.0042500,1.3625600
0.0042550,1.3626656
0.0042600,1.3627624
0.0042650,1.3628512
0.0042700,1.3629321
0.0042750,1.3630053
0.0042800,1.3630744
0.0042850,1.3631436
0.0042900,1.3632164
0.0042950,1.3632958
0.0043000,1.3973381
0.0043050,1.3973978
0.0043100,1.3974606
0.0043150,1.3975251
0.0043200,1.3975892
0.0043250,1.3976559
0.0043300,1.3977324
0.0043350,1.3978228
0.0043400,1.3979252
0.0043450,1.3980363
0.0043500,1.3981522
0.0043550,1.3982678
0.0043600,1.3983750
0.0043650,1.3984672
0.0043700,1.3985462
0.0043750,1.3986164
0.0043800,1.3986781
0.0043850,1.3987327
0.0043900,1.3987858
0.0043950,1.3988446
0.0044000,1.4224472
0.0044050,1.4224945
0.0044100,1.4225681
0.0044150,1.4226698
0.0044200,1.4227983
0.0044250,1.4229483
0.0044300,1.4231120
0.0044350,1.4232801
0.0044400,1.4234413
0.0044450,1.4235870
0.0044500,1.4237159
0.0044550,1.4238320
0.0044600,1.4239391
0.0044650,1.4240406
0.0044700,1.4241398
0.0044750,1.4242384
0.0044800,1.4243367
0.0044850,1.4244377
0.0044900,1.4245437
0.0044950,1.4246563
0.0045000,1.4062476
0.0045050,1.4063747
0.0045100,1.4065115
0.0045150,1.4066521
0.0045200,1.4067893
0.0045250,1.4069198
0.0045300,1.4070458
0.0045350,1.4071685
0.0045400,1.4072852
0.0045450,1.4073943
0.0045500,1.4074963
0.0045550,1.4075916
0.0045600,1.4076828
0.0045650,1.4077747
0.0045700,1.4078684
0.0045750,1.4079620
0.0045800,1.4080545
0.0045850,1.4081449
0.0045900,1.4082330
0.0045950,1.4083205
0.0046000,1.4038693
0.0046050,1.4039325
0.0046100,1.4040061
0.0046150,1.4040875
0.0046200,1.4041756
0.0046250,1.4042724
0.0046300,1.4043771
0.0046350,1.4044874
0.0046400,1.4046016
0.0046450,1.4047169
0.0046500,1.4048295
0.0046550,1.4049383
0.0046600,1.4050430
0.0046650,1.4051422
0.0046700,1.4052338
0.0046750,1.4053169
0.0046800,1.4053920
0.0046850,1.4054610
0.0046900,1.4055229
0.0046950,1.4055769
0.0047000,1.3443479
0.0047050,1.3443512
0.0047100,1.3443521
0.0047150,1.3443555
0.0047200,1.3443676
0.0047250,1.3443927
0.0047300,1.3444317
0.0047350,1.3444828
0.0047400,1.3445395
0.0047450,1.3445944
0.0047500,1.3446440
0.0047550,1.3446903
0.0047600,1.3447376
0.0047650,1.3447876
0.0047700,1.3448386
0.0047750,1.3448875
0.0047800,1.3449320
0.0047850,1.3449740
0.0047900,1.3450159
0.0047950,1.3450577
0.0048000,1.3450977
0.0048050,1.3451347
0.0048100,1.3451656
0.0048150,1.3451842
0.0048200,1.3451913
0.0048250,1.3451921
0.0048300,1.3451868
0.0048350,1.3451743
0.0048400,1.3451604
0.0048450,1.3451543
0.0048500,1.3451628
0.0048550,1.3451898
0.0048600,1.3452359
0.0048650,1.3452991
0.0048700,1.3453757
0.0048750,1.3454625
0.0048800,1.3455633
0.0048850,1.3456801
0.0048900,1.3458092
0.0048950,1.3459473
0.0049000,1.3394938
0.0049050,1.3395913
0.0049100,1.3396931
0.0049150,1.3397965
0.0049200,1.3399034
0.0049250,1.3400133
0.0049300,1.3401215
0.0049350,1.3402256
0.0049400,1.3403286
0.0049450,1.3404348
0.0049500,1.3405467
0.0049550,1.3406652
0.0049600,1.3407908
0.0049650,1.3409221
0.0049700,1.3410566
0.0049750,1.3411909
0.0049800,1.3413285
0.0049850,1.3414763
0.0049900,1.3416361
0.0049950,1.3418051
0.0050000,1.3622280
0.0050050,1.3624176
0.0050100,1.3626124
0.0050150,1.3628054
0.0050200,1.3629943
0.0050250,1.3631784
0.0050300,1.3633546
0.0050350,1.3635203
0.0050400,1.3636792
0.0050450,1.3638371
0.0050500,1.3639973
0.0050550,1.3641584
0.0050600,1.3643177
0.0050650,1.3644765
0.0050700,1.3646356
0.0050750,1.3647917
0.0050800,1.3649421
0.0050850,1.3650859
0.0050900,1.3652221
0.0050950,1.3653479
0.0051000,1.3829417
0.0051050,1.3829971
0.0051100,1.3830498
0.0051150,1.3831020
0.0051200,1.3831551
0.0051250,1.3832112
0.0051300,1.3832703
0.0051350,1.3833267
0.0051400,1.3833779
0.0051450,1.3834273
0.0051500,1.3834739
0.0051550,1.3835158
0.0051600,1.3835563
0.0051650,1.3835980
0.0051700,1.3836406
0.0051750,1.3836831
0.0051800,1.3837287
0.0051850,1.3837814
0.0051900,1.3838393
0.0051950,1.3838967
0.0052000,1.4029069
0.0052050,1.4029352
0.0052100,1.4029607
0.0052150,1.4029830
0.0052200,1.4030038
0.0052250,1.4030267
0.0052300,1.4030535
0.0052350,1.4030805
0.0052400,1.4031050
0.0052450,1.4031292
0.0052500,1.4031551
0.0052550,1.4031839
0.0052600,1.4032216
0.0052650,1.4032761
0.0052700,1.4033519
0.0052750,1.4034480
0.0052800,1.4035622
0.0052850,1.4036951
0.0052900,1.4038470
0.0052950,1.4040178
0.0053000,1.4370941
0.0053050,1.4372505
0.0053100,1.4374203
0.0053150,1.4375992
0.0053200,1.4377818
0.0053250,1.4379616
0.0053300,1.4381354
0.0053350,1.4383021
0.0053400,1.4384582
0.0053450,1.4386035
0.0053500,1.4387380
0.0053550,1.4388584
0.0053600,1.4389596
0.0053650,1.4390423
0.0053700,1.4391087
0.0053750,1.4391606
0.0053800,1.4391980
0.0053850,1.4392216
0.0053900,1.4392353
0.0053950,1.4392410
0.0054000,1.4625449
0.0054050,1.4624898
0.0054100,1.4624348
0.0054150,1.4623784
0.0054200,1.4623164
0.0054250,1.4622506
0.0054300,1.4621867
0.0054350,1.4621255
0.0054400,1.4620655
0.0054450,1.4620084
0.0054500,1.4619578
0.0054550,1.4619162
0.0054600,1.4618827
0.0054650,1.4618568
0.0054700,1.4618409
0.0054750,1.4618380
0.0054800,1.4618504
0.0054850,1.4618786
0.0054900,1.4619159
0.0054950,1.4619494
0.0055000,1.4627948
0.0055050,1.4627485
0.0055100,1.4626883
0.0055150,1.4626162
0.0055200,1.4625341
0.0055250,1.4624461
0.0055300,1.4623597
0.0055350,1.4622831
0.0055400,1.4622236
0.0055450,1.4621884
0.0055500,1.4621824
0.0055550,1.4622049
0.0055600,1.4622522
0.0055650,1.4623216
0.0055700,1.4624105
0.0055750,1.4625156
0.0055800,1.4626319
0.0055850,1.4627577
0.0055900,1.4628928
0.0055950,1.4630307
0.0056000,1.4275349
0.0056050,1.4276485
0.0056100,1.4277653
0.0056150,1.4278824
0.0056200,1.4279993
0.0056250,1.4281184
0.0056300,1.4282404
0.0056350,1.4283630
0.0056400,1.4284847
0.0056450,1.4286058
0.0056500,1.4287277
0.0056550,1.4288519
0.0056600,1.4289795
0.0056650,1.4291098
0.0056700,1.4292378
0.0056750,1.4293587
0.0056800,1.4294723
0.0056850,1.4295798
0.0056900,1.4296801
0.0056950,1.4297702
0.0057000,1.4857099
0.0057050,1.4857671
0.0057100,1.4858185
0.0057150,1.4858629
0.0057200,1.4859008
0.0057250,1.4859349
0.0057300,1.4859661
0.0057350,1.4859954
0.0057400,1.4860251
0.0057450,1.4860551
0.0057500,1.4860838
0.0057550,1.4861084
0.0057600,1.4861297
0.0057650,1.4861542
0.0057700,1.4861854
0.0057750,1.4862254
0.0057800,1.4862783
0.0057850,1.4863490
0.0057900,1.4864396
0.0057950,1.4865427
0.0058000,1.4490362
0.0058050,1.4491339
0.0058100,1.4492333
0.0058150,1.4493310
0.0058200,1.4494245
0.0058250,1.4495116
0.0058300,1.4495890
0.0058350,1.4496547
0.0058400,1.4497112
0.0058450,1.4497622
0.0058500,1.4498096
0.0058550,1.4498538
0.0058600,1.4498986
0.0058650,1.4499499
0.0058700,1.4500090
0.0058750,1.4500706
0.0058800,1.4501290
0.0058850,1.4501849
0.0058900,1.4502429
0.0058950,1.4503013
0.0059000,1.4330998
0.0059050,1.4331272
0.0059100,1.4331616
0.0059150,1.4331991
0.0059200,1.4332371
0.0059250,1.4332807
0.0059300,1.4333335
0.0059350,1.4333959
0.0059400,1.4334703
0.0059450,1.4335608
0.0059500,1.4336663
0.0059550,1.4337764
0.0059600,1.4338807
0.0059650,1.4339747
0.0059700,1.4340562
0.0059750,1.4341223
0.0059800,1.4341773
0.0059850,1.4342313
0.0059900,1.4342924
0.0059950,1.4343636
0.0060000,1.4325094
0.0060050,1.4325964
0.0060100,1.4327046
0.0060150,1.4328309
0.0060200,1.4329733
0.0060250,1.4331349
0.0060300,1.4333172
0.0060350,1.4335156
0.0060400,1.4337239
0.0060450,1.4339368
0.0060500,1.4341500
0.0060550,1.4343563
0.0060600,1.4345506
0.0060650,1.4347330
0.0060700,1.4349049
0.0060750,1.4350647
0.0060800,1.4352090
0.0060850,1.4353390
0.0060900,1.4354597
0.0060950,1.4355728
0.0061000,1.4161809
0.0061050,1.4162316
0.0061100,1.4162754
0.0061150,1.4163118
0.0061200,1.4163388
0.0061250,1.4163567
0.0061300,1.4163690
0.0061350,1.4163790
0.0061400,1.4163887
0.0061450,1.4164029
0.0061500,1.4164303
0.0061550,1.4164766
0.0061600,1.4165417
0.0061650,1.4166228
0.0061700,1.4167184
0.0061750,1.4168275
0.0061800,1.4169474
0.0061850,1.4170731
0.0061900,1.4172024
0.0061950,1.4173330
0.0062000,1.4758731
0.0062050,1.4759308
0.0062100,1.4759989
0.0062150,1.4760917
0.0062200,1.4762159
0.0062250,1.4763710
0.0062300,1.4765530
0.0062350,1.4767539
0.0062400,1.4769639
0.0062450,1.4771774
0.0062500,1.4773912
0.0062550,1.4776027
0.0062600,1.4778118
0.0062650,1.4780194
0.0062700,1.4782260
0.0062750,1.4784348
0.0062800,1.4786474
0.0062850,1.4788620
0.0062900,1.4790747
0.0062950,1.4792824
0.0063000,1.5436135
0.0063050,1.5437353
0.0063100,1.5438553
0.0063150,1.5439735
0.0063200,1.5440883
0.0063250,1.5441923
0.0063300,1.5442783
0.0063350,1.5443469
0.0063400,1.5444016
0.0063450,1.5444464
0.0063500,1.5444869
0.0063550,1.5445285
0.0063600,1.5445753
0.0063650,1.5446290
0.0063700,1.5446942
0.0063750,1.5447759
0.0063800,1.5448757
0.0063850,1.5449916
0.0063900,1.5451197
0.0063950,1.5452579
0.0064000,1.4723815
0.0064050,1.4724997
0.0064100,1.4726280
0.0064150,1.4727627
0.0064200,1.4728998
0.0064250,1.4730329
0.0064300,1.4731582
0.0064350,1.4732771
0.0064400,1.4733940
0.0064450,1.4735126
0.0064500,1.4736300
0.0064550,1.4737483
0.0064600,1.4738742
0.0064650,1.4740074
0.0064700,1.4741434
0.0064750,1.4742827
0.0064800,1.4744300
0.0064850,1.4745885
0.0064900,1.4747585
0.0064950,1.4749412
0.0065000,1.5112997
0.0065050,1.5114038
0.0065100,1.5115213
0.0065150,1.5116512
0.0065200,1.5117930
0.0065250,1.5119412
0.0065300,1.5120889
0.0065350,1.5122342
0.0065400,1.5123746
0.0065450,1.5125065
0.0065500,1.5126291
0.0065550,1.5127473
0.0065600,1.5128643
0.0065650,1.5129775
0.0065700,1.5130846
0.0065750,1.5131849
0.0065800,1.5132785
0.0065850,1.5133650
0.0065900,1.5134448
0.0065950,1.5135200
0.0066000,1.5674573
0.0066050,1.5675180
0.0066100,1.5675807
0.0066150,1.5676442
0.0066200,1.5677076
0.0066250,1.5677675
0.0066300,1.5678223
0.0066350,1.5678742
0.0066400,1.5679265
0.0066450,1.5679812
0.0066500,1.5680383
0.0066550,1.5680997
0.0066600,1.5681685
0.0066650,1.5682465
0.0066700,1.5683348
0.0066750,1.5684354
0.0066800,1.5685522
0.0066850,1.5686855
0.0066900,1.5688320
0.0066950,1.5689891
0.0067000,1.5993167
0.0067050,1.5994552
0.0067100,1.5996119
0.0067150,1.5997805
0.0067200,1.5999581
0.0067250,1.6001442
0.0067300,1.6003384
0.0067350,1.6005405
0.0067400,1.6007510
0.0067450,1.6009677
0.0067500,1.6011844
0.0067550,1.6013912
0.0067600,1.6015793
0.0067650,1.6017446
0.0067700,1.6018866
0.0067750,1.6020081
0.0067800,1.6021151
0.0067850,1.6022127
0.0067900,1.6023029
0.0067950,1.6023851
0.0068000,1.5338130
0.0068050,1.5338289
0.0068100,1.5338379
0.0068150,1.5338401
0.0068200,1.5338392
0.0068250,1.5338403
0.0068300,1.5338452
0.0068350,1.5338504
0.0068400,1.5338513
0.0068450,1.5338460
0.0068500,1.5338364
0.0068550,1.5338268
0.0068600,1.5338235
0.0068650,1.5338310
0.0068700,1.5338492
0.0068750,1.5338782
0.0068800,1.5339204
0.0068850,1.5339756
0.0068900,1.5340395
0.0068950,1.5341073
0.0069000,1.5500012
0.0069050,1.5500632
0.0069100,1.5501254
0.0069150,1.5501916
0.0069200,1.5502672
0.0069250,1.5503564
0.0069300,1.5504593
0.0069350,1.5505733
0.0069400,1.5506972
0.0069450,1.5508292
0.0069500,1.5509653
0.0069550,1.5511039
0.0069600,1.5512435
0.0069650,1.5513865
0.0069700,1.5515360
0.0069750,1.5516912
0.0069800,1.5518482
0.0069850,1.5520081
0.0069900,1.5521724
0.0069950,1.5523360
0.0070000,1.6016589
0.0070050,1.6017712
0.0070100,1.6018805
0.0070150,1.6019871
0.0070200,1.6020945
0.0070250,1.6022098
0.0070300,1.6023349
0.0070350,1.6024679
0.0070400,1.6026074
0.0070450,1.6027545
0.0070500,1.6029102
0.0070550,1.6030735
0.0070600,1.6032445
0.0070650,1.6034230
0.0070700,1.6036036
0.0070750,1.6037793
0.0070800,1.6039465
0.0070850,1.6041048
0.0070900,1.6042534
0.0070950,1.6043910
0.0071000,1.5375244
0.0071050,1.5376335
0.0071100,1.5377407
0.0071150,1.5378443
0.0071200,1.5379439
0.0071250,1.5380422
0.0071300,1.5381403
0.0071350,1.5382339
0.0071400,1.5383209
0.0071450,1.5384066
0.0071500,1.5384969
0.0071550,1.5385915
0.0071600,1.5386897
0.0071650,1.5387956
0.0071700,1.5389134
0.0071750,1.5390432
0.0071800,1.5391873
0.0071850,1.5393520
0.0071900,1.5395373
0.0071950,1.5397367
0.0072000,1.6082120
0.0072050,1.6083798
0.0072100,1.6085551
0.0072150,1.6087354
0.0072200,1.6089176
0.0072250,1.6091001
0.0072300,1.6092819
0.0072350,1.6094597
0.0072400,1.6096283
0.0072450,1.6097849
0.0072500,1.6099268
0.0072550,1.6100498
0.0072600,1.6101545
0.0072650,1.6102473
0.0072700,1.6103343
0.0072750,1.6104172
0.0072800,1.6104976
0.0072850,1.6105766
0.0072900,1.6106514
0.0072950,1.6107202
0.0073000,1.5259513
0.0073050,1.5260174
0.0073100,1.5260924
0.0073150,1.5261769
0.0073200,1.5262766
0.0073250,1.5263940
0.0073300,1.5265231
0.0073350,1.5266578
0.0073400,1.5267946
0.0073450,1.5269293
0.0073500,1.5270577
0.0073550,1.5271809
0.0073600,1.5273045
0.0073650,1.5274344
0.0073700,1.5275681
0.0073750,1.5276990
0.0073800,1.5278246
0.0073850,1.5279450
0.0073900,1.5280582
0.0073950,1.5281650
0.0074000,1.5257367
0.0074050,1.5257926
0.0074100,1.5258432
0.0074150,1.5258869
0.0074200,1.5259247
0.0074250,1.5259538
0.0074300,1.5259683
0.0074350,1.5259670
0.0074400,1.5259561
0.0074450,1.5259416
0.0074500,1.5259266
0.0074550,1.5259156
0.0074600,1.5259136
0.0074650,1.5259213
0.0074700,1.5259376
0.0074750,1.5259654
0.0074800,1.5260088
0.0074850,1.5260638
0.0074900,1.5261203
0.0074950,1.5261720
0.0075000,1.5071486
0.0075050,1.5071838
0.0075100,1.5072195
0.0075150,1.5072537
0.0075200,1.5072872
0.0075250,1.5073224
0.0075300,1.5073590
0.0075350,1.5073982
0.0075400,1.5074449
0.0075450,1.5075009
0.0075500,1.5075651
0.0075550,1.5076365
0.0075600,1.5077154
0.0075650,1.5078015
0.0075700,1.5078919
0.0075750,1.5079850
0.0075800,1.5080828
0.0075850,1.5081857
0.0075900,1.5082914
0.0075950,1.5084000
0.0076000,1.5515784
0.0076050,1.5516905
0.0076100,1.5518264
0.0076150,1.5519841
0.0076200,1.5521613
0.0076250,1.5523569
0.0076300,1.5525629
0.0076350,1.5527679
0.0076400,1.5529678
0.0076450,1.5531643
0.0076500,1.5533542
0.0076550,1.5535308
0.0076600,1.5536963
0.0076650,1.5538552
0.0076700,1.5540075
0.0076750,1.5541512
0.0076800,1.5542860
0.0076850,1.5544127
0.0076900,1.5545310
0.0076950,1.5546400
0.0077000,1.5893003
0.0077050,1.5893680
0.0077100,1.5894328
0.0077150,1.5894930
0.0077200,1.5895478
0.0077250,1.5895976
0.0077300,1.5896432
0.0077350,1.5896846
0.0077400,1.5897201
0.0077450,1.5897498
0.0077500,1.5897757
0.0077550,1.5897974
0.0077600,1.5898155
0.0077650,1.5898356
0.0077700,1.5898654
0.0077750,1.5899082
0.0077800,1.5899627
0.0077850,1.5900312
0.0077900,1.5901164
0.0077950,1.5902149
0.0078000,1.6071597
0.0078050,1.6072537
0.0078100,1.6073565
0.0078150,1.6074646
0.0078200,1.6075739
0.0078250,1.6076820
0.0078300,1.6077892
0.0078350,1.6078937
0.0078400,1.6079934
0.0078450,1.6080910
0.0078500,1.6081875
0.0078550,1.6082837
0.0078600,1.6083783
0.0078650,1.6084708
0.0078700,1.6085646
0.0078750,1.6086642
0.0078800,1.6087720
0.0078850,1.6088857
0.0078900,1.6090025
0.0078950,1.6091196
0.0079000,1.6232193
0.0079050,1.6233109
0.0079100,1.6233995
0.0079150,1.6234851
0.0079200,1.6235688
0.0079250,1.6236508
0.0079300,1.6237317
0.0079350,1.6238124
0.0079400,1.6238916
0.0079450,1.6239657
0.0079500,1.6240329
0.0079550,1.6240957
0.0079600,1.6241568
0.0079650,1.6242198
0.0079700,1.6242896
0.0079750,1.6243645
0.0079800,1.6244364
0.0079850,1.6245022
0.0079900,1.6245704
0.0079950,1.6246519
0.0080000,1.6691588
0.0080050,1.6692599
0.0080100,1.6693932
0.0080150,1.6695632
0.0080200,1.6697657
0.0080250,1.6699915
0.0080300,1.6702341
0.0080350,1.6704883
0.0080400,1.6707468
0.0080450,1.6710057
0.0080500,1.6712647
0.0080550,1.6715233
0.0080600,1.6717780
0.0080650,1.6720257
0.0080700,1.6722672
0.0080750,1.6725009
0.0080800,1.6727218
0.0080850,1.6729294
0.0080900,1.6731286
0.0080950,1.6733212
0.0081000,1.6747641
0.0081050,1.6749280
0.0081100,1.6750910
0.0081150,1.6752555
0.0081200,1.6754228
0.0081250,1.6755936
0.0081300,1.6757710
0.0081350,1.6759566
0.0081400,1.6761495
0.0081450,1.6763518
0.0081500,1.6765655
0.0081550,1.6767885
0.0081600,1.6770180
0.0081650,1.6772535
0.0081700,1.6774943
0.0081750,1.6777372
0.0081800,1.6779800
0.0081850,1.6782288
0.0081900,1.6784908
0.0081950,1.6787650
0.0082000,1.6619707
0.0082050,1.6621772
0.0082100,1.6623886
0.0082150,1.6626006
0.0082200,1.6628096
0.0082250,1.6630163
0.0082300,1.6632214
0.0082350,1.6634216
0.0082400,1.6636128
0.0082450,1.6637940
0.0082500,1.6639671
0.0082550,1.6641335
0.0082600,1.6642927
0.0082650,1.6644468
0.0082700,1.6645995
0.0082750,1.6647497
0.0082800,1.6648951
0.0082850,1.6650398
0.0082900,1.6651909
0.0082950,1.6653508
0.0083000,1.6044714
0.0083050,1.6046196
0.0083100,1.6047886
0.0083150,1.6049760
0.0083200,1.6051746
0.0083250,1.6053790
0.0083300,1.6055898
0.0083350,1.6058064
0.0083400,1.6060266
0.0083450,1.6062523
0.0083500,1.6064893
0.0083550,1.6067418
0.0083600,1.6070104
0.0083650,1.6072949
0.0083700,1.6075923
0.0083750,1.6078972
0.0083800,1.6082057
0.0083850,1.6085162
0.0083900,1.6088278
0.0083950,1.6091383
0.0084000,1.6238515
0.0084050,1.6240793
0.0084100,1.6242980
0.0084150,1.6245096
0.0084200,1.6247130
0.0084250,1.6249063
0.0084300,1.6250906
0.0084350,1.6252671
0.0084400,1.6254328
0.0084450,1.6255861
0.0084500,1.6257284
0.0084550,1.6258605
0.0084600,1.6259805
0.0084650,1.6260880
0.0084700,1.6261842
0.0084750,1.6262648
0.0084800,1.6263272
0.0084850,1.6263775
0.0084900,1.6264262
0.0084950,1.6264772
0.0085000,1.6398022
0.0085050,1.6398440
0.0085100,1.6398923
0.0085150,1.6399489
0.0085200,1.6400147
0.0085250,1.6400920
0.0085300,1.6401848
0.0085350,1.6402930
0.0085400,1.6404115
0.0085450,1.6405360
0.0085500,1.6406632
0.0085550,1.6407876
0.0085600,1.6409030
0.0085650,1.6410071
0.0085700,1.6411033
0.0085750,1.6411966
0.0085800,1.6412896
0.0085850,1.6413834
0.0085900,1.6414792
0.0085950,1.6415762
0.0086000,1.6555842
0.0086050,1.6556511
0.0086100,1.6557323
0.0086150,1.6558235
0.0086200,1.6559176
0.0086250,1.6560113
0.0086300,1.6561056
0.0086350,1.6562002
0.0086400,1.6562968
0.0086450,1.6564038
0.0086500,1.6565290
0.0086550,1.6566747
0.0086600,1.6568376
0.0086650,1.6570125
0.0086700,1.6571944
0.0086750,1.6573809
0.0086800,1.6575719
0.0086850,1.6577672
0.0086900,1.6579659
0.0086950,1.6581665
0.0087000,1.6735948
0.0087050,1.6737446
0.0087100,1.6738995
0.0087150,1.6740571
0.0087200,1.6742131
0.0087250,1.6743614
0.0087300,1.6745002
0.0087350,1.6746294
0.0087400,1.6747477
0.0087450,1.6748555
0.0087500,1.6749555
0.0087550,1.6750480
0.0087600,1.6751324
0.0087650,1.6752088
0.0087700,1.6752770
0.0087750,1.6753370
0.0087800,1.6753881
0.0087850,1.6754306
0.0087900,1.6754662
0.0087950,1.6754943
0.0088000,1.6758739
0.0088050,1.6758850
0.0088100,1.6758892
0.0088150,1.6758901
0.0088200,1.6758862
0.0088250,1.6758776
0.0088300,1.6758662
0.0088350,1.6758545
0.0088400,1.6758461
0.0088450,1.6758428
0.0088500,1.6758477
0.0088550,1.6758631
0.0088600,1.6758879
0.0088650,1.6759204
0.0088700,1.6759599
0.0088750,1.6760073
0.0088800,1.6760610
0.0088850,1.6761164
0.0088900,1.6761711
0.0088950,1.6762264
0.0089000,1.6604404
0.0089050,1.6605027
0.0089100,1.6605829
0.0089150,1.6606793
0.0089200,1.6607837
0.0089250,1.6608862
0.0089300,1.6609807
0.0089350,1.6610671
0.0089400,1.6611445
0.0089450,1.6612105
0.0089500,1.6612677
0.0089550,1.6613193
0.0089600,1.6613636
0.0089650,1.6613983
0.0089700,1.6614254
0.0089750,1.6614481
0.0089800,1.6614657
0.0089850,1.6614793
0.0089900,1.6614925
0.0089950,1.6615078
0.0090000,1.6933140
0.0090050,1.6933231
0.0090100,1.6933362
0.0090150,1.6933536
0.0090200,1.6933759
0.0090250,1.6934021
0.0090300,1.6934327
0.0090350,1.6934705
0.0090400,1.6935151
0.0090450,1.6935642
0.0090500,1.6936157
0.0090550,1.6936662
0.0090600,1.6937123
0.0090650,1.6937548
0.0090700,1.6937989
0.0090750,1.6938491
0.0090800,1.6939093
0.0090850,1.6939842
0.0090900,1.6940742
0.0090950,1.6941739
0.0091000,1.7103836
0.0091050,1.7104702
0.0091100,1.7105657
0.0091150,1.7106736
0.0091200,1.7107943
0.0091250,1.7109277
0.0091300,1.7110732
0.0091350,1.7112289
0.0091400,1.7113892
0.0091450,1.7115483
0.0091500,1.7117028
0.0091550,1.7118486
0.0091600,1.7119807
0.0091650,1.7120961
0.0091700,1.7121960
0.0091750,1.7122819
0.0091800,1.7123549
0.0091850,1.7124191
0.0091900,1.7124771
0.0091950,1.7125300
0.0092000,1.7681970
0.0092050,1.7682109
0.0092100,1.7682205
0.0092150,1.7682212
0.0092200,1.7682095
0.0092250,1.7681886
0.0092300,1.7681645
0.0092350,1.7681384
0.0092400,1.7681069
0.0092450,1.7680704
0.0092500,1.7680336
0.0092550,1.7680012
0.0092600,1.7679760
0.0092650,1.7679591
0.0092700,1.7679470
0.0092750,1.7679363
0.0092800,1.7679270
0.0092850,1.7679198
0.0092900,1.7679172
0.0092950,1.7679233
0.0093000,1.7235441
0.0093050,1.7235440
0.0093100,1.7235718
0.0093150,1.7236260
0.0093200,1.7237048
0.0093250,1.7238073
0.0093300,1.7239315
0.0093350,1.7240719
0.0093400,1.7242218
0.0093450,1.7243783
0.0093500,1.7245409
0.0093550,1.7247098
0.0093600,1.7248843
0.0093650,1.7250632
0.0093700,1.7252441
0.0093750,1.7254217
0.0093800,1.7255894
0.0093850,1.7257451
0.0093900,1.7258865
0.0093950,1.7260114
0.0094000,1.7241913
0.0094050,1.7242601
0.0094100,1.7243309
0.0094150,1.7244074
0.0094200,1.7244935
0.0094250,1.7245954
0.0094300,1.7247138
0.0094350,1.7248434
0.0094400,1.7249783
0.0094450,1.7251154
0.0094500,1.7252523
0.0094550,1.7253865
0.0094600,1.7255174
0.0094650,1.7256437
0.0094700,1.7257631
0.0094750,1.7258722
0.0094800,1.7259681
0.0094850,1.7260508
0.0094900,1.7261204
0.0094950,1.7261781
0.0095000,1.7262263
0.0095050,1.7262677
0.0095100,1.7263055
0.0095150,1.7263435
0.0095200,1.7263865
0.0095250,1.7264404
0.0095300,1.7265123
0.0095350,1.7266074
0.0095400,1.7267252
0.0095450,1.7268596
0.0095500,1.7270047
0.0095550,1.7271576
0.0095600,1.7273140
0.0095650,1.7274679
0.0095700,1.7276125
0.0095750,1.7277442
0.0095800,1.7278627
0.0095850,1.7279712
0.0095900,1.7280756
0.0095950,1.7281823
0.0096000,1.7412329
0.0096050,1.7413160
0.0096100,1.7414081
0.0096150,1.7415124
0.0096200,1.7416325
0.0096250,1.7417666
0.0096300,1.7419056
0.0096350,1.7420374
0.0096400,1.7421523
0.0096450,1.7422431
0.0096500,1.7423077
0.0096550,1.7423493
0.0096600,1.7423739
0.0096650,1.7423855
0.0096700,1.7423899
0.0096750,1.7423933
0.0096800,1.7424020
0.0096850,1.7424202
0.0096900,1.7424499
0.0096950,1.7424913
0.0097000,1.7688561
0.0097050,1.7688648
0.0097100,1.7688697
0.0097150,1.7688719
0.0097200,1.7688762
0.0097250,1.7688858
0.0097300,1.7689031
0.0097350,1.7689303
0.0097400,1.7689679
0.0097450,1.7690138
0.0097500,1.7690662
0.0097550,1.7691270
0.0097600,1.7691990
0.0097650,1.7692821
0.0097700,1.7693776
0.0097750,1.7694913
0.0097800,1.7696272
0.0097850,1.7697836
0.0097900,1.7699575
0.0097950,1.7701492
0.0098000,1.7429715
0.0098050,1.7431674
0.0098100,1.7433719
0.0098150,1.7435840
0.0098200,1.7438054
0.0098250,1.7440339
0.0098300,1.7442629
0.0098350,1.7444872
0.0098400,1.7447056
0.0098450,1.7449173
0.0098500,1.7451206
0.0098550,1.7453158
0.0098600,1.7455064
0.0098650,1.7456913
0.0098700,1.7458626
0.0098750,1.7460138
0.0098800,1.7461444
0.0098850,1.7462558
0.0098900,1.7463497
0.0098950,1.7464340
0.0099000,1.7755188
0.0099050,1.7756152
0.0099100,1.7757222
0.0099150,1.7758402
0.0099200,1.7759679
0.0099250,1.7761023
0.0099300,1.7762412
0.0099350,1.7763846
0.0099400,1.7765338
0.0099450,1.7766872
0.0099500,1.7768410
0.0099550,1.7769944
0.0099600,1.7771460
0.0099650,1.7772888
0.0099700,1.7774192
0.0099750,1.7775387
0.0099800,1.7776496
0.0099850,1.7777540
0.0099900,1.7778570
0.0099950,1.7779647
0.0100000,1.7804258
0.0100050,1.7805496
0.0100100,1.7806712
0.0100150,1.7807855
0.0100200,1.7808878
0.0100250,1.7809736
0.0100300,1.7810400
0.0100350,1.7810892
0.0100400,1.7811278
0.0100450,1.7811589
0.0100500,1.7811853
0.0100550,1.7812121
0.0100600,1.7812436
0.0100650,1.7812816
0.0100700,1.7813283
0.0100750,1.7813893
0.0100800,1.7814709
0.0100850,1.7815758
0.0100900,1.7817046
0.0100950,1.7818571
0.0101000,1.8273657
0.0101050,1.8275147
0.0101100,1.8276745
0.0101150,1.8278428
0.0101200,1.8280184
0.0101250,1.8281997
0.0101300,1.8283881
0.0101350,1.8285847
0.0101400,1.8287881
0.0101450,1.8289943
0.0101500,1.8291991
0.0101550,1.8293992
0.0101600,1.8295925
0.0101650,1.8297800
0.0101700,1.8299633
0.0101750,1.8301435
0.0101800,1.8303221
0.0101850,1.8305021
0.0101900,1.8306892
0.0101950,1.8308851
0.0102000,1.7693384
0.0102050,1.7694864
0.0102100,1.7696341
0.0102150,1.7697783
0.0102200,1.7699152
0.0102250,1.7700384
0.0102300,1.7701471
0.0102350,1.7702448
0.0102400,1.7703318
0.0102450,1.7704045
0.0102500,1.7704611
0.0102550,1.7705016
0.0102600,1.7705255
0.0102650,1.7705368
0.0102700,1.7705411
0.0102750,1.7705435
0.0102800,1.7705521
0.0102850,1.7705745
0.0102900,1.7706152
0.0102950,1.7706767
0.0103000,1.7707587
0.0103050,1.7708582
0.0103100,1.7709727
0.0103150,1.7711020
0.0103200,1.7712510
0.0103250,1.7714256
0.0103300,1.7716253
0.0103350,1.7718428
0.0103400,1.7720698
0.0103450,1.7722975
0.0103500,1.7725186
0.0103550,1.7727286
0.0103600,1.7729295
0.0103650,1.7731279
0.0103700,1.7733233
0.0103750,1.7735099
0.0103800,1.7736838
0.0103850,1.7738439
0.0103900,1.7739893
0.0103950,1.7741215
0.0104000,1.7765880
0.0104050,1.7766910
0.0104100,1.7767996
0.0104150,1.7769129
0.0104200,1.7770299
0.0104250,1.7771507
0.0104300,1.7772773
0.0104350,1.7774137
0.0104400,1.7775633
0.0104450,1.7777278
0.0104500,1.7779080
0.0104550,1.7781041
0.0104600,1.7783157
0.0104650,1.7785440
0.0104700,1.7787892
0.0104750,1.7790483
0.0104800,1.7793171
0.0104850,1.7795896
0.0104900,1.7798610
0.0104950,1.7801276
0.0105000,1.7334029
0.0105050,1.7336387
0.0105100,1.7338703
0.0105150,1.7341003
0.0105200,1.7343328
0.0105250,1.7345731
0.0105300,1.7348275
0.0105350,1.7350951
0.0105400,1.7353697
0.0105450,1.7356469
0.0105500,1.7359267
0.0105550,1.7362089
0.0105600,1.7364888
0.0105650,1.7367592
0.0105700,1.7370159
0.0105750,1.7372591
0.0105800,1.7374909
0.0105850,1.7377125
0.0105900,1.7379254
0.0105950,1.7381301
0.0106000,1.7543103
0.0106050,1.7544635
0.0106100,1.7546067
0.0106150,1.7547409
0.0106200,1.7548643
0.0106250,1.7549777
0.0106300,1.7550850
0.0106350,1.7551877
0.0106400,1.7552841
0.0106450,1.7553718
0.0106500,1.7554527
0.0106550,1.7555299
0.0106600,1.7556016
0.0106650,1.7556631
0.0106700,1.7557105
0.0106750,1.7557468
0.0106800,1.7557749
0.0106850,1.7557965
0.0106900,1.7558167
0.0106950,1.7558408
0.0107000,1.7301796
0.0107050,1.7301682
0.0107100,1.7301561
0.0107150,1.7301408
0.0107200,1.7301190
0.0107250,1.7300906
0.0107300,1.7300602
0.0107350,1.7300357
0.0107400,1.7300200
0.0107450,1.7300118
0.0107500,1.7300121
0.0107550,1.7300206
0.0107600,1.7300313
0.0107650,1.7300388
0.0107700,1.7300412
0.0107750,1.7300411
0.0107800,1.7300400
0.0107850,1.7300379
0.0107900,1.7300348
0.0107950,1.7300337
0.0108000,1.7300401
0.0108050,1.7300575
0.0108100,1.7300905
0.0108150,1.7301444
0.0108200,1.7302155
0.0108250,1.7302936
0.0108300,1.7303720
0.0108350,1.7304479
0.0108400,1.7305199
0.0108450,1.7305874
0.0108500,1.7306566
0.0108550,1.7307358
0.0108600,1.7308264
0.0108650,1.7309250
0.0108700,1.7310290
0.0108750,1.7311366
0.0108800,1.7312422
0.0108850,1.7313405
0.0108900,1.7314313
0.0108950,1.7315178
0.0109000,1.7456455
0.0109050,1.7457000
0.0109100,1.7457538
0.0109150,1.7458053
0.0109200,1.7458471
0.0109250,1.7458724
0.0109300,1.7458764
0.0109350,1.7458581
0.0109400,1.7458200
0.0109450,1.7457645
0.0109500,1.7456910
0.0109550,1.7455982
0.0109600,1.7454875
0.0109650,1.7453623
0.0109700,1.7452267
0.0109750,1.7450882
0.0109800,1.7449515
0.0109850,1.7448193
0.0109900,1.7446963
0.0109950,1.7445872
0.0110000,1.7579690
0.0110050,1.7578642
0.0110100,1.7577742
0.0110150,1.7577009
0.0110200,1.7576430
0.0110250,1.7576000
0.0110300,1.7575728
0.0110350,1.7575645
0.0110400,1.7575749
0.0110450,1.7576000
0.0110500,1.7576355
0.0110550,1.7576787
0.0110600,1.7577274
0.0110650,1.7577752
0.0110700,1.7578171
0.0110750,1.7578556
0.0110800,1.7578928
0.0110850,1.7579287
0.0110900,1.7579643
0.0110950,1.7580028
0.0111000,1.7703270
0.0111050,1.7703226
0.0111100,1.7703141
0.0111150,1.7702997
0.0111200,1.7702764
0.0111250,1.7702414
0.0111300,1.7701985
0.0111350,1.7701564
0.0111400,1.7701196
0.0111450,1.7700941
0.0111500,1.7700889
0.0111550,1.7701100
0.0111600,1.7701581
0.0111650,1.7702300
0.0111700,1.7703192
0.0111750,1.7704185
0.0111800,1.7705214
0.0111850,1.7706264
0.0111900,1.7707336
0.0111950,1.7708416
0.0112000,1.7816482
0.0112050,1.7817462
0.0112100,1.7818543
0.0112150,1.7819736
0.0112200,1.7821027
0.0112250,1.7822420
0.0112300,1.7823890
0.0112350,1.7825394
0.0112400,1.7826889
0.0112450,1.7828328
0.0112500,1.7829673
0.0112550,1.7830928
0.0112600,1.7832157
0.0112650,1.7833416
0.0112700,1.7834687
0.0112750,1.7835945
0.0112800,1.7837204
0.0112850,1.7838478
0.0112900,1.7839751
0.0112950,1.7840987
0.0113000,1.7533352
0.0113050,1.7534657
0.0113100,1.7535865
0.0113150,1.7536943
0.0113200,1.7537906
0.0113250,1.7538808
0.0113300,1.7539691
0.0113350,1.7540575
0.0113400,1.7541487
0.0113450,1.7542443
0.0113500,1.7543438
0.0113550,1.7544472
0.0113600,1.7545554
0.0113650,1.7546677
0.0113700,1.7547814
0.0113750,1.7548922
0.0113800,1.7549945
0.0113850,1.7550846
0.0113900,1.7551666
0.0113950,1.7552469
0.0114000,1.7714334
0.0114050,1.7714670
0.0114100,1.7715103
0.0114150,1.7715630
0.0114200,1.7716198
0.0114250,1.7716760
0.0114300,1.7717289
0.0114350,1.7717750
0.0114400,1.7718124
0.0114450,1.7718412
0.0114500,1.7718596
0.0114550,1.7718633
0.0114600,1.7718481
0.0114650,1.7718125
0.0114700,1.7717573
0.0114750,1.7716847
0.0114800,1.7716012
0.0114850,1.7715109
0.0114900,1.7714148
0.0114950,1.7713148
0.0115000,1.7873121
0.0115050,1.7871998
0.0115100,1.7870945
0.0115150,1.7869988
0.0115200,1.7869102
0.0115250,1.7868288
0.0115300,1.7867601
0.0115350,1.7867079
0.0115400,1.7866747
0.0115450,1.7866686
0.0115500,1.7866979
0.0115550,1.7867695
0.0115600,1.7868884
0.0115650,1.7870529
0.0115700,1.7872545
0.0115750,1.7874819
0.0115800,1.7877269
0.0115850,1.7879828
0.0115900,1.7882420
0.0115950,1.7885009
0.0116000,1.7565980
0.0116050,1.7568289
0.0116100,1.7570658
0.0116150,1.7572994
0.0116200,1.7575217
0.0116250,1.7577300
0.0116300,1.7579200
0.0116350,1.7580867
0.0116400,1.7582299
0.0116450,1.7583534
0.0116500,1.7584590
0.0116550,1.7585479
0.0116600,1.7586241
0.0116650,1.7586927
0.0116700,1.7587564
0.0116750,1.7588178
0.0116800,1.7588802
0.0116850,1.7589466
0.0116900,1.7590199
0.0116950,1.7591056
0.0117000,1.8035651
0.0117050,1.8036876
0.0117100,1.8038340
0.0117150,1.8039999
0.0117200,1.8041794
0.0117250,1.8043684
0.0117300,1.8045646
0.0117350,1.8047661
0.0117400,1.8049719
0.0117450,1.8051830
0.0117500,1.8053961
0.0117550,1.8056055
0.0117600,1.8058078
0.0117650,1.8060046
0.0117700,1.8061944
0.0117750,1.8063749
0.0117800,1.8065468
0.0117850,1.8067118
0.0117900,1.8068699
0.0117950,1.8070200
0.0118000,1.7928374
0.0118050,1.7929426
0.0118100,1.7930402
0.0118150,1.7931298
0.0118200,1.7932145
0.0118250,1.7932998
0.0118300,1.7933917
0.0118350,1.7934941
0.0118400,1.7936067
0.0118450,1.7937275
0.0118500,1.7938549
0.0118550,1.7939857
0.0118600,1.7941167
0.0118650,1.7942461
0.0118700,1.7943750
0.0118750,1.7945060
0.0118800,1.7946400
0.0118850,1.7947770
0.0118900,1.7949142
0.0118950,1.7950487
0.0119000,1.7782659
0.0119050,1.7783905
0.0119100,1.7785180
0.0119150,1.7786461
0.0119200,1.7787748
0.0119250,1.7789030
0.0119300,1.7790277
0.0119350,1.7791482
0.0119400,1.7792617
0.0119450,1.7793618
0.0119500,1.7794454
0.0119550,1.7795123
0.0119600,1.7795629
0.0119650,1.7795967
0.0119700,1.7796152
0.0119750,1.7796189
0.0119800,1.7796103
0.0119850,1.7795971
0.0119900,1.7795850
0.0119950,1.7795743
0.0120000,1.7387242
0.0120050,1.7386771
0.0120100,1.7386302
0.0120150,1.7385776
0.0120200,1.7385173
0.0120250,1.7384544
0.0120300,1.7383942
0.0120350,1.7383397
0.0120400,1.7382943
0.0120450,1.7382629
0.0120500,1.7382485
0.0120550,1.7382487
0.0120600,1.7382597
0.0120650,1.7382808
0.0120700,1.7383128
0.0120750,1.7383533
0.0120800,1.7383988
0.0120850,1.7384472
0.0120900,1.7384937
0.0120950,1.7385341
0.0121000,1.7502552
0.0121050,1.7502515
0.0121100,1.7502482
0.0121150,1.7502431
0.0121200,1.7502321
0.0121250,1.7502116
0.0121300,1.7501806
0.0121350,1.7501390
0.0121400,1.7500850
0.0121450,1.7500177
0.0121500,1.7499363
0.0121550,1.7498402
0.0121600,1.7497305
0.0121650,1.7496129
0.0121700,1.7494970
0.0121750,1.7493924
0.0121800,1.7493054
0.0121850,1.7492403
0.0121900,1.7491976
0.0121950,1.7491752
0.0122000,1.7939605
0.0122050,1.7939045
0.0122100,1.7938522
0.0122150,1.7937976
0.0122200,1.7937303
0.0122250,1.7936446
0.0122300,1.7935430
0.0122350,1.7934321
0.0122400,1.7933192
0.0122450,1.7932111
0.0122500,1.7931127
0.0122550,1.7930250
0.0122600,1.7929443
0.0122650,1.7928685
0.0122700,1.7927972
0.0122750,1.7927287
0.0122800,1.7926629
0.0122850,1.7926018
0.0122900,1.7925486
0.0122950,1.7925056
0.0123000,1.8080412
0.0123050,1.8079940
0.0123100,1.8079588
0.0123150,1.8079325
0.0123200,1.8079100
0.0123250,1.8078873
0.0123300,1.8078617
0.0123350,1.8078337
0.0123400,1.8078046
0.0123450,1.8077740
0.0123500,1.8077462
0.0123550,1.8077267
0.0123600,1.8077166
0.0123650,1.8077148
0.0123700,1.8077194
0.0123750,1.8077246
0.0123800,1.8077222
0.0123850,1.8077100
0.0123900,1.8076903
0.0123950,1.8076631
0.0124000,1.8474637
0.0124050,1.8473981
0.0124100,1.8473302
0.0124150,1.8472605
0.0124200,1.8471899
0.0124250,1.8471194
0.0124300,1.8470495
0.0124350,1.8469803
0.0124400,1.8469151
0.0124450,1.8468565
0.0124500,1.8468041
0.0124550,1.8467554
0.0124600,1.8467092
0.0124650,1.8466678
0.0124700,1.8466332
0.0124750,1.8466060
0.0124800,1.8465883
0.0124850,1.8465842
0.0124900,1.8465967
0.0124950,1.8466250
0.0125000,1.8318026
0.0125050,1.8318399
0.0125100,1.8318859
0.0125150,1.8319378
0.0125200,1.8319944
0.0125250,1.8320558
0.0125300,1.8321213
0.0125350,1.8321911
0.0125400,1.8322685
0.0125450,1.8323577
0.0125500,1.8324598
0.0125550,1.8325755
0.0125600,1.8327072
0.0125650,1.8328562
0.0125700,1.8330252
0.0125750,1.8332182
0.0125800,1.8334354
0.0125850,1.8336734
0.0125900,1.8339270
0.0125950,1.8341902
0.0126000,1.8503108
0.0126050,1.8505078
0.0126100,1.8506965
0.0126150,1.8508748
0.0126200,1.8510408
0.0126250,1.8511969
0.0126300,1.8513476
0.0126350,1.8514923
0.0126400,1.8516266
0.0126450,1.8517481
0.0126500,1.8518549
0.0126550,1.8519444
0.0126600,1.8520137
0.0126650,1.8520633
0.0126700,1.8520954
0.0126750,1.8521103
0.0126800,1.8521072
0.0126850,1.8520869
0.0126900,1.8520503
0.0126950,1.8519996
0.0127000,1.7920561
0.0127050,1.7919667
0.0127100,1.7918696
0.0127150,1.7917646
0.0127200,1.7916543
0.0127250,1.7915413
0.0127300,1.7914302
0.0127350,1.7913262
0.0127400,1.7912325
0.0127450,1.7911488
0.0127500,1.7910774
0.0127550,1.7910238
0.0127600,1.7909890
0.0127650,1.7909714
0.0127700,1.7909701
0.0127750,1.7909806
0.0127800,1.7909974
0.0127850,1.7910215
0.0127900,1.7910535
0.0127950,1.7910891
0.0128000,1.8326849
0.0128050,1.8326987
0.0128100,1.8327033
0.0128150,1.8326940
0.0128200,1.8326712
0.0128250,1.8326393
0.0128300,1.8326053
0.0128350,1.8325708
0.0128400,1.8325327
0.0128450,1.8324916
0.0128500,1.8324529
0.0128550,1.8324194
0.0128600,1.8323926
0.0128650,1.8323743
0.0128700,1.8323631
0.0128750,1.8323554
0.0128800,1.8323504
0.0128850,1.8323500
0.0128900,1.8323574
0.0128950,1.8323740
0.0129000,1.8914636
0.0129050,1.8914660
0.0129100,1.8914847
0.0129150,1.8915186
0.0129200,1.8915674
0.0129250,1.8916312
0.0129300,1.8917072
0.0129350,1.8917903
0.0129400,1.8918775
0.0129450,1.8919716
0.0129500,1.8920746
0.0129550,1.8921848
0.0129600,1.8922980
0.0129650,1.8924095
0.0129700,1.8925159
0.0129750,1.8926139
0.0129800,1.8927010
0.0129850,1.8927775
0.0129900,1.8928469
0.0129950,1.8929130
0.0130000,1.8895436
0.0130050,1.8895274
0.0130100,1.8895129
0.0130150,1.8894966
0.0130200,1.8894799
0.0130250,1.8894676
0.0130300,1.8894638
0.0130350,1.8894695
0.0130400,1.8894830
0.0130450,1.8895002
0.0130500,1.8895190
0.0130550,1.8895406
0.0130600,1.8895678
0.0130650,1.8896037
0.0130700,1.8896512
0.0130750,1.8897131
0.0130800,1.8897873
0.0130850,1.8898700
0.0130900,1.8899616
0.0130950,1.8900615
0.0131000,1.8549674
0.0131050,1.8550373
0.0131100,1.8551215
0.0131150,1.8552167
0.0131200,1.8553162
0.0131250,1.8554156
0.0131300,1.8555109
0.0131350,1.8555976
0.0131400,1.8556744
0.0131450,1.8557416
0.0131500,1.8558020
0.0131550,1.8558538
0.0131600,1.8558911
0.0131650,1.8559125
0.0131700,1.8559156
0.0131750,1.8558974
0.0131800,1.8558583
0.0131850,1.8558004
0.0131900,1.8557275
0.0131950,1.8556413
0.0132000,1.8699234
0.0132050,1.8697969
0.0132100,1.8696720
0.0132150,1.8695500
0.0132200,1.8694305
0.0132250,1.8693165
0.0132300,1.8692132
0.0132350,1.8691224
0.0132400,1.8690410
0.0132450,1.8689654
0.0132500,1.8688976
0.0132550,1.8688397
0.0132600,1.8687926
0.0132650,1.8687615
0.0132700,1.8687506
0.0132750,1.8687586
0.0132800,1.8687806
0.0132850,1.8688124
0.0132900,1.8688532
0.0132950,1.8689016
0.0133000,1.8824753
0.0133050,1.8825072
0.0133100,1.8825461
0.0133150,1.8825956
0.0133200,1.8826575
0.0133250,1.8827322
0.0133300,1.8828199
0.0133350,1.8829184
0.0133400,1.8830232
0.0133450,1.8831290
0.0133500,1.8832341
0.0133550,1.8833385
0.0133600,1.8834414
0.0133650,1.8835429
0.0133700,1.8836436
0.0133750,1.8837440
0.0133800,1.8838394
0.0133850,1.8839238
0.0133900,1.8839967
0.0133950,1.8840586
0.0134000,1.8841090
0.0134050,1.8841463
0.0134100,1.8841682
0.0134150,1.8841735
0.0134200,1.8841622
0.0134250,1.8841377
0.0134300,1.8841063
0.0134350,1.8840734
0.0134400,1.8840421
0.0134450,1.8840114
0.0134500,1.8839810
0.0134550,1.8839504
0.0134600,1.8839201
0.0134650,1.8838920
0.0134700,1.8838637
0.0134750,1.8838312
0.0134800,1.8837912
0.0134850,1.8837434
0.0134900,1.8836880
0.0134950,1.8836261
0.0135000,1.9072878
0.0135050,1.9072045
0.0135100,1.9071360
0.0135150,1.9070838
0.0135200,1.9070496
0.0135250,1.9070334
0.0135300,1.9070316
0.0135350,1.9070399
0.0135400,1.9070577
0.0135450,1.9070837
0.0135500,1.9071134
0.0135550,1.9071421
0.0135600,1.9071664
0.0135650,1.9071856
0.0135700,1.9071997
0.0135750,1.9072100
0.0135800,1.9072192
0.0135850,1.9072288
0.0135900,1.9072388
0.0135950,1.9072502
0.0136000,1.9078026
0.0136050,1.9078098
0.0136100,1.9078241
0.0136150,1.9078385
0.0136200,1.9078500
0.0136250,1.9078596
0.0136300,1.9078639
0.0136350,1.9078583
0.0136400,1.9078428
0.0136450,1.9078207
0.0136500,1.9077960
0.0136550,1.9077722
0.0136600,1.9077543
0.0136650,1.9077507
0.0136700,1.9077656
0.0136750,1.9077987
0.0136800,1.9078480
0.0136850,1.9079107
0.0136900,1.9079834
0.0136950,1.9080597
0.0137000,1.9498593
0.0137050,1.9498894
0.0137100,1.9499169
0.0137150,1.9499455
0.0137200,1.9499798
0.0137250,1.9500254
0.0137300,1.9500846
0.0137350,1.9501549
0.0137400,1.9502341
0.0137450,1.9503203
0.0137500,1.9504132
0.0137550,1.9505121
0.0137600,1.9506159
0.0137650,1.9507220
0.0137700,1.9508231
0.0137750,1.9509147
0.0137800,1.9509947
0.0137850,1.9510620
0.0137900,1.9511157
0.0137950,1.9511536
0.0138000,1.9351651
0.0138050,1.9351320
0.0138100,1.9350885
0.0138150,1.9350426
0.0138200,1.9349994
0.0138250,1.9349616
0.0138300,1.9349333
0.0138350,1.9349187
0.0138400,1.9349185
0.0138450,1.9349295
0.0138500,1.9349497
0.0138550,1.9349787
0.0138600,1.9350128
0.0138650,1.9350471
0.0138700,1.9350786
0.0138750,1.9351099
0.0138800,1.9351461
0.0138850,1.9351895
0.0138900,1.9352410
0.0138950,1.9353022
0.0139000,1.9065272
0.0139050,1.9065965
0.0139100,1.9066805
0.0139150,1.9067845
0.0139200,1.9069113
0.0139250,1.9070575
0.0139300,1.9072198
0.0139350,1.9073967
0.0139400,1.9075842
0.0139450,1.9077750
0.0139500,1.9079662
0.0139550,1.9081587
0.0139600,1.9083509
0.0139650,1.9085406
0.0139700,1.9087277
0.0139750,1.9089109
0.0139800,1.9090859
0.0139850,1.9092482
0.0139900,1.9093972
0.0139950,1.9095335
0.0140000,1.8983724
0.0140050,1.8984962
0.0140100,1.8986302
0.0140150,1.8987807
0.0140200,1.8989530
0.0140250,1.8991510
0.0140300,1.8993779
0.0140350,1.8996357
0.0140400,1.8999218
0.0140450,1.9002291
0.0140500,1.9005533
0.0140550,1.9008922
0.0140600,1.9012424
0.0140650,1.9016030
0.0140700,1.9019739
0.0140750,1.9023508
0.0140800,1.9027235
0.0140850,1.9030806
0.0140900,1.9034152
0.0140950,1.9037216
0.0141000,1.8882013
0.0141050,1.8884053
0.0141100,1.8885829
0.0141150,1.8887324
0.0141200,1.8888554
0.0141250,1.8889543
0.0141300,1.8890302
0.0141350,1.8890840
0.0141400,1.8891202
0.0141450,1.8891436
0.0141500,1.8891575
0.0141550,1.8891631
0.0141600,1.8891624
0.0141650,1.8891592
0.0141700,1.8891557
0.0141750,1.8891531
0.0141800,1.8891540
0.0141850,1.8891592
0.0141900,1.8891673
0.0141950,1.8891754
0.0142000,1.9292946
0.0142050,1.9292228
0.0142100,1.9291575
0.0142150,1.9291023
0.0142200,1.9290600
0.0142250,1.9290332
0.0142300,1.9290217
0.0142350,1.9290240
0.0142400,1.9290388
0.0142450,1.9290656
0.0142500,1.9291054
0.0142550,1.9291588
0.0142600,1.9292257
0.0142650,1.9293063
0.0142700,1.9294004
0.0142750,1.9295099
0.0142800,1.9296349
0.0142850,1.9297700
0.0142900,1.9299076
0.0142950,1.9300421
0.0143000,1.9710484
0.0143050,1.9711618
0.0143100,1.9712680
0.0143150,1.9713700
0.0143200,1.9714717
0.0143250,1.9715752
0.0143300,1.9716851
0.0143350,1.9718078
0.0143400,1.9719463
0.0143450,1.9720989
0.0143500,1.9722615
0.0143550,1.9724267
0.0143600,1.9725855
0.0143650,1.9727327
0.0143700,1.9728665
0.0143750,1.9729881
0.0143800,1.9730964
0.0143850,1.9731905
0.0143900,1.9732742
0.0143950,1.9733537
0.0144000,1.9325454
0.0144050,1.9326190
0.0144100,1.9326952
0.0144150,1.9327751
0.0144200,1.9328589
0.0144250,1.9329477
0.0144300,1.9330428
0.0144350,1.9331469
0.0144400,1.9332599
0.0144450,1.9333793
0.0144500,1.9335050
0.0144550,1.9336358
0.0144600,1.9337695
0.0144650,1.9339040
0.0144700,1.9340377
0.0144750,1.9341731
0.0144800,1.9343134
0.0144850,1.9344608
0.0144900,1.9346161
0.0144950,1.9347802
0.0145000,1.9876657
0.0145050,1.9878091
0.0145100,1.9879576
0.0145150,1.9881092
0.0145200,1.9882604
0.0145250,1.9884079
0.0145300,1.9885501
0.0145350,1.9886877
0.0145400,1.9888211
0.0145450,1.9889501
0.0145500,1.9890763
0.0145550,1.9892013
0.0145600,1.9893255
0.0145650,1.9894468
0.0145700,1.9895643
0.0145750,1.9896763
0.0145800,1.9897783
0.0145850,1.9898647
0.0145900,1.9899317
0.0145950,1.9899785
0.0146000,1.9338523
0.0146050,1.9338250
0.0146100,1.9337846
0.0146150,1.9337323
0.0146200,1.9336677
0.0146250,1.9335918
0.0146300,1.9335117
0.0146350,1.9334383
0.0146400,1.9333786
0.0146450,1.9333370
0.0146500,1.9333171
0.0146550,1.9333234
0.0146600,1.9333583
0.0146650,1.9334207
0.0146700,1.9335101
0.0146750,1.9336257
0.0146800,1.9337657
0.0146850,1.9339234
0.0146900,1.9340884
0.0146950,1.9342532
0.0147000,1.9718376
0.0147050,1.9719377
0.0147100,1.9720197
0.0147150,1.9720857
0.0147200,1.9721388
0.0147250,1.9721810
0.0147300,1.9722127
0.0147350,1.9722358
0.0147400,1.9722543
0.0147450,1.9722713
0.0147500,1.9722884
0.0147550,1.9723090
0.0147600,1.9723361
0.0147650,1.9723674
0.0147700,1.9723957
0.0147750,1.9724151
0.0147800,1.9724243
0.0147850,1.9724225
0.0147900,1.9724078
0.0147950,1.9723813
0.0148000,1.9738483
0.0148050,1.9737746
0.0148100,1.9737041
0.0148150,1.9736377
0.0148200,1.9735791
0.0148250,1.9735320
0.0148300,1.9734969
0.0148350,1.9734745
0.0148400,1.9734685
0.0148450,1.9734824
0.0148500,1.9735142
0.0148550,1.9735572
0.0148600,1.9736043
0.0148650,1.9736496
0.0148700,1.9736896
0.0148750,1.9737241
0.0148800,1.9737580
0.0148850,1.9737958
0.0148900,1.9738398
0.0148950,1.9738926
0.0149000,1.9739559
0.0149050,1.9740323
0.0149100,1.9741241
0.0149150,1.9742277
0.0149200,1.9743349
0.0149250,1.9744417
0.0149300,1.9745503
0.0149350,1.9746602
0.0149400,1.9747682
0.0149450,1.9748785
0.0149500,1.9749950
0.0149550,1.9751144
0.0149600,1.9752307
0.0149650,1.9753394
0.0149700,1.9754373
0.0149750,1.9755216
0.0149800,1.9755936
0.0149850,1.9756612
0.0149900,1.9757348
0.0149950,1.9758190
0.0150000,2.0010287
0.0150050,2.0011249
0.0150100,2.0012354
0.0150150,2.0013553
0.0150200,2.0014823
0.0150250,2.0016184
0.0150300,2.0017621
0.0150350,2.0019046
0.0150400,2.0020369
0.0150450,2.0021578
0.0150500,2.0022707
0.0150550,2.0023772
0.0150600,2.0024756
0.0150650,2.0025688
0.0150700,2.0026582
0.0150750,2.0027435
0.0150800,2.0028296
0.0150850,2.0029263
0.0150900,2.0030391
0.0150950,2.0031658
0.0151000,1.9753422
0.0151050,1.9755067
0.0151100,1.9756731
0.0151150,1.9758363
0.0151200,1.9759934
0.0151250,1.9761454
0.0151300,1.9762939
0.0151350,1.9764401
0.0151400,1.9765892
0.0151450,1.9767494
0.0151500,1.9769265
0.0151550,1.9771210
0.0151600,1.9773301
0.0151650,1.9775481
0.0151700,1.9777638
0.0151750,1.9779648
0.0151800,1.9781446
0.0151850,1.9783006
0.0151900,1.9784340
0.0151950,1.9785486
0.0152000,1.9927703
0.0152050,1.9928520
0.0152100,1.9929372
0.0152150,1.9930310
0.0152200,1.9931339
0.0152250,1.9932447
0.0152300,1.9933638
0.0152350,1.9934945
0.0152400,1.9936399
0.0152450,1.9937994
0.0152500,1.9939704
0.0152550,1.9941518
0.0152600,1.9943450
0.0152650,1.9945497
0.0152700,1.9947618
0.0152750,1.9949790
0.0152800,1.9952015
0.0152850,1.9954271
0.0152900,1.9956516
0.0152950,1.9958724
0.0153000,2.0092243
0.0153050,2.0094524
0.0153100,2.0096747
0.0153150,2.0098896
0.0153200,2.0100957
0.0153250,2.0102910
0.0153300,2.0104745
0.0153350,2.0106474
0.0153400,2.0108096
0.0153450,2.0109609
0.0153500,2.0111057
0.0153550,2.0112496
0.0153600,2.0113971
0.0153650,2.0115525
0.0153700,2.0117178
0.0153750,2.0118909
0.0153800,2.0120696
0.0153850,2.0122517
0.0153900,2.0124331
0.0153950,2.0126083
0.0154000,1.9850818
0.0154050,1.9852229
0.0154100,1.9853652
0.0154150,1.9855076
0.0154200,1.9856520
0.0154250,1.9858030
0.0154300,1.9859618
0.0154350,1.9861260
0.0154400,1.9862964
0.0154450,1.9864744
0.0154500,1.9866582
0.0154550,1.9868469
0.0154600,1.9870413
0.0154650,1.9872397
0.0154700,1.9874389
0.0154750,1.9876384
0.0154800,1.9878362
0.0154850,1.9880294
0.0154900,1.9882202
0.0154950,1.9884137
0.0155000,1.9493643
0.0155050,1.9495780
0.0155100,1.9497910
0.0155150,1.9500008
0.0155200,1.9502065
0.0155250,1.9504078
0.0155300,1.9506050
0.0155350,1.9507991
0.0155400,1.9509918
0.0155450,1.9511844
0.0155500,1.9513766
0.0155550,1.9515651
0.0155600,1.9517482
0.0155650,1.9519247
0.0155700,1.9520889
0.0155750,1.9522355
0.0155800,1.9523643
0.0155850,1.9524763
0.0155900,1.9525722
0.0155950,1.9526527
0.0156000,2.0048568
0.0156050,2.0048602
0.0156100,2.0048476
0.0156150,2.0048186
0.0156200,2.0047800
0.0156250,2.0047398
0.0156300,2.0047024
0.0156350,2.0046709
0.0156400,2.0046469
0.0156450,2.0046259
0.0156500,2.0045995
0.0156550,2.0045601
0.0156600,2.0045072
0.0156650,2.0044475
0.0156700,2.0043906
0.0156750,2.0043432
0.0156800,2.0043102
0.0156850,2.0042972
0.0156900,2.0043067
0.0156950,2.0043372
0.0157000,1.9931505
0.0157050,1.9932153
0.0157100,1.9932985
0.0157150,1.9933993
0.0157200,1.9935145
0.0157250,1.9936405
0.0157300,1.9937750
0.0157350,1.9939159
0.0157400,1.9940594
0.0157450,1.9942015
0.0157500,1.9943398
0.0157550,1.9944726
0.0157600,1.9946001
0.0157650,1.9947234
0.0157700,1.9948431
0.0157750,1.9949593
0.0157800,1.9950717
0.0157850,1.9951815
0.0157900,1.9952929
0.0157950,1.9954098
0.0158000,1.9648915
0.0158050,1.9649683
0.0158100,1.9650478
0.0158150,1.9651292
0.0158200,1.9652109
0.0158250,1.9652890
0.0158300,1.9653611
0.0158350,1.9654259
0.0158400,1.9654840
0.0158450,1.9655368
0.0158500,1.9655854
0.0158550,1.9656327
0.0158600,1.9656800
0.0158650,1.9657264
0.0158700,1.9657706
0.0158750,1.9658115
0.0158800,1.9658487
0.0158850,1.9658824
0.0158900,1.9659141
0.0158950,1.9659478
0.0159000,1.9624452
0.0159050,1.9624576
0.0159100,1.9624732
0.0159150,1.9624882
0.0159200,1.9625000
0.0159250,1.9625075
0.0159300,1.9625112
0.0159350,1.9625115
0.0159400,1.9625117
0.0159450,1.9625170
0.0159500,1.9625325
0.0159550,1.9625622
0.0159600,1.9626087
0.0159650,1.9626713
0.0159700,1.9627494
0.0159750,1.9628425
0.0159800,1.9629490
0.0159850,1.9630667
0.0159900,1.9631910
0.0159950,1.9633136
0.0160000,1.9924688
0.0160050,1.9925545
0.0160100,1.9926371
0.0160150,1.9927164
0.0160200,1.9927916
0.0160250,1.9928624
0.0160300,1.9929279
0.0160350,1.9929858
0.0160400,1.9930311
0.0160450,1.9930636
0.0160500,1.9930894
0.0160550,1.9931127
0.0160600,1.9931344
0.0160650,1.9931553
0.0160700,1.9931798
0.0160750,1.9932118
0.0160800,1.9932551
0.0160850,1.9933150
0.0160900,1.9933924
0.0160950,1.9934819
0.0161000,1.9984480
0.0161050,1.9985510
0.0161100,1.9986450
0.0161150,1.9987264
0.0161200,1.9987966
0.0161250,1.9988639
0.0161300,1.9989407
0.0161350,1.9990349
0.0161400,1.9991479
0.0161450,1.9992793
0.0161500,1.9994273
0.0161550,1.9995896
0.0161600,1.9997666
0.0161650,1.9999604
0.0161700,2.0001705
0.0161750,2.0003937
0.0161800,2.0006271
0.0161850,2.0008677
0.0161900,2.0011109
0.0161950,2.0013537
0.0162000,2.0004185
0.0162050,2.0006553
0.0162100,2.0008973
0.0162150,2.0011424
0.0162200,2.0013906
0.0162250,2.0016439
0.0162300,2.0018998
0.0162350,2.0021556
0.0162400,2.0024103
0.0162450,2.0026662
0.0162500,2.0029267
0.0162550,2.0031926
0.0162600,2.0034639
0.0162650,2.0037400
0.0162700,2.0040173
0.0162750,2.0042896
0.0162800,2.0045528
0.0162850,2.0048066
0.0162900,2.0050505
0.0162950,2.0052836
0.0163000,2.0061847
0.0163050,2.0063643
0.0163100,2.0065318
0.0163150,2.0066892
0.0163200,2.0068422
0.0163250,2.0069945
0.0163300,2.0071455
0.0163350,2.0072960
0.0163400,2.0074500
0.0163450,2.0076114
0.0163500,2.0077783
0.0163550,2.0079496
0.0163600,2.0081278
0.0163650,2.0083160
0.0163700,2.0085150
0.0163750,2.0087230
0.0163800,2.0089352
0.0163850,2.0091467
0.0163900,2.0093523
0.0163950,2.0095516
0.0164000,2.0214658
0.0164050,2.0216036
0.0164100,2.0217391
0.0164150,2.0218712
0.0164200,2.0220024
0.0164250,2.0221337
0.0164300,2.0222668
0.0164350,2.0224045
0.0164400,2.0225487
0.0164450,2.0226982
0.0164500,2.0228485
0.0164550,2.0229975
0.0164600,2.0231442
0.0164650,2.0232890
0.0164700,2.0234325
0.0164750,2.0235751
0.0164800,2.0237183
0.0164850,2.0238652
0.0164900,2.0240190
0.0164950,2.0241826
0.0165000,1.9999426
0.0165050,2.0001078
0.0165100,2.0002854
0.0165150,2.0004724
0.0165200,2.0006657
0.0165250,2.0008643
0.0165300,2.0010685
0.0165350,2.0012760
0.0165400,2.0014840
0.0165450,2.0016888
0.0165500,2.0018855
0.0165550,2.0020673
0.0165600,2.0022278
0.0165650,2.0023668
0.0165700,2.0024887
0.0165750,2.0025955
0.0165800,2.0026879
0.0165850,2.0027675
0.0165900,2.0028382
0.0165950,2.0029036
0.0166000,1.9854825
0.0166050,1.9855196
0.0166100,1.9855583
0.0166150,1.9856018
0.0166200,1.9856525
0.0166250,1.9857108
0.0166300,1.9857779
0.0166350,1.9858576
0.0166400,1.9859562
0.0166450,1.9860778
0.0166500,1.9862267
0.0166550,1.9864067
0.0166600,1.9866160
0.0166650,1.9868480
0.0166700,1.9870961
0.0166750,1.9873559
0.0166800,1.9876219
0.0166850,1.9878853
0.0166900,1.9881424
0.0166950,1.9883931
0.0167000,1.9880337
0.0167050,1.9882552
0.0167100,1.9884697
0.0167150,1.9886775
0.0167200,1.9888796
0.0167250,1.9890760
0.0167300,1.9892674
0.0167350,1.9894535
0.0167400,1.9896335
0.0167450,1.9898043
0.0167500,1.9899622
0.0167550,1.9901061
0.0167600,1.9902354
0.0167650,1.9903513
0.0167700,1.9904582
0.0167750,1.9905580
0.0167800,1.9906505
0.0167850,1.9907382
0.0167900,1.9908276
0.0167950,1.9909238
0.0168000,2.0026445
0.0168050,2.0027248
0.0168100,2.0028130
0.0168150,2.0029106
0.0168200,2.0030185
0.0168250,2.0031369
0.0168300,2.0032658
0.0168350,2.0034027
0.0168400,2.0035427
0.0168450,2.0036811
0.0168500,2.0038169
0.0168550,2.0039523
0.0168600,2.0040869
0.0168650,2.0042207
0.0168700,2.0043571
0.0168750,2.0044973
0.0168800,2.0046402
0.0168850,2.0047849
0.0168900,2.0049314
0.0168950,2.0050771
0.0169000,1.9909336
0.0169050,1.9910712
0.0169100,1.9912049
0.0169150,1.9913316
0.0169200,1.9914487
0.0169250,1.9915579
0.0169300,1.9916661
0.0169350,1.9917775
0.0169400,1.9918930
0.0169450,1.9920127
0.0169500,1.9921360
0.0169550,1.9922613
0.0169600,1.9923876
0.0169650,1.9925150
0.0169700,1.9926454
0.0169750,1.9927823
0.0169800,1.9929280
0.0169850,1.9930793
0.0169900,1.9932302
0.0169950,1.9933779
0.0170000,1.9963349
0.0170050,1.9964693
0.0170100,1.9966017
0.0170150,1.9967300
0.0170200,1.9968513
0.0170250,1.9969628
0.0170300,1.9970625
0.0170350,1.9971517
0.0170400,1.9972357
0.0170450,1.9973171
0.0170500,1.9973913
0.0170550,1.9974544
0.0170600,1.9975026
0.0170650,1.9975327
0.0170700,1.9975478
0.0170750,1.9975538
0.0170800,1.9975551
0.0170850,1.9975525
0.0170900,1.9975478
0.0170950,1.9975462
0.0171000,2.0094104
0.0171050,2.0094304
0.0171100,2.0094644
0.0171150,2.0095184
0.0171200,2.0095988
0.0171250,2.0097021
0.0171300,2.0098208
0.0171350,2.0099520
0.0171400,2.0100924
0.0171450,2.0102341
0.0171500,2.0103716
0.0171550,2.0105060
0.0171600,2.0106376
0.0171650,2.0107600
0.0171700,2.0108671
0.0171750,2.0109580
0.0171800,2.0110369
0.0171850,2.0111051
0.0171900,2.0111642
0.0171950,2.0112230
0.0172000,2.0101668
0.0172050,2.0102139
0.0172100,2.0102798
0.0172150,2.0103642
0.0172200,2.0104639
0.0172250,2.0105709
0.0172300,2.0106774
0.0172350,2.0107797
0.0172400,2.0108779
0.0172450,2.0109705
0.0172500,2.0110558
0.0172550,2.0111363
0.0172600,2.0112157
0.0172650,2.0112936
0.0172700,2.0113662
0.0172750,2.0114311
0.0172800,2.0114878
0.0172850,2.0115344
0.0172900,2.0115681
0.0172950,2.0115909
0.0173000,2.0389097
0.0173050,2.0389038
0.0173100,2.0389011
0.0173150,2.0389016
0.0173200,2.0389092
0.0173250,2.0389256
0.0173300,2.0389484
0.0173350,2.0389736
0.0173400,2.0390010
0.0173450,2.0390334
0.0173500,2.0390720
0.0173550,2.0391176
0.0173600,2.0391703
0.0173650,2.0392315
0.0173700,2.0393019
0.0173750,2.0393805
0.0173800,2.0394656
0.0173850,2.0395577
0.0173900,2.0396577
0.0173950,2.0397662
0.0174000,2.0279052
0.0174050,2.0279725
0.0174100,2.0280448
0.0174150,2.0281215
0.0174200,2.0282026
0.0174250,2.0282865
0.0174300,2.0283704
0.0174350,2.0284524
0.0174400,2.0285338
0.0174450,2.0286172
0.0174500,2.0287053
0.0174550,2.0287978
0.0174600,2.0288952
0.0174650,2.0289993
0.0174700,2.0291101
0.0174750,2.0292278
0.0174800,2.0293527
0.0174850,2.0294852
0.0174900,2.0296243
0.0174950,2.0297662
0.0175000,2.0270212
0.0175050,2.0271292
0.0175100,2.0272408
0.0175150,2.0273563
0.0175200,2.0274753
0.0175250,2.0275986
0.0175300,2.0277266
0.0175350,2.0278582
0.0175400,2.0279924
0.0175450,2.0281282
0.0175500,2.0282681
0.0175550,2.0284138
0.0175600,2.0285656
0.0175650,2.0287230
0.0175700,2.0288859
0.0175750,2.0290561
0.0175800,2.0292341
0.0175850,2.0294200
0.0175900,2.0296147
0.0175950,2.0298168
0.0176000,2.0165296
0.0176050,2.0166860
0.0176100,2.0168385
0.0176150,2.0169866
0.0176200,2.0171307
0.0176250,2.0172737
0.0176300,2.0174178
0.0176350,2.0175649
0.0176400,2.0177148
0.0176450,2.0178659
0.0176500,2.0180187
0.0176550,2.0181734
0.0176600,2.0183253
0.0176650,2.0184660
0.0176700,2.0185935
0.0176750,2.0187133
0.0176800,2.0188296
0.0176850,2.0189446
0.0176900,2.0190615
0.0176950,2.0191832
0.0177000,2.0183690
0.0177050,2.0184732
0.0177100,2.0185692
0.0177150,2.0186480
0.0177200,2.0187007
0.0177250,2.0187248
0.0177300,2.0187228
0.0177350,2.0187012
0.0177400,2.0186659
0.0177450,2.0186259
0.0177500,2.0185933
0.0177550,2.0185764
0.0177600,2.0185786
0.0177650,2.0186015
0.0177700,2.0186467
0.0177750,2.0187103
0.0177800,2.0187853
0.0177850,2.0188663
0.0177900,2.0189503
0.0177950,2.0190350
0.0178000,2.0072907
0.0178050,2.0073592
0.0178100,2.0074278
0.0178150,2.0075020
0.0178200,2.0075890
0.0178250,2.0076930
0.0178300,2.0078135
0.0178350,2.0079456
0.0178400,2.0080821
0.0178450,2.0082158
0.0178500,2.0083442
0.0178550,2.0084663
0.0178600,2.0085813
0.0178650,2.0086902
0.0178700,2.0087982
0.0178750,2.0089066
0.0178800,2.0090145
0.0178850,2.0091264
0.0178900,2.0092506
0.0178950,2.0093909
0.0179000,2.0095458
0.0179050,2.0097124
0.0179100,2.0098862
0.0179150,2.0100616
0.0179200,2.0102335
0.0179250,2.0104014
0.0179300,2.0105699
0.0179350,2.0107412
0.0179400,2.0109144
0.0179450,2.0110895
0.0179500,2.0112661
0.0179550,2.0114396
0.0179600,2.0116040
0.0179650,2.0117561
0.0179700,2.0119002
0.0179750,2.0120423
0.0179800,2.0121850
0.0179850,2.0123296
0.0179900,2.0124787
0.0179950,2.0126353
0.0180000,2.0378045
0.0180050,2.0379693
0.0180100,2.0381464
0.0180150,2.0383303
0.0180200,2.0385163
0.0180250,2.0387010
0.0180300,2.0388804
0.0180350,2.0390506
0.0180400,2.0392084
0.0180450,2.0393535
0.0180500,2.0394912
0.0180550,2.0396254
0.0180600,2.0397555
0.0180650,2.0398778
0.0180700,2.0399881
0.0180750,2.0400844
0.0180800,2.0401672
0.0180850,2.0402385
0.0180900,2.0403006
0.0180950,2.0403542
0.0181000,2.0523345
0.0181050,2.0523784
0.0181100,2.0524122
0.0181150,2.0524333
0.0181200,2.0524387
0.0181250,2.0524259
0.0181300,2.0523940
0.0181350,2.0523453
0.0181400,2.0522821
0.0181450,2.0522063
0.0181500,2.0521202
0.0181550,2.0520259
0.0181600,2.0519264
0.0181650,2.0518245
0.0181700,2.0517245
0.0181750,2.0516297
0.0181800,2.0515425
0.0181850,2.0514695
0.0181900,2.0514168
0.0181950,2.0513857
0.0182000,2.0378475
0.0182050,2.0378610
0.0182100,2.0378925
0.0182150,2.0379416
0.0182200,2.0380065
0.0182250,2.0380866
0.0182300,2.0381805
0.0182350,2.0382836
0.0182400,2.0383871
0.0182450,2.0384836
0.0182500,2.0385676
0.0182550,2.0386346
0.0182600,2.0386871
0.0182650,2.0387319
0.0182700,2.0387753
0.0182750,2.0388206
0.0182800,2.0388707
0.0182850,2.0389322
0.0182900,2.0390121
0.0182950,2.0391152
0.0183000,2.0596634
0.0183050,2.0597695
0.0183100,2.0599034
0.0183150,2.0600595
0.0183200,2.0602279
0.0183250,2.0604029
0.0183300,2.0605811
0.0183350,2.0607538
0.0183400,2.0609119
0.0183450,2.0610506
0.0183500,2.0611674
0.0183550,2.0612610
0.0183600,2.0613295
0.0183650,2.0613726
0.0183700,2.0613932
0.0183750,2.0613929
0.0183800,2.0613744
0.0183850,2.0613425
0.0183900,2.0613052
0.0183950,2.0612717
0.0184000,2.0705385
0.0184050,2.0704978
0.0184100,2.0704813
0.0184150,2.0704926
0.0184200,2.0705314
0.0184250,2.0705972
0.0184300,2.0706913
0.0184350,2.0708125
0.0184400,2.0709548
0.0184450,2.0711151
0.0184500,2.0712899
0.0184550,2.0714719
0.0184600,2.0716523
0.0184650,2.0718240
0.0184700,2.0719823
0.0184750,2.0721232
0.0184800,2.0722450
0.0184850,2.0723523
0.0184900,2.0724535
0.0184950,2.0725532
0.0185000,2.0366578
0.0185050,2.0367267
0.0185100,2.0367966
0.0185150,2.0368719
0.0185200,2.0369520
0.0185250,2.0370362
0.0185300,2.0371242
0.0185350,2.0372117
0.0185400,2.0372944
0.0185450,2.0373721
0.0185500,2.0374457
0.0185550,2.0375145
0.0185600,2.0375778
0.0185650,2.0376395
0.0185700,2.0377055
0.0185750,2.0377786
0.0185800,2.0378600
0.0185850,2.0379508
0.0185900,2.0380537
0.0185950,2.0381697
0.0186000,2.0250354
0.0186050,2.0251557
0.0186100,2.0252803
0.0186150,2.0254055
0.0186200,2.0255253
0.0186250,2.0256381
0.0186300,2.0257462
0.0186350,2.0258549
0.0186400,2.0259697
0.0186450,2.0260975
0.0186500,2.0262459
0.0186550,2.0264197
0.0186600,2.0266172
0.0186650,2.0268333
0.0186700,2.0270627
0.0186750,2.0272976
0.0186800,2.0275290
0.0186850,2.0277544
0.0186900,2.0279746
0.0186950,2.0281891
0.0187000,2.0491057
0.0187050,2.0492790
0.0187100,2.0494433
0.0187150,2.0496025
0.0187200,2.0497588
0.0187250,2.0499150
0.0187300,2.0500752
0.0187350,2.0502427
0.0187400,2.0504157
0.0187450,2.0505909
0.0187500,2.0507672
0.0187550,2.0509434
0.0187600,2.0511163
0.0187650,2.0512842
0.0187700,2.0514487
0.0187750,2.0516114
0.0187800,2.0517725
0.0187850,2.0519307
0.0187900,2.0520863
0.0187950,2.0522409
0.0188000,2.0746337
0.0188050,2.0747772
0.0188100,2.0749295
0.0188150,2.0750932
0.0188200,2.0752695
0.0188250,2.0754555
0.0188300,2.0756478
0.0188350,2.0758434
0.0188400,2.0760364
0.0188450,2.0762212
0.0188500,2.0763950
0.0188550,2.0765592
0.0188600,2.0767143
0.0188650,2.0768591
0.0188700,2.0769906
0.0188750,2.0771076
0.0188800,2.0772112
0.0188850,2.0773031
0.0188900,2.0773876
0.0188950,2.0774689
0.0189000,2.0784474
0.0189050,2.0785195
0.0189100,2.0785934
0.0189150,2.0786685
0.0189200,2.0787431
0.0189250,2.0788146
0.0189300,2.0788822
0.0189350,2.0789457
0.0189400,2.0790043
0.0189450,2.0790546
0.0189500,2.0790947
0.0189550,2.0791244
0.0189600,2.0791455
0.0189650,2.0791606
0.0189700,2.0791753
0.0189750,2.0791960
0.0189800,2.0792259
0.0189850,2.0792632
0.0189900,2.0793082
0.0189950,2.0793643
0.0190000,2.0785748
0.0190050,2.0786435
0.0190100,2.0787109
0.0190150,2.0787758
0.0190200,2.0788341
0.0190250,2.0788817
0.0190300,2.0789187
0.0190350,2.0789459
0.0190400,2.0789630
0.0190450,2.0789712
0.0190500,2.0789726
0.0190550,2.0789686
0.0190600,2.0789625
0.0190650,2.0789586
0.0190700,2.0789626
0.0190750,2.0789786
0.0190800,2.0790072
0.0190850,2.0790455
0.0190900,2.0790915
0.0190950,2.0791460
0.0191000,2.1561322
0.0191050,2.1561550
0.0191100,2.1561802
0.0191150,2.1562072
0.0191200,2.1562353
0.0191250,2.1562619
0.0191300,2.1562884
0.0191350,2.1563198
0.0191400,2.1563604
0.0191450,2.1564129
0.0191500,2.1564805
0.0191550,2.1565643
0.0191600,2.1566626
0.0191650,2.1567718
0.0191700,2.1568909
0.0191750,2.1570208
0.0191800,2.1571629
0.0191850,2.1573158
0.0191900,2.1574780
0.0191950,2.1576471
0.0192000,2.1399957
0.0192050,2.1401004
0.0192100,2.1402001
0.0192150,2.1402901
0.0192200,2.1403687
0.0192250,2.1404346
0.0192300,2.1404881
0.0192350,2.1405324
0.0192400,2.1405695
0.0192450,2.1405979
0.0192500,2.1406124
0.0192550,2.1406066
0.0192600,2.1405790
0.0192650,2.1405296
0.0192700,2.1404606
0.0192750,2.1403767
0.0192800,2.1402838
0.0192850,2.1401848
0.0192900,2.1400796
0.0192950,2.1399712
0.0193000,2.1235825
0.0193050,2.1234503
0.0193100,2.1233349
0.0193150,2.1232379
0.0193200,2.1231612
0.0193250,2.1231039
0.0193300,2.1230627
0.0193350,2.1230327
0.0193400,2.1230066
0.0193450,2.1229786
0.0193500,2.1229468
0.0193550,2.1229152
0.0193600,2.1228885
0.0193650,2.1228709
0.0193700,2.1228665
0.0193750,2.1228764
0.0193800,2.1228995
0.0193850,2.1229343
0.0193900,2.1229772
0.0193950,2.1230265
0.0194000,2.1321323
0.0194050,2.1321234
0.0194100,2.1321133
0.0194150,2.1320955
0.0194200,2.1320671
0.0194250,2.1320298
0.0194300,2.1319887
0.0194350,2.1319477
0.0194400,2.1319071
0.0194450,2.1318655
0.0194500,2.1318232
0.0194550,2.1317788
0.0194600,2.1317289
0.0194650,2.1316748
0.0194700,2.1316212
0.0194750,2.1315701
0.0194800,2.1315208
0.0194850,2.1314756
0.0194900,2.1314393
0.0194950,2.1314152
0.0195000,2.1652668
0.0195050,2.1652729
0.0195100,2.1652984
0.0195150,2.1653391
0.0195200,2.1653886
0.0195250,2.1654442
0.0195300,2.1655054
0.0195350,2.1655683
0.0195400,2.1656289
0.0195450,2.1656882
0.0195500,2.1657483
0.0195550,2.1658100
0.0195600,2.1658755
0.0195650,2.1659476
0.0195700,2.1660285
0.0195750,2.1661151
0.0195800,2.1662027
0.0195850,2.1662912
0.0195900,2.1663817
0.0195950,2.1664743
0.0196000,2.1285657
0.0196050,2.1286325
0.0196100,2.1287053
0.0196150,2.1287898
0.0196200,2.1288885
0.0196250,2.1289990
0.0196300,2.1291183
0.0196350,2.1292422
0.0196400,2.1293632
0.0196450,2.1294735
0.0196500,2.1295655
0.0196550,2.1296334
0.0196600,2.1296725
0.0196650,2.1296806
0.0196700,2.1296617
0.0196750,2.1296236
0.0196800,2.1295732
0.0196850,2.1295159
0.0196900,2.1294539
0.0196950,2.1293859
0.0197000,2.1608933
0.0197050,2.1607901
0.0197100,2.1606846
0.0197150,2.1605797
0.0197200,2.1604814
0.0197250,2.1603945
0.0197300,2.1603222
0.0197350,2.1602661
0.0197400,2.1602262
0.0197450,2.1602044
0.0197500,2.1602008
0.0197550,2.1602159
0.0197600,2.1602502
0.0197650,2.1603004
0.0197700,2.1603622
0.0197750,2.1604334
0.0197800,2.1605135
0.0197850,2.1606032
0.0197900,2.1607026
0.0197950,2.1608103
0.0198000,2.1547941
0.0198050,2.1548860
0.0198100,2.1549844
0.0198150,2.1550854
0.0198200,2.1551886
0.0198250,2.1552965
0.0198300,2.1554120
0.0198350,2.1555355
0.0198400,2.1556647
0.0198450,2.1557944
0.0198500,2.1559205
0.0198550,2.1560444
0.0198600,2.1561687
0.0198650,2.1562931
0.0198700,2.1564137
0.0198750,2.1565225
0.0198800,2.1566088
0.0198850,2.1566622
0.0198900,2.1566781
0.0198950,2.1566611
0.0199000,2.1390754
0.0199050,2.1390201
0.0199100,2.1389715
0.0199150,2.1389370
0.0199200,2.1389210
0.0199250,2.1389218
0.0199300,2.1389329
0.0199350,2.1389450
0.0199400,2.1389537
0.0199450,2.1389578
0.0199500,2.1389569
0.0199550,2.1389518
0.0199600,2.1389438
0.0199650,2.1389346
0.0199700,2.1389221
0.0199750,2.1389035
0.0199800,2.1388777
0.0199850,2.1388422
0.0199900,2.1387939
0.0199950,2.1387338
0.0200000,2.1584813
0.0200050,2.1583800
0.0200100,2.1582766
0.0200150,2.1581807
0.0200200,2.1581007
0.0200250,2.1580405
0.0200300,2.1580014
0.0200350,2.1579833
0.0200400,2.1579855
0.0200450,2.1580034
0.0200500,2.1580289
0.0200550,2.1580567
0.0200600,2.1580798
0.0200650,2.1580939
0.0200700,2.1580991
0.0200750,2.1580987
0.0200800,2.1580937
0.0200850,2.1580817
0.0200900,2.1580628
0.0200950,2.1580409
0.0201000,2.1320168
0.0201050,2.1319727
0.0201100,2.1319227
0.0201150,2.1318726
0.0201200,2.1318292
0.0201250,2.1317962
0.0201300,2.1317780
0.0201350,2.1317795
0.0201400,2.1318025
0.0201450,2.1318449
0.0201500,2.1319061
0.0201550,2.1319877
0.0201600,2.1320872
0.0201650,2.1321972
0.0201700,2.1323110
0.0201750,2.1324265
0.0201800,2.1325426
0.0201850,2.1326557
0.0201900,2.1327665
0.0201950,2.1328788
0.0202000,2.1557869
0.0202050,2.1558334
0.0202100,2.1558757
0.0202150,2.1559083
0.0202200,2.1559244
0.0202250,2.1559188
0.0202300,2.1558926
0.0202350,2.1558509
0.0202400,2.1558013
0.0202450,2.1557475
0.0202500,2.1556931
0.0202550,2.1556422
0.0202600,2.1555961
0.0202650,2.1555560
0.0202700,2.1555224
0.0202750,2.1554966
0.0202800,2.1554788
0.0202850,2.1554667
0.0202900,2.1554589
0.0202950,2.1554536
0.0203000,2.1557106
0.0203050,2.1557128
0.0203100,2.1557296
0.0203150,2.1557628
0.0203200,2.1558083
0.0203250,2.1558605
0.0203300,2.1559165
0.0203350,2.1559741
0.0203400,2.1560324
0.0203450,2.1560939
0.0203500,2.1561619
0.0203550,2.1562361
0.0203600,2.1563122
0.0203650,2.1563865
0.0203700,2.1564559
0.0203750,2.1565186
0.0203800,2.1565752
0.0203850,2.1566293
0.0203900,2.1566862
0.0203950,2.1567506
0.0204000,2.1549260
0.0204050,2.1549982
0.0204100,2.1550799
0.0204150,2.1551716
0.0204200,2.1552752
0.0204250,2.1553917
0.0204300,2.1555187
0.0204350,2.1556543
0.0204400,2.1557954
0.0204450,2.1559366
0.0204500,2.1560767
0.0204550,2.1562203
0.0204600,2.1563673
0.0204650,2.1565125
0.0204700,2.1566499
0.0204750,2.1567780
0.0204800,2.1568988
0.0204850,2.1570146
0.0204900,2.1571277
0.0204950,2.1572402
0.0205000,2.1535311
0.0205050,2.1536074
0.0205100,2.1536916
0.0205150,2.1537851
0.0205200,2.1538869
0.0205250,2.1539940
0.0205300,2.1541019
0.0205350,2.1542054
0.0205400,2.1543006
0.0205450,2.1543853
0.0205500,2.1544574
0.0205550,2.1545155
0.0205600,2.1545591
0.0205650,2.1545883
0.0205700,2.1546038
0.0205750,2.1546112
0.0205800,2.1546161
0.0205850,2.1546204
0.0205900,2.1546208
0.0205950,2.1546091
0.0206000,2.1536302
0.0206050,2.1535510
0.0206100,2.1534587
0.0206150,2.1533557
0.0206200,2.1532435
0.0206250,2.1531251
0.0206300,2.1530051
0.0206350,2.1528923
0.0206400,2.1527937
0.0206450,2.1527087
0.0206500,2.1526362
0.0206550,2.1525749
0.0206600,2.1525222
0.0206650,2.1524745
0.0206700,2.1524274
0.0206750,2.1523792
0.0206800,2.1523328
0.0206850,2.1522942
0.0206900,2.1522667
0.0206950,2.1522522
0.0207000,2.1323313
0.0207050,2.1323242
0.0207100,2.1323344
0.0207150,2.1323618
0.0207200,2.1324050
0.0207250,2.1324635
0.0207300,2.1325378
0.0207350,2.1326267
0.0207400,2.1327254
0.0207450,2.1328295
0.0207500,2.1329353
0.0207550,2.1330365
0.0207600,2.1331275
0.0207650,2.1332074
0.0207700,2.1332814
0.0207750,2.1333572
0.0207800,2.1334421
0.0207850,2.1335421
0.0207900,2.1336596
0.0207950,2.1337940
0.0208000,2.1658622
0.0208050,2.1660159
0.0208100,2.1661870
0.0208150,2.1663733
0.0208200,2.1665707
0.0208250,2.1667732
0.0208300,2.1669730
0.0208350,2.1671648
0.0208400,2.1673466
0.0208450,2.1675191
0.0208500,2.1676845
0.0208550,2.1678434
0.0208600,2.1679986
0.0208650,2.1681525
0.0208700,2.1683056
0.0208750,2.1684544
0.0208800,2.1685931
0.0208850,2.1687197
0.0208900,2.1688311
0.0208950,2.1689232
0.0209000,2.1835463
0.0209050,2.1835445
0.0209100,2.1835313
0.0209150,2.1835075
0.0209200,2.1834722
0.0209250,2.1834288
0.0209300,2.1833865
0.0209350,2.1833535
0.0209400,2.1833346
0.0209450,2.1833321
0.0209500,2.1833469
0.0209550,2.1833784
0.0209600,2.1834255
0.0209650,2.1834828
0.0209700,2.1835424
0.0209750,2.1835976
0.0209800,2.1836467
0.0209850,2.1836914
0.0209900,2.1837356
0.0209950,2.1837845
0.0210000,2.1723708
0.0210050,2.1724124
0.0210100,2.1724663
0.0210150,2.1725315
0.0210200,2.1726063
0.0210250,2.1726864
0.0210300,2.1727703
0.0210350,2.1728608
0.0210400,2.1729619
0.0210450,2.1730760
0.0210500,2.1732044
0.0210550,2.1733470
0.0210600,2.1735016
0.0210650,2.1736638
0.0210700,2.1738304
0.0210750,2.1740001
0.0210800,2.1741748
0.0210850,2.1743562
0.0210900,2.1745448
0.0210950,2.1747430
0.0211000,2.1840691
0.0211050,2.1842382
0.0211100,2.1844169
0.0211150,2.1846029
0.0211200,2.1847950
0.0211250,2.1849910
0.0211300,2.1851887
0.0211350,2.1853858
0.0211400,2.1855832
0.0211450,2.1857844
0.0211500,2.1859890
0.0211550,2.1861949
0.0211600,2.1864012
0.0211650,2.1866091
0.0211700,2.1868155
0.0211750,2.1870142
0.0211800,2.1872022
0.0211850,2.1873801
0.0211900,2.1875513
0.0211950,2.1877203
0.0212000,2.1730528
0.0212050,2.1731956
0.0212100,2.1733365
0.0212150,2.1734743
0.0212200,2.1736092
0.0212250,2.1737424
0.0212300,2.1738766
0.0212350,2.1740131
0.0212400,2.1741557
0.0212450,2.1743081
0.0212500,2.1744694
0.0212550,2.1746363
0.0212600,2.1748057
0.0212650,2.1749760
0.0212700,2.1751453
0.0212750,2.1753113
0.0212800,2.1754733
0.0212850,2.1756282
0.0212900,2.1757733
0.0212950,2.1759106
0.0213000,2.1986648
0.0213050,2.1987590
0.0213100,2.1988557
0.0213150,2.1989580
0.0213200,2.1990679
0.0213250,2.1991843
0.0213300,2.1993050
0.0213350,2.1994274
0.0213400,2.1995495
0.0213450,2.1996704
0.0213500,2.1997919
0.0213550,2.1999179
0.0213600,2.2000520
0.0213650,2.2001953
0.0213700,2.2003449
0.0213750,2.2004958
0.0213800,2.2006421
0.0213850,2.2007784
0.0213900,2.2009027
0.0213950,2.2010154
0.0214000,2.2141553
0.0214050,2.2142375
0.0214100,2.2143169
0.0214150,2.2143927
0.0214200,2.2144636
0.0214250,2.2145298
0.0214300,2.2145933
0.0214350,2.2146524
0.0214400,2.2147075
0.0214450,2.2147621
0.0214500,2.2148205
0.0214550,2.2148884
0.0214600,2.2149682
0.0214650,2.2150643
0.0214700,2.2151797
0.0214750,2.2153132
0.0214800,2.2154640
0.0214850,2.2156304
0.0214900,2.2158083
0.0214950,2.2159924
0.0215000,2.1988476
0.0215050,2.1990348
0.0215100,2.1992289
0.0215150,2.1994270
0.0215200,2.1996293
0.0215250,2.1998360
0.0215300,2.2000413
0.0215350,2.2002335
0.0215400,2.2004026
0.0215450,2.2005436
0.0215500,2.2006570
0.0215550,2.2007463
0.0215600,2.2008156
0.0215650,2.2008714
0.0215700,2.2009231
0.0215750,2.2009793
0.0215800,2.2010474
0.0215850,2.2011300
0.0215900,2.2012264
0.0215950,2.2013361
0.0216000,2.2157766
0.0216050,2.2158861
0.0216100,2.2160080
0.0216150,2.2161419
0.0216200,2.2162878
0.0216250,2.2164448
0.0216300,2.2166105
0.0216350,2.2167826
0.0216400,2.2169632
0.0216450,2.2171535
0.0216500,2.2173509
0.0216550,2.2175528
0.0216600,2.2177574
0.0216650,2.2179614
0.0216700,2.2181602
0.0216750,2.2183489
0.0216800,2.2185241
0.0216850,2.2186833
0.0216900,2.2188266
0.0216950,2.2189550
0.0217000,2.1636586
0.0217050,2.1637567
0.0217100,2.1638659
0.0217150,2.1639881
0.0217200,2.1641231
0.0217250,2.1642665
0.0217300,2.1644114
0.0217350,2.1645521
0.0217400,2.1646925
0.0217450,2.1648388
0.0217500,2.1649954
0.0217550,2.1651642
0.0217600,2.1653443
0.0217650,2.1655345
0.0217700,2.1657298
0.0217750,2.1659238
0.0217800,2.1661144
0.0217850,2.1663027
0.0217900,2.1664914
0.0217950,2.1666848
0.0218000,2.1915663
0.0218050,2.1917664
0.0218100,2.1919761
0.0218150,2.1921893
0.0218200,2.1924007
0.0218250,2.1926061
0.0218300,2.1928033
0.0218350,2.1929897
0.0218400,2.1931606
0.0218450,2.1933088
0.0218500,2.1934310
0.0218550,2.1935287
0.0218600,2.1936045
0.0218650,2.1936633
0.0218700,2.1937101
0.0218750,2.1937486
0.0218800,2.1937865
0.0218850,2.1938323
0.0218900,2.1938905
0.0218950,2.1939633
0.0219000,2.2100309
0.0219050,2.2100903
0.0219100,2.2101554
0.0219150,2.2102249
0.0219200,2.2102981
0.0219250,2.2103737
0.0219300,2.2104471
0.0219350,2.2105131
0.0219400,2.2105688
0.0219450,2.2106126
0.0219500,2.2106452
0.0219550,2.2106688
0.0219600,2.2106853
0.0219650,2.2106960
0.0219700,2.2107028
0.0219750,2.2107110
0.0219800,2.2107267
0.0219850,2.2107545
0.0219900,2.2107963
0.0219950,2.2108512
0.0220000,2.2130023
0.0220050,2.2130828
0.0220100,2.2131726
0.0220150,2.2132676
0.0220200,2.2133666
0.0220250,2.2134684
0.0220300,2.2135716
0.0220350,2.2136741
0.0220400,2.2137725
0.0220450,2.2138641
0.0220500,2.2139512
0.0220550,2.2140373
0.0220600,2.2141239
0.0220650,2.2142119
0.0220700,2.2143017
0.0220750,2.2143955
0.0220800,2.2144954
0.0220850,2.2146002
0.0220900,2.2147083
0.0220950,2.2148189
0.0221000,2.1861071
0.0221050,2.1861859
0.0221100,2.1862660
0.0221150,2.1863478
0.0221200,2.1864294
0.0221250,2.1865080
0.0221300,2.1865822
0.0221350,2.1866530
0.0221400,2.1867219
0.0221450,2.1867903
0.0221500,2.1868596
0.0221550,2.1869284
0.0221600,2.1869915
0.0221650,2.1870432
0.0221700,2.1870822
0.0221750,2.1871143
0.0221800,2.1871453
0.0221850,2.1871759
0.0221900,2.1872075
0.0221950,2.1872443
0.0222000,2.1964359
0.0222050,2.1964034
0.0222100,2.1963833
0.0222150,2.1963794
0.0222200,2.1963915
0.0222250,2.1964155
0.0222300,2.1964506
0.0222350,2.1964993
0.0222400,2.1965621
0.0222450,2.1966358
0.0222500,2.1967202
0.0222550,2.1968165
0.0222600,2.1969225
0.0222650,2.1970347
0.0222700,2.1971511
0.0222750,2.1972720
0.0222800,2.1973982
0.0222850,2.1975311
0.0222900,2.1976749
0.0222950,2.1978359
0.0223000,2.1862596
0.0223050,2.1864064
0.0223100,2.1865741
0.0223150,2.1867610
0.0223200,2.1869653
0.0223250,2.1871830
0.0223300,2.1874092
0.0223350,2.1876417
0.0223400,2.1878802
0.0223450,2.1881227
0.0223500,2.1883656
0.0223550,2.1886078
0.0223600,2.1888489
0.0223650,2.1890867
0.0223700,2.1893174
0.0223750,2.1895396
0.0223800,2.1897541
0.0223850,2.1899640
0.0223900,2.1901721
0.0223950,2.1903794
0.0224000,2.1829215
0.0224050,2.1831230
0.0224100,2.1833269
0.0224150,2.1835319
0.0224200,2.1837369
0.0224250,2.1839401
0.0224300,2.1841409
0.0224350,2.1843376
0.0224400,2.1845318
0.0224450,2.1847217
0.0224500,2.1849064
0.0224550,2.1850901
0.0224600,2.1852782
0.0224650,2.1854717
0.0224700,2.1856663
0.0224750,2.1858604
0.0224800,2.1860550
0.0224850,2.1862499
0.0224900,2.1864471
0.0224950,2.1866497
0.0225000,2.1769168
0.0225050,2.1770863
0.0225100,2.1772538
0.0225150,2.1774200
0.0225200,2.1775892
0.0225250,2.1777636
0.0225300,2.1779402
0.0225350,2.1781154
0.0225400,2.1782848
0.0225450,2.1784423
0.0225500,2.1785833
0.0225550,2.1787064
0.0225600,2.1788133
0.0225650,2.1789072
0.0225700,2.1789907
0.0225750,2.1790669
0.0225800,2.1791395
0.0225850,2.1792124
0.0225900,2.1792865
0.0225950,2.1793614
0.0226000,2.1807962
0.0226050,2.1808607
0.0226100,2.1809290
0.0226150,2.1810018
0.0226200,2.1810794
0.0226250,2.1811590
0.0226300,2.1812366
0.0226350,2.1813124
0.0226400,2.1813866
0.0226450,2.1814570
0.0226500,2.1815226
0.0226550,2.1815842
0.0226600,2.1816425
0.0226650,2.1816981
0.0226700,2.1817539
0.0226750,2.1818161
0.0226800,2.1818866
0.0226850,2.1819622
0.0226900,2.1820379
0.0226950,2.1821100
0.0227000,2.2022171
0.0227050,2.2022264
0.0227100,2.2022308
0.0227150,2.2022318
0.0227200,2.2022357
0.0227250,2.2022513
0.0227300,2.2022832
0.0227350,2.2023333
0.0227400,2.2024007
0.0227450,2.2024835
0.0227500,2.2025803
0.0227550,2.2026873
0.0227600,2.2028002
0.0227650,2.2029146
0.0227700,2.2030257
0.0227750,2.2031317
0.0227800,2.2032340
0.0227850,2.2033352
0.0227900,2.2034339
0.0227950,2.2035284
0.0228000,2.1789888
0.0228050,2.1790538
0.0228100,2.1791170
0.0228150,2.1791789
0.0228200,2.1792406
0.0228250,2.1793018
0.0228300,2.1793611
0.0228350,2.1794175
0.0228400,2.1794691
0.0228450,2.1795124
0.0228500,2.1795439
0.0228550,2.1795623
0.0228600,2.1795701
0.0228650,2.1795702
0.0228700,2.1795644
0.0228750,2.1795564
0.0228800,2.1795477
0.0228850,2.1795383
0.0228900,2.1795278
0.0228950,2.1795166
0.0229000,2.1819271
0.0229050,2.1818735
0.0229100,2.1818146
0.0229150,2.1817487
0.0229200,2.1816746
0.0229250,2.1815924
0.0229300,2.1815043
0.0229350,2.1814173
0.0229400,2.1813394
0.0229450,2.1812756
0.0229500,2.1812270
0.0229550,2.1811916
0.0229600,2.1811667
0.0229650,2.1811468
0.0229700,2.1811256
0.0229750,2.1811020
0.0229800,2.1810788
0.0229850,2.1810614
0.0229900,2.1810543
0.0229950,2.1810597
0.0230000,2.1998248
0.0230050,2.1998251
0.0230100,2.1998274
0.0230150,2.1998281
0.0230200,2.1998263
0.0230250,2.1998175
0.0230300,2.1997975
0.0230350,2.1997659
0.0230400,2.1997234
0.0230450,2.1996699
0.0230500,2.1996054
0.0230550,2.1995367
0.0230600,2.1994722
0.0230650,2.1994158
0.0230700,2.1993714
0.0230750,2.1993445
0.0230800,2.1993383
0.0230850,2.1993485
0.0230900,2.1993688
0.0230950,2.1993959
0.0231000,2.1909407
0.0231050,2.1909404
0.0231100,2.1909402
0.0231150,2.1909428
0.0231200,2.1909504
0.0231250,2.1909596
0.0231300,2.1909661
0.0231350,2.1909693
0.0231400,2.1909689
0.0231450,2.1909616
0.0231500,2.1909440
0.0231550,2.1909171
0.0231600,2.1908850
0.0231650,2.1908488
0.0231700,2.1908098
0.0231750,2.1907729
0.0231800,2.1907394
0.0231850,2.1907060
0.0231900,2.1906722
0.0231950,2.1906412
0.0232000,2.1869251
0.0232050,2.1869032
0.0232100,2.1868899
0.0232150,2.1868885
0.0232200,2.1869012
0.0232250,2.1869260
0.0232300,2.1869602
0.0232350,2.1870033
0.0232400,2.1870560
0.0232450,2.1871144
0.0232500,2.1871732
0.0232550,2.1872308
0.0232600,2.1872862
0.0232650,2.1873395
0.0232700,2.1873927
0.0232750,2.1874503
0.0232800,2.1875142
0.0232850,2.1875799
0.0232900,2.1876436
0.0232950,2.1877054
0.0233000,2.2073688
0.0233050,2.2073633
0.0233100,2.2073483
0.0233150,2.2073263
0.0233200,2.2072999
0.0233250,2.2072701
0.0233300,2.2072392
0.0233350,2.2072112
0.0233400,2.2071891
0.0233450,2.2071729
0.0233500,2.2071613
0.0233550,2.2071535
0.0233600,2.2071472
0.0233650,2.2071375
0.0233700,2.2071169
0.0233750,2.2070780
0.0233800,2.2070166
0.0233850,2.2069322
0.0233900,2.2068264
0.0233950,2.2067026
0.0234000,2.1878754
0.0234050,2.1877063
0.0234100,2.1875433
0.0234150,2.1873954
0.0234200,2.1872683
0.0234250,2.1871629
0.0234300,2.1870787
0.0234350,2.1870160
0.0234400,2.1869770
0.0234450,2.1869621
0.0234500,2.1869678
0.0234550,2.1869902
0.0234600,2.1870274
0.0234650,2.1870757
0.0234700,2.1871305
0.0234750,2.1871887
0.0234800,2.1872466
0.0234850,2.1872992
0.0234900,2.1873456
0.0234950,2.1873880
0.0235000,2.1968618
0.0235050,2.1968875
0.0235100,2.1969161
0.0235150,2.1969491
0.0235200,2.1969833
0.0235250,2.1970149
0.0235300,2.1970435
0.0235350,2.1970684
0.0235400,2.1970882
0.0235450,2.1971019
0.0235500,2.1971102
0.0235550,2.1971138
0.0235600,2.1971125
0.0235650,2.1971080
0.0235700,2.1971018
0.0235750,2.1970955
0.0235800,2.1970886
0.0235850,2.1970783
0.0235900,2.1970638
0.0235950,2.1970467
0.0236000,2.1741952
0.0236050,2.1741403
0.0236100,2.1740844
0.0236150,2.1740281
0.0236200,2.1739712
0.0236250,2.1739127
0.0236300,2.1738525
0.0236350,2.1737929
0.0236400,2.1737371
0.0236450,2.1736860
0.0236500,2.1736419
0.0236550,2.1736048
0.0236600,2.1735698
0.0236650,2.1735317
0.0236700,2.1734870
0.0236750,2.1734327
0.0236800,2.1733660
0.0236850,2.1732884
0.0236900,2.1732035
0.0236950,2.1731150
0.0237000,2.1962983
0.0237050,2.1961978
0.0237100,2.1961105
0.0237150,2.1960383
0.0237200,2.1959806
0.0237250,2.1959394
0.0237300,2.1959182
0.0237350,2.1959197
0.0237400,2.1959399
0.0237450,2.1959720
0.0237500,2.1960135
0.0237550,2.1960644
0.0237600,2.1961262
0.0237650,2.1962026
0.0237700,2.1962937
0.0237750,2.1963972
0.0237800,2.1965121
0.0237850,2.1966417
0.0237900,2.1967884
0.0237950,2.1969470
0.0238000,2.2090184
0.0238050,2.2091317
0.0238100,2.2092429
0.0238150,2.2093487
0.0238200,2.2094485
0.0238250,2.2095484
0.0238300,2.2096523
0.0238350,2.2097582
0.0238400,2.2098624
0.0238450,2.2099641
0.0238500,2.2100623
0.0238550,2.2101543
0.0238600,2.2102393
0.0238650,2.2103209
0.0238700,2.2104002
0.0238750,2.2104732
0.0238800,2.2105351
0.0238850,2.2105839
0.0238900,2.2106193
0.0238950,2.2106410
0.0239000,2.2070832
0.0239050,2.2069730
0.0239100,2.2068521
0.0239150,2.2067225
0.0239200,2.2065851
0.0239250,2.2064441
0.0239300,2.2063046
0.0239350,2.2061703
0.0239400,2.2060438
0.0239450,2.2059279
0.0239500,2.2058265
0.0239550,2.2057409
0.0239600,2.2056696
0.0239650,2.2056123
0.0239700,2.2055692
0.0239750,2.2055393
0.0239800,2.2055214
0.0239850,2.2055170
0.0239900,2.2055303
0.0239950,2.2055648
0.0240000,2.2130428
0.0240050,2.2130846
0.0240100,2.2131451
0.0240150,2.2132214
0.0240200,2.2133064
0.0240250,2.2133943
0.0240300,2.2134816
0.0240350,2.2135646
0.0240400,2.2136417
0.0240450,2.2137161
0.0240500,2.2137931
0.0240550,2.2138761
0.0240600,2.2139660
0.0240650,2.2140621
0.0240700,2.2141571
0.0240750,2.2142426
0.0240800,2.2143143
0.0240850,2.2143736
0.0240900,2.2144256
0.0240950,2.2144747
0.0241000,2.1822759
0.0241050,2.1823298
0.0241100,2.1823889
0.0241150,2.1824506
0.0241200,2.1825101
0.0241250,2.1825663
0.0241300,2.1826191
0.0241350,2.1826660
0.0241400,2.1827060
0.0241450,2.1827411
0.0241500,2.1827755
0.0241550,2.1828125
0.0241600,2.1828534
0.0241650,2.1828997
0.0241700,2.1829531
0.0241750,2.1830127
0.0241800,2.1830767
0.0241850,2.1831478
0.0241900,2.1832290
0.0241950,2.1833190
0.0242000,2.2182306
0.0242050,2.2182649
0.0242100,2.2183033
0.0242150,2.2183435
0.0242200,2.2183852
0.0242250,2.2184316
0.0242300,2.2184871
0.0242350,2.2185548
0.0242400,2.2186329
0.0242450,2.2187150
0.0242500,2.2187950
0.0242550,2.2188651
0.0242600,2.2189200
0.0242650,2.2189605
0.0242700,2.2189919
0.0242750,2.2190209
0.0242800,2.2190508
0.0242850,2.2190817
0.0242900,2.2191128
0.0242950,2.2191434
0.0243000,2.2153729
0.0243050,2.2154035
0.0243100,2.2154345
0.0243150,2.2154662
0.0243200,2.2154977
0.0243250,2.2155294
0.0243300,2.2155632
0.0243350,2.2156021
0.0243400,2.2156499
0.0243450,2.2157121
0.0243500,2.2157946
0.0243550,2.2158970
0.0243600,2.2160152
0.0243650,2.2161459
0.0243700,2.2162868
0.0243750,2.2164381
0.0243800,2.2165969
0.0243850,2.2167565
0.0243900,2.2169107
0.0243950,2.2170565
0.0244000,2.2270909
0.0244050,2.2272050
0.0244100,2.2273120
0.0244150,2.2274139
0.0244200,2.2275128
0.0244250,2.2276101
0.0244300,2.2277048
0.0244350,2.2277960
0.0244400,2.2278828
0.0244450,2.2279650
0.0244500,2.2280432
0.0244550,2.2281219
0.0244600,2.2282081
0.0244650,2.2283064
0.0244700,2.2284193
0.0244750,2.2285466
0.0244800,2.2286856
0.0244850,2.2288354
0.0244900,2.2289956
0.0244950,2.2291687
0.0245000,2.2205740
0.0245050,2.2207868
0.0245100,2.2210172
0.0245150,2.2212632
0.0245200,2.2215189
0.0245250,2.2217758
0.0245300,2.2220270
0.0245350,2.2222724
0.0245400,2.2225154
0.0245450,2.2227550
0.0245500,2.2229844
0.0245550,2.2232002
0.0245600,2.2234028
0.0245650,2.2235919
0.0245700,2.2237651
0.0245750,2.2239218
0.0245800,2.2240636
0.0245850,2.2241959
0.0245900,2.2243216
0.0245950,2.2244395
0.0246000,2.1887233
0.0246050,2.1888085
0.0246100,2.1888910
0.0246150,2.1889748
0.0246200,2.1890623
0.0246250,2.1891548
0.0246300,2.1892519
0.0246350,2.1893469
0.0246400,2.1894310
0.0246450,2.1894999
0.0246500,2.1895532
0.0246550,2.1895912
0.0246600,2.1896160
0.0246650,2.1896322
0.0246700,2.1896464
0.0246750,2.1896622
0.0246800,2.1896821
0.0246850,2.1897110
0.0246900,2.1897523
0.0246950,2.1898052
0.0247000,2.2184378
0.0247050,2.2184875
0.0247100,2.2185571
0.0247150,2.2186407
0.0247200,2.2187338
0.0247250,2.2188335
0.0247300,2.2189336
0.0247350,2.2190273
0.0247400,2.2191131
0.0247450,2.2191921
0.0247500,2.2192635
0.0247550,2.2193250
0.0247600,2.2193756
0.0247650,2.2194145
0.0247700,2.2194411
0.0247750,2.2194567
0.0247800,2.2194655
0.0247850,2.2194718
0.0247900,2.2194772
0.0247950,2.2194801
0.0248000,2.2562420
0.0248050,2.2562684
0.0248100,2.2562946
0.0248150,2.2563184
0.0248200,2.2563383
0.0248250,2.2563525
0.0248300,2.2563597
0.0248350,2.2563589
0.0248400,2.2563525
0.0248450,2.2563435
0.0248500,2.2563340
0.0248550,2.2563243
0.0248600,2.2563156
0.0248650,2.2563095
0.0248700,2.2563068
0.0248750,2.2563084
0.0248800,2.2563123
0.0248850,2.2563148
0.0248900,2.2563147
0.0248950,2.2563107
0.0249000,2.2524666
0.0249050,2.2524291
0.0249100,2.2523890
0.0249150,2.2523472
0.0249200,2.2523053
0.0249250,2.2522646
0.0249300,2.2522260
0.0249350,2.2521924
0.0249400,2.2521667
0.0249450,2.2521486
0.0249500,2.2521382
0.0249550,2.2521354
0.0249600,2.2521397
0.0249650,2.2521513
0.0249700,2.2521730
0.0249750,2.2522076
0.0249800,2.2522550
0.0249850,2.2523140
0.0249900,2.2523864
0.0249950,2.2524749
0.0250000,2.2546528
0.0250050,2.2547645
0.0250100,2.2548882
0.0250150,2.2550212
0.0250200,2.2551613
0.0250250,2.2553056
0.0250300,2.2554512
0.0250350,2.2555972
0.0250400,2.2557422
0.0250450,2.2558898
0.0250500,2.2560458
0.0250550,2.2562139
0.0250600,2.2563932
0.0250650,2.2565821
0.0250700,2.2567767
0.0250750,2.2569706
0.0250800,2.2571560
0.0250850,2.2573289
0.0250900,2.2574855
0.0250950,2.2576242
0.0251000,2.2524604
0.0251050,2.2525065
0.0251100,2.2525453
0.0251150,2.2525819
0.0251200,2.2526192
0.0251250,2.2526583
0.0251300,2.2527014
0.0251350,2.2527506
0.0251400,2.2528031
0.0251450,2.2528548
0.0251500,2.2529018
0.0251550,2.2529405
0.0251600,2.2529723
0.0251650,2.2530011
0.0251700,2.2530298
0.0251750,2.2530625
0.0251800,2.2531031
0.0251850,2.2531540
0.0251900,2.2532146
0.0251950,2.2532860
0.0252000,2.2344587
0.0252050,2.2345341
0.0252100,2.2346225
0.0252150,2.2347203
0.0252200,2.2348255
0.0252250,2.2349370
0.0252300,2.2350523
0.0252350,2.2351708
0.0252400,2.2352918
0.0252450,2.2354173
0.0252500,2.2355514
0.0252550,2.2356959
0.0252600,2.2358529
0.0252650,2.2360236
0.0252700,2.2362043
0.0252750,2.2363886
0.0252800,2.2365679
0.0252850,2.2367338
0.0252900,2.2368790
0.0252950,2.2370029
0.0253000,2.2692185
0.0253050,2.2693112
0.0253100,2.2694031
0.0253150,2.2694963
0.0253200,2.2695906
0.0253250,2.2696850
0.0253300,2.2697792
0.0253350,2.2698732
0.0253400,2.2699663
0.0253450,2.2700585
0.0253500,2.2701504
0.0253550,2.2702420
0.0253600,2.2703338
0.0253650,2.2704246
0.0253700,2.2705094
0.0253750,2.2705852
0.0253800,2.2706535
0.0253850,2.2707177
0.0253900,2.2707806
0.0253950,2.2708455
0.0254000,2.2382879
0.0254050,2.2383505
0.0254100,2.2384212
0.0254150,2.2384986
0.0254200,2.2385828
0.0254250,2.2386746
0.0254300,2.2387716
0.0254350,2.2388713
0.0254400,2.2389748
0.0254450,2.2390829
0.0254500,2.2391924
0.0254550,2.2393003
0.0254600,2.2394074
0.0254650,2.2395152
0.0254700,2.2396250
0.0254750,2.2397389
0.0254800,2.2398593
0.0254850,2.2399856
0.0254900,2.2401136
0.0254950,2.2402417
0.0255000,2.2639104
0.0255050,2.2640213
0.0255100,2.2641256
0.0255150,2.2642232
0.0255200,2.2643175
0.0255250,2.2644118
0.0255300,2.2645076
0.0255350,2.2646058
0.0255400,2.2647056
0.0255450,2.2648062
0.0255500,2.2649055
0.0255550,2.2649987
0.0255600,2.2650804
0.0255650,2.2651496
0.0255700,2.2652088
0.0255750,2.2652612
0.0255800,2.2653120
0.0255850,2.2653649
0.0255900,2.2654218
0.0255950,2.2654811
0.0256000,2.3030214
0.0256050,2.3030286
0.0256100,2.3030331
0.0256150,2.3030335
0.0256200,2.3030333
0.0256250,2.3030358
0.0256300,2.3030405
0.0256350,2.3030439
0.0256400,2.3030427
0.0256450,2.3030362
0.0256500,2.3030269
0.0256550,2.3030205
0.0256600,2.3030212
0.0256650,2.3030315
0.0256700,2.3030516
0.0256750,2.3030788
0.0256800,2.3031124
0.0256850,2.3031549
0.0256900,2.3032073
0.0256950,2.3032685
0.0257000,2.3033420
0.0257050,2.3034289
0.0257100,2.3035211
0.0257150,2.3036098
0.0257200,2.3036945
0.0257250,2.3037800
0.0257300,2.3038708
0.0257350,2.3039705
0.0257400,2.3040846
0.0257450,2.3042166
0.0257500,2.3043657
0.0257550,2.3045283
0.0257600,2.3047015
0.0257650,2.3048838
0.0257700,2.3050714
0.0257750,2.3052603
0.0257800,2.3054467
0.0257850,2.3056289
0.0257900,2.3058056
0.0257950,2.3059740
0.0258000,2.2686835
0.0258050,2.2687971
0.0258100,2.2688951
0.0258150,2.2689763
0.0258200,2.2690432
0.0258250,2.2691002
0.0258300,2.2691493
0.0258350,2.2691924
0.0258400,2.2692327
0.0258450,2.2692741
0.0258500,2.2693230
0.0258550,2.2693860
0.0258600,2.2694686
0.0258650,2.2695762
0.0258700,2.2697085
0.0258750,2.2698589
0.0258800,2.2700223
0.0258850,2.2701957
0.0258900,2.2703752
0.0258950,2.2705544
0.0259000,2.2552136
0.0259050,2.2553439
0.0259100,2.2554662
0.0259150,2.2555814
0.0259200,2.2556914
0.0259250,2.2557977
0.0259300,2.2558986
0.0259350,2.2559930
0.0259400,2.2560822
0.0259450,2.2561669
0.0259500,2.2562470
0.0259550,2.2563223
0.0259600,2.2563920
0.0259650,2.2564573
0.0259700,2.2565220
0.0259750,2.2565873
0.0259800,2.2566530
0.0259850,2.2567207
0.0259900,2.2567923
0.0259950,2.2568670
0.0260000,2.2751726
0.0260050,2.2752131
0.0260100,2.2752622
0.0260150,2.2753176
0.0260200,2.2753736
0.0260250,2.2754237
0.0260300,2.2754628
0.0260350,2.2754885
0.0260400,2.2755039
0.0260450,2.2755159
0.0260500,2.2755315
0.0260550,2.2755537
0.0260600,2.2755820
0.0260650,2.2756139
0.0260700,2.2756469
0.0260750,2.2756761
0.0260800,2.2756983
0.0260850,2.2757167
0.0260900,2.2757348
0.0260950,2.2757529
0.0261000,2.2752413
0.0261050,2.2752616
0.0261100,2.2752838
0.0261150,2.2753088
0.0261200,2.2753386
0.0261250,2.2753793
0.0261300,2.2754362
0.0261350,2.2755090
0.0261400,2.2755980
0.0261450,2.2757081
0.0261500,2.2758442
0.0261550,2.2760057
0.0261600,2.2761909
0.0261650,2.2763991
0.0261700,2.2766293
0.0261750,2.2768777
0.0261800,2.2771390
0.0261850,2.2774089
0.0261900,2.2776830
0.0261950,2.2779543
0.0262000,2.2897741
0.0262050,2.2900182
0.0262100,2.2902607
0.0262150,2.2905007
0.0262200,2.2907369
0.0262250,2.2909684
0.0262300,2.2911939
0.0262350,2.2914105
0.0262400,2.2916165
0.0262450,2.2918146
0.0262500,2.2920081
0.0262550,2.2921953
0.0262600,2.2923760
0.0262650,2.2925545
0.0262700,2.2927347
0.0262750,2.2929212
0.0262800,2.2931176
0.0262850,2.2933258
0.0262900,2.2935449
0.0262950,2.2937731
0.0263000,2.2593402
0.0263050,2.2595502
0.0263100,2.2597687
0.0263150,2.2599910
0.0263200,2.2602123
0.0263250,2.2604299
0.0263300,2.2606403
0.0263350,2.2608384
0.0263400,2.2610161
0.0263450,2.2611653
0.0263500,2.2612856
0.0263550,2.2613798
0.0263600,2.2614544
0.0263650,2.2615197
0.0263700,2.2615838
0.0263750,2.2616502
0.0263800,2.2617178
0.0263850,2.2617886
0.0263900,2.2618665
0.0263950,2.2619535
0.0264000,2.2860473
0.0264050,2.2861027
0.0264100,2.2861657
0.0264150,2.2862369
0.0264200,2.2863150
0.0264250,2.2863996
0.0264300,2.2864911
0.0264350,2.2865891
0.0264400,2.2866925
0.0264450,2.2868020
0.0264500,2.2869212
0.0264550,2.2870515
0.0264600,2.2871925
0.0264650,2.2873456
0.0264700,2.2875129
0.0264750,2.2876955
0.0264800,2.2878920
0.0264850,2.2881010
0.0264900,2.2883210
0.0264950,2.2885490
0.0265000,2.2929847
0.0265050,2.2931884
0.0265100,2.2933877
0.0265150,2.2935808
0.0265200,2.2937655
0.0265250,2.2939434
0.0265300,2.2941167
0.0265350,2.2942855
0.0265400,2.2944482
0.0265450,2.2946039
0.0265500,2.2947554
0.0265550,2.2949038
0.0265600,2.2950487
0.0265650,2.2951896
0.0265700,2.2953266
0.0265750,2.2954596
0.0265800,2.2955904
0.0265850,2.2957221
0.0265900,2.2958554
0.0265950,2.2959891
0.0266000,2.2628215
0.0266050,2.2629434
0.0266100,2.2630534
0.0266150,2.2631532
0.0266200,2.2632508
0.0266250,2.2633539
0.0266300,2.2634659
0.0266350,2.2635891
0.0266400,2.2637245
0.0266450,2.2638694
0.0266500,2.2640179
0.0266550,2.2641634
0.0266600,2.2643008
0.0266650,2.2644253
0.0266700,2.2645341
0.0266750,2.2646282
0.0266800,2.2647087
0.0266850,2.2647749
0.0266900,2.2648245
0.0266950,2.2648557
0.0267000,2.2406706
0.0267050,2.2405882
0.0267100,2.2404971
0.0267150,2.2403992
0.0267200,2.2403006
0.0267250,2.2402065
0.0267300,2.2401197
0.0267350,2.2400437
0.0267400,2.2399801
0.0267450,2.2399277
0.0267500,2.2398849
0.0267550,2.2398535
0.0267600,2.2398355
0.0267650,2.2398298
0.0267700,2.2398359
0.0267750,2.2398562
0.0267800,2.2398905
0.0267850,2.2399339
0.0267900,2.2399834
0.0267950,2.2400378
0.0268000,2.2698125
0.0268050,2.2698107
0.0268100,2.2697967
0.0268150,2.2697685
0.0268200,2.2697256
0.0268250,2.2696685
0.0268300,2.2696036
0.0268350,2.2695409
0.0268400,2.2694871
0.0268450,2.2694432
0.0268500,2.2694071
0.0268550,2.2693773
0.0268600,2.2693503
0.0268650,2.2693231
0.0268700,2.2692988
0.0268750,2.2692821
0.0268800,2.2692765
0.0268850,2.2692818
0.0268900,2.2692950
0.0268950,2.2693170
0.0269000,2.2765682
0.0269050,2.2765836
0.0269100,2.2766043
0.0269150,2.2766279
0.0269200,2.2766533
0.0269250,2.2766770
0.0269300,2.2767012
0.0269350,2.2767296
0.0269400,2.2767643
0.0269450,2.2768080
0.0269500,2.2768620
0.0269550,2.2769273
0.0269600,2.2770039
0.0269650,2.2770909
0.0269700,2.2771880
0.0269750,2.2772971
0.0269800,2.2774203
0.0269850,2.2775566
0.0269900,2.2777071
0.0269950,2.2778743
0.0270000,2.2470203
0.0270050,2.2471988
0.0270100,2.2473955
0.0270150,2.2476104
0.0270200,2.2478455
0.0270250,2.2481002
0.0270300,2.2483721
0.0270350,2.2486582
0.0270400,2.2489537
0.0270450,2.2492502
0.0270500,2.2495419
0.0270550,2.2498284
0.0270600,2.2501077
0.0270650,2.2503781
0.0270700,2.2506421
0.0270750,2.2509041
0.0270800,2.2511661
0.0270850,2.2514257
0.0270900,2.2516815
0.0270950,2.2519312
0.0271000,2.2589237
0.0271050,2.2591306
0.0271100,2.2593219
0.0271150,2.2594917
0.0271200,2.2596375
0.0271250,2.2597571
0.0271300,2.2598513
0.0271350,2.2599277
0.0271400,2.2599978
0.0271450,2.2600725
0.0271500,2.2601633
0.0271550,2.2602794
0.0271600,2.2604257
0.0271650,2.2606017
0.0271700,2.2608051
0.0271750,2.2610334
0.0271800,2.2612824
0.0271850,2.2615424
0.0271900,2.2618009
0.0271950,2.2620480
0.0272000,2.2454745
0.0272050,2.2456298
0.0272100,2.2457668
0.0272150,2.2458895
0.0272200,2.2460053
0.0272250,2.2461216
0.0272300,2.2462456
0.0272350,2.2463839
0.0272400,2.2465420
0.0272450,2.2467204
0.0272500,2.2469164
0.0272550,2.2471243
0.0272600,2.2473399
0.0272650,2.2475608
0.0272700,2.2477806
0.0272750,2.2479958
0.0272800,2.2482082
0.0272850,2.2484184
0.0272900,2.2486230
0.0272950,2.2488170
0.0273000,2.2589223
0.0273050,2.2590637
0.0273100,2.2591986
0.0273150,2.2593251
0.0273200,2.2594421
0.0273250,2.2595527
0.0273300,2.2596598
0.0273350,2.2597616
0.0273400,2.2598586
0.0273450,2.2599516
0.0273500,2.2600419
0.0273550,2.2601338
0.0273600,2.2602332
0.0273650,2.2603422
0.0273700,2.2604567
0.0273750,2.2605753
0.0273800,2.2606996
0.0273850,2.2608295
0.0273900,2.2609668
0.0273950,2.2611110
0.0274000,2.2459152
0.0274050,2.2460251
0.0274100,2.2461337
0.0274150,2.2462415
0.0274200,2.2463473
0.0274250,2.2464498
0.0274300,2.2465517
0.0274350,2.2466558
0.0274400,2.2467642
0.0274450,2.2468760
0.0274500,2.2469880
0.0274550,2.2470948
0.0274600,2.2471901
0.0274650,2.2472705
0.0274700,2.2473395
0.0274750,2.2474024
0.0274800,2.2474629
0.0274850,2.2475245
0.0274900,2.2475908
0.0274950,2.2476668
0.0275000,2.2846026
0.0275050,2.2847010
0.0275100,2.2848028
0.0275150,2.2849021
0.0275200,2.2849925
0.0275250,2.2850697
0.0275300,2.2851368
0.0275350,2.2852009
0.0275400,2.2852691
0.0275450,2.2853439
0.0275500,2.2854241
0.0275550,2.2855098
0.0275600,2.2856023
0.0275650,2.2857041
0.0275700,2.2858172
0.0275750,2.2859427
0.0275800,2.2860822
0.0275850,2.2862398
0.0275900,2.2864192
0.0275950,2.2866213
0.0276000,2.2811851
0.0276050,2.2813462
0.0276100,2.2815207
0.0276150,2.2817093
0.0276200,2.2819098
0.0276250,2.2821153
0.0276300,2.2823185
0.0276350,2.2825151
0.0276400,2.2827033
0.0276450,2.2828831
0.0276500,2.2830543
0.0276550,2.2832201
0.0276600,2.2833860
0.0276650,2.2835571
0.0276700,2.2837390
0.0276750,2.2839315
0.0276800,2.2841290
0.0276850,2.2843261
0.0276900,2.2845211
0.0276950,2.2847136
0.0277000,2.2969454
0.0277050,2.2971045
0.0277100,2.2972702
0.0277150,2.2974395
0.0277200,2.2976093
0.0277250,2.2977762
0.0277300,2.2979351
0.0277350,2.2980820
0.0277400,2.2982190
0.0277450,2.2983508
0.0277500,2.2984789
0.0277550,2.2986028
0.0277600,2.2987248
0.0277650,2.2988481
0.0277700,2.2989718
0.0277750,2.2990946
0.0277800,2.2992169
0.0277850,2.2993390
0.0277900,2.2994588
0.0277950,2.2995741
0.0278000,2.2921048
0.0278050,2.2922072
0.0278100,2.2923065
0.0278150,2.2923964
0.0278200,2.2924744
0.0278250,2.2925410
0.0278300,2.2925944
0.0278350,2.2926337
0.0278400,2.2926627
0.0278450,2.2926898
0.0278500,2.2927213
0.0278550,2.2927594
0.0278600,2.2928088
0.0278650,2.2928746
0.0278700,2.2929575
0.0278750,2.2930529
0.0278800,2.2931556
0.0278850,2.2932604
0.0278900,2.2933622
0.0278950,2.2934558
0.0279000,2.2812201
0.0279050,2.2812704
0.0279100,2.2813223
0.0279150,2.2813752
0.0279200,2.2814326
0.0279250,2.2815006
0.0279300,2.2815800
0.0279350,2.2816692
0.0279400,2.2817690
0.0279450,2.2818772
0.0279500,2.2819880
0.0279550,2.2820991
0.0279600,2.2822136
0.0279650,2.2823318
0.0279700,2.2824508
0.0279750,2.2825702
0.0279800,2.2826925
0.0279850,2.2828210
0.0279900,2.2829609
0.0279950,2.2831180
0.0280000,2.2832323
0.0280050,2.2833589
0.0280100,2.2835044
0.0280150,2.2836652
0.0280200,2.2838403
0.0280250,2.2840302
0.0280300,2.2842335
0.0280350,2.2844466
0.0280400,2.2846646
0.0280450,2.2848809
0.0280500,2.2850917
0.0280550,2.2852947
0.0280600,2.2854845
0.0280650,2.2856568
0.0280700,2.2858128
0.0280750,2.2859551
0.0280800,2.2860836
0.0280850,2.2861984
0.0280900,2.2863007
0.0280950,2.2863929
0.0281000,2.2868225
0.0281050,2.2868642
0.0281100,2.2868962
0.0281150,2.2869149
0.0281200,2.2869201
0.0281250,2.2869177
0.0281300,2.2869168
0.0281350,2.2869256
0.0281400,2.2869477
0.0281450,2.2869838
0.0281500,2.2870340
0.0281550,2.2870962
0.0281600,2.2871697
0.0281650,2.2872547
0.0281700,2.2873516
0.0281750,2.2874598
0.0281800,2.2875788
0.0281850,2.2877081
0.0281900,2.2878470
0.0281950,2.2879926
0.0282000,2.2784095
0.0282050,2.2785520
0.0282100,2.2786892
0.0282150,2.2788214
0.0282200,2.2789486
0.0282250,2.2790731
0.0282300,2.2791993
0.0282350,2.2793307
0.0282400,2.2794665
0.0282450,2.2796030
0.0282500,2.2797360
0.0282550,2.2798605
0.0282600,2.2799736
0.0282650,2.2800740
0.0282700,2.2801599
0.0282750,2.2802287
0.0282800,2.2802832
0.0282850,2.2803304
0.0282900,2.2803738
0.0282950,2.2804145
0.0283000,2.2809142
0.0283050,2.2809297
0.0283100,2.2809484
0.0283150,2.2809678
0.0283200,2.2809834
0.0283250,2.2809916
0.0283300,2.2809923
0.0283350,2.2809887
0.0283400,2.2809825
0.0283450,2.2809759
0.0283500,2.2809734
0.0283550,2.2809750
0.0283600,2.2809771
0.0283650,2.2809791
0.0283700,2.2809855
0.0283750,2.2810000
0.0283800,2.2810240
0.0283850,2.2810591
0.0283900,2.2811082
0.0283950,2.2811735
0.0284000,2.3037248
0.0284050,2.3037675
0.0284100,2.3038240
0.0284150,2.3038965
0.0284200,2.3039836
0.0284250,2.3040847
0.0284300,2.3041976
0.0284350,2.3043218
0.0284400,2.3044574
0.0284450,2.3046047
0.0284500,2.3047644
0.0284550,2.3049349
0.0284600,2.3051126
0.0284650,2.3052944
0.0284700,2.3054798
0.0284750,2.3056694
0.0284800,2.3058646
0.0284850,2.3060668
0.0284900,2.3062759
0.0284950,2.3064917
0.0285000,2.3256582
0.0285050,2.3258530
0.0285100,2.3260409
0.0285150,2.3262183
0.0285200,2.3263835
0.0285250,2.3265358
0.0285300,2.3266795
0.0285350,2.3268216
0.0285400,2.3269699
0.0285450,2.3271302
0.0285500,2.3273070
0.0285550,2.3275018
0.0285600,2.3277128
0.0285650,2.3279352
0.0285700,2.3281642
0.0285750,2.3283995
0.0285800,2.3286461
0.0285850,2.3289076
0.0285900,2.3291834
0.0285950,2.3294720
0.0286000,2.3159406
0.0286050,2.3161867
0.0286100,2.3164370
0.0286150,2.3166907
0.0286200,2.3169458
0.0286250,2.3171978
0.0286300,2.3174422
0.0286350,2.3176756
0.0286400,2.3178941
0.0286450,2.3180943
0.0286500,2.3182776
0.0286550,2.3184484
0.0286600,2.3186082
0.0286650,2.3187526
0.0286700,2.3188802
0.0286750,2.3189931
0.0286800,2.3190936
0.0286850,2.3191845
0.0286900,2.3192669
0.0286950,2.3193416
0.0287000,2.2993292
0.0287050,2.2993685
0.0287100,2.2994036
0.0287150,2.2994392
0.0287200,2.2994804
0.0287250,2.2995272
0.0287300,2.2995798
0.0287350,2.2996383
0.0287400,2.2997000
0.0287450,2.2997637
0.0287500,2.2998270
0.0287550,2.2998896
0.0287600,2.2999513
0.0287650,2.3000106
0.0287700,2.3000666
0.0287750,2.3001202
0.0287800,2.3001718
0.0287850,2.3002173
0.0287900,2.3002519
0.0287950,2.3002736
0.0288000,2.3385557
0.0288050,2.3385228
0.0288100,2.3384816
0.0288150,2.3384337
0.0288200,2.3383854
0.0288250,2.3383433
0.0288300,2.3383097
0.0288350,2.3382822
0.0288400,2.3382606
0.0288450,2.3382459
0.0288500,2.3382359
0.0288550,2.3382271
0.0288600,2.3382167
0.0288650,2.3382037
0.0288700,2.3381876
0.0288750,2.3381693
0.0288800,2.3381535
0.0288850,2.3381440
0.0288900,2.3381441
0.0288950,2.3381554
0.0289000,2.3606034
0.0289050,2.3606153
0.0289100,2.3606394
0.0289150,2.3606731
0.0289200,2.3607156
0.0289250,2.3607653
0.0289300,2.3608194
0.0289350,2.3608767
0.0289400,2.3609378
0.0289450,2.3610019
0.0289500,2.3610664
0.0289550,2.3611291
0.0289600,2.3611894
0.0289650,2.3612487
0.0289700,2.3613059
0.0289750,2.3613586
0.0289800,2.3614102
0.0289850,2.3614640
0.0289900,2.3615230
0.0289950,2.3615903
0.0290000,2.3330592
0.0290050,2.3330641
0.0290100,2.3330666
0.0290150,2.3330609
0.0290200,2.3330484
0.0290250,2.3330317
0.0290300,2.3330136
0.0290350,2.3329980
0.0290400,2.3329913
0.0290450,2.3329931
0.0290500,2.3329972
0.0290550,2.3329986
0.0290600,2.3329957
0.0290650,2.3329865
0.0290700,2.3329704
0.0290750,2.3329521
0.0290800,2.3329404
0.0290850,2.3329412
0.0290900,2.3329575
0.0290950,2.3329924
0.0291000,2.3246282
0.0291050,2.3246795
0.0291100,2.3247439
0.0291150,2.3248192
0.0291200,2.3249058
0.0291250,2.3250005
0.0291300,2.3250986
0.0291350,2.3251980
0.0291400,2.3253002
0.0291450,2.3254023
0.0291500,2.3254980
0.0291550,2.3255847
0.0291600,2.3256641
0.0291650,2.3257385
0.0291700,2.3258090
0.0291750,2.3258788
0.0291800,2.3259542
0.0291850,2.3260420
0.0291900,2.3261490
0.0291950,2.3262791
0.0292000,2.3483446
0.0292050,2.3484679
0.0292100,2.3485973
0.0292150,2.3487244
0.0292200,2.3488484
0.0292250,2.3489716
0.0292300,2.3490923
0.0292350,2.3492091
0.0292400,2.3493221
0.0292450,2.3494324
0.0292500,2.3495437
0.0292550,2.3496615
0.0292600,2.3497902
0.0292650,2.3499289
0.0292700,2.3500742
0.0292750,2.3502269
0.0292800,2.3503915
0.0292850,2.3505688
0.0292900,2.3507556
0.0292950,2.3509467
0.0293000,2.3332993
0.0293050,2.3334559
0.0293100,2.3336200
0.0293150,2.3337920
0.0293200,2.3339706
0.0293250,2.3341525
0.0293300,2.3343325
0.0293350,2.3345072
0.0293400,2.3346769
0.0293450,2.3348404
0.0293500,2.3349975
0.0293550,2.3351492
0.0293600,2.3352945
0.0293650,2.3354283
0.0293700,2.3355458
0.0293750,2.3356449
0.0293800,2.3357257
0.0293850,2.3357913
0.0293900,2.3358458
0.0293950,2.3358934
0.0294000,2.3369373
0.0294050,2.3369892
0.0294100,2.3370352
0.0294150,2.3370758
0.0294200,2.3371145
0.0294250,2.3371573
0.0294300,2.3372144
0.0294350,2.3372966
0.0294400,2.3374084
0.0294450,2.3375467
0.0294500,2.3377049
0.0294550,2.3378764
0.0294600,2.3380549
0.0294650,2.3382336
0.0294700,2.3384073
0.0294750,2.3385764
0.0294800,2.3387431
0.0294850,2.3389107
0.0294900,2.3390837
0.0294950,2.3392649
0.0295000,2.3174021
0.0295050,2.3175726
0.0295100,2.3177417
0.0295150,2.3179079
0.0295200,2.3180707
0.0295250,2.3182314
0.0295300,2.3183917
0.0295350,2.3185543
0.0295400,2.3187207
0.0295450,2.3188897
0.0295500,2.3190612
0.0295550,2.3192359
0.0295600,2.3194142
0.0295650,2.3195939
0.0295700,2.3197721
0.0295750,2.3199510
0.0295800,2.3201311
0.0295850,2.3203103
0.0295900,2.3204888
0.0295950,2.3206664
0.0296000,2.3601092
0.0296050,2.3601864
0.0296100,2.3602720
0.0296150,2.3603658
0.0296200,2.3604661
0.0296250,2.3605700
0.0296300,2.3606749
0.0296350,2.3607788
0.0296400,2.3608826
0.0296450,2.3609890
0.0296500,2.3611005
0.0296550,2.3612178
0.0296600,2.3613390
0.0296650,2.3614592
0.0296700,2.3615755
0.0296750,2.3616885
0.0296800,2.3617964
0.0296850,2.3618980
0.0296900,2.3619976
0.0296950,2.3621023
0.0297000,2.3383590
0.0297050,2.3384486
0.0297100,2.3385476
0.0297150,2.3386557
0.0297200,2.3387748
0.0297250,2.3389051
0.0297300,2.3390445
0.0297350,2.3391938
0.0297400,2.3393548
0.0297450,2.3395271
0.0297500,2.3397096
0.0297550,2.3399011
0.0297600,2.3400985
0.0297650,2.3402973
0.0297700,2.3404935
0.0297750,2.3406851
0.0297800,2.3408723
0.0297850,2.3410566
0.0297900,2.3412392
0.0297950,2.3414211
0.0298000,2.3029689
0.0298050,2.3030787
0.0298100,2.3031971
0.0298150,2.3033233
0.0298200,2.3034579
0.0298250,2.3036007
0.0298300,2.3037486
0.0298350,2.3038995
0.0298400,2.3040524
0.0298450,2.3042037
0.0298500,2.3043514
0.0298550,2.3044968
0.0298600,2.3046447
0.0298650,2.3047954
0.0298700,2.3049452
0.0298750,2.3050899
0.0298800,2.3052233
0.0298850,2.3053409
0.0298900,2.3054402
0.0298950,2.3055235
0.0299000,2.3426333
0.0299050,2.3426847
0.0299100,2.3427408
0.0299150,2.3428038
0.0299200,2.3428765
0.0299250,2.3429592
0.0299300,2.3430487
0.0299350,2.3431429
0.0299400,2.3432413
0.0299450,2.3433424
0.0299500,2.3434449
0.0299550,2.3435482
0.0299600,2.3436527
0.0299650,2.3437601
0.0299700,2.3438744
0.0299750,2.3439998
0.0299800,2.3441375
0.0299850,2.3442842
0.0299900,2.3444329
0.0299950,2.3445767
0.0300000,2.3375652
0.0300050,2.3376580
0.0300100,2.3377538
0.0300150,2.3378536
0.0300200,2.3379621
0.0300250,2.3380827
0.0300300,2.3382152
0.0300350,2.3383587
0.0300400,2.3385076
0.0300450,2.3386517
0.0300500,2.3387819
0.0300550,2.3388923
0.0300600,2.3389837
0.0300650,2.3390600
0.0300700,2.3391251
0.0300750,2.3391857
0.0300800,2.3392487
0.0300850,2.3393199
0.0300900,2.3394012
0.0300950,2.3394914
0.0301000,2.3245613
0.0301050,2.3246265
0.0301100,2.3246972
0.0301150,2.3247736
0.0301200,2.3248557
0.0301250,2.3249407
0.0301300,2.3250257
0.0301350,2.3251092
0.0301400,2.3251920
0.0301450,2.3252787
0.0301500,2.3253720
0.0301550,2.3254688
0.0301600,2.3255652
0.0301650,2.3256578
0.0301700,2.3257450
0.0301750,2.3258241
0.0301800,2.3258943
0.0301850,2.3259592
0.0301900,2.3260213
0.0301950,2.3260803
0.0302000,2.2913935
0.0302050,2.2914320
0.0302100,2.2914782
0.0302150,2.2915310
0.0302200,2.2915891
0.0302250,2.2916494
0.0302300,2.2917090
0.0302350,2.2917683
0.0302400,2.2918306
0.0302450,2.2919012
0.0302500,2.2919834
0.0302550,2.2920801
0.0302600,2.2921936
0.0302650,2.2923247
0.0302700,2.2924705
0.0302750,2.2926272
0.0302800,2.2927898
0.0302850,2.2929544
0.0302900,2.2931204
0.0302950,2.2932915
0.0303000,2.3368383
0.0303050,2.3369732
0.0303100,2.3371228
0.0303150,2.3372838
0.0303200,2.3374522
0.0303250,2.3376245
0.0303300,2.3377978
0.0303350,2.3379694
0.0303400,2.3381357
0.0303450,2.3382922
0.0303500,2.3384344
0.0303550,2.3385602
0.0303600,2.3386689
0.0303650,2.3387575
0.0303700,2.3388222
0.0303750,2.3388631
0.0303800,2.3388840
0.0303850,2.3388862
0.0303900,2.3388700
0.0303950,2.3388381
0.0304000,2.3647611
0.0304050,2.3646987
0.0304100,2.3646420
0.0304150,2.3645937
0.0304200,2.3645569
0.0304250,2.3645284
0.0304300,2.3645007
0.0304350,2.3644674
0.0304400,2.3644270
0.0304450,2.3643863
0.0304500,2.3643539
0.0304550,2.3643343
0.0304600,2.3643297
0.0304650,2.3643401
0.0304700,2.3643664
0.0304750,2.3644056
0.0304800,2.3644504
0.0304850,2.3644974
0.0304900,2.3645466
0.0304950,2.3645968
0.0305000,2.3863584
0.0305050,2.3863593
0.0305100,2.3863649
0.0305150,2.3863767
0.0305200,2.3863960
0.0305250,2.3864200
0.0305300,2.3864468
0.0305350,2.3864737
0.0305400,2.3864949
0.0305450,2.3865073
0.0305500,2.3865109
0.0305550,2.3865072
0.0305600,2.3864996
0.0305650,2.3864911
0.0305700,2.3864836
0.0305750,2.3864785
0.0305800,2.3864763
0.0305850,2.3864765
0.0305900,2.3864776
0.0305950,2.3864800
0.0306000,2.3714089
0.0306050,2.3713506
0.0306100,2.3712967
0.0306150,2.3712486
0.0306200,2.3712056
0.0306250,2.3711680
0.0306300,2.3711378
0.0306350,2.3711161
0.0306400,2.3711028
0.0306450,2.3711002
0.0306500,2.3711064
0.0306550,2.3711177
0.0306600,2.3711343
0.0306650,2.3711597
0.0306700,2.3711979
0.0306750,2.3712487
0.0306800,2.3713084
0.0306850,2.3713749
0.0306900,2.3714477
0.0306950,2.3715240
0.0307000,2.3766381
0.0307050,2.3766672
0.0307100,2.3766973
0.0307150,2.3767315
0.0307200,2.3767711
0.0307250,2.3768151
0.0307300,2.3768619
0.0307350,2.3769088
0.0307400,2.3769506
0.0307450,2.3769834
0.0307500,2.3770048
0.0307550,2.3770134
0.0307600,2.3770116
0.0307650,2.3770044
0.0307700,2.3769967
0.0307750,2.3769922
0.0307800,2.3769989
0.0307850,2.3770251
0.0307900,2.3770735
0.0307950,2.3771416
0.0308000,2.3786986
0.0308050,2.3787928
0.0308100,2.3788997
0.0308150,2.3790146
0.0308200,2.3791359
0.0308250,2.3792631
0.0308300,2.3793948
0.0308350,2.3795305
0.0308400,2.3796690
0.0308450,2.3798116
0.0308500,2.3799601
0.0308550,2.3801156
0.0308600,2.3802794
0.0308650,2.3804514
0.0308700,2.3806316
0.0308750,2.3808184
0.0308800,2.3810110
0.0308850,2.3812104
0.0308900,2.3814165
0.0308950,2.3816286
0.0309000,2.3836062
0.0309050,2.3838092
0.0309100,2.3840187
0.0309150,2.3842293
0.0309200,2.3844394
0.0309250,2.3846502
0.0309300,2.3848641
0.0309350,2.3850859
0.0309400,2.3853178
0.0309450,2.3855560
0.0309500,2.3857938
0.0309550,2.3860260
0.0309600,2.3862474
0.0309650,2.3864528
0.0309700,2.3866409
0.0309750,2.3868125
0.0309800,2.3869655
0.0309850,2.3870992
0.0309900,2.3872134
0.0309950,2.3873095
0.0310000,2.3372537
0.0310050,2.3372843
0.0310100,2.3373081
0.0310150,2.3373279
0.0310200,2.3373470
0.0310250,2.3373669
0.0310300,2.3373872
0.0310350,2.3374105
0.0310400,2.3374409
0.0310450,2.3374820
0.0310500,2.3375339
0.0310550,2.3375951
0.0310600,2.3376657
0.0310650,2.3377443
0.0310700,2.3378285
0.0310750,2.3379177
0.0310800,2.3380106
0.0310850,2.3381055
0.0310900,2.3382002
0.0310950,2.3382952
0.0311000,2.3333432
0.0311050,2.3333652
0.0311100,2.3333822
0.0311150,2.3333959
0.0311200,2.3334093
0.0311250,2.3334268
0.0311300,2.3334560
0.0311350,2.3335026
0.0311400,2.3335681
0.0311450,2.3336499
0.0311500,2.3337423
0.0311550,2.3338394
0.0311600,2.3339351
0.0311650,2.3340220
0.0311700,2.3340970
0.0311750,2.3341592
0.0311800,2.3342095
0.0311850,2.3342493
0.0311900,2.3342778
0.0311950,2.3342955
0.0312000,2.3329085
0.0312050,2.3328964
0.0312100,2.3328849
0.0312150,2.3328744
0.0312200,2.3328683
0.0312250,2.3328700
0.0312300,2.3328795
0.0312350,2.3328962
0.0312400,2.3329220
0.0312450,2.3329589
0.0312500,2.3330042
0.0312550,2.3330530
0.0312600,2.3331029
0.0312650,2.3331502
0.0312700,2.3331925
0.0312750,2.3332304
0.0312800,2.3332660
0.0312850,2.3332992
0.0312900,2.3333262
0.0312950,2.3333457
0.0313000,2.3366381
0.0313050,2.3366320
0.0313100,2.3366168
0.0313150,2.3365897
0.0313200,2.3365510
0.0313250,2.3365048
0.0313300,2.3364549
0.0313350,2.3364043
0.0313400,2.3363574
0.0313450,2.3363216
0.0313500,2.3362979
0.0313550,2.3362843
0.0313600,2.3362837
0.0313650,2.3362972
0.0313700,2.3363202
0.0313750,2.3363459
0.0313800,2.3363696
0.0313850,2.3363894
0.0313900,2.3364023
0.0313950,2.3364047
0.0314000,2.3518199
0.0314050,2.3518184
0.0314100,2.3518232
0.0314150,2.3518304
0.0314200,2.3518417
0.0314250,2.3518598
0.0314300,2.3518809
0.0314350,2.3519023
0.0314400,2.3519255
0.0314450,2.3519549
0.0314500,2.3519939
0.0314550,2.3520450
0.0314600,2.3521109
0.0314650,2.3521915
0.0314700,2.3522849
0.0314750,2.3523880
0.0314800,2.3524946
0.0314850,2.3526011
0.0314900,2.3527036
0.0314950,2.3527989
0.0315000,2.3394483
0.0315050,2.3395135
0.0315100,2.3395701
0.0315150,2.3396159
0.0315200,2.3396497
0.0315250,2.3396719
0.0315300,2.3396874
0.0315350,2.3397045
0.0315400,2.3397261
0.0315450,2.3397520
0.0315500,2.3397797
0.0315550,2.3398063
0.0315600,2.3398354
0.0315650,2.3398740
0.0315700,2.3399255
0.0315750,2.3399887
0.0315800,2.3400592
0.0315850,2.3401296
0.0315900,2.3401929
0.0315950,2.3402460
0.0316000,2.3699274
0.0316050,2.3699165
0.0316100,2.3698947
0.0316150,2.3698648
0.0316200,2.3698271
0.0316250,2.3697823
0.0316300,2.3697315
0.0316350,2.3696758
0.0316400,2.3696164
0.0316450,2.3695578
0.0316500,2.3695058
0.0316550,2.3694674
0.0316600,2.3694466
0.0316650,2.3694413
0.0316700,2.3694494
0.0316750,2.3694706
0.0316800,2.3695045
0.0316850,2.3695477
0.0316900,2.3695915
0.0316950,2.3696291
0.0317000,2.3620008
0.0317050,2.3619952
0.0317100,2.3619612
0.0317150,2.3618981
0.0317200,2.3618087
0.0317250,2.3616971
0.0317300,2.3615678
0.0317350,2.3614264
0.0317400,2.3612758
0.0317450,2.3611175
0.0317500,2.3609555
0.0317550,2.3607978
0.0317600,2.3606493
0.0317650,2.3605106
0.0317700,2.3603805
0.0317750,2.3602567
0.0317800,2.3601380
0.0317850,2.3600240
0.0317900,2.3599162
0.0317950,2.3598177
0.0318000,2.3642661
0.0318050,2.3641782
0.0318100,2.3641083
0.0318150,2.3640558
0.0318200,2.3640160
0.0318250,2.3639846
0.0318300,2.3639612
0.0318350,2.3639474
0.0318400,2.3639420
0.0318450,2.3639420
0.0318500,2.3639452
0.0318550,2.3639519
0.0318600,2.3639580
0.0318650,2.3639565
0.0318700,2.3639435
0.0318750,2.3639181
0.0318800,2.3638804
0.0318850,2.3638337
0.0318900,2.3637858
0.0318950,2.3637426
0.0319000,2.3883558
0.0319050,2.3883124
0.0319100,2.3882718
0.0319150,2.3882340
0.0319200,2.3882000
0.0319250,2.3881709
0.0319300,2.3881497
0.0319350,2.3881422
0.0319400,2.3881517
0.0319450,2.3881754
0.0319500,2.3882081
0.0319550,2.3882470
0.0319600,2.3882896
0.0319650,2.3883311
0.0319700,2.3883700
0.0319750,2.3884119
0.0319800,2.3884638
0.0319850,2.3885274
0.0319900,2.3886014
0.0319950,2.3886824
0.0320000,2.3802209
0.0320050,2.3802675
0.0320100,2.3803029
0.0320150,2.3803268
0.0320200,2.3803397
0.0320250,2.3803395
0.0320300,2.3803267
0.0320350,2.3803030
0.0320400,2.3802682
0.0320450,2.3802222
0.0320500,2.3801685
0.0320550,2.3801173
0.0320600,2.3800772
0.0320650,2.3800497
0.0320700,2.3800352
0.0320750,2.3800361
0.0320800,2.3800568
0.0320850,2.3800972
0.0320900,2.3801552
0.0320950,2.3802297
0.0321000,2.3722791
0.0321050,2.3723322
0.0321100,2.3723987
0.0321150,2.3724816
0.0321200,2.3725823
0.0321250,2.3727017
0.0321300,2.3728408
0.0321350,2.3729985
0.0321400,2.3731706
0.0321450,2.3733528
0.0321500,2.3735414
0.0321550,2.3737322
0.0321600,2.3739190
0.0321650,2.3740966
0.0321700,2.3742642
0.0321750,2.3744229
0.0321800,2.3745729
0.0321850,2.3747085
0.0321900,2.3748231
0.0321950,2.3749142
0.0322000,2.3847015
0.0322050,2.3847212
0.0322100,2.3847202
0.0322150,2.3847013
0.0322200,2.3846713
0.0322250,2.3846346
0.0322300,2.3845925
0.0322350,2.3845463
0.0322400,2.3844995
0.0322450,2.3844565
0.0322500,2.3844209
0.0322550,2.3843952
0.0322600,2.3843804
0.0322650,2.3843805
0.0322700,2.3843974
0.0322750,2.3844306
0.0322800,2.3844823
0.0322850,2.3845540
0.0322900,2.3846425
0.0322950,2.3847427
0.0323000,2.4001748
0.0323050,2.4002818
0.0323100,2.4003938
0.0323150,2.4005063
0.0323200,2.4006196
0.0323250,2.4007341
0.0323300,2.4008516
0.0323350,2.4009779
0.0323400,2.4011177
0.0323450,2.4012719
0.0323500,2.4014382
0.0323550,2.4016153
0.0323600,2.4017990
0.0323650,2.4019849
0.0323700,2.4021713
0.0323750,2.4023570
0.0323800,2.4025402
0.0323850,2.4027168
0.0323900,2.4028836
0.0323950,2.4030407
0.0324000,2.4013508
0.0324050,2.4014794
0.0324100,2.4016114
0.0324150,2.4017426
0.0324200,2.4018691
0.0324250,2.4019907
0.0324300,2.4021102
0.0324350,2.4022314
0.0324400,2.4023572
0.0324450,2.4024902
0.0324500,2.4026330
0.0324550,2.4027861
0.0324600,2.4029491
0.0324650,2.4031215
0.0324700,2.4033006
0.0324750,2.4034835
0.0324800,2.4036661
0.0324850,2.4038439
0.0324900,2.4040130
0.0324950,2.4041705
0.0325000,2.4058934
0.0325050,2.4059983
0.0325100,2.4061000
0.0325150,2.4062058
0.0325200,2.4063191
0.0325250,2.4064356
0.0325300,2.4065485
0.0325350,2.4066543
0.0325400,2.4067521
0.0325450,2.4068405
0.0325500,2.4069185
0.0325550,2.4069901
0.0325600,2.4070599
0.0325650,2.4071294
0.0325700,2.4071979
0.0325750,2.4072637
0.0325800,2.4073236
0.0325850,2.4073762
0.0325900,2.4074216
0.0325950,2.4074614
0.0326000,2.4057122
0.0326050,2.4057308
0.0326100,2.4057587
0.0326150,2.4057955
0.0326200,2.4058382
0.0326250,2.4058822
0.0326300,2.4059267
0.0326350,2.4059718
0.0326400,2.4060140
0.0326450,2.4060472
0.0326500,2.4060695
0.0326550,2.4060822
0.0326600,2.4060871
0.0326650,2.4060866
0.0326700,2.4060843
0.0326750,2.4060837
0.0326800,2.4060858
0.0326850,2.4060889
0.0326900,2.4060910
0.0326950,2.4060912
0.0327000,2.4120428
0.0327050,2.4120207
0.0327100,2.4120074
0.0327150,2.4120109
0.0327200,2.4120403
0.0327250,2.4120969
0.0327300,2.4121750
0.0327350,2.4122667
0.0327400,2.4123658
0.0327450,2.4124684
0.0327500,2.4125714
0.0327550,2.4126721
0.0327600,2.4127674
0.0327650,2.4128539
0.0327700,2.4129273
0.0327750,2.4129887
0.0327800,2.4130424
0.0327850,2.4130901
0.0327900,2.4131297
0.0327950,2.4131613
0.0328000,2.4176041
0.0328050,2.4175894
0.0328100,2.4175602
0.0328150,2.4175183
0.0328200,2.4174691
0.0328250,2.4174147
0.0328300,2.4173547
0.0328350,2.4172913
0.0328400,2.4172256
0.0328450,2.4171552
0.0328500,2.4170779
0.0328550,2.4169885
0.0328600,2.4168812
0.0328650,2.4167552
0.0328700,2.4166152
0.0328750,2.4164681
0.0328800,2.4163180
0.0328850,2.4161669
0.0328900,2.4160168
0.0328950,2.4158705
0.0329000,2.4173570
0.0329050,2.4171949
0.0329100,2.4170400
0.0329150,2.4168958
0.0329200,2.4167588
0.0329250,2.4166226
0.0329300,2.4164830
0.0329350,2.4163402
0.0329400,2.4161970
0.0329450,2.4160598
0.0329500,2.4159401
0.0329550,2.4158480
0.0329600,2.4157839
0.0329650,2.4157419
0.0329700,2.4157143
0.0329750,2.4156978
0.0329800,2.4156915
0.0329850,2.4156910
0.0329900,2.4156931
0.0329950,2.4156966
0.0330000,2.4132007
0.0330050,2.4131774
0.0330100,2.4131415
0.0330150,2.4130953
0.0330200,2.4130405
0.0330250,2.4129778
0.0330300,2.4129097
0.0330350,2.4128389
0.0330400,2.4127658
0.0330450,2.4126911
0.0330500,2.4126205
0.0330550,2.4125608
0.0330600,2.4125135
0.0330650,2.4124797
0.0330700,2.4124594
0.0330750,2.4124521
0.0330800,2.4124550
0.0330850,2.4124615
0.0330900,2.4124681
0.0330950,2.4124760
0.0331000,2.4054093
0.0331050,2.4054104
0.0331100,2.4054182
0.0331150,2.4054313
0.0331200,2.4054431
0.0331250,2.4054483
0.0331300,2.4054472
0.0331350,2.4054413
0.0331400,2.4054331
0.0331450,2.4054266
0.0331500,2.4054249
0.0331550,2.4054322
0.0331600,2.4054564
0.0331650,2.4055041
0.0331700,2.4055755
0.0331750,2.4056688
0.0331800,2.4057831
0.0331850,2.4059129
0.0331900,2.4060507
0.0331950,2.4061937
0.0332000,2.3910071
0.0332050,2.3911540
0.0332100,2.3913097
0.0332150,2.3914722
0.0332200,2.3916349
0.0332250,2.3917917
0.0332300,2.3919355
0.0332350,2.3920637
0.0332400,2.3921812
0.0332450,2.3922942
0.0332500,2.3924069
0.0332550,2.3925222
0.0332600,2.3926463
0.0332650,2.3927846
0.0332700,2.3929369
0.0332750,2.3931007
0.0332800,2.3932716
0.0332850,2.3934422
0.0332900,2.3936057
0.0332950,2.3937579
0.0333000,2.3838438
0.0333050,2.3839427
0.0333100,2.3840332
0.0333150,2.3841157
0.0333200,2.3841899
0.0333250,2.3842556
0.0333300,2.3843128
0.0333350,2.3843604
0.0333400,2.3843946
0.0333450,2.3844149
0.0333500,2.3844257
0.0333550,2.3844295
0.0333600,2.3844293
0.0333650,2.3844263
0.0333700,2.3844179
0.0333750,2.3844032
0.0333800,2.3843821
0.0333850,2.3843557
0.0333900,2.3843272
0.0333950,2.3842986
0.0334000,2.4119184
0.0334050,2.4118569
0.0334100,2.4117908
0.0334150,2.4117200
0.0334200,2.4116475
0.0334250,2.4115789
0.0334300,2.4115180
0.0334350,2.4114675
0.0334400,2.4114285
0.0334450,2.4114015
0.0334500,2.4113870
0.0334550,2.4113824
0.0334600,2.4113859
0.0334650,2.4113966
0.0334700,2.4114159
0.0334750,2.4114460
0.0334800,2.4114861
0.0334850,2.4115342
0.0334900,2.4115904
0.0334950,2.4116566
0.0335000,2.4443152
0.0335050,2.4443586
0.0335100,2.4444185
0.0335150,2.4444962
0.0335200,2.4445902
0.0335250,2.4446993
0.0335300,2.4448225
0.0335350,2.4449562
0.0335400,2.4450965
0.0335450,2.4452406
0.0335500,2.4453868
0.0335550,2.4455296
0.0335600,2.4456630
0.0335650,2.4457831
0.0335700,2.4458904
0.0335750,2.4459908
0.0335800,2.4460939
0.0335850,2.4462058
0.0335900,2.4463221
0.0335950,2.4464354
0.0336000,2.4433092
0.0336050,2.4433606
0.0336100,2.4434002
0.0336150,2.4434305
0.0336200,2.4434580
0.0336250,2.4434857
0.0336300,2.4435151
0.0336350,2.4435504
0.0336400,2.4435952
0.0336450,2.4436459
0.0336500,2.4436976
0.0336550,2.4437469
0.0336600,2.4437913
0.0336650,2.4438301
0.0336700,2.4438649
0.0336750,2.4438973
0.0336800,2.4439302
0.0336850,2.4439635
0.0336900,2.4439945
0.0336950,2.4440215
0.0337000,2.4671598
0.0337050,2.4671448
0.0337100,2.4671130
0.0337150,2.4670619
0.0337200,2.4669922
0.0337250,2.4669059
0.0337300,2.4668088
0.0337350,2.4667094
0.0337400,2.4666159
0.0337450,2.4665325
0.0337500,2.4664605
0.0337550,2.4664005
0.0337600,2.4663481
0.0337650,2.4662933
0.0337700,2.4662310
0.0337750,2.4661656
0.0337800,2.4661058
0.0337850,2.4660559
0.0337900,2.4660210
0.0337950,2.4660095
0.0338000,2.4552900
0.0338050,2.4553117
0.0338100,2.4553510
0.0338150,2.4554061
0.0338200,2.4554763
0.0338250,2.4555586
0.0338300,2.4556529
0.0338350,2.4557606
0.0338400,2.4558826
0.0338450,2.4560171
0.0338500,2.4561584
0.0338550,2.4563034
0.0338600,2.4564507
0.0338650,2.4565969
0.0338700,2.4567363
0.0338750,2.4568631
0.0338800,2.4569731
0.0338850,2.4570630
0.0338900,2.4571319
0.0338950,2.4571836
0.0339000,2.4457622
0.0339050,2.4457410
0.0339100,2.4457190
0.0339150,2.4457028
0.0339200,2.4456957
0.0339250,2.4456969
0.0339300,2.4457066
0.0339350,2.4457258
0.0339400,2.4457556
0.0339450,2.4457963
0.0339500,2.4458487
0.0339550,2.4459162
0.0339600,2.4460035
0.0339650,2.4461124
0.0339700,2.4462404
0.0339750,2.4463837
0.0339800,2.4465402
0.0339850,2.4467072
0.0339900,2.4468821
0.0339950,2.4470654
0.0340000,2.4545786
0.0340050,2.4547596
0.0340100,2.4549554
0.0340150,2.4551671
0.0340200,2.4553911
0.0340250,2.4556188
0.0340300,2.4558431
0.0340350,2.4560603
0.0340400,2.4562702
0.0340450,2.4564734
0.0340500,2.4566686
0.0340550,2.4568564
0.0340600,2.4570362
0.0340650,2.4572037
0.0340700,2.4573542
0.0340750,2.4574857
0.0340800,2.4575989
0.0340850,2.4576969
0.0340900,2.4577826
0.0340950,2.4578585
0.0341000,2.4544058
0.0341050,2.4544677
0.0341100,2.4545389
0.0341150,2.4546252
0.0341200,2.4547348
0.0341250,2.4548656
0.0341300,2.4550134
0.0341350,2.4551764
0.0341400,2.4553517
0.0341450,2.4555313
0.0341500,2.4557037
0.0341550,2.4558634
0.0341600,2.4560110
0.0341650,2.4561480
0.0341700,2.4562722
0.0341750,2.4563825
0.0341800,2.4564832
0.0341850,2.4565763
0.0341900,2.4566615
0.0341950,2.4567370
0.0342000,2.4482595
0.0342050,2.4483052
0.0342100,2.4483328
0.0342150,2.4483460
0.0342200,2.4483512
0.0342250,2.4483515
0.0342300,2.4483517
0.0342350,2.4483553
0.0342400,2.4483639
0.0342450,2.4483773
0.0342500,2.4483972
0.0342550,2.4484280
0.0342600,2.4484730
0.0342650,2.4485330
0.0342700,2.4486066
0.0342750,2.4486912
0.0342800,2.4487829
0.0342850,2.4488773
0.0342900,2.4489734
0.0342950,2.4490702
0.0343000,2.4626424
0.0343050,2.4626883
0.0343100,2.4627268
0.0343150,2.4627572
0.0343200,2.4627839
0.0343250,2.4628132
0.0343300,2.4628485
0.0343350,2.4628927
0.0343400,2.4629506
0.0343450,2.4630229
0.0343500,2.4631049
0.0343550,2.4631923
0.0343600,2.4632847
0.0343650,2.4633833
0.0343700,2.4634853
0.0343750,2.4635891
0.0343800,2.4636957
0.0343850,2.4638071
0.0343900,2.4639221
0.0343950,2.4640396
0.0344000,2.4445036
0.0344050,2.4446049
0.0344100,2.4447040
0.0344150,2.4447979
0.0344200,2.4448847
0.0344250,2.4449611
0.0344300,2.4450228
0.0344350,2.4450691
0.0344400,2.4451006
0.0344450,2.4451156
0.0344500,2.4451126
0.0344550,2.4450961
0.0344600,2.4450696
0.0344650,2.4450336
0.0344700,2.4449872
0.0344750,2.4449333
0.0344800,2.4448788
0.0344850,2.4448275
0.0344900,2.4447814
0.0344950,2.4447444
0.0345000,2.4744309
0.0345050,2.4744209
0.0345100,2.4744237
0.0345150,2.4744324
0.0345200,2.4744447
0.0345250,2.4744645
0.0345300,2.4744940
0.0345350,2.4745368
0.0345400,2.4746016
0.0345450,2.4746885
0.0345500,2.4747881
0.0345550,2.4748929
0.0345600,2.4749998
0.0345650,2.4751053
0.0345700,2.4752057
0.0345750,2.4752993
0.0345800,2.4753862
0.0345850,2.4754666
0.0345900,2.4755392
0.0345950,2.4756011
0.0346000,2.4729420
0.0346050,2.4729736
0.0346100,2.4729985
0.0346150,2.4730155
0.0346200,2.4730278
0.0346250,2.4730395
0.0346300,2.4730491
0.0346350,2.4730554
0.0346400,2.4730604
0.0346450,2.4730666
0.0346500,2.4730736
0.0346550,2.4730796
0.0346600,2.4730850
0.0346650,2.4730897
0.0346700,2.4730917
0.0346750,2.4730931
0.0346800,2.4730991
0.0346850,2.4731144
0.0346900,2.4731401
0.0346950,2.4731731
0.0347000,2.4449025
0.0347050,2.4449479
0.0347100,2.4449925
0.0347150,2.4450354
0.0347200,2.4450754
0.0347250,2.4451141
0.0347300,2.4451526
0.0347350,2.4451912
0.0347400,2.4452339
0.0347450,2.4452846
0.0347500,2.4453437
0.0347550,2.4454083
0.0347600,2.4454736
0.0347650,2.4455345
0.0347700,2.4455848
0.0347750,2.4456216
0.0347800,2.4456474
0.0347850,2.4456645
0.0347900,2.4456740
0.0347950,2.4456767
0.0348000,2.4644072
0.0348050,2.4644182
0.0348100,2.4644432
0.0348150,2.4644826
0.0348200,2.4645349
0.0348250,2.4645970
0.0348300,2.4646644
0.0348350,2.4647328
0.0348400,2.4647987
0.0348450,2.4648606
0.0348500,2.4649168
0.0348550,2.4649633
0.0348600,2.4649967
0.0348650,2.4650159
0.0348700,2.4650195
0.0348750,2.4650070
0.0348800,2.4649786
0.0348850,2.4649330
0.0348900,2.4648680
0.0348950,2.4647828
0.0349000,2.4117962
0.0349050,2.4116486
0.0349100,2.4114986
0.0349150,2.4113476
0.0349200,2.4111974
0.0349250,2.4110506
0.0349300,2.4109099
0.0349350,2.4107776
0.0349400,2.4106567
0.0349450,2.4105487
0.0349500,2.4104534
0.0349550,2.4103703
0.0349600,2.4102996
0.0349650,2.4102410
0.0349700,2.4101918
0.0349750,2.4101500
0.0349800,2.4101193
0.0349850,2.4101017
0.0349900,2.4100963
0.0349950,2.4101009
0.0350000,2.4190492
0.0350050,2.4190509
0.0350100,2.4190573
0.0350150,2.4190664
0.0350200,2.4190778
0.0350250,2.4190922
0.0350300,2.4191088
0.0350350,2.4191231
0.0350400,2.4191305
0.0350450,2.4191289
0.0350500,2.4191202
0.0350550,2.4191069
0.0350600,2.4190892
0.0350650,2.4190673
0.0350700,2.4190412
0.0350750,2.4190143
0.0350800,2.4189942
0.0350850,2.4189859
0.0350900,2.4189945
0.0350950,2.4190233
0.0351000,2.4007464
0.0351050,2.4007767
0.0351100,2.4008298
0.0351150,2.4009051
0.0351200,2.4009981
0.0351250,2.4011057
0.0351300,2.4012266
0.0351350,2.4013583
0.0351400,2.4015003
0.0351450,2.4016554
0.0351500,2.4018233
0.0351550,2.4020021
0.0351600,2.4021883
0.0351650,2.4023755
0.0351700,2.4025568
0.0351750,2.4027234
0.0351800,2.4028670
0.0351850,2.4029835
0.0351900,2.4030743
0.0351950,2.4031470
0.0352000,2.4310457
0.0352050,2.4310984
0.0352100,2.4311558
0.0352150,2.4312218
0.0352200,2.4312998
0.0352250,2.4313914
0.0352300,2.4314967
0.0352350,2.4316165
0.0352400,2.4317477
0.0352450,2.4318828
0.0352500,2.4320158
0.0352550,2.4321441
0.0352600,2.4322678
0.0352650,2.4323879
0.0352700,2.4325052
0.0352750,2.4326224
0.0352800,2.4327411
0.0352850,2.4328583
0.0352900,2.4329666
0.0352950,2.4330624
0.0353000,2.4469018
0.0353050,2.4469364
0.0353100,2.4469623
0.0353150,2.4469828
0.0353200,2.4470033
0.0353250,2.4470289
0.0353300,2.4470653
0.0353350,2.4471210
0.0353400,2.4472025
0.0353450,2.4473112
0.0353500,2.4474419
0.0353550,2.4475870
0.0353600,2.4477397
0.0353650,2.4478924
0.0353700,2.4480368
0.0353750,2.4481683
0.0353800,2.4482852
0.0353850,2.4483867
0.0353900,2.4484753
0.0353950,2.4485563
0.0354000,2.4576844
0.0354050,2.4577204
0.0354100,2.4577558
0.0354150,2.4577936
0.0354200,2.4578367
0.0354250,2.4578843
0.0354300,2.4579351
0.0354350,2.4579893
0.0354400,2.4580465
0.0354450,2.4581002
0.0354500,2.4581413
0.0354550,2.4581701
0.0354600,2.4581919
0.0354650,2.4582084
0.0354700,2.4582215
0.0354750,2.4582379
0.0354800,2.4582641
0.0354850,2.4583039
0.0354900,2.4583614
0.0354950,2.4584388
0.0355000,2.4693631
0.0355050,2.4694513
0.0355100,2.4695496
0.0355150,2.4696554
0.0355200,2.4697655
0.0355250,2.4698767
0.0355300,2.4699881
0.0355350,2.4701015
0.0355400,2.4702176
0.0355450,2.4703329
0.0355500,2.4704457
0.0355550,2.4705579
0.0355600,2.4706713
0.0355650,2.4707843
0.0355700,2.4708955
0.0355750,2.4710038
0.0355800,2.4711043
0.0355850,2.4711944
0.0355900,2.4712759
0.0355950,2.4713498
0.0356000,2.4668184
0.0356050,2.4668592
0.0356100,2.4669017
0.0356150,2.4669557
0.0356200,2.4670328
0.0356250,2.4671390
0.0356300,2.4672729
0.0356350,2.4674287
0.0356400,2.4675947
0.0356450,2.4677587
0.0356500,2.4679145
0.0356550,2.4680619
0.0356600,2.4682025
0.0356650,2.4683350
0.0356700,2.4684578
0.0356750,2.4685726
0.0356800,2.4686824
0.0356850,2.4687874
0.0356900,2.4688860
0.0356950,2.4689782
0.0357000,2.5196788
0.0357050,2.5197161
0.0357100,2.5197523
0.0357150,2.5197908
0.0357200,2.5198334
0.0357250,2.5198814
0.0357300,2.5199359
0.0357350,2.5199965
0.0357400,2.5200650
0.0357450,2.5201432
0.0357500,2.5202285
0.0357550,2.5203179
0.0357600,2.5204105
0.0357650,2.5205020
0.0357700,2.5205879
0.0357750,2.5206660
0.0357800,2.5207346
0.0357850,2.5207902
0.0357900,2.5208298
0.0357950,2.5208536
0.0358000,2.5132064
0.0358050,2.5131838
0.0358100,2.5131505
0.0358150,2.5131081
0.0358200,2.5130608
0.0358250,2.5130112
0.0358300,2.5129634
0.0358350,2.5129230
0.0358400,2.5128947
0.0358450,2.5128799
0.0358500,2.5128750
0.0358550,2.5128758
0.0358600,2.5128780
0.0358650,2.5128785
0.0358700,2.5128750
0.0358750,2.5128646
0.0358800,2.5128486
0.0358850,2.5128316
0.0358900,2.5128177
0.0358950,2.5128081
0.0359000,2.4915505
0.0359050,2.4915509
0.0359100,2.4915584
0.0359150,2.4915718
0.0359200,2.4915939
0.0359250,2.4916258
0.0359300,2.4916663
0.0359350,2.4917125
0.0359400,2.4917612
0.0359450,2.4918097
0.0359500,2.4918546
0.0359550,2.4918947
0.0359600,2.4919323
0.0359650,2.4919720
0.0359700,2.4920178
0.0359750,2.4920759
0.0359800,2.4921534
0.0359850,2.4922529
0.0359900,2.4923728
0.0359950,2.4925098
0.0360000,2.4996044
0.0360050,2.4997595
0.0360100,2.4999239
0.0360150,2.5000922
0.0360200,2.5002620
0.0360250,2.5004294
0.0360300,2.5005878
0.0360350,2.5007340
0.0360400,2.5008707
0.0360450,2.5010026
0.0360500,2.5011309
0.0360550,2.5012538
0.0360600,2.5013678
0.0360650,2.5014701
0.0360700,2.5015587
0.0360750,2.5016342
0.0360800,2.5017016
0.0360850,2.5017630
0.0360900,2.5018151
0.0360950,2.5018570
0.0361000,2.5186711
0.0361050,2.5187079
0.0361100,2.5187443
0.0361150,2.5187816
0.0361200,2.5188212
0.0361250,2.5188604
0.0361300,2.5188980
0.0361350,2.5189345
0.0361400,2.5189694
0.0361450,2.5190005
0.0361500,2.5190267
0.0361550,2.5190499
0.0361600,2.5190714
0.0361650,2.5190930
0.0361700,2.5191159
0.0361750,2.5191376
0.0361800,2.5191554
0.0361850,2.5191670
0.0361900,2.5191724
0.0361950,2.5191727
0.0362000,2.5116338
0.0362050,2.5115827
0.0362100,2.5115230
0.0362150,2.5114591
0.0362200,2.5113986
0.0362250,2.5113482
0.0362300,2.5113132
0.0362350,2.5112952
0.0362400,2.5112953
0.0362450,2.5113092
0.0362500,2.5113314
0.0362550,2.5113596
0.0362600,2.5113906
0.0362650,2.5114221
0.0362700,2.5114515
0.0362750,2.5114774
0.0362800,2.5115012
0.0362850,2.5115232
0.0362900,2.5115455
0.0362950,2.5115675
0.0363000,2.5341004
0.0363050,2.5340900
0.0363100,2.5340748
0.0363150,2.5340540
0.0363200,2.5340245
0.0363250,2.5339861
0.0363300,2.5339450
0.0363350,2.5339048
0.0363400,2.5338674
0.0363450,2.5338341
0.0363500,2.5338080
0.0363550,2.5337907
0.0363600,2.5337807
0.0363650,2.5337796
0.0363700,2.5337921
0.0363750,2.5338225
0.0363800,2.5338720
0.0363850,2.5339371
0.0363900,2.5340161
0.0363950,2.5341026
0.0364000,2.5321894
0.0364050,2.5322592
0.0364100,2.5323236
0.0364150,2.5323741
0.0364200,2.5324076
0.0364250,2.5324266
0.0364300,2.5324346
0.0364350,2.5324309
0.0364400,2.5324181
0.0364450,2.5324009
0.0364500,2.5323857
0.0364550,2.5323796
0.0364600,2.5323875
0.0364650,2.5324141
0.0364700,2.5324633
0.0364750,2.5325333
0.0364800,2.5326168
0.0364850,2.5327057
0.0364900,2.5327955
0.0364950,2.5328827
0.0365000,2.5159779
0.0365050,2.5160581
0.0365100,2.5161394
0.0365150,2.5162203
0.0365200,2.5162975
0.0365250,2.5163671
0.0365300,2.5164251
0.0365350,2.5164662
0.0365400,2.5164835
0.0365450,2.5164739
0.0365500,2.5164421
0.0365550,2.5163966
0.0365600,2.5163479
0.0365650,2.5163072
0.0365700,2.5162819
0.0365750,2.5162732
0.0365800,2.5162774
0.0365850,2.5162894
0.0365900,2.5163030
0.0365950,2.5163130
0.0366000,2.5269438
0.0366050,2.5269291
0.0366100,2.5269296
0.0366150,2.5269469
0.0366200,2.5269815
0.0366250,2.5270337
0.0366300,2.5271027
0.0366350,2.5271850
0.0366400,2.5272774
0.0366450,2.5273778
0.0366500,2.5274841
0.0366550,2.5275935
0.0366600,2.5277058
0.0366650,2.5278234
0.0366700,2.5279473
0.0366750,2.5280793
0.0366800,2.5282204
0.0366850,2.5283727
0.0366900,2.5285371
0.0366950,2.5287084
0.0367000,2.5241876
0.0367050,2.5243403
0.0367100,2.5244926
0.0367150,2.5246425
0.0367200,2.5247876
0.0367250,2.5249285
0.0367300,2.5250680
0.0367350,2.5252075
0.0367400,2.5253436
0.0367450,2.5254728
0.0367500,2.5255967
0.0367550,2.5257172
0.0367600,2.5258360
0.0367650,2.5259537
0.0367700,2.5260666
0.0367750,2.5261716
0.0367800,2.5262690
0.0367850,2.5263615
0.0367900,2.5264494
0.0367950,2.5265306
0.0368000,2.5248963
0.0368050,2.5249372
0.0368100,2.5249769
0.0368150,2.5250205
0.0368200,2.5250723
0.0368250,2.5251369
0.0368300,2.5252154
0.0368350,2.5253083
0.0368400,2.5254147
0.0368450,2.5255335
0.0368500,2.5256668
0.0368550,2.5258149
0.0368600,2.5259743
0.0368650,2.5261363
0.0368700,2.5262923
0.0368750,2.5264379
0.0368800,2.5265735
0.0368850,2.5267003
0.0368900,2.5268187
0.0368950,2.5269289
0.0369000,2.5239427
0.0369050,2.5240356
0.0369100,2.5241223
0.0369150,2.5242084
0.0369200,2.5242986
0.0369250,2.5243931
0.0369300,2.5244908
0.0369350,2.5245938
0.0369400,2.5247032
0.0369450,2.5248174
0.0369500,2.5249373
0.0369550,2.5250647
0.0369600,2.5252014
0.0369650,2.5253466
0.0369700,2.5255021
0.0369750,2.5256722
0.0369800,2.5258551
0.0369850,2.5260477
0.0369900,2.5262453
0.0369950,2.5264442
0.0370000,2.5279051
0.0370050,2.5280667
0.0370100,2.5282207
0.0370150,2.5283671
0.0370200,2.5285086
0.0370250,2.5286490
0.0370300,2.5287906
0.0370350,2.5289362
0.0370400,2.5290880
0.0370450,2.5292461
0.0370500,2.5294093
0.0370550,2.5295768
0.0370600,2.5297491
0.0370650,2.5299261
0.0370700,2.5301070
0.0370750,2.5302878
0.0370800,2.5304644
0.0370850,2.5306349
0.0370900,2.5307986
0.0370950,2.5309595
0.0371000,2.5097225
0.0371050,2.5098754
0.0371100,2.5100373
0.0371150,2.5102089
0.0371200,2.5103882
0.0371250,2.5105711
0.0371300,2.5107531
0.0371350,2.5109319
0.0371400,2.5111052
0.0371450,2.5112735
0.0371500,2.5114410
0.0371550,2.5116147
0.0371600,2.5118000
0.0371650,2.5119954
0.0371700,2.5121934
0.0371750,2.5123887
0.0371800,2.5125801
0.0371850,2.5127701
0.0371900,2.5129598
0.0371950,2.5131485
0.0372000,2.5182168
0.0372050,2.5183653
0.0372100,2.5185062
0.0372150,2.5186350
0.0372200,2.5187497
0.0372250,2.5188493
0.0372300,2.5189331
0.0372350,2.5190049
0.0372400,2.5190698
0.0372450,2.5191348
0.0372500,2.5192053
0.0372550,2.5192836
0.0372600,2.5193715
0.0372650,2.5194666
0.0372700,2.5195669
0.0372750,2.5196685
0.0372800,2.5197686
0.0372850,2.5198706
0.0372900,2.5199774
0.0372950,2.5200924
0.0373000,2.5429141
0.0373050,2.5430269
0.0373100,2.5431587
0.0373150,2.5433052
0.0373200,2.5434620
0.0373250,2.5436239
0.0373300,2.5437850
0.0373350,2.5439424
0.0373400,2.5440946
0.0373450,2.5442426
0.0373500,2.5443858
0.0373550,2.5445220
0.0373600,2.5446488
0.0373650,2.5447638
0.0373700,2.5448657
0.0373750,2.5449539
0.0373800,2.5450287
0.0373850,2.5450923
0.0373900,2.5451442
0.0373950,2.5451825
0.0374000,2.5572769
0.0374050,2.5572783
0.0374100,2.5572765
0.0374150,2.5572721
0.0374200,2.5572675
0.0374250,2.5572655
0.0374300,2.5572675
0.0374350,2.5572778
0.0374400,2.5573014
0.0374450,2.5573384
0.0374500,2.5573867
0.0374550,2.5574444
0.0374600,2.5575082
0.0374650,2.5575716
0.0374700,2.5576282
0.0374750,2.5576736
0.0374800,2.5577072
0.0374850,2.5577302
0.0374900,2.5577412
0.0374950,2.5577432
0.0375000,2.5532633
0.0375050,2.5532488
0.0375100,2.5532358
0.0375150,2.5532285
0.0375200,2.5532335
0.0375250,2.5532550
0.0375300,2.5532934
0.0375350,2.5533484
0.0375400,2.5534193
0.0375450,2.5535010
0.0375500,2.5535855
0.0375550,2.5536671
0.0375600,2.5537410
0.0375650,2.5538038
0.0375700,2.5538566
0.0375750,2.5539037
0.0375800,2.5539499
0.0375850,2.5539974
0.0375900,2.5540429
0.0375950,2.5540838
0.0376000,2.5550377
0.0376050,2.5550194
0.0376100,2.5549876
0.0376150,2.5549410
0.0376200,2.5548835
0.0376250,2.5548190
0.0376300,2.5547529
0.0376350,2.5546930
0.0376400,2.5546481
0.0376450,2.5546225
0.0376500,2.5546143
0.0376550,2.5546238
0.0376600,2.5546514
0.0376650,2.5546914
0.0376700,2.5547384
0.0376750,2.5547958
0.0376800,2.5548669
0.0376850,2.5549473
0.0376900,2.5550312
0.0376950,2.5551140
0.0377000,2.5093980
0.0377050,2.5094328
0.0377100,2.5094639
0.0377150,2.5094933
0.0377200,2.5095215
0.0377250,2.5095414
0.0377300,2.5095462
0.0377350,2.5095350
0.0377400,2.5095089
0.0377450,2.5094698
0.0377500,2.5094216
0.0377550,2.5093694
0.0377600,2.5093147
0.0377650,2.5092549
0.0377700,2.5091854
0.0377750,2.5091035
0.0377800,2.5090127
0.0377850,2.5089174
0.0377900,2.5088213
0.0377950,2.5087297
0.0378000,2.5062694
0.0378050,2.5061709
0.0378100,2.5060808
0.0378150,2.5060007
0.0378200,2.5059313
0.0378250,2.5058713
0.0378300,2.5058212
0.0378350,2.5057812
0.0378400,2.5057504
0.0378450,2.5057306
0.0378500,2.5057260
0.0378550,2.5057380
0.0378600,2.5057630
0.0378650,2.5057978
0.0378700,2.5058425
0.0378750,2.5058941
0.0378800,2.5059488
0.0378850,2.5060052
0.0378900,2.5060636
0.0378950,2.5061261
0.0379000,2.5168119
0.0379050,2.5168900
0.0379100,2.5169676
0.0379150,2.5170414
0.0379200,2.5171122
0.0379250,2.5171786
0.0379300,2.5172392
0.0379350,2.5172943
0.0379400,2.5173424
0.0379450,2.5173818
0.0379500,2.5174114
0.0379550,2.5174317
0.0379600,2.5174474
0.0379650,2.5174679
0.0379700,2.5174973
0.0379750,2.5175342
0.0379800,2.5175777
0.0379850,2.5176246
0.0379900,2.5176738
0.0379950,2.5177291
0.0380000,2.5177100
0.0380050,2.5177490
0.0380100,2.5177835
0.0380150,2.5178086
0.0380200,2.5178236
0.0380250,2.5178269
0.0380300,2.5178195
0.0380350,2.5178053
0.0380400,2.5177884
0.0380450,2.5177691
0.0380500,2.5177488
0.0380550,2.5177331
0.0380600,2.5177265
0.0380650,2.5177295
0.0380700,2.5177378
0.0380750,2.5177505
0.0380800,2.5177724
0.0380850,2.5178073
0.0380900,2.5178532
0.0380950,2.5179066
0.0381000,2.5013914
0.0381050,2.5014578
0.0381100,2.5015335
0.0381150,2.5016166
0.0381200,2.5017051
0.0381250,2.5017951
0.0381300,2.5018829
0.0381350,2.5019650
0.0381400,2.5020391
0.0381450,2.5021035
0.0381500,2.5021564
0.0381550,2.5021975
0.0381600,2.5022297
0.0381650,2.5022583
0.0381700,2.5022877
0.0381750,2.5023211
0.0381800,2.5023613
0.0381850,2.5024089
0.0381900,2.5024628
0.0381950,2.5025198
0.0382000,2.4993813
0.0382050,2.4994141
0.0382100,2.4994410
0.0382150,2.4994564
0.0382200,2.4994584
0.0382250,2.4994485
0.0382300,2.4994291
0.0382350,2.4994046
0.0382400,2.4993833
0.0382450,2.4993739
0.0382500,2.4993851
0.0382550,2.4994208
0.0382600,2.4994784
0.0382650,2.4995506
0.0382700,2.4996283
0.0382750,2.4997079
0.0382800,2.4997901
0.0382850,2.4998739
0.0382900,2.4999556
0.0382950,2.5000354
0.0383000,2.4897675
0.0383050,2.4898499
0.0383100,2.4899397
0.0383150,2.4900400
0.0383200,2.4901535
0.0383250,2.4902785
0.0383300,2.4904099
0.0383350,2.4905434
0.0383400,2.4906765
0.0383450,2.4908072
0.0383500,2.4909362
0.0383550,2.4910680
0.0383600,2.4912078
0.0383650,2.4913568
0.0383700,2.4915126
0.0383750,2.4916703
0.0383800,2.4918240
0.0383850,2.4919697
0.0383900,2.4921024
0.0383950,2.4922174
0.0384000,2.4920368
0.0384050,2.4920899
0.0384100,2.4921380
0.0384150,2.4921860
0.0384200,2.4922362
0.0384250,2.4922873
0.0384300,2.4923380
0.0384350,2.4923894
0.0384400,2.4924451
0.0384450,2.4925081
0.0384500,2.4925803
0.0384550,2.4926597
0.0384600,2.4927406
0.0384650,2.4928158
0.0384700,2.4928784
0.0384750,2.4929267
0.0384800,2.4929595
0.0384850,2.4929740
0.0384900,2.4929693
0.0384950,2.4929482
0.0385000,2.4771305
0.0385050,2.4770682
0.0385100,2.4769987
0.0385150,2.4769322
0.0385200,2.4768751
0.0385250,2.4768264
0.0385300,2.4767826
0.0385350,2.4767409
0.0385400,2.4767003
0.0385450,2.4766600
0.0385500,2.4766207
0.0385550,2.4765845
0.0385600,2.4765529
0.0385650,2.4765275
0.0385700,2.4765090
0.0385750,2.4764974
0.0385800,2.4764934
0.0385850,2.4764960
0.0385900,2.4765023
0.0385950,2.4765101
0.0386000,2.4958330
0.0386050,2.4958233
0.0386100,2.4958251
0.0386150,2.4958359
0.0386200,2.4958540
0.0386250,2.4958779
0.0386300,2.4959054
0.0386350,2.4959368
0.0386400,2.4959736
0.0386450,2.4960158
0.0386500,2.4960625
0.0386550,2.4961097
0.0386600,2.4961477
0.0386650,2.4961678
0.0386700,2.4961682
0.0386750,2.4961535
0.0386800,2.4961310
0.0386850,2.4961073
0.0386900,2.4960887
0.0386950,2.4960770
0.0387000,2.4827257
0.0387050,2.4826926
0.0387100,2.4826595
0.0387150,2.4826232
0.0387200,2.4825815
0.0387250,2.4825339
0.0387300,2.4824833
0.0387350,2.4824353
0.0387400,2.4823975
0.0387450,2.4823771
0.0387500,2.4823813
0.0387550,2.4824149
0.0387600,2.4824784
0.0387650,2.4825687
0.0387700,2.4826774
0.0387750,2.4827936
0.0387800,2.4829088
0.0387850,2.4830212
0.0387900,2.4831350
0.0387950,2.4832541
0.0388000,2.4546015
0.0388050,2.4546887
0.0388100,2.4547800
0.0388150,2.4548746
0.0388200,2.4549713
0.0388250,2.4550721
0.0388300,2.4551813
0.0388350,2.4553019
0.0388400,2.4554352
0.0388450,2.4555837
0.0388500,2.4557511
0.0388550,2.4559368
0.0388600,2.4561387
0.0388650,2.4563546
0.0388700,2.4565763
0.0388750,2.4567921
0.0388800,2.4569934
0.0388850,2.4571772
0.0388900,2.4573433
0.0388950,2.4574921
0.0389000,2.4477515
0.0389050,2.4478418
0.0389100,2.4479247
0.0389150,2.4480047
0.0389200,2.4480871
0.0389250,2.4481779
0.0389300,2.4482796
0.0389350,2.4483911
0.0389400,2.4485061
0.0389450,2.4486188
0.0389500,2.4487277
0.0389550,2.4488301
0.0389600,2.4489230
0.0389650,2.4490049
0.0389700,2.4490721
0.0389750,2.4491208
0.0389800,2.4491502
0.0389850,2.4491670
0.0389900,2.4491790
0.0389950,2.4491893
0.0390000,2.4835968
0.0390050,2.4835694
0.0390100,2.4835514
0.0390150,2.4835441
0.0390200,2.4835457
0.0390250,2.4835557
0.0390300,2.4835751
0.0390350,2.4836068
0.0390400,2.4836540
0.0390450,2.4837150
0.0390500,2.4837853
0.0390550,2.4838619
0.0390600,2.4839436
0.0390650,2.4840281
0.0390700,2.4841143
0.0390750,2.4842027
0.0390800,2.4842924
0.0390850,2.4843818
0.0390900,2.4844698
0.0390950,2.4845557
0.0391000,2.4544626
0.0391050,2.4545127
0.0391100,2.4545568
0.0391150,2.4545966
0.0391200,2.4546312
0.0391250,2.4546591
0.0391300,2.4546808
0.0391350,2.4547008
0.0391400,2.4547240
0.0391450,2.4547524
0.0391500,2.4547882
0.0391550,2.4548319
0.0391600,2.4548835
0.0391650,2.4549400
0.0391700,2.4550015
0.0391750,2.4550701
0.0391800,2.4551461
0.0391850,2.4552323
0.0391900,2.4553328
0.0391950,2.4554513
0.0392000,2.4451177
0.0392050,2.4452395
0.0392100,2.4453785
0.0392150,2.4455296
0.0392200,2.4456851
0.0392250,2.4458360
0.0392300,2.4459774
0.0392350,2.4461100
0.0392400,2.4462364
0.0392450,2.4463582
0.0392500,2.4464767
0.0392550,2.4465910
0.0392600,2.4466984
0.0392650,2.4467959
0.0392700,2.4468820
0.0392750,2.4469595
0.0392800,2.4470312
0.0392850,2.4470977
0.0392900,2.4471593
0.0392950,2.4472184
0.0393000,2.4520796
0.0393050,2.4521039
0.0393100,2.4521214
0.0393150,2.4521348
0.0393200,2.4521473
0.0393250,2.4521646
0.0393300,2.4521930
0.0393350,2.4522381
0.0393400,2.4523004
0.0393450,2.4523753
0.0393500,2.4524560
0.0393550,2.4525380
0.0393600,2.4526159
0.0393650,2.4526836
0.0393700,2.4527405
0.0393750,2.4527898
0.0393800,2.4528324
0.0393850,2.4528675
0.0393900,2.4528955
0.0393950,2.4529186
0.0394000,2.4647115
0.0394050,2.4647163
0.0394100,2.4647186
0.0394150,2.4647209
0.0394200,2.4647283
0.0394250,2.4647448
0.0394300,2.4647709
0.0394350,2.4648043
0.0394400,2.4648417
0.0394450,2.4648820
0.0394500,2.4649271
0.0394550,2.4649776
0.0394600,2.4650356
0.0394650,2.4651016
0.0394700,2.4651735
0.0394750,2.4652501
0.0394800,2.4653291
0.0394850,2.4654092
0.0394900,2.4654891
0.0394950,2.4655668
0.0395000,2.4568210
0.0395050,2.4568703
0.0395100,2.4569132
0.0395150,2.4569460
0.0395200,2.4569702
0.0395250,2.4569915
0.0395300,2.4570103
0.0395350,2.4570256
0.0395400,2.4570403
0.0395450,2.4570565
0.0395500,2.4570737
0.0395550,2.4570918
0.0395600,2.4571129
0.0395650,2.4571400
0.0395700,2.4571737
0.0395750,2.4572132
0.0395800,2.4572604
0.0395850,2.4573198
0.0395900,2.4573935
0.0395950,2.4574792
0.0396000,2.4599337
0.0396050,2.4600303
0.0396100,2.4601366
0.0396150,2.4602503
0.0396200,2.4603653
0.0396250,2.4604780
0.0396300,2.4605854
0.0396350,2.4606841
0.0396400,2.4607721
0.0396450,2.4608502
0.0396500,2.4609176
0.0396550,2.4609732
0.0396600,2.4610171
0.0396650,2.4610494
0.0396700,2.4610727
0.0396750,2.4610901
0.0396800,2.4611034
0.0396850,2.4611156
0.0396900,2.4611340
0.0396950,2.4611645
0.0397000,2.4739795
0.0397050,2.4740067
0.0397100,2.4740436
0.0397150,2.4740890
0.0397200,2.4741423
0.0397250,2.4742022
0.0397300,2.4742689
0.0397350,2.4743423
0.0397400,2.4744222
0.0397450,2.4745088
0.0397500,2.4745998
0.0397550,2.4746936
0.0397600,2.4747914
0.0397650,2.4748948
0.0397700,2.4750021
0.0397750,2.4751100
0.0397800,2.4752162
0.0397850,2.4753171
0.0397900,2.4754081
0.0397950,2.4754889
0.0398000,2.4913591
0.0398050,2.4914228
0.0398100,2.4914831
0.0398150,2.4915400
0.0398200,2.4915938
0.0398250,2.4916464
0.0398300,2.4916983
0.0398350,2.4917489
0.0398400,2.4917980
0.0398450,2.4918451
0.0398500,2.4918923
0.0398550,2.4919428
0.0398600,2.4920017
0.0398650,2.4920751
0.0398700,2.4921659
0.0398750,2.4922704
0.0398800,2.4923813
0.0398850,2.4924935
0.0398900,2.4926040
0.0398950,2.4927089
0.0399000,2.4669357
0.0399050,2.4670013
0.0399100,2.4670635
0.0399150,2.4671225
0.0399200,2.4671790
0.0399250,2.4672353
0.0399300,2.4672927
0.0399350,2.4673498
0.0399400,2.4674035
0.0399450,2.4674525
0.0399500,2.4674936
0.0399550,2.4675207
0.0399600,2.4675299
0.0399650,2.4675226
0.0399700,2.4675033
0.0399750,2.4674774
0.0399800,2.4674523
0.0399850,2.4674378
0.0399900,2.4674403
0.0399950,2.4674595
0.0400000,2.4572576
0.0400050,2.4572784
0.0400100,2.4573067
0.0400150,2.4573388
0.0400200,2.4573685
0.0400250,2.4573934
0.0400300,2.4574139
0.0400350,2.4574306
0.0400400,2.4574441
0.0400450,2.4574556
0.0400500,2.4574677
0.0400550,2.4574826
0.0400600,2.4575018
0.0400650,2.4575267
0.0400700,2.4575542
0.0400750,2.4575783
0.0400800,2.4575951
0.0400850,2.4576077
0.0400900,2.4576219
0.0400950,2.4576408
0.0401000,2.4887148
0.0401050,2.4887204
0.0401100,2.4887269
0.0401150,2.4887322
0.0401200,2.4887366
0.0401250,2.4887417
0.0401300,2.4887471
0.0401350,2.4887539
0.0401400,2.4887634
0.0401450,2.4887777
0.0401500,2.4887981
0.0401550,2.4888263
0.0401600,2.4888625
0.0401650,2.4889066
0.0401700,2.4889576
0.0401750,2.4890122
0.0401800,2.4890676
0.0401850,2.4891219
0.0401900,2.4891758
0.0401950,2.4892291
0.0402000,2.4968351
0.0402050,2.4968603
0.0402100,2.4968678
0.0402150,2.4968564
0.0402200,2.4968288
0.0402250,2.4967901
0.0402300,2.4967478
0.0402350,2.4967073
0.0402400,2.4966701
0.0402450,2.4966353
0.0402500,2.4966020
0.0402550,2.4965729
0.0402600,2.4965491
0.0402650,2.4965298
0.0402700,2.4965137
0.0402750,2.4964986
0.0402800,2.4964846
0.0402850,2.4964756
0.0402900,2.4964780
0.0402950,2.4964984
0.0403000,2.4995226
0.0403050,2.4995802
0.0403100,2.4996527
0.0403150,2.4997387
0.0403200,2.4998398
0.0403250,2.4999569
0.0403300,2.5000889
0.0403350,2.5002322
0.0403400,2.5003825
0.0403450,2.5005339
0.0403500,2.5006838
0.0403550,2.5008306
0.0403600,2.5009718
0.0403650,2.5011072
0.0403700,2.5012378
0.0403750,2.5013654
0.0403800,2.5014899
0.0403850,2.5016089
0.0403900,2.5017209
0.0403950,2.5018256
0.0404000,2.5162628
0.0404050,2.5163331
0.0404100,2.5164062
0.0404150,2.5164875
0.0404200,2.5165814
0.0404250,2.5166929
0.0404300,2.5168249
0.0404350,2.5169735
0.0404400,2.5171356
0.0404450,2.5173094
0.0404500,2.5174890
0.0404550,2.5176669
0.0404600,2.5178370
0.0404650,2.5179969
0.0404700,2.5181499
0.0404750,2.5183023
0.0404800,2.5184588
0.0404850,2.5186203
0.0404900,2.5187874
0.0404950,2.5189605
0.0405000,2.4878016
0.0405050,2.4879565
0.0405100,2.4881152
0.0405150,2.4882741
0.0405200,2.4884282
0.0405250,2.4885756
0.0405300,2.4887151
0.0405350,2.4888426
0.0405400,2.4889543
0.0405450,2.4890491
0.0405500,2.4891254
0.0405550,2.4891814
0.0405600,2.4892158
0.0405650,2.4892311
0.0405700,2.4892309
0.0405750,2.4892181
0.0405800,2.4891960
0.0405850,2.4891672
0.0405900,2.4891350
0.0405950,2.4891024
0.0406000,2.4920092
0.0406050,2.4919225
0.0406100,2.4918390
0.0406150,2.4917625
0.0406200,2.4916972
0.0406250,2.4916448
0.0406300,2.4916032
0.0406350,2.4915674
0.0406400,2.4915336
0.0406450,2.4914996
0.0406500,2.4914625
0.0406550,2.4914202
0.0406600,2.4913717
0.0406650,2.4913180
0.0406700,2.4912589
0.0406750,2.4911948
0.0406800,2.4911266
0.0406850,2.4910542
0.0406900,2.4909793
0.0406950,2.4909040
0.0407000,2.5004174
0.0407050,2.5003402
0.0407100,2.5002740
0.0407150,2.5002188
0.0407200,2.5001704
0.0407250,2.5001243
0.0407300,2.5000809
0.0407350,2.5000447
0.0407400,2.5000205
0.0407450,2.5000117
0.0407500,2.5000211
0.0407550,2.5000462
0.0407600,2.5000776
0.0407650,2.5001059
0.0407700,2.5001262
0.0407750,2.5001376
0.0407800,2.5001396
0.0407850,2.5001334
0.0407900,2.5001214
0.0407950,2.5000996
0.0408000,2.5180206
0.0408050,2.5179442
0.0408100,2.5178544
0.0408150,2.5177509
0.0408200,2.5176341
0.0408250,2.5175084
0.0408300,2.5173798
0.0408350,2.5172522
0.0408400,2.5171284
0.0408450,2.5170126
0.0408500,2.5169086
0.0408550,2.5168175
0.0408600,2.5167363
0.0408650,2.5166622
0.0408700,2.5165931
0.0408750,2.5165275
0.0408800,2.5164674
0.0408850,2.5164173
0.0408900,2.5163807
0.0408950,2.5163559
0.0409000,2.4900804
0.0409050,2.4900436
0.0409100,2.4900163
0.0409150,2.4899977
0.0409200,2.4899904
0.0409250,2.4899944
0.0409300,2.4900060
0.0409350,2.4900208
0.0409400,2.4900356
0.0409450,2.4900498
0.0409500,2.4900622
0.0409550,2.4900722
0.0409600,2.4900810
0.0409650,2.4900890
0.0409700,2.4900924
0.0409750,2.4900869
0.0409800,2.4900705
0.0409850,2.4900434
0.0409900,2.4900073
0.0409950,2.4899640
0.0410000,2.5100186
0.0410050,2.5099117
0.0410100,2.5098162
0.0410150,2.5097370
0.0410200,2.5096741
0.0410250,2.5096237
0.0410300,2.5095813
0.0410350,2.5095455
0.0410400,2.5095170
0.0410450,2.5094980
0.0410500,2.5094910
0.0410550,2.5094997
0.0410600,2.5095293
0.0410650,2.5095839
0.0410700,2.5096618
0.0410750,2.5097571
0.0410800,2.5098642
0.0410850,2.5099789
0.0410900,2.5100987
0.0410950,2.5102212
0.0411000,2.5020812
0.0411050,2.5021954
0.0411100,2.5023224
0.0411150,2.5024561
0.0411200,2.5025905
0.0411250,2.5027211
0.0411300,2.5028446
0.0411350,2.5029561
0.0411400,2.5030507
0.0411450,2.5031253
0.0411500,2.5031793
0.0411550,2.5032132
0.0411600,2.5032282
0.0411650,2.5032296
0.0411700,2.5032220
0.0411750,2.5032062
0.0411800,2.5031832
0.0411850,2.5031593
0.0411900,2.5031458
0.0411950,2.5031507
0.0412000,2.5185085
0.0412050,2.5185118
0.0412100,2.5185473
0.0412150,2.5186131
0.0412200,2.5187068
0.0412250,2.5188287
0.0412300,2.5189764
0.0412350,2.5191423
0.0412400,2.5193204
0.0412450,2.5195087
0.0412500,2.5197042
0.0412550,2.5199010
0.0412600,2.5200935
0.0412650,2.5202785
0.0412700,2.5204522
0.0412750,2.5206100
0.0412800,2.5207511
0.0412850,2.5208808
0.0412900,2.5210046
0.0412950,2.5211241
0.0413000,2.5349610
0.0413050,2.5350414
0.0413100,2.5351193
0.0413150,2.5351974
0.0413200,2.5352795
0.0413250,2.5353688
0.0413300,2.5354659
0.0413350,2.5355664
0.0413400,2.5356627
0.0413450,2.5357505
0.0413500,2.5358280
0.0413550,2.5358961
0.0413600,2.5359553
0.0413650,2.5360054
0.0413700,2.5360479
0.0413750,2.5360833
0.0413800,2.5361106
0.0413850,2.5361310
0.0413900,2.5361489
0.0413950,2.5361690
0.0414000,2.5281987
0.0414050,2.5281985
0.0414100,2.5281980
0.0414150,2.5281926
0.0414200,2.5281800
0.0414250,2.5281572
0.0414300,2.5281190
0.0414350,2.5280624
0.0414400,2.5279890
0.0414450,2.5279028
0.0414500,2.5278113
0.0414550,2.5277263
0.0414600,2.5276569
0.0414650,2.5276095
0.0414700,2.5275857
0.0414750,2.5275821
0.0414800,2.5275948
0.0414850,2.5276198
0.0414900,2.5276536
0.0414950,2.5276902
0.0415000,2.5149805
0.0415050,2.5149976
0.0415100,2.5150069
0.0415150,2.5150044
0.0415200,2.5149881
0.0415250,2.5149587
0.0415300,2.5149170
0.0415350,2.5148641
0.0415400,2.5148027
0.0415450,2.5147354
0.0415500,2.5146673
0.0415550,2.5146039
0.0415600,2.5145485
0.0415650,2.5145056
0.0415700,2.5144768
0.0415750,2.5144603
0.0415800,2.5144547
0.0415850,2.5144586
0.0415900,2.5144711
0.0415950,2.5144894
0.0416000,2.5145115
0.0416050,2.5145396
0.0416100,2.5145767
0.0416150,2.5146271
0.0416200,2.5146938
0.0416250,2.5147764
0.0416300,2.5148722
0.0416350,2.5149763
0.0416400,2.5150841
0.0416450,2.5151931
0.0416500,2.5153024
0.0416550,2.5154115
0.0416600,2.5155186
0.0416650,2.5156214
0.0416700,2.5157179
0.0416750,2.5158069
0.0416800,2.5158853
0.0416850,2.5159473
0.0416900,2.5159880
0.0416950,2.5160060
0.0417000,2.5275051
0.0417050,2.5274660
0.0417100,2.5274114
0.0417150,2.5273499
0.0417200,2.5272873
0.0417250,2.5272268
0.0417300,2.5271719
0.0417350,2.5271240
0.0417400,2.5270823
0.0417450,2.5270437
0.0417500,2.5270064
0.0417550,2.5269696
0.0417600,2.5269296
0.0417650,2.5268857
0.0417700,2.5268409
0.0417750,2.5267994
0.0417800,2.5267630
0.0417850,2.5267284
0.0417900,2.5266856
0.0417950,2.5266241
0.0418000,2.5269899
0.0418050,2.5268424
0.0418100,2.5266791
0.0418150,2.5265104
0.0418200,2.5263445
0.0418250,2.5261869
0.0418300,2.5260423
0.0418350,2.5259138
0.0418400,2.5258016
0.0418450,2.5257058
0.0418500,2.5256268
0.0418550,2.5255611
0.0418600,2.5255032
0.0418650,2.5254488
0.0418700,2.5253978
0.0418750,2.5253523
0.0418800,2.5253101
0.0418850,2.5252667
0.0418900,2.5252212
0.0418950,2.5251762
0.0419000,2.5401324
0.0419050,2.5400249
0.0419100,2.5399225
0.0419150,2.5398271
0.0419200,2.5397366
0.0419250,2.5396461
0.0419300,2.5395538
0.0419350,2.5394605
0.0419400,2.5393644
0.0419450,2.5392665
0.0419500,2.5391729
0.0419550,2.5390907
0.0419600,2.5390225
0.0419650,2.5389675
0.0419700,2.5389294
0.0419750,2.5389157
0.0419800,2.5389261
0.0419850,2.5389547
0.0419900,2.5390009
0.0419950,2.5390643
0.0420000,2.5499493
0.0420050,2.5500229
0.0420100,2.5501051
0.0420150,2.5501991
0.0420200,2.5503064
0.0420250,2.5504304
0.0420300,2.5505745
0.0420350,2.5507405
0.0420400,2.5509294
0.0420450,2.5511385
0.0420500,2.5513625
0.0420550,2.5515954
0.0420600,2.5518287
0.0420650,2.5520537
0.0420700,2.5522635
0.0420750,2.5524562
0.0420800,2.5526328
0.0420850,2.5527943
0.0420900,2.5529417
0.0420950,2.5530714
0.0421000,2.5375417
0.0421050,2.5376300
0.0421100,2.5377050
0.0421150,2.5377725
0.0421200,2.5378370
0.0421250,2.5379014
0.0421300,2.5379639
0.0421350,2.5380232
0.0421400,2.5380814
0.0421450,2.5381380
0.0421500,2.5381902
0.0421550,2.5382378
0.0421600,2.5382827
0.0421650,2.5383249
0.0421700,2.5383622
0.0421750,2.5383907
0.0421800,2.5384071
0.0421850,2.5384104
0.0421900,2.5384043
0.0421950,2.5383948
0.0422000,2.5329423
0.0422050,2.5328957
0.0422100,2.5328655
0.0422150,2.5328523
0.0422200,2.5328537
0.0422250,2.5328687
0.0422300,2.5328982
0.0422350,2.5329416
0.0422400,2.5329979
0.0422450,2.5330657
0.0422500,2.5331435
0.0422550,2.5332280
0.0422600,2.5333146
0.0422650,2.5334018
0.0422700,2.5334945
0.0422750,2.5335957
0.0422800,2.5337029
0.0422850,2.5338117
0.0422900,2.5339202
0.0422950,2.5340269
0.0423000,2.5711097
0.0423050,2.5711773
0.0423100,2.5712493
0.0423150,2.5713278
0.0423200,2.5714151
0.0423250,2.5715129
0.0423300,2.5716234
0.0423350,2.5717496
0.0423400,2.5718920
0.0423450,2.5720513
0.0423500,2.5722294
0.0423550,2.5724252
0.0423600,2.5726362
0.0423650,2.5728596
0.0423700,2.5730904
0.0423750,2.5733264
0.0423800,2.5735657
0.0423850,2.5738058
0.0423900,2.5740441
0.0423950,2.5742780
0.0424000,2.5733079
0.0424050,2.5735055
0.0424100,2.5737000
0.0424150,2.5738943
0.0424200,2.5740889
0.0424250,2.5742851
0.0424300,2.5744835
0.0424350,2.5746835
0.0424400,2.5748844
0.0424450,2.5750847
0.0424500,2.5752794
0.0424550,2.5754656
0.0424600,2.5756402
0.0424650,2.5757980
0.0424700,2.5759366
0.0424750,2.5760583
0.0424800,2.5761680
0.0424850,2.5762696
0.0424900,2.5763661
0.0424950,2.5764620
0.0425000,2.5713382
0.0425050,2.5714264
0.0425100,2.5715102
0.0425150,2.5715850
0.0425200,2.5716485
0.0425250,2.5716969
0.0425300,2.5717285
0.0425350,2.5717461
0.0425400,2.5717546
0.0425450,2.5717555
0.0425500,2.5717499
0.0425550,2.5717417
0.0425600,2.5717327
0.0425650,2.5717258
0.0425700,2.5717242
0.0425750,2.5717287
0.0425800,2.5717382
0.0425850,2.5717508
0.0425900,2.5717656
0.0425950,2.5717795
0.0426000,2.5712134
0.0426050,2.5712151
0.0426100,2.5712207
0.0426150,2.5712366
0.0426200,2.5712674
0.0426250,2.5713177
0.0426300,2.5713925
0.0426350,2.5714937
0.0426400,2.5716210
0.0426450,2.5717712
0.0426500,2.5719384
0.0426550,2.5721172
0.0426600,2.5723001
0.0426650,2.5724820
0.0426700,2.5726602
0.0426750,2.5728321
0.0426800,2.5729960
0.0426850,2.5731539
0.0426900,2.5733112
0.0426950,2.5734701
0.0427000,2.5796135
0.0427050,2.5797268
0.0427100,2.5798289
0.0427150,2.5799189
0.0427200,2.5799963
0.0427250,2.5800619
0.0427300,2.5801163
0.0427350,2.5801576
0.0427400,2.5801855
0.0427450,2.5802034
0.0427500,2.5802169
0.0427550,2.5802313
0.0427600,2.5802509
0.0427650,2.5802803
0.0427700,2.5803221
0.0427750,2.5803769
0.0427800,2.5804450
0.0427850,2.5805266
0.0427900,2.5806201
0.0427950,2.5807232
0.0428000,2.5725802
0.0428050,2.5726894
0.0428100,2.5728086
0.0428150,2.5729348
0.0428200,2.5730641
0.0428250,2.5731936
0.0428300,2.5733182
0.0428350,2.5734328
0.0428400,2.5735336
0.0428450,2.5736183
0.0428500,2.5736882
0.0428550,2.5737487
0.0428600,2.5738069
0.0428650,2.5738687
0.0428700,2.5739372
0.0428750,2.5740117
0.0428800,2.5740877
0.0428850,2.5741613
0.0428900,2.5742322
0.0428950,2.5743029
0.0429000,2.5710342
0.0429050,2.5710870
0.0429100,2.5711444
0.0429150,2.5712117
0.0429200,2.5712939
0.0429250,2.5713946
0.0429300,2.5715135
0.0429350,2.5716496
0.0429400,2.5718003
0.0429450,2.5719628
0.0429500,2.5721344
0.0429550,2.5723111
0.0429600,2.5724916
0.0429650,2.5726769
0.0429700,2.5728681
0.0429750,2.5730670
0.0429800,2.5732714
0.0429850,2.5734759
0.0429900,2.5736772
0.0429950,2.5738720
0.0430000,2.5577671
0.0430050,2.5578947
0.0430100,2.5580163
0.0430150,2.5581318
0.0430200,2.5582386
0.0430250,2.5583380
0.0430300,2.5584308
0.0430350,2.5585132
0.0430400,2.5585787
0.0430450,2.5586223
0.0430500,2.5586422
0.0430550,2.5586430
0.0430600,2.5586329
0.0430650,2.5586177
0.0430700,2.5586015
0.0430750,2.5585914
0.0430800,2.5585943
0.0430850,2.5586120
0.0430900,2.5586451
0.0430950,2.5586933
0.0431000,2.5618153
0.0431050,2.5618732
0.0431100,2.5619307
0.0431150,2.5619848
0.0431200,2.5620357
0.0431250,2.5620857
0.0431300,2.5621362
0.0431350,2.5621893
0.0431400,2.5622464
0.0431450,2.5623080
0.0431500,2.5623732
0.0431550,2.5624404
0.0431600,2.5625101
0.0431650,2.5625817
0.0431700,2.5626571
0.0431750,2.5627385
0.0431800,2.5628255
0.0431850,2.5629180
0.0431900,2.5630175
0.0431950,2.5631261
0.0432000,2.5632449
0.0432050,2.5633729
0.0432100,2.5635086
0.0432150,2.5636503
0.0432200,2.5637957
0.0432250,2.5639415
0.0432300,2.5640848
0.0432350,2.5642252
0.0432400,2.5643624
0.0432450,2.5644951
0.0432500,2.5646202
0.0432550,2.5647354
0.0432600,2.5648415
0.0432650,2.5649431
0.0432700,2.5650461
0.0432750,2.5651567
0.0432800,2.5652779
0.0432850,2.5654086
0.0432900,2.5655454
0.0432950,2.5656851
0.0433000,2.5731169
0.0433050,2.5732554
0.0433100,2.5733964
0.0433150,2.5735372
0.0433200,2.5736745
0.0433250,2.5738044
0.0433300,2.5739243
0.0433350,2.5740353
0.0433400,2.5741368
0.0433450,2.5742261
0.0433500,2.5743061
0.0433550,2.5743825
0.0433600,2.5744590
0.0433650,2.5745374
0.0433700,2.5746191
0.0433750,2.5747065
0.0433800,2.5748030
0.0433850,2.5749110
0.0433900,2.5750310
0.0433950,2.5751613
0.0434000,2.5756200
0.0434050,2.5757454
0.0434100,2.5758719
0.0434150,2.5759955
0.0434200,2.5761160
0.0434250,2.5762339
0.0434300,2.5763493
0.0434350,2.5764645
0.0434400,2.5765850
0.0434450,2.5767175
0.0434500,2.5768690
0.0434550,2.5770451
0.0434600,2.5772472
0.0434650,2.5774718
0.0434700,2.5777125
0.0434750,2.5779614
0.0434800,2.5782124
0.0434850,2.5784637
0.0434900,2.5787154
0.0434950,2.5789647
0.0435000,2.5706101
0.0435050,2.5708429
0.0435100,2.5710736
0.0435150,2.5712997
0.0435200,2.5715184
0.0435250,2.5717308
0.0435300,2.5719392
0.0435350,2.5721460
0.0435400,2.5723532
0.0435450,2.5725635
0.0435500,2.5727769
0.0435550,2.5729917
0.0435600,2.5732085
0.0435650,2.5734280
0.0435700,2.5736478
0.0435750,2.5738624
0.0435800,2.5740662
0.0435850,2.5742570
0.0435900,2.5744328
0.0435950,2.5745926
0.0436000,2.5845738
0.0436050,2.5847045
0.0436100,2.5848232
0.0436150,2.5849287
0.0436200,2.5850247
0.0436250,2.5851146
0.0436300,2.5851973
0.0436350,2.5852722
0.0436400,2.5853398
0.0436450,2.5854008
0.0436500,2.5854548
0.0436550,2.5855027
0.0436600,2.5855488
0.0436650,2.5855967
0.0436700,2.5856481
0.0436750,2.5857051
0.0436800,2.5857714
0.0436850,2.5858480
0.0436900,2.5859324
0.0436950,2.5860219
0.0437000,2.5773783
0.0437050,2.5774539
0.0437100,2.5775318
0.0437150,2.5776115
0.0437200,2.5776961
0.0437250,2.5777875
0.0437300,2.5778840
0.0437350,2.5779811
0.0437400,2.5780739
0.0437450,2.5781586
0.0437500,2.5782330
0.0437550,2.5782978
0.0437600,2.5783561
0.0437650,2.5784117
0.0437700,2.5784685
0.0437750,2.5785283
0.0437800,2.5785928
0.0437850,2.5786625
0.0437900,2.5787341
0.0437950,2.5788040
0.0438000,2.5639618
0.0438050,2.5640080
0.0438100,2.5640498
0.0438150,2.5640879
0.0438200,2.5641255
0.0438250,2.5641641
0.0438300,2.5642047
0.0438350,2.5642483
0.0438400,2.5642925
0.0438450,2.5643336
0.0438500,2.5643714
0.0438550,2.5644093
0.0438600,2.5644512
0.0438650,2.5645012
0.0438700,2.5645618
0.0438750,2.5646321
0.0438800,2.5647083
0.0438850,2.5647861
0.0438900,2.5648608
0.0438950,2.5649285
0.0439000,2.5538765
0.0439050,2.5539025
0.0439100,2.5539340
0.0439150,2.5539727
0.0439200,2.5540220
0.0439250,2.5540846
0.0439300,2.5541609
0.0439350,2.5542492
0.0439400,2.5543483
0.0439450,2.5544590
0.0439500,2.5545810
0.0439550,2.5547131
0.0439600,2.5548532
0.0439650,2.5550019
0.0439700,2.5551573
0.0439750,2.5553136
0.0439800,2.5554646
0.0439850,2.5556033
0.0439900,2.5557243
0.0439950,2.5558239
0.0440000,2.5829034
0.0440050,2.5829271
0.0440100,2.5829503
0.0440150,2.5829708
0.0440200,2.5829894
0.0440250,2.5830085
0.0440300,2.5830312
0.0440350,2.5830608
0.0440400,2.5831015
0.0440450,2.5831578
0.0440500,2.5832292
0.0440550,2.5833127
0.0440600,2.5834092
0.0440650,2.5835207
0.0440700,2.5836422
0.0440750,2.5837652
0.0440800,2.5838864
0.0440850,2.5840081
0.0440900,2.5841358
0.0440950,2.5842710
0.0441000,2.5845429
0.0441050,2.5846752
0.0441100,2.5848109
0.0441150,2.5849477
0.0441200,2.5850834
0.0441250,2.5852169
0.0441300,2.5853468
0.0441350,2.5854715
0.0441400,2.5855893
0.0441450,2.5856978
0.0441500,2.5857943
0.0441550,2.5858770
0.0441600,2.5859463
0.0441650,2.5860063
0.0441700,2.5860609
0.0441750,2.5861133
0.0441800,2.5861674
0.0441850,2.5862286
0.0441900,2.5863026
0.0441950,2.5863901
0.0442000,2.5846783
0.0442050,2.5847708
0.0442100,2.5848672
0.0442150,2.5849663
0.0442200,2.5850654
0.0442250,2.5851640
0.0442300,2.5852621
0.0442350,2.5853577
0.0442400,2.5854457
0.0442450,2.5855218
0.0442500,2.5855841
0.0442550,2.5856297
0.0442600,2.5856560
0.0442650,2.5856607
0.0442700,2.5856442
0.0442750,2.5856125
0.0442800,2.5855717
0.0442850,2.5855273
0.0442900,2.5854842
0.0442950,2.5854429
0.0443000,2.5963007
0.0443050,2.5962567
0.0443100,2.5962045
0.0443150,2.5961452
0.0443200,2.5960785
0.0443250,2.5960018
0.0443300,2.5959148
0.0443350,2.5958218
0.0443400,2.5957268
0.0443450,2.5956355
0.0443500,2.5955546
0.0443550,2.5954888
0.0443600,2.5954412
0.0443650,2.5954162
0.0443700,2.5954174
0.0443750,2.5954441
0.0443800,2.5954931
0.0443850,2.5955618
0.0443900,2.5956461
0.0443950,2.5957376
0.0444000,2.5649439
0.0444050,2.5650156
0.0444100,2.5650789
0.0444150,2.5651297
0.0444200,2.5651681
0.0444250,2.5651934
0.0444300,2.5652051
0.0444350,2.5652060
0.0444400,2.5651994
0.0444450,2.5651889
0.0444500,2.5651785
0.0444550,2.5651696
0.0444600,2.5651607
0.0444650,2.5651487
0.0444700,2.5651336
0.0444750,2.5651174
0.0444800,2.5650971
0.0444850,2.5650683
0.0444900,2.5650335
0.0444950,2.5650006
0.0445000,2.5789230
0.0445050,2.5788991
0.0445100,2.5788937
0.0445150,2.5789078
0.0445200,2.5789399
0.0445250,2.5789867
0.0445300,2.5790455
0.0445350,2.5791144
0.0445400,2.5791922
0.0445450,2.5792776
0.0445500,2.5793737
0.0445550,2.5794820
0.0445600,2.5796007
0.0445650,2.5797274
0.0445700,2.5798606
0.0445750,2.5799960
0.0445800,2.5801286
0.0445850,2.5802552
0.0445900,2.5803741
0.0445950,2.5804844
0.0446000,2.6045340
0.0446050,2.6045820
0.0446100,2.6046301
0.0446150,2.6046862
0.0446200,2.6047544
0.0446250,2.6048343
0.0446300,2.6049213
0.0446350,2.6050108
0.0446400,2.6050959
0.0446450,2.6051731
0.0446500,2.6052412
0.0446550,2.6052959
0.0446600,2.6053355
0.0446650,2.6053595
0.0446700,2.6053658
0.0446750,2.6053523
0.0446800,2.6053198
0.0446850,2.6052734
0.0446900,2.6052163
0.0446950,2.6051495
0.0447000,2.6107252
0.0447050,2.6106143
0.0447100,2.6105037
0.0447150,2.6103991
0.0447200,2.6103048
0.0447250,2.6102256
0.0447300,2.6101620
0.0447350,2.6101064
0.0447400,2.6100485
0.0447450,2.6099843
0.0447500,2.6099108
0.0447550,2.6098227
0.0447600,2.6097206
0.0447650,2.6096089
0.0447700,2.6094902
0.0447750,2.6093644
0.0447800,2.6092341
0.0447850,2.6091079
0.0447900,2.6089914
0.0447950,2.6088862
0.0448000,2.5940310
0.0448050,2.5939367
0.0448100,2.5938578
0.0448150,2.5937923
0.0448200,2.5937415
0.0448250,2.5937079
0.0448300,2.5936895
0.0448350,2.5936813
0.0448400,2.5936797
0.0448450,2.5936820
0.0448500,2.5936832
0.0448550,2.5936743
0.0448600,2.5936470
0.0448650,2.5935960
0.0448700,2.5935190
0.0448750,2.5934155
0.0448800,2.5932866
0.0448850,2.5931376
0.0448900,2.5929731
0.0448950,2.5927956
0.0449000,2.5901614
0.0449050,2.5899540
0.0449100,2.5897579
0.0449150,2.5895801
0.0449200,2.5894268
0.0449250,2.5893012
0.0449300,2.5892016
0.0449350,2.5891250
0.0449400,2.5890683
0.0449450,2.5890281
0.0449500,2.5889985
0.0449550,2.5889726
0.0449600,2.5889468
0.0449650,2.5889186
0.0449700,2.5888851
0.0449750,2.5888435
0.0449800,2.5887933
0.0449850,2.5887388
0.0449900,2.5886870
0.0449950,2.5886477
0.0450000,2.5975400
0.0450050,2.5975238
0.0450100,2.5975230
0.0450150,2.5975296
0.0450200,2.5975380
0.0450250,2.5975467
0.0450300,2.5975591
0.0450350,2.5975786
0.0450400,2.5976046
0.0450450,2.5976370
0.0450500,2.5976744
0.0450550,2.5977140
0.0450600,2.5977527
0.0450650,2.5977840
0.0450700,2.5978025
0.0450750,2.5978058
0.0450800,2.5977971
0.0450850,2.5977796
0.0450900,2.5977527
0.0450950,2.5977172
0.0451000,2.5930375
0.0451050,2.5929769
0.0451100,2.5929070
0.0451150,2.5928303
0.0451200,2.5927490
0.0451250,2.5926639
0.0451300,2.5925806
0.0451350,2.5925073
0.0451400,2.5924469
0.0451450,2.5923982
0.0451500,2.5923601
0.0451550,2.5923334
0.0451600,2.5923174
0.0451650,2.5923082
0.0451700,2.5923021
0.0451750,2.5922977
0.0451800,2.5922956
0.0451850,2.5922960
0.0451900,2.5922979
0.0451950,2.5923024
0.0452000,2.5790219
0.0452050,2.5789920
0.0452100,2.5789566
0.0452150,2.5789169
0.0452200,2.5788779
0.0452250,2.5788414
0.0452300,2.5788062
0.0452350,2.5787721
0.0452400,2.5787414
0.0452450,2.5787163
0.0452500,2.5786971
0.0452550,2.5786814
0.0452600,2.5786639
0.0452650,2.5786397
0.0452700,2.5786089
0.0452750,2.5785769
0.0452800,2.5785499
0.0452850,2.5785328
0.0452900,2.5785290
0.0452950,2.5785408
0.0453000,2.5785676
0.0453050,2.5786081
0.0453100,2.5786619
0.0453150,2.5787298
0.0453200,2.5788117
0.0453250,2.5789022
0.0453300,2.5789934
0.0453350,2.5790822
0.0453400,2.5791687
0.0453450,2.5792543
0.0453500,2.5793396
0.0453550,2.5794236
0.0453600,2.5795021
0.0453650,2.5795744
0.0453700,2.5796431
0.0453750,2.5797087
0.0453800,2.5797709
0.0453850,2.5798297
0.0453900,2.5798849
0.0453950,2.5799371
0.0454000,2.5895115
0.0454050,2.5895623
0.0454100,2.5896137
0.0454150,2.5896649
0.0454200,2.5897189
0.0454250,2.5897798
0.0454300,2.5898525
0.0454350,2.5899420
0.0454400,2.5900540
0.0454450,2.5901936
0.0454500,2.5903615
0.0454550,2.5905577
0.0454600,2.5907785
0.0454650,2.5910177
0.0454700,2.5912704
0.0454750,2.5915333
0.0454800,2.5918047
0.0454850,2.5920814
0.0454900,2.5923600
0.0454950,2.5926353
0.0455000,2.6090627
0.0455050,2.6092694
0.0455100,2.6094601
0.0455150,2.6096399
0.0455200,2.6098131
0.0455250,2.6099807
0.0455300,2.6101460
0.0455350,2.6103140
0.0455400,2.6104888
0.0455450,2.6106697
0.0455500,2.6108543
0.0455550,2.6110411
0.0455600,2.6112271
0.0455650,2.6114068
0.0455700,2.6115751
0.0455750,2.6117293
0.0455800,2.6118694
0.0455850,2.6119960
0.0455900,2.6121107
0.0455950,2.6122186
0.0456000,2.5975461
0.0456050,2.5976254
0.0456100,2.5977099
0.0456150,2.5978027
0.0456200,2.5979087
0.0456250,2.5980309
0.0456300,2.5981696
0.0456350,2.5983226
0.0456400,2.5984883
0.0456450,2.5986651
0.0456500,2.5988514
0.0456550,2.5990457
0.0456600,2.5992440
0.0456650,2.5994440
0.0456700,2.5996433
0.0456750,2.5998411
0.0456800,2.6000380
0.0456850,2.6002298
0.0456900,2.6004077
0.0456950,2.6005644
0.0457000,2.5919194
0.0457050,2.5920272
0.0457100,2.5921147
0.0457150,2.5921851
0.0457200,2.5922423
0.0457250,2.5922886
0.0457300,2.5923274
0.0457350,2.5923586
0.0457400,2.5923805
0.0457450,2.5923937
0.0457500,2.5924017
0.0457550,2.5924084
0.0457600,2.5924178
0.0457650,2.5924336
0.0457700,2.5924533
0.0457750,2.5924726
0.0457800,2.5924919
0.0457850,2.5925113
0.0457900,2.5925320
0.0457950,2.5925554
0.0458000,2.6184516
0.0458050,2.6184594
0.0458100,2.6184681
0.0458150,2.6184754
0.0458200,2.6184805
0.0458250,2.6184832
0.0458300,2.6184821
0.0458350,2.6184730
0.0458400,2.6184498
0.0458450,2.6184105
0.0458500,2.6183585
0.0458550,2.6182968
0.0458600,2.6182251
0.0458650,2.6181475
0.0458700,2.6180676
0.0458750,2.6179856
0.0458800,2.6178993
0.0458850,2.6178062
0.0458900,2.6177089
0.0458950,2.6176122
0.0459000,2.6150258
0.0459050,2.6149085
0.0459100,2.6147923
0.0459150,2.6146770
0.0459200,2.6145649
0.0459250,2.6144611
0.0459300,2.6143715
0.0459350,2.6142989
0.0459400,2.6142423
0.0459450,2.6141972
0.0459500,2.6141613
0.0459550,2.6141328
0.0459600,2.6141093
0.0459650,2.6140917
0.0459700,2.6140841
0.0459750,2.6140908
0.0459800,2.6141136
0.0459850,2.6141524
0.0459900,2.6142069
0.0459950,2.6142700
0.0460000,2.6191482
0.0460050,2.6191894
0.0460100,2.6192170
0.0460150,2.6192294
0.0460200,2.6192267
0.0460250,2.6192140
0.0460300,2.6191982
0.0460350,2.6191826
0.0460400,2.6191702
0.0460450,2.6191616
0.0460500,2.6191572
0.0460550,2.6191580
0.0460600,2.6191633
0.0460650,2.6191719
0.0460700,2.6191823
0.0460750,2.6191925
0.0460800,2.6192006
0.0460850,2.6192075
0.0460900,2.6192181
0.0460950,2.6192343
0.0461000,2.5994664
0.0461050,2.5994708
0.0461100,2.5994858
0.0461150,2.5995104
0.0461200,2.5995425
0.0461250,2.5995788
0.0461300,2.5996191
0.0461350,2.5996670
0.0461400,2.5997261
0.0461450,2.5997989
0.0461500,2.5998871
0.0461550,2.5999874
0.0461600,2.6000919
0.0461650,2.6001936
0.0461700,2.6002882
0.0461750,2.6003739
0.0461800,2.6004465
0.0461850,2.6005033
0.0461900,2.6005455
0.0461950,2.6005723
0.0462000,2.6058166
0.0462050,2.6057812
0.0462100,2.6057310
0.0462150,2.6056666
0.0462200,2.6055894
0.0462250,2.6055040
0.0462300,2.6054127
0.0462350,2.6053147
0.0462400,2.6052141
0.0462450,2.6051168
0.0462500,2.6050232
0.0462550,2.6049286
0.0462600,2.6048305
0.0462650,2.6047297
0.0462700,2.6046250
0.0462750,2.6045178
0.0462800,2.6044117
0.0462850,2.6043086
0.0462900,2.6042072
0.0462950,2.6041064
0.0463000,2.6220098
0.0463050,2.6218825
0.0463100,2.6217543
0.0463150,2.6216236
0.0463200,2.6214922
0.0463250,2.6213658
0.0463300,2.6212505
0.0463350,2.6211542
0.0463400,2.6210848
0.0463450,2.6210417
0.0463500,2.6210185
0.0463550,2.6210089
0.0463600,2.6210100
0.0463650,2.6210190
0.0463700,2.6210328
0.0463750,2.6210495
0.0463800,2.6210687
0.0463850,2.6210895
0.0463900,2.6211092
0.0463950,2.6211263
0.0464000,2.6161473
0.0464050,2.6161451
0.0464100,2.6161474
0.0464150,2.6161557
0.0464200,2.6161733
0.0464250,2.6161996
0.0464300,2.6162289
0.0464350,2.6162593
0.0464400,2.6162926
0.0464450,2.6163281
0.0464500,2.6163638
0.0464550,2.6164013
0.0464600,2.6164469
0.0464650,2.6165026
0.0464700,2.6165665
0.0464750,2.6166396
0.0464800,2.6167246
0.0464850,2.6168188
0.0464900,2.6169162
0.0464950,2.6170176
0.0465000,2.6108052
0.0465050,2.6109175
0.0465100,2.6110322
0.0465150,2.6111449
0.0465200,2.6112548
0.0465250,2.6113582
0.0465300,2.6114465
0.0465350,2.6115131
0.0465400,2.6115551
0.0465450,2.6115708
0.0465500,2.6115602
0.0465550,2.6115273
0.0465600,2.6114793
0.0465650,2.6114205
0.0465700,2.6113537
0.0465750,2.6112838
0.0465800,2.6112179
0.0465850,2.6111602
0.0465900,2.6111087
0.0465950,2.6110642
0.0466000,2.6039176
0.0466050,2.6038736
0.0466100,2.6038365
0.0466150,2.6038038
0.0466200,2.6037777
0.0466250,2.6037552
0.0466300,2.6037298
0.0466350,2.6036987
0.0466400,2.6036632
0.0466450,2.6036254
0.0466500,2.6035874
0.0466550,2.6035555
0.0466600,2.6035334
0.0466650,2.6035176
0.0466700,2.6035049
0.0466750,2.6034951
0.0466800,2.6034900
0.0466850,2.6034945
0.0466900,2.6035135
0.0466950,2.6035523
0.0467000,2.5986735
0.0467050,2.5987438
0.0467100,2.5988359
0.0467150,2.5989419
0.0467200,2.5990588
0.0467250,2.5991841
0.0467300,2.5993126
0.0467350,2.5994404
0.0467400,2.5995641
0.0467450,2.5996800
0.0467500,2.5997870
0.0467550,2.5998881
0.0467600,2.5999867
0.0467650,2.6000848
0.0467700,2.6001833
0.0467750,2.6002840
0.0467800,2.6003898
0.0467850,2.6004983
0.0467900,2.6006041
0.0467950,2.6007040
0.0468000,2.6040520
0.0468050,2.6041209
0.0468100,2.6041789
0.0468150,2.6042285
0.0468200,2.6042706
0.0468250,2.6043055
0.0468300,2.6043329
0.0468350,2.6043531
0.0468400,2.6043699
0.0468450,2.6043896
0.0468500,2.6044167
0.0468550,2.6044536
0.0468600,2.6045039
0.0468650,2.6045712
0.0468700,2.6046565
0.0468750,2.6047605
0.0468800,2.6048795
0.0468850,2.6050093
0.0468900,2.6051491
0.0468950,2.6052944
0.0469000,2.6223950
0.0469050,2.6225235
0.0469100,2.6226493
0.0469150,2.6227699
0.0469200,2.6228861
0.0469250,2.6230036
0.0469300,2.6231269
0.0469350,2.6232587
0.0469400,2.6234018
0.0469450,2.6235587
0.0469500,2.6237305
0.0469550,2.6239157
0.0469600,2.6241133
0.0469650,2.6243235
0.0469700,2.6245428
0.0469750,2.6247631
0.0469800,2.6249776
0.0469850,2.6251834
0.0469900,2.6253815
0.0469950,2.6255743
0.0470000,2.6278177
0.0470050,2.6279855
0.0470100,2.6281564
0.0470150,2.6283265
0.0470200,2.6284918
0.0470250,2.6286492
0.0470300,2.6287936
0.0470350,2.6289193
0.0470400,2.6290285
0.0470450,2.6291282
0.0470500,2.6292214
0.0470550,2.6293077
0.0470600,2.6293883
0.0470650,2.6294649
0.0470700,2.6295368
0.0470750,2.6296048
0.0470800,2.6296729
0.0470850,2.6297440
0.0470900,2.6298188
0.0470950,2.6298970
0.0471000,2.6115823
0.0471050,2.6116513
0.0471100,2.6117263
0.0471150,2.6118059
0.0471200,2.6118902
0.0471250,2.6119811
0.0471300,2.6120821
0.0471350,2.6121952
0.0471400,2.6123194
0.0471450,2.6124510
0.0471500,2.6125847
0.0471550,2.6127167
0.0471600,2.6128458
0.0471650,2.6129721
0.0471700,2.6130952
0.0471750,2.6132148
0.0471800,2.6133320
0.0471850,2.6134512
0.0471900,2.6135780
0.0471950,2.6137160
0.0472000,2.6292490
0.0472050,2.6293500
0.0472100,2.6294693
0.0472150,2.6296050
0.0472200,2.6297531
0.0472250,2.6299093
0.0472300,2.6300670
0.0472350,2.6302186
0.0472400,2.6303619
0.0472450,2.6304988
0.0472500,2.6306311
0.0472550,2.6307591
0.0472600,2.6308818
0.0472650,2.6309962
0.0472700,2.6310972
0.0472750,2.6311820
0.0472800,2.6312504
0.0472850,2.6313044
0.0472900,2.6313481
0.0472950,2.6313843
0.0473000,2.6345297
0.0473050,2.6345452
0.0473100,2.6345673
0.0473150,2.6345977
0.0473200,2.6346334
0.0473250,2.6346724
0.0473300,2.6347129
0.0473350,2.6347532
0.0473400,2.6347889
0.0473450,2.6348126
0.0473500,2.6348204
0.0473550,2.6348111
0.0473600,2.6347860
0.0473650,2.6347519
0.0473700,2.6347164
0.0473750,2.6346828
0.0473800,2.6346521
0.0473850,2.6346262
0.0473900,2.6346083
0.0473950,2.6346003
0.0474000,2.6505298
0.0474050,2.6505238
0.0474100,2.6505365
0.0474150,2.6505680
0.0474200,2.6506141
0.0474250,2.6506700
0.0474300,2.6507325
0.0474350,2.6507975
0.0474400,2.6508611
0.0474450,2.6509223
0.0474500,2.6509823
0.0474550,2.6510401
0.0474600,2.6510930
0.0474650,2.6511394
0.0474700,2.6511790
0.0474750,2.6512120
0.0474800,2.6512396
0.0474850,2.6512651
0.0474900,2.6512918
0.0474950,2.6513194
0.0475000,2.6459279
0.0475050,2.6459307
0.0475100,2.6459308
0.0475150,2.6459313
0.0475200,2.6459360
0.0475250,2.6459513
0.0475300,2.6459839
0.0475350,2.6460351
0.0475400,2.6461030
0.0475450,2.6461856
0.0475500,2.6462819
0.0475550,2.6463866
0.0475600,2.6464919
0.0475650,2.6465917
0.0475700,2.6466824
0.0475750,2.6467602
0.0475800,2.6468203
0.0475850,2.6468623
0.0475900,2.6468908
0.0475950,2.6469130
0.0476000,2.6502959
0.0476050,2.6503088
0.0476100,2.6503326
0.0476150,2.6503654
0.0476200,2.6504019
0.0476250,2.6504394
0.0476300,2.6504793
0.0476350,2.6505210
0.0476400,2.6505615
0.0476450,2.6506003
0.0476500,2.6506411
0.0476550,2.6506859
0.0476600,2.6507347
0.0476650,2.6507908
0.0476700,2.6508575
0.0476750,2.6509339
0.0476800,2.6510192
0.0476850,2.6511196
0.0476900,2.6512421
0.0476950,2.6513881
0.0477000,2.6771536
0.0477050,2.6773080
0.0477100,2.6774744
0.0477150,2.6776470
0.0477200,2.6778178
0.0477250,2.6779777
0.0477300,2.6781193
0.0477350,2.6782385
0.0477400,2.6783352
0.0477450,2.6784121
0.0477500,2.6784767
0.0477550,2.6785383
0.0477600,2.6786007
0.0477650,2.6786646
0.0477700,2.6787311
0.0477750,2.6787994
0.0477800,2.6788686
0.0477850,2.6789421
0.0477900,2.6790256
0.0477950,2.6791197
0.0478000,2.6818461
0.0478050,2.6819247
0.0478100,2.6820083
0.0478150,2.6820949
0.0478200,2.6821849
0.0478250,2.6822835
0.0478300,2.6823946
0.0478350,2.6825155
0.0478400,2.6826405
0.0478450,2.6827644
0.0478500,2.6828855
0.0478550,2.6830041
0.0478600,2.6831176
0.0478650,2.6832253
0.0478700,2.6833299
0.0478750,2.6834315
0.0478800,2.6835278
0.0478850,2.6836170
0.0478900,2.6837013
0.0478950,2.6837809
0.0479000,2.6606153
0.0479050,2.6606530
0.0479100,2.6606932
0.0479150,2.6607388
0.0479200,2.6607913
0.0479250,2.6608501
0.0479300,2.6609114
0.0479350,2.6609674
0.0479400,2.6610098
0.0479450,2.6610362
0.0479500,2.6610518
0.0479550,2.6610619
0.0479600,2.6610685
0.0479650,2.6610761
0.0479700,2.6610916
0.0479750,2.6611227
0.0479800,2.6611741
0.0479850,2.6612451
0.0479900,2.6613310
0.0479950,2.6614233
0.0480000,2.6602665
0.0480050,2.6603381
0.0480100,2.6604031
0.0480150,2.6604575
0.0480200,2.6604976
0.0480250,2.6605248
0.0480300,2.6605438
0.0480350,2.6605573
0.0480400,2.6605679
0.0480450,2.6605751
0.0480500,2.6605793
0.0480550,2.6605821
0.0480600,2.6605859
0.0480650,2.6605916
0.0480700,2.6605976
0.0480750,2.6606046
0.0480800,2.6606136
0.0480850,2.6606249
0.0480900,2.6606399
0.0480950,2.6606610
0.0481000,2.6606909
0.0481050,2.6607298
0.0481100,2.6607733
0.0481150,2.6608206
0.0481200,2.6608706
0.0481250,2.6609208
0.0481300,2.6609720
0.0481350,2.6610261
0.0481400,2.6610861
0.0481450,2.6611569
0.0481500,2.6612409
0.0481550,2.6613369
0.0481600,2.6614430
0.0481650,2.6615545
0.0481700,2.6616640
0.0481750,2.6617690
0.0481800,2.6618695
0.0481850,2.6619652
0.0481900,2.6620553
0.0481950,2.6621384
0.0482000,2.6656150
0.0482050,2.6656884
0.0482100,2.6657631
0.0482150,2.6658384
0.0482200,2.6659149
0.0482250,2.6659929
0.0482300,2.6660674
0.0482350,2.6661334
0.0482400,2.6661886
0.0482450,2.6662326
0.0482500,2.6662697
0.0482550,2.6663065
0.0482600,2.6663480
0.0482650,2.6663946
0.0482700,2.6664418
0.0482750,2.6664879
0.0482800,2.6665339
0.0482850,2.6665801
0.0482900,2.6666238
0.0482950,2.6666648
0.0483000,2.6464063
0.0483050,2.6463882
0.0483100,2.6463798
0.0483150,2.6463812
0.0483200,2.6463907
0.0483250,2.6464032
0.0483300,2.6464108
0.0483350,2.6464110
0.0483400,2.6464044
0.0483450,2.6463928
0.0483500,2.6463774
0.0483550,2.6463573
0.0483600,2.6463318
0.0483650,2.6462992
0.0483700,2.6462562
0.0483750,2.6462022
0.0483800,2.6461392
0.0483850,2.6460690
0.0483900,2.6459921
0.0483950,2.6459121
0.0484000,2.6527873
0.0484050,2.6527134
0.0484100,2.6526607
0.0484150,2.6526337
0.0484200,2.6526352
0.0484250,2.6526646
0.0484300,2.6527195
0.0484350,2.6527971
0.0484400,2.6528941
0.0484450,2.6530077
0.0484500,2.6531327
0.0484550,2.6532633
0.0484600,2.6533964
0.0484650,2.6535301
0.0484700,2.6536628
0.0484750,2.6537934
0.0484800,2.6539244
0.0484850,2.6540608
0.0484900,2.6542058
0.0484950,2.6543605
0.0485000,2.6573208
0.0485050,2.6574739
0.0485100,2.6576401
0.0485150,2.6578150
0.0485200,2.6579939
0.0485250,2.6581723
0.0485300,2.6583468
0.0485350,2.6585150
0.0485400,2.6586755
0.0485450,2.6588295
0.0485500,2.6589777
0.0485550,2.6591213
0.0485600,2.6592610
0.0485650,2.6593975
0.0485700,2.6595329
0.0485750,2.6596694
0.0485800,2.6598069
0.0485850,2.6599432
0.0485900,2.6600723
0.0485950,2.6601873
0.0486000,2.6784369
0.0486050,2.6785037
0.0486100,2.6785585
0.0486150,2.6786020
0.0486200,2.6786350
0.0486250,2.6786589
0.0486300,2.6786764
0.0486350,2.6786903
0.0486400,2.6787038
0.0486450,2.6787224
0.0486500,2.6787502
0.0486550,2.6787852
0.0486600,2.6788218
0.0486650,2.6788563
0.0486700,2.6788882
0.0486750,2.6789155
0.0486800,2.6789378
0.0486850,2.6789557
0.0486900,2.6789677
0.0486950,2.6789703
0.0487000,2.6750711
0.0487050,2.6750450
0.0487100,2.6750101
0.0487150,2.6749680
0.0487200,2.6749226
0.0487250,2.6748796
0.0487300,2.6748462
0.0487350,2.6748245
0.0487400,2.6748134
0.0487450,2.6748123
0.0487500,2.6748213
0.0487550,2.6748391
0.0487600,2.6748611
0.0487650,2.6748852
0.0487700,2.6749130
0.0487750,2.6749460
0.0487800,2.6749837
0.0487850,2.6750277
0.0487900,2.6750829
0.0487950,2.6751503
0.0488000,2.6921712
0.0488050,2.6922459
0.0488100,2.6923369
0.0488150,2.6924415
0.0488200,2.6925563
0.0488250,2.6926807
0.0488300,2.6928156
0.0488350,2.6929590
0.0488400,2.6931067
0.0488450,2.6932511
0.0488500,2.6933827
0.0488550,2.6934926
0.0488600,2.6935799
0.0488650,2.6936493
0.0488700,2.6937047
0.0488750,2.6937489
0.0488800,2.6937853
0.0488850,2.6938173
0.0488900,2.6938467
0.0488950,2.6938732
0.0489000,2.6765237
0.0489050,2.6765339
0.0489100,2.6765534
0.0489150,2.6765858
0.0489200,2.6766337
0.0489250,2.6766980
0.0489300,2.6767769
0.0489350,2.6768666
0.0489400,2.6769642
0.0489450,2.6770654
0.0489500,2.6771652
0.0489550,2.6772597
0.0489600,2.6773469
0.0489650,2.6774254
0.0489700,2.6774950
0.0489750,2.6775574
0.0489800,2.6776149
0.0489850,2.6776692
0.0489900,2.6777213
0.0489950,2.6777714
0.0490000,2.6694504
0.0490050,2.6694838
0.0490100,2.6695082
0.0490150,2.6695259
0.0490200,2.6695398
0.0490250,2.6695527
0.0490300,2.6695645
0.0490350,2.6695697
0.0490400,2.6695659
0.0490450,2.6695556
0.0490500,2.6695440
0.0490550,2.6695341
0.0490600,2.6695271
0.0490650,2.6695242
0.0490700,2.6695278
0.0490750,2.6695407
0.0490800,2.6695622
0.0490850,2.6695886
0.0490900,2.6696173
0.0490950,2.6696488
0.0491000,2.6964100
0.0491050,2.6964307
0.0491100,2.6964566
0.0491150,2.6964887
0.0491200,2.6965294
0.0491250,2.6965798
0.0491300,2.6966419
0.0491350,2.6967175
0.0491400,2.6968092
0.0491450,2.6969161
0.0491500,2.6970327
0.0491550,2.6971536
0.0491600,2.6972761
0.0491650,2.6973993
0.0491700,2.6975210
0.0491750,2.6976423
0.0491800,2.6977654
0.0491850,2.6978889
0.0491900,2.6980129
0.0491950,2.6981389
0.0492000,2.6762079
0.0492050,2.6762909
0.0492100,2.6763742
0.0492150,2.6764565
0.0492200,2.6765371
0.0492250,2.6766132
0.0492300,2.6766811
0.0492350,2.6767403
0.0492400,2.6767941
0.0492450,2.6768426
0.0492500,2.6768822
0.0492550,2.6769126
0.0492600,2.6769369
0.0492650,2.6769579
0.0492700,2.6769720
0.0492750,2.6769753
0.0492800,2.6769679
0.0492850,2.6769533
0.0492900,2.6769336
0.0492950,2.6769091
0.0493000,2.6720141
0.0493050,2.6719602
0.0493100,2.6719008
0.0493150,2.6718341
0.0493200,2.6717614
0.0493250,2.6716855
0.0493300,2.6716087
0.0493350,2.6715323
0.0493400,2.6714564
0.0493450,2.6713822
0.0493500,2.6713157
0.0493550,2.6712647
0.0493600,2.6712326
0.0493650,2.6712186
0.0493700,2.6712215
0.0493750,2.6712409
0.0493800,2.6712757
0.0493850,2.6713241
0.0493900,2.6713850
0.0493950,2.6714582
0.0494000,2.6756930
0.0494050,2.6757448
0.0494100,2.6758014
0.0494150,2.6758579
0.0494200,2.6759152
0.0494250,2.6759770
0.0494300,2.6760489
0.0494350,2.6761344
0.0494400,2.6762331
0.0494450,2.6763396
0.0494500,2.6764450
0.0494550,2.6765439
0.0494600,2.6766354
0.0494650,2.6767193
0.0494700,2.6767916
0.0494750,2.6768512
0.0494800,2.6769031
0.0494850,2.6769514
0.0494900,2.6769980
0.0494950,2.6770452
0.0495000,2.6495489
0.0495050,2.6495573
0.0495100,2.6495649
0.0495150,2.6495670
0.0495200,2.6495611
0.0495250,2.6495496
0.0495300,2.6495381
0.0495350,2.6495314
0.0495400,2.6495313
0.0495450,2.6495382
0.0495500,2.6495529
0.0495550,2.6495768
0.0495600,2.6496101
0.0495650,2.6496527
0.0495700,2.6497043
0.0495750,2.6497639
0.0495800,2.6498312
0.0495850,2.6499050
0.0495900,2.6499844
0.0495950,2.6500693
0.0496000,2.6629077
0.0496050,2.6629690
0.0496100,2.6630360
0.0496150,2.6631106
0.0496200,2.6631929
0.0496250,2.6632809
0.0496300,2.6633731
0.0496350,2.6634686
0.0496400,2.6635674
0.0496450,2.6636731
0.0496500,2.6637887
0.0496550,2.6639151
0.0496600,2.6640558
0.0496650,2.6642128
0.0496700,2.6643839
0.0496750,2.6645641
0.0496800,2.6647481
0.0496850,2.6649359
0.0496900,2.6651281
0.0496950,2.6653257
0.0497000,2.6536242
0.0497050,2.6537933
0.0497100,2.6539652
0.0497150,2.6541377
0.0497200,2.6543106
0.0497250,2.6544817
0.0497300,2.6546490
0.0497350,2.6548134
0.0497400,2.6549774
0.0497450,2.6551426
0.0497500,2.6553089
0.0497550,2.6554762
0.0497600,2.6556432
0.0497650,2.6558051
0.0497700,2.6559576
0.0497750,2.6560984
0.0497800,2.6562230
0.0497850,2.6563265
0.0497900,2.6564073
0.0497950,2.6564675
0.0498000,2.6661914
0.0498050,2.6661831
0.0498100,2.6661619
0.0498150,2.6661343
0.0498200,2.6661043
0.0498250,2.6660753
0.0498300,2.6660507
0.0498350,2.6660314
0.0498400,2.6660151
0.0498450,2.6660021
0.0498500,2.6659963
0.0498550,2.6660005
0.0498600,2.6660153
0.0498650,2.6660391
0.0498700,2.6660713
0.0498750,2.6661135
0.0498800,2.6661659
0.0498850,2.6662247
0.0498900,2.6662861
0.0498950,2.6663480
0.0499000,2.6691550
0.0499050,2.6691887
0.0499100,2.6692167
0.0499150,2.6692375
0.0499200,2.6692454
0.0499250,2.6692373
0.0499300,2.6692174
0.0499350,2.6691936
0.0499400,2.6691688
0.0499450,2.6691463
0.0499500,2.6691333
0.0499550,2.6691330
0.0499600,2.6691443
0.0499650,2.6691647
0.0499700,2.6691922
0.0499750,2.6692239
0.0499800,2.6692557
0.0499850,2.6692897
0.0499900,2.6693363
0.0499950,2.6694019
0.0500000,2.6860847
