Time (ns),System after lsq fit to System
0.0000000,0.0000000
0.0000820,0.0312031
0.0001640,0.2310174
0.0002460,0.2842138
0.0003280,0.2969241
0.0004100,0.3433203
0.0004920,0.3439215
0.0005740,0.3697890
0.0006560,0.3263724
0.0007380,0.3555800
0.0008200,0.3520792
0.0009020,0.3398290
0.0009840,0.3399961
0.0010660,0.3211893
0.0011480,0.3598406
0.0012300,0.3473108
0.0013120,0.3446256
0.0013940,0.3448436
0.0014760,0.3487836
0.0015580,0.3501291
0.0016400,0.3904143
0.0017220,0.3417136
0.0018040,0.3537282
0.0018860,0.3546916
0.0019680,0.3416139
0.0020500,0.3762347
0.0021320,0.3554311
0.0022140,0.3658483
0.0022960,0.3663078
0.0023780,0.3477687
0.0024600,0.3758493
0.0025420,0.3829743
0.0026240,0.3611536
0.0027060,0.3648386
0.0027880,0.3655322
0.0028700,0.3684467
0.0029520,0.3685350
0.0030340,0.3561431
0.0031160,0.3697080
0.0031980,0.3703021
0.0032800,0.3896830
0.0033620,0.3848709
0.0034440,0.3925080
0.0035260,0.4239091
0.0036080,0.4249469
0.0036900,0.4257321
0.0037720,0.4042598
0.0038540,0.4115331
0.0039360,0.3948756
0.0040180,0.4115695
0.0041000,0.4092567
0.0041820,0.4096054
0.0042640,0.3906901
0.0043460,0.3974591
0.0044280,0.4079930
0.0045100,0.3943398
0.0045920,0.3947796
0.0046740,0.4130973
0.0047560,0.4274427
0.0048380,0.4232479
0.0049200,0.4163930
0.0050020,0.4061508
0.0050840,0.4063704
0.0051660,0.4276993
0.0052480,0.4175548
0.0053300,0.4209411
0.0054120,0.4144625
0.0054940,0.4150665
0.0055760,0.4118067
0.0056580,0.4110252
0.0057400,0.4293562
0.0058220,0.4194747
0.0059040,0.3862714
0.0059860,0.3865611
0.0060680,0.3976756
0.0061500,0.4155703
0.0062320,0.4087026
0.0063140,0.4132211
0.0063960,0.4141867
0.0064780,0.4344969
0.0065600,0.4276324
0.0066420,0.4211185
0.0067240,0.4272712
0.0068060,0.4400008
0.0068880,0.4406709
0.0069700,0.4219279
0.0070520,0.4179118
0.0071340,0.4347312
0.0072160,0.4485851
0.0072980,0.4490345
0.0073800,0.4192311
0.0074620,0.4293318
0.0075440,0.4207116
0.0076260,0.3998053
0.0077080,0.4286336
0.0077900,0.4290034
0.0078720,0.4355650
0.0079540,0.4494675
0.0080360,0.4287777
0.0081180,0.3962444
0.0082000,0.4347010
0.0082820,0.4352703
0.0083640,0.4128501
0.0084460,0.4097750
0.0085280,0.4265571
0.0086100,0.4229072
0.0086920,0.4234187
0.0087740,0.4126239
0.0088560,0.4201028
0.0089380,0.4320355
0.0090200,0.4101105
0.0091020,0.4327812
0.0091840,0.4330016
0.0092660,0.4368010
0.0093480,0.4337561
0.0094300,0.4327419
0.0095120,0.4553028
0.0095940,0.4555987
0.0096760,0.4761715
0.0097580,0.4553752
0.0098400,0.4426433
0.0099220,0.4401833
0.0100040,0.4519283
0.0100860,0.4524737
0.0101680,0.4397369
0.0102500,0.4465076
0.0103320,0.4688603
0.0104140,0.4468582
0.0104960,0.4474019
0.0105780,0.4513140
0.0106600,0.4535338
0.0107420,0.4603636
0.0108240,0.4531421
0.0109060,0.4526392
0.0109880,0.4527917
0.0110700,0.4856657
0.0111520,0.5006451
0.0112340,0.4847030
0.0113160,0.4734874
0.0113980,0.4741130
0.0114800,0.4865996
0.0115620,0.4758404
0.0116440,0.4532992
0.0117260,0.4498851
0.0118080,0.4405710
0.0118900,0.4410176
0.0119720,0.4654089
0.0120540,0.4562799
0.0121360,0.4631997
0.0122180,0.4537219
0.0123000,0.4554973
0.0123820,0.4559342
0.0124640,0.4773708
0.0125460,0.4657683
0.0126280,0.4666195
0.0127100,0.4702732
0.0127920,0.4708030
0.0128740,0.4805889
0.0129560,0.4644340
0.0130380,0.4493798
0.0131200,0.4715062
0.0132020,0.4732229
0.0132840,0.4733661
0.0133660,0.4724831
0.0134480,0.4539578
0.0135300,0.4759518
0.0136120,0.4678031
0.0136940,0.4683220
0.0137760,0.4780637
0.0138580,0.4724282
0.0139400,0.4464459
0.0140220,0.4660613
0.0141040,0.4782148
0.0141860,0.4783303
0.0142680,0.4805139
0.0143500,0.4768156
0.0144320,0.4644831
0.0145140,0.4515445
0.0145960,0.4516175
0.0146780,0.4714738
0.0147600,0.4714027
0.0148420,0.4925188
0.0149240,0.4873500
0.0150060,0.5161088
0.0150880,0.5166626
0.0151700,0.5137179
0.0152520,0.5167645
0.0153340,0.4870140
0.0154160,0.4872423
0.0154980,0.4876890
0.0155800,0.4755804
0.0156620,0.4940701
0.0157440,0.4960198
0.0158260,0.4947889
0.0159080,0.4825256
0.0159900,0.4826436
0.0160720,0.5032958
0.0161540,0.4940389
0.0162360,0.4925142
0.0163180,0.5089510
0.0164000,0.5175227
0.0164820,0.5182093
0.0165640,0.5082148
0.0166460,0.4953709
0.0167280,0.4998690
0.0168100,0.5279438
0.0168920,0.5285233
0.0169740,0.5146172
0.0170560,0.5015406
0.0171380,0.5173515
0.0172200,0.4885188
0.0173020,0.5234296
0.0173840,0.5241350
0.0174660,0.5185706
0.0175480,0.5129564
0.0176300,0.5098644
0.0177120,0.5080979
0.0177940,0.5085197
0.0178760,0.5052203
0.0179580,0.5306702
0.0180400,0.5031331
0.0181220,0.5060975
0.0182040,0.5054358
0.0182860,0.5054162
0.0183680,0.5001659
0.0184500,0.5341460
0.0185320,0.5079770
0.0186140,0.4898239
0.0186960,0.4898156
0.0187780,0.5134316
0.0188600,0.4986436
0.0189420,0.5282909
0.0190240,0.5082984
0.0191060,0.5365106
0.0191880,0.5369084
0.0192700,0.5188994
0.0193520,0.5096758
0.0194340,0.5137569
0.0195160,0.5047816
0.0195980,0.5051897
0.0196800,0.5108734
0.0197620,0.5067689
0.0198440,0.5155463
0.0199260,0.5192247
0.0200080,0.5022928
0.0200900,0.5028808
0.0201720,0.4991416
0.0202540,0.5089603
0.0203360,0.5194837
0.0204180,0.5167032
0.0205000,0.5061388
0.0205820,0.5060522
0.0206640,0.5088290
0.0207460,0.5336702
0.0208280,0.5299644
0.0209100,0.5156700
0.0209920,0.5161808
0.0210740,0.5285169
0.0211560,0.4950856
0.0212380,0.5113004
0.0213200,0.5253357
0.0214020,0.5340939
0.0214840,0.5344479
0.0215660,0.5080552
0.0216480,0.5093496
0.0217300,0.4995324
0.0218120,0.5133664
0.0218940,0.5135615
0.0219760,0.5290902
0.0220580,0.5409344
0.0221400,0.5285832
0.0222220,0.5330739
0.0223040,0.5148062
0.0223860,0.5150825
0.0224680,0.5224617
0.0225500,0.5126766
0.0226320,0.5261080
0.0227140,0.5247006
0.0227960,0.5252565
0.0228780,0.5136830
0.0229600,0.5251226
0.0230420,0.5371604
0.0231240,0.5380300
0.0232060,0.5171880
0.0232880,0.5176768
0.0233700,0.5148597
0.0234520,0.5312368
0.0235340,0.5279887
0.0236160,0.5124919
0.0236980,0.5127942
0.0237800,0.5357729
0.0238620,0.5475904
0.0239440,0.5429340
0.0240260,0.5409741
0.0241080,0.5501025
0.0241900,0.5506903
0.0242720,0.5260096
0.0243540,0.5385947
0.0244360,0.5270647
0.0245180,0.5056408
0.0246000,0.5283234
0.0246820,0.5287255
0.0247640,0.5073531
0.0248460,0.5242843
0.0249280,0.5277441
0.0250100,0.5179074
0.0250920,0.5182300
0.0251740,0.5348884
0.0252560,0.5290844
0.0253380,0.5267064
0.0254200,0.5182489
0.0255020,0.5123340
0.0255840,0.5127795
0.0256660,0.5195780
0.0257480,0.5281943
0.0258300,0.5349562
0.0259120,0.5241914
0.0259940,0.5241315
0.0260760,0.5361813
0.0261580,0.5125621
0.0262400,0.5347183
0.0263220,0.5167479
0.0264040,0.5276071
0.0264860,0.5280286
0.0265680,0.5256508
0.0266500,0.5187629
0.0267320,0.5364382
0.0268140,0.5371033
0.0268960,0.5380530
0.0269780,0.5189061
0.0270600,0.5140658
0.0271420,0.5374450
0.0272240,0.5193447
0.0273060,0.5062912
0.0273880,0.5064791
0.0274700,0.5228124
0.0275520,0.5362960
0.0276340,0.5130917
0.0277160,0.5272363
0.0277980,0.5275041
0.0278800,0.5201861
0.0279620,0.5414173
0.0280440,0.5377747
0.0281260,0.5441350
0.0282080,0.5461132
0.0282900,0.5464550
0.0283720,0.5356907
0.0284540,0.5434466
0.0285360,0.5260491
0.0286180,0.5304496
0.0287000,0.5305332
0.0287820,0.5306993
0.0288640,0.5469471
0.0289460,0.5393456
0.0290280,0.5411561
0.0291100,0.5483201
0.0291920,0.5484004
0.0292740,0.5533018
0.0293560,0.5524697
0.0294380,0.5267875
0.0295200,0.5475300
0.0296020,0.5363187
0.0296840,0.5361077
0.0297660,0.5538798
0.0298480,0.5498256
0.0299300,0.5446276
0.0300120,0.5424612
0.0300940,0.5426377
0.0301760,0.5325166
0.0302580,0.5434645
0.0303400,0.5312520
0.0304220,0.5317243
0.0305040,0.5347707
0.0305860,0.5353189
0.0306680,0.5446753
0.0307500,0.5454747
0.0308320,0.5370781
0.0309140,0.5322120
0.0309960,0.5330353
0.0310780,0.5297436
0.0311600,0.5340328
0.0312420,0.5402061
0.0313240,0.5450850
0.0314060,0.5535475
0.0314880,0.5544048
0.0315700,0.5480372
0.0316520,0.5627098
0.0317340,0.5348113
0.0318160,0.5308524
0.0318980,0.5312034
0.0319800,0.5378068
0.0320620,0.5461371
0.0321440,0.5372637
0.0322260,0.5370114
0.0323080,0.5188097
0.0323900,0.5186626
0.0324720,0.5483245
0.0325540,0.5422282
0.0326360,0.5391395
0.0327180,0.5507652
0.0328000,0.5603450
0.0328820,0.5607185
0.0329640,0.5418361
0.0330460,0.5334193
0.0331280,0.5493024
0.0332100,0.5505537
0.0332920,0.5510549
0.0333740,0.5410631
0.0334560,0.5463468
0.0335380,0.5576069
0.0336200,0.5563757
0.0337020,0.5571903
0.0337840,0.5573883
0.0338660,0.5497850
0.0339480,0.5507799
0.0340300,0.5509942
0.0341120,0.5435135
0.0341940,0.5436263
0.0342760,0.5376773
0.0343580,0.5411905
0.0344400,0.5638145
0.0345220,0.5548814
0.0346040,0.5525131
0.0346860,0.5529796
0.0347680,0.5375952
0.0348500,0.5610688
0.0349320,0.5445623
0.0350140,0.5538722
0.0350960,0.5541034
0.0351780,0.5306530
0.0352600,0.5446921
0.0353420,0.5602852
0.0354240,0.5425125
0.0355060,0.5461057
0.0355880,0.5461524
0.0356700,0.5484222
0.0357520,0.5381669
0.0358340,0.5514293
0.0359160,0.5667942
0.0359980,0.5673724
0.0360800,0.5477043
0.0361620,0.5432601
0.0362440,0.5461710
0.0363260,0.5576495
0.0364080,0.5712079
0.0364900,0.5718686
0.0365720,0.5633052
0.0366540,0.5506114
0.0367360,0.5569903
0.0368180,0.5521833
0.0369000,0.5541556
0.0369820,0.5544557
0.0370640,0.5492284
0.0371460,0.5519940
0.0372280,0.5533628
0.0373100,0.5497103
0.0373920,0.5503251
0.0374740,0.5330031
0.0375560,0.5549456
0.0376380,0.5491297
0.0377200,0.5519364
0.0378020,0.5493568
0.0378840,0.5495887
0.0379660,0.5673382
0.0380480,0.5584378
0.0381300,0.5593906
0.0382120,0.5573625
0.0382940,0.5580481
0.0383760,0.5411079
0.0384580,0.5402419
0.0385400,0.5588793
0.0386220,0.5595960
0.0387040,0.5604933
0.0387860,0.5608362
0.0388680,0.5624499
0.0389500,0.5586083
0.0390320,0.5636840
0.0391140,0.5646744
0.0391960,0.5649163
0.0392780,0.5566994
0.0393600,0.5583946
0.0394420,0.5552264
0.0395240,0.5545013
0.0396060,0.5566722
0.0396880,0.5569647
0.0397700,0.5712172
0.0398520,0.5723287
0.0399340,0.5601072
0.0400160,0.5641956
0.0400980,0.5644227
0.0401800,0.5424247
0.0402620,0.5750579
0.0403440,0.5649011
0.0404260,0.5576268
0.0405080,0.5641656
0.0405900,0.5645777
0.0406720,0.5538871
0.0407540,0.5483975
0.0408360,0.5448501
0.0409180,0.5607008
0.0410000,0.5707905
0.0410820,0.5707683
0.0411640,0.5730366
0.0412460,0.5769066
0.0413280,0.5814823
0.0414100,0.5828732
0.0414920,0.5828247
0.0415740,0.5793600
0.0416560,0.5835186
0.0417380,0.5717982
0.0418200,0.5815691
0.0419020,0.5868126
0.0419840,0.5872560
0.0420660,0.5755593
0.0421480,0.5705222
0.0422300,0.5691347
0.0423120,0.5770582
0.0423940,0.5773322
0.0424760,0.5677937
0.0425580,0.5749164
0.0426400,0.5864363
0.0427220,0.5842285
0.0428040,0.5778763
0.0428860,0.5787418
0.0429680,0.5833257
0.0430500,0.5853682
0.0431320,0.5901893
0.0432140,0.5922900
0.0432960,0.5924418
0.0433780,0.5883672
0.0434600,0.5855326
0.0435420,0.5853469
0.0436240,0.6027241
0.0437060,0.5825698
0.0437880,0.5825344
0.0438700,0.5768926
0.0439520,0.5775435
0.0440340,0.5807788
0.0441160,0.5865663
0.0441980,0.5868249
0.0442800,0.5773821
0.0443620,0.5790276
0.0444440,0.5742166
0.0445260,0.5754973
0.0446080,0.5907766
0.0446900,0.5907748
0.0447720,0.5772780
0.0448540,0.5762872
0.0449360,0.5765277
0.0450180,0.5781649
0.0451000,0.5806112
0.0451820,0.5809811
0.0452640,0.5785880
0.0453460,0.5955339
0.0454280,0.5795076
0.0455100,0.5868840
0.0455920,0.5872723
0.0456740,0.5932889
0.0457560,0.6067448
0.0458380,0.5848262
0.0459200,0.5886369
0.0460020,0.5899756
0.0460840,0.5902330
0.0461660,0.5905735
0.0462480,0.5884906
0.0463300,0.6014177
0.0464120,0.6063660
0.0464940,0.6072404
0.0465760,0.6106870
0.0466580,0.5990322
0.0467400,0.6035059
0.0468220,0.5908464
0.0469040,0.5898440
0.0469860,0.5899622
0.0470680,0.5855158
0.0471500,0.5992884
0.0472320,0.5857255
0.0473140,0.5904313
0.0473960,0.5907384
0.0474780,0.6033738
0.0475600,0.5841106
0.0476420,0.5883622
0.0477240,0.5902659
0.0478060,0.5675508
0.0478880,0.5675709
0.0479700,0.6023793
0.0480520,0.6040676
0.0481340,0.5913031
0.0482160,0.6062505
0.0482980,0.6066223
0.0483800,0.6047362
0.0484620,0.5937908
0.0485440,0.5835844
0.0486260,0.5965659
0.0487080,0.5883371
0.0487900,0.5886436
0.0488720,0.6013512
0.0489540,0.5996901
0.0490360,0.6006620
0.0491180,0.5981566
0.0492000,0.5908925
0.0492820,0.5911920
0.0493640,0.5911035
0.0494460,0.5916217
0.0495280,0.6060072
0.0496100,0.5983334
0.0496920,0.5984192
0.0497740,0.6003655
0.0498560,0.6028117
0.0499380,0.6140499
0.0500200,0.6040746
0.0501020,0.6031052
0.0501840,0.6038050
0.0502660,0.5951192
0.0503480,0.6184503
0.0504300,0.6117095
0.0505120,0.6041832
0.0505940,0.6044535
0.0506760,0.5891570
0.0507580,0.6031419
0.0508400,0.6011791
0.0509220,0.6013130
0.0510040,0.5811661
0.0510860,0.5814788
0.0511680,0.5977071
0.0512500,0.6022521
0.0513320,0.6079399
0.0514140,0.5996679
0.0514960,0.5999417
0.0515780,0.5984576
0.0516600,0.6119464
0.0517420,0.6030172
0.0518240,0.6039915
0.0519060,0.6166329
0.0519880,0.6167244
0.0520700,0.6141162
0.0521520,0.6126829
0.0522340,0.6143762
0.0523160,0.6004273
0.0523980,0.6005931
0.0524800,0.5931627
0.0525620,0.5824460
0.0526440,0.5973960
0.0527260,0.5951566
0.0528080,0.6032602
0.0528900,0.6033318
0.0529720,0.5972294
0.0530540,0.5931206
0.0531360,0.6039580
0.0532180,0.6063201
0.0533000,0.6075300
0.0533820,0.6083776
0.0534640,0.5942919
0.0535460,0.5848070
0.0536280,0.5808935
0.0537100,0.5893956
0.0537920,0.5894343
0.0538740,0.5936806
0.0539560,0.5963292
0.0540380,0.5936637
0.0541200,0.5947680
0.0542020,0.5813321
0.0542840,0.5816064
0.0543660,0.5980437
0.0544480,0.5850753
0.0545300,0.5781228
0.0546120,0.5836013
0.0546940,0.5837855
0.0547760,0.5967475
0.0548580,0.6029823
0.0549400,0.6064025
0.0550220,0.6068027
0.0551040,0.6115510
0.0551860,0.6122823
0.0552680,0.5992647
0.0553500,0.5831211
0.0554320,0.5888800
0.0555140,0.5867086
0.0555960,0.5869810
0.0556780,0.5935483
0.0557600,0.5978283
0.0558420,0.5831661
0.0559240,0.5980044
0.0560060,0.5977319
0.0560880,0.5977182
0.0561700,0.5985955
0.0562520,0.5885002
0.0563340,0.5878938
0.0564160,0.5950094
0.0564980,0.5952368
0.0565800,0.5888665
0.0566620,0.6100337
0.0567440,0.5805898
0.0568260,0.5866068
0.0569080,0.5843734
0.0569900,0.5847601
0.0570720,0.5923872
0.0571540,0.6085681
0.0572360,0.5991434
0.0573180,0.6148522
0.0574000,0.6220835
0.0574820,0.6221732
0.0575640,0.6078911
0.0576460,0.6137807
0.0577280,0.6211241
0.0578100,0.6028517
0.0578920,0.6032243
0.0579740,0.6058625
0.0580560,0.6031267
0.0581380,0.6071752
0.0582200,0.6251960
0.0583020,0.6207476
0.0583840,0.6213163
0.0584660,0.6147451
0.0585480,0.6196596
0.0586300,0.6317950
0.0587120,0.6285348
0.0587940,0.6289336
0.0588760,0.6280535
0.0589580,0.6207956
0.0590400,0.6154271
0.0591220,0.6138771
0.0592040,0.6138009
0.0592860,0.6145589
0.0593680,0.6124106
0.0594500,0.6217848
0.0595320,0.6201701
0.0596140,0.6265126
0.0596960,0.6267213
0.0597780,0.6153647
0.0598600,0.6159037
0.0599420,0.6193250
0.0600240,0.6151587
0.0601060,0.6109096
0.0601880,0.6114162
0.0602700,0.6272196
0.0603520,0.6253303
0.0604340,0.6119739
0.0605160,0.6145600
0.0605980,0.6146969
0.0606800,0.6195982
0.0607620,0.6116769
0.0608440,0.6308546
0.0609260,0.6314832
0.0610080,0.6254691
0.0610900,0.6253821
0.0611720,0.6192290
0.0612540,0.6177751
0.0613360,0.6155822
0.0614180,0.6354307
0.0615000,0.6376389
0.0615820,0.6380262
0.0616640,0.6183540
0.0617460,0.6104425
0.0618280,0.6180126
0.0619100,0.6149423
0.0619920,0.6150341
0.0620740,0.6126214
0.0621560,0.6225621
0.0622380,0.6131699
0.0623200,0.6352064
0.0624020,0.6237822
0.0624840,0.6242494
0.0625660,0.6146161
0.0626480,0.6127995
0.0627300,0.6009251
0.0628120,0.6271607
0.0628940,0.6274966
0.0629760,0.6181269
0.0630580,0.6362647
0.0631400,0.6272915
0.0632220,0.6234257
0.0633040,0.6158017
0.0633860,0.6158804
0.0634680,0.6121979
0.0635500,0.6298026
0.0636320,0.6187890
0.0637140,0.6140891
0.0637960,0.6146716
0.0638780,0.6223710
0.0639600,0.6392821
0.0640420,0.6326850
0.0641240,0.6199361
0.0642060,0.6297506
0.0642880,0.6306922
0.0643700,0.6134119
0.0644520,0.6169047
0.0645340,0.6373064
0.0646160,0.6283520
0.0646980,0.6282154
0.0647800,0.6335289
0.0648620,0.6241090
0.0649440,0.6482106
0.0650260,0.6322542
0.0651080,0.6289973
0.0651900,0.6291040
0.0652720,0.6252623
0.0653540,0.6260553
0.0654360,0.6228294
0.0655180,0.6297310
0.0656000,0.6243220
0.0656820,0.6248053
0.0657640,0.6267427
0.0658460,0.6279515
0.0659280,0.6348308
0.0660100,0.6235763
0.0660920,0.6240093
0.0661740,0.6324762
0.0662560,0.6369133
0.0663380,0.6395924
0.0664200,0.6399376
0.0665020,0.6526920
0.0665840,0.6530374
0.0666660,0.6155771
0.0667480,0.6347257
0.0668300,0.6213167
0.0669120,0.6288594
0.0669940,0.6290059
0.0670760,0.6208040
0.0671580,0.6294842
0.0672400,0.6352854
0.0673220,0.6203819
0.0674040,0.6135770
0.0674860,0.6134968
0.0675680,0.6187196
0.0676500,0.6166025
0.0677320,0.6183393
0.0678140,0.6244717
0.0678960,0.6247684
0.0679780,0.6250318
0.0680600,0.6350518
0.0681420,0.6239513
0.0682240,0.6170758
0.0683060,0.6281269
0.0683880,0.6285231
0.0684700,0.6375029
0.0685520,0.6322669
0.0686340,0.6303440
0.0687160,0.6386425
0.0687980,0.6385177
0.0688800,0.6242214
0.0689620,0.6198450
0.0690440,0.6270316
0.0691260,0.6406248
0.0692080,0.6368466
0.0692900,0.6373113
0.0693720,0.6269217
0.0694540,0.6237177
0.0695360,0.6326304
0.0696180,0.6446934
0.0697000,0.6389528
0.0697820,0.6390930
0.0698640,0.6453018
0.0699460,0.6439522
0.0700280,0.6430524
0.0701100,0.6303297
0.0701920,0.6302424
0.0702740,0.6347374
0.0703560,0.6366976
0.0704380,0.6294898
0.0705200,0.6358095
0.0706020,0.6325220
0.0706840,0.6322522
0.0707660,0.6374362
0.0708480,0.6392569
0.0709300,0.6250181
0.0710120,0.6289748
0.0710940,0.6288759
0.0711760,0.6268460
0.0712580,0.6391058
0.0713400,0.6557157
0.0714220,0.6381373
0.0715040,0.6494042
0.0715860,0.6495542
0.0716680,0.6565447
0.0717500,0.6416086
0.0718320,0.6447530
0.0719140,0.6515272
0.0719960,0.6521825
0.0720780,0.6343688
0.0721600,0.6401093
0.0722420,0.6519964
0.0723240,0.6341493
0.0724060,0.6360394
0.0724880,0.6361590
0.0725700,0.6288062
0.0726520,0.6149185
0.0727340,0.6329123
0.0728160,0.6436399
0.0728980,0.6438382
0.0729800,0.6369665
0.0730620,0.6386754
0.0731440,0.6384463
0.0732260,0.6559184
0.0733080,0.6456858
0.0733900,0.6460263
0.0734720,0.6414424
0.0735540,0.6406625
0.0736360,0.6490540
0.0737180,0.6426736
0.0738000,0.6330206
0.0738820,0.6333089
0.0739640,0.6406334
0.0740460,0.6268078
0.0741280,0.6360409
0.0742100,0.6403144
0.0742920,0.6402886
0.0743740,0.6325443
0.0744560,0.6272544
0.0745380,0.6278527
0.0746200,0.6465586
0.0747020,0.6543901
0.0747840,0.6547400
0.0748660,0.6566959
0.0749480,0.6490396
0.0750300,0.6526563
0.0751120,0.6469122
0.0751940,0.6473138
0.0752760,0.6409539
0.0753580,0.6515700
0.0754400,0.6434089
0.0755220,0.6375440
0.0756040,0.6562221
0.0756860,0.6560111
0.0757680,0.6530701
0.0758500,0.6630903
0.0759320,0.6477340
0.0760140,0.6535426
0.0760960,0.6538440
0.0761780,0.6595456
0.0762600,0.6467270
0.0763420,0.6538751
0.0764240,0.6455643
0.0765060,0.6545145
0.0765880,0.6550397
0.0766700,0.6379910
0.0767520,0.6451469
0.0768340,0.6514392
0.0769160,0.6635888
0.0769980,0.6642162
0.0770800,0.6572987
0.0771620,0.6427033
0.0772440,0.6513062
0.0773260,0.6523302
0.0774080,0.6431873
0.0774900,0.6431757
0.0775720,0.6391001
0.0776540,0.6513756
0.0777360,0.6477538
0.0778180,0.6545990
0.0779000,0.6417725
0.0779820,0.6422507
0.0780640,0.6523595
0.0781460,0.6412383
0.0782280,0.6284884
0.0783100,0.6471138
0.0783920,0.6473669
0.0784740,0.6569759
0.0785560,0.6523179
0.0786380,0.6518100
0.0787200,0.6639854
0.0788020,0.6641969
0.0788840,0.6648158
0.0789660,0.6617739
0.0790480,0.6507179
0.0791300,0.6583315
0.0792120,0.6581047
0.0792940,0.6584524
0.0793760,0.6746443
0.0794580,0.6592655
0.0795400,0.6428707
0.0796220,0.6489914
0.0797040,0.6530350
0.0797860,0.6535556
0.0798680,0.6428542
0.0799500,0.6502571
0.0800320,0.6564283
0.0801140,0.6746877
0.0801960,0.6747182
0.0802780,0.6594112
0.0803600,0.6647850
0.0804420,0.6647338
0.0805240,0.6765273
0.0806060,0.6742492
0.0806880,0.6742614
0.0807700,0.6764850
0.0808520,0.6782286
0.0809340,0.6783968
0.0810160,0.6744500
0.0810980,0.6746923
0.0811800,0.6756082
0.0812620,0.6682994
0.0813440,0.6719031
0.0814260,0.6676726
0.0815080,0.6714912
0.0815900,0.6714680
0.0816720,0.6670498
0.0817540,0.6690496
0.0818360,0.6712142
0.0819180,0.6729252
0.0820000,0.6734307
0.0820820,0.6737994
0.0821640,0.6654487
0.0822460,0.6661608
0.0823280,0.6727770
0.0824100,0.6657626
0.0824920,0.6657850
0.0825740,0.6575133
0.0826560,0.6571201
0.0827380,0.6688707
0.0828200,0.6614584
0.0829020,0.6698838
0.0829840,0.6696623
0.0830660,0.6642510
0.0831480,0.6644077
0.0832300,0.6684551
0.0833120,0.6633723
0.0833940,0.6641352
0.0834760,0.6663703
0.0835580,0.6649516
0.0836400,0.6623696
0.0837220,0.6669673
0.0838040,0.6747707
0.0838860,0.6748807
0.0839680,0.6750832
0.0840500,0.6762917
0.0841320,0.6818594
0.0842140,0.6745101
0.0842960,0.6750859
0.0843780,0.6706161
0.0844600,0.6728181
0.0845420,0.6665436
0.0846240,0.6678813
0.0847060,0.6686965
0.0847880,0.6693234
0.0848700,0.6622545
0.0849520,0.6689676
0.0850340,0.6662108
0.0851160,0.6785323
0.0851980,0.6790445
0.0852800,0.6698890
0.0853620,0.6728107
0.0854440,0.6753525
0.0855260,0.6792903
0.0856080,0.6882080
0.0856900,0.6888959
0.0857720,0.6715962
0.0858540,0.6616109
0.0859360,0.6727733
0.0860180,0.6647915
0.0861000,0.6771201
0.0861820,0.6771783
0.0862640,0.6783191
0.0863460,0.6873676
0.0864280,0.6724988
0.0865100,0.6786259
0.0865920,0.6791317
0.0866740,0.6933068
0.0867560,0.6942927
0.0868380,0.6818390
0.0869200,0.6804669
0.0870020,0.6931469
0.0870840,0.6934863
0.0871660,0.6731929
0.0872480,0.6810031
0.0873300,0.6768155
0.0874120,0.6806160
0.0874940,0.6806435
0.0875760,0.6851394
0.0876580,0.6862489
0.0877400,0.6682604
0.0878220,0.6842463
0.0879040,0.6809108
0.0879860,0.6811756
0.0880680,0.6640040
0.0881500,0.6714898
0.0882320,0.6703902
0.0883140,0.6646522
0.0883960,0.6650209
0.0884780,0.6630778
0.0885600,0.6561570
0.0886420,0.6726791
0.0887240,0.6748566
0.0888060,0.6624544
0.0888880,0.6627523
0.0889700,0.6616009
0.0890520,0.6799020
0.0891340,0.6671825
0.0892160,0.6671963
0.0892980,0.6675030
0.0893800,0.6616668
0.0894620,0.6578675
0.0895440,0.6713646
0.0896260,0.6611774
0.0897080,0.6724824
0.0897900,0.6727419
0.0898720,0.6737430
0.0899540,0.6663157
0.0900360,0.6830612
0.0901180,0.6755139
0.0902000,0.6822181
0.0902820,0.6831165
0.0903640,0.6758483
0.0904460,0.6702366
0.0905280,0.6807093
0.0906100,0.6755375
0.0906920,0.6761727
0.0907740,0.6651974
0.0908560,0.6748879
0.0909380,0.6752301
0.0910200,0.6791855
0.0911020,0.6689284
0.0911840,0.6686986
0.0912660,0.6790536
0.0913480,0.6700783
0.0914300,0.6546252
0.0915120,0.6668564
0.0915940,0.6674050
0.0916760,0.6665448
0.0917580,0.6740556
0.0918400,0.6754729
0.0919220,0.6797313
0.0920040,0.6807659
0.0920860,0.6810898
0.0921680,0.6689497
0.0922500,0.6659903
0.0923320,0.6751509
0.0924140,0.6690258
0.0924960,0.6695377
0.0925780,0.6689191
0.0926600,0.6714341
0.0927420,0.6744475
0.0928240,0.6737404
0.0929060,0.6711316
0.0929880,0.6708979
0.0930700,0.6759325
0.0931520,0.6788178
0.0932340,0.6758089
0.0933160,0.6773794
0.0933980,0.6776981
0.0934800,0.6718223
0.0935620,0.6808242
0.0936440,0.6766551
0.0937260,0.6773771
0.0938080,0.6673304
0.0938900,0.6678199
0.0939720,0.6705234
0.0940540,0.6623373
0.0941360,0.6608660
0.0942180,0.6773321
0.0943000,0.6688240
0.0943820,0.6688907
0.0944640,0.6825814
0.0945460,0.6776199
0.0946280,0.6689291
0.0947100,0.6677940
0.0947920,0.6679978
0.0948740,0.6675434
0.0949560,0.6835547
0.0950380,0.6725592
0.0951200,0.6899051
0.0952020,0.6713978
0.0952840,0.6714747
0.0953660,0.6731543
0.0954480,0.6714815
0.0955300,0.6735741
0.0956120,0.6717927
0.0956940,0.6723179
0.0957760,0.6636429
0.0958580,0.6715823
0.0959400,0.6766104
0.0960220,0.6700591
0.0961040,0.6667481
0.0961860,0.6670812
0.0962680,0.6693630
0.0963500,0.6901092
0.0964320,0.6790267
0.0965140,0.6723891
0.0965960,0.6727952
0.0966780,0.6863448
0.0967600,0.6832711
0.0968420,0.6748396
0.0969240,0.6616387
0.0970060,0.6893864
0.0970880,0.6896282
0.0971700,0.6814117
0.0972520,0.6998702
0.0973340,0.6799458
0.0974160,0.6671930
0.0974980,0.6674614
0.0975800,0.6715273
0.0976620,0.6661269
0.0977440,0.6596946
0.0978260,0.6796282
0.0979080,0.6947913
0.0979900,0.6947974
0.0980720,0.6810647
0.0981540,0.6640467
0.0982360,0.6664751
0.0983180,0.6813043
0.0984000,0.6701320
0.0984820,0.6704878
0.0985640,0.6775433
0.0986460,0.6851808
0.0987280,0.6809445
0.0988100,0.6758475
0.0988920,0.6761047
0.0989740,0.6702569
0.0990560,0.6744238
0.0991380,0.6919196
0.0992200,0.7012887
0.0993020,0.6938137
0.0993840,0.6943810
0.0994660,0.7126497
0.0995480,0.6864184
0.0996300,0.6809834
0.0997120,0.6838108
0.0997940,0.6848141
0.0998760,0.6629649
0.0999580,0.6565761
0.1000400,0.6693480
0.1001220,0.6697122
0.1002040,0.6738122
0.1002860,0.6738455
0.1003680,0.6830762
0.1004500,0.6719328
0.1005320,0.6739993
0.1006140,0.6770718
0.1006960,0.6775909
0.1007780,0.6628265
0.1008600,0.6614058
0.1009420,0.6725106
0.1010240,0.6815881
0.1011060,0.6763870
0.1011880,0.6764478
0.1012700,0.6785657
0.1013520,0.6800435
0.1014340,0.6644401
0.1015160,0.6793749
0.1015980,0.6799172
0.1016800,0.6807165
0.1017620,0.6848582
0.1018440,0.6696671
0.1019260,0.6666871
0.1020080,0.6578836
0.1020900,0.6581288
0.1021720,0.6669474
0.1022540,0.6541204
0.1023360,0.6668814
0.1024180,0.6546476
0.1025000,0.6559693
0.1025820,0.6561394
0.1026640,0.6634071
0.1027460,0.6690478
0.1028280,0.6691071
0.1029100,0.6668019
0.1029920,0.6669850
0.1030740,0.6708521
0.1031560,0.6664276
0.1032380,0.6645557
0.1033200,0.6685128
0.1034020,0.6731675
0.1034840,0.6735801
0.1035660,0.6835905
0.1036480,0.6782807
0.1037300,0.6848583
0.1038120,0.6771767
0.1038940,0.6772609
0.1039760,0.6824105
0.1040580,0.6555415
0.1041400,0.6816693
0.1042220,0.6635391
0.1043040,0.6703671
0.1043860,0.6703751
0.1044680,0.6744565
0.1045500,0.6631504
0.1046320,0.6692249
0.1047140,0.6596897
0.1047960,0.6598955
0.1048780,0.6667218
0.1049600,0.6677321
0.1050420,0.6691993
0.1051240,0.6741358
0.1052060,0.6755740
0.1052880,0.6763566
0.1053700,0.6728058
0.1054520,0.6740522
0.1055340,0.6732451
0.1056160,0.6777964
0.1056980,0.6777089
0.1057800,0.6694161
0.1058620,0.6626379
0.1059440,0.6625131
0.1060260,0.6602245
0.1061080,0.6606371
0.1061900,0.6609147
0.1062720,0.6491159
0.1063540,0.6643190
0.1064360,0.6638892
0.1065180,0.6601891
0.1066000,0.6741957
0.1066820,0.6743562
0.1067640,0.6799257
0.1068460,0.6781801
0.1069280,0.6652503
0.1070100,0.6766220
0.1070920,0.6773146
0.1071740,0.6835937
0.1072560,0.6753217
0.1073380,0.6856100
0.1074200,0.6787386
0.1075020,0.6810772
0.1075840,0.6815339
0.1076660,0.6798136
0.1077480,0.6932919
0.1078300,0.6796727
0.1079120,0.6844513
0.1079940,0.6851278
0.1080760,0.6705216
0.1081580,0.6785132
0.1082400,0.6950563
0.1083220,0.6734937
0.1084040,0.6746508
0.1084860,0.6752518
0.1085680,0.6862501
0.1086500,0.6863705
0.1087320,0.6814368
0.1088140,0.6854734
0.1088960,0.6859441
0.1089780,0.6840172
0.1090600,0.6812403
0.1091420,0.6899959
0.1092240,0.6992296
0.1093060,0.6951528
0.1093880,0.6958680
0.1094700,0.6782362
0.1095520,0.6766839
0.1096340,0.6749457
0.1097160,0.6824025
0.1097980,0.6825709
0.1098800,0.6854673
0.1099620,0.6980601
0.1100440,0.7070573
0.1101260,0.6934364
0.1102080,0.6847188
0.1102900,0.6843247
0.1103720,0.7050797
0.1104540,0.6976190
0.1105360,0.6981869
0.1106180,0.6947607
0.1107000,0.6905788
0.1107820,0.6911443
0.1108640,0.6923288
0.1109460,0.6911918
0.1110280,0.6863485
0.1111100,0.6730850
0.1111920,0.6727535
0.1112740,0.6796897
0.1113560,0.6905189
0.1114380,0.6846449
0.1115200,0.6886373
0.1116020,0.6932740
0.1116840,0.6938180
0.1117660,0.6940405
0.1118480,0.6878993
0.1119300,0.7024289
0.1120120,0.6878029
0.1120940,0.6881505
0.1121760,0.6748619
0.1122580,0.6910997
0.1123400,0.6941442
0.1124220,0.6895490
0.1125040,0.6967287
0.1125860,0.6967906
0.1126680,0.7008782
0.1127500,0.7001411
0.1128320,0.7022471
0.1129140,0.6827623
0.1129960,0.6828414
0.1130780,0.6948992
0.1131600,0.7004806
0.1132420,0.7008512
0.1133240,0.7140787
0.1134060,0.6987358
0.1134880,0.6993427
0.1135700,0.7015253
0.1136520,0.7061741
0.1137340,0.7021064
0.1138160,0.6999616
0.1138980,0.7003579
0.1139800,0.6973363
0.1140620,0.6948285
0.1141440,0.6893996
0.1142260,0.7042010
0.1143080,0.7077001
0.1143900,0.7079618
0.1144720,0.7118683
0.1145540,0.7039676
0.1146360,0.6896916
0.1147180,0.6958144
0.1148000,0.6909123
0.1148820,0.6909575
0.1149640,0.6994141
0.1150460,0.6973953
0.1151280,0.6900770
0.1152100,0.7011385
0.1152920,0.7017026
0.1153740,0.6980295
0.1154560,0.7124485
0.1155380,0.7083574
0.1156200,0.7085887
0.1157020,0.7132519
0.1157840,0.7136246
0.1158660,0.7072407
0.1159480,0.7176724
0.1160300,0.7073201
0.1161120,0.6920085
0.1161940,0.6920664
0.1162760,0.7104088
0.1163580,0.7100144
0.1164400,0.6990593
0.1165220,0.7068939
0.1166040,0.7144175
0.1166860,0.7150507
0.1167680,0.7067547
0.1168500,0.7072879
0.1169320,0.7064831
0.1170140,0.7247171
0.1170960,0.7249889
0.1171780,0.7149047
0.1172600,0.7136736
0.1173420,0.7082063
0.1174240,0.7153927
0.1175060,0.7173719
0.1175880,0.7173643
0.1176700,0.7144371
0.1177520,0.7096926
0.1178340,0.7026141
0.1179160,0.7218909
0.1179980,0.7221570
0.1180800,0.7126215
0.1181620,0.7332426
0.1182440,0.7202311
0.1183260,0.7183104
0.1184080,0.7211029
0.1184900,0.7215617
0.1185720,0.7366988
0.1186540,0.7347631
0.1187360,0.7166007
0.1188180,0.7196807
0.1189000,0.7257985
0.1189820,0.7261124
0.1190640,0.7185584
0.1191460,0.7200719
0.1192280,0.7219655
0.1193100,0.7250666
0.1193920,0.7252842
0.1194740,0.7102651
0.1195560,0.7181176
0.1196380,0.7222861
0.1197200,0.7165912
0.1198020,0.7215160
0.1198840,0.7215920
0.1199660,0.7104215
0.1200480,0.7190508
0.1201300,0.7195237
0.1202120,0.7168352
0.1202940,0.7168400
0.1203760,0.7176366
0.1204580,0.7187592
0.1205400,0.7171264
0.1206220,0.7096843
0.1207040,0.7139120
0.1207860,0.7139561
0.1208680,0.7183976
0.1209500,0.7057961
0.1210320,0.7076866
0.1211140,0.7107978
0.1211960,0.7109665
0.1212780,0.7285495
0.1213600,0.7423581
0.1214420,0.7285329
0.1215240,0.7287223
0.1216060,0.7340515
0.1216880,0.7338751
0.1217700,0.7299858
0.1218520,0.7323142
0.1219340,0.7208780
0.1220160,0.7252965
0.1220980,0.7250136
0.1221800,0.7190222
0.1222620,0.7251484
0.1223440,0.7223435
0.1224260,0.7223947
0.1225080,0.7200020
0.1225900,0.7203754
0.1226720,0.7299048
0.1227540,0.7234173
0.1228360,0.7240858
0.1229180,0.7110516
0.1230000,0.7201516
0.1230820,0.7204283
0.1231640,0.7269385
0.1232460,0.7339728
0.1233280,0.7393318
0.1234100,0.7406989
0.1234920,0.7411351
0.1235740,0.7195197
0.1236560,0.7362566
0.1237380,0.7312060
0.1238200,0.7240867
0.1239020,0.7143067
0.1239840,0.7144483
0.1240660,0.7246663
0.1241480,0.7137336
0.1242300,0.7250244
0.1243120,0.7222350
0.1243940,0.7222387
0.1244760,0.7145356
0.1245580,0.7191464
0.1246400,0.7340386
0.1247220,0.7214659
0.1248040,0.7264190
0.1248860,0.7266095
0.1249680,0.7171386
0.1250500,0.7114932
0.1251320,0.7228127
0.1252140,0.7211366
0.1252960,0.7214717
0.1253780,0.7278845
0.1254600,0.7170545
0.1255420,0.7269332
0.1256240,0.7241635
0.1257060,0.7286117
0.1257880,0.7289855
0.1258700,0.7283824
0.1259520,0.7260002
0.1260340,0.7208867
0.1261160,0.7256865
0.1261980,0.7260743
0.1262800,0.7247365
0.1263620,0.7251699
0.1264440,0.7260580
0.1265260,0.7293937
0.1266080,0.7308675
0.1266900,0.7311329
0.1267720,0.7300092
0.1268540,0.7230029
0.1269360,0.7184594
0.1270180,0.7120310
0.1271000,0.7328712
0.1271820,0.7330130
0.1272640,0.7199809
0.1273460,0.7145517
0.1274280,0.7208809
0.1275100,0.7225604
0.1275920,0.7230160
0.1276740,0.7160578
0.1277560,0.7220781
0.1278380,0.7190376
0.1279200,0.7149510
0.1280020,0.7182690
0.1280840,0.7186121
0.1281660,0.7281601
0.1282480,0.7319514
0.1283300,0.7230103
0.1284120,0.7281028
0.1284940,0.7280003
0.1285760,0.7362696
0.1286580,0.7388971
0.1287400,0.7442693
0.1288220,0.7344898
0.1289040,0.7373401
0.1289860,0.7381347
0.1290680,0.7385988
0.1291500,0.7396651
0.1292320,0.7163568
0.1293140,0.7164114
0.1293960,0.7168923
0.1294780,0.7307573
0.1295600,0.7409803
0.1296420,0.7313485
0.1297240,0.7262206
0.1298060,0.7238537
0.1298880,0.7235843
0.1299700,0.7292166
0.1300520,0.7396179
0.1301340,0.7337991
0.1302160,0.7279972
0.1302980,0.7282874
0.1303800,0.7274765
0.1304620,0.7318857
0.1305440,0.7347637
0.1306260,0.7310712
0.1307080,0.7392690
0.1307900,0.7392667
0.1308720,0.7297758
0.1309540,0.7232919
0.1310360,0.7299818
0.1311180,0.7311279
0.1312000,0.7288144
0.1312820,0.7289651
0.1313640,0.7273996
0.1314460,0.7327084
0.1315280,0.7232008
0.1316100,0.7250958
0.1316920,0.7257602
0.1317740,0.7217689
0.1318560,0.7282730
0.1319380,0.7224702
0.1320200,0.7307307
0.1321020,0.7314469
0.1321840,0.7316230
0.1322660,0.7414035
0.1323480,0.7326828
0.1324300,0.7360025
0.1325120,0.7357353
0.1325940,0.7359538
0.1326760,0.7397825
0.1327580,0.7331168
0.1328400,0.7358135
0.1329220,0.7329897
0.1330040,0.7322753
0.1330860,0.7322018
0.1331680,0.7275900
0.1332500,0.7218815
0.1333320,0.7242226
0.1334140,0.7223511
0.1334960,0.7224720
0.1335780,0.7256282
0.1336600,0.7283269
0.1337420,0.7268233
0.1338240,0.7197711
0.1339060,0.7292804
0.1339880,0.7298585
0.1340700,0.7420873
0.1341520,0.7347146
0.1342340,0.7396690
0.1343160,0.7444525
0.1343980,0.7449645
0.1344800,0.7445083
0.1345620,0.7373868
0.1346440,0.7462812
0.1347260,0.7415579
0.1348080,0.7290808
0.1348900,0.7293911
0.1349720,0.7381838
0.1350540,0.7279561
0.1351360,0.7401731
0.1352180,0.7224144
0.1353000,0.7227897
0.1353820,0.7229783
0.1354640,0.7240928
0.1355460,0.7322866
0.1356280,0.7323801
0.1357100,0.7266018
0.1357920,0.7271108
0.1358740,0.7473586
0.1359560,0.7200096
0.1360380,0.7204377
0.1361200,0.7427041
0.1362020,0.7387159
0.1362840,0.7386252
0.1363660,0.7395615
0.1364480,0.7380231
0.1365300,0.7395179
0.1366120,0.7344725
0.1366940,0.7348789
0.1367760,0.7424293
0.1368580,0.7502215
0.1369400,0.7502891
0.1370220,0.7328305
0.1371040,0.7384970
0.1371860,0.7388733
0.1372680,0.7437378
0.1373500,0.7316929
0.1374320,0.7498770
0.1375140,0.7268583
0.1375960,0.7268172
0.1376780,0.7432130
0.1377600,0.7279685
0.1378420,0.7232871
0.1379240,0.7486504
0.1380060,0.7525268
0.1380880,0.7528239
0.1381700,0.7574928
0.1382520,0.7414164
0.1383340,0.7405048
0.1384160,0.7516383
0.1384980,0.7519266
0.1385800,0.7517864
0.1386620,0.7510157
0.1387440,0.7512108
0.1388260,0.7441678
0.1389080,0.7417942
0.1389900,0.7417214
0.1390720,0.7367895
0.1391540,0.7366611
0.1392360,0.7323664
0.1393180,0.7451287
0.1394000,0.7289580
0.1394820,0.7293289
0.1395640,0.7255583
0.1396460,0.7313590
0.1397280,0.7258557
0.1398100,0.7376628
0.1398920,0.7377038
0.1399740,0.7394150
0.1400560,0.7205009
0.1401380,0.7354536
0.1402200,0.7430598
0.1403020,0.7377127
0.1403840,0.7378430
0.1404660,0.7409343
0.1405480,0.7325765
0.1406300,0.7330124
0.1407120,0.7346860
0.1407940,0.7350622
0.1408760,0.7347346
0.1409580,0.7450040
0.1410400,0.7336399
0.1411220,0.7309189
0.1412040,0.7305843
0.1412860,0.7305154
0.1413680,0.7280266
0.1414500,0.7397175
0.1415320,0.7300992
0.1416140,0.7250249
0.1416960,0.7250595
0.1417780,0.7294616
0.1418600,0.7279871
0.1419420,0.7411201
0.1420240,0.7408777
0.1421060,0.7383572
0.1421880,0.7387383
0.1422700,0.7416732
0.1423520,0.7564137
0.1424340,0.7391055
0.1425160,0.7485460
0.1425980,0.7485667
0.1426800,0.7285244
0.1427620,0.7378672
0.1428440,0.7459176
0.1429260,0.7437861
0.1430080,0.7418106
0.1430900,0.7423403
0.1431720,0.7405562
0.1432540,0.7431669
0.1433360,0.7590376
0.1434180,0.7384997
0.1435000,0.7413980
0.1435820,0.7412362
0.1436640,0.7463836
0.1437460,0.7426031
0.1438280,0.7362029
0.1439100,0.7404869
0.1439920,0.7409752
0.1440740,0.7407727
0.1441560,0.7480298
0.1442380,0.7463933
0.1443200,0.7366760
0.1444020,0.7428820
0.1444840,0.7431760
0.1445660,0.7372238
0.1446480,0.7398121
0.1447300,0.7557295
0.1448120,0.7475308
0.1448940,0.7478068
0.1449760,0.7374888
0.1450580,0.7437994
0.1451400,0.7402739
0.1452220,0.7444290
0.1453040,0.7354401
0.1453860,0.7357139
0.1454680,0.7365578
0.1455500,0.7496331
0.1456320,0.7455016
0.1457140,0.7532797
0.1457960,0.7530663
0.1458780,0.7393245
0.1459600,0.7438429
0.1460420,0.7526622
0.1461240,0.7574260
0.1462060,0.7609789
0.1462880,0.7614955
0.1463700,0.7639048
0.1464520,0.7453330
0.1465340,0.7520011
0.1466160,0.7545143
0.1466980,0.7547599
0.1467800,0.7539496
0.1468620,0.7528000
0.1469440,0.7564338
0.1470260,0.7572215
0.1471080,0.7585431
0.1471900,0.7587252
0.1472720,0.7449526
0.1473540,0.7398846
0.1474360,0.7524829
0.1475180,0.7637153
0.1476000,0.7467163
0.1476820,0.7469484
0.1477640,0.7528573
0.1478460,0.7580847
0.1479280,0.7516182
0.1480100,0.7598705
0.1480920,0.7598337
0.1481740,0.7443027
0.1482560,0.7297757
0.1483380,0.7375994
0.1484200,0.7449686
0.1485020,0.7530255
0.1485840,0.7532929
0.1486660,0.7456750
0.1487480,0.7494425
0.1488300,0.7457135
0.1489120,0.7464707
0.1489940,0.7467339
0.1490760,0.7368535
0.1491580,0.7466997
0.1492400,0.7419445
0.1493220,0.7390263
0.1494040,0.7358477
0.1494860,0.7359826
0.1495680,0.7421632
0.1496500,0.7391586
0.1497320,0.7411198
0.1498140,0.7506338
0.1498960,0.7506939
0.1499780,0.7500364
0.1500600,0.7425062
0.1501420,0.7291421
0.1502240,0.7459552
0.1503060,0.7380908
0.1503880,0.7384234
0.1504700,0.7455177
0.1505520,0.7510349
0.1506340,0.7495722
0.1507160,0.7393209
0.1507980,0.7394779
0.1508800,0.7397978
0.1509620,0.7417882
0.1510440,0.7396286
0.1511260,0.7450104
0.1512080,0.7494092
0.1512900,0.7497027
0.1513720,0.7424638
0.1514540,0.7592497
0.1515360,0.7403930
0.1516180,0.7412845
0.1517000,0.7431973
0.1517820,0.7430644
0.1518640,0.7321649
0.1519460,0.7393196
0.1520280,0.7501629
0.1521100,0.7480330
0.1521920,0.7481144
0.1522740,0.7442754
0.1523560,0.7380467
0.1524380,0.7385174
0.1525200,0.7437801
0.1526020,0.7358511
0.1526840,0.7358261
0.1527660,0.7365217
0.1528480,0.7341280
0.1529300,0.7409770
0.1530120,0.7457438
0.1530940,0.7457080
0.1531760,0.7433051
0.1532580,0.7520242
0.1533400,0.7385455
0.1534220,0.7440262
0.1535040,0.7445928
0.1535860,0.7446814
0.1536680,0.7530133
0.1537500,0.7439086
0.1538320,0.7385733
0.1539140,0.7391383
0.1539960,0.7395405
0.1540780,0.7459883
0.1541600,0.7362170
0.1542420,0.7307915
0.1543240,0.7372182
0.1544060,0.7483259
0.1544880,0.7481258
0.1545700,0.7298780
0.1546520,0.7494321
0.1547340,0.7523838
0.1548160,0.7386532
0.1548980,0.7391210
0.1549800,0.7462735
0.1550620,0.7480593
0.1551440,0.7346944
0.1552260,0.7471019
0.1553080,0.7459303
0.1553900,0.7462272
0.1554720,0.7428549
0.1555540,0.7374554
0.1556360,0.7417144
0.1557180,0.7371084
0.1558000,0.7330790
0.1558820,0.7335019
0.1559640,0.7405936
0.1560460,0.7261636
0.1561280,0.7390044
0.1562100,0.7351481
0.1562920,0.7357449
0.1563740,0.7365417
0.1564560,0.7431473
0.1565380,0.7447390
0.1566200,0.7422083
0.1567020,0.7448143
0.1567840,0.7454561
0.1568660,0.7421817
0.1569480,0.7372281
0.1570300,0.7309200
0.1571120,0.7462854
0.1571940,0.7463501
0.1572760,0.7434993
0.1573580,0.7255803
0.1574400,0.7366296
0.1575220,0.7375584
0.1576040,0.7313127
0.1576860,0.7311291
0.1577680,0.7407210
0.1578500,0.7464712
0.1579320,0.7441170
0.1580140,0.7471384
0.1580960,0.7469377
0.1581780,0.7535951
0.1582600,0.7419003
0.1583420,0.7570277
0.1584240,0.7422101
0.1585060,0.7427125
0.1585880,0.7426964
0.1586700,0.7408233
0.1587520,0.7383662
0.1588340,0.7349592
0.1589160,0.7516517
0.1589980,0.7518402
0.1590800,0.7435883
0.1591620,0.7468738
0.1592440,0.7344389
0.1593260,0.7432537
0.1594080,0.7484764
0.1594900,0.7489352
0.1595720,0.7503317
0.1596540,0.7428020
0.1597360,0.7536483
0.1598180,0.7453541
0.1599000,0.7454591
0.1599820,0.7456492
0.1600640,0.7491972
0.1601460,0.7582104
0.1602280,0.7513923
0.1603100,0.7412706
0.1603920,0.7417247
0.1604740,0.7395464
0.1605560,0.7488651
0.1606380,0.7545096
0.1607200,0.7426266
0.1608020,0.7455719
0.1608840,0.7455567
0.1609660,0.7438544
0.1610480,0.7454744
0.1611300,0.7537865
0.1612120,0.7432912
0.1612940,0.7432126
0.1613760,0.7405640
0.1614580,0.7466358
0.1615400,0.7523197
0.1616220,0.7617823
0.1617040,0.7528478
0.1617860,0.7532388
0.1618680,0.7476208
0.1619500,0.7485297
0.1620320,0.7381455
0.1621140,0.7616864
0.1621960,0.7618696
0.1622780,0.7344339
0.1623600,0.7460331
0.1624420,0.7376212
0.1625240,0.7498949
0.1626060,0.7478454
0.1626880,0.7478703
0.1627700,0.7432429
0.1628520,0.7461362
0.1629340,0.7474151
0.1630160,0.7425927
0.1630980,0.7430165
0.1631800,0.7569726
0.1632620,0.7510045
0.1633440,0.7508699
0.1634260,0.7519065
0.1635080,0.7551392
0.1635900,0.7552432
0.1636720,0.7455399
0.1637540,0.7505511
0.1638360,0.7509790
0.1639180,0.7522105
0.1640000,0.7530052
0.1640820,0.7523884
0.1641640,0.7477191
0.1642460,0.7606530
0.1643280,0.7663921
0.1644100,0.7667323
0.1644920,0.7668775
0.1645740,0.7470625
0.1646560,0.7528539
0.1647380,0.7366772
0.1648200,0.7642771
0.1649020,0.7458488
0.1649840,0.7460367
0.1650660,0.7491170
0.1651480,0.7493386
0.1652300,0.7539934
0.1653120,0.7484850
0.1653940,0.7489858
0.1654760,0.7560450
0.1655580,0.7528944
0.1656400,0.7603008
0.1657220,0.7411301
0.1658040,0.7548088
0.1658860,0.7550833
0.1659680,0.7572712
0.1660500,0.7530752
0.1661320,0.7561198
0.1662140,0.7473857
0.1662960,0.7476027
0.1663780,0.7609339
0.1664600,0.7504704
0.1665420,0.7496123
0.1666240,0.7492021
0.1667060,0.7453488
0.1667880,0.7460023
0.1668700,0.7463412
0.1669520,0.7469432
0.1670340,0.7451351
0.1671160,0.7522319
0.1671980,0.7526077
0.1672800,0.7556966
0.1673620,0.7504707
0.1674440,0.7647735
0.1675260,0.7487147
0.1676080,0.7630048
0.1676900,0.7630435
0.1677720,0.7601813
0.1678540,0.7554562
0.1679360,0.7625744
0.1680180,0.7648958
0.1681000,0.7571583
0.1681820,0.7566396
0.1682640,0.7561858
0.1683460,0.7481604
0.1684280,0.7497327
0.1685100,0.7648461
0.1685920,0.7652291
0.1686740,0.7544743
0.1687560,0.7626505
0.1688380,0.7648524
0.1689200,0.7550722
0.1690020,0.7687005
0.1690840,0.7689858
0.1691660,0.7637206
0.1692480,0.7570534
0.1693300,0.7566771
0.1694120,0.7623428
0.1694940,0.7626420
0.1695760,0.7552678
0.1696580,0.7461465
0.1697400,0.7548787
0.1698220,0.7564788
0.1699040,0.7552685
0.1699860,0.7553637
0.1700680,0.7516500
0.1701500,0.7514843
0.1702320,0.7578249
0.1703140,0.7709368
0.1703960,0.7713142
0.1704780,0.7739525
0.1705600,0.7540433
0.1706420,0.7525191
0.1707240,0.7640272
0.1708060,0.7602617
0.1708880,0.7609193
0.1709700,0.7641811
0.1710520,0.7793675
0.1711340,0.7622578
0.1712160,0.7560375
0.1712980,0.7565016
0.1713800,0.7548583
0.1714620,0.7588795
0.1715440,0.7509375
0.1716260,0.7470685
0.1717080,0.7566976
0.1717900,0.7570019
0.1718720,0.7542686
0.1719540,0.7644550
0.1720360,0.7522996
0.1721180,0.7549434
0.1722000,0.7513074
0.1722820,0.7518258
0.1723640,0.7659959
0.1724460,0.7618071
0.1725280,0.7662150
0.1726100,0.7501240
0.1726920,0.7498734
0.1727740,0.7565259
0.1728560,0.7633226
0.1729380,0.7624396
0.1730200,0.7699502
0.1731020,0.7535929
0.1731840,0.7539267
0.1732660,0.7513718
0.1733480,0.7519929
0.1734300,0.7533513
0.1735120,0.7567241
0.1735940,0.7570142
0.1736760,0.7524459
0.1737580,0.7504208
0.1738400,0.7592825
0.1739220,0.7562544
0.1740040,0.7735959
0.1740860,0.7733673
0.1741680,0.7625399
0.1742500,0.7529368
0.1743320,0.7496289
0.1744140,0.7604059
0.1744960,0.7607011
0.1745780,0.7650863
0.1746600,0.7612910
0.1747420,0.7626868
0.1748240,0.7725721
0.1749060,0.7661537
0.1749880,0.7668432
0.1750700,0.7624811
0.1751520,0.7675235
0.1752340,0.7547781
0.1753160,0.7558579
0.1753980,0.7559724
0.1754800,0.7580749
0.1755620,0.7582088
0.1756440,0.7537568
0.1757260,0.7700981
0.1758080,0.7618629
0.1758900,0.7617031
0.1759720,0.7704067
0.1760540,0.7533642
0.1761360,0.7597353
0.1762180,0.7603338
0.1763000,0.7690915
0.1763820,0.7694881
0.1764640,0.7718953
0.1765460,0.7657531
0.1766280,0.7606815
0.1767100,0.7699542
0.1767920,0.7703109
0.1768740,0.7699995
0.1769560,0.7584646
0.1770380,0.7601635
0.1771200,0.7663469
0.1772020,0.7615393
0.1772840,0.7615824
0.1773660,0.7622755
0.1774480,0.7506028
0.1775300,0.7454154
0.1776120,0.7692838
0.1776940,0.7693120
0.1777760,0.7709800
0.1778580,0.7695879
0.1779400,0.7746067
0.1780220,0.7678052
0.1781040,0.7659519
0.1781860,0.7663235
0.1782680,0.7524132
0.1783500,0.7574093
0.1784320,0.7532300
0.1785140,0.7512718
0.1785960,0.7512609
0.1786780,0.7619255
0.1787600,0.7528523
0.1788420,0.7616151
0.1789240,0.7594810
0.1790060,0.7594576
0.1790880,0.7593045
0.1791700,0.7620846
0.1792520,0.7588334
0.1793340,0.7661091
0.1794160,0.7619715
0.1794980,0.7624477
0.1795800,0.7545956
0.1796620,0.7692684
0.1797440,0.7657407
0.1798260,0.7668836
0.1799080,0.7601549
0.1799900,0.7602934
0.1800720,0.7630280
0.1801540,0.7618859
0.1802360,0.7720841
0.1803180,0.7646612
0.1804000,0.7545588
0.1804820,0.7547124
0.1805640,0.7514372
0.1806460,0.7665214
0.1807280,0.7570032
0.1808100,0.7522191
0.1808920,0.7524217
0.1809740,0.7584118
0.1810560,0.7593496
0.1811380,0.7757219
0.1812200,0.7767307
0.1813020,0.7784047
0.1813840,0.7784182
0.1814660,0.7710725
0.1815480,0.7724259
0.1816300,0.7828461
0.1817120,0.7658354
0.1817940,0.7658569
0.1818760,0.7694821
0.1819580,0.7654015
0.1820400,0.7623489
0.1821220,0.7699363
0.1822040,0.7648799
0.1822860,0.7654846
0.1823680,0.7758321
0.1824500,0.7702811
0.1825320,0.7674006
0.1826140,0.7620648
0.1826960,0.7624619
0.1827780,0.7563640
0.1828600,0.7645609
0.1829420,0.7761441
0.1830240,0.7699817
0.1831060,0.7665967
0.1831880,0.7666767
0.1832700,0.7707444
0.1833520,0.7630433
0.1834340,0.7646130
0.1835160,0.7667079
0.1835980,0.7670152
0.1836800,0.7630330
0.1837620,0.7709498
0.1838440,0.7630303
0.1839260,0.7677589
0.1840080,0.7802435
0.1840900,0.7805896
0.1841720,0.7752571
0.1842540,0.7643843
0.1843360,0.7747366
0.1844180,0.7688353
0.1845000,0.7720391
0.1845820,0.7721071
0.1846640,0.7631424
0.1847460,0.7754396
0.1848280,0.7676553
0.1849100,0.7696382
0.1849920,0.7699596
0.1850740,0.7613440
0.1851560,0.7696826
0.1852380,0.7697205
0.1853200,0.7803738
0.1854020,0.7631715
0.1854840,0.7630830
0.1855660,0.7693104
0.1856480,0.7667856
0.1857300,0.7681230
0.1858120,0.7680288
0.1858940,0.7684838
0.1859760,0.7650862
0.1860580,0.7707176
0.1861400,0.7668895
0.1862220,0.7643549
0.1863040,0.7848182
0.1863860,0.7852424
0.1864680,0.7701606
0.1865500,0.7752820
0.1866320,0.7704600
0.1867140,0.7730170
0.1867960,0.7733644
0.1868780,0.7627979
0.1869600,0.7806598
0.1870420,0.7636325
0.1871240,0.7796856
0.1872060,0.7736375
0.1872880,0.7738432
0.1873700,0.7759362
0.1874520,0.7723066
0.1875340,0.7749200
0.1876160,0.7833511
0.1876980,0.7833711
0.1877800,0.7865418
0.1878620,0.7853945
0.1879440,0.7696988
0.1880260,0.7744271
0.1881080,0.7631747
0.1881900,0.7632142
0.1882720,0.7674912
0.1883540,0.7704891
0.1884360,0.7865477
0.1885180,0.7856913
0.1886000,0.7836025
0.1886820,0.7837535
0.1887640,0.7797121
0.1888460,0.7778684
0.1889280,0.7721886
0.1890100,0.7769742
0.1890920,0.7769084
0.1891740,0.7834191
0.1892560,0.7807444
0.1893380,0.7787997
0.1894200,0.7781671
0.1895020,0.7826764
0.1895840,0.7824865
0.1896660,0.7831574
0.1897480,0.7782455
0.1898300,0.7721943
0.1899120,0.7843447
0.1899940,0.7851453
0.1900760,0.7967481
0.1901580,0.7851917
0.1902400,0.7820924
0.1903220,0.7781479
0.1904040,0.7722148
0.1904860,0.7726854
0.1905680,0.7820055
0.1906500,0.7856395
0.1907320,0.7741209
0.1908140,0.7748536
0.1908960,0.7748572
0.1909780,0.7851011
0.1910600,0.7917431
0.1911420,0.7828710
0.1912240,0.7806644
0.1913060,0.7755792
0.1913880,0.7758605
0.1914700,0.7720161
0.1915520,0.7742259
0.1916340,0.7780175
0.1917160,0.7827151
0.1917980,0.7827736
0.1918800,0.7669863
0.1919620,0.7781951
0.1920440,0.7768776
0.1921260,0.7800855
0.1922080,0.7765561
0.1922900,0.7768803
0.1923720,0.7855763
0.1924540,0.7946892
0.1925360,0.7822762
0.1926180,0.7835784
0.1927000,0.7798192
0.1927820,0.7798550
0.1928640,0.7793259
0.1929460,0.7853920
0.1930280,0.7852715
0.1931100,0.7761101
0.1931920,0.7762024
0.1932740,0.7723858
0.1933560,0.7893541
0.1934380,0.7904847
0.1935200,0.7781478
0.1936020,0.7775186
0.1936840,0.7778761
0.1937660,0.7824246
0.1938480,0.7777291
0.1939300,0.7795638
0.1940120,0.7749393
0.1940940,0.7752745
0.1941760,0.7843803
0.1942580,0.7787084
0.1943400,0.7884980
0.1944220,0.7771817
0.1945040,0.7849407
0.1945860,0.7850961
0.1946680,0.7783033
0.1947500,0.7933940
0.1948320,0.7893451
0.1949140,0.7935710
0.1949960,0.7936977
0.1950780,0.7860002
0.1951600,0.7906602
0.1952420,0.7887850
0.1953240,0.7700259
0.1954060,0.7693687
0.1954880,0.7696276
0.1955700,0.7799176
0.1956520,0.7842866
0.1957340,0.7793280
0.1958160,0.7873400
0.1958980,0.7874964
0.1959800,0.7899209
0.1960620,0.7806916
0.1961440,0.7813840
0.1962260,0.7773793
0.1963080,0.7813254
0.1963900,0.7813442
0.1964720,0.7837437
0.1965540,0.7840512
0.1966360,0.7765111
0.1967180,0.7782378
0.1968000,0.7810087
0.1968820,0.7815251
0.1969640,0.7829835
0.1970460,0.7807046
0.1971280,0.7855944
0.1972100,0.7841326
0.1972920,0.7844682
0.1973740,0.7928766
0.1974560,0.7909046
0.1975380,0.7828421
0.1976200,0.7815029
0.1977020,0.7872417
0.1977840,0.7876519
0.1978660,0.7773065
0.1979480,0.7758254
0.1980300,0.7737940
0.1981120,0.7928141
0.1981940,0.7929854
0.1982760,0.7818480
0.1983580,0.7860603
0.1984400,0.7751217
0.1985220,0.7832219
0.1986040,0.7909573
0.1986860,0.7913333
0.1987680,0.7900928
0.1988500,0.7939776
0.1989320,0.7997079
0.1990140,0.7821301
0.1990960,0.7824375
0.1991780,0.7880187
0.1992600,0.7891492
0.1993420,0.7898694
0.1994240,0.7801934
0.1995060,0.7929424
0.1995880,0.7928177
0.1996700,0.7761439
0.1997520,0.7894123
0.1998340,0.7993285
0.1999160,0.7972116
0.1999980,0.7967946
0.2000800,0.7895554
0.2001620,0.7780703
0.2002440,0.7798691
0.2003260,0.7888314
0.2004080,0.7710391
0.2004900,0.7714880
0.2005720,0.7818582
0.2006540,0.7956233
0.2007360,0.7938644
0.2008180,0.7913853
0.2009000,0.7905856
0.2009820,0.7910402
0.2010640,0.7869301
0.2011460,0.7778136
0.2012280,0.7943595
0.2013100,0.8061221
0.2013920,0.8068336
0.2014740,0.7968829
0.2015560,0.7864014
0.2016380,0.8054356
0.2017200,0.7824124
0.2018020,0.7775002
0.2018840,0.7780099
0.2019660,0.7830653
0.2020480,0.7932707
0.2021300,0.7875402
0.2022120,0.7977620
0.2022940,0.7983334
0.2023760,0.8121974
0.2024580,0.7894803
0.2025400,0.7912263
0.2026220,0.7915281
0.2027040,0.7924534
0.2027860,0.7923123
0.2028680,0.7852314
0.2029500,0.7930632
0.2030320,0.8066258
0.2031140,0.8006266
0.2031960,0.8006035
0.2032780,0.7873224
0.2033600,0.7932625
0.2034420,0.7981272
0.2035240,0.7991308
0.2036060,0.8059187
0.2036880,0.8061482
0.2037700,0.8134600
0.2038520,0.8046502
0.2039340,0.8007695
0.2040160,0.7995485
0.2040980,0.7997791
0.2041800,0.8130587
0.2042620,0.8019558
0.2043440,0.8060132
0.2044260,0.8162293
0.2045080,0.8140779
0.2045900,0.8144261
0.2046720,0.8070089
0.2047540,0.8129462
0.2048360,0.7931948
0.2049180,0.8000937
0.2050000,0.8006162
0.2050820,0.8004594
0.2051640,0.7952548
0.2052460,0.7903625
0.2053280,0.8063729
0.2054100,0.8084898
0.2054920,0.8091561
0.2055740,0.8173097
0.2056560,0.8121670
0.2057380,0.8066581
0.2058200,0.8128428
0.2059020,0.8158694
0.2059840,0.8158482
0.2060660,0.7972359
0.2061480,0.8013721
0.2062300,0.8027402
0.2063120,0.8127382
0.2063940,0.8128997
0.2064760,0.8151137
0.2065580,0.8162662
0.2066400,0.8103530
0.2067220,0.7984428
0.2068040,0.7997340
0.2068860,0.8003177
0.2069680,0.8095974
0.2070500,0.8088926
0.2071320,0.7944067
0.2072140,0.7999050
0.2072960,0.8001226
0.2073780,0.7935982
0.2074600,0.7995301
0.2075420,0.7995029
0.2076240,0.8057714
0.2077060,0.8030270
0.2077880,0.8033160
0.2078700,0.8114981
0.2079520,0.8164742
0.2080340,0.8116532
0.2081160,0.8071393
0.2081980,0.8071256
0.2082800,0.8099736
0.2083620,0.8041036
0.2084440,0.8088206
0.2085260,0.8113493
0.2086080,0.8056833
0.2086900,0.8059535
0.2087720,0.8173770
0.2088540,0.8059145
0.2089360,0.8065132
0.2090180,0.8121352
0.2091000,0.8004436
0.2091820,0.8009707
0.2092640,0.8094738
0.2093460,0.8044975
0.2094280,0.8011046
0.2095100,0.7995972
0.2095920,0.7997380
0.2096740,0.8142106
0.2097560,0.8206168
0.2098380,0.8111771
0.2099200,0.8149858
0.2100020,0.7933743
0.2100840,0.7939685
0.2101660,0.7889614
0.2102480,0.7942798
0.2103300,0.8034048
0.2104120,0.8020640
0.2104940,0.8022145
0.2105760,0.8179309
0.2106580,0.8179950
0.2107400,0.8116354
0.2108220,0.8108365
0.2109040,0.8118963
0.2109860,0.8119123
0.2110680,0.8217403
0.2111500,0.8152263
0.2112320,0.8178219
0.2113140,0.8214680
0.2113960,0.8214893
0.2114780,0.8123521
0.2115600,0.8177944
0.2116420,0.8189502
0.2117240,0.8083536
0.2118060,0.8080181
0.2118880,0.8079435
0.2119700,0.8111391
0.2120520,0.8049115
0.2121340,0.8083204
0.2122160,0.8105424
0.2122980,0.8104279
0.2123800,0.8178519
0.2124620,0.8101135
0.2125440,0.7952587
0.2126260,0.8068933
0.2127080,0.8002016
0.2127900,0.8005939
0.2128720,0.8028308
0.2129540,0.8059793
0.2130360,0.7999037
0.2131180,0.8047620
0.2132000,0.8206347
0.2132820,0.8209096
0.2133640,0.8178554
0.2134460,0.7995120
0.2135280,0.8077983
0.2136100,0.8009127
0.2136920,0.8009119
0.2137740,0.8052724
0.2138560,0.8062792
0.2139380,0.8110136
0.2140200,0.8166062
0.2141020,0.8131608
0.2141840,0.8129292
0.2142660,0.8005367
0.2143480,0.8139665
0.2144300,0.8107207
0.2145120,0.8061009
0.2145940,0.8058495
0.2146760,0.8145019
0.2147580,0.8165618
0.2148400,0.8140482
0.2149220,0.8051446
0.2150040,0.8043398
0.2150860,0.8044749
0.2151680,0.8039781
0.2152500,0.8029968
0.2153320,0.8050126
0.2154140,0.8130718
0.2154960,0.8132811
0.2155780,0.8068251
0.2156600,0.8126268
0.2157420,0.8068961
0.2158240,0.8255965
0.2159060,0.8108965
0.2159880,0.8111305
0.2160700,0.8127137
0.2161520,0.8243024
0.2162340,0.8099721
0.2163160,0.8086219
0.2163980,0.8087175
0.2164800,0.8074536
0.2165620,0.8087917
0.2166440,0.8088737
0.2167260,0.8095918
0.2168080,0.8188370
0.2168900,0.8192968
0.2169720,0.8159603
0.2170540,0.8240669
0.2171360,0.8236084
0.2172180,0.8140230
0.2173000,0.8116425
0.2173820,0.8120619
0.2174640,0.8202875
0.2175460,0.8133835
0.2176280,0.8169567
0.2177100,0.8158832
0.2177920,0.8157858
0.2178740,0.8099974
0.2179560,0.8079211
0.2180380,0.8086806
0.2181200,0.7989395
0.2182020,0.8075180
0.2182840,0.8078596
0.2183660,0.8058234
0.2184480,0.8070763
0.2185300,0.8130723
0.2186120,0.8156594
0.2186940,0.8160606
0.2187760,0.8099662
0.2188580,0.8242645
0.2189400,0.8217383
0.2190220,0.8176318
0.2191040,0.8195395
0.2191860,0.8194523
0.2192680,0.8208485
0.2193500,0.8072244
0.2194320,0.8127075
0.2195140,0.8087214
0.2195960,0.8088017
0.2196780,0.8027599
0.2197600,0.8042907
0.2198420,0.7968919
0.2199240,0.8074066
0.2200060,0.8070507
0.2200880,0.8074043
0.2201700,0.8050853
0.2202520,0.8107685
0.2203340,0.7981974
0.2204160,0.8081917
0.2204980,0.8082373
0.2205800,0.8145397
0.2206620,0.8108190
0.2207440,0.8075614
0.2208260,0.8127198
0.2209080,0.8147776
0.2209900,0.8150623
0.2210720,0.8083863
0.2211540,0.8089940
0.2212360,0.8141633
0.2213180,0.8121084
0.2214000,0.8116444
0.2214820,0.8119526
0.2215640,0.8177951
0.2216460,0.8168625
0.2217280,0.8049618
0.2218100,0.8132926
0.2218920,0.8134006
0.2219740,0.8215037
0.2220560,0.8069231
0.2221380,0.8107475
0.2222200,0.8002987
0.2223020,0.8108277
0.2223840,0.8107850
0.2224660,0.8077902
0.2225480,0.8055813
0.2226300,0.8067454
0.2227120,0.8037776
0.2227940,0.8041202
0.2228760,0.8146837
0.2229580,0.8205299
0.2230400,0.8114500
0.2231220,0.8144734
0.2232040,0.8071368
0.2232860,0.8074849
0.2233680,0.8098876
0.2234500,0.8086801
0.2235320,0.8128034
0.2236140,0.8037351
0.2236960,0.8040256
0.2237780,0.8020189
0.2238600,0.8173806
0.2239420,0.8156584
0.2240240,0.8256359
0.2241060,0.8220093
0.2241880,0.8223621
0.2242700,0.8124953
0.2243520,0.8231572
0.2244340,0.8232111
0.2245160,0.8270692
0.2245980,0.8276488
0.2246800,0.8133343
0.2247620,0.8136947
0.2248440,0.8005058
0.2249260,0.8153138
0.2250080,0.8176911
0.2250900,0.8179176
0.2251720,0.8222563
0.2252540,0.8227568
0.2253360,0.8123725
0.2254180,0.8060930
0.2255000,0.8157686
0.2255820,0.8156747
0.2256640,0.8093662
0.2257460,0.8134537
0.2258280,0.8156942
0.2259100,0.8123370
0.2259920,0.8125869
0.2260740,0.8315383
0.2261560,0.8132712
0.2262380,0.8125673
0.2263200,0.8153123
0.2264020,0.8201131
0.2264840,0.8198663
0.2265660,0.8175347
0.2266480,0.8153611
0.2267300,0.8112382
0.2268120,0.8052092
0.2268940,0.8052202
0.2269760,0.8125341
0.2270580,0.8090319
0.2271400,0.8158880
0.2272220,0.8054747
0.2273040,0.8112094
0.2273860,0.8110301
0.2274680,0.8256581
0.2275500,0.8030589
0.2276320,0.8103189
0.2277140,0.8146554
0.2277960,0.8148637
0.2278780,0.8111546
0.2279600,0.8008018
0.2280420,0.8015547
0.2281240,0.8158874
0.2282060,0.8069288
0.2282880,0.8068955
0.2283700,0.8120628
0.2284520,0.8141338
0.2285340,0.8223133
0.2286160,0.8220410
0.2286980,0.8226096
0.2287800,0.8263163
0.2288620,0.8139242
0.2289440,0.8112593
0.2290260,0.8100860
0.2291080,0.8051458
0.2291900,0.8051713
0.2292720,0.8195787
0.2293540,0.8208240
0.2294360,0.8162387
0.2295180,0.8219190
0.2296000,0.8080564
0.2296820,0.8078913
0.2297640,0.8100579
0.2298460,0.8095103
0.2299280,0.8136302
0.2300100,0.8096844
0.2300920,0.8098600
0.2301740,0.8123134
0.2302560,0.8067042
0.2303380,0.8131304
0.2304200,0.8196576
0.2305020,0.8189668
0.2305840,0.8196167
0.2306660,0.8026625
0.2307480,0.8093603
0.2308300,0.8156294
0.2309120,0.8183814
0.2309940,0.8187012
0.2310760,0.8036227
0.2311580,0.8019993
0.2312400,0.8131289
0.2313220,0.7952121
0.2314040,0.8070037
0.2314860,0.8070888
0.2315680,0.8072940
0.2316500,0.8005820
0.2317320,0.8069933
0.2318140,0.8081940
0.2318960,0.8081779
0.2319780,0.8166475
0.2320600,0.8225926
0.2321420,0.8231643
0.2322240,0.8136083
0.2323060,0.8166793
0.2323880,0.8165428
0.2324700,0.8139600
0.2325520,0.8058633
0.2326340,0.8181695
0.2327160,0.8080263
0.2327980,0.8079486
0.2328800,0.8026378
0.2329620,0.8016600
0.2330440,0.8120582
0.2331260,0.8042080
0.2332080,0.7925885
0.2332900,0.7926099
0.2333720,0.8023899
0.2334540,0.8056866
0.2335360,0.8061886
0.2336180,0.8042704
0.2337000,0.8048476
0.2337820,0.8056143
0.2338640,0.7987527
0.2339460,0.8042299
0.2340280,0.8082406
0.2341100,0.8156316
0.2341920,0.8158528
0.2342740,0.8170741
0.2343560,0.8149005
0.2344380,0.8118812
0.2345200,0.8131927
0.2346020,0.8057722
0.2346840,0.8054322
0.2347660,0.7999028
0.2348480,0.8155877
0.2349300,0.8158566
0.2350120,0.8133542
0.2350940,0.8135675
0.2351760,0.8120120
0.2352580,0.8106451
0.2353400,0.8109521
0.2354220,0.8161409
0.2355040,0.8001318
0.2355860,0.8002102
0.2356680,0.8113379
0.2357500,0.8173220
0.2358320,0.8183675
0.2359140,0.8083775
0.2359960,0.8079228
0.2360780,0.8043341
0.2361600,0.8056586
0.2362420,0.8055381
0.2363240,0.8012356
0.2364060,0.7921245
0.2364880,0.7922885
0.2365700,0.7995230
0.2366520,0.8029232
0.2367340,0.7932447
0.2368160,0.7955360
0.2368980,0.7949017
0.2369800,0.8030139
0.2370620,0.8038523
0.2371440,0.8013241
0.2372260,0.7988738
0.2373080,0.7993427
0.2373900,0.7994542
0.2374720,0.8028503
0.2375540,0.8139627
0.2376360,0.7953712
0.2377180,0.8120069
0.2378000,0.8093345
0.2378820,0.8100035
0.2379640,0.8100234
0.2380460,0.8006842
0.2381280,0.8140641
0.2382100,0.8025569
0.2382920,0.8030126
0.2383740,0.8085187
0.2384560,0.8037875
0.2385380,0.8146557
0.2386200,0.8066857
0.2387020,0.8137492
0.2387840,0.8141695
0.2388660,0.8158488
0.2389480,0.8116133
0.2390300,0.8122186
0.2391120,0.8179003
0.2391940,0.8177532
0.2392760,0.8105666
0.2393580,0.8162120
0.2394400,0.8229939
0.2395220,0.7979489
0.2396040,0.7943069
0.2396860,0.7941421
0.2397680,0.8020922
0.2398500,0.8053839
0.2399320,0.8164844
0.2400140,0.8103249
0.2400960,0.8106355
0.2401780,0.8046604
0.2402600,0.8224410
0.2403420,0.8150010
0.2404240,0.8068773
0.2405060,0.8080617
0.2405880,0.8088898
0.2406700,0.8078078
0.2407520,0.8013380
0.2408340,0.8059012
0.2409160,0.8121321
0.2409980,0.8122356
0.2410800,0.8168988
0.2411620,0.8156653
0.2412440,0.8105551
0.2413260,0.8162187
0.2414080,0.8116774
0.2414900,0.8118826
0.2415720,0.8257908
0.2416540,0.8141916
0.2417360,0.8137623
0.2418180,0.8070489
0.2419000,0.8152276
0.2419820,0.8155998
0.2420640,0.8256131
0.2421460,0.8166319
0.2422280,0.8340307
0.2423100,0.8288151
0.2423920,0.8287825
0.2424740,0.8242555
0.2425560,0.8244854
0.2426380,0.8082271
0.2427200,0.8147098
0.2428020,0.8140829
0.2428840,0.8142113
0.2429660,0.8149307
0.2430480,0.8080321
0.2431300,0.8019556
0.2432120,0.8127594
0.2432940,0.8133556
0.2433760,0.8210037
0.2434580,0.8113483
0.2435400,0.8235192
0.2436220,0.8267770
0.2437040,0.8188349
0.2437860,0.8188257
0.2438680,0.8193402
0.2439500,0.8132304
0.2440320,0.8180581
0.2441140,0.8154426
0.2441960,0.8158811
0.2442780,0.8191884
0.2443600,0.8218994
0.2444420,0.8227712
0.2445240,0.8197505
0.2446060,0.8173803
0.2446880,0.8174963
0.2447700,0.8234706
0.2448520,0.8208353
0.2449340,0.8271530
0.2450160,0.8260859
0.2450980,0.8265881
0.2451800,0.8291116
0.2452620,0.8179301
0.2453440,0.8224654
0.2454260,0.8327037
0.2455080,0.8247880
0.2455900,0.8246154
0.2456720,0.8333434
0.2457540,0.8209985
0.2458360,0.8185035
0.2459180,0.8220531
0.2460000,0.8295609
0.2460820,0.8293885
0.2461640,0.8188698
0.2462460,0.8182327
0.2463280,0.8333108
0.2464100,0.8221628
0.2464920,0.8228800
0.2465740,0.8201820
0.2466560,0.8249805
0.2467380,0.8337583
0.2468200,0.8376766
0.2469020,0.8301312
0.2469840,0.8302885
0.2470660,0.8231289
0.2471480,0.8440271
0.2472300,0.8433542
0.2473120,0.8219667
0.2473940,0.8222099
0.2474760,0.8197804
0.2475580,0.8205317
0.2476400,0.8257873
0.2477220,0.8237272
0.2478040,0.8290546
0.2478860,0.8293124
0.2479680,0.8309886
0.2480500,0.8202130
0.2481320,0.8248590
0.2482140,0.8278437
0.2482960,0.8277866
0.2483780,0.8183406
0.2484600,0.8196184
0.2485420,0.8280331
0.2486240,0.8332104
0.2487060,0.8348504
0.2487880,0.8350940
0.2488700,0.8236317
0.2489520,0.8262651
0.2490340,0.8327667
0.2491160,0.8300605
0.2491980,0.8305618
0.2492800,0.8276300
0.2493620,0.8333422
0.2494440,0.8256640
0.2495260,0.8128853
0.2496080,0.8238242
0.2496900,0.8239142
0.2497720,0.8198946
0.2498540,0.8229816
0.2499360,0.8255360
0.2500180,0.8160462
0.2501000,0.8139531
0.2501820,0.8139003
0.2502640,0.8179139
0.2503460,0.8279528
0.2504280,0.8284046
0.2505100,0.8269100
0.2505920,0.8274783
0.2506740,0.8138115
0.2507560,0.8182151
0.2508380,0.8211909
0.2509200,0.8175855
0.2510020,0.8255291
0.2510840,0.8256753
0.2511660,0.8362235
0.2512480,0.8206984
0.2513300,0.8176649
0.2514120,0.8235932
0.2514940,0.8238473
0.2515760,0.8178874
0.2516580,0.8380058
0.2517400,0.8246776
0.2518220,0.8163767
0.2519040,0.8258960
0.2519860,0.8260296
0.2520680,0.8305943
0.2521500,0.8227136
0.2522320,0.8153867
0.2523140,0.8185028
0.2523960,0.8185657
0.2524780,0.8152459
0.2525600,0.8236812
0.2526420,0.8170187
0.2527240,0.8245353
0.2528060,0.8191091
0.2528880,0.8192530
0.2529700,0.8196552
0.2530520,0.8361062
0.2531340,0.8225339
0.2532160,0.8231896
0.2532980,0.8229614
0.2533800,0.8411099
0.2534620,0.8372048
0.2535440,0.8214953
0.2536260,0.8351422
0.2537080,0.8343338
0.2537900,0.8346486
0.2538720,0.8286411
0.2539540,0.8386486
0.2540360,0.8325636
0.2541180,0.8265051
0.2542000,0.8268952
0.2542820,0.8269961
0.2543640,0.8356031
0.2544460,0.8273164
0.2545280,0.8308356
0.2546100,0.8270251
0.2546920,0.8274136
0.2547740,0.8140686
0.2548560,0.8139894
0.2549380,0.8114813
0.2550200,0.8214830
0.2551020,0.8263669
0.2551840,0.8267746
0.2552660,0.8289101
0.2553480,0.8220196
0.2554300,0.8300121
0.2555120,0.8218422
0.2555940,0.8222265
0.2556760,0.8270083
0.2557580,0.8193283
0.2558400,0.8262663
0.2559220,0.8220638
0.2560040,0.8285930
0.2560860,0.8285980
0.2561680,0.8326632
0.2562500,0.8192260
0.2563320,0.8204983
0.2564140,0.8126866
0.2564960,0.8127803
0.2565780,0.8168699
0.2566600,0.8198238
0.2567420,0.8249148
0.2568240,0.8289925
0.2569060,0.8204653
0.2569880,0.8207934
0.2570700,0.8298873
0.2571520,0.8326876
0.2572340,0.8253866
0.2573160,0.8303682
0.2573980,0.8307797
0.2574800,0.8288014
0.2575620,0.8199719
0.2576440,0.8212105
0.2577260,0.8317503
0.2578080,0.8229131
0.2578900,0.8228733
0.2579720,0.8196803
0.2580540,0.8296252
0.2581360,0.8211997
0.2582180,0.8199173
0.2583000,0.8174272
0.2583820,0.8178193
0.2584640,0.8278745
0.2585460,0.8245271
0.2586280,0.8235127
0.2587100,0.8289621
0.2587920,0.8295290
0.2588740,0.8294724
0.2589560,0.8292990
0.2590380,0.8285676
0.2591200,0.8335859
0.2592020,0.8148711
0.2592840,0.8149366
0.2593660,0.8165126
0.2594480,0.8418943
0.2595300,0.8391735
0.2596120,0.8309700
0.2596940,0.8310507
0.2597760,0.8235919
0.2598580,0.8210097
0.2599400,0.8211783
0.2600220,0.8214498
0.2601040,0.8225112
0.2601860,0.8223479
0.2602680,0.8335510
0.2603500,0.8337005
0.2604320,0.8297856
0.2605140,0.8153473
0.2605960,0.8156301
0.2606780,0.8188958
0.2607600,0.8293731
0.2608420,0.8273167
0.2609240,0.8249800
0.2610060,0.8283282
0.2610880,0.8285661
0.2611700,0.8171062
0.2612520,0.8177980
0.2613340,0.8151297
0.2614160,0.8122519
0.2614980,0.8127650
0.2615800,0.8143078
0.2616620,0.8176410
0.2617440,0.8314529
0.2618260,0.8151641
0.2619080,0.8113881
0.2619900,0.8115528
0.2620720,0.8211392
0.2621540,0.8174211
0.2622360,0.8171824
0.2623180,0.8137187
0.2624000,0.8076788
0.2624820,0.8075544
0.2625640,0.8104965
0.2626460,0.8053747
0.2627280,0.8118239
0.2628100,0.8140804
0.2628920,0.8142891
0.2629740,0.7999961
0.2630560,0.8276419
0.2631380,0.8209010
0.2632200,0.8140803
0.2633020,0.8150015
0.2633840,0.8152959
0.2634660,0.8076923
0.2635480,0.8223400
0.2636300,0.8152899
0.2637120,0.8232107
0.2637940,0.8233774
0.2638760,0.8276862
0.2639580,0.8240706
0.2640400,0.8249704
0.2641220,0.8194485
0.2642040,0.8253753
0.2642860,0.8259540
0.2643680,0.8214780
0.2644500,0.8264224
0.2645320,0.8224570
0.2646140,0.8241797
0.2646960,0.8244230
0.2647780,0.8287270
0.2648600,0.8314809
0.2649420,0.8251240
0.2650240,0.8176424
0.2651060,0.8199671
0.2651880,0.8204363
0.2652700,0.8206354
0.2653520,0.8355352
0.2654340,0.8260966
0.2655160,0.8409501
0.2655980,0.8415392
0.2656800,0.8321720
0.2657620,0.8362759
0.2658440,0.8261724
0.2659260,0.8240659
0.2660080,0.8215782
0.2660900,0.8216830
0.2661720,0.8315784
0.2662540,0.8259054
0.2663360,0.8320521
0.2664180,0.8191797
0.2665000,0.8222940
0.2665820,0.8223617
0.2666640,0.8247645
0.2667460,0.8189317
0.2668280,0.8291885
0.2669100,0.8274841
0.2669920,0.8280380
0.2670740,0.8353429
0.2671560,0.8346591
0.2672380,0.8344295
0.2673200,0.8408553
0.2674020,0.8389634
0.2674840,0.8393127
0.2675660,0.8320649
0.2676480,0.8237686
0.2677300,0.8251218
0.2678120,0.8394251
0.2678940,0.8399749
0.2679760,0.8271717
0.2680580,0.8240142
0.2681400,0.8318433
0.2682220,0.8286831
0.2683040,0.8190677
0.2683860,0.8191260
0.2684680,0.8321884
0.2685500,0.8282785
0.2686320,0.8390852
0.2687140,0.8348239
0.2687960,0.8346401
0.2688780,0.8354392
0.2689600,0.8343874
0.2690420,0.8278136
0.2691240,0.8353378
0.2692060,0.8392644
0.2692880,0.8394247
0.2693700,0.8271130
0.2694520,0.8353254
0.2695340,0.8386556
0.2696160,0.8364951
0.2696980,0.8370586
0.2697800,0.8356657
0.2698620,0.8285320
0.2699440,0.8337279
0.2700260,0.8329632
0.2701080,0.8292148
0.2701900,0.8287655
0.2702720,0.8211704
0.2703540,0.8200420
0.2704360,0.8141209
0.2705180,0.8188940
0.2706000,0.8207092
0.2706820,0.8210724
0.2707640,0.8322281
0.2708460,0.8367951
0.2709280,0.8390016
0.2710100,0.8264879
0.2710920,0.8266497
0.2711740,0.8354226
0.2712560,0.8358288
0.2713380,0.8376408
0.2714200,0.8365286
0.2715020,0.8319281
0.2715840,0.8322174
0.2716660,0.8339416
0.2717480,0.8300328
0.2718300,0.8319368
0.2719120,0.8399696
0.2719940,0.8399988
0.2720760,0.8231587
0.2721580,0.8269120
0.2722400,0.8318924
0.2723220,0.8293607
0.2724040,0.8270624
0.2724860,0.8276200
0.2725680,0.8275277
0.2726500,0.8229914
0.2727320,0.8278906
0.2728140,0.8264115
0.2728960,0.8266436
0.2729780,0.8256002
0.2730600,0.8394593
0.2731420,0.8231338
0.2732240,0.8264320
0.2733060,0.8371804
0.2733880,0.8373660
0.2734700,0.8314221
0.2735520,0.8344147
0.2736340,0.8304617
0.2737160,0.8251437
0.2737980,0.8254889
0.2738800,0.8270725
0.2739620,0.8289941
0.2740440,0.8371306
0.2741260,0.8436589
0.2742080,0.8461237
0.2742900,0.8462276
0.2743720,0.8414344
0.2744540,0.8231683
0.2745360,0.8231574
0.2746180,0.8289079
0.2747000,0.8343523
0.2747820,0.8349571
0.2748640,0.8461046
0.2749460,0.8362845
0.2750280,0.8469571
0.2751100,0.8471479
0.2751920,0.8472971
0.2752740,0.8428396
0.2753560,0.8438979
0.2754380,0.8442394
0.2755200,0.8316522
0.2756020,0.8324792
0.2756840,0.8334837
0.2757660,0.8372456
0.2758480,0.8380481
0.2759300,0.8267946
0.2760120,0.8326337
0.2760940,0.8327486
0.2761760,0.8320517
0.2762580,0.8285706
0.2763400,0.8453272
0.2764220,0.8347393
0.2765040,0.8380022
0.2765860,0.8380028
0.2766680,0.8408587
0.2767500,0.8363361
0.2768320,0.8313039
0.2769140,0.8385043
0.2769960,0.8385703
0.2770780,0.8363472
0.2771600,0.8361286
0.2772420,0.8353141
0.2773240,0.8311499
0.2774060,0.8257382
0.2774880,0.8254118
0.2775700,0.8351626
0.2776520,0.8331435
0.2777340,0.8376433
0.2778160,0.8239778
0.2778980,0.8244402
0.2779800,0.8255653
0.2780620,0.8230924
0.2781440,0.8326466
0.2782260,0.8431755
0.2783080,0.8329971
0.2783900,0.8331665
0.2784720,0.8363636
0.2785540,0.8380526
0.2786360,0.8302489
0.2787180,0.8235141
0.2788000,0.8183468
0.2788820,0.8181102
0.2789640,0.8256216
0.2790460,0.8343141
0.2791280,0.8213413
0.2792100,0.8391881
0.2792920,0.8398193
0.2793740,0.8401278
0.2794560,0.8347968
0.2795380,0.8376071
0.2796200,0.8351089
0.2797020,0.8377012
0.2797840,0.8378261
0.2798660,0.8334989
0.2799480,0.8298522
0.2800300,0.8358826
0.2801120,0.8381765
0.2801940,0.8383948
0.2802760,0.8502568
0.2803580,0.8432498
0.2804400,0.8326356
0.2805220,0.8376340
0.2806040,0.8264840
0.2806860,0.8268490
0.2807680,0.8180666
0.2808500,0.8278046
0.2809320,0.8220348
0.2810140,0.8314235
0.2810960,0.8311286
0.2811780,0.8317979
0.2812600,0.8293994
0.2813420,0.8333989
0.2814240,0.8270969
0.2815060,0.8318171
0.2815880,0.8319890
0.2816700,0.8390712
0.2817520,0.8321642
0.2818340,0.8410750
0.2819160,0.8362127
0.2819980,0.8362438
0.2820800,0.8420632
0.2821620,0.8381270
0.2822440,0.8436998
0.2823260,0.8346398
0.2824080,0.8354656
0.2824900,0.8355722
0.2825720,0.8394832
0.2826540,0.8468378
0.2827360,0.8322779
0.2828180,0.8345936
0.2829000,0.8313236
0.2829820,0.8309455
0.2830640,0.8329285
0.2831460,0.8318311
0.2832280,0.8332480
0.2833100,0.8317772
0.2833920,0.8322728
0.2834740,0.8447050
0.2835560,0.8372634
0.2836380,0.8516135
0.2837200,0.8474598
0.2838020,0.8553617
0.2838840,0.8556122
0.2839660,0.8649370
0.2840480,0.8497731
0.2841300,0.8508026
0.2842120,0.8507561
0.2842940,0.8507849
0.2843760,0.8383652
0.2844580,0.8686382
0.2845400,0.8475749
0.2846220,0.8409722
0.2847040,0.8374663
0.2847860,0.8376964
0.2848680,0.8416951
0.2849500,0.8455433
0.2850320,0.8481132
0.2851140,0.8384473
0.2851960,0.8384052
0.2852780,0.8454880
0.2853600,0.8421358
0.2854420,0.8478706
0.2855240,0.8446449
0.2856060,0.8458803
0.2856880,0.8459703
0.2857700,0.8398150
0.2858520,0.8369787
0.2859340,0.8338088
0.2860160,0.8388151
0.2860980,0.8391967
0.2861800,0.8392499
0.2862620,0.8393337
0.2863440,0.8373576
0.2864260,0.8399749
0.2865080,0.8439678
0.2865900,0.8443036
0.2866720,0.8505185
0.2867540,0.8375284
0.2868360,0.8486306
0.2869180,0.8417740
0.2870000,0.8484643
0.2870820,0.8487470
0.2871640,0.8562439
0.2872460,0.8387131
0.2873280,0.8349601
0.2874100,0.8353990
0.2874920,0.8352675
0.2875740,0.8396259
0.2876560,0.8539933
0.2877380,0.8456894
0.2878200,0.8423780
0.2879020,0.8352276
0.2879840,0.8353298
0.2880660,0.8399505
0.2881480,0.8526786
0.2882300,0.8429467
0.2883120,0.8356507
0.2883940,0.8357578
0.2884760,0.8416285
0.2885580,0.8431866
0.2886400,0.8394805
0.2887220,0.8378637
0.2888040,0.8390300
0.2888860,0.8388758
0.2889680,0.8362190
0.2890500,0.8317585
0.2891320,0.8441221
0.2892140,0.8481792
0.2892960,0.8484173
0.2893780,0.8386212
0.2894600,0.8325893
0.2895420,0.8433352
0.2896240,0.8456441
0.2897060,0.8378860
0.2897880,0.8379701
0.2898700,0.8322164
0.2899520,0.8358773
0.2900340,0.8317863
0.2901160,0.8334242
0.2901980,0.8336791
0.2902800,0.8358088
0.2903620,0.8340997
0.2904440,0.8410589
0.2905260,0.8436422
0.2906080,0.8429495
0.2906900,0.8429937
0.2907720,0.8512048
0.2908540,0.8437844
0.2909360,0.8566156
0.2910180,0.8492969
0.2911000,0.8456147
0.2911820,0.8457999
0.2912640,0.8428328
0.2913460,0.8420390
0.2914280,0.8464432
0.2915100,0.8388802
0.2915920,0.8389556
0.2916740,0.8415404
0.2917560,0.8359726
0.2918380,0.8419216
0.2919200,0.8436510
0.2920020,0.8435889
0.2920840,0.8440074
0.2921660,0.8355741
0.2922480,0.8397347
0.2923300,0.8386953
0.2924120,0.8500308
0.2924940,0.8505268
0.2925760,0.8480330
0.2926580,0.8465423
0.2927400,0.8497752
0.2928220,0.8511230
0.2929040,0.8517439
0.2929860,0.8520443
0.2930680,0.8510046
0.2931500,0.8639859
0.2932320,0.8660947
0.2933140,0.8581413
0.2933960,0.8580156
0.2934780,0.8445545
0.2935600,0.8596002
0.2936420,0.8489213
0.2937240,0.8353116
0.2938060,0.8456004
0.2938880,0.8453474
0.2939700,0.8430208
0.2940520,0.8473871
0.2941340,0.8386613
0.2942160,0.8587677
0.2942980,0.8593271
0.2943800,0.8453827
0.2944620,0.8333701
0.2945440,0.8633268
0.2946260,0.8575723
0.2947080,0.8687364
0.2947900,0.8689889
0.2948720,0.8645220
0.2949540,0.8640586
0.2950360,0.8685076
0.2951180,0.8548422
0.2952000,0.8502509
0.2952820,0.8502195
0.2953640,0.8513397
0.2954460,0.8430341
0.2955280,0.8433662
0.2956100,0.8428283
0.2956920,0.8429350
0.2957740,0.8436866
0.2958560,0.8498383
0.2959380,0.8411946
0.2960200,0.8455330
0.2961020,0.8460257
0.2961840,0.8461830
0.2962660,0.8382881
0.2963480,0.8405815
0.2964300,0.8385966
0.2965120,0.8389159
0.2965940,0.8396245
0.2966760,0.8427652
0.2967580,0.8466949
0.2968400,0.8455873
0.2969220,0.8419614
0.2970040,0.8403546
0.2970860,0.8400762
0.2971680,0.8398911
0.2972500,0.8362786
0.2973320,0.8366248
0.2974140,0.8488373
0.2974960,0.8486893
0.2975780,0.8406178
0.2976600,0.8418783
0.2977420,0.8429991
0.2978240,0.8563200
0.2979060,0.8546844
0.2979880,0.8551517
0.2980700,0.8309341
0.2981520,0.8413331
0.2982340,0.8536303
0.2983160,0.8493810
0.2983980,0.8496461
0.2984800,0.8460679
0.2985620,0.8386564
0.2986440,0.8512211
0.2987260,0.8450851
0.2988080,0.8470844
0.2988900,0.8471678
0.2989720,0.8532815
0.2990540,0.8549910
0.2991360,0.8420926
0.2992180,0.8559342
0.2993000,0.8506069
0.2993820,0.8508567
0.2994640,0.8455398
0.2995460,0.8590077
0.2996280,0.8436569
0.2997100,0.8527385
0.2997920,0.8533014
0.2998740,0.8506159
0.2999560,0.8636676
0.3000380,0.8579585
0.3001200,0.8528656
0.3002020,0.8449622
0.3002840,0.8447463
0.3003660,0.8505493
0.3004480,0.8466791
0.3005300,0.8445546
0.3006120,0.8479562
0.3006940,0.8481897
0.3007760,0.8429305
0.3008580,0.8456874
0.3009400,0.8383793
0.3010220,0.8352061
0.3011040,0.8458907
0.3011860,0.8461254
0.3012680,0.8520941
0.3013500,0.8428936
0.3014320,0.8365992
0.3015140,0.8545461
0.3015960,0.8544352
0.3016780,0.8476513
0.3017600,0.8408894
0.3018420,0.8501481
0.3019240,0.8470253
0.3020060,0.8549864
0.3020880,0.8555325
0.3021700,0.8596507
0.3022520,0.8609396
0.3023340,0.8541425
0.3024160,0.8595245
0.3024980,0.8597197
0.3025800,0.8439646
0.3026620,0.8503354
0.3027440,0.8366337
0.3028260,0.8442778
0.3029080,0.8473097
0.3029900,0.8478751
0.3030720,0.8501701
0.3031540,0.8466695
0.3032360,0.8609223
0.3033180,0.8428366
0.3034000,0.8453317
0.3034820,0.8454248
0.3035640,0.8487410
0.3036460,0.8556014
0.3037280,0.8490224
0.3038100,0.8474173
0.3038920,0.8479362
0.3039740,0.8488527
0.3040560,0.8518569
0.3041380,0.8534508
0.3042200,0.8535687
0.3043020,0.8458119
0.3043840,0.8455327
0.3044660,0.8634022
0.3045480,0.8471788
0.3046300,0.8469810
0.3047120,0.8596269
0.3047940,0.8596287
0.3048760,0.8524701
0.3049580,0.8543323
0.3050400,0.8602090
0.3051220,0.8543910
0.3052040,0.8538781
0.3052860,0.8536837
0.3053680,0.8454104
0.3054500,0.8481299
0.3055320,0.8414590
0.3056140,0.8550391
0.3056960,0.8552488
0.3057780,0.8610951
0.3058600,0.8638186
0.3059420,0.8492655
0.3060240,0.8505130
0.3061060,0.8542777
0.3061880,0.8546187
0.3062700,0.8468910
0.3063520,0.8593900
0.3064340,0.8488701
0.3065160,0.8479808
0.3065980,0.8483534
0.3066800,0.8556691
0.3067620,0.8391808
0.3068440,0.8488630
0.3069260,0.8448918
0.3070080,0.8421692
0.3070900,0.8421328
0.3071720,0.8563365
0.3072540,0.8453836
0.3073360,0.8445648
0.3074180,0.8514577
0.3075000,0.8499756
0.3075820,0.8499916
0.3076640,0.8483392
0.3077460,0.8476472
0.3078280,0.8552332
0.3079100,0.8563985
0.3079920,0.8562506
0.3080740,0.8547629
0.3081560,0.8514791
0.3082380,0.8474619
0.3083200,0.8557229
0.3084020,0.8512914
0.3084840,0.8507909
0.3085660,0.8554913
0.3086480,0.8603630
0.3087300,0.8498032
0.3088120,0.8581927
0.3088940,0.8584885
0.3089760,0.8534272
0.3090580,0.8575867
0.3091400,0.8639683
0.3092220,0.8589604
0.3093040,0.8687138
0.3093860,0.8689624
0.3094680,0.8681582
0.3095500,0.8622717
0.3096320,0.8553465
0.3097140,0.8518634
0.3097960,0.8515177
0.3098780,0.8511531
0.3099600,0.8498248
0.3100420,0.8490158
0.3101240,0.8510468
0.3102060,0.8554513
0.3102880,0.8559368
0.3103700,0.8590551
0.3104520,0.8622762
0.3105340,0.8616635
0.3106160,0.8475702
0.3106980,0.8476974
0.3107800,0.8491267
0.3108620,0.8480825
0.3109440,0.8419975
0.3110260,0.8536003
0.3111080,0.8619877
0.3111900,0.8622277
0.3112720,0.8497629
0.3113540,0.8517339
0.3114360,0.8622078
0.3115180,0.8582039
0.3116000,0.8515847
0.3116820,0.8518769
0.3117640,0.8444839
0.3118460,0.8559004
0.3119280,0.8565226
0.3120100,0.8477803
0.3120920,0.8480351
0.3121740,0.8440790
0.3122560,0.8534030
0.3123380,0.8525069
0.3124200,0.8542095
0.3125020,0.8484283
0.3125840,0.8483423
0.3126660,0.8617569
0.3127480,0.8585292
0.3128300,0.8521324
0.3129120,0.8458136
0.3129940,0.8456406
0.3130760,0.8436080
0.3131580,0.8529908
0.3132400,0.8594662
0.3133220,0.8435502
0.3134040,0.8535216
0.3134860,0.8538395
0.3135680,0.8511853
0.3136500,0.8520636
0.3137320,0.8526658
0.3138140,0.8408882
0.3138960,0.8409460
0.3139780,0.8500913
0.3140600,0.8535806
0.3141420,0.8384931
0.3142240,0.8431887
0.3143060,0.8333155
0.3143880,0.8328918
0.3144700,0.8361626
0.3145520,0.8478750
0.3146340,0.8438370
0.3147160,0.8445729
0.3147980,0.8453699
0.3148800,0.8453710
0.3149620,0.8393605
0.3150440,0.8464579
0.3151260,0.8481219
0.3152080,0.8416427
0.3152900,0.8413187
0.3153720,0.8620597
0.3154540,0.8480610
0.3155360,0.8313026
0.3156180,0.8437898
0.3157000,0.8408940
0.3157820,0.8409515
0.3158640,0.8345616
0.3159460,0.8475732
0.3160280,0.8376307
0.3161100,0.8470731
0.3161920,0.8471745
0.3162740,0.8350310
0.3163560,0.8487755
0.3164380,0.8507359
0.3165200,0.8516870
0.3166020,0.8538883
0.3166840,0.8539572
0.3167660,0.8590056
0.3168480,0.8516551
0.3169300,0.8483732
0.3170120,0.8463423
0.3170940,0.8463472
0.3171760,0.8454835
0.3172580,0.8452917
0.3173400,0.8545174
0.3174220,0.8549215
0.3175040,0.8575068
0.3175860,0.8577467
0.3176680,0.8393688
0.3177500,0.8379933
0.3178320,0.8518035
0.3179140,0.8453584
0.3179960,0.8457040
0.3180780,0.8567955
0.3181600,0.8552031
0.3182420,0.8500607
0.3183240,0.8401106
0.3184060,0.8441771
0.3184880,0.8440337
0.3185700,0.8473293
0.3186520,0.8516959
0.3187340,0.8522901
0.3188160,0.8454823
0.3188980,0.8456719
0.3189800,0.8446017
0.3190620,0.8556020
0.3191440,0.8505131
0.3192260,0.8416185
0.3193080,0.8437365
0.3193900,0.8439254
0.3194720,0.8498706
0.3195540,0.8580491
0.3196360,0.8592808
0.3197180,0.8555433
0.3198000,0.8400991
0.3198820,0.8401031
0.3199640,0.8490216
0.3200460,0.8527726
0.3201280,0.8576893
0.3202100,0.8467810
0.3202920,0.8469589
0.3203740,0.8542009
0.3204560,0.8416108
0.3205380,0.8415710
0.3206200,0.8392517
0.3207020,0.8508118
0.3207840,0.8511265
0.3208660,0.8497764
0.3209480,0.8367220
0.3210300,0.8504261
0.3211120,0.8392992
0.3211940,0.8395556
0.3212760,0.8618120
0.3213580,0.8610040
0.3214400,0.8607710
0.3215220,0.8510682
0.3216040,0.8649469
0.3216860,0.8653030
0.3217680,0.8556513
0.3218500,0.8545019
0.3219320,0.8645843
0.3220140,0.8641849
0.3220960,0.8644740
0.3221780,0.8487997
0.3222600,0.8591847
0.3223420,0.8540999
0.3224240,0.8487045
0.3225060,0.8537634
0.3225880,0.8542618
0.3226700,0.8496546
0.3227520,0.8513066
0.3228340,0.8551219
0.3229160,0.8533633
0.3229980,0.8538097
0.3230800,0.8510889
0.3231620,0.8582232
0.3232440,0.8529170
0.3233260,0.8537049
0.3234080,0.8564954
0.3234900,0.8572229
0.3235720,0.8644264
0.3236540,0.8518572
0.3237360,0.8584940
0.3238180,0.8560294
0.3239000,0.8627693
0.3239820,0.8631648
0.3240640,0.8636307
0.3241460,0.8609517
0.3242280,0.8562774
0.3243100,0.8549810
0.3243920,0.8549243
0.3244740,0.8497646
0.3245560,0.8613429
0.3246380,0.8625971
0.3247200,0.8686675
0.3248020,0.8688171
0.3248840,0.8692882
0.3249660,0.8637323
0.3250480,0.8611000
0.3251300,0.8592600
0.3252120,0.8636832
0.3252940,0.8641658
0.3253760,0.8637791
0.3254580,0.8577557
0.3255400,0.8667632
0.3256220,0.8757317
0.3257040,0.8639782
0.3257860,0.8644166
0.3258680,0.8650393
0.3259500,0.8630679
0.3260320,0.8604150
0.3261140,0.8607186
0.3261960,0.8609470
0.3262780,0.8666386
0.3263600,0.8633665
0.3264420,0.8627940
0.3265240,0.8741754
0.3266060,0.8674184
0.3266880,0.8674149
0.3267700,0.8681008
0.3268520,0.8720265
0.3269340,0.8729371
0.3270160,0.8672759
0.3270980,0.8677216
0.3271800,0.8787723
0.3272620,0.8900872
0.3273440,0.8899218
0.3274260,0.8832121
0.3275080,0.8775223
0.3275900,0.8775798
0.3276720,0.8797801
0.3277540,0.8749007
0.3278360,0.8687778
0.3279180,0.8691008
0.3280000,0.8696040
0.3280820,0.8702678
0.3281640,0.8604543
0.3282460,0.8617896
0.3283280,0.8569731
0.3284100,0.8662378
0.3284920,0.8664875
0.3285740,0.8678609
0.3286560,0.8698629
0.3287380,0.8733791
0.3288200,0.8664815
0.3289020,0.8696203
0.3289840,0.8695767
0.3290660,0.8697859
0.3291480,0.8634795
0.3292300,0.8622842
0.3293120,0.8564185
0.3293940,0.8565812
0.3294760,0.8592259
0.3295580,0.8536319
0.3296400,0.8573410
0.3297220,0.8615409
0.3298040,0.8633647
0.3298860,0.8634075
0.3299680,0.8628699
0.3300500,0.8603729
0.3301320,0.8684743
0.3302140,0.8684579
0.3302960,0.8687719
0.3303780,0.8742456
0.3304600,0.8633045
0.3305420,0.8616896
0.3306240,0.8665077
0.3307060,0.8693682
0.3307880,0.8696025
0.3308700,0.8736414
0.3309520,0.8763239
0.3310340,0.8661870
0.3311160,0.8555598
0.3311980,0.8561786
0.3312800,0.8504608
0.3313620,0.8638672
0.3314440,0.8644595
0.3315260,0.8590336
0.3316080,0.8602216
0.3316900,0.8600910
0.3317720,0.8618713
0.3318540,0.8573293
0.3319360,0.8626777
0.3320180,0.8667127
0.3321000,0.8627597
0.3321820,0.8627733
0.3322640,0.8640233
0.3323460,0.8590670
0.3324280,0.8564057
0.3325100,0.8604979
0.3325920,0.8609808
0.3326740,0.8585975
0.3327560,0.8603239
0.3328380,0.8652004
0.3329200,0.8551433
0.3330020,0.8646212
0.3330840,0.8652674
0.3331660,0.8487295
0.3332480,0.8451775
0.3333300,0.8536799
0.3334120,0.8621552
0.3334940,0.8622323
0.3335760,0.8518253
0.3336580,0.8666897
0.3337400,0.8679425
0.3338220,0.8609394
0.3339040,0.8615440
0.3339860,0.8612113
0.3340680,0.8538725
0.3341500,0.8604919
0.3342320,0.8517928
0.3343140,0.8485225
0.3343960,0.8487885
0.3344780,0.8489212
0.3345600,0.8504313
0.3346420,0.8402581
0.3347240,0.8551381
0.3348060,0.8538893
0.3348880,0.8539877
0.3349700,0.8426487
0.3350520,0.8470335
0.3351340,0.8512243
0.3352160,0.8465606
0.3352980,0.8468247
0.3353800,0.8564443
0.3354620,0.8528088
0.3355440,0.8494716
0.3356260,0.8512543
0.3357080,0.8527295
0.3357900,0.8528762
0.3358720,0.8527535
0.3359540,0.8478402
0.3360360,0.8573673
0.3361180,0.8541647
0.3362000,0.8590776
0.3362820,0.8597045
0.3363640,0.8599614
0.3364460,0.8520443
0.3365280,0.8557291
0.3366100,0.8530629
0.3366920,0.8533310
0.3367740,0.8558667
0.3368560,0.8599854
0.3369380,0.8615596
0.3370200,0.8605557
0.3371020,0.8630194
0.3371840,0.8627275
0.3372660,0.8522678
0.3373480,0.8589359
0.3374300,0.8526843
0.3375120,0.8534969
0.3375940,0.8535926
0.3376760,0.8528573
0.3377580,0.8483664
0.3378400,0.8590879
0.3379220,0.8699142
0.3380040,0.8538289
0.3380860,0.8540315
0.3381680,0.8542645
0.3382500,0.8582242
0.3383320,0.8683034
0.3384140,0.8588678
0.3384960,0.8590826
0.3385780,0.8645976
0.3386600,0.8606012
0.3387420,0.8639870
0.3388240,0.8684571
0.3389060,0.8606914
0.3389880,0.8603726
0.3390700,0.8533102
0.3391520,0.8592144
0.3392340,0.8610107
0.3393160,0.8546980
0.3393980,0.8546383
0.3394800,0.8633923
0.3395620,0.8678468
0.3396440,0.8579882
0.3397260,0.8632682
0.3398080,0.8660784
0.3398900,0.8663752
0.3399720,0.8548369
0.3400540,0.8542557
0.3401360,0.8626518
0.3402180,0.8509980
0.3403000,0.8550742
0.3403820,0.8552821
0.3404640,0.8584609
0.3405460,0.8612988
0.3406280,0.8654009
0.3407100,0.8525220
0.3407920,0.8522302
0.3408740,0.8599166
0.3409560,0.8489250
0.3410380,0.8530202
0.3411200,0.8535203
0.3412020,0.8478814
0.3412840,0.8478773
0.3413660,0.8466391
0.3414480,0.8448796
0.3415300,0.8500035
0.3416120,0.8537918
0.3416940,0.8540213
0.3417760,0.8583965
0.3418580,0.8506842
0.3419400,0.8506152
0.3420220,0.8507284
0.3421040,0.8579194
0.3421860,0.8581918
0.3422680,0.8590102
0.3423500,0.8532142
0.3424320,0.8575425
0.3425140,0.8637427
0.3425960,0.8637130
0.3426780,0.8637539
0.3427600,0.8584420
0.3428420,0.8714429
0.3429240,0.8679325
0.3430060,0.8591905
0.3430880,0.8590638
0.3431700,0.8520739
0.3432520,0.8616938
0.3433340,0.8727644
0.3434160,0.8627009
0.3434980,0.8630175
0.3435800,0.8623882
0.3436620,0.8564657
0.3437440,0.8547206
0.3438260,0.8572708
0.3439080,0.8557274
0.3439900,0.8555758
0.3440720,0.8651080
0.3441540,0.8705959
0.3442360,0.8536233
0.3443180,0.8475694
0.3444000,0.8617866
0.3444820,0.8618905
0.3445640,0.8639144
0.3446460,0.8651986
0.3447280,0.8592719
0.3448100,0.8650764
0.3448920,0.8652428
0.3449740,0.8642988
0.3450560,0.8597461
0.3451380,0.8671131
0.3452200,0.8613071
0.3453020,0.8574406
0.3453840,0.8574618
0.3454660,0.8635992
0.3455480,0.8483693
0.3456300,0.8672123
0.3457120,0.8621841
0.3457940,0.8623006
0.3458760,0.8704564
0.3459580,0.8709564
0.3460400,0.8754724
0.3461220,0.8661973
0.3462040,0.8578461
0.3462860,0.8582155
0.3463680,0.8592974
0.3464500,0.8519492
0.3465320,0.8423441
0.3466140,0.8501361
0.3466960,0.8503843
0.3467780,0.8663912
0.3468600,0.8542372
0.3469420,0.8608519
0.3470240,0.8708565
0.3471060,0.8519790
0.3471880,0.8521557
0.3472700,0.8437474
0.3473520,0.8573166
0.3474340,0.8451543
0.3475160,0.8590005
0.3475980,0.8592295
0.3476800,0.8513953
0.3477620,0.8481973
0.3478440,0.8519543
0.3479260,0.8552327
0.3480080,0.8587006
0.3480900,0.8585342
0.3481720,0.8517180
0.3482540,0.8416855
0.3483360,0.8470629
0.3484180,0.8542008
0.3485000,0.8494189
0.3485820,0.8501410
0.3486640,0.8444399
0.3487460,0.8490578
0.3488280,0.8718231
0.3489100,0.8624925
0.3489920,0.8630329
0.3490740,0.8648526
0.3491560,0.8554586
0.3492380,0.8600219
0.3493200,0.8525770
0.3494020,0.8646754
0.3494840,0.8646908
0.3495660,0.8680952
0.3496480,0.8649460
0.3497300,0.8453067
0.3498120,0.8446297
0.3498940,0.8444896
0.3499760,0.8533578
0.3500580,0.8665165
0.3501400,0.8610404
0.3502220,0.8524326
0.3503040,0.8632276
0.3503860,0.8636167
0.3504680,0.8572517
0.3505500,0.8600331
0.3506320,0.8518185
0.3507140,0.8571925
0.3507960,0.8578641
0.3508780,0.8553324
0.3509600,0.8572514
0.3510420,0.8576192
0.3511240,0.8556389
0.3512060,0.8664398
0.3512880,0.8665749
0.3513700,0.8677955
0.3514520,0.8631834
0.3515340,0.8721455
0.3516160,0.8610492
0.3516980,0.8608031
0.3517800,0.8512490
0.3518620,0.8657801
0.3519440,0.8514961
0.3520260,0.8586596
0.3521080,0.8606606
0.3521900,0.8606539
0.3522720,0.8521741
0.3523540,0.8538096
0.3524360,0.8509400
0.3525180,0.8620565
0.3526000,0.8554316
0.3526820,0.8556655
0.3527640,0.8568947
0.3528460,0.8441272
0.3529280,0.8538941
0.3530100,0.8578354
0.3530920,0.8584478
0.3531740,0.8502574
0.3532560,0.8517255
0.3533380,0.8623154
0.3534200,0.8540217
0.3535020,0.8563899
0.3535840,0.8565349
0.3536660,0.8519068
0.3537480,0.8666201
0.3538300,0.8605325
0.3539120,0.8493559
0.3539940,0.8496891
0.3540760,0.8565641
0.3541580,0.8486987
0.3542400,0.8560089
0.3543220,0.8581450
0.3544040,0.8581200
0.3544860,0.8581199
0.3545680,0.8597371
0.3546500,0.8461495
0.3547320,0.8495120
0.3548140,0.8535709
0.3548960,0.8533024
0.3549780,0.8526693
0.3550600,0.8628902
0.3551420,0.8513601
0.3552240,0.8543329
0.3553060,0.8493454
0.3553880,0.8495711
0.3554700,0.8460407
0.3555520,0.8518521
0.3556340,0.8703479
0.3557160,0.8657475
0.3557980,0.8658767
0.3558800,0.8591248
0.3559620,0.8577778
0.3560440,0.8549913
0.3561260,0.8536772
0.3562080,0.8484288
0.3562900,0.8489853
0.3563720,0.8523043
0.3564540,0.8659772
0.3565360,0.8553795
0.3566180,0.8557328
0.3567000,0.8456237
0.3567820,0.8457664
0.3568640,0.8498153
0.3569460,0.8562814
0.3570280,0.8508612
0.3571100,0.8620584
0.3571920,0.8622288
0.3572740,0.8511862
0.3573560,0.8545625
0.3574380,0.8611827
0.3575200,0.8546372
0.3576020,0.8684420
0.3576840,0.8686092
0.3577660,0.8673543
0.3578480,0.8652821
0.3579300,0.8588363
0.3580120,0.8509172
0.3580940,0.8511040
0.3581760,0.8543905
0.3582580,0.8553597
0.3583400,0.8585016
0.3584220,0.8579914
0.3585040,0.8453089
0.3585860,0.8457751
0.3586680,0.8443061
0.3587500,0.8494265
0.3588320,0.8550242
0.3589140,0.8600148
0.3589960,0.8604009
0.3590780,0.8551218
0.3591600,0.8686406
0.3592420,0.8564533
0.3593240,0.8617786
0.3594060,0.8657966
0.3594880,0.8658278
0.3595700,0.8567093
0.3596520,0.8568896
0.3597340,0.8510075
0.3598160,0.8647515
0.3598980,0.8650482
0.3599800,0.8563554
0.3600620,0.8702466
0.3601440,0.8673039
0.3602260,0.8571137
0.3603080,0.8535109
0.3603900,0.8535210
0.3604720,0.8615370
0.3605540,0.8596718
0.3606360,0.8558754
0.3607180,0.8689327
0.3608000,0.8658475
0.3608820,0.8656392
0.3609640,0.8447046
0.3610460,0.8504908
0.3611280,0.8676988
0.3612100,0.8604244
0.3612920,0.8604940
0.3613740,0.8580114
0.3614560,0.8639226
0.3615380,0.8580554
0.3616200,0.8637142
0.3617020,0.8623835
0.3617840,0.8630041
0.3618660,0.8633428
0.3619480,0.8629008
0.3620300,0.8612870
0.3621120,0.8599720
0.3621940,0.8596365
0.3622760,0.8647697
0.3623580,0.8706809
0.3624400,0.8610647
0.3625220,0.8689069
0.3626040,0.8857561
0.3626860,0.8860557
0.3627680,0.8841875
0.3628500,0.8724900
0.3629320,0.8643691
0.3630140,0.8631704
0.3630960,0.8632965
0.3631780,0.8737601
0.3632600,0.8667285
0.3633420,0.8709058
0.3634240,0.8688097
0.3635060,0.8610886
0.3635880,0.8613428
0.3636700,0.8675120
0.3637520,0.8704047
0.3638340,0.8678038
0.3639160,0.8664382
0.3639980,0.8663702
0.3640800,0.8713399
0.3641620,0.8717955
0.3642440,0.8735142
0.3643260,0.8771357
0.3644080,0.8813763
0.3644900,0.8817811
0.3645720,0.8663637
0.3646540,0.8736006
0.3647360,0.8704266
0.3648180,0.8624487
0.3649000,0.8707525
0.3649820,0.8709004
0.3650640,0.8650893
0.3651460,0.8649798
0.3652280,0.8664513
0.3653100,0.8621871
0.3653920,0.8626298
0.3654740,0.8716467
0.3655560,0.8498506
0.3656380,0.8697687
0.3657200,0.8634333
0.3658020,0.8592024
0.3658840,0.8594774
0.3659660,0.8654428
0.3660480,0.8662774
0.3661300,0.8720086
0.3662120,0.8724249
0.3662940,0.8727488
0.3663760,0.8654692
0.3664580,0.8720517
0.3665400,0.8618240
0.3666220,0.8707513
0.3667040,0.8614878
0.3667860,0.8619819
0.3668680,0.8663602
0.3669500,0.8720714
0.3670320,0.8720272
0.3671140,0.8659433
0.3671960,0.8662460
0.3672780,0.8586257
0.3673600,0.8599391
0.3674420,0.8702664
0.3675240,0.8757335
0.3676060,0.8671765
0.3676880,0.8675886
0.3677700,0.8708393
0.3678520,0.8694896
0.3679340,0.8643231
0.3680160,0.8810854
0.3680980,0.8812104
0.3681800,0.8743533
0.3682620,0.8570113
0.3683440,0.8637001
0.3684260,0.8717422
0.3685080,0.8733652
0.3685900,0.8735977
0.3686720,0.8711960
0.3687540,0.8635955
0.3688360,0.8620296
0.3689180,0.8646565
0.3690000,0.8717506
0.3690820,0.8719174
0.3691640,0.8652175
0.3692460,0.8670750
0.3693280,0.8670441
0.3694100,0.8660568
0.3694920,0.8660704
0.3695740,0.8697091
0.3696560,0.8651618
0.3697380,0.8618852
0.3698200,0.8694361
0.3699020,0.8755441
0.3699840,0.8759448
0.3700660,0.8757337
0.3701480,0.8551505
0.3702300,0.8646762
0.3703120,0.8563801
0.3703940,0.8564179
0.3704760,0.8588220
0.3705580,0.8710179
0.3706400,0.8663012
0.3707220,0.8553750
0.3708040,0.8612235
0.3708860,0.8616719
0.3709680,0.8558015
0.3710500,0.8491721
0.3711320,0.8616638
0.3712140,0.8661737
0.3712960,0.8665185
0.3713780,0.8613062
0.3714600,0.8587879
0.3715420,0.8731349
0.3716240,0.8735423
0.3717060,0.8698837
0.3717880,0.8699301
0.3718700,0.8730804
0.3719520,0.8724083
0.3720340,0.8615683
0.3721160,0.8640944
0.3721980,0.8639164
0.3722800,0.8585509
0.3723620,0.8618539
0.3724440,0.8586233
0.3725260,0.8660005
0.3726080,0.8662766
0.3726900,0.8661274
0.3727720,0.8714939
0.3728540,0.8655983
0.3729360,0.8645582
0.3730180,0.8609974
0.3731000,0.8602273
0.3731820,0.8604658
0.3732640,0.8595618
0.3733460,0.8611404
0.3734280,0.8544055
0.3735100,0.8610131
0.3735920,0.8611392
0.3736740,0.8570044
0.3737560,0.8599347
0.3738380,0.8643927
0.3739200,0.8614545
0.3740020,0.8644517
0.3740840,0.8644771
0.3741660,0.8752804
0.3742480,0.8591515
0.3743300,0.8642500
0.3744120,0.8679117
0.3744940,0.8681337
0.3745760,0.8626887
0.3746580,0.8608989
0.3747400,0.8556380
0.3748220,0.8594497
0.3749040,0.8644051
0.3749860,0.8643477
0.3750680,0.8550165
0.3751500,0.8568634
0.3752320,0.8518309
0.3753140,0.8544729
0.3753960,0.8548292
0.3754780,0.8528693
0.3755600,0.8568911
0.3756420,0.8661634
0.3757240,0.8552461
0.3758060,0.8415847
0.3758880,0.8417363
0.3759700,0.8522654
0.3760520,0.8504590
0.3761340,0.8490646
0.3762160,0.8547502
0.3762980,0.8546115
0.3763800,0.8432286
0.3764620,0.8586162
0.3765440,0.8548654
0.3766260,0.8457549
0.3767080,0.8404382
0.3767900,0.8407216
0.3768720,0.8403710
0.3769540,0.8446550
0.3770360,0.8504518
0.3771180,0.8540421
0.3772000,0.8618446
0.3772820,0.8626559
0.3773640,0.8566241
0.3774460,0.8491182
0.3775280,0.8554902
0.3776100,0.8629992
0.3776920,0.8637311
0.3777740,0.8601127
0.3778560,0.8519147
0.3779380,0.8643909
0.3780200,0.8630118
0.3781020,0.8675558
0.3781840,0.8675417
0.3782660,0.8761439
0.3783480,0.8659449
0.3784300,0.8674649
0.3785120,0.8665655
0.3785940,0.8664500
0.3786760,0.8662706
0.3787580,0.8544786
0.3788400,0.8604215
0.3789220,0.8560497
0.3790040,0.8620891
0.3790860,0.8620893
0.3791680,0.8509549
0.3792500,0.8483545
0.3793320,0.8579316
0.3794140,0.8605393
0.3794960,0.8607716
0.3795780,0.8569874
0.3796600,0.8675808
0.3797420,0.8606299
0.3798240,0.8604187
0.3799060,0.8532561
0.3799880,0.8532939
0.3800700,0.8517625
0.3801520,0.8508599
0.3802340,0.8571431
0.3803160,0.8598068
0.3803980,0.8601196
0.3804800,0.8648924
0.3805620,0.8677576
0.3806440,0.8574618
0.3807260,0.8620738
0.3808080,0.8565612
0.3808900,0.8568306
0.3809720,0.8570573
0.3810540,0.8643330
0.3811360,0.8674698
0.3812180,0.8663248
0.3813000,0.8675140
0.3813820,0.8679412
0.3814640,0.8672311
0.3815460,0.8712076
0.3816280,0.8606730
0.3817100,0.8574120
0.3817920,0.8576669
0.3818740,0.8534775
0.3819560,0.8453469
0.3820380,0.8463397
0.3821200,0.8576768
0.3822020,0.8621669
0.3822840,0.8628968
0.3823660,0.8587116
0.3824480,0.8631024
0.3825300,0.8621216
0.3826120,0.8465737
0.3826940,0.8464859
0.3827760,0.8477965
0.3828580,0.8466165
0.3829400,0.8517015
0.3830220,0.8542810
0.3831040,0.8651465
0.3831860,0.8652871
0.3832680,0.8516205
0.3833500,0.8552730
0.3834320,0.8589374
0.3835140,0.8562032
0.3835960,0.8560212
0.3836780,0.8502012
0.3837600,0.8663804
0.3838420,0.8566794
0.3839240,0.8566514
0.3840060,0.8628829
0.3840880,0.8632040
0.3841700,0.8652771
0.3842520,0.8660183
0.3843340,0.8649287
0.3844160,0.8633774
0.3844980,0.8635622
0.3845800,0.8658737
0.3846620,0.8680057
0.3847440,0.8606470
0.3848260,0.8556738
0.3849080,0.8709455
0.3849900,0.8713957
0.3850720,0.8609139
0.3851540,0.8717392
0.3852360,0.8653759
0.3853180,0.8695074
0.3854000,0.8777964
0.3854820,0.8778596
0.3855640,0.8735733
0.3856460,0.8707993
0.3857280,0.8484944
0.3858100,0.8635898
0.3858920,0.8638308
0.3859740,0.8640804
0.3860560,0.8740298
0.3861380,0.8629142
0.3862200,0.8594521
0.3863020,0.8566803
0.3863840,0.8565447
0.3864660,0.8503128
0.3865480,0.8558421
0.3866300,0.8665230
0.3867120,0.8529859
0.3867940,0.8531050
0.3868760,0.8594031
0.3869580,0.8577899
0.3870400,0.8582808
0.3871220,0.8507604
0.3872040,0.8492776
0.3872860,0.8495063
0.3873680,0.8586122
0.3874500,0.8583867
0.3875320,0.8664574
0.3876140,0.8526851
0.3876960,0.8527503
0.3877780,0.8593996
0.3878600,0.8617326
0.3879420,0.8642678
0.3880240,0.8654159
0.3881060,0.8543469
0.3881880,0.8544943
0.3882700,0.8583311
0.3883520,0.8687677
0.3884340,0.8571793
0.3885160,0.8519331
0.3885980,0.8518746
0.3886800,0.8598564
0.3887620,0.8582419
0.3888440,0.8614603
0.3889260,0.8623029
0.3890080,0.8530534
0.3890900,0.8533695
0.3891720,0.8531223
0.3892540,0.8631962
0.3893360,0.8573730
0.3894180,0.8603634
0.3895000,0.8462784
0.3895820,0.8468047
0.3896640,0.8536844
0.3897460,0.8576808
0.3898280,0.8596250
0.3899100,0.8586576
0.3899920,0.8584823
0.3900740,0.8531949
0.3901560,0.8616247
0.3902380,0.8540638
0.3903200,0.8593251
0.3904020,0.8603181
0.3904840,0.8602606
0.3905660,0.8550040
0.3906480,0.8665367
0.3907300,0.8672259
0.3908120,0.8587708
0.3908940,0.8591098
0.3909760,0.8524034
0.3910580,0.8663981
0.3911400,0.8694714
0.3912220,0.8580989
0.3913040,0.8578541
0.3913860,0.8577772
0.3914680,0.8549294
0.3915500,0.8527674
0.3916320,0.8612712
0.3917140,0.8629591
0.3917960,0.8628785
0.3918780,0.8768984
0.3919600,0.8735460
0.3920420,0.8755711
0.3921240,0.8650845
0.3922060,0.8523911
0.3922880,0.8522525
0.3923700,0.8549957
0.3924520,0.8639194
0.3925340,0.8567340
0.3926160,0.8580669
0.3926980,0.8581642
0.3927800,0.8598627
0.3928620,0.8562015
0.3929440,0.8589408
0.3930260,0.8604601
0.3931080,0.8474228
0.3931900,0.8475816
0.3932720,0.8599079
0.3933540,0.8658017
0.3934360,0.8616970
0.3935180,0.8635704
0.3936000,0.8527296
0.3936820,0.8527152
0.3937640,0.8642923
0.3938460,0.8592115
0.3939280,0.8521180
0.3940100,0.8631468
0.3940920,0.8627940
0.3941740,0.8631234
0.3942560,0.8617525
0.3943380,0.8701372
0.3944200,0.8599544
0.3945020,0.8633889
0.3945840,0.8631096
0.3946660,0.8671052
0.3947480,0.8579569
0.3948300,0.8599347
0.3949120,0.8634698
0.3949940,0.8638826
0.3950760,0.8514553
0.3951580,0.8619072
0.3952400,0.8787838
0.3953220,0.8615751
0.3954040,0.8598931
0.3954860,0.8597908
0.3955680,0.8569845
0.3956500,0.8594339
0.3957320,0.8612173
0.3958140,0.8627801
0.3958960,0.8628987
0.3959780,0.8575476
0.3960600,0.8586036
0.3961420,0.8726993
0.3962240,0.8639662
0.3963060,0.8687391
0.3963880,0.8693666
0.3964700,0.8632210
0.3965520,0.8555007
0.3966340,0.8581203
0.3967160,0.8592633
0.3967980,0.8593039
0.3968800,0.8530473
0.3969620,0.8561810
0.3970440,0.8621394
0.3971260,0.8701008
0.3972080,0.8555951
0.3972900,0.8555506
0.3973720,0.8533345
0.3974540,0.8617212
0.3975360,0.8615542
0.3976180,0.8578440
0.3977000,0.8657976
0.3977820,0.8663836
0.3978640,0.8615484
0.3979460,0.8605938
0.3980280,0.8685919
0.3981100,0.8680717
0.3981920,0.8680325
0.3982740,0.8681119
0.3983560,0.8725874
0.3984380,0.8744231
0.3985200,0.8797168
0.3986020,0.8822985
0.3986840,0.8830459
0.3987660,0.8650354
0.3988480,0.8695559
0.3989300,0.8765583
0.3990120,0.8695748
0.3990940,0.8696633
0.3991760,0.8623761
0.3992580,0.8666375
0.3993400,0.8674569
0.3994220,0.8612881
0.3995040,0.8619046
0.3995860,0.8619791
0.3996680,0.8581987
0.3997500,0.8562617
0.3998320,0.8588067
0.3999140,0.8632698
0.3999960,0.8636256
0.4000780,0.8543709
0.4001600,0.8777431
0.4002420,0.8769334
0.4003240,0.8648541
0.4004060,0.8672871
0.4004880,0.8672707
0.4005700,0.8717872
0.4006520,0.8638852
0.4007340,0.8587676
0.4008160,0.8669703
0.4008980,0.8670213
0.4009800,0.8765308
0.4010620,0.8723827
0.4011440,0.8664216
0.4012260,0.8683200
0.4013080,0.8598047
0.4013900,0.8600916
0.4014720,0.8636785
0.4015540,0.8709946
0.4016360,0.8708604
0.4017180,0.8638603
0.4018000,0.8563281
0.4018820,0.8561149
0.4019640,0.8596347
0.4020460,0.8586175
0.4021280,0.8617111
0.4022100,0.8609944
0.4022920,0.8610742
0.4023740,0.8637020
0.4024560,0.8629104
0.4025380,0.8510151
0.4026200,0.8671043
0.4027020,0.8482452
0.4027840,0.8485136
0.4028660,0.8646373
0.4029480,0.8678586
0.4030300,0.8663825
0.4031120,0.8612103
0.4031940,0.8615102
0.4032760,0.8653737
0.4033580,0.8680623
0.4034400,0.8702030
0.4035220,0.8677309
0.4036040,0.8691748
0.4036860,0.8694980
0.4037680,0.8784561
0.4038500,0.8759675
0.4039320,0.8633784
0.4040140,0.8657981
0.4040960,0.8658085
0.4041780,0.8655583
0.4042600,0.8788059
0.4043420,0.8831468
0.4044240,0.8713182
0.4045060,0.8702680
0.4045880,0.8700270
0.4046700,0.8603646
0.4047520,0.8519636
0.4048340,0.8638888
0.4049160,0.8538194
0.4049980,0.8543258
0.4050800,0.8531242
0.4051620,0.8559156
0.4052440,0.8644222
0.4053260,0.8717859
0.4054080,0.8636165
0.4054900,0.8640911
0.4055720,0.8569955
0.4056540,0.8593713
0.4057360,0.8631316
0.4058180,0.8680310
0.4059000,0.8559108
0.4059820,0.8558445
0.4060640,0.8631934
0.4061460,0.8729049
0.4062280,0.8708432
0.4063100,0.8623764
0.4063920,0.8622714
0.4064740,0.8690847
0.4065560,0.8700095
0.4066380,0.8694844
0.4067200,0.8627640
0.4068020,0.8750192
0.4068840,0.8751478
0.4069660,0.8698809
0.4070480,0.8589792
0.4071300,0.8476073
0.4072120,0.8523846
0.4072940,0.8526078
0.4073760,0.8713603
0.4074580,0.8633505
0.4075400,0.8644063
0.4076220,0.8571384
0.4077040,0.8706456
0.4077860,0.8707695
0.4078680,0.8667761
0.4079500,0.8629279
0.4080320,0.8682594
0.4081140,0.8754743
0.4081960,0.8753518
0.4082780,0.8587220
0.4083600,0.8744744
0.4084420,0.8670029
0.4085240,0.8664516
0.4086060,0.8653248
0.4086880,0.8653521
0.4087700,0.8587643
0.4088520,0.8593258
0.4089340,0.8630517
0.4090160,0.8575133
0.4090980,0.8572540
0.4091800,0.8611608
0.4092620,0.8715344
0.4093440,0.8637310
0.4094260,0.8694197
0.4095080,0.8722720
0.4095900,0.8724849
0.4096720,0.8608869
0.4097540,0.8680353
0.4098360,0.8705150
0.4099180,0.8597541
0.4100000,0.8658121
