,Energy Transfer (meV),f_surf,f_core,1/N_surf,1/N_core,1/N_total
0,0.04136006262249528,0.5763698891957616,0.423630515276291,0.00011559357299734135,5.90772139185916e-05,3.90960982093987e-05
1,0.08272012524499056,0.5764201367193037,0.42358036969232016,0.00011559357299734135,5.90772139185916e-05,3.90960982093987e-05
2,0.12408018786748584,0.5765008818248027,0.4234997932521457,0.00011559357299734135,5.90772139185916e-05,3.90960982093987e-05
3,0.16544025048998112,0.5766077882158531,0.42339312041428795,0.00011559357299734135,5.90772139185916e-05,3.90960982093987e-05
4,0.2068003131124764,0.5767351074464503,0.4232660970796416,0.00011559357299734135,5.90772139185916e-05,3.90960982093987e-05
5,0.24816037573497168,0.5768759840005749,0.42312557554412267,0.00011559357299734135,5.90772139185916e-05,3.90960982093987e-05
6,0.28952043835746694,0.5770228225812001,0.4229791472558532,0.00011559357299734135,5.90772139185916e-05,3.90960982093987e-05
7,0.33088050097996224,0.5771676988530005,0.42283473213516143,0.00011559357299734135,5.90772139185916e-05,3.90960982093987e-05
8,0.37224056360245755,0.5773027913699145,0.42270014672691186,0.00011559357299734135,5.90772139185916e-05,3.90960982093987e-05
9,0.4136006262249528,0.5774208100355531,0.42258267583755865,0.00011559357299734135,5.90772139185916e-05,3.90960982093987e-05
10,0.4549606888474481,0.5775153957200627,0.4224886730306303,0.00011559357299734135,5.90772139185916e-05,3.90960982093987e-05
11,0.49632075146994337,0.5775814669927788,0.42242321401796495,0.00011559357299734135,5.90772139185916e-05,3.90960982093987e-05
12,0.5376808140924386,0.5776154934606895,0.42238982345090104,0.00011559357299734135,5.90772139185916e-05,3.90960982093987e-05
13,0.5790408767149339,0.5776156807305125,0.4223902900874517,0.00011559357299734135,5.90772139185916e-05,3.90960982093987e-05
14,0.6204009393374292,0.5775820589932796,0.4224245783293625,0.00011559357299734135,5.90772139185916e-05,3.90960982093987e-05
15,0.6617610019599245,0.5775164748630806,0.42249083649146457,0.00011559357299734135,5.90772139185916e-05,3.90960982093987e-05
16,0.7031210645824197,0.5774224934625285,0.42258549480490915,0.00011559357299734135,5.90772139185916e-05,3.90960982093987e-05
17,0.7444811272049151,0.5773052239737358,0.4227034399320793,0.00011559357299734135,5.90772139185916e-05,3.90960982093987e-05
18,0.7858411898274104,0.5771710863095674,0.4228382483366467,0.00011559357299734135,5.90772139185916e-05,3.90960982093987e-05
19,0.8272012524499056,0.5770275388657543,0.4229824585482317,0.00011559357299734135,5.90772139185916e-05,3.90960982093987e-05
20,0.868561315072401,0.5768827874898853,0.42312786218779685,0.00011559357299734135,5.90772139185916e-05,3.90960982093987e-05
21,0.9099213776948962,0.5767454941407346,0.4232657952833016,0.00011559357299734135,5.90772139185916e-05,3.90960982093987e-05
22,0.9512814403173915,0.576624500705531,0.4233874144124951,0.00011559357299734135,5.90772139185916e-05,3.90960982093987e-05
23,0.9926415029398867,0.5765285796686835,0.4234839459836188,0.00011559357299734135,5.90772139185916e-05,3.90960982093987e-05
24,1.034001565562382,0.5764662193387017,0.42354690095169684,0.00011559357299734135,5.90772139185916e-05,3.90960982093987e-05
25,1.0753616281848772,0.5764454475945766,0.4235682510135614,0.00011559357299734135,5.90772139185916e-05,3.90960982093987e-05
26,1.1167216908073725,0.5764736949213107,0.4235405655146436,0.00011559357299734135,5.90772139185916e-05,3.90960982093987e-05
27,1.1580817534298677,0.5765576950354614,0.4234571107699496,0.00011559357299734135,5.90772139185916e-05,3.90960982093987e-05
28,1.1994418160523632,0.5767034196916837,0.42331191520972394,0.00011559357299734135,5.90772139185916e-05,3.90960982093987e-05
29,1.2408018786748585,0.5769160432557962,0.42309980476532005,0.00011559357299734135,5.90772139185916e-05,3.90960982093987e-05
30,1.2821619412973537,0.5771999322129993,0.4228164133275139,0.00011559357299734135,5.90772139185916e-05,3.90960982093987e-05
31,1.323522003919849,0.5775586548093241,0.4224581730786571,0.00011559357299734135,5.90772139185916e-05,3.90960982093987e-05
32,1.3648820665423442,0.5779950063599,0.4220222891650952,0.00011559357299734135,5.90772139185916e-05,3.90960982093987e-05
33,1.4062421291648395,0.5785110462701836,0.4215067026626235,0.00011559357299734135,5.90772139185916e-05,3.90960982093987e-05
34,1.447602191787335,0.5791081434060127,0.42091004519861736,0.00011559357299734135,5.90772139185916e-05,3.90960982093987e-05
35,1.4889622544098302,0.5797870270379116,0.42023158800413984,0.00011559357299734135,5.90772139185916e-05,3.90960982093987e-05
36,1.5303223170323255,0.580547841126511,0.41947118762829866,0.00011559357299734135,5.90772139185916e-05,3.90960982093987e-05
37,1.5716823796548207,0.5813902001808309,0.4186292300821979,0.00011559357299734135,5.90772139185916e-05,3.90960982093987e-05
38,1.613042442277316,0.5823132452990035,0.4177065748019171,0.00011559357299734135,5.90772139185916e-05,3.90960982093987e-05
39,1.6544025048998112,0.5833156992942958,0.4167044995268928,0.00011559357299734135,5.90772139185916e-05,3.90960982093987e-05
40,1.6957625675223067,0.5843959200279225,0.4156246469715629,0.00011559357299734135,5.90772139185916e-05,3.90960982093987e-05
41,1.737122630144802,0.5855519512287279,0.41446897400955907,0.00011559357299734135,5.90772139185916e-05,3.90960982093987e-05
42,1.7784826927672972,0.5867815701949965,0.41323970397471976,0.00011559357299734135,5.90772139185916e-05,3.90960982093987e-05
43,1.8198427553897925,0.5880823318612051,0.41193928259597173,0.00011559357299734135,5.90772139185916e-05,3.90960982093987e-05
44,1.8612028180122877,0.5894516087860312,0.41057033800921044,0.00011559357299734135,5.90772139185916e-05,3.90960982093987e-05
45,1.902562880634783,0.5908866266896363,0.409135645218396,0.00011559357299734135,5.90772139185916e-05,3.90960982093987e-05
46,1.9439229432572784,0.5923844952446522,0.40763809530120887,0.00011559357299734135,5.90772139185916e-05,3.90960982093987e-05
47,1.9852830058797735,0.5939422339125691,0.406080669567701,0.00011559357299734135,5.90772139185916e-05,3.90960982093987e-05
48,2.0266430685022687,0.5955567927160231,0.4044664187817158,0.00011559357299734135,5.90772139185916e-05,3.90960982093987e-05
49,2.068003131124764,0.5972250679476483,0.4027984474443288,0.00011559357299734135,5.90772139185916e-05,3.90960982093987e-05
50,2.1093631937472592,0.5989439129347991,0.40107990302052265,0.00011559357299734135,5.90772139185916e-05,3.90960982093987e-05
51,2.1507232563697545,0.6007101441023447,0.39931396986699935,0.00011559357299734135,5.90772139185916e-05,3.90960982093987e-05
52,2.1920833189922497,0.6025205426982542,0.39750386749674865,0.00011559357299734135,5.90772139185916e-05,3.90960982093987e-05
53,2.233443381614745,0.6043718526637499,0.39565285269883743,0.00011559357299734135,5.90772139185916e-05,3.90960982093987e-05
54,2.2748034442372402,0.6062607752366225,0.3937642249251291,0.00011559357299734135,5.90772139185916e-05,3.90960982093987e-05
55,2.3161635068597355,0.6081839609686237,0.39184133426321904,0.00011559357299734135,5.90772139185916e-05,3.90960982093987e-05
56,2.357523569482231,0.6101379999121077,0.3898875912407778,0.00011559357299734135,5.90772139185916e-05,3.90960982093987e-05
57,2.3988836321047264,0.6121194107844887,0.387906477652756,0.00011559357299734135,5.90772139185916e-05,3.90960982093987e-05
58,2.4402436947272217,0.6141246299500592,0.38590155757218736,0.00011559357299734135,5.90772139185916e-05,3.90960982093987e-05
59,2.481603757349717,0.6161500010658212,0.3838764876982838,0.00011559357299734135,5.90772139185916e-05,3.90960982093987e-05
60,2.522963819972212,0.6181917662207732,0.3818350262120691,0.00011559357299734135,5.90772139185916e-05,3.90960982093987e-05
61,2.5643238825947074,0.6202460593578147,0.37978103935098023,0.00011559357299734135,5.90772139185916e-05,3.90960982093987e-05
62,2.6056839452172027,0.6223089027035216,0.3777185049769198,0.00011559357299734135,5.90772139185916e-05,3.90960982093987e-05
63,2.647044007839698,0.6243762068464573,0.37565151249738815,0.00011559357299734135,5.90772139185916e-05,3.90960982093987e-05
64,2.6884040704621937,0.6264437750003579,0.37358425860322025,0.00011559357299734135,5.90772139185916e-05,3.90960982093987e-05
65,2.7297641330846885,0.6285073118675744,0.3715210384076239,0.00011559357299734135,5.90772139185916e-05,3.90960982093987e-05
66,2.771124195707184,0.6305624373832953,0.36946623170609255,0.00011559357299734135,5.90772139185916e-05,3.90960982093987e-05
67,2.812484258329679,0.6326047054752609,0.36742428422211687,0.00011559357299734135,5.90772139185916e-05,3.90960982093987e-05
68,2.8538443209521747,0.634629627821879,0.365399683856222,0.00011559357299734135,5.90772139185916e-05,3.90960982093987e-05
69,2.89520438357467,0.6366327024356006,0.36339693211084184,0.00011559357299734135,5.90772139185916e-05,3.90960982093987e-05
70,2.936564446197165,0.6386094467448351,0.36142051101800754,0.00011559357299734135,5.90772139185916e-05,3.90960982093987e-05
71,2.9779245088196604,0.6405554346984738,0.35947484604549285,0.00011559357299734135,5.90772139185916e-05,3.90960982093987e-05
72,3.019284571442156,0.6424663372773908,0.3575642655967971,0.00011559357299734135,5.90772139185916e-05,3.90960982093987e-05
73,3.060644634064651,0.6443379656710334,0.35569295784685434,0.00011559357299734135,5.90772139185916e-05,3.90960982093987e-05
74,3.1020046966871466,0.6461663162664014,0.3538649257655684,0.00011559357299734135,5.90772139185916e-05,3.90960982093987e-05
75,3.1433647593096414,0.6479476165069059,0.35208394127201065,0.00011559357299734135,5.90772139185916e-05,3.90960982093987e-05
76,3.184724821932137,0.6496783706084859,0.3503534995308292,0.00011559357299734135,5.90772139185916e-05,3.90960982093987e-05
77,3.226084884554632,0.6513554040765452,0.34867677444787526,0.00011559357299734135,5.90772139185916e-05,3.90960982093987e-05
78,3.2674449471771276,0.6529759059460362,0.347056576441681,0.00011559357299734135,5.90772139185916e-05,3.90960982093987e-05
79,3.3088050097996224,0.6545374676738339,0.34549531356184277,0.00011559357299734135,5.90772139185916e-05,3.90960982093987e-05
80,3.350165072422118,0.6560381176442887,0.3439949569929389,0.00011559357299734135,5.90772139185916e-05,3.90960982093987e-05
81,3.3915251350446134,0.6574763503071578,0.34255701192439425,0.00011559357299734135,5.90772139185916e-05,3.90960982093987e-05
82,3.4328851976671086,0.6588511490513581,0.3411824946828895,0.00011559357299734135,5.90772139185916e-05,3.90960982093987e-05
83,3.474245260289604,0.6601620020260158,0.3398719169153298,0.00011559357299734135,5.90772139185916e-05,3.90960982093987e-05
84,3.5156053229120996,0.6614089102519279,0.3386252774793087,0.00011559357299734135,5.90772139185916e-05,3.90960982093987e-05
85,3.5569653855345944,0.6625923875189611,0.3374420625452963,0.00011559357299734135,5.90772139185916e-05,3.90960982093987e-05
86,3.59832544815709,0.6637134517356034,0.3363212542443388,0.00011559357299734135,5.90772139185916e-05,3.90960982093987e-05
87,3.639685510779585,0.6647736075828812,0.33526134800902857,0.00011559357299734135,5.90772139185916e-05,3.90960982093987e-05
88,3.6810455734020806,0.6657748205220566,0.33426037855848106,0.00011559357299734135,5.90772139185916e-05,3.90960982093987e-05
89,3.7224056360245754,0.6667194824090089,0.3333159542745213,0.00011559357299734135,5.90772139185916e-05,3.90960982093987e-05
90,3.763765698647071,0.6676103691734245,0.33242529951116884,0.00011559357299734135,5.90772139185916e-05,3.90960982093987e-05
91,3.805125761269566,0.6684505912214478,0.33158530417918913,0.00011559357299734135,5.90772139185916e-05,3.90960982093987e-05
92,3.8464858238920616,0.6692435374102577,0.330792579757404,0.00011559357299734135,5.90772139185916e-05,3.90960982093987e-05
93,3.887845886514557,0.6699928136164321,0.33004352070952986,0.00011559357299734135,5.90772139185916e-05,3.90960982093987e-05
94,3.929205949137052,0.6707021770700029,0.3293343701349782,0.00011559357299734135,5.90772139185916e-05,3.90960982093987e-05
95,3.970566011759547,0.6713754677480989,0.3286612883602252,0.00011559357299734135,5.90772139185916e-05,3.90960982093987e-05
96,4.011926074382043,0.6720165382109559,0.3280204230884451,0.00011559357299734135,5.90772139185916e-05,3.90960982093987e-05
97,4.053286137004537,0.6726291833154954,0.3274079796727271,0.00011559357299734135,5.90772139185916e-05,3.90960982093987e-05
98,4.094646199627033,0.6732170712554985,0.3268202900642979,0.00011559357299734135,5.90772139185916e-05,3.90960982093987e-05
99,4.136006262249528,0.6737836773521613,0.32625387901233216,0.00011559357299734135,5.90772139185916e-05,3.90960982093987e-05
100,4.177366324872024,0.6743322219555358,0.3257055261552058,0.00011559357299734135,5.90772139185916e-05,3.90960982093987e-05
101,4.2187263874945184,0.6748656137189386,0.32517232274142166,0.00011559357299734135,5.90772139185916e-05,3.90960982093987e-05
102,4.260086450117014,0.6753863993779519,0.32465172184869157,0.00011559357299734135,5.90772139185916e-05,3.90960982093987e-05
103,4.301446512739509,0.6758967210095214,0.3241415811258868,0.00011559357299734135,5.90772139185916e-05,3.90960982093987e-05
104,4.342806575362005,0.6763982815690203,0.3236401972597851,0.00011559357299734135,5.90772139185916e-05,3.90960982093987e-05
105,4.3841666379844995,0.6768923193116614,0.32314633156030753,0.00011559357299734135,5.90772139185916e-05,3.90960982093987e-05
106,4.425526700606995,0.6773795915041513,0.32265922625801813,0.00011559357299734135,5.90772139185916e-05,3.90960982093987e-05
107,4.46688676322949,0.6778603676297508,0.32217861131054637,0.00011559357299734135,5.90772139185916e-05,3.90960982093987e-05
108,4.508246825851986,0.6783344320893856,0.3217047017147631,0.00011559357299734135,5.90772139185916e-05,3.90960982093987e-05
109,4.5496068884744805,0.6788010962084885,0.32123818551476385,0.00011559357299734135,5.90772139185916e-05,3.90960982093987e-05
110,4.590966951096976,0.6792592191766554,0.3207802028778683,0.00011559357299734135,5.90772139185916e-05,3.90960982093987e-05
111,4.632327013719471,0.6797072373787806,0.32033231677977364,0.00011559357299734135,5.90772139185916e-05,3.90960982093987e-05
112,4.673687076341967,0.6801432014233614,0.3198964759923627,0.00011559357299734135,5.90772139185916e-05,3.90960982093987e-05
113,4.715047138964462,0.6805648200383916,0.31947497120320517,0.00011559357299734135,5.90772139185916e-05,3.90960982093987e-05
114,4.756407201586957,0.6809695098891876,0.319070385212226,0.00011559357299734135,5.90772139185916e-05,3.90960982093987e-05
115,4.797767264209453,0.6813544502751373,0.3186855382477235,0.00011559357299734135,5.90772139185916e-05,3.90960982093987e-05
116,4.839127326831948,0.6817166415864464,0.3183234295204907,0.00011559357299734135,5.90772139185916e-05,3.90960982093987e-05
117,4.880487389454443,0.6820529663469843,0.31798717618953615,0.00011559357299734135,5.90772139185916e-05,3.90960982093987e-05
118,4.921847452076939,0.6823602516364439,0.3176799509459232,0.00011559357299734135,5.90772139185916e-05,3.90960982093987e-05
119,4.963207514699434,0.6826353316753838,0.31740491943106064,0.00011559357299734135,5.90772139185916e-05,3.90960982093987e-05
120,5.00456757732193,0.6828751093703949,0.317165178692145,0.00011559357299734135,5.90772139185916e-05,3.90960982093987e-05
121,5.045927639944424,0.6830766156544212,0.3169636978397754,0.00011559357299734135,5.90772139185916e-05,3.90960982093987e-05
122,5.08728770256692,0.6832370655189232,0.3168032620111446,0.00011559357299734135,5.90772139185916e-05,3.90960982093987e-05
123,5.128647765189415,0.6833539097199406,0.3166864206572428,0.00011559357299734135,5.90772139185916e-05,3.90960982093987e-05
124,5.170007827811911,0.6834248812466722,0.3166154410653346,0.00011559357299734135,5.90772139185916e-05,3.90960982093987e-05
125,5.211367890434405,0.6834480357691709,0.31659226790107337,0.00011559357299734135,5.90772139185916e-05,3.90960982093987e-05
126,5.252727953056901,0.6834217854251218,0.3166184894103731,0.00011559357299734135,5.90772139185916e-05,3.90960982093987e-05
127,5.294088015679396,0.683344925463695,0.3166953107636059,0.00011559357299734135,5.90772139185916e-05,3.90960982093987e-05
128,5.335448078301891,0.6832166534308787,0.3168235348584451,0.00011559357299734135,5.90772139185916e-05,3.90960982093987e-05
129,5.376808140924387,0.683036580751149,0.3170035507268188,0.00011559357299734135,5.90772139185916e-05,3.90960982093987e-05
130,5.418168203546882,0.6828047367301031,0.31723532952185163,0.00011559357299734135,5.90772139185916e-05,3.90960982093987e-05
131,5.459528266169377,0.6825215651661269,0.3175184278973269,0.00011559357299734135,5.90772139185916e-05,3.90960982093987e-05
132,5.500888328791872,0.6821879139114936,0.3178519984395134,0.00011559357299734135,5.90772139185916e-05,3.90960982093987e-05
133,5.542248391414368,0.6818050178603864,0.31823480667423765,0.00011559357299734135,5.90772139185916e-05,3.90960982093987e-05
134,5.583608454036863,0.68137447595941,0.3186652540538475,0.00011559357299734135,5.90772139185916e-05,3.90960982093987e-05
135,5.624968516659358,0.6808982229322501,0.31914140623242393,0.00011559357299734135,5.90772139185916e-05,3.90960982093987e-05
136,5.666328579281854,0.6803784964831171,0.31966102586475303,0.00011559357299734135,5.90772139185916e-05,3.90960982093987e-05
137,5.707688641904349,0.6798178007918196,0.32022160911596304,0.00011559357299734135,5.90772139185916e-05,3.90960982093987e-05
138,5.749048704526844,0.67921886713801,0.32082042504409963,0.00011559357299734135,5.90772139185916e-05,3.90960982093987e-05
139,5.79040876714934,0.6785846124936956,0.32145455701629616,0.00011559357299734135,5.90772139185916e-05,3.90960982093987e-05
140,5.831768829771835,0.6779180969038328,0.32212094533809804,0.00011559357299734135,5.90772139185916e-05,3.90960982093987e-05
141,5.87312889239433,0.6772224804374836,0.32281643031335705,0.00011559357299734135,5.90772139185916e-05,3.90960982093987e-05
142,5.914488955016826,0.6765009804386154,0.32353779500452995,0.00011559357299734135,5.90772139185916e-05,3.90960982093987e-05
143,5.955849017639321,0.6757568297410965,0.32428180702882786,0.00011559357299734135,5.90772139185916e-05,3.90960982093987e-05
144,5.997209080261816,0.674993236438075,0.32504525879901874,0.00011559357299734135,5.90772139185916e-05,3.90960982093987e-05
145,6.038569142884312,0.674213345716809,0.32582500569756484,0.00011559357299734135,5.90772139185916e-05,3.90960982093987e-05
146,6.079929205506807,0.6734202041876577,0.32661800175445266,0.00011559357299734135,5.90772139185916e-05,3.90960982093987e-05
147,6.121289268129302,0.6726167270548699,0.3274213324812126,0.00011559357299734135,5.90772139185916e-05,3.90960982093987e-05
148,6.162649330751797,0.671805668397011,0.32823224459217953,0.00011559357299734135,5.90772139185916e-05,3.90960982093987e-05
149,6.204009393374293,0.670989594751359,0.3290481724189956,0.00011559357299734135,5.90772139185916e-05,3.90960982093987e-05
150,6.245369455996788,0.6701708621281284,0.3298667608918886,0.00011559357299734135,5.90772139185916e-05,3.90960982093987e-05
151,6.286729518619283,0.6693515965201556,0.33068588502230345,0.00011559357299734135,5.90772139185916e-05,3.90960982093987e-05
152,6.328089581241778,0.6685336779212048,0.33150366587354546,0.00011559357299734135,5.90772139185916e-05,3.90960982093987e-05
153,6.369449643864274,0.6677187278226374,0.33231848305018075,0.00011559357299734135,5.90772139185916e-05,3.90960982093987e-05
154,6.410809706486769,0.6669081001223625,0.33312898377225425,0.00011559357299734135,5.90772139185916e-05,3.90960982093987e-05
155,6.452169769109264,0.6661028753533867,0.33393408862776464,0.00011559357299734135,5.90772139185916e-05,3.90960982093987e-05
156,6.49352983173176,0.6653038581186377,0.33473299411694407,0.00011559357299734135,5.90772139185916e-05,3.90960982093987e-05
157,6.534889894354255,0.6645115776055518,0.33552517211574123,0.00011559357299734135,5.90772139185916e-05,3.90960982093987e-05
158,6.57624995697675,0.6637262910447438,0.33631036639456524,0.00011559357299734135,5.90772139185916e-05,3.90960982093987e-05
159,6.617610019599245,0.662947989972295,0.3370885863337657,0.00011559357299734135,5.90772139185916e-05,3.90960982093987e-05
160,6.658970082221741,0.6621764091516932,0.3378600979802221,0.00011559357299734135,5.90772139185916e-05,3.90960982093987e-05
161,6.700330144844236,0.6614110380091667,0.33862541259215967,0.00011559357299734135,5.90772139185916e-05,3.90960982093987e-05
162,6.741690207466731,0.6606511344325041,0.3393852728228041,0.00011559357299734135,5.90772139185916e-05,3.90960982093987e-05
163,6.783050270089227,0.659895740777416,0.34014063669906813,0.00011559357299734135,5.90772139185916e-05,3.90960982093987e-05
164,6.824410332711722,0.6591437019168067,0.34089265956094206,0.00011559357299734135,5.90772139185916e-05,3.90960982093987e-05
165,6.865770395334217,0.6583936851542755,0.341642674140054,0.00011559357299734135,5.90772139185916e-05,3.90960982093987e-05
166,6.907130457956713,0.657644201805989,0.3423921689739391,0.00011559357299734135,5.90772139185916e-05,3.90960982093987e-05
167,6.948490520579208,0.6568936302323516,0.34314276537461846,0.00011559357299734135,5.90772139185916e-05,3.90960982093987e-05
168,6.989850583201703,0.656140240074632,0.34389619319615033,0.00011559357299734135,5.90772139185916e-05,3.90960982093987e-05
169,7.031210645824199,0.6553822174227988,0.3446542656751584,0.00011559357299734135,5.90772139185916e-05,3.90960982093987e-05
170,7.072570708446694,0.6546176906096052,0.3454188536486392,0.00011559357299734135,5.90772139185916e-05,3.90960982093987e-05
171,7.113930771069189,0.6538447562958594,0.3461918594840787,0.00011559357299734135,5.90772139185916e-05,3.90960982093987e-05
172,7.155290833691684,0.653061505483496,0.34697519108459857,0.00011559357299734135,5.90772139185916e-05,3.90960982093987e-05
173,7.19665089631418,0.6522660490698362,0.34777073635528394,0.00011559357299734135,5.90772139185916e-05,3.90960982093987e-05
174,7.238010958936675,0.6514565425400091,0.34858033853323206,0.00011559357299734135,5.90772139185916e-05,3.90960982093987e-05
175,7.27937102155917,0.6506312093871992,0.34940577279075924,0.00011559357299734135,5.90772139185916e-05,3.90960982093987e-05
176,7.320731084181665,0.649788362854655,0.35024872451738914,0.00011559357299734135,5.90772139185916e-05,3.90960982093987e-05
177,7.362091146804161,0.6489264256100792,0.35111076966943117,0.00011559357299734135,5.90772139185916e-05,3.90960982093987e-05
178,7.403451209426656,0.6480439469929589,0.35199335754558725,0.00011559357299734135,5.90772139185916e-05,3.90960982093987e-05
179,7.444811272049151,0.6471396175202488,0.3528977963030879,0.00011559357299734135,5.90772139185916e-05,3.90960982093987e-05
180,7.4861713346716465,0.6462122803928146,0.353825241471086,0.00011559357299734135,5.90772139185916e-05,3.90960982093987e-05
181,7.527531397294142,0.6452609398150801,0.354776687648532,0.00011559357299734135,5.90772139185916e-05,3.90960982093987e-05
182,7.568891459916637,0.6442847660200557,0.35575296349412927,0.00011559357299734135,5.90772139185916e-05,3.90960982093987e-05
183,7.610251522539132,0.6432830969788776,0.35675473002871283,0.00011559357299734135,5.90772139185916e-05,3.90960982093987e-05
184,7.6516115851616275,0.6422554368655116,0.3577824821796192,0.00011559357299734135,5.90772139185916e-05,3.90960982093987e-05
185,7.692971647784123,0.6412014514382568,0.3588365534049204,0.00011559357299734135,5.90772139185916e-05,3.90960982093987e-05
186,7.734331710406618,0.6401209605882064,0.3599171231478329,0.00011559357299734135,5.90772139185916e-05,3.90960982093987e-05
187,7.775691773029114,0.6390139283846977,0.36102422679103985,0.00011559357299734135,5.90772139185916e-05,3.90960982093987e-05
188,7.8170518356516085,0.6378804510174523,0.3621577677117497,0.00011559357299734135,5.90772139185916e-05,3.90960982093987e-05
189,7.858411898274104,0.6367207430895205,0.3633175309832934,0.00011559357299734135,5.90772139185916e-05,3.90960982093987e-05
190,7.8997719608966,0.6355351227532887,0.3645031982317716,0.00011559357299734135,5.90772139185916e-05,3.90960982093987e-05
191,7.941132023519094,0.6343239962001339,0.3657143631370674,0.00011559357299734135,5.90772139185916e-05,3.90960982093987e-05
192,7.982492086141589,0.6330878420138121,0.36695054706895575,0.00011559357299734135,5.90772139185916e-05,3.90960982093987e-05
193,8.023852148764085,0.6318271958764633,0.3682112143696623,0.00011559357299734135,5.90772139185916e-05,3.90960982093987e-05
194,8.06521221138658,0.6305426360764256,0.3694957868339448,0.00011559357299734135,5.90772139185916e-05,3.90960982093987e-05
195,8.106572274009075,0.6292347702105939,0.37080365699464823,0.00011559357299734135,5.90772139185916e-05,3.90960982093987e-05
196,8.14793233663157,0.627904223402921,0.37213419989243884,0.00011559357299734135,5.90772139185916e-05,3.90960982093987e-05
197,8.189292399254066,0.6265516282785594,0.3734867830902773,0.00011559357299734135,5.90772139185916e-05,3.90960982093987e-05
198,8.230652461876561,0.6251776168446854,0.3748607747824646,0.00011559357299734135,5.90772139185916e-05,3.90960982093987e-05
199,8.272012524499056,0.6237828143363302,0.37625554993949795,0.00011559357299734135,5.90772139185916e-05,3.90960982093987e-05
200,8.313372587121552,0.6223678349957034,0.37767049452099405,0.00011559357299734135,5.90772139185916e-05,3.90960982093987e-05
201,8.354732649744047,0.6209332796677376,0.3791050078739629,0.00011559357299734135,5.90772139185916e-05,3.90960982093987e-05
202,8.396092712366544,0.6194797350185337,0.38055850350955095,0.00011559357299734135,5.90772139185916e-05,3.90960982093987e-05
203,8.437452774989037,0.6180077741201886,0.3820304085152686,0.00011559357299734135,5.90772139185916e-05,3.90960982093987e-05
204,8.478812837611533,0.6165179580965536,0.3835201619078052,0.00011559357299734135,5.90772139185916e-05,3.90960982093987e-05
205,8.520172900234028,0.6150108384932454,0.38502721226314485,0.00011559357299734135,5.90772139185916e-05,3.90960982093987e-05
206,8.561532962856525,0.6134869600217039,0.3865510149741394,0.00011559357299734135,5.90772139185916e-05,3.90960982093987e-05
207,8.602893025479018,0.6119468633316902,0.38809102948084817,0.00011559357299734135,5.90772139185916e-05,3.90960982093987e-05
208,8.644253088101514,0.6103910874889845,0.38964671679696045,0.00011559357299734135,5.90772139185916e-05,3.90960982093987e-05
209,8.68561315072401,0.6088201718730293,0.3912175376170458,0.00011559357299734135,5.90772139185916e-05,3.90960982093987e-05
210,8.726973213346506,0.6072346572613349,0.3928029512378993,0.00011559357299734135,5.90772139185916e-05,3.90960982093987e-05
211,8.768333275968999,0.605635085930134,0.3944024154639873,0.00011559357299734135,5.90772139185916e-05,3.90960982093987e-05
212,8.809693338591496,0.6040220006715401,0.39601538759677335,0.00011559357299734135,5.90772139185916e-05,3.90960982093987e-05
213,8.85105340121399,0.6023959427016369,0.3976413265330459,0.00011559357299734135,5.90772139185916e-05,3.90960982093987e-05
214,8.892413463836487,0.6007574485092708,0.3992796959223998,0.00011559357299734135,5.90772139185916e-05,3.90960982093987e-05
215,8.93377352645898,0.5991070457666001,0.40092996826252447,0.00011559357299734135,5.90772139185916e-05,3.90960982093987e-05
216,8.975133589081477,0.5974452484878537,0.40259162974569207,0.00011559357299734135,5.90772139185916e-05,3.90960982093987e-05
217,9.016493651703971,0.5957725516778286,0.40426418561471655,0.00011559357299734135,5.90772139185916e-05,3.90960982093987e-05
218,9.057853714326468,0.5940894257550082,0.4059471657433549,0.00011559357299734135,5.90772139185916e-05,3.90960982093987e-05
219,9.099213776948961,0.592396311063304,0.40764013012707073,0.00011559357299734135,5.90772139185916e-05,3.90960982093987e-05
220,9.140573839571458,0.5906936128001151,0.40934267395625007,0.00011559357299734135,5.90772139185916e-05,3.90960982093987e-05
221,9.181933902193952,0.5889816966866727,0.4110544319458481,0.00011559357299734135,5.90772139185916e-05,3.90960982093987e-05
222,9.223293964816449,0.5872608856892196,0.4127750816130697,0.00011559357299734135,5.90772139185916e-05,3.90960982093987e-05
223,9.264654027438942,0.5855314580672937,0.4145043452263611,0.00011559357299734135,5.90772139185916e-05,3.90960982093987e-05
224,9.306014090061439,0.5837936469808038,0.4162419901944927,0.00011559357299734135,5.90772139185916e-05,3.90960982093987e-05
225,9.347374152683933,0.5820476418312879,0.41798782772001475,0.00011559357299734135,5.90772139185916e-05,3.90960982093987e-05
226,9.38873421530643,0.5802935914487316,0.4197417096058785,0.00011559357299734135,5.90772139185916e-05,3.90960982093987e-05
227,9.430094277928925,0.5785316091656522,0.4215035231736349,0.00011559357299734135,5.90772139185916e-05,3.90960982093987e-05
228,9.47145434055142,0.5767617797478983,0.42327318432380795,0.00011559357299734135,5.90772139185916e-05,3.90960982093987e-05
229,9.512814403173914,0.5749841680802584,0.42505062884035516,0.00011559357299734135,5.90772139185916e-05,3.90960982093987e-05
230,9.554174465796411,0.5731988294373573,0.42683580210907124,0.00011559357299734135,5.90772139185916e-05,3.90960982093987e-05
231,9.595534528418906,0.5714058211088289,0.4286286474810596,0.00011559357299734135,5.90772139185916e-05,3.90960982093987e-05
232,9.6368945910414,0.5696052150953479,0.430429093564649,0.00011559357299734135,5.90772139185916e-05,3.90960982093987e-05
233,9.678254653663895,0.567797111550644,0.4322370407712331,0.00011559357299734135,5.90772139185916e-05,3.90960982093987e-05
234,9.719614716286392,0.5659816526150683,0.43405234746936205,0.00011559357299734135,5.90772139185916e-05,3.90960982093987e-05
235,9.760974778908887,0.5641590362702107,0.4358748161180017,0.00011559357299734135,5.90772139185916e-05,3.90960982093987e-05
236,9.802334841531382,0.5623295298411857,0.43770417975250686,0.00011559357299734135,5.90772139185916e-05,3.90960982093987e-05
237,9.843694904153878,0.5604934827835604,0.439540089186771,0.00011559357299734135,5.90772139185916e-05,3.90960982093987e-05
238,9.885054966776373,0.5586513384140285,0.4413821012725732,0.00011559357299734135,5.90772139185916e-05,3.90960982093987e-05
239,9.926415029398868,0.5568036442771019,0.4432296685241634,0.00011559357299734135,5.90772139185916e-05,3.90960982093987e-05
240,9.967775092021364,0.5549510608820217,0.44508213037429745,0.00011559357299734135,5.90772139185916e-05,3.90960982093987e-05
241,10.00913515464386,0.5530943685924522,0.44693870627921595,0.00011559357299734135,5.90772139185916e-05,3.90960982093987e-05
242,10.050495217266354,0.5512344725046696,0.4487984908373334,0.00011559357299734135,5.90772139185916e-05,3.90960982093987e-05
243,10.091855279888849,0.549372405204594,0.45066045103126895,0.00011559357299734135,5.90772139185916e-05,3.90960982093987e-05
244,10.133215342511345,0.5475093273487663,0.4525234256485031,0.00011559357299734135,5.90772139185916e-05,3.90960982093987e-05
245,10.17457540513384,0.5456465260663077,0.45438612688360824,0.00011559357299734135,5.90772139185916e-05,3.90960982093987e-05
246,10.215935467756335,0.5437854112269106,0.4562471440772065,0.00011559357299734135,5.90772139185916e-05,3.90960982093987e-05
247,10.25729553037883,0.5419275096620724,0.45810494950428116,0.00011559357299734135,5.90772139185916e-05,3.90960982093987e-05
248,10.298655593001326,0.5400744574627411,0.45995790608883386,0.00011559357299734135,5.90772139185916e-05,3.90960982093987e-05
249,10.340015655623821,0.5382279905051324,0.4618042768928487,0.00011559357299734135,5.90772139185916e-05,3.90960982093987e-05
250,10.381375718246318,0.5363899333783787,0.463642236205755,0.00011559357299734135,5.90772139185916e-05,3.90960982093987e-05
251,10.42273578086881,0.5345621869028976,0.46546988204534123,0.00011559357299734135,5.90772139185916e-05,3.90960982093987e-05
252,10.464095843491307,0.5327467144375351,0.4672852498715107,0.00011559357299734135,5.90772139185916e-05,3.90960982093987e-05
253,10.505455906113802,0.5309455271783904,0.4690863273098103,0.00011559357299734135,5.90772139185916e-05,3.90960982093987e-05
254,10.546815968736297,0.5291606686528222,0.47087106968068504,0.00011559357299734135,5.90772139185916e-05,3.90960982093987e-05
255,10.588176031358792,0.5273941986105983,0.47263741613200255,0.00011559357299734135,5.90772139185916e-05,3.90960982093987e-05
256,10.629536093981287,0.525648176511204,0.47438330617529745,0.00011559357299734135,5.90772139185916e-05,3.90960982093987e-05
257,10.670896156603781,0.5239246448028301,0.4761066964297557,0.00011559357299734135,5.90772139185916e-05,3.90960982093987e-05
258,10.712256219226276,0.5222256121855509,0.47780557738074225,0.00011559357299734135,5.90772139185916e-05,3.90960982093987e-05
259,10.753616281848775,0.5205530370489664,0.4794779899622906,0.00011559357299734135,5.90772139185916e-05,3.90960982093987e-05
260,10.794976344471268,0.5189088112728588,0.4811220417741692,0.00011559357299734135,5.90772139185916e-05,3.90960982093987e-05
261,10.836336407093764,0.5172947445791337,0.4827359227451433,0.00011559357299734135,5.90772139185916e-05,3.90960982093987e-05
262,10.877696469716259,0.5157125496223346,0.48431792005442637,0.00011559357299734135,5.90772139185916e-05,3.90960982093987e-05
263,10.919056532338754,0.5141638280053665,0.48586643212456326,0.00011559357299734135,5.90772139185916e-05,3.90960982093987e-05
264,10.960416594961249,0.5126500574043933,0.48737998150148243,0.00011559357299734135,5.90772139185916e-05,3.90960982093987e-05
265,11.001776657583743,0.5111725799821526,0.48885722644214946,0.00011559357299734135,5.90772139185916e-05,3.90960982093987e-05
266,11.04313672020624,0.5097325922609892,0.49029697103873093,0.00011559357299734135,5.90772139185916e-05,3.90960982093987e-05
267,11.084496782828737,0.5083311366142683,0.4916981737203827,0.00011559357299734135,5.90772139185916e-05,3.90960982093987e-05
268,11.12585684545123,0.5069690945180106,0.49305995399120095,0.00011559357299734135,5.90772139185916e-05,3.90960982093987e-05
269,11.167216908073726,0.5056471816816773,0.49438159728542086,0.00011559357299734135,5.90772139185916e-05,3.90960982093987e-05
270,11.208576970696221,0.504365945149397,0.495662557849108,0.00011559357299734135,5.90772139185916e-05,3.90960982093987e-05
271,11.249937033318716,0.5031257624292873,0.49690245959095436,0.00011559357299734135,5.90772139185916e-05,3.90960982093987e-05
272,11.291297095941212,0.5019268426708708,0.49810109488274834,0.00011559357299734135,5.90772139185916e-05,3.90960982093987e-05
273,11.332657158563707,0.5007692298686199,0.4992584213321148,0.00011559357299734135,5.90772139185916e-05,3.90960982093987e-05
274,11.374017221186202,0.4996528080251953,0.5003745565942908,0.00011559357299734135,5.90772139185916e-05,3.90960982093987e-05
275,11.415377283808699,0.49857730816254947,0.5014497713356474,0.00011559357299734135,5.90772139185916e-05,3.90960982093987e-05
276,11.456737346431192,0.49754231702377605,0.502484480506497,0.00011559357299734135,5.90772139185916e-05,3.90960982093987e-05
277,11.498097409053688,0.49654728726571357,0.5034792331238582,0.00011559357299734135,5.90772139185916e-05,3.90960982093987e-05
278,11.539457471676185,0.4955915489032159,0.5044347008038027,0.00011559357299734135,5.90772139185916e-05,3.90960982093987e-05
279,11.58081753429868,0.4946743217324271,0.5053516653164593,0.00011559357299734135,5.90772139185916e-05,3.90960982093987e-05
280,11.622177596921174,0.493794728433924,0.5062310054633345,0.00011559357299734135,5.90772139185916e-05,3.90960982093987e-05
281,11.66353765954367,0.4929518080381319,0.5070736835948733,0.00011559357299734135,5.90772139185916e-05,3.90960982093987e-05
282,11.704897722166164,0.4921445294260609,0.5078807320954478,0.00011559357299734135,5.90772139185916e-05,3.90960982093987e-05
283,11.74625778478866,0.4913718045386662,0.5086532401625242,0.00011559357299734135,5.90772139185916e-05,3.90960982093987e-05
284,11.787617847411154,0.4906325009780078,0.5093923411971492,0.00011559357299734135,5.90772139185916e-05,3.90960982093987e-05
285,11.828977910033652,0.4899254537025623,0.5100992011031429,0.00011559357299734135,5.90772139185916e-05,3.90960982093987e-05
286,11.870337972656147,0.4892494755467919,0.5107750077648198,0.00011559357299734135,5.90772139185916e-05,3.90960982093987e-05
287,11.911698035278642,0.488603366330602,0.5114209619375301,0.00011559357299734135,5.90772139185916e-05,3.90960982093987e-05
288,11.953058097901136,0.4879859203655857,0.5120382697436096,0.00011559357299734135,5.90772139185916e-05,3.90960982093987e-05
289,11.994418160523631,0.48739593221117705,0.512628136920613,0.00011559357299734135,5.90772139185916e-05,3.90960982093987e-05
290,12.035778223146126,0.486832200582125,0.5131917649196802,0.00011559357299734135,5.90772139185916e-05,3.90960982093987e-05
291,12.077138285768624,0.4862935303584662,0.5137303489029187,0.00011559357299734135,5.90772139185916e-05,3.90960982093987e-05
292,12.118498348391116,0.4857787326969499,0.5142450776399,0.00011559357299734135,5.90772139185916e-05,3.90960982093987e-05
293,12.159858411013614,0.4852866232886856,0.5147371352587696,0.00011559357299734135,5.90772139185916e-05,3.90960982093987e-05
294,12.201218473636109,0.484816018848146,0.5152077047658482,0.00011559357299734135,5.90772139185916e-05,3.90960982093987e-05
295,12.242578536258604,0.48436573195430044,0.5156579732131992,0.00011559357299734135,5.90772139185916e-05,3.90960982093987e-05
296,12.283938598881099,0.48393456439258464,0.5160891383647526,0.00011559357299734135,5.90772139185916e-05,3.90960982093987e-05
297,12.325298661503593,0.48352129916818687,0.5165024166906755,0.00011559357299734135,5.90772139185916e-05,3.90960982093987e-05
298,12.366658724126088,0.48312469137466746,0.5168990525054767,0.00011559357299734135,5.90772139185916e-05,3.90960982093987e-05
299,12.408018786748586,0.4827434581093763,0.5172803280587079,0.00011559357299734135,5.90772139185916e-05,3.90960982093987e-05
300,12.449378849371078,0.4823762676275819,0.5176475743860147,0.00011559357299734135,5.90772139185916e-05,3.90960982093987e-05
301,12.490738911993576,0.48202172792315395,0.5180021827329132,0.00011559357299734135,5.90772139185916e-05,3.90960982093987e-05
302,12.532098974616071,0.4816783749154646,0.518345616371795,0.00011559357299734135,5.90772139185916e-05,3.90960982093987e-05
303,12.573459037238566,0.48134466041175505,0.5186794226428955,0.00011559357299734135,5.90772139185916e-05,3.90960982093987e-05
304,12.61481909986106,0.4810189400035957,0.5190052450608602,0.00011559357299734135,5.90772139185916e-05,3.90960982093987e-05
305,12.656179162483555,0.4806994610462139,0.519324835338471,0.00011559357299734135,5.90772139185916e-05,3.90960982093987e-05
306,12.69753922510605,0.48038435086245723,0.5196400651857827,0.00011559357299734135,5.90772139185916e-05,3.90960982093987e-05
307,12.738899287728549,0.4800716053101759,0.519952937746067,0.00011559357299734135,5.90772139185916e-05,3.90960982093987e-05
308,12.780259350351042,0.47975907785397615,0.5202655985279838,0.00011559357299734135,5.90772139185916e-05,3.90960982093987e-05
309,12.821619412973538,0.47944446929002565,0.520580345685342,0.00011559357299734135,5.90772139185916e-05,3.90960982093987e-05
310,12.862979475596033,0.47912531828638855,0.5208996394819324,0.00011559357299734135,5.90772139185916e-05,3.90960982093987e-05
311,12.904339538218528,0.4787989929211768,0.5212261107595142,0.00011559357299734135,5.90772139185916e-05,3.90960982093987e-05
312,12.945699600841023,0.4784626834252026,0.5215625682019686,0.00011559357299734135,5.90772139185916e-05,3.90960982093987e-05
313,12.98705966346352,0.47811339636468236,0.5219120041602798,0.00011559357299734135,5.90772139185916e-05,3.90960982093987e-05
314,13.028419726086014,0.47774795053025515,0.5222775987716869,0.00011559357299734135,5.90772139185916e-05,3.90960982093987e-05
315,13.06977978870851,0.4773629748300901,0.5226627220755672,0.00011559357299734135,5.90772139185916e-05,3.90960982093987e-05
316,13.111139851331004,0.47695490851383726,0.5230709337985157,0.00011559357299734135,5.90772139185916e-05,3.90960982093987e-05
317,13.1524999139535,0.47652000407920375,0.5235059804571298,0.00011559357299734135,5.90772139185916e-05,3.90960982093987e-05
318,13.193859976575995,0.47605433323032337,0.5239717894087809,0.00011559357299734135,5.90772139185916e-05,3.90960982093987e-05
319,13.23522003919849,0.47555379626468,0.5244724594734314,0.00011559357299734135,5.90772139185916e-05,3.90960982093987e-05
320,13.276580101820986,0.4750141352604662,0.5250122477544578,0.00011559357299734135,5.90772139185916e-05,3.90960982093987e-05
321,13.317940164443481,0.4744309514160359,0.5255955523063011,0.00011559357299734135,5.90772139185916e-05,3.90960982093987e-05
322,13.359300227065976,0.4737997268563766,0.5262268903340451,0.00011559357299734135,5.90772139185916e-05,3.90960982093987e-05
323,13.400660289688473,0.4731158511655985,0.5269108716655302,0.00011559357299734135,5.90772139185916e-05,3.90960982093987e-05
324,13.442020352310966,0.47237465282945085,0.5276521673117711,0.00011559357299734135,5.90772139185916e-05,3.90960982093987e-05
325,13.483380414933462,0.4715714356771821,0.5284554730265264,0.00011559357299734135,5.90772139185916e-05,3.90960982093987e-05
326,13.524740477555959,0.47070152029800366,0.5293254678891471,0.00011559357299734135,5.90772139185916e-05,3.90960982093987e-05
327,13.566100540178454,0.4697602902770927,0.5302667680662876,0.00011559357299734135,5.90772139185916e-05,3.90960982093987e-05
328,13.607460602800948,0.46874324295037145,0.5312838760530122,0.00011559357299734135,5.90772139185916e-05,3.90960982093987e-05
329,13.648820665423443,0.46764604422158373,0.5323811258498463,0.00011559357299734135,5.90772139185916e-05,3.90960982093987e-05
330,13.690180728045938,0.46646458682357866,0.5335626246941381,0.00011559357299734135,5.90772139185916e-05,3.90960982093987e-05
331,13.731540790668435,0.46519505124377747,0.5348321921261,0.00011559357299734135,5.90772139185916e-05,3.90960982093987e-05
332,13.772900853290928,0.4638339683781629,0.5361932973252012,0.00011559357299734135,5.90772139185916e-05,3.90960982093987e-05
333,13.814260915913426,0.46237828283585514,0.5376489957954207,0.00011559357299734135,5.90772139185916e-05,3.90960982093987e-05
334,13.85562097853592,0.46082541569383967,0.5392018666001891,0.00011559357299734135,5.90772139185916e-05,3.90960982093987e-05
335,13.896981041158416,0.459173325406246,0.5408539514427861,0.00011559357299734135,5.90772139185916e-05,3.90960982093987e-05
336,13.93834110378091,0.4574205655106014,0.5426066969503872,0.00011559357299734135,5.90772139185916e-05,3.90960982093987e-05
337,13.979701166403405,0.45556633775034683,0.5444609015428176,0.00011559357299734135,5.90772139185916e-05,3.90960982093987e-05
338,14.0210612290259,0.4536105392522942,0.5464166682475329,0.00011559357299734135,5.90772139185916e-05,3.90960982093987e-05
339,14.062421291648398,0.45155380246271126,0.5484733647577961,0.00011559357299734135,5.90772139185916e-05,3.90960982093987e-05
340,14.10378135427089,0.44939752665567056,0.5506295919200702,0.00011559357299734135,5.90772139185916e-05,3.90960982093987e-05
341,14.145141416893388,0.44714389998229276,0.5528831616828817,0.00011559357299734135,5.90772139185916e-05,3.90960982093987e-05
342,14.186501479515883,0.444795911223805,0.5552310853436913,0.00011559357299734135,5.90772139185916e-05,3.90960982093987e-05
343,14.227861542138378,0.44235735064106785,0.557669572701464,0.00011559357299734135,5.90772139185916e-05,3.90960982093987e-05
344,14.269221604760872,0.4398327995694194,0.5601940424658647,0.00011559357299734135,5.90772139185916e-05,3.90960982093987e-05
345,14.310581667383367,0.4372276086820344,0.5627991439996519,0.00011559357299734135,5.90772139185916e-05,3.90960982093987e-05
346,14.351941730005862,0.43454786512704396,0.5654787901889046,0.00011559357299734135,5.90772139185916e-05,3.90960982093987e-05
347,14.39330179262836,0.4318003490225521,0.5682262009563931,0.00011559357299734135,5.90772139185916e-05,3.90960982093987e-05
348,14.434661855250853,0.4289924800592928,0.5710339566681688,0.00011559357299734135,5.90772139185916e-05,3.90960982093987e-05
349,14.47602191787335,0.4261322552021932,0.573894060441481,0.00011559357299734135,5.90772139185916e-05,3.90960982093987e-05
350,14.517381980495845,0.4232281786912498,0.5767980081533433,0.00011559357299734135,5.90772139185916e-05,3.90960982093987e-05
351,14.55874204311834,0.42028918571113616,0.5797368647798139,0.00011559357299734135,5.90772139185916e-05,3.90960982093987e-05
352,14.600102105740834,0.4173245612224001,0.5827013455726805,0.00011559357299734135,5.90772139185916e-05,3.90960982093987e-05
353,14.64146216836333,0.4143438555222965,0.5856819005052727,0.00011559357299734135,5.90772139185916e-05,3.90960982093987e-05
354,14.682822230985824,0.41135679812838266,0.5886688003937816,0.00011559357299734135,5.90772139185916e-05,3.90960982093987e-05
355,14.724182293608322,0.4083732115552438,0.5916522231236935,0.00011559357299734135,5.90772139185916e-05,3.90960982093987e-05
356,14.765542356230815,0.40540292648659065,0.5946223384787391,0.00011559357299734135,5.90772139185916e-05,3.90960982093987e-05
357,14.806902418853312,0.4024556997371485,0.5975693901779886,0.00011559357299734135,5.90772139185916e-05,3.90960982093987e-05
358,14.848262481475807,0.39954113625742266,0.6004837738679827,0.00011559357299734135,5.90772139185916e-05,3.90960982093987e-05
359,14.889622544098302,0.3966686162668635,0.6033561099845123,0.00011559357299734135,5.90772139185916e-05,3.90960982093987e-05
360,14.930982606720796,0.39384722841538145,0.6061773105841068,0.00011559357299734135,5.90772139185916e-05,3.90960982093987e-05
361,14.972342669343293,0.3910857096773155,0.6089386394415993,0.00011559357299734135,5.90772139185916e-05,3.90960982093987e-05
362,15.013702731965788,0.3883923924833839,0.6116317649083085,0.00011559357299734135,5.90772139185916e-05,3.90960982093987e-05
363,15.055062794588284,0.38577515940199975,0.6142488052199018,0.00011559357299734135,5.90772139185916e-05,3.90960982093987e-05
364,15.096422857210777,0.38324140549752544,0.616782366126677,0.00011559357299734135,5.90772139185916e-05,3.90960982093987e-05
365,15.137782919833274,0.38079800832437016,0.6192255708877353,0.00011559357299734135,5.90772139185916e-05,3.90960982093987e-05
366,15.179142982455769,0.3784513053661773,0.6215720828201147,0.00011559357299734135,5.90772139185916e-05,3.90960982093987e-05
367,15.220503045078264,0.3762070786011407,0.6238161207223114,0.00011559357299734135,5.90772139185916e-05,3.90960982093987e-05
368,15.26186310770076,0.37407054576880217,0.6259524675970126,0.00011559357299734135,5.90772139185916e-05,3.90960982093987e-05
369,15.303223170323255,0.3720463578313517,0.6279764731805102,0.00011559357299734135,5.90772139185916e-05,3.90960982093987e-05
370,15.34458323294575,0.37013860206192584,0.6298840508462586,0.00011559357299734135,5.90772139185916e-05,3.90960982093987e-05
371,15.385943295568246,0.36835081015339605,0.6316716694897044,0.00011559357299734135,5.90772139185916e-05,3.90960982093987e-05
372,15.42730335819074,0.3666859707204386,0.6333363410213043,0.00011559357299734135,5.90772139185916e-05,3.90960982093987e-05
373,15.468663420813236,0.3651465455641892,0.6348756040989718,0.00011559357299734135,5.90772139185916e-05,3.90960982093987e-05
374,15.510023483435733,0.36373448907872624,0.6362875047203331,0.00011559357299734135,5.90772139185916e-05,3.90960982093987e-05
375,15.551383546058227,0.36245127020048584,0.6375705742741571,0.00011559357299734135,5.90772139185916e-05,3.90960982093987e-05
376,15.592743608680722,0.36129789633181664,0.6387238056191865,0.00011559357299734135,5.90772139185916e-05,3.90960982093987e-05
377,15.634103671303217,0.3602749387067319,0.6397466277227148,0.00011559357299734135,5.90772139185916e-05,3.90960982093987e-05
378,15.675463733925712,0.3593825587076468,0.6406388793495612,0.00011559357299734135,5.90772139185916e-05,3.90960982093987e-05
379,15.716823796548208,0.3586205346849004,0.6414007822497859,0.00011559357299734135,5.90772139185916e-05,3.90960982093987e-05
380,15.758183859170702,0.35798828887428263,0.6420329142495388,0.00011559357299734135,5.90772139185916e-05,3.90960982093987e-05
381,15.7995439217932,0.3574849140506322,0.6425361826066953,0.00011559357299734135,5.90772139185916e-05,3.90960982093987e-05
382,15.840903984415695,0.3571091995964991,0.6429117979522282,0.00011559357299734135,5.90772139185916e-05,3.90960982093987e-05
383,15.882264047038188,0.3568596567031951,0.6431612490994784,0.00011559357299734135,5.90772139185916e-05,3.90960982093987e-05
384,15.923624109660684,0.3567345424572784,0.6432862789681657,0.00011559357299734135,5.90772139185916e-05,3.90960982093987e-05
385,15.964984172283177,0.35673188259759914,0.6432888618376048,0.00011559357299734135,5.90772139185916e-05,3.90960982093987e-05
386,16.006344234905676,0.3568494927573964,0.643171182114496,0.00011559357299734135,5.90772139185916e-05,3.90960982093987e-05
387,16.04770429752817,0.35708499803195,0.642935614774313,0.00011559357299734135,5.90772139185916e-05,3.90960982093987e-05
388,16.089064360150665,0.3574358507358367,0.642584707612141,0.00011559357299734135,5.90772139185916e-05,3.90960982093987e-05
389,16.13042442277316,0.3578993462350208,0.6421211654174915,0.00011559357299734135,5.90772139185916e-05,3.90960982093987e-05
390,16.171784485395655,0.3584726367584447,0.6415478361680929,0.00011559357299734135,5.90772139185916e-05,3.90960982093987e-05
391,16.21314454801815,0.3591527431121205,0.6408676993196978,0.00011559357299734135,5.90772139185916e-05,3.90960982093987e-05
392,16.254504610640648,0.35993656423641546,0.6400838562508614,0.00011559357299734135,5.90772139185916e-05,3.90960982093987e-05
393,16.29586467326314,0.36082088456529343,0.6391995229040055,0.00011559357299734135,5.90772139185916e-05,3.90960982093987e-05
394,16.337224735885638,0.3618023791648751,0.6382180246451612,0.00011559357299734135,5.90772139185916e-05,3.90960982093987e-05
395,16.378584798508133,0.36287761664917684,0.6371427933448146,0.00011559357299734135,5.90772139185916e-05,3.90960982093987e-05
396,16.419944861130627,0.36404305989321784,0.6359773666593235,0.00011559357299734135,5.90772139185916e-05,3.90960982093987e-05
397,16.461304923753122,0.3652950645892382,0.6347253894675788,0.00011559357299734135,5.90772139185916e-05,3.90960982093987e-05
398,16.50266498637562,0.36662987572051847,0.633390617388381,0.00011559357299734135,5.90772139185916e-05,3.90960982093987e-05
399,16.54402504899811,0.3680436220599075,0.6319769222714673,0.00011559357299734135,5.90772139185916e-05,3.90960982093987e-05
400,16.58538511162061,0.3695323088374552,0.6304882995182476,0.00011559357299734135,5.90772139185916e-05,3.90960982093987e-05
401,16.626745174243105,0.37109180876275705,0.6289288770466436,0.00011559357299734135,5.90772139185916e-05,3.90960982093987e-05
402,16.668105236865596,0.3727178516336785,0.6273029256686076,0.00011559357299734135,5.90772139185916e-05,3.90960982093987e-05
403,16.709465299488095,0.3744060128131971,0.6256148705990494,0.00011559357299734135,5.90772139185916e-05,3.90960982093987e-05
404,16.75082536211059,0.3761517009095602,0.6238693037609959,0.00011559357299734135,5.90772139185916e-05,3.90960982093987e-05
405,16.792185424733088,0.3779501450511159,0.6220709964960868,0.00011559357299734135,5.90772139185916e-05,3.90960982093987e-05
406,16.83354548735558,0.3797963822041996,0.6202249122321792,0.00011559357299734135,5.90772139185916e-05,3.90960982093987e-05
407,16.874905549978074,0.3816852450389312,0.6183362186036816,0.00011559357299734135,5.90772139185916e-05,3.90960982093987e-05
408,16.916265612600572,0.3836113509006802,0.6164102984668601,0.00011559357299734135,5.90772139185916e-05,3.90960982093987e-05
409,16.957625675223067,0.3855690924924237,0.6144527592055746,0.00011559357299734135,5.90772139185916e-05,3.90960982093987e-05
410,16.998985737845558,0.38755263091077713,0.6124694396844833,0.00011559357299734135,5.90772139185916e-05,3.90960982093987e-05
411,17.040345800468057,0.38955589170380295,0.610466414182139,0.00011559357299734135,5.90772139185916e-05,3.90960982093987e-05
412,17.08170586309055,0.39157256462711354,0.6084499926276421,0.00011559357299734135,5.90772139185916e-05,3.90960982093987e-05
413,17.12306592571305,0.39359610776264586,0.6064267164766076,0.00011559357299734135,5.90772139185916e-05,3.90960982093987e-05
414,17.16442598833554,0.39561975662852056,0.6044033495982675,0.00011559357299734135,5.90772139185916e-05,3.90960982093987e-05
415,17.205786050958036,0.39763653884477107,0.602386863609001,0.00011559357299734135,5.90772139185916e-05,3.90960982093987e-05
416,17.247146113580534,0.39963929482668364,0.6003844171806972,0.00011559357299734135,5.90772139185916e-05,3.90960982093987e-05
417,17.28850617620303,0.4016207048530962,0.5984033289766952,0.00011559357299734135,5.90772139185916e-05,3.90960982093987e-05
418,17.32986623882552,0.40357332270172425,0.5964510440231935,0.00011559357299734135,5.90772139185916e-05,3.90960982093987e-05
419,17.37122630144802,0.405489615858992,0.5945350935085658,0.00011559357299734135,5.90772139185916e-05,3.90960982093987e-05
420,17.412586364070513,0.40736201210181827,0.5926630482132715,0.00011559357299734135,5.90772139185916e-05,3.90960982093987e-05
421,17.45394642669301,0.40918295201888694,0.5908424660024845,0.00011559357299734135,5.90772139185916e-05,3.90960982093987e-05
422,17.495306489315503,0.4109449467971083,0.5890808340555149,0.00011559357299734135,5.90772139185916e-05,3.90960982093987e-05
423,17.536666551937998,0.41264064035518544,0.5873855067501468,0.00011559357299734135,5.90772139185916e-05,3.90960982093987e-05
424,17.578026614560496,0.41426287467101935,0.5857636403544993,0.00011559357299734135,5.90772139185916e-05,3.90960982093987e-05
425,17.61938667718299,0.4158047569364851,0.5842221258927544,0.00011559357299734135,5.90772139185916e-05,3.90960982093987e-05
426,17.660746739805482,0.41725972699342095,0.5827675217305293,0.00011559357299734135,5.90772139185916e-05,3.90960982093987e-05
427,17.70210680242798,0.41862162337147846,0.5814059875585413,0.00011559357299734135,5.90772139185916e-05,3.90960982093987e-05
428,17.743466865050475,0.4198847461722854,0.5801432215300641,0.00011559357299734135,5.90772139185916e-05,3.90960982093987e-05
429,17.784826927672974,0.4210439150335323,0.5789844023177608,0.00011559357299734135,5.90772139185916e-05,3.90960982093987e-05
430,17.826186990295465,0.4220945204669554,0.5779341377955749,0.00011559357299734135,5.90772139185916e-05,3.90960982093987e-05
431,17.86754705291796,0.4230325669973987,0.5769964219181393,0.00011559357299734135,5.90772139185916e-05,3.90960982093987e-05
432,17.908907115540458,0.4238547067338197,0.5761746011661789,0.00011559357299734135,5.90772139185916e-05,3.90960982093987e-05
433,17.950267178162953,0.42455826227120436,0.5754713516589205,0.00011559357299734135,5.90772139185916e-05,3.90960982093987e-05
434,17.991627240785444,0.42514123814418525,0.5748886677120778,0.00011559357299734135,5.90772139185916e-05,3.90960982093987e-05
435,18.032987303407943,0.425602320415291,0.5744278622584414,0.00011559357299734135,5.90772139185916e-05,3.90960982093987e-05
436,18.074347366030437,0.4259408643670916,0.5740895791616407,0.00011559357299734135,5.90772139185916e-05,3.90960982093987e-05
437,18.115707428652936,0.4261568706600484,0.5738738170611739,0.00011559357299734135,5.90772139185916e-05,3.90960982093987e-05
438,18.157067491275427,0.42625095069898566,0.573779964005782,0.00011559357299734135,5.90772139185916e-05,3.90960982093987e-05
439,18.198427553897922,0.42622428230351656,0.5738068417800961,0.00011559357299734135,5.90772139185916e-05,3.90960982093987e-05
440,18.23978761652042,0.4260785570859417,0.5739527585210699,0.00011559357299734135,5.90772139185916e-05,3.90960982093987e-05
441,18.281147679142915,0.42581592119187883,0.5742155679692688,0.00011559357299734135,5.90772139185916e-05,3.90960982093987e-05
442,18.32250774176541,0.4254389112447698,0.5745927335143414,0.00011559357299734135,5.90772139185916e-05,3.90960982093987e-05
443,18.363867804387905,0.42495038744956515,0.5750813950794561,0.00011559357299734135,5.90772139185916e-05,3.90960982093987e-05
444,18.4052278670104,0.4243534658521559,0.5756784368488947,0.00011559357299734135,5.90772139185916e-05,3.90960982093987e-05
445,18.446587929632898,0.42365145172010166,0.5763805538734069,0.00011559357299734135,5.90772139185916e-05,3.90960982093987e-05
446,18.48794799225539,0.42284777591229344,0.5771843156863221,0.00011559357299734135,5.90772139185916e-05,3.90960982093987e-05
447,18.529308054877884,0.42194593594681906,0.5780862252214571,0.00011559357299734135,5.90772139185916e-05,3.90960982093987e-05
448,18.570668117500382,0.4209494432666628,0.5790827715336032,0.00011559357299734135,5.90772139185916e-05,3.90960982093987e-05
449,18.612028180122877,0.4198617779517011,0.5801704750736302,0.00011559357299734135,5.90772139185916e-05,3.90960982093987e-05
450,18.653388242745372,0.4186863518433724,0.581345924551869,0.00011559357299734135,5.90772139185916e-05,3.90960982093987e-05
451,18.694748305367867,0.41742648074625793,0.5826058047261403,0.00011559357299734135,5.90772139185916e-05,3.90960982093987e-05
452,18.73610836799036,0.41608536605842505,0.5839469147623988,0.00011559357299734135,5.90772139185916e-05,3.90960982093987e-05
453,18.77746843061286,0.4146660858705979,0.5853661771284411,0.00011559357299734135,5.90772139185916e-05,3.90960982093987e-05
454,18.81882849323535,0.4131715952707168,0.5868606372838724,0.00011559357299734135,5.90772139185916e-05,3.90960982093987e-05
455,18.86018855585785,0.411604735305301,0.5884274547150622,0.00011559357299734135,5.90772139185916e-05,3.90960982093987e-05
456,18.901548618480344,0.4099682497882967,0.5900638861243392,0.00011559357299734135,5.90772139185916e-05,3.90960982093987e-05
457,18.94290868110284,0.4082648089195509,0.5917672618110673,0.00011559357299734135,5.90772139185916e-05,3.90960982093987e-05
458,18.984268743725334,0.40649703848403707,0.5935349564734251,0.00011559357299734135,5.90772139185916e-05,3.90960982093987e-05
459,19.02562880634783,0.40466755325451415,0.5953643558079549,0.00011559357299734135,5.90772139185916e-05,3.90960982093987e-05
460,19.066988868970324,0.40277899311821524,0.5972528203858948,0.00011559357299734135,5.90772139185916e-05,3.90960982093987e-05
461,19.108348931592822,0.4008340603951917,0.5991976483386381,0.00011559357299734135,5.90772139185916e-05,3.90960982093987e-05
462,19.149708994215317,0.3988355568129781,0.6011960383871777,0.00011559357299734135,5.90772139185916e-05,3.90960982093987e-05
463,19.19106905683781,0.3967864186491622,0.6032450547037819,0.00011559357299734135,5.90772139185916e-05,3.90960982093987e-05
464,19.232429119460306,0.39468974864812756,0.6053415949992825,0.00011559357299734135,5.90772139185916e-05,3.90960982093987e-05
465,19.2737891820828,0.3925488434568878,0.6074823630910083,0.00011559357299734135,5.90772139185916e-05,3.90960982093987e-05
466,19.315149244705296,0.39036721550192705,0.6096638470288873,0.00011559357299734135,5.90772139185916e-05,3.90960982093987e-05
467,19.35650930732779,0.38814860843777627,0.611882303649369,0.00011559357299734135,5.90772139185916e-05,3.90960982093987e-05
468,19.39786936995029,0.3858970055295736,0.6141337501942445,0.00011559357299734135,5.90772139185916e-05,3.90960982093987e-05
469,19.439229432572784,0.3836166305778202,0.6164139633864788,0.00011559357299734135,5.90772139185916e-05,3.90960982093987e-05
470,19.48058949519528,0.3813119412437071,0.6187184861045322,0.00011559357299734135,5.90772139185916e-05,3.90960982093987e-05
471,19.521949557817774,0.37898761487839844,0.6210426415518957,0.00011559357299734135,5.90772139185916e-05,3.90960982093987e-05
472,19.56330962044027,0.37664852719061975,0.6233815545874958,0.00011559357299734135,5.90772139185916e-05,3.90960982093987e-05
473,19.604669683062763,0.3742997242956705,0.6257301796739988,0.00011559357299734135,5.90772139185916e-05,3.90960982093987e-05
474,19.646029745685258,0.37194638886943504,0.6280833347207043,0.00011559357299734135,5.90772139185916e-05,3.90960982093987e-05
475,19.687389808307756,0.3695938012775559,0.6304357399508658,0.00011559357299734135,5.90772139185916e-05,3.90960982093987e-05
476,19.72874987093025,0.36724729666072015,0.6327820608127802,0.00011559357299734135,5.90772139185916e-05,3.90960982093987e-05
477,19.770109933552746,0.36491221903003707,0.6351169538808795,0.00011559357299734135,5.90772139185916e-05,3.90960982093987e-05
478,19.81146999617524,0.3625938734629227,0.6374351146563775,0.00011559357299734135,5.90772139185916e-05,3.90960982093987e-05
479,19.852830058797736,0.3602974774920564,0.6397313261752997,0.00011559357299734135,5.90772139185916e-05,3.90960982093987e-05
480,19.89419012142023,0.35802811275108015,0.6420005073601159,0.00011559357299734135,5.90772139185916e-05,3.90960982093987e-05
481,19.93555018404273,0.3557906778854864,0.6442377601068504,0.00011559357299734135,5.90772139185916e-05,3.90960982093987e-05
482,19.97691024666522,0.3535898436602938,0.6464384141757689,0.00011559357299734135,5.90772139185916e-05,3.90960982093987e-05
483,20.01827030928772,0.351430011103098,0.6485980690473528,0.00011559357299734135,5.90772139185916e-05,3.90960982093987e-05
484,20.059630371910213,0.34931527341652674,0.6507126320093868,0.00011559357299734135,5.90772139185916e-05,3.90960982093987e-05
485,20.100990434532708,0.3472493822829247,0.6527783518521066,0.00011559357299734135,5.90772139185916e-05,3.90960982093987e-05
486,20.142350497155203,0.3452357190700338,0.6547918476628793,0.00011559357299734135,5.90772139185916e-05,3.90960982093987e-05
487,20.183710559777698,0.3432772713328898,0.65675013232456,0.00011559357299734135,5.90772139185916e-05,3.90960982093987e-05
488,20.225070622400196,0.3413766148966585,0.6586506304330763,0.00011559357299734135,5.90772139185916e-05,3.90960982093987e-05
489,20.26643068502269,0.3395359016992529,0.6604911904550274,0.00011559357299734135,5.90772139185916e-05,3.90960982093987e-05
490,20.307790747645182,0.33775685347243356,0.6622700910463778,0.00011559357299734135,5.90772139185916e-05,3.90960982093987e-05
491,20.34915081026768,0.3360407612463836,0.6639860415472396,0.00011559357299734135,5.90772139185916e-05,3.90960982093987e-05
492,20.390510872890175,0.33438849057488584,0.6656381767552698,0.00011559357299734135,5.90772139185916e-05,3.90960982093987e-05
493,20.43187093551267,0.332800492296583,0.6672260461622717,0.00011559357299734135,5.90772139185916e-05,3.90960982093987e-05
494,20.473230998135165,0.33127681857133895,0.6687495979147122,0.00011559357299734135,5.90772139185916e-05,3.90960982093987e-05
495,20.51459106075766,0.3298171438592876,0.6702091578307233,0.00011559357299734135,5.90772139185916e-05,3.90960982093987e-05
496,20.555951123380158,0.32842079044317324,0.671605403872622,0.00011559357299734135,5.90772139185916e-05,3.90960982093987e-05
497,20.597311186002653,0.3270867580322824,0.6729393365371923,0.00011559357299734135,5.90772139185916e-05,3.90960982093987e-05
498,20.638671248625144,0.3258137569281052,0.6742122456832045,0.00011559357299734135,5.90772139185916e-05,3.90960982093987e-05
499,20.680031311247642,0.32460024417927086,0.675425674369074,0.00011559357299734135,5.90772139185916e-05,3.90960982093987e-05
500,20.721391373870137,0.32344446210638217,0.6765813803201564,0.00011559357299734135,5.90772139185916e-05,3.90960982093987e-05
501,20.762751436492636,0.3223444785376751,0.6776812956848799,0.00011559357299734135,5.90772139185916e-05,3.90960982093987e-05
502,20.804111499115127,0.3212982280656167,0.6787274857702813,0.00011559357299734135,5.90772139185916e-05,3.90960982093987e-05
503,20.84547156173762,0.32030355361348306,0.6797221074675192,0.00011559357299734135,5.90772139185916e-05,3.90960982093987e-05
504,20.88683162436012,0.31935824759263637,0.6806673680878553,0.00011559357299734135,5.90772139185916e-05,3.90960982093987e-05
505,20.928191686982615,0.3184600919355981,0.6815654853234868,0.00011559357299734135,5.90772139185916e-05,3.90960982093987e-05
506,20.969551749605106,0.3176068963100019,0.6824186490292947,0.00011559357299734135,5.90772139185916e-05,3.90960982093987e-05
507,21.010911812227604,0.3167965338535874,0.6832289854849823,0.00011559357299734135,5.90772139185916e-05,3.90960982093987e-05
508,21.0522718748501,0.3160269738222779,0.6839985247463424,0.00011559357299734135,5.90772139185916e-05,3.90960982093987e-05
509,21.093631937472594,0.315296310610465,0.6847291716264867,0.00011559357299734135,5.90772139185916e-05,3.90960982093987e-05
510,21.13499200009509,0.3146027886850866,0.6854226807657667,0.00011559357299734135,5.90772139185916e-05,3.90960982093987e-05
511,21.176352062717584,0.3139448230701457,0.6860806361538359,0.00011559357299734135,5.90772139185916e-05,3.90960982093987e-05
512,21.21771212534008,0.31332101512447064,0.6867044353610192,0.00011559357299734135,5.90772139185916e-05,3.90960982093987e-05
513,21.259072187962573,0.3127301634686917,0.6872952786230889,0.00011559357299734135,5.90772139185916e-05,3.90960982093987e-05
514,21.300432250585068,0.31217127003498374,0.6878541628056786,0.00011559357299734135,5.90772139185916e-05,3.90960982093987e-05
515,21.341792313207563,0.31164354133037325,0.6883818801573606,0.00011559357299734135,5.90772139185916e-05,3.90960982093987e-05
516,21.383152375830065,0.3111463851180109,0.6888790216466963,0.00011559357299734135,5.90772139185916e-05,3.90960982093987e-05
517,21.424512438452552,0.3106794028264133,0.6893459845729095,0.00011559357299734135,5.90772139185916e-05,3.90960982093987e-05
518,21.465872501075047,0.3102423780908944,0.6897829840456132,0.00011559357299734135,5.90772139185916e-05,3.90960982093987e-05
519,21.50723256369755,0.30983526191133215,0.690190067848818,0.00011559357299734135,5.90772139185916e-05,3.90960982093987e-05
520,21.548592626320044,0.30945815497318624,0.6905671341420451,0.00011559357299734135,5.90772139185916e-05,3.90960982093987e-05
521,21.589952688942535,0.309111287723456,0.6909139514062449,0.00011559357299734135,5.90772139185916e-05,3.90960982093987e-05
522,21.631312751565034,0.3087949988182394,0.6912301800173809,0.00011559357299734135,5.90772139185916e-05,3.90960982093987e-05
523,21.67267281418753,0.30850971256480786,0.691515394824199,0.00011559357299734135,5.90772139185916e-05,3.90960982093987e-05
524,21.714032876810023,0.308255915968711,0.6917691081194901,0.00011559357299734135,5.90772139185916e-05,3.90960982093987e-05
525,21.755392939432518,0.30803413596715296,0.6919907924229383,0.00011559357299734135,5.90772139185916e-05,3.90960982093987e-05
526,21.796753002055013,0.3078449173858216,0.6921799025380222,0.00011559357299734135,5.90772139185916e-05,3.90960982093987e-05
527,21.838113064677508,0.30768880210011523,0.6923358964020382,0.00011559357299734135,5.90772139185916e-05,3.90960982093987e-05
528,21.879473127300002,0.30756630981546107,0.6924582543138523,0.00011559357299734135,5.90772139185916e-05,3.90960982093987e-05
529,21.920833189922497,0.3074779208089265,0.692546496197546,0.00011559357299734135,5.90772139185916e-05,3.90960982093987e-05
530,21.962193252544992,0.3074240608973975,0.6926001966360379,0.00011559357299734135,5.90772139185916e-05,3.90960982093987e-05
531,22.003553315167487,0.30740508881980616,0.6926189974877156,0.00011559357299734135,5.90772139185916e-05,3.90960982093987e-05
532,22.04491337778999,0.3074212861438229,0.6926026179752752,0.00011559357299734135,5.90772139185916e-05,3.90960982093987e-05
533,22.08627344041248,0.3074728497338448,0.6925508622101768,0.00011559357299734135,5.90772139185916e-05,3.90960982093987e-05
534,22.127633503034975,0.30755988674843954,0.6924636241849422,0.00011559357299734135,5.90772139185916e-05,3.90960982093987e-05
535,22.168993565657473,0.3076824120727959,0.6923408903274202,0.00011559357299734135,5.90772139185916e-05,3.90960982093987e-05
536,22.210353628279968,0.3078403480369198,0.6921827397670816,0.00011559357299734135,5.90772139185916e-05,3.90960982093987e-05
537,22.25171369090246,0.30803352622297814,0.6919893425097972,0.00011559357299734135,5.90772139185916e-05,3.90960982093987e-05
538,22.293073753524958,0.30826169112677904,0.6917609557566514,0.00011559357299734135,5.90772139185916e-05,3.90960982093987e-05
539,22.334433816147452,0.30852450540792187,0.6914979186324838,0.00011559357299734135,5.90772139185916e-05,3.90960982093987e-05
540,22.375793878769947,0.30882155644157855,0.6912006456114856,0.00011559357299734135,5.90772139185916e-05,3.90960982093987e-05
541,22.417153941392442,0.3091523638711727,0.6908696189411616,0.00011559357299734135,5.90772139185916e-05,3.90960982093987e-05
542,22.458514004014937,0.3095163878552139,0.6905053803713609,0.00011559357299734135,5.90772139185916e-05,3.90960982093987e-05
543,22.49987406663743,0.30991303770322975,0.6901085224942186,0.00011559357299734135,5.90772139185916e-05,3.90960982093987e-05
544,22.54123412925993,0.3103416806036186,0.689679679992329,0.00011559357299734135,5.90772139185916e-05,3.90960982093987e-05
545,22.582594191882425,0.3108016501607529,0.6892195210779888,0.00011559357299734135,5.90772139185916e-05,3.90960982093987e-05
546,22.62395425450492,0.31129225447869635,0.6887287393869652,0.00011559357299734135,5.90772139185916e-05,3.90960982093987e-05
547,22.665314317127415,0.3118127835537423,0.6882080465644129,0.00011559357299734135,5.90772139185916e-05,3.90960982093987e-05
548,22.706674379749913,0.3123625157675641,0.687658165751804,0.00011559357299734135,5.90772139185916e-05,3.90960982093987e-05
549,22.748034442372404,0.31294072330583483,0.6870798261500635,0.00011559357299734135,5.90772139185916e-05,3.90960982093987e-05
550,22.7893945049949,0.3135466763637928,0.6864737587979296,0.00011559357299734135,5.90772139185916e-05,3.90960982093987e-05
551,22.830754567617397,0.3141796460389768,0.6858406936653434,0.00011559357299734135,5.90772139185916e-05,3.90960982093987e-05
552,22.872114630239892,0.314838905852277,0.6851813581209929,0.00011559357299734135,5.90772139185916e-05,3.90960982093987e-05
553,22.913474692862383,0.31552373188037935,0.6844964767912809,0.00011559357299734135,5.90772139185916e-05,3.90960982093987e-05
554,22.95483475548488,0.31623340152478613,0.6837867727852797,0.00011559357299734135,5.90772139185916e-05,3.90960982093987e-05
555,22.996194818107377,0.31696719098470266,0.6830529702188801,0.00011559357299734135,5.90772139185916e-05,3.90960982093987e-05
556,23.03755488072987,0.3177243715412354,0.6822957979304274,0.00011559357299734135,5.90772139185916e-05,3.90960982093987e-05
557,23.07891494335237,0.3185042047989063,0.681515994241978,0.00011559357299734135,5.90772139185916e-05,3.90960982093987e-05
558,23.120275005974865,0.3193059370654411,0.6807143125850749,0.00011559357299734135,5.90772139185916e-05,3.90960982093987e-05
559,23.16163506859736,0.32012879308197145,0.679891527778827,0.00011559357299734135,5.90772139185916e-05,3.90960982093987e-05
560,23.202995131219854,0.32097196934183936,0.6790484427219282,0.00011559357299734135,5.90772139185916e-05,3.90960982093987e-05
561,23.24435519384235,0.3218346272565146,0.678185895239853,0.00011559357299734135,5.90772139185916e-05,3.90960982093987e-05
562,23.285715256464844,0.3227158864407192,0.6773047648148216,0.00011559357299734135,5.90772139185916e-05,3.90960982093987e-05
563,23.32707531908734,0.3236148183953107,0.6764059789198422,0.00011559357299734135,5.90772139185916e-05,3.90960982093987e-05
564,23.368435381709837,0.32453044086489474,0.6754905186792546,0.00011559357299734135,5.90772139185916e-05,3.90960982093987e-05
565,23.409795444332328,0.3254617131373819,0.6745594235884179,0.00011559357299734135,5.90772139185916e-05,3.90960982093987e-05
566,23.451155506954823,0.32640753253475135,0.6736137950426718,0.00011559357299734135,5.90772139185916e-05,3.90960982093987e-05
567,23.49251556957732,0.327366732317704,0.6726547984526327,0.00011559357299734135,5.90772139185916e-05,3.90960982093987e-05
568,23.533875632199816,0.3283380811926184,0.6716836637568847,0.00011559357299734135,5.90772139185916e-05,3.90960982093987e-05
569,23.575235694822307,0.32932028456731693,0.6707016841852197,0.00011559357299734135,5.90772139185916e-05,3.90960982093987e-05
570,23.61659575744481,0.33031198765393427,0.6697102131736665,0.00011559357299734135,5.90772139185916e-05,3.90960982093987e-05
571,23.657955820067304,0.33131178046338833,0.6687106593866037,0.00011559357299734135,5.90772139185916e-05,3.90960982093987e-05
572,23.6993158826898,0.33231820467836926,0.667704479858464,0.00011559357299734135,5.90772139185916e-05,3.90960982093987e-05
573,23.740675945312294,0.3333297623317559,0.6666931713281466,0.00011559357299734135,5.90772139185916e-05,3.90960982093987e-05
574,23.78203600793479,0.3343449261569033,0.66567825989927,0.00011559357299734135,5.90772139185916e-05,3.90960982093987e-05
575,23.823396070557283,0.33536215141724146,0.6646612892187594,0.00011559357299734135,5.90772139185916e-05,3.90960982093987e-05
576,23.864756133179778,0.33637988896719884,0.6636438074217039,0.00011559357299734135,5.90772139185916e-05,3.90960982093987e-05
577,23.906116195802273,0.337396599246488,0.6626273531403801,0.00011559357299734135,5.90772139185916e-05,3.90960982093987e-05
578,23.947476258424768,0.3384107668674835,0.6616134409177825,0.00011559357299734135,5.90772139185916e-05,3.90960982093987e-05
579,23.988836321047263,0.3394209154222434,0.6606035463993029,0.00011559357299734135,5.90772139185916e-05,3.90960982093987e-05
580,24.03019638366976,0.340425622113451,0.6595990916984219,0.00011559357299734135,5.90772139185916e-05,3.90960982093987e-05
581,24.071556446292252,0.3414235318032716,0.6586014313426771,0.00011559357299734135,5.90772139185916e-05,3.90960982093987e-05
582,24.112916508914747,0.34241337007646694,0.6576118392038367,0.00011559357299734135,5.90772139185916e-05,3.90960982093987e-05
583,24.15427657153725,0.3433939549298821,0.6566314968006671,0.00011559357299734135,5.90772139185916e-05,3.90960982093987e-05
584,24.195636634159744,0.3443642067285964,0.6556614833340915,0.00011559357299734135,5.90772139185916e-05,3.90960982093987e-05
585,24.23699669678223,0.3453231561100854,0.6547027677740317,0.00011559357299734135,5.90772139185916e-05,3.90960982093987e-05
586,24.278356759404733,0.34626994956952956,0.6537562032650436,0.00011559357299734135,5.90772139185916e-05,3.90960982093987e-05
587,24.319716822027228,0.3472038525209813,0.652822524056429,0.00011559357299734135,5.90772139185916e-05,3.90960982093987e-05
588,24.361076884649723,0.3481242496983316,0.6519023450932508,0.00011559357299734135,5.90772139185916e-05,3.90960982093987e-05
589,24.402436947272218,0.3490306428348031,0.6509961643297631,0.00011559357299734135,5.90772139185916e-05,3.90960982093987e-05
590,24.443797009894713,0.3499226456374602,0.6501043677491729,0.00011559357299734135,5.90772139185916e-05,3.90960982093987e-05
591,24.485157072517207,0.3507999761515925,0.6492272369948645,0.00011559357299734135,5.90772139185916e-05,3.90960982093987e-05
592,24.526517135139702,0.3516624466864661,0.6483649594419556,0.00011559357299734135,5.90772139185916e-05,3.90960982093987e-05
593,24.567877197762197,0.352509951546075,0.6475176404654941,0.00011559357299734135,5.90772139185916e-05,3.90960982093987e-05
594,24.609237260384692,0.35334245287432664,0.6466853175958588,0.00011559357299734135,5.90772139185916e-05,3.90960982093987e-05
595,24.650597323007187,0.3541599649816846,0.6458679761945039,0.00011559357299734135,5.90772139185916e-05,3.90960982093987e-05
596,24.69195738562969,0.3549625375674656,0.6450655662353411,0.00011559357299734135,5.90772139185916e-05,3.90960982093987e-05
597,24.733317448252176,0.3557502382884382,0.6442780197413722,0.00011559357299734135,5.90772139185916e-05,3.90960982093987e-05
598,24.77467751087467,0.35652313514821,0.643505268401521,0.00011559357299734135,5.90772139185916e-05,3.90960982093987e-05
599,24.816037573497173,0.35728127919336217,0.6427472608816559,0.00011559357299734135,5.90772139185916e-05,3.90960982093987e-05
600,24.857397636119668,0.3580246880005946,0.642003979345072,0.00011559357299734135,5.90772139185916e-05,3.90960982093987e-05
601,24.898757698742155,0.35875333042500995,0.6412754547121602,0.00011559357299734135,5.90772139185916e-05,3.90960982093987e-05
602,24.940117761364657,0.3594671130527889,0.6405617802154754,0.00011559357299734135,5.90772139185916e-05,3.90960982093987e-05
603,24.981477823987152,0.36016586876343964,0.6398631228449073,0.00011559357299734135,5.90772139185916e-05,3.90960982093987e-05
604,25.022837886609647,0.3608493477576112,0.6391797323264663,0.00011559357299734135,5.90772139185916e-05,3.90960982093987e-05
605,25.064197949232142,0.3615172113480142,0.6385119473369442,0.00011559357299734135,5.90772139185916e-05,3.90960982093987e-05
606,25.105558011854637,0.36216902874406354,0.6378601987235185,0.00011559357299734135,5.90772139185916e-05,3.90960982093987e-05
607,25.14691807447713,0.3628042769874013,0.6372250095709868,0.00011559357299734135,5.90772139185916e-05,3.90960982093987e-05
608,25.188278137099626,0.3634223441166976,0.6366069920380278,0.00011559357299734135,5.90772139185916e-05,3.90960982093987e-05
609,25.22963819972212,0.3640225355582877,0.636006840965711,0.00011559357299734135,5.90772139185916e-05,3.90960982093987e-05
610,25.270998262344616,0.36460408365594554,0.635425324345155,0.00011559357299734135,5.90772139185916e-05,3.90960982093987e-05
611,25.31235832496711,0.36516616017045667,0.6348632708133961,0.00011559357299734135,5.90772139185916e-05,3.90960982093987e-05
612,25.353718387589613,0.3657078915000858,0.6343215544265739,0.00011559357299734135,5.90772139185916e-05,3.90960982093987e-05
613,25.3950784502121,0.36622837629821975,0.6338010770343242,0.00011559357299734135,5.90772139185916e-05,3.90960982093987e-05
614,25.4364385128346,0.3667267050969879,0.6333027486467097,0.00011559357299734135,5.90772139185916e-05,3.90960982093987e-05
615,25.477798575457097,0.36720198148737043,0.6328274662432499,0.00011559357299734135,5.90772139185916e-05,3.90960982093987e-05
616,25.519158638079592,0.3676533443592078,0.6323760915212319,0.00011559357299734135,5.90772139185916e-05,3.90960982093987e-05
617,25.560518700702083,0.3680799906704563,0.6319494281141279,0.00011559357299734135,5.90772139185916e-05,3.90960982093987e-05
618,25.60187876332458,0.3684811981948429,0.6315481988311067,0.00011559357299734135,5.90772139185916e-05,3.90960982093987e-05
619,25.643238825947076,0.3688563476927399,0.6311730234735043,0.00011559357299734135,5.90772139185916e-05,3.90960982093987e-05
620,25.68459888856957,0.3692049439609231,0.6308243977727671,0.00011559357299734135,5.90772139185916e-05,3.90960982093987e-05
621,25.725958951192066,0.3695266352437927,0.6305026739675944,0.00011559357299734135,5.90772139185916e-05,3.90960982093987e-05
622,25.76731901381456,0.3698212305304266,0.6302080434963395,0.00011559357299734135,5.90772139185916e-05,3.90960982093987e-05
623,25.808679076437055,0.370088714317731,0.6299405222246858,0.00011559357299734135,5.90772139185916e-05,3.90960982093987e-05
624,25.85003913905955,0.37032925848770637,0.6296999385607416,0.00011559357299734135,5.90772139185916e-05,3.90960982093987e-05
625,25.891399201682045,0.37054323102478554,0.6294859247319502,0.00011559357299734135,5.90772139185916e-05,3.90960982093987e-05
626,25.93275926430454,0.37073120138406995,0.6292979114129995,0.00011559357299734135,5.90772139185916e-05,3.90960982093987e-05
627,25.97411932692704,0.37089394241067986,0.6291351258046474,0.00011559357299734135,5.90772139185916e-05,3.90960982093987e-05
628,26.015479389549537,0.37103242880078846,0.6289965931730647,0.00011559357299734135,5.90772139185916e-05,3.90960982093987e-05
629,26.056839452172028,0.37114783218339026,0.6288811417703706,0.00011559357299734135,5.90772139185916e-05,3.90960982093987e-05
630,26.098199514794523,0.37124151298530117,0.6287874109739833,0.00011559357299734135,5.90772139185916e-05,3.90960982093987e-05
631,26.13955957741702,0.37131500931784067,0.6287138624061642,0.00011559357299734135,5.90772139185916e-05,3.90960982093987e-05
632,26.180919640039516,0.37137002318933965,0.6286587937293018,0.00011559357299734135,5.90772139185916e-05,3.90960982093987e-05
633,26.222279702662007,0.37140840440180395,0.6286203547585488,0.00011559357299734135,5.90772139185916e-05,3.90960982093987e-05
634,26.263639765284506,0.37143213253103974,0.6285965654922275,0.00011559357299734135,5.90772139185916e-05,3.90960982093987e-05
635,26.304999827907,0.3714432974167176,0.6285853356331167,0.00011559357299734135,5.90772139185916e-05,3.90960982093987e-05
636,26.346359890529495,0.3714440786023307,0.6285844851605128,0.00011559357299734135,5.90772139185916e-05,3.90960982093987e-05
637,26.38771995315199,0.37143672416490453,0.6285917655130185,0.00011559357299734135,5.90772139185916e-05,3.90960982093987e-05
638,26.429080015774485,0.37142352936160605,0.6286048809543048,0.00011559357299734135,5.90772139185916e-05,3.90960982093987e-05
639,26.47044007839698,0.37140681549667953,0.6286215097184773,0.00011559357299734135,5.90772139185916e-05,3.90960982093987e-05
640,26.511800141019478,0.371388909378505,0.6286393245648535,0.00011559357299734135,5.90772139185916e-05,3.90960982093987e-05
641,26.553160203641973,0.37137212369507977,0.6286560124135839,0.00011559357299734135,5.90772139185916e-05,3.90960982093987e-05
642,26.594520266264468,0.37135873858893537,0.6286692927810001,0.00011559357299734135,5.90772139185916e-05,3.90960982093987e-05
643,26.635880328886962,0.37135098466086836,0.6286769347851243,0.00011559357299734135,5.90772139185916e-05,3.90960982093987e-05
644,26.677240391509457,0.3713510275781784,0.6286767725454594,0.00011559357299734135,5.90772139185916e-05,3.90960982093987e-05
645,26.718600454131952,0.3713609544088152,0.62866671885551,0.00011559357299734135,5.90772139185916e-05,3.90960982093987e-05
646,26.759960516754447,0.3713827617498353,0.6286447770597454,0.00011559357299734135,5.90772139185916e-05,3.90960982093987e-05
647,26.801320579376945,0.37141834566770676,0.6286090511171808,0.00011559357299734135,5.90772139185916e-05,3.90960982093987e-05
648,26.842680641999436,0.3714694934211744,0.6285577538809861,0.00011559357299734135,5.90772139185916e-05,3.90960982093987e-05
649,26.88404070462193,0.37153787689493,0.628489213665841,0.00011559357299734135,5.90772139185916e-05,3.90960982093987e-05
650,26.92540076724443,0.3716250476354527,0.62840187921165,0.00011559357299734135,5.90772139185916e-05,3.90960982093987e-05
651,26.966760829866924,0.3717324333493391,0.6282943231834396,0.00011559357299734135,5.90772139185916e-05,3.90960982093987e-05
652,27.008120892489416,0.37186133569985236,0.6281652443716297,0.00011559357299734135,5.90772139185916e-05,3.90960982093987e-05
653,27.049480955111918,0.3720129292194522,0.6280134687750051,0.00011559357299734135,5.90772139185916e-05,3.90960982093987e-05
654,27.090841017734412,0.3721882611446138,0.6278379497603486,0.00011559357299734135,5.90772139185916e-05,3.90960982093987e-05
655,27.132201080356907,0.37238825197441394,0.6276377674970057,0.00011559357299734135,5.90772139185916e-05,3.90960982093987e-05
656,27.173561142979402,0.3726136965559996,0.6274121278636615,0.00011559357299734135,5.90772139185916e-05,3.90960982093987e-05
657,27.214921205601897,0.3728652655074654,0.6271603610166706,0.00011559357299734135,5.90772139185916e-05,3.90960982093987e-05
658,27.25628126822439,0.37314350680197783,0.6268819197964874,0.00011559357299734135,5.90772139185916e-05,3.90960982093987e-05
659,27.297641330846886,0.37344884735484113,0.6265763781302593,0.00011559357299734135,5.90772139185916e-05,3.90960982093987e-05
660,27.33900139346938,0.3737815944780471,0.6262434295664493,0.00011559357299734135,5.90772139185916e-05,3.90960982093987e-05
661,27.380361456091876,0.3741419370927334,0.6258828860511559,0.00011559357299734135,5.90772139185916e-05,3.90960982093987e-05
662,27.42172151871437,0.3745299466189881,0.6254946770266306,0.00011559357299734135,5.90772139185916e-05,3.90960982093987e-05
663,27.46308158133687,0.37494557749342444,0.6250788489020271,0.00011559357299734135,5.90772139185916e-05,3.90960982093987e-05
664,27.50444164395936,0.3753886672966735,0.6246355649141123,0.00011559357299734135,5.90772139185916e-05,3.90960982093987e-05
665,27.545801706581855,0.3758589365049523,0.6241651053641367,0.00011559357299734135,5.90772139185916e-05,3.90960982093987e-05
666,27.587161769204357,0.37635598791077657,0.6236678681858945,0.00011559357299734135,5.90772139185916e-05,3.90960982093987e-05
667,27.628521831826852,0.3768793057868422,0.6231443697712243,0.00011559357299734135,5.90772139185916e-05,3.90960982093987e-05
668,27.66988189444934,0.377428254893209,0.6225952459527718,0.00011559357299734135,5.90772139185916e-05,3.90960982093987e-05
669,27.71124195707184,0.37800207945032516,0.6220212530219905,0.00011559357299734135,5.90772139185916e-05,3.90960982093987e-05
670,27.752602019694336,0.37859990221805884,0.6214232686421292,0.00011559357299734135,5.90772139185916e-05,3.90960982093987e-05
671,27.79396208231683,0.3792207238335725,0.6208022925036992,0.00011559357299734135,5.90772139185916e-05,3.90960982093987e-05
672,27.835322144939326,0.3798634225675801,0.6201594465629461,0.00011559357299734135,5.90772139185916e-05,3.90960982093987e-05
673,27.87668220756182,0.38052675465931635,0.6194959747032485,0.00011559357299734135,5.90772139185916e-05,3.90960982093987e-05
674,27.918042270184316,0.38120935538507744,0.6188132416644787,0.00011559357299734135,5.90772139185916e-05,3.90960982093987e-05
675,27.95940233280681,0.3819097410038351,0.6181127310972193,0.00011559357299734135,5.90772139185916e-05,3.90960982093987e-05
676,28.000762395429305,0.3826263117060736,0.6173960426154596,0.00011559357299734135,5.90772139185916e-05,3.90960982093987e-05
677,28.0421224580518,0.3833573556697945,0.6166648877438813,0.00011559357299734135,5.90772139185916e-05,3.90960982093987e-05
678,28.083482520674295,0.38410105430102376,0.615921084682525,0.00011559357299734135,5.90772139185916e-05,3.90960982093987e-05
679,28.124842583296797,0.38485548870604896,0.6151665518412222,0.00011559357299734135,5.90772139185916e-05,3.90960982093987e-05
680,28.166202645919284,0.3856186474105586,0.6144033001287948,0.00011559357299734135,5.90772139185916e-05,3.90960982093987e-05
681,28.20756270854178,0.3863884353075101,0.6136334240147441,0.00011559357299734135,5.90772139185916e-05,3.90960982093987e-05
682,28.24892277116428,0.38716268378277835,0.6128590914143788,0.00011559357299734135,5.90772139185916e-05,3.90960982093987e-05
683,28.290282833786776,0.3879391619360399,0.6120825324795336,0.00011559357299734135,5.90772139185916e-05,3.90960982093987e-05
684,28.331642896409267,0.3887155887857245,0.6113060274057174,0.00011559357299734135,5.90772139185916e-05,3.90960982093987e-05
685,28.373002959031766,0.38948964632164784,0.6105318933919932,0.00011559357299734135,5.90772139185916e-05,3.90960982093987e-05
686,28.41436302165426,0.39025899324829044,0.6097624709101499,0.00011559357299734135,5.90772139185916e-05,3.90960982093987e-05
687,28.455723084276755,0.39102127924597524,0.6090001094555388,0.00011559357299734135,5.90772139185916e-05,3.90960982093987e-05
688,28.49708314689925,0.3917741595668519,0.6082471529625717,0.00011559357299734135,5.90772139185916e-05,3.90960982093987e-05
689,28.538443209521745,0.39251530977759,0.6075059250725894,0.00011559357299734135,5.90772139185916e-05,3.90960982093987e-05
690,28.57980327214424,0.3932424404606308,0.6067787144419498,0.00011559357299734135,5.90772139185916e-05,3.90960982093987e-05
691,28.621163334766734,0.39395331169079845,0.6060677602735207,0.00011559357299734135,5.90772139185916e-05,3.90960982093987e-05
692,28.66252339738923,0.3946457471126423,0.6053752382459061,0.00011559357299734135,5.90772139185916e-05,3.90960982093987e-05
693,28.703883460011724,0.3953176474560131,0.604703247002754,0.00011559357299734135,5.90772139185916e-05,3.90960982093987e-05
694,28.74524352263422,0.3959670033418968,0.6040537953503322,0.00011559357299734135,5.90772139185916e-05,3.90960982093987e-05
695,28.78660358525672,0.3965919072463111,0.603428790295315,0.00011559357299734135,5.90772139185916e-05,3.90960982093987e-05
696,28.82796364787921,0.3971905645070059,0.6028300260382203,0.00011559357299734135,5.90772139185916e-05,3.90960982093987e-05
697,28.869323710501707,0.3977613032743429,0.6022591740213843,0.00011559357299734135,5.90772139185916e-05,3.90960982093987e-05
698,28.910683773124205,0.3983025833236854,0.6017177741139571,0.00011559357299734135,5.90772139185916e-05,3.90960982093987e-05
699,28.9520438357467,0.3988130036621017,0.6012072270018114,0.00011559357299734135,5.90772139185916e-05,3.90960982093987e-05
700,28.99340389836919,0.3992913088753774,0.6007287878361031,0.00011559357299734135,5.90772139185916e-05,3.90960982093987e-05
701,29.03476396099169,0.3997363941743823,0.6002835611821876,0.00011559357299734135,5.90772139185916e-05,3.90960982093987e-05
702,29.076124023614184,0.40014730911033275,0.5998724972992263,0.00011559357299734135,5.90772139185916e-05,3.90960982093987e-05
703,29.11748408623668,0.4005232599390347,0.5994963897709226,0.00011559357299734135,5.90772139185916e-05,3.90960982093987e-05
704,29.158844148859174,0.40086361062318193,0.5991558744984692,0.00011559357299734135,5.90772139185916e-05,3.90960982093987e-05
705,29.20020421148167,0.4011678824709943,0.5988514300576941,0.00011559357299734135,5.90772139185916e-05,3.90960982093987e-05
706,29.241564274104164,0.4014357524185166,0.5985833794133059,0.00011559357299734135,5.90772139185916e-05,3.90960982093987e-05
707,29.28292433672666,0.4016670499726337,0.598351892973266,0.00011559357299734135,5.90772139185916e-05,3.90960982093987e-05
708,29.324284399349153,0.40186175284250847,0.5981569929558692,0.00011559357299734135,5.90772139185916e-05,3.90960982093987e-05
709,29.365644461971648,0.40201998129879785,0.5979985590301135,0.00011559357299734135,5.90772139185916e-05,3.90960982093987e-05
710,29.407004524594146,0.4021419913132925,0.597876335176793,0.00011559357299734135,5.90772139185916e-05,3.90960982093987e-05
711,29.448364587216645,0.4022281665460267,0.5977899377032292,0.00011559357299734135,5.90772139185916e-05,3.90960982093987e-05
712,29.489724649839136,0.4022790092627228,0.5977388643287613,0.00011559357299734135,5.90772139185916e-05,3.90960982093987e-05
713,29.53108471246163,0.40229513028211583,0.5977225042412443,0.00011559357299734135,5.90772139185916e-05,3.90960982093987e-05
714,29.57244477508413,0.4022772380699837,0.5977401490075668,0.00011559357299734135,5.90772139185916e-05,3.90960982093987e-05
715,29.613804837706624,0.4022261271142825,0.5977910042038095,0.00011559357299734135,5.90772139185916e-05,3.90960982093987e-05
716,29.655164900329115,0.4021426657323365,0.5978742016134925,0.00011559357299734135,5.90772139185916e-05,3.90960982093987e-05
717,29.696524962951614,0.402027783477023,0.597988811827121,0.00011559357299734135,5.90772139185916e-05,3.90960982093987e-05
718,29.73788502557411,0.4018824583226063,0.5981338570618924,0.00011559357299734135,5.90772139185916e-05,3.90960982093987e-05
719,29.779245088196603,0.4017077038220112,0.5983083240096174,0.00011559357299734135,5.90772139185916e-05,3.90960982093987e-05
720,29.820605150819098,0.40150455643570915,0.5985111765123994,0.00011559357299734135,5.90772139185916e-05,3.90960982093987e-05
721,29.861965213441593,0.4012740632365674,0.5987413678616038,0.00011559357299734135,5.90772139185916e-05,3.90960982093987e-05
722,29.903325276064088,0.40101727019506395,0.5989978525153118,0.00011559357299734135,5.90772139185916e-05,3.90960982093987e-05
723,29.944685338686586,0.4007352112449763,0.5992795970341787,0.00011559357299734135,5.90772139185916e-05,3.90960982093987e-05
724,29.98604540130908,0.40042889832007894,0.599585590044755,0.00011559357299734135,5.90772139185916e-05,3.90960982093987e-05
725,30.027405463931576,0.40009931253823944,0.5999148510541408,0.00011559357299734135,5.90772139185916e-05,3.90960982093987e-05
726,30.06876552655407,0.3997473966899667,0.600266437958284,0.00011559357299734135,5.90772139185916e-05,3.90960982093987e-05
727,30.11012558917657,0.399374049164612,0.6006394531112604,0.00011559357299734135,5.90772139185916e-05,3.90960982093987e-05
728,30.15148565179906,0.39898011941916234,0.6010330478500563,0.00011559357299734135,5.90772139185916e-05,3.90960982093987e-05
729,30.192845714421555,0.3985664050624649,0.6014464254023296,0.00011559357299734135,5.90772139185916e-05,3.90960982093987e-05
730,30.234205777044053,0.39813365059255823,0.6018788421394949,0.00011559357299734135,5.90772139185916e-05,3.90960982093987e-05
731,30.275565839666548,0.39768254778700907,0.602329607175206,0.00011559357299734135,5.90772139185916e-05,3.90960982093987e-05
732,30.31692590228904,0.3972137377072651,0.6027980803484327,0.00011559357299734135,5.90772139185916e-05,3.90960982093987e-05
733,30.358285964911538,0.39672781423831616,0.6032836686700815,0.00011559357299734135,5.90772139185916e-05,3.90960982093987e-05
734,30.399646027534033,0.3962253290460506,0.6037858213507605,0.00011559357299734135,5.90772139185916e-05,3.90960982093987e-05
735,30.441006090156527,0.3957067977974481,0.6043040235650363,0.00011559357299734135,5.90772139185916e-05,3.90960982093987e-05
736,30.482366152779026,0.39517270745429417,0.6048377891416281,0.00011559357299734135,5.90772139185916e-05,3.90960982093987e-05
737,30.52372621540152,0.3946235244204652,0.6053866523997824,0.00011559357299734135,5.90772139185916e-05,3.90960982093987e-05
738,30.565086278024015,0.3940597032972837,0.6059501593777714,0.00011559357299734135,5.90772139185916e-05,3.90960982093987e-05
739,30.60644634064651,0.3934816959814489,0.6065278587193937,0.00011559357299734135,5.90772139185916e-05,3.90960982093987e-05
740,30.647806403269005,0.39288996082659505,0.607119292497449,0.00011559357299734135,5.90772139185916e-05,3.90960982093987e-05
741,30.6891664658915,0.39228497158338,0.6077239872603007,0.00011559357299734135,5.90772139185916e-05,3.90960982093987e-05
742,30.730526528513995,0.39166722583388475,0.6083414455855916,0.00011559357299734135,5.90772139185916e-05,3.90960982093987e-05
743,30.771886591136493,0.39103725264474887,0.6089711384173289,0.00011559357299734135,5.90772139185916e-05,3.90960982093987e-05
744,30.813246653758984,0.390395619179417,0.6096124984461886,0.00011559357299734135,5.90772139185916e-05,3.90960982093987e-05
745,30.85460671638148,0.3897429360329432,0.6102649147702781,0.00011559357299734135,5.90772139185916e-05,3.90960982093987e-05
746,30.895966779003977,0.38907986108188986,0.6109277290435191,0.00011559357299734135,5.90772139185916e-05,3.90960982093987e-05
747,30.937326841626472,0.3884071016772429,0.6116002332846463,0.00011559357299734135,5.90772139185916e-05,3.90960982093987e-05
748,30.978686904248963,0.38772541504748825,0.6122816694793013,0.00011559357299734135,5.90772139185916e-05,3.90960982093987e-05
749,31.020046966871465,0.3870356068225061,0.6129712310650454,0.00011559357299734135,5.90772139185916e-05,3.90960982093987e-05
750,31.06140702949396,0.3863385276341714,0.6136680663432621,0.00011559357299734135,5.90772139185916e-05,3.90960982093987e-05
751,31.102767092116455,0.38563506779624823,0.6143712838152738,0.00011559357299734135,5.90772139185916e-05,3.90960982093987e-05
752,31.14412715473895,0.38492615011265796,0.615079959393584,0.00011559357299734135,5.90772139185916e-05,3.90960982093987e-05
753,31.185487217361445,0.3842127209082949,0.6157931453936751,0.00011559357299734135,5.90772139185916e-05,3.90960982093987e-05
754,31.22684727998394,0.3834957394194123,0.6165098811690297,0.00011559357299734135,5.90772139185916e-05,3.90960982093987e-05
755,31.268207342606434,0.38277616571996415,0.6172292052125837,0.00011559357299734135,5.90772139185916e-05,3.90960982093987e-05
756,31.30956740522893,0.3820549473957143,0.6179501685122397,0.00011559357299734135,5.90772139185916e-05,3.90960982093987e-05
757,31.350927467851424,0.3813330052082314,0.6186718489177321,0.00011559357299734135,5.90772139185916e-05,3.90960982093987e-05
758,31.39228753047392,0.38061121801625425,0.6193933662506754,0.00011559357299734135,5.90772139185916e-05,3.90960982093987e-05
759,31.433647593096417,0.3798904072413405,0.6201138978701634,0.00011559357299734135,5.90772139185916e-05,3.90960982093987e-05
760,31.47500765571891,0.3791713211786365,0.6208326943923818,0.00011559357299734135,5.90772139185916e-05,3.90960982093987e-05
761,31.516367718341403,0.37845461946137776,0.6215490952548037,0.00011559357299734135,5.90772139185916e-05,3.90960982093987e-05
762,31.557727780963905,0.37774085799007673,0.6222625438132455,0.00011559357299734135,5.90772139185916e-05,3.90960982093987e-05
763,31.5990878435864,0.3770304746338275,0.6229726016636634,0.00011559357299734135,5.90772139185916e-05,3.90960982093987e-05
764,31.640447906208887,0.37632377600241995,0.6236789618893214,0.00011559357299734135,5.90772139185916e-05,3.90960982093987e-05
765,31.68180796883139,0.3756209255740554,0.6243814609478545,0.00011559357299734135,5.90772139185916e-05,3.90960982093987e-05
766,31.723168031453884,0.37492193344491936,0.6250800889315528,0.00011559357299734135,5.90772139185916e-05,3.90960982093987e-05
767,31.764528094076375,0.3742266479437034,0.6257749979572063,0.00011559357299734135,5.90772139185916e-05,3.90960982093987e-05
768,31.805888156698874,0.3735347493272719,0.6264665084691654,0.00011559357299734135,5.90772139185916e-05,3.90960982093987e-05
769,31.84724821932137,0.37284574574279905,0.6271551132700386,0.00011559357299734135,5.90772139185916e-05,3.90960982093987e-05
770,31.888608281943863,0.37215897160776235,0.6278414791276381,0.00011559357299734135,5.90772139185916e-05,3.90960982093987e-05
771,31.929968344566355,0.371473588522307,0.6285264458438817,0.00011559357299734135,5.90772139185916e-05,3.90960982093987e-05
772,31.971328407188853,0.37078858878909926,0.6292110227106809,0.00011559357299734135,5.90772139185916e-05,3.90960982093987e-05
773,32.01268846981135,0.3701028015746047,0.6298963823194444,0.00011559357299734135,5.90772139185916e-05,3.90960982093987e-05
774,32.054048532433846,0.3694149017028993,0.6305838517336413,0.00011559357299734135,5.90772139185916e-05,3.90960982093987e-05
775,32.09540859505634,0.36872342102946154,0.6312749010777534,0.00011559357299734135,5.90772139185916e-05,3.90960982093987e-05
776,32.136768657678836,0.3680267622983922,0.6319711296399534,0.00011559357299734135,5.90772139185916e-05,3.90960982093987e-05
777,32.17812872030133,0.3673232153429408,0.6326742496296661,0.00011559357299734135,5.90772139185916e-05,3.90960982093987e-05
778,32.219488782923825,0.36661097544654087,0.6333860677738037,0.00011559357299734135,5.90772139185916e-05,3.90960982093987e-05
779,32.26084884554632,0.3658881636409532,0.6341084649761396,0.00011559357299734135,5.90772139185916e-05,3.90960982093987e-05
780,32.302208908168815,0.36515284868007236,0.6348433743024655,0.00011559357299734135,5.90772139185916e-05,3.90960982093987e-05
781,32.34356897079131,0.36440307039338193,0.6355927575884934,0.00011559357299734135,5.90772139185916e-05,3.90960982093987e-05
782,32.384929033413805,0.3636368640929968,0.6363585809978323,0.00011559357299734135,5.90772139185916e-05,3.90960982093987e-05
783,32.4262890960363,0.36285228568330946,0.6371427898816725,0.00011559357299734135,5.90772139185916e-05,3.90960982093987e-05
784,32.4676491586588,0.3620474371035262,0.6379472833111055,0.00011559357299734135,5.90772139185916e-05,3.90960982093987e-05
785,32.509009221281296,0.36122049172123055,0.6387738886643528,0.00011559357299734135,5.90772139185916e-05,3.90960982093987e-05
786,32.55036928390379,0.36036971929067857,0.639624336656024,0.00011559357299734135,5.90772139185916e-05,3.90960982093987e-05
787,32.59172934652628,0.3594935100925881,0.6405002371916899,0.00011559357299734135,5.90772139185916e-05,3.90960982093987e-05
788,32.63308940914878,0.3585903978838878,0.6414030564197905,0.00011559357299734135,5.90772139185916e-05,3.90960982093987e-05
789,32.674449471771275,0.35765908130540275,0.6423340953326269,0.00011559357299734135,5.90772139185916e-05,3.90960982093987e-05
790,32.71580953439377,0.356698443423197,0.6432944702405166,0.00011559357299734135,5.90772139185916e-05,3.90960982093987e-05
791,32.757169597016265,0.35570756911468987,0.6442850954075711,0.00011559357299734135,5.90772139185916e-05,3.90960982093987e-05
792,32.79852965963876,0.35468576005262875,0.6453066680952373,0.00011559357299734135,5.90772139185916e-05,3.90960982093987e-05
793,32.839889722261255,0.3536325470880278,0.6463596562117465,0.00011559357299734135,5.90772139185916e-05,3.90960982093987e-05
794,32.88124978488375,0.35254769988554785,0.6474442887129552,0.00011559357299734135,5.90772139185916e-05,3.90960982093987e-05
795,32.922609847506244,0.35143123372028384,0.6485605488445408,0.00011559357299734135,5.90772139185916e-05,3.90960982093987e-05
796,32.96396991012874,0.35028341340160307,0.6497081702586488,0.00011559357299734135,5.90772139185916e-05,3.90960982093987e-05
797,33.00532997275124,0.34910475434626076,0.6508866359817512,0.00011559357299734135,5.90772139185916e-05,3.90960982093987e-05
798,33.046690035373736,0.34789602087686716,0.6520951801561424,0.00011559357299734135,5.90772139185916e-05,3.90960982093987e-05
799,33.08805009799622,0.3466582218722913,0.6533327924275535,0.00011559357299734135,5.90772139185916e-05,3.90960982093987e-05
800,33.129410160618725,0.34539260394103816,0.6545982248067831,0.00011559357299734135,5.90772139185916e-05,3.90960982093987e-05
801,33.17077022324122,0.3441006423264949,0.6558900007952717,0.00011559357299734135,5.90772139185916e-05,3.90960982093987e-05
802,33.212130285863715,0.34278402978274936,0.6572064265354373,0.00011559357299734135,5.90772139185916e-05,3.90960982093987e-05
803,33.25349034848621,0.34144466368071147,0.6585456037251424,0.00011559357299734135,5.90772139185916e-05,3.90960982093987e-05
804,33.294850411108705,0.34008463161644154,0.659905444024091,0.00011559357299734135,5.90772139185916e-05,3.90960982093987e-05
805,33.33621047373119,0.33870619579671724,0.6612836846769818,0.00011559357299734135,5.90772139185916e-05,3.90960982093987e-05
806,33.37757053635369,0.33731177647135113,0.6626779050835729,0.00011559357299734135,5.90772139185916e-05,3.90960982093987e-05
807,33.41893059897619,0.3359039346689777,0.6640855440594777,0.00011559357299734135,5.90772139185916e-05,3.90960982093987e-05
808,33.460290661598684,0.33448535447313466,0.6655039175507772,0.00011559357299734135,5.90772139185916e-05,3.90960982093987e-05
809,33.50165072422118,0.33305882505091744,0.6669302365911021,0.00011559357299734135,5.90772139185916e-05,3.90960982093987e-05
810,33.54301078684368,0.33162722261766076,0.6683616253179011,0.00011559357299734135,5.90772139185916e-05,3.90960982093987e-05
811,33.584370849466175,0.3301934924908699,0.6697951388957538,0.00011559357299734135,5.90772139185916e-05,3.90960982093987e-05
812,33.62573091208867,0.32876063135508066,0.6712277812255016,0.00011559357299734135,5.90772139185916e-05,3.90960982093987e-05
813,33.66709097471116,0.3273316698294842,0.6726565223484867,0.00011559357299734135,5.90772139185916e-05,3.90960982093987e-05
814,33.70845103733365,0.325909655401976,0.6740783154827925,0.00011559357299734135,5.90772139185916e-05,3.90960982093987e-05
815,33.74981109995615,0.32449763576891044,0.675490113653344,0.00011559357299734135,5.90772139185916e-05,3.90960982093987e-05
816,33.79117116257864,0.32309864259935345,0.6768888858975043,0.00011559357299734135,5.90772139185916e-05,3.90960982093987e-05
817,33.832531225201144,0.3217156757271198,0.6782716330437937,0.00011559357299734135,5.90772139185916e-05,3.90960982093987e-05
818,33.87389128782364,0.32035168776345446,0.6796354030716955,0.00011559357299734135,5.90772139185916e-05,3.90960982093987e-05
819,33.915251350446134,0.31900956911759415,0.6809773060655375,0.00011559357299734135,5.90772139185916e-05,3.90960982093987e-05
820,33.95661141306863,0.3176921334120994,0.6822945287763617,0.00011559357299734135,5.90772139185916e-05,3.90960982093987e-05
821,33.997971475691116,0.31640210328346186,0.6835843488015366,0.00011559357299734135,5.90772139185916e-05,3.90960982093987e-05
822,34.03933153831361,0.3151420965664008,0.684844148384105,0.00011559357299734135,5.90772139185916e-05,3.90960982093987e-05
823,34.08069160093611,0.31391461287076283,0.6860714278232145,0.00011559357299734135,5.90772139185916e-05,3.90960982093987e-05
824,34.12205166355861,0.31272202057310655,0.6872638184736657,0.00011559357299734135,5.90772139185916e-05,3.90960982093987e-05
825,34.1634117261811,0.3115665442594867,0.688419095298281,0.00011559357299734135,5.90772139185916e-05,3.90960982093987e-05
826,34.204771788803605,0.31045025267100945,0.6895351889215158,0.00011559357299734135,5.90772139185916e-05,3.90960982093987e-05
827,34.2461318514261,0.3093750472186493,0.6906101971178472,0.00011559357299734135,5.90772139185916e-05,3.90960982093987e-05
828,34.287491914048594,0.30834265114775194,0.6916423956545353,0.00011559357299734135,5.90772139185916e-05,3.90960982093987e-05
829,34.32885197667108,0.307354599445152,0.6926302483957281,0.00011559357299734135,5.90772139185916e-05,3.90960982093987e-05
830,34.37021203929358,0.30641222959192027,0.6935724165646074,0.00011559357299734135,5.90772139185916e-05,3.90960982093987e-05
831,34.41157210191607,0.3055166732727125,0.6944677670527848,0.00011559357299734135,5.90772139185916e-05,3.90960982093987e-05
832,34.452932164538566,0.3046688491572482,0.6953153796609377,0.00011559357299734135,5.90772139185916e-05,3.90960982093987e-05
833,34.49429222716107,0.3038694568710548,0.6961145531532594,0.00011559357299734135,5.90772139185916e-05,3.90960982093987e-05
834,34.53565228978356,0.3031189722709483,0.6968648100102344,0.00011559357299734135,5.90772139185916e-05,3.90960982093987e-05
835,34.57701235240606,0.3024176441352913,0.6975658997688945,0.00011559357299734135,5.90772139185916e-05,3.90960982093987e-05
836,34.61837241502856,0.30176549237069394,0.6982178008489198,0.00011559357299734135,5.90772139185916e-05,3.90960982093987e-05
837,34.65973247765104,0.30116230782457065,0.6988207207741509,0.00011559357299734135,5.90772139185916e-05,3.90960982093987e-05
838,34.701092540273535,0.3006076537781659,0.6993750947147304,0.00011559357299734135,5.90772139185916e-05,3.90960982093987e-05
839,34.74245260289604,0.30010086917625206,0.699881582292783,0.00011559357299734135,5.90772139185916e-05,3.90960982093987e-05
840,34.78381266551853,0.2996410736292913,0.700341062615109,0.00011559357299734135,5.90772139185916e-05,3.90960982093987e-05
841,34.82517272814103,0.29922717420062367,0.7007546275196328,0.00011559357299734135,5.90772139185916e-05,3.90960982093987e-05
842,34.86653279076353,0.2988578739665105,0.7011235730468504,0.00011559357299734135,5.90772139185916e-05,3.90960982093987e-05
843,34.90789285338602,0.2985316823105632,0.7014493891739355,0.00011559357299734135,5.90772139185916e-05,3.90960982093987e-05
844,34.94925291600852,0.2982469268868832,0.701733747876192,0.00011559357299734135,5.90772139185916e-05,3.90960982093987e-05
845,34.990612978631006,0.29800176715893595,0.7019784896081227,0.00011559357299734135,5.90772139185916e-05,3.90960982093987e-05
846,35.0319730412535,0.29779420939400114,0.7021856083232461,0.00011559357299734135,5.90772139185916e-05,3.90960982093987e-05
847,35.073333103875996,0.29762212296692864,0.7023572351783806,0.00011559357299734135,5.90772139185916e-05,3.90960982093987e-05
848,35.11469316649849,0.2974832578023769,0.7024956210925016,0.00011559357299734135,5.90772139185916e-05,3.90960982093987e-05
849,35.15605322912099,0.2973752627624483,0.7026031183526497,0.00011559357299734135,5.90772139185916e-05,3.90960982093987e-05
850,35.19741329174349,0.2972957047672194,0.7026821614793026,0.00011559357299734135,5.90772139185916e-05,3.90960982093987e-05
851,35.23877335436598,0.29724208841970723,0.7027352475793553,0.00011559357299734135,5.90772139185916e-05,3.90960982093987e-05
852,35.280133416988484,0.2972118758947708,0.7027649164272326,0.00011559357299734135,5.90772139185916e-05,3.90960982093987e-05
853,35.321493479610965,0.29720250684398575,0.7027737305226748,0.00011559357299734135,5.90772139185916e-05,3.90960982093987e-05
854,35.36285354223346,0.29721141806549456,0.7027642553764647,0.00011559357299734135,5.90772139185916e-05,3.90960982093987e-05
855,35.40421360485596,0.2972360626900446,0.702739040273867,0.00011559357299734135,5.90772139185916e-05,3.90960982093987e-05
856,35.445573667478456,0.2972739286415434,0.7027005997583526,0.00011559357299734135,5.90772139185916e-05,3.90960982093987e-05
857,35.48693373010095,0.29732255614242564,0.7026513960664568,0.00011559357299734135,5.90772139185916e-05,3.90960982093987e-05
858,35.52829379272345,0.29737955405128264,0.7025938227280392,0.00011559357299734135,5.90772139185916e-05,3.90960982093987e-05
859,35.56965385534595,0.2974426148412901,0.7025301895244948,0.00011559357299734135,5.90772139185916e-05,3.90960982093987e-05
860,35.61101391796844,0.29750952805341324,0.7024627089729284,0.00011559357299734135,5.90772139185916e-05,3.90960982093987e-05
861,35.65237398059093,0.2975781920871881,0.7023934844750134,0.00011559357299734135,5.90772139185916e-05,3.90960982093987e-05
862,35.693734043213425,0.2976466242230037,0.7023245002382643,0.00011559357299734135,5.90772139185916e-05,3.90960982093987e-05
863,35.73509410583592,0.2977129688033255,0.7022576130439854,0.00011559357299734135,5.90772139185916e-05,3.90960982093987e-05
864,35.776454168458415,0.2977755035343822,0.7021945459018882,0.00011559357299734135,5.90772139185916e-05,3.90960982093987e-05
865,35.817814231080916,0.29783264390422554,0.7021368835967009,0.00011559357299734135,5.90772139185916e-05,3.90960982093987e-05
866,35.85917429370341,0.2978829457466569,0.7020860700986657,0.00011559357299734135,5.90772139185916e-05,3.90960982093987e-05
867,35.900534356325906,0.29792510601227007,0.702043407777318,0.00011559357299734135,5.90772139185916e-05,3.90960982093987e-05
868,35.94189441894841,0.2979579618372501,0.7020100583288185,0.00011559357299734135,5.90772139185916e-05,3.90960982093987e-05
869,35.98325448157089,0.29798048802657306,0.701987045300502,0.00011559357299734135,5.90772139185916e-05,3.90960982093987e-05
870,36.02461454419338,0.2979917930904695,0.7019752580736953,0.00011559357299734135,5.90772139185916e-05,3.90960982093987e-05
871,36.065974606815885,0.29799111399091255,0.7019754571482075,0.00011559357299734135,5.90772139185916e-05,3.90960982093987e-05
872,36.10733466943838,0.29797780976803195,0.7019882805577464,0.00011559357299734135,5.90772139185916e-05,3.90960982093987e-05
873,36.148694732060875,0.29795135422490426,0.7020142512373195,0.00011559357299734135,5.90772139185916e-05,3.90960982093987e-05
874,36.19005479468338,0.2979113278527779,0.702053785159461,0.00011559357299734135,5.90772139185916e-05,3.90960982093987e-05
875,36.23141485730587,0.29785740917812253,0.7021072000567483,0.00011559357299734135,5.90772139185916e-05,3.90960982093987e-05
876,36.272774919928366,0.2977893657078197,0.7021747245529579,0.00011559357299734135,5.90772139185916e-05,3.90960982093987e-05
877,36.314134982550854,0.2977070446403029,0.7022565075335492,0.00011559357299734135,5.90772139185916e-05,3.90960982093987e-05
878,36.35549504517335,0.2976103634987725,0.7023526275977015,0.00011559357299734135,5.90772139185916e-05,3.90960982093987e-05
879,36.396855107795844,0.297499300828611,0.7024631024482422,0.00011559357299734135,5.90772139185916e-05,3.90960982093987e-05
880,36.43821517041834,0.2973738870855031,0.7025878980911799,0.00011559357299734135,5.90772139185916e-05,3.90960982093987e-05
881,36.47957523304084,0.29723419582418636,0.7027269377333304,0.00011559357299734135,5.90772139185916e-05,3.90960982093987e-05
882,36.520935295663335,0.297080335280859,0.7028801102832496,0.00011559357299734135,5.90772139185916e-05,3.90960982093987e-05
883,36.56229535828583,0.296912440425981,0.7030472783772179,0.00011559357299734135,5.90772139185916e-05,3.90960982093987e-05
884,36.60365542090833,0.29673066554841776,0.7032282858679307,0.00011559357299734135,5.90772139185916e-05,3.90960982093987e-05
885,36.64501548353082,0.29653517741784075,0.7034229647272578,0.00011559357299734135,5.90772139185916e-05,3.90960982093987e-05
886,36.686375546153315,0.29632614905949844,0.7036311413280767,0.00011559357299734135,5.90772139185916e-05,3.90960982093987e-05
887,36.72773560877581,0.2961037541645284,0.7038526420803246,0.00011559357299734135,5.90772139185916e-05,3.90960982093987e-05
888,36.769095671398304,0.29586816215014433,0.7040872984066155,0.00011559357299734135,5.90772139185916e-05,3.90960982093987e-05
889,36.8104557340208,0.29561953387619866,0.7043349510490973,0.00011559357299734135,5.90772139185916e-05,3.90960982093987e-05
890,36.851815796643294,0.29535801801931566,0.704595453706653,0.00011559357299734135,5.90772139185916e-05,3.90960982093987e-05
891,36.893175859265796,0.2950837481009077,0.7048686760049264,0.00011559357299734135,5.90772139185916e-05,3.90960982093987e-05
892,36.93453592188829,0.2947968401620088,0.7051545058059897,0.00011559357299734135,5.90772139185916e-05,3.90960982093987e-05
893,36.97589598451078,0.29449739107523343,0.7054528508676476,0.00011559357299734135,5.90772139185916e-05,3.90960982093987e-05
894,37.01725604713327,0.2941854774814768,0.7057636398642378,0.00011559357299734135,5.90772139185916e-05,3.90960982093987e-05
895,37.05861610975577,0.2938611553369054,0.7060868227842338,0.00011559357299734135,5.90772139185916e-05,3.90960982093987e-05
896,37.09997617237826,0.2935244600531204,0.7064223707219691,0.00011559357299734135,5.90772139185916e-05,3.90960982093987e-05
897,37.141336235000765,0.2931754072105797,0.7067702750844177,0.00011559357299734135,5.90772139185916e-05,3.90960982093987e-05
898,37.18269629762326,0.29281399382188744,0.7071305462372474,0.00011559357299734135,5.90772139185916e-05,3.90960982093987e-05
899,37.224056360245754,0.29244020011782407,0.7075032116188121,0.00011559357299734135,5.90772139185916e-05,3.90960982093987e-05
900,37.26541642286825,0.29205399182428127,0.7078883133552104,0.00011559357299734135,5.90772139185916e-05,3.90960982093987e-05
901,37.306776485490744,0.29165532289358664,0.7082859054146867,0.00011559357299734135,5.90772139185916e-05,3.90960982093987e-05
902,37.34813654811324,0.29124413864856125,0.7086960503450813,0.00011559357299734135,5.90772139185916e-05,3.90960982093987e-05
903,37.38949661073573,0.29082037929232873,0.7091188156430716,0.00011559357299734135,5.90772139185916e-05,3.90960982093987e-05
904,37.43085667335823,0.29038398373216895,0.7095542698094554,0.00011559357299734135,5.90772139185916e-05,3.90960982093987e-05
905,37.47221673598072,0.2899348936610178,0.7100024781487537,0.00011559357299734135,5.90772139185916e-05,3.90960982093987e-05
906,37.51357679860322,0.2894730578366266,0.7104634983756364,0.00011559357299734135,5.90772139185916e-05,3.90960982093987e-05
907,37.55493686122572,0.28899843649556706,0.7109373760932323,0.00011559357299734135,5.90772139185916e-05,3.90960982093987e-05
908,37.59629692384821,0.2885110058376923,0.7114241402097967,0.00011559357299734135,5.90772139185916e-05,3.90960982093987e-05
909,37.6376569864707,0.28801076251645036,0.7119237983603954,0.00011559357299734135,5.90772139185916e-05,3.90960982093987e-05
910,37.6790170490932,0.2874977280716362,0.7124363323988554,0.00011559357299734135,5.90772139185916e-05,3.90960982093987e-05
911,37.7203771117157,0.28697195324378005,0.7129616940225264,0.00011559357299734135,5.90772139185916e-05,3.90960982093987e-05
912,37.761737174338194,0.2864335221133709,0.7134998005879337,0.00011559357299734135,5.90772139185916e-05,3.90960982093987e-05
913,37.80309723696069,0.2858825560132904,0.7140505311698115,0.00011559357299734135,5.90772139185916e-05,3.90960982093987e-05
914,37.84445729958318,0.28531921716916614,0.7146137229097347,0.00011559357299734135,5.90772139185916e-05,3.90960982093987e-05
915,37.88581736220568,0.28474371202928045,0.7151891676928311,0.00011559357299734135,5.90772139185916e-05,3.90960982093987e-05
916,37.92717742482817,0.2841562942532288,0.7157766091833663,0.00011559357299734135,5.90772139185916e-05,3.90960982093987e-05
917,37.96853748745067,0.28355726733604913,0.7163757402419749,0.00011559357299734135,5.90772139185916e-05,3.90960982093987e-05
918,38.00989755007316,0.28294698685203185,0.7169862007395578,0.00011559357299734135,5.90772139185916e-05,3.90960982093987e-05
919,38.05125761269566,0.28232586230915524,0.7176075757756216,0.00011559357299734135,5.90772139185916e-05,3.90960982093987e-05
920,38.09261767531815,0.2816943586113034,0.7182393943025028,0.00011559357299734135,5.90772139185916e-05,3.90960982093987e-05
921,38.13397773794065,0.28105299713019793,0.7188811281517715,0.00011559357299734135,5.90772139185916e-05,3.90960982093987e-05
922,38.17533780056314,0.28040235639285216,0.7195321914548601,0.00011559357299734135,5.90772139185916e-05,3.90960982093987e-05
923,38.216697863185644,0.279743072392607,0.720191940447842,0.00011559357299734135,5.90772139185916e-05,3.90960982093987e-05
924,38.25805792580813,0.27907583853295237,0.7208596736488434,0.00011559357299734135,5.90772139185916e-05,3.90960982093987e-05
925,38.29941798843063,0.27840140521292783,0.7215346323969424,0.00011559357299734135,5.90772139185916e-05,3.90960982093987e-05
926,38.34077805105313,0.2777205790615426,0.7222160017426567,0.00011559357299734135,5.90772139185916e-05,3.90960982093987e-05
927,38.38213811367562,0.2770342218263306,0.722902911682751,0.00011559357299734135,5.90772139185916e-05,3.90960982093987e-05
928,38.42349817629812,0.2763432489182197,0.7235944387351131,0.00011559357299734135,5.90772139185916e-05,3.90960982093987e-05
929,38.46485823892061,0.2756486276115478,0.72428960785247,0.00011559357299734135,5.90772139185916e-05,3.90960982093987e-05
930,38.50621830154311,0.27495137489500654,0.7249873946776765,0.00011559357299734135,5.90772139185916e-05,3.90960982093987e-05
931,38.5475783641656,0.27425255496649287,0.7256867281460112,0.00011559357299734135,5.90772139185916e-05,3.90960982093987e-05
932,38.5889384267881,0.27355327636269033,0.7263864934418062,0.00011559357299734135,5.90772139185916e-05,3.90960982093987e-05
933,38.63029848941059,0.27285468871355123,0.7270855353188055,0.00011559357299734135,5.90772139185916e-05,3.90960982093987e-05
934,38.67165855203309,0.2721579791117736,0.7277826617927585,0.00011559357299734135,5.90772139185916e-05,3.90960982093987e-05
935,38.71301861465558,0.27146436808948343,0.7284766482137984,0.00011559357299734135,5.90772139185916e-05,3.90960982093987e-05
936,38.75437867727808,0.27077510519723735,0.7291662417228142,0.00011559357299734135,5.90772139185916e-05,3.90960982093987e-05
937,38.79573873990058,0.2700914641855189,0.7298501660919741,0.00011559357299734135,5.90772139185916e-05,3.90960982093987e-05
938,38.83709880252307,0.2694147377946723,0.7305271269431415,0.00011559357299734135,5.90772139185916e-05,3.90960982093987e-05
939,38.87845886514557,0.26874623216680704,0.7311958173313085,0.00011559357299734135,5.90772139185916e-05,3.90960982093987e-05
940,38.919818927768056,0.2680872609010623,0.731854923671807,0.00011559357299734135,5.90772139185916e-05,3.90960982093987e-05
941,38.96117899039056,0.2674391387827317,0.7325031319820015,0.00011559357299734135,5.90772139185916e-05,3.90960982093987e-05
942,39.00253905301305,0.26680317522533537,0.7331391343985264,0.00011559357299734135,5.90772139185916e-05,3.90960982093987e-05
943,39.04389911563555,0.2661806674739288,0.733761635923231,0.00011559357299734135,5.90772139185916e-05,3.90960982093987e-05
944,39.08525917825804,0.26557289362588005,0.7343693613423208,0.00011559357299734135,5.90772139185916e-05,3.90960982093987e-05
945,39.12661924088054,0.2649811055329487,0.7349610622562318,0.00011559357299734135,5.90772139185916e-05,3.90960982093987e-05
946,39.16797930350303,0.26440652165457146,0.7355355241512106,0.00011559357299734135,5.90772139185916e-05,3.90960982093987e-05
947,39.209339366125526,0.2638503199369963,0.7360915734395063,0.00011559357299734135,5.90772139185916e-05,3.90960982093987e-05
948,39.25069942874802,0.263313630796026,0.7366280843915578,0.00011559357299734135,5.90772139185916e-05,3.90960982093987e-05
949,39.292059491370516,0.2627975302824202,0.7371439858825165,0.00011559357299734135,5.90772139185916e-05,3.90960982093987e-05
950,39.33341955399301,0.26230303350859796,0.7376382678756708,0.00011559357299734135,5.90772139185916e-05,3.90960982093987e-05
951,39.37477961661551,0.2618310884131489,0.7381099875679773,0.00011559357299734135,5.90772139185916e-05,3.90960982093987e-05
952,39.41613967923801,0.26138256993576653,0.7385582751258931,0.00011559357299734135,5.90772139185916e-05,3.90960982093987e-05
953,39.4574997418605,0.2609582746701179,0.7389823389459749,0.00011559357299734135,5.90772139185916e-05,3.90960982093987e-05
954,39.498859804483,0.2605589160555261,0.7393814703799557,0.00011559357299734135,5.90772139185916e-05,3.90960982093987e-05
955,39.54021986710549,0.260185120160971,0.739755047872713,0.00011559357299734135,5.90772139185916e-05,3.90960982093987e-05
956,39.58157992972798,0.25983742210650945,0.7401025404686008,0.00011559357299734135,5.90772139185916e-05,3.90960982093987e-05
957,39.62293999235048,0.25951626315853416,0.7404235106511301,0.00011559357299734135,5.90772139185916e-05,3.90960982093987e-05
958,39.664300054972976,0.25922198852615297,0.7407176164895771,0.00011559357299734135,5.90772139185916e-05,3.90960982093987e-05
959,39.70566011759547,0.25895484587673256,0.7409846130751987,0.00011559357299734135,5.90772139185916e-05,3.90960982093987e-05
960,39.747020180217966,0.2587149845796447,0.7412243532388366,0.00011559357299734135,5.90772139185916e-05,3.90960982093987e-05
961,39.78838024284046,0.2585024556782353,0.7414367875502674,0.00011559357299734135,5.90772139185916e-05,3.90960982093987e-05
962,39.82974030546296,0.2583172125814763,0.7416219636083341,0.00011559357299734135,5.90772139185916e-05,3.90960982093987e-05
963,39.87110036808546,0.2581591124584422,0.7417800246387605,0.00011559357299734135,5.90772139185916e-05,3.90960982093987e-05
964,39.912460430707945,0.2580279183108899,0.7419112074243225,0.00011559357299734135,5.90772139185916e-05,3.90960982093987e-05
965,39.95382049333044,0.2579233016917048,0.7420158395998022,0.00011559357299734135,5.90772139185916e-05,3.90960982093987e-05
966,39.995180555952935,0.25784484602980595,0.7420943363503301,0.00011559357299734135,5.90772139185916e-05,3.90960982093987e-05
967,40.03654061857544,0.2577920505153802,0.7421471965590154,0.00011559357299734135,5.90772139185916e-05,3.90960982093987e-05
968,40.07790068119793,0.25776433449296254,0.7421749984557313,0.00011559357299734135,5.90772139185916e-05,3.90960982093987e-05
969,40.119260743820426,0.2577610423038639,0.7421783948245718,0.00011559357299734135,5.90772139185916e-05,3.90960982093987e-05
970,40.16062080644292,0.25778144851402973,0.742158107833261,0.00011559357299734135,5.90772139185916e-05,3.90960982093987e-05
971,40.201980869065416,0.2578247634583972,0.7421149235522047,0.00011559357299734135,5.90772139185916e-05,3.90960982093987e-05
972,40.243340931687904,0.25789013902860736,0.7420496862354194,0.00011559357299734135,5.90772139185916e-05,3.90960982093987e-05
973,40.284700994310406,0.2579766746273912,0.7419632924387632,0.00011559357299734135,5.90772139185916e-05,3.90960982093987e-05
974,40.3260610569329,0.2580834232106055,0.7418566850534096,0.00011559357299734135,5.90772139185916e-05,3.90960982093987e-05
975,40.367421119555395,0.25820939733640047,0.7417308473336424,0.00011559357299734135,5.90772139185916e-05,3.90960982093987e-05
976,40.40878118217789,0.25835357514134877,0.7415867969981907,0.00011559357299734135,5.90772139185916e-05,3.90960982093987e-05
977,40.45014124480039,0.25851490616482997,0.7414255804823857,0.00011559357299734135,5.90772139185916e-05,3.90960982093987e-05
978,40.49150130742289,0.2586923169464728,0.7412482674149876,0.00011559357299734135,5.90772139185916e-05,3.90960982093987e-05
979,40.53286137004538,0.2588847163267843,0.7410559453887122,0.00011559357299734135,5.90772139185916e-05,3.90960982093987e-05
980,40.57422143266787,0.25909100038831395,0.7408497150856196,0.00011559357299734135,5.90772139185916e-05,3.90960982093987e-05
981,40.615581495290364,0.259310056983916,0.7406306858098602,0.00011559357299734135,5.90772139185916e-05,3.90960982093987e-05
982,40.65694155791286,0.2595407698099365,0.7403999714689893,0.00011559357299734135,5.90772139185916e-05,3.90960982093987e-05
983,40.69830162053536,0.25978202199490646,0.7401586870322415,0.00011559357299734135,5.90772139185916e-05,3.90960982093987e-05
984,40.739661683157856,0.2600326991887509,0.7399079454798411,0.00011559357299734135,5.90772139185916e-05,3.90960982093987e-05
985,40.78102174578035,0.26029169215314835,0.7396488552422423,0.00011559357299734135,5.90772139185916e-05,3.90960982093987e-05
986,40.822381808402845,0.2605578988698338,0.739382518111845,0.00011559357299734135,5.90772139185916e-05,3.90960982093987e-05
987,40.86374187102534,0.26083022620007384,0.7391100275932387,0.00011559357299734135,5.90772139185916e-05,3.90960982093987e-05
988,40.90510193364783,0.26110759114477167,0.738832467642739,0.00011559357299734135,5.90772139185916e-05,3.90960982093987e-05
989,40.94646199627033,0.2613889217695297,0.7385509117324136,0.00011559357299734135,5.90772139185916e-05,3.90960982093987e-05
990,40.987822058892824,0.2616731578725786,0.7382664221608718,0.00011559357299734135,5.90772139185916e-05,3.90960982093987e-05
991,41.02918212151532,0.26195925148455435,0.7379800495221543,0.00011559357299734135,5.90772139185916e-05,3.90960982093987e-05
992,41.070542184137814,0.26224616729743533,0.7376928322358212,0.00011559357299734135,5.90772139185916e-05,3.90960982093987e-05
993,41.111902246760316,0.26253288312475764,0.7374057960368751,0.00011559357299734135,5.90772139185916e-05,3.90960982093987e-05
994,41.15326230938281,0.26281839049630973,0.7371199533229512,0.00011559357299734135,5.90772139185916e-05,3.90960982093987e-05
995,41.194622372005306,0.2631016954874532,0.7368363022599773,0.00011559357299734135,5.90772139185916e-05,3.90960982093987e-05
996,41.23598243462779,0.2633818198756608,0.7365558255545979,0.00011559357299734135,5.90772139185916e-05,3.90960982093987e-05
997,41.27734249725029,0.26365780270544664,0.7362794888138665,0.00011559357299734135,5.90772139185916e-05,3.90960982093987e-05
998,41.31870255987278,0.2639287023267575,0.7360082384282658,0.00011559357299734135,5.90772139185916e-05,3.90960982093987e-05
999,41.360062622495285,0.2641935989527636,0.7357429989339362,0.00011559357299734135,5.90772139185916e-05,3.90960982093987e-05
1000,41.40142268511778,0.26445159776008736,0.7354846698328089,0.00011559357299734135,5.90772139185916e-05,3.90960982093987e-05
1001,41.442782747740274,0.2647018325295651,0.7352341218737082,0.00011559357299734135,5.90772139185916e-05,3.90960982093987e-05
1002,41.48414281036277,0.26494346979911154,0.734992192825211,0.00011559357299734135,5.90772139185916e-05,3.90960982093987e-05
1003,41.52550287298527,0.265175713473046,0.7347596827969014,0.00011559357299734135,5.90772139185916e-05,3.90960982093987e-05
1004,41.56686293560775,0.2653978098058275,0.734537349192846,0.00011559357299734135,5.90772139185916e-05,3.90960982093987e-05
1005,41.608222998230254,0.2656090526532934,0.7343259014055489,0.00011559357299734135,5.90772139185916e-05,3.90960982093987e-05
1006,41.64958306085275,0.2658087888625891,0.734125995380275,0.00011559357299734135,5.90772139185916e-05,3.90960982093987e-05
1007,41.69094312347524,0.26599642365394366,0.7339382281976026,0.00011559357299734135,5.90772139185916e-05,3.90960982093987e-05
1008,41.73230318609774,0.26617142583434106,0.7337631328348723,0.00011559357299734135,5.90772139185916e-05,3.90960982093987e-05
1009,41.77366324872024,0.26633333267564036,0.7336011732743791,0.00011559357299734135,5.90772139185916e-05,3.90960982093987e-05
1010,41.815023311342735,0.2664817542886179,0.7334527401270561,0.00011559357299734135,5.90772139185916e-05,3.90960982093987e-05
1011,41.85638337396523,0.26661637732978943,0.7333181469345196,0.00011559357299734135,5.90772139185916e-05,3.90960982093987e-05
1012,41.89774343658772,0.26673696788995965,0.733197627300377,0.00011559357299734135,5.90772139185916e-05,3.90960982093987e-05
1013,41.93910349921021,0.2668433734319591,0.7330913329821558,0.00011559357299734135,5.90772139185916e-05,3.90960982093987e-05
1014,41.98046356183271,0.2669355236695345,0.7329993330514076,0.00011559357299734135,5.90772139185916e-05,3.90960982093987e-05
1015,42.02182362445521,0.2670134303086432,0.7329216141991102,0.00011559357299734135,5.90772139185916e-05,3.90960982093987e-05
1016,42.063183687077704,0.2670771856060788,0.7328580822303034,0.00011559357299734135,5.90772139185916e-05,3.90960982093987e-05
1017,42.1045437497002,0.2671269597363477,0.7328085647551851,0.00011559357299734135,5.90772139185916e-05,3.90960982093987e-05
1018,42.1459038123227,0.2671629969953361,0.7327728150466521,0.00011559357299734135,5.90772139185916e-05,3.90960982093987e-05
1019,42.18726387494519,0.26718561090645854,0.7327505169967619,0.00011559357299734135,5.90772139185916e-05,3.90960982093987e-05
1020,42.228623937567676,0.2671951783305771,0.7327412910690149,0.00011559357299734135,5.90772139185916e-05,3.90960982093987e-05
1021,42.26998400019018,0.2671921327130792,0.7327447011114845,0.00011559357299734135,5.90772139185916e-05,3.90960982093987e-05
1022,42.311344062812665,0.2671769566294818,0.7327602618677181,0.00011559357299734135,5.90772139185916e-05,3.90960982093987e-05
1023,42.35270412543517,0.26715017381271383,0.7327874470009447,0.00011559357299734135,5.90772139185916e-05,3.90960982093987e-05
1024,42.39406418805767,0.2671123408607805,0.732825697431435,0.00011559357299734135,5.90772139185916e-05,3.90960982093987e-05
1025,42.43542425068016,0.2670640388318404,0.7328744297794179,0.00011559357299734135,5.90772139185916e-05,3.90960982093987e-05
1026,42.47678431330266,0.2670058649342265,0.7329330447045386,0.00011559357299734135,5.90772139185916e-05,3.90960982093987e-05
1027,42.51814437592515,0.2669384245125852,0.7330009349411565,0.00011559357299734135,5.90772139185916e-05,3.90960982093987e-05
1028,42.55950443854764,0.2668623235171681,0.7330774928413584,0.00011559357299734135,5.90772139185916e-05,3.90960982093987e-05
1029,42.600864501170136,0.2667781616232454,0.7331621172594399,0.00011559357299734135,5.90772139185916e-05,3.90960982093987e-05
1030,42.64222456379264,0.2666865261416281,0.7332542196370088,0.00011559357299734135,5.90772139185916e-05,3.90960982093987e-05
1031,42.683584626415126,0.26658798683092505,0.7333532291786725,0.00011559357299734135,5.90772139185916e-05,3.90960982093987e-05
1032,42.72494468903763,0.266483091688567,0.7334585970420517,0.00011559357299734135,5.90772139185916e-05,3.90960982093987e-05
1033,42.76630475166013,0.2663723637622627,0.7335697995016983,0.00011559357299734135,5.90772139185916e-05,3.90960982093987e-05
1034,42.80766481428262,0.26625629898752684,0.7336863400821927,0.00011559357299734135,5.90772139185916e-05,3.90960982093987e-05
1035,42.849024876905105,0.2661353650219379,0.7338077506909775,0.00011559357299734135,5.90772139185916e-05,3.90960982093987e-05
1036,42.89038493952761,0.2660100010141706,0.7339335918144466,0.00011559357299734135,5.90772139185916e-05,3.90960982093987e-05
1037,42.931745002150095,0.26588061821627423,0.7340634518697549,0.00011559357299734135,5.90772139185916e-05,3.90960982093987e-05
1038,42.9731050647726,0.26574760132288094,0.7341969458301675,0.00011559357299734135,5.90772139185916e-05,3.90960982093987e-05
1039,43.0144651273951,0.2656113104013863,0.7343337132610007,0.00011559357299734135,5.90772139185916e-05,3.90960982093987e-05
1040,43.055825190017586,0.26547208326307675,0.7344734159172056,0.00011559357299734135,5.90772139185916e-05,3.90960982093987e-05
1041,43.09718525264009,0.26533023811781636,0.734615735061061,0.00011559357299734135,5.90772139185916e-05,3.90960982093987e-05
1042,43.138545315262576,0.26518607635315244,0.7347603686596582,0.00011559357299734135,5.90772139185916e-05,3.90960982093987e-05
1043,43.17990537788507,0.2650398852837436,0.7349070286170889,0.00011559357299734135,5.90772139185916e-05,3.90960982093987e-05
1044,43.221265440507565,0.26489194072724137,0.7350554381855942,0.00011559357299734135,5.90772139185916e-05,3.90960982093987e-05
1045,43.26262550313007,0.26474250927854887,0.7352053296838912,0.00011559357299734135,5.90772139185916e-05,3.90960982093987e-05
1046,43.303985565752555,0.2645918501742811,0.7353564426310111,0.00011559357299734135,5.90772139185916e-05,3.90960982093987e-05
1047,43.34534562837506,0.2644402166629012,0.7355085223801962,0.00011559357299734135,5.90772139185916e-05,3.90960982093987e-05
1048,43.386705690997545,0.2642878568218804,0.7356613193109697,0.00011559357299734135,5.90772139185916e-05,3.90960982093987e-05
1049,43.42806575362005,0.2641350137906795,0.735814588610641,0.00011559357299734135,5.90772139185916e-05,3.90960982093987e-05
1050,43.46942581624255,0.26398192541608684,0.7359680906479265,0.00011559357299734135,5.90772139185916e-05,3.90960982093987e-05
1051,43.510785878865036,0.26382882333328495,0.736121591914902,0.00011559357299734135,5.90772139185916e-05,3.90960982093987e-05
1052,43.55214594148753,0.2636759315314603,0.7362748664878562,0.00011559357299734135,5.90772139185916e-05,3.90960982093987e-05
1053,43.593506004110026,0.2635234644751819,0.7364276979352896,0.00011559357299734135,5.90772139185916e-05,3.90960982093987e-05
1054,43.63486606673252,0.26337162487214216,0.7365798815814959,0.00011559357299734135,5.90772139185916e-05,3.90960982093987e-05
1055,43.676226129355015,0.2632206011932147,0.736731227019553,0.00011559357299734135,5.90772139185916e-05,3.90960982093987e-05
1056,43.71758619197752,0.26307056506148074,0.7368815607558742,0.00011559357299734135,5.90772139185916e-05,3.90960982093987e-05
1057,43.758946254600005,0.2629216686335606,0.7370307288629108,0.00011559357299734135,5.90772139185916e-05,3.90960982093987e-05
1058,43.80030631722251,0.26277404209781,0.7371785995143264,0.00011559357299734135,5.90772139185916e-05,3.90960982093987e-05
1059,43.841666379844995,0.2626277914112821,0.7373250652804735,0.00011559357299734135,5.90772139185916e-05,3.90960982093987e-05
1060,43.88302644246749,0.262482996389809,0.7374700450690975,0.00011559357299734135,5.90772139185916e-05,3.90960982093987e-05
1061,43.924386505089984,0.2623397092544077,0.7376134856076798,0.00011559357299734135,5.90772139185916e-05,3.90960982093987e-05
1062,43.965746567712486,0.26219795372217153,0.737755362378573,0.00011559357299734135,5.90772139185916e-05,3.90960982093987e-05
1063,44.007106630334974,0.26205772471218414,0.7378956799361326,0.00011559357299734135,5.90772139185916e-05,3.90960982093987e-05
1064,44.048466692957476,0.26191898871669606,0.7380344715550419,0.00011559357299734135,5.90772139185916e-05,3.90960982093987e-05
1065,44.08982675557998,0.2617816848659259,0.7381717981811732,0.00011559357299734135,5.90772139185916e-05,3.90960982093987e-05
1066,44.131186818202465,0.2616457266919856,0.7383077466791904,0.00011559357299734135,5.90772139185916e-05,3.90960982093987e-05
1067,44.17254688082496,0.26151100457399384,0.7384424273942659,0.00011559357299734135,5.90772139185916e-05,3.90960982093987e-05
1068,44.213906943447455,0.26137738882352946,0.7385759710689483,0.00011559357299734135,5.90772139185916e-05,3.90960982093987e-05
1069,44.25526700606995,0.2612447333473654,0.7387085251776908,0.00011559357299734135,5.90772139185916e-05,3.90960982093987e-05
1070,44.296627068692445,0.26111287980391173,0.7388402497627214,0.00011559357299734135,5.90772139185916e-05,3.90960982093987e-05
1071,44.33798713131495,0.2609816621513077,0.7389713128731381,0.00011559357299734135,5.90772139185916e-05,3.90960982093987e-05
1072,44.379347193937434,0.260850911469433,0.7391018857251066,0.00011559357299734135,5.90772139185916e-05,3.90960982093987e-05
1073,44.420707256559936,0.2607204609255303,0.7392321377137249,0.00011559357299734135,5.90772139185916e-05,3.90960982093987e-05
1074,44.462067319182424,0.2605901507441807,0.739362231415747,0.00011559357299734135,5.90772139185916e-05,3.90960982093987e-05
1075,44.50342738180492,0.2604598330377386,0.7394923177278009,0.00011559357299734135,5.90772139185916e-05,3.90960982093987e-05
1076,44.54478744442742,0.260329376352798,0.7396225312847103,0.00011559357299734135,5.90772139185916e-05,3.90960982093987e-05
1077,44.586147507049915,0.26019866979243395,0.7397529862987943,0.00011559357299734135,5.90772139185916e-05,3.90960982093987e-05
1078,44.62750756967241,0.26006762658317867,0.7398837729520084,0.00011559357299734135,5.90772139185916e-05,3.90960982093987e-05
1079,44.668867632294905,0.25993618696907206,0.7400149544591501,0.00011559357299734135,5.90772139185916e-05,3.90960982093987e-05
1080,44.7102276949174,0.25980432033362405,0.7401465649019021,0.00011559357299734135,5.90772139185916e-05,3.90960982093987e-05
1081,44.751587757539895,0.25967202647309184,0.7402786079117016,0.00011559357299734135,5.90772139185916e-05,3.90960982093987e-05
1082,44.7929478201624,0.25953933597060513,0.7404110562520632,0.00011559357299734135,5.90772139185916e-05,3.90960982093987e-05
1083,44.834307882784884,0.2594063096503884,0.7405438523225325,0.00011559357299734135,5.90772139185916e-05,3.90960982093987e-05
1084,44.87566794540738,0.2592730371227891,0.7406769095739354,0.00011559357299734135,5.90772139185916e-05,3.90960982093987e-05
1085,44.917028008029874,0.2591396344640339,0.7408101147920144,0.00011559357299734135,5.90772139185916e-05,3.90960982093987e-05
1086,44.95838807065237,0.2590062411077817,0.7409433311730256,0.00011559357299734135,5.90772139185916e-05,3.90960982093987e-05
1087,44.99974813327486,0.25887301605771634,0.7410764020824545,0.00011559357299734135,5.90772139185916e-05,3.90960982093987e-05
1088,45.041108195897365,0.25874013356049524,0.7412091553581838,0.00011559357299734135,5.90772139185916e-05,3.90960982093987e-05
1089,45.08246825851986,0.258607778404758,0.7413414079926638,0.00011559357299734135,5.90772139185916e-05,3.90960982093987e-05
1090,45.123828321142355,0.2584761410337054,0.7414729710066711,0.00011559357299734135,5.90772139185916e-05,3.90960982093987e-05
1091,45.16518838376485,0.2583454126748596,0.7416036543112021,0.00011559357299734135,5.90772139185916e-05,3.90960982093987e-05
1092,45.20654844638734,0.25821578069997975,0.741733271344458,0.00011559357299734135,5.90772139185916e-05,3.90960982093987e-05
1093,45.24790850900984,0.2580874244301108,0.7418616432684938,0.00011559357299734135,5.90772139185916e-05,3.90960982093987e-05
1094,45.289268571632334,0.2579605115952125,0.7419886025161347,0.00011559357299734135,5.90772139185916e-05,3.90960982093987e-05
1095,45.33062863425483,0.25783519564405194,0.7421139954915905,0.00011559357299734135,5.90772139185916e-05,3.90960982093987e-05
1096,45.371988696877324,0.2577116140789713,0.7422376842501169,0.00011559357299734135,5.90772139185916e-05,3.90960982093987e-05
1097,45.413348759499826,0.2575898879616066,0.7423595470097956,0.00011559357299734135,5.90772139185916e-05,3.90960982093987e-05
1098,45.45470882212231,0.25747012270088643,0.7424794773835413,0.00011559357299734135,5.90772139185916e-05,3.90960982093987e-05
1099,45.49606888474481,0.25735241019465865,0.7425973822597011,0.00011559357299734135,5.90772139185916e-05,3.90960982093987e-05
1100,45.5374289473673,0.2572368323522467,0.7427131783030015,0.00011559357299734135,5.90772139185916e-05,3.90960982093987e-05
1101,45.5787890099898,0.25712346597913976,0.7428267870945111,0.00011559357299734135,5.90772139185916e-05,3.90960982093987e-05
1102,45.6201490726123,0.25701238895789397,0.742938128975639,0.00011559357299734135,5.90772139185916e-05,3.90960982093987e-05
1103,45.661509135234795,0.2569036876136711,0.7430471157080002,0.00011559357299734135,5.90772139185916e-05,3.90960982093987e-05
1104,45.70286919785729,0.25679746510955814,0.7431536421029501,0.00011559357299734135,5.90772139185916e-05,3.90960982093987e-05
1105,45.744229260479784,0.256693850678449,0.7432575768144081,0.00011559357299734135,5.90772139185916e-05,3.90960982093987e-05
1106,45.78558932310228,0.25659300946549174,0.7433587525203984,0.00011559357299734135,5.90772139185916e-05,3.90960982093987e-05
1107,45.82694938572477,0.2564951527297197,0.7434569557448,0.00011559357299734135,5.90772139185916e-05,3.90960982093987e-05
1108,45.86830944834727,0.25640054813631746,0.7435519165876205,0.00011559357299734135,5.90772139185916e-05,3.90960982093987e-05
1109,45.90966951096976,0.25630952986256184,0.7436432986410898,0.00011559357299734135,5.90772139185916e-05,3.90960982093987e-05
1110,45.95102957359226,0.2562225082412391,0.743730689367225,0.00011559357299734135,5.90772139185916e-05,3.90960982093987e-05
1111,45.99238963621475,0.25613997867540284,0.7438135912036902,0.00011559357299734135,5.90772139185916e-05,3.90960982093987e-05
1112,46.03374969883725,0.25606252957655,0.7438914136451852,0.00011559357299734135,5.90772139185916e-05,3.90960982093987e-05
1113,46.07510976145974,0.2559908491050579,0.7439634665221744,0.00011559357299734135,5.90772139185916e-05,3.90960982093987e-05
1114,46.116469824082245,0.25592573052447376,0.7440289546647286,0.00011559357299734135,5.90772139185916e-05,3.90960982093987e-05
1115,46.15782988670474,0.2558680760200686,0.7440869741013338,0.00011559357299734135,5.90772139185916e-05,3.90960982093987e-05
1116,46.19918994932723,0.2558188988742396,0.744136509899784,0.00011559357299734135,5.90772139185916e-05,3.90960982093987e-05
1117,46.24055001194973,0.25577932393600405,0.7441764357127358,0.00011559357299734135,5.90772139185916e-05,3.90960982093987e-05
1118,46.28191007457222,0.2557505863666528,0.7442055150455843,0.00011559357299734135,5.90772139185916e-05,3.90960982093987e-05
1119,46.32327013719472,0.2557340286875325,0.744222404220492,0.00011559357299734135,5.90772139185916e-05,3.90960982093987e-05
1120,46.36463019981721,0.25573109619670553,0.7442256569693293,0.00011559357299734135,5.90772139185916e-05,3.90960982093987e-05
1121,46.40599026243971,0.25574333085814877,0.7442137305518806,0.00011559357299734135,5.90772139185916e-05,3.90960982093987e-05
1122,46.4473503250622,0.2557723637984481,0.7441849932635479,0.00011559357299734135,5.90772139185916e-05,3.90960982093987e-05
1123,46.4887103876847,0.2558199065713355,0.7441377331724256,0.00011559357299734135,5.90772139185916e-05,3.90960982093987e-05
1124,46.530070450307186,0.25588774136895,0.7440701679063758,0.00011559357299734135,5.90772139185916e-05,3.90960982093987e-05
1125,46.57143051292969,0.25597771037022504,0.743980455299515,0.00011559357299734135,5.90772139185916e-05,3.90960982093987e-05
1126,46.61279057555218,0.256091704421684,0.7438667047027738,0.00011559357299734135,5.90772139185916e-05,3.90960982093987e-05
1127,46.65415063817468,0.2562316512441767,0.743726988765054,0.00011559357299734135,5.90772139185916e-05,3.90960982093987e-05
1128,46.69551070079718,0.25639950335151374,0.7435593554991344,0.00011559357299734135,5.90772139185916e-05,3.90960982093987e-05
1129,46.736870763419674,0.25659722585439876,0.7433618404589825,0.00011559357299734135,5.90772139185916e-05,3.90960982093987e-05
1130,46.77823082604217,0.25682678430650757,0.7431324788720518,0.00011559357299734135,5.90772139185916e-05,3.90960982093987e-05
1131,46.819590888664656,0.25709013272991543,0.7428693175898925,0.00011559357299734135,5.90772139185916e-05,3.90960982093987e-05
1132,46.86095095128716,0.2573892019357115,0.7425704267414409,0.00011559357299734135,5.90772139185916e-05,3.90960982093987e-05
1133,46.902311013909646,0.25772588823337017,0.7422339109964304,0.00011559357299734135,5.90772139185916e-05,3.90960982093987e-05
1134,46.94367107653215,0.25810204260031205,0.7418579203675751,0.00011559357299734135,5.90772139185916e-05,3.90960982093987e-05
1135,46.98503113915464,0.2585194603623044,0.7414406605023127,0.00011559357299734135,5.90772139185916e-05,3.90960982093987e-05
1136,47.02639120177714,0.2589798714158505,0.7409804024329102,0.00011559357299734135,5.90772139185916e-05,3.90960982093987e-05
1137,47.06775126439963,0.25948493100720216,0.7404754917716339,0.00011559357299734135,5.90772139185916e-05,3.90960982093987e-05
1138,47.10911132702213,0.26003621106828495,0.7399243573509295,0.00011559357299734135,5.90772139185916e-05,3.90960982093987e-05
1139,47.150471389644615,0.26063519209894864,0.7393255193203588,0.00011559357299734135,5.90772139185916e-05,3.90960982093987e-05
1140,47.19183145226712,0.26128325557667026,0.7386775967189155,0.00011559357299734135,5.90772139185916e-05,3.90960982093987e-05
1141,47.23319151488962,0.2619816768700802,0.7379793145479939,0.00011559357299734135,5.90772139185916e-05,3.90960982093987e-05
1142,47.274551577512106,0.26273161862989447,0.7372295103705799,0.00011559357299734135,5.90772139185916e-05,3.90960982093987e-05
1143,47.31591164013461,0.26353412463143205,0.7364271404638254,0.00011559357299734135,5.90772139185916e-05,3.90960982093987e-05
1144,47.357271702757096,0.2643901140446412,0.7355712855484086,0.00011559357299734135,5.90772139185916e-05,3.90960982093987e-05
1145,47.3986317653796,0.26530037611165247,0.7346611561151605,0.00011559357299734135,5.90772139185916e-05,3.90960982093987e-05
1146,47.43999182800209,0.2662655652168548,0.7336960973637093,0.00011559357299734135,5.90772139185916e-05,3.90960982093987e-05
1147,47.48135189062459,0.2672861963400759,0.7326755937621888,0.00011559357299734135,5.90772139185916e-05,3.90960982093987e-05
1148,47.522711953247075,0.2683626408898113,0.7315992732309697,0.00011559357299734135,5.90772139185916e-05,3.90960982093987e-05
1149,47.56407201586958,0.2694951229193067,0.7304669109467578,0.00011559357299734135,5.90772139185916e-05,3.90960982093987e-05
1150,47.605432078492065,0.2706837157339807,0.7292784327584927,0.00011559357299734135,5.90772139185916e-05,3.90960982093987e-05
1151,47.64679214111457,0.27192833890363904,0.7280339182003965,0.00011559357299734135,5.90772139185916e-05,3.90960982093987e-05
1152,47.68815220373706,0.2732287556970698,0.7267336030843462,0.00011559357299734135,5.90772139185916e-05,3.90960982093987e-05
1153,47.729512266359556,0.27458457095949335,0.7253778816501365,0.00011559357299734135,5.90772139185916e-05,3.90960982093987e-05
1154,47.770872328982044,0.2759952294554727,0.7239673082502418,0.00011559357299734135,5.90772139185916e-05,3.90960982093987e-05
1155,47.812232391604546,0.2774600147005079,0.7225025985452942,0.00011559357299734135,5.90772139185916e-05,3.90960982093987e-05
1156,47.853592454227034,0.27897804830450484,0.720984630186197,0.00011559357299734135,5.90772139185916e-05,3.90960982093987e-05
1157,47.894952516849536,0.28054828984889657,0.7194144429604055,0.00011559357299734135,5.90772139185916e-05,3.90960982093987e-05
1158,47.93631257947204,0.28216953731754113,0.7177932383819845,0.00011559357299734135,5.90772139185916e-05,3.90960982093987e-05
1159,47.977672642094525,0.2838404280986694,0.7161223787070655,0.00011559357299734135,5.90772139185916e-05,3.90960982093987e-05
1160,48.01903270471703,0.285559440572568,0.7144033853602777,0.00011559357299734135,5.90772139185916e-05,3.90960982093987e-05
1161,48.06039276733952,0.2873248962965419,0.7126379367597464,0.00011559357299734135,5.90772139185916e-05,3.90960982093987e-05
1162,48.101752829962,0.289134962795877,0.7108278655320067,0.00011559357299734135,5.90772139185916e-05,3.90960982093987e-05
1163,48.143112892584504,0.29098765696704837,0.7089751551104442,0.00011559357299734135,5.90772139185916e-05,3.90960982093987e-05
1164,48.184472955207006,0.2928808490973467,0.7070819357131124,0.00011559357299734135,5.90772139185916e-05,3.90960982093987e-05
1165,48.225833017829494,0.2948122675037354,0.705150479697178,0.00011559357299734135,5.90772139185916e-05,3.90960982093987e-05
1166,48.267193080451996,0.2967795037930119,0.7031831962883273,0.00011559357299734135,5.90772139185916e-05,3.90960982093987e-05
1167,48.3085531430745,0.29878001874523646,0.7011826256831876,0.00011559357299734135,5.90772139185916e-05,3.90960982093987e-05
1168,48.349913205696986,0.3008111488228611,0.6991514325231116,0.00011559357299734135,5.90772139185916e-05,3.90960982093987e-05
1169,48.39127326831949,0.3028701133087312,0.6970923987362087,0.00011559357299734135,5.90772139185916e-05,3.90960982093987e-05
1170,48.432633330941975,0.30495402207686717,0.6950084157444595,0.00011559357299734135,5.90772139185916e-05,3.90960982093987e-05
1171,48.47399339356446,0.30705988400055567,0.6929024760318893,0.00011559357299734135,5.90772139185916e-05,3.90960982093987e-05
1172,48.515353456186965,0.309184616001815,0.6907776640700917,0.00011559357299734135,5.90772139185916e-05,3.90960982093987e-05
1173,48.55671351880947,0.31132505274523264,0.6886371465989553,0.00011559357299734135,5.90772139185916e-05,3.90960982093987e-05
1174,48.598073581431954,0.313477956975867,0.6864841622630419,0.00011559357299734135,5.90772139185916e-05,3.90960982093987e-05
1175,48.639433644054456,0.3156400304963975,0.68432201060924,0.00011559357299734135,5.90772139185916e-05,3.90960982093987e-05
1176,48.680793706676944,0.3178079257713748,0.6821540404581403,0.00011559357299734135,5.90772139185916e-05,3.90960982093987e-05
1177,48.722153769299446,0.31997825813679776,0.6799836376712721,0.00011559357299734135,5.90772139185916e-05,3.90960982093987e-05
1178,48.763513831921934,0.32214761858148305,0.6778142123484416,0.00011559357299734135,5.90772139185916e-05,3.90960982093987e-05
1179,48.804873894544436,0.3243125870517209,0.6756491855033119,0.00011559357299734135,5.90772139185916e-05,3.90960982093987e-05
1180,48.84623395716692,0.3264697462146461,0.6734919752829934,0.00011559357299734135,5.90772139185916e-05,3.90960982093987e-05
1181,48.887594019789425,0.32861569559688875,0.6713459828143797,0.00011559357299734135,5.90772139185916e-05,3.90960982093987e-05
1182,48.92895408241191,0.3307470659961976,0.6692145777803923,0.00011559357299734135,5.90772139185916e-05,3.90960982093987e-05
1183,48.970314145034415,0.3328605340437884,0.6671010838481144,0.00011559357299734135,5.90772139185916e-05,3.90960982093987e-05
1184,49.01167420765692,0.3349528367763956,0.6650087640900975,0.00011559357299734135,5.90772139185916e-05,3.90960982093987e-05
1185,49.053034270279404,0.3370207860595979,0.6629408065572943,0.00011559357299734135,5.90772139185916e-05,3.90960982093987e-05
1186,49.09439433290189,0.3390612826892705,0.6609003101766444,0.00011559357299734135,5.90772139185916e-05,3.90960982093987e-05
1187,49.135754395524394,0.34107132998714,0.6588902711575649,0.00011559357299734135,5.90772139185916e-05,3.90960982093987e-05
1188,49.17711445814688,0.34304804669968453,0.6569135700977206,0.00011559357299734135,5.90772139185916e-05,3.90960982093987e-05
1189,49.218474520769384,0.3449886790087958,0.6549729599799777,0.00011559357299734135,5.90772139185916e-05,3.90960982093987e-05
1190,49.259834583391886,0.34689061146690914,0.6530710552471004,0.00011559357299734135,5.90772139185916e-05,3.90960982093987e-05
1191,49.30119464601437,0.3487513766808571,0.6512103221304066,0.00011559357299734135,5.90772139185916e-05,3.90960982093987e-05
1192,49.342554708636875,0.3505686635856287,0.6493930703907159,0.00011559357299734135,5.90772139185916e-05,3.90960982093987e-05
1193,49.38391477125938,0.3523403241728414,0.647621446606309,0.00011559357299734135,5.90772139185916e-05,3.90960982093987e-05
1194,49.42527483388186,0.3540643785681601,0.6458974291138405,0.00011559357299734135,5.90772139185916e-05,3.90960982093987e-05
1195,49.46663489650435,0.3557390183858806,0.6442228246734505,0.00011559357299734135,5.90772139185916e-05,3.90960982093987e-05
1196,49.507994959126854,0.3573626083272735,0.6425992668909924,0.00011559357299734135,5.90772139185916e-05,3.90960982093987e-05
1197,49.54935502174934,0.3589336860304932,0.6410282163896927,0.00011559357299734135,5.90772139185916e-05,3.90960982093987e-05
1198,49.590715084371844,0.3604509602222904,0.6395109626799099,0.00011559357299734135,5.90772139185916e-05,3.90960982093987e-05
1199,49.632075146994346,0.3619133072650426,0.6380486276339165,0.00011559357299734135,5.90772139185916e-05,3.90960982093987e-05
1200,49.673435209616834,0.36331976623375656,0.6366421704298407,0.00011559357299734135,5.90772139185916e-05,3.90960982093987e-05
1201,49.714795272239336,0.3646695326968724,0.6352923937912448,0.00011559357299734135,5.90772139185916e-05,3.90960982093987e-05
1202,49.75615533486182,0.36596195140931054,0.633999951313075,0.00011559357299734135,5.90772139185916e-05,3.90960982093987e-05
1203,49.79751539748431,0.36719650815560784,0.6327653556359085,0.00011559357299734135,5.90772139185916e-05,3.90960982093987e-05
1204,49.83887546010681,0.36837282100423574,0.6315889872072636,0.00011559357299734135,5.90772139185916e-05,3.90960982093987e-05
1205,49.880235522729315,0.36949063124971687,0.6304711033528982,0.00011559357299734135,5.90772139185916e-05,3.90960982093987e-05
1206,49.9215955853518,0.3705497943271966,0.6294118473733871,0.00011559357299734135,5.90772139185916e-05,3.90960982093987e-05
1207,49.962955647974304,0.37155027098356364,0.6284112573816618,0.00011559357299734135,5.90772139185916e-05,3.90960982093987e-05
1208,50.00431571059679,0.3724921189803469,0.6274692746063362,0.00011559357299734135,5.90772139185916e-05,3.90960982093987e-05
1209,50.045675773219294,0.3733754855862747,0.6265857509029087,0.00011559357299734135,5.90772139185916e-05,3.90960982093987e-05
1210,50.08703583584178,0.3742006010921651,0.6257604552402866,0.00011559357299734135,5.90772139185916e-05,3.90960982093987e-05
1211,50.128395898464284,0.37496777354810523,0.6249930789628352,0.00011559357299734135,5.90772139185916e-05,3.90960982093987e-05
1212,50.16975596108677,0.3756773848837507,0.6242832396674011,0.00011559357299734135,5.90772139185916e-05,3.90960982093987e-05
1213,50.21111602370927,0.37632988852779886,0.6236304835796013,0.00011559357299734135,5.90772139185916e-05,3.90960982093987e-05
1214,50.25247608633176,0.3769258085936608,0.6230342863625632,0.00011559357299734135,5.90772139185916e-05,3.90960982093987e-05
1215,50.29383614895426,0.37746574064650285,0.6224940523436221,0.00011559357299734135,5.90772139185916e-05,3.90960982093987e-05
1216,50.335196211576765,0.37795035401312393,0.6220091121975011,0.00011559357299734135,5.90772139185916e-05,3.90960982093987e-05
1217,50.37655627419925,0.3783803955432059,0.6215787191782988,0.00011559357299734135,5.90772139185916e-05,3.90960982093987e-05
1218,50.41791633682175,0.3787566946783493,0.6212020440441036,0.00011559357299734135,5.90772139185916e-05,3.90960982093987e-05
1219,50.45927639944424,0.3790801696370486,0.6208781688660773,0.00011559357299734135,5.90772139185916e-05,3.90960982093987e-05
1220,50.50063646206674,0.37935183448031107,0.6206060799583685,0.00011559357299734135,5.90772139185916e-05,3.90960982093987e-05
1221,50.54199652468923,0.3795728067847081,0.6203846602016482,0.00011559357299734135,5.90772139185916e-05,3.90960982093987e-05
1222,50.583356587311734,0.3797443156200712,0.6202126810634838,0.00011559357299734135,5.90772139185916e-05,3.90960982093987e-05
1223,50.62471664993422,0.3798677095073074,0.6200887946401582,0.00011559357299734135,5.90772139185916e-05,3.90960982093987e-05
1224,50.66607671255672,0.3799444640198762,0.6200115260563522,0.00011559357299734135,5.90772139185916e-05,3.90960982093987e-05
1225,50.707436775179225,0.3799761886901271,0.6199792665613324,0.00011559357299734135,5.90772139185916e-05,3.90960982093987e-05
1226,50.748796837801706,0.37996463288967913,0.6199902676522319,0.00011559357299734135,5.90772139185916e-05,3.90960982093987e-05
1227,50.7901569004242,0.379911690370892,0.6200426365371494,0.00011559357299734135,5.90772139185916e-05,3.90960982093987e-05
1228,50.8315169630467,0.3798194021838823,0.6201343332231258,0.00011559357299734135,5.90772139185916e-05,3.90960982093987e-05
1229,50.8728770256692,0.37968995771989383,0.6202631694778924,0.00011559357299734135,5.90772139185916e-05,3.90960982093987e-05
1230,50.91423708829169,0.379525693675414,0.6204268098703063,0.00011559357299734135,5.90772139185916e-05,3.90960982093987e-05
1231,50.955597150914194,0.3793290907818689,0.6206227750442531,0.00011559357299734135,5.90772139185916e-05,3.90960982093987e-05
1232,50.99695721353668,0.3791027682005571,0.6208484473260878,0.00011559357299734135,5.90772139185916e-05,3.90960982093987e-05
1233,51.038317276159184,0.3788494755401055,0.6211010787072329,0.00011559357299734135,5.90772139185916e-05,3.90960982093987e-05
1234,51.07967733878167,0.3785720825132401,0.6213778011854542,0.00011559357299734135,5.90772139185916e-05,3.90960982093987e-05
1235,51.121037401404166,0.3782735663077241,0.6216756393892278,0.00011559357299734135,5.90772139185916e-05,3.90960982093987e-05
1236,51.16239746402666,0.3779569968024041,0.6219915253538134,0.00011559357299734135,5.90772139185916e-05,3.90960982093987e-05
1237,51.20375752664916,0.37762551981159753,0.6223223152661959,0.00011559357299734135,5.90772139185916e-05,3.90960982093987e-05
1238,51.24511758927165,0.3772823385873685,0.622664807948813,0.00011559357299734135,5.90772139185916e-05,3.90960982093987e-05
1239,51.28647765189415,0.37693069384939504,0.6230157648126184,0.00011559357299734135,5.90772139185916e-05,3.90960982093987e-05
1240,51.32783771451664,0.3765738426447992,0.6233719309773701,0.00011559357299734135,5.90772139185916e-05,3.90960982093987e-05
1241,51.36919777713914,0.37621503636460274,0.6237300572326673,0.00011559357299734135,5.90772139185916e-05,3.90960982093987e-05
1242,51.41055783976164,0.37585749825964243,0.6240869224972889,0.00011559357299734135,5.90772139185916e-05,3.90960982093987e-05
1243,51.45191790238413,0.37550440080651776,0.6244393564268063,0.00011559357299734135,5.90772139185916e-05,3.90960982093987e-05
1244,51.49327796500663,0.3751588432735622,0.6247842618199831,0.00011559357299734135,5.90772139185916e-05,3.90960982093987e-05
1245,51.53463802762912,0.37482382982874196,0.6251186364825662,0.00011559357299734135,5.90772139185916e-05,3.90960982093987e-05
1246,51.575998090251616,0.37450224851620223,0.6254395942224746,0.00011559357299734135,5.90772139185916e-05,3.90960982093987e-05
1247,51.61735815287411,0.3741968514066555,0.6257443846716261,0.00011559357299734135,5.90772139185916e-05,3.90960982093987e-05
1248,51.65871821549661,0.3739102362001769,0.6260304116565126,0.00011559357299734135,5.90772139185916e-05,3.90960982093987e-05
1249,51.7000782781191,0.3736448295287248,0.6262952498706307,0.00011559357299734135,5.90772139185916e-05,3.90960982093987e-05
1250,51.741438340741595,0.3734028721712086,0.6265366596364706,0.00011559357299734135,5.90772139185916e-05,3.90960982093987e-05
1251,51.78279840336409,0.373186406356917,0.6267525995815538,0.00011559357299734135,5.90772139185916e-05,3.90960982093987e-05
1252,51.824158465986585,0.3729972652946101,0.6269412370915038,0.00011559357299734135,5.90772139185916e-05,3.90960982093987e-05
1253,51.86551852860908,0.37283706502548847,0.6271009564422204,0.00011559357299734135,5.90772139185916e-05,3.90960982093987e-05
1254,51.90687859123158,0.372707198659049,0.6272303645520747,0.00011559357299734135,5.90772139185916e-05,3.90960982093987e-05
1255,51.94823865385408,0.3726088330129786,0.6273282943331419,0.00011559357299734135,5.90772139185916e-05,3.90960982093987e-05
1256,51.98959871647657,0.3725429076414088,0.6273938056571439,0.00011559357299734135,5.90772139185916e-05,3.90960982093987e-05
1257,52.03095877909907,0.37251013620126333,0.6274261839858478,0.00011559357299734135,5.90772139185916e-05,3.90960982093987e-05
1258,52.072318841721554,0.3725110100746248,0.627424936748497,0.00011559357299734135,5.90772139185916e-05,3.90960982093987e-05
1259,52.113678904344056,0.3725458041357311,0.6273897875768002,0.00011559357299734135,5.90772139185916e-05,3.90960982093987e-05
1260,52.15503896696655,0.3726145845254941,0.6273206685348438,0.00011559357299734135,5.90772139185916e-05,3.90960982093987e-05
1261,52.196399029589045,0.3727172182740871,0.6272177105030682,0.00011559357299734135,5.90772139185916e-05,3.90960982093987e-05
1262,52.23775909221154,0.3728533845933953,0.6270812318943216,0.00011559357299734135,5.90772139185916e-05,3.90960982093987e-05
1263,52.27911915483404,0.3730225876461455,0.6269117258951339,0.00011559357299734135,5.90772139185916e-05,3.90960982093987e-05
1264,52.32047921745653,0.373224170587351,0.6267098464366816,0.00011559357299734135,5.90772139185916e-05,3.90960982093987e-05
1265,52.36183928007903,0.37345733066597314,0.6264763931074315,0.00011559357299734135,5.90772139185916e-05,3.90960982093987e-05
1266,52.40319934270152,0.37372113517067185,0.6262122952239655,0.00011559357299734135,5.90772139185916e-05,3.90960982093987e-05
1267,52.444559405324014,0.37401453800263573,0.6259185952769604,0.00011559357299734135,5.90772139185916e-05,3.90960982093987e-05
1268,52.485919467946516,0.3743363966607399,0.6255964319678323,0.00011559357299734135,5.90772139185916e-05,3.90960982093987e-05
1269,52.52727953056901,0.3746854894290143,0.6252470230460411,0.00011559357299734135,5.90772139185916e-05,3.90960982093987e-05
1270,52.568639593191506,0.37506053256378724,0.6248716481504524,0.00011559357299734135,5.90772139185916e-05,3.90960982093987e-05
1271,52.609999655814,0.3754601972868177,0.6244716318487861,0.00011559357299734135,5.90772139185916e-05,3.90960982093987e-05
1272,52.651359718436495,0.37588312640164473,0.6240483270583462,0.00011559357299734135,5.90772139185916e-05,3.90960982093987e-05
1273,52.69271978105899,0.37632795036227623,0.6236030990194525,0.00011559357299734135,5.90772139185916e-05,3.90960982093987e-05
1274,52.734079843681485,0.3767933026361743,0.6231373099799747,0.00011559357299734135,5.90772139185916e-05,3.90960982093987e-05
1275,52.77543990630398,0.3772778342169831,0.6226523047355061,0.00011559357299734135,5.90772139185916e-05,3.90960982093987e-05
1276,52.816799968926475,0.37778022715624493,0.6221493971562988,0.00011559357299734135,5.90772139185916e-05,3.90960982093987e-05
1277,52.85816003154897,0.37829920699744546,0.6216298578172988,0.00011559357299734135,5.90772139185916e-05,3.90960982093987e-05
1278,52.899520094171464,0.3788335540097389,0.621094902833587,0.00011559357299734135,5.90772139185916e-05,3.90960982093987e-05
1279,52.94088015679396,0.37938211313303,0.6205456839889845,0.00011559357299734135,5.90772139185916e-05,3.90960982093987e-05
1280,52.98224021941646,0.379943802560199,0.6199832802310901,0.00011559357299734135,5.90772139185916e-05,3.90960982093987e-05
1281,53.023600282038956,0.38051762089668595,0.6194086905914559,0.00011559357299734135,5.90772139185916e-05,3.90960982093987e-05
1282,53.06496034466144,0.3811026528521337,0.6188228285745984,0.00011559357299734135,5.90772139185916e-05,3.90960982093987e-05
1283,53.106320407283945,0.3816980734336638,0.6182265180447933,0.00011559357299734135,5.90772139185916e-05,3.90960982093987e-05
1284,53.14768046990643,0.38230315062551967,0.617620490623859,0.00011559357299734135,5.90772139185916e-05,3.90960982093987e-05
1285,53.189040532528935,0.3829172465553838,0.6170053845974136,0.00011559357299734135,5.90772139185916e-05,3.90960982093987e-05
1286,53.23040059515143,0.3835398171639685,0.6163817453110771,0.00011559357299734135,5.90772139185916e-05,3.90960982093987e-05
1287,53.271760657773925,0.384170410410861,0.6157500270209205,0.00011559357299734135,5.90772139185916e-05,3.90960982093987e-05
1288,53.31312072039642,0.3848086630667092,0.6151105961459379,0.00011559357299734135,5.90772139185916e-05,3.90960982093987e-05
1289,53.354480783018914,0.3854542961591492,0.6144637358529212,0.00011559357299734135,5.90772139185916e-05,3.90960982093987e-05
1290,53.3958408456414,0.38610710915716706,0.6138096518868248,0.00011559357299734135,5.90772139185916e-05,3.90960982093987e-05
1291,53.437200908263904,0.3867669729959373,0.6131484795426655,0.00011559357299734135,5.90772139185916e-05,3.90960982093987e-05
1292,53.4785609708864,0.3874338220610463,0.6124802916586974,0.00011559357299734135,5.90772139185916e-05,3.90960982093987e-05
1293,53.51992103350889,0.3881076452669956,0.6118051074944469,0.00011559357299734135,5.90772139185916e-05,3.90960982093987e-05
1294,53.561281096131395,0.3887884763801284,0.6111229023431771,0.00011559357299734135,5.90772139185916e-05,3.90960982093987e-05
1295,53.60264115875389,0.3894763837494109,0.6104336177147828,0.00011559357299734135,5.90772139185916e-05,3.90960982093987e-05
1296,53.644001221376385,0.3901714596203158,0.6097371719144183,0.00011559357299734135,5.90772139185916e-05,3.90960982093987e-05
1297,53.68536128399887,0.39087380921649256,0.6090334708331836,0.00011559357299734135,5.90772139185916e-05,3.90960982093987e-05
1298,53.726721346621375,0.3915835397805576,0.6083224187608384,0.00011559357299734135,5.90772139185916e-05,3.90960982093987e-05
1299,53.76808140924386,0.3923007497694089,0.607603929027556,0.00011559357299734135,5.90772139185916e-05,3.90960982093987e-05
1300,53.809441471866364,0.39302551839979183,0.6068779342813044,0.00011559357299734135,5.90772139185916e-05,3.90960982093987e-05
1301,53.85080153448886,0.3937578957373238,0.6061443962113753,0.00011559357299734135,5.90772139185916e-05,3.90960982093987e-05
1302,53.892161597111354,0.39449789351508646,0.6054033145348366,0.00011559357299734135,5.90772139185916e-05,3.90960982093987e-05
1303,53.93352165973385,0.3952454768579855,0.6046547350743995,0.00011559357299734135,5.90772139185916e-05,3.90960982093987e-05
1304,53.97488172235634,0.39600055707437626,0.6038987567697847,0.00011559357299734135,5.90772139185916e-05,3.90960982093987e-05
1305,54.01624178497883,0.3967629856587652,0.6031355374837669,0.00011559357299734135,5.90772139185916e-05,3.90960982093987e-05
1306,54.05760184760133,0.3975325496272035,0.6023652984850224,0.00011559357299734135,5.90772139185916e-05,3.90960982093987e-05
1307,54.098961910223835,0.3983089682822189,0.6015883275156942,0.00011559357299734135,5.90772139185916e-05,3.90960982093987e-05
1308,54.14032197284632,0.3990918914756289,0.6008049803792485,0.00011559357299734135,5.90772139185916e-05,3.90960982093987e-05
1309,54.181682035468825,0.399880899406777,0.6000156810147154,0.00011559357299734135,5.90772139185916e-05,3.90960982093987e-05
1310,54.22304209809131,0.400675503960999,0.5992209200559205,0.00011559357299734135,5.90772139185916e-05,3.90960982093987e-05
1311,54.264402160713814,0.4014751515588023,0.5984212519079513,0.00011559357299734135,5.90772139185916e-05,3.90960982093987e-05
1312,54.30576222333631,0.4022792274517064,0.5976172904067948,0.00011559357299734135,5.90772139185916e-05,3.90960982093987e-05
1313,54.347122285958804,0.40308706136633726,0.5968097031623575,0.00011559357299734135,5.90772139185916e-05,3.90960982093987e-05
1314,54.38848234858129,0.4038979343653365,0.595999204716551,0.00011559357299734135,5.90772139185916e-05,3.90960982093987e-05
1315,54.42984241120379,0.40471108676293527,0.595186548678689,0.00011559357299734135,5.90772139185916e-05,3.90960982093987e-05
1316,54.47120247382628,0.40552572690555183,0.5943725190269816,0.00011559357299734135,5.90772139185916e-05,3.90960982093987e-05
1317,54.51256253644878,0.40634104060440746,0.593557920787377,0.00011559357299734135,5.90772139185916e-05,3.90960982093987e-05
1318,54.55392259907128,0.4071562009887691,0.5927435703190429,0.00011559357299734135,5.90772139185916e-05,3.90960982093987e-05
1319,54.59528266169377,0.40797037853576057,0.5919302854473657,0.00011559357299734135,5.90772139185916e-05,3.90960982093987e-05
1320,54.636642724316275,0.40878275102630746,0.5911188756916425,0.00011559357299734135,5.90772139185916e-05,3.90960982093987e-05
1321,54.67800278693876,0.40959251317687767,0.5903101328337523,0.00011559357299734135,5.90772139185916e-05,3.90960982093987e-05
1322,54.71936284956125,0.4103988857037592,0.5895048220671668,0.00011559357299734135,5.90772139185916e-05,3.90960982093987e-05
1323,54.76072291218375,0.4112011235898555,0.5887036739513523,0.00011559357299734135,5.90772139185916e-05,3.90960982093987e-05
1324,54.802082974806254,0.41199852334422526,0.5879073773774076,0.00011559357299734135,5.90772139185916e-05,3.90960982093987e-05
1325,54.84344303742874,0.412790429069912,0.5871165737247607,0.00011559357299734135,5.90772139185916e-05,3.90960982093987e-05
1326,54.88480310005124,0.4135762371861936,0.5863318523584067,0.00011559357299734135,5.90772139185916e-05,3.90960982093987e-05
1327,54.92616316267374,0.41435539968607743,0.5855537475821272,0.00011559357299734135,5.90772139185916e-05,3.90960982093987e-05
1328,54.96752322529623,0.41512742584714957,0.5847827371257458,0.00011559357299734135,5.90772139185916e-05,3.90960982093987e-05
1329,55.00888328791872,0.41589188235327607,0.5840192422056627,0.00011559357299734135,5.90772139185916e-05,3.90960982093987e-05
1330,55.05024335054122,0.4166483918245365,0.5832636291590659,0.00011559357299734135,5.90772139185916e-05,3.90960982093987e-05
1331,55.09160341316371,0.41739662979141234,0.5825162126126002,0.00011559357299734135,5.90772139185916e-05,3.90960982093987e-05
1332,55.13296347578621,0.41813632018739555,0.581777260110781,0.00011559357299734135,5.90772139185916e-05,3.90960982093987e-05
1333,55.174323538408714,0.418867229468082,0.5810469980940904,0.00011559357299734135,5.90772139185916e-05,3.90960982093987e-05
1334,55.2156836010312,0.41958915949599357,0.5803256190871208,0.00011559357299734135,5.90772139185916e-05,3.90960982093987e-05
1335,55.257043663653704,0.42030193935704696,0.5796132899307465,0.00011559357299734135,5.90772139185916e-05,3.90960982093987e-05
1336,55.29840372627619,0.4210054162959459,0.578910160871014,0.00011559357299734135,5.90772139185916e-05,3.90960982093987e-05
1337,55.33976378889868,0.42169944597461617,0.5782163753015588,0.00011559357299734135,5.90772139185916e-05,3.90960982093987e-05
1338,55.38112385152118,0.4223838822685941,0.5775320799452087,0.00011559357299734135,5.90772139185916e-05,3.90960982093987e-05
1339,55.42248391414368,0.42305856682243825,0.5768574352550704,0.00011559357299734135,5.90772139185916e-05,3.90960982093987e-05
1340,55.46384397676617,0.42372331858582474,0.5761926258148057,0.00011559357299734135,5.90772139185916e-05,3.90960982093987e-05
1341,55.50520403938867,0.42437792354821036,0.5755378705217624,0.00011559357299734135,5.90772139185916e-05,3.90960982093987e-05
1342,55.54656410201116,0.4250221248814376,0.5748934323451862,0.00011559357299734135,5.90772139185916e-05,3.90960982093987e-05
1343,55.58792416463366,0.42565561368786065,0.5742596274639213,0.00011559357299734135,5.90772139185916e-05,3.90960982093987e-05
1344,55.62928422725616,0.42627802053599184,0.5736368336033039,0.00011559357299734135,5.90772139185916e-05,3.90960982093987e-05
1345,55.67064428987865,0.4268889079477272,0.5730254974091266,0.00011559357299734135,5.90772139185916e-05,3.90960982093987e-05
1346,55.71200435250114,0.4274877639811373,0.5724261407168487,0.00011559357299734135,5.90772139185916e-05,3.90960982093987e-05
1347,55.75336441512364,0.42807399703097615,0.5718393655958655,0.00011559357299734135,5.90772139185916e-05,3.90960982093987e-05
1348,55.79472447774613,0.4286469319461679,0.5712658580714722,0.00011559357299734135,5.90772139185916e-05,3.90960982093987e-05
1349,55.83608454036863,0.42920580754037385,0.5707063904510231,0.00011559357299734135,5.90772139185916e-05,3.90960982093987e-05
1350,55.87744460299113,0.42974977554774374,0.5701618222040532,0.00011559357299734135,5.90772139185916e-05,3.90960982093987e-05
1351,55.91880466561362,0.4302779010525786,0.5696330993699401,0.00011559357299734135,5.90772139185916e-05,3.90960982093987e-05
1352,55.96016472823612,0.43078916439857956,0.5691212524899245,0.00011559357299734135,5.90772139185916e-05,3.90960982093987e-05
1353,56.00152479085861,0.43128246456072333,0.5686273930826028,0.00011559357299734135,5.90772139185916e-05,3.90960982093987e-05
1354,56.0428848534811,0.43175662394127623,0.5681527087036106,0.00011559357299734135,5.90772139185916e-05,3.90960982093987e-05
1355,56.0842449161036,0.43221039453105425,0.567698456650942,0.00011559357299734135,5.90772139185916e-05,3.90960982093987e-05
1356,56.1256049787261,0.43264246535731443,0.56726595639633,0.00011559357299734135,5.90772139185916e-05,3.90960982093987e-05
1357,56.16696504134859,0.43305147112192793,0.5668565808412971,0.00011559357299734135,5.90772139185916e-05,3.90960982093987e-05
1358,56.20832510397109,0.43343600191644027,0.5664717465129152,0.00011559357299734135,5.90772139185916e-05,3.90960982093987e-05
1359,56.24968516659359,0.43379461388567,0.5661129028293734,0.00011559357299734135,5.90772139185916e-05,3.90960982093987e-05
1360,56.29104522921608,0.4341258406976041,0.5657815205786358,0.00011559357299734135,5.90772139185916e-05,3.90960982093987e-05
1361,56.33240529183857,0.43442820566560286,0.5654790797651129,0.00011559357299734135,5.90772139185916e-05,3.90960982093987e-05
1362,56.37376535446107,0.434700234358557,0.5652070569892651,0.00011559357299734135,5.90772139185916e-05,3.90960982093987e-05
1363,56.41512541708356,0.4349404675265495,0.5649669125324187,0.00011559357299734135,5.90772139185916e-05,3.90960982093987e-05
1364,56.45648547970606,0.4351474741631716,0.5647600773253306,0.00011559357299734135,5.90772139185916e-05,3.90960982093987e-05
1365,56.49784554232856,0.4353198645216101,0.5645879399823177,0.00011559357299734135,5.90772139185916e-05,3.90960982093987e-05
1366,56.53920560495105,0.4354563028998684,0.5644518340842467,0.00011559357299734135,5.90772139185916e-05,3.90960982093987e-05
1367,56.58056566757355,0.4355555200109263,0.5643530258928119,0.00011559357299734135,5.90772139185916e-05,3.90960982093987e-05
1368,56.62192573019604,0.43561632475686624,0.5642927026745667,0.00011559357299734135,5.90772139185916e-05,3.90960982093987e-05
1369,56.663285792818535,0.4356376152316795,0.5642719618076752,0.00011559357299734135,5.90772139185916e-05,3.90960982093987e-05
1370,56.70464585544103,0.4356183887860074,0.5642918008352673,0.00011559357299734135,5.90772139185916e-05,3.90960982093987e-05
1371,56.74600591806353,0.4355577509980515,0.5643531086179011,0.00011559357299734135,5.90772139185916e-05,3.90960982093987e-05
1372,56.78736598068602,0.4354549234092062,0.5644566577238186,0.00011559357299734135,5.90772139185916e-05,3.90960982093987e-05
1373,56.82872604330852,0.4353092498994246,0.5646030981786653,0.00011559357299734135,5.90772139185916e-05,3.90960982093987e-05
1374,56.87008610593101,0.43512020159693354,0.5647929526773519,0.00011559357299734135,5.90772139185916e-05,3.90960982093987e-05
1375,56.91144616855351,0.4348873802387158,0.5650266133385651,0.00011559357299734135,5.90772139185916e-05,3.90960982093987e-05
1376,56.95280623117601,0.4346105199225702,0.5653043400590088,0.00011559357299734135,5.90772139185916e-05,3.90960982093987e-05
1377,56.9941662937985,0.43428948721786126,0.5656262604980361,0.00011559357299734135,5.90772139185916e-05,3.90960982093987e-05
1378,57.03552635642099,0.4339242796299262,0.5659923716959736,0.00011559357299734135,5.90772139185916e-05,3.90960982093987e-05
1379,57.07688641904349,0.4335150224427688,0.5664025433004362,0.00011559357299734135,5.90772139185916e-05,3.90960982093987e-05
1380,57.11824648166598,0.4330619639943024,0.5668565223456611,0.00011559357299734135,5.90772139185916e-05,3.90960982093987e-05
1381,57.15960654428848,0.4325654694690401,0.5673539394994993,0.00011559357299734135,5.90772139185916e-05,3.90960982093987e-05
1382,57.20096660691098,0.43202601332275015,0.5678943166640174,0.00011559357299734135,5.90772139185916e-05,3.90960982093987e-05
1383,57.24232666953347,0.4314441704824528,0.5684770757869079,0.00011559357299734135,5.90772139185916e-05,3.90960982093987e-05
1384,57.28368673215597,0.4308206064916917,0.5691015487145016,0.00011559357299734135,5.90772139185916e-05,3.90960982093987e-05
1385,57.32504679477846,0.43015606679566215,0.5697669878935788,0.00011559357299734135,5.90772139185916e-05,3.90960982093987e-05
1386,57.36640685740095,0.429451365381011,0.5704725777081598,0.00011559357299734135,5.90772139185916e-05,3.90960982093987e-05
1387,57.40776692002345,0.4287073730023203,0.5712174462213804,0.00011559357299734135,5.90772139185916e-05,3.90960982093987e-05
1388,57.44912698264595,0.4279250052388778,0.5720006770804279,0.00011559357299734135,5.90772139185916e-05,3.90960982093987e-05
1389,57.49048704526844,0.42710521063181756,0.5728213213361414,0.00011559357299734135,5.90772139185916e-05,3.90960982093987e-05
1390,57.53184710789094,0.42624895915243965,0.5736784089283272,0.00011559357299734135,5.90772139185916e-05,3.90960982093987e-05
1391,57.57320717051344,0.42535723124688707,0.5745709595932147,0.00011559357299734135,5.90772139185916e-05,3.90960982093987e-05
1392,57.61456723313593,0.4244310076902407,0.5754979929612364,0.00011559357299734135,5.90772139185916e-05,3.90960982093987e-05
1393,57.65592729575842,0.4234712604648787,0.576458537631564,0.00011559357299734135,5.90772139185916e-05,3.90960982093987e-05
1394,57.69728735838092,0.4224789448536068,0.577451639034108,0.00011559357299734135,5.90772139185916e-05,3.90960982093987e-05
1395,57.738647421003414,0.4214549929076956,0.578476365919345,0.00011559357299734135,5.90772139185916e-05,3.90960982093987e-05
1396,57.78000748362591,0.42040030841499537,0.579531815351388,0.00011559357299734135,5.90772139185916e-05,3.90960982093987e-05
1397,57.82136754624841,0.4193157634540705,0.5806171161188791,0.00011559357299734135,5.90772139185916e-05,3.90960982093987e-05
1398,57.8627276088709,0.41820219657760943,0.581731430520457,0.00011559357299734135,5.90772139185916e-05,3.90960982093987e-05
1399,57.9040876714934,0.41706041262421023,0.5828739545256666,0.00011559357299734135,5.90772139185916e-05,3.90960982093987e-05
1400,57.94544773411589,0.4158911841123564,0.5840439163575749,0.00011559357299734135,5.90772139185916e-05,3.90960982093987e-05
1401,57.98680779673838,0.4146952541260576,0.5852405735871916,0.00011559357299734135,5.90772139185916e-05,3.90960982093987e-05
1402,58.02816785936088,0.4134733405593119,0.5864632088725806,0.00011559357299734135,5.90772139185916e-05,3.90960982093987e-05
1403,58.06952792198338,0.4122261415474218,0.5877111245140699,0.00011559357299734135,5.90772139185916e-05,3.90960982093987e-05
1404,58.11088798460587,0.41095434187908586,0.5889836360316035,0.00011559357299734135,5.90772139185916e-05,3.90960982093987e-05
1405,58.15224804722837,0.40965862015484017,0.5902800649985104,0.00011559357299734135,5.90772139185916e-05,3.90960982093987e-05
1406,58.19360810985086,0.40833965643559705,0.5915997313874807,0.00011559357299734135,5.90772139185916e-05,3.90960982093987e-05
1407,58.23496817247336,0.40699814011158225,0.5929419456987001,0.00011559357299734135,5.90772139185916e-05,3.90960982093987e-05
1408,58.27632823509585,0.405634777716,0.59430600114543,0.00011559357299734135,5.90772139185916e-05,3.90960982093987e-05
1409,58.31768829771835,0.4042503004108813,0.5956911661698121,0.00011559357299734135,5.90772139185916e-05,3.90960982093987e-05
1410,58.35904836034084,0.40284547088384076,0.5970966775498281,0.00011559357299734135,5.90772139185916e-05,3.90960982093987e-05
1411,58.40040842296334,0.4014210894145224,0.5985217343391278,0.00011559357299734135,5.90772139185916e-05,3.90960982093987e-05
1412,58.44176848558583,0.39997799889659863,0.5999654928532906,0.00011559357299734135,5.90772139185916e-05,3.90960982093987e-05
1413,58.48312854820833,0.3985170886359861,0.6014270628822712,0.00011559357299734135,5.90772139185916e-05,3.90960982093987e-05
1414,58.52448861083083,0.39703929678594874,0.6029055052679456,0.00011559357299734135,5.90772139185916e-05,3.90960982093987e-05
1415,58.56584867345332,0.3955456113246314,0.6043998309413838,0.00011559357299734135,5.90772139185916e-05,3.90960982093987e-05
1416,58.60720873607581,0.3940370695283227,0.60590900146604,0.00011559357299734135,5.90772139185916e-05,3.90960982093987e-05
1417,58.64856879869831,0.39251475594308555,0.607431931084184,0.00011559357299734135,5.90772139185916e-05,3.90960982093987e-05
1418,58.6899288613208,0.39097979890630774,0.6089674902145044,0.00011559357299734135,5.90772139185916e-05,3.90960982093987e-05
1419,58.731288923943296,0.38943336571687515,0.6105145103018302,0.00011559357299734135,5.90772139185916e-05,3.90960982093987e-05
1420,58.7726489865658,0.3878766565961924,0.6120717898764295,0.00011559357299734135,5.90772139185916e-05,3.90960982093987e-05
1421,58.81400904918829,0.3863108976204562,0.6136381016415816,0.00011559357299734135,5.90772139185916e-05,3.90960982093987e-05
1422,58.85536911181079,0.3847373328368525,0.6152122003768019,0.00011559357299734135,5.90772139185916e-05,3.90960982093987e-05
1423,58.89672917443329,0.383157215800357,0.6167928314189942,0.00011559357299734135,5.90772139185916e-05,3.90960982093987e-05
1424,58.93808923705577,0.3815718007840898,0.6183787394685609,0.00011559357299734135,5.90772139185916e-05,3.90960982093987e-05
1425,58.97944929967827,0.3799823339229418,0.6199686774600379,0.00011559357299734135,5.90772139185916e-05,3.90960982093987e-05
1426,59.02080936230077,0.37839004454820496,0.6215614152393012,0.00011559357299734135,5.90772139185916e-05,3.90960982093987e-05
1427,59.06216942492326,0.37679613695986075,0.6231557478004698,0.00011559357299734135,5.90772139185916e-05,3.90960982093987e-05
1428,59.10352948754576,0.375201782863614,0.6247505028553387,0.00011559357299734135,5.90772139185916e-05,3.90960982093987e-05
1429,59.14488955016826,0.37360811467235916,0.626344547535294,0.00011559357299734135,5.90772139185916e-05,3.90960982093987e-05
1430,59.186249612790746,0.3720162198382561,0.6279367940601122,0.00011559357299734135,5.90772139185916e-05,3.90960982093987e-05
1431,59.22760967541325,0.3704271363421963,0.6295262042466364,0.00011559357299734135,5.90772139185916e-05,3.90960982093987e-05
1432,59.268969738035736,0.36884184942485676,0.6311117927736206,0.00011559357299734135,5.90772139185916e-05,3.90960982093987e-05
1433,59.31032980065823,0.36726128959863286,0.6326926291636977,0.00011559357299734135,5.90772139185916e-05,3.90960982093987e-05
1434,59.35168986328073,0.3656863319344888,0.6342678384889855,0.00011559357299734135,5.90772139185916e-05,3.90960982093987e-05
1435,59.39304992590323,0.3641177965738629,0.6358366008503831,0.00011559357299734135,5.90772139185916e-05,3.90960982093987e-05
1436,59.43440998852572,0.3625564503748846,0.6373981497220402,0.00011559357299734135,5.90772139185916e-05,3.90960982093987e-05
1437,59.47577005114822,0.36100300956560283,0.6389517692885734,0.00011559357299734135,5.90772139185916e-05,3.90960982093987e-05
1438,59.51713011377071,0.35945814324604397,0.6404967909336191,0.00011559357299734135,5.90772139185916e-05,3.90960982093987e-05
1439,59.55849017639321,0.35792247755687456,0.6420325890621584,0.00011559357299734135,5.90772139185916e-05,3.90960982093987e-05
1440,59.5998502390157,0.3563966003158339,0.6435585764560416,0.00011559357299734135,5.90772139185916e-05,3.90960982093987e-05
1441,59.641210301638196,0.3548810659142307,0.6450741993700568,0.00011559357299734135,5.90772139185916e-05,3.90960982093987e-05
1442,59.68257036426069,0.3533764002652166,0.6465789325773587,0.00011559357299734135,5.90772139185916e-05,3.90960982093987e-05
1443,59.723930426883186,0.3518831056023705,0.6480722745653036,0.00011559357299734135,5.90772139185916e-05,3.90960982093987e-05
1444,59.76529048950568,0.3504016649417241,0.6495537430685909,0.00011559357299734135,5.90772139185916e-05,3.90960982093987e-05
1445,59.806650552128175,0.34893254604087864,0.6510228711057503,0.00011559357299734135,5.90772139185916e-05,3.90960982093987e-05
1446,59.84801061475068,0.3474762047154709,0.6524792036585212,0.00011559357299734135,5.90772139185916e-05,3.90960982093987e-05
1447,59.88937067737317,0.34603308740352784,0.653922295103055,0.00011559357299734135,5.90772139185916e-05,3.90960982093987e-05
1448,59.93073073999566,0.34460363290205787,0.6553517074683965,0.00011559357299734135,5.90772139185916e-05,3.90960982093987e-05
1449,59.97209080261816,0.34318827323524786,0.6567670095624459,0.00011559357299734135,5.90772139185916e-05,3.90960982093987e-05
1450,60.01345086524065,0.34178743364903635,0.6581677769704654,0.00011559357299734135,5.90772139185916e-05,3.90960982093987e-05
1451,60.05481092786315,0.3404015317609097,0.6595535928967361,0.00011559357299734135,5.90772139185916e-05,3.90960982093987e-05
1452,60.096170990485646,0.3390309759258833,0.6609240497888267,0.00011559357299734135,5.90772139185916e-05,3.90960982093987e-05
1453,60.13753105310814,0.33767616290757857,0.6622787516548666,0.00011559357299734135,5.90772139185916e-05,3.90960982093987e-05
1454,60.178891115730636,0.33633747496782973,0.6636173169611226,0.00011559357299734135,5.90772139185916e-05,3.90960982093987e-05
1455,60.22025117835314,0.3350152765067853,0.6649393819777428,0.00011559357299734135,5.90772139185916e-05,3.90960982093987e-05
1456,60.26161124097562,0.33370991039946973,0.6662446044275276,0.00011559357299734135,5.90772139185916e-05,3.90960982093987e-05
1457,60.30297130359812,0.3324216941820232,0.6675326672844364,0.00011559357299734135,5.90772139185916e-05,3.90960982093987e-05
1458,60.344331366220615,0.331150916243485,0.6688032825672482,0.00011559357299734135,5.90772139185916e-05,3.90960982093987e-05
1459,60.38569142884311,0.3298978321752107,0.670056194976695,0.00011559357299734135,5.90772139185916e-05,3.90960982093987e-05
1460,60.42705149146561,0.32866266142152567,0.6712911852330795,0.00011559357299734135,5.90772139185916e-05,3.90960982093987e-05
1461,60.46841155408811,0.3274455843622859,0.672508072985059,0.00011559357299734135,5.90772139185916e-05,3.90960982093987e-05
1462,60.5097716167106,0.3262467399407568,0.6737067191764988,0.00011559357299734135,5.90772139185916e-05,3.90960982093987e-05
1463,60.551131679333096,0.3250662239300708,0.6748870277789245,0.00011559357299734135,5.90772139185916e-05,3.90960982093987e-05
1464,60.59249174195559,0.323904087909127,0.6760489468197489,0.00011559357299734135,5.90772139185916e-05,3.90960982093987e-05
1465,60.63385180457808,0.3227603389943222,0.6771924686597768,0.00011559357299734135,5.90772139185916e-05,3.90960982093987e-05
1466,60.67521186720058,0.3216349403489622,0.6783176294988437,0.00011559357299734135,5.90772139185916e-05,3.90960982093987e-05
1467,60.716571929823075,0.32052781246709533,0.6794245081128454,0.00011559357299734135,5.90772139185916e-05,3.90960982093987e-05
1468,60.75793199244557,0.3194388352044565,0.6805132238492027,0.00011559357299734135,5.90772139185916e-05,3.90960982093987e-05
1469,60.799292055068065,0.31836785050648564,0.6815839339305557,0.00011559357299734135,5.90772139185916e-05,3.90960982093987e-05
1470,60.84065211769056,0.31731466576236417,0.6826368301368433,0.00011559357299734135,5.90772139185916e-05,3.90960982093987e-05
1471,60.882012180313055,0.31627905769579295,0.6836721349543259,0.00011559357299734135,5.90772139185916e-05,3.90960982093987e-05
1472,60.92337224293555,0.3152607766874781,0.6846900972955227,0.00011559357299734135,5.90772139185916e-05,3.90960982093987e-05
1473,60.96473230555805,0.31425955141158796,0.685690987905917,0.00011559357299734135,5.90772139185916e-05,3.90960982093987e-05
1474,61.00609236818054,0.31327509365965445,0.6866750945832607,0.00011559357299734135,5.90772139185916e-05,3.90960982093987e-05
1475,61.04745243080304,0.3123071032191611,0.6876427173397986,0.00011559357299734135,5.90772139185916e-05,3.90960982093987e-05
1476,61.08881249342553,0.3113552726724434,0.688594163640836,0.00011559357299734135,5.90772139185916e-05,3.90960982093987e-05
1477,61.13017255604803,0.31041929198262186,0.6895297438506003,0.00011559357299734135,5.90772139185916e-05,3.90960982093987e-05
1478,61.171532618670525,0.3094988527386943,0.6904497670122177,0.00011559357299734135,5.90772139185916e-05,3.90960982093987e-05
1479,61.21289268129302,0.3085936519403643,0.6913545370795564,0.00011559357299734135,5.90772139185916e-05,3.90960982093987e-05
1480,61.25425274391551,0.30770339521520057,0.6922443497072076,0.00011559357299734135,5.90772139185916e-05,3.90960982093987e-05
1481,61.29561280653801,0.3068277993756885,0.6931194896899726,0.00011559357299734135,5.90772139185916e-05,3.90960982093987e-05
1482,61.3369728691605,0.3059665942417916,0.6939802291258298,0.00011559357299734135,5.90772139185916e-05,3.90960982093987e-05
1483,61.378332931783,0.30511952367481804,0.6948268263562467,0.00011559357299734135,5.90772139185916e-05,3.90960982093987e-05
1484,61.419692994405494,0.3042863457907484,0.6956595257156961,0.00011559357299734135,5.90772139185916e-05,3.90960982093987e-05
1485,61.46105305702799,0.30346683234500643,0.6964785580993487,0.00011559357299734135,5.90772139185916e-05,3.90960982093987e-05
1486,61.50241311965049,0.30266076730513847,0.697284142332976,0.00011559357299734135,5.90772139185916e-05,3.90960982093987e-05
1487,61.543773182272986,0.30186794465277644,0.6980764873055003,0.00011559357299734135,5.90772139185916e-05,3.90960982093987e-05
1488,61.58513324489547,0.3010881654802651,0.6988557948001275,0.00011559357299734135,5.90772139185916e-05,3.90960982093987e-05
1489,61.62649330751797,0.3003212344704848,0.6996222629380376,0.00011559357299734135,5.90772139185916e-05,3.90960982093987e-05
1490,61.66785337014047,0.29956695586879584,0.7003760901275017,0.00011559357299734135,5.90772139185916e-05,3.90960982093987e-05
1491,61.70921343276296,0.29882512907436176,0.7011174793940517,0.00011559357299734135,5.90772139185916e-05,3.90960982093987e-05
1492,61.75057349538546,0.29809554399209315,0.7018466429525925,0.00011559357299734135,5.90772139185916e-05,3.90960982093987e-05
1493,61.791933558007955,0.29737797629706947,0.7025638068724749,0.00011559357299734135,5.90772139185916e-05,3.90960982093987e-05
1494,61.83329362063045,0.29667218276869234,0.7032692156805129,0.00011559357299734135,5.90772139185916e-05,3.90960982093987e-05
1495,61.874653683252944,0.29597789685246073,0.7039631367463044,0.00011559357299734135,5.90772139185916e-05,3.90960982093987e-05
1496,61.91601374587544,0.2952948246030491,0.7046458642981989,0.00011559357299734135,5.90772139185916e-05,3.90960982093987e-05
1497,61.95737380849793,0.2946226411524991,0.7053177229277345,0.00011559357299734135,5.90772139185916e-05,3.90960982093987e-05
1498,61.99873387112043,0.2939609878332133,0.7059790704539491,0.00011559357299734135,5.90772139185916e-05,3.90960982093987e-05
1499,62.04009393374293,0.29330947006639074,0.7066303000380066,0.00011559357299734135,5.90772139185916e-05,3.90960982093987e-05
1500,62.08145399636542,0.29266765610406886,0.70727184145978,0.00011559357299734135,5.90772139185916e-05,3.90960982093987e-05
1501,62.12281405898792,0.29203507668720025,0.707904161494194,0.00011559357299734135,5.90772139185916e-05,3.90960982093987e-05
1502,62.16417412161041,0.29141122565458777,0.7085277633514689,0.00011559357299734135,5.90772139185916e-05,3.90960982093987e-05
1503,62.20553418423291,0.2907955615086944,0.7091431851743641,0.00011559357299734135,5.90772139185916e-05,3.90960982093987e-05
1504,62.2468942468554,0.2901875099157571,0.7097509976129949,0.00011559357299734135,5.90772139185916e-05,3.90960982093987e-05
1505,62.2882543094779,0.28958646709014907,0.7103518005257261,0.00011559357299734135,5.90772139185916e-05,3.90960982093987e-05
1506,62.32961437210039,0.2889918039876903,0.7109462188788099,0.00011559357299734135,5.90772139185916e-05,3.90960982093987e-05
1507,62.37097443472289,0.2884028712105959,0.7115348979397146,0.00011559357299734135,5.90772139185916e-05,3.90960982093987e-05
1508,62.41233449734538,0.28781900450879705,0.7121184978767817,0.00011559357299734135,5.90772139185916e-05,3.90960982093987e-05
1509,62.45369455996788,0.2872395307489134,0.7126976878910185,0.00011559357299734135,5.90772139185916e-05,3.90960982093987e-05
1510,62.49505462259038,0.28666377421411454,0.7132731400145055,0.00011559357299734135,5.90772139185916e-05,3.90960982093987e-05
1511,62.53641468521287,0.2860910630948722,0.713845522712203,0.00011559357299734135,5.90772139185916e-05,3.90960982093987e-05
1512,62.577774747835356,0.28552073603310496,0.7144154944231713,0.00011559357299734135,5.90772139185916e-05,3.90960982093987e-05
1513,62.61913481045786,0.28495214858901413,0.7149836971689484,0.00011559357299734135,5.90772139185916e-05,3.90960982093987e-05
1514,62.660494873080346,0.28438467951157254,0.7155507503469477,0.00011559357299734135,5.90772139185916e-05,3.90960982093987e-05
1515,62.70185493570285,0.2838177367085374,0.716117244811265,0.00011559357299734135,5.90772139185916e-05,3.90960982093987e-05
1516,62.74321499832535,0.2832507628296561,0.716683737326548,0.00011559357299734135,5.90772139185916e-05,3.90960982093987e-05
1517,62.78457506094784,0.282683240396048,0.717250745461067,0.00011559357299734135,5.90772139185916e-05,3.90960982093987e-05
1518,62.82593512357034,0.28211469642889925,0.717818742965744,0.00011559357299734135,5.90772139185916e-05,3.90960982093987e-05
1519,62.867295186192834,0.2815447065502738,0.7183881556668854,0.00011559357299734135,5.90772139185916e-05,3.90960982093987e-05
1520,62.908655248815315,0.28097289854693647,0.7189593578817749,0.00011559357299734135,5.90772139185916e-05,3.90960982093987e-05
1521,62.95001531143782,0.28039895540425547,0.7195326693516773,0.00011559357299734135,5.90772139185916e-05,3.90960982093987e-05
1522,62.99137537406032,0.27982261783003154,0.720108352673022,0.00011559357299734135,5.90772139185916e-05,3.90960982093987e-05
1523,63.032735436682806,0.2792436862978442,0.7206866111990545,0.00011559357299734135,5.90772139185916e-05,3.90960982093987e-05
1524,63.07409549930531,0.2786620226450722,0.7212675873783785,0.00011559357299734135,5.90772139185916e-05,3.90960982093987e-05
1525,63.11545556192781,0.2780775512627908,0.7218513614947831,0.00011559357299734135,5.90772139185916e-05,3.90960982093987e-05
1526,63.1568156245503,0.2774902599131126,0.722437950774902,0.00011559357299734135,5.90772139185916e-05,3.90960982093987e-05
1527,63.1981756871728,0.27690020020461537,0.7230273088344954,0.00011559357299734135,5.90772139185916e-05,3.90960982093987e-05
1528,63.23953574979529,0.27630748774910735,0.7236193254422343,0.00011559357299734135,5.90772139185916e-05,3.90960982093987e-05
1529,63.280895812417775,0.2757123020136335,0.724213826588471,0.00011559357299734135,5.90772139185916e-05,3.90960982093987e-05
1530,63.32225587504028,0.27511488587138994,0.7248105748569567,0.00011559357299734135,5.90772139185916e-05,3.90960982093987e-05
1531,63.36361593766278,0.2745155448447033,0.7254092701075686,0.00011559357299734135,5.90772139185916e-05,3.90960982093987e-05
1532,63.40497600028527,0.2739146460237895,0.7260095504876268,0.00011559357299734135,5.90772139185916e-05,3.90960982093987e-05
1533,63.44633606290777,0.2733126166370076,0.7266109937966643,0.00011559357299734135,5.90772139185916e-05,3.90960982093987e-05
1534,63.487696125530256,0.27270994224286316,0.72721311923555,0.00011559357299734135,5.90772139185916e-05,3.90960982093987e-05
1535,63.52905618815275,0.2721071645114133,0.7278153895723427,0.00011559357299734135,5.90772139185916e-05,3.90960982093987e-05
1536,63.570416250775246,0.2715048785637752,0.7284172137567391,0.00011559357299734135,5.90772139185916e-05,3.90960982093987e-05
1537,63.61177631339775,0.27090372984279193,0.7290179500101059,0.00011559357299734135,5.90772139185916e-05,3.90960982093987e-05
1538,63.653136376020235,0.2703044104960655,0.7296169094096896,0.00011559357299734135,5.90772139185916e-05,3.90960982093987e-05
1539,63.69449643864274,0.2697076552640863,0.7302133599744037,0.00011559357299734135,5.90772139185916e-05,3.90960982093987e-05
1540,63.735856501265225,0.2691142368804336,0.7308065312445581,0.00011559357299734135,5.90772139185916e-05,3.90960982093987e-05
1541,63.77721656388773,0.26852496100787365,0.7313956193317545,0.00011559357299734135,5.90772139185916e-05,3.90960982093987e-05
1542,63.81857662651023,0.26794066075221795,0.731979792396422,0.00011559357299734135,5.90772139185916e-05,3.90960982093987e-05
1543,63.85993668913271,0.26736219081475776,0.7325581964918911,0.00011559357299734135,5.90772139185916e-05,3.90960982093987e-05
1544,63.901296751755204,0.2667904213625353,0.7331299616953899,0.00011559357299734135,5.90772139185916e-05,3.90960982093987e-05
1545,63.942656814377706,0.2662262317131236,0.733694208428889,0.00011559357299734135,5.90772139185916e-05,3.90960982093987e-05
1546,63.984016877000194,0.26567050394542485,0.7342500538580493,0.00011559357299734135,5.90772139185916e-05,3.90960982093987e-05
1547,64.0253769396227,0.2651241165601519,0.73479661824514,0.00011559357299734135,5.90772139185916e-05,3.90960982093987e-05
1548,64.06673700224519,0.26458793832184485,0.735333031124174,0.00011559357299734135,5.90772139185916e-05,3.90960982093987e-05
1549,64.10809706486769,0.2640628224181424,0.7358584371621167,0.00011559357299734135,5.90772139185916e-05,3.90960982093987e-05
1550,64.14945712749018,0.26354960107111136,0.7363720015712766,0.00011559357299734135,5.90772139185916e-05,3.90960982093987e-05
1551,64.19081719011268,0.2630490807298394,0.7368729149436912,0.00011559357299734135,5.90772139185916e-05,3.90960982093987e-05
1552,64.23217725273517,0.2625620379627965,0.7373603973887229,0.00011559357299734135,5.90772139185916e-05,3.90960982093987e-05
1553,64.27353731535767,0.2620892161533986,0.7378337018705107,0.00011559357299734135,5.90772139185916e-05,3.90960982093987e-05
1554,64.31489737798016,0.26163132308293835,0.7382921166609289,0.00011559357299734135,5.90772139185916e-05,3.90960982093987e-05
1555,64.35625744060266,0.26118902946243067,0.7387349668462813,0.00011559357299734135,5.90772139185916e-05,3.90960982093987e-05
1556,64.39761750322516,0.26076296844955127,0.7391616148515444,0.00011559357299734135,5.90772139185916e-05,3.90960982093987e-05
1557,64.43897756584765,0.2603537361599885,0.7395714599724389,0.00011559357299734135,5.90772139185916e-05,3.90960982093987e-05
1558,64.48033762847015,0.25996189315476975,0.7399639369335171,0.00011559357299734135,5.90772139185916e-05,3.90960982093987e-05
1559,64.52169769109264,0.25958796685794494,0.740338513517563,0.00011559357299734135,5.90772139185916e-05,3.90960982093987e-05
1560,64.56305775371514,0.2592324548330401,0.7406946873373017,0.00011559357299734135,5.90772139185916e-05,3.90960982093987e-05
1561,64.60441781633763,0.258895828823198,0.7410319818441689,0.00011559357299734135,5.90772139185916e-05,3.90960982093987e-05
1562,64.64577787896013,0.2585785394395505,0.741349941688838,0.00011559357299734135,5.90772139185916e-05,3.90960982093987e-05
1563,64.68713794158262,0.25828102136595205,0.7416481275650278,0.00011559357299734135,5.90772139185916e-05,3.90960982093987e-05
1564,64.72849800420512,0.2580036989362064,0.7419261106794791,0.00011559357299734135,5.90772139185916e-05,3.90960982093987e-05
1565,64.76985806682761,0.2577469919327164,0.7421834669986292,0.00011559357299734135,5.90772139185916e-05,3.90960982093987e-05
1566,64.81121812945011,0.2575113214533467,0.7424197714247188,0.00011559357299734135,5.90772139185916e-05,3.90960982093987e-05
1567,64.8525781920726,0.2572971156957117,0.7426345920510359,0.00011559357299734135,5.90772139185916e-05,3.90960982093987e-05
1568,64.8939382546951,0.2571048155155644,0.7428274846394023,0.00011559357299734135,5.90772139185916e-05,3.90960982093987e-05
1569,64.9352983173176,0.25693487962702416,0.7429979874510991,0.00011559357299734135,5.90772139185916e-05,3.90960982093987e-05
1570,64.97665837994009,0.256787789327625,0.7431456165482632,0.00011559357299734135,5.90772139185916e-05,3.90960982093987e-05
1571,65.01801844256259,0.25666405264848596,0.74326986166441,0.00011559357299734135,5.90772139185916e-05,3.90960982093987e-05
1572,65.05937850518508,0.25656420784981715,0.7433701827239138,0.00011559357299734135,5.90772139185916e-05,3.90960982093987e-05
1573,65.10073856780758,0.2564888262026067,0.7434460070690803,0.00011559357299734135,5.90772139185916e-05,3.90960982093987e-05
1574,65.14209863043007,0.256438514018283,0.7434967274328098,0.00011559357299734135,5.90772139185916e-05,3.90960982093987e-05
1575,65.18345869305256,0.2564139139085708,0.7435217006748333,0.00011559357299734135,5.90772139185916e-05,3.90960982093987e-05
1576,65.22481875567506,0.2564157052765467,0.7435202472800145,0.00011559357299734135,5.90772139185916e-05,3.90960982093987e-05
1577,65.26617881829756,0.25644460405701036,0.7434916516013422,0.00011559357299734135,5.90772139185916e-05,3.90960982093987e-05
1578,65.30753888092005,0.25650136173840316,0.7434351628152248,0.00011559357299734135,5.90772139185916e-05,3.90960982093987e-05
1579,65.34889894354255,0.2565867637100434,0.7433499965456671,0.00011559357299734135,5.90772139185916e-05,3.90960982093987e-05
1580,65.39025900616505,0.25670162698673205,0.743235337106209,0.00011559357299734135,5.90772139185916e-05,3.90960982093987e-05
1581,65.43161906878754,0.2568467973678059,0.7430903403023953,0.00011559357299734135,5.90772139185916e-05,3.90960982093987e-05
1582,65.47297913141004,0.25702314609007293,0.7429141367366744,0.00011559357299734135,5.90772139185916e-05,3.90960982093987e-05
1583,65.51433919403253,0.2572315660333436,0.7427058355572728,0.00011559357299734135,5.90772139185916e-05,3.90960982093987e-05
1584,65.55569925665502,0.25747296753467935,0.7424645285960285,0.00011559357299734135,5.90772139185916e-05,3.90960982093987e-05
1585,65.59705931927752,0.2577482738628175,0.7421892948443709,0.00011559357299734135,5.90772139185916e-05,3.90960982093987e-05
1586,65.63841938190002,0.2580584163988279,0.7418792052224823,0.00011559357299734135,5.90772139185916e-05,3.90960982093987e-05
1587,65.67977944452251,0.2584043295628378,0.741533327602466,0.00011559357299734135,5.90772139185916e-05,3.90960982093987e-05
1588,65.72113950714501,0.2587869455208773,0.7411507320527697,0.00011559357299734135,5.90772139185916e-05,3.90960982093987e-05
1589,65.7624995697675,0.2592071887006374,0.7407304962755326,0.00011559357299734135,5.90772139185916e-05,3.90960982093987e-05
1590,65.80385963239,0.25966597014116966,0.7402717112131179,0.00011559357299734135,5.90772139185916e-05,3.90960982093987e-05
1591,65.84521969501249,0.2601641816991903,0.7397734868017769,0.00011559357299734135,5.90772139185916e-05,3.90960982093987e-05
1592,65.88657975763499,0.260702690134423,0.7392349578506979,0.00011559357299734135,5.90772139185916e-05,3.90960982093987e-05
1593,65.92793982025748,0.26128233109816834,0.7386552900233077,0.00011559357299734135,5.90772139185916e-05,3.90960982093987e-05
1594,65.96929988287998,0.2619039030529453,0.7380336858929419,0.00011559357299734135,5.90772139185916e-05,3.90960982093987e-05
1595,66.01065994550248,0.2625681611568263,0.7373693910403881,0.00011559357299734135,5.90772139185916e-05,3.90960982093987e-05
1596,66.05202000812497,0.26327581115305765,0.7366617001525184,0.00011559357299734135,5.90772139185916e-05,3.90960982093987e-05
1597,66.09338007074747,0.2640275033138138,0.7359099630736237,0.00011559357299734135,5.90772139185916e-05,3.90960982093987e-05
1598,66.13474013336996,0.26482382649565417,0.7351135907517745,0.00011559357299734135,5.90772139185916e-05,3.90960982093987e-05
1599,66.17610019599245,0.26566530237291414,0.7342720610141448,0.00011559357299734135,5.90772139185916e-05,3.90960982093987e-05
1600,66.21746025861495,0.2665523799230556,0.7333849240965687,0.00011559357299734135,5.90772139185916e-05,3.90960982093987e-05
1601,66.25882032123745,0.26748543024484345,0.7324518078466278,0.00011559357299734135,5.90772139185916e-05,3.90960982093987e-05
1602,66.30018038385994,0.26846474179458796,0.7314724225141115,0.00011559357299734135,5.90772139185916e-05,3.90960982093987e-05
1603,66.34154044648244,0.2694905161281134,0.7304465650407026,0.00011559357299734135,5.90772139185916e-05,3.90960982093987e-05
1604,66.38290050910493,0.27056286423548015,0.7293741227612031,0.00011559357299734135,5.90772139185916e-05,3.90960982093987e-05
1605,66.42426057172743,0.2716818035518072,0.7282550764320811,0.00011559357299734135,5.90772139185916e-05,3.90960982093987e-05
1606,66.46562063434992,0.2728472557206386,0.7270895025098866,0.00011559357299734135,5.90772139185916e-05,3.90960982093987e-05
1607,66.50698069697242,0.2740590451764215,0.7258775746123584,0.00011559357299734135,5.90772139185916e-05,3.90960982093987e-05
1608,66.54834075959491,0.2753168985995447,0.7246195641073273,0.00011559357299734135,5.90772139185916e-05,3.90960982093987e-05
1609,66.58970082221741,0.27662044528206114,0.723315839791034,0.00011559357299734135,5.90772139185916e-05,3.90960982093987e-05
1610,66.6310608848399,0.2779692184243084,0.7219668666337634,0.00011559357299734135,5.90772139185916e-05,3.90960982093987e-05
1611,66.67242094746238,0.2793626573638667,0.7205732035915223,0.00011559357299734135,5.90772139185916e-05,3.90960982093987e-05
1612,66.7137810100849,0.2808001107178586,0.7191355005008441,0.00011559357299734135,5.90772139185916e-05,3.90960982093987e-05
1613,66.75514107270737,0.282280840399905,0.7176544940954519,0.00011559357299734135,5.90772139185916e-05,3.90960982093987e-05
1614,66.79650113532989,0.28380402645316494,0.7161310032020676,0.00011559357299734135,5.90772139185916e-05,3.90960982093987e-05
1615,66.83786119795238,0.28536877262296667,0.7145659231915434,0.00011559357299734135,5.90772139185916e-05,3.90960982093987e-05
1616,66.87922126057488,0.2869741125760707,0.7129602197776572,0.00011559357299734135,5.90772139185916e-05,3.90960982093987e-05
1617,66.92058132319737,0.2886190166599875,0.7113149222697697,0.00011559357299734135,5.90772139185916e-05,3.90960982093987e-05
1618,66.96194138581987,0.2903023990850332,0.7096311163963425,0.00011559357299734135,5.90772139185916e-05,3.90960982093987e-05
1619,67.00330144844236,0.2920231254043467,0.7079099368239805,0.00011559357299734135,5.90772139185916e-05,3.90960982093987e-05
1620,67.04466151106485,0.29378002016334626,0.7061525595004727,0.00011559357299734135,5.90772139185916e-05,3.90960982093987e-05
1621,67.08602157368736,0.2955718745897808,0.7043601939509441,0.00011559357299734135,5.90772139185916e-05,3.90960982093987e-05
1622,67.12738163630983,0.29739745419878616,0.7025340756526903,0.00011559357299734135,5.90772139185916e-05,3.90960982093987e-05
1623,67.16874169893235,0.29925550619405933,0.7006754586083777,0.00011559357299734135,5.90772139185916e-05,3.90960982093987e-05
1624,67.21010176155484,0.30114476655567,0.6987856082272754,0.00011559357299734135,5.90772139185916e-05,3.90960982093987e-05
1625,67.25146182417734,0.3030639667172738,0.6968657946128252,0.00011559357299734135,5.90772139185916e-05,3.90960982093987e-05
1626,67.29282188679983,0.3050118397494881,0.6949172863403739,0.00011559357299734135,5.90772139185916e-05,3.90960982093987e-05
1627,67.33418194942232,0.3069871259817918,0.6929413447938455,0.00011559357299734135,5.90772139185916e-05,3.90960982093987e-05
1628,67.37554201204482,0.3089885780115569,0.69093921911381,0.00011559357299734135,5.90772139185916e-05,3.90960982093987e-05
1629,67.4169020746673,0.31101496506539356,0.6889121417929485,0.00011559357299734135,5.90772139185916e-05,3.90960982093987e-05
1630,67.45826213728981,0.31306507669401545,0.6868613249391563,0.00011559357299734135,5.90772139185916e-05,3.90960982093987e-05
1631,67.4996221999123,0.3151377257968313,0.6847879572111744,0.00011559357299734135,5.90772139185916e-05,3.90960982093987e-05
1632,67.54098226253481,0.31723175098617545,0.6826932014185811,0.00011559357299734135,5.90772139185916e-05,3.90960982093987e-05
1633,67.58234232515728,0.31934601831253473,0.6805781927656761,0.00011559357299734135,5.90772139185916e-05,3.90960982093987e-05
1634,67.6237023877798,0.32147942238185345,0.6784440377101411,0.00011559357299734135,5.90772139185916e-05,3.90960982093987e-05
1635,67.66506245040229,0.3236308869027541,0.6762918133990024,0.00011559357299734135,5.90772139185916e-05,3.90960982093987e-05
1636,67.70642251302478,0.32579936470654197,0.6741225676411068,0.00011559357299734135,5.90772139185916e-05,3.90960982093987e-05
1637,67.74778257564728,0.32798383728459707,0.6719373193714262,0.00011559357299734135,5.90772139185916e-05,3.90960982093987e-05
1638,67.78914263826977,0.33018331388824407,0.6697370595634945,0.00011559357299734135,5.90772139185916e-05,3.90960982093987e-05
1639,67.83050270089227,0.3323968302338989,0.6675227525470261,0.00011559357299734135,5.90772139185916e-05,3.90960982093987e-05
1640,67.87186276351476,0.3346234468529687,0.6652953376916042,0.00011559357299734135,5.90772139185916e-05,3.90960982093987e-05
1641,67.91322282613726,0.3368622471211478,0.6630557314212889,0.00011559357299734135,5.90772139185916e-05,3.90960982093987e-05
1642,67.95458288875975,0.33911233499655014,0.6608048295302611,0.00011559357299734135,5.90772139185916e-05,3.90960982093987e-05
1643,67.99594295138223,0.341372832490226,0.658543509774642,0.00011559357299734135,5.90772139185916e-05,3.90960982093987e-05
1644,68.03730301400475,0.3436428768875629,0.6562726347207374,0.00011559357299734135,5.90772139185916e-05,3.90960982093987e-05
1645,68.07866307662722,0.3459216177342502,0.6539930548343066,0.00011559357299734135,5.90772139185916e-05,3.90960982093987e-05
1646,68.12002313924974,0.34820821359685494,0.6517056117985471,0.00011559357299734135,5.90772139185916e-05,3.90960982093987e-05
1647,68.16138320187223,0.3505018286060494,0.64941114205063,0.00011559357299734135,5.90772139185916e-05,3.90960982093987e-05
1648,68.20274326449473,0.3528016287895521,0.647110480526884,0.00011559357299734135,5.90772139185916e-05,3.90960982093987e-05
1649,68.24410332711722,0.3551067782032709,0.644804464605685,0.00011559357299734135,5.90772139185916e-05,3.90960982093987e-05
1650,68.28546338973972,0.3574164348714822,0.6424939382342932,0.00011559357299734135,5.90772139185916e-05,3.90960982093987e-05
1651,68.3268234523622,0.35972974655144335,0.6401797562217303,0.00011559357299734135,5.90772139185916e-05,3.90960982093987e-05
1652,68.3681835149847,0.36204584634317727,0.6378627886739657,0.00011559357299734135,5.90772139185916e-05,3.90960982093987e-05
1653,68.40954357760721,0.364363848172217,0.6355439255417384,0.00011559357299734135,5.90772139185916e-05,3.90960982093987e-05
1654,68.45090364022968,0.36668284218008573,0.6332240812438945,0.00011559357299734135,5.90772139185916e-05,3.90960982093987e-05
1655,68.4922637028522,0.369001890065382,0.630904199321788,0.00011559357299734135,5.90772139185916e-05,3.90960982093987e-05
1656,68.53362376547469,0.3713200204255558,0.628585257073577,0.00011559357299734135,5.90772139185916e-05,3.90960982093987e-05
1657,68.57498382809719,0.373636224156625,0.6262682701105351,0.00011559357299734135,5.90772139185916e-05,3.90960982093987e-05
1658,68.61634389071968,0.3759494499739873,0.62395429677213,0.00011559357299734135,5.90772139185916e-05,3.90960982093987e-05
1659,68.65770395334216,0.378258600122028,0.621644442332855,0.00011559357299734135,5.90772139185916e-05,3.90960982093987e-05
1660,68.69906401596467,0.3805625263432627,0.6193398629312844,0.00011559357299734135,5.90772139185916e-05,3.90960982093987e-05
1661,68.74042407858715,0.38286002617860715,0.6170417691515464,0.00011559357299734135,5.90772139185916e-05,3.90960982093987e-05
1662,68.78178414120966,0.38514983966939836,0.6147514291889205,0.00011559357299734135,5.90772139185916e-05,3.90960982093987e-05
1663,68.82314420383214,0.38743064652871434,0.6124701715351462,0.00011559357299734135,5.90772139185916e-05,3.90960982093987e-05
1664,68.86450426645466,0.38970106384405206,0.6101993871242247,0.00011559357299734135,5.90772139185916e-05,3.90960982093987e-05
1665,68.90586432907713,0.3919596443667317,0.6079405308874741,0.00011559357299734135,5.90772139185916e-05,3.90960982093987e-05
1666,68.94722439169962,0.3942048754342346,0.6056951226751641,0.00011559357299734135,5.90772139185916e-05,3.90960982093987e-05
1667,68.98858445432214,0.3964351785617329,0.6034647475125098,0.00011559357299734135,5.90772139185916e-05,3.90960982093987e-05
1668,69.02994451694462,0.39864890972780276,0.6012510551689003,0.00011559357299734135,5.90772139185916e-05,3.90960982093987e-05
1669,69.07130457956713,0.4008443603674915,0.5990557590310923,0.00011559357299734135,5.90772139185916e-05,3.90960982093987e-05
1670,69.11266464218961,0.4030197590738477,0.5968806342826718,0.00011559357299734135,5.90772139185916e-05,3.90960982093987e-05
1671,69.15402470481212,0.4051732739970812,0.5947275154037364,0.00011559357299734135,5.90772139185916e-05,3.90960982093987e-05
1672,69.1953847674346,0.4073030159191598,0.5925982930158152,0.00011559357299734135,5.90772139185916e-05,3.90960982093987e-05
1673,69.23674483005712,0.4094070419711084,0.5904949101067761,0.00011559357299734135,5.90772139185916e-05,3.90960982093987e-05
1674,69.2781048926796,0.41148335995086854,0.5884193576794564,0.00011559357299734135,5.90772139185916e-05,3.90960982093987e-05
1675,69.31946495530208,0.4135299331914992,0.586373669875165,0.00011559357299734135,5.90772139185916e-05,3.90960982093987e-05
1676,69.3608250179246,0.41554468592291127,0.5843599186290237,0.00011559357299734135,5.90772139185916e-05,3.90960982093987e-05
1677,69.40218508054707,0.4175255090652576,0.5823802079188256,0.00011559357299734135,5.90772139185916e-05,3.90960982093987e-05
1678,69.44354514316959,0.4194702663883718,0.5804366676715783,0.00011559357299734135,5.90772139185916e-05,3.90960982093987e-05
1679,69.48490520579207,0.42137680096968144,0.5785314473942468,0.00011559357299734135,5.90772139185916e-05,3.90960982093987e-05
1680,69.52626526841458,0.42324294188181927,0.5766667095947158,0.00011559357299734135,5.90772139185916e-05,3.90960982093987e-05
1681,69.56762533103706,0.4250665110414801,0.5748446230592367,0.00011559357299734135,5.90772139185916e-05,3.90960982093987e-05
1682,69.60898539365955,0.42684533015182924,0.5730673560506966,0.00011559357299734135,5.90772139185916e-05,3.90960982093987e-05
1683,69.65034545628205,0.42857722767254103,0.5713370694908368,0.00011559357299734135,5.90772139185916e-05,3.90960982093987e-05
1684,69.69170551890454,0.4302600457531081,0.5696559101866866,0.00011559357299734135,5.90772139185916e-05,3.90960982093987e-05
1685,69.73306558152706,0.4318916470673608,0.5680260041600801,0.00011559357299734135,5.90772139185916e-05,3.90960982093987e-05
1686,69.77442564414953,0.43346992148907404,0.5664494501368875,0.00011559357299734135,5.90772139185916e-05,3.90960982093987e-05
1687,69.81578570677205,0.4349927925502167,0.5649283132505152,0.00011559357299734135,5.90772139185916e-05,3.90960982093987e-05
1688,69.85714576939453,0.43645822362531406,0.5634646190133802,0.00011559357299734135,5.90772139185916e-05,3.90960982093987e-05
1689,69.89850583201704,0.4378642237865918,0.5620603476082342,0.00011559357299734135,5.90772139185916e-05,3.90960982093987e-05
1690,69.93986589463952,0.4392088532761791,0.5607174285507844,0.00011559357299734135,5.90772139185916e-05,3.90960982093987e-05
1691,69.98122595726201,0.4404902285428035,0.5594377357732333,0.00011559357299734135,5.90772139185916e-05,3.90960982093987e-05
1692,70.02258601988451,0.4417065267926314,0.5582230831779447,0.00011559357299734135,5.90772139185916e-05,3.90960982093987e-05
1693,70.063946082507,0.4428559900057291,0.5570752207075159,0.00011559357299734135,5.90772139185916e-05,3.90960982093987e-05
1694,70.1053061451295,0.4439369283735044,0.5559958309754441,0.00011559357299734135,5.90772139185916e-05,3.90960982093987e-05
1695,70.14666620775199,0.4449477231167918,0.5549865264970691,0.00011559357299734135,5.90772139185916e-05,3.90960982093987e-05
1696,70.18802627037451,0.4458868286504284,0.5540488475544765,0.00011559357299734135,5.90772139185916e-05,3.90960982093987e-05
1697,70.22938633299698,0.4467527740688071,0.5531842607220232,0.00011559357299734135,5.90772139185916e-05,3.90960982093987e-05
1698,70.27074639561947,0.44754416393654406,0.5523941580682279,0.00011559357299734135,5.90772139185916e-05,3.90960982093987e-05
1699,70.31210645824198,0.44825967838165753,0.5516798570385594,0.00011559357299734135,5.90772139185916e-05,3.90960982093987e-05
1700,70.35346652086447,0.448898072503151,0.5510426010081346,0.00011559357299734135,5.90772139185916e-05,3.90960982093987e-05
1701,70.39482658348697,0.44945817512212427,0.5504835604770912,0.00011559357299734135,5.90772139185916e-05,3.90960982093987e-05
1702,70.43618664610946,0.44993888692472134,0.5500038348624474,0.00011559357299734135,5.90772139185916e-05,3.90960982093987e-05
1703,70.47754670873196,0.45033917806544793,0.5496044548196234,0.00011559357299734135,5.90772139185916e-05,3.90960982093987e-05
1704,70.51890677135445,0.45065808532104285,0.5492863850057867,0.00011559357299734135,5.90772139185916e-05,3.90960982093987e-05
1705,70.56026683397697,0.4508947089066281,0.5490505271755614,0.00011559357299734135,5.90772139185916e-05,3.90960982093987e-05
1706,70.60162689659944,0.4510482090866431,0.548897723478391,0.00011559357299734135,5.90772139185916e-05,3.90960982093987e-05
1707,70.64298695922193,0.4511178027326911,0.5488287598079042,0.00011559357299734135,5.90772139185916e-05,3.90960982093987e-05
1708,70.68434702184445,0.4511027599967903,0.5488443690362366,0.00011559357299734135,5.90772139185916e-05,3.90960982093987e-05
1709,70.72570708446692,0.45100240128208946,0.548945233953499,0.00011559357299734135,5.90772139185916e-05,3.90960982093987e-05
1710,70.76706714708943,0.45081609470131445,0.5491319897232717,0.00011559357299734135,5.90772139185916e-05,3.90960982093987e-05
1711,70.80842720971192,0.45054325421669555,0.5494052256619185,0.00011559357299734135,5.90772139185916e-05,3.90960982093987e-05
1712,70.84978727233442,0.45018333865199744,0.5497654861521833,0.00011559357299734135,5.90772139185916e-05,3.90960982093987e-05
1713,70.89114733495691,0.4497358517578257,0.5502132705108272,0.00011559357299734135,5.90772139185916e-05,3.90960982093987e-05
1714,70.9325073975794,0.4492003434943677,0.5507490316467268,0.00011559357299734135,5.90772139185916e-05,3.90960982093987e-05
1715,70.9738674602019,0.44857641267234455,0.5513731733691528,0.00011559357299734135,5.90772139185916e-05,3.90960982093987e-05
1716,71.01522752282439,0.44786371106199196,0.5520860462367213,0.00011559357299734135,5.90772139185916e-05,3.90960982093987e-05
1717,71.0565875854469,0.44706194904295743,0.5528879418741542,0.00011559357299734135,5.90772139185916e-05,3.90960982093987e-05
1718,71.09794764806938,0.4461709028252571,0.5537790857267443,0.00011559357299734135,5.90772139185916e-05,3.90960982093987e-05
1719,71.1393077106919,0.44519042322411073,0.5547596282694459,0.00011559357299734135,5.90772139185916e-05,3.90960982093987e-05
1720,71.18066777331438,0.44412044592096606,0.5558296347379768,0.00011559357299734135,5.90772139185916e-05,3.90960982093987e-05
1721,71.22202783593688,0.4429610030908198,0.5569890735018852,0.00011559357299734135,5.90772139185916e-05,3.90960982093987e-05
1722,71.26338789855937,0.4417122362231411,0.558237803251244,0.00011559357299734135,5.90772139185916e-05,3.90960982093987e-05
1723,71.30474796118186,0.4403744099135378,0.5595755592201311,0.00011559357299734135,5.90772139185916e-05,3.90960982093987e-05
1724,71.34610802380436,0.4389479263555574,0.5610019387166517,0.00011559357299734135,5.90772139185916e-05,3.90960982093987e-05
1725,71.38746808642685,0.4374333402204969,0.5625163862714212,0.00011559357299734135,5.90772139185916e-05,3.90960982093987e-05
1726,71.42882814904935,0.4358313735779351,0.5641181787513382,0.00011559357299734135,5.90772139185916e-05,3.90960982093987e-05
1727,71.47018821167184,0.4341429304834834,0.565806410811919,0.00011559357299734135,5.90772139185916e-05,3.90960982093987e-05
1728,71.51154827429436,0.43236911084337815,0.5675799810777605,0.00011559357299734135,5.90772139185916e-05,3.90960982093987e-05
1729,71.55290833691683,0.4305112231601073,0.5694375794470303,0.00011559357299734135,5.90772139185916e-05,3.90960982093987e-05
1730,71.59426839953932,0.4285707957684257,0.5713776759097079,0.00011559357299734135,5.90772139185916e-05,3.90960982093987e-05
1731,71.63562846216183,0.4265495861886546,0.5733985112522856,0.00011559357299734135,5.90772139185916e-05,3.90960982093987e-05
1732,71.67698852478432,0.4244495882528767,0.5754980899928623,0.00011559357299734135,5.90772139185916e-05,3.90960982093987e-05
1733,71.71834858740682,0.4222730366992015,0.5776741758504326,0.00011559357299734135,5.90772139185916e-05,3.90960982093987e-05
1734,71.75970865002931,0.42002240897914633,0.5799242900027104,0.00011559357299734135,5.90772139185916e-05,3.90960982093987e-05
1735,71.80106871265181,0.41770042408122904,0.5822457123282765,0.00011559357299734135,5.90772139185916e-05,3.90960982093987e-05
1736,71.8424287752743,0.4153100382393614,0.5846354857635522,0.00011559357299734135,5.90772139185916e-05,3.90960982093987e-05
1737,71.88378883789682,0.41285443746462414,0.5870904238346246,0.00011559357299734135,5.90772139185916e-05,3.90960982093987e-05
1738,71.92514890051929,0.4103370269122239,0.5896071213508854,0.00011559357299734135,5.90772139185916e-05,3.90960982093987e-05
1739,71.96650896314178,0.4077614171692373,0.5921819681735033,0.00011559357299734135,5.90772139185916e-05,3.90960982093987e-05
1740,72.0078690257643,0.40513140762074973,0.5948111658997007,0.00011559357299734135,5.90772139185916e-05,3.90960982093987e-05
1741,72.04922908838677,0.4024509671202752,0.5974907472352174,0.00011559357299734135,5.90772139185916e-05,3.90960982093987e-05
1742,72.09058915100928,0.39972421225290045,0.6002165977655076,0.00011559357299734135,5.90772139185916e-05,3.90960982093987e-05
1743,72.13194921363177,0.39695538353398613,0.6029844797809414,0.00011559357299734135,5.90772139185916e-05,3.90960982093987e-05
1744,72.17330927625427,0.3941488199319999,0.6057900577667114,0.00011559357299734135,5.90772139185916e-05,3.90960982093987e-05
1745,72.21466933887676,0.39130893213867896,0.6086289251327772,0.00011559357299734135,5.90772139185916e-05,3.90960982093987e-05
1746,72.25602940149925,0.3884401750335924,0.6114966317361279,0.00011559357299734135,5.90772139185916e-05,3.90960982093987e-05
1747,72.29738946412175,0.38554701980196043,0.6143887117359335,0.00011559357299734135,5.90772139185916e-05,3.90960982093987e-05
1748,72.33874952674424,0.38263392616480785,0.6173007113223176,0.00011559357299734135,5.90772139185916e-05,3.90960982093987e-05
1749,72.38010958936675,0.3797053151690295,0.620228215871034,0.00011559357299734135,5.90772139185916e-05,3.90960982093987e-05
1750,72.42146965198923,0.37676554296316694,0.6231668760991844,0.00011559357299734135,5.90772139185916e-05,3.90960982093987e-05
1751,72.46282971461174,0.37381887595240065,0.6261124328288504,0.00011559357299734135,5.90772139185916e-05,3.90960982093987e-05
1752,72.50418977723423,0.37086946768617607,0.6290607400066062,0.00011559357299734135,5.90772139185916e-05,3.90960982093987e-05
1753,72.54554983985673,0.3679213377842711,0.632007785674884,0.00011559357299734135,5.90772139185916e-05,3.90960982093987e-05
1754,72.58690990247922,0.36497835315394733,0.6349497106440615,0.00011559357299734135,5.90772139185916e-05,3.90960982093987e-05
1755,72.62826996510171,0.3620442116941777,0.6378828246716367,0.00011559357299734135,5.90772139185916e-05,3.90960982093987e-05
1756,72.66963002772421,0.3591224286238316,0.640803620014044,0.00011559357299734135,5.90772139185916e-05,3.90960982093987e-05
1757,72.7109900903467,0.3562163255112202,0.643708782275975,0.00011559357299734135,5.90772139185916e-05,3.90960982093987e-05
1758,72.7523501529692,0.35332902202420385,0.6465951985409648,0.00011559357299734135,5.90772139185916e-05,3.90960982093987e-05
1759,72.79371021559169,0.3504634303641399,0.6494599628221553,0.00011559357299734135,5.90772139185916e-05,3.90960982093987e-05
1760,72.8350702782142,0.34762225229540444,0.6523003789247787,0.00011559357299734135,5.90772139185916e-05,3.90960982093987e-05
1761,72.87643034083668,0.34480797863514795,0.6551139608572514,0.00011559357299734135,5.90772139185916e-05,3.90960982093987e-05
1762,72.91779040345918,0.34202289102759964,0.6578984309697581,0.00011559357299734135,5.90772139185916e-05,3.90960982093987e-05
1763,72.95915046608168,0.33926906579275795,0.6606517160317293,0.00011559357299734135,5.90772139185916e-05,3.90960982093987e-05
1764,73.00051052870417,0.33654837961297374,0.6633719414871158,0.00011559357299734135,5.90772139185916e-05,3.90960982093987e-05
1765,73.04187059132667,0.333862516801094,0.666057424144608,0.00011559357299734135,5.90772139185916e-05,3.90960982093987e-05
1766,73.08323065394916,0.3312129778823635,0.6687066635719263,0.00011559357299734135,5.90772139185916e-05,3.90960982093987e-05
1767,73.12459071657166,0.32860108921758924,0.6713183324672841,0.00011559357299734135,5.90772139185916e-05,3.90960982093987e-05
1768,73.16595077919415,0.32602801339759935,0.6738912662780125,0.00011559357299734135,5.90772139185916e-05,3.90960982093987e-05
1769,73.20731084181666,0.32349476014798784,0.6764244523272371,0.00011559357299734135,5.90772139185916e-05,3.90960982093987e-05
1770,73.24867090443914,0.32100219749780423,0.6789170186945189,0.00011559357299734135,5.90772139185916e-05,3.90960982093987e-05
1771,73.29003096706164,0.3185510629853739,0.6813682230758918,0.00011559357299734135,5.90772139185916e-05,3.90960982093987e-05
1772,73.33139102968414,0.31614197469824895,0.6837774418254714,0.00011559357299734135,5.90772139185916e-05,3.90960982093987e-05
1773,73.37275109230663,0.31377544197080304,0.686144159353003,0.00011559357299734135,5.90772139185916e-05,3.90960982093987e-05
1774,73.41411115492913,0.3114518755918649,0.688467958023478,0.00011559357299734135,5.90772139185916e-05,3.90960982093987e-05
1775,73.45547121755162,0.30917159740451416,0.690748508674191,0.00011559357299734135,5.90772139185916e-05,3.90960982093987e-05
1776,73.49683128017412,0.3069348492101689,0.692985561835235,0.00011559357299734135,5.90772139185916e-05,3.90960982093987e-05
1777,73.53819134279661,0.3047418009180163,0.6951789397095293,0.00011559357299734135,5.90772139185916e-05,3.90960982093987e-05
1778,73.5795514054191,0.3025925579085161,0.697328528941508,0.00011559357299734135,5.90772139185916e-05,3.90960982093987e-05
1779,73.6209114680416,0.3004871676047003,0.6994342741781683,0.00011559357299734135,5.90772139185916e-05,3.90960982093987e-05
1780,73.66227153066409,0.2984256252672861,0.7014961724039154,0.00011559357299734135,5.90772139185916e-05,3.90960982093987e-05
1781,73.70363159328659,0.29640787904855836,0.7035142680118988,0.00011559357299734135,5.90772139185916e-05,3.90960982093987e-05
1782,73.74499165590908,0.29443383435522114,0.7054886485595616,0.00011559357299734135,5.90772139185916e-05,3.90960982093987e-05
1783,73.78635171853159,0.2925033575819949,0.7074194411442889,0.00011559357299734135,5.90772139185916e-05,3.90960982093987e-05
1784,73.82771178115408,0.2906162792854316,0.7093068093279885,0.00011559357299734135,5.90772139185916e-05,3.90960982093987e-05
1785,73.86907184377658,0.2887723968717429,0.7111509505351177,0.00011559357299734135,5.90772139185916e-05,3.90960982093987e-05
1786,73.91043190639907,0.2869714768730211,0.7129520938483561,0.00011559357299734135,5.90772139185916e-05,3.90960982093987e-05
1787,73.95179196902156,0.28521325688441374,0.7147104981284005,0.00011559357299734135,5.90772139185916e-05,3.90960982093987e-05
1788,73.99315203164406,0.2834974472297889,0.7164264503894671,0.00011559357299734135,5.90772139185916e-05,3.90960982093987e-05
1789,74.03451209426655,0.28182373241709957,0.7181002643687907,0.00011559357299734135,5.90772139185916e-05,3.90960982093987e-05
1790,74.07587215688905,0.2801917724363888,0.7197322792373723,0.00011559357299734135,5.90772139185916e-05,3.90960982093987e-05
1791,74.11723221951154,0.2786012039443865,0.7213228584076827,0.00011559357299734135,5.90772139185916e-05,3.90960982093987e-05
1792,74.15859228213405,0.2770516413704778,0.7228723884045685,0.00011559357299734135,5.90772139185916e-05,3.90960982093987e-05
1793,74.19995234475653,0.27554267796960286,0.7243812777743355,0.00011559357299734135,5.90772139185916e-05,3.90960982093987e-05
1794,74.24131240737903,0.2740738868392417,0.7258499560159568,0.00011559357299734135,5.90772139185916e-05,3.90960982093987e-05
1795,74.28267247000153,0.27264482191022377,0.7272788725262094,0.00011559357299734135,5.90772139185916e-05,3.90960982093987e-05
1796,74.32403253262402,0.2712550189149801,0.7286684955563381,0.00011559357299734135,5.90772139185916e-05,3.90960982093987e-05
1797,74.36539259524652,0.2699039963324207,0.7300193111832778,0.00011559357299734135,5.90772139185916e-05,3.90960982093987e-05
1798,74.406752657869,0.2685912563056292,0.7313318223006314,0.00011559357299734135,5.90772139185916e-05,3.90960982093987e-05
1799,74.44811272049151,0.26731628552744297,0.7326065476366671,0.00011559357299734135,5.90772139185916e-05,3.90960982093987e-05
1800,74.489472783114,0.26607855608935915,0.7338440208057051,0.00011559357299734135,5.90772139185916e-05,3.90960982093987e-05
1801,74.5308328457365,0.26487752629100014,0.7350447893977666,0.00011559357299734135,5.90772139185916e-05,3.90960982093987e-05
1802,74.57219290835899,0.2637126414103537,0.7362094141080511,0.00011559357299734135,5.90772139185916e-05,3.90960982093987e-05
1803,74.61355297098149,0.26258333443899196,0.7373384679040716,0.00011559357299734135,5.90772139185916e-05,3.90960982093987e-05
1804,74.65491303360399,0.26148902679085867,0.7384325352233626,0.00011559357299734135,5.90772139185916e-05,3.90960982093987e-05
1805,74.69627309622648,0.2604291289979308,0.739492211189915,0.00011559357299734135,5.90772139185916e-05,3.90960982093987e-05
1806,74.73763315884898,0.25940304141073284,0.7405181008327341,0.00011559357299734135,5.90772139185916e-05,3.90960982093987e-05
1807,74.77899322147147,0.2584101549257278,0.7415108182855273,0.00011559357299734135,5.90772139185916e-05,3.90960982093987e-05
1808,74.82035328409397,0.2574498517649354,0.7424709859427718,0.00011559357299734135,5.90772139185916e-05,3.90960982093987e-05
1809,74.86171334671646,0.256521506335535,0.7433992335449724,0.00011559357299734135,5.90772139185916e-05,3.90960982093987e-05
1810,74.90307340933896,0.2556244861982816,0.7442961971645291,0.00011559357299734135,5.90772139185916e-05,3.90960982093987e-05
1811,74.94443347196145,0.2547581531732625,0.7451625180637834,0.00011559357299734135,5.90772139185916e-05,3.90960982093987e-05
1812,74.98579353458395,0.25392186460982363,0.7459988413978609,0.00011559357299734135,5.90772139185916e-05,3.90960982093987e-05
1813,75.02715359720644,0.25311497484439877,0.746805814738446,0.00011559357299734135,5.90772139185916e-05,3.90960982093987e-05
1814,75.06851365982894,0.2523368368654658,0.7475840863985066,0.00011559357299734135,5.90772139185916e-05,3.90960982093987e-05
1815,75.10987372245144,0.2515868041992167,0.7483343035437672,0.00011559357299734135,5.90772139185916e-05,3.90960982093987e-05
1816,75.15123378507393,0.2508642330229407,0.7490571100830064,0.00011559357299734135,5.90772139185916e-05,3.90960982093987e-05
1817,75.19259384769641,0.25016848450573265,0.7497531443368615,0.00011559357299734135,5.90772139185916e-05,3.90960982093987e-05
1818,75.23395391031892,0.2494989273685783,0.7504230364922478,0.00011559357299734135,5.90772139185916e-05,3.90960982093987e-05
1819,75.2753139729414,0.24885494064805577,0.7510674058574648,0.00011559357299734135,5.90772139185916e-05,3.90960982093987e-05
1820,75.3166740355639,0.24823591664050257,0.7516868579403343,0.00011559357299734135,5.90772139185916e-05,3.90960982093987e-05
1821,75.3580340981864,0.24764126399677608,0.7522819813789297,0.00011559357299734135,5.90772139185916e-05,3.90960982093987e-05
1822,75.3993941608089,0.24707041093184187,0.7528533447600501,0.00011559357299734135,5.90772139185916e-05,3.90960982093987e-05
1823,75.4407542234314,0.24652280850890423,0.7534014933657615,0.00011559357299734135,5.90772139185916e-05,3.90960982093987e-05
1824,75.4821142860539,0.2459979339544611,0.7539269458912893,0.00011559357299734135,5.90772139185916e-05,3.90960982093987e-05
1825,75.52347434867639,0.24549529395911937,0.7544301911797072,0.00011559357299734135,5.90772139185916e-05,3.90960982093987e-05
1826,75.56483441129888,0.24501442791875114,0.7549116850189105,0.00011559357299734135,5.90772139185916e-05,3.90960982093987e-05
1827,75.60619447392138,0.24455491107207683,0.7553718470451358,0.00011559357299734135,5.90772139185916e-05,3.90960982093987e-05
1828,75.64755453654386,0.24411635749343255,0.755811057794715,0.00011559357299734135,5.90772139185916e-05,3.90960982093987e-05
1829,75.68891459916637,0.24369842290350932,0.7562296559413976,0.00011559357299734135,5.90772139185916e-05,3.90960982093987e-05
1830,75.73027466178885,0.24330080726554776,0.7566279357522366,0.00011559357299734135,5.90772139185916e-05,3.90960982093987e-05
1831,75.77163472441136,0.24292325714002544,0.7570061447894927,0.00011559357299734135,5.90772139185916e-05,3.90960982093987e-05
1832,75.81299478703384,0.2425655677761416,0.7573644818797137,0.00011559357299734135,5.90772139185916e-05,3.90960982093987e-05
1833,75.85435484965635,0.24222758492397858,0.7577030953666639,0.00011559357299734135,5.90772139185916e-05,3.90960982093987e-05
1834,75.89571491227883,0.24190920635585883,0.7580220816590948,0.00011559357299734135,5.90772139185916e-05,3.90960982093987e-05
1835,75.93707497490134,0.24161038308919403,0.7583214840803129,0.00011559357299734135,5.90772139185916e-05,3.90960982093987e-05
1836,75.97843503752384,0.24133112030591813,0.758601292024019,0.00011559357299734135,5.90772139185916e-05,3.90960982093987e-05
1837,76.01979510014633,0.24107147796479628,0.7588614404189482,0.00011559357299734135,5.90772139185916e-05,3.90960982093987e-05
1838,76.06115516276883,0.24083157110261577,0.7591018095049921,0.00011559357299734135,5.90772139185916e-05,3.90960982093987e-05
1839,76.10251522539131,0.24061156981868623,0.7593222249249032,0.00011559357299734135,5.90772139185916e-05,3.90960982093987e-05
1840,76.14387528801382,0.24041169893385805,0.7595224581387596,0.00011559357299734135,5.90772139185916e-05,3.90960982093987e-05
1841,76.1852353506363,0.24023223731112828,0.7597022271724253,0.00011559357299734135,5.90772139185916e-05,3.90960982093987e-05
1842,76.2265954132588,0.24007351681949546,0.7598611977160479,0.00011559357299734135,5.90772139185916e-05,3.90960982093987e-05
1843,76.2679554758813,0.239935920917377,0.7599989845950985,0.00011559357299734135,5.90772139185916e-05,3.90960982093987e-05
1844,76.3093155385038,0.23981988282594924,0.7601151536410743,0.00011559357299734135,5.90772139185916e-05,3.90960982093987e-05
1845,76.35067560112628,0.23972588325763555,0.76020922399555,0.00011559357299734135,5.90772139185916e-05,3.90960982093987e-05
1846,76.39203566374879,0.23965444766061725,0.7602806708849611,0.00011559357299734135,5.90772139185916e-05,3.90960982093987e-05
1847,76.43339572637129,0.23960614293727162,0.7603289289070722,0.00011559357299734135,5.90772139185916e-05,3.90960982093987e-05
1848,76.47475578899378,0.2395815735934777,0.7603533958714711,0.00011559357299734135,5.90772139185916e-05,3.90960982093987e-05
1849,76.51611585161626,0.23958137727681011,0.7603534372354986,0.00011559357299734135,5.90772139185916e-05,3.90960982093987e-05
1850,76.55747591423876,0.23960621966530724,0.7603283911738834,0.00011559357299734135,5.90772139185916e-05,3.90960982093987e-05
1851,76.59883597686127,0.23965678867482876,0.7602775743145304,0.00011559357299734135,5.90772139185916e-05,3.90960982093987e-05
1852,76.64019603948375,0.2397337879620024,0.760200288164216,0.00011559357299734135,5.90772139185916e-05,3.90960982093987e-05
1853,76.68155610210626,0.2398379297113416,0.7600958262367074,0.00011559357299734135,5.90772139185916e-05,3.90960982093987e-05
1854,76.72291616472874,0.23996992670916445,0.7599634818826513,0.00011559357299734135,5.90772139185916e-05,3.90960982093987e-05
1855,76.76427622735125,0.24013048372295165,0.7598025568040859,0.00011559357299734135,5.90772139185916e-05,3.90960982093987e-05
1856,76.80563628997375,0.2403202882224692,0.759612370220025,0.00011559357299734135,5.90772139185916e-05,3.90960982093987e-05
1857,76.84699635259624,0.24054000049766425,0.7593922686301094,0.00011559357299734135,5.90772139185916e-05,3.90960982093987e-05
1858,76.88835641521872,0.24079024324767134,0.7591416361051361,0.00011559357299734135,5.90772139185916e-05,3.90960982093987e-05
1859,76.92971647784123,0.24107159073419832,0.7588599050135608,0.00011559357299734135,5.90772139185916e-05,3.90960982093987e-05
1860,76.97107654046371,0.241384557610904,0.7585465670753623,0.00011559357299734135,5.90772139185916e-05,3.90960982093987e-05
1861,77.01243660308621,0.2417295875571455,0.7582011846174785,0.00011559357299734135,5.90772139185916e-05,3.90960982093987e-05
1862,77.05379666570872,0.24210704185927545,0.757823401890156,0.00011559357299734135,5.90772139185916e-05,3.90960982093987e-05
1863,77.0951567283312,0.24251718809486433,0.757412956291259,0.00011559357299734135,5.90772139185916e-05,3.90960982093987e-05
1864,77.1365167909537,0.24296018908441055,0.7569696893358535,0.00011559357299734135,5.90772139185916e-05,3.90960982093987e-05
1865,77.1778768535762,0.24343609228098437,0.7564935572025018,0.00011559357299734135,5.90772139185916e-05,3.90960982093987e-05
1866,77.2192369161987,0.24394481977039661,0.7559846406847541,0.00011559357299734135,5.90772139185916e-05,3.90960982093987e-05
1867,77.26059697882118,0.24448615905312412,0.7554431543777239,0.00011559357299734135,5.90772139185916e-05,3.90960982093987e-05
1868,77.30195704144369,0.24505975477387332,0.7548694549341148,0.00011559357299734135,5.90772139185916e-05,3.90960982093987e-05
1869,77.34331710406617,0.24566510155593632,0.7542640482326287,0.00011559357299734135,5.90772139185916e-05,3.90960982093987e-05
1870,77.38467716668868,0.24630153808522837,0.7536275953135644,0.00011559357299734135,5.90772139185916e-05,3.90960982093987e-05
1871,77.42603722931116,0.2469682425734541,0.7529609169509727,0.00011559357299734135,5.90772139185916e-05,3.90960982093987e-05
1872,77.46739729193366,0.24766422971196667,0.7522649967488914,0.00011559357299734135,5.90772139185916e-05,3.90960982093987e-05
1873,77.50875735455617,0.24838834920734118,0.7515409826687595,0.00011559357299734135,5.90772139185916e-05,3.90960982093987e-05
1874,77.55011741717865,0.24913928596778628,0.7507901869171884,0.00011559357299734135,5.90772139185916e-05,3.90960982093987e-05
1875,77.59147747980116,0.24991556198609807,0.7500140841461436,0.00011559357299734135,5.90772139185916e-05,3.90960982093987e-05
1876,77.63283754242364,0.2507155399408639,0.7492143079413676,0.00011559357299734135,5.90772139185916e-05,3.90960982093987e-05
1877,77.67419760504615,0.2515374285135729,0.7483926455992599,0.00011559357299734135,5.90772139185916e-05,3.90960982093987e-05
1878,77.71555766766863,0.2523792893954521,0.7475510312154907,0.00011559357299734135,5.90772139185916e-05,3.90960982093987e-05
1879,77.75691773029114,0.2532390459351458,0.7466915371322301,0.00011559357299734135,5.90772139185916e-05,3.90960982093987e-05
1880,77.79827779291362,0.2541144933566593,0.7458163638118049,0.00011559357299734135,5.90772139185916e-05,3.90960982093987e-05
1881,77.83963785553611,0.25500331045742947,0.744927828225039,0.00011559357299734135,5.90772139185916e-05,3.90960982093987e-05
1882,77.88099791815861,0.2559030726783488,0.7440283508602314,0.00011559357299734135,5.90772139185916e-05,3.90960982093987e-05
1883,77.92235798078111,0.25681126642233876,0.7431204414746019,0.00011559357299734135,5.90772139185916e-05,3.90960982093987e-05
1884,77.9637180434036,0.2577253044847912,0.7422066837236209,0.00011559357299734135,5.90772139185916e-05,3.90960982093987e-05
1885,78.0050781060261,0.25864254244857654,0.7412897188140182,0.00011559357299734135,5.90772139185916e-05,3.90960982093987e-05
1886,78.0464381686486,0.259560295888232,0.7403722283357302,0.00011559357299734135,5.90772139185916e-05,3.90960982093987e-05
1887,78.0877982312711,0.2604758582219035,0.7394569164334694,0.00011559357299734135,5.90772139185916e-05,3.90960982093987e-05
1888,78.1291582938936,0.26138651904584537,0.7385464914831578,0.00011559357299734135,5.90772139185916e-05,3.90960982093987e-05
1889,78.17051835651608,0.2622895827844768,0.7376436474409047,0.00011559357299734135,5.90772139185916e-05,3.90960982093987e-05
1890,78.21187841913857,0.2631823874884023,0.7367510450323252,0.00011559357299734135,5.90772139185916e-05,3.90960982093987e-05
1891,78.25323848176107,0.26406232361374066,0.7358712929501043,0.00011559357299734135,5.90772139185916e-05,3.90960982093987e-05
1892,78.29459854438358,0.264926852617886,0.7350069292258723,0.00011559357299734135,5.90772139185916e-05,3.90960982093987e-05
1893,78.33595860700606,0.26577352520889524,0.7341604029402375,0.00011559357299734135,5.90772139185916e-05,3.90960982093987e-05
1894,78.37731866962856,0.26659999908857623,0.7333340564328917,0.00011559357299734135,5.90772139185916e-05,3.90960982093987e-05
1895,78.41867873225105,0.2674040560318903,0.7325301081713392,0.00011559357299734135,5.90772139185916e-05,3.90960982093987e-05
1896,78.46003879487355,0.268183618148208,0.7317506364345028,0.00011559357299734135,5.90772139185916e-05,3.90960982093987e-05
1897,78.50139885749604,0.26893676317286214,0.7309975639645685,0.00011559357299734135,5.90772139185916e-05,3.90960982093987e-05
1898,78.54275892011854,0.26966173864045107,0.7302726437368655,0.00011559357299734135,5.90772139185916e-05,3.90960982093987e-05
1899,78.58411898274103,0.27035697479501336,0.7295774459944874,0.00011559357299734135,5.90772139185916e-05,3.90960982093987e-05
1900,78.62547904536353,0.27102109609648933,0.7289133466895774,0.00011559357299734135,5.90772139185916e-05,3.90960982093987e-05
1901,78.66683910798602,0.2716529311885226,0.7282815174674342,0.00011559357299734135,5.90772139185916e-05,3.90960982093987e-05
1902,78.70819917060852,0.2722515211999577,0.7276829173225539,0.00011559357299734135,5.90772139185916e-05,3.90960982093987e-05
1903,78.74955923323103,0.2728161262618215,0.7271182860454117,0.00011559357299734135,5.90772139185916e-05,3.90960982093987e-05
1904,78.79091929585351,0.27334623013385234,0.7265881395674014,0.00011559357299734135,5.90772139185916e-05,3.90960982093987e-05
1905,78.83227935847601,0.27384154284955914,0.726092767295217,0.00011559357299734135,5.90772139185916e-05,3.90960982093987e-05
1906,78.8736394210985,0.2743020013074943,0.7256322315079585,0.00011559357299734135,5.90772139185916e-05,3.90960982093987e-05
1907,78.914999483721,0.27472776775808305,0.7252063688679065,0.00011559357299734135,5.90772139185916e-05,3.90960982093987e-05
1908,78.95635954634349,0.27511922616060613,0.7248147940706869,0.00011559357299734135,5.90772139185916e-05,3.90960982093987e-05
1909,78.997719608966,0.27547697641329644,0.724456905632176,0.00011559357299734135,5.90772139185916e-05,3.90960982093987e-05
1910,79.03907967158848,0.2758018264904094,0.7241318937781971,0.00011559357299734135,5.90772139185916e-05,3.90960982093987e-05
1911,79.08043973421098,0.27609478255303344,0.7238387503699404,0.00011559357299734135,5.90772139185916e-05,3.90960982093987e-05
1912,79.12179979683349,0.2763570371347403,0.7235762807639081,0.00011559357299734135,5.90772139185916e-05,3.90960982093987e-05
1913,79.16315985945596,0.27658995553743465,0.7233431174701803,0.00011559357299734135,5.90772139185916e-05,3.90960982093987e-05
1914,79.20451992207848,0.2767950606065439,0.7231377354393508,0.00011559357299734135,5.90772139185916e-05,3.90960982093987e-05
1915,79.24587998470096,0.2769740160863594,0.722958468776073,0.00011559357299734135,5.90772139185916e-05,3.90960982093987e-05
1916,79.28724004732346,0.2771286087853077,0.7228035286483278,0.00011559357299734135,5.90772139185916e-05,3.90960982093987e-05
1917,79.32860010994595,0.27726072980570454,0.7226710221365489,0.00011559357299734135,5.90772139185916e-05,3.90960982093987e-05
1918,79.36996017256845,0.2773723551124984,0.7225589717460279,0.00011559357299734135,5.90772139185916e-05,3.90960982093987e-05
1919,79.41132023519094,0.27746552572993827,0.7224653352922087,0.00011559357299734135,5.90772139185916e-05,3.90960982093987e-05
1920,79.45268029781343,0.2775423278630701,0.7223880258596872,0.00011559357299734135,5.90772139185916e-05,3.90960982093987e-05
1921,79.49404036043593,0.2776048732424351,0.7223249315344035,0.00011559357299734135,5.90772139185916e-05,3.90960982093987e-05
1922,79.53540042305842,0.277655279985016,0.7222739346136459,0.00011559357299734135,5.90772139185916e-05,3.90960982093987e-05
1923,79.57676048568092,0.27769565425247444,0.7222329300105723,0.00011559357299734135,5.90772139185916e-05,3.90960982093987e-05
1924,79.61812054830342,0.27772807296930213,0.7221998425882904,0.00011559357299734135,5.90772139185916e-05,3.90960982093987e-05
1925,79.65948061092593,0.2777545678392767,0.7221726431829936,0.00011559357299734135,5.90772139185916e-05,3.90960982093987e-05
1926,79.70084067354841,0.2777771108690342,0.722149363105174,0.00011559357299734135,5.90772139185916e-05,3.90960982093987e-05
1927,79.74220073617091,0.2777976015740098,0.7221281069420329,0.00011559357299734135,5.90772139185916e-05,3.90960982093987e-05
1928,79.7835607987934,0.2778178560048082,0.7221070635216962,0.00011559357299734135,5.90772139185916e-05,3.90960982093987e-05
1929,79.82492086141589,0.27783959769273836,0.7220845149392869,0.00011559357299734135,5.90772139185916e-05,3.90960982093987e-05
1930,79.86628092403839,0.27786445057282544,0.7220588435861511,0.00011559357299734135,5.90772139185916e-05,3.90960982093987e-05
1931,79.90764098666088,0.27789393390211165,0.7220285371643094,0.00011559357299734135,5.90772139185916e-05,3.90960982093987e-05
1932,79.94900104928338,0.27792945915181805,0.7219921917084184,0.00011559357299734135,5.90772139185916e-05,3.90960982093987e-05
1933,79.99036111190587,0.27797232881435824,0.7219485126748107,0.00011559357299734135,5.90772139185916e-05,3.90960982093987e-05
1934,80.03172117452837,0.2780237370323399,0.7218963141927016,0.00011559357299734135,5.90772139185916e-05,3.90960982093987e-05
1935,80.07308123715087,0.27808477192607184,0.721834516603102,0.00011559357299734135,5.90772139185916e-05,3.90960982093987e-05
1936,80.11444129977336,0.2781564194701488,0.7217621424374155,0.00011559357299734135,5.90772139185916e-05,3.90960982093987e-05
1937,80.15580136239586,0.2782395687488886,0.7216783110095099,0.00011559357299734135,5.90772139185916e-05,3.90960982093987e-05
1938,80.19716142501835,0.2783350184044966,0.7215822318107128,0.00011559357299734135,5.90772139185916e-05,3.90960982093987e-05
1939,80.23852148764085,0.2784434840813936,0.7214731969079632,0.00011559357299734135,5.90772139185916e-05,3.90960982093987e-05
1940,80.27988155026334,0.2785656066651651,0.7213505725510252,0.00011559357299734135,5.90772139185916e-05,3.90960982093987e-05
1941,80.32124161288584,0.2787019611141021,0.7212137901942188,0.00011559357299734135,5.90772139185916e-05,3.90960982093987e-05
1942,80.36260167550833,0.27885306568601653,0.7210623371343443,0.00011559357299734135,5.90772139185916e-05,3.90960982093987e-05
1943,80.40396173813083,0.27901939137110565,0.7208957469571692,0.00011559357299734135,5.90772139185916e-05,3.90960982093987e-05
1944,80.44532180075333,0.27920137135373096,0.7207135899732591,0.00011559357299734135,5.90772139185916e-05,3.90960982093987e-05
1945,80.48668186337581,0.27939941034011617,0.7205154638087148,0.00011559357299734135,5.90772139185916e-05,3.90960982093987e-05
1946,80.52804192599832,0.27961389360552935,0.7203009842994993,0.00011559357299734135,5.90772139185916e-05,3.90960982093987e-05
1947,80.56940198862081,0.2798451956318118,0.7200697768202743,0.00011559357299734135,5.90772139185916e-05,3.90960982093987e-05
1948,80.61076205124331,0.2800936882238974,0.7198214681598064,0.00011559357299734135,5.90772139185916e-05,3.90960982093987e-05
1949,80.6521221138658,0.2803597480116587,0.719555679037139,0.00011559357299734135,5.90772139185916e-05,3.90960982093987e-05
1950,80.6934821764883,0.2806437632597779,0.7192720173350654,0.00011559357299734135,5.90772139185916e-05,3.90960982093987e-05
1951,80.73484223911079,0.2809461399237932,0.7189700721118353,0.00011559357299734135,5.90772139185916e-05,3.90960982093987e-05
1952,80.77620230173328,0.2812673069039716,0.7186494084377013,0.00011559357299734135,5.90772139185916e-05,3.90960982093987e-05
1953,80.81756236435578,0.2816077204602045,0.7183095630906998,0.00011559357299734135,5.90772139185916e-05,3.90960982093987e-05
1954,80.85892242697827,0.2819678677607226,0.7179500411359816,0.00011559357299734135,5.90772139185916e-05,3.90960982093987e-05
1955,80.90028248960078,0.2823482695452295,0.7175703134053867,0.00011559357299734135,5.90772139185916e-05,3.90960982093987e-05
1956,80.94164255222327,0.2827494818886695,0.7171698148869512,0.00011559357299734135,5.90772139185916e-05,3.90960982093987e-05
1957,80.98300261484577,0.28317209705654245,0.7167479440307071,0.00011559357299734135,5.90772139185916e-05,3.90960982093987e-05
1958,81.02436267746826,0.28361674344560034,0.7163040629722467,0.00011559357299734135,5.90772139185916e-05,3.90960982093987e-05
1959,81.06572274009076,0.2840840846068513,0.7158374986748212,0.00011559357299734135,5.90772139185916e-05,3.90960982093987e-05
1960,81.10708280271325,0.2845748173496783,0.7153475449865904,0.00011559357299734135,5.90772139185916e-05,3.90960982093987e-05
1961,81.14844286533574,0.28508966892912674,0.7148334656087245,0.00011559357299734135,5.90772139185916e-05,3.90960982093987e-05
1962,81.18980292795824,0.28562939332144466,0.7142944979657596,0.00011559357299734135,5.90772139185916e-05,3.90960982093987e-05
1963,81.23116299058073,0.28619476659797266,0.7137298579661714,0.00011559357299734135,5.90772139185916e-05,3.90960982093987e-05
1964,81.27252305320324,0.2867865814133982,0.7131387456344813,0.00011559357299734135,5.90772139185916e-05,3.90960982093987e-05
1965,81.31388311582572,0.2874056406326844,0.7125203515896543,0.00011559357299734135,5.90772139185916e-05,3.90960982093987e-05
1966,81.35524317844823,0.2880527501306731,0.711873864333748,0.00011559357299734135,5.90772139185916e-05,3.90960982093987e-05
1967,81.39660324107072,0.28872871081063245,0.711198478304334,0.00011559357299734135,5.90772139185916e-05,3.90960982093987e-05
1968,81.43796330369321,0.2894343099017669,0.7104934026298434,0.00011559357299734135,5.90772139185916e-05,3.90960982093987e-05
1969,81.47932336631571,0.29017031161152534,0.7097578705121131,0.00011559357299734135,5.90772139185916e-05,3.90960982093987e-05
1970,81.5206834289382,0.29093744722549514,0.7089911491435078,0.00011559357299734135,5.90772139185916e-05,3.90960982093987e-05
1971,81.5620434915607,0.29173640476563606,0.7081925500481936,0.00011559357299734135,5.90772139185916e-05,3.90960982093987e-05
1972,81.60340355418319,0.2925678183360885,0.7073614397192985,0.00011559357299734135,5.90772139185916e-05,3.90960982093987e-05
1973,81.64476361680569,0.29343225730358957,0.7064972504056377,0.00011559357299734135,5.90772139185916e-05,3.90960982093987e-05
1974,81.68612367942818,0.2943302154766532,0.7055994908848934,0.00011559357299734135,5.90772139185916e-05,3.90960982093987e-05
1975,81.72748374205068,0.2952621004627512,0.7046677570452113,0.00011559357299734135,5.90772139185916e-05,3.90960982093987e-05
1976,81.76884380467318,0.29622822339515104,0.703701742084725,0.00011559357299734135,5.90772139185916e-05,3.90960982093987e-05
1977,81.81020386729566,0.29722878923022983,0.7027012461294346,0.00011559357299734135,5.90772139185916e-05,3.90960982093987e-05
1978,81.85156392991817,0.2982638878208943,0.7016661850652723,0.00011559357299734135,5.90772139185916e-05,3.90960982093987e-05
1979,81.89292399254066,0.2993334859717145,0.7005965983799147,0.00011559357299734135,5.90772139185916e-05,3.90960982093987e-05
1980,81.93428405516316,0.30043742067619467,0.6994926558154559,0.00011559357299734135,5.90772139185916e-05,3.90960982093987e-05
1981,81.97564411778565,0.30157539372527514,0.6983546626444159,0.00011559357299734135,5.90772139185916e-05,3.90960982093987e-05
1982,82.01700418040815,0.30274696785906746,0.6971830633981039,0.00011559357299734135,5.90772139185916e-05,3.90960982093987e-05
1983,82.05836424303064,0.3039515646108176,0.6959784439006702,0.00011559357299734135,5.90772139185916e-05,3.90960982093987e-05
1984,82.09972430565313,0.30518846396276056,0.6947415314900538,0.00011559357299734135,5.90772139185916e-05,3.90960982093987e-05
1985,82.14108436827563,0.306456805899572,0.693473193342328,0.00011559357299734135,5.90772139185916e-05,3.90960982093987e-05
1986,82.18244443089812,0.30775559390573276,0.6921744328545257,0.00011559357299734135,5.90772139185916e-05,3.90960982093987e-05
1987,82.22380449352063,0.3090837004105722,0.6908463840841792,0.00011559357299734135,5.90772139185916e-05,3.90960982093987e-05
1988,82.26516455614312,0.3104398741391536,0.6894903042891246,0.00011559357299734135,5.90772139185916e-05,3.90960982093987e-05
1989,82.30652461876562,0.31182274928035375,0.6881075646579168,0.00011559357299734135,5.90772139185916e-05,3.90960982093987e-05
1990,82.34788468138811,0.3132308563368813,0.6866996393680094,0.00011559357299734135,5.90772139185916e-05,3.90960982093987e-05
1991,82.38924474401061,0.31466263447677095,0.6852680931536869,0.00011559357299734135,5.90772139185916e-05,3.90960982093987e-05
1992,82.4306048066331,0.3161164451640432,0.6838145676076232,0.00011559357299734135,5.90772139185916e-05,3.90960982093987e-05
1993,82.47196486925559,0.317590586808976,0.6823407664771038,0.00011559357299734135,5.90772139185916e-05,3.90960982093987e-05
1994,82.51332493187809,0.31908331014724034,0.6808484402464204,0.00011559357299734135,5.90772139185916e-05,3.90960982093987e-05
1995,82.55468499450058,0.32059283403343264,0.6793393703211584,0.00011559357299734135,5.90772139185916e-05,3.90960982093987e-05
1996,82.59604505712309,0.32211736131910973,0.6778153531446772,0.00011559357299734135,5.90772139185916e-05,3.90960982093987e-05
1997,82.63740511974557,0.3236550944787999,0.6762781845832778,0.00011559357299734135,5.90772139185916e-05,3.90960982093987e-05
1998,82.67876518236808,0.3252042506509865,0.6747296449133053,0.00011559357299734135,5.90772139185916e-05,3.90960982093987e-05
1999,82.72012524499057,0.3267630757733782,0.6731714847301136,0.00011559357299734135,5.90772139185916e-05,3.90960982093987e-05
2000,82.76148530761306,0.3283298575138828,0.6716054120765216,0.00011559357299734135,5.90772139185916e-05,3.90960982093987e-05
2001,82.80284537023556,0.3299029367294168,0.6700330810577497,0.00011559357299734135,5.90772139185916e-05,3.90960982093987e-05
2002,82.84420543285805,0.3314807172229109,0.6684560821703491,0.00011559357299734135,5.90772139185916e-05,3.90960982093987e-05
2003,82.88556549548055,0.33306167361404326,0.6668759345285149,0.00011559357299734135,5.90772139185916e-05,3.90960982093987e-05
2004,82.92692555810304,0.33464435718910135,0.6652940801194619,0.00011559357299734135,5.90772139185916e-05,3.90960982093987e-05
2005,82.96828562072554,0.3362273996493323,0.6637118801671742,0.00011559357299734135,5.90772139185916e-05,3.90960982093987e-05
2006,83.00964568334803,0.33780951473238546,0.6621306136266548,0.00011559357299734135,5.90772139185916e-05,3.90960982093987e-05
2007,83.05100574597054,0.33938949773756333,0.6605514777765258,0.00011559357299734135,5.90772139185916e-05,3.90960982093987e-05
2008,83.09236580859303,0.3409662230394963,0.6589755908220363,0.00011559357299734135,5.90772139185916e-05,3.90960982093987e-05
2009,83.1337258712155,0.34253863972648907,0.6574039963708876,0.00011559357299734135,5.90772139185916e-05,3.90960982093987e-05
2010,83.17508593383802,0.34410576554597505,0.6558376695965064,0.00011559357299734135,5.90772139185916e-05,3.90960982093987e-05
2011,83.21644599646051,0.3456666793809116,0.6542775248635493,0.00011559357299734135,5.90772139185916e-05,3.90960982093987e-05
2012,83.25780605908301,0.34722051251463737,0.6527244245561643,0.00011559357299734135,5.90772139185916e-05,3.90960982093987e-05
2013,83.2991661217055,0.3487664389682347,0.6511791888235555,0.00011559357299734135,5.90772139185916e-05,3.90960982093987e-05
2014,83.340526184328,0.35030366521257733,0.6496426059397015,0.00011559357299734135,5.90772139185916e-05,3.90960982093987e-05
2015,83.38188624695049,0.3518314195666514,0.6481154429646256,0.00011559357299734135,5.90772139185916e-05,3.90960982093987e-05
2016,83.42324630957297,0.3533489415945499,0.6465984563946007,0.00011559357299734135,5.90772139185916e-05,3.90960982093987e-05
2017,83.46460637219548,0.3548554718056068,0.6450924024961872,0.00011559357299734135,5.90772139185916e-05,3.90960982093987e-05
2018,83.50596643481796,0.3563502419463496,0.6435980470362641,0.00011559357299734135,5.90772139185916e-05,3.90960982093987e-05
2019,83.54732649744048,0.3578324661486263,0.6421161741433247,0.00011559357299734135,5.90772139185916e-05,3.90960982093987e-05
2020,83.58868656006297,0.35930133316798485,0.6406475940669949,0.00011559357299734135,5.90772139185916e-05,3.90960982093987e-05
2021,83.63004662268547,0.3607559999093178,0.6391931496397989,0.00011559357299734135,5.90772139185916e-05,3.90960982093987e-05
2022,83.67140668530796,0.3621955863948204,0.6377537212864767,0.00011559357299734135,5.90772139185916e-05,3.90960982093987e-05
2023,83.71276674793046,0.36361917228389196,0.636330230473167,0.00011559357299734135,5.90772139185916e-05,3.90960982093987e-05
2024,83.75412681055295,0.3650257950060039,0.6349236415360269,0.00011559357299734135,5.90772139185916e-05,3.90960982093987e-05
2025,83.79548687317543,0.36641444951840524,0.6335349618790342,0.00011559357299734135,5.90772139185916e-05,3.90960982093987e-05
2026,83.83684693579794,0.36778408965102516,0.6321652405798417,0.00011559357299734135,5.90772139185916e-05,3.90960982093987e-05
2027,83.87820699842042,0.369133630953347,0.6308155654900763,0.00011559357299734135,5.90772139185916e-05,3.90960982093987e-05
2028,83.91956706104294,0.3704619549134428,0.6294870589613293,0.00011559357299734135,5.90772139185916e-05,3.90960982093987e-05
2029,83.96092712366541,0.3717679143787455,0.6281808723681163,0.00011559357299734135,5.90772139185916e-05,3.90960982093987e-05
2030,84.00228718628793,0.37305033997363446,0.6268981796340564,0.00011559357299734135,5.90772139185916e-05,3.90960982093987e-05
2031,84.04364724891042,0.3743080472804145,0.6256401699953383,0.00011559357299734135,5.90772139185916e-05,3.90960982093987e-05
2032,84.0850073115329,0.3755398445298999,0.624408040256323,0.00011559357299734135,5.90772139185916e-05,3.90960982093987e-05
2033,84.12636737415541,0.3767445405351475,0.6232029868040855,0.00011559357299734135,5.90772139185916e-05,3.90960982093987e-05
2034,84.1677274367779,0.37792095259841624,0.6220261976526898,0.00011559357299734135,5.90772139185916e-05,3.90960982093987e-05
2035,84.2090874994004,0.3790679141263456,0.6208788447821421,0.00011559357299734135,5.90772139185916e-05,3.90960982093987e-05
2036,84.2504475620229,0.38018428170254054,0.6197620770235224,0.00011559357299734135,5.90772139185916e-05,3.90960982093987e-05
2037,84.2918076246454,0.38126894138896633,0.618677013718642,0.00011559357299734135,5.90772139185916e-05,3.90960982093987e-05
2038,84.33316768726787,0.38232081405772445,0.6176247393526655,0.00011559357299734135,5.90772139185916e-05,3.90960982093987e-05
2039,84.37452774989038,0.3833388595919365,0.616606299321252,0.00011559357299734135,5.90772139185916e-05,3.90960982093987e-05
2040,84.41588781251288,0.38432207983674344,0.6156226969502638,0.00011559357299734135,5.90772139185916e-05,3.90960982093987e-05
2041,84.45724787513535,0.38526952022868033,0.6146748918401105,0.00011559357299734135,5.90772139185916e-05,3.90960982093987e-05
2042,84.49860793775785,0.3861802700810648,0.6137637995563014,0.00011559357299734135,5.90772139185916e-05,3.90960982093987e-05
2043,84.53996800038036,0.38705346155382764,0.612890292637559,0.00011559357299734135,5.90772139185916e-05,3.90960982093987e-05
2044,84.58132806300286,0.38788826738591825,0.6120552028425963,0.00011559357299734135,5.90772139185916e-05,3.90960982093987e-05
2045,84.62268812562533,0.38868389751616783,0.6112593245095528,0.00011559357299734135,5.90772139185916e-05,3.90960982093987e-05
2046,84.66404818824786,0.3894395947613984,0.6105034188583013,0.00011559357299734135,5.90772139185916e-05,3.90960982093987e-05
2047,84.70540825087033,0.3901546297584872,0.6097882190290297,0.00011559357299734135,5.90772139185916e-05,3.90960982093987e-05
2048,84.74676831349284,0.3908282954069503,0.6091144356193452,0.00011559357299734135,5.90772139185916e-05,3.90960982093987e-05
2049,84.78812837611534,0.39145990107119294,0.6084827624611354,0.00011559357299734135,5.90772139185916e-05,3.90960982093987e-05
2050,84.82948843873781,0.3920487668139128,0.607893882364872,0.00011559357299734135,5.90772139185916e-05,3.90960982093987e-05
2051,84.87084850136031,0.3925942179353925,0.6073484725566268,0.00011559357299734135,5.90772139185916e-05,3.90960982093987e-05
2052,84.91220856398282,0.3930955800865025,0.6068472095400544,0.00011559357299734135,5.90772139185916e-05,3.90960982093987e-05
2053,84.95356862660532,0.39355217520620256,0.6063907731324397,0.00011559357299734135,5.90772139185916e-05,3.90960982093987e-05
2054,84.99492868922779,0.39396331850849653,0.605979849450276,0.00011559357299734135,5.90772139185916e-05,3.90960982093987e-05
2055,85.0362887518503,0.39432831670917307,0.6056151326544774,0.00011559357299734135,5.90772139185916e-05,3.90960982093987e-05
2056,85.0776488144728,0.39464646764100014,0.6052973253070669,0.00011559357299734135,5.90772139185916e-05,3.90960982093987e-05
2057,85.11900887709528,0.3949170613588259,0.6050271372388092,0.00011559357299734135,5.90772139185916e-05,3.90960982093987e-05
2058,85.1603689397178,0.39513938278489735,0.6048052828782161,0.00011559357299734135,5.90772139185916e-05,3.90960982093987e-05
2059,85.20172900234027,0.3953127158915745,0.6046324770459847,0.00011559357299734135,5.90772139185916e-05,3.90960982093987e-05
2060,85.24308906496277,0.39543634936576577,0.6045094292715556,0.00011559357299734135,5.90772139185916e-05,3.90960982093987e-05
2061,85.28444912758528,0.3955095836484318,0.6044368367395313,0.00011559357299734135,5.90772139185916e-05,3.90960982093987e-05
2062,85.32580919020778,0.3955317391959597,0.6044153760206223,0.00011559357299734135,5.90772139185916e-05,3.90960982093987e-05
2063,85.36716925283025,0.3955021657690691,0.6044456937822928,0.00011559357299734135,5.90772139185916e-05,3.90960982093987e-05
2064,85.40852931545275,0.39542025252166674,0.6045283967079632,0.00011559357299734135,5.90772139185916e-05,3.90960982093987e-05
2065,85.44988937807526,0.39528543863686066,0.6046640408781965,0.00011559357299734135,5.90772139185916e-05,3.90960982093987e-05
2066,85.49124944069774,0.3950972242421256,0.6048531208828274,0.00011559357299734135,5.90772139185916e-05,3.90960982093987e-05
2067,85.53260950332026,0.39485518132983655,0.6050960589380864,0.00011559357299734135,5.90772139185916e-05,3.90960982093987e-05
2068,85.57396956594273,0.3945589644135438,0.6053931942784623,0.00011559357299734135,5.90772139185916e-05,3.90960982093987e-05
2069,85.61532962856523,0.3942083206643037,0.6057447730789,0.00011559357299734135,5.90772139185916e-05,3.90960982093987e-05
2070,85.65668969118774,0.3938030992934551,0.606150939140422,0.00011559357299734135,5.90772139185916e-05,3.90960982093987e-05
2071,85.69804975381021,0.3933432599782718,0.6066117255419057,0.00011559357299734135,5.90772139185916e-05,3.90960982093987e-05
2072,85.73940981643271,0.3928288801627596,0.6071270474244864,0.00011559357299734135,5.90772139185916e-05,3.90960982093987e-05
2073,85.78076987905521,0.3922601611062821,0.6076966960346387,0.00011559357299734135,5.90772139185916e-05,3.90960982093987e-05
2074,85.82212994167772,0.39163743259577394,0.6083203341081974,0.00011559357299734135,5.90772139185916e-05,3.90960982093987e-05
2075,85.86349000430019,0.3909611562811855,0.6089974926340177,0.00011559357299734135,5.90772139185916e-05,3.90960982093987e-05
2076,85.90485006692272,0.39023192763683645,0.60972756899228,0.00011559357299734135,5.90772139185916e-05,3.90960982093987e-05
2077,85.9462101295452,0.3894504765918478,0.6105098264221538,0.00011559357299734135,5.90772139185916e-05,3.90960982093987e-05
2078,85.9875701921677,0.3886176669092313,0.611343394737194,0.00011559357299734135,5.90772139185916e-05,3.90960982093987e-05
2079,86.0289302547902,0.38773449442443586,0.6122272721753113,0.00011559357299734135,5.90772139185916e-05,3.90960982093987e-05
2080,86.07029031741267,0.38680208427908597,0.6131603282457535,0.00011559357299734135,5.90772139185916e-05,3.90960982093987e-05
2081,86.11165038003517,0.38582168730383226,0.6141413074173075,0.00011559357299734135,5.90772139185916e-05,3.90960982093987e-05
2082,86.15301044265767,0.38479467571511466,0.6151688334813109,0.00011559357299734135,5.90772139185916e-05,3.90960982093987e-05
2083,86.19437050528018,0.38372253829443376,0.6162414144197109,0.00011559357299734135,5.90772139185916e-05,3.90960982093987e-05
2084,86.23573056790265,0.3826068752153443,0.6173574476120447,0.00011559357299734135,5.90772139185916e-05,3.90960982093987e-05
2085,86.27709063052515,0.3814493926738119,0.6185152252249251,0.00011559357299734135,5.90772139185916e-05,3.90960982093987e-05
2086,86.31845069314765,0.3802518974622379,0.6197129396438823,0.00011559357299734135,5.90772139185916e-05,3.90960982093987e-05
2087,86.35981075577014,0.3790162916069651,0.6209486888275108,0.00011559357299734135,5.90772139185916e-05,3.90960982093987e-05
2088,86.40117081839266,0.37774456716569904,0.6222204814884857,0.00011559357299734135,5.90772139185916e-05,3.90960982093987e-05
2089,86.44253088101513,0.37643880125417095,0.6235262420324333,0.00011559357299734135,5.90772139185916e-05,3.90960982093987e-05
2090,86.48389094363763,0.3751011513438926,0.6248638152143066,0.00011559357299734135,5.90772139185916e-05,3.90960982093987e-05
2091,86.52525100626013,0.37373385084436195,0.6262309705002098,0.00011559357299734135,5.90772139185916e-05,3.90960982093987e-05
2092,86.56661106888264,0.3723392049557033,0.6276254061499953,0.00011559357299734135,5.90772139185916e-05,3.90960982093987e-05
2093,86.60797113150511,0.37091958675222303,0.6290447530621901,0.00011559357299734135,5.90772139185916e-05,3.90960982093987e-05
2094,86.64933119412761,0.3694774334343526,0.6304865784450774,0.00011559357299734135,5.90772139185916e-05,3.90960982093987e-05
2095,86.69069125675011,0.3680152426674019,0.6319483893979525,0.00011559357299734135,5.90772139185916e-05,3.90960982093987e-05
2096,86.7320513193726,0.3665355689098246,0.6334276365008107,0.00011559357299734135,5.90772139185916e-05,3.90960982093987e-05
2097,86.77341138199509,0.3650410196235996,0.6349217175222778,0.00011559357299734135,5.90772139185916e-05,3.90960982093987e-05
2098,86.81477144461759,0.36353425125285793,0.6364279813606923,0.00011559357299734135,5.90772139185916e-05,3.90960982093987e-05
2099,86.8561315072401,0.36201796485643006,0.6379437323344868,0.00011559357299734135,5.90772139185916e-05,3.90960982093987e-05
2100,86.8974915698626,0.360494901283614,0.6394662349338132,0.00011559357299734135,5.90772139185916e-05,3.90960982093987e-05
2101,86.9388516324851,0.35896783579096236,0.6409927191362851,0.00011559357299734135,5.90772139185916e-05,3.90960982093987e-05
2102,86.98021169510757,0.3574395720111419,0.6425203863774485,0.00011559357299734135,5.90772139185916e-05,3.90960982093987e-05
2103,87.02157175773007,0.3559129352011433,0.6440464162488201,0.00011559357299734135,5.90772139185916e-05,3.90960982093987e-05
2104,87.06293182035257,0.35439076471728426,0.6455679739767816,0.00011559357299734135,5.90772139185916e-05,3.90960982093987e-05
2105,87.10429188297506,0.35287590568710625,0.6470822187126524,0.00011559357299734135,5.90772139185916e-05,3.90960982093987e-05
2106,87.14565194559755,0.35137119987236204,0.648586312639844,0.00011559357299734135,5.90772139185916e-05,3.90960982093987e-05
2107,87.18701200822005,0.3498794757430436,0.6500774308780048,0.00011559357299734135,5.90772139185916e-05,3.90960982093987e-05
2108,87.22837207084255,0.34840353780805416,0.6515527721385775,0.00011559357299734135,5.90772139185916e-05,3.90960982093987e-05
2109,87.26973213346504,0.3469461552735004,0.6530095700602706,0.00011559357299734135,5.90772139185916e-05,3.90960982093987e-05
2110,87.31109219608756,0.34551005012371777,0.654445105129123,0.00011559357299734135,5.90772139185916e-05,3.90960982093987e-05
2111,87.35245225871003,0.3440978847420776,0.655856717065146,0.00011559357299734135,5.90772139185916e-05,3.90960982093987e-05
2112,87.39381232133253,0.34271224920838583,0.6572418175385399,0.00011559357299734135,5.90772139185916e-05,3.90960982093987e-05
2113,87.43517238395503,0.34135564842574034,0.6585979030613502,0.00011559357299734135,5.90772139185916e-05,3.90960982093987e-05
2114,87.47653244657751,0.3400304892426103,0.6599225678883145,0.00011559357299734135,5.90772139185916e-05,3.90960982093987e-05
2115,87.51789250920001,0.33873906774444346,0.6612135167516399,0.00011559357299734135,5.90772139185916e-05,3.90960982093987e-05
2116,87.55925257182251,0.33748355689357606,0.6624685772498562,0.00011559357299734135,5.90772139185916e-05,3.90960982093987e-05
2117,87.60061263444501,0.3362659946963776,0.6636857117109891,0.00011559357299734135,5.90772139185916e-05,3.90960982093987e-05
2118,87.6419726970675,0.33508827307240413,0.6648630283542962,0.00011559357299734135,5.90772139185916e-05,3.90960982093987e-05
2119,87.68333275968999,0.333952127592175,0.6659987915832378,0.00011559357299734135,5.90772139185916e-05,3.90960982093987e-05
2120,87.72469282231249,0.33285912823794006,0.6670914312540579,0.00011559357299734135,5.90772139185916e-05,3.90960982093987e-05
2121,87.76605288493498,0.331810671326812,0.6681395507802108,0.00011559357299734135,5.90772139185916e-05,3.90960982093987e-05
2122,87.8074129475575,0.3308079727169356,0.669141933950952,0.00011559357299734135,5.90772139185916e-05,3.90960982093987e-05
2123,87.84877301017997,0.32985206239722403,0.6700975503631393,0.00011559357299734135,5.90772139185916e-05,3.90960982093987e-05
2124,87.89013307280247,0.328943780538854,0.6710055593875472,0.00011559357299734135,5.90772139185916e-05,3.90960982093987e-05
2125,87.93149313542497,0.3280837750635266,0.671865312614163,0.00011559357299734135,5.90772139185916e-05,3.90960982093987e-05
2126,87.97285319804747,0.3272725007601665,0.6726763547448353,0.00011559357299734135,5.90772139185916e-05,3.90960982093987e-05
2127,88.01421326066995,0.32651021995832424,0.6734384229247272,0.00011559357299734135,5.90772139185916e-05,3.90960982093987e-05
2128,88.05557332329245,0.3257970047442763,0.6741514445268175,0.00011559357299734135,5.90772139185916e-05,3.90960982093987e-05
2129,88.09693338591495,0.32513274068446213,0.6748155334249478,0.00011559357299734135,5.90772139185916e-05,3.90960982093987e-05
2130,88.13829344853744,0.3245171320015926,0.6754309848104106,0.00011559357299734135,5.90772139185916e-05,3.90960982093987e-05
2131,88.17965351115996,0.3239497081309308,0.6759982686252897,0.00011559357299734135,5.90772139185916e-05,3.90960982093987e-05
2132,88.22101357378243,0.32342983156876326,0.6765180217007937,0.00011559357299734135,5.90772139185916e-05,3.90960982093987e-05
2133,88.26237363640493,0.322956706911547,0.6769910387030076,0.00011559357299734135,5.90772139185916e-05,3.90960982093987e-05
2134,88.30373369902743,0.3225293909727699,0.6774182619998418,0.00011559357299734135,5.90772139185916e-05,3.90960982093987e-05
2135,88.34509376164992,0.3221468038549529,0.6778007705722765,0.00011559357299734135,5.90772139185916e-05,3.90960982093987e-05
2136,88.38645382427241,0.3218077408464475,0.6781397681012057,0.00011559357299734135,5.90772139185916e-05,3.90960982093987e-05
2137,88.42781388689491,0.3215108850063962,0.6784365703675058,0.00011559357299734135,5.90772139185916e-05,3.90960982093987e-05
2138,88.46917394951741,0.32125482029602154,0.6786925921074299,0.00011559357299734135,5.90772139185916e-05,3.90960982093987e-05
2139,88.5105340121399,0.321038045110718,0.6789093334701468,0.00011559357299734135,5.90772139185916e-05,3.90960982093987e-05
2140,88.55189407476242,0.32085898606410446,0.6790883662263998,0.00011559357299734135,5.90772139185916e-05,3.90960982093987e-05
2141,88.59325413738489,0.3207160118732211,0.6792313198799927,0.00011559357299734135,5.90772139185916e-05,3.90960982093987e-05
2142,88.63461420000739,0.3206074471924306,0.6793398678347292,0.00011559357299734135,5.90772139185916e-05,3.90960982093987e-05
2143,88.6759742626299,0.3205315862432007,0.6794157137701565,0.00011559357299734135,5.90772139185916e-05,3.90960982093987e-05
2144,88.71733432525238,0.320486706087279,0.6794605783785727,0.00011559357299734135,5.90772139185916e-05,3.90960982093987e-05
2145,88.75869438787487,0.3204710793925975,0.6794761866142449,0.00011559357299734135,5.90772139185916e-05,3.90960982093987e-05
2146,88.80005445049737,0.3204829865444537,0.6794642556020665,0.00011559357299734135,5.90772139185916e-05,3.90960982093987e-05
2147,88.84141451311987,0.32052072695985345,0.6794264833478246,0.00011559357299734135,5.90772139185916e-05,3.90960982093987e-05
2148,88.88277457574236,0.3205826294702752,0.6793645383842537,0.00011559357299734135,5.90772139185916e-05,3.90960982093987e-05
2149,88.92413463836485,0.32066706164850767,0.6792800504771466,0.00011559357299734135,5.90772139185916e-05,3.90960982093987e-05
2150,88.96549470098735,0.3207724379683449,0.6791746025022348,0.00011559357299734135,5.90772139185916e-05,3.90960982093987e-05
2151,89.00685476360984,0.3208972267023939,0.6790497235868255,0.00011559357299734135,5.90772139185916e-05,3.90960982093987e-05
2152,89.04821482623235,0.3210399554833111,0.6789068835907219,0.00011559357299734135,5.90772139185916e-05,3.90960982093987e-05
2153,89.08957488885484,0.32119921547699126,0.6787474889769948,0.00011559357299734135,5.90772139185916e-05,3.90960982093987e-05
2154,89.13093495147733,0.3213736641427785,0.6785728800969175,0.00011559357299734135,5.90772139185916e-05,3.90960982093987e-05
2155,89.17229501409983,0.32156202658535715,0.6783843298838774,0.00011559357299734135,5.90772139185916e-05,3.90960982093987e-05
2156,89.21365507672233,0.3217630955346445,0.6781830439191211,0.00011559357299734135,5.90772139185916e-05,3.90960982093987e-05
2157,89.25501513934482,0.32197573002338375,0.6779701617989129,0.00011559357299734135,5.90772139185916e-05,3.90960982093987e-05
2158,89.29637520196731,0.32219885286626193,0.6777467596986316,0.00011559357299734135,5.90772139185916e-05,3.90960982093987e-05
2159,89.33773526458981,0.3224314470779649,0.6775138539956965,0.00011559357299734135,5.90772139185916e-05,3.90960982093987e-05
2160,89.3790953272123,0.32267255139959833,0.6772724057809452,0.00011559357299734135,5.90772139185916e-05,3.90960982093987e-05
2161,89.4204553898348,0.3229212551322133,0.6770233260592995,0.00011559357299734135,5.90772139185916e-05,3.90960982093987e-05
2162,89.46181545245729,0.3231766925011539,0.6767674814149902,0.00011559357299734135,5.90772139185916e-05,3.90960982093987e-05
2163,89.50317551507979,0.323438036794863,0.676505699897052,0.00011559357299734135,5.90772139185916e-05,3.90960982093987e-05
2164,89.54453557770229,0.32370449453495687,0.6762387768676781,0.00011559357299734135,5.90772139185916e-05,3.90960982093987e-05
2165,89.5858956403248,0.3239752999404502,0.6759674805495147,0.00011559357299734135,5.90772139185916e-05,3.90960982093987e-05
2166,89.62725570294728,0.3242497099469188,0.6756925570108956,0.00011559357299734135,5.90772139185916e-05,3.90960982093987e-05
2167,89.66861576556977,0.3245270000306293,0.6754147343378514,0.00011559357299734135,5.90772139185916e-05,3.90960982093987e-05
2168,89.70997582819227,0.3248064610686384,0.675134725761757,0.00011559357299734135,5.90772139185916e-05,3.90960982093987e-05
2169,89.75133589081476,0.32508739743811343,0.6748532315385906,0.00011559357299734135,5.90772139185916e-05,3.90960982093987e-05
2170,89.79269595343726,0.32536912652296235,0.6745709394116262,0.00011559357299734135,5.90772139185916e-05,3.90960982093987e-05
2171,89.83405601605975,0.32565097975351137,0.6742885235313384,0.00011559357299734135,5.90772139185916e-05,3.90960982093987e-05
2172,89.87541607868225,0.32593230525740396,0.6740066417546242,0.00011559357299734135,5.90772139185916e-05,3.90960982093987e-05
2173,89.91677614130474,0.3262124721480508,0.6737259312968747,0.00011559357299734135,5.90772139185916e-05,3.90960982093987e-05
2174,89.95813620392725,0.3264908764229121,0.6734470027651636,0.00011559357299734135,5.90772139185916e-05,3.90960982093987e-05
2175,89.99949626654973,0.3267669483895804,0.6731704326553107,0.00011559357299734135,5.90772139185916e-05,3.90960982093987e-05
2176,90.04085632917223,0.3270401614845027,0.6728967544485037,0.00011559357299734135,5.90772139185916e-05,3.90960982093987e-05
2177,90.08221639179473,0.3273100422999272,0.6726264484933161,0.00011559357299734135,5.90772139185916e-05,3.90960982093987e-05
2178,90.12357645441722,0.327576181590295,0.6723599309030923,0.00011559357299734135,5.90772139185916e-05,3.90960982093987e-05
2179,90.16493651703972,0.3278382459919267,0.6720975417364994,0.00011559357299734135,5.90772139185916e-05,3.90960982093987e-05
2180,90.20629657966221,0.32809599016041,0.6718395327584907,0.00011559357299734135,5.90772139185916e-05,3.90960982093987e-05
2181,90.24765664228471,0.32834926900988937,0.6715860550995594,0.00011559357299734135,5.90772139185916e-05,3.90960982093987e-05
2182,90.2890167049072,0.3285980497276876,0.6713371471417235,0.00011559357299734135,5.90772139185916e-05,3.90960982093987e-05
2183,90.3303767675297,0.32884242323691093,0.671092722960898,0.00011559357299734135,5.90772139185916e-05,3.90960982093987e-05
2184,90.37173683015219,0.32908261478828205,0.6708525616463574,0.00011559357299734135,5.90772139185916e-05,3.90960982093987e-05
2185,90.41309689277467,0.3293189933801686,0.6706162978004458,0.00011559357299734135,5.90772139185916e-05,3.90960982093987e-05
2186,90.45445695539719,0.32955207973161316,0.6703834134957672,0.00011559357299734135,5.90772139185916e-05,3.90960982093987e-05
2187,90.49581701801968,0.32978255256561684,0.6701532319340918,0.00011559357299734135,5.90772139185916e-05,3.90960982093987e-05
2188,90.53717708064217,0.3300112529982445,0.6699249130133187,0.00011559357299734135,5.90772139185916e-05,3.90960982093987e-05
2189,90.57853714326467,0.3302391868710799,0.6696974509658297,0.00011559357299734135,5.90772139185916e-05,3.90960982093987e-05
2190,90.61989720588716,0.330467524909155,0.6694696741872317,0.00011559357299734135,5.90772139185916e-05,3.90960982093987e-05
2191,90.66125726850966,0.3306976006320283,0.6692402473282288,0.00011559357299734135,5.90772139185916e-05,3.90960982093987e-05
2192,90.70261733113216,0.3309309059906271,0.6690076756770582,0.00011559357299734135,5.90772139185916e-05,3.90960982093987e-05
2193,90.74397739375465,0.3311690847461108,0.6687703118161695,0.00011559357299734135,5.90772139185916e-05,3.90960982093987e-05
2194,90.78533745637714,0.3314139236475596,0.6685263644953736,0.00011559357299734135,5.90772139185916e-05,3.90960982093987e-05
2195,90.82669751899965,0.3316673415028449,0.6682739096261072,0.00011559357299734135,5.90772139185916e-05,3.90960982093987e-05
2196,90.86805758162214,0.331931376270423,0.6680109032676584,0.00011559357299734135,5.90772139185916e-05,3.90960982093987e-05
2197,90.90941764424463,0.3322081703290633,0.6677351964465309,0.00011559357299734135,5.90772139185916e-05,3.90960982093987e-05
2198,90.95077770686713,0.3324999541074355,0.6674445516248672,0.00011559357299734135,5.90772139185916e-05,3.90960982093987e-05
2199,90.99213776948962,0.3328090282763616,0.6671366606130953,0.00011559357299734135,5.90772139185916e-05,3.90960982093987e-05
2200,91.03349783211212,0.33313774472329405,0.666809163704482,0.00011559357299734135,5.90772139185916e-05,3.90960982093987e-05
2201,91.0748578947346,0.33348848654207564,0.6664596697964315,0.00011559357299734135,5.90772139185916e-05,3.90960982093987e-05
2202,91.11621795735711,0.3338636472808615,0.666085777252744,0.00011559357299734135,5.90772139185916e-05,3.90960982093987e-05
2203,91.1575780199796,0.33426560969874164,0.6656850952543444,0.00011559357299734135,5.90772139185916e-05,3.90960982093987e-05
2204,91.19893808260211,0.3346967242861299,0.6652552653807259,0.00011559357299734135,5.90772139185916e-05,3.90960982093987e-05
2205,91.2402981452246,0.33515928780682525,0.6647939831624077,0.00011559357299734135,5.90772139185916e-05,3.90960982093987e-05
2206,91.28165820784707,0.3356555221203602,0.6642990193438771,0.00011559357299734135,5.90772139185916e-05,3.90960982093987e-05
2207,91.32301827046959,0.3361875535418601,0.6637682405982684,0.00011559357299734135,5.90772139185916e-05,3.90960982093987e-05
2208,91.36437833309208,0.33675739299371993,0.6631996294385498,0.00011559357299734135,5.90772139185916e-05,3.90960982093987e-05
2209,91.40573839571458,0.33736691719797024,0.6625913030751508,0.00011559357299734135,5.90772139185916e-05,3.90960982093987e-05
2210,91.44709845833707,0.3380178511510465,0.6619415309784842,0.00011559357299734135,5.90772139185916e-05,3.90960982093987e-05
2211,91.48845852095957,0.33871175211249777,0.6612487509143147,0.00011559357299734135,5.90772139185916e-05,3.90960982093987e-05
2212,91.52981858358206,0.3394499953266276,0.660511583233605,0.00011559357299734135,5.90772139185916e-05,3.90960982093987e-05
2213,91.57117864620456,0.34023376168008956,0.6597288432144386,0.00011559357299734135,5.90772139185916e-05,3.90960982093987e-05
2214,91.61253870882705,0.3410640274793937,0.6588995512731438,0.00011559357299734135,5.90772139185916e-05,3.90960982093987e-05
2215,91.65389877144953,0.34194155650921765,0.6580229408849091,0.00011559357299734135,5.90772139185916e-05,3.90960982093987e-05
2216,91.69525883407205,0.3428668945060238,0.6570984640808046,0.00011559357299734135,5.90772139185916e-05,3.90960982093987e-05
2217,91.73661889669454,0.34384036615077257,0.656125794419177,0.00011559357299734135,5.90772139185916e-05,3.90960982093987e-05
2218,91.77797895931704,0.3448620746505488,0.6551048273632574,0.00011559357299734135,5.90772139185916e-05,3.90960982093987e-05
2219,91.81933902193953,0.34593190394098317,0.654035678034889,0.00011559357299734135,5.90772139185916e-05,3.90960982093987e-05
2220,91.86069908456203,0.34704952350046286,0.6529186763550474,0.00011559357299734135,5.90772139185916e-05,3.90960982093987e-05
2221,91.90205914718452,0.34821439572361873,0.6517543596254083,0.00011559357299734135,5.90772139185916e-05,3.90960982093987e-05
2222,91.94341920980702,0.3494257857559451,0.650543462650477,0.00011559357299734135,5.90772139185916e-05,3.90960982093987e-05
2223,91.9847792724295,0.35068277364507217,0.6492869055465681,0.00011559357299734135,5.90772139185916e-05,3.90960982093987e-05
2224,92.026139335052,0.35198426861734133,0.6479857794295467,0.00011559357299734135,5.90772139185916e-05,3.90960982093987e-05
2225,92.0674993976745,0.35332902524302134,0.6466413302195151,0.00011559357299734135,5.90772139185916e-05,3.90960982093987e-05
2226,92.108859460297,0.35471566121037595,0.6452549408426521,0.00011559357299734135,5.90772139185916e-05,3.90960982093987e-05
2227,92.15021952291949,0.35614267638934705,0.6438281121500705,0.00011559357299734135,5.90772139185916e-05,3.90960982093987e-05
2228,92.19157958554199,0.35760847283136205,0.642362442907214,0.00011559357299734135,5.90772139185916e-05,3.90960982093987e-05
2229,92.23293964816449,0.3591113753240706,0.640859609235319,0.00011559357299734135,5.90772139185916e-05,3.90960982093987e-05
2230,92.27429971078698,0.36064965209965427,0.639321343905687,0.00011559357299734135,5.90772139185916e-05,3.90960982093987e-05
2231,92.31565977340948,0.36222153528440815,0.6377494158988017,0.00011559357299734135,5.90772139185916e-05,3.90960982093987e-05
2232,92.35701983603197,0.36382524067608724,0.636145610641215,0.00011559357299734135,5.90772139185916e-05,3.90960982093987e-05
2233,92.39837989865445,0.36545898644502467,0.6345117113230491,0.00011559357299734135,5.90772139185916e-05,3.90960982093987e-05
2234,92.43973996127696,0.36712101037574757,0.6328494816789134,0.00011559357299734135,5.90772139185916e-05,3.90960982093987e-05
2235,92.48110002389946,0.36880958529723085,0.6311606505824933,0.00011559357299734135,5.90772139185916e-05,3.90960982093987e-05
2236,92.52246008652195,0.370523032392841,0.6294468987630435,0.00011559357299734135,5.90772139185916e-05,3.90960982093987e-05
2237,92.56382014914443,0.3722597321332434,0.6277098478990081,0.00011559357299734135,5.90772139185916e-05,3.90960982093987e-05
2238,92.60518021176694,0.3740181326371764,0.6259510522828179,0.00011559357299734135,5.90772139185916e-05,3.90960982093987e-05
2239,92.64654027438944,0.3757967553336462,0.6241719931820269,0.00011559357299734135,5.90772139185916e-05,3.90960982093987e-05
2240,92.68790033701192,0.3775941978732581,0.6223740759478227,0.00011559357299734135,5.90772139185916e-05,3.90960982093987e-05
2241,92.72926039963443,0.379409134313662,0.6205586298450817,0.00011559357299734135,5.90772139185916e-05,3.90960982093987e-05
2242,92.77062046225691,0.3812403126820221,0.6187269104998614,0.00011559357299734135,5.90772139185916e-05,3.90960982093987e-05
2243,92.81198052487942,0.38308655009333425,0.616880104784626,0.00011559357299734135,5.90772139185916e-05,3.90960982093987e-05
2244,92.85334058750192,0.3849467256750946,0.6150193378900342,0.00011559357299734135,5.90772139185916e-05,3.90960982093987e-05
2245,92.8947006501244,0.3868197716130674,0.6131456822681717,0.00011559357299734135,5.90772139185916e-05,3.90960982093987e-05
2246,92.9360607127469,0.3887046626876638,0.6112601680768451,0.00011559357299734135,5.90772139185916e-05,3.90960982093987e-05
2247,92.9774207753694,0.3906004047142059,0.6093637947120716,0.00011559357299734135,5.90772139185916e-05,3.90960982093987e-05
2248,93.0187808379919,0.3925060223301385,0.6074575429852209,0.00011559357299734135,5.90772139185916e-05,3.90960982093987e-05
2249,93.06014090061437,0.39442054658837133,0.6055423874863438,0.00011559357299734135,5.90772139185916e-05,3.90960982093987e-05
2250,93.10150096323689,0.3963430028163562,0.6036193086739426,0.00011559357299734135,5.90772139185916e-05,3.90960982093987e-05
2251,93.14286102585937,0.398272399186549,0.6016893042468979,0.00011559357299734135,5.90772139185916e-05,3.90960982093987e-05
2252,93.18422108848188,0.40020771641422254,0.5997533993827594,0.00011559357299734135,5.90772139185916e-05,3.90960982093987e-05
2253,93.22558115110436,0.4021478989564497,0.5978126554700699,0.00011559357299734135,5.90772139185916e-05,3.90960982093987e-05
2254,93.26694121372685,0.4040918480310267,0.5958681770169059,0.00011559357299734135,5.90772139185916e-05,3.90960982093987e-05
2255,93.30830127634935,0.4060384167094392,0.5939211164831264,0.00011559357299734135,5.90772139185916e-05,3.90960982093987e-05
2256,93.34966133897186,0.4079864072655156,0.5919726768556859,0.00011559357299734135,5.90772139185916e-05,3.90960982093987e-05
2257,93.39102140159436,0.40993457088424956,0.5900241118644121,0.00011559357299734135,5.90772139185916e-05,3.90960982093987e-05
2258,93.43238146421683,0.4118816097556721,0.5880767238148147,0.00011559357299734135,5.90772139185916e-05,3.90960982093987e-05
2259,93.47374152683935,0.4138261814999937,0.5861318590932499,0.00011559357299734135,5.90772139185916e-05,3.90960982093987e-05
2260,93.51510158946184,0.41576690579463665,0.5841909014749822,0.00011559357299734135,5.90772139185916e-05,3.90960982093987e-05
2261,93.55646165208434,0.4177023730049804,0.5822552634354081,0.00011559357299734135,5.90772139185916e-05,3.90960982093987e-05
2262,93.59782171470682,0.4196311545588616,0.5803263757249711,0.00011559357299734135,5.90772139185916e-05,3.90960982093987e-05
2263,93.63918177732931,0.42155181475438913,0.5784056755199295,0.00011559357299734135,5.90772139185916e-05,3.90960982093987e-05
2264,93.68054183995181,0.42346292365059235,0.5764945935000454,0.00011559357299734135,5.90772139185916e-05,3.90960982093987e-05
2265,93.72190190257432,0.4253630706634632,0.5745945402315383,0.00011559357299734135,5.90772139185916e-05,3.90960982093987e-05
2266,93.7632619651968,0.4272508784754741,0.5727068922477733,0.00011559357299734135,5.90772139185916e-05,3.90960982093987e-05
2267,93.80462202781929,0.4291250168648954,0.5708329782216497,0.00011559357299734135,5.90772139185916e-05,3.90960982093987e-05
2268,93.84598209044181,0.43098421607188825,0.5689740656127837,0.00011559357299734135,5.90772139185916e-05,3.90960982093987e-05
2269,93.8873421530643,0.4328272793400223,0.5671313481505603,0.00011559357299734135,5.90772139185916e-05,3.90960982093987e-05
2270,93.92870221568677,0.4346530943040404,0.5653059344820257,0.00011559357299734135,5.90772139185916e-05,3.90960982093987e-05
2271,93.97006227830929,0.4364606429349494,0.563498838272734,0.00011559357299734135,5.90772139185916e-05,3.90960982093987e-05
2272,94.01142234093177,0.43824900980099574,0.5617109700013012,0.00011559357299734135,5.90772139185916e-05,3.90960982093987e-05
2273,94.05278240355427,0.4400173884555552,0.5599431306355613,0.00011559357299734135,5.90772139185916e-05,3.90960982093987e-05
2274,94.09414246617678,0.4417650858186246,0.5581960073225264,0.00011559357299734135,5.90772139185916e-05,3.90960982093987e-05
2275,94.13550252879926,0.4434915244760455,0.5564701711667844,0.00011559357299734135,5.90772139185916e-05,3.90960982093987e-05
2276,94.17686259142175,0.4451962428773855,0.5547660771150362,0.00011559357299734135,5.90772139185916e-05,3.90960982093987e-05
2277,94.21822265404425,0.446878893468997,0.5530840659088228,0.00011559357299734135,5.90772139185916e-05,3.90960982093987e-05
2278,94.25958271666676,0.4485392388508102,0.5514243680156319,0.00011559357299734135,5.90772139185916e-05,3.90960982093987e-05
2279,94.30094277928923,0.45017714609330706,0.5497871094002671,0.00011559357299734135,5.90772139185916e-05,3.90960982093987e-05
2280,94.34230284191175,0.45179257939377926,0.5481723189563353,0.00011559357299734135,5.90772139185916e-05,3.90960982093987e-05
2281,94.38366290453423,0.4533855912871499,0.5465799373808459,0.00011559357299734135,5.90772139185916e-05,3.90960982093987e-05
2282,94.42502296715674,0.45495631265675934,0.5450098272458149,0.00011559357299734135,5.90772139185916e-05,3.90960982093987e-05
2283,94.46638302977924,0.45650494181257084,0.5434617839978688,0.00011559357299734135,5.90772139185916e-05,3.90960982093987e-05
2284,94.50774309240172,0.45803173291984023,0.5419355476019826,0.00011559357299734135,5.90772139185916e-05,3.90960982093987e-05
2285,94.54910315502421,0.45953698406897064,0.5404308145378757,0.00011559357299734135,5.90772139185916e-05,3.90960982093987e-05
2286,94.59046321764671,0.46102102527755834,0.5389472498570969,0.00011559357299734135,5.90772139185916e-05,3.90960982093987e-05
2287,94.63182328026922,0.46248420670917817,0.537484499015896,0.00011559357299734135,5.90772139185916e-05,3.90960982093987e-05
2288,94.67318334289169,0.4639268873797893,0.5360421992123084,0.00011559357299734135,5.90772139185916e-05,3.90960982093987e-05
2289,94.71454340551419,0.46534942460317796,0.5346199899760085,0.00011559357299734135,5.90772139185916e-05,3.90960982093987e-05
2290,94.7559034681367,0.4667521644011506,0.53321752278465,0.00011559357299734135,5.90772139185916e-05,3.90960982093987e-05
2291,94.7972635307592,0.46813543307409916,0.5318344695113478,0.00011559357299734135,5.90772139185916e-05,3.90960982093987e-05
2292,94.83862359338168,0.4694995300928054,0.5304705295422596,0.00011559357299734135,5.90772139185916e-05,3.90960982093987e-05
2293,94.87998365600419,0.47084472243432596,0.5291254354415335,0.00011559357299734135,5.90772139185916e-05,3.90960982093987e-05
2294,94.92134371862667,0.47217124044480085,0.5277989570811058,0.00011559357299734135,5.90772139185916e-05,3.90960982093987e-05
2295,94.96270378124917,0.4734792752699181,0.5264909041947435,0.00011559357299734135,5.90772139185916e-05,3.90960982093987e-05
2296,95.00406384387168,0.47476897785203037,0.5252011273578386,0.00011559357299734135,5.90772139185916e-05,3.90960982093987e-05
2297,95.04542390649415,0.47604045945135937,0.5239295174356695,0.00011559357299734135,5.90772139185916e-05,3.90960982093987e-05
2298,95.08678396911665,0.47729379360916974,0.5226760035830562,0.00011559357299734135,5.90772139185916e-05,3.90960982093987e-05
2299,95.12814403173915,0.47852901943388537,0.5214405499145166,0.00011559357299734135,5.90772139185916e-05,3.90960982093987e-05
2300,95.16950409436166,0.4797461460580728,0.520223150997946,0.00011559357299734135,5.90772139185916e-05,3.90960982093987e-05
2301,95.21086415698413,0.4809451580853835,0.5190238263530549,0.00011559357299734135,5.90772139185916e-05,3.90960982093987e-05
2302,95.25222421960663,0.4821260218232927,0.5178426141592771,0.00011559357299734135,5.90772139185916e-05,3.90960982093987e-05
2303,95.29358428222913,0.4832886920802576,0.5166795643957109,0.00011559357299734135,5.90772139185916e-05,3.90960982093987e-05
2304,95.33494434485164,0.48443311929404625,0.515534731646365,0.00011559357299734135,5.90772139185916e-05,3.90960982093987e-05
2305,95.37630440747412,0.4855592567540093,0.5144081678093388,0.00011559357299734135,5.90772139185916e-05,3.90960982093987e-05
2306,95.41766447009661,0.48666706768115175,0.51329991494655,0.00011559357299734135,5.90772139185916e-05,3.90960982093987e-05
2307,95.45902453271911,0.4877565319383599,0.5122099985026194,0.00011559357299734135,5.90772139185916e-05,3.90960982093987e-05
2308,95.50038459534161,0.488827652157029,0.5111384211077276,0.00011559357299734135,5.90772139185916e-05,3.90960982093987e-05
2309,95.54174465796409,0.4898804590857972,0.5100851571594888,0.00011559357299734135,5.90772139185916e-05,3.90960982093987e-05
2310,95.58310472058659,0.4909150159914971,0.5090501483549352,0.00011559357299734135,5.90772139185916e-05,3.90960982093987e-05
2311,95.62446478320909,0.4919314219706039,0.5080333003152585,0.00011559357299734135,5.90772139185916e-05,3.90960982093987e-05
2312,95.6658248458316,0.4929298140608367,0.5070344804146699,0.00011559357299734135,5.90772139185916e-05,3.90960982093987e-05
2313,95.70718490845407,0.493910368076346,0.5060535168909024,0.00011559357299734135,5.90772139185916e-05,3.90960982093987e-05
2314,95.74854497107658,0.4948732981249172,0.5050901992801691,0.00011559357299734135,5.90772139185916e-05,3.90960982093987e-05
2315,95.78990503369907,0.49581885480085747,0.5041442801834842,0.00011559357299734135,5.90772139185916e-05,3.90960982093987e-05
2316,95.83126509632157,0.49674732208258066,0.5032154783363584,0.00011559357299734135,5.90772139185916e-05,3.90960982093987e-05
2317,95.87262515894407,0.49765901299779336,0.5023034829197054,0.00011559357299734135,5.90772139185916e-05,3.90960982093987e-05
2318,95.91398522156655,0.49855426415126747,0.501407959017432,0.00011559357299734135,5.90772139185916e-05,3.90960982093987e-05
2319,95.95534528418905,0.49943342924011935,0.5005285540962925,0.00011559357299734135,5.90772139185916e-05,3.90960982093987e-05
2320,95.99670534681155,0.5002968717084902,0.4996649053564063,0.00011559357299734135,5.90772139185916e-05,3.90960982093987e-05
2321,96.03806540943405,0.5011449567168768,0.4988166477769544,0.00011559357299734135,5.90772139185916e-05,3.90960982093987e-05
2322,96.07942547205653,0.5019780426217361,0.4979834226616016,0.00011559357299734135,5.90772139185916e-05,3.90960982093987e-05
2323,96.12078553467904,0.5027964721765148,0.49716488647155055,0.00011559357299734135,5.90772139185916e-05,3.90960982093987e-05
2324,96.16214559730153,0.5036005636773678,0.4963607197227758,0.00011559357299734135,5.90772139185916e-05,3.90960982093987e-05
2325,96.203505659924,0.5043906022835503,0.49557063571603427,0.00011559357299734135,5.90772139185916e-05,3.90960982093987e-05
2326,96.24486572254654,0.5051668317453117,0.49479438886609517,0.00011559357299734135,5.90772139185916e-05,3.90960982093987e-05
2327,96.28622578516901,0.5059294467690008,0.4940317823985366,0.00011559357299734135,5.90772139185916e-05,3.90960982093987e-05
2328,96.32758584779151,0.5066785862418913,0.4932826751907475,0.00011559357299734135,5.90772139185916e-05,3.90960982093987e-05
2329,96.36894591041401,0.5074143275255144,0.49254698754583753,0.00011559357299734135,5.90772139185916e-05,3.90960982093987e-05
2330,96.41030597303651,0.5081366820085368,0.4918247057072875,0.00011559357299734135,5.90772139185916e-05,3.90960982093987e-05
2331,96.45166603565899,0.5088455920858879,0.49111588494526043,0.00011559357299734135,5.90772139185916e-05,3.90960982093987e-05
2332,96.4930260982815,0.5095409297024003,0.49042065107478316,0.00011559357299734135,5.90772139185916e-05,3.90960982093987e-05
2333,96.53438616090399,0.5102224965652934,0.4897392002994479,0.00011559357299734135,5.90772139185916e-05,3.90960982093987e-05
2334,96.57574622352647,0.5108900260919722,0.48907179731262995,0.00011559357299734135,5.90772139185916e-05,3.90960982093987e-05
2335,96.617106286149,0.5115431871179411,0.4884187716299285,0.00011559357299734135,5.90772139185916e-05,3.90960982093987e-05
2336,96.65846634877147,0.5121815893452963,0.4877805121710441,0.00011559357299734135,5.90772139185916e-05,3.90960982093987e-05
2337,96.69982641139397,0.512804790466193,0.48715746015587624,0.00011559357299734135,5.90772139185916e-05,3.90960982093987e-05
2338,96.74118647401647,0.5134123048493027,0.4865501004261463,0.00011559357299734135,5.90772139185916e-05,3.90960982093987e-05
2339,96.78254653663897,0.514003613631565,0.48595895135004075,0.00011559357299734135,5.90772139185916e-05,3.90960982093987e-05
2340,96.82390659926145,0.5145781760143892,0.4853845535107812,0.00011559357299734135,5.90772139185916e-05,3.90960982093987e-05
2341,96.86526666188395,0.515135441524053,0.48482745742008354,0.00011559357299734135,5.90772139185916e-05,3.90960982093987e-05
2342,96.90662672450645,0.5156748629618114,0.48428821053181376,0.00011559357299734135,5.90772139185916e-05,3.90960982093987e-05
2343,96.94798678712893,0.5161959097414411,0.48376734385913794,0.00011559357299734135,5.90772139185916e-05,3.90960982093987e-05
2344,96.98934684975144,0.5166980812924443,0.48326535851903146,0.00011559357299734135,5.90772139185916e-05,3.90960982093987e-05
2345,97.03070691237393,0.5171809201955202,0.4827827125389889,0.00011559357299734135,5.90772139185916e-05,3.90960982093987e-05
2346,97.07206697499643,0.5176440247151896,0.48231980826314513,0.00011559357299734135,5.90772139185916e-05,3.90960982093987e-05
2347,97.11342703761893,0.5180870604025881,0.4818769806872362,0.00011559357299734135,5.90772139185916e-05,3.90960982093987e-05
2348,97.15478710024144,0.518509770458766,0.48145448703400795,0.00011559357299734135,5.90772139185916e-05,3.90960982093987e-05
2349,97.19614716286391,0.5189119845764709,0.48105249785358595,0.00011559357299734135,5.90772139185916e-05,3.90960982093987e-05
2350,97.23750722548641,0.519293626014252,0.48067108989698093,0.00011559357299734135,5.90772139185916e-05,3.90960982093987e-05
2351,97.27886728810891,0.5196547167009714,0.4803102409666727,0.00011559357299734135,5.90772139185916e-05,3.90960982093987e-05
2352,97.32022735073139,0.5199953802197513,0.47996982689707124,0.00011559357299734135,5.90772139185916e-05,3.90960982093987e-05
2353,97.36158741335389,0.5203158425764025,0.4796496207611799,0.00011559357299734135,5.90772139185916e-05,3.90960982093987e-05
2354,97.40294747597639,0.5206164307173168,0.47934929433965756,0.00011559357299734135,5.90772139185916e-05,3.90960982093987e-05
2355,97.44430753859889,0.5208975688232915,0.47906842182648657,0.00011559357299734135,5.90772139185916e-05,3.90960982093987e-05
2356,97.4856676012214,0.5211597724673592,0.47880648568352774,0.00011559357299734135,5.90772139185916e-05,3.90960982093987e-05
2357,97.52702766384387,0.5214036407840938,0.4785628844964162,0.00011559357299734135,5.90772139185916e-05,3.90960982093987e-05
2358,97.56838772646637,0.5216298468532625,0.478336942628191,0.00011559357299734135,5.90772139185916e-05,3.90960982093987e-05
2359,97.60974778908887,0.5218391265506419,0.4781279214171407,0.00011559357299734135,5.90772139185916e-05,3.90960982093987e-05
2360,97.65110785171137,0.5220322661607791,0.4779350316225644,0.00011559357299734135,5.90772139185916e-05,3.90960982093987e-05
2361,97.69246791433385,0.5222100890799876,0.4777574467884431,0.00011559357299734135,5.90772139185916e-05,3.90960982093987e-05
2362,97.73382797695635,0.5223734419609753,0.4775943171718422,0.00011559357299734135,5.90772139185916e-05,3.90960982093987e-05
2363,97.77518803957885,0.5225231806626551,0.47744478386997835,0.00011559357299734135,5.90772139185916e-05,3.90960982093987e-05
2364,97.81654810220135,0.5226601563694474,0.4773079927796211,0.00011559357299734135,5.90772139185916e-05,3.90960982093987e-05
2365,97.85790816482383,0.5227852022331015,0.47718310803303454,0.00011559357299734135,5.90772139185916e-05,3.90960982093987e-05
2366,97.89926822744633,0.5228991208680648,0.47706932457727186,0.00011559357299734135,5.90772139185916e-05,3.90960982093987e-05
2367,97.94062829006883,0.5230026729980213,0.4769658795966493,0.00011559357299734135,5.90772139185916e-05,3.90960982093987e-05
2368,97.9819883526913,0.5230965675090766,0.4768720625208752,0.00011559357299734135,5.90772139185916e-05,3.90960982093987e-05
2369,98.02334841531383,0.5231814531144775,0.47678722341191604,0.00011559357299734135,5.90772139185916e-05,3.90960982093987e-05
2370,98.0647084779363,0.5232579117792363,0.4767107795796513,0.00011559357299734135,5.90772139185916e-05,3.90960982093987e-05
2371,98.10606854055881,0.5233264539928185,0.4766422203368602,0.00011559357299734135,5.90772139185916e-05,3.90960982093987e-05
2372,98.14742860318131,0.5233875159158884,0.4765811098667007,0.00011559357299734135,5.90772139185916e-05,3.90960982093987e-05
2373,98.18878866580378,0.523441458365859,0.4765270882373234,0.00011559357299734135,5.90772139185916e-05,3.90960982093987e-05
2374,98.23014872842629,0.5234885675484571,0.4764798706567982,0.00011559357299734135,5.90772139185916e-05,3.90960982093987e-05
2375,98.27150879104879,0.5235290573892953,0.47643924511432195,0.00011559357299734135,5.90772139185916e-05,3.90960982093987e-05
2376,98.31286885367129,0.5235630732749509,0.47640506859939397,0.00011559357299734135,5.90772139185916e-05,3.90960982093987e-05
2377,98.35422891629376,0.5235906969767352,0.4763772621269865,0.00011559357299734135,5.90772139185916e-05,3.90960982093987e-05
2378,98.3955889789163,0.5236119525045985,0.4763558048226152,0.00011559357299734135,5.90772139185916e-05,3.90960982093987e-05
2379,98.43694904153877,0.5236268126242843,0.47634072733649263,0.00011559357299734135,5.90772139185916e-05,3.90960982093987e-05
2380,98.47830910416127,0.5236352057671437,0.4763321048589305,0.00011559357299734135,5.90772139185916e-05,3.90960982093987e-05
2381,98.51966916678377,0.5236370230699958,0.4763300500021752,0.00011559357299734135,5.90772139185916e-05,3.90960982093987e-05
2382,98.56102922940624,0.5236321253002529,0.4763347057956856,0.00011559357299734135,5.90772139185916e-05,3.90960982093987e-05
2383,98.60238929202875,0.5236203494483813,0.476346239014911,0.00011559357299734135,5.90772139185916e-05,3.90960982093987e-05
2384,98.64374935465125,0.5236015148039636,0.4763648340294955,0.00011559357299734135,5.90772139185916e-05,3.90960982093987e-05
2385,98.68510941727375,0.5235754283716966,0.47639068731692635,0.00011559357299734135,5.90772139185916e-05,3.90960982093987e-05
2386,98.72646947989622,0.5235418895258903,0.4764240027441605,0.00011559357299734135,5.90772139185916e-05,3.90960982093987e-05
2387,98.76782954251875,0.523500693847161,0.47646498767586193,0.00011559357299734135,5.90772139185916e-05,3.90960982093987e-05
2388,98.80918960514123,0.5234516361273107,0.4765138499238983,0.00011559357299734135,5.90772139185916e-05,3.90960982093987e-05
2389,98.85054966776372,0.5233945125688608,0.4765707955126114,0.00011559357299734135,5.90772139185916e-05,3.90960982093987e-05
2390,98.89190973038623,0.5233291222410924,0.4766360271987732,0.00011559357299734135,5.90772139185916e-05,3.90960982093987e-05
2391,98.9332697930087,0.5232552678832373,0.4767097436552671,0.00011559357299734135,5.90772139185916e-05,3.90960982093987e-05
2392,98.9746298556312,0.5231727561677446,0.47679213920585983,0.00011559357299734135,5.90772139185916e-05,3.90960982093987e-05
2393,99.01598991825371,0.5230813975502563,0.47688340398349405,0.00011559357299734135,5.90772139185916e-05,3.90960982093987e-05
2394,99.05734998087621,0.5229810058392281,0.4769837243784893,0.00011559357299734135,5.90772139185916e-05,3.90960982093987e-05
2395,99.09871004349868,0.5228713976167886,0.47709328364408926,0.00011559357299734135,5.90772139185916e-05,3.90960982093987e-05
2396,99.1400701061212,0.5227523916337476,0.4772122625348604,0.00011559357299734135,5.90772139185916e-05,3.90960982093987e-05
2397,99.18143016874369,0.5226238082879356,0.477340839867564,0.00011559357299734135,5.90772139185916e-05,3.90960982093987e-05
2398,99.22279023136618,0.5224854692763997,0.477479192912379,0.00011559357299734135,5.90772139185916e-05,3.90960982093987e-05
2399,99.26415029398869,0.5223371974905494,0.4776274975436872,0.00011559357299734135,5.90772139185916e-05,3.90960982093987e-05
2400,99.30551035661117,0.5221788172009616,0.47778592810224485,0.00011559357299734135,5.90772139185916e-05,3.90960982093987e-05
2401,99.34687041923367,0.522010154556228,0.4779546569429546,0.00011559357299734135,5.90772139185916e-05,3.90960982093987e-05
2402,99.38823048185617,0.5218310383995918,0.4781338536628296,0.00011559357299734135,5.90772139185916e-05,3.90960982093987e-05
2403,99.42959054447867,0.5216413013899371,0.47832368402166775,0.00011559357299734135,5.90772139185916e-05,3.90960982093987e-05
2404,99.47095060710114,0.5214407813997836,0.4785243085816277,0.00011559357299734135,5.90772139185916e-05,3.90960982093987e-05
2405,99.51231066972365,0.5212293231536785,0.47873588110129023,0.00011559357299734135,5.90772139185916e-05,3.90960982093987e-05
2406,99.55367073234615,0.5210067800660471,0.4789585467249912,0.00011559357299734135,5.90772139185916e-05,3.90960982093987e-05
2407,99.59503079496862,0.5207730162365789,0.47919244000839795,0.00011559357299734135,5.90772139185916e-05,3.90960982093987e-05
2408,99.63639085759115,0.5205279085652346,0.4794376828185009,0.00011559357299734135,5.90772139185916e-05,3.90960982093987e-05
2409,99.67775092021363,0.5202713489549601,0.47969438213985827,0.00011559357299734135,5.90772139185916e-05,3.90960982093987e-05
2410,99.71911098283613,0.5200032465781805,0.4799626278110954,0.00011559357299734135,5.90772139185916e-05,3.90960982093987e-05
2411,99.76047104545863,0.5197235301923904,0.48024249020714105,0.00011559357299734135,5.90772139185916e-05,3.90960982093987e-05
2412,99.80183110808113,0.5194321504976374,0.48053401787442884,0.00011559357299734135,5.90772139185916e-05,3.90960982093987e-05
2413,99.8431911707036,0.5191290825357273,0.480837235120462,0.00011559357299734135,5.90772139185916e-05,3.90960982093987e-05
2414,99.8845512333261,0.5188143281340152,0.48115213955527814,0.00011559357299734135,5.90772139185916e-05,3.90960982093987e-05
2415,99.92591129594861,0.5184879183970397,0.4814786995825307,0.00011559357299734135,5.90772139185916e-05,3.90960982093987e-05
2416,99.96727135857108,0.5181499162451337,0.4818168518419582,0.00011559357299734135,5.90772139185916e-05,3.90960982093987e-05
2417,100.00863142119358,0.5178004189910662,0.48216649861298233,0.00011559357299734135,5.90772139185916e-05,3.90960982093987e-05
2418,100.04999148381609,0.5174395609338468,0.48252750520116366,0.00011559357299734135,5.90772139185916e-05,3.90960982093987e-05
2419,100.09135154643859,0.5170675159336631,0.482899697344519,0.00011559357299734135,5.90772139185916e-05,3.90960982093987e-05
2420,100.13271160906109,0.5166844999141956,0.48328285869397447,0.00011559357299734135,5.90772139185916e-05,3.90960982093987e-05
2421,100.17407167168356,0.5162907732200673,0.48367672844107995,0.00011559357299734135,5.90772139185916e-05,3.90960982093987e-05
2422,100.21543173430607,0.5158866427386832,0.48408099918423114,0.00011559357299734135,5.90772139185916e-05,3.90960982093987e-05
2423,100.25679179692857,0.5154724636790242,0.48449531514126676,0.00011559357299734135,5.90772139185916e-05,3.90960982093987e-05
2424,100.29815185955107,0.5150486408866551,0.4849192708296695,0.00011559357299734135,5.90772139185916e-05,3.90960982093987e-05
2425,100.33951192217354,0.5146156295654489,0.485352410343988,0.00011559357299734135,5.90772139185916e-05,3.90960982093987e-05
2426,100.38087198479604,0.5141739352738519,0.4857942273629026,0.00011559357299734135,5.90772139185916e-05,3.90960982093987e-05
2427,100.42223204741855,0.5137241130673041,0.4862441660140605,0.00011559357299734135,5.90772139185916e-05,3.90960982093987e-05
2428,100.46359211004105,0.5132667656703289,0.48670162271331757,0.00011559357299734135,5.90772139185916e-05,3.90960982093987e-05
2429,100.50495217266352,0.5128025405805043,0.48716594907553346,0.00011559357299734135,5.90772139185916e-05,3.90960982093987e-05
2430,100.54631223528602,0.5123321260334448,0.4876364559678456,0.00011559357299734135,5.90772139185916e-05,3.90960982093987e-05
2431,100.58767229790853,0.5118562457905365,0.4881124187425872,0.00011559357299734135,5.90772139185916e-05,3.90960982093987e-05
2432,100.62903236053101,0.5113756527504575,0.4885930836487373,0.00011559357299734135,5.90772139185916e-05,3.90960982093987e-05
2433,100.67039242315353,0.5108911214278077,0.4890776753775253,0.00011559357299734135,5.90772139185916e-05,3.90960982093987e-05
2434,100.711752485776,0.5104034393874971,0.4895654056528469,0.00011559357299734135,5.90772139185916e-05,3.90960982093987e-05
2435,100.7531125483985,0.5099133977688566,0.49005548273184685,0.00011559357299734135,5.90772139185916e-05,3.90960982093987e-05
2436,100.794472611021,0.509421781076885,0.4905471216371729,0.00011559357299734135,5.90772139185916e-05,3.90960982093987e-05
2437,100.8358326736435,0.5089293564579325,0.491039554903047,0.00011559357299734135,5.90772139185916e-05,3.90960982093987e-05
2438,100.87719273626598,0.5084368627105923,0.4915320435832429,0.00011559357299734135,5.90772139185916e-05,3.90960982093987e-05
2439,100.91855279888848,0.5079449993090235,0.49202388824345955,0.00011559357299734135,5.90772139185916e-05,3.90960982093987e-05
2440,100.95991286151099,0.5074544157324609,0.4925144396431713,0.00011559357299734135,5.90772139185916e-05,3.90960982093987e-05
2441,101.00127292413347,0.5069657014016204,0.49300310880596016,0.00011559357299734135,5.90772139185916e-05,3.90960982093987e-05
2442,101.04263298675599,0.5064793765184847,0.49348937618156363,0.00011559357299734135,5.90772139185916e-05,3.90960982093987e-05
2443,101.08399304937846,0.5059958840901392,0.49397279961829943,0.00011559357299734135,5.90772139185916e-05,3.90960982093987e-05
2444,101.12535311200095,0.5055155833914305,0.494453020891269,0.00011559357299734135,5.90772139185916e-05,3.90960982093987e-05
2445,101.16671317462347,0.5050387450843091,0.4949297705684115,0.00011559357299734135,5.90772139185916e-05,3.90960982093987e-05
2446,101.20807323724596,0.5045655481662832,0.4954028710422713,0.00011559357299734135,5.90772139185916e-05,3.90960982093987e-05
2447,101.24943329986844,0.5040960788668872,0.495872237608796,0.00011559357299734135,5.90772139185916e-05,3.90960982093987e-05
2448,101.29079336249094,0.5036303315522569,0.49633787753385616,0.00011559357299734135,5.90772139185916e-05,3.90960982093987e-05
2449,101.33215342511345,0.5031682116347032,0.49679988711105255,0.00011559357299734135,5.90772139185916e-05,3.90960982093987e-05
2450,101.37351348773593,0.50270954041992,0.49725844677911385,0.00011559357299734135,5.90772139185916e-05,3.90960982093987e-05
2451,101.41487355035845,0.5022540617604683,0.49771381443115614,0.00011559357299734135,5.90772139185916e-05,3.90960982093987e-05
2452,101.45623361298092,0.5018014503231985,0.49816631710916437,0.00011559357299734135,5.90772139185916e-05,3.90960982093987e-05
2453,101.49759367560341,0.501351321222306,0.4986163413328287,0.00011559357299734135,5.90772139185916e-05,3.90960982093987e-05
2454,101.53895373822593,0.500903240721046,0.4990643223611571,0.00011559357299734135,5.90772139185916e-05,3.90960982093987e-05
2455,101.5803138008484,0.5004567376648822,0.4995107327247182,0.00011559357299734135,5.90772139185916e-05,3.90960982093987e-05
2456,101.6216738634709,0.5000113152796141,0.4999560703962551,0.00011559357299734135,5.90772139185916e-05,3.90960982093987e-05
2457,101.6630339260934,0.49956646294999807,0.500400846984872,0.00011559357299734135,5.90772139185916e-05,3.90960982093987e-05
2458,101.7043939887159,0.49912166758923593,0.500845576344273,0.00011559357299734135,5.90772139185916e-05,3.90960982093987e-05
2459,101.7457540513384,0.4986764242176111,0.5012907639775322,0.00011559357299734135,5.90772139185916e-05,3.90960982093987e-05
2460,101.78711411396088,0.49823024538933475,0.5017368975995927,0.00011559357299734135,5.90772139185916e-05,3.90960982093987e-05
2461,101.82847417658338,0.4977826691409281,0.5021844391847692,0.00011559357299734135,5.90772139185916e-05,3.90960982093987e-05
2462,101.86983423920587,0.49733326518010335,0.5026338187802906,0.00011559357299734135,5.90772139185916e-05,3.90960982093987e-05
2463,101.91119430182839,0.49688163909121685,0.5030854303097158,0.00011559357299734135,5.90772139185916e-05,3.90960982093987e-05
2464,101.95255436445086,0.49642743439952797,0.5035396295238885,0.00011559357299734135,5.90772139185916e-05,3.90960982093987e-05
2465,101.99391442707336,0.4959703324100568,0.5039967341833472,0.00011559357299734135,5.90772139185916e-05,3.90960982093987e-05
2466,102.03527448969587,0.4955100498150699,0.5044570264770437,0.00011559357299734135,5.90772139185916e-05,3.90960982093987e-05
2467,102.07663455231837,0.4950463341457082,0.504920757602007,0.00011559357299734135,5.90772139185916e-05,3.90960982093987e-05
2468,102.11799461494084,0.494578957222907,0.5053881543471171,0.00011559357299734135,5.90772139185916e-05,3.90960982093987e-05
2469,102.15935467756334,0.4941077068406188,0.5058594274475192,0.00011559357299734135,5.90772139185916e-05,3.90960982093987e-05
2470,102.20071474018584,0.49363237698477974,0.5063347814051425,0.00011559357299734135,5.90772139185916e-05,3.90960982093987e-05
2471,102.24207480280833,0.4931527569534832,0.5068144254086279,0.00011559357299734135,5.90772139185916e-05,3.90960982093987e-05
2472,102.28343486543085,0.49266861979416776,0.5072985849359591,0.00011559357299734135,5.90772139185916e-05,3.90960982093987e-05
2473,102.32479492805332,0.49217971051012793,0.5077875135862734,0.00011559357299734135,5.90772139185916e-05,3.90960982093987e-05
2474,102.36615499067582,0.4916857345101077,0.5082815046662127,0.00011559357299734135,5.90772139185916e-05,3.90960982093987e-05
2475,102.40751505329833,0.49118634677921064,0.5087809020515722,0.00011559357299734135,5.90772139185916e-05,3.90960982093987e-05
2476,102.44887511592081,0.49068114223730847,0.5092861098571073,0.00011559357299734135,5.90772139185916e-05,3.90960982093987e-05
2477,102.4902351785433,0.49016964772218,0.5097976004767936,0.00011559357299734135,5.90772139185916e-05,3.90960982093987e-05
2478,102.5315952411658,0.48965131598967715,0.5103159206013848,0.00011559357299734135,5.90772139185916e-05,3.90960982093987e-05
2479,102.5729553037883,0.48912552206432774,0.5108416948796298,0.00011559357299734135,5.90772139185916e-05,3.90960982093987e-05
2480,102.61431536641079,0.48859156220254746,0.5113756269605372,0.00011559357299734135,5.90772139185916e-05,3.90960982093987e-05
2481,102.65567542903328,0.48804865565012306,0.5119184977351885,0.00011559357299734135,5.90772139185916e-05,3.90960982093987e-05
2482,102.69703549165578,0.487495949288461,0.5124711606832424,0.00011559357299734135,5.90772139185916e-05,3.90960982093987e-05
2483,102.73839555427828,0.4869325251741979,0.5130345343201828,0.00011559357299734135,5.90772139185916e-05,3.90960982093987e-05
2484,102.77975561690079,0.48635741088635287,0.5136095918312661,0.00011559357299734135,5.90772139185916e-05,3.90960982093987e-05
2485,102.82111567952327,0.485769592508737,0.5141973480650492,0.00011559357299734135,5.90772139185916e-05,3.90960982093987e-05
2486,102.86247574214576,0.48516802999468106,0.5147988441400841,0.00011559357299734135,5.90772139185916e-05,3.90960982093987e-05
2487,102.90383580476826,0.48455167458971576,0.5154151299898779,0.00011559357299734135,5.90772139185916e-05,3.90960982093987e-05
2488,102.94519586739077,0.4839194879273352,0.5160472452318433,0.00011559357299734135,5.90772139185916e-05,3.90960982093987e-05
2489,102.98655593001325,0.4832704623652403,0.5166961987938522,0.00011559357299734135,5.90772139185916e-05,3.90960982093987e-05
2490,103.02791599263574,0.4826036420953658,0.5173629477658125,0.00011559357299734135,5.90772139185916e-05,3.90960982093987e-05
2491,103.06927605525824,0.4819181445414809,0.5180483759637619,0.00011559357299734135,5.90772139185916e-05,3.90960982093987e-05
2492,103.11063611788073,0.481213181552554,0.51875327269904,0.00011559357299734135,5.90772139185916e-05,3.90960982093987e-05
2493,103.15199618050323,0.48048807990832515,0.5194783122370696,0.00011559357299734135,5.90772139185916e-05,3.90960982093987e-05
2494,103.19335624312572,0.47974230067471635,0.5202240344091893,0.00011559357299734135,5.90772139185916e-05,3.90960982093987e-05
2495,103.23471630574822,0.47897545697897503,0.5209908268082305,0.00011559357299734135,5.90772139185916e-05,3.90960982093987e-05
2496,103.27607636837071,0.4781873298168184,0.5217789089564474,0.00011559357299734135,5.90772139185916e-05,3.90960982093987e-05
2497,103.31743643099323,0.47737788155430105,0.5225883187837487,0.00011559357299734135,5.90772139185916e-05,3.90960982093987e-05
2498,103.35879649361571,0.47654726684339777,0.5234189016976081,0.00011559357299734135,5.90772139185916e-05,3.90960982093987e-05
2499,103.4001565562382,0.4756958407312401,0.5242703024651871,0.00011559357299734135,5.90772139185916e-05,3.90960982093987e-05
2500,103.4415166188607,0.4748241638056401,0.5251419600651269,0.00011559357299734135,5.90772139185916e-05,3.90960982093987e-05
2501,103.48287668148319,0.47393300428317753,0.5260331056030833,0.00011559357299734135,5.90772139185916e-05,3.90960982093987e-05
2502,103.52423674410569,0.473023337007788,0.52694276332263,0.00011559357299734135,5.90772139185916e-05,3.90960982093987e-05
2503,103.56559680672818,0.4720963393871655,0.5278697546842294,0.00011559357299734135,5.90772139185916e-05,3.90960982093987e-05
2504,103.60695686935068,0.47115338434905213,0.5288127054297508,0.00011559357299734135,5.90772139185916e-05,3.90960982093987e-05
2505,103.64831693197317,0.4701960304488044,0.5297700555006029,0.00011559357299734135,5.90772139185916e-05,3.90960982093987e-05
2506,103.68967699459569,0.4692260093030666,0.5307400716341912,0.00011559357299734135,5.90772139185916e-05,3.90960982093987e-05
2507,103.73103705721816,0.4682452105604641,0.5317208624267605,0.00011559357299734135,5.90772139185916e-05,3.90960982093987e-05
2508,103.77239711984065,0.4672556646498091,0.5327103956216986,0.00011559357299734135,5.90772139185916e-05,3.90960982093987e-05
2509,103.81375718246316,0.4662595235683844,0.5337065173597335,0.00011559357299734135,5.90772139185916e-05,3.90960982093987e-05
2510,103.85511724508565,0.46525903998819274,0.5347069731120029,0.00011559357299734135,5.90772139185916e-05,3.90960982093987e-05
2511,103.89647730770815,0.46425654496782154,0.535709430007984,0.00011559357299734135,5.90772139185916e-05,3.90960982093987e-05
2512,103.93783737033064,0.4632544245610103,0.5367115002659381,0.00011559357299734135,5.90772139185916e-05,3.90960982093987e-05
2513,103.97919743295314,0.4622550956127981,0.5377107654341532,0.00011559357299734135,5.90772139185916e-05,3.90960982093987e-05
2514,104.02055749557563,0.46126098103054153,0.5387048011552188,0.00011559357299734135,5.90772139185916e-05,3.90960982093987e-05
2515,104.06191755819815,0.4602744848107936,0.5396912021712635,0.00011559357299734135,5.90772139185916e-05,3.90960982093987e-05
2516,104.10327762082062,0.4592979670964406,0.5406676072954358,0.00011559357299734135,5.90772139185916e-05,3.90960982093987e-05
2517,104.14463768344311,0.4583337195308931,0.5416317240820943,0.00011559357299734135,5.90772139185916e-05,3.90960982093987e-05
2518,104.18599774606562,0.45738394116990777,0.542581352934821,0.00011559357299734135,5.90772139185916e-05,3.90960982093987e-05
2519,104.22735780868811,0.45645071520570896,0.5435144103971549,0.00011559357299734135,5.90772139185916e-05,3.90960982093987e-05
2520,104.2687178713106,0.4555359867540885,0.5444289513753071,0.00011559357299734135,5.90772139185916e-05,3.90960982093987e-05
2521,104.3100779339331,0.4546415419515493,0.5453231900454074,0.00011559357299734135,5.90772139185916e-05,3.90960982093987e-05
2522,104.3514379965556,0.45376898860730985,0.5461955192007726,0.00011559357299734135,5.90772139185916e-05,3.90960982093987e-05
2523,104.39279805917809,0.4529197386517183,0.5470445277973325,0.00011559357299734135,5.90772139185916e-05,3.90960982093987e-05
2524,104.43415812180059,0.45209499261898367,0.5478690164598459,0.00011559357299734135,5.90772139185916e-05,3.90960982093987e-05
2525,104.47551818442308,0.45129572639540755,0.5486680107177305,0.00011559357299734135,5.90772139185916e-05,3.90960982093987e-05
2526,104.51687824704557,0.4505226804544512,0.5494407717495612,0.00011559357299734135,5.90772139185916e-05,3.90960982093987e-05
2527,104.55823830966808,0.44977635178506303,0.5501868044302661,0.00011559357299734135,5.90772139185916e-05,3.90960982093987e-05
2528,104.59959837229057,0.4490569886990927,0.5509058624956734,0.00011559357299734135,5.90772139185916e-05,3.90960982093987e-05
2529,104.64095843491306,0.4483645886761022,0.551597950666703,0.00011559357299734135,5.90772139185916e-05,3.90960982093987e-05
2530,104.68231849753556,0.44769889936951535,0.5522633236096076,0.00011559357299734135,5.90772139185916e-05,3.90960982093987e-05
2531,104.72367856015806,0.4470594228565603,0.5529024816510397,0.00011559357299734135,5.90772139185916e-05,3.90960982093987e-05
2532,104.76503862278055,0.4464454231657419,0.553516163214271,0.00011559357299734135,5.90772139185916e-05,3.90960982093987e-05
2533,104.80639868540304,0.4458559370618204,0.5541053339979036,0.00011559357299734135,5.90772139185916e-05,3.90960982093987e-05
2534,104.84775874802554,0.44528978800883545,0.5546711729767548,0.00011559357299734135,5.90772139185916e-05,3.90960982093987e-05
2535,104.88911881064803,0.4447456031707689,0.5552150553667374,0.00011559357299734135,5.90772139185916e-05,3.90960982093987e-05
2536,104.93047887327054,0.44422183324582404,0.5557385327577178,0.00011559357299734135,5.90772139185916e-05,3.90960982093987e-05
2537,104.97183893589303,0.4437167748696735,0.5562433106803627,0.00011559357299734135,5.90772139185916e-05,3.90960982093987e-05
2538,105.01319899851552,0.44322859526439756,0.5567312239304921,0.00011559357299734135,5.90772139185916e-05,3.90960982093987e-05
2539,105.05455906113802,0.4427553587575248,0.5572042100271314,0.00011559357299734135,5.90772139185916e-05,3.90960982093987e-05
2540,105.09591912376051,0.4422950547504727,0.5576642812253464,0.00011559357299734135,5.90772139185916e-05,3.90960982093987e-05
2541,105.13727918638301,0.44184562668000515,0.5581134955408358,0.00011559357299734135,5.90772139185916e-05,3.90960982093987e-05
2542,105.1786392490055,0.4414050014903397,0.5585539272682306,0.00011559357299734135,5.90772139185916e-05,3.90960982093987e-05
2543,105.219999311628,0.4409711191197984,0.5589876374897899,0.00011559357299734135,5.90772139185916e-05,3.90960982093987e-05
2544,105.26135937425049,0.4405419615027394,0.5594166450731954,0.00011559357299734135,5.90772139185916e-05,3.90960982093987e-05
2545,105.30271943687299,0.4401155805963335,0.5598428986489751,0.00011559357299734135,5.90772139185916e-05,3.90960982093987e-05
2546,105.34407949949548,0.43969012496098275,0.5602682500377836,0.00011559357299734135,5.90772139185916e-05,3.90960982093987e-05
2547,105.38543956211798,0.4392638644528712,0.5606944295690828,0.00011559357299734135,5.90772139185916e-05,3.90960982093987e-05
2548,105.42679962474047,0.4388352126246801,0.5611230236941777,0.00011559357299734135,5.90772139185916e-05,3.90960982093987e-05
2549,105.46815968736297,0.43840274647586475,0.561555455251472,0.00011559357299734135,5.90772139185916e-05,3.90960982093987e-05
2550,105.50951974998547,0.4379652232445858,0.5619929666912235,0.00011559357299734135,5.90772139185916e-05,3.90960982093987e-05
2551,105.55087981260796,0.4375215939882967,0.5624366065120601,0.00011559357299734135,5.90772139185916e-05,3.90960982093987e-05
2552,105.59223987523046,0.4370710137572369,0.5628872191038208,0.00011559357299734135,5.90772139185916e-05,3.90960982093987e-05
2553,105.63359993785295,0.43661284822419727,0.5633454381331631,0.00011559357299734135,5.90772139185916e-05,3.90960982093987e-05
2554,105.67496000047545,0.4361466766925303,0.5638116835489252,0.00011559357299734135,5.90772139185916e-05,3.90960982093987e-05
2555,105.71632006309794,0.4356722914629798,0.5642861622264546,0.00011559357299734135,5.90772139185916e-05,3.90960982093987e-05
2556,105.75768012572043,0.43518969359632403,0.5647688722131019,0.00011559357299734135,5.90772139185916e-05,3.90960982093987e-05
2557,105.79904018834293,0.4346990851644359,0.5652596104824655,0.00011559357299734135,5.90772139185916e-05,3.90960982093987e-05
2558,105.84040025096543,0.4342008581347,0.5657579840521476,0.00011559357299734135,5.90772139185916e-05,3.90960982093987e-05
2559,105.88176031358792,0.43369558008366865,0.5662634242691821,0.00011559357299734135,5.90772139185916e-05,3.90960982093987e-05
2560,105.9231203762104,0.43318397698379046,0.5667752040196075,0.00011559357299734135,5.90772139185916e-05,3.90960982093987e-05
2561,105.96448043883292,0.4326669133526446,0.5672924575732299,0.00011559357299734135,5.90772139185916e-05,3.90960982093987e-05
2562,106.00584050145541,0.4321453700968522,0.5678142027318716,0.00011559357299734135,5.90772139185916e-05,3.90960982093987e-05
2563,106.04720056407791,0.4316204204223264,0.5683393649099502,0.00011559357299734135,5.90772139185916e-05,3.90960982093987e-05
2564,106.0885606267004,0.4310932042188547,0.56886680274054,0.00011559357299734135,5.90772139185916e-05,3.90960982093987e-05
2565,106.12992068932289,0.4305649013584453,0.5693953347677976,0.00011559357299734135,5.90772139185916e-05,3.90960982093987e-05
2566,106.17128075194539,0.43003670437392383,0.5699237667604601,0.00011559357299734135,5.90772139185916e-05,3.90960982093987e-05
2567,106.21264081456789,0.429509791004887,0.5704509191599999,0.00011559357299734135,5.90772139185916e-05,3.90960982093987e-05
2568,106.25400087719038,0.4289852971118586,0.5709756541632627,0.00011559357299734135,5.90772139185916e-05,3.90960982093987e-05
2569,106.29536093981287,0.42846429046512985,0.5714969019340128,0.00011559357299734135,5.90772139185916e-05,3.90960982093987e-05
2570,106.33672100243538,0.4279477459111484,0.572013685440963,0.00011559357299734135,5.90772139185916e-05,3.90960982093987e-05
2571,106.37808106505787,0.42743652240553376,0.572525143433612,0.00011559357299734135,5.90772139185916e-05,3.90960982093987e-05
2572,106.41944112768034,0.42693134237747826,0.5730305510915628,0.00011559357299734135,5.90772139185916e-05,3.90960982093987e-05
2573,106.46080119030286,0.4264327738543695,0.5735293379185199,0.00011559357299734135,5.90772139185916e-05,3.90960982093987e-05
2574,106.50216125292535,0.4259412157285976,0.5740211024988796,0.00011559357299734135,5.90772139185916e-05,3.90960982093987e-05
2575,106.54352131554785,0.42545688649054464,0.5745056237927164,0.00011559357299734135,5.90772139185916e-05,3.90960982093987e-05
2576,106.58488137817035,0.42497981668392887,0.5749828687124658,0.00011559357299734135,5.90772139185916e-05,3.90960982093987e-05
2577,106.62624144079284,0.42450984526307334,0.5754529958011639,0.00011559357299734135,5.90772139185916e-05,3.90960982093987e-05
2578,106.66760150341533,0.4240466199480725,0.575916354915399,0.00011559357299734135,5.90772139185916e-05,3.90960982093987e-05
2579,106.70896156603783,0.42358960158557735,0.5763734829043515,0.00011559357299734135,5.90772139185916e-05,3.90960982093987e-05
2580,106.75032162866033,0.4231380724324046,0.5768250953666942,0.00011559357299734135,5.90772139185916e-05,3.90960982093987e-05
2581,106.7916816912828,0.4226911481888511,0.5772720746572677,0.00011559357299734135,5.90772139185916e-05,3.90960982093987e-05
2582,106.83304175390532,0.4222477935218374,0.5777154544023233,0.00011559357299734135,5.90772139185916e-05,3.90960982093987e-05
2583,106.87440181652781,0.42180684073700725,0.5781564008630165,0.00011559357299734135,5.90772139185916e-05,3.90960982093987e-05
2584,106.91576187915031,0.42136701118656705,0.5785961915593762,0.00011559357299734135,5.90772139185916e-05,3.90960982093987e-05
2585,106.9571219417728,0.4209269389381017,0.5790361916281218,0.00011559357299734135,5.90772139185916e-05,3.90960982093987e-05
2586,106.9984820043953,0.4204851961813948,0.5794778284369206,0.00011559357299734135,5.90772139185916e-05,3.90960982093987e-05
2587,107.03984206701779,0.4200403198154813,0.5799225650117257,0.00011559357299734135,5.90772139185916e-05,3.90960982093987e-05
2588,107.08120212964029,0.4195908386393172,0.5803718728531996,0.00011559357299734135,5.90772139185916e-05,3.90960982093987e-05
2589,107.12256219226279,0.41913530056569787,0.5808272047226949,0.00011559357299734135,5.90772139185916e-05,3.90960982093987e-05
2590,107.16392225488526,0.41867229928933547,0.5812899679660729,0.00011559357299734135,5.90772139185916e-05,3.90960982093987e-05
2591,107.20528231750778,0.4182004998661551,0.5817614989190075,0.00011559357299734135,5.90772139185916e-05,3.90960982093987e-05
2592,107.24664238013027,0.41771866269946256,0.5822430388979473,0.00011559357299734135,5.90772139185916e-05,3.90960982093987e-05
2593,107.28800244275277,0.417225665479223,0.5827357122314835,0.00011559357299734135,5.90772139185916e-05,3.90960982093987e-05
2594,107.32936250537526,0.4167205226800078,0.5832405067268951,0.00011559357299734135,5.90772139185916e-05,3.90960982093987e-05
2595,107.37072256799775,0.4162024022901404,0.5837582569005705,0.00011559357299734135,5.90772139185916e-05,3.90960982093987e-05
2596,107.41208263062025,0.41567063951611954,0.5842896302292101,0.00011559357299734135,5.90772139185916e-05,3.90960982093987e-05
2597,107.45344269324275,0.4151247472803339,0.5848351166049829,0.00011559357299734135,5.90772139185916e-05,3.90960982093987e-05
2598,107.49480275586524,0.41456442340469035,0.5853950211033316,0.00011559357299734135,5.90772139185916e-05,3.90960982093987e-05
2599,107.53616281848772,0.41398955444533975,0.5859694600995495,0.00011559357299734135,5.90772139185916e-05,3.90960982093987e-05
2600,107.57752288111024,0.41340021621297796,0.5865583607009764,0.00011559357299734135,5.90772139185916e-05,3.90960982093987e-05
2601,107.61888294373273,0.41279667107736717,0.5871614633974833,0.00011559357299734135,5.90772139185916e-05,3.90960982093987e-05
2602,107.66024300635523,0.41217936221277596,0.5877783277745807,0.00011559357299734135,5.90772139185916e-05,3.90960982093987e-05
2603,107.70160306897772,0.41154890499194796,0.5884083410827173,0.00011559357299734135,5.90772139185916e-05,3.90960982093987e-05
2604,107.7429631316002,0.41090607577963584,0.5890507294125864,0.00011559357299734135,5.90772139185916e-05,3.90960982093987e-05
2605,107.78432319422271,0.4102517984118304,0.5897045711908445,0.00011559357299734135,5.90772139185916e-05,3.90960982093987e-05
2606,107.82568325684521,0.40958712867431024,0.5903688126832388,0.00011559357299734135,5.90772139185916e-05,3.90960982093987e-05
2607,107.8670433194677,0.40891323711346056,0.5910422851723934,0.00011559357299734135,5.90772139185916e-05,3.90960982093987e-05
2608,107.90840338209019,0.4082313905240697,0.5917237234653089,0.00011559357299734135,5.90772139185916e-05,3.90960982093987e-05
2609,107.94976344471269,0.40754293246371426,0.5924117853810403,0.00011559357299734135,5.90772139185916e-05,3.90960982093987e-05
2610,107.99112350733519,0.4068492631414335,0.5931050718701231,0.00011559357299734135,5.90772139185916e-05,3.90960982093987e-05
2611,108.03248356995766,0.406151819020708,0.5938021474251716,0.00011559357299734135,5.90772139185916e-05,3.90960982093987e-05
2612,108.07384363258016,0.40545205246373067,0.5945015604546335,0.00011559357299734135,5.90772139185916e-05,3.90960982093987e-05
2613,108.11520369520267,0.40475141172658236,0.5952018633093449,0.00011559357299734135,5.90772139185916e-05,3.90960982093987e-05
2614,108.15656375782517,0.4040513215933633,0.5959016316725518,0.00011559357299734135,5.90772139185916e-05,3.90960982093987e-05
2615,108.19792382044767,0.4033531649127871,0.5965994830487944,0.00011559357299734135,5.90772139185916e-05,3.90960982093987e-05
2616,108.23928388307016,0.40265826527368975,0.5972940941139846,0.00011559357299734135,5.90772139185916e-05,3.90960982093987e-05
2617,108.28064394569265,0.40196787102686266,0.5979842167182248,0.00011559357299734135,5.90772139185916e-05,3.90960982093987e-05
2618,108.32200400831515,0.401283140830511,0.5986686923631078,0.00011559357299734135,5.90772139185916e-05,3.90960982093987e-05
2619,108.36336407093765,0.4006051308656029,0.599346465006126,0.00011559357299734135,5.90772139185916e-05,3.90960982093987e-05
2620,108.40472413356012,0.3999347838365012,0.6000165920761079,0.00011559357299734135,5.90772139185916e-05,3.90960982093987e-05
2621,108.44608419618262,0.39927291984179375,0.6006782536145046,0.00011559357299734135,5.90772139185916e-05,3.90960982093987e-05
2622,108.48744425880513,0.3986202291704224,0.6013307594866742,0.00011559357299734135,5.90772139185916e-05,3.90960982093987e-05
2623,108.52880432142763,0.3979772670499297,0.6019735546364651,0.00011559357299734135,5.90772139185916e-05,3.90960982093987e-05
2624,108.5701643840501,0.3973444503470166,0.602606222384096,0.00011559357299734135,5.90772139185916e-05,3.90960982093987e-05
2625,108.61152444667262,0.3967220561958051,0.6032284857919671,0.00011559357299734135,5.90772139185916e-05,3.90960982093987e-05
2626,108.6528845092951,0.39611022250667427,0.6038402071464694,0.00011559357299734135,5.90772139185916e-05,3.90960982093987e-05
2627,108.69424457191761,0.3955089502882759,0.6044413856233799,0.00011559357299734135,5.90772139185916e-05,3.90960982093987e-05
2628,108.73560463454011,0.3949181076976029,0.6050321532232859,0.00011559357299734135,5.90772139185916e-05,3.90960982093987e-05
2629,108.77696469716258,0.39433743571725344,0.6056127690784574,0.00011559357299734135,5.90772139185916e-05,3.90960982093987e-05
2630,108.81832475978509,0.3937665553460808,0.606183612246073,0.00011559357299734135,5.90772139185916e-05,3.90960982093987e-05
2631,108.85968482240759,0.3932049761780899,0.6067451731138768,0.00011559357299734135,5.90772139185916e-05,3.90960982093987e-05
2632,108.90104488503009,0.39265210623552477,0.6072980435532813,0.00011559357299734135,5.90772139185916e-05,3.90960982093987e-05
2633,108.94240494765256,0.3921072629143647,0.6078429059623868,0.00011559357299734135,5.90772139185916e-05,3.90960982093987e-05
2634,108.98376501027508,0.3915696848947856,0.6083805213473401,0.00011559357299734135,5.90772139185916e-05,3.90960982093987e-05
2635,109.02512507289757,0.3910385448639682,0.6089117165947628,0.00011559357299734135,5.90772139185916e-05,3.90960982093987e-05
2636,109.06648513552004,0.39051296289523907,0.6094373710922634,0.00011559357299734135,5.90772139185916e-05,3.90960982093987e-05
2637,109.10784519814256,0.3899920203241349,0.609958402855942,0.00011559357299734135,5.90772139185916e-05,3.90960982093987e-05
2638,109.14920526076504,0.38947477395978414,0.610475754326968,0.00011559357299734135,5.90772139185916e-05,3.90960982093987e-05
2639,109.19056532338755,0.388960270468189,0.6109903780001958,0.00011559357299734135,5.90772139185916e-05,3.90960982093987e-05
2640,109.23192538601005,0.3884475607625163,0.6115032220494021,0.00011559357299734135,5.90772139185916e-05,3.90960982093987e-05
2641,109.27328544863255,0.3879357142350114,0.6120152161139543,0.00011559357299734135,5.90772139185916e-05,3.90960982093987e-05
2642,109.31464551125502,0.38742383266487024,0.6125272574117159,0.00011559357299734135,5.90772139185916e-05,3.90960982093987e-05
2643,109.35600557387752,0.3869110636376434,0.6130401973420929,0.00011559357299734135,5.90772139185916e-05,3.90960982093987e-05
2644,109.39736563650003,0.38639661331333447,0.6135548287408256,0.00011559357299734135,5.90772139185916e-05,3.90960982093987e-05
2645,109.4387256991225,0.38587975838421357,0.614071873945006,0.00011559357299734135,5.90772139185916e-05,3.90960982093987e-05
2646,109.48008576174502,0.3853598570678707,0.6145919738212796,0.00011559357299734135,5.90772139185916e-05,3.90960982093987e-05
2647,109.5214458243675,0.3848363589887339,0.6151156779039293,0.00011559357299734135,5.90772139185916e-05,3.90960982093987e-05
2648,109.56280588699,0.38430881380981813,0.6156434357795593,0.00011559357299734135,5.90772139185916e-05,3.90960982093987e-05
2649,109.60416594961251,0.3837768784885625,0.6161755898443599,0.00011559357299734135,5.90772139185916e-05,3.90960982093987e-05
2650,109.645526012235,0.38324032304461114,0.6167123695452724,0.00011559357299734135,5.90772139185916e-05,3.90960982093987e-05
2651,109.68688607485748,0.3826990347442929,0.6172538872002076,0.00011559357299734135,5.90772139185916e-05,3.90960982093987e-05
2652,109.72824613747999,0.3821530206258086,0.6178001354728174,0.00011559357299734135,5.90772139185916e-05,3.90960982093987e-05
2653,109.76960620010249,0.3816024083112283,0.6183509865559349,0.00011559357299734135,5.90772139185916e-05,3.90960982093987e-05
2654,109.81096626272496,0.38104744507535104,0.6189061930938227,0.00011559357299734135,5.90772139185916e-05,3.90960982093987e-05
2655,109.85232632534748,0.3804884951674547,0.6194653908473269,0.00011559357299734135,5.90772139185916e-05,3.90960982093987e-05
2656,109.89368638796996,0.3799260354094093,0.6200281030791479,0.00011559357299734135,5.90772139185916e-05,3.90960982093987e-05
2657,109.93504645059247,0.37936064912198947,0.6205937466079966,0.00011559357299734135,5.90772139185916e-05,3.90960982093987e-05
2658,109.97640651321497,0.37879301845964547,0.6211616394518603,0.00011559357299734135,5.90772139185916e-05,3.90960982093987e-05
2659,110.01776657583744,0.37822391526249455,0.6217310099527975,0.00011559357299734135,5.90772139185916e-05,3.90960982093987e-05
2660,110.05912663845994,0.3776541905612029,0.6223010072481837,0.00011559357299734135,5.90772139185916e-05,3.90960982093987e-05
2661,110.10048670108245,0.3770847628959346,0.62287071292796,0.00011559357299734135,5.90772139185916e-05,3.90960982093987e-05
2662,110.14184676370495,0.37651660563355593,0.6234391536947456,0.00011559357299734135,5.90772139185916e-05,3.90960982093987e-05
2663,110.18320682632742,0.3759507334870021,0.6240053148236001,0.00011559357299734135,5.90772139185916e-05,3.90960982093987e-05
2664,110.22456688894992,0.3753881884568388,0.624568154201801,0.00011559357299734135,5.90772139185916e-05,3.90960982093987e-05
2665,110.26592695157242,0.3748300254271582,0.625126616717426,0.00011559357299734135,5.90772139185916e-05,3.90960982093987e-05
2666,110.30728701419493,0.3742772976551332,0.625679648757662,0.00011559357299734135,5.90772139185916e-05,3.90960982093987e-05
2667,110.34864707681743,0.3737310423961212,0.6262262125750675,0.00011559357299734135,5.90772139185916e-05,3.90960982093987e-05
2668,110.3900071394399,0.3731922669037727,0.6267653002829707,0.00011559357299734135,5.90772139185916e-05,3.90960982093987e-05
2669,110.4313672020624,0.3726619350368567,0.6272959472476353,0.00011559357299734135,5.90772139185916e-05,3.90960982093987e-05
2670,110.4727272646849,0.3721409546924104,0.627817244658211,0.00011559357299734135,5.90772139185916e-05,3.90960982093987e-05
2671,110.51408732730741,0.37163016626746137,0.6283283510713735,0.00011559357299734135,5.90772139185916e-05,3.90960982093987e-05
2672,110.55544738992988,0.37113033233057724,0.6288285027494589,0.00011559357299734135,5.90772139185916e-05,3.90960982093987e-05
2673,110.59680745255238,0.3706421286594758,0.6293170226352226,0.00011559357299734135,5.90772139185916e-05,3.90960982093987e-05
2674,110.63816751517489,0.37016613677299254,0.6297933278347483,0.00011559357299734135,5.90772139185916e-05,3.90960982093987e-05
2675,110.67952757779736,0.36970283805532744,0.6302569355096863,0.00011559357299734135,5.90772139185916e-05,3.90960982093987e-05
2676,110.72088764041986,0.36925260953886785,0.6307074671124583,0.00011559357299734135,5.90772139185916e-05,3.90960982093987e-05
2677,110.76224770304236,0.3688157213790939,0.6311446509299733,0.00011559357299734135,5.90772139185916e-05,3.90960982093987e-05
2678,110.80360776566486,0.36839233602301785,0.631568322934496,0.00011559357299734135,5.90772139185916e-05,3.90960982093987e-05
2679,110.84496782828737,0.36798250904083274,0.631978425970876,0.00011559357299734135,5.90772139185916e-05,3.90960982093987e-05
2680,110.88632789090987,0.3675861915611745,0.6323750073399597,0.00011559357299734135,5.90772139185916e-05,3.90960982093987e-05
2681,110.92768795353234,0.36720323422299755,0.6327582148644676,0.00011559357299734135,5.90772139185916e-05,3.90960982093987e-05
2682,110.96904801615484,0.3668333925331521,0.6331282915483348,0.00011559357299734135,5.90772139185916e-05,3.90960982093987e-05
2683,111.01040807877735,0.36647633349801967,0.6334855689603845,0.00011559357299734135,5.90772139185916e-05,3.90960982093987e-05
2684,111.05176814139982,0.36613164338139204,0.6338304594908115,0.00011559357299734135,5.90772139185916e-05,3.90960982093987e-05
2685,111.09312820402232,0.36579883642780286,0.6341634476403424,0.00011559357299734135,5.90772139185916e-05,3.90960982093987e-05
2686,111.13448826664482,0.3654773643826715,0.6344850805113094,0.00011559357299734135,5.90772139185916e-05,3.90960982093987e-05
2687,111.17584832926732,0.3651666266358806,0.6347959576734696,0.00011559357299734135,5.90772139185916e-05,3.90960982093987e-05
2688,111.2172083918898,0.36486598081512045,0.6350967205786058,0.00011559357299734135,5.90772139185916e-05,3.90960982093987e-05
2689,111.25856845451231,0.3645747536578772,0.6353880416948529,0.00011559357299734135,5.90772139185916e-05,3.90960982093987e-05
2690,111.2999285171348,0.36429225199645104,0.6356706135264284,0.00011559357299734135,5.90772139185916e-05,3.90960982093987e-05
2691,111.3412885797573,0.3640177736981525,0.6359451376763291,0.00011559357299734135,5.90772139185916e-05,3.90960982093987e-05
2692,111.3826486423798,0.3637506184124609,0.6362123141008991,0.00011559357299734135,5.90772139185916e-05,3.90960982093987e-05
2693,111.42400870500228,0.3634900979867058,0.6364728306939201,0.00011559357299734135,5.90772139185916e-05,3.90960982093987e-05
2694,111.46536876762478,0.36323554642329065,0.6367273533276502,0.00011559357299734135,5.90772139185916e-05,3.90960982093987e-05
2695,111.50672883024728,0.36298632926191965,0.6369765164672916,0.00011559357299734135,5.90772139185916e-05,3.90960982093987e-05
2696,111.54808889286979,0.362741852280775,0.6372209144648632,0.00011559357299734135,5.90772139185916e-05,3.90960982093987e-05
2697,111.58944895549226,0.3625015694203481,0.6374610936287909,0.00011559357299734135,5.90772139185916e-05,3.90960982093987e-05
2698,111.63080901811476,0.3622649898427867,0.6376975451564183,0.00011559357299734135,5.90772139185916e-05,3.90960982093987e-05
2699,111.67216908073726,0.36203168404788444,0.637930699008576,0.00011559357299734135,5.90772139185916e-05,3.90960982093987e-05
2700,111.71352914335974,0.3618012889748808,0.6381609187968142,0.00011559357299734135,5.90772139185916e-05,3.90960982093987e-05
2701,111.75488920598227,0.361573512026985,0.6383884977466724,0.00011559357299734135,5.90772139185916e-05,3.90960982093987e-05
2702,111.79624926860474,0.36134813396385945,0.6386136557921673,0.00011559357299734135,5.90772139185916e-05,3.90960982093987e-05
2703,111.83760933122724,0.36112501061576985,0.6388365378476504,0.00011559357299734135,5.90772139185916e-05,3.90960982093987e-05
2704,111.87896939384974,0.3609040733836971,0.6390572132932696,0.00011559357299734135,5.90772139185916e-05,3.90960982093987e-05
2705,111.92032945647225,0.3606853285010692,0.639275676698534,0.00011559357299734135,5.90772139185916e-05,3.90960982093987e-05
2706,111.96168951909472,0.36046885504690857,0.6394918497946874,0.00011559357299734135,5.90772139185916e-05,3.90960982093987e-05
2707,112.00304958171722,0.36025480171598934,0.6397055846902375,0.00011559357299734135,5.90772139185916e-05,3.90960982093987e-05
2708,112.04440964433972,0.3600433823704712,0.6399166683059534,0.00011559357299734135,5.90772139185916e-05,3.90960982093987e-05
2709,112.0857697069622,0.35983487041780066,0.6401248279844927,0.00011559357299734135,5.90772139185916e-05,3.90960982093987e-05
2710,112.12712976958473,0.359629592082756,0.6403297382072579,0.00011559357299734135,5.90772139185916e-05,3.90960982093987e-05
2711,112.1684898322072,0.35942791866542606,0.6405310283266292,0.00011559357299734135,5.90772139185916e-05,3.90960982093987e-05
2712,112.2098498948297,0.3592302579022552,0.6407282911970277,0.00011559357299734135,5.90772139185916e-05,3.90960982093987e-05
2713,112.2512099574522,0.3590370445720317,0.6409210925625696,0.00011559357299734135,5.90772139185916e-05,3.90960982093987e-05
2714,112.29257002007468,0.35884873051279315,0.6411089810358015,0.00011559357299734135,5.90772139185916e-05,3.90960982093987e-05
2715,112.33393008269718,0.35866577423766965,0.6412914984790637,0.00011559357299734135,5.90772139185916e-05,3.90960982093987e-05
2716,112.37529014531968,0.3584886303565286,0.6414681905819098,0.00011559357299734135,5.90772139185916e-05,3.90960982093987e-05
2717,112.41665020794218,0.35831773902492237,0.6416386174126549,0.00011559357299734135,5.90772139185916e-05,3.90960982093987e-05
2718,112.45801027056466,0.3581535156517058,0.6418023637126987,0.00011559357299734135,5.90772139185916e-05,3.90960982093987e-05
2719,112.49937033318719,0.3579963411002236,0.6419590486984094,0.00011559357299734135,5.90772139185916e-05,3.90960982093987e-05
2720,112.54073039580966,0.3578465526154133,0.642108335138097,0.00011559357299734135,5.90772139185916e-05,3.90960982093987e-05
2721,112.58209045843216,0.357704435699452,0.642249937481218,0.00011559357299734135,5.90772139185916e-05,3.90960982093987e-05
2722,112.62345052105466,0.357570217141989,0.642383628833612,0.00011559357299734135,5.90772139185916e-05,3.90960982093987e-05
2723,112.66481058367714,0.3574440593876844,0.6425092465958526,0.00011559357299734135,5.90772139185916e-05,3.90960982093987e-05
2724,112.70617064629964,0.3573260563939467,0.6426266966120189,0.00011559357299734135,5.90772139185916e-05,3.90960982093987e-05
2725,112.74753070892214,0.3572162310963926,0.6427359557110134,0.00011559357299734135,5.90772139185916e-05,3.90960982093987e-05
2726,112.78889077154464,0.3571145345596308,0.6428370725631393,0.00011559357299734135,5.90772139185916e-05,3.90960982093987e-05
2727,112.83025083416712,0.35702084684744145,0.6429301668179412,0.00011559357299734135,5.90772139185916e-05,3.90960982093987e-05
2728,112.87161089678962,0.3569349796009057,0.6430154265349476,0.00011559357299734135,5.90772139185916e-05,3.90960982093987e-05
2729,112.91297095941212,0.3568566802668155,0.6430931039652721,0.00011559357299734135,5.90772139185916e-05,3.90960982093987e-05
2730,112.95433102203461,0.3567856378734174,0.6431635097871804,0.00011559357299734135,5.90772139185916e-05,3.90960982093987e-05
2731,112.99569108465712,0.356721490207489,0.6432270059420605,0.00011559357299734135,5.90772139185916e-05,3.90960982093987e-05
2732,113.0370511472796,0.3566638322076319,0.6432839972560407,0.00011559357299734135,5.90772139185916e-05,3.90960982093987e-05
2733,113.0784112099021,0.35661222535449777,0.6433349220667572,0.00011559357299734135,5.90772139185916e-05,3.90960982093987e-05
2734,113.1197712725246,0.3565662078107517,0.6433802421025437,0.00011559357299734135,5.90772139185916e-05,3.90960982093987e-05
2735,113.1611313351471,0.35652530504288016,0.6434204318820604,0.00011559357299734135,5.90772139185916e-05,3.90960982093987e-05
2736,113.20249139776958,0.356489040643769,0.6434559679149705,0.00011559357299734135,5.90772139185916e-05,3.90960982093987e-05
2737,113.24385146039208,0.35645694707045916,0.6434873179892797,0.00011559357299734135,5.90772139185916e-05,3.90960982093987e-05
2738,113.28521152301458,0.3564285760148881,0.6435149308268747,0.00011559357299734135,5.90772139185916e-05,3.90960982093987e-05
2739,113.32657158563707,0.3564035081373386,0.643539226376874,0.00011559357299734135,5.90772139185916e-05,3.90960982093987e-05
2740,113.36793164825956,0.356381361911966,0.6435605869966112,0.00011559357299734135,5.90772139185916e-05,3.90960982093987e-05
2741,113.40929171088206,0.356361801360778,0.6435793497430188,0.00011559357299734135,5.90772139185916e-05,3.90960982093987e-05
2742,113.45065177350456,0.35634454248564634,0.6435957999635641,0.00011559357299734135,5.90772139185916e-05,3.90960982093987e-05
2743,113.49201183612706,0.3563293582467029,0.6436101663375238,0.00011559357299734135,5.90772139185916e-05,3.90960982093987e-05
2744,113.53337189874956,0.3563160819780962,0.6436226174751154,0.00011559357299734135,5.90772139185916e-05,3.90960982093987e-05
2745,113.57473196137204,0.35630460917788465,0.6436332601369479,0.00011559357299734135,5.90772139185916e-05,3.90960982093987e-05
2746,113.61609202399454,0.3562948976557007,0.6436421390887965,0.00011559357299734135,5.90772139185916e-05,3.90960982093987e-05
2747,113.65745208661704,0.356286966068859,0.6436492385602919,0.00011559357299734135,5.90772139185916e-05,3.90960982093987e-05
2748,113.69881214923952,0.35628089092312215,0.6436544852307179,0.00011559357299734135,5.90772139185916e-05,3.90960982093987e-05
2749,113.74017221186202,0.3562768021568548,0.6436577526226228,0.00011559357299734135,5.90772139185916e-05,3.90960982093987e-05
2750,113.78153227448452,0.35627487746567177,0.6436588667459539,0.00011559357299734135,5.90772139185916e-05,3.90960982093987e-05
2751,113.82289233710702,0.35627533555791774,0.6436576128028136,0.00011559357299734135,5.90772139185916e-05,3.90960982093987e-05
2752,113.86425239972951,0.3562784285577458,0.6436537427364257,0.00011559357299734135,5.90772139185916e-05,3.90960982093987e-05
2753,113.90561246235202,0.35628443379214914,0.6436469833889611,0.00011559357299734135,5.90772139185916e-05,3.90960982093987e-05
2754,113.9469725249745,0.3562936452100401,0.6436370450211648,0.00011559357299734135,5.90772139185916e-05,3.90960982093987e-05
2755,113.988332587597,0.35630636468516824,0.6436236299437443,0.00011559357299734135,5.90772139185916e-05,3.90960982093987e-05
2756,114.0296926502195,0.3563228934503532,0.6436064410146843,0.00011559357299734135,5.90772139185916e-05,3.90960982093987e-05
2757,114.07105271284198,0.35634352389820667,0.6435851897691479,0.00011559357299734135,5.90772139185916e-05,3.90960982093987e-05
2758,114.11241277546448,0.35636853196430246,0.6435596039681801,0.00011559357299734135,5.90772139185916e-05,3.90960982093987e-05
2759,114.15377283808698,0.35639817028261117,0.6435294343784218,0.00011559357299734135,5.90772139185916e-05,3.90960982093987e-05
2760,114.19513290070948,0.35643266227172554,0.6434944606262746,0.00011559357299734135,5.90772139185916e-05,3.90960982093987e-05
2761,114.23649296333195,0.35647219727463525,0.6434544960056748,0.00011559357299734135,5.90772139185916e-05,3.90960982093987e-05
2762,114.27785302595446,0.35651692683617864,0.6434093911568699,0.00011559357299734135,5.90772139185916e-05,3.90960982093987e-05
2763,114.31921308857696,0.3565669621622709,0.6433590365736072,0.00011559357299734135,5.90772139185916e-05,3.90960982093987e-05
2764,114.36057315119945,0.3566223727647823,0.6433033639356011,0.00011559357299734135,5.90772139185916e-05,3.90960982093987e-05
2765,114.40193321382196,0.3566831862573685,0.6432423463017929,0.00011559357299734135,5.90772139185916e-05,3.90960982093987e-05
2766,114.44329327644444,0.356749389231727,0.6431759972348172,0.00011559357299734135,5.90772139185916e-05,3.90960982093987e-05
2767,114.48465333906694,0.35682092911200436,0.6431043689589333,0.00011559357299734135,5.90772139185916e-05,3.90960982093987e-05
2768,114.52601340168944,0.35689771685843896,0.6430275496792974,0.00011559357299734135,5.90772139185916e-05,3.90960982093987e-05
2769,114.56737346431194,0.35697963037082653,0.6429456602112146,0.00011559357299734135,5.90772139185916e-05,3.90960982093987e-05
2770,114.60873352693442,0.35706651842807746,0.6428588500812047,0.00011559357299734135,5.90772139185916e-05,3.90960982093987e-05
2771,114.65009358955692,0.3571582049931097,0.6427672932694196,0.00011559357299734135,5.90772139185916e-05,3.90960982093987e-05
2772,114.69145365217942,0.35725449371170576,0.6426711837622606,0.00011559357299734135,5.90772139185916e-05,3.90960982093987e-05
2773,114.7328137148019,0.357355172440293,0.642570731078571,0.00011559357299734135,5.90772139185916e-05,3.90960982093987e-05
2774,114.77417377742442,0.3574600176496853,0.6424661559200171,0.00011559357299734135,5.90772139185916e-05,3.90960982093987e-05
2775,114.8155338400469,0.3575687985695601,0.6423576860788524,0.00011559357299734135,5.90772139185916e-05,3.90960982093987e-05
2776,114.8568939026694,0.3576812809601207,0.6422455527146479,0.00011559357299734135,5.90772139185916e-05,3.90960982093987e-05
2777,114.8982539652919,0.3577972304228406,0.6421299870865982,0.00011559357299734135,5.90772139185916e-05,3.90960982093987e-05
2778,114.93961402791439,0.357916415189122,0.6420112178007612,0.00011559357299734135,5.90772139185916e-05,3.90960982093987e-05
2779,114.98097409053688,0.3580386083540613,0.6418894686042064,0.00011559357299734135,5.90772139185916e-05,3.90960982093987e-05
2780,115.02233415315938,0.3581635895501715,0.641764956730631,0.00011559357299734135,5.90772139185916e-05,3.90960982093987e-05
2781,115.06369421578188,0.35829114608200074,0.6416378917760764,0.00011559357299734135,5.90772139185916e-05,3.90960982093987e-05
2782,115.10505427840437,0.3584210735663685,0.641508475060128,0.00011559357299734135,5.90772139185916e-05,3.90960982093987e-05
2783,115.14641434102688,0.3585531761431462,0.6413768994084978,0.00011559357299734135,5.90772139185916e-05,3.90960982093987e-05
2784,115.18777440364936,0.35868726633750647,0.641243349276868,0.00011559357299734135,5.90772139185916e-05,3.90960982093987e-05
2785,115.22913446627186,0.35882316466614433,0.6411080011248902,0.00011559357299734135,5.90772139185916e-05,3.90960982093987e-05
2786,115.27049452889436,0.358960699086465,0.640971023942973,0.00011559357299734135,5.90772139185916e-05,3.90960982093987e-05
2787,115.31185459151683,0.3590997043895869,0.6408325798327675,0.00011559357299734135,5.90772139185916e-05,3.90960982093987e-05
2788,115.35321465413934,0.35924002163484753,0.640692824545918,0.00011559357299734135,5.90772139185916e-05,3.90960982093987e-05
2789,115.39457471676184,0.35938149771627476,0.6405519078923873,0.00011559357299734135,5.90772139185916e-05,3.90960982093987e-05
2790,115.43593477938434,0.35952398514020373,0.6404099739414703,0.00011559357299734135,5.90772139185916e-05,3.90960982093987e-05
2791,115.47729484200683,0.35966734207908707,0.6402671609523934,0.00011559357299734135,5.90772139185916e-05,3.90960982093987e-05
2792,115.51865490462932,0.35981143274965294,0.6401236009878924,0.00011559357299734135,5.90772139185916e-05,3.90960982093987e-05
2793,115.56001496725182,0.3599561281456131,0.6399794191824886,0.00011559357299734135,5.90772139185916e-05,3.90960982093987e-05
2794,115.6013750298743,0.36010130713594657,0.6398347326552755,0.00011559357299734135,5.90772139185916e-05,3.90960982093987e-05
2795,115.64273509249682,0.3602468579209169,0.6396896490760625,0.00011559357299734135,5.90772139185916e-05,3.90960982093987e-05
2796,115.6840951551193,0.36039267981987955,0.6395442649111548,0.00011559357299734135,5.90772139185916e-05,3.90960982093987e-05
2797,115.7254552177418,0.36053868534810757,0.6393986633914988,0.00011559357299734135,5.90772139185916e-05,3.90960982093987e-05
2798,115.7668152803643,0.36068480252507673,0.6392529122602383,0.00011559357299734135,5.90772139185916e-05,3.90960982093987e-05
2799,115.8081753429868,0.36083097734402453,0.6391070613688021,0.00011559357299734135,5.90772139185916e-05,3.90960982093987e-05
2800,115.84953540560927,0.36097717632283693,0.6389611402001718,0.00011559357299734135,5.90772139185916e-05,3.90960982093987e-05
2801,115.89089546823178,0.36112338904894065,0.6388151554047453,0.00011559357299734135,5.90772139185916e-05,3.90960982093987e-05
2802,115.93225553085428,0.3612696306265811,0.6386690884382525,0.00011559357299734135,5.90772139185916e-05,3.90960982093987e-05
2803,115.97361559347677,0.361415943933096,0.6385228933926915,0.00011559357299734135,5.90772139185916e-05,3.90960982093987e-05
2804,116.01497565609927,0.3615624015918134,0.6383764951099783,0.00011559357299734135,5.90772139185916e-05,3.90960982093987e-05
2805,116.05633571872175,0.36170910757248786,0.6382297876646458,0.00011559357299734135,5.90772139185916e-05,3.90960982093987e-05
2806,116.09769578134426,0.3618561983357576,0.6380826332963057,0.00011559357299734135,5.90772139185916e-05,3.90960982093987e-05
2807,116.13905584396676,0.3620038434457582,0.6379348618650271,0.00011559357299734135,5.90772139185916e-05,3.90960982093987e-05
2808,116.18041590658926,0.3621522455843166,0.6377862708936879,0.00011559357299734135,5.90772139185916e-05,3.90960982093987e-05
2809,116.22177596921173,0.3623016399112282,0.6376366262505191,0.00011559357299734135,5.90772139185916e-05,3.90960982093987e-05
2810,116.26313603183424,0.36245229272734103,0.6374856635130459,0.00011559357299734135,5.90772139185916e-05,3.90960982093987e-05
2811,116.30449609445674,0.3626044994110287,0.63733309004171,0.00011559357299734135,5.90772139185916e-05,3.90960982093987e-05
2812,116.34585615707923,0.3627585816131334,0.637178587776632,0.00011559357299734135,5.90772139185916e-05,3.90960982093987e-05
2813,116.38721621970171,0.3629148837113518,0.6370218167564319,0.00011559357299734135,5.90772139185916e-05,3.90960982093987e-05
2814,116.42857628232422,0.3630737685414225,0.6368624193414925,0.00011559357299734135,5.90772139185916e-05,3.90960982093987e-05
2815,116.46993634494672,0.36323561243974145,0.6367000251079843,0.00011559357299734135,5.90772139185916e-05,3.90960982093987e-05
2816,116.5112964075692,0.363400799649506,0.6365342563615457,0.00011559357299734135,5.90772139185916e-05,3.90960982093987e-05
2817,116.5526564701917,0.3635697161602385,0.6363647342024321,0.00011559357299734135,5.90772139185916e-05,3.90960982093987e-05
2818,116.5940165328142,0.36374274306823123,0.6361910850569603,0.00011559357299734135,5.90772139185916e-05,3.90960982093987e-05
2819,116.6353765954367,0.363920249562203,0.6360129475731006,0.00011559357299734135,5.90772139185916e-05,3.90960982093987e-05
2820,116.6767366580592,0.3641025856548216,0.635829979762956,0.00011559357299734135,5.90772139185916e-05,3.90960982093987e-05
2821,116.71809672068169,0.3642900747947738,0.6356418662598817,0.00011559357299734135,5.90772139185916e-05,3.90960982093987e-05
2822,116.75945678330417,0.36448300650690324,0.6354483255464636,0.00011559357299734135,5.90772139185916e-05,3.90960982093987e-05
2823,116.80081684592668,0.3646816292172455,0.635249116999236,0.00011559357299734135,5.90772139185916e-05,3.90960982093987e-05
2824,116.84217690854918,0.36488614342661485,0.6350440475898396,0.00011559357299734135,5.90772139185916e-05,3.90960982093987e-05
2825,116.88353697117167,0.3650966953988389,0.6348329780791558,0.00011559357299734135,5.90772139185916e-05,3.90960982093987e-05
2826,116.92489703379415,0.365313371528482,0.6346158285424509,0.00011559357299734135,5.90772139185916e-05,3.90960982093987e-05
2827,116.96625709641665,0.3655361935465546,0.6343925830689819,0.00011559357299734135,5.90772139185916e-05,3.90960982093987e-05
2828,117.00761715903914,0.3657651147119045,0.6341632934903274,0.00011559357299734135,5.90772139185916e-05,3.90960982093987e-05
2829,117.04897722166166,0.3660000171200534,0.6339280820069743,0.00011559357299734135,5.90772139185916e-05,3.90960982093987e-05
2830,117.09033728428415,0.3662407102407282,0.6336871426027583,0.00011559357299734135,5.90772139185916e-05,3.90960982093987e-05
2831,117.13169734690663,0.3664869307701361,0.6334407411616375,0.00011559357299734135,5.90772139185916e-05,3.90960982093987e-05
2832,117.17305740952914,0.3667383438550618,0.6331892142292606,0.00011559357299734135,5.90772139185916e-05,3.90960982093987e-05
2833,117.21441747215162,0.36699454571371837,0.6329329663944364,0.00011559357299734135,5.90772139185916e-05,3.90960982093987e-05
2834,117.25577753477413,0.3672550676434097,0.6326724662987512,0.00011559357299734135,5.90772139185916e-05,3.90960982093987e-05
2835,117.29713759739661,0.3675193813696357,0.6324082413192369,0.00011559357299734135,5.90772139185916e-05,3.90960982093987e-05
2836,117.33849766001912,0.3677869056547802,0.6321408710036548,0.00011559357299734135,5.90772139185916e-05,3.90960982093987e-05
2837,117.3798577226416,0.36805701404999314,0.6318709793735181,0.00011559357299734135,5.90772139185916e-05,3.90960982093987e-05
2838,117.42121778526412,0.3683290436411244,0.6315992262419331,0.00011559357299734135,5.90772139185916e-05,3.90960982093987e-05
2839,117.46257784788659,0.3686023046103918,0.6313262977224502,0.00011559357299734135,5.90772139185916e-05,3.90960982093987e-05
2840,117.5039379105091,0.36887609041135033,0.631052896129732,0.00011559357299734135,5.90772139185916e-05,3.90960982093987e-05
2841,117.5452979731316,0.3691496883355035,0.6307797294916294,0.00011559357299734135,5.90772139185916e-05,3.90960982093987e-05
2842,117.58665803575408,0.369422390236618,0.6305075009047909,0.00011559357299734135,5.90772139185916e-05,3.90960982093987e-05
2843,117.62801809837659,0.36969350317302874,0.6302368979721135,0.00011559357299734135,5.90772139185916e-05,3.90960982093987e-05
2844,117.66937816099907,0.369962359729804,0.6299685825587916,0.00011559357299734135,5.90772139185916e-05,3.90960982093987e-05
2845,117.71073822362158,0.37022832779090836,0.6297031810952621,0.00011559357299734135,5.90772139185916e-05,3.90960982093987e-05
2846,117.75209828624406,0.37049081954738144,0.629441275640789,0.00011559357299734135,5.90772139185916e-05,3.90960982093987e-05
2847,117.79345834886658,0.370749299548717,0.6291833958991659,0.00011559357299734135,5.90772139185916e-05,3.90960982093987e-05
2848,117.83481841148905,0.3710032916320868,0.6289300123516911,0.00011559357299734135,5.90772139185916e-05,3.90960982093987e-05
2849,117.87617847411154,0.3712523845954349,0.6286815306410978,0.00011559357299734135,5.90772139185916e-05,3.90960982093987e-05
2850,117.91753853673406,0.3714962365155462,0.6284382873049957,0.00011559357299734135,5.90772139185916e-05,3.90960982093987e-05
2851,117.95889859935654,0.37173457764905243,0.628200546921236,0.00011559357299734135,5.90772139185916e-05,3.90960982093987e-05
2852,118.00025866197903,0.3719672118920334,0.6279685006892778,0.00011559357299734135,5.90772139185916e-05,3.90960982093987e-05
2853,118.04161872460153,0.37219401681098785,0.6277422664350946,0.00011559357299734135,5.90772139185916e-05,3.90960982093987e-05
2854,118.08297878722404,0.37241494229352035,0.6275218899917205,0.00011559357299734135,5.90772139185916e-05,3.90960982093987e-05
2855,118.12433884984652,0.3726300078993058,0.6273073478748115,0.00011559357299734135,5.90772139185916e-05,3.90960982093987e-05
2856,118.16569891246903,0.3728392990206947,0.6270985511442959,0.00011559357299734135,5.90772139185916e-05,3.90960982093987e-05
2857,118.20705897509151,0.37304296198643555,0.6268953503188377,0.00011559357299734135,5.90772139185916e-05,3.90960982093987e-05
2858,118.248419037714,0.37324119826087876,0.6266975411908838,0.00011559357299734135,5.90772139185916e-05,3.90960982093987e-05
2859,118.28977910033652,0.373434257904681,0.6265048713765112,0.00011559357299734135,5.90772139185916e-05,3.90960982093987e-05
2860,118.331139162959,0.3736224324709716,0.6263170474260641,0.00011559357299734135,5.90772139185916e-05,3.90960982093987e-05
2861,118.37249922558149,0.3738060475139809,0.6261337423188088,0.00011559357299734135,5.90772139185916e-05,3.90960982093987e-05
2862,118.413859288204,0.3739854548845067,0.6259546031670746,0.00011559357299734135,5.90772139185916e-05,3.90960982093987e-05
2863,118.4552193508265,0.37416102498022524,0.625779258961894,0.00011559357299734135,5.90772139185916e-05,3.90960982093987e-05
2864,118.49657941344898,0.374333139107975,0.6256073282030914,0.00011559357299734135,5.90772139185916e-05,3.90960982093987e-05
2865,118.53793947607147,0.37450218210144315,0.6254384262701888,0.00011559357299734135,5.90772139185916e-05,3.90960982093987e-05
2866,118.57929953869397,0.37466853532147815,0.6252721724068219,0.00011559357299734135,5.90772139185916e-05,3.90960982093987e-05
2867,118.62065960131646,0.37483257014848476,0.6251081962095736,0.00011559357299734135,5.90772139185916e-05,3.90960982093987e-05
2868,118.66201966393896,0.37499464205730537,0.6249461435302396,0.00011559357299734135,5.90772139185916e-05,3.90960982093987e-05
2869,118.70337972656147,0.37515508534641806,0.6247856817204599,0.00011559357299734135,5.90772139185916e-05,3.90960982093987e-05
2870,118.74473978918395,0.37531420857406256,0.624626504165688,0.00011559357299734135,5.90772139185916e-05,3.90960982093987e-05
2871,118.78609985180645,0.3754722907364235,0.624468334073935,0.00011559357299734135,5.90772139185916e-05,3.90960982093987e-05
2872,118.82745991442896,0.3756295782061106,0.6243109275012921,0.00011559357299734135,5.90772139185916e-05,3.90960982093987e-05
2873,118.86881997705144,0.3757862824337989,0.6241540756115866,0.00011559357299734135,5.90772139185916e-05,3.90960982093987e-05
2874,118.91018003967393,0.3759425784024888,0.6239976061815506,0.00011559357299734135,5.90772139185916e-05,3.90960982093987e-05
2875,118.95154010229643,0.37609860381148785,0.6238413843745607,0.00011559357299734135,5.90772139185916e-05,3.90960982093987e-05
2876,118.99290016491892,0.3762544589570076,0.623685312816985,0.00011559357299734135,5.90772139185916e-05,3.90960982093987e-05
2877,119.03426022754142,0.37641020726737734,0.6235293310196524,0.00011559357299734135,5.90772139185916e-05,3.90960982093987e-05
2878,119.07562029016391,0.3765658764434555,0.6233734141947697,0.00011559357299734135,5.90772139185916e-05,3.90960982093987e-05
2879,119.11698035278641,0.37672146014877833,0.6232175715243861,0.00011559357299734135,5.90772139185916e-05,3.90960982093987e-05
2880,119.1583404154089,0.37687692018907154,0.6230618439416813,0.00011559357299734135,5.90772139185916e-05,3.90960982093987e-05
2881,119.1997004780314,0.3770321891169589,0.622906301489961,0.00011559357299734135,5.90772139185916e-05,3.90960982093987e-05
2882,119.2410605406539,0.3771871731949362,0.6227510403271439,0.00011559357299734135,5.90772139185916e-05,3.90960982093987e-05
2883,119.28242060327639,0.3773417556477122,0.622596179445213,0.00011559357299734135,5.90772139185916e-05,3.90960982093987e-05
2884,119.3237806658989,0.377495800134199,0.622441857175221,0.00011559357299734135,5.90772139185916e-05,3.90960982093987e-05
2885,119.36514072852138,0.3776491543692219,0.622288227547991,0.00011559357299734135,5.90772139185916e-05,3.90960982093987e-05
2886,119.40650079114388,0.37780165382610026,0.6221354565801847,0.00011559357299734135,5.90772139185916e-05,3.90960982093987e-05
2887,119.44786085376637,0.3779531254529982,0.6219837185528164,0.00011559357299734135,5.90772139185916e-05,3.90960982093987e-05
2888,119.48922091638887,0.37810339133887555,0.6218331923465776,0.00011559357299734135,5.90772139185916e-05,3.90960982093987e-05
2889,119.53058097901136,0.3782522722689678,0.6216840578943029,0.00011559357299734135,5.90772139185916e-05,3.90960982093987e-05
2890,119.57194104163386,0.37839959111440397,0.6215364928053442,0.00011559357299734135,5.90772139185916e-05,3.90960982093987e-05
2891,119.61330110425635,0.3785451760070094,0.6213906692109797,0.00011559357299734135,5.90772139185916e-05,3.90960982093987e-05
2892,119.65466116687884,0.37868886325674117,0.6212467508723186,0.00011559357299734135,5.90772139185916e-05,3.90960982093987e-05
2893,119.69602122950135,0.37883049997754537,0.6211048905849168,0.00011559357299734135,5.90772139185916e-05,3.90960982093987e-05
2894,119.73738129212384,0.37896994639516934,0.6209652279051867,0.00011559357299734135,5.90772139185916e-05,3.90960982093987e-05
2895,119.77874135474634,0.37910707781970787,0.6208278872154128,0.00011559357299734135,5.90772139185916e-05,3.90960982093987e-05
2896,119.82010141736883,0.37924178627421573,0.620692976134591,0.00011559357299734135,5.90772139185916e-05,3.90960982093987e-05
2897,119.86146147999132,0.37937398177969645,0.6205605842742316,0.00011559357299734135,5.90772139185916e-05,3.90960982093987e-05
2898,119.90282154261382,0.3795035933048194,0.6204307823291926,0.00011559357299734135,5.90772139185916e-05,3.90960982093987e-05
2899,119.94418160523632,0.3796305693965216,0.6203036214866713,0.00011559357299734135,5.90772139185916e-05,3.90960982093987e-05
2900,119.98554166785881,0.37975487851383843,0.6201791331297529,0.00011559357299734135,5.90772139185916e-05,3.90960982093987e-05
2901,120.0269017304813,0.37987650909278087,0.6200573288067563,0.00011559357299734135,5.90772139185916e-05,3.90960982093987e-05
2902,120.06826179310382,0.3799954693735651,0.6199382004340804,0.00011559357299734135,5.90772139185916e-05,3.90960982093987e-05
2903,120.1096218557263,0.38011178702379367,0.6198217206982135,0.00011559357299734135,5.90772139185916e-05,3.90960982093987e-05
2904,120.15098191834879,0.3802255085914941,0.6197078436222643,0.00011559357299734135,5.90772139185916e-05,3.90960982093987e-05
2905,120.19234198097129,0.38033669882087523,0.6195965052636114,0.00011559357299734135,5.90772139185916e-05,3.90960982093987e-05
2906,120.23370204359378,0.38044543986065804,0.6194876245123094,0.00011559357299734135,5.90772139185916e-05,3.90960982093987e-05
2907,120.27506210621628,0.38055183039117996,0.6193811039639616,0.00011559357299734135,5.90772139185916e-05,3.90960982093987e-05
2908,120.31642216883878,0.3806559846909093,0.619276830846208,0.00011559357299734135,5.90772139185916e-05,3.90960982093987e-05
2909,120.35778223146127,0.3807580316573747,0.6191746779838907,0.00011559357299734135,5.90772139185916e-05,3.90960982093987e-05
2910,120.39914229408376,0.38085811379104567,0.6190745047945729,0.00011559357299734135,5.90772139185916e-05,3.90960982093987e-05
2911,120.44050235670628,0.38095638614452787,0.6189761583123582,0.00011559357299734135,5.90772139185916e-05,3.90960982093987e-05
2912,120.48186241932876,0.38105301523332785,0.6188794742441213,0.00011559357299734135,5.90772139185916e-05,3.90960982093987e-05
2913,120.52322248195124,0.38114817789953914,0.6187842780676077,0.00011559357299734135,5.90772139185916e-05,3.90960982093987e-05
2914,120.56458254457375,0.38124206011543305,0.6186903861845916,0.00011559357299734135,5.90772139185916e-05,3.90960982093987e-05
2915,120.60594260719624,0.38133485571164927,0.6185976071457495,0.00011559357299734135,5.90772139185916e-05,3.90960982093987e-05
2916,120.64730266981874,0.3814267650131393,0.6185057429641647,0.00011559357299734135,5.90772139185916e-05,3.90960982093987e-05
2917,120.68866273244123,0.3815179933671799,0.6184145905347346,0.00011559357299734135,5.90772139185916e-05,3.90960982093987e-05
2918,120.73002279506373,0.38160874954956236,0.6183239431736216,0.00011559357299734135,5.90772139185916e-05,3.90960982093987e-05
2919,120.77138285768622,0.3816992440395472,0.6182335922885595,0.00011559357299734135,5.90772139185916e-05,3.90960982093987e-05
2920,120.81274292030872,0.38178968715938555,0.6181433291850597,0.00011559357299734135,5.90772139185916e-05,3.90960982093987e-05
2921,120.85410298293122,0.38188028708093297,0.6180529470068851,0.00011559357299734135,5.90772139185916e-05,3.90960982093987e-05
2922,120.8954630455537,0.3819712477096076,0.6179622428017536,0.00011559357299734135,5.90772139185916e-05,3.90960982093987e-05
2923,120.93682310817621,0.382062766463871,0.6178710196950232,0.00011559357299734135,5.90772139185916e-05,3.90960982093987e-05
2924,120.9781831707987,0.3821550319767666,0.6177790891460692,0.00011559357299734135,5.90772139185916e-05,3.90960982093987e-05
2925,121.0195432334212,0.38224822175361944,0.6176862732538879,0.00011559357299734135,5.90772139185916e-05,3.90960982093987e-05
2926,121.06090329604369,0.3823424998274135,0.6175924070721156,0.00011559357299734135,5.90772139185916e-05,3.90960982093987e-05
2927,121.10226335866619,0.38243801445877385,0.6174973408867002,0.00011559357299734135,5.90772139185916e-05,3.90960982093987e-05
2928,121.14362342128868,0.38253489593234585,0.617400942406027,0.00011559357299734135,5.90772139185916e-05,3.90960982093987e-05
2929,121.18498348391118,0.38263325450366076,0.6173030988098053,0.00011559357299734135,5.90772139185916e-05,3.90960982093987e-05
2930,121.22634354653367,0.38273317855148536,0.6172037186025522,0.00011559357299734135,5.90772139185916e-05,3.90960982093987e-05
2931,121.26770360915616,0.3828347329893113,0.6171027332185178,0.00011559357299734135,5.90772139185916e-05,3.90960982093987e-05
2932,121.30906367177866,0.38293795798641495,0.6170000983277408,0.00011559357299734135,5.90772139185916e-05,3.90960982093987e-05
2933,121.35042373440116,0.38304286804392035,0.6168957947983127,0.00011559357299734135,5.90772139185916e-05,3.90960982093987e-05
2934,121.39178379702366,0.38314945146439644,0.6167898292756523,0.00011559357299734135,5.90772139185916e-05,3.90960982093987e-05
2935,121.43314385964615,0.38325767024557167,0.6166822343481704,0.00011559357299734135,5.90772139185916e-05,3.90960982093987e-05
2936,121.47450392226865,0.38336746041946324,0.6165730682770889,0.00011559357299734135,5.90772139185916e-05,3.90960982093987e-05
2937,121.51586398489114,0.3834787328483289,0.6164624142780083,0.00011559357299734135,5.90772139185916e-05,3.90960982093987e-05
2938,121.55722404751364,0.38359137447879704,0.6163503793517696,0.00011559357299734135,5.90772139185916e-05,3.90960982093987e-05
2939,121.59858411013613,0.3837052500450678,0.6162370926719212,0.00011559357299734135,5.90772139185916e-05,3.90960982093987e-05
2940,121.63994417275862,0.3838202042024734,0.6161227035458746,0.00011559357299734135,5.90772139185916e-05,3.90960982093987e-05
2941,121.68130423538112,0.3839360640633308,0.6160073789757597,0.00011559357299734135,5.90772139185916e-05,3.90960982093987e-05
2942,121.72266429800362,0.384052642098739,0.6158913008532937,0.00011559357299734135,5.90772139185916e-05,3.90960982093987e-05
2943,121.76402436062611,0.38416973936257093,0.6157746628301413,0.00011559357299734135,5.90772139185916e-05,3.90960982093987e-05
2944,121.8053844232486,0.384287148987774,0.615657666911321,0.00011559357299734135,5.90772139185916e-05,3.90960982093987e-05
2945,121.8467444858711,0.38440465990007927,0.6155405198247845,0.00011559357299734135,5.90772139185916e-05,3.90960982093987e-05
2946,121.8881045484936,0.38452206069015943,0.6154234292234683,0.00011559357299734135,5.90772139185916e-05,3.90960982093987e-05
2947,121.9294646111161,0.38463914358275264,0.6153065997800865,0.00011559357299734135,5.90772139185916e-05,3.90960982093987e-05
2948,121.97082467373859,0.384755708439195,0.6151902292361092,0.00011559357299734135,5.90772139185916e-05,3.90960982093987e-05
2949,122.01218473636108,0.38487156672920636,0.6150745044682453,0.00011559357299734135,5.90772139185916e-05,3.90960982093987e-05
2950,122.05354479898358,0.3849865454074101,0.6149595976354784,0.00011559357299734135,5.90772139185916e-05,3.90960982093987e-05
2951,122.09490486160608,0.38510049063110546,0.6148456624702412,0.00011559357299734135,5.90772139185916e-05,3.90960982093987e-05
2952,122.13626492422856,0.38521327125684884,0.6147328307755581,0.00011559357299734135,5.90772139185916e-05,3.90960982093987e-05
2953,122.17762498685106,0.3853247820556702,0.6146212091888493,0.00011559357299734135,5.90772139185916e-05,3.90960982093987e-05
2954,122.21898504947356,0.38543494658921057,0.6145108762706794,0.00011559357299734135,5.90772139185916e-05,3.90960982093987e-05
2955,122.26034511209606,0.3855437196928523,0.6144018799737648,0.00011559357299734135,5.90772139185916e-05,3.90960982093987e-05
2956,122.30170517471853,0.3856510895155704,0.6142942355433625,0.00011559357299734135,5.90772139185916e-05,3.90960982093987e-05
2957,122.34306523734105,0.38575707907185286,0.6141879238960888,0.00011559357299734135,5.90772139185916e-05,3.90960982093987e-05
2958,122.38442529996354,0.38586174726649386,0.6140828905175504,0.00011559357299734135,5.90772139185916e-05,3.90960982093987e-05
2959,122.42578536258604,0.38596518936047997,0.6139790449133326,0.00011559357299734135,5.90772139185916e-05,3.90960982093987e-05
2960,122.46714542520854,0.38606753685379747,0.6138762606391452,0.00011559357299734135,5.90772139185916e-05,3.90960982093987e-05
2961,122.50850548783102,0.3861689567702477,0.6137743759275276,0.00011559357299734135,5.90772139185916e-05,3.90960982093987e-05
2962,122.54986555045352,0.38626965033915495,0.6136731949181908,0.00011559357299734135,5.90772139185916e-05,3.90960982093987e-05
2963,122.59122561307602,0.3863698510795707,0.6135724894883811,0.00011559357299734135,5.90772139185916e-05,3.90960982093987e-05
2964,122.63258567569852,0.3864698223039849,0.6134720016681511,0.00011559357299734135,5.90772139185916e-05,3.90960982093987e-05
2965,122.673945738321,0.38656985407008115,0.6133714466134139,0.00011559357299734135,5.90772139185916e-05,3.90960982093987e-05
2966,122.71530580094351,0.3866702596208099,0.613270516097875,0.00011559357299734135,5.90772139185916e-05,3.90960982093987e-05
2967,122.756665863566,0.3867713713644236,0.6131688824732626,0.00011559357299734135,5.90772139185916e-05,3.90960982093987e-05
2968,122.79802592618847,0.38687353645658784,0.6130662030363775,0.00011559357299734135,5.90772139185916e-05,3.90960982093987e-05
2969,122.83938598881099,0.38697711205617114,0.6129621247315581,0.00011559357299734135,5.90772139185916e-05,3.90960982093987e-05
2970,122.88074605143348,0.3870824603345229,0.6128562891092797,0.00011559357299734135,5.90772139185916e-05,3.90960982093987e-05
2971,122.92210611405598,0.38718994332384726,0.6127483374546523,0.00011559357299734135,5.90772139185916e-05,3.90960982093987e-05
2972,122.96346617667848,0.38729991769480837,0.6126379159956064,0.00011559357299734135,5.90772139185916e-05,3.90960982093987e-05
2973,123.00482623930098,0.387412729554958,0.6125246810982233,0.00011559357299734135,5.90772139185916e-05,3.90960982093987e-05
2974,123.04618630192346,0.38752870935941,0.6124083043574196,0.00011559357299734135,5.90772139185916e-05,3.90960982093987e-05
2975,123.08754636454597,0.3876481670221035,0.6122884774934245,0.00011559357299734135,5.90772139185916e-05,3.90960982093987e-05
2976,123.12890642716846,0.3877713873109589,0.6121649169699298,0.00011559357299734135,5.90772139185916e-05,3.90960982093987e-05
2977,123.17026648979093,0.3878986256033613,0.6120373682567039,0.00011559357299734135,5.90772139185916e-05,3.90960982093987e-05
2978,123.21162655241345,0.38803010406913613,0.6119056096680869,0.00011559357299734135,5.90772139185916e-05,3.90960982093987e-05
2979,123.25298661503594,0.3881660083385669,0.6117694557195663,0.00011559357299734135,5.90772139185916e-05,3.90960982093987e-05
2980,123.29434667765844,0.3883064847015172,0.6116287599550925,0.00011559357299734135,5.90772139185916e-05,3.90960982093987e-05
2981,123.33570674028094,0.38845163787238546,0.6114834172100181,0.00011559357299734135,5.90772139185916e-05,3.90960982093987e-05
2982,123.37706680290343,0.3886015293439231,0.6113333652859749,0.00011559357299734135,5.90772139185916e-05,3.90960982093987e-05
2983,123.41842686552592,0.38875617634185283,0.6111785860252443,0.00011559357299734135,5.90772139185916e-05,3.90960982093987e-05
2984,123.45978692814842,0.38891555138178757,0.6110191057830898,0.00011559357299734135,5.90772139185916e-05,3.90960982093987e-05
2985,123.50114699077092,0.3890795824205133,0.6108549953054867,0.00011559357299734135,5.90772139185916e-05,3.90960982093987e-05
2986,123.5425070533934,0.38924815358581843,0.6106863690282057,0.00011559357299734135,5.90772139185916e-05,3.90960982093987e-05
2987,123.58386711601591,0.3894211064621753,0.6105133838198974,0.00011559357299734135,5.90772139185916e-05,3.90960982093987e-05
2988,123.6252271786384,0.38959824190443776,0.6103362371967443,0.00011559357299734135,5.90772139185916e-05,3.90960982093987e-05
2989,123.6665872412609,0.38977932234796103,0.6101551650409435,0.00011559357299734135,5.90772139185916e-05,3.90960982093987e-05
2990,123.7079473038834,0.38996407458040205,0.6099704388570955,0.00011559357299734135,5.90772139185916e-05,3.90960982093987e-05
2991,123.74930736650589,0.39015219293917774,0.609782362603019,0.00011559357299734135,5.90772139185916e-05,3.90960982093987e-05
2992,123.79066742912838,0.39034334289702327,0.6095912691324074,0.00011559357299734135,5.90772139185916e-05,3.90960982093987e-05
2993,123.83202749175088,0.3905371649974101,0.6093975162872921,0.00011559357299734135,5.90772139185916e-05,3.90960982093987e-05
2994,123.87338755437338,0.39073327910076666,0.6092014826791848,0.00011559357299734135,5.90772139185916e-05,3.90960982093987e-05
2995,123.91474761699585,0.3909312889014478,0.6090035631990685,0.00011559357299734135,5.90772139185916e-05,3.90960982093987e-05
2996,123.95610767961836,0.3911307866734871,0.6088041642970426,0.00011559357299734135,5.90772139185916e-05,3.90960982093987e-05
2997,123.99746774224086,0.39133135820122245,0.6086036990758699,0.00011559357299734135,5.90772139185916e-05,3.90960982093987e-05
2998,124.03882780486336,0.39153258784738887,0.6084025822446129,0.00011559357299734135,5.90772139185916e-05,3.90960982093987e-05
2999,124.08018786748586,0.3917340637077028,0.6082012249832786,0.00011559357299734135,5.90772139185916e-05,3.90960982093987e-05
3000,124.12154793010833,0.3919353827959547,0.6080000297732402,0.00011559357299734135,5.90772139185916e-05,3.90960982093987e-05
3001,124.16290799273084,0.39213615619900694,0.6077993852540344,0.00011559357299734135,5.90772139185916e-05,3.90960982093987e-05
3002,124.20426805535334,0.39233601413539226,0.6075996611716354,0.00011559357299734135,5.90772139185916e-05,3.90960982093987e-05
3003,124.24562811797584,0.39253461084639585,0.6074012034891222,0.00011559357299734135,5.90772139185916e-05,3.90960982093987e-05
3004,124.28698818059831,0.39273162924395394,0.6072043297347757,0.00011559357299734135,5.90772139185916e-05,3.90960982093987e-05
3005,124.32834824322082,0.39292678523628516,0.6070093246664156,0.00011559357299734135,5.90772139185916e-05,3.90960982093987e-05
3006,124.36970830584332,0.3931198316502399,0.6068164363327428,0.00011559357299734135,5.90772139185916e-05,3.90960982093987e-05
3007,124.41106836846582,0.39331056166933215,0.6066258726125329,0.00011559357299734135,5.90772139185916e-05,3.90960982093987e-05
3008,124.4524284310883,0.3934988117089126,0.6064377983106244,0.00011559357299734135,5.90772139185916e-05,3.90960982093987e-05
3009,124.4937884937108,0.3936844636545671,0.6062523328847912,0.00011559357299734135,5.90772139185916e-05,3.90960982093987e-05
3010,124.5351485563333,0.39386744639754934,0.6060695488700212,0.00011559357299734135,5.90772139185916e-05,3.90960982093987e-05
3011,124.5765086189558,0.3940477366115768,0.6058894710570866,0.00011559357299734135,5.90772139185916e-05,3.90960982093987e-05
3012,124.6178686815783,0.39422535872812203,0.6057120764686424,0.00011559357299734135,5.90772139185916e-05,3.90960982093987e-05
3013,124.65922874420077,0.3944003840831863,0.6055372951611664,0.00011559357299734135,5.90772139185916e-05,3.90960982093987e-05
3014,124.70058880682328,0.3945729292261121,0.6053650118634747,0.00011559357299734135,5.90772139185916e-05,3.90960982093987e-05
3015,124.74194886944578,0.3947431534002773,0.6051950684429859,0.00011559357299734135,5.90772139185916e-05,3.90960982093987e-05
3016,124.78330893206825,0.3949112552260593,0.6050272671712102,0.00011559357299734135,5.90772139185916e-05,3.90960982093987e-05
3017,124.82466899469075,0.3950774686368819,0.6048613747383773,0.00011559357299734135,5.90772139185916e-05,3.90960982093987e-05
3018,124.86602905731326,0.39524205813997104,0.6046971269477367,0.00011559357299734135,5.90772139185916e-05,3.90960982093987e-05
3019,124.90738911993576,0.3954053134923895,0.6045342339997622,0.00011559357299734135,5.90772139185916e-05,3.90960982093987e-05
3020,124.94874918255823,0.39556754390055543,0.6043723862595974,0.00011559357299734135,5.90772139185916e-05,3.90960982093987e-05
3021,124.99010924518076,0.3957290718662994,0.604211260385863,0.00011559357299734135,5.90772139185916e-05,3.90960982093987e-05
3022,125.03146930780323,0.3958902268143187,0.6040505256867597,0.00011559357299734135,5.90772139185916e-05,3.90960982093987e-05
3023,125.07282937042574,0.396051338643829,0.6038898505615713,0.00011559357299734135,5.90772139185916e-05,3.90960982093987e-05
3024,125.11418943304824,0.3962127313515092,0.6037289088810925,0.00011559357299734135,5.90772139185916e-05,3.90960982093987e-05
3025,125.15554949567071,0.396374716872203,0.603567386160653,0.00011559357299734135,5.90772139185916e-05,3.90960982093987e-05
3026,125.19690955829321,0.39653758927951543,0.6034049853837433,0.00011559357299734135,5.90772139185916e-05,3.90960982093987e-05
3027,125.23826962091572,0.3967016194793584,0.6032414323430945,0.00011559357299734135,5.90772139185916e-05,3.90960982093987e-05
3028,125.27962968353822,0.3968670505164516,0.6030764803781984,0.00011559357299734135,5.90772139185916e-05,3.90960982093987e-05
3029,125.32098974616069,0.3970340935976941,0.6029099144054383,0.00011559357299734135,5.90772139185916e-05,3.90960982093987e-05
3030,125.36234980878321,0.39720292491601766,0.6027415541553686,0.00011559357299734135,5.90772139185916e-05,3.90960982093987e-05
3031,125.4037098714057,0.3973736833370267,0.6025712565541244,0.00011559357299734135,5.90772139185916e-05,3.90960982093987e-05
3032,125.44506993402818,0.3975464689866156,0.6023989172092931,0.00011559357299734135,5.90772139185916e-05,3.90960982093987e-05
3033,125.4864299966507,0.3977213427533933,0.6022244709845488,0.00011559357299734135,5.90772139185916e-05,3.90960982093987e-05
3034,125.52779005927317,0.3978983266954003,0.6020478916723426,0.00011559357299734135,5.90772139185916e-05,3.90960982093987e-05
3035,125.56915012189567,0.3980774053164828,0.6018691907969741,0.00011559357299734135,5.90772139185916e-05,3.90960982093987e-05
3036,125.61051018451818,0.3982585276558023,0.6016884156032247,0.00011559357299734135,5.90772139185916e-05,3.90960982093987e-05
3037,125.65187024714068,0.398441610113792,0.6015056463051907,0.00011559357299734135,5.90772139185916e-05,3.90960982093987e-05
3038,125.69323030976315,0.3986265399205774,0.6013209926875946,0.00011559357299734135,5.90772139185916e-05,3.90960982093987e-05
3039,125.73459037238567,0.3988131791388405,0.601134590165808,0.00011559357299734135,5.90772139185916e-05,3.90960982093987e-05
3040,125.77595043500816,0.39900136908291156,0.6009465954217225,0.00011559357299734135,5.90772139185916e-05,3.90960982093987e-05
3041,125.81731049763063,0.39919093502856023,0.6007571817391232,0.00011559357299734135,5.90772139185916e-05,3.90960982093987e-05
3042,125.85867056025316,0.3993816910854551,0.6005665341658462,0.00011559357299734135,5.90772139185916e-05,3.90960982093987e-05
3043,125.90003062287563,0.3995734451046438,0.6003748446292825,0.00011559357299734135,5.90772139185916e-05,3.90960982093987e-05
3044,125.94139068549813,0.39976600349750235,0.6001823071282555,0.00011559357299734135,5.90772139185916e-05,3.90960982093987e-05
3045,125.98275074812064,0.3999591758500224,0.599989113116947,0.00011559357299734135,5.90772139185916e-05,3.90960982093987e-05
3046,126.02411081074314,0.40015277922617787,0.5997954471871061,0.00011559357299734135,5.90772139185916e-05,3.90960982093987e-05
3047,126.06547087336561,0.4003466420665747,0.5996014831425128,0.00011559357299734135,5.90772139185916e-05,3.90960982093987e-05
3048,126.10683093598811,0.40054060760284393,0.5994073805457889,0.00011559357299734135,5.90772139185916e-05,3.90960982093987e-05
3049,126.14819099861062,0.4007345367236965,0.5992132818020723,0.00011559357299734135,5.90772139185916e-05,3.90960982093987e-05
3050,126.18955106123309,0.40092831024539116,0.5990193098284388,0.00011559357299734135,5.90772139185916e-05,3.90960982093987e-05
3051,126.23091112385562,0.4011218305559207,0.598825566340232,0.00011559357299734135,5.90772139185916e-05,3.90960982093987e-05
3052,126.2722711864781,0.4013150226195944,0.5986321307697603,0.00011559357299734135,5.90772139185916e-05,3.90960982093987e-05
3053,126.3136312491006,0.40150783434481485,0.5984390598155644,0.00011559357299734135,5.90772139185916e-05,3.90960982093987e-05
3054,126.3549913117231,0.40170023633416596,0.5982463876054808,0.00011559357299734135,5.90772139185916e-05,3.90960982093987e-05
3055,126.3963513743456,0.40189222105015676,0.5980541264415419,0.00011559357299734135,5.90772139185916e-05,3.90960982093987e-05
3056,126.43771143696807,0.40208380144369893,0.5978622680819023,0.00011559357299734135,5.90772139185916e-05,3.90960982093987e-05
3057,126.47907149959057,0.40227500910406877,0.5976707855027215,0.00011559357299734135,5.90772139185916e-05,3.90960982093987e-05
3058,126.52043156221308,0.4024658919990419,0.597479635073437,0.00011559357299734135,5.90772139185916e-05,3.90960982093987e-05
3059,126.56179162483555,0.40265651188209933,0.5972887590704518,0.00011559357299734135,5.90772139185916e-05,3.90960982093987e-05
3060,126.60315168745805,0.40284694144916433,0.5970980884481548,0.00011559357299734135,5.90772139185916e-05,3.90960982093987e-05
3061,126.64451175008055,0.40303726133154033,0.5969075457828518,0.00011559357299734135,5.90772139185916e-05,3.90960982093987e-05
3062,126.68587181270306,0.40322755701250096,0.5967170483029359,0.00011559357299734135,5.90772139185916e-05,3.90960982093987e-05
3063,126.72723187532556,0.40341791575466834,0.5965265109199968,0.00011559357299734135,5.90772139185916e-05,3.90960982093987e-05
3064,126.76859193794803,0.4036084236215209,0.5963358491779622,0.00011559357299734135,5.90772139185916e-05,3.90960982093987e-05
3065,126.80995200057053,0.4037991626713705,0.5961449820431056,0.00011559357299734135,5.90772139185916e-05,3.90960982093987e-05
3066,126.85131206319303,0.40399020839418837,0.5959538344646116,0.00011559357299734135,5.90772139185916e-05,3.90960982093987e-05
3067,126.89267212581554,0.40418162745232017,0.595762339644986,0.00011559357299734135,5.90772139185916e-05,3.90960982093987e-05
3068,126.93403218843801,0.4043734757748621,0.5955704409702423,0.00011559357299734135,5.90772139185916e-05,3.90960982093987e-05
3069,126.97539225106051,0.40456579704280293,0.5953780935622116,0.00011559357299734135,5.90772139185916e-05,3.90960982093987e-05
3070,127.01675231368301,0.4047586215884778,0.5951852654286398,0.00011559357299734135,5.90772139185916e-05,3.90960982093987e-05
3071,127.0581123763055,0.4049519657186658,0.5949919382005738,0.00011559357299734135,5.90772139185916e-05,3.90960982093987e-05
3072,127.09947243892799,0.40514583145641236,0.5947981074606459,0.00011559357299734135,5.90772139185916e-05,3.90960982093987e-05
3073,127.14083250155049,0.40534020668243437,0.5946037826795185,0.00011559357299734135,5.90772139185916e-05,3.90960982093987e-05
3074,127.182192564173,0.40553506564424313,0.5944089867907434,0.00011559357299734135,5.90772139185916e-05,3.90960982093987e-05
3075,127.2235526267955,0.4057303697890186,0.5942137554457656,0.00011559357299734135,5.90772139185916e-05,3.90960982093987e-05
3076,127.264912689418,0.4059260688664662,0.594018136000751,0.00011559357299734135,5.90772139185916e-05,3.90960982093987e-05
3077,127.30627275204047,0.4061221022399161,0.5938221862947021,0.00011559357299734135,5.90772139185916e-05,3.90960982093987e-05
3078,127.34763281466297,0.4063184003388877,0.5936259732834933,0.00011559357299734135,5.90772139185916e-05,3.90960982093987e-05
3079,127.38899287728547,0.4065148861832614,0.593429571597137,0.00011559357299734135,5.90772139185916e-05,3.90960982093987e-05
3080,127.43035293990795,0.40671147691001736,0.5932330620876322,0.00011559357299734135,5.90772139185916e-05,3.90960982093987e-05
3081,127.47171300253045,0.40690808523613853,0.5930365304314787,0.00011559357299734135,5.90772139185916e-05,3.90960982093987e-05
3082,127.51307306515295,0.40710462079733084,0.5928400658454355,0.00011559357299734135,5.90772139185916e-05,3.90960982093987e-05
3083,127.55443312777545,0.40730099131064484,0.5926437599662039,0.00011559357299734135,5.90772139185916e-05,3.90960982093987e-05
3084,127.59579319039794,0.40749710351956375,0.5924477059339177,0.00011559357299734135,5.90772139185916e-05,3.90960982093987e-05
3085,127.63715325302046,0.40769286389257114,0.5922519977076687,0.00011559357299734135,5.90772139185916e-05,3.90960982093987e-05
3086,127.67851331564293,0.4078881790599208,0.5920567296279153,0.00011559357299734135,5.90772139185916e-05,3.90960982093987e-05
3087,127.71987337826542,0.4080829559877062,0.5918619962264535,0.00011559357299734135,5.90772139185916e-05,3.90960982093987e-05
3088,127.76123344088793,0.4082771019028284,0.591667892270473,0.00011559357299734135,5.90772139185916e-05,3.90960982093987e-05
3089,127.80259350351041,0.4084705239967487,0.5914745130140034,0.00011559357299734135,5.90772139185916e-05,3.90960982093987e-05
3090,127.84395356613291,0.40866312894862045,0.5912819546165611,0.00011559357299734135,5.90772139185916e-05,3.90960982093987e-05
3091,127.88531362875541,0.4088548223200273,0.5910903146786441,0.00011559357299734135,5.90772139185916e-05,3.90960982093987e-05
3092,127.92667369137791,0.40904550788270305,0.5908996928342982,0.00011559357299734135,5.90772139185916e-05,3.90960982093987e-05
3093,127.96803375400039,0.4092350869474057,0.59071019133475,0.00011559357299734135,5.90772139185916e-05,3.90960982093987e-05
3094,128.00939381662292,0.40942345776584255,0.5905219155532941,0.00011559357299734135,5.90772139185916e-05,3.90960982093987e-05
3095,128.0507538792454,0.4096105150783375,0.5903349743413526,0.00011559357299734135,5.90772139185916e-05,3.90960982093987e-05
3096,128.09211394186786,0.40979614987755847,0.5901494801678949,0.00011559357299734135,5.90772139185916e-05,3.90960982093987e-05
3097,128.13347400449038,0.40998024945287614,0.5899655489803316,0.00011559357299734135,5.90772139185916e-05,3.90960982093987e-05
3098,128.17483406711287,0.41016269777130254,0.5897832997332874,0.00011559357299734135,5.90772139185916e-05,3.90960982093987e-05
3099,128.21619412973538,0.4103433762394566,0.5896028535433637,0.00011559357299734135,5.90772139185916e-05,3.90960982093987e-05
3100,128.25755419235787,0.4105221648773791,0.5894243324414504,0.00011559357299734135,5.90772139185916e-05,3.90960982093987e-05
3101,128.29891425498036,0.41069894391871586,0.5892478577097624,0.00011559357299734135,5.90772139185916e-05,3.90960982093987e-05
3102,128.34027431760285,0.4108735958350812,0.5890735478076917,0.00011559357299734135,5.90772139185916e-05,3.90960982093987e-05
3103,128.38163438022536,0.41104600776399314,0.5889015159084008,0.00011559357299734135,5.90772139185916e-05,3.90960982093987e-05
3104,128.42299444284785,0.41121607430173984,0.588731867085681,0.00011559357299734135,5.90772139185916e-05,3.90960982093987e-05
3105,128.46435450547034,0.41138370060464613,0.5885646952080629,0.00011559357299734135,5.90772139185916e-05,3.90960982093987e-05
3106,128.50571456809286,0.41154880572581204,0.5884000796132685,0.00011559357299734135,5.90772139185916e-05,3.90960982093987e-05
3107,128.54707463071534,0.411711326099577,0.5882380816504784,0.00011559357299734135,5.90772139185916e-05,3.90960982093987e-05
3108,128.58843469333783,0.41187121907332225,0.588078741189646,0.00011559357299734135,5.90772139185916e-05,3.90960982093987e-05
3109,128.62979475596032,0.4120284663772829,0.5879220732065157,0.00011559357299734135,5.90772139185916e-05,3.90960982093987e-05
3110,128.67115481858283,0.4121830774162939,0.5877680645575019,0.00011559357299734135,5.90772139185916e-05,3.90960982093987e-05
3111,128.71251488120532,0.4123350922654465,0.587616671060745,0.00011559357299734135,5.90772139185916e-05,3.90960982093987e-05
3112,128.7538749438278,0.41248458425279805,0.5874678149981002,0.00011559357299734135,5.90772139185916e-05,3.90960982093987e-05
3113,128.79523500645033,0.41263166201791934,0.5873213831470306,0.00011559357299734135,5.90772139185916e-05,3.90960982093987e-05
3114,128.83659506907279,0.41277647094433845,0.5871772254419081,0.00011559357299734135,5.90772139185916e-05,3.90960982093987e-05
3115,128.8779551316953,0.412919193877206,0.587035154350875,0.00011559357299734135,5.90772139185916e-05,3.90960982093987e-05
3116,128.9193151943178,0.41306005105410293,0.5868949450381091,0.00011559357299734135,5.90772139185916e-05,3.90960982093987e-05
3117,128.9606752569403,0.41319929919654913,0.5867563363613829,0.00011559357299734135,5.90772139185916e-05,3.90960982093987e-05
3118,129.0020353195628,0.4133372297318594,0.5866190327332905,0.00011559357299734135,5.90772139185916e-05,3.90960982093987e-05
3119,129.04339538218528,0.41347416613880217,0.5864827068504486,0.00011559357299734135,5.90772139185916e-05,3.90960982093987e-05
3120,129.08475544480777,0.4136104604354655,0.5863470032709246,0.00011559357299734135,5.90772139185916e-05,3.90960982093987e-05
3121,129.12611550743028,0.4137464888527188,0.5862115427946438,0.00011559357299734135,5.90772139185916e-05,3.90960982093987e-05
3122,129.16747557005277,0.4138826467612709,0.5860759275780222,0.00011559357299734135,5.90772139185916e-05,3.90960982093987e-05
3123,129.20883563267526,0.4140193429432508,0.5859397468909358,0.00011559357299734135,5.90772139185916e-05,3.90960982093987e-05
3124,129.25019569529775,0.41415699332016315,0.5858025834039946,0.00011559357299734135,5.90772139185916e-05,3.90960982093987e-05
3125,129.29155575792026,0.4142960142667426,0.5856640198762367,0.00011559357299734135,5.90772139185916e-05,3.90960982093987e-05
3126,129.33291582054275,0.41443681565459833,0.5855236461000604,0.00011559357299734135,5.90772139185916e-05,3.90960982093987e-05
3127,129.37427588316524,0.4145797937795356,0.5853810659497989,0.00011559357299734135,5.90772139185916e-05,3.90960982093987e-05
3128,129.41563594578773,0.41472532433191145,0.585235904375769,0.00011559357299734135,5.90772139185916e-05,3.90960982093987e-05
3129,129.45699600841024,0.4148737555703744,0.5850878141844232,0.00011559357299734135,5.90772139185916e-05,3.90960982093987e-05
3130,129.49835607103273,0.41502540185521314,0.5849364824500763,0.00011559357299734135,5.90772139185916e-05,3.90960982093987e-05
3131,129.53971613365522,0.4151805376889104,0.5847816364120625,0.00011559357299734135,5.90772139185916e-05,3.90960982093987e-05
3132,129.5810761962777,0.4153393923984488,0.5846230487244365,0.00011559357299734135,5.90772139185916e-05,3.90960982093987e-05
3133,129.62243625890022,0.41550214557708814,0.5844605419427515,0.00011559357299734135,5.90772139185916e-05,3.90960982093987e-05
3134,129.6637963215227,0.4156689233826814,0.5842939921522945,0.00011559357299734135,5.90772139185916e-05,3.90960982093987e-05
3135,129.7051563841452,0.41583979576690444,0.5841233316655116,0.00011559357299734135,5.90772139185916e-05,3.90960982093987e-05
3136,129.74651644676769,0.41601477468479175,0.583948550741149,0.00011559357299734135,5.90772139185916e-05,3.90960982093987e-05
3137,129.7878765093902,0.41619381330794214,0.5837696983032546,0.00011559357299734135,5.90772139185916e-05,3.90960982093987e-05
3138,129.8292365720127,0.4163768062390313,0.5835868816644343,0.00011559357299734135,5.90772139185916e-05,3.90960982093987e-05
3139,129.8705966346352,0.4165635906993494,0.583400265282513,0.00011559357299734135,5.90772139185916e-05,3.90960982093987e-05
3140,129.9119566972577,0.4167539486376742,0.583210068604115,0.00011559357299734135,5.90772139185916e-05,3.90960982093987e-05
3141,129.95331675988018,0.416947609686796,0.5830165630694804,0.00011559357299734135,5.90772139185916e-05,3.90960982093987e-05
3142,129.99467682250267,0.4171442548753326,0.5828200683719982,0.00011559357299734135,5.90772139185916e-05,3.90960982093987e-05
3143,130.03603688512518,0.4173435209866995,0.5826209480805993,0.00011559357299734135,5.90772139185916e-05,3.90960982093987e-05
3144,130.07739694774764,0.41754500544601486,0.5824196047452388,0.00011559357299734135,5.90772139185916e-05,3.90960982093987e-05
3145,130.11875701037016,0.4177482716071887,0.5822164746124404,0.00011559357299734135,5.90772139185916e-05,3.90960982093987e-05
3146,130.16011707299265,0.417952854309496,0.5820120220817911,0.00011559357299734135,5.90772139185916e-05,3.90960982093987e-05
3147,130.20147713561516,0.4181582655730155,0.5818067340334288,0.00011559357299734135,5.90772139185916e-05,3.90960982093987e-05
3148,130.24283719823762,0.4183640003065502,0.5816011141519445,0.00011559357299734135,5.90772139185916e-05,3.90960982093987e-05
3149,130.28419726086014,0.4185695419095721,0.5813956773644816,0.00011559357299734135,5.90772139185916e-05,3.90960982093987e-05
3150,130.32555732348263,0.4187743676604294,0.5811909444992118,0.00011559357299734135,5.90772139185916e-05,3.90960982093987e-05
3151,130.36691738610511,0.41897795379676833,0.5809874372575146,0.00011559357299734135,5.90772139185916e-05,3.90960982093987e-05
3152,130.40827744872763,0.4191797802092677,0.5807856735767035,0.00011559357299734135,5.90772139185916e-05,3.90960982093987e-05
3153,130.44963751135012,0.41937933468716027,0.5805861634438845,0.00011559357299734135,5.90772139185916e-05,3.90960982093987e-05
3154,130.4909975739726,0.41957611667119216,0.5803894052033338,0.00011559357299734135,5.90772139185916e-05,3.90960982093987e-05
3155,130.53235763659512,0.4197696404880742,0.5801958823822411,0.00011559357299734135,5.90772139185916e-05,3.90960982093987e-05
3156,130.5737176992176,0.41995943805737146,0.580006061041933,0.00011559357299734135,5.90772139185916e-05,3.90960982093987e-05
3157,130.6150777618401,0.42014506107883814,0.5798203876457299,0.00011559357299734135,5.90772139185916e-05,3.90960982093987e-05
3158,130.6564378244626,0.42032608272271993,0.5796392874192068,0.00011559357299734135,5.90772139185916e-05,3.90960982093987e-05
3159,130.6977978870851,0.42050209885923795,0.5794631631657878,0.00011559357299734135,5.90772139185916e-05,3.90960982093987e-05
3160,130.73915794970756,0.4206727288744299,0.5792923944897462,0.00011559357299734135,5.90772139185916e-05,3.90960982093987e-05
3161,130.7805180123301,0.42083761612815307,0.5791273373696225,0.00011559357299734135,5.90772139185916e-05,3.90960982093987e-05
3162,130.82187807495256,0.42099642811686244,0.5789683240195387,0.00011559357299734135,5.90772139185916e-05,3.90960982093987e-05
3163,130.86323813757508,0.4211488564070916,0.5788156629717782,0.00011559357299734135,5.90772139185916e-05,3.90960982093987e-05
3164,130.90459820019757,0.4212946164074464,0.5786696393130472,0.00011559357299734135,5.90772139185916e-05,3.90960982093987e-05
3165,130.94595826282008,0.42143344704572433,0.5785305150077946,0.00011559357299734135,5.90772139185916e-05,3.90960982093987e-05
3166,130.98731832544254,0.42156511041466793,0.5783985292453999,0.00011559357299734135,5.90772139185916e-05,3.90960982093987e-05
3167,131.02867838806506,0.4216893914450537,0.5782738987533472,0.00011559357299734135,5.90772139185916e-05,3.90960982093987e-05
3168,131.07003845068755,0.42180609765771104,0.5781568180249445,0.00011559357299734135,5.90772139185916e-05,3.90960982093987e-05
3169,131.11139851331004,0.4219150590381645,0.5780474594191234,0.00011559357299734135,5.90772139185916e-05,3.90960982093987e-05
3170,131.15275857593255,0.42201612806803607,0.5779459730987079,0.00011559357299734135,5.90772139185916e-05,3.90960982093987e-05
3171,131.19411863855504,0.42210917993734753,0.5778524867840428,0.00011559357299734135,5.90772139185916e-05,3.90960982093987e-05
3172,131.23547870117753,0.42219411295097126,0.5777671053095794,0.00011559357299734135,5.90772139185916e-05,3.90960982093987e-05
3173,131.27683876380004,0.42227084913161195,0.577689909981858,0.00011559357299734135,5.90772139185916e-05,3.90960982093987e-05
3174,131.31819882642253,0.4223393350107475,0.5776209577484421,0.00011559357299734135,5.90772139185916e-05,3.90960982093987e-05
3175,131.35955888904502,0.4223995425882952,0.5775602801975681,0.00011559357299734135,5.90772139185916e-05,3.90960982093987e-05
3176,131.4009189516675,0.4224514704318261,0.5775078824186507,0.00011559357299734135,5.90772139185916e-05,3.90960982093987e-05
3177,131.44227901429002,0.42249514487681833,0.5774637417623146,0.00011559357299734135,5.90772139185916e-05,3.90960982093987e-05
3178,131.48363907691248,0.42253062128161833,0.5774278065473539,0.00011559357299734135,5.90772139185916e-05,3.90960982093987e-05
3179,131.524999139535,0.42255798528357313,0.5773999947678936,0.00011559357299734135,5.90772139185916e-05,3.90960982093987e-05
3180,131.56635920215749,0.4225773539978569,0.5773801928597998,0.00011559357299734135,5.90772139185916e-05,3.90960982093987e-05
3181,131.60771926478,0.4225888770967933,0.5773682545890052,0.00011559357299734135,5.90772139185916e-05,3.90960982093987e-05
3182,131.6490793274025,0.4225927377053028,0.5773640001254629,0.00011559357299734135,5.90772139185916e-05,3.90960982093987e-05
3183,131.69043939002498,0.4225891530487588,0.57736721536725,0.00011559357299734135,5.90772139185916e-05,3.90960982093987e-05
3184,131.73179945264746,0.42257837479107724,0.5773776515764254,0.00011559357299734135,5.90772139185916e-05,3.90960982093987e-05
3185,131.77315951526998,0.4225606890051679,0.5773950253849722,0.00011559357299734135,5.90772139185916e-05,3.90960982093987e-05
3186,131.81451957789247,0.42253641572361417,0.5774190192222436,0.00011559357299734135,5.90772139185916e-05,3.90960982093987e-05
3187,131.85587964051496,0.4225059080256836,0.5774492822084969,0.00011559357299734135,5.90772139185916e-05,3.90960982093987e-05
3188,131.89723970313744,0.42246955062574654,0.5774854315487776,0.00011559357299734135,5.90772139185916e-05,3.90960982093987e-05
3189,131.93859976575996,0.4224277579399852,0.5775270544507799,0.00011559357299734135,5.90772139185916e-05,3.90960982093987e-05
3190,131.97995982838245,0.4223809716200142,0.5775737105776967,0.00011559357299734135,5.90772139185916e-05,3.90960982093987e-05
3191,132.02131989100496,0.42232965755594165,0.5776249350338346,0.00011559357299734135,5.90772139185916e-05,3.90960982093987e-05
3192,132.06267995362742,0.422274302365289,0.5776802418666166,0.00011559357299734135,5.90772139185916e-05,3.90960982093987e-05
3193,132.10404001624994,0.4222154093987574,0.5777391280542328,0.00011559357299734135,5.90772139185916e-05,3.90960982093987e-05
3194,132.14540007887243,0.4221534943079892,0.577801077933701,0.00011559357299734135,5.90772139185916e-05,3.90960982093987e-05
3195,132.18676014149494,0.42208908023481295,0.5778655680104247,0.00011559357299734135,5.90772139185916e-05,3.90960982093987e-05
3196,132.2281202041174,0.42202269269408027,0.5779320720768627,0.00011559357299734135,5.90772139185916e-05,3.90960982093987e-05
3197,132.26948026673992,0.4219548542343466,0.5780000665566871,0.00011559357299734135,5.90772139185916e-05,3.90960982093987e-05
3198,132.3108403293624,0.42188607897054003,0.578069035979941,0.00011559357299734135,5.90772139185916e-05,3.90960982093987e-05
3199,132.3522003919849,0.4218168670908894,0.578138478487422,0.00011559357299734135,5.90772139185916e-05,3.90960982093987e-05
3200,132.39356045460738,0.42174769944596113,0.5782079112561002,0.00011559357299734135,5.90772139185916e-05,3.90960982093987e-05
3201,132.4349205172299,0.4216790323307716,0.5782768757348555,0.00011559357299734135,5.90772139185916e-05,3.90960982093987e-05
3202,132.47628057985239,0.4216112925705971,0.5783449425794266,0.00011559357299734135,5.90772139185916e-05,3.90960982093987e-05
3203,132.5176406424749,0.4215448730183041,0.5784117161787315,0.00011559357299734135,5.90772139185916e-05,3.90960982093987e-05
3204,132.55900070509736,0.4214801285646824,0.578476838670819,0.00011559357299734135,5.90772139185916e-05,3.90960982093987e-05
3205,132.60036076771988,0.4214173727535039,0.5785399933560736,0.00011559357299734135,5.90772139185916e-05,3.90960982093987e-05
3206,132.64172083034236,0.4213568750806739,0.5786009074280426,0.00011559357299734135,5.90772139185916e-05,3.90960982093987e-05
3207,132.68308089296488,0.42129885904137904,0.5786593539572626,0.00011559357299734135,5.90772139185916e-05,3.90960982093987e-05
3208,132.72444095558734,0.42124350097098684,0.578715153082066,0.00011559357299734135,5.90772139185916e-05,3.90960982093987e-05
3209,132.76580101820986,0.4211909297054346,0.578768172379692,0.00011559357299734135,5.90772139185916e-05,3.90960982093987e-05
3210,132.80716108083237,0.421141227065172,0.5788183264132821,0.00011559357299734135,5.90772139185916e-05,3.90960982093987e-05
3211,132.84852114345486,0.42109442914402434,0.5788655754726452,0.00011559357299734135,5.90772139185916e-05,3.90960982093987e-05
3212,132.88988120607732,0.42105052836170975,0.5789099235497431,0.00011559357299734135,5.90772139185916e-05,3.90960982093987e-05
3213,132.93124126869984,0.4210094762161894,0.5789514156121623,0.00011559357299734135,5.90772139185916e-05,3.90960982093987e-05
3214,132.97260133132232,0.4209711866514326,0.5789901342584237,0.00011559357299734135,5.90772139185916e-05,3.90960982093987e-05
3215,133.01396139394484,0.4209355399370886,0.5790261958587665,0.00011559357299734135,5.90772139185916e-05,3.90960982093987e-05
3216,133.05532145656733,0.42090238694093207,0.5790597463000433,0.00011559357299734135,5.90772139185916e-05,3.90960982093987e-05
3217,133.09668151918981,0.4208715536624155,0.5790909564663854,0.00011559357299734135,5.90772139185916e-05,3.90960982093987e-05
3218,133.1380415818123,0.420842845887699,0.5791200175955173,0.00011559357299734135,5.90772139185916e-05,3.90960982093987e-05
3219,133.17940164443482,0.42081605382282333,0.5791471366539415,0.00011559357299734135,5.90772139185916e-05,3.90960982093987e-05
3220,133.2207617070573,0.42079095656309146,0.5791725318734277,0.00011559357299734135,5.90772139185916e-05,3.90960982093987e-05
3221,133.2621217696798,0.42076732626299646,0.5791964285846732,0.00011559357299734135,5.90772139185916e-05,3.90960982093987e-05
3222,133.30348183230228,0.42074493188223305,0.5792190554731051,0.00011559357299734135,5.90772139185916e-05,3.90960982093987e-05
3223,133.34484189492477,0.4207235423990189,0.5792406413660783,0.00011559357299734135,5.90772139185916e-05,3.90960982093987e-05
3224,133.38620195754729,0.42070292940186343,0.5792614126406381,0.00011559357299734135,5.90772139185916e-05,3.90960982093987e-05
3225,133.4275620201698,0.42068286899424956,0.5792815913181887,0.00011559357299734135,5.90772139185916e-05,3.90960982093987e-05
3226,133.46892208279226,0.4206631429725984,0.5793013938861068,0.00011559357299734135,5.90772139185916e-05,3.90960982093987e-05
3227,133.51028214541475,0.4206435392653347,0.5793210308584826,0.00011559357299734135,5.90772139185916e-05,3.90960982093987e-05
3228,133.55164220803726,0.42062385164965344,0.5793407070606272,0.00011559357299734135,5.90772139185916e-05,3.90960982093987e-05
3229,133.59300227065978,0.42060387878997346,0.5793606225929038,0.00011559357299734135,5.90772139185916e-05,3.90960982093987e-05
3230,133.63436233328224,0.4205834226688707,0.5793809744035757,0.00011559357299734135,5.90772139185916e-05,3.90960982093987e-05
3231,133.67572239590476,0.4205622865054934,0.5794019583760269,0.00011559357299734135,5.90772139185916e-05,3.90960982093987e-05
3232,133.71708245852724,0.42054027227681007,0.5794237718146514,0.00011559357299734135,5.90772139185916e-05,3.90960982093987e-05
3233,133.75844252114976,0.4205171779740181,0.5794466161973877,0.00011559357299734135,5.90772139185916e-05,3.90960982093987e-05
3234,133.79980258377225,0.42049279473786333,0.5794707000504944,0.00011559357299734135,5.90772139185916e-05,3.90960982093987e-05
3235,133.84116264639474,0.42046690402361087,0.5794962417951353,0.00011559357299734135,5.90772139185916e-05,3.90960982093987e-05
3236,133.88252270901722,0.4204392749471052,0.5795234724136193,0.00011559357299734135,5.90772139185916e-05,3.90960982093987e-05
3237,133.92388277163974,0.42040966195911555,0.5795526377877445,0.00011559357299734135,5.90772139185916e-05,3.90960982093987e-05
3238,133.96524283426223,0.42037780298539007,0.5795840005714682,0.00011559357299734135,5.90772139185916e-05,3.90960982093987e-05
3239,134.00660289688471,0.4203434181549761,0.5796178414748901,0.00011559357299734135,5.90772139185916e-05,3.90960982093987e-05
3240,134.0479629595072,0.4203062092201751,0.5796544598555174,0.00011559357299734135,5.90772139185916e-05,3.90960982093987e-05
3241,134.0893230221297,0.42026585974867386,0.5796941735359976,0.00011559357299734135,5.90772139185916e-05,3.90960982093987e-05
3242,134.1306830847522,0.42022203614230064,0.5797373177931715,0.00011559357299734135,5.90772139185916e-05,3.90960982093987e-05
3243,134.17204314737472,0.4201743895093952,0.5797842434912712,0.00011559357299734135,5.90772139185916e-05,3.90960982093987e-05
3244,134.21340320999718,0.42012255838873513,0.5798353143608017,0.00011559357299734135,5.90772139185916e-05,3.90960982093987e-05
3245,134.25476327261967,0.4200661722941886,0.5798909034536451,0.00011559357299734135,5.90772139185916e-05,3.90960982093987e-05
3246,134.29612333524216,0.4200048560214631,0.5799513888326472,0.00011559357299734135,5.90772139185916e-05,3.90960982093987e-05
3247,134.3374833978647,0.41993823463251556,0.5800171485803601,0.00011559357299734135,5.90772139185916e-05,3.90960982093987e-05
3248,134.37884346048716,0.41986593900945723,0.5800885552345018,0.00011559357299734135,5.90772139185916e-05,3.90960982093987e-05
3249,134.42020352310968,0.41978761185032737,0.5801659697781097,0.00011559357299734135,5.90772139185916e-05,3.90960982093987e-05
3250,134.46156358573216,0.4197029139628859,0.5802497353280782,0.00011559357299734135,5.90772139185916e-05,3.90960982093987e-05
3251,134.50292364835468,0.4196115307010024,0.5803401706778442,0.00011559357299734135,5.90772139185916e-05,3.90960982093987e-05
3252,134.54428371097714,0.41951317838123053,0.5804375638566918,0.00011559357299734135,5.90772139185916e-05,3.90960982093987e-05
3253,134.58564377359966,0.41940761051479986,0.5805421658706208,0.00011559357299734135,5.90772139185916e-05,3.90960982093987e-05
3254,134.62700383622214,0.4192946236926622,0.5806541847877491,0.00011559357299734135,5.90772139185916e-05,3.90960982093987e-05
3255,134.66836389884463,0.4191740629679638,0.5807737803238527,0.00011559357299734135,5.90772139185916e-05,3.90960982093987e-05
3256,134.70972396146715,0.41904582659130546,0.5809010590732283,0.00011559357299734135,5.90772139185916e-05,3.90960982093987e-05
3257,134.75108402408964,0.41890986996887253,0.581036070515213,0.00011559357299734135,5.90772139185916e-05,3.90960982093987e-05
3258,134.79244408671212,0.4187662087312744,0.5811788039087329,0.00011559357299734135,5.90772139185916e-05,3.90960982093987e-05
3259,134.8338041493346,0.41861492082180146,0.5813291861667911,0.00011559357299734135,5.90772139185916e-05,3.90960982093987e-05
3260,134.87516421195713,0.41845614753498733,0.581487080780123,0.00011559357299734135,5.90772139185916e-05,3.90960982093987e-05
3261,134.91652427457961,0.4182900934608135,0.5816522878352646,0.00011559357299734135,5.90772139185916e-05,3.90960982093987e-05
3262,134.9578843372021,0.41811702531451417,0.5818245451473353,0.00011559357299734135,5.90772139185916e-05,3.90960982093987e-05
3263,134.9992443998246,0.41793726965690325,0.5820035305029826,0.00011559357299734135,5.90772139185916e-05,3.90960982093987e-05
3264,135.04060446244708,0.417751209534824,0.5821888649841342,0.00011559357299734135,5.90772139185916e-05,3.90960982093987e-05
3265,135.08196452506962,0.41755928009493926,0.5823801173198266,0.00011559357299734135,5.90772139185916e-05,3.90960982093987e-05
3266,135.12332458769208,0.4173619632461472,0.5825768091908965,0.00011559357299734135,5.90772139185916e-05,3.90960982093987e-05
3267,135.16468465031457,0.4171597814662471,0.5827784213924392,0.00011559357299734135,5.90772139185916e-05,3.90960982093987e-05
3268,135.20604471293706,0.4169532908664476,0.5829844007405629,0.00011559357299734135,5.90772139185916e-05,3.90960982093987e-05
3269,135.2474047755596,0.4167430736426312,0.5831941675949333,0.00011559357299734135,5.90772139185916e-05,3.90960982093987e-05
3270,135.28876483818206,0.41652973005479277,0.5834071238558685,0.00011559357299734135,5.90772139185916e-05,3.90960982093987e-05
3271,135.33012490080458,0.41631387008561427,0.5836226612854317,0.00011559357299734135,5.90772139185916e-05,3.90960982093987e-05
3272,135.37148496342704,0.41609610493509425,0.5838401699958259,0.00011559357299734135,5.90772139185916e-05,3.90960982093987e-05
3273,135.41284502604955,0.41587703851138025,0.5840590469451701,0.00011559357299734135,5.90772139185916e-05,3.90960982093987e-05
3274,135.45420508867207,0.4156572590772959,0.5842787042816397,0.00011559357299734135,5.90772139185916e-05,3.90960982093987e-05
3275,135.49556515129456,0.41543733120838267,0.5844985773801349,0.00011559357299734135,5.90772139185916e-05,3.90960982093987e-05
3276,135.53692521391704,0.4152177882113691,0.5847181324230378,0.00011559357299734135,5.90772139185916e-05,3.90960982093987e-05
3277,135.57828527653953,0.41499912514175413,0.584936873386336,0.00011559357299734135,5.90772139185916e-05,3.90960982093987e-05
3278,135.61964533916202,0.41478179254629227,0.5851543483056684,0.00011559357299734135,5.90772139185916e-05,3.90960982093987e-05
3279,135.66100540178454,0.414566191040279,0.5853701547122783,0.00011559357299734135,5.90772139185916e-05,3.90960982093987e-05
3280,135.70236546440702,0.4143526668116198,0.5855839441470264,0.00011559357299734135,5.90772139185916e-05,3.90960982093987e-05
3281,135.7437255270295,0.4141415081231353,0.5857954256807768,0.00011559357299734135,5.90772139185916e-05,3.90960982093987e-05
3282,135.785085589652,0.4139329428630988,0.5860043683910634,0.00011559357299734135,5.90772139185916e-05,3.90960982093987e-05
3283,135.82644565227451,0.4137271371706863,0.5862106027680727,0.00011559357299734135,5.90772139185916e-05,3.90960982093987e-05
3284,135.867805714897,0.41352419513944294,0.5864140210462362,0.00011559357299734135,5.90772139185916e-05,3.90960982093987e-05
3285,135.9091657775195,0.41332415957811264,0.5866145764819132,0.00011559357299734135,5.90772139185916e-05,3.90960982093987e-05
3286,135.95052584014198,0.41312701378487965,0.5868122816202024,0.00011559357299734135,5.90772139185916e-05,3.90960982093987e-05
3287,135.99188590276447,0.4129326842687542,0.5870072056166405,0.00011559357299734135,5.90772139185916e-05,3.90960982093987e-05
3288,136.03324596538698,0.4127410443314443,0.5871994706996192,0.00011559357299734135,5.90772139185916e-05,3.90960982093987e-05
3289,136.0746060280095,0.4125519184049255,0.5873892478775895,0.00011559357299734135,5.90772139185916e-05,3.90960982093987e-05
3290,136.11596609063196,0.4123650870242368,0.5875767520105408,0.00011559357299734135,5.90772139185916e-05,3.90960982093987e-05
3291,136.15732615325444,0.4121802923033969,0.5877622363773287,0.00011559357299734135,5.90772139185916e-05,3.90960982093987e-05
3292,136.19868621587696,0.41199724377362396,0.5879459868785145,0.00011559357299734135,5.90772139185916e-05,3.90960982093987e-05
3293,136.24004627849948,0.41181562443892245,0.5881283160192311,0.00011559357299734135,5.90772139185916e-05,3.90960982093987e-05
3294,136.28140634112194,0.4116350969038015,0.5883095568165084,0.00011559357299734135,5.90772139185916e-05,3.90960982093987e-05
3295,136.32276640374445,0.411455309432012,0.5884900567716526,0.00011559357299734135,5.90772139185916e-05,3.90960982093987e-05
3296,136.36412646636694,0.41127590180316537,0.5886701720404901,0.00011559357299734135,5.90772139185916e-05,3.90960982093987e-05
3297,136.40548652898946,0.4110965108460662,0.5888502619221954,0.00011559357299734135,5.90772139185916e-05,3.90960982093987e-05
3298,136.44684659161194,0.41091677554298345,0.5890306837726025,0.00011559357299734135,5.90772139185916e-05,3.90960982093987e-05
3299,136.48820665423443,0.4107363416171906,0.5892117884294473,0.00011559357299734135,5.90772139185916e-05,3.90960982093987e-05
3300,136.52956671685692,0.41055486553668086,0.589393916217089,0.00011559357299734135,5.90772139185916e-05,3.90960982093987e-05
3301,136.57092677947944,0.4103720178889507,0.5895773935758388,0.00011559357299734135,5.90772139185916e-05,3.90960982093987e-05
3302,136.61228684210192,0.4101874861045138,0.589762530339029,0.00011559357299734135,5.90772139185916e-05,3.90960982093987e-05
3303,136.6536469047244,0.4100009765294024,0.5899496176577993,0.00011559357299734135,5.90772139185916e-05,3.90960982093987e-05
3304,136.6950069673469,0.4098122158688781,0.590138926552243,0.00011559357299734135,5.90772139185916e-05,3.90960982093987e-05
3305,136.7363670299694,0.40962095204450716,0.5903307070473168,0.00011559357299734135,5.90772139185916e-05,3.90960982093987e-05
3306,136.7777270925919,0.40942695452466144,0.5905251878341289,0.00011559357299734135,5.90772139185916e-05,3.90960982093987e-05
3307,136.81908715521442,0.40923001420331107,0.5907225763826468,0.00011559357299734135,5.90772139185916e-05,3.90960982093987e-05
3308,136.86044721783688,0.409029942913162,0.590923059420054,0.00011559357299734135,5.90772139185916e-05,3.90960982093987e-05
3309,136.90180728045937,0.4088265726669178,0.5911268036819197,0.00011559357299734135,5.90772139185916e-05,3.90960982093987e-05
3310,136.94316734308188,0.4086197547239712,0.5913339568390642,0.00011559357299734135,5.90772139185916e-05,3.90960982093987e-05
3311,136.9845274057044,0.40840935857936034,0.5915446485039114,0.00011559357299734135,5.90772139185916e-05,3.90960982093987e-05
3312,137.02588746832686,0.40819527096757124,0.5917589912237528,0.00011559357299734135,5.90772139185916e-05,3.90960982093987e-05
3313,137.06724753094937,0.4079773949662032,0.5919770813761569,0.00011559357299734135,5.90772139185916e-05,3.90960982093987e-05
3314,137.10860759357186,0.40775564927318575,0.5921989998928322,0.00011559357299734135,5.90772139185916e-05,3.90960982093987e-05
3315,137.14996765619438,0.40752996771820854,0.5924248127510149,0.00011559357299734135,5.90772139185916e-05,3.90960982093987e-05
3316,137.19132771881684,0.40730029905325155,0.5926545711872253,0.00011559357299734135,5.90772139185916e-05,3.90960982093987e-05
3317,137.23268778143935,0.40706660705074726,0.5928883116045641,0.00011559357299734135,5.90772139185916e-05,3.90960982093987e-05
3318,137.27404784406184,0.4068288709204431,0.5931260551618993,0.00011559357299734135,5.90772139185916e-05,3.90960982093987e-05
3319,137.31540790668433,0.4065870860392577,0.5933678070500824,0.00011559357299734135,5.90772139185916e-05,3.90960982093987e-05
3320,137.35676796930684,0.4063412649719192,0.5936135554768741,0.00011559357299734135,5.90772139185916e-05,3.90960982093987e-05
3321,137.39812803192933,0.4060914387455457,0.5938632703967863,0.00011559357299734135,5.90772139185916e-05,3.90960982093987e-05
3322,137.43948809455182,0.4058376583282872,0.5941169020350818,0.00011559357299734135,5.90772139185916e-05,3.90960982093987e-05
3323,137.4808481571743,0.40557999625130403,0.5943743792661036,0.00011559357299734135,5.90772139185916e-05,3.90960982093987e-05
3324,137.52220821979682,0.4053185483054809,0.5946356079140128,0.00011559357299734135,5.90772139185916e-05,3.90960982093987e-05
3325,137.5635682824193,0.4050534352385432,0.5949004690498986,0.00011559357299734135,5.90772139185916e-05,3.90960982093987e-05
3326,137.6049283450418,0.40478480437557096,0.5951688173618063,0.00011559357299734135,5.90772139185916e-05,3.90960982093987e-05
3327,137.6462884076643,0.40451283108590425,0.5954404796746449,0.00011559357299734135,5.90772139185916e-05,3.90960982093987e-05
3328,137.6876484702868,0.40423772002180447,0.5957152536944079,0.00011559357299734135,5.90772139185916e-05,3.90960982093987e-05
3329,137.72900853290932,0.40395970605886583,0.5959929070467697,0.00011559357299734135,5.90772139185916e-05,3.90960982093987e-05
3330,137.77036859553178,0.40367905487516165,0.5962731766731902,0.00011559357299734135,5.90772139185916e-05,3.90960982093987e-05
3331,137.81172865815427,0.4033960631145146,0.596555768639819,0.00011559357299734135,5.90772139185916e-05,3.90960982093987e-05
3332,137.85308872077678,0.40311105808890246,0.5968403584038928,0.00011559357299734135,5.90772139185916e-05,3.90960982093987e-05
3333,137.89444878339924,0.40282439698648514,0.5971265915724683,0.00011559357299734135,5.90772139185916e-05,3.90960982093987e-05
3334,137.93580884602176,0.40253646556319556,0.5974140851757858,0.00011559357299734135,5.90772139185916e-05,3.90960982093987e-05
3335,137.97716890864427,0.40224767630799846,0.5977024294658272,0.00011559357299734135,5.90772139185916e-05,3.90960982093987e-05
3336,138.01852897126676,0.4019584660847679,0.5979911902381905,0.00011559357299734135,5.90772139185916e-05,3.90960982093987e-05
3337,138.05988903388925,0.401669293266018,0.5982799116626851,0.00011559357299734135,5.90772139185916e-05,3.90960982093987e-05
3338,138.10124909651176,0.401380634385865,0.5985681195962302,0.00011559357299734135,5.90772139185916e-05,3.90960982093987e-05
3339,138.14260915913425,0.4010929803516878,0.5988553253392588,0.00011559357299734135,5.90772139185916e-05,3.90960982093987e-05
3340,138.18396922175674,0.40080683226496916,0.599141029786315,0.00011559357299734135,5.90772139185916e-05,3.90960982093987e-05
3341,138.22532928437923,0.4005226969120855,0.5994247279104437,0.00011559357299734135,5.90772139185916e-05,3.90960982093987e-05
3342,138.26668934700172,0.40024108199528,0.5997059135122246,0.00011559357299734135,5.90772139185916e-05,3.90960982093987e-05
3343,138.30804940962423,0.39996249118197164,0.5999840841555921,0.00011559357299734135,5.90772139185916e-05,3.90960982093987e-05
3344,138.34940947224672,0.3996874190571956,0.6002587462063929,0.00011559357299734135,5.90772139185916e-05,3.90960982093987e-05
3345,138.3907695348692,0.3994163460689522,0.6005294198841729,0.00011559357299734135,5.90772139185916e-05,3.90960982093987e-05
3346,138.4321295974917,0.3991497335594071,0.6007956442345218,0.00011559357299734135,5.90772139185916e-05,3.90960982093987e-05
3347,138.47348966011424,0.3988880189757693,0.6010569819282209,0.00011559357299734135,5.90772139185916e-05,3.90960982093987e-05
3348,138.5148497227367,0.39863161135382086,0.6013130237942845,0.00011559357299734135,5.90772139185916e-05,3.90960982093987e-05
3349,138.5562097853592,0.39838088716359943,0.6015633929970523,0.00011559357299734135,5.90772139185916e-05,3.90960982093987e-05
3350,138.59756984798167,0.3981361866009044,0.6018077487733813,0.00011559357299734135,5.90772139185916e-05,3.90960982093987e-05
3351,138.63892991060416,0.39789781040055133,0.6020457896535789,0.00011559357299734135,5.90772139185916e-05,3.90960982093987e-05
3352,138.68028997322668,0.3976660172368026,0.602277256099791,0.00011559357299734135,5.90772139185916e-05,3.90960982093987e-05
3353,138.7216500358492,0.3974410217643267,0.6025019325079614,0.00011559357299734135,5.90772139185916e-05,3.90960982093987e-05
3354,138.76301009847168,0.397222993338888,0.6027196485331874,0.00011559357299734135,5.90772139185916e-05,3.90960982093987e-05
3355,138.80437016109414,0.39701205544166773,0.6029302797133201,0.00011559357299734135,5.90772139185916e-05,3.90960982093987e-05
3356,138.84573022371666,0.39680828581453587,0.6031337473828543,0.00011559357299734135,5.90772139185916e-05,3.90960982093987e-05
3357,138.88709028633917,0.3966117172969183,0.6033300178849094,0.00011559357299734135,5.90772139185916e-05,3.90960982093987e-05
3358,138.92845034896166,0.3964223393378736,0.6035191011067484,0.00011559357299734135,5.90772139185916e-05,3.90960982093987e-05
3359,138.96981041158415,0.3962401001407894,0.6037010483799543,0.00011559357299734135,5.90772139185916e-05,3.90960982093987e-05
3360,139.01117047420664,0.3960649093831499,0.6038759498019349,0.00011559357299734135,5.90772139185916e-05,3.90960982093987e-05
3361,139.05253053682915,0.3958966414403067,0.6040439310483452,0.00011559357299734135,5.90772139185916e-05,3.90960982093987e-05
3362,139.09389059945164,0.3957351390310353,0.6042051497577363,0.00011559357299734135,5.90772139185916e-05,3.90960982093987e-05
3363,139.13525066207413,0.39558021719394304,0.6043597915782477,0.00011559357299734135,5.90772139185916e-05,3.90960982093987e-05
3364,139.17661072469662,0.3954316674981685,0.6045080659720843,0.00011559357299734135,5.90772139185916e-05,3.90960982093987e-05
3365,139.2179707873191,0.3952892623887432,0.6046502018766745,0.00011559357299734135,5.90772139185916e-05,3.90960982093987e-05
3366,139.25933084994162,0.3951527595675563,0.6047864433209805,0.00011559357299734135,5.90772139185916e-05,3.90960982093987e-05
3367,139.3006909125641,0.39502190631414136,0.6049170450924158,0.00011559357299734135,5.90772139185916e-05,3.90960982093987e-05
3368,139.3420509751866,0.39489644365650794,0.6050422685440936,0.00011559357299734135,5.90772139185916e-05,3.90960982093987e-05
3369,139.38341103780908,0.3947761103109757,0.6051623776233382,0.00011559357299734135,5.90772139185916e-05,3.90960982093987e-05
3370,139.4247711004316,0.39466064632075604,0.6052776351924174,0.00011559357299734135,5.90772139185916e-05,3.90960982093987e-05
3371,139.46613116305411,0.3945497963350609,0.6053882997001152,0.00011559357299734135,5.90772139185916e-05,3.90960982093987e-05
3372,139.50749122567657,0.3944433124839811,0.6054946222496914,0.00011559357299734135,5.90772139185916e-05,3.90960982093987e-05
3373,139.54885128829906,0.3943409568183726,0.6055968440955156,0.00011559357299734135,5.90772139185916e-05,3.90960982093987e-05
3374,139.59021135092158,0.39424250329716665,0.6056951945866564,0.00011559357299734135,5.90772139185916e-05,3.90960982093987e-05
3375,139.6315714135441,0.39414773931828684,0.6057898895634645,0.00011559357299734135,5.90772139185916e-05,3.90960982093987e-05
3376,139.67293147616655,0.394056466800997,0.6058811302004355,0.00011559357299734135,5.90772139185916e-05,3.90960982093987e-05
3377,139.71429153878907,0.3939685028383032,0.6059691022787992,0.00011559357299734135,5.90772139185916e-05,3.90960982093987e-05
3378,139.75565160141156,0.3938836799471329,0.6060539758631094,0.00011559357299734135,5.90772139185916e-05,3.90960982093987e-05
3379,139.79701166403407,0.3938018459509648,0.6061359053486545,0.00011559357299734135,5.90772139185916e-05,3.90960982093987e-05
3380,139.83837172665656,0.3937228635349638,0.6062150298419388,0.00011559357299734135,5.90772139185916e-05,3.90960982093987e-05
3381,139.87973178927905,0.39364660951684605,0.6062914738323456,0.00011559357299734135,5.90772139185916e-05,3.90960982093987e-05
3382,139.92109185190154,0.393572973878687,0.6063653481117819,0.00011559357299734135,5.90772139185916e-05,3.90960982093987e-05
3383,139.96245191452402,0.3935018586044772,0.6064367508985974,0.00011559357299734135,5.90772139185916e-05,3.90960982093987e-05
3384,140.00381197714654,0.39343317636738434,0.6065057691230645,0.00011559357299734135,5.90772139185916e-05,3.90960982093987e-05
3385,140.04517203976903,0.39336684910863684,0.6065724798335224,0.00011559357299734135,5.90772139185916e-05,3.90960982093987e-05
3386,140.08653210239152,0.3933028065464917,0.6066369516849582,0.00011559357299734135,5.90772139185916e-05,3.90960982093987e-05
3387,140.127892165014,0.3932409846511607,0.6066992464747103,0.00011559357299734135,5.90772139185916e-05,3.90960982093987e-05
3388,140.16925222763652,0.39318132411770795,0.6067594206928284,0.00011559357299734135,5.90772139185916e-05,3.90960982093987e-05
3389,140.210612290259,0.39312376886551376,0.6068175270581554,0.00011559357299734135,5.90772139185916e-05,3.90960982093987e-05
3390,140.2519723528815,0.3930682645898397,0.6068736160137108,0.00011559357299734135,5.90772139185916e-05,3.90960982093987e-05
3391,140.29333241550398,0.3930147573880021,0.6069277371576486,0.00011559357299734135,5.90772139185916e-05,3.90960982093987e-05
3392,140.3346924781265,0.39296319247994665,0.6069799405886657,0.00011559357299734135,5.90772139185916e-05,3.90960982093987e-05
3393,140.37605254074901,0.3929135130405892,0.607030278146672,0.00011559357299734135,5.90772139185916e-05,3.90960982093987e-05
3394,140.41741260337147,0.3928656591595592,0.6070788045313873,0.00011559357299734135,5.90772139185916e-05,3.90960982093987e-05
3395,140.45877266599396,0.39281956694134235,0.6071255782837115,0.00011559357299734135,5.90772139185916e-05,3.90960982093987e-05
3396,140.50013272861648,0.3927751677575286,0.6071706626163605,0.00011559357299734135,5.90772139185916e-05,3.90960982093987e-05
3397,140.54149279123894,0.3927323876605451,0.6072141260820019,0.00011559357299734135,5.90772139185916e-05,3.90960982093987e-05
3398,140.58285285386145,0.3926911469662609,0.6072560430699904,0.00011559357299734135,5.90772139185916e-05,3.90960982093987e-05
3399,140.62421291648397,0.39265136001054335,0.6072964941244803,0.00011559357299734135,5.90772139185916e-05,3.90960982093987e-05
3400,140.66557297910646,0.39261293508244643,0.6073355660795388,0.00011559357299734135,5.90772139185916e-05,3.90960982093987e-05
3401,140.70693304172894,0.39257577453394105,0.6073733520103511,0.00011559357299734135,5.90772139185916e-05,3.90960982093987e-05
3402,140.74829310435146,0.39253977506320104,0.607409951001932,0.00011559357299734135,5.90772139185916e-05,3.90960982093987e-05
3403,140.78965316697395,0.39250482816571447,0.6074454677404105,0.00011559357299734135,5.90772139185916e-05,3.90960982093987e-05
3404,140.83101322959644,0.39247082074442086,0.6074800119354183,0.00011559357299734135,5.90772139185916e-05,3.90960982093987e-05
3405,140.87237329221892,0.39243763586717084,0.6075136975844724,0.00011559357299734135,5.90772139185916e-05,3.90960982093987e-05
3406,140.9137333548414,0.39240515365776274,0.6075466420941171,0.00011559357299734135,5.90772139185916e-05,3.90960982093987e-05
3407,140.95509341746393,0.39237325230380915,0.6075789652740158,0.00011559357299734135,5.90772139185916e-05,3.90960982093987e-05
3408,140.99645348008642,0.3923418091636587,0.6076107882233709,0.00011559357299734135,5.90772139185916e-05,3.90960982093987e-05
3409,141.0378135427089,0.3923107019528591,0.6076422321293433,0.00011559357299734135,5.90772139185916e-05,3.90960982093987e-05
3410,141.07917360533142,0.39227980998995327,0.6076734169995096,0.00011559357299734135,5.90772139185916e-05,3.90960982093987e-05
3411,141.12053366795394,0.39224901548095065,0.607704460349575,0.00011559357299734135,5.90772139185916e-05,3.90960982093987e-05
3412,141.1618937305764,0.392218204822158,0.6077354758686696,0.00011559357299734135,5.90772139185916e-05,3.90960982093987e-05
3413,141.20325379319888,0.3921872699010975,0.6077665720834029,0.00011559357299734135,5.90772139185916e-05,3.90960982093987e-05
3414,141.2446138558214,0.39215610937591694,0.6077978510418277,0.00011559357299734135,5.90772139185916e-05,3.90960982093987e-05
3415,141.28597391844386,0.39212462991467856,0.6078294070374535,0.00011559357299734135,5.90772139185916e-05,3.90960982093987e-05
3416,141.32733398106637,0.39209274737585287,0.6078613253926888,0.00011559357299734135,5.90772139185916e-05,3.90960982093987e-05
3417,141.3686940436889,0.3920603879123782,0.6078936813209415,0.00011559357299734135,5.90772139185916e-05,3.90960982093987e-05
3418,141.41005410631138,0.39202748898161544,0.6079265388855392,0.00011559357299734135,5.90772139185916e-05,3.90960982093987e-05
3419,141.45141416893384,0.3919940002433265,0.6079599500743679,0.00011559357299734135,5.90772139185916e-05,3.90960982093987e-05
3420,141.49277423155635,0.3919598843273486,0.6079939540086053,0.00011559357299734135,5.90772139185916e-05,3.90960982093987e-05
3421,141.53413429417887,0.39192511745252234,0.6080285763047032,0.00011559357299734135,5.90772139185916e-05,3.90960982093987e-05
3422,141.57549435680136,0.3918896898768756,0.6080638286092644,0.00011559357299734135,5.90772139185916e-05,3.90960982093987e-05
3423,141.61685441942385,0.3918536061591261,0.6080997083269768,0.00011559357299734135,5.90772139185916e-05,3.90960982093987e-05
3424,141.65821448204633,0.39181688521065317,0.6081361985616133,0.00011559357299734135,5.90772139185916e-05,3.90960982093987e-05
3425,141.69957454466885,0.3917795601174339,0.6081732682906805,0.00011559357299734135,5.90772139185916e-05,3.90960982093987e-05
3426,141.74093460729134,0.3917416777118524,0.6082108727926681,0.00011559357299734135,5.90772139185916e-05,3.90960982093987e-05
3427,141.78229466991382,0.39170329787649083,0.6082489543443572,0.00011559357299734135,5.90772139185916e-05,3.90960982093987e-05
3428,141.8236547325363,0.39166449256434654,0.6082874432029612,0.00011559357299734135,5.90772139185916e-05,3.90960982093987e-05
3429,141.8650147951588,0.3916253445243138,0.6083262588832131,0.00011559357299734135,5.90772139185916e-05,3.90960982093987e-05
3430,141.90637485778132,0.3915859457263913,0.6083653117345391,0.00011559357299734135,5.90772139185916e-05,3.90960982093987e-05
3431,141.9477349204038,0.391546395487623,0.608404504816215,0.00011559357299734135,5.90772139185916e-05,3.90960982093987e-05
3432,141.98909498302632,0.39150679830796437,0.608443736060911,0.00011559357299734135,5.90772139185916e-05,3.90960982093987e-05
3433,142.03045504564878,0.39146726143484534,0.6084829007071147,0.00011559357299734135,5.90772139185916e-05,3.90960982093987e-05
3434,142.0718151082713,0.39142789218462565,0.6085218939720383,0.00011559357299734135,5.90772139185916e-05,3.90960982093987e-05
3435,142.1131751708938,0.3913887950598377,0.6085606139255567,0.00011559357299734135,5.90772139185916e-05,3.90960982093987e-05
3436,142.1545352335163,0.3913500687117274,0.6085989645158121,0.00011559357299734135,5.90772139185916e-05,3.90960982093987e-05
3437,142.19589529613876,0.3913118028070243,0.6086368586873256,0.00011559357299734135,5.90772139185916e-05,3.90960982093987e-05
3438,142.23725535876127,0.39127407486720206,0.6086742215236566,0.00011559357299734135,5.90772139185916e-05,3.90960982093987e-05
3439,142.2786154213838,0.39123694715586627,0.6087109933393297,0.00011559357299734135,5.90772139185916e-05,3.90960982093987e-05
3440,142.31997548400628,0.3912004636950885,0.608747132640293,0.00011559357299734135,5.90772139185916e-05,3.90960982093987e-05
3441,142.36133554662877,0.3911646474949279,0.6087826188697703,0.00011559357299734135,5.90772139185916e-05,3.90960982093987e-05
3442,142.40269560925125,0.3911294980804563,0.6088174548551133,0.00011559357299734135,5.90772139185916e-05,3.90960982093987e-05
3443,142.44405567187377,0.39109498939817494,0.6088516688750591,0.00011559357299734135,5.90772139185916e-05,3.90960982093987e-05
3444,142.48541573449626,0.39106106817776387,0.6088853162715236,0.00011559357299734135,5.90772139185916e-05,3.90960982093987e-05
3445,142.52677579711875,0.3910276528170861,0.608918480539412,0.00011559357299734135,5.90772139185916e-05,3.90960982093987e-05
3446,142.56813585974123,0.3909946328458662,0.6089512738388695,0.00011559357299734135,5.90772139185916e-05,3.90960982093987e-05
3447,142.60949592236372,0.3909618690104594,0.6089838368889992,0.00011559357299734135,5.90772139185916e-05,3.90960982093987e-05
3448,142.65085598498624,0.39092919400520604,0.6090163382175432,0.00011559357299734135,5.90772139185916e-05,3.90960982093987e-05
3449,142.69221604760872,0.3908964138584504,0.609048972759046,0.00011559357299734135,5.90772139185916e-05,3.90960982093987e-05
3450,142.7335761102312,0.3908633099626664,0.6090819598128507,0.00011559357299734135,5.90772139185916e-05,3.90960982093987e-05
3451,142.7749361728537,0.3908296417189226,0.609115540390257,0.00011559357299734135,5.90772139185916e-05,3.90960982093987e-05
3452,142.81629623547622,0.39079514974764734,0.6091499739997641,0.00011559357299734135,5.90772139185916e-05,3.90960982093987e-05
3453,142.8576562980987,0.39075955959994557,0.6091855349357886,0.00011559357299734135,5.90772139185916e-05,3.90960982093987e-05
3454,142.89901636072122,0.39072258588841924,0.609222508152003,0.00011559357299734135,5.90772139185916e-05,3.90960982093987e-05
3455,142.94037642334368,0.3906839367427967,0.6092611848139331,0.00011559357299734135,5.90772139185916e-05,3.90960982093987e-05
3456,142.9817364859662,0.3906433184854259,0.6093018576352816,0.00011559357299734135,5.90772139185916e-05,3.90960982093987e-05
3457,143.0230965485887,0.3906004404147604,0.6093448161098647,0.00011559357299734135,5.90772139185916e-05,3.90960982093987e-05
3458,143.0644566112112,0.3905550195808112,0.6093903417546459,0.00011559357299734135,5.90772139185916e-05,3.90960982093987e-05
3459,143.10581667383366,0.39050678543684425,0.6094387034791767,0.00011559357299734135,5.90772139185916e-05,3.90960982093987e-05
3460,143.14717673645617,0.3904554842550675,0.609490153193262,0.00011559357299734135,5.90772139185916e-05,3.90960982093987e-05
3461,143.18853679907863,0.3904008832009163,0.6095449217578605,0.00011559357299734135,5.90772139185916e-05,3.90960982093987e-05
3462,143.22989686170118,0.3903427739705066,0.609603215374033,0.00011559357299734135,5.90772139185916e-05,3.90960982093987e-05
3463,143.27125692432367,0.39028097590886107,0.6096652124919661,0.00011559357299734135,5.90772139185916e-05,3.90960982093987e-05
3464,143.31261698694615,0.39021533854115015,0.6097310613074517,0.00011559357299734135,5.90772139185916e-05,3.90960982093987e-05
3465,143.35397704956864,0.39014574346592085,0.6098008778962095,0.00011559357299734135,5.90772139185916e-05,3.90960982093987e-05
3466,143.39533711219116,0.3900721055770296,0.6098747450190966,0.00011559357299734135,5.90772139185916e-05,3.90960982093987e-05
3467,143.43669717481365,0.38999437359897526,0.6099527116133519,0.00011559357299734135,5.90772139185916e-05,3.90960982093987e-05
3468,143.47805723743613,0.389912529937976,0.6100347929666516,0.00011559357299734135,5.90772139185916e-05,3.90960982093987e-05
3469,143.51941730005862,0.38982658986896784,0.6101209715542472,0.00011559357299734135,5.90772139185916e-05,3.90960982093987e-05
3470,143.5607773626811,0.3897366000937294,0.6102111985030949,0.00011559357299734135,5.90772139185916e-05,3.90960982093987e-05
3471,143.60213742530362,0.38964263672021493,0.6103053956332409,0.00011559357299734135,5.90772139185916e-05,3.90960982093987e-05
3472,143.6434974879261,0.3895448027250198,0.6104034580139548,0.00011559357299734135,5.90772139185916e-05,3.90960982093987e-05
3473,143.6848575505486,0.38944322497079775,0.610505256962885,0.00011559357299734135,5.90772139185916e-05,3.90960982093987e-05
3474,143.72621761317112,0.38933805085778267,0.610610643408853,0.00011559357299734135,5.90772139185916e-05,3.90960982093987e-05
3475,143.76757767579363,0.38922944469368115,0.6107194515340199,0.00011559357299734135,5.90772139185916e-05,3.90960982093987e-05
3476,143.8089377384161,0.38911758386825884,0.6108315026090796,0.00011559357299734135,5.90772139185916e-05,3.90960982093987e-05
3477,143.85029780103858,0.3890026549188729,0.6109466089347968,0.00011559357299734135,5.90772139185916e-05,3.90960982093987e-05
3478,143.8916578636611,0.38888484957146424,0.6110645778059839,0.00011559357299734135,5.90772139185916e-05,3.90960982093987e-05
3479,143.93301792628355,0.38876436083657484,0.6111852154175819,0.00011559357299734135,5.90772139185916e-05,3.90960982093987e-05
3480,143.9743779889061,0.38864137923450476,0.611308330639426,0.00011559357299734135,5.90772139185916e-05,3.90960982093987e-05
3481,144.0157380515286,0.3885160892163318,0.6114337385924697,0.00011559357299734135,5.90772139185916e-05,3.90960982093987e-05
3482,144.05709811415107,0.38838866583885817,0.6115612639687237,0.00011559357299734135,5.90772139185916e-05,3.90960982093987e-05
3483,144.09845817677353,0.3882592717425675,0.6116907440457889,0.00011559357299734135,5.90772139185916e-05,3.90960982093987e-05
3484,144.13981823939605,0.3881280544722359,0.6118220313565869,0.00011559357299734135,5.90772139185916e-05,3.90960982093987e-05
3485,144.18117830201857,0.38799514416957565,0.6119549959848095,0.00011559357299734135,5.90772139185916e-05,3.90960982093987e-05
3486,144.22253836464105,0.3878606516581209,0.612089527466359,0.00011559357299734135,5.90772139185916e-05,3.90960982093987e-05
3487,144.26389842726354,0.3877246669311398,0.6122255362860404,0.00011559357299734135,5.90772139185916e-05,3.90960982093987e-05
3488,144.30525848988603,0.38758725804447525,0.6123629549679174,0.00011559357299734135,5.90772139185916e-05,3.90960982093987e-05
3489,144.34661855250855,0.387448470408322,0.6125017387656329,0.00011559357299734135,5.90772139185916e-05,3.90960982093987e-05
3490,144.38797861513103,0.3873083264650424,0.6126418659661588,0.00011559357299734135,5.90772139185916e-05,3.90960982093987e-05
3491,144.42933867775352,0.38716682573343286,0.61278333782636,0.00011559357299734135,5.90772139185916e-05,3.90960982093987e-05
3492,144.470698740376,0.3870239451952901,0.6129261781678578,0.00011559357299734135,5.90772139185916e-05,3.90960982093987e-05
3493,144.5120588029985,0.3868796399956963,0.6130704326582638,0.00011559357299734135,5.90772139185916e-05,3.90960982093987e-05
3494,144.553418865621,0.3867338444257002,0.6132161678111238,0.00011559357299734135,5.90772139185916e-05,3.90960982093987e-05
3495,144.5947789282435,0.38658647315392897,0.6133634697382441,0.00011559357299734135,5.90772139185916e-05,3.90960982093987e-05
3496,144.63613899086602,0.3864374226733171,0.6135124426887079,0.00011559357299734135,5.90772139185916e-05,3.90960982093987e-05
3497,144.67749905348848,0.38628657292862534,0.6136632074090588,0.00011559357299734135,5.90772139185916e-05,3.90960982093987e-05
3498,144.718859116111,0.3861337890919347,0.6138158993580699,0.00011559357299734135,5.90772139185916e-05,3.90960982093987e-05
3499,144.7602191787335,0.38597892345491963,0.6139706668072248,0.00011559357299734135,5.90772139185916e-05,3.90960982093987e-05
3500,144.801579241356,0.3858218174091713,0.6141276688560495,0.00011559357299734135,5.90772139185916e-05,3.90960982093987e-05
3501,144.84293930397845,0.38566230348864156,0.614287073388229,0.00011559357299734135,5.90772139185916e-05,3.90960982093987e-05
3502,144.88429936660097,0.3855002074519248,0.6144490549907732,0.00011559357299734135,5.90772139185916e-05,3.90960982093987e-05
3503,144.9256594292235,0.38533535038509165,0.6146137928554025,0.00011559357299734135,5.90772139185916e-05,3.90960982093987e-05
3504,144.96701949184597,0.385167550809398,0.6147814686777334,0.00011559357299734135,5.90772139185916e-05,3.90960982093987e-05
3505,145.00837955446846,0.3849966267816138,0.6149522645662736,0.00011559357299734135,5.90772139185916e-05,3.90960982093987e-05
3506,145.04973961709095,0.38482239797702783,0.6151263609707321,0.00011559357299734135,5.90772139185916e-05,3.90960982093987e-05
3507,145.09109967971347,0.38464468774775673,0.6153039346366759,0.00011559357299734135,5.90772139185916e-05,3.90960982093987e-05
3508,145.13245974233595,0.38446332515053755,0.6154851565918739,0.00011559357299734135,5.90772139185916e-05,3.90960982093987e-05
3509,145.17381980495844,0.3842781469387632,0.6156701901692012,0.00011559357299734135,5.90772139185916e-05,3.90960982093987e-05
3510,145.21517986758093,0.38408899951330316,0.6158591890706983,0.00011559357299734135,5.90772139185916e-05,3.90960982093987e-05
3511,145.25653993020342,0.3838957408260137,0.6160522954788186,0.00011559357299734135,5.90772139185916e-05,3.90960982093987e-05
3512,145.29789999282593,0.38369824222738225,0.6162496382225442,0.00011559357299734135,5.90772139185916e-05,3.90960982093987e-05
3513,145.33926005544842,0.38349639024736626,0.6164513310088804,0.00011559357299734135,5.90772139185916e-05,3.90960982093987e-05
3514,145.38062011807094,0.38329008829524225,0.6166574707336231,0.00011559357299734135,5.90772139185916e-05,3.90960982093987e-05
3515,145.4219801806934,0.3830792582602315,0.6168681358889623,0.00011559357299734135,5.90772139185916e-05,3.90960982093987e-05
3516,145.46334024331588,0.3828638419909511,0.61708338508984,0.00011559357299734135,5.90772139185916e-05,3.90960982093987e-05
3517,145.5047003059384,0.3826438026278047,0.6173032557444049,0.00011559357299734135,5.90772139185916e-05,3.90960982093987e-05
3518,145.54606036856092,0.382419125759017,0.6175277628978025,0.00011559357299734135,5.90772139185916e-05,3.90960982093987e-05
3519,145.58742043118338,0.3821898203680871,0.6177568982814712,0.00011559357299734135,5.90772139185916e-05,3.90960982093987e-05
3520,145.6287804938059,0.3819559195390384,0.6179906296012919,0.00011559357299734135,5.90772139185916e-05,3.90960982093987e-05
3521,145.6701405564284,0.3817174808850699,0.6182289000993777,0.00011559357299734135,5.90772139185916e-05,3.90960982093987e-05
3522,145.7115006190509,0.38147458666732015,0.6184716284225567,0.00011559357299734135,5.90772139185916e-05,3.90960982093987e-05
3523,145.75286068167335,0.381227343573491,0.61871870882834,0.00011559357299734135,5.90772139185916e-05,3.90960982093987e-05
3524,145.79422074429587,0.3809758821301004,0.6189700117544668,0.00011559357299734135,5.90772139185916e-05,3.90960982093987e-05
3525,145.83558080691836,0.3807203557286618,0.619225384772327,0.00011559357299734135,5.90772139185916e-05,3.90960982093987e-05
3526,145.87694086954087,0.38046093925400665,0.6194846539362749,0.00011559357299734135,5.90772139185916e-05,3.90960982093987e-05
3527,145.91830093216336,0.38019782731215407,0.6197476255318065,0.00011559357299734135,5.90772139185916e-05,3.90960982093987e-05
3528,145.95966099478585,0.3799312320656283,0.6200140882151263,0.00011559357299734135,5.90772139185916e-05,3.90960982093987e-05
3529,146.00102105740834,0.3796613806957636,0.6202838155250232,0.00011559357299734135,5.90772139185916e-05,3.90960982093987e-05
3530,146.04238112003085,0.37938851252279776,0.6205565687367621,0.00011559357299734135,5.90772139185916e-05,3.90960982093987e-05
3531,146.08374118265334,0.37911287582635905,0.6208321000158032,0.00011559357299734135,5.90772139185916e-05,3.90960982093987e-05
3532,146.12510124527583,0.3788347244200286,0.6211101558183436,0.00011559357299734135,5.90772139185916e-05,3.90960982093987e-05
3533,146.16646130789832,0.3785543140433116,0.6213904804757967,0.00011559357299734135,5.90772139185916e-05,3.90960982093987e-05
3534,146.2078213705208,0.37827189864273014,0.6216728198921398,0.00011559357299734135,5.90772139185916e-05,3.90960982093987e-05
3535,146.24918143314332,0.3779877266202121,0.6219569252765788,0.00011559357299734135,5.90772139185916e-05,3.90960982093987e-05
3536,146.29054149576584,0.37770203713090666,0.6222425568300279,0.00011559357299734135,5.90772139185916e-05,3.90960982093987e-05
3537,146.3319015583883,0.3774150565139522,0.6225294873025536,0.00011559357299734135,5.90772139185916e-05,3.90960982093987e-05
3538,146.3732616210108,0.3771269949389437,0.6228175053396663,0.00011559357299734135,5.90772139185916e-05,3.90960982093987e-05
3539,146.41462168363333,0.3768380433468246,0.6231064185395517,0.00011559357299734135,5.90772139185916e-05,3.90960982093987e-05
3540,146.45598174625582,0.37654837075767505,0.6233960561491001,0.00011559357299734135,5.90772139185916e-05,3.90960982093987e-05
3541,146.49734180887828,0.3762581220097077,0.623686271335413,0.00011559357299734135,5.90772139185916e-05,3.90960982093987e-05
3542,146.5387018715008,0.37596741598297634,0.6239769429795331,0.00011559357299734135,5.90772139185916e-05,3.90960982093987e-05
3543,146.58006193412328,0.37567634434945923,0.6242679769511301,0.00011559357299734135,5.90772139185916e-05,3.90960982093987e-05
3544,146.6214219967458,0.37538497087847655,0.6245593068358424,0.00011559357299734135,5.90772139185916e-05,3.90960982093987e-05
3545,146.66278205936828,0.3750933313126104,0.624850894099694,0.00011559357299734135,5.90772139185916e-05,3.90960982093987e-05
3546,146.70414212199077,0.3748014338159476,0.625142727689244,0.00011559357299734135,5.90772139185916e-05,3.90960982093987e-05
3547,146.74550218461326,0.37450925998351076,0.6254348230778225,0.00011559357299734135,5.90772139185916e-05,3.90960982093987e-05
3548,146.78686224723575,0.37421676638862755,0.6257272207809865,0.00011559357299734135,5.90772139185916e-05,3.90960982093987e-05
3549,146.82822230985826,0.3739238866339197,0.6260199843743299,0.00011559357299734135,5.90772139185916e-05,3.90960982093987e-05
3550,146.86958237248075,0.37363053386275424,0.6263131980559111,0.00011559357299734135,5.90772139185916e-05,3.90960982093987e-05
3551,146.91094243510324,0.37333660368005034,0.6266069638030334,0.00011559357299734135,5.90772139185916e-05,3.90960982093987e-05
3552,146.95230249772573,0.37304197742559303,0.6269013981784461,0.00011559357299734135,5.90772139185916e-05,3.90960982093987e-05
3553,146.99366256034824,0.3727465257391115,0.6271966288448437,0.00011559357299734135,5.90772139185916e-05,3.90960982093987e-05
3554,147.03502262297073,0.3724501123539768,0.6274927908489026,0.00011559357299734135,5.90772139185916e-05,3.90960982093987e-05
3555,147.07638268559322,0.37215259805507117,0.627790022736653,0.00011559357299734135,5.90772139185916e-05,3.90960982093987e-05
3556,147.1177427482157,0.37185384473739724,0.6280884625616933,0.00011559357299734135,5.90772139185916e-05,3.90960982093987e-05
3557,147.1591028108382,0.37155371950237587,0.6283882438466478,0.00011559357299734135,5.90772139185916e-05,3.90960982093987e-05
3558,147.20046287346074,0.37125209873123066,0.6286894915562,0.00011559357299734135,5.90772139185916e-05,3.90960982093987e-05
3559,147.2418229360832,0.37094887207700616,0.628992318138106,0.00011559357299734135,5.90772139185916e-05,3.90960982093987e-05
3560,147.2831829987057,0.37064394631909653,0.6292968196862146,0.00011559357299734135,5.90772139185916e-05,3.90960982093987e-05
3561,147.32454306132817,0.3703372490266176,0.6296030722776722,0.00011559357299734135,5.90772139185916e-05,3.90960982093987e-05
3562,147.36590312395072,0.37002873197928937,0.6299111285343425,0.00011559357299734135,5.90772139185916e-05,3.90960982093987e-05
3563,147.40726318657318,0.36971837429646576,0.6302210144570806,0.00011559357299734135,5.90772139185916e-05,3.90960982093987e-05
3564,147.4486232491957,0.3694061852267496,0.6305327265802095,0.00011559357299734135,5.90772139185916e-05,3.90960982093987e-05
3565,147.48998331181815,0.3690922065526586,0.6308462294920154,0.00011559357299734135,5.90772139185916e-05,3.90960982093987e-05
3566,147.53134337444067,0.3687765145661323,0.6311614537663636,0.00011559357299734135,5.90772139185916e-05,3.90960982093987e-05
3567,147.57270343706318,0.3684592215731206,0.6314782943487574,0.00011559357299734135,5.90772139185916e-05,3.90960982093987e-05
3568,147.61406349968567,0.3681404768876826,0.6317966094383773,0.00011559357299734135,5.90772139185916e-05,3.90960982093987e-05
3569,147.65542356230816,0.36782046727920154,0.6321162199051481,0.00011559357299734135,5.90772139185916e-05,3.90960982093987e-05
3570,147.69678362493065,0.36749941684024884,0.6324369092772036,0.00011559357299734135,5.90772139185916e-05,3.90960982093987e-05
3571,147.73814368755316,0.3671775862477815,0.632758424329489,0.00011559357299734135,5.90772139185916e-05,3.90960982093987e-05
3572,147.77950375017565,0.3668552713967361,0.6330804762982654,0.00011559357299734135,5.90772139185916e-05,3.90960982093987e-05
3573,147.82086381279814,0.3665328013924519,0.6334027427385538,0.00011559357299734135,5.90772139185916e-05,3.90960982093987e-05
3574,147.86222387542063,0.3662105358979471,0.6337248700326177,0.00011559357299734135,5.90772139185916e-05,3.90960982093987e-05
3575,147.9035839380431,0.3658888618419953,0.6340464765473555,0.00011559357299734135,5.90772139185916e-05,3.90960982093987e-05
3576,147.94494400066563,0.3655681895059006,0.6343671564259807,0.00011559357299734135,5.90772139185916e-05,3.90960982093987e-05
3577,147.98630406328812,0.36524894801959706,0.6346864839869716,0.00011559357299734135,5.90772139185916e-05,3.90960982093987e-05
3578,148.02766412591063,0.3649315803110923,0.6350040186887512,0.00011559357299734135,5.90772139185916e-05,3.90960982093987e-05
3579,148.0690241885331,0.36461653756742224,0.6353193106047033,0.00011559357299734135,5.90772139185916e-05,3.90960982093987e-05
3580,148.11038425115558,0.36430427327899495,0.6356319063376903,0.00011559357299734135,5.90772139185916e-05,3.90960982093987e-05
3581,148.1517443137781,0.36399523695333824,0.6359413552898519,0.00011559357299734135,5.90772139185916e-05,3.90960982093987e-05
3582,148.1931043764006,0.3636898675964435,0.6362472161893029,0.00011559357299734135,5.90772139185916e-05,3.90960982093987e-05
3583,148.23446443902307,0.36338858707193533,0.6365490637636647,0.00011559357299734135,5.90772139185916e-05,3.90960982093987e-05
3584,148.2758245016456,0.36309179345731424,0.636846495439681,0.00011559357299734135,5.90772139185916e-05,3.90960982093987e-05
3585,148.3171845642681,0.3627998545244355,0.6371391379408979,0.00011559357299734135,5.90772139185916e-05,3.90960982093987e-05
3586,148.3585446268906,0.3625131014754961,0.6374266536491295,0.00011559357299734135,5.90772139185916e-05,3.90960982093987e-05
3587,148.39990468951305,0.36223182306787194,0.6377087465944615,0.00011559357299734135,5.90772139185916e-05,3.90960982093987e-05
3588,148.44126475213557,0.36195626025914407,0.6379851679388374,0.00011559357299734135,5.90772139185916e-05,3.90960982093987e-05
3589,148.48262481475805,0.3616866014985457,0.6382557208239917,0.00011559357299734135,5.90772139185916e-05,3.90960982093987e-05
3590,148.52398487738057,0.36142297878254426,0.638520264462251,0.00011559357299734135,5.90772139185916e-05,3.90960982093987e-05
3591,148.56534494000306,0.36116546457981624,0.6387787173615235,0.00011559357299734135,5.90772139185916e-05,3.90960982093987e-05
3592,148.60670500262555,0.36091406971553086,0.6390310595906704,0.00011559357299734135,5.90772139185916e-05,3.90960982093987e-05
3593,148.64806506524803,0.3606687422862625,0.6392773340108417,0.00011559357299734135,5.90772139185916e-05,3.90960982093987e-05
3594,148.68942512787055,0.36042936765580497,0.639517646419047,0.00011559357299734135,5.90772139185916e-05,3.90960982093987e-05
3595,148.73078519049304,0.360195769558794,0.6397521645741447,0.00011559357299734135,5.90772139185916e-05,3.90960982093987e-05
3596,148.77214525311553,0.3599677123145784,0.6399811161004652,0.00011559357299734135,5.90772139185916e-05,3.90960982093987e-05
3597,148.813505315738,0.35974490412826576,0.6402047852899106,0.00011559357299734135,5.90772139185916e-05,3.90960982093987e-05
3598,148.8548653783605,0.35952700143016725,0.6404235088496373,0.00011559357299734135,5.90772139185916e-05,3.90960982093987e-05
3599,148.89622544098302,0.35931361418079466,0.6406376706674303,0.00011559357299734135,5.90772139185916e-05,3.90960982093987e-05
3600,148.93758550360553,0.3591043120444818,0.6408476956904081,0.00011559357299734135,5.90772139185916e-05,3.90960982093987e-05
3601,148.978945566228,0.358898631314746,0.6410540430344132,0.00011559357299734135,5.90772139185916e-05,3.90960982093987e-05
3602,149.0203056288505,0.35869608245577567,0.6412571984598168,0.00011559357299734135,5.90772139185916e-05,3.90960982093987e-05
3603,149.061665691473,0.3584961581103758,0.6414576663639225,0.00011559357299734135,5.90772139185916e-05,3.90960982093987e-05
3604,149.1030257540955,0.3582983414141569,0.641655961451516,0.00011559357299734135,5.90772139185916e-05,3.90960982093987e-05
3605,149.14438581671797,0.3581021144496312,0.6418526002513337,0.00011559357299734135,5.90772139185916e-05,3.90960982093987e-05
3606,149.1857458793405,0.3579069666723044,0.6420480926477774,0.00011559357299734135,5.90772139185916e-05,3.90960982093987e-05
3607,149.22710594196298,0.3577124031435301,0.6422429335952506,0.00011559357299734135,5.90772139185916e-05,3.90960982093987e-05
3608,149.2684660045855,0.3575179524125303,0.6424375951745656,0.00011559357299734135,5.90772139185916e-05,3.90960982093987e-05
3609,149.30982606720798,0.35732317390094787,0.6426325191402296,0.00011559357299734135,5.90772139185916e-05,3.90960982093987e-05
3610,149.35118612983047,0.35712766465834966,0.6428281100922018,0.00011559357299734135,5.90772139185916e-05,3.90960982093987e-05
3611,149.39254619245295,0.35693106537486596,0.6430247293880937,0.00011559357299734135,5.90772139185916e-05,3.90960982093987e-05
3612,149.43390625507544,0.35673306555758494,0.643222689891169,0.00011559357299734135,5.90772139185916e-05,3.90960982093987e-05
3613,149.47526631769796,0.35653340779879045,0.6434222516279249,0.00011559357299734135,5.90772139185916e-05,3.90960982093987e-05
3614,149.51662638032045,0.35633189108689345,0.6436236184061785,0.00011559357299734135,5.90772139185916e-05,3.90960982093987e-05
3615,149.55798644294293,0.3561283731333957,0.6438269354216917,0.00011559357299734135,5.90772139185916e-05,3.90960982093987e-05
3616,149.59934650556542,0.35592277171092895,0.6440322878598911,0.00011559357299734135,5.90772139185916e-05,3.90960982093987e-05
3617,149.64070656818794,0.3557150650179981,0.6442397004778492,0.00011559357299734135,5.90772139185916e-05,3.90960982093987e-05
3618,149.68206663081045,0.3555052911043193,0.644449138133637,0.00011559357299734135,5.90772139185916e-05,3.90960982093987e-05
3619,149.7234266934329,0.3552935464068287,0.6446605072136077,0.00011559357299734135,5.90772139185916e-05,3.90960982093987e-05
3620,149.7647867560554,0.35507998345955655,0.6448736578945372,0.00011559357299734135,5.90772139185916e-05,3.90960982093987e-05
3621,149.80614681867792,0.35486480785131974,0.6450883871669326,0.00011559357299734135,5.90772139185916e-05,3.90960982093987e-05
3622,149.84750688130043,0.3546482745125393,0.6453044425379634,0.00011559357299734135,5.90772139185916e-05,3.90960982093987e-05
3623,149.8888669439229,0.35443068341748385,0.6455215263272801,0.00011559357299734135,5.90772139185916e-05,3.90960982093987e-05
3624,149.9302270065454,0.3542123747906655,0.6457393004663787,0.00011559357299734135,5.90772139185916e-05,3.90960982093987e-05
3625,149.9715870691679,0.3539937239060286,0.6459573917119648,0.00011559357299734135,5.90772139185916e-05,3.90960982093987e-05
