,Energy Transfer (meV),f_surf
0,0.04136006262249528,0.636334435432565
1,0.08272012524499056,0.635507416119128
2,0.12408018786748584,0.6341572856857524
3,0.16544025048998112,0.6323240773408995
4,0.2068003131124764,0.6300595481339032
5,0.24816037573497168,0.6274236229048878
6,0.28952043835746694,0.6244806864846404
7,0.33088050097996224,0.6212961140341502
8,0.37224056360245755,0.6179333266507654
9,0.4136006262249528,0.6144515337852241
10,0.4549606888474481,0.610904205140144
11,0.49632075146994337,0.6073382221096658
12,0.5376808140924386,0.6037936003243543
13,0.5790408767149339,0.6003036488432668
14,0.6204009393374292,0.5968954307694567
15,0.6617610019599245,0.593590405520947
16,0.7031210645824197,0.5904051564185547
17,0.7444811272049151,0.5873521324647283
18,0.7858411898274104,0.5844403562985266
19,0.8272012524499056,0.5816760693915525
20,0.868561315072401,0.5790633000602053
21,0.9099213776948962,0.5766043501095274
22,0.9512814403173915,0.5743002025956495
23,0.9926415029398867,0.5721508571174488
24,1.034001565562382,0.5701556009909521
25,1.0753616281848772,0.5683132252676579
26,1.1167216908073725,0.5666221943258904
27,1.1580817534298677,0.5650807770548391
28,1.1994418160523632,0.563687146710763
29,1.2408018786748585,0.5624394555150307
30,1.2821619412973537,0.5613358890803998
31,1.323522003919849,0.5603747048487784
32,1.3648820665423442,0.5595542579250742
33,1.4062421291648395,0.5588730170037508
34,1.447602191787335,0.5583295725039812
35,1.4889622544098302,0.5579226385470095
36,1.5303223170323255,0.5576510500138843
37,1.5716823796548207,0.5575137556021301
38,1.613042442277316,0.5575098075454197
39,1.6544025048998112,0.5576383484615797
40,1.6957625675223067,0.5578985956421768
41,1.737122630144802,0.5582898229864697
42,1.7784826927672972,0.5588113407054116
43,1.8198427553897925,0.5594624728743716
44,1.8612028180122877,0.5602425328916516
45,1.902562880634783,0.5611507968989772
46,1.9439229432572784,0.5621864752386754
47,1.9852830058797735,0.5633486820545105
48,2.0266430685022687,0.564636403189574
49,2.068003131124764,0.5660484625894429
50,2.1093631937472592,0.5675834874822066
51,2.1507232563697545,0.5692398726750219
52,2.1920833189922497,0.5710157443775428
53,2.233443381614745,0.5729089240343271
54,2.2748034442372402,0.5749168927171241
55,2.3161635068597355,0.5770367566936344
56,2.357523569482231,0.5792652148471097
57,2.3988836321047264,0.5815985286705464
58,2.4402436947272217,0.584032495596297
59,2.481603757349717,0.5865624264453988
60,2.522963819972212,0.5891831277873554
61,2.5643238825947074,0.5918888899895636
62,2.6056839452172027,0.594673481702936
63,2.647044007839698,0.5975301514762118
64,2.6884040704621937,0.6004516371136746
65,2.7297641330846885,0.6034301832903296
66,2.771124195707184,0.6064575678135099
67,2.812484258329679,0.6095251367729877
68,2.8538443209521747,0.6126238486532272
69,2.89520438357467,0.6157443272946963
70,2.936564446197165,0.6188769233893019
71,2.9779245088196604,0.6220117839828366
72,3.019284571442156,0.6251389292396189
73,3.060644634064651,0.6282483355075573
74,3.1020046966871466,0.6313300235132577
75,3.1433647593096414,0.6343741503225303
76,3.184724821932137,0.637371103531056
77,3.226084884554632,0.6403115960091176
78,3.2674449471771276,0.6431867594223077
79,3.3088050097996224,0.6459882346907847
80,3.350165072422118,0.6487082575416143
81,3.3915251350446134,0.6513397373517376
82,3.4328851976671086,0.6538763275782391
83,3.474245260289604,0.6563124862240879
84,3.5156053229120996,0.6586435249903138
85,3.5569653855345944,0.6608656460128282
86,3.59832544815709,0.662975965366303
87,3.639685510779585,0.6649725228292388
88,3.6810455734020806,0.6668542777311759
89,3.7224056360245754,0.668621091034779
90,3.763765698647071,0.6702736941280014
91,3.805125761269566,0.6718136451045791
92,3.8464858238920616,0.673243273583699
93,3.887845886514557,0.6745656153531301
94,3.929205949137052,0.6757843383081638
95,3.970566011759547,0.6769036612971563
96,4.011926074382043,0.677928267572502
97,4.053286137004537,0.6788632145835496
98,4.094646199627033,0.6797138418392225
99,4.136006262249528,0.6804856785177993
100,4.177366324872024,0.6811843524160515
101,4.2187263874945184,0.681815501715551
102,4.260086450117014,0.6823846909100652
103,4.301446512739509,0.6828973320894628
104,4.342806575362005,0.6833586126203801
105,4.3841666379844995,0.6837734301070791
106,4.425526700606995,0.6841463353611951
107,4.46688676322949,0.6844814839608884
108,4.508246825851986,0.6847825968373172
109,4.5496068884744805,0.685052930192534
110,4.590966951096976,0.685295254924542
111,4.632327013719471,0.6855118456123193
112,4.673687076341967,0.6857044789932908
113,4.715047138964462,0.6858744417454449
114,4.756407201586957,0.6860225472649285
115,4.797767264209453,0.6861491610041855
116,4.839127326831948,0.6862542338064749
117,4.880487389454443,0.6863373425388621
118,4.921847452076939,0.6863977371898223
119,4.963207514699434,0.6864343934621748
120,5.00456757732193,0.6864460697614976
121,5.045927639944424,0.6864313673598411
122,5.08728770256692,0.6863887924112683
123,5.128647765189415,0.6863168184159526
124,5.170007827811911,0.6862139476806673
125,5.211367890434405,0.6860787703115832
126,5.252727953056901,0.6859100193055193
127,5.294088015679396,0.6857066203824589
128,5.335448078301891,0.6854677353245863
129,5.376808140924387,0.685192797756855
130,5.418168203546882,0.6848815405141385
131,5.459528266169377,0.6845340139859054
132,5.500888328791872,0.684150595100699
133,5.542248391414368,0.6837319868994458
134,5.583608454036863,0.6832792089353625
135,5.624968516659358,0.6827935790179789
136,5.666328579281854,0.6822766870759159
137,5.707688641904349,0.6817303621373582
138,5.749048704526844,0.6811566336091344
139,5.79040876714934,0.6805576881690839
140,5.831768829771835,0.6799358236669582
141,5.87312889239433,0.6792934014562408
142,5.914488955016826,0.6786327985552494
143,5.955849017639321,0.6779563609633747
144,5.997209080261816,0.6772663593455533
145,6.038569142884312,0.6765649481513132
146,6.079929205506807,0.6758541290633746
147,6.121289268129302,0.6751357194833455
148,6.162649330751797,0.6744113265681825
149,6.204009393374293,0.6736823271367041
150,6.245369455996788,0.6729498535808424
151,6.286729518619283,0.6722147857437658
152,6.328089581241778,0.6714777485742239
153,6.369449643864274,0.6707391152344004
154,6.410809706486769,0.6699990152301779
155,6.452169769109264,0.6692573470487233
156,6.49352983173176,0.6685137947278308
157,6.534889894354255,0.6677678477438053
158,6.57624995697675,0.6670188235876993
159,6.617610019599245,0.6662658924013901
160,6.658970082221741,0.6655081030615332
161,6.700330144844236,0.6647444101294231
162,6.741690207466731,0.6639737011236481
163,6.783050270089227,0.6631948236180992
164,6.824410332711722,0.6624066117174879
165,6.865770395334217,0.6616079115128921
166,6.907130457956713,0.6607976051700791
167,6.948490520579208,0.6599746333500506
168,6.989850583201703,0.6591380157051603
169,7.031210645824199,0.6582868692324342
170,7.072570708446694,0.6574204243003974
171,7.113930771069189,0.6565380381950665
172,7.155290833691684,0.6556392060565912
173,7.19665089631418,0.6547235691013716
174,7.238010958936675,0.6537909200461522
175,7.27937102155917,0.6528412056723676
176,7.320731084181665,0.651874526492182
177,7.362091146804161,0.6508911335038994
178,7.403451209426656,0.6498914220542907
179,7.444811272049151,0.6488759228603211
180,7.4861713346716465,0.6478452902822879
181,7.527531397294142,0.6468002879853982
182,7.568891459916637,0.6457417721757488
183,7.610251522539132,0.6446706726486942
184,7.6516115851616275,0.6435879719413792
185,7.692971647784123,0.6424946829343394
186,7.734331710406618,0.641391825297403
187,7.775691773029114,0.6402804012203864
188,7.8170518356516085,0.6391613709069129
189,7.858411898274104,0.6380356283371287
190,7.8997719608966,0.6369039778217132
191,7.941132023519094,0.6357671118718958
192,7.982492086141589,0.6346255908988092
193,8.023852148764085,0.6334798252290814
194,8.06521221138658,0.6323300598824084
195,8.106572274009075,0.6311763625021238
196,8.14793233663157,0.6300186147621502
197,8.189292399254066,0.6288565074956805
198,8.230652461876561,0.6276895397046844
199,8.272012524499056,0.6265170215171857
200,8.313372587121552,0.6253380810643884
201,8.354732649744047,0.624151675155608
202,8.396092712366544,0.6229566035370085
203,8.437452774989037,0.6217515264358099
204,8.478812837611533,0.6205349850144086
205,8.520172900234028,0.6193054242941978
206,8.561532962856525,0.6180612180560936
207,8.602893025479018,0.6168006951870701
208,8.644253088101514,0.6155221669191794
209,8.68561315072401,0.6142239544005152
210,8.726973213346506,0.6129044160459373
211,8.768333275968999,0.6115619741380286
212,8.809693338591496,0.610195140185244
213,8.85105340121399,0.6088025385914057
214,8.892413463836487,0.607382928248574
215,8.93377352645898,0.6059352217291732
216,8.975133589081477,0.6044585018228401
217,9.016493651703971,0.6029520352349568
218,9.057853714326468,0.6014152833353268
219,9.099213776948961,0.5998479099151894
220,9.140573839571458,0.5982497859759215
221,9.181933902193952,0.5966209916327834
222,9.223293964816449,0.5949618152703051
223,9.264654027438942,0.5932727501312044
224,9.306014090061439,0.591554488558111
225,9.347374152683933,0.5898079141365364
226,9.38873421530643,0.5880340920083813
227,9.430094277928925,0.5862342576381476
228,9.47145434055142,0.5844098043198166
229,9.512814403173914,0.58256226971089
230,9.554174465796411,0.5806933216732395
231,9.595534528418906,0.5788047436872605
232,9.6368945910414,0.5768984200891312
233,9.678254653663895,0.5749763213593493
234,9.719614716286392,0.5730404896668584
235,9.760974778908887,0.5710930248463009
236,9.802334841531382,0.5691360709575877
237,9.843694904153878,0.5671718035478216
238,9.885054966776373,0.5652024177062086
239,9.926415029398868,0.5632301169734036
240,9.967775092021364,0.5612571031393048
241,10.00913515464386,0.5592855669371949
242,10.050495217266354,0.5573176796187114
243,10.091855279888849,0.5553555853740646
244,10.133215342511345,0.5534013945446026
245,10.17457540513384,0.5514571775622658
246,10.215935467756335,0.5495249595408056
247,10.25729553037883,0.5476067154392612
248,10.298655593001326,0.5457043657164307
249,10.340015655623821,0.5438197723976076
250,10.381375718246318,0.5419547354805991
251,10.42273578086881,0.5401109896158156
252,10.464095843491307,0.5382902010054191
253,10.505455906113802,0.5364939644779118
254,10.546815968736297,0.5347238007062487
255,10.588176031358792,0.5329811535498278
256,10.629536093981287,0.5312673875114562
257,10.670896156603781,0.5295837853111882
258,10.712256219226276,0.5279315455871952
259,10.753616281848775,0.5263117807412047
260,10.794976344471268,0.524725514951225
261,10.836336407093764,0.5231736823778868
262,10.877696469716259,0.5216571255925663
263,10.919056532338754,0.5201765942557752
264,10.960416594961249,0.5187327440734706
265,11.001776657583743,0.5173261360570662
266,11.04313672020624,0.5159572361102306
267,11.084496782828737,0.5146264149624581
268,11.12585684545123,0.5133339484659919
269,11.167216908073726,0.5120800182691828
270,11.208576970696221,0.5108647128758581
271,11.249937033318716,0.5096880290967085
272,11.291297095941212,0.5085498738956568
273,11.332657158563707,0.5074500666305004
274,11.374017221186202,0.5063883416838707
275,11.415377283808699,0.505364351477179
276,11.456737346431192,0.5043776698559944
277,11.498097409053688,0.5034277958312888
278,11.539457471676185,0.502514157655741
279,11.58081753429868,0.50163611720865
280,11.622177596921174,0.5007929746561646
281,11.66353765954367,0.49998397334593153
282,11.704897722166164,0.4992083048865398
283,11.74625778478866,0.49846511435210594
284,11.787617847411154,0.4977535055421139
285,11.828977910033652,0.49707254621495245
286,11.870337972656147,0.49642127320212714
287,11.911698035278642,0.49579869729841675
288,11.953058097901136,0.49520380781225337
289,11.994418160523631,0.4946355766508354
290,12.035778223146126,0.4940929618065768
291,12.077138285768624,0.4935749101064292
292,12.118498348391116,0.4930803590838436
293,12.159858411013614,0.492608237835924
294,12.201218473636109,0.4921574667356401
295,12.242578536258604,0.4917269558823546
296,12.283938598881099,0.49131560219234693
297,12.325298661503593,0.49092228505640784
298,12.366658724126088,0.4905458605216831
299,12.408018786748586,0.49018515399130874
300,12.449378849371078,0.4898389514753462
301,12.490738911993576,0.48950598947046836
302,12.532098974616071,0.4891849435914676
303,12.573459037238566,0.48887441612345023
304,12.61481909986106,0.4885729227085902
305,12.656179162483555,0.4882788784224756
306,12.69753922510605,0.4879905835325008
307,12.738899287728549,0.4877062092612386
308,12.780259350351042,0.48742378390146246
309,12.821619412973538,0.4871411796451669
310,12.862979475596033,0.48685610049597333
311,12.904339538218528,0.4865660716329922
312,12.945699600841023,0.4862684305851278
313,12.98705966346352,0.48596032055777555
314,13.028419726086014,0.48563868623112794
315,13.06977978870851,0.4853002723205532
316,13.111139851331004,0.4849416251572324
317,13.1524999139535,0.4845590975114514
318,13.193859976575995,0.4841488568432557
319,13.23522003919849,0.4837068971261901
320,13.276580101820986,0.4832290543499168
321,13.317940164443481,0.4827110257668318
322,13.359300227065976,0.48214839290644573
323,13.400660289688473,0.48153664833860627
324,13.442020352310966,0.4808712261220106
325,13.483380414933462,0.4801475358271837
326,13.524740477555959,0.47936099997242115
327,13.566100540178454,0.4785070946555769
328,13.607460602800948,0.4775813931049404
329,13.648820665423443,0.4765796118063813
330,13.690180728045938,0.4754976587937903
331,13.731540790668435,0.4743316836144509
332,13.772900853290928,0.4730781284035115
333,13.814260915913426,0.47173377942235556
334,13.85562097853592,0.47029581833967676
335,13.896981041158416,0.4687618724626469
336,13.93834110378091,0.46713006306484495
337,13.979701166403405,0.46539905091100264
338,14.0210612290259,0.46356807805126327
339,14.062421291648398,0.4616370049539277
340,14.10378135427089,0.45960634206958073
341,14.145141416893388,0.45747727497352836
342,14.186501479515883,0.45525168231992563
343,14.227861542138378,0.4529321459591021
344,14.269221604760872,0.45052195271783047
345,14.310581667383367,0.4480250875169089
346,14.351941730005862,0.445446217695436
347,14.39330179262836,0.4427906686197564
348,14.434661855250853,0.4400643908681944
349,14.47602191787335,0.4372739194918555
350,14.517381980495845,0.4344263260470177
351,14.55874204311834,0.4315291642676517
352,14.600102105740834,0.4285904103894884
353,14.64146216836333,0.42561839924383443
354,14.682822230985824,0.42262175730612483
355,14.724182293608322,0.41960933390914773
356,14.765542356230815,0.4165901318146172
357,14.806902418853312,0.41357323828234704
358,14.848262481475807,0.410567757687922
359,14.889622544098302,0.40758274662426935
360,14.930982606720796,0.40462715228662993
361,14.972342669343293,0.4017097547922775
362,15.013702731965788,0.3988391139333375
363,15.055062794588284,0.39602352071059527
364,15.096422857210777,0.3932709538546371
365,15.137782919833274,0.3905890414132078
366,15.179142982455769,0.38798502737437945
367,15.220503045078264,0.3854657432059492
368,15.26186310770076,0.38303758412454336
369,15.303223170323255,0.3807064898619002
370,15.34458323294575,0.3784779296702525
371,15.385943295568246,0.3763568913010938
372,15.42730335819074,0.374347873698755
373,15.468663420813236,0.37245488316907105
374,15.510023483435733,0.3706814328098895
375,15.551383546058227,0.36903054502052807
376,15.592743608680722,0.3675047569381638
377,15.634103671303217,0.3661061286763593
378,15.675463733925712,0.36483625426248395
379,15.716823796548208,0.36369627518344316
380,15.758183859170702,0.3626868964514689
381,15.7995439217932,0.36180840509251133
382,15.840903984415695,0.361060690938845
383,15.882264047038188,0.3604432695748793
384,15.923624109660684,0.3599553072423327
385,15.964984172283177,0.35959564745944117
386,16.006344234905676,0.35936283905130795
387,16.04770429752817,0.3592551652275399
388,16.089064360150665,0.35927067328225215
389,16.13042442277316,0.3594072044340149
390,16.171784485395655,0.35966242327266895
391,16.21314454801815,0.36003384623916457
392,16.254504610640648,0.3605188685376297
393,16.29586467326314,0.36111478886740733
394,16.337224735885638,0.3618188313694147
395,16.378584798508133,0.362628164206961
396,16.419944861130627,0.3635399142469983
397,16.461304923753122,0.3645511773730914
398,16.50266498637562,0.3656590240457772
399,16.54402504899811,0.3668604998272547
400,16.58538511162061,0.36815262070408483
401,16.626745174243105,0.36953236317007176
402,16.668105236865596,0.3709966491695646
403,16.709465299488095,0.3725423261450634
404,16.75082536211059,0.37416614257905867
405,16.792185424733088,0.37586471956459994
406,16.83354548735558,0.3776345190791307
407,16.874905549978074,0.37947180976745193
408,16.916265612600572,0.3813726311600589
409,16.957625675223067,0.38333275735803013
410,16.998985737845558,0.38534766130343323
411,17.040345800468057,0.3874124808210671
412,17.08170586309055,0.3895219876607496
413,17.12306592571305,0.39167056078670426
414,17.16442598833554,0.3938521651492572
415,17.205786050958036,0.396060337131619
416,17.247146113580534,0.39828817778883296
417,17.28850617620303,0.40052835488547983
418,17.32986623882552,0.4027731145920815
419,17.37122630144802,0.4050143035171685
420,17.412586364070513,0.40724340153310296
421,17.45394642669301,0.40945156560158735
422,17.495306489315503,0.4116296845217846
423,17.536666551937998,0.41376844421674885
424,17.578026614560496,0.41585840284874837
425,17.61938667718299,0.41789007472033274
426,17.660746739805482,0.4198540215871793
427,17.70210680242798,0.42174094969259995
428,17.743466865050475,0.4235418105468505
429,17.784826927672974,0.42524790323027
430,17.826186990295465,0.42685097581272796
431,17.86754705291796,0.4283433233653262
432,17.908907115540458,0.4297178800049314
433,17.950267178162953,0.4309683024656549
434,17.991627240785444,0.4320890428382898
435,18.032987303407943,0.4330754083585861
436,18.074347366030437,0.4339236064529219
437,18.115707428652936,0.43463077365589026
438,18.157067491275427,0.4351949874837953
439,18.198427553897922,0.43561526086323893
440,18.23978761652042,0.43589151925300107
441,18.281147679142915,0.4360245611386331
442,18.32250774176541,0.436016003098077
443,18.363867804387905,0.43586821111250607
444,18.4052278670104,0.4355842202087559
445,18.446587929632898,0.43516764485315484
446,18.48794799225539,0.43462258275797355
447,18.529308054877884,0.4339535149058923
448,18.570668117500382,0.4331652046407003
449,18.612028180122877,0.4322625986179537
450,18.653388242745372,0.43125073226283983
451,18.694748305367867,0.43013464215464364
452,18.73610836799036,0.42891928746018315
453,18.77746843061286,0.4276094821860019
454,18.81882849323535,0.4262098396263145
455,18.86018855585785,0.4247247299650109
456,18.901548618480344,0.4231582515596456
457,18.94290868110284,0.4215142160066501
458,18.984268743725334,0.41979614667204934
459,19.02562880634783,0.4180072899810083
460,19.066988868970324,0.4161506384024093
461,19.108348931592822,0.41422896374938334
462,19.149708994215317,0.41224485914994713
463,19.19106905683781,0.4102007878301853
464,19.232429119460306,0.40809913669919773
465,19.2737891820828,0.40594227263583066
466,19.315149244705296,0.4037325993516347
467,19.35650930732779,0.4014726127454037
468,19.39786936995029,0.39916495276914293
469,19.439229432572784,0.39681244999095705
470,19.48058949519528,0.3944181652613025
471,19.521949557817774,0.39198542115784685
472,19.56330962044027,0.38951782419114767
473,19.604669683062763,0.3870192770868722
474,19.646029745685258,0.38449398080781994
475,19.687389808307756,0.3819464263273118
476,19.72874987093025,0.3793813765002773
477,19.770109933552746,0.3768038386883123
478,19.81146999617524,0.3742190290673449
479,19.852830058797736,0.3716323297734437
480,19.89419012142023,0.36904924021622526
481,19.93555018404273,0.366475324007131
482,19.97691024666522,0.3639161530105766
483,20.01827030928772,0.3613772500317513
484,20.059630371910213,0.35886403160989877
485,20.100990434532708,0.3563817522977028
486,20.142350497155203,0.3539354516827554
487,20.183710559777698,0.35152990525566724
488,20.225070622400196,0.34916958006011095
489,20.26643068502269,0.34685859588097256
490,20.307790747645182,0.3446006925463238
491,20.34915081026768,0.342399203743065
492,20.390510872890175,0.3402570375803867
493,20.43187093551267,0.338176663982849
494,20.473230998135165,0.33616010885847336
495,20.51459106075766,0.3342089548673947
496,20.555951123380158,0.33232434851311515
497,20.597311186002653,0.33050701319021575
498,20.638671248625144,0.32875726774808
499,20.680031311247642,0.3270750500674825
500,20.721391373870137,0.32545994509434534
501,20.762751436492636,0.3239112167308743
502,20.804111499115127,0.32242784294716936
503,20.84547156173762,0.32100855344595564
504,20.88683162436012,0.3196518691888357
505,20.928191686982615,0.3183561430752534
506,20.969551749605106,0.31711960105560744
507,21.010911812227604,0.31594038295945703
508,21.0522718748501,0.3148165823298341
509,21.093631937472594,0.31374628457654696
510,21.13499200009509,0.3127276027970119
511,21.176352062717584,0.3117587106627667
512,21.21771212534008,0.31083787183429934
513,21.259072187962573,0.309963465445592
514,21.300432250585068,0.3091340072916309
515,21.341792313207563,0.3083481664554296
516,21.383152375830065,0.30760477722267504
517,21.424512438452552,0.3069028462491255
518,21.465872501075047,0.3062415550639727
519,21.50723256369755,0.30562025810799565
520,21.548592626320044,0.30503847661371636
521,21.589952688942535,0.30449588873266276
522,21.631312751565034,0.30399231639811924
523,21.67267281418753,0.30352770947805296
524,21.714032876810023,0.3031021278199372
525,21.755392939432518,0.30271572181571943
526,21.796753002055013,0.3023687121211129
527,21.838113064677508,0.3020613691491628
528,21.879473127300002,0.3017939929249934
529,21.920833189922497,0.30156689383913826
530,21.962193252544992,0.3013803747730311
531,22.003553315167487,0.30123471499545057
532,22.04491337778999,0.3011301561458717
533,22.08627344041248,0.3010668905331616
534,22.127633503034975,0.3010450518886358
535,22.168993565657473,0.3010647086246994
536,22.210353628279968,0.30112585956596455
537,22.25171369090246,0.30122843204206745
538,22.293073753524958,0.3013722821613709
539,22.334433816147452,0.30155719702491546
540,22.375793878769947,0.30178289859062446
541,22.417153941392442,0.30204904886026523
542,22.458514004014937,0.3023552560363767
543,22.49987406663743,0.30270108128316475
544,22.54123412925993,0.3030860457243234
545,22.582594191882425,0.30350963732136244
546,22.62395425450492,0.3039713172972367
547,22.665314317127415,0.3044705258015515
548,22.706674379749913,0.3050066865533
549,22.748034442372404,0.3055792102444428
550,22.7893945049949,0.3061874965404089
551,22.830754567617397,0.3068309345706686
552,22.872114630239892,0.30750890186179025
553,22.913474692862383,0.3082207617253093
554,22.95483475548488,0.3089658591715942
555,22.996194818107377,0.30974351547662593
556,23.03755488072987,0.3105530215805594
557,23.07891494335237,0.3113936305423871
558,23.120275005974865,0.3122645493142993
559,23.16163506859736,0.3131649301299015
560,23.202995131219854,0.3140938618227469
561,23.24435519384235,0.315050361404464
562,23.285715256464844,0.3160333662347789
563,23.32707531908734,0.3170417271094103
564,23.368435381709837,0.3180742025754702
565,23.409795444332328,0.3191294547587108
566,23.451155506954823,0.3202060469529251
567,23.49251556957732,0.3213024431796171
568,23.533875632199816,0.3224170098770678
569,23.575235694822307,0.32354801982301606
570,23.61659575744481,0.3246936583352669
571,23.657955820067304,0.3258520317320292
572,23.6993158826898,0.3270211779691804
573,23.740675945312294,0.3281990793075595
574,23.78203600793479,0.3293836768011572
575,23.823396070557283,0.3305728863388525
576,23.864756133179778,0.33176461591989376
577,23.906116195802273,0.33295678379869226
578,23.947476258424768,0.33414733709893085
579,23.988836321047263,0.3353342704726855
580,24.03019638366976,0.3365156443675166
581,24.071556446292252,0.3376896024645804
582,24.112916508914747,0.3388543878642248
583,24.15427657153725,0.34000835762104065
584,24.195636634159744,0.34114999526890644
585,24.23699669678223,0.34227792102520416
586,24.278356759404733,0.343390899421887
587,24.319716822027228,0.3444878441766419
588,24.361076884649723,0.3455678201881602
589,24.402436947272218,0.3466300426127559
590,24.443797009894713,0.34767387305322583
591,24.485157072517207,0.3486988129622001
592,24.526517135139702,0.34970449442946777
593,24.567877197762197,0.3506906685836854
594,24.609237260384692,0.35165719189238603
595,24.650597323007187,0.35260401068897973
596,24.69195738562969,0.35353114429076465
597,24.733317448252176,0.35443866709779226
598,24.77467751087467,0.3553266900787274
599,24.816037573497173,0.3561953420566382
600,24.857397636119668,0.3570447512065006
601,24.898757698742155,0.357875027166352
602,24.940117761364657,0.35868624414793937
603,24.981477823987152,0.3594784254097955
604,25.022837886609647,0.360251529427741
605,25.064197949232142,0.3610054380648985
606,25.105558011854637,0.36173994700640844
607,25.14691807447713,0.3624547586834908
608,25.188278137099626,0.3631494778677994
609,25.22963819972212,0.3638236100705189
610,25.270998262344616,0.36447656283150565
611,25.31235832496711,0.3651076499328541
612,25.353718387589613,0.3657160985180396
613,25.3950784502121,0.3663010590438223
614,25.4364385128346,0.36686161793709904
615,25.477798575457097,0.3673968127739596
616,25.519158638079592,0.36790564974450024
617,25.560518700702083,0.3683871231149988
618,25.60187876332458,0.36884023635046764
619,25.643238825947076,0.36926402451650253
620,25.68459888856957,0.3696575775414972
621,25.725958951192066,0.37002006388922365
622,25.76731901381456,0.370350754170256
623,25.808679076437055,0.3706490442082647
624,25.85003913905955,0.3709144770765117
625,25.891399201682045,0.3711467636304601
626,25.93275926430454,0.371345801085198
627,25.97411932692704,0.3715116892214036
628,26.015479389549537,0.3716447438502001
629,26.056839452172028,0.37174550722461125
630,26.098199514794523,0.37181475515198315
631,26.13955957741702,0.3718535006363088
632,26.180919640039516,0.3718629939588971
633,26.222279702662007,0.3718447191886798
634,26.263639765284506,0.3718003871963702
635,26.304999827907,0.3717319253273574
636,26.346359890529495,0.3716414639634879
637,26.38771995315199,0.37153132027199065
638,26.429080015774485,0.3714039794975157
639,26.47044007839698,0.3712620741997543
640,26.511800141019478,0.37110836187222923
641,26.553160203641973,0.37094570139735683
642,26.594520266264468,0.37077702879795177
643,26.635880328886962,0.3706053327369081
644,26.677240391509457,0.3704336301950569
645,26.718600454131952,0.3702649427238589
646,26.759960516754447,0.37010227362637454
647,26.801320579376945,0.36994858636850797
648,26.842680641999436,0.3698067844657295
649,26.88404070462193,0.36967969302989284
650,26.92540076724443,0.3695700420995109
651,26.966760829866924,0.3694804518165982
652,27.008120892489416,0.369413419456325
653,27.049480955111918,0.3693713082637916
654,27.090841017734412,0.3693563380071186
655,27.132201080356907,0.36937057711832855
656,27.173561142979402,0.36941593626457364
657,27.214921205601897,0.3694941631719678
658,27.25628126822439,0.3696068385132847
659,27.297641330846886,0.36975537266797054
660,27.33900139346938,0.36994100316890255
661,27.380361456091876,0.3701647926629857
662,27.42172151871437,0.3704276272321262
663,27.46308158133687,0.37073021494561864
664,27.50444164395936,0.3710730845433405
665,27.545801706581855,0.3714565841802778
666,27.587161769204357,0.37188088019561416
667,27.628521831826852,0.3723459559019871
668,27.66988189444934,0.3728516104226289
669,27.71124195707184,0.3733974576335222
670,27.752602019694336,0.37398292529458
671,27.79396208231683,0.37460725447686805
672,27.835322144939326,0.375269499411492
673,27.87668220756182,0.37596852789970586
674,27.918042270184316,0.3767030224322058
675,27.95940233280681,0.37747148216911275
676,28.000762395429305,0.37827222592981957
677,28.0421224580518,0.3791033963344821
678,28.083482520674295,0.37996296522640777
679,28.124842583296797,0.38084874048701634
680,28.166202645919284,0.38175837433353155
681,28.20756270854178,0.3826893731633324
682,28.24892277116428,0.383639108980256
683,28.290282833786776,0.38460483240585414
684,28.331642896409267,0.3855836872449127
685,28.373002959031766,0.3865727265391586
686,28.41436302165426,0.3875689300075553
687,28.455723084276755,0.38856922273595423
688,28.49708314689925,0.3895704949448447
689,28.538443209521745,0.39056962263177736
690,28.57980327214424,0.3915634888558549
691,28.621163334766734,0.39254900540625837
692,28.66252339738923,0.39352313457591426
693,28.703883460011724,0.39448291074607944
694,28.74524352263422,0.3954254614775927
695,28.78660358525672,0.3963480278017975
696,28.82796364787921,0.39724798340726514
697,28.869323710501707,0.3981228524290337
698,28.910683773124205,0.3989703255642676
699,28.9520438357467,0.3997882742621233
700,28.99340389836919,0.40057476276556125
701,29.03476396099169,0.40132805781826864
702,29.076124023614184,0.40204663589008816
703,29.11748408623668,0.40272918781791234
704,29.158844148859174,0.40337462080529213
705,29.20020421148167,0.40398205777137347
706,29.241564274104164,0.4045508340871763
707,29.28292433672666,0.405080491783508
708,29.324284399349153,0.40557077135827657
709,29.365644461971648,0.40602160135133447
710,29.407004524594146,0.4064330858906524
711,29.448364587216645,0.4068054904442625
712,29.489724649839136,0.4071392260375351
713,29.53108471246163,0.4074348322143047
714,29.57244477508413,0.4076929590339484
715,29.613804837706624,0.4079143484038565
716,29.655164900329115,0.4080998150491115
717,29.696524962951614,0.4082502274188237
718,29.73788502557411,0.40836648882164256
719,29.779245088196603,0.40844951907312765
720,29.820605150819098,0.4085002369245963
721,29.861965213441593,0.4085195435278075
722,29.903325276064088,0.40850830717336034
723,29.944685338686586,0.40846734952220365
724,29.98604540130908,0.40839743353067687
725,30.027405463931576,0.4082992532491763
726,30.06876552655407,0.4081734256530774
727,30.11012558917657,0.40802048464174945
728,30.15148565179906,0.40784087731691326
729,30.192845714421555,0.4076349626245726
730,30.234205777044053,0.4074030124154533
731,30.275565839666548,0.40714521494605704
732,30.31692590228904,0.4068616808067318
733,30.358285964911538,0.40655245122375566
734,30.399646027534033,0.4062175086397674
735,30.441006090156527,0.4058567894313689
736,30.482366152779026,0.4054701985750619
737,30.52372621540152,0.4050576260235958
738,30.565086278024015,0.4046189645060677
739,30.60644634064651,0.40415412841776943
740,30.647806403269005,0.40366307342212365
741,30.6891664658915,0.4031458163481962
742,30.730526528513995,0.4026024549364422
743,30.771886591136493,0.40203318696260837
744,30.813246653758984,0.4014383282589103
745,30.85460671638148,0.40081832915208326
746,30.895966779003977,0.4001737888523626
747,30.937326841626472,0.39950546735549947
748,30.978686904248963,0.3988142944618651
749,31.020046966871465,0.3981013755719696
750,31.06140702949396,0.3973679939852414
751,31.102767092116455,0.39661560950650243
752,31.14412715473895,0.3958458532505118
753,31.185487217361445,0.39506051862607405
754,31.22684727998394,0.39426154857457785
755,31.268207342606434,0.3934510192302763
756,31.30956740522893,0.3926311202581339
757,31.350927467851424,0.39180413220596516
758,31.39228753047392,0.3909724012789356
759,31.433647593096417,0.39013831200323346
760,31.47500765571891,0.38930425829058457
761,31.516367718341403,0.3884726134450415
762,31.557727780963905,0.3876456996672908
763,31.5990878435864,0.3868257576106753
764,31.640447906208887,0.3860149165269735
765,31.68180796883139,0.38521516551113794
766,31.723168031453884,0.38442832631390944
767,31.764528094076375,0.38365602814188865
768,31.805888156698874,0.3828996848087363
769,31.84724821932137,0.38216047454117
770,31.888608281943863,0.3814393226814147
771,31.929968344566355,0.3807368874665596
772,31.971328407188853,0.38005354900621763
773,32.01268846981135,0.3793894015250402
774,32.054048532433846,0.37874424888693187
775,32.09540859505634,0.3781176033742623
776,32.136768657678836,0.3775086876581627
777,32.17812872030133,0.37691643986537904
778,32.219488782923825,0.37633952162270795
779,32.26084884554632,0.37577632894091656
780,32.302208908168815,0.37522500578624735
781,32.34356897079131,0.3746834601769162
782,32.384929033413805,0.3741493826348641
783,32.4262890960363,0.3736202668170769
784,32.4676491586588,0.37309343214608565
785,32.509009221281296,0.37256604825431994
786,32.55036928390379,0.3720351610515009
787,32.59172934652628,0.3714977202173732
788,32.63308940914878,0.37095060791385986
789,32.674449471771275,0.3703906685006016
790,32.71580953439377,0.36981473902656276
791,32.757169597016265,0.3692196802573459
792,32.79852965963876,0.3686024079846525
793,32.839889722261255,0.36795992435023495
794,32.88124978488375,0.36728934890388387
795,32.922609847506244,0.36658794910274844
796,32.96396991012874,0.36585316994979034
797,33.00532997275124,0.36508266246206295
798,33.046690035373736,0.36427431065638116
799,33.08805009799622,0.36342625674090706
800,33.129410160618725,0.36253692420710254
801,33.17077022324122,0.3616050385276228
802,33.212130285863715,0.36062964518240576
803,33.25349034848621,0.35961012475761467
804,33.294850411108705,0.3585462048899555
805,33.33621047373119,0.3574379688623629
806,33.37757053635369,0.3562858606952912
807,33.41893059897619,0.35509068662090776
808,33.460290661598684,0.35385361287395406
809,33.50165072422118,0.35257615978293244
810,33.54301078684368,0.3512601921970523
811,33.584370849466175,0.3499079063371472
812,33.62573091208867,0.3485218132117008
813,33.66709097471116,0.3471047187907587
814,33.70845103733365,0.34565970117970773
815,33.74981109995615,0.3441900850806095
816,33.79117116257864,0.3426994138698107
817,33.832531225201144,0.34119141965579053
818,33.87389128782364,0.33966999170957124
819,33.915251350446134,0.33813914368142334
820,33.95661141306863,0.33660298002999417
821,33.997971475691116,0.3350656620949584
822,34.03933153831361,0.33353137423975454
823,34.08069160093611,0.332004290478337
824,34.12205166355861,0.33048854197907424
825,34.1634117261811,0.3289881858103504
826,34.204771788803605,0.3275071752573269
827,34.2461318514261,0.3260493319985472
828,34.287491914048594,0.32461832038567023
829,34.32885197667108,0.32321762402126675
830,34.37021203929358,0.32185052477964216
831,34.41157210191607,0.32052008436495966
832,34.452932164538566,0.319229128452042
833,34.49429222716107,0.31798023340826786
834,34.53565228978356,0.3167757155519149
835,34.57701235240606,0.3156176228640886
836,34.61837241502856,0.31450772903859464
837,34.65973247765104,0.3134475297277755
838,34.701092540273535,0.312438240822682
839,34.74245260289604,0.3114807985931411
840,34.78381266551853,0.31057586150770666
841,34.82517272814103,0.30972381355404555
842,34.86653279076353,0.3089247688877536
843,34.90789285338602,0.30817857764997525
844,34.94925291600852,0.3074848328118496
845,34.990612978631006,0.3068428779248829
846,35.0319730412535,0.3062518156804288
847,35.073333103875996,0.30571051720695946
848,35.11469316649849,0.30521763205978913
849,35.15605322912099,0.3047715988831427
850,35.19741329174349,0.3043706567475281
851,35.23877335436598,0.30401285718563537
852,35.280133416988484,0.3036960769658312
853,35.321493479610965,0.3034180316533722
854,35.36285354223346,0.30317629001475244
855,35.40421360485596,0.30296828931950404
856,35.445573667478456,0.3027913515863389
857,35.48693373010095,0.30264270080632305
858,35.52829379272345,0.302519481155161
859,35.56965385534595,0.30241877618033586
860,35.61101391796844,0.302337628917099
861,35.65237398059093,0.3022730628515928
862,35.693734043213425,0.3022221036106649
863,35.73509410583592,0.30218180121785254
864,35.776454168458415,0.30214925271481297
865,35.817814231080916,0.30212162490954136
866,35.85917429370341,0.30209617697765384
867,35.900534356325906,0.30207028261375307
868,35.94189441894841,0.30204145140676386
869,35.98325448157089,0.30200734909843246
870,36.02461454419338,0.30196581637805464
871,36.065974606815885,0.30191488587081805
872,36.10733466943838,0.30185279699069023
873,36.148694732060875,0.3017780083534768
874,36.19005479468338,0.30168920747916644
875,36.23141485730587,0.30158531755576456
876,36.272774919928366,0.30146550108725917
877,36.314134982550854,0.30132916030549395
878,36.35549504517335,0.3011759342874169
879,36.396855107795844,0.3010056927839367
880,36.43821517041834,0.3008185268323655
881,36.47957523304084,0.30061473628954155
882,36.520935295663335,0.30039481448512567
883,36.56229535828583,0.3001594302526438
884,36.60365542090833,0.2999094076484481
885,36.64501548353082,0.29964570371377935
886,36.686375546153315,0.2993693846726266
887,36.72773560877581,0.29908160098605585
888,36.769095671398304,0.29878356170260156
889,36.8104557340208,0.29847650855333624
890,36.851815796643294,0.29816169023930406
891,36.893175859265796,0.2978403373487054
892,36.93453592188829,0.2975136383213013
893,36.97589598451078,0.29718271684958203
894,37.01725604713327,0.296848611069646
895,37.05861610975577,0.29651225485212573
896,37.09997617237826,0.2961744614546483
897,37.141336235000765,0.2958359097442677
898,37.18269629762326,0.29549713314217496
899,37.224056360245754,0.29515851138531757
900,37.26541642286825,0.2948202651420809
901,37.306776485490744,0.29448245346301105
902,37.34813654811324,0.2941449739948074
903,37.38949661073573,0.2938075658373352
904,37.43085667335823,0.2934698148810959
905,37.47221673598072,0.29313116142679996
906,37.51357679860322,0.29279090986099326
907,37.55493686122572,0.2924482401418584
908,37.59629692384821,0.2921022208381522
909,37.6376569864707,0.2917518234608998
910,37.6790170490932,0.2913959378318472
911,37.7203771117157,0.2910333882435696
912,37.761737174338194,0.290662950182427
913,37.80309723696069,0.2902833674055121
914,37.84445729958318,0.28989336918526304
915,37.88581736220568,0.28949168755799093
916,37.92717742482817,0.28907707443452174
917,37.96853748745067,0.2886483184499608
918,38.00989755007316,0.28820426144488126
919,38.05125761269566,0.2877438144803862
920,38.09261767531815,0.28726597329452286
921,38.13397773794065,0.28676983310692605
922,38.17533780056314,0.2862546026731027
923,38.216697863185644,0.2857196174798946
924,38.25805792580813,0.28516435196107076
925,38.29941798843063,0.2845884305978477
926,38.34077805105313,0.2839916377555682
927,38.38213811367562,0.28337392609647943
928,38.42349817629812,0.2827354234017169
929,38.46485823892061,0.28207643763457146
930,38.50621830154311,0.2813974600838322
931,38.5475783641656,0.28069916644103027
932,38.5889384267881,0.27998241568981763
933,38.63029848941059,0.279248246718688
934,38.67165855203309,0.27849787261020653
935,38.71301861465558,0.2777326726084571
936,38.75437867727808,0.27695418182073317
937,38.79573873990058,0.27616407876688964
938,38.83709880252307,0.2753641709476103
939,38.87845886514557,0.27455637865900123
940,38.919818927768056,0.2737427173320458
941,38.96117899039056,0.27292527871946853
942,39.00253905301305,0.2721062112871516
943,39.04389911563555,0.2712877001904861
944,39.08525917825804,0.2704719472271611
945,39.12661924088054,0.2696611511557558
946,39.16797930350303,0.26885748875456233
947,39.209339366125526,0.26806309696804326
948,39.25069942874802,0.26728005644990016
949,39.292059491370516,0.2665103767642417
950,39.33341955399301,0.26575598345159784
951,39.37477961661551,0.26501870710639736
952,39.41613967923801,0.2643002745503646
953,39.4574997418605,0.2636023021233617
954,39.498859804483,0.2629262910528789
955,39.54021986710549,0.2622736248067301
956,39.58157992972798,0.26164556828331414
957,39.62293999235048,0.261043268650627
958,39.664300054972976,0.26046775761091956
959,39.70566011759547,0.2599199548427457
960,39.747020180217966,0.25940067235677927
961,39.78838024284046,0.2589106194960436
962,39.82974030546296,0.258450408315018
963,39.87110036808546,0.25802055908462795
964,39.912460430707945,0.25762150569074277
965,39.95382049333044,0.2572536007212285
966,39.995180555952935,0.2569171200697568
967,40.03654061857544,0.25661226692195305
968,40.07790068119793,0.25633917502961084
969,40.119260743820426,0.25609791121992875
970,40.16062080644292,0.2558884771278759
971,40.201980869065416,0.255710810178718
972,40.243340931687904,0.2555647838837432
973,40.284700994310406,0.25545020754339787
974,40.3260610569329,0.2553668254776356
975,40.367421119555395,0.2553143159225661
976,40.40878118217789,0.25529228974430007
977,40.45014124480039,0.2553002891257631
978,40.49150130742289,0.25533778637928434
979,40.53286137004538,0.2554041830284094
980,40.57422143266787,0.2554988092858044
981,40.615581495290364,0.25562092403317815
982,40.65694155791286,0.2557697153828646
983,40.69830162053536,0.25594430187217954
984,40.739661683157856,0.2561437343115104
985,40.78102174578035,0.25636699827673715
986,40.822381808402845,0.2566130172080326
987,40.86374187102534,0.2568806560513491
988,40.90510193364783,0.2571687253570786
989,40.94646199627033,0.25747598573393937
990,40.987822058892824,0.25780115254550856
991,41.02918212151532,0.2581429007321444
992,41.070542184137814,0.25849986964327426
993,41.111902246760316,0.25887066777302065
994,41.15326230938281,0.25925387730618166
995,41.194622372005306,0.2596480584002357
996,41.23598243462779,0.26005175315226364
997,41.27734249725029,0.2604634892248449
998,41.31870255987278,0.26088178313262395
999,41.360062622495285,0.26130514321819653
1000,41.40142268511778,0.2617320723722046
1001,41.442782747740274,0.26216107057596005
1002,41.48414281036277,0.262590637364527
1003,41.52550287298527,0.2630192743231027
1004,41.56686293560775,0.2634454877386299
1005,41.608222998230254,0.263867791531197
1006,41.64958306085275,0.2642847105861561
1007,41.69094312347524,0.26469478459710016
1008,41.73230318609774,0.2650965725130393
1009,41.77366324872024,0.26548865766027807
1010,41.815023311342735,0.26586965358166187
1011,41.85638337396523,0.26623821060421676
1012,41.89774343658772,0.26659302311181593
1013,41.93910349921021,0.26693283746402097
1014,41.98046356183271,0.26725646046680684
1015,42.02182362445521,0.2675627682674528
1016,42.063183687077704,0.2678507155152986
1017,42.1045437497002,0.268119344604312
1018,42.1459038123227,0.2683677947927613
1019,42.18726387494519,0.2685953109814481
1020,42.228623937567676,0.2688012519248051
1021,42.26998400019018,0.26898509764963485
1022,42.311344062812665,0.26914645586369995
1023,42.35270412543517,0.2692850671513572
1024,42.39406418805767,0.2694008087745841
1025,42.43542425068016,0.2694936969250746
1026,42.47678431330266,0.2695638873051816
1027,42.51814437592515,0.26961167395177077
1028,42.55950443854764,0.2696374862558821
1029,42.600864501170136,0.26964188417182516
1030,42.64222456379264,0.2696255516505315
1031,42.683584626415126,0.26958928837241625
1032,42.72494468903763,0.269533999894019
1033,42.76630475166013,0.2694606863586168
1034,42.80766481428262,0.26937042995374866
1035,42.849024876905105,0.26926438132673497
1036,42.89038493952761,0.26914374519227174
1037,42.931745002150095,0.26900976538434446
1038,42.9731050647726,0.26886370961582623
1039,43.0144651273951,0.2687068542155492
1040,43.055825190017586,0.2685404691115152
1041,43.09718525264009,0.2683658033228932
1042,43.138545315262576,0.26818407121060217
1043,43.17990537788507,0.2679964397186274
1044,43.221265440507565,0.2678040168149254
1045,43.26262550313007,0.26760784131350446
1046,43.303985565752555,0.2674088742278439
1047,43.34534562837506,0.2672079917714827
1048,43.386705690997545,0.26700598008509135
1049,43.42806575362005,0.2668035317313406
1050,43.46942581624255,0.2666012439602783
1051,43.510785878865036,0.26639961870974055
1052,43.55214594148753,0.2661990642684296
1053,43.593506004110026,0.26599989849386496
1054,43.63486606673252,0.2658023534453753
1055,43.676226129355015,0.2656065812632015
1056,43.71758619197752,0.26541266110008926
1057,43.758946254600005,0.265220606891682
1058,43.80030631722251,0.26503037573708865
1059,43.841666379844995,0.2648418766519003
1060,43.88302644246749,0.2646549794526983
1061,43.924386505089984,0.2644695235348108
1062,43.965746567712486,0.2642853263145182
1063,44.007106630334974,0.26410219112188993
1064,44.048466692957476,0.2639199143517449
1065,44.08982675557998,0.26373829170680585
1066,44.131186818202465,0.26355712339854837
1067,44.17254688082496,0.2633762182067228
1068,44.213906943447455,0.2631953963372629
1069,44.25526700606995,0.26301449105872343
1070,44.296627068692445,0.2628333491388753
1071,44.33798713131495,0.26265183014362536
1072,44.379347193937434,0.2624698046995031
1073,44.420707256559936,0.2622871518560435
1074,44.462067319182424,0.26210375571545985
1075,44.50342738180492,0.2619195015219197
1076,44.54478744442742,0.2617342714208785
1077,44.586147507049915,0.2615479401096
1078,44.62750756967241,0.26136037060261447
1079,44.668867632294905,0.2611714103300736
1080,44.7102276949174,0.2609808877732493
1081,44.751587757539895,0.26078860982012253
1082,44.7929478201624,0.26059435999553204
1083,44.834307882784884,0.2603978976865472
1084,44.87566794540738,0.26019895844516305
1085,44.917028008029874,0.2599972554088701
1086,44.95838807065237,0.25979248183700265
1087,44.99974813327486,0.2595843147182944
1088,45.041108195897365,0.25937241936453576
1089,45.08246825851986,0.25915645486854416
1090,45.123828321142355,0.25893608027266823
1091,45.16518838376485,0.25871096126852994
1092,45.20654844638734,0.25848077722994195
1093,45.24790850900984,0.25824522837042485
1094,45.289268571632334,0.2580040428137231
1095,45.33062863425483,0.25775698337109715
1096,45.371988696877324,0.2575038538321049
1097,45.413348759499826,0.2572445045954896
1098,45.45470882212231,0.25697883749284006
1099,45.49606888474481,0.25670680968895876
1100,45.5374289473673,0.25642843657760794
1101,45.5787890099898,0.25614379362871204
1102,45.6201490726123,0.2558530171813974
1103,45.661509135234795,0.2555563042151551
1104,45.70286919785729,0.2552539111678195
1105,45.744229260479784,0.25494615190232855
1106,45.78558932310228,0.2546333949537732
1107,45.82694938572477,0.2543160602129101
1108,45.86830944834727,0.2539946152215403
1109,45.90966951096976,0.25366957126825596
1110,45.95102957359226,0.253341479480176
1111,45.99238963621475,0.2530109271068423
1112,46.03374969883725,0.2526785341866748
1113,46.07510976145974,0.2523449507750077
1114,46.116469824082245,0.2520108548950729
1115,46.15782988670474,0.2516769513512163
1116,46.19918994932723,0.25134397151637566
1117,46.24055001194973,0.2510126741754669
1118,46.28191007457222,0.25068384747242256
1119,46.32327013719472,0.2503583119727904
1120,46.36463019981721,0.25003692481692813
1121,46.40599026243971,0.24972058490120766
1122,46.4473503250622,0.24941023898823791
1123,46.4887103876847,0.2491068886120253
1124,46.530070450307186,0.2488115976117052
1125,46.57143051292969,0.24852550009881433
1126,46.61279057555218,0.248249808638954
1127,46.65415063817468,0.24798582240969844
1128,46.69551070079718,0.24773493508387806
1129,46.736870763419674,0.24749864218101708
1130,46.77823082604217,0.247278547630196
1131,46.819590888664656,0.24707636929531587
1132,46.86095095128716,0.24689394322828265
1133,46.902311013909646,0.246733226436653
1134,46.94367107653215,0.2465962979798645
1135,46.98503113915464,0.24648535824032497
1136,47.02639120177714,0.24640272625289775
1137,47.06775126439963,0.2463508350160334
1138,47.10911132702213,0.24633222474999503
1139,47.150471389644615,0.24634953411004282
1140,47.19183145226712,0.2464054894044201
1141,47.23319151488962,0.24650289190678484
1142,47.274551577512106,0.24664460338948677
1143,47.31591164013461,0.24683353003684744
1144,47.357271702757096,0.24707260492519725
1145,47.3986317653796,0.24736476927868076
1146,47.43999182800209,0.24771295272641874
1147,47.48135189062459,0.24812005279694974
1148,47.522711953247075,0.2485889138908056
1149,47.56407201586958,0.249122305971292
1150,47.605432078492065,0.24972290320810836
1151,47.64679214111457,0.2503932627985502
1152,47.68815220373706,0.2511358041778859
1153,47.729512266359556,0.2519527888143631
1154,47.770872328982044,0.2528463007667969
1155,47.812232391604546,0.2538182281635954
1156,47.853592454227034,0.2548702457432145
1157,47.894952516849536,0.2560037985771696
1158,47.93631257947204,0.2572200870791554
1159,47.977672642094525,0.25852005338748385
1160,48.01903270471703,0.2599043691935516
1161,48.06039276733952,0.2613734250765408
1162,48.101752829962,0.26292732139427716
1163,48.143112892584504,0.26456586077170136
1164,48.184472955207006,0.26628854222216586
1165,48.225833017829494,0.2680945569319781
1166,48.267193080451996,0.2699827857354777
1167,48.3085531430745,0.2719517983054533
1168,48.349913205696986,0.2739998540820998
1169,48.39127326831949,0.27612490496177605
1170,48.432633330941975,0.27832459976463975
1171,48.47399339356446,0.28059629049671625
1172,48.515353456186965,0.28293704041721335
1173,48.55671351880947,0.2853436339145303
1174,48.598073581431954,0.2878125881852068
1175,48.639433644054456,0.29034016669747215
1176,48.680793706676944,0.2929223944058388
1177,48.722153769299446,0.29555507466486514
1178,48.763513831921934,0.29823380776869546
1179,48.804873894544436,0.3009540110193605
1180,48.84623395716692,0.3037109402005109
1181,48.887594019789425,0.3064997123058316
1182,48.92895408241191,0.3093153293431771
1183,48.970314145034415,0.31215270300775066
1184,49.01167420765692,0.31500667999110277
1185,49.053034270279404,0.31787206766915965
1186,49.09439433290189,0.3207436598924361
1187,49.135754395524394,0.32361626258661813
1188,49.17711445814688,0.3264847188624852
1189,49.218474520769384,0.32934393333208717
1190,49.259834583391886,0.3321888953330989
1191,49.30119464601437,0.33501470077633316
1192,49.342554708636875,0.33781657235239276
1193,49.38391477125938,0.340589877862031
1194,49.42527483388186,0.34333014647048077
1195,49.46663489650435,0.34603308272807315
1196,49.507994959126854,0.3486945782464854
1197,49.54935502174934,0.35131072097075755
1198,49.590715084371844,0.3538778020402071
1199,49.632075146994346,0.35639232028445084
1200,49.673435209616834,0.35885098445305036
1201,49.714795272239336,0.36125071332608294
1202,49.75615533486182,0.36358863389724894
1203,49.79751539748431,0.36586207785942965
1204,49.83887546010681,0.36806857665363896
1205,49.880235522729315,0.3702058553648551
1206,49.9215955853518,0.3722718257623914
1207,49.962955647974304,0.3742645787874262
1208,50.00431571059679,0.37618237678628696
1209,50.045675773219294,0.37802364577586034
1210,50.08703583584178,0.37978696800756834
1211,50.128395898464284,0.3814710750696022
1212,50.16975596108677,0.38307484173542655
1213,50.21111602370927,0.3845972807308283
1214,50.25247608633176,0.3860375385531265
1215,50.29383614895426,0.38739489243764424
1216,50.335196211576765,0.3886687485271382
1217,50.37655627419925,0.3898586412631032
1218,50.41791633682175,0.3909642339833478
1219,50.45927639944424,0.39198532067903746
1220,50.50063646206674,0.3929218288376187
1221,50.54199652468923,0.39377382327471105
1222,50.583356587311734,0.39454151083947064
1223,50.62471664993422,0.3952252458627476
1224,50.66607671255672,0.3958255362055658
1225,50.707436775179225,0.39634304975658385
1226,50.748796837801706,0.39677862122034435
1227,50.7901569004242,0.39713325903245333
1228,50.8315169630467,0.3974081522338456
1229,50.8728770256692,0.3976046771320407
1230,50.91423708829169,0.39772440357389305
1231,50.955597150914194,0.39776910065133947
1232,50.99695721353668,0.39774074165879286
1233,51.038317276159184,0.39764150811941185
1234,51.07967733878167,0.397473792697493
1235,51.121037401404166,0.3972402008161625
1236,51.16239746402666,0.39694355080513083
1237,51.20375752664916,0.3965868724117139
1238,51.24511758927165,0.396173403521649
1239,51.28647765189415,0.3957065849539451
1240,51.32783771451664,0.3951900532164806
1241,51.36919777713914,0.3946276311367052
1242,51.41055783976164,0.394023316313316
1243,51.45191790238413,0.39338126737081536
1244,51.49327796500663,0.39270578803713807
1245,51.53463802762912,0.3920013091053533
1246,51.575998090251616,0.3912723683813897
1247,51.61735815287411,0.39052358876061677
1248,51.65871821549661,0.38975965461470297
1249,51.7000782781191,0.38898528670607385
1250,51.741438340741595,0.3882052158790102
1251,51.78279840336409,0.38742415580329814
1252,51.824158465986585,0.3866467750677554
1253,51.86551852860908,0.38587766893669884
1254,51.90687859123158,0.38512133109204355
1255,51.94823865385408,0.38438212568781616
1256,51.98959871647657,0.3836642600425266
1257,52.03095877909907,0.38297175828834007
1258,52.072318841721554,0.3823084362855366
1259,52.113678904344056,0.38167787809598924
1260,52.15503896696655,0.38108341429196474
1261,52.196399029589045,0.38052810235608236
1262,52.23775909221154,0.38001470940581167
1263,52.27911915483404,0.37954569745147543
1264,52.32047921745653,0.37912321137045757
1265,52.36183928007903,0.3787490697526688
1266,52.40319934270152,0.37842475874279136
1267,52.444559405324014,0.3781514289736565
1268,52.485919467946516,0.37792989565197604
1269,52.52727953056901,0.377760641822648
1270,52.568639593191506,0.37764382480049774
1271,52.609999655814,0.37757928571955884
1272,52.651359718436495,0.37756656210869244
1273,52.69271978105899,0.37760490336040936
1274,52.734079843681485,0.37769328891645804
1275,52.77543990630398,0.37783044895084267
1276,52.816799968926475,0.3780148872887819
1277,52.85816003154897,0.3782449062602729
1278,52.899520094171464,0.3785186331505025
1279,52.94088015679396,0.3788340478774361
1280,52.98224021941646,0.37918901150160716
1281,53.023600282038956,0.37958129515440464
1282,53.06496034466144,0.38000860896151434
1283,53.106320407283945,0.3804686305371385
1284,53.14768046990643,0.3809590326335431
1285,53.189040532528935,0.38147750954924425
1286,53.23040059515143,0.38202180192711604
1287,53.271760657773925,0.38258971961116883
1288,53.31312072039642,0.38317916227545573
1289,53.354480783018914,0.3837881375902318
1290,53.3958408456414,0.38441477674679125
1291,53.437200908263904,0.3850573472215077
1292,53.4785609708864,0.38571426272016257
1293,53.51992103350889,0.38638409030257637
1294,53.561281096131395,0.3870655547440605
1295,53.60264115875389,0.3877575402416545
1296,53.644001221376385,0.38845908961897
1297,53.68536128399887,0.389169401221179
1298,53.726721346621375,0.3898878237224428
1299,53.76808140924386,0.39061384908940017
1300,53.809441471866364,0.39134710395782935
1301,53.85080153448886,0.3920873396848814
1302,53.892161597111354,0.3928344213370577
1303,53.93352165973385,0.39358831586565024
1304,53.97488172235634,0.3943490797076218
1305,54.01624178497883,0.3951168460320696
1306,54.05760184760133,0.39589181183226313
1307,54.098961910223835,0.39667422504130506
1308,54.14032197284632,0.39746437182799166
1309,54.181682035468825,0.3982625642081742
1310,54.22304209809131,0.39906912808808864
1311,54.264402160713814,0.39988439183890734
1312,54.30576222333631,0.40070867548789424
1313,54.347122285958804,0.40154228059963426
1314,54.38848234858129,0.40238548091205967
1315,54.42984241120379,0.4032385137848542
1316,54.47120247382628,0.4041015725127289
1317,54.51256253644878,0.40497479955112803
1318,54.55392259907128,0.4058582806979233
1319,54.59528266169377,0.4067520402692279
1320,54.636642724316275,0.4076560373010999
1321,54.67800278693876,0.4085701628003382
1322,54.71936284956125,0.4094942380567828
1323,54.76072291218375,0.4104280140158011
1324,54.802082974806254,0.41137117169387916
1325,54.84344303742874,0.4123233236011278
1326,54.88480310005124,0.4132840161147204
1327,54.92616316267374,0.414252732725348
1328,54.96752322529623,0.4152288980569613
1329,55.00888328791872,0.41621188253929986
1330,55.05024335054122,0.4172010075930006
1331,55.09160341316371,0.4181955511713732
1332,55.13296347578621,0.4191947534902964
1333,55.174323538408714,0.4201978227705647
1334,55.2156836010312,0.4212039408154338
1335,55.257043663653704,0.4222122682505089
1336,55.29840372627619,0.4232219492639188
1337,55.33976378889868,0.4242321157021885
1338,55.38112385152118,0.42524189039946153
1339,55.42248391414368,0.4262503896465537
1340,55.46384397676617,0.42725672473809634
1341,55.50520403938867,0.42826000257136676
1342,55.54656410201116,0.4292593253074424
1343,55.58792416463366,0.4302537891421907
1344,55.62928422725616,0.4312424822706903
1345,55.67064428987865,0.4322244821612599
1346,55.71200435250114,0.43319885228472405
1347,55.75336441512364,0.43416463846759723
1348,55.79472447774613,0.43512086505555025
1349,55.83608454036863,0.4360665310833165
1350,55.87744460299113,0.437000606650264
1351,55.91880466561362,0.43792202969545996
1352,55.96016472823612,0.4388297033539151
1353,56.00152479085861,0.43972249405583075
1354,56.0428848534811,0.44059923050511357
1355,56.0842449161036,0.4414587036422308
1356,56.1256049787261,0.4422996676612301
1357,56.16696504134859,0.44312084211353125
1358,56.20832510397109,0.4439209150915651
1359,56.24968516659359,0.4446985474474231
1360,56.29104522921608,0.44545237796506054
1361,56.33240529183857,0.4461810293713658
1362,56.37376535446107,0.4468831150431323
1363,56.41512541708356,0.4475572462439532
1364,56.45648547970606,0.448202039708899
1365,56.49784554232856,0.4488161253854765
1366,56.53920560495105,0.44939815413704765
1367,56.58056566757355,0.4499468052198795
1368,56.62192573019604,0.4504607933561461
1369,56.663285792818535,0.4509388752427788
1370,56.70464585544103,0.4513798553579374
1371,56.74600591806353,0.45178259095306433
1372,56.78736598068602,0.45214599614707657
1373,56.82872604330852,0.45246904506905655
1374,56.87008610593101,0.45275077402622665
1375,56.91144616855351,0.4529902827026511
1376,56.95280623117601,0.4531867344215674
1377,56.9941662937985,0.45333935552845483
1378,57.03552635642099,0.4534474339729335
1379,57.07688641904349,0.45351031718483203
1380,57.11824648166598,0.45352740935329944
1381,57.15960654428848,0.45349816822764677
1382,57.20096660691098,0.45342210156453183
1383,57.24232666953347,0.45329876334970276
1384,57.28368673215597,0.45312774992257493
1385,57.32504679477846,0.45290869613050255
1386,57.36640685740095,0.4526412716362003
1387,57.40776692002345,0.4523251774969221
1388,57.44912698264595,0.4519601431283678
1389,57.49048704526844,0.4515459237597089
1390,57.53184710789094,0.45108229847834286
1391,57.57320717051344,0.45056906895474347
1392,57.61456723313593,0.45000605892781614
1393,57.65592729575842,0.4493931145198573
1394,57.69728735838092,0.44873010543724745
1395,57.738647421003414,0.4480169270973402
1396,57.78000748362591,0.44725350370448236
1397,57.82136754624841,0.4464397922774202
1398,57.8627276088709,0.4455757876077845
1399,57.9040876714934,0.4446615281037034
1400,57.94544773411589,0.4436971024458208
1401,57.98680779673838,0.4426826569544912
1402,58.02816785936088,0.4416184035383329
1403,58.06952792198338,0.44050462806637664
1404,58.11088798460587,0.43934169897988995
1405,58.15224804722837,0.43813007593700515
1406,58.19360810985086,0.4368703182645949
1407,58.23496817247336,0.43556309297852064
1408,58.27632823509585,0.4342091821269515
1409,58.31768829771835,0.4328094892116916
1410,58.35904836034084,0.4313650444511975
1411,58.40040842296334,0.429877008665273
1412,58.44176848558583,0.4283466755859061
1413,58.48312854820833,0.42677547243049413
1414,58.52448861083083,0.42516495861205267
1415,58.56584867345332,0.4235168225051185
1416,58.60720873607581,0.4218328762335304
1417,58.64856879869831,0.4201150484970321
1418,58.6899288613208,0.4183653755042477
1419,58.731288923943296,0.41658599012968067
1420,58.7726489865658,0.41477910945914603
1421,58.81400904918829,0.41294702093051966
1422,58.85536911181079,0.411092067313096
1423,58.89672917443329,0.4092166307979983
1424,58.93808923705577,0.40732311649305164
1425,58.97944929967827,0.405413935628171
1426,59.02080936230077,0.40349148878042607
1427,59.06216942492326,0.4015581494227321
1428,59.10352948754576,0.3996162480864628
1429,59.14488955016826,0.39766805740645683
1430,59.186249612790746,0.3957157782892962
1431,59.22760967541325,0.39376152741144804
1432,59.268969738035736,0.39180732621641995
1433,59.31032980065823,0.38985509153893594
1434,59.35168986328073,0.38790662794191677
1435,59.39304992590323,0.38596362180978677
1436,59.43440998852572,0.38402763720020827
1437,59.47577005114822,0.3821001134176018
1438,59.51713011377071,0.380182364236444
1439,59.55849017639321,0.37827557867100636
1440,59.5998502390157,0.37638082316215804
1441,59.641210301638196,0.3744990450308565
1442,59.68257036426069,0.3726310770329615
1443,59.723930426883186,0.37077764284058445
1444,59.76529048950568,0.36893936327136384
1445,59.806650552128175,0.36711676308875596
1446,59.84801061475068,0.3653102782029718
1447,59.88937067737317,0.36352026311271296
1448,59.93073073999566,0.36174699844259744
1449,59.97209080261816,0.3599906984482018
1450,60.01345086524065,0.3582515183797993
1451,60.05481092786315,0.35652956161658095
1452,60.096170990485646,0.3548248865033119
1453,60.13753105310814,0.35313751284206946
1454,60.178891115730636,0.3514674280102507
1455,60.22025117835314,0.3498145926932422
1456,60.26161124097562,0.34817894623472473
1457,60.30297130359812,0.3465604116193002
1458,60.344331366220615,0.34495890011075236
1459,60.38569142884311,0.3433743155746855
1460,60.42705149146561,0.34180655851632036
1461,60.46841155408811,0.34025552986338203
1462,60.5097716167106,0.3387211345201434
1463,60.551131679333096,0.3372032847126941
1464,60.59249174195559,0.3357019031371349
1465,60.63385180457808,0.3342169259133817
1466,60.67521186720058,0.3327483053366426
1467,60.716571929823075,0.3312960124087082
1468,60.75793199244557,0.3298600391212537
1469,60.799292055068065,0.32844040045469
1470,60.84065211769056,0.32703713604925705
1471,60.882012180313055,0.32565031149994045
1472,60.92337224293555,0.32428001922443356
1473,60.96473230555805,0.32292637885356423
1474,61.00609236818054,0.32158953709661336
1475,61.04745243080304,0.3202696670395926
1476,61.08881249342553,0.3189669668429862
1477,61.13017255604803,0.31768165781606306
1478,61.171532618670525,0.3164139818574729
1479,61.21289268129302,0.3151641982657962
1480,61.25425274391551,0.31393257993888996
1481,61.29561280653801,0.31271940899590706
1482,61.3369728691605,0.3115249718713243
1483,61.378332931783,0.31034955394432695
1484,61.419692994405494,0.3091934337802993
1485,61.46105305702799,0.30805687707233287
1486,61.50241311965049,0.30694013038003737
1487,61.543773182272986,0.3058434147701822
1488,61.58513324489547,0.3047669194679739
1489,61.62649330751797,0.303710795630418
1490,61.66785337014047,0.3026751503525256
1491,61.70921343276296,0.30166004101503313
1492,61.75057349538546,0.3006654700775055
1493,61.791933558007955,0.2996913804144942
1494,61.83329362063045,0.2987376512844164
1495,61.874653683252944,0.2978040950116597
1496,61.91601374587544,0.29689045445205114
1497,61.95737380849793,0.2959964013007665
1498,61.99873387112043,0.2951215352898512
1499,62.04009393374293,0.29426538431015103
1500,62.08145399636542,0.2934274054796485
1501,62.12281405898792,0.2926069871667372
1502,62.16417412161041,0.29180345196359825
1503,62.20553418423291,0.29101606059063384
1504,62.2468942468554,0.29024401669881167
1505,62.2882543094779,0.2894864725223859
1506,62.32961437210039,0.28874253531995764
1507,62.37097443472289,0.28801127452759134
1508,62.41233449734538,0.287291729533751
1509,62.45369455996788,0.28658291797266916
1510,62.49505462259038,0.2858838444205833
1511,62.53641468521287,0.2851935093685037
1512,62.577774747835356,0.2845109183363544
1513,62.61913481045786,0.283835090986812
1514,62.660494873080346,0.2831650700930937
1515,62.70185493570285,0.28249993021409014
1516,62.74321499832535,0.28183878593263373
1517,62.78457506094784,0.28118079951827063
1518,62.82593512357034,0.28052518788531355
1519,62.867295186192834,0.27987122872948395
1520,62.908655248815315,0.27921826574224506
1521,62.95001531143782,0.2785657128207935
1522,62.99137537406032,0.27791305721260245
1523,63.032735436682806,0.27725986155649646
1524,63.07409549930531,0.2766057648063631
1525,63.11545556192781,0.2759504820483924
1526,63.1568156245503,0.27529380324714636
1527,63.1981756871728,0.2746355909793322
1528,63.23953574979529,0.2739757772361194
1529,63.280895812417775,0.2733143593944489
1530,63.32225587504028,0.2726513954744702
1531,63.36361593766278,0.27198699881406846
1532,63.40497600028527,0.271321332300891
1533,63.44633606290777,0.2706546023088316
1534,63.487696125530256,0.2699870524878012
1535,63.52905618815275,0.2693189575542285
1536,63.570416250775246,0.2686506172244379
1537,63.61177631339775,0.26798235042468416
1538,63.653136376020235,0.2673144899000107
1539,63.69449643864274,0.26664737733058047
1540,63.735856501265225,0.26598135904815307
1541,63.77721656388773,0.26531678242836804
1542,63.81857662651023,0.26465399301653436
1543,63.85993668913271,0.26399333242627304
1544,63.901296751755204,0.26333513703215294
1545,63.942656814377706,0.2626797374598273
1546,63.984016877000194,0.2620274588601478
1547,64.0253769396227,0.26137862193810857
1548,64.06673700224519,0.2607335446928117
1549,64.10809706486769,0.26009254481153643
1550,64.14945712749018,0.25945594264928173
1551,64.19081719011268,0.2588240647148807
1552,64.23217725273517,0.2581972475760081
1553,64.27353731535767,0.25757584208813855
1554,64.31489737798016,0.2569602178466412
1555,64.35625744060266,0.2563507677569541
1556,64.39761750322516,0.2557479126150795
1557,64.43897756584765,0.2551521055896012
1558,64.48033762847015,0.25456383649732206
1559,64.52169769109264,0.2539836357673192
1560,64.56305775371514,0.2534120779932261
1561,64.60441781633763,0.2528497849806463
1562,64.64577787896013,0.2522974282061995
1563,64.68713794158262,0.2517557306165054
1564,64.72849800420512,0.2512254677097143
1565,64.76985806682761,0.25070746785847536
1566,64.81121812945011,0.25020261185144943
1567,64.8525781920726,0.24971183165013167
1568,64.8939382546951,0.24923610837814297
1569,64.9352983173176,0.24877646958107485
1570,64.97665837994009,0.24833398581500485
1571,65.01801844256259,0.2479097666408245
1572,65.05937850518508,0.24750495611822876
1573,65.10073856780758,0.24712072790716527
1574,65.14209863043007,0.24675828009461429
1575,65.18345869305256,0.24641882987072092
1576,65.22481875567506,0.24610360817951749
1577,65.26617881829756,0.24581385446598153
1578,65.30753888092005,0.2455508116327119
1579,65.34889894354255,0.24531572130637397
1580,65.39025900616505,0.24510981949669264
1581,65.43161906878754,0.24493433271008194
1582,65.47297913141004,0.2447904745562448
1583,65.51433919403253,0.2446794428612969
1584,65.55569925665502,0.24460241727523233
1585,65.59705931927752,0.2445605573368571
1586,65.63841938190002,0.24455500093647917
1587,65.67977944452251,0.24458686309691094
1588,65.72113950714501,0.2446572349776545
1589,65.7624995697675,0.24476718299633837
1590,65.80385963239,0.24491774795624424
1591,65.84521969501249,0.24510994406943298
1592,65.88657975763499,0.24534475777134523
1593,65.92793982025748,0.24562314623524822
1594,65.96929988287998,0.2459460355124062
1595,66.01065994550248,0.2463143182459796
1596,66.05202000812497,0.24672885093242475
1597,66.09338007074747,0.24719045073254892
1598,66.13474013336996,0.24769989186355731
1599,66.17610019599245,0.2482579016330712
1600,66.21746025861495,0.24886515620380445
1601,66.25882032123745,0.24952227620256498
1602,66.30018038385994,0.2502298223084704
1603,66.34154044648244,0.2509882909709836
1604,66.38290050910493,0.2517981104184301
1605,66.42426057172743,0.25265963712106587
1606,66.46562063434992,0.25357315286912663
1607,66.50698069697242,0.2545388626158939
1608,66.54834075959491,0.25555689321841496
1609,66.58970082221741,0.2566272931852041
1610,66.6310608848399,0.2577500335113758
1611,66.67242094746238,0.2589250096483404
1612,66.7137810100849,0.26015204461910246
1613,66.75514107270737,0.26143089325194396
1614,66.79650113532989,0.2627612474669245
1615,66.83786119795238,0.2641427425126107
1616,66.87922126057488,0.26557496401562564
1617,66.92058132319737,0.26705745567519645
1618,66.96194138581987,0.268589727409325
1619,67.00330144844236,0.270171263739787
1620,67.04466151106485,0.2718015321907863
1621,67.08602157368736,0.2734799914709415
1622,67.12738163630983,0.27520609921058653
1623,67.16874169893235,0.2769793190365532
1624,67.21010176155484,0.2787991267834192
1625,67.25146182417734,0.28066501566406626
1626,67.29282188679983,0.28257650025167613
1627,67.33418194942232,0.2845331191594062
1628,67.37554201204482,0.2865344363417074
1629,67.4169020746673,0.2885800409811742
1630,67.45826213728981,0.2906695459658257
1631,67.4996221999123,0.292802585002307
1632,67.54098226253481,0.2949788084493271
1633,67.58234232515728,0.29719787799200736
1634,67.6237023877798,0.2994594603096653
1635,67.66506245040229,0.3017632199168975
1636,67.70642251302478,0.3041088113795298
1637,67.74778257564728,0.30649587112206184
1638,67.78914263826977,0.3089240090522797
1639,67.83050270089227,0.3113928002306775
1640,67.87186276351476,0.31390177680774756
1641,67.91322282613726,0.31645042044149746
1642,67.95458288875975,0.3190381553905426
1643,67.99594295138223,0.3216643424563623
1644,68.03730301400475,0.32432827392168884
1645,68.07866307662722,0.3270291696016971
1646,68.12002313924974,0.32976617409192766
1647,68.16138320187223,0.3325383552619578
1648,68.20274326449473,0.3353447040081264
1649,68.24410332711722,0.33818413524341173
1650,68.28546338973972,0.34105549006745667
1651,68.3268234523622,0.343957539027362
1652,68.3681835149847,0.3468889863494797
1653,68.40954357760721,0.3498484749955524
1654,68.45090364022968,0.35283459237363785
1655,68.4922637028522,0.3558458765157587
1656,68.53362376547469,0.3588808225206643
1657,68.57498382809719,0.36193788905205787
1658,68.61634389071968,0.36501550468007227
1659,68.65770395334216,0.36811207385705674
1660,68.69906401596467,0.3712259823282246
1661,68.74042407858715,0.37435560179280486
1662,68.78178414120966,0.37749929365208634
1663,68.82314420383214,0.380655411707259
1664,68.86450426645466,0.38382230370107717
1665,68.90586432907713,0.386998311632305
1666,68.94722439169962,0.3901817708112129
1667,68.98858445432214,0.3933710076647312
1668,69.02994451694462,0.39656433634249477
1669,69.07130457956713,0.3997600542165175
1670,69.11266464218961,0.4029564364082167
1671,69.15402470481212,0.4061517295133871
1672,69.1953847674346,0.40934414472957426
1673,69.23674483005712,0.4125318506172892
1674,69.2781048926796,0.4157129657475069
1675,69.31946495530208,0.4188855515006981
1676,69.3608250179246,0.42204760528711754
1677,69.40218508054707,0.42519705445326783
1678,69.44354514316959,0.4283317511260272
1679,69.48490520579207,0.4314494682233613
1680,69.52626526841458,0.43454789682999556
1681,69.56762533103706,0.4376246450984391
1682,69.60898539365955,0.440677238792154
1683,69.65034545628205,0.4437031235391097
1684,69.69170551890454,0.4466996688133309
1685,69.73306558152706,0.44966417360981875
1686,69.77442564414953,0.45259387372753757
1687,69.81578570677205,0.45548595052691926
1688,69.85714576939453,0.45833754098477264
1689,69.89850583201704,0.461145748831663
1690,69.93986589463952,0.46390765652640004
1691,69.98122595726201,0.4666203377996768
1692,70.02258601988451,0.4692808704850585
1693,70.063946082507,0.47188634935034546
1694,70.1053061451295,0.4744338986456493
1695,70.14666620775199,0.4769206840961953
1696,70.18802627037451,0.47934392408668625
1697,70.22938633299698,0.48170089980911485
1698,70.27074639561947,0.4839889641764753
1699,70.31210645824198,0.4862055493390955
1700,70.35346652086447,0.4883481726775834
1701,70.39482658348697,0.4904144411848213
1702,70.43618664610946,0.4924020541889581
1703,70.47754670873196,0.4943088044075056
1704,70.51890677135445,0.4961325773604819
1705,70.56026683397697,0.4978713492054414
1706,70.60162689659944,0.4995231830904325
1707,70.64298695922193,0.5010862241508263
1708,70.68434702184445,0.5025586933032498
1709,70.72570708446692,0.5039388800136265
1710,70.76706714708943,0.5052251342372592
1711,70.80842720971192,0.5064158577463794
1712,70.84978727233442,0.5075094950747994
1713,70.89114733495691,0.5085045243204238
1714,70.9325073975794,0.5093994480537153
1715,70.9738674602019,0.5101927845845505
1716,71.01522752282439,0.5108830598401147
1717,71.0565875854469,0.5114688001032643
1718,71.09794764806938,0.5119485258534879
1719,71.1393077106919,0.5123207469412813
1720,71.18066777331438,0.51258395931127
1721,71.22202783593688,0.5127366434698803
1722,71.26338789855937,0.5127772648697019
1723,71.30474796118186,0.5127042763550408
1724,71.34610802380436,0.5125161227818682
1725,71.38746808642685,0.5122112478909642
1726,71.42882814904935,0.5117881034754387
1727,71.47018821167184,0.5112451608438158
1728,71.51154827429436,0.5105809245385371
1729,71.55290833691683,0.5097939482266105
1730,71.59426839953932,0.5088828526359446
1731,71.63562846216183,0.507846345367806
1732,71.67698852478432,0.5066832423737806
1733,71.71834858740682,0.5053924908449186
1734,71.75970865002931,0.5039731932231593
1735,71.80106871265181,0.5024246320100342
1736,71.8424287752743,0.5007462950171708
1737,71.88378883789682,0.4989379006768147
1738,71.92514890051929,0.4969994230104117
1739,71.96650896314178,0.49493111583868127
1740,72.0078690257643,0.49273353580964724
1741,72.04922908838677,0.49040756382060247
1742,72.09058915100928,0.4879544244188645
1743,72.13194921363177,0.48537570278187153
1744,72.17330927625427,0.4826733589027158
1745,72.21466933887676,0.47984973864046937
1746,72.25602940149925,0.47690758133627575
1747,72.29738946412175,0.47385002374579205
1748,72.33874952674424,0.47068060009458645
1749,72.38010958936675,0.46740323812534995
1750,72.42146965198923,0.4640222510720286
1751,72.46282971461174,0.4605423255655302
1752,72.50418977723423,0.45696850554598306
1753,72.54554983985673,0.4533061723264127
1754,72.58690990247922,0.44956102101984774
1755,72.62826996510171,0.44573903360457146
1756,72.66963002772421,0.44184644895906433
1757,72.7109900903467,0.4378897302470357
1758,72.7523501529692,0.4338755300734191
1759,72.79371021559169,0.4298106538622399
1760,72.8350702782142,0.42570202192791956
1761,72.87643034083668,0.4215566307209034
1762,72.91779040345918,0.4173815137281133
1763,72.95915046608168,0.4131837024983928
1764,73.00051052870417,0.40897018824383247
1765,73.04187059132667,0.40474788444101556
1766,73.08323065394916,0.40052359082259725
1767,73.12459071657166,0.3963039591110175
1768,73.16595077919415,0.3920954608037623
1769,73.20731084181666,0.387904357274964
1770,73.24867090443914,0.3837366724123793
1771,73.29003096706164,0.3795981679635316
1772,73.33139102968414,0.3754943217205853
1773,73.37275109230663,0.37143030863145
1774,73.41411115492913,0.36741098488556656
1775,73.45547121755162,0.3634408749867949
1776,73.49683128017412,0.3595241617932797
1777,73.53819134279661,0.3556646794755397
1778,73.5795514054191,0.35186590931862805
1779,73.6209114680416,0.34813097827241224
1780,73.66227153066409,0.3444626601353035
1781,73.70363159328659,0.34086337924070476
1782,73.74499165590908,0.3373352165021137
1783,73.78635171853159,0.3338799176610718
1784,73.82771178115408,0.3304989035724573
1785,73.86907184377658,0.3271932823530442
1786,73.91043190639907,0.3239638632117002
1787,73.95179196902156,0.320811171773012
1788,73.99315203164406,0.31773546669991853
1789,74.03451209426655,0.3147367574157112
1790,74.07587215688905,0.31181482272083094
1791,74.11723221951154,0.3089692300956944
1792,74.15859228213405,0.3061993554778033
1793,74.19995234475653,0.30350440329904105
1794,74.24131240737903,0.3008834265684265
1795,74.28267247000153,0.29833534678669044
1796,74.32403253262402,0.29585897348195384
1797,74.36539259524652,0.2934530231612862
1798,74.406752657869,0.29111613748117066
1799,74.44811272049151,0.2888469004506034
1800,74.489472783114,0.28664385449523094
1801,74.5308328457365,0.2845055152277405
1802,74.57219290835899,0.28243038479062366
1803,74.61355297098149,0.28041696366072993
1804,74.65491303360399,0.27846376083139596
1805,74.69627309622648,0.27656930231647264
1806,74.73763315884898,0.2747321379508665
1807,74.77899322147147,0.27295084649388174
1808,74.82035328409397,0.27122403907321935
1809,74.86171334671646,0.26955036103935315
1810,74.90307340933896,0.2679284923296946
1811,74.94443347196145,0.2663571464703982
1812,74.98579353458395,0.26483506836851844
1813,75.02715359720644,0.26336103106866043
1814,75.06851365982894,0.26193383166545714
1815,75.10987372245144,0.2605522865752876
1816,75.15123378507393,0.2592152263779649
1817,75.19259384769641,0.25792149044079854
1818,75.23395391031892,0.2566699215340976
1819,75.2753139729414,0.25545936063867497
1820,75.3166740355639,0.2542886421328618
1821,75.3580340981864,0.253156589529245
1822,75.3993941608089,0.25206201191080146
1823,75.4407542234314,0.25100370119270776
1824,75.4821142860539,0.24998043031088732
1825,75.52347434867639,0.2489909524121103
1826,75.56483441129888,0.24803400109373763
1827,75.60619447392138,0.24710829171529086
1828,75.64755453654386,0.24621252377862685
1829,75.68891459916637,0.2453453843504785
1830,75.73027466178885,0.24450555247932929
1831,75.77163472441136,0.24369170454003306
1832,75.81299478703384,0.24290252042277236
1833,75.85435484965635,0.24213669046958688
1834,75.89571491227883,0.24139292305023055
1835,75.93707497490134,0.24066995266096705
1836,75.97843503752384,0.239966548423514
1837,76.01979510014633,0.23928152285775944
1838,76.06115516276883,0.23861374080000644
1839,76.10251522539131,0.2379621283387917
1840,76.14387528801382,0.23732568164212284
1841,76.1852353506363,0.23670347555347407
1842,76.2265954132588,0.23609467183886915
1843,76.2679554758813,0.23549852697352724
1844,76.3093155385038,0.2349143993641571
1845,76.35067560112628,0.23434175591170683
1846,76.39203566374879,0.23378017782917243
1847,76.43339572637129,0.23322936563994165
1848,76.47475578899378,0.23268914329401205
1849,76.51611585161626,0.23215946135192048
1850,76.55747591423876,0.23164039919940346
1851,76.59883597686127,0.23113216626940192
1852,76.64019603948375,0.23063510226151684
1853,76.68155610210626,0.2301496763624479
1854,76.72291616472874,0.22967648548380315
1855,76.76427622735125,0.22921625154543337
1856,76.80563628997375,0.22876981784308484
1857,76.84699635259624,0.22833814454824566
1858,76.88835641521872,0.22792230339508532
1859,76.92971647784123,0.22752347161457973
1860,76.97107654046371,0.22714292517884185
1861,77.01243660308621,0.22678203141930714
1862,77.05379666570872,0.22644224108112537
1863,77.0951567283312,0.22612507987265423
1864,77.1365167909537,0.22583213956397494
1865,77.1778768535762,0.22556506868184303
1866,77.2192369161987,0.2253255628412404
1867,77.26059697882118,0.2251153547457056
1868,77.30195704144369,0.22493620388076216
1869,77.34331710406617,0.224789885917218
1870,77.38467716668868,0.22467818183442112
1871,77.42603722931116,0.2246028667680384
1872,77.46739729193366,0.22456569858299888
1873,77.50875735455617,0.22456840617004464
1874,77.55011741717865,0.22461267746414026
1875,77.59147747980116,0.22470014718478867
1876,77.63283754242364,0.22483238430218314
1877,77.67419760504615,0.22501087923913735
1878,77.71555766766863,0.22523703082637625
1879,77.75691773029114,0.22551213303848805
1880,77.79827779291362,0.2258373615487572
1881,77.83963785553611,0.22621376015354996
1882,77.88099791815861,0.2266422271302298
1883,77.92235798078111,0.22712350160673658
1884,77.9637180434036,0.22765815003550013
1885,78.0050781060261,0.2282465528792223
1886,78.0464381686486,0.22888889163061835
1887,78.0877982312711,0.22958513630262298
1888,78.1291582938936,0.23033503353915677
1889,78.17051835651608,0.23113809550919628
1890,78.21187841913857,0.2319935897583872
1891,78.25323848176107,0.2329005302022141
1892,78.29459854438358,0.2338576694526626
1893,78.33595860700606,0.2348634926758998
1894,78.37731866962856,0.23591621318137998
1895,78.41867873225105,0.23701376994255366
1896,78.46003879487355,0.23815382724540038
1897,78.50139885749604,0.2393337766532115
1898,78.54275892011854,0.24055074146343636
1899,78.58411898274103,0.24180158381504616
1900,78.62547904536353,0.24308291458200457
1901,78.66683910798602,0.24439110615994344
1902,78.70819917060852,0.2457223082186899
1903,78.74955923323103,0.24707246645308586
1904,78.79091929585351,0.2484373443184273
1905,78.83227935847601,0.24981254768554922
1906,78.8736394210985,0.25119355229454293
1907,78.914999483721,0.2525757338264683
1908,78.95635954634349,0.25395440035018535
1909,78.997719608966,0.255324826838713
1910,79.03907967158848,0.2566822913873911
1911,79.08043973421098,0.25802211270733544
1912,79.12179979683349,0.25933968841401006
1913,79.16315985945596,0.2606305335846326
1914,79.20451992207848,0.2618903190217127
1915,79.24587998470096,0.2631149086356538
1916,79.28724004732346,0.26430039534813643
1917,79.32860010994595,0.2654431349224007
1918,79.36996017256845,0.26653977714620525
1919,79.41132023519094,0.26758729382960733
1920,79.45268029781343,0.2685830031315495
1921,79.49404036043593,0.2695245897959585
1922,79.53540042305842,0.27041012095803935
1923,79.57676048568092,0.2712380572718927
1924,79.61812054830342,0.27200725920934393
1925,79.65948061092593,0.27271698848317943
1926,79.70084067354841,0.273366904652769
1927,79.74220073617091,0.2739570570725658
1928,79.7835607987934,0.27448787244095524
1929,79.82492086141589,0.27496013829526456
1930,79.86628092403839,0.2753749828753186
1931,79.90764098666088,0.27573385184119054
1932,79.94900104928338,0.27603848237852086
1933,79.99036111190587,0.27629087525635315
1934,80.03172117452837,0.27649326541756847
1935,80.07308123715087,0.27664809168114723
1936,80.11444129977336,0.276757966119257
1937,80.15580136239586,0.2768256436428201
1938,80.19716142501835,0.27685399228765645
1939,80.23852148764085,0.27684596464259675
1940,80.27988155026334,0.27680457080274334
1941,80.32124161288584,0.2767328531683499
1942,80.36260167550833,0.27663386334410967
1943,80.40396173813083,0.27651064132801073
1944,80.44532180075333,0.2763661971146333
1945,80.48668186337581,0.27620349477676504
1946,80.52804192599832,0.2760254390327562
1947,80.56940198862081,0.2758348642562577
1948,80.61076205124331,0.27563452584063297
1949,80.6521221138658,0.2754270937924109
1950,80.6934821764883,0.27521514839760264
1951,80.73484223911079,0.27500117778045924
1952,80.77620230173328,0.2747875771571055
1953,80.81756236435578,0.2745766495747942
1954,80.85892242697827,0.2743706079220603
1955,80.90028248960078,0.27417157799405356
1956,80.94164255222327,0.27398160240072245
1957,80.98300261484577,0.2738026451128509
1958,81.02436267746826,0.27363659645078137
1959,81.06572274009076,0.2734852783331707
1960,81.10708280271325,0.2733504496174505
1961,81.14844286533574,0.2732338113790345
1962,81.18980292795824,0.27313701199273355
1963,81.23116299058073,0.2730616518965773
1964,81.27252305320324,0.2730092879350846
1965,81.31388311582572,0.27298143719557777
1966,81.35524317844823,0.27297958026755087
1967,81.39660324107072,0.27300516387042717
1968,81.43796330369321,0.2730596028101582
1969,81.47932336631571,0.27314428123896967
1970,81.5206834289382,0.2732605532058441
1971,81.5620434915607,0.27340974249753575
1972,81.60340355418319,0.27359314178126226
1973,81.64476361680569,0.27381201107087166
1974,81.68612367942818,0.27406757554786915
1975,81.72748374205068,0.2743610227778091
1976,81.76884380467318,0.27469349937079646
1977,81.81020386729566,0.2750661071427114
1978,81.85156392991817,0.27547989884061436
1979,81.89292399254066,0.2759358735028373
1980,81.93428405516316,0.27643497152981256
1981,81.97564411778565,0.2769780695475704
1982,82.01700418040815,0.2775659751503404
1983,82.05836424303064,0.27819942161274996
1984,82.09972430565313,0.27887906266530665
1985,82.14108436827563,0.2796054674286127
1986,82.18244443089812,0.280379115602632
1987,82.22380449352063,0.2812003930064816
1988,82.26516455614312,0.2820695875616542
1989,82.30652461876562,0.282986885807589
1990,82.34788468138811,0.28395237003211565
1991,82.38924474401061,0.28496601609124117
1992,82.4306048066331,0.2860276919826466
1993,82.47196486925559,0.2871371572253687
1994,82.51332493187809,0.28829406308434335
1995,82.55468499450058,0.28949795366366105
1996,82.59604505712309,0.2907482678760252
1997,82.63740511974557,0.2920443422793548
1998,82.67876518236808,0.2933854147543356
1999,82.72012524499057,0.29477062898006634
2000,82.76148530761306,0.296199039649198
2001,82.80284537023556,0.297669618349219
2002,82.84420543285805,0.29918126002383516
2003,82.88556549548055,0.3007327899177456
2004,82.92692555810304,0.30232297089970084
2005,82.96828562072554,0.30395051105346077
2006,83.00964568334803,0.3056140714232926
2007,83.05100574597054,0.3073122738007151
2008,83.09236580859303,0.3090437084420101
2009,83.1337258712155,0.3108069416110307
2010,83.17508593383802,0.31260052284931944
2011,83.21644599646051,0.3144229918847043
2012,83.25780605908301,0.3162728851001948
2013,83.2991661217055,0.3181487414964826
2014,83.340526184328,0.32004910809378734
2015,83.38188624695049,0.32197254473082115
2016,83.42324630957297,0.32391762823097003
2017,83.46460637219548,0.32588295591731636
2018,83.50596643481796,0.327867148468839
2019,83.54732649744048,0.32986885212011363
2020,83.58868656006297,0.33188674021549064
2021,83.63004662268547,0.3339195141364937
2022,83.67140668530796,0.33596590362780726
2023,83.71276674793046,0.33802466655289504
2024,83.75412681055295,0.3400945881152033
2025,83.79548687317543,0.3421744795849853
2026,83.83684693579794,0.3442631765753755
2027,83.87820699842042,0.34635953691462473
2028,83.91956706104294,0.3484624381641462
2029,83.96092712366541,0.3505707748345947
2030,84.00228718628793,0.352683455354631
2031,84.04364724891042,0.3547993988488651
2032,84.0850073115329,0.35691753178315777
2033,84.12636737415541,0.3590367845364618
2034,84.1677274367779,0.36115608795872206
2035,84.2090874994004,0.36327436997378204
2036,84.2504475620229,0.36539055228455875
2037,84.2918076246454,0.36750354723497464
2038,84.33316768726787,0.36961225487873844
2039,84.37452774989038,0.37171556029949876
2040,84.41588781251288,0.373812331219792
2041,84.45724787513535,0.3759014159277769
2042,84.49860793775785,0.3779816415410524
2043,84.53996800038036,0.38005181261644566
2044,84.58132806300286,0.38211071010329417
2045,84.62268812562533,0.38415709062639253
2046,84.66404818824786,0.38618968607344767
2047,84.70540825087033,0.38820720345103177
2048,84.74676831349284,0.3902083249634012
2049,84.78812837611534,0.3921917082602277
2050,84.82948843873781,0.39415598679264996
2051,84.87084850136031,0.3960997702128269
2052,84.91220856398282,0.39802164474992
2053,84.95356862660532,0.3999201734959078
2054,84.99492868922779,0.4017938965376439
2055,85.0362887518503,0.40364133087673504
2056,85.0776488144728,0.4054609700870324
2057,85.11900887709528,0.4072512836688648
2058,85.1603689397178,0.40901071607141554
2059,85.20172900234027,0.4107376853676608
2060,85.24308906496277,0.4124305815807686
2061,85.28444912758528,0.41408776467613356
2062,85.32580919020778,0.41570756224871863
2063,85.36716925283025,0.41728826695105675
2064,85.40852931545275,0.4188281337224105
2065,85.44988937807526,0.42032537689440935
2066,85.49124944069774,0.4217781672618597
2067,85.53260950332026,0.42318462922015526
2068,85.57396956594273,0.4245428380817837
2069,85.61532962856523,0.42585081769376404
2070,85.65668969118774,0.4271065384858811
2071,85.69804975381021,0.42830791608511803
2072,85.73940981643271,0.4294528106353991
2073,85.78076987905521,0.43053902696313173
2074,85.82212994167772,0.43156431572768345
2075,85.86349000430019,0.43252637569176305
2076,85.90485006692272,0.4334228572398862
2077,85.9462101295452,0.43425136726208236
2078,85.9875701921677,0.43500947550701774
2079,86.0289302547902,0.43569472249021224
2080,86.07029031741267,0.4363046290225557
2081,86.11165038003517,0.43683670739907243
2082,86.15301044265767,0.4372884742593401
2083,86.19437050528018,0.4376574650992774
2084,86.23573056790265,0.4379412503798149
2085,86.27709063052515,0.4381374531404377
2086,86.31845069314765,0.4382437679886189
2087,86.35981075577014,0.4382579812968416
2088,86.40117081839266,0.43817799240174216
2089,86.44253088101513,0.4380018355637671
2090,86.48389094363763,0.43772770241343867
2091,86.52525100626013,0.4373539645817402
2092,86.56661106888264,0.43687919618989424
2093,86.60797113150511,0.43630219585753627
2094,86.64933119412761,0.43562200788022315
2095,86.69069125675011,0.4348379422270658
2096,86.7320513193726,0.43394959301777575
2097,86.77341138199509,0.432956855156142
2098,86.81477144461759,0.43185993882257273
2099,86.8561315072401,0.43065938156252964
2100,86.8974915698626,0.4293560577486477
2101,86.9388516324851,0.42795118524161285
2102,86.98021169510757,0.42644632912615865
2103,87.02157175773007,0.42484340245356533
2104,87.06293182035257,0.42314466397740064
2105,87.10429188297506,0.42135271292494586
2106,87.14565194559755,0.4194704808993819
2107,87.18701200822005,0.4175012210572074
2108,87.22837207084255,0.41544849474851975
2109,87.26973213346504,0.41331615584543663
2110,87.31109219608756,0.4111083330126888
2111,87.35245225871003,0.40882941019623376
2112,87.39381232133253,0.40648400561816567
2113,87.43517238395503,0.4040769495706858
2114,87.47653244657751,0.4016132612984939
2115,87.51789250920001,0.3990981252478565
2116,87.55925257182251,0.39653686694363466
2117,87.60061263444501,0.39393492873322355
2118,87.6419726970675,0.3912978456101066
2119,87.68333275968999,0.38863122130131006
2120,87.72469282231249,0.3859407047728751
2121,87.76605288493498,0.3832319672784086
2122,87.8074129475575,0.38051068004719213
2123,87.84877301017997,0.37778249268264075
2124,87.89013307280247,0.3750530123196269
2125,87.93149313542497,0.3723277835702991
2126,87.97285319804747,0.36961226927369234
2127,88.01421326066995,0.36691183205456596
2128,88.05557332329245,0.36423171669100274
2129,88.09693338591495,0.36157703328869734
2130,88.13829344853744,0.3589527412616243
2131,88.17965351115996,0.35636363412337474
2132,88.22101357378243,0.3538143251003846
2133,88.26237363640493,0.351309233586237
2134,88.30373369902743,0.3488525724650676
2135,88.34509376164992,0.34644833634016853
2136,88.38645382427241,0.3441002907114006
2137,88.42781388689491,0.3418119621502033
2138,88.46917394951741,0.3395866295243525
2139,88.5105340121399,0.3374273163248956
2140,88.55189407476242,0.3353367841450418
2141,88.59325413738489,0.3333175273552576
2142,88.63461420000739,0.3313717690097495
2143,88.6759742626299,0.32950145800834
2144,88.71733432525238,0.327708267523388
2145,88.75869438787487,0.3259935946861044
2146,88.80005445049737,0.32435856150904036
2147,88.84141451311987,0.32280401700438477
2148,88.88277457574236,0.3213305404401366
2149,88.92413463836485,0.31993844566016877
2150,88.96549470098735,0.3186277863794806
2151,89.00685476360984,0.31739836235418234
2152,89.04821482623235,0.3162497263167544
2153,89.08957488885484,0.3151811915619621
2154,89.13093495147733,0.31419184006761247
2155,89.17229501409983,0.313280531037173
2156,89.21365507672233,0.3124459097586291
2157,89.25501513934482,0.31168641668515246
2158,89.29637520196731,0.3110002966581205
2159,89.33773526458981,0.31038560821153505
2160,89.3790953272123,0.30984023291751206
2161,89.4204553898348,0.3093618847553426
2162,89.46181545245729,0.3089481195101555
2163,89.50317551507979,0.3085963442305728
2164,89.54453557770229,0.30830382679708374
2165,89.5858956403248,0.3080677056728707
2166,89.62725570294728,0.307884999925637
2167,89.66861576556977,0.30775261962184547
2168,89.70997582819227,0.30766737670226324
2169,89.75133589081476,0.3076259964502109
2170,89.79269595343726,0.307625129659847
2171,89.83405601605975,0.30766136560194524
2172,89.87541607868225,0.307731245868319
2173,89.91677614130474,0.30783127915400893
2174,89.95813620392725,0.30795795700887985
2175,89.99949626654973,0.30810777055842087
2176,90.04085632917223,0.30827722815804365
2177,90.08221639179473,0.3084628739075118
2178,90.12357645441722,0.3086613069135743
2179,90.16493651703972,0.3088692011507594
2180,90.20629657966221,0.309083325734274
2181,90.24765664228471,0.30930056538644796
2182,90.2890167049072,0.30951794085026946
2183,90.3303767675297,0.30973262898204024
2184,90.37173683015219,0.30994198224028185
2185,90.41309689277467,0.31014354728105387
2186,90.45445695539719,0.3103350823709961
2187,90.49581701801968,0.31051457333872984
2188,90.53717708064217,0.3106802478027207
2189,90.57853714326467,0.3108305874386651
2190,90.61989720588716,0.31096433808141116
2191,90.66125726850966,0.3110805174936779
2192,90.70261733113216,0.31117842067657303
2193,90.74397739375465,0.31125762264177764
2194,90.78533745637714,0.3113179786132346
2195,90.82669751899965,0.3113596216738009
2196,90.86805758162214,0.31138295791953274
2197,90.90941764424463,0.3113886592295627
2198,90.95077770686713,0.3113776538012293
2199,90.99213776948962,0.31135111463822723
2200,91.03349783211212,0.3113104462124459
2201,91.0748578947346,0.3112572695476752
2202,91.11621795735711,0.31119340599503775
2203,91.1575780199796,0.311120859985365
2204,91.19893808260211,0.3110418010527684
2205,91.2402981452246,0.31095854542648593
2206,91.28165820784707,0.31087353748436225
2207,91.32301827046959,0.3107893313517639
2208,91.36437833309208,0.3107085729141113
2209,91.40573839571458,0.31063398249017315
2210,91.44709845833707,0.31056833838720693
2211,91.48845852095957,0.3105144615281222
2212,91.52981858358206,0.3104752013061608
2213,91.57117864620456,0.3104534227844123
2214,91.61253870882705,0.31045199531689105
2215,91.65389877144953,0.31047378262527414
2216,91.69525883407205,0.31052163432267343
2217,91.73661889669454,0.3105983788327253
2218,91.77797895931704,0.310706817611127
2219,91.81933902193953,0.3108497205380313
2220,91.86069908456203,0.3110298223146658
2221,91.90205914718452,0.31124981966731063
2222,91.94341920980702,0.31151236913759406
2223,91.9847792724295,0.3118200852202732
2224,92.026139335052,0.3121755385996511
2225,92.0674993976745,0.31258125423359806
2226,92.108859460297,0.3130397090401046
2227,92.15021952291949,0.31355332895591465
2228,92.19157958554199,0.31412448515899427
2229,92.23293964816449,0.31475548927676644
2230,92.27429971078698,0.31544858743877596
2231,92.31565977340948,0.3162059530749168
2232,92.35701983603197,0.31702967840757057
2233,92.39837989865445,0.31792176463630567
2234,92.43973996127696,0.3188841108656848
2235,92.48110002389946,0.3199185018786055
2236,92.52246008652195,0.3210265949085081
2237,92.56382014914443,0.32220990561059254
2238,92.60518021176694,0.32346979347539384
2239,92.64654027438944,0.32480744696464314
2240,92.68790033701192,0.3262238686789516
2241,92.72926039963443,0.3277198608884316
2242,92.77062046225691,0.3292960117698137
2243,92.81198052487942,0.33095268269669675
2244,92.85334058750192,0.33268999692308254
2245,92.8947006501244,0.3345078299841569
2246,92.9360607127469,0.33640580211248333
2247,92.9774207753694,0.338383272933666
2248,93.0187808379919,0.34043933866277104
2249,93.06014090061437,0.3425728319734483
2250,93.10150096323689,0.34478232465627107
2251,93.14286102585937,0.34706613312289547
2252,93.18422108848188,0.3494223267498579
2253,93.22558115110436,0.35184873899177543
2254,93.26694121372685,0.3543429811296999
2255,93.30830127634935,0.35690245845902596
2256,93.34966133897186,0.3595243886634477
2257,93.39102140159436,0.36220582206919244
2258,93.43238146421683,0.3649436634290345
2259,93.47374152683935,0.3677346948488975
2260,93.51510158946184,0.3705755994436348
2261,93.55646165208434,0.3734629852929121
2262,93.59782171470682,0.3763934092641328
2263,93.63918177732931,0.3793634002775747
2264,93.68054183995181,0.38236948160895984
2265,93.72190190257432,0.3854081918563131
2266,93.7632619651968,0.38847610424124485
2267,93.80462202781929,0.3915698439664635
2268,93.84598209044181,0.3946861034128502
2269,93.8873421530643,0.39782165502590516
2270,93.92870221568677,0.4009733618129925
2271,93.97006227830929,0.4041381854455806
2272,94.01142234093177,0.4073131920331239
2273,94.05278240355427,0.4104955557041117
2274,94.09414246617678,0.41368256019247435
2275,94.13550252879926,0.4168715986824654
2276,94.17686259142175,0.4200601722086081
2277,94.21822265404425,0.42324588693889365
2278,94.25958271666676,0.42642645068674095
2279,94.30094277928923,0.4295996689998785
2280,94.34230284191175,0.43276344116164955
2281,94.38366290453423,0.4359157564129232
2282,94.42502296715674,0.43905469066146724
2283,94.46638302977924,0.44217840389238955
2284,94.50774309240172,0.44528513842990747
2285,94.54910315502421,0.44837321813066744
2286,94.59046321764671,0.4514410485148158
2287,94.63182328026922,0.4544871177671507
2288,94.67318334289169,0.4575099984703834
2289,94.71454340551419,0.4605083498695611
2290,94.7559034681367,0.4634809204142526
2291,94.7972635307592,0.46642655028686675
2292,94.83862359338168,0.4693441736025535
2293,94.87998365600419,0.47223281996138405
2294,94.92134371862667,0.4750916150465047
2295,94.96270378124917,0.4779197799932338
2296,95.00406384387168,0.4807166293018959
2297,95.04542390649415,0.48348156712947726
2298,95.08678396911665,0.4862140818694692
2299,95.12814403173915,0.4889137390112704
2300,95.16950409436166,0.49158017235697987
2301,95.21086415698413,0.49421307375941564
2302,95.25222421960663,0.49681218162718843
2303,95.29358428222913,0.4993772685154397
2304,95.33494434485164,0.5019081281824362
2305,95.37630440747412,0.5044045625372833
2306,95.41766447009661,0.5068663689324917
2307,95.45902453271911,0.5092933282632873
2308,95.50038459534161,0.5116851943242148
2309,95.54174465796409,0.5140416848423651
2310,95.58310472058659,0.5163624745561938
2311,95.62446478320909,0.5186471906419554
2312,95.6658248458316,0.5208954107087721
2313,95.70718490845407,0.5231066634908037
2314,95.74854497107658,0.5252804322661662
2315,95.78990503369907,0.5274161609294697
2316,95.83126509632157,0.5295132625437381
2317,95.87262515894407,0.5315711301015515
2318,95.91398522156655,0.5335891491384789
2319,95.95534528418905,0.5355667117682219
2320,95.99670534681155,0.5375032316509155
2321,96.03806540943405,0.5393981593667856
2322,96.07942547205653,0.5412509976479446
2323,96.12078553467904,0.5430613159227555
2324,96.16214559730153,0.5448287636496596
2325,96.203505659924,0.546553081960201
2326,96.24486572254654,0.5482341131919503
2327,96.28622578516901,0.5498718079693985
2328,96.32758584779151,0.551466229581041
2329,96.36894591041401,0.5530175555008874
2330,96.41030597303651,0.55452607600756
2331,96.45166603565899,0.5559921899615743
2332,96.4930260982815,0.5574163979050367
2333,96.53438616090399,0.5587992927457504
2334,96.57574622352647,0.5601415483744081
2335,96.617106286149,0.5614439066369397
2336,96.65846634877147,0.5627071631404874
2337,96.69982641139397,0.5639321524095914
2338,96.74118647401647,0.565119732927159
2339,96.78254653663897,0.5662707725924204
2340,96.82390659926145,0.5673861351053553
2341,96.86526666188395,0.5684666677452412
2342,96.90662672450645,0.5695131909518191
2343,96.94798678712893,0.5705264900433172
2344,96.98934684975144,0.5715073093191577
2345,97.03070691237393,0.5724563487004855
2346,97.07206697499643,0.5733742629616637
2347,97.11342703761893,0.5742616635047874
2348,97.15478710024144,0.5751191225306301
2349,97.19614716286391,0.5759471793676266
2350,97.23750722548641,0.5767463486374985
2351,97.27886728810891,0.5775171298664339
2352,97.32022735073139,0.5782600180960948
2353,97.36158741335389,0.5789755150105325
2354,97.40294747597639,0.5796641400765973
2355,97.44430753859889,0.5803264411942046
2356,97.4856676012214,0.5809630043723206
2357,97.52702766384387,0.5815744619827
2358,97.56838772646637,0.5821614991973874
2359,97.60974778908887,0.582724858284315
2360,97.65110785171137,0.5832653405157272
2361,97.69246791433385,0.5837838055340523
2362,97.73382797695635,0.5842811681151427
2363,97.77518803957885,0.584758392366667
2364,97.81654810220135,0.5852164834952852
2365,97.85790816482383,0.5856564773671765
2366,97.89926822744633,0.5860794281688452
2367,97.94062829006883,0.5864863945448077
2368,97.9819883526913,0.5868784246452595
2369,98.02334841531383,0.5872565405547182
2370,98.0647084779363,0.5876217225943768
2371,98.10606854055881,0.5879748939920567
2372,98.14742860318131,0.5883169063973073
2373,98.18878866580378,0.5886485266837554
2374,98.23014872842629,0.58897042543062
2375,98.27150879104879,0.5892831674093292
2376,98.31286885367129,0.5895872043260595
2377,98.35422891629376,0.5898828699867079
2378,98.3955889789163,0.5901703779633366
2379,98.43694904153877,0.590449821753095
2380,98.47830910416127,0.5907211773359439
2381,98.51966916678377,0.5909843079597837
2382,98.56102922940624,0.5912389709135639
2383,98.60238929202875,0.5914848259933697
2384,98.64374935465125,0.5917214453253145
2385,98.68510941727375,0.5919483241827558
2386,98.72646947989622,0.5921648924254682
2387,98.76782954251875,0.5923705261933393
2388,98.80918960514123,0.5925645595070652
2389,98.85054966776372,0.5927462954608139
2390,98.89190973038623,0.5929150167349218
2391,98.9332697930087,0.5930699952088294
2392,98.9746298556312,0.5932105005111351
2393,99.01598991825371,0.5933358074040422
2394,99.05734998087621,0.593445201959966
2395,99.09871004349868,0.5935379865451019
2396,99.1400701061212,0.5936134836786255
2397,99.18143016874369,0.5936710388817908
2398,99.22279023136618,0.5937100226695928
2399,99.26415029398869,0.5937298318662364
2400,99.30551035661117,0.5937298904444765
2401,99.34687041923367,0.5937096500970784
2402,99.38823048185617,0.5936685907478874
2403,99.42959054447867,0.5936062211984495
2404,99.47095060710114,0.5935220800879413
2405,99.51231066972365,0.5934157373171361
2406,99.55367073234615,0.5932867960555462
2407,99.59503079496862,0.5931348954142721
2408,99.63639085759115,0.5929597138280376
2409,99.67775092021363,0.59276097314958
2410,99.71911098283613,0.5925384434195177
2411,99.76047104545863,0.5922919482364939
2412,99.80183110808113,0.5920213706170437
2413,99.8431911707036,0.5917266592030238
2414,99.8845512333261,0.5914078346481456
2415,99.92591129594861,0.5910649959940127
2416,99.96727135857108,0.5906983268310871
2417,100.00863142119358,0.5903081010317627
2418,100.04999148381609,0.5898946878403114
2419,100.09135154643859,0.5894585561089554
2420,100.13271160906109,0.5890002774801888
2421,100.17407167168356,0.5885205283315651
2422,100.21543173430607,0.5880200903214899
2423,100.25679179692857,0.5874998494013951
2424,100.29815185955107,0.5869607931907206
2425,100.33951192217354,0.5864040066459452
2426,100.38087198479604,0.5858306659922825
2427,100.42223204741855,0.5852420309261094
2428,100.46359211004105,0.5846394351363978
2429,100.50495217266352,0.5840242752340669
2430,100.54631223528602,0.5833979982176553
2431,100.58767229790853,0.5827620876413758
2432,100.62903236053101,0.582118048687021
2433,100.67039242315353,0.5814673923719654
2434,100.711752485776,0.5808116191528723
2435,100.7531125483985,0.5801522022060279
2436,100.794472611021,0.5794905706807996
2437,100.8358326736435,0.57882809323207
2438,100.87719273626598,0.5781660621397811
2439,100.91855279888848,0.5775056783192065
2440,100.95991286151099,0.5768480375137476
2441,101.00127292413347,0.5761941179441971
2442,101.04263298675599,0.5755447696631586
2443,101.08399304937846,0.574900705833303
2444,101.12535311200095,0.5742624961120649
2445,101.16671317462347,0.5736305622859472
2446,101.20807323724596,0.5730051762543051
2447,101.24943329986844,0.5723864604168919
2448,101.29079336249094,0.5717743904730123
2449,101.33215342511345,0.5711688005929392
2450,101.37351348773593,0.5705693908758129
2451,101.41487355035845,0.5699757369636954
2452,101.45623361298092,0.5693873016389347
2453,101.49759367560341,0.5688034481925727
2454,101.53895373822593,0.5682234553165066
2455,101.5803138008484,0.5676465332403432
2456,101.6216738634709,0.5670718408082767
2457,101.6630339260934,0.5664985031699922
2458,101.7043939887159,0.5659256297446873
2459,101.7457540513384,0.5653523321082901
2460,101.78711411396088,0.564777741451577
2461,101.82847417658338,0.5642010252615114
2462,101.86983423920587,0.5636214028893682
2463,101.91119430182839,0.5630381596884955
2464,101.95255436445086,0.5624506594307382
2465,101.99391442707336,0.5618583547438017
2466,102.03527448969587,0.5612607953531579
2467,102.07663455231837,0.5606576339580983
2468,102.11799461494084,0.5600486296254923
2469,102.15935467756334,0.559433648641507
2470,102.20071474018584,0.5588126628229708
2471,102.24207480280833,0.5581857453528254
2472,102.28343486543085,0.5575530642672014
2473,102.32479492805332,0.5569148737827987
2474,102.36615499067582,0.5562715037108384
2475,102.40751505329833,0.5556233472554929
2476,102.44887511592081,0.5549708475384203
2477,102.4902351785433,0.5543144832260058
2478,102.5315952411658,0.5536547536587042
2479,102.5729553037883,0.5529921638942885
2480,102.61431536641079,0.5523272100749551
2481,102.65567542903328,0.5516603655151631
2482,102.69703549165578,0.550992067880485
2483,102.73839555427828,0.550322707790527
2484,102.77975561690079,0.5496526191314313
2485,102.82111567952327,0.5489820713079208
2486,102.86247574214576,0.5483112636028868
2487,102.90383580476826,0.5476403217479443
2488,102.94519586739077,0.5469692967413631
2489,102.98655593001325,0.5462981658850798
2490,103.02791599263574,0.5456268359511597
2491,103.06927605525824,0.5449551483319175
2492,103.11063611788073,0.5442828859797576
2493,103.15199618050323,0.5436097819024784
2494,103.19335624312572,0.5429355289490359
2495,103.23471630574822,0.5422597905995349
2496,103.27607636837071,0.5415822124609945
2497,103.31743643099323,0.540902434167337
2498,103.35879649361571,0.5402201013866113
2499,103.4001565562382,0.5395348776493037
2500,103.4415166188607,0.5388464557289019
2501,103.48287668148319,0.5381545683260314
2502,103.52423674410569,0.5374589978316525
2503,103.56559680672818,0.5367595849704933
2504,103.60695686935068,0.5360562361523878
2505,103.64831693197317,0.5353489293867802
2506,103.68967699459569,0.5346377186431044
2507,103.73103705721816,0.5339227365674697
2508,103.77239711984065,0.5332041954941257
2509,103.81375718246316,0.5324823867192399
2510,103.85511724508565,0.53175767803388
2511,103.89647730770815,0.531030509544925
2512,103.93783737033064,0.5303013878451915
2513,103.97919743295314,0.5295708786287856
2514,104.02055749557563,0.528839597884087
2515,104.06191755819815,0.5281082018338964
2516,104.10327762082062,0.5273773758293789
2517,104.14463768344311,0.5266478224412475
2518,104.18599774606562,0.525920249024822
2519,104.22735780868811,0.5251953550656793
2520,104.2687178713106,0.5244738196358301
2521,104.3100779339331,0.5237562893060244
2522,104.3514379965556,0.5230433668661933
2523,104.39279805917809,0.5223356012008576
2524,104.43415812180059,0.5216334786497415
2525,104.47551818442308,0.5209374161544994
2526,104.51687824704557,0.5202477564506495
2527,104.55823830966808,0.5195647655104618
2528,104.59959837229057,0.5188886323787636
2529,104.64095843491306,0.5182194714714833
2530,104.68231849753556,0.5175573273287037
2531,104.72367856015806,0.5169021817331638
2532,104.76503862278055,0.5162539630239256
2533,104.80639868540304,0.5156125573578001
2534,104.84775874802554,0.5149778215996813
2535,104.88911881064803,0.5143495974613068
2536,104.93047887327054,0.5137277264576481
2537,104.97183893589303,0.5131120652132234
2538,105.01319899851552,0.5125025006289768
2539,105.05455906113802,0.5118989644130914
2540,105.09591912376051,0.5113014464873706
2541,105.13727918638301,0.5107100068037659
2542,105.1786392490055,0.5101247851409845
2543,105.219999311628,0.509546008498724
2544,105.26135937425049,0.5089739957637212
2545,105.30271943687299,0.5084091593864738
2546,105.34407949949548,0.5078520038774682
2547,105.38543956211798,0.5073031210052944
2548,105.42679962474047,0.5067631816544884
2549,105.46815968736297,0.5062329243766458
2550,105.50951974998547,0.5057131407428408
2551,105.55087981260796,0.505204657677935
2552,105.59223987523046,0.5047083170270628
2553,105.63359993785295,0.5042249526700143
2554,105.67496000047545,0.5037553655612037
2555,105.71632006309794,0.5033002971290648
2556,105.75768012572043,0.5028604015199929
2557,105.79904018834293,0.5024362172159796
2558,105.84040025096543,0.5020281385927092
2559,105.88176031358792,0.5016363880133163
2560,105.9231203762104,0.5012609890724411
2561,105.96448043883292,0.5009017416135453
2562,106.00584050145541,0.5005581991395187
2563,106.04720056407791,0.5002296492198403
2564,106.0885606267004,0.49991509746840346
2565,106.12992068932289,0.49961325562145037
2566,106.17128075194539,0.4993225341874047
2567,106.21264081456789,0.4990410400683318
2568,106.25400087719038,0.4987665794683499
2569,106.29536093981287,0.49849666630870776
2570,106.33672100243538,0.4982285362644585
2571,106.37808106505787,0.4979591664262241
2572,106.41944112768034,0.4976853004757565
2573,106.46080119030286,0.49740347914740907
2574,106.50216125292535,0.4971100756345375
2575,106.54352131554785,0.4968013354906816
2576,106.58488137817035,0.4964734204752146
2577,106.62624144079284,0.49612245570257213
2578,106.66760150341533,0.4957445793761416
2579,106.70896156603783,0.4953359943237289
2580,106.75032162866033,0.49489302050181094
2581,106.7916816912828,0.494412147601327
2582,106.83304175390532,0.4938900868690489
2583,106.87440181652781,0.49332382125394114
2584,106.91576187915031,0.49271065299895417
2585,106.9571219417728,0.4920482478227053
2586,106.9984820043953,0.49133467487316584
2587,107.03984206701779,0.4905684416855572
2588,107.08120212964029,0.48974852343886033
2589,107.12256219226279,0.4888743858790544
2590,107.16392225488526,0.4879460013622686
2591,107.20528231750778,0.4869638575672593
2592,107.24664238013027,0.4859289585338123
2593,107.28800244275277,0.484842817801394
2594,107.32936250537526,0.4837074435504293
2595,107.37072256799775,0.4825253157858175
2596,107.41208263062025,0.48129935574771937
2597,107.45344269324275,0.4800328878863023
2598,107.49480275586524,0.4787295948925215
2599,107.53616281848772,0.4773934664329205
2600,107.57752288111024,0.47602874238955645
2601,107.61888294373273,0.4746398515511105
2602,107.66024300635523,0.47323134683479445
2603,107.70160306897772,0.4718078382335819
2604,107.7429631316002,0.4703739247768277
2605,107.78432319422271,0.468934126857828
2606,107.82568325684521,0.46749282031558953
2607,107.8670433194677,0.4660541736572177
2608,107.90840338209019,0.46462208976784036
2609,107.94976344471269,0.46320015337779036
2610,107.99112350733519,0.46179158544042936
2611,108.03248356995766,0.4603992054217208
2612,108.07384363258016,0.4590254023172964
2613,108.11520369520267,0.4576721149994959
2614,108.15656375782517,0.4563408222621125
2615,108.19792382044767,0.45503254268131854
2616,108.23928388307016,0.4537478441558172
2617,108.28064394569265,0.45248686273611166
2618,108.32200400831515,0.45124933010981977
2619,108.36336407093765,0.4500346088860389
2620,108.40472413356012,0.44884173462347826
2621,108.44608419618262,0.4476694633811548
2622,108.48744425880513,0.44651632344185294
2623,108.52880432142763,0.44538066977126917
2624,108.5701643840501,0.44426073973134417
2625,108.61152444667262,0.44315470856647665
2626,108.6528845092951,0.44206074322409034
2627,108.69424457191761,0.44097705315536406
2628,108.73560463454011,0.4399019368636427
2629,108.77696469716258,0.43883382312297786
2630,108.81832475978509,0.43777130597171054
2631,108.85968482240759,0.4367131727901708
2632,108.90104488503009,0.4356584249906123
2633,108.94240494765256,0.4346062910743954
2634,108.98376501027508,0.4335562320395707
2635,109.02512507289757,0.43250793934382376
2636,109.06648513552004,0.4314613258373907
2637,109.10784519814256,0.43041651027127686
2638,109.14920526076504,0.42937379615294313
2639,109.19056532338755,0.428333645859501
2640,109.23192538601005,0.42729665102426173
2641,109.27328544863255,0.4262635002832971
2642,109.31464551125502,0.4252349455032109
2643,109.35600557387752,0.4242117676097382
2644,109.39736563650003,0.42319474309970806
2645,109.4387256991225,0.42218461224946446
2646,109.48008576174502,0.4211820499333749
2647,109.5214458243675,0.42018763984228424
2648,109.56280588699,0.4192018527476356
2649,109.60416594961251,0.41822502929922245
2650,109.645526012235,0.4172573676786941
2651,109.68688607485748,0.41629891626338494
2652,109.72824613747999,0.4153495712916275
2653,109.76960620010249,0.41440907936699867
2654,109.81096626272496,0.4134770444997791
2655,109.85232632534748,0.4125529392635607
2656,109.89368638796996,0.41163611954575763
2657,109.93504645059247,0.41072584229578923
2658,109.97640651321497,0.4098212856242226
2659,110.01776657583744,0.4089215705799695
2660,110.05912663845994,0.4080257839305836
2661,110.10048670108245,0.4071330012896875
2662,110.14184676370495,0.40624230997410454
2663,110.18320682632742,0.40535283102734443
2664,110.22456688894992,0.40446373991306794
2665,110.26592695157242,0.4035742854573887
2666,110.30728701419493,0.40268380669957526
2667,110.34864707681743,0.4017917473931282
2668,110.3900071394399,0.4008976679797713
2669,110.4313672020624,0.40000125493547695
2670,110.4727272646849,0.3991023274577544
2671,110.51408732730741,0.3982008415251389
2672,110.55544738992988,0.3972968914128556
2673,110.59680745255238,0.3963907087912523
2674,110.63816751517489,0.3954826595676003
2675,110.67952757779736,0.3945732386556341
2676,110.72088764041986,0.3936630628738989
2677,110.76224770304236,0.392752862182983
2678,110.80360776566486,0.3918434694753649
2679,110.84496782828737,0.390935809131264
2680,110.88632789090987,0.390030884550612
2681,110.92768795353234,0.3891297648666684
2682,110.96904801615484,0.388233571041989
2683,111.01040807877735,0.38734346154274835
2684,111.05176814139982,0.3864606177841485
2685,111.09312820402232,0.38558622953734006
2686,111.13448826664482,0.384721480486583
2687,111.17584832926732,0.3838675341254511
2688,111.2172083918898,0.3830255201794181
2689,111.25856845451231,0.3821965217414177
2690,111.2999285171348,0.3813815633031226
2691,111.3412885797573,0.3805815998592872
2692,111.3826486423798,0.37979750725265066
2693,111.42400870500228,0.3790300739134602
2694,111.46536876762478,0.37827999412884844
2695,111.50672883024728,0.3775478629538115
2696,111.54808889286979,0.3768341728466272
2697,111.58944895549226,0.37613931207819384
2698,111.63080901811476,0.3754635649272365
2699,111.67216908073726,0.37480711363265246
2700,111.71352914335974,0.3741700420322012
2701,111.75488920598227,0.3735523407737635
2702,111.79624926860474,0.3729539139444605
2703,111.83760933122724,0.3723745869246207
2704,111.87896939384974,0.3718141152400101
2705,111.92032945647225,0.37127219415907825
2706,111.96168951909472,0.3707484687623378
2707,112.00304958171722,0.37024254420086183
2708,112.04440964433972,0.3697539958597735
2709,112.0857697069622,0.36928237915227075
2710,112.12712976958473,0.36882723868801903
2711,112.1684898322072,0.3683881165885416
2712,112.2098498948297,0.3679645597582307
2713,112.2512099574522,0.36755612596309506
2714,112.29257002007468,0.36716238861721917
2715,112.33393008269718,0.3667829402281801
2716,112.37529014531968,0.36641739450453564
2717,112.41665020794218,0.3660653871785872
2718,112.45801027056466,0.3657265756444907
2719,112.49937033318719,0.36540063755260555
2720,112.54073039580966,0.36508726853447365
2721,112.58209045843216,0.3647861792577131
2722,112.62345052105466,0.3644970920251214
2723,112.66481058367714,0.36421973713748634
2724,112.70617064629964,0.3639538492344801
2725,112.74753070892214,0.3636991638136942
2726,112.78889077154464,0.3634554141049235
2727,112.83025083416712,0.36322232844673585
2728,112.87161089678962,0.36299962827694854
2729,112.91297095941212,0.36278702680963526
2730,112.95433102203461,0.36258422843072824
2731,112.99569108465712,0.3623909288043992
2732,113.0370511472796,0.3622068156447605
2733,113.0784112099021,0.36203157007425696
2734,113.1197712725246,0.3618648684624546
2735,113.1611313351471,0.3617063846183952
2736,113.20249139776958,0.3615557921967216
2737,113.24385146039208,0.36141276717282916
2738,113.28521152301458,0.3612769902457909
2739,113.32657158563707,0.36114814903819065
2740,113.36793164825956,0.36102593998000065
2741,113.40929171088206,0.36091006978662377
2742,113.45065177350456,0.36080025646868297
2743,113.49201183612706,0.3606962298413726
2744,113.53337189874956,0.3605977315319052
2745,113.57473196137204,0.36050451451419707
2746,113.61609202399454,0.36041634222759755
2747,113.65745208661704,0.3603329873606306
2748,113.69881214923952,0.3602542303999379
2749,113.74017221186202,0.36017985805759845
2750,113.78153227448452,0.3601096616969382
2751,113.82289233710702,0.3600434358767008
2752,113.86425239972951,0.35998097712706945
2753,113.90561246235202,0.35992208305820134
2754,113.9469725249745,0.359866551883965
2755,113.988332587597,0.3598141824213233
2756,114.0296926502195,0.3597647746002993
2757,114.07105271284198,0.3597181304924111
2758,114.11241277546448,0.3596740558378577
2759,114.15377283808698,0.3596323620253371
2760,114.19513290070948,0.35959286845400756
2761,114.23649296333195,0.3595554051861997
2762,114.27785302595446,0.35951981578297443
2763,114.31921308857696,0.3594859602028783
2764,114.36057315119945,0.3594537176379697
2765,114.40193321382196,0.3594229891606088
2766,114.44329327644444,0.35939370005903803
2767,114.48465333906694,0.359365801749914
2768,114.52601340168944,0.35933927317029346
2769,114.56737346431194,0.35931412156984316
2770,114.60873352693442,0.3592903826458627
2771,114.65009358955692,0.35926811998670444
2772,114.69145365217942,0.3592474238144746
2773,114.7328137148019,0.3592284090423201
2774,114.77417377742442,0.3592112126862659
2775,114.8155338400469,0.35919599069390995
2776,114.8568939026694,0.359182914272908
2777,114.8982539652919,0.35917216581944433
2778,114.93961402791439,0.3591639345611442
2779,114.98097409053688,0.3591584120390179
2780,115.02233415315938,0.3591557875595293
2781,115.06369421578188,0.3591562437499582
2782,115.10505427840437,0.3591599523486198
2783,115.14641434102688,0.3591670703557632
2784,115.18777440364936,0.35917773666156766
2785,115.22913446627186,0.3591920692550783
2786,115.27049452889436,0.35921016310204457
2787,115.31185459151683,0.3592320887615149
2788,115.35321465413934,0.3592578917904748
2789,115.39457471676184,0.35928759296400936
2790,115.43593477938434,0.35932118931530516
2791,115.47729484200683,0.35935865597643263
2792,115.51865490462932,0.35939994877716214
2793,115.56001496725182,0.35944500753659536
2794,115.6013750298743,0.35949375996060207
2795,115.64273509249682,0.35954612603864733
2796,115.6840951551193,0.3596020228161626
2797,115.7254552177418,0.3596613694045227
2798,115.7668152803643,0.3597240920798468
2799,115.8081753429868,0.35979012931491977
2800,115.84953540560927,0.3598594365861477
2801,115.89089546823178,0.3599319907989862
2802,115.93225553085428,0.3600077941822538
2803,115.97361559347677,0.3600868775126251
2804,116.01497565609927,0.36016930254648144
2805,116.05633571872175,0.3602551635562136
2806,116.09769578134426,0.3603445878916787
2807,116.13905584396676,0.3604377355145476
2808,116.18041590658926,0.36053479748246514
2809,116.22177596921173,0.36063599339095054
2810,116.26313603183424,0.36074156781255684
2811,116.30449609445674,0.3608517858040121
2812,116.34585615707923,0.36096692758191923
2813,116.38721621970171,0.36108728249507327
2814,116.42857628232422,0.361213142445485
2815,116.46993634494672,0.3613447949300681
2816,116.5112964075692,0.3614825158895375
2817,116.5526564701917,0.36162656256046644
2818,116.5940165328142,0.361777166529226
2819,116.6353765954367,0.3619345271836191
2820,116.6767366580592,0.3620988057484739
2821,116.71809672068169,0.3622701200759941
2822,116.75945678330417,0.3624485403409978
2823,116.80081684592668,0.3626340857651006
2824,116.84217690854918,0.3628267224642758
2825,116.88353697117167,0.3630263624816003
2826,116.92489703379415,0.3632328640319473
2827,116.96625709641665,0.3634460329505136
2828,117.00761715903914,0.3636656253020853
2829,117.04897722166166,0.3638913510746145
2830,117.09033728428415,0.36412287885070016
2831,117.13169734690663,0.3643598413237581
2832,117.17305740952914,0.3646018415036728
2833,117.21441747215162,0.3648484594401383
2834,117.25577753477413,0.36509925928056575
2835,117.29713759739661,0.36535379647436034
2836,117.33849766001912,0.3656116249359661
2837,117.3798577226416,0.3658723039852951
2838,117.42121778526412,0.3661354048958956
2839,117.46257784788659,0.36640051689718683
2840,117.5039379105091,0.366667252497577
2841,117.5452979731316,0.36693525201847693
2842,117.58665803575408,0.36720418725513737
2843,117.62801809837659,0.3674737642072098
2844,117.66937816099907,0.36774372484977974
2845,117.71073822362158,0.36801384794293923
2846,117.75209828624406,0.3682839489042935
2847,117.79345834886658,0.3685538787932509
2848,117.83481841148905,0.36882352247819555
2849,117.87617847411154,0.3690927960767469
2850,117.91753853673406,0.36936164377530084
2851,117.95889859935654,0.3696300341464553
2852,118.00025866197903,0.369897956091669
2853,118.04161872460153,0.37016541454128216
2854,118.08297878722404,0.37043242604519183
2855,118.12433884984652,0.3706990143851251
2856,118.16569891246903,0.3709652063330869
2857,118.20705897509151,0.37123102767188504
2858,118.248419037714,0.3714964995809268
2859,118.28977910033652,0.37176163547642005
2860,118.331139162959,0.3720264383779188
2861,118.37249922558149,0.37229089885513694
2862,118.413859288204,0.37255499358900795
2863,118.4552193508265,0.37281868456138145
2864,118.49657941344898,0.3730819188669771
2865,118.53793947607147,0.3733446291218729
2866,118.57929953869397,0.37360673442415077
2867,118.62065960131646,0.3738681418050597
2868,118.66201966393896,0.3741287480944756
2869,118.70337972656147,0.37438844211191524
2870,118.74473978918395,0.3746471070850472
2871,118.78609985180645,0.37490462319184353
2872,118.82745991442896,0.37516087011978266
2873,118.86881997705144,0.3754157295369956
2874,118.91018003967393,0.37566908737493265
2875,118.95154010229643,0.3759208358306846
2876,118.99290016491892,0.3761708750086664
2877,119.03426022754142,0.3764191141361452
2878,119.07562029016391,0.3766654723040995
2879,119.11698035278641,0.3769098787038635
2880,119.1583404154089,0.37715227235009735
2881,119.1997004780314,0.3773926013013806
2882,119.2410605406539,0.377630821409986
2883,119.28242060327639,0.3778668946517328
2884,119.3237806658989,0.3781007871045309
2885,119.36514072852138,0.37833246665920645
2886,119.40650079114388,0.3785619005585461
2887,119.44786085376637,0.3787890528689415
2888,119.48922091638887,0.379013881993885
2889,119.53058097901136,0.3792363383392212
2890,119.57194104163386,0.37945636223645585
2891,119.61330110425635,0.3796738822229947
2892,119.65466116687884,0.3798888137666711
2893,119.69602122950135,0.380101058507373
2894,119.73738129212384,0.38031050407066763
2895,119.77874135474634,0.380517024488625
2896,119.82010141736883,0.3807204812418337
2897,119.86146147999132,0.3809207249142781
2898,119.90282154261382,0.38111759743136964
2899,119.94418160523632,0.3813109348301037
2900,119.98554166785881,0.38150057049158337
2901,120.0269017304813,0.38168633874925334
2902,120.06826179310382,0.3818680787727908
2903,120.1096218557263,0.38204563861742297
2904,120.15098191834879,0.38221887932245924
2905,120.19234198097129,0.3823876789405663
2906,120.23370204359378,0.38255193638164553
2907,120.27506210621628,0.38271157496078284
2908,120.31642216883878,0.38286654554981236
2909,120.35778223146127,0.38301682924465597
2910,120.39914229408376,0.3831624394762452
2911,120.44050235670628,0.3833034235106635
2912,120.48186241932876,0.38343986330282503
2913,120.52322248195124,0.3835718756878157
2914,120.56458254457375,0.38369961191321605
2915,120.60594260719624,0.38382325653435095
2916,120.64730266981874,0.38394302571118766
2917,120.68866273244123,0.38405916496047615
2918,120.73002279506373,0.38417194642875047
2919,120.77138285768622,0.384281665760949
2920,120.81274292030872,0.38438863864534584
2921,120.85410298293122,0.3844931971182616
2922,120.8954630455537,0.3845956857111462
2923,120.93682310817621,0.3846964575195003
2924,120.9781831707987,0.38479587026664863
2925,121.0195432334212,0.384894282427119
2926,121.06090329604369,0.3849920494643749
2927,121.10226335866619,0.38508952022640336
2928,121.14362342128868,0.3851870335311068
2929,121.18498348391118,0.3852849149621206
2930,121.22634354653367,0.38538347388462235
2931,121.26770360915616,0.3854830006815149
2932,121.30906367177866,0.385583764202435
2933,121.35042373440116,0.38568600941223585
2934,121.39178379702366,0.3857899552223414
2935,121.43314385964615,0.38589579248717987
2936,121.47450392226865,0.3860036821493182
2937,121.51586398489114,0.3861137535206917
2938,121.55722404751364,0.3862261026927537
2939,121.59858411013613,0.38634079107596164
2940,121.63994417275862,0.3864578440774188
2941,121.68130423538112,0.3865772499348361
2942,121.72266429800362,0.3866989587343776
2943,121.76402436062611,0.3868228816490213
2944,121.8053844232486,0.38694889044213865
2945,121.8467444858711,0.38707681728740245
2946,121.8881045484936,0.3872064549608498
2947,121.9294646111161,0.3873375574628898
2948,121.97082467373859,0.3874698411275931
2949,122.01218473636108,0.3876029862729332
2950,122.05354479898358,0.387736639439465
2951,122.09490486160608,0.3878704162550084
2952,122.13626492422856,0.3880039049512125
2953,122.17762498685106,0.38813667054277623
2954,122.21898504947356,0.3882682596634627
2955,122.26034511209606,0.38839820603475556
2956,122.30170517471853,0.3885260365234304
2957,122.34306523734105,0.38865127772480607
2958,122.38442529996354,0.388773462988959
2959,122.42578536258604,0.3888921397887872
2960,122.46714542520854,0.3890068773120541
2961,122.50850548783102,0.38911727414536507
2962,122.54986555045352,0.38922296590616173
2963,122.59122561307602,0.3893236326710651
2964,122.63258567569852,0.38941900604403706
2965,122.673945738321,0.38950887570777887
2966,122.71530580094351,0.38959309530526975
2967,122.756665863566,0.38967158750613096
2968,122.79802592618847,0.38974434812463776
2969,122.83938598881099,0.3898114491714192
2970,122.88074605143348,0.38987304074026136
2971,122.92210611405598,0.3899293516533298
2972,122.96346617667848,0.38998068881246273
2973,123.00482623930098,0.39002743523065087
2974,123.04618630192346,0.3900700467451454
2975,123.08754636454597,0.3901090474417082
2976,123.12890642716846,0.39014502384725036
2977,123.17026648979093,0.3901786179751849
2978,123.21162655241345,0.3902105193332639
2979,123.25298661503594,0.39024145602701793
2980,123.29434667765844,0.3902721851127137
2981,123.33570674028094,0.39030348237131096
2982,123.37706680290343,0.39033613168865483
2983,123.41842686552592,0.3903709142374325
2984,123.45978692814842,0.390408597661758
2985,123.50114699077092,0.3904499254670022
2986,123.5425070533934,0.39049560681385453
2987,123.58386711601591,0.3905463069083275
2988,123.6252271786384,0.39060263816710855
2989,123.6665872412609,0.39066515232185345
2990,123.7079473038834,0.3907343336059235
2991,123.74930736650589,0.390810593144154
2992,123.79066742912838,0.39089426464012095
2993,123.83202749175088,0.39098560142786754
2994,123.87338755437338,0.3910847749249713
2995,123.91474761699585,0.3911918744947288
2996,123.95610767961836,0.3913069086945038
2997,123.99746774224086,0.391429807858969
2998,124.03882780486336,0.3915604279393849
2999,124.08018786748586,0.3916985554952049
3000,124.12154793010833,0.39184391371243255
3001,124.16290799273084,0.3919961693047474
3002,124.20426805535334,0.39215494013892077
3003,124.24562811797584,0.3923198034158249
3004,124.28698818059831,0.3924903042323728
3005,124.32834824322082,0.39266596434825407
3006,124.36970830584332,0.39284629098355345
3007,124.41106836846582,0.3930307854803901
3008,124.4524284310883,0.3932189516711492
3009,124.4937884937108,0.3934103038094154
3010,124.5351485563333,0.39360437393488407
3011,124.5765086189558,0.3938007185613702
3012,124.6178686815783,0.39399892459568125
3013,124.65922874420077,0.3941986144146588
3014,124.70058880682328,0.39439945004761623
3015,124.74194886944578,0.3946011364306247
3016,124.78330893206825,0.39480342371815597
3017,124.82466899469075,0.39500610865482594
3018,124.86602905731326,0.3952090350265802
3019,124.90738911993576,0.39541209322531823
3020,124.94874918255823,0.3956152189741543
3021,124.99010924518076,0.39581839127195056
3022,125.03146930780323,0.3960216296258179
3023,125.07282937042574,0.3962249906486779
3024,125.11418943304824,0.39642856410569477
3025,125.15554949567071,0.39663246849950345
3026,125.19690955829321,0.3968368462881803
3027,125.23826962091572,0.3970418588334103
3028,125.27962968353822,0.3972476811784766
3029,125.32098974616069,0.3974544967567144
3030,125.36234980878321,0.3976624921310554
3031,125.4037098714057,0.39787185186407303
3032,125.44506993402818,0.3980827536152642
3033,125.4864299966507,0.39829536355834183
3034,125.52779005927317,0.3985098322059328
3035,125.56915012189567,0.3987262907215234
3036,125.61051018451818,0.39894484779002376
3037,125.65187024714068,0.39916558710749345
3038,125.69323030976315,0.3993885655383078
3039,125.73459037238567,0.39961381197433227
3040,125.77595043500816,0.3998413269154225
3041,125.81731049763063,0.4000710827744384
3042,125.85867056025316,0.40030302489284364
3043,125.90003062287563,0.4005370732360847
3044,125.94139068549813,0.4007731247204802
3045,125.98275074812064,0.40101105610754156
3046,126.02411081074314,0.401250727386005
3047,126.06547087336561,0.4014919855490018
3048,126.10683093598811,0.4017346686622971
3049,126.14819099861062,0.40197861011118524
3050,126.18955106123309,0.40222364290803964
3051,126.23091112385562,0.4024696039402883
3052,126.2722711864781,0.40271633803970375
3053,126.3136312491006,0.4029637017584879
3054,126.3549913117231,0.4032115667455317
3055,126.3963513743456,0.40345982262745606
3056,126.43771143696807,0.4037083793129223
3057,126.47907149959057,0.4039571686553029
3058,126.52043156221308,0.40420614542724775
3059,126.56179162483555,0.4044552875804227
3060,126.60315168745805,0.4047045957846944
3061,126.64451175008055,0.4049540922616427
3062,126.68587181270306,0.4052038189478275
3063,126.72723187532556,0.40545383504248483
3064,126.76859193794803,0.40570421401182943
3065,126.80995200057053,0.4059550401375575
3066,126.85131206319303,0.4062064047095608
3067,126.89267212581554,0.4064584019722837
3068,126.93403218843801,0.40671112494036343
3069,126.97539225106051,0.40696466120125635
3070,127.01675231368301,0.40721908882189506
3071,127.0581123763055,0.40747447247123747
3072,127.09947243892799,0.40773085986277713
3073,127.14083250155049,0.4079882786100828
3074,127.182192564173,0.4082467335746044
3075,127.2235526267955,0.4085062047693344
3076,127.264912689418,0.40876664586480016
3077,127.30627275204047,0.4090279833254712
3078,127.34763281466297,0.40929011618663086
3079,127.38899287728547,0.40955291646378744
3080,127.43035293990795,0.40981623016990165
3081,127.47171300253045,0.41007987890075137
3082,127.51307306515295,0.4103436619356316
3083,127.55443312777545,0.41060735879061727
3084,127.59579319039794,0.4108707321538311
3085,127.63715325302046,0.41113353112815204
3086,127.67851331564293,0.4113954947051568
3087,127.71987337826542,0.4116563553960433
3088,127.76123344088793,0.41191584294940486
3089,127.80259350351041,0.4121736880924085
3090,127.84395356613291,0.4124296262403217
3091,127.88531362875541,0.4126834011289072
3092,127.92667369137791,0.41293476833432813
3093,127.96803375400039,0.4131834986551476
3094,128.00939381662292,0.41342938134037527
3095,128.0507538792454,0.4136722271550008
3096,128.09211394186786,0.4139118712805714
3097,128.13347400449038,0.4141481760516636
3098,128.17483406711287,0.4143810335300969
3099,128.21619412973538,0.414610367916694
3100,128.25755419235787,0.4148361377961535
3101,128.29891425498036,0.41505833820344373
3102,128.34027431760285,0.4152770024916516
3103,128.38163438022536,0.4154922039708522
3104,128.42299444284785,0.4157040572771834
3105,128.46435450547034,0.4159127194206087
3106,128.50571456809286,0.4161183904509223
3107,128.54707463071534,0.4163213136740088
3108,128.58843469333783,0.41652177534622165
3109,128.62979475596032,0.4167201037737584
3110,128.67115481858283,0.4169166677472033
3111,128.71251488120532,0.41711187424937174
3112,128.7538749438278,0.4173061653866377
3113,128.79523500645033,0.4175000145111159
3114,128.83659506907279,0.41769392152176515
3115,128.8779551316953,0.41788840735722166
3116,128.9193151943178,0.4180840077197831
3117,128.9606752569403,0.4182812660990443
3118,129.0020353195628,0.4184807261921337
3119,129.04339538218528,0.4186829238456577
3120,129.08475544480777,0.41888837867018713
3121,129.12611550743028,0.4190975854998593
3122,129.16747557005277,0.4193110058872786
3123,129.20883563267526,0.4195290598353007
3124,129.25019569529775,0.41975211797233547
3125,129.29155575792026,0.4199804943759479
3126,129.33291582054275,0.42021444024021753
3127,129.37427588316524,0.4204541385661579
3128,129.41563594578773,0.42069970003161
3129,129.45699600841024,0.42095116016833173
3130,129.49835607103273,0.4212084779402043
3131,129.53971613365522,0.4214715357791978
3132,129.5810761962777,0.42174014109633406
3133,129.62243625890022,0.4220140292439623
3134,129.6637963215227,0.42229286786637854
3135,129.7051563841452,0.42257626253771785
3136,129.74651644676769,0.42286376355199756
3137,129.7878765093902,0.42315487370034033
3138,129.8292365720127,0.4234490568463838
3139,129.8705966346352,0.4237457470929548
3140,129.9119566972577,0.4240443583216675
3141,129.95331675988018,0.4243442938830311
3142,129.99467682250267,0.42464495621670517
3143,130.03603688512518,0.4249457561902852
3144,130.07739694774764,0.42524612195947165
3145,130.11875701037016,0.4255455071719909
3146,130.16011707299265,0.4258433983609062
3147,130.20147713561516,0.42613932139994226
3148,130.24283719823762,0.42643284692169325
3149,130.28419726086014,0.42672359462953235
3150,130.32555732348263,0.4270112364633856
3151,130.36691738610511,0.42729549860841975
3152,130.40827744872763,0.4275761623622264
3153,130.44963751135012,0.42785306390105143
3154,130.4909975739726,0.4281260930067506
3155,130.53235763659512,0.42839519083460287
3156,130.5737176992176,0.42866034681709575
3157,130.6150777618401,0.42892159480993036
3158,130.6564378244626,0.42917900859473296
3159,130.6977978870851,0.4294326968577865
3160,130.73915794970756,0.4296827977663212
3161,130.7805180123301,0.42992947326346687
3162,130.82187807495256,0.43017290320087126
3163,130.86323813757508,0.43041327942400187
3164,130.90459820019757,0.4306507999200373
3165,130.94595826282008,0.4308856631324905
3166,130.98731832544254,0.43111806253979884
3167,131.02867838806506,0.4313481815881893
3168,131.07003845068755,0.4315761890616774
3169,131.11139851331004,0.431802234964238
3170,131.15275857593255,0.4320264469806845
3171,131.19411863855504,0.43224892757406247
3172,131.23547870117753,0.4324697517678041
3173,131.27683876380004,0.4326889656501006
3174,131.31819882642253,0.4329065856265589
3175,131.35955888904502,0.43312259843438833
3176,131.4009189516675,0.4333369619173398
3177,131.44227901429002,0.43354960654564917
3178,131.48363907691248,0.43376043764923905
3179,131.524999139535,0.4339693383153177
3180,131.56635920215749,0.43417617288517224
3181,131.60771926478,0.43438079096721965
3182,131.6490793274025,0.43458303186807096
3183,131.69043939002498,0.4347827293279512
3184,131.73179945264746,0.43497971643447036
3185,131.77315951526998,0.4351738305786717
3186,131.81451957789247,0.4353649183102766
3187,131.85587964051496,0.43555283994672017
3188,131.89723970313744,0.4357374737912557
3189,131.93859976575996,0.43591871982210084
3190,131.97995982838245,0.4360965027248776
3191,132.02131989100496,0.4362707741559525
3192,132.06267995362742,0.4364415141442711
3193,132.10404001624994,0.436608731562522
3194,132.14540007887243,0.436772463625688
3195,132.18676014149494,0.4369327744043335
3196,132.2281202041174,0.4370897523708581
3197,132.26948026673992,0.4372435070281917
3198,132.3108403293624,0.4373941647011773
3199,132.3522003919849,0.43754186359958963
3200,132.39356045460738,0.43768674828752496
3201,132.4349205172299,0.43782896371564506
3202,132.47628057985239,0.43796864898980675
3203,132.5176406424749,0.4381059310604132
3204,132.55900070509736,0.4382409185221722
3205,132.60036076771988,0.43837369571243495
3206,132.64172083034236,0.4385043172878428
3207,132.68308089296488,0.43863280344569694
3208,132.72444095558734,0.43875913593548377
3209,132.76580101820986,0.43888325498190267
3210,132.80716108083237,0.43900505721127275
3211,132.84852114345486,0.43912439464166797
3212,132.88988120607732,0.4392410747633841
3213,132.93124126869984,0.43935486170258764
3214,132.97260133132232,0.4394654784282991
3215,133.01396139394484,0.43957260993170166
3216,133.05532145656733,0.43967590727988753
3217,133.09668151918981,0.4397749924225797
3218,133.1380415818123,0.4398694636125364
3219,133.17940164443482,0.4399589012875504
3220,133.2207617070573,0.4400428742551705
3221,133.2621217696798,0.4401209460201495
3222,133.30348183230228,0.44019268109907034
3223,133.34484189492477,0.4402576511759884
3224,133.38620195754729,0.4403154409667408
3225,133.4275620201698,0.44036565367701047
3226,133.46892208279226,0.44040791595911766
3227,133.51028214541475,0.4404418822940311
3228,133.55164220803726,0.44046723874760724
3229,133.59300227065978,0.4404837060717464
3230,133.63436233328224,0.4404910421420262
3231,133.67572239590476,0.44048904374238634
3232,133.71708245852724,0.4404775477235737
3233,133.75844252114976,0.44045643157569697
3234,133.79980258377225,0.44042561346539993
3235,133.84116264639474,0.44038505179514464
3236,133.88252270901722,0.4403347443460217
3237,133.92388277163974,0.44027472706600734
3238,133.96524283426223,0.4402050725644112
3239,134.00660289688471,0.44012588836882083
3240,134.0479629595072,0.44003731499576854
3241,134.0893230221297,0.43993952387951807
3242,134.1306830847522,0.4398327151966783
3243,134.17204314737472,0.43971711561687205
3244,134.21340320999718,0.4395929760035481
3245,134.25476327261967,0.43946056908306
3246,134.29612333524216,0.4393201870957798
3247,134.3374833978647,0.43917213943971284
3248,134.37884346048716,0.4390167503153585
3249,134.42020352310968,0.43885435638024023
3250,134.46156358573216,0.43868530442228804
3251,134.50292364835468,0.43850994906335755
3252,134.54428371097714,0.4383286505066741
3253,134.58564377359966,0.43814177234546936
3254,134.62700383622214,0.43794967945302415
3255,134.66836389884463,0.4377527359774472
3256,134.70972396146715,0.4375513034669565
3257,134.75108402408964,0.43734573915281477
3258,134.79244408671212,0.437136394417233
3259,134.8338041493346,0.4369236134727826
3260,134.87516421195713,0.4367077322769419
3261,134.91652427457961,0.43648907770152695
3262,134.9578843372021,0.4362679669713398
3263,134.9992443998246,0.4360447073793706
3264,135.04060446244708,0.43581959627813477
3265,135.08196452506962,0.4355929213382496
3266,135.12332458769208,0.4353649610558418
3267,135.16468465031457,0.4351359854817372
3268,135.20604471293706,0.434906257136101
3269,135.2474047755596,0.43467603206433514
3270,135.28876483818206,0.43444556098282255
3271,135.33012490080458,0.43421509045772605
3272,135.37148496342704,0.4339848640557685
3273,135.41284502604955,0.4337551234042603
3274,135.45420508867207,0.43352610909756356
3275,135.49556515129456,0.4332980613893451
3276,135.53692521391704,0.43307122061441755
3277,135.57828527653953,0.4328458272902009
3278,135.61964533916202,0.4326221218560953
3279,135.66100540178454,0.4324003440188408
3280,135.70236546440702,0.4321807316829675
3281,135.7437255270295,0.43196351945782735
3282,135.785085589652,0.43174893674496945
3283,135.82644565227451,0.4315372054231265
3284,135.867805714897,0.43132853716058284
3285,135.9091657775195,0.43112313039710803
3286,135.95052584014198,0.4309211670496577
3287,135.99188590276447,0.43072280900572585
3288,136.03324596538698,0.430528194478255
3289,136.0746060280095,0.43033743430278915
3290,136.11596609063196,0.4301506082638346
3291,136.15732615325444,0.4299677615409964
3292,136.19868621587696,0.42978890136757597
3293,136.24004627849948,0.4296139939942989
3294,136.28140634112194,0.4294429620484322
3295,136.32276640374445,0.429275682375065
3296,136.36412646636694,0.4291119844407513
3297,136.40548652898946,0.4289516493721675
3298,136.44684659161194,0.42879440969275795
3299,136.48820665423443,0.4286399498087102
3300,136.52956671685692,0.4284879072831384
3301,136.57092677947944,0.42833787492272246
3302,136.61228684210192,0.4281894036856153
3303,136.6536469047244,0.4280420064031905
3304,136.6950069673469,0.42789516229060254
3305,136.7363670299694,0.42774832220368403
3306,136.7777270925919,0.42760091458176247
3307,136.81908715521442,0.42745235199842685
3308,136.86044721783688,0.427302038225204
3309,136.90180728045937,0.4271493756972667
3310,136.94316734308188,0.42699377325595417
3311,136.9845274057044,0.42683465403049575
3312,137.02588746832686,0.4266714633113547
3313,137.06724753094937,0.426503676261209
3314,137.10860759357186,0.4263308053053028
3315,137.14996765619438,0.4261524070439675
3316,137.19132771881684,0.42596808853396434
3317,137.23268778143935,0.4257775127938711
3318,137.27404784406184,0.4255804034016947
3319,137.31540790668433,0.42537654806987574
3320,137.35676796930684,0.4251658011037016
3321,137.39812803192933,0.424948084673767
3322,137.43948809455182,0.4247233888610084
3323,137.4808481571743,0.42449177046210856
3324,137.52220821979682,0.42425335057516494
3325,137.5635682824193,0.4240083110169646
3326,137.6049283450418,0.4237568896550124
3327,137.6462884076643,0.4234993747669751
3328,137.6876484702868,0.42323609856808214
3329,137.72900853290932,0.42296743006995957
3330,137.77036859553178,0.4226937674539935
3331,137.81172865815427,0.4224155301558789
3332,137.85308872077678,0.42213315086534353
3333,137.89444878339924,0.42184706764698304
3334,137.93580884602176,0.4215577163823087
3335,137.97716890864427,0.4212655237216916
3336,138.01852897126676,0.420970900716859
3337,138.05988903388925,0.4206742372814458
3338,138.10124909651176,0.42037589759842764
3339,138.14260915913425,0.42007621656200445
3340,138.18396922175674,0.4197754973066392
3341,138.22532928437923,0.4194740098404517
3342,138.26668934700172,0.41917199076427836
3343,138.30804940962423,0.41886964402373483
3344,138.34940947224672,0.4185671426093168
3345,138.3907695348692,0.4182646310919463
3346,138.4321295974917,0.4179622288580179
3347,138.47348966011424,0.41766003388965584
3348,138.5148497227367,0.4173581269246547
3349,138.5562097853592,0.4170565758246273
3350,138.59756984798167,0.41675543998063974
3351,138.63892991060416,0.4164547745927445
3352,138.68028997322668,0.4161546346724617
3353,138.7216500358492,0.4158550786346216
3354,138.76301009847168,0.41555617136713197
3355,138.80437016109414,0.41525798669231323
3356,138.84573022371666,0.41496060916028715
3357,138.88709028633917,0.4146641351433732
3358,138.92845034896166,0.41436867322845616
3359,138.96981041158415,0.41407434393053166
3360,139.01117047420664,0.413781278775536
3361,139.05253053682915,0.413489618821559
3362,139.09389059945164,0.41319951270450733
3363,139.13525066207413,0.4129111143073234
3364,139.17661072469662,0.4126245801599763
3365,139.2179707873191,0.412340066679738
3366,139.25933084994162,0.4120577273601377
3367,139.3006909125641,0.41177771001045493
3368,139.3420509751866,0.41150015413711494
3369,139.38341103780908,0.4112251885450092
3370,139.4247711004316,0.41095292922085574
3371,139.46613116305411,0.4106834775427958
3372,139.50749122567657,0.4104169188425225
3373,139.54885128829906,0.4101533213287658
3374,139.59021135092158,0.40989273536375354
3375,139.6315714135441,0.40963519307065815
3376,139.67293147616655,0.40938070823812067
3377,139.71429153878907,0.4091292764796502
3378,139.75565160141156,0.4088808756009634
3379,139.79701166403407,0.40863546612774604
3380,139.83837172665656,0.4083929919482688
3381,139.87973178927905,0.40815338103180765
3382,139.92109185190154,0.4079165461924532
3383,139.96245191452402,0.4076823858783577
3384,140.00381197714654,0.40745078497915255
3385,140.04517203976903,0.4072216156571577
3386,140.08653210239152,0.4069947382197172
3387,140.127892165014,0.4067700020619614
3388,140.16925222763652,0.4065472467179832
3389,140.210612290259,0.40632630306472484
3390,140.2519723528815,0.4061069947260423
3391,140.29333241550398,0.40588913972392426
3392,140.3346924781265,0.40567255241881095
3393,140.37605254074901,0.4054570457729115
3394,140.41741260337147,0.4052424339586227
3395,140.45877266599396,0.4050285353184674
3396,140.50013272861648,0.4048151756657732
3397,140.54149279123894,0.4046021918959959
3398,140.58285285386145,0.4043894358580978
3399,140.62421291648397,0.4041767784157962
3400,140.66557297910646,0.4039641136096228
3401,140.70693304172894,0.40375136281415247
3402,140.74829310435146,0.4035384787711583
3403,140.78965316697395,0.403325449370395
3404,140.83101322959644,0.40311230104413864
3405,140.87237329221892,0.4028991016420381
3406,140.9137333548414,0.40268596265830325
3407,140.95509341746393,0.4024730406935135
3408,140.99645348008642,0.4022605380495847
3409,141.0378135427089,0.40204870237714196
3410,141.07917360533142,0.4018378253185645
3411,141.12053366795394,0.40162824011880377
3412,141.1618937305764,0.4014203182061548
3413,141.20325379319888,0.40121446477664224
3414,141.2446138558214,0.40101111344790086
3415,141.28597391844386,0.40081072007932256
3416,141.32733398106637,0.4006137558834541
3417,141.3686940436889,0.40042069997949264
3418,141.41005410631138,0.4002320315610628
3419,141.45141416893384,0.4000482218659714
3420,141.49277423155635,0.39986972614630745
3421,141.53413429417887,0.3996969758418394
3422,141.57549435680136,0.39953037115639717
3423,141.61685441942385,0.3993702742288411
3424,141.65821448204633,0.39921700307513236
3425,141.69957454466885,0.39907082645694225
3426,141.74093460729134,0.3989319598064323
3427,141.78229466991382,0.39880056230703764
3428,141.8236547325363,0.39867673519604446
3429,141.8650147951588,0.3985605213194894
3430,141.90637485778132,0.3984519059338781
3431,141.9477349204038,0.39835081871191313
3432,141.98909498302632,0.3982571368758645
3433,142.03045504564878,0.39817068934945965
3434,142.0718151082713,0.3980912617910833
3435,142.1131751708938,0.39801860234731945
3436,142.1545352335163,0.3979524279477024
3437,142.19589529613876,0.3978924309490212
3438,142.23725535876127,0.39783828593152304
3439,142.2786154213838,0.39778965645000924
3440,142.31997548400628,0.3977462015490921
3441,142.36133554662877,0.3977075818649953
3442,142.40269560925125,0.3976734651546155
3443,142.44405567187377,0.39764353111523454
3444,142.48541573449626,0.3976174753856497
3445,142.52677579711875,0.3975950126495381
3446,142.56813585974123,0.3975758787933431
3447,142.60949592236372,0.3975598321040971
3448,142.65085598498624,0.3975466535245631
3449,142.69221604760872,0.3975361460141986
3450,142.7335761102312,0.397528133092331
3451,142.7749361728537,0.3975224566655232
3452,142.81629623547622,0.3975189742613172
3453,142.8576562980987,0.3975175558066322
3454,142.89901636072122,0.3975180801002904
3455,142.94037642334368,0.39752043113351554
3456,142.9817364859662,0.39752449441291454
3457,143.0230965485887,0.3975301534345139
3458,143.0644566112112,0.397537286446791
3459,143.10581667383366,0.3975457636257966
3460,143.14717673645617,0.397555444766966
3461,143.18853679907863,0.3975661775757433
3462,143.22989686170118,0.397577796615833
3463,143.27125692432367,0.3975901229483297
3464,143.31261698694615,0.39760296446939397
3465,143.35397704956864,0.3976161169291062
3466,143.39533711219116,0.39762936559072315
3467,143.43669717481365,0.3976424874676944
3468,143.47805723743613,0.39765525405720314
3469,143.51941730005862,0.39766743447407593
3470,143.5607773626811,0.3976787988766571
3471,143.60213742530362,0.39768912206910945
3472,143.6434974879261,0.397698187161383
3473,143.6848575505486,0.39770578916826776
3474,143.72621761317112,0.3977117384339125
3475,143.76757767579363,0.39771586377689383
3476,143.8089377384161,0.3977180152618904
3477,143.85029780103858,0.39771806651883823
3478,143.8916578636611,0.3977159165472983
3479,143.93301792628355,0.39771149096138114
3480,143.9743779889061,0.3977047426501727
3481,144.0157380515286,0.39769565184788297
3482,144.05709811415107,0.39768422562648326
3483,144.09845817677353,0.39767049684131817
3484,144.13981823939605,0.3976545225766472
3485,144.18117830201857,0.39763638215058206
3486,144.22253836464105,0.39761617475058664
3487,144.26389842726354,0.39759401677800094
3488,144.30525848988603,0.39757003898435983
3489,144.34661855250855,0.3975443834831103
3490,144.38797861513103,0.3975172007182083
3491,144.42933867775352,0.39748864646493787
3492,144.470698740376,0.3974588789301536
3493,144.5120588029985,0.39742805600834197
3494,144.553418865621,0.39739633273718833
3495,144.5947789282435,0.39736385898262067
3496,144.63613899086602,0.397330777369579
3497,144.67749905348848,0.39729722146063357
3498,144.718859116111,0.397263314172217
3499,144.7602191787335,0.3972291664074342
3500,144.801579241356,0.3971948758757693
3501,144.84293930397845,0.3971605260642645
3502,144.88429936660097,0.3971261853224259
3503,144.9256594292235,0.3970919060234312
3504,144.96701949184597,0.39705772376802967
3505,145.00837955446846,0.39702365660461947
3506,145.04973961709095,0.39698970424777835
3507,145.09109967971347,0.396955847288923
3508,145.13245974233595,0.39692204640534906
3509,145.17381980495844,0.3968882415863393
3510,145.21517986758093,0.39685435140754655
3511,145.25653993020342,0.39682027239608214
3512,145.29789999282593,0.3967858785371753
3513,145.33926005544842,0.39675102097954323
3514,145.38062011807094,0.39671552799913606
3515,145.4219801806934,0.3966792052794595
3516,145.46334024331588,0.3966418365611651
3517,145.5047003059384,0.3966031847045549
3518,145.54606036856092,0.3965629931950309
3519,145.58742043118338,0.3965209881050219
3520,145.6287804938059,0.39647688050750995
3521,145.6701405564284,0.3964303693146757
3522,145.7115006190509,0.3963811444944464
3523,145.75286068167335,0.396328890596769
3524,145.79422074429587,0.39627329050189697
3525,145.83558080691836,0.39621402928642363
3526,145.87694086954087,0.3961507980900606
3527,145.91830093216336,0.39608329785756763
3528,145.95966099478585,0.3960112428269238
3529,146.00102105740834,0.3959343636379666
3530,146.04238112003085,0.39585240994281407
3531,146.08374118265334,0.3957651524142385
3532,146.12510124527583,0.3956723840668107
3533,146.16646130789832,0.39557392082909654
3534,146.2078213705208,0.3954696013325804
3535,146.24918143314332,0.3953592859127383
3536,146.29054149576584,0.3952428548483482
3537,146.3319015583883,0.3951202058959219
3538,146.3732616210108,0.39499125120573203
3539,146.41462168363333,0.394855913731655
3540,146.45598174625582,0.3947141232698493
3541,146.49734180887828,0.39456581227847337
3542,146.5387018715008,0.39441091164161435
3543,146.58006193412328,0.3942493465455756
3544,146.6214219967458,0.39408103263385835
3545,146.66278205936828,0.39390587259805643
3546,146.70414212199077,0.3937237533472072
3547,146.74550218461326,0.39353454387724657
3548,146.78686224723575,0.3933380939363505
3549,146.82822230985826,0.39313423355275867
3550,146.86958237248075,0.39292277345982546
3551,146.91094243510324,0.3927035064195963
3552,146.95230249772573,0.3924762094137737
3553,146.99366256034824,0.39224064663960573
3554,147.03502262297073,0.3919965732197093
3555,147.07638268559322,0.3917437395104703
3556,147.1177427482157,0.3914818958745663
3557,147.1591028108382,0.3912107977682522
3558,147.20046287346074,0.3909302109870682
3559,147.2418229360832,0.3906399169110217
3560,147.2831829987057,0.3903397175947728
3561,147.32454306132817,0.3900294405578273
3562,147.36590312395072,0.3897089431446593
3563,147.40726318657318,0.38937811634343683
3564,147.4486232491957,0.3890368879742492
3565,147.48998331181815,0.38868522518228704
3566,147.53134337444067,0.3883231361964015
3567,147.57270343706318,0.38795067133962174
3568,147.61406349968567,0.38756792330213724
3569,147.65542356230816,0.3871750267101746
3570,147.69678362493065,0.38677215704365714
3571,147.73814368755316,0.3863595289720719
3572,147.77950375017565,0.38593739419058676
3573,147.82086381279814,0.38550603884677365
3574,147.86222387542063,0.38506578065275265
3575,147.9035839380431,0.38461696577785504
3576,147.94494400066563,0.3841599656135969
3577,147.98630406328812,0.383695173496255
3578,148.02766412591063,0.38322300146298793
3579,148.0690241885331,0.3827438771063091
3580,148.11038425115558,0.38225824057891583
3581,148.1517443137781,0.38176654178787023
3582,148.1931043764006,0.38126923780354544
3583,148.23446443902307,0.38076679049643414
3584,148.2758245016456,0.3802596644028169
3585,148.3171845642681,0.3797483248107973
3586,148.3585446268906,0.37923323604959486
3587,148.39990468951305,0.37871485995886556
3588,148.44126475213557,0.3781936545107916
3589,148.48262481475805,0.3776700725554157
3590,148.52398487738057,0.37714456065971697
3591,148.56534494000306,0.37661755801229563
3592,148.60670500262555,0.37608949536872305
3593,148.64806506524803,0.3755607940164751
3594,148.68942512787055,0.3750318647435567
3595,148.73078519049304,0.37450310680019233
3596,148.77214525311553,0.3739749068485439
3597,148.813505315738,0.3734476379009135
3598,148.8548653783605,0.37292165825178153
3599,148.89622544098302,0.3723973104137166
3600,148.93758550360553,0.37187492007074835
3601,148.978945566228,0.3713547950656533
3602,149.0203056288505,0.37083722443949496
3603,149.061665691473,0.37032247754299724
3604,149.1030257540955,0.36981080323901605
3605,149.14438581671797,0.36930242921487527
3606,149.1857458793405,0.36879756142192516
3607,149.22710594196298,0.3682963836569581
3608,149.2684660045855,0.36779905729804624
3609,149.30982606720798,0.3673057212038265
3610,149.35118612983047,0.36681649178189624
3611,149.39254619245295,0.3663314632284771
3612,149.43390625507544,0.36585070793798785
3613,149.47526631769796,0.365374277077533
3614,149.51662638032045,0.3649022013180693
3615,149.55798644294293,0.3644344917111271
3616,149.59934650556542,0.36397114069707315
3617,149.64070656818794,0.3635121232290047
3618,149.68206663081045,0.3630573979944583
3619,149.7234266934329,0.36260690871598805
3620,149.7647867560554,0.3621605855110611
3621,149.80614681867792,0.3617183462915354
3622,149.84750688130043,0.36128009818354107
3623,149.8888669439229,0.36084573894932354
3624,149.9302270065454,0.3604151583943263
3625,149.9715870691679,0.3599882397440398
