,Energy Transfer (meV),PPR
0,0.04136006262249528,0.14569854903204915
1,0.08272012524499056,0.1473993575250499
2,0.12408018786748584,0.1502253664126141
3,0.16544025048998112,0.1541623845811961
4,0.2068003131124764,0.15918835315090335
5,0.24816037573497168,0.16527154593438806
6,0.28952043835746694,0.1723687712879769
7,0.33088050097996224,0.18042388362937337
8,0.37224056360245755,0.18936689558535774
9,0.4136006262249528,0.19911392074904674
10,0.4549606888474481,0.20956807768897018
11,0.49632075146994337,0.22062136198776766
12,0.5376808140924386,0.2321573651720111
13,0.5790408767149339,0.24405461014021676
14,0.6204009393374292,0.2561902013780013
15,0.6617610019599245,0.26844346572965355
16,0.7031210645824197,0.2806992857678356
17,0.7444811272049151,0.2928508928382753
18,0.7858411898274104,0.3048019742097394
19,0.8272012524499056,0.3164680404199279
20,0.868561315072401,0.32777707965905234
21,0.9099213776948962,0.33866958612959003
22,0.9512814403173915,0.349098085124606
23,0.9926415029398867,0.359026290551091
24,1.034001565562382,0.368428025527286
25,1.0753616281848772,0.37728601956193686
26,1.1167216908073725,0.3855906725345801
27,1.1580817534298677,0.3933388509739812
28,1.1994418160523632,0.4005327592493794
29,1.2408018786748585,0.407178909111117
30,1.2821619412973537,0.4132871962877245
31,1.323522003919849,0.4188700825283717
32,1.3648820665423442,0.42394187507810693
33,1.4062421291648395,0.428518092385179
34,1.447602191787335,0.43261490411491393
35,1.4889622544098302,0.4362486345914837
36,1.5303223170323255,0.439435321012926
37,1.5716823796548207,0.44219032070520164
38,1.613042442277316,0.4445279649190749
39,1.6544025048998112,0.44646125993632624
40,1.6957625675223067,0.4480016393106179
41,1.737122630144802,0.4491587737334616
42,1.7784826927672972,0.4499404471249759
43,1.8198427553897925,0.4503525089419248
44,1.8612028180122877,0.4503989132133246
45,1.902562880634783,0.45008185429133785
46,1.9439229432572784,0.4494020075816091
47,1.9852830058797735,0.4483588804563946
48,2.0266430685022687,0.44695127407287727
49,2.068003131124764,0.44517785093679213
50,2.1093631937472592,0.4430377959292324
51,2.1507232563697545,0.4405315505062917
52,2.1920833189922497,0.4376615914603558
53,2.233443381614745,0.43443321778428795
54,2.2748034442372402,0.43085530276744316
55,2.3161635068597355,0.4269409644996086
56,2.357523569482231,0.4227081074225685
57,2.3988836321047264,0.41817979114221093
58,2.4402436947272217,0.4133843906659846
59,2.481603757349717,0.40835552425824045
60,2.522963819972212,0.403131740298046
61,2.5643238825947074,0.39775597141841734
62,2.6056839452172027,0.39227478097918284
63,2.647044007839698,0.3867374416662948
64,2.6884040704621937,0.3811948970314348
65,2.7297641330846885,0.3756986629046723
66,2.771124195707184,0.37029972633927705
67,2.812484258329679,0.36504749533165815
68,2.8538443209521747,0.3599888439095986
69,2.89520438357467,0.3551672856627529
70,2.936564446197165,0.35062229597103944
71,2.9779245088196604,0.34638879058577043
72,3.019284571442156,0.34249675709806227
73,3.060644634064651,0.33897102707057414
74,3.1020046966871466,0.3358311706702322
75,3.1433647593096414,0.33309149259187026
76,3.184724821932137,0.33076110766090966
77,3.226084884554632,0.3288440762920209
78,3.2674449471771276,0.3273395833862338
79,3.3088050097996224,0.3262421486628289
80,3.350165072422118,0.32554186125381124
81,3.3915251350446134,0.3252246361047106
82,3.4328851976671086,0.325272493861838
83,3.474245260289604,0.3256638691038057
84,3.5156053229120996,0.32637395369929817
85,3.5569653855345944,0.32737508254860714
86,3.59832544815709,0.32863716790895564
87,3.639685510779585,0.33012818595682364
88,3.6810455734020806,0.33181471539385343
89,3.7224056360245754,0.3336625230918081
90,3.763765698647071,0.3356371864728973
91,3.805125761269566,0.33770473711186
92,3.8464858238920616,0.33983230554923843
93,3.887845886514557,0.34198874411490465
94,3.929205949137052,0.3441452031532102
95,3.970566011759547,0.34627563670215517
96,4.011926074382043,0.3483572164461384
97,4.053286137004537,0.35037063741378555
98,4.094646199627033,0.3523003049696756
99,4.136006262249528,0.35413439952516707
100,4.177366324872024,0.35586482236487044
101,4.2187263874945184,0.35748703237593077
102,4.260086450117014,0.35899978871550947
103,4.301446512739509,0.36040481818025505
104,4.342806575362005,0.3617064280817017
105,4.3841666379844995,0.3629110858188348
106,4.425526700606995,0.36402698527652005
107,4.46688676322949,0.3650636179826406
108,4.508246825851986,0.36603136399705594
109,4.5496068884744805,0.3669411141520714
110,4.590966951096976,0.3678039318447919
111,4.632327013719471,0.36863075935588574
112,4.673687076341967,0.3694321708186261
113,4.715047138964462,0.3702181715915763
114,4.756407201586957,0.37099804193740893
115,4.797767264209453,0.37178022156856216
116,4.839127326831948,0.37257223074200047
117,4.880487389454443,0.3733806231074139
118,4.921847452076939,0.3742109653628866
119,4.963207514699434,0.37506783888013284
120,5.00456757732193,0.375954858762969
121,5.045927639944424,0.3768747062429127
122,5.08728770256692,0.3778291708473044
123,5.128647765189415,0.37881919935875186
124,5.170007827811911,0.3798449491875806
125,5.211367890434405,0.38090584437100344
126,5.252727953056901,0.38200063296861964
127,5.294088015679396,0.3831274451196612
128,5.335448078301891,0.3842838514426227
129,5.376808140924387,0.38546692177464953
130,5.418168203546882,0.38667328445551147
131,5.459528266169377,0.38789918645247656
132,5.500888328791872,0.38914055460200425
133,5.542248391414368,0.39039305812123737
134,5.583608454036863,0.3916521723389885
135,5.624968516659358,0.3929132433373056
136,5.666328579281854,0.3941715529142099
137,5.707688641904349,0.39542238301152177
138,5.749048704526844,0.3966610785311927
139,5.79040876714934,0.3978831073195479
140,5.831768829771835,0.3990841160531431
141,5.87312889239433,0.400259980823799
142,5.914488955016826,0.4014068513933182
143,5.955849017639321,0.4025211883604447
144,5.997209080261816,0.4035997928305213
145,6.038569142884312,0.404639828573248
146,6.079929205506807,0.4056388370619143
147,6.121289268129302,0.4065947461714972
148,6.162649330751797,0.40750587364150753
149,6.204009393374293,0.408370926654444
150,6.245369455996788,0.40918899902182443
151,6.286729518619283,0.40995956749861856
152,6.328089581241778,0.41068248866233054
153,6.369449643864274,0.41135799760472896
154,6.410809706486769,0.41198670941010196
155,6.452169769109264,0.4125696240573705
156,6.49352983173176,0.4131081350110147
157,6.534889894354255,0.413604041387541
158,6.57624995697675,0.41405956322551846
159,6.617610019599245,0.4144773590730625
160,6.658970082221741,0.4148605448556249
161,6.700330144844236,0.4152127128108756
162,6.741690207466731,0.4155379491821827
163,6.783050270089227,0.41584084934693594
164,6.824410332711722,0.4161265291118734
165,6.865770395334217,0.4164006310226663
166,6.907130457956713,0.4166693246927738
167,6.948490520579208,0.4169393003380002
168,6.989850583201703,0.41721775488997026
169,7.031210645824199,0.4175123702377027
170,7.072570708446694,0.4178312832964563
171,7.113930771069189,0.41818304772007514
172,7.155290833691684,0.4185765871516174
173,7.19665089631418,0.41902113994995344
174,7.238010958936675,0.41952619534286895
175,7.27937102155917,0.4201014209530218
176,7.320731084181665,0.42075658163492186
177,7.362091146804161,0.4215014495669309
178,7.403451209426656,0.42234570557914786
179,7.444811272049151,0.4232988317831351
180,7.4861713346716465,0.42436999571774564
181,7.527531397294142,0.42556792644773567
182,7.568891459916637,0.42690078335770026
183,7.610251522539132,0.428376018773996
184,7.6516115851616275,0.43000023602054116
185,7.692971647784123,0.431779045060554
186,7.734331710406618,0.43371691847960847
187,7.775691773029114,0.43581705120349074
188,7.8170518356516085,0.43808122798284477
189,7.858411898274104,0.44050970327909866
190,7.8997719608966,0.4431010986994609
191,7.941132023519094,0.4458523235001491
192,7.982492086141589,0.44875852384076403
193,8.023852148764085,0.4518130663666428
194,8.06521221138658,0.45500756125630964
195,8.106572274009075,0.4583319290483499
196,8.14793233663157,0.4617745143230128
197,8.189292399254066,0.4653222476556293
198,8.230652461876561,0.4689608552164884
199,8.272012524499056,0.4726751130431918
200,8.313372587121552,0.47644914048454773
201,8.354732649744047,0.4802667247768424
202,8.396092712366544,0.4841116663703138
203,8.437452774989037,0.4879681326901804
204,8.478812837611533,0.4918210067060047
205,8.520172900234028,0.49565621616725963
206,8.561532962856525,0.4994610297567953
207,8.602893025479018,0.5032243077470459
208,8.644253088101514,0.5069366969549306
209,8.68561315072401,0.5105907627247938
210,8.726973213346506,0.5141810540933073
211,8.768333275968999,0.51770410192078
212,8.809693338591496,0.5211583533085324
213,8.85105340121399,0.5245440487772677
214,8.892413463836487,0.5278630512211812
215,8.93377352645898,0.5311186374179568
216,8.975133589081477,0.5343152637902355
217,9.016493651703971,0.5374583181917567
218,9.057853714326468,0.5405538688204815
219,9.099213776948961,0.5436084200846389
220,9.140573839571458,0.5466286835464121
221,9.181933902193952,0.5496213701304571
222,9.223293964816449,0.5525930077903065
223,9.264654027438942,0.5555497869302882
224,9.306014090061439,0.5584974342022488
225,9.347374152683933,0.5614411139135155
226,9.38873421530643,0.5643853552373298
227,9.430094277928925,0.5673340027133648
228,9.47145434055142,0.5702901871415638
229,9.512814403173914,0.5732563138644553
230,9.554174465796411,0.5762340655432027
231,9.595534528418906,0.579224416800786
232,9.6368945910414,0.5822276584682684
233,9.678254653663895,0.5852434295713977
234,9.719614716286392,0.5882707555864082
235,9.760974778908887,0.5913080918409919
236,9.802334841531382,0.5943533712128819
237,9.843694904153878,0.5974040554746476
238,9.885054966776373,0.6004571897465317
239,9.926415029398868,0.6035094595609178
240,9.967775092021364,0.6065572500245918
241,10.00913515464386,0.6095967065118357
242,10.050495217266354,0.6126237962505655
243,10.091855279888849,0.6156343700960337
244,10.133215342511345,0.6186242237380671
245,10.17457540513384,0.6215891575668697
246,10.215935467756335,0.6245250344362911
247,10.25729553037883,0.6274278346062178
248,10.298655593001326,0.6302937072157648
249,10.340015655623821,0.6331190177217407
250,10.381375718246318,0.6359003908235873
251,10.42273578086881,0.6386347484756235
252,10.464095843491307,0.6413193426524876
253,10.505455906113802,0.6439517825787296
254,10.546815968736297,0.6465300561627522
255,10.588176031358792,0.6490525453903575
256,10.629536093981287,0.6515180354467043
257,10.670896156603781,0.653925717356337
258,10.712256219226276,0.656275183972439
259,10.753616281848775,0.6585664192174792
260,10.794976344471268,0.6607997805853856
261,10.836336407093764,0.6629759750617237
262,10.877696469716259,0.6650960287995176
263,10.919056532338754,0.6671612510962621
264,10.960416594961249,0.6691731934375817
265,11.001776657583743,0.6711336045889166
266,11.04313672020624,0.6730443829100982
267,11.084496782828737,0.6749075272196782
268,11.12585684545123,0.6767250876319328
269,11.167216908073726,0.6784991178160272
270,11.208576970696221,0.680231630079013
271,11.249937033318716,0.6819245545505728
272,11.291297095941212,0.6835797035535937
273,11.332657158563707,0.6851987419940023
274,11.374017221186202,0.6867831643105503
275,11.415377283808699,0.6883342782121825
276,11.456737346431192,0.6898531951195729
277,11.498097409053688,0.6913408269385771
278,11.539457471676185,0.6927978885496918
279,11.58081753429868,0.6942249052121936
280,11.622177596921174,0.6956222239678714
281,11.66353765954367,0.6969900280910688
282,11.704897722166164,0.6983283536670352
283,11.74625778478866,0.6996371074831653
284,11.787617847411154,0.70091608557174
285,11.828977910033652,0.7021649919324094
286,11.870337972656147,0.7033834571669141
287,11.911698035278642,0.7045710569560151
288,11.953058097901136,0.705727330480017
289,11.994418160523631,0.7068517990128245
290,12.035778223146126,0.7079439849926177
291,12.077138285768624,0.7090034318844955
292,12.118498348391116,0.7100297251008724
293,12.159858411013614,0.7110225141406342
294,12.201218473636109,0.711981535960031
295,12.242578536258604,0.712906639413098
296,12.283938598881099,0.7137978104170144
297,12.325298661503593,0.7146551973267483
298,12.366658724126088,0.7154791358660967
299,12.408018786748586,0.7162701728703164
300,12.449378849371078,0.7170290880652972
301,12.490738911993576,0.7177569131407384
302,12.532098974616071,0.718454947471004
303,12.573459037238566,0.719124769988912
304,12.61481909986106,0.719768246909122
305,12.656179162483555,0.7203875352131597
306,12.69753922510605,0.7209850820236262
307,12.738899287728549,0.7215636201920241
308,12.780259350351042,0.7221261605821818
309,12.821619412973538,0.7226759816342522
310,12.862979475596033,0.7232166168339383
311,12.904339538218528,0.723751840684602
312,12.945699600841023,0.7242856536876472
313,12.98705966346352,0.7248222666936089
314,13.028419726086014,0.7253660848005952
315,13.06977978870851,0.7259216907733299
316,13.111139851331004,0.7264938277478564
317,13.1524999139535,0.7270873807979034
318,13.193859976575995,0.7277073567821345
319,13.23522003919849,0.7283588617824336
320,13.276580101820986,0.7290470753884304
321,13.317940164443481,0.7297772210889748
322,13.359300227065976,0.7305545320934874
323,13.400660289688473,0.7313842120226655
324,13.442020352310966,0.7322713900696262
325,13.483380414933462,0.7332210704302946
326,13.524740477555959,0.7342380760236767
327,13.566100540178454,0.7353269867618004
328,13.607460602800948,0.7364920728712102
329,13.648820665423443,0.7377372240121258
330,13.690180728045938,0.7390658751753943
331,13.731540790668435,0.7404809305630263
332,13.772900853290928,0.7419846868662353
333,13.814260915913426,0.7435787575491483
334,13.85562097853592,0.7452639999150223
335,13.896981041158416,0.7470404468774325
336,13.93834110378091,0.7489072454684633
337,13.979701166403405,0.7508626041834402
338,14.0210612290259,0.7529037512751854
339,14.062421291648398,0.7550269060581208
340,14.10378135427089,0.7572272651521752
341,14.145141416893388,0.759499005379092
342,14.186501479515883,0.7618353047118702
343,14.227861542138378,0.7642283822728901
344,14.269221604760872,0.7666695578811916
345,14.310581667383367,0.769149331080303
346,14.351941730005862,0.7716574789534063
347,14.39330179262836,0.7741831713834564
348,14.434661855250853,0.7767151017720496
349,14.47602191787335,0.7792416306299176
350,14.517381980495845,0.7817509389299794
351,14.55874204311834,0.784231187700741
352,14.600102105740834,0.7866706800616936
353,14.64146216836333,0.7890580217783504
354,14.682822230985824,0.7913822764504486
355,14.724182293608322,0.7936331116366101
356,14.765542356230815,0.7958009325503433
357,14.806902418853312,0.7978770004087938
358,14.848262481475807,0.7998535330523487
359,14.889622544098302,0.8017237860425135
360,14.930982606720796,0.8034821130595161
361,14.972342669343293,0.8051240050255088
362,15.013702731965788,0.806646107951776
363,15.055062794588284,0.8080462200269335
364,15.096422857210777,0.8093232689176357
365,15.137782919833274,0.8104772706341635
366,15.179142982455769,0.8115092716229863
367,15.220503045078264,0.8124212759884359
368,15.26186310770076,0.8132161599227259
369,15.303223170323255,0.8138975755458294
370,15.34458323294575,0.8144698464319876
371,15.385943295568246,0.8149378571337493
372,15.42730335819074,0.8153069390139537
373,15.468663420813236,0.8155827546635994
374,15.510023483435733,0.8157711831203796
375,15.551383546058227,0.815878208010119
376,15.592743608680722,0.815909810609463
377,15.634103671303217,0.8158718696730404
378,15.675463733925712,0.8157700696797656
379,15.716823796548208,0.8156098189330262
380,15.758183859170702,0.8153961786972892
381,15.7995439217932,0.8151338042758934
382,15.840903984415695,0.8148268986308939
383,15.882264047038188,0.8144791788301591
384,15.923624109660684,0.81409385527999
385,15.964984172283177,0.8136736233806937
386,16.006344234905676,0.8132206669318996
387,16.04770429752817,0.8127366723310823
388,16.089064360150665,0.8122228523601185
389,16.13042442277316,0.8116799781513523
390,16.171784485395655,0.8111084177756296
391,16.21314454801815,0.8105081798090826
392,16.254504610640648,0.8098789602105423
393,16.29586467326314,0.8092201908861091
394,16.337224735885638,0.8085310884243266
395,16.378584798508133,0.8078107016523893
396,16.419944861130627,0.8070579568811025
397,16.461304923753122,0.8062716999664024
398,16.50266498637562,0.8054507346031778
399,16.54402504899811,0.8045938565720933
400,16.58538511162061,0.80369988396493
401,16.626745174243105,0.8027676837082207
402,16.668105236865596,0.8017961949703845
403,16.709465299488095,0.800784450264741
404,16.75082536211059,0.7997315952360156
405,16.792185424733088,0.7986369082323865
406,16.83354548735558,0.7974998208098921
407,16.874905549978074,0.7963199402866759
408,16.916265612600572,0.7950970753563725
409,16.957625675223067,0.7938312655839938
410,16.998985737845558,0.7925228153460367
411,17.040345800468057,0.7911723324443187
412,17.08170586309055,0.7897807712326562
413,17.12306592571305,0.7883494796586475
414,17.16442598833554,0.7868802491587011
415,17.205786050958036,0.7853753658755805
416,17.247146113580534,0.7838376612201857
417,17.28850617620303,0.7822705594018318
418,17.32986623882552,0.7806781192346691
419,17.37122630144802,0.7790650673222264
420,17.412586364070513,0.7774368196561832
421,17.45394642669301,0.7757994887591748
422,17.495306489315503,0.7741598737749431
423,17.536666551937998,0.7725254313608704
424,17.578026614560496,0.7709042258662969
425,17.61938667718299,0.7693048580616755
426,17.660746739805482,0.7677363725855018
427,17.70210680242798,0.7662081452541125
428,17.743466865050475,0.7647297523768997
429,17.784826927672974,0.7633108251783298
430,17.826186990295465,0.7619608932845742
431,17.86754705291796,0.7606892219295406
432,17.908907115540458,0.7595046480231911
433,17.950267178162953,0.7584154204661668
434,17.991627240785444,0.7574290500685388
435,18.032987303407943,0.7565521741322722
436,18.074347366030437,0.7557904402021955
437,18.115707428652936,0.7551484127076894
438,18.157067491275427,0.7546295052539105
439,18.198427553897922,0.7542359402321818
440,18.23978761652042,0.75396873626703
441,18.281147679142915,0.7538277228662853
442,18.32250774176541,0.7538115805555212
443,18.363867804387905,0.7539179038128188
444,18.4052278670104,0.7541432833249306
445,18.446587929632898,0.7544834034930326
446,18.48794799225539,0.7549331507529692
447,18.529308054877884,0.7554867281420873
448,18.570668117500382,0.7561377716443625
449,18.612028180122877,0.7568794641522567
450,18.653388242745372,0.7577046433748619
451,18.694748305367867,0.7586059006562118
452,18.73610836799036,0.7595756684061447
453,18.77746843061286,0.7606062946434571
454,18.81882849323535,0.7616901039647127
455,18.86018855585785,0.7628194450396267
456,18.901548618480344,0.763986725462578
457,18.94290868110284,0.7651844354258263
458,18.984268743725334,0.766405162202483
459,19.02562880634783,0.7676415978185418
460,19.066988868970324,0.7688865425422167
461,19.108348931592822,0.770132906920809
462,19.149708994215317,0.7713737150516188
463,19.19106905683781,0.7726021115872062
464,19.232429119460306,0.7738113746604027
465,19.2737891820828,0.7749949364789371
466,19.315149244705296,0.7761464128098043
467,19.35650930732779,0.7772596419654147
468,19.39786936995029,0.7783287332495783
469,19.439229432572784,0.7793481241505019
470,19.48058949519528,0.7803126449136233
471,19.521949557817774,0.7812175885265553
472,19.56330962044027,0.7820587836333842
473,19.604669683062763,0.7828326675006789
474,19.646029745685258,0.7835363559062936
475,19.687389808307756,0.7841677067335725
476,19.72874987093025,0.7847253741376429
477,19.770109933552746,0.7852088504011971
478,19.81146999617524,0.7856184930052875
479,19.852830058797736,0.7859555349768992
480,19.89419012142023,0.7862220772118705
481,19.93555018404273,0.7864210621669255
482,19.97691024666522,0.7865562290281748
483,20.01827030928772,0.7866320511568843
484,20.059630371910213,0.786653657247898
485,20.100990434532708,0.7866267381841735
486,20.142350497155203,0.7865574420107968
487,20.183710559777698,0.7864522597721136
488,20.225070622400196,0.7863179051520864
489,20.26643068502269,0.7861611909380501
490,20.307790747645182,0.7859889053008986
491,20.34915081026768,0.7858076907673738
492,20.390510872890175,0.7856239285696833
493,20.43187093551267,0.7854436308135465
494,20.473230998135165,0.7852723426212362
495,20.51459106075766,0.7851150560998638
496,20.555951123380158,0.7849761376632731
497,20.597311186002653,0.7848592699083521
498,20.638671248625144,0.7847674089172406
499,20.680031311247642,0.7847027575264209
500,20.721391373870137,0.7846667547751521
501,20.762751436492636,0.7846600814153742
502,20.804111499115127,0.7846826810382316
503,20.84547156173762,0.7847337960459014
504,20.88683162436012,0.7848120173799392
505,20.928191686982615,0.7849153466109714
506,20.969551749605106,0.7850412687106485
507,21.010911812227604,0.7851868335744364
508,21.0522718748501,0.7853487441537829
509,21.093631937472594,0.7855234489012999
510,21.13499200009509,0.7857072361423635
511,21.176352062717584,0.7858963279697284
512,21.21771212534008,0.7860869713190818
513,21.259072187962573,0.7862755240246719
514,21.300432250585068,0.7864585338710202
515,21.341792313207563,0.7866328089410216
516,21.383152375830065,0.7867954779009715
517,21.424512438452552,0.7869440392419241
518,21.465872501075047,0.7870763988972342
519,21.50723256369755,0.78719089605806
520,21.548592626320044,0.7872863173941325
521,21.589952688942535,0.7873619002379532
522,21.631312751565034,0.7874173255941268
523,21.67267281418753,0.7874527020806396
524,21.714032876810023,0.7874685420884536
525,21.755392939432518,0.7874657315597352
526,21.796753002055013,0.7874454948328415
527,21.838113064677508,0.7874093559902413
528,21.879473127300002,0.787359098080955
529,21.920833189922497,0.7872967214803527
530,21.962193252544992,0.7872244025089897
531,22.003553315167487,0.7871444532668493
532,22.04491337778999,0.787059283461435
533,22.08627344041248,0.7869713648253976
534,22.127633503034975,0.7868831985415863
535,22.168993565657473,0.7867972859234786
536,22.210353628279968,0.7867161024477515
537,22.25171369090246,0.7866420751003836
538,22.293073753524958,0.7865775628872907
539,22.334433816147452,0.7865248402708679
540,22.375793878769947,0.7864860832288807
541,22.417153941392442,0.7864633575897744
542,22.458514004014937,0.7864586092755436
543,22.49987406663743,0.7864736560806592
544,22.54123412925993,0.7865101806272228
545,22.582594191882425,0.7865697241606031
546,22.62395425450492,0.786653680883665
547,22.665314317127415,0.7867632925660417
548,22.706674379749913,0.786899643207898
549,22.748034442372404,0.7870636535801
550,22.7893945049949,0.7872560755060446
551,22.830754567617397,0.7874774857919318
552,22.872114630239892,0.787728279753771
553,22.913474692862383,0.7880086643313214
554,22.95483475548488,0.788318650822914
555,22.996194818107377,0.7886580473238238
556,23.03755488072987,0.7890264510034212
557,23.07891494335237,0.7894232404174303
558,23.120275005974865,0.7898475681173105
559,23.16163506859736,0.7902983538913984
560,23.202995131219854,0.7907742790460988
561,23.24435519384235,0.7912737822073482
562,23.285715256464844,0.7917950571863187
563,23.32707531908734,0.7923360535012594
564,23.368435381709837,0.7928944801724241
565,23.409795444332328,0.7934678134008487
566,23.451155506954823,0.7940533086979283
567,23.49251556957732,0.7946480179461304
568,23.533875632199816,0.795248811738843
569,23.575235694822307,0.7958524071710749
570,23.61659575744481,0.7964554010358514
571,23.657955820067304,0.7970543081333132
572,23.6993158826898,0.7976456041320252
573,23.740675945312294,0.7982257721505998
574,23.78203600793479,0.79879135197091
575,23.823396070557283,0.799338990568518
576,23.864756133179778,0.7998654924719492
577,23.906116195802273,0.8003678683532542
578,23.947476258424768,0.8008433802241356
579,23.988836321047263,0.8012895816655473
580,24.03019638366976,0.8017043516622993
581,24.071556446292252,0.8020859208383169
582,24.112916508914747,0.8024328891801991
583,24.15427657153725,0.8027442346864854
584,24.195636634159744,0.803019312757017
585,24.23699669678223,0.8032578465275411
586,24.278356759404733,0.8034599087287857
587,24.319716822027228,0.803625895987862
588,24.361076884649723,0.8037564967738983
589,24.402436947272218,0.8038526544052875
590,24.443797009894713,0.8039155266736092
591,24.485157072517207,0.803946443697081
592,24.526517135139702,0.8039468655963489
593,24.567877197762197,0.8039183414947454
594,24.609237260384692,0.8038624711948084
595,24.650597323007187,0.8037808706840215
596,24.69195738562969,0.8036751423922976
597,24.733317448252176,0.8035468508717983
598,24.77467751087467,0.8033975043111725
599,24.816037573497173,0.803228542041999
600,24.857397636119668,0.8030413279517393
601,24.898757698742155,0.8028371494957008
602,24.940117761364657,0.8026172218017726
603,24.981477823987152,0.8023826961923081
604,25.022837886609647,0.8021346723093695
605,25.064197949232142,0.8018742129241455
606,25.105558011854637,0.8016023604418016
607,25.14691807447713,0.8013201540784434
608,25.188278137099626,0.8010286466899316
609,25.22963819972212,0.8007289202724173
610,25.270998262344616,0.8004220992312665
611,25.31235832496711,0.8001093606267672
612,25.353718387589613,0.7997919407503064
613,25.3950784502121,0.7994711375561976
614,25.4364385128346,0.7991483086692289
615,25.477798575457097,0.7988248648972155
616,25.519158638079592,0.7985022593917713
617,25.560518700702083,0.7981819728113765
618,25.60187876332458,0.7978654950370508
619,25.643238825947076,0.7975543041635642
620,25.68459888856957,0.7972498436276204
621,25.725958951192066,0.7969534984347187
622,25.76731901381456,0.7966665714980228
623,25.808679076437055,0.7963902611080899
624,25.85003913905955,0.7961256405065518
625,25.891399201682045,0.7958736404457656
626,25.93275926430454,0.7956350354825549
627,25.97411932692704,0.7954104345867858
628,26.015479389549537,0.7952002764512498
629,26.056839452172028,0.7950048296807983
630,26.098199514794523,0.794824197825199
631,26.13955957741702,0.7946583290124148
632,26.180919640039516,0.7945070297477137
633,26.222279702662007,0.7943699822781165
634,26.263639765284506,0.7942467647871361
635,26.304999827907,0.7941368735879997
636,26.346359890529495,0.7940397464280872
637,26.38771995315199,0.7939547860017802
638,26.429080015774485,0.7938813827965265
639,26.47044007839698,0.7938189364594801
640,26.511800141019478,0.7937668749702985
641,26.553160203641973,0.7937246710293788
642,26.594520266264468,0.7936918552161696
643,26.635880328886962,0.7936680256298732
644,26.677240391509457,0.7936528538874789
645,26.718600454131952,0.7936460875145407
646,26.759960516754447,0.793647548913636
647,26.801320579376945,0.7936571312283042
648,26.842680641999436,0.7936747915304901
649,26.88404070462193,0.7937005418419374
650,26.92540076724443,0.7937344385529993
651,26.966760829866924,0.7937765708228984
652,27.008120892489416,0.793827048535599
653,27.049480955111918,0.7938859903464613
654,27.090841017734412,0.7939535122909823
655,27.132201080356907,0.7940297173431593
656,27.173561142979402,0.7941146862139059
657,27.214921205601897,0.794208469576873
658,27.25628126822439,0.7943110818051778
659,27.297641330846886,0.794422496208279
660,27.33900139346938,0.7945426416750633
661,27.380361456091876,0.7946714005659473
662,27.42172151871437,0.7948086076534061
663,27.46308158133687,0.7949540498904432
664,27.50444164395936,0.7951074667884112
665,27.545801706581855,0.7952685512085137
666,27.587161769204357,0.7954369504095284
667,27.628521831826852,0.7956122672473566
668,27.66988189444934,0.7957940614792997
669,27.71124195707184,0.7959818511872333
670,27.752602019694336,0.7961751143897722
671,27.79396208231683,0.7963732909617416
672,27.835322144939326,0.7965757850143813
673,27.87668220756182,0.7967819679091294
674,27.918042270184316,0.7969911820807263
675,27.95940233280681,0.7972027458288277
676,28.000762395429305,0.7974159592045713
677,28.0421224580518,0.7976301110703012
678,28.083482520674295,0.7978444873473274
679,28.124842583296797,0.7980583803970784
680,28.166202645919284,0.7982710994027916
681,28.20756270854178,0.7984819815423201
682,28.24892277116428,0.7986904036685428
683,28.290282833786776,0.7988957941497141
684,28.331642896409267,0.7990976444707637
685,28.373002959031766,0.799295520163534
686,28.41436302165426,0.7994890706211287
687,28.455723084276755,0.7996780373631129
688,28.49708314689925,0.7998622603533719
689,28.538443209521745,0.8000416820312087
690,28.57980327214424,0.8002163487971193
691,28.621163334766734,0.8003864097923877
692,28.66252339738923,0.8005521129228056
693,28.703883460011724,0.8007137981919131
694,28.74524352263422,0.8008718885261066
695,28.78660358525672,0.8010268783787868
696,28.82796364787921,0.8011793204932345
697,28.869323710501707,0.8013298112743111
698,28.910683773124205,0.8014789752639815
699,28.9520438357467,0.8016274492351043
700,28.99340389836919,0.8017758664097758
701,29.03476396099169,0.8019248412770659
702,29.076124023614184,0.8020749554331874
703,29.11748408623668,0.8022267448026518
704,29.158844148859174,0.8023806885264269
705,29.20020421148167,0.8025371997306208
706,29.241564274104164,0.8026966183217267
707,29.28292433672666,0.8028592058964716
708,29.324284399349153,0.8030251428086472
709,29.365644461971648,0.8031945274022402
710,29.407004524594146,0.803367377397498
711,29.448364587216645,0.803543633401955
712,29.489724649839136,0.8037231645065173
713,29.53108471246163,0.803905775913412
714,29.57244477508413,0.8040912185219503
715,29.613804837706624,0.8042792003685384
716,29.655164900329115,0.804469399774665
717,29.696524962951614,0.804661480001864
718,29.73788502557411,0.804855105148702
719,29.779245088196603,0.8050499569534472
720,29.820605150819098,0.8052457520942591
721,29.861965213441593,0.8054422595133999
722,29.903325276064088,0.805639317236288
723,29.944685338686586,0.8058368481203528
724,29.98604540130908,0.8060348739547699
725,30.027405463931576,0.8062335273429091
726,30.06876552655407,0.8064330608389
727,30.11012558917657,0.8066338528735654
728,30.15148565179906,0.8068364100930838
729,30.192845714421555,0.8070413658404545
730,30.234205777044053,0.8072494746306552
731,30.275565839666548,0.8074616025983026
732,30.31692590228904,0.8076787140265457
733,30.358285964911538,0.8079018541924587
734,30.399646027534033,0.8081321288815833
735,30.441006090156527,0.8083706810304059
736,30.482366152779026,0.8086186650467644
737,30.52372621540152,0.8088772194334977
738,30.565086278024015,0.8091474384003092
739,30.60644634064651,0.8094303431911813
740,30.647806403269005,0.8097268538818004
741,30.6891664658915,0.8100377624131864
742,30.730526528513995,0.8103637076225335
743,30.771886591136493,0.8107051530129353
744,30.813246653758984,0.811062367964993
745,30.85460671638148,0.8114354130381537
746,30.895966779003977,0.811824129932892
747,30.937326841626472,0.8122281365874792
748,30.978686904248963,0.8126468277631942
749,31.020046966871465,0.8130793813298745
750,31.06140702949396,0.8135247703010146
751,31.102767092116455,0.8139817804892692
752,31.14412715473895,0.8144490334616271
753,31.185487217361445,0.8149250142788765
754,31.22684727998394,0.8154081033140353
755,31.268207342606434,0.8158966112689565
756,31.30956740522893,0.816388816358149
757,31.350927467851424,0.8168830025154017
758,31.39228753047392,0.8173774974087407
759,31.433647593096417,0.8178707090321344
760,31.47500765571891,0.8183611596795344
761,31.516367718341403,0.81884751620079
762,31.557727780963905,0.8193286155859139
763,31.5990878435864,0.8198034851160831
764,31.640447906208887,0.820271356549481
765,31.68180796883139,0.8207316740615174
766,31.723168031453884,0.8211840959217475
767,31.764528094076375,0.8216284901469052
768,31.805888156698874,0.8220649246089903
769,31.84724821932137,0.8224936522853331
770,31.888608281943863,0.8229150925076388
771,31.929968344566355,0.8233298091875554
772,31.971328407188853,0.823738487069553
773,32.01268846981135,0.824141907082282
774,32.054048532433846,0.8245409218325045
775,32.09540859505634,0.824936432214595
776,32.136768657678836,0.8253293659994366
777,32.17812872030133,0.8257206591261118
778,32.219488782923825,0.8261112402569188
779,32.26084884554632,0.826502018976192
780,32.302208908168815,0.8268938778255187
781,32.34356897079131,0.8272876681770615
782,32.384929033413805,0.8276842097607033
783,32.4262890960363,0.8280842934839487
784,32.4676491586588,0.8284886870233253
785,32.509009221281296,0.8288981425263893
786,32.55036928390379,0.8293134056506779
787,32.59172934652628,0.8297352250854163
788,32.63308940914878,0.8301643616574953
789,32.674449471771275,0.8306015961194747
790,32.71580953439377,0.8310477347567791
791,32.757169597016265,0.8315036120353365
792,32.79852965963876,0.831970089636128
793,32.839889722261255,0.8324480513898429
794,32.88124978488375,0.832938393821624
795,32.922609847506244,0.8334420122383552
796,32.96396991012874,0.8339597825249477
797,33.00532997275124,0.8344925390503816
798,33.046690035373736,0.8350410493047815
799,33.08805009799622,0.8356059860826852
800,33.129410160618725,0.8361878981823182
801,33.17077022324122,0.8367871806959847
802,33.212130285863715,0.8374040460174862
803,33.25349034848621,0.8380384966825242
804,33.294850411108705,0.8386903010904696
805,33.33621047373119,0.8393589730349873
806,33.37757053635369,0.8400437558037049
807,33.41893059897619,0.8407436114056278
808,33.460290661598684,0.8414572152637958
809,33.50165072422118,0.8421829564813389
810,33.54301078684368,0.8429189435682386
811,33.584370849466175,0.8436630153166073
812,33.62573091208867,0.8444127563432388
813,33.66709097471116,0.8451655166893228
814,33.70845103733365,0.8459184347824105
815,33.74981109995615,0.8466684630246791
816,33.79117116257864,0.8474123952720373
817,33.832531225201144,0.8481468955043899
818,33.87389128782364,0.8488685270497182
819,33.915251350446134,0.8495737818024727
820,33.95661141306863,0.8502591089623638
821,33.997971475691116,0.8509209428980513
822,34.03933153831361,0.8515557298095149
823,34.08069160093611,0.8521599529115608
824,34.12205166355861,0.852730155889629
825,34.1634117261811,0.8532629643871921
826,34.204771788803605,0.8537551052755545
827,34.2461318514261,0.8542034234377128
828,34.287491914048594,0.8546048957770014
829,34.32885197667108,0.8549566421489365
830,34.37021203929358,0.85525593291704
831,34.41157210191607,0.8555001928644967
832,34.452932164538566,0.8556870012533556
833,34.49429222716107,0.8558140879193284
834,34.53565228978356,0.8558793254210703
835,34.57701235240606,0.8558807174241907
836,34.61837241502856,0.8558163836849431
837,34.65973247765104,0.8556845421962209
838,34.701092540273535,0.855483489255565
839,34.74245260289604,0.8552115783973927
840,34.78381266551853,0.85486719928452
841,34.82517272814103,0.8544487577646991
842,34.86653279076353,0.853954658351483
843,34.90789285338602,0.8533832903815791
844,34.94925291600852,0.8527330190208512
845,34.990612978631006,0.8520021821449362
846,35.0319730412535,0.8511890939045931
847,35.073333103875996,0.8502920555138228
848,35.11469316649849,0.8493093734784835
849,35.15605322912099,0.8482393851332863
850,35.19741329174349,0.8470804909914089
851,35.23877335436598,0.8458311930545336
852,35.280133416988484,0.844490137903013
853,35.321493479610965,0.8430561631041972
854,35.36285354223346,0.8415283452601405
855,35.40421360485596,0.8399060478798526
856,35.445573667478456,0.8381889672134948
857,35.48693373010095,0.836377174233832
858,35.52829379272345,0.8344711510932045
859,35.56965385534595,0.832471820612231
860,35.61101391796844,0.8303805676628073
861,35.65237398059093,0.8281992516683407
862,35.693734043213425,0.8259302098424629
863,35.73509410583592,0.8235762511948675
864,35.776454168458415,0.8211406417275989
865,35.817814231080916,0.8186270815984237
866,35.85917429370341,0.8160396753236028
867,35.900534356325906,0.8133828963070482
868,35.94189441894841,0.8106615471119483
869,35.98325448157089,0.8078807169226774
870,36.02461454419338,0.8050457375911704
871,36.065974606815885,0.8021621395207492
872,36.10733466943838,0.799235608440472
873,36.148694732060875,0.7962719438714401
874,36.19005479468338,0.793277019816797
875,36.23141485730587,0.7902567479347758
876,36.272774919928366,0.7872170432078547
877,36.314134982550854,0.7841637919142589
878,36.35549504517335,0.7811028215606687
879,36.396855107795844,0.7780398723509724
880,36.43821517041834,0.7749805697525887
881,36.47957523304084,0.7719303977700812
882,36.520935295663335,0.7688946726431918
883,36.56229535828583,0.765878516831855
884,36.60365542090833,0.7628868333239979
885,36.64501548353082,0.7599242804805815
886,36.686375546153315,0.7569952477997484
887,36.72773560877581,0.7541038331222024
888,36.769095671398304,0.7512538218992963
889,36.8104557340208,0.7484486691931411
890,36.851815796643294,0.7456914850718397
891,36.893175859265796,0.7429850239996313
892,36.93453592188829,0.7403316787076726
893,36.97589598451078,0.7377334788701487
894,37.01725604713327,0.7351920947203812
895,37.05861610975577,0.7327088455260632
896,37.09997617237826,0.7302847126246524
897,37.141336235000765,0.7279203565079402
898,37.18269629762326,0.7256161372558787
899,37.224056360245754,0.7233721374638332
900,37.26541642286825,0.7211881866965705
901,37.306776485490744,0.7190638864430812
902,37.34813654811324,0.7169986345421995
903,37.38949661073573,0.7149916481029576
904,37.43085667335823,0.7130419840501747
905,37.47221673598072,0.7111485565830699
906,37.51357679860322,0.7093101510289619
907,37.55493686122572,0.7075254337997998
908,37.59629692384821,0.7057929583974925
909,37.6376569864707,0.7041111676552633
910,37.6790170490932,0.7024783926296521
911,37.7203771117157,0.7008928487579428
912,37.761737174338194,0.699352630058164
913,37.80309723696069,0.6978557022625748
914,37.84445729958318,0.6963998958353155
915,37.88581736220568,0.6949828998281314
916,37.92717742482817,0.6936022574748685
917,37.96853748745067,0.6922553643225565
918,38.00989755007316,0.6909394695503852
919,38.05125761269566,0.6896516809493539
920,38.09261767531815,0.6883889738381056
921,38.13397773794065,0.6871482039855471
922,38.17533780056314,0.6859261244135106
923,38.216697863185644,0.6847194057740617
924,38.25805792580813,0.6835246598446606
925,38.29941798843063,0.6823384655693501
926,38.34077805105313,0.6811573969976829
927,38.38213811367562,0.67997805243669
928,38.42349817629812,0.6787970841314459
929,38.46485823892061,0.6776112278232737
930,38.50621830154311,0.6764173315922947
931,38.5475783641656,0.6752123834662744
932,38.5889384267881,0.6739935373615066
933,38.63029848941059,0.6727581370069667
934,38.67165855203309,0.6715037375828149
935,38.71301861465558,0.6702281248757926
936,38.75437867727808,0.6689293318134247
937,38.79573873990058,0.6676056522873988
938,38.83709880252307,0.6662556522149716
939,38.87845886514557,0.664878177818511
940,38.919818927768056,0.6634723611308555
941,38.96117899039056,0.6620376227612165
942,39.00253905301305,0.6605736719849687
943,39.04389911563555,0.6590805042521901
944,39.08525917825804,0.6575583962442749
945,39.12661924088054,0.656007898643189
946,39.16797930350303,0.6544298268132799
947,39.209339366125526,0.6528252496244962
948,39.25069942874802,0.6511954766697597
949,39.292059491370516,0.6495420441416572
950,39.33341955399301,0.6478666996343663
951,39.37477961661551,0.6461713861269553
952,39.41613967923801,0.6444582253806934
953,39.4574997418605,0.642729500953462
954,39.498859804483,0.640987640996266
955,39.54021986710549,0.6392352009593868
956,39.58157992972798,0.637474846297404
957,39.62293999235048,0.6357093352313076
958,39.664300054972976,0.6339415016013771
959,39.70566011759547,0.63217423782989
960,39.747020180217966,0.6304104780069058
961,39.78838024284046,0.6286531811162727
962,39.82974030546296,0.6269053144287148
963,39.87110036808546,0.6251698371033865
964,39.912460430707945,0.6234496840548778
965,39.95382049333044,0.6217477501575304
966,39.995180555952935,0.6200668748696382
967,40.03654061857544,0.6184098273660528
968,40.07790068119793,0.6167792922675855
969,40.119260743820426,0.6151778560507476
970,40.16062080644292,0.6136079942101589
971,40.201980869065416,0.612072059233672
972,40.243340931687904,0.6105722694349428
973,40.284700994310406,0.6091106986747543
974,40.3260610569329,0.6076892669909432
975,40.367421119555395,0.6063097321477381
976,40.40878118217789,0.6049736821125229
977,40.45014124480039,0.6036825284666499
978,40.49150130742289,0.6024375007609484
979,40.53286137004538,0.601239641831282
980,40.57422143266787,0.6000898040967407
981,40.615581495290364,0.5989886468674165
982,40.65694155791286,0.5979366346938346
983,40.69830162053536,0.5969340367906824
984,40.739661683157856,0.5959809275653687
985,40.78102174578035,0.5950771882767895
986,40.822381808402845,0.5942225098415376
987,40.86374187102534,0.5934163967940393
988,40.90510193364783,0.5926581723965918
989,40.94646199627033,0.5919469848836153
990,40.987822058892824,0.5912818148135839
991,41.02918212151532,0.590661483495119
992,41.070542184137814,0.5900846624457317
993,41.111902246760316,0.5895498838382147
994,41.15326230938281,0.5890555518864581
995,41.194622372005306,0.5885999551205745
996,41.23598243462779,0.5881812794974407
997,41.27734249725029,0.5877976222894279
998,41.31870255987278,0.5874470066843109
999,41.360062622495285,0.5871273970181229
1000,41.40142268511778,0.5868367145444534
1001,41.442782747740274,0.5865728536205219
1002,41.48414281036277,0.5863336981631212
1003,41.52550287298527,0.5861171381955692
1004,41.56686293560775,0.5859210862740152
1005,41.608222998230254,0.5857434935507854
1006,41.64958306085275,0.585582365203922
1007,41.69094312347524,0.5854357749442021
1008,41.73230318609774,0.585301878302478
1009,41.77366324872024,0.5851789244061518
1010,41.815023311342735,0.5850652659767969
1011,41.85638337396523,0.5849593673194358
1012,41.89774343658772,0.5848598101306549
1013,41.93910349921021,0.5847652970221369
1014,41.98046356183271,0.5846746527382303
1015,42.02182362445521,0.5845868231326287
1016,42.063183687077704,0.5845008720575007
1017,42.1045437497002,0.5844159763999094
1018,42.1459038123227,0.5843314195710841
1019,42.18726387494519,0.584246583807942
1020,42.228623937567676,0.5841609416788198
1021,42.26998400019018,0.5840740471956032
1022,42.311344062812665,0.5839855269207834
1023,42.35270412543517,0.5838950714220879
1024,42.39406418805767,0.5838024273726956
1025,42.43542425068016,0.583707390526017
1026,42.47678431330266,0.5836097997163
1027,42.51814437592515,0.5835095319546895
1028,42.55950443854764,0.5834064986134563
1029,42.600864501170136,0.583300642620402
1030,42.64222456379264,0.583191936528303
1031,42.683584626415126,0.5830803812812294
1032,42.72494468903763,0.5829660054737045
1033,42.76630475166013,0.5828488648893302
1034,42.80766481428262,0.5827290421109004
1035,42.849024876905105,0.5826066460133023
1036,42.89038493952761,0.5824818109810816
1037,42.931745002150095,0.5823546957273219
1038,42.9731050647726,0.5822254816346045
1039,43.0144651273951,0.5820943705780455
1040,43.055825190017586,0.5819615822342211
1041,43.09718525264009,0.5818273509144106
1042,43.138545315262576,0.581691921994892
1043,43.17990537788507,0.5815555480409135
1044,43.221265440507565,0.5814184847410561
1045,43.26262550313007,0.5812809867790708
1046,43.303985565752555,0.581143303774879
1047,43.34534562837506,0.5810056764239159
1048,43.386705690997545,0.5808683329545726
1049,43.42806575362005,0.5807314860092183
1050,43.46942581624255,0.5805953300354108
1051,43.510785878865036,0.5804600392518507
1052,43.55214594148753,0.5803257662277463
1053,43.593506004110026,0.5801926410901246
1054,43.63486606673252,0.5800607713467187
1055,43.676226129355015,0.5799302422881499
1056,43.71758619197752,0.5798011179100792
1057,43.758946254600005,0.5796734422762607
1058,43.80030631722251,0.5795472412265673
1059,43.841666379844995,0.5794225243203266
1060,43.88302644246749,0.5792992868944554
1061,43.924386505089984,0.5791775121103261
1062,43.965746567712486,0.5790571728581636
1063,44.007106630334974,0.5789382333884411
1064,44.048466692957476,0.5788206505438653
1065,44.08982675557998,0.5787043744723146
1066,44.131186818202465,0.5785893487152141
1067,44.17254688082496,0.5784755095841217
1068,44.213906943447455,0.578362784763162
1069,44.25526700606995,0.5782510911082792
1070,44.296627068692445,0.5781403316526023
1071,44.33798713131495,0.5780303918745335
1072,44.379347193937434,0.5779211353354168
1073,44.420707256559936,0.5778123988493844
1074,44.462067319182424,0.5777039874017633
1075,44.50342738180492,0.5775956690833602
1076,44.54478744442742,0.5774871703509479
1077,44.586147507049915,0.5773781719538957
1078,44.62750756967241,0.5772683058796586
1079,44.668867632294905,0.5771571536638775
1080,44.7102276949174,0.5770442463796873
1081,44.751587757539895,0.5769290665664227
1082,44.7929478201624,0.576811052280862
1083,44.834307882784884,0.5766896033559681
1084,44.87566794540738,0.5765640898401351
1085,44.917028008029874,0.5764338624677061
1086,44.95838807065237,0.5762982648901658
1087,44.99974813327486,0.5761566472817397
1088,45.041108195897365,0.5760083808359134
1089,45.08246825851986,0.5758528725945576
1090,45.123828321142355,0.5756895800083821
1091,45.16518838376485,0.5755180246196828
1092,45.20654844638734,0.5753378042878142
1093,45.24790850900984,0.5751486034444897
1094,45.289268571632334,0.574950200965121
1095,45.33062863425483,0.5747424753702594
1096,45.371988696877324,0.5745254072157929
1097,45.413348759499826,0.5742990786861354
1098,45.45470882212231,0.5740636705574536
1099,45.49606888474481,0.5738194568386034
1100,45.5374289473673,0.5735667975166231
1101,45.5787890099898,0.5733061299224204
1102,45.6201490726123,0.5730379592848404
1103,45.661509135234795,0.5727628490562147
1104,45.70286919785729,0.5724814115658657
1105,45.744229260479784,0.5721942994968726
1106,45.78558932310228,0.5719021985871827
1107,45.82694938572477,0.571605821838028
1108,45.86830944834727,0.571305905378671
1109,45.90966951096976,0.5710032059974092
1110,45.95102957359226,0.570698500213113
1111,45.99238963621475,0.5703925846401151
1112,46.03374969883725,0.5700862773005908
1113,46.07510976145974,0.5697804194667268
1114,46.116469824082245,0.569475877579592
1115,46.15782988670474,0.5691735447888695
1116,46.19918994932723,0.5688743416927008
1117,46.24055001194973,0.5685792159233891
1118,46.28191007457222,0.5682891403190363
1119,46.32327013719472,0.5680051095371371
1120,46.36463019981721,0.5677281350930078
1121,46.40599026243971,0.567459238937921
1122,46.4473503250622,0.5671994458155767
1123,46.4887103876847,0.5669497747453878
1124,46.530070450307186,0.5667112300667663
1125,46.57143051292969,0.566484792534479
1126,46.61279057555218,0.5662714109761621
1127,46.65415063817468,0.5660719950084696
1128,46.69551070079718,0.5658874092554417
1129,46.736870763419674,0.565718469427425
1130,46.77823082604217,0.5655659405041044
1131,46.819590888664656,0.5654305371278311
1132,46.86095095128716,0.5653129261632871
1133,46.902311013909646,0.5652137312244375
1134,46.94367107653215,0.5651335388196091
1135,46.98503113915464,0.5650729056314993
1136,47.02639120177714,0.5650323663366961
1137,47.06775126439963,0.5650124412896995
1138,47.10911132702213,0.5650136433517244
1139,47.150471389644615,0.5650364831409127
1140,47.19183145226712,0.5650814720163322
1141,47.23319151488962,0.565149122185357
1142,47.274551577512106,0.5652399434355031
1143,47.31591164013461,0.5653544361348355
1144,47.357271702757096,0.5654930803112207
1145,47.3986317653796,0.5656563208022491
1146,47.43999182800209,0.5658445486537266
1147,47.48135189062459,0.5660580791306477
1148,47.522711953247075,0.5662971268753271
1149,47.56407201586958,0.5665617789023055
1150,47.605432078492065,0.5668519662456365
1151,47.64679214111457,0.5671674351721209
1152,47.68815220373706,0.5675077189354977
1153,47.729512266359556,0.5678721110750786
1154,47.770872328982044,0.5682596412522806
1155,47.812232391604546,0.5686690545776464
1156,47.853592454227034,0.5690987953057018
1157,47.894952516849536,0.5695469956742799
1158,47.93631257947204,0.5700114705388757
1159,47.977672642094525,0.5704897183085178
1160,48.01903270471703,0.5709789285305165
1161,48.06039276733952,0.5714759963027305
1162,48.101752829962,0.5719775435173596
1163,48.143112892584504,0.5724799467647943
1164,48.184472955207006,0.5729793715526746
1165,48.225833017829494,0.5734718123284764
1166,48.267193080451996,0.5739531376362856
1167,48.3085531430745,0.574419139594369
1168,48.349913205696986,0.5748655867524763
1169,48.39127326831949,0.5752882792799444
1170,48.432633330941975,0.5756831053514622
1171,48.47399339356446,0.5760460975402903
1172,48.515353456186965,0.5763734880013215
1173,48.55671351880947,0.5766617612332754
1174,48.598073581431954,0.5769077032502077
1175,48.639433644054456,0.5771084460718612
1176,48.680793706676944,0.5772615065572251
1177,48.722153769299446,0.5773648187560656
1178,48.763513831921934,0.5774167591356509
1179,48.804873894544436,0.5774161642471027
1180,48.84623395716692,0.5773623406220088
1181,48.887594019789425,0.5772550669250412
1182,48.92895408241191,0.5770945886204386
1183,48.970314145034415,0.576881605629463
1184,49.01167420765692,0.5766172536499402
1185,49.053034270279404,0.5763030799669201
1186,49.09439433290189,0.5759410146974442
1187,49.135754395524394,0.575533338476131
1188,49.17711445814688,0.5750826475991566
1189,49.218474520769384,0.5745918176027521
1190,49.259834583391886,0.57406396616498
1191,49.30119464601437,0.5735024160932157
1192,49.342554708636875,0.5729106590055836
1193,49.38391477125938,0.5722923201473885
1194,49.42527483388186,0.5716511246152698
1195,49.46663489650435,0.5709908651072111
1196,49.507994959126854,0.5703153711872609
1197,49.54935502174934,0.5696284799595409
1198,49.590715084371844,0.5689340079917782
1199,49.632075146994346,0.5682357243188384
1200,49.673435209616834,0.5675373243858752
1201,49.714795272239336,0.5668424048572582
1202,49.75615533486182,0.5661544393094149
1203,49.79751539748431,0.5654767549338625
1204,49.83887546010681,0.5648125104871758
1205,49.880235522729315,0.5641646758263916
1206,49.9215955853518,0.5635360134474904
1207,49.962955647974304,0.5629290624928935
1208,50.00431571059679,0.5623461257028236
1209,50.045675773219294,0.5617892597521226
1210,50.08703583584178,0.5612602693358701
1211,50.128395898464284,0.5607607052511796
1212,50.16975596108677,0.5602918665704841
1213,50.21111602370927,0.5598548068267135
1214,50.25247608633176,0.5594503439447345
1215,50.29383614895426,0.559079073465283
1216,50.335196211576765,0.5587413844377952
1217,50.37655627419925,0.5584374772136793
1218,50.41791633682175,0.5581673822670312
1219,50.45927639944424,0.5579309791142896
1220,50.50063646206674,0.557728014401559
1221,50.54199652468923,0.5575581182848226
1222,50.583356587311734,0.5574208183379505
1223,50.62471664993422,0.557315550384719
1224,50.66607671255672,0.5572416658535805
1225,50.707436775179225,0.557198435484615
1226,50.748796837801706,0.557185049466225
1227,50.7901569004242,0.557200614326391
1228,50.8315169630467,0.5572441471345776
1229,50.8728770256692,0.5573145677731226
1230,50.91423708829169,0.5574106901954434
1231,50.955597150914194,0.5575312136924521
1232,50.99695721353668,0.5576747152339199
1233,51.038317276159184,0.5578396439286033
1234,51.07967733878167,0.5580243185626361
1235,51.121037401404166,0.5582269290285413
1236,51.16239746402666,0.5584455422574786
1237,51.20375752664916,0.5586781130266478
1238,51.24511758927165,0.5589224997423101
1239,51.28647765189415,0.559176485016924
1240,51.32783771451664,0.5594378005779899
1241,51.36919777713914,0.559704155786293
1242,51.41055783976164,0.5599732688169934
1243,51.45191790238413,0.5602428993801607
1244,51.49327796500663,0.5605108817419859
1245,51.53463802762912,0.5607751567571719
1246,51.575998090251616,0.5610338016433206
1247,51.61735815287411,0.561285056315416
1248,51.65871821549661,0.5615273452482803
1249,51.7000782781191,0.5617592940373531
1250,51.741438340741595,0.5619797400699262
1251,51.78279840336409,0.56218773698624
1252,51.824158465986585,0.562382552884978
1253,51.86551852860908,0.5625636624967402
1254,51.90687859123158,0.5627307337955522
1255,51.94823865385408,0.5628836097323313
1256,51.98959871647657,0.5630222859424817
1257,52.03095877909907,0.5631468854017961
1258,52.072318841721554,0.5632576310722762
1259,52.113678904344056,0.5633548175983194
1260,52.15503896696655,0.5634387830844825
1261,52.196399029589045,0.5635098819168776
1262,52.23775909221154,0.5635684594876306
1263,52.27911915483404,0.5636148295556949
1264,52.32047921745653,0.5636492548350699
1265,52.36183928007903,0.5636719312520223
1266,52.40319934270152,0.5636829761635817
1267,52.444559405324014,0.5636824206851504
1268,52.485919467946516,0.5636702061416529
1269,52.52727953056901,0.5636461845346168
1270,52.568639593191506,0.5636101228117888
1271,52.609999655814,0.5635617106321443
1272,52.651359718436495,0.5635005712427021
1273,52.69271978105899,0.5634262750178738
1274,52.734079843681485,0.5633383551608369
1275,52.77543990630398,0.5632363250259785
1276,52.816799968926475,0.563119696492309
1277,52.85816003154897,0.5629879988008374
1278,52.899520094171464,0.5628407972627716
1279,52.94088015679396,0.5626777112539857
1280,52.98224021941646,0.5624984309319022
1281,53.023600282038956,0.562302732149526
1282,53.06496034466144,0.5620904890939858
1283,53.106320407283945,0.561861684247213
1284,53.14768046990643,0.5616164153521865
1285,53.189040532528935,0.5613548991667555
1286,53.23040059515143,0.5610774718979344
1287,53.271760657773925,0.5607845863245259
1288,53.31312072039642,0.5604768057349946
1289,53.354480783018914,0.5601547949191098
1290,53.3958408456414,0.5598193085558267
1291,53.437200908263904,0.559471177425503
1292,53.4785609708864,0.5591112929405608
1293,53.51992103350889,0.5587405905297418
1294,53.561281096131395,0.5583600324252117
1295,53.60264115875389,0.5579705903902072
1296,53.644001221376385,0.5575732288859596
1297,53.68536128399887,0.5571688891194592
1298,53.726721346621375,0.5567584743365072
1299,53.76808140924386,0.5563428366388669
1300,53.809441471866364,0.555922765514722
1301,53.85080153448886,0.5554989781837903
1302,53.892161597111354,0.555072111780485
1303,53.93352165973385,0.5546427173339311
1304,53.97488172235634,0.5542112554559258
1305,54.01624178497883,0.5537780936193106
1306,54.05760184760133,0.553343504898666
1307,54.098961910223835,0.5529076680515015
1308,54.14032197284632,0.5524706688357693
1309,54.181682035468825,0.5520325024869638
1310,54.22304209809131,0.5515930773059465
1311,54.264402160713814,0.5511522193355378
1312,54.30576222333631,0.550709678121566
1313,54.347122285958804,0.5502651335619073
1314,54.38848234858129,0.5498182038396237
1315,54.42984241120379,0.5493684544161977
1316,54.47120247382628,0.5489154080255688
1317,54.51256253644878,0.5484585555663002
1318,54.55392259907128,0.5479973677365527
1319,54.59528266169377,0.5475313072044548
1320,54.636642724316275,0.5470598410564038
1321,54.67800278693876,0.5465824532249658
1322,54.71936284956125,0.5460986565699404
1323,54.76072291218375,0.5456080042741277
1324,54.802082974806254,0.545110100220828
1325,54.84344303742874,0.5446046080458058
1326,54.88480310005124,0.5440912585967621
1327,54.92616316267374,0.5435698555911312
1328,54.96752322529623,0.5430402793313878
1329,55.00888328791872,0.542502488412186
1330,55.05024335054122,0.5419565194350646
1331,55.09160341316371,0.5414024848229396
1332,55.13296347578621,0.5408405689033744
1333,55.174323538408714,0.5402710224953348
1334,55.2156836010312,0.5396941562916752
1335,55.257043663653704,0.539110333375465
1336,55.29840372627619,0.538519961240515
1337,55.33976378889868,0.5379234837051325
1338,55.38112385152118,0.5373213731140539
1339,55.42248391414368,0.5367141232123245
1340,55.46384397676617,0.536102243051448
1341,55.50520403938867,0.5354862522494951
1342,55.54656410201116,0.5348666778732368
1343,55.58792416463366,0.5342440531445001
1344,55.62928422725616,0.5336189180940408
1345,55.67064428987865,0.5329918221982659
1346,55.71200435250114,0.5323633289374338
1347,55.75336441512364,0.5317340221157195
1348,55.79472447774613,0.5311045136839152
1349,55.83608454036863,0.5304754527136583
1350,55.87744460299113,0.5298475350895154
1351,55.91880466561362,0.529221513420235
1352,55.96016472823612,0.5285982066248962
1353,56.00152479085861,0.5279785086300622
1354,56.0428848534811,0.5273633956212135
1355,56.0842449161036,0.5267539313272561
1356,56.1256049787261,0.5261512698821429
1357,56.16696504134859,0.5255566558969194
1358,56.20832510397109,0.5249714214900634
1359,56.24968516659359,0.5243969801538805
1360,56.29104522921608,0.5238348174762905
1361,56.33240529183857,0.5232864788835595
1362,56.37376535446107,0.5227535547107769
1363,56.41512541708356,0.5222376630376944
1364,56.45648547970606,0.5217404308396068
1365,56.49784554232856,0.5212634740897347
1366,56.53920560495105,0.5208083775077224
1367,56.58056566757355,0.5203766746727372
1368,56.62192573019604,0.5199698292102487
1369,56.663285792818535,0.5195892177161945
1370,56.70464585544103,0.5192361150067443
1371,56.74600591806353,0.5189116821778025
1372,56.78736598068602,0.5186169578322468
1373,56.82872604330852,0.5183528526932564
1374,56.87008610593101,0.5181201476743353
1375,56.91144616855351,0.5179194953314565
1376,56.95280623117601,0.5177514244865679
1377,56.9941662937985,0.517616347691613
1378,57.03552635642099,0.5175145711048798
1379,57.07688641904349,0.517446306279145
1380,57.11824648166598,0.5174116833167987
1381,57.15960654428848,0.5174107648287098
1382,57.20096660691098,0.5174435601410602
1383,57.24232666953347,0.5175100392203493
1384,57.28368673215597,0.517610145829375
1385,57.32504679477846,0.517743809478439
1386,57.36640685740095,0.5179109557916769
1387,57.40776692002345,0.518111514965908
1388,57.44912698264595,0.5183454280530339
1389,57.49048704526844,0.5186126508487605
1390,57.53184710789094,0.5189131552205379
1391,57.57320717051344,0.519246927757969
1392,57.61456723313593,0.5196139656841388
1393,57.65592729575842,0.5200142700298505
1394,57.69728735838092,0.5204478361472028
1395,57.738647421003414,0.5209146417269528
1396,57.78000748362591,0.5214146325844067
1397,57.82136754624841,0.521947706589126
1398,57.8627276088709,0.5225136962271597
1399,57.9040876714934,0.5231123503963806
1400,57.94544773411589,0.5237433161320042
1401,57.98680779673838,0.524406121034302
1402,58.02816785936088,0.5251001572115723
1403,58.06952792198338,0.5258246675514817
1404,58.11088798460587,0.5265787350871012
1405,58.15224804722837,0.5273612761277441
1406,58.19360810985086,0.5281710376812515
1407,58.23496817247336,0.5290065995094427
1408,58.27632823509585,0.5298663809403998
1409,58.31768829771835,0.5307486523260873
1410,58.35904836034084,0.5316515507919499
1411,58.40040842296334,0.5325730996976282
1412,58.44176848558583,0.5335112310270576
1413,58.48312854820833,0.5344638097687935
1414,58.52448861083083,0.5354286592444417
1415,58.56584867345332,0.5364035863017689
1416,58.60720873607581,0.537386405316203
1417,58.64856879869831,0.5383749600345596
1418,58.6899288613208,0.5393671424475623
1419,58.731288923943296,0.5403609080779085
1420,58.7726489865658,0.5413542873094943
1421,58.81400904918829,0.542345392641172
1422,58.85536911181079,0.5433324220094222
1423,58.89672917443329,0.5443136585710369
1424,58.93808923705577,0.5452874675510853
1425,58.97944929967827,0.5462522909302872
1426,59.02080936230077,0.5472066408578684
1427,59.06216942492326,0.5481490927236692
1428,59.10352948754576,0.5490782788030147
1429,59.14488955016826,0.5499928833052679
1430,59.186249612790746,0.5508916395116307
1431,59.22760967541325,0.5517733294986418
1432,59.268969738035736,0.552636786715312
1433,59.31032980065823,0.553480901438108
1434,59.35168986328073,0.5543046288802058
1435,59.39304992590323,0.555106999500227
1436,59.43440998852572,0.555887130856577
1437,59.47577005114822,0.5566442402001138
1438,59.51713011377071,0.5573776569015902
1439,59.55849017639321,0.5580868337782552
1440,59.5998502390157,0.5587713564180286
1441,59.641210301638196,0.5594309496982937
1442,59.68257036426069,0.5600654808517592
1443,59.723930426883186,0.5606749586342004
1444,59.76529048950568,0.5612595283834686
1445,59.806650552128175,0.5618194630093174
1446,59.84801061475068,0.5623551502024404
1447,59.88937067737317,0.562867076381684
1448,59.93073073999566,0.563355808094126
1449,59.97209080261816,0.5638219717319124
1450,60.01345086524065,0.5642662325228477
1451,60.05481092786315,0.5646892737821488
1452,60.096170990485646,0.5650917773828615
1453,60.13753105310814,0.565474406311184
1454,60.178891115730636,0.5658377900331268
1455,60.22025117835314,0.5661825132165814
1456,60.26161124097562,0.5665091081442208
1457,60.30297130359812,0.5668180509313461
1458,60.344331366220615,0.5671097614432623
1459,60.38569142884311,0.5673846066048945
1460,60.42705149146561,0.5676429066215165
1461,60.46841155408811,0.5678849434965738
1462,60.5097716167106,0.5681109711453028
1463,60.551131679333096,0.5683212263658476
1464,60.59249174195559,0.5685159399442927
1465,60.63385180457808,0.5686953472278256
1466,60.67521186720058,0.5688596976022997
1467,60.716571929823075,0.5690092624377895
1468,60.75793199244557,0.5691443412154974
1469,60.799292055068065,0.5692652657033871
1470,60.84065211769056,0.5693724021962782
1471,60.882012180313055,0.5694661519674791
1472,60.92337224293555,0.5695469501834951
1473,60.96473230555805,0.5696152636033536
1474,61.00609236818054,0.5696715874174897
1475,61.04745243080304,0.5697164415763017
1476,61.08881249342553,0.5697503669189184
1477,61.13017255604803,0.5697739213445967
1478,61.171532618670525,0.569787676180219
1479,61.21289268129302,0.5697922127999394
1480,61.25425274391551,0.5697881194537623
1481,61.29561280653801,0.5697759881775963
1482,61.3369728691605,0.569756411590455
1483,61.378332931783,0.5697299793482303
1484,61.419692994405494,0.5696972740180801
1485,61.46105305702799,0.5696588661665862
1486,61.50241311965049,0.5696153085153891
1487,61.543773182272986,0.5695671291040775
1488,61.58513324489547,0.5695148235063836
1489,61.62649330751797,0.5694588462579812
1490,61.66785337014047,0.5693996017676345
1491,61.70921343276296,0.5693374350808427
1492,61.75057349538546,0.5692726229421599
1493,61.791933558007955,0.5692053656478199
1494,61.83329362063045,0.5691357801896595
1495,61.874653683252944,0.5690638951634062
1496,61.91601374587544,0.5689896478483589
1497,61.95737380849793,0.5689128837671648
1498,61.99873387112043,0.5688333589097504
1499,62.04009393374293,0.5687507446641292
1500,62.08145399636542,0.568664635349314
1501,62.12281405898792,0.5685745581040258
1502,62.16417412161041,0.5684799847573246
1503,62.20553418423291,0.5683803452070092
1504,62.2468942468554,0.5682750417628335
1505,62.2882543094779,0.5681634638797454
1506,62.32961437210039,0.5680450027134717
1507,62.37097443472289,0.5679190649741034
1508,62.41233449734538,0.567785085628958
1509,62.45369455996788,0.5676425391059668
1510,62.49505462259038,0.5674909487637619
1511,62.53641468521287,0.5673298945160455
1512,62.577774747835356,0.5671590186136685
1513,62.61913481045786,0.5669780296889363
1514,62.660494873080346,0.5667867052488178
1515,62.70185493570285,0.5665848928564496
1516,62.74321499832535,0.5663725102657853
1517,62.78457506094784,0.5661495447713626
1518,62.82593512357034,0.5659160520052472
1519,62.867295186192834,0.5656721543651207
1520,62.908655248815315,0.5654180391943773
1521,62.95001531143782,0.5651539567668313
1522,62.99137537406032,0.5648802180620359
1523,63.032735436682806,0.5645971922599782
1524,63.07409549930531,0.5643053038394612
1525,63.11545556192781,0.5640050291399121
1526,63.1568156245503,0.5636968922404664
1527,63.1981756871728,0.5633814600251574
1528,63.23953574979529,0.5630593363345282
1529,63.280895812417775,0.5627311551511042
1530,63.32225587504028,0.5623975728226945
1531,63.36361593766278,0.5620592593879238
1532,63.40497600028527,0.5617168891307416
1533,63.44633606290777,0.5613711305458328
1534,63.487696125530256,0.5610226359453002
1535,63.52905618815275,0.5606720309735577
1536,63.570416250775246,0.5603199043205844
1537,63.61177631339775,0.5599667979342681
1538,63.653136376020235,0.5596131980298372
1539,63.69449643864274,0.5592595271793762
1540,63.735856501265225,0.5589061377399203
1541,63.77721656388773,0.558553306845685
1542,63.81857662651023,0.5582012331500726
1543,63.85993668913271,0.5578500354594019
1544,63.901296751755204,0.5574997533523476
1545,63.942656814377706,0.5571503498292995
1546,63.984016877000194,0.5568017159850855
1547,64.0253769396227,0.5564536776451742
1548,64.06673700224519,0.5561060038546604
1549,64.10809706486769,0.5557584170559235
1550,64.14945712749018,0.5554106047414644
1551,64.19081719011268,0.5550622323200668
1552,64.23217725273517,0.5547129568918443
1553,64.27353731535767,0.5543624415897237
1554,64.31489737798016,0.5540103701172236
1555,64.35625744060266,0.5536564610940572
1556,64.39761750322516,0.5533004818148103
1557,64.43897756584765,0.5529422610347611
1558,64.48033762847015,0.5525817004185593
1559,64.52169769109264,0.5522187843249017
1560,64.56305775371514,0.5518535876501799
1561,64.60441781633763,0.55148628151629
1562,64.64577787896013,0.5511171366580646
1563,64.68713794158262,0.5507465244426433
1564,64.72849800420512,0.5503749155306239
1565,64.76985806682761,0.5500028762656127
1566,64.81121812945011,0.5496310629489287
1567,64.8525781920726,0.5492602142184224
1568,64.8939382546951,0.5488911418004693
1569,64.9352983173176,0.5485247199416141
1570,64.97665837994009,0.5481618738499259
1571,65.01801844256259,0.5478035674853972
1572,65.05937850518508,0.5474507910355569
1573,65.10073856780758,0.5471045483967755
1574,65.14209863043007,0.5467658449578272
1575,65.18345869305256,0.5464356759487575
1576,65.22481875567506,0.5461150155812795
1577,65.26617881829756,0.5458048071648042
1578,65.30753888092005,0.545505954339143
1579,65.34889894354255,0.5452193135211304
1580,65.39025900616505,0.5449456876192543
1581,65.43161906878754,0.5446858210271207
1582,65.47297913141004,0.5444403958667463
1583,65.51433919403253,0.5442100294122519
1584,65.55569925665502,0.5439952725880038
1585,65.59705931927752,0.5437966094002662
1586,65.63841938190002,0.5436144571300631
1587,65.67977944452251,0.5434491670878954
1588,65.72113950714501,0.5433010257095323
1589,65.7624995697675,0.5431702557584622
1590,65.80385963239,0.543057017395228
1591,65.84521969501249,0.5429614088790307
1592,65.88657975763499,0.5428834666857459
1593,65.92793982025748,0.5428231648557871
1594,65.96929988287998,0.5427804134287927
1595,66.01065994550248,0.5427550558784162
1596,66.05202000812497,0.5427468655264348
1597,66.09338007074747,0.5427555409889102
1598,66.13474013336996,0.5427807007871539
1599,66.17610019599245,0.5428218773324354
1600,66.21746025861495,0.5428785105673289
1601,66.25882032123745,0.5429499416078443
1602,66.30018038385994,0.5430354067761888
1603,66.34154044648244,0.5431340324396043
1604,66.38290050910493,0.5432448310712016
1605,66.42426057172743,0.5433666989231714
1606,66.46562063434992,0.5434984156504017
1607,66.50698069697242,0.5436386461435705
1608,66.54834075959491,0.5437859447311006
1609,66.58970082221741,0.5439387617912099
1610,66.6310608848399,0.5440954526877008
1611,66.67242094746238,0.5442542888144087
1612,66.7137810100849,0.5444134704091356
1613,66.75514107270737,0.5445711406915191
1614,66.79650113532989,0.5447254007950815
1615,66.83786119795238,0.5448743249094408
1616,66.87922126057488,0.5450159750297188
1617,66.92058132319737,0.5451484147274055
1618,66.96194138581987,0.5452697214099509
1619,67.00330144844236,0.5453779966229778
1620,67.04466151106485,0.545471374061399
1621,67.08602157368736,0.545548025087372
1622,67.12738163630983,0.5456061616944032
1623,67.16874169893235,0.5456440369972982
1624,67.21010176155484,0.5456599434586504
1625,67.25146182417734,0.545652209174057
1626,67.29282188679983,0.5456191926255001
1627,67.33418194942232,0.5455592763692236
1628,67.37554201204482,0.5454708601505689
1629,67.4169020746673,0.5453523539342165
1630,67.45826213728981,0.5452021713074379
1631,67.4996221999123,0.5450187236617691
1632,67.54098226253481,0.5448004154925521
1633,67.58234232515728,0.5445456410803552
1634,67.6237023877798,0.5442527827439605
1635,67.66506245040229,0.5439202107839634
1636,67.70642251302478,0.5435462851735051
1637,67.74778257564728,0.5431293590034634
1638,67.78914263826977,0.5426677836487296
1639,67.83050270089227,0.5421599155937015
1640,67.87186276351476,0.541604124832233
1641,67.91322282613726,0.5409988047383666
1642,67.95458288875975,0.5403423832858543
1643,67.99594295138223,0.539633335471298
1644,68.03730301400475,0.5388701967691315
1645,68.07866307662722,0.5380515774133192
1646,68.12002313924974,0.5371761772620911
1647,68.16138320187223,0.5362428009623246
1648,68.20274326449473,0.5352503730906853
1649,68.24410332711722,0.5341979529145617
1650,68.28546338973972,0.5330847483931921
1651,68.3268234523622,0.5319101290287233
1652,68.3681835149847,0.5306736371847393
1653,68.40954357760721,0.5293749975150709
1654,68.45090364022968,0.5280141241899617
1655,68.4922637028522,0.5265911256673368
1656,68.53362376547469,0.525106306832344
1657,68.57498382809719,0.5235601684125311
1658,68.61634389071968,0.5219534036672778
1659,68.65770395334216,0.5202868924418546
1660,68.69906401596467,0.5185616927645863
1661,68.74042407858715,0.5167790302484534
1662,68.78178414120966,0.5149402856313005
1663,68.82314420383214,0.5130469808501346
1664,68.86450426645466,0.511100764094273
1665,68.90586432907713,0.5091033943185801
1666,68.94722439169962,0.5070567257182339
1667,68.98858445432214,0.5049626926746927
1668,69.02994451694462,0.502823295672071
1669,69.07130457956713,0.5006405886584421
1670,69.11266464218961,0.4984166682806053
1671,69.15402470481212,0.4961536653594273
1672,69.1953847674346,0.49385373888827305
1673,69.23674483005712,0.4915190727367288
1674,69.2781048926796,0.4891518751231259
1675,69.31946495530208,0.4867543807878729
1676,69.3608250179246,0.48432885566072686
1677,69.40218508054707,0.4818776036752627
1678,69.44354514316959,0.47940297525147
1679,69.48490520579207,0.4769073768510368
1680,69.52626526841458,0.47439328091913713
1681,69.56762533103706,0.47186323546860687
1682,69.60898539365955,0.4693198725439023
1683,69.65034545628205,0.46676591482779073
1684,69.69170551890454,0.46420417972296435
1685,69.73306558152706,0.46163758035342156
1686,69.77442564414953,0.4590691230796994
1687,69.81578570677205,0.4565019012998373
1688,69.85714576939453,0.45393908550439566
1689,69.89850583201704,0.45138390975560505
1690,69.93986589463952,0.4488396549556604
1691,69.98122595726201,0.44630962944449465
1692,70.02258601988451,0.44379714761217204
1693,70.063946082507,0.4413055073164178
1694,70.1053061451295,0.43883796695607336
1695,70.14666620775199,0.43639772306291114
1696,70.18802627037451,0.43398788923867454
1697,70.22938633299698,0.4316114771853985
1698,70.27074639561947,0.4292713804596217
1699,70.31210645824198,0.4269703614359008
1700,70.35346652086447,0.4247110418003792
1701,70.39482658348697,0.4224958967221442
1702,70.43618664610946,0.42032725267875143
1703,70.47754670873196,0.4182072887535286
1704,70.51890677135445,0.41613804108088165
1705,70.56026683397697,0.4141214100033563
1706,70.60162689659944,0.4121591694195217
1707,70.64298695922193,0.4102529777507168
1708,70.68434702184445,0.4084043899354363
1709,70.72570708446692,0.40661486987108136
1710,70.76706714708943,0.4048858027599214
1711,70.80842720971192,0.4032185068743857
1712,70.84978727233442,0.4016142443302692
1713,70.89114733495691,0.40007423053832053
1714,70.9325073975794,0.3985996420894016
1715,70.9738674602019,0.3971916229087385
1716,71.01522752282439,0.39585128858779745
1717,71.0565875854469,0.3945797288627238
1718,71.09794764806938,0.39337800825455504
1719,71.1393077106919,0.3922471649185609
1720,71.18066777331438,0.39118820776789237
1721,71.22202783593688,0.39020211194320703
1722,71.26338789855937,0.38928981269831653
1723,71.30474796118186,0.38845219776577383
1724,71.34610802380436,0.3876900982604876
1725,71.38746808642685,0.387004278177106
1726,71.42882814904935,0.38639542254222486
1727,71.47018821167184,0.3858641242979384
1728,71.51154827429436,0.38541087001892765
1729,71.55290833691683,0.3850360246025138
1730,71.59426839953932,0.38473981511710503
1731,71.63562846216183,0.38452231404709425
1732,71.67698852478432,0.38438342222637356
1733,71.71834858740682,0.3843228518054918
1734,71.75970865002931,0.3843401096411911
1735,71.80106871265181,0.3844344815293675
1736,71.8424287752743,0.3846050177169441
1737,71.88378883789682,0.3848505201229987
1738,71.92514890051929,0.3851695316713786
1739,71.96650896314178,0.38556032808705953
1740,72.0078690257643,0.38602091243769887
1741,72.04922908838677,0.3865490126146386
1742,72.09058915100928,0.387142081848027
1743,72.13194921363177,0.38779730224855624
1744,72.17330927625427,0.38851159126817725
1745,72.21466933887676,0.38928161088536267
1746,72.25602940149925,0.390103779253691
1747,72.29738946412175,0.3909742845121743
1748,72.33874952674424,0.39188910044812947
1749,72.38010958936675,0.3928440037287066
1750,72.42146965198923,0.3938345924762462
1751,72.46282971461174,0.3948563060490043
1752,72.50418977723423,0.39590444599625363
1753,72.54554983985673,0.3969741982731326
1754,72.58690990247922,0.3980606569138644
1755,72.62826996510171,0.3991588494581765
1756,72.66963002772421,0.400263764490593
1757,72.7109900903467,0.40137038167587463
1758,72.7523501529692,0.4024737046454748
1759,72.79371021559169,0.40356879700769305
1760,72.8350702782142,0.404650821616434
1761,72.87643034083668,0.4057150830481693
1762,72.91779040345918,0.4067570730136529
1763,72.95915046608168,0.40777251818519433
1764,73.00051052870417,0.40875742967101125
1765,73.04187059132667,0.4097081531325351
1766,73.08323065394916,0.4106214183402055
1767,73.12459071657166,0.411494386812204
1768,73.16595077919415,0.412324696093989
1769,73.20731084181666,0.41311049922083837
1770,73.24867090443914,0.41385049796461415
1771,73.29003096706164,0.41454396859626985
1772,73.33139102968414,0.41519077908859237
1773,73.37275109230663,0.4157913969287742
1774,73.41411115492913,0.4163468869902677
1775,73.45547121755162,0.41685889921415836
1776,73.49683128017412,0.4173296461542063
1777,73.53819134279661,0.41776187073308774
1778,73.5795514054191,0.4181588048279778
1779,73.6209114680416,0.4185241195425168
1780,73.66227153066409,0.41886186822368254
1781,73.70363159328659,0.4191764234439502
1782,73.74499165590908,0.4194724092906447
1783,73.78635171853159,0.41975463038815836
1784,73.82771178115408,0.420027999126522
1785,73.86907184377658,0.4202974625861157
1786,73.91043190639907,0.42056793063414877
1787,73.95179196902156,0.42084420662837657
1788,73.99315203164406,0.42113092209628256
1789,74.03451209426655,0.421432476666501
1790,74.07587215688905,0.42175298441197834
1791,74.11723221951154,0.4220962276230144
1792,74.15859228213405,0.42246561886072315
1793,74.19995234475653,0.42286417195174714
1794,74.24131240737903,0.4232944823724551
1795,74.28267247000153,0.4237587172401498
1796,74.32403253262402,0.42425861488534927
1797,74.36539259524652,0.4247954937283674
1798,74.406752657869,0.42537026993300214
1799,74.44811272049151,0.4259834830711599
1800,74.489472783114,0.42663532880992466
1801,74.5308328457365,0.42732569744108156
1802,74.57219290835899,0.4280542169174462
1803,74.61355297098149,0.4288202989500176
1804,74.65491303360399,0.4296231866596098
1805,74.69627309622648,0.43046200227005127
1806,74.73763315884898,0.43133579337677785
1807,74.77899322147147,0.4322435764222373
1808,74.82035328409397,0.4331843761541584
1809,74.86171334671646,0.4341572600227589
1810,74.90307340933896,0.43516136668444666
1811,74.94443347196145,0.4361959280051516
1812,74.98579353458395,0.43726028419150315
1813,75.02715359720644,0.43835389190720936
1814,75.06851365982894,0.4394763254494521
1815,75.10987372245144,0.4406272712574754
1816,75.15123378507393,0.4418065161977098
1817,75.19259384769641,0.4430139302154947
1818,75.23395391031892,0.44424944406050904
1819,75.2753139729414,0.44551302288390804
1820,75.3166740355639,0.44680463657159514
1821,75.3580340981864,0.44812422772239574
1822,75.3993941608089,0.44947167820559464
1823,75.4407542234314,0.45084677524020633
1824,75.4821142860539,0.45224917793100883
1825,75.52347434867639,0.45367838517250314
1826,75.56483441129888,0.45513370579247975
1827,75.60619447392138,0.4566142317490275
1828,75.64755453654386,0.4581188151193234
1829,75.68891459916637,0.4596460495222244
1830,75.73027466178885,0.46119425650267243
1831,75.77163472441136,0.46276147727158573
1832,75.81299478703384,0.4643454700486525
1833,75.85435484965635,0.4659437130951451
1834,75.89571491227883,0.4675534133628933
1835,75.93707497490134,0.469171520524782
1836,75.97843503752384,0.4707947460043907
1837,76.01979510014633,0.4724195864925683
1838,76.06115516276883,0.47404235133562334
1839,76.10251522539131,0.475659193108392
1840,76.14387528801382,0.4772661406498966
1841,76.1852353506363,0.4788591338395562
1842,76.2265954132588,0.4804340594270464
1843,76.2679554758813,0.48198678729384414
1844,76.3093155385038,0.4835132066112038
1845,76.35067560112628,0.48500926146013373
1846,76.39203566374879,0.4864709855834386
1847,76.43339572637129,0.48789453603723126
1848,76.47475578899378,0.48927622559244394
1849,76.51611585161626,0.49061255379806307
1850,76.55747591423876,0.4919002366527045
1851,76.59883597686127,0.4931362348396234
1852,76.64019603948375,0.49431778046400104
1853,76.68155610210626,0.4954424021945368
1854,76.72291616472874,0.4965079486609331
1855,76.76427622735125,0.49751260990318585
1856,76.80563628997375,0.498454936614336
1857,76.84699635259624,0.49933385687255344
1858,76.88835641521872,0.5001486900277681
1859,76.92971647784123,0.5008991573938583
1860,76.97107654046371,0.5015853894020188
1861,77.01243660308621,0.5022079288936436
1862,77.05379666570872,0.5027677302691008
1863,77.0951567283312,0.5032661542586723
1864,77.1365167909537,0.5037049581420602
1865,77.1778768535762,0.5040862813084569
1866,77.2192369161987,0.5044126261194405
1867,77.26059697882118,0.5046868341110895
1868,77.30195704144369,0.5049120576480536
1869,77.34331710406617,0.5050917272234381
1870,77.38467716668868,0.505229514682453
1871,77.42603722931116,0.5053292927366778
1872,77.46739729193366,0.5053950912274346
1873,77.50875735455617,0.5054310506889599
1874,77.55011741717865,0.5054413738523418
1875,77.59147747980116,0.5054302758141163
1876,77.63283754242364,0.5054019336637412
1877,77.67419760504615,0.5053604364171803
1878,77.71555766766863,0.5053097361339142
1879,77.75691773029114,0.5052536010975776
1880,77.79827779291362,0.5051955719146948
1881,77.83963785553611,0.5051389213303918
1882,77.88099791815861,0.5050866184756089
1883,77.92235798078111,0.5050412981525485
1884,77.9637180434036,0.505005235636942
1885,78.0050781060261,0.5049803273353408
1886,78.0464381686486,0.5049680774901619
1887,78.0877982312711,0.504969590980988
1888,78.1291582938936,0.504985572136354
1889,78.17051835651608,0.5050163293501458
1890,78.21187841913857,0.5050617851960827
1891,78.25323848176107,0.50512149165543
1892,78.29459854438358,0.5051946500162457
1893,78.33595860700606,0.5052801349676205
1894,78.37731866962856,0.5053765223949318
1895,78.41867873225105,0.5054821203785768
1896,78.46003879487355,0.5055950029031242
1897,78.50139885749604,0.5057130457905034
1898,78.54275892011854,0.5058339643756176
1899,78.58411898274103,0.5059553524390327
1900,78.62547904536353,0.5060747218988247
1901,78.66683910798602,0.5061895427395676
1902,78.70819917060852,0.5062972826235659
1903,78.74955923323103,0.5063954455902906
1904,78.79091929585351,0.5064816092123889
1905,78.83227935847601,0.5065534595451083
1906,78.8736394210985,0.5066088231925061
1907,78.914999483721,0.5066456958227101
1908,78.95635954634349,0.5066622665063116
1909,78.997719608966,0.5066569373280547
1910,79.03907967158848,0.5066283378375893
1911,79.08043973421098,0.5065753340544867
1912,79.12179979683349,0.50649703192344
1913,79.16315985945596,0.506392775314749
1914,79.20451992207848,0.506262138872713
1915,79.24587998470096,0.5061049162131618
1916,79.28724004732346,0.5059211041487724
1917,79.32860010994595,0.5057108837598194
1918,79.36996017256845,0.5054745992201051
1919,79.41132023519094,0.505212735324015
1920,79.45268029781343,0.5049258946386799
1921,79.49404036043593,0.5046147751298995
1922,79.53540042305842,0.5042801489862423
1923,79.57676048568092,0.5039228432093111
1924,79.61812054830342,0.503543722360402
1925,79.65948061092593,0.5031436736744526
1926,79.70084067354841,0.5027235945846215
1927,79.74220073617091,0.5022843825605363
1928,79.7835607987934,0.501826927059584
1929,79.82492086141589,0.5013521033280272
1930,79.86628092403839,0.5008607677713396
1931,79.90764098666088,0.5003537546325401
1932,79.94900104928338,0.4998318737696708
1933,79.99036111190587,0.4992959093957105
1934,80.03172117452837,0.4987466197251434
1935,80.07308123715087,0.4981847375478586
1936,80.11444129977336,0.49761097181359504
1937,80.15580136239586,0.49702601034726657
1938,80.19716142501835,0.49643052382494607
1939,80.23852148764085,0.49582517111665897
1940,80.27988155026334,0.4952106060492896
1941,80.32124161288584,0.49458748556241644
1942,80.36260167550833,0.493956479132511
1943,80.40396173813083,0.4933182792308536
1944,80.44532180075333,0.4926736124709883
1945,80.48668186337581,0.49202325100019695
1946,80.52804192599832,0.49136802360612775
1947,80.56940198862081,0.4907088259511023
1948,80.61076205124331,0.49004662931923376
1949,80.6521221138658,0.48938248726940725
1950,80.6934821764883,0.4887175396294781
1951,80.73484223911079,0.48805301334673545
1952,80.77620230173328,0.48739021981901476
1953,80.81756236435578,0.4867305484700379
1954,80.85892242697827,0.48607545649048384
1955,80.90028248960078,0.48542645483891095
1956,80.94164255222327,0.4847850907733504
1957,80.98300261484577,0.4841529273566649
1958,81.02436267746826,0.4835315205382877
1959,81.06572274009076,0.48292239455228797
1960,81.10708280271325,0.482327016478971
1961,81.14844286533574,0.48174677088818735
1962,81.18980292795824,0.48118293551185515
1963,81.23116299058073,0.4806366588769833
1964,81.27252305320324,0.48010894076826327
1965,81.31388311582572,0.47960061628223116
1966,81.35524317844823,0.4791123440856376
1967,81.39660324107072,0.4786445993074865
1968,81.43796330369321,0.47819767128292606
1969,81.47932336631571,0.4777716661407554
1970,81.5206834289382,0.47736651399558355
1971,81.5620434915607,0.47698198028422084
1972,81.60340355418319,0.476617680586745
1973,81.64476361680569,0.47627309810914903
1974,81.68612367942818,0.4759476028865883
1975,81.72748374205068,0.475640471703632
1976,81.76884380467318,0.4753509077250232
1977,81.81020386729566,0.47507805888912774
1978,81.85156392991817,0.47482103423444144
1979,81.89292399254066,0.47457891749754666
1980,81.93428405516316,0.47435077753206617
1981,81.97564411778565,0.47413567533335366
1982,82.01700418040815,0.4739326677004067
1983,82.05836424303064,0.4737408078041236
1984,82.09972430565313,0.47355914314380576
1985,82.14108436827563,0.4733867115449963
1986,82.18244443089812,0.4732225359689011
1987,82.22380449352063,0.4730656189570434
1988,82.26516455614312,0.47291493752210234
1989,82.30652461876562,0.47276943921429965
1990,82.34788468138811,0.47262803995413044
1991,82.38924474401061,0.47248962403091926
1992,82.4306048066331,0.47235304644372983
1993,82.47196486925559,0.47221713751932043
1994,82.51332493187809,0.472080709503941
1995,82.55468499450058,0.4719425646088682
1996,82.59604505712309,0.4718015038126831
1997,82.63740511974557,0.4716563356006673
1998,82.67876518236808,0.4715058837649681
1999,82.72012524499057,0.4713489934034888
2000,82.76148530761306,0.47118453434175694
2001,82.80284537023556,0.4710114013555475
2002,82.84420543285805,0.4708285107817274
2003,82.88556549548055,0.47063479335716135
2004,82.92692555810304,0.47042918340276313
2005,82.96828562072554,0.4702106047512847
2006,83.00964568334803,0.4699779540858596
2007,83.05100574597054,0.4697300825907257
2008,83.09236580859303,0.46946577700192793
2009,83.1337258712155,0.4691837412708862
2010,83.17508593383802,0.46888258010962064
2011,83.21644599646051,0.46856078567099047
2012,83.25780605908301,0.46821672852861845
2013,83.2991661217055,0.46784865396970887
2014,83.340526184328,0.46745468440229293
2015,83.38188624695049,0.46703282842385124
2016,83.42324630957297,0.4665809968100767
2017,83.46460637219548,0.46609702537647857
2018,83.50596643481796,0.465578704356443
2019,83.54732649744048,0.4650238136393028
2020,83.58868656006297,0.46443016293611594
2021,83.63004662268547,0.46379563569862636
2022,83.67140668530796,0.46311823542004954
2023,83.71276674793046,0.46239613280220565
2024,83.75412681055295,0.4616277121890501
2025,83.79548687317543,0.460811615646413
2026,83.83684693579794,0.45994678311360976
2027,83.87820699842042,0.4590324871649442
2028,83.91956706104294,0.4580683610939828
2029,83.96092712366541,0.45705441926645096
2030,84.00228718628793,0.45599106896809727
2031,84.04364724891042,0.45487911329170677
2032,84.0850073115329,0.45371974494795114
2033,84.12636737415541,0.452514531231175
2034,84.1677274367779,0.4512653907084629
2035,84.2090874994004,0.44997456250961654
2036,84.2504475620229,0.4486445693630544
2037,84.2918076246454,0.4472781757335595
2038,84.33316768726787,0.44587834256361114
2039,84.37452774989038,0.4444481801937922
2040,84.41588781251288,0.44299090103807887
2041,84.45724787513535,0.4415097735197652
2042,84.49860793775785,0.4400080786400781
2043,84.53996800038036,0.4384890703631878
2044,84.58132806300286,0.4369559407727632
2045,84.62268812562533,0.4354117906984166
2046,84.66404818824786,0.43385960624146414
2047,84.70540825087033,0.43230224136216083
2048,84.74676831349284,0.43074240643718
2049,84.78812837611534,0.4291826624694477
2050,84.82948843873781,0.42762542044068913
2051,84.87084850136031,0.42607294514711175
2052,84.91220856398282,0.4245273627551793
2053,84.95356862660532,0.4229906712595174
2054,84.99492868922779,0.4214647530164421
2055,85.0362887518503,0.4199513885639336
2056,85.0776488144728,0.4184522710140646
2057,85.11900887709528,0.4169690204127917
2058,85.1603689397178,0.4155031975932253
2059,85.20172900234027,0.4140563171946018
2060,85.24308906496277,0.41262985966827453
2061,85.28444912758528,0.41122528223439614
2062,85.32580919020778,0.40984402887825117
2063,85.36716925283025,0.4084875395752379
2064,85.40852931545275,0.40715725900099176
2065,85.44988937807526,0.40585464501357843
2066,85.49124944069774,0.4045811771868019
2067,85.53260950332026,0.40333836562805553
2068,85.57396956594273,0.4021277602340686
2069,85.61532962856523,0.40095096043158646
2070,85.65668969118774,0.399809625323679
2071,85.69804975381021,0.3987054840272526
2072,85.73940981643271,0.39764034585441566
2073,85.78076987905521,0.3966161098679014
2074,85.82212994167772,0.39563477324108776
2075,85.86349000430019,0.39469843778240477
2076,85.90485006692272,0.3938093139480156
2077,85.9462101295452,0.3929697216709519
2078,85.9875701921677,0.3921820873767028
2079,86.0289302547902,0.3914489366375445
2080,86.07029031741267,0.39077288203182964
2081,86.11165038003517,0.39015660591787366
2082,86.15301044265767,0.38960283799596157
2083,86.19437050528018,0.38911432770814725
2084,86.23573056790265,0.38869381170521883
2085,86.27709063052515,0.38834397678783
2086,86.31845069314765,0.3880674188914727
2087,86.35981075577014,0.38786659883304136
2088,86.40117081839266,0.38774379565980893
2089,86.44253088101513,0.3877010585397788
2090,86.48389094363763,0.387740158202171
2091,86.52525100626013,0.3878625389800654
2092,86.56661106888264,0.388069272522784
2093,86.60797113150511,0.3883610142392398
2094,86.64933119412761,0.38873796350477785
2095,86.69069125675011,0.38919982861965435
2096,86.7320513193726,0.38974579744813015
2097,86.77341138199509,0.39037451459660044
2098,86.81477144461759,0.3910840659086761
2099,86.8561315072401,0.391871970963997
2100,86.8974915698626,0.3927351841647773
2101,86.9388516324851,0.3936701048759652
2102,86.98021169510757,0.3946725969485781
2103,87.02157175773007,0.39573801779501316
2104,87.06293182035257,0.39686125699831626
2105,87.10429188297506,0.3980367842194798
2106,87.14565194559755,0.3992587059201714
2107,87.18701200822005,0.4005208301448226
2108,87.22837207084255,0.40181673831500603
2109,87.26973213346504,0.4031398626907635
2110,87.31109219608756,0.4044835678684055
2111,87.35245225871003,0.4058412344276835
2112,87.39381232133253,0.4072063426400595
2113,87.43517238395503,0.4085725540222748
2114,87.47653244657751,0.40993378848701906
2115,87.51789250920001,0.41128429491845425
2116,87.55925257182251,0.4126187131917997
2117,87.60061263444501,0.4139321259605561
2118,87.6419726970675,0.4152200989403496
2119,87.68333275968999,0.4164787089025514
2120,87.72469282231249,0.4177045591254898
2121,87.76605288493498,0.4188947825979251
2122,87.8074129475575,0.42004703379371944
2123,87.84877301017997,0.4211594703001161
2124,87.89013307280247,0.4222307259508126
2125,87.93149313542497,0.42325987736893383
2126,87.97285319804747,0.42424640594486496
2127,88.01421326066995,0.42519015725922843
2128,88.05557332329245,0.42609129981814475
2129,88.09693338591495,0.4269502847148225
2130,88.13829344853744,0.42776780749223886
2131,88.17965351115996,0.42854477308995437
2132,88.22101357378243,0.4292822643445859
2133,88.26237363640493,0.4299815141138476
2134,88.30373369902743,0.4306438807373326
2135,88.34509376164992,0.43127082625967467
2136,88.38645382427241,0.4318638966403904
2137,88.42781388689491,0.43242470307262953
2138,88.46917394951741,0.43295490352991595
2139,88.5105340121399,0.4334561837536236
2140,88.55189407476242,0.43393023706980516
2141,88.59325413738489,0.4343787426652486
2142,88.63461420000739,0.4348033422377616
2143,88.6759742626299,0.43520561523818047
2144,88.71733432525238,0.43558705321921115
2145,88.75869438787487,0.43594903407102054
2146,88.80005445049737,0.43629279713903796
2147,88.84141451311987,0.436619420362931
2148,88.88277457574236,0.43692980063939274
2149,88.92413463836485,0.4372246385847999
2150,88.96549470098735,0.43750442875891343
2151,89.00685476360984,0.437769456210348
2152,89.04821482623235,0.43801979992989515
2153,89.08957488885484,0.43825534346542794
2154,89.13093495147733,0.43847579257904007
2155,89.17229501409983,0.43868069943909793
2156,89.21365507672233,0.43886949245838547
2157,89.25501513934482,0.43904151054114215
2158,89.29637520196731,0.43919604020989955
2159,89.33773526458981,0.4393323538672308
2160,89.3790953272123,0.4394497473270834
2161,89.4204553898348,0.4395475747346247
2162,89.46181545245729,0.4396252790880492
2163,89.50317551507979,0.43968241677929165
2164,89.54453557770229,0.43971867487199534
2165,89.5858956403248,0.4397338802193144
2166,89.62725570294728,0.43972799996782574
2167,89.66861576556977,0.43970113347099693
2168,89.70997582819227,0.4396534961167159
2169,89.75133589081476,0.43958539602836244
2170,89.79269595343726,0.43949720500035344
2171,89.83405601605975,0.4393893253532086
2172,89.87541607868225,0.43926215462044726
2173,89.91677614130474,0.43911605009984944
2174,89.95813620392725,0.438951295308541
2175,89.99949626654973,0.4387680702788376
2176,90.04085632917223,0.43856642742857305
2177,90.08221639179473,0.43834627445002705
2178,90.12357645441722,0.43810736530507344
2179,90.16493651703972,0.43784930001119676
2180,90.20629657966221,0.4375715334762174
2181,90.24765664228471,0.4372733932100752
2182,90.2890167049072,0.43695410533027745
2183,90.3303767675297,0.43661282789988365
2184,90.37173683015219,0.43624869030841906
2185,90.41309689277467,0.4358608371374014
2186,90.45445695539719,0.43544847475066834
2187,90.49581701801968,0.43501091872112546
2188,90.53717708064217,0.43454764015194575
2189,90.57853714326467,0.43405830897223
2190,90.61989720588716,0.4335428323827412
2191,90.66125726850966,0.43300138679474
2192,90.70261733113216,0.432434441835895
2193,90.74397739375465,0.43184277528803927
2194,90.78533745637714,0.43122747815850343
2195,90.82669751899965,0.4305899494595004
2196,90.86805758162214,0.42993188066273325
2197,90.90941764424463,0.4292552301901874
2198,90.95077770686713,0.4285621886800032
2199,90.99213776948962,0.42785513610691767
2200,91.03349783211212,0.42713659212279553
2201,91.0748578947346,0.4264091611985203
2202,91.11621795735711,0.42567547428144437
2203,91.1575780199796,0.4249381287281378
2204,91.19893808260211,0.4241996282287473
2205,91.2402981452246,0.4234623243146047
2206,91.28165820784707,0.42272836084677656
2207,91.32301827046959,0.42199962263766816
2208,91.36437833309208,0.4212776890822913
2209,91.40573839571458,0.42056379339216976
2210,91.44709845833707,0.4198587877571956
2211,91.48845852095957,0.4191631145278917
2212,91.52981858358206,0.41847678333029054
2213,91.57117864620456,0.4177993539077268
2214,91.61253870882705,0.41712992443381713
2215,91.65389877144953,0.4164671250571864
2216,91.69525883407205,0.41580911651134217
2217,91.73661889669454,0.41515359374044913
2218,91.77797895931704,0.41449779463403563
2219,91.81933902193953,0.41383851410927136
2220,91.86069908456203,0.41317212390647584
2221,91.90205914718452,0.4124945985505925
2222,91.94341920980702,0.41180154795670126
2223,91.9847792724295,0.41108825711067476
2224,92.026139335052,0.41034973312419903
2225,92.0674993976745,0.4095807597471472
2226,92.108859460297,0.40877595912553427
2227,92.15021952291949,0.40792986023337224
2228,92.19157958554199,0.40703697300397995
2229,92.23293964816449,0.4060918667680425
2230,92.27429971078698,0.4050892512035648
2231,92.31565977340948,0.4040240576528069
2232,92.35701983603197,0.40289151839375686
2233,92.39837989865445,0.40168724130206984
2234,92.43973996127696,0.40040727732366116
2235,92.48110002389946,0.3990481783149723
2236,92.52246008652195,0.3976070430966377
2237,92.56382014914443,0.39608155000197665
2238,92.60518021176694,0.39446997475804
2239,92.64654027438944,0.3927711931853938
2240,92.68790033701192,0.39098466890093614
2241,92.72926039963443,0.389110426910685
2242,92.77062046225691,0.38714901464036844
2243,92.81198052487942,0.385101452527023
2244,92.85334058750192,0.3829691767467259
2245,92.8947006501244,0.38075397695550434
2246,92.9360607127469,0.37845793205605094
2247,92.9774207753694,0.376083346966929
2248,93.0187808379919,0.3736326931742716
2249,93.06014090061437,0.37110855550399346
2250,93.10150096323689,0.3685135870950044
2251,93.14286102585937,0.3658504740118618
2252,93.18422108848188,0.3631219103445973
2253,93.22558115110436,0.3603305840403032
2254,93.26694121372685,0.3574791731286071
2255,93.30830127634935,0.3545703514706602
2256,93.34966133897186,0.35160680270327155
2257,93.39102140159436,0.3485912406845672
2258,93.43238146421683,0.34552643448565085
2259,93.47374152683935,0.342415235821274
2260,93.51510158946184,0.3392606067706459
2261,93.55646165208434,0.33606564570165853
2262,93.59782171470682,0.3328336094706046
2263,93.63918177732931,0.32956793021018155
2264,93.68054183995181,0.32627222532792316
2265,93.72190190257432,0.32295029969797895
2266,93.7632619651968,0.31960613942209787
2267,93.80462202781929,0.3162438969456864
2268,93.84598209044181,0.31286786771961567
2269,93.8873421530643,0.30948245898508625
2270,93.92870221568677,0.3060921516079933
2271,93.97006227830929,0.302701456189631
2272,94.01142234093177,0.2993148649186016
2273,94.05278240355427,0.29593680079809265
2274,94.09414246617678,0.2925715659766528
2275,94.13550252879926,0.2892232909274218
2276,94.17686259142175,0.2858958861638832
2277,94.21822265404425,0.2825929980527235
2278,94.25958271666676,0.2793179700960729
2279,94.30094277928923,0.27607381081638205
2280,94.34230284191175,0.2728631691006053
2281,94.38366290453423,0.26968831756031475
2282,94.42502296715674,0.26655114415553943
2283,94.46638302977924,0.2634531520271105
2284,94.50774309240172,0.2603954671991466
2285,94.54910315502421,0.2573788535616538
2286,94.59046321764671,0.25440373433360697
2287,94.63182328026922,0.2514702190468849
2288,94.67318334289169,0.24857813498483916
2289,94.71454340551419,0.24572706195836042
2290,94.7559034681367,0.24291636930443794
2291,94.7972635307592,0.240145254042132
2292,94.83862359338168,0.23741277921160361
2293,94.87998365600419,0.234717911542043
2294,94.92134371862667,0.23205955773396444
2295,94.96270378124917,0.22943659878701525
2296,95.00406384387168,0.22684792194588932
2297,95.04542390649415,0.22429244996385095
2298,95.08678396911665,0.22176916748753647
2299,95.12814403173915,0.21927714444474158
2300,95.16950409436166,0.21681555636621233
2301,95.21086415698413,0.21438370159610567
2302,95.25222421960663,0.21198101534786365
2303,95.29358428222913,0.20960708055127425
2304,95.33494434485164,0.20726163541961926
2305,95.37630440747412,0.20494457765432647
2306,95.41766447009661,0.20265596520489965
2307,95.45902453271911,0.20039601352294523
2308,95.50038459534161,0.1981650892940055
2309,95.54174465796409,0.19596370070181537
2310,95.58310472058659,0.19379248437494362
2311,95.62446478320909,0.19165218928021352
2312,95.6658248458316,0.18954365795373496
2313,95.70718490845407,0.18746780558905468
2314,95.74854497107658,0.18542559762163158
2315,95.78990503369907,0.1834180265490759
2316,95.83126509632157,0.18144608879612095
2317,95.87262515894407,0.17951076246418315
2318,95.91398522156655,0.17761298679060042
2319,95.95534528418905,0.17575364407936345
2320,95.99670534681155,0.17393354475368364
2321,96.03806540943405,0.17215341602425793
2322,96.07942547205653,0.17041389447367147
2323,96.12078553467904,0.16871552263650128
2324,96.16214559730153,0.16705874942000679
2325,96.203505659924,0.1654439339756343
2326,96.24486572254654,0.16387135241277884
2327,96.28622578516901,0.1623412065583433
2328,96.32758584779151,0.16085363382202647
2329,96.36894591041401,0.15940871713955687
2330,96.41030597303651,0.1580064939419925
2331,96.45166603565899,0.15664696314177287
2332,96.4930260982815,0.15533008923525102
2333,96.53438616090399,0.15405580278992678
2334,96.57574622352647,0.15282399680301714
2335,96.617106286149,0.15163451867145641
2336,96.65846634877147,0.15048715778598104
2337,96.69982641139397,0.1493816290350161
2338,96.74118647401647,0.14831755276075465
2339,96.78254653663897,0.1472944319340921
2340,96.82390659926145,0.1463116274945359
2341,96.86526666188395,0.14536833292714788
2342,96.90662672450645,0.1444635492167598
2343,96.94798678712893,0.14359606133071934
2344,96.98934684975144,0.14276441733892498
2345,97.03070691237393,0.14196691119172664
2346,97.07206697499643,0.14120157005186318
2347,97.11342703761893,0.1404661469266846
2348,97.15478710024144,0.13975811918240835
2349,97.19614716286391,0.13907469335262726
2350,97.23750722548641,0.13841281648740614
2351,97.27886728810891,0.137769194132819
2352,97.32022735073139,0.13714031488703854
2353,97.36158741335389,0.13652248134956593
2354,97.40294747597639,0.13591184716216426
2355,97.44430753859889,0.13530445973095806
2356,97.4856676012214,0.13469630811232403
2357,97.52702766384387,0.13408337543550156
2358,97.56838772646637,0.1334616951154584
2359,97.60974778908887,0.13282740997669057
2360,97.65110785171137,0.13217683325984556
2361,97.69246791433385,0.13150651032084099
2362,97.73382797695635,0.13081327966278172
2363,97.77518803957885,0.13009433177677163
2364,97.81654810220135,0.12934726412501635
2365,97.85790816482383,0.12857013049951588
2366,97.89926822744633,0.12776148295389025
2367,97.94062829006883,0.12692040455709366
2368,97.9819883526913,0.1260465313720998
2369,98.02334841531383,0.12514006233178548
2370,98.0647084779363,0.12420175606671059
2371,98.10606854055881,0.12323291422442181
2372,98.14742860318131,0.12223535138230368
2373,98.18878866580378,0.12121135226098502
2374,98.23014872842629,0.12016361754909585
2375,98.27150879104879,0.11909520020700197
2376,98.31286885367129,0.11800943458093349
2377,98.35422891629376,0.11690986099237645
2378,98.3955889789163,0.11580014864322616
2379,98.43694904153877,0.11468401968231005
2380,98.47830910416127,0.11356517711580436
2381,98.51966916678377,0.11244723892955664
2382,98.56102922940624,0.11133368035398868
2383,98.60238929202875,0.11022778567944903
2384,98.64374935465125,0.10913261046224247
2385,98.68510941727375,0.10805095439128659
2386,98.72646947989622,0.10698534454941719
2387,98.76782954251875,0.10593802833388011
2388,98.80918960514123,0.1049109749209899
2389,98.85054966776372,0.10390588388531934
2390,98.89190973038623,0.10292419942043224
2391,98.9332697930087,0.10196712855424696
2392,98.9746298556312,0.10103566179974614
2393,99.01598991825371,0.10013059481618322
2394,99.05734998087621,0.09925254985987993
2395,99.09871004349868,0.09840199605668903
2396,99.1400701061212,0.09757926780824594
2397,99.18143016874369,0.09678458093125153
2398,99.22279023136618,0.09601804640263024
2399,99.26415029398869,0.09527968182793106
2400,99.30551035661117,0.0945694209516214
2401,99.34687041923367,0.09388712167725609
2402,99.38823048185617,0.09323257315730042
2403,99.42959054447867,0.09260550254564548
2404,99.47095060710114,0.09200558198258484
2405,99.51231066972365,0.09143243630803495
2406,99.55367073234615,0.09088565188114797
2407,99.59503079496862,0.09036478673298114
2408,99.63639085759115,0.0898693821037577
2409,99.67775092021363,0.08939897522831473
2410,99.71911098283613,0.08895311304397095
2411,99.76047104545863,0.0885313663148844
2412,99.80183110808113,0.08813334350695948
2413,99.8431911707036,0.08775870361707683
2414,99.8845512333261,0.08740716706917172
2415,99.92591129594861,0.08707852374481387
2416,99.96727135857108,0.08677263722358829
2417,100.00863142119358,0.08648944437194055
2418,100.04999148381609,0.08622894953958886
2419,100.09135154643859,0.08599121279749872
2420,100.13271160906109,0.0857763318760415
2421,100.17407167168356,0.08558441772801448
2422,100.21543173430607,0.08541556393862172
2423,100.25679179692857,0.08526981052083366
2424,100.29815185955107,0.08514710295755791
2425,100.33951192217354,0.08504724766828096
2426,100.38087198479604,0.0849698653754948
2427,100.42223204741855,0.08491434411361275
2428,100.46359211004105,0.08487979384987114
2429,100.50495217266352,0.08486500486232247
2430,100.54631223528602,0.08486841213389032
2431,100.58767229790853,0.08488806806149303
2432,100.62903236053101,0.0849216257314421
2433,100.67039242315353,0.08496633486176602
2434,100.711752485776,0.08501905224184374
2435,100.7531125483985,0.08507626809564688
2436,100.794472611021,0.08513414924647501
2437,100.8358326736435,0.08518859926671721
2438,100.87719273626598,0.08523533496783958
2439,100.91855279888848,0.08526997765200736
2440,100.95991286151099,0.08528815655629851
2441,101.00127292413347,0.08528562094115294
2442,101.04263298675599,0.08525835639139757
2443,101.08399304937846,0.0852027002035963
2444,101.12535311200095,0.08511545031925737
2445,101.16671317462347,0.08499396220564616
2446,101.20807323724596,0.08483622843255245
2447,101.24943329986844,0.08464093645311799
2448,101.29079336249094,0.08440750123252933
2449,101.33215342511345,0.08413607079879998
2450,101.37351348773593,0.08382750439581778
2451,101.41487355035845,0.08348332455921402
2452,101.45623361298092,0.08310564596443587
2453,101.49759367560341,0.08269708518280941
2454,101.53895373822593,0.08226065642511954
2455,101.5803138008484,0.08179965889563924
2456,101.6216738634709,0.08131756150949028
2457,101.6630339260934,0.08081789047307417
2458,101.7043939887159,0.0803041246529991
2459,101.7457540513384,0.07977960284717443
2460,101.78711411396088,0.07924744611277613
2461,101.82847417658338,0.07871049728544742
2462,101.86983423920587,0.07817127881594044
2463,101.91119430182839,0.07763196910903138
2464,101.95255436445086,0.07709439671233352
2465,101.99391442707336,0.07656005098938727
2466,102.03527448969587,0.07603010732945362
2467,102.07663455231837,0.07550546449581963
2468,102.11799461494084,0.07498679139005363
2469,102.15935467756334,0.07447458030781905
2470,102.20071474018584,0.07396920367867041
2471,102.24207480280833,0.07347097131634506
2472,102.28343486543085,0.07298018535578515
2473,102.32479492805332,0.07249719031559101
2474,102.36615499067582,0.07202241609218495
2475,102.40751505329833,0.0715564121514201
2476,102.44887511592081,0.07109987171400028
2477,102.4902351785433,0.07065364530493694
2478,102.5315952411658,0.07021874362194488
2479,102.5729553037883,0.06979633023665992
2480,102.61431536641079,0.06938770514215316
2481,102.65567542903328,0.06899428056959295
2482,102.69703549165578,0.06861755079422914
2483,102.73839555427828,0.06825905782338017
2484,102.77975561690079,0.06792035490480013
2485,102.82111567952327,0.06760296972065229
2486,102.86247574214576,0.06730836895619258
2487,102.90383580476826,0.06703792567441653
2488,102.94519586739077,0.06679289061305735
2489,102.98655593001325,0.06657436817207373
2490,103.02791599263574,0.06638329750097631
2491,103.06927605525824,0.0662204387450523
2492,103.11063611788073,0.0660863641831035
2493,103.15199618050323,0.06598145369899423
2494,103.19335624312572,0.06590589378403997
2495,103.23471630574822,0.06585967907436893
2496,103.27607636837071,0.06584261529295486
2497,103.31743643099323,0.0658543223955352
2498,103.35879649361571,0.0658942367183041
2499,103.4001565562382,0.06596161099804008
2500,103.4415166188607,0.06605551128570121
2501,103.48287668148319,0.06617481000472913
2502,103.52423674410569,0.06631817471430704
2503,103.56559680672818,0.06648405252111489
2504,103.60695686935068,0.06667065053137289
2505,103.64831693197317,0.06687591323317209
2506,103.68967699459569,0.06709749822601786
2507,103.73103705721816,0.06733275224232027
2508,103.77239711984065,0.06757868989866608
2509,103.81375718246316,0.06783197803124115
2510,103.85511724508565,0.06808892876075916
2511,103.89647730770815,0.06834550454508709
2512,103.93783737033064,0.06859733835843339
2513,103.97919743295314,0.06883977173598108
2514,104.02055749557563,0.06906791270613398
2515,104.06191755819815,0.06927671458634342
2516,104.10327762082062,0.06946107526313232
2517,104.14463768344311,0.069615954975611
2518,104.18599774606562,0.06973650888593264
2519,104.22735780868811,0.0698182290066887
2520,104.2687178713106,0.06985708855655803
2521,104.3100779339331,0.06984968073596966
2522,104.3514379965556,0.06979334344157079
2523,104.39279805917809,0.06968626170673248
2524,104.43415812180059,0.06952754071679704
2525,104.47551818442308,0.06931724404897083
2526,104.51687824704557,0.06905639416833478
2527,104.55823830966808,0.06874693492296516
2528,104.59959837229057,0.06839165852046508
2529,104.64095843491306,0.0679941019270003
2530,104.68231849753556,0.06755841954464918
2531,104.72367856015806,0.06708924021417913
2532,104.76503862278055,0.06659151698603599
2533,104.80639868540304,0.06607037773789717
2534,104.84775874802554,0.06553098372001417
2535,104.88911881064803,0.06497840166572846
2536,104.93047887327054,0.06441749342551593
2537,104.97183893589303,0.06385282536999112
2538,105.01319899851552,0.06328859822802899
2539,105.05455906113802,0.0627285966998409
2540,105.09591912376051,0.0621761571778605
2541,105.13727918638301,0.06163415123993676
2542,105.1786392490055,0.06110498223108693
2543,105.219999311628,0.060590592177476796
2544,105.26135937425049,0.06009247642144947
2545,105.30271943687299,0.059611703666880816
2546,105.34407949949548,0.05914893952108753
2547,105.38543956211798,0.0587044720619027
2548,105.42679962474047,0.05827823840489033
2549,105.46815968736297,0.05786985166593426
2550,105.50951974998547,0.05747862808727618
2551,105.55087981260796,0.05710361440794544
2552,105.59223987523046,0.056743615805838574
2553,105.63359993785295,0.056397224916111974
2554,105.67496000047545,0.05606285253911954
2555,105.71632006309794,0.05573876069170062
2556,105.75768012572043,0.055423098629075164
2557,105.79904018834293,0.05511394237097827
2558,105.84040025096543,0.0548093381048455
2559,105.88176031358792,0.054507349611233886
2560,105.9231203762104,0.05420610956495558
2561,105.96448043883292,0.05390387421660345
2562,106.00584050145541,0.05359908056656739
2563,106.04720056407791,0.05329040472938511
2564,106.0885606267004,0.052976819780710734
2565,106.12992068932289,0.05265765102193253
2566,106.17128075194539,0.05233262633264946
2567,106.21264081456789,0.0520019191542682
2568,106.25400087719038,0.05166618169753801
2569,106.29536093981287,0.05132656621810806
2570,106.33672100243538,0.050984732661788296
2571,106.37808106505787,0.0506428416242926
2572,106.41944112768034,0.05030353235203173
2573,106.46080119030286,0.04996988636194283
2574,106.50216125292535,0.04964537809526462
2575,106.54352131554785,0.04933381475673217
2576,106.58488137817035,0.0490392680491579
2577,106.62624144079284,0.04876600083845697
2578,106.66760150341533,0.04851839184799472
2579,106.70896156603783,0.04830086128814863
2580,106.75032162866033,0.048117799910095835
2581,106.7916816912828,0.047973503387596546
2582,106.83304175390532,0.04787211324450465
2583,106.87440181652781,0.047817564829849064
2584,106.91576187915031,0.04781354216013169
2585,106.9571219417728,0.04786343885193066
2586,106.9984820043953,0.04797032389248342
2587,107.03984206701779,0.048136910661653244
2588,107.08120212964029,0.048365527431976876
2589,107.12256219226279,0.04865808753070068
2590,107.16392225488526,0.049016057439664994
2591,107.20528231750778,0.04944042132431037
2592,107.24664238013027,0.04993164081219914
2593,107.28800244275277,0.050489609277332176
2594,107.32936250537526,0.051113600426069904
2595,107.37072256799775,0.051802211623237664
2596,107.41208263062025,0.052553303143164184
2597,107.45344269324275,0.05336393537712487
2598,107.49480275586524,0.05423030696509097
2599,107.53616281848772,0.05514769782097435
2600,107.57752288111024,0.05611042204099507
2601,107.61888294373273,0.05711179665164732
2602,107.66024300635523,0.058144132961159306
2603,107.70160306897772,0.0591987577875765
2604,107.7429631316002,0.060266071878682895
2605,107.78432319422271,0.06133565223068041
2606,107.82568325684521,0.062396403579952575
2607,107.8670433194677,0.06343676195828349
2608,107.90840338209019,0.0644449498321067
2609,107.94976344471269,0.06540927809547184
2610,107.99112350733519,0.06631848533625917
2611,108.03248356995766,0.0671620998150668
2612,108.07384363258016,0.06793080511568435
2613,108.11520369520267,0.06861678715802064
2614,108.15656375782517,0.06921403888477551
2615,108.19792382044767,0.06971859993687297
2616,108.23928388307016,0.07012871219741183
2617,108.28064394569265,0.07044487798412548
2618,108.32200400831515,0.07066981527353976
2619,108.36336407093765,0.07080831269609597
2620,108.40472413356012,0.07086699505448155
2621,108.44608419618262,0.07085401675372227
2622,108.48744425880513,0.07077870501452961
2623,108.52880432142763,0.0706511766810349
2624,108.5701643840501,0.07048195186411559
2625,108.61152444667262,0.07028158498377762
2626,108.6528845092951,0.07006032963595461
2627,108.69424457191761,0.06982784885300859
2628,108.73560463454011,0.06959297745074301
2629,108.77696469716258,0.06936353881006424
2630,108.81832475978509,0.06914621498358799
2631,108.85968482240759,0.06894646660021216
2632,108.90104488503009,0.06876849764518889
2633,108.94240494765256,0.06861525967572783
2634,108.98376501027508,0.06848849017444465
2635,109.02512507289757,0.06838878029786945
2636,109.06648513552004,0.06831566800423752
2637,109.10784519814256,0.06826775323378641
2638,109.14920526076504,0.06824283230282056
2639,109.19056532338755,0.0682380488525893
2640,109.23192538601005,0.06825005851955868
2641,109.27328544863255,0.06827520398177209
2642,109.31464551125502,0.06830969626400835
2643,109.35600557387752,0.0683497972821318
2644,109.39736563650003,0.06839199774292712
2645,109.4387256991225,0.0684331838743783
2646,109.48008576174502,0.06847078621693585
2647,109.5214458243675,0.06850290399131279
2648,109.56280588699,0.0685283994380205
2649,109.60416594961251,0.06854695797694957
2650,109.645526012235,0.06855911195232757
2651,109.68688607485748,0.06856622792301874
2652,109.72824613747999,0.06857045969735426
2653,109.76960620010249,0.06857467135223394
2654,109.81096626272496,0.06858233610529864
2655,109.85232632534748,0.06859741797590532
2656,109.89368638796996,0.0686242436071454
2657,109.93504645059247,0.06866737144295733
2658,109.97640651321497,0.06873146475005536
2659,110.01776657583744,0.0688211738818592
2660,110.05912663845994,0.06894103186072711
2661,110.10048670108245,0.06909536596193565
2662,110.14184676370495,0.06928822665039254
2663,110.18320682632742,0.06952333404662826
2664,110.22456688894992,0.06980404114041432
2665,110.26592695157242,0.07013331225194487
2666,110.30728701419493,0.07051371475670595
2667,110.34864707681743,0.07094742181742754
2668,110.3900071394399,0.07143622377157284
2669,110.4313672020624,0.0719815458698603
2670,110.4727272646849,0.07258447021732695
2671,110.51408732730741,0.07324576000571405
2672,110.55544738992988,0.07396588442255767
2673,110.59680745255238,0.07474504296154377
2674,110.63816751517489,0.07558318822575293
2675,110.67952757779736,0.07648004669770897
2676,110.72088764041986,0.07743513733186286
2677,110.76224770304236,0.07844778818929092
2678,110.80360776566486,0.07951715165975363
2679,110.84496782828737,0.08064221907939198
2680,110.88632789090987,0.08182183572862571
2681,110.92768795353234,0.08305471726156352
2682,110.96904801615484,0.08433946855688836
2683,111.01040807877735,0.08567460578127815
2684,111.05176814139982,0.08705858212091151
2685,111.09312820402232,0.08848981718046818
2686,111.13448826664482,0.08996672950281948
2687,111.17584832926732,0.09148777107123053
2688,111.2172083918898,0.09305146207749387
2689,111.25856845451231,0.09465642373728377
2690,111.2999285171348,0.0963014065744323
2691,111.3412885797573,0.09798531143549556
2692,111.3826486423798,0.09970720057924594
2693,111.42400870500228,0.10146629653408087
2694,111.46536876762478,0.10326196702752294
2695,111.50672883024728,0.10509369513707399
2696,111.54808889286979,0.10696103483913076
2697,111.58944895549226,0.10886355327233364
2698,111.63080901811476,0.1108007622031829
2699,111.67216908073726,0.11277204230146506
2700,111.71352914335974,0.1147765648200514
2701,111.75488920598227,0.11681321605728508
2702,111.79624926860474,0.11888053049864158
2703,111.83760933122724,0.12097663873994174
2704,111.87896939384974,0.12309923615000959
2705,111.92032945647225,0.12524557771190895
2706,111.96168951909472,0.12741250357824857
2707,112.00304958171722,0.1295964985934225
2708,112.04440964433972,0.13179378740269318
2709,112.0857697069622,0.1340004648408394
2710,112.12712976958473,0.13621265916176437
2711,112.1684898322072,0.13842672345844478
2712,112.2098498948297,0.14063944848659682
2713,112.2512099574522,0.1428482882222879
2714,112.29257002007468,0.14505158803599869
2715,112.33393008269718,0.1472488045172757
2716,112.37529014531968,0.14944070585790936
2717,112.41665020794218,0.15162954235511328
2718,112.45801027056466,0.1538191780069768
2719,112.49937033318719,0.15601517623363548
2720,112.54073039580966,0.15822483528585454
2721,112.58209045843216,0.16045717165952397
2722,112.62345052105466,0.16272285255690577
2723,112.66481058367714,0.1650340808707339
2724,112.70617064629964,0.16740443810482133
2725,112.74753070892214,0.16984869194296948
2726,112.78889077154464,0.17238257577558483
2727,112.83025083416712,0.17502254741284368
2728,112.87161089678962,0.17778553354840856
2729,112.91297095941212,0.18068866543697099
2730,112.95433102203461,0.18374900989140455
2731,112.99569108465712,0.18698329827957022
2732,113.0370511472796,0.19040765488497266
2733,113.0784112099021,0.19403732494319767
2734,113.1197712725246,0.1978864019981776
2735,113.1611313351471,0.20196755402185357
2736,113.20249139776958,0.20629174805225386
2737,113.24385146039208,0.21086797393444728
2738,113.28521152301458,0.2157029690631703
2739,113.32657158563707,0.22080094775422626
2740,113.36793164825956,0.22616334090100407
2741,113.40929171088206,0.23178855374890925
2742,113.45065177350456,0.23767175174931854
2743,113.49201183612706,0.24380468630309904
2744,113.53337189874956,0.2501755735162046
2745,113.57473196137204,0.2567690396010591
2746,113.61609202399454,0.2635661460276214
2747,113.65745208661704,0.27054450577086625
2748,113.69881214923952,0.27767849892839014
2749,113.74017221186202,0.2849395916358904
2750,113.78153227448452,0.292296756788639
2751,113.82289233710702,0.29971698894822035
2752,113.86425239972951,0.30716589948341555
2753,113.90561246235202,0.3146083720681701
2754,113.9469725249745,0.32200925376921835
2755,113.988332587597,0.3293340536705375
2756,114.0296926502195,0.3365496197229156
2757,114.07105271284198,0.34362476547599996
2758,114.11241277546448,0.3505308214929791
2759,114.15377283808698,0.357242091253673
2760,114.19513290070948,0.3637361977020709
2761,114.23649296333195,0.36999431363442836
2762,114.27785302595446,0.37600127616460666
2763,114.31921308857696,0.3817455919079061
2764,114.36057315119945,0.3872193447918662
2765,114.40193321382196,0.3924180222074744
2766,114.44329327644444,0.3973402774301522
2767,114.48465333906694,0.4019876469142615
2768,114.52601340168944,0.4063642403892689
2769,114.56737346431194,0.410476419941054
2770,114.60873352693442,0.41433248177086396
2771,114.65009358955692,0.41794235141042935
2772,114.69145365217942,0.4213173001210714
2773,114.7328137148019,0.424469687255031
2774,114.77417377742442,0.4274127306858841
2775,114.8155338400469,0.430160305139767
2776,114.8568939026694,0.43272676645051733
2777,114.8982539652919,0.4351267984450257
2778,114.93961402791439,0.4373752783345569
2779,114.98097409053688,0.4394871561147644
2780,115.02233415315938,0.4414773435120932
2781,115.06369421578188,0.4433606083982455
2782,115.10505427840437,0.44515147125597987
2783,115.14641434102688,0.44686410114460806
2784,115.18777440364936,0.44851220960234334
2785,115.22913446627186,0.4501089419594783
2786,115.27049452889436,0.45166676654801013
2787,115.31185459151683,0.4531973632156673
2788,115.35321465413934,0.45471151333359194
2789,115.39457471676184,0.4562189940868635
2790,115.43593477938434,0.4577284802329051
2791,115.47729484200683,0.45924745669423955
2792,115.51865490462932,0.46078214532356493
2793,115.56001496725182,0.4623374489558549
2794,115.6013750298743,0.46391691546732317
2795,115.64273509249682,0.46552272402460265
2796,115.6840951551193,0.46715569506080473
2797,115.7254552177418,0.46881532479035753
2798,115.7668152803643,0.470499844304395
2799,115.8081753429868,0.47220630250200674
2800,115.84953540560927,0.4739306713376553
2801,115.89089546823178,0.47566797112952686
2802,115.93225553085428,0.4774124129991405
2803,115.97361559347677,0.4791575549270425
2804,116.01497565609927,0.4808964674319673
2805,116.05633571872175,0.4826219045354142
2806,116.09769578134426,0.48432647547771596
2807,116.13905584396676,0.48600281262114065
2808,116.18041590658926,0.48764373112039494
2809,116.22177596921173,0.48924237626252326
2810,116.26313603183424,0.49079235487169687
2811,116.30449609445674,0.4922878478221899
2812,116.34585615707923,0.4937237014780949
2813,116.38721621970171,0.4950954967449397
2814,116.42857628232422,0.49639959533074035
2815,116.46993634494672,0.49763316372134025
2816,116.5112964075692,0.4987941762270181
2817,116.5526564701917,0.49988139920060065
2818,116.5940165328142,0.5008943591224899
2819,116.6353765954367,0.5018332976582911
2820,116.6767366580592,0.5026991170022578
2821,116.71809672068169,0.5034933188192812
2822,116.75945678330417,0.5042179398998821
2823,116.80081684592668,0.5048754872735758
2824,116.84217690854918,0.5054688750221951
2825,116.88353697117167,0.5060013644437762
2826,116.92489703379415,0.5064765085918624
2827,116.96625709641665,0.5068981016024783
2828,117.00761715903914,0.5072701326733576
2829,117.04897722166166,0.5075967441135615
2830,117.09033728428415,0.5078821925643071
2831,117.13169734690663,0.5081308123214345
2832,117.17305740952914,0.5083469796662377
2833,117.21441747215162,0.5085350772233944
2834,117.25577753477413,0.5086994575931787
2835,117.29713759739661,0.5088444058156133
2836,117.33849766001912,0.5089741005854928
2837,117.3798577226416,0.509092574510015
2838,117.42121778526412,0.5092036740493303
2839,117.46257784788659,0.5093110200776616
2840,117.5039379105091,0.5094179702197381
2841,117.5452979731316,0.5095275842436501
2842,117.58665803575408,0.5096425938164167
2843,117.62801809837659,0.5097653778563126
2844,117.66937816099907,0.5098979445531178
2845,117.71073822362158,0.5100419208905657
2846,117.75209828624406,0.5101985502112745
2847,117.79345834886658,0.510368698035555
2848,117.83481841148905,0.5105528660015703
2849,117.87617847411154,0.5107512134585861
2850,117.91753853673406,0.5109635859325127
2851,117.95889859935654,0.5111895494123152
2852,118.00025866197903,0.51142842918745
2853,118.04161872460153,0.5116793518097642
2854,118.08297878722404,0.5119412886634066
2855,118.12433884984652,0.5122130996034122
2856,118.16569891246903,0.512493575169417
2857,118.20705897509151,0.5127814759860023
2858,118.248419037714,0.5130755681253953
2859,118.28977910033652,0.5133746534146246
2860,118.331139162959,0.5136775939164573
2861,118.37249922558149,0.5139833300812882
2862,118.413859288204,0.5142908923513849
2863,118.4552193508265,0.5145994062802867
2864,118.49657941344898,0.5149080915034717
2865,118.53793947607147,0.5152162551450974
2866,118.57929953869397,0.5155232804635749
2867,118.62065960131646,0.515828611716704
2868,118.66201966393896,0.5161317363579127
2869,118.70337972656147,0.5164321657567537
2870,118.74473978918395,0.5167294156650456
2871,118.78609985180645,0.517022987626399
2872,118.82745991442896,0.5173123524527292
2873,118.86881997705144,0.517596936771161
2874,118.91018003967393,0.5178761134833844
2875,118.95154010229643,0.5181491967846438
2876,118.99290016491892,0.5184154421686904
2877,119.03426022754142,0.5186740516073064
2878,119.07562029016391,0.5189241838481689
2879,119.11698035278641,0.5191649695325001
2880,119.1583404154089,0.5193955306046549
2881,119.1997004780314,0.5196150032786652
2882,119.2410605406539,0.5198225636514632
2883,119.28242060327639,0.5200174549174045
2884,119.3237806658989,0.5201990150491652
2885,119.36514072852138,0.5203667037728824
2886,119.40650079114388,0.5205201276804442
2887,119.44786085376637,0.5206590623911866
2888,119.48922091638887,0.5207834707938103
2889,119.53058097901136,0.5208935165624791
2890,119.57194104163386,0.5209895723401711
2891,119.61330110425635,0.521072222205591
2892,119.65466116687884,0.5211422582776782
2893,119.69602122950135,0.5212006715478805
2894,119.73738129212384,0.5212486372563007
2895,119.77874135474634,0.5212874953281869
2896,119.82010141736883,0.521318726555285
2897,119.86146147999132,0.5213439253339207
2898,119.90282154261382,0.5213647698539939
2899,119.94418160523632,0.5213829906705287
2900,119.98554166785881,0.5214003385823299
2901,120.0269017304813,0.5214185526971497
2902,120.06826179310382,0.521439329484531
2903,120.1096218557263,0.5214642935166544
2904,120.15098191834879,0.5214949704808012
2905,120.19234198097129,0.5215327629260256
2906,120.23370204359378,0.5215789290866035
2907,120.27506210621628,0.521634565015674
2908,120.31642216883878,0.521700590166376
2909,120.35778223146127,0.5217777364796065
2910,120.39914229408376,0.5218665409766585
2911,120.44050235670628,0.5219673418097865
2912,120.48186241932876,0.522080277692762
2913,120.52322248195124,0.5222052906088169
2914,120.56458254457375,0.5223421316740587
2915,120.60594260719624,0.5224903700111262
2916,120.64730266981874,0.5226494044591959
2917,120.68866273244123,0.5228184779074924
2918,120.73002279506373,0.5229966939895306
2919,120.77138285768622,0.5231830358149172
2920,120.81274292030872,0.5233763863474442
2921,120.85410298293122,0.5235755499674543
2922,120.8954630455537,0.5237792746903284
2923,120.93682310817621,0.5239862744570465
2924,120.9781831707987,0.5241952508770709
2925,121.0195432334212,0.5244049137937603
2926,121.06090329604369,0.5246140000644997
2927,121.10226335866619,0.5248212900042449
2928,121.14362342128868,0.5250256210335869
2929,121.18498348391118,0.5252258981964003
2930,121.22634354653367,0.5254211013641711
2931,121.26770360915616,0.525610289112987
2932,121.30906367177866,0.5257925994366249
2933,121.35042373440116,0.5259672476320134
2934,121.39178379702366,0.5261335218505625
2935,121.43314385964615,0.5262907769385763
2936,121.47450392226865,0.5264384272842493
2937,121.51586398489114,0.5265759394391445
2938,121.55722404751364,0.5267028252873016
2939,121.59858411013613,0.5268186364926717
2940,121.63994417275862,0.5269229608691729
2941,121.68130423538112,0.5270154211938323
2942,121.72266429800362,0.5270956768273376
2943,121.76402436062611,0.5271634283297035
2944,121.8053844232486,0.5272184250699387
2945,121.8467444858711,0.5272604756381077
2946,121.8881045484936,0.5272894606850388
2947,121.9294646111161,0.5273053476486669
2948,121.97082467373859,0.5273082066827831
2949,122.01218473636108,0.5272982269905435
2950,122.05354479898358,0.5272757326860005
2951,122.09490486160608,0.5272411972663311
2952,122.13626492422856,0.5271952557757028
2953,122.17762498685106,0.5271387137826579
2954,122.21898504947356,0.5270725523738761
2955,122.26034511209606,0.5269979284880385
2956,122.30170517471853,0.5269161700708112
2957,122.34306523734105,0.5268287657207639
2958,122.38442529996354,0.5267373487100651
2959,122.42578536258604,0.5266436754949883
2960,122.46714542520854,0.5265495990689794
2961,122.50850548783102,0.5264570377445653
2962,122.54986555045352,0.5263679401682949
2963,122.59122561307602,0.5262842475618548
2964,122.63258567569852,0.5262078543332241
2965,122.673945738321,0.5261405683033313
2966,122.71530580094351,0.5260840718395565
2967,122.756665863566,0.5260398851752239
2968,122.79802592618847,0.5260093331205641
2969,122.83938598881099,0.5259935162430291
2970,122.88074605143348,0.5259932874166793
2971,122.92210611405598,0.5260092344238427
2972,122.96346617667848,0.5260416690498706
2973,123.00482623930098,0.526090622855631
2974,123.04618630192346,0.5261558495593325
2975,123.08754636454597,0.5262368337207125
2976,123.12890642716846,0.5263328052096887
2977,123.17026648979093,0.5264427587683869
2978,123.21162655241345,0.526565477844476
2979,123.25298661503594,0.5266995617913683
2980,123.29434667765844,0.5268434554941874
2981,123.33570674028094,0.5269954804877635
2982,123.37706680290343,0.5271538666789355
2983,123.41842686552592,0.5273167838612811
2984,123.45978692814842,0.5274823723091882
2985,123.50114699077092,0.5276487718484937
2986,123.5425070533934,0.5278141489186867
2987,123.58386711601591,0.5279767212539543
2988,123.6252271786384,0.528134779916925
2989,123.6665872412609,0.5282867085122882
2990,123.7079473038834,0.5284309994881434
2991,123.74930736650589,0.5285662674981373
2992,123.79066742912838,0.5286912598515938
2993,123.83202749175088,0.5288048641201751
2994,123.87338755437338,0.528906113005598
2995,123.91474761699585,0.5289941865999365
2996,123.95610767961836,0.5290684121984537
2997,123.99746774224086,0.5291282618475325
2998,124.03882780486336,0.5291733478362052
2999,124.08018786748586,0.5292034163634214
3000,124.12154793010833,0.5292183396363809
3001,124.16290799273084,0.5292181066763917
3002,124.20426805535334,0.5292028131252937
3003,124.24562811797584,0.5291726503566505
3004,124.28698818059831,0.5291278941987029
3005,124.32834824322082,0.5290688935707479
3006,124.36970830584332,0.5289960593191134
3007,124.41106836846582,0.5289098535130785
3008,124.4524284310883,0.5288107794283147
3009,124.4937884937108,0.528699372402444
3010,124.5351485563333,0.5285761917021293
3011,124.5765086189558,0.5284418134907425
3012,124.6178686815783,0.5282968249369271
3013,124.65922874420077,0.5281418194582211
3014,124.70058880682328,0.5279773930526775
3015,124.74194886944578,0.52780414163792
3016,124.78330893206825,0.5276226592911579
3017,124.82466899469075,0.5274335372684802
3018,124.86602905731326,0.5272373636719465
3019,124.90738911993576,0.5270347236339291
3020,124.94874918255823,0.5268261998916982
3021,124.99010924518076,0.52661237363437
3022,125.03146930780323,0.5263938255137053
3023,125.07282937042574,0.5261711367189527
3024,125.11418943304824,0.5259448900229581
3025,125.15554949567071,0.5257156707096343
3026,125.19690955829321,0.5254840672927715
3027,125.23826962091572,0.5252506719328467
3028,125.27962968353822,0.52501608045346
3029,125.32098974616069,0.5247808918546947
3030,125.36234980878321,0.5245457072185746
3031,125.4037098714057,0.524311127905157
3032,125.44506993402818,0.5240777529490209
3033,125.4864299966507,0.5238461755858165
3034,125.52779005927317,0.5236169788691523
3035,125.56915012189567,0.5233907303800535
3036,125.61051018451818,0.5231679760803246
3037,125.65187024714068,0.5229492334198419
3038,125.69323030976315,0.5227349838679491
3039,125.73459037238567,0.5225256650996689
3040,125.77595043500816,0.5223216631219311
3041,125.81731049763063,0.5221233046684334
3042,125.85867056025316,0.5219308502199478
3043,125.90003062287563,0.5217444880141467
3044,125.94139068549813,0.5215643293950893
3045,125.98275074812064,0.5213904058113165
3046,126.02411081074314,0.5212226677098252
3047,126.06547087336561,0.5210609854870413
3048,126.10683093598811,0.5209051525562088
3049,126.14819099861062,0.5207548904780922
3050,126.18955106123309,0.5206098559863149
3051,126.23091112385562,0.5204696496281164
3052,126.2722711864781,0.5203338256467492
3053,126.3136312491006,0.5202019026587358
3054,126.3549913117231,0.5200733746367422
3055,126.3963513743456,0.5199477217011202
3056,126.43771143696807,0.5198244202518594
3057,126.47907149959057,0.5197029520378256
3058,126.52043156221308,0.5195828118568063
3059,126.56179162483555,0.5194635137010548
3060,126.60315168745805,0.5193445952987217
3061,126.64451175008055,0.5192256211404077
3062,126.68587181270306,0.5191061842092337
3063,126.72723187532556,0.5189859067402097
3064,126.76859193794803,0.5188644404096254
3065,126.80995200057053,0.518741466389869
3066,126.85131206319303,0.518616695693941
3067,126.89267212581554,0.5184898701784
3068,126.93403218843801,0.5183607644746443
3069,126.97539225106051,0.5182291889873102
3070,127.01675231368301,0.5180949939436512
3071,127.0581123763055,0.5179580743159591
3072,127.09947243892799,0.5178183752831534
3073,127.14083250155049,0.5176758977641774
3074,127.182192564173,0.5175307034588376
3075,127.2235526267955,0.5173829187806896
3076,127.264912689418,0.5172327370687579
3077,127.30627275204047,0.5170804185239413
3078,127.34763281466297,0.5169262874261858
3079,127.38899287728547,0.516770726345702
3080,127.43035293990795,0.5166141672516057
3081,127.47171300253045,0.5164570796309566
3082,127.51307306515295,0.5162999559445759
3083,127.55443312777545,0.5161432949442072
3084,127.59579319039794,0.515987583546295
3085,127.63715325302046,0.5158332780846114
3086,127.67851331564293,0.515680785839976
3087,127.71987337826542,0.5155304477624941
3088,127.76123344088793,0.5153825232606984
3089,127.80259350351041,0.5152371778349658
3090,127.84395356613291,0.5150944741859892
3091,127.88531362875541,0.5149543672453979
3092,127.92667369137791,0.5148167033646492
3093,127.96803375400039,0.5146812236772167
3094,128.00939381662292,0.5145475714303022
3095,128.0507538792454,0.5144153028809674
3096,128.09211394186786,0.5142839011793973
3097,128.13347400449038,0.5141527925302328
3098,128.17483406711287,0.5140213638369301
3099,128.21619412973538,0.513888980999705
3100,128.25755419235787,0.513755007053359
3101,128.29891425498036,0.5136188193953195
3102,128.34027431760285,0.5134798254578606
3103,128.38163438022536,0.5133374763162056
3104,128.42299444284785,0.5131912778795131
3105,128.46435450547034,0.5130407994777554
3106,128.50571456809286,0.5128856798175733
3107,128.54707463071534,0.512725630425083
3108,128.58843469333783,0.5125604368126678
3109,128.62979475596032,0.5123899576932316
3110,128.67115481858283,0.5122141226158791
3111,128.71251488120532,0.5120329284091824
3112,128.7538749438278,0.5118464347984027
3113,128.79523500645033,0.5116547595131514
3114,128.83659506907279,0.5114580731339168
3115,128.8779551316953,0.5112565938461211
3116,128.9193151943178,0.5110505821923371
3117,128.9606752569403,0.5108403358411534
3118,129.0020353195628,0.5106261843396892
3119,129.04339538218528,0.5104084837841123
3120,129.08475544480777,0.5101876113357141
3121,129.12611550743028,0.509963959528368
3122,129.16747557005277,0.509737930350194
3123,129.20883563267526,0.5095099291359253
3124,129.25019569529775,0.5092803583671797
3125,129.29155575792026,0.5090496115376502
3126,129.33291582054275,0.5088180672916982
3127,129.37427588316524,0.5085860840800979
3128,129.41563594578773,0.5083539955899355
3129,129.45699600841024,0.5081221071946556
3130,129.49835607103273,0.5078906936333629
3131,129.53971613365522,0.5076599980678991
3132,129.5810761962777,0.5074302325853891
3133,129.62243625890022,0.507201580121681
3134,129.6637963215227,0.5069741976803869
3135,129.7051563841452,0.5067482206267617
3136,129.74651644676769,0.5065237677485114
3137,129.7878765093902,0.5063009467093428
3138,129.8292365720127,0.5060798594768383
3139,129.8705966346352,0.5058606072934734
3140,129.9119566972577,0.5056432947772319
3141,129.95331675988018,0.5054280327874112
3142,129.99467682250267,0.5052149397705618
3143,130.03603688512518,0.5050041414054567
3144,130.07739694774764,0.5047957684884378
3145,130.11875701037016,0.5045899531339273
3146,130.16011707299265,0.5043868235004867
3147,130.20147713561516,0.5041864973799018
3148,130.24283719823762,0.5039890750984469
3149,130.28419726086014,0.5037946322642408
3150,130.32555732348263,0.503603212947663
3151,130.36691738610511,0.5034148238959592
3152,130.40827744872763,0.50322943035786
3153,130.44963751135012,0.5030469540243595
3154,130.4909975739726,0.5028672734862454
3155,130.53235763659512,0.5026902274680831
3156,130.5737176992176,0.5025156209312772
3157,130.6150777618401,0.5023432339585833
3158,130.6564378244626,0.5021728331459263
3159,130.6977978870851,0.5020041850515408
3160,130.73915794970756,0.501837071097628
3161,130.7805180123301,0.5016713031974908
3162,130.82187807495256,0.5015067393015388
3163,130.86323813757508,0.5013432980243905
3164,130.90459820019757,0.5011809715364223
3165,130.94595826282008,0.5010198359745588
3166,130.98731832544254,0.5008600587461012
3167,131.02867838806506,0.5007019022557428
3168,131.07003845068755,0.500545723770142
3169,131.11139851331004,0.5003919713327728
3170,131.15275857593255,0.500241175841622
3171,131.19411863855504,0.5000939395880054
3172,131.23547870117753,0.49995092171669875
3173,131.27683876380004,0.4998128211948508
3174,131.31819882642253,0.49968035796336074
3175,131.35955888904502,0.49955425298689626
3176,131.4009189516675,0.49943520791851326
3177,131.44227901429002,0.4993238850554958
3178,131.48363907691248,0.49922088819048976
3179,131.524999139535,0.4991267448694055
3180,131.56635920215749,0.49904189045658404
3181,131.60771926478,0.4989666542994822
3182,131.6490793274025,0.49890124817748877
3183,131.69043939002498,0.49884575713032697
3184,131.73179945264746,0.4988001326890643
3185,131.77315951526998,0.4987641884843624
3186,131.81451957789247,0.49873759818135394
3187,131.85587964051496,0.49871989568600633
3188,131.89723970313744,0.49871047758128423
3189,131.93859976575996,0.4987086077742846
3190,131.97995982838245,0.4987134243633817
3191,132.02131989100496,0.49872394875829584
3192,132.06267995362742,0.49873909709845726
3193,132.10404001624994,0.49875769401162845
3194,132.14540007887243,0.49877848872914143
3195,132.18676014149494,0.4988001735252744
3196,132.2281202041174,0.4988214043766322
3197,132.26948026673992,0.4988408236445185
3198,132.3108403293624,0.4988570844754021
3199,132.3522003919849,0.4988688764985534
3200,132.39356045460738,0.49887495228462964
3201,132.4349205172299,0.498874153923658
3202,132.47628057985239,0.49886543899535524
3203,132.5176406424749,0.4988479051484482
3204,132.55900070509736,0.4988208124833379
3205,132.60036076771988,0.4987836029514835
3206,132.64172083034236,0.49873591604642653
3207,132.68308089296488,0.49867760016048196
3208,132.72444095558734,0.4986087191207796
3209,132.76580101820986,0.4985295535828072
3210,132.80716108083237,0.49844059714590194
3211,132.84852114345486,0.4983425472496564
3212,132.88988120607732,0.49823629110177364
3213,132.93124126869984,0.4981228870669419
3214,132.97260133132232,0.49800354210131015
3215,133.01396139394484,0.49787958594419074
3216,133.05532145656733,0.4977524428674973
3217,133.09668151918981,0.4976236018382788
3218,133.1380415818123,0.4974945859649258
3219,133.17940164443482,0.49736692208025496
3220,133.2207617070573,0.4972421112670727
3221,133.2621217696798,0.49712160105999004
3222,133.30348183230228,0.4970067599680219
3223,133.34484189492477,0.49689885486115526
3224,133.38620195754729,0.49679903165697764
3225,133.4275620201698,0.49670829963425545
3226,133.46892208279226,0.49662751959283685
3227,133.51028214541475,0.4965573959771849
3228,133.55164220803726,0.49649847298130767
3229,133.59300227065978,0.49645113456235235
3230,133.63436233328224,0.4964156082031424
3231,133.67572239590476,0.49639197218318337
3232,133.71708245852724,0.4963801660433648
3233,133.75844252114976,0.4963800038601
3234,133.79980258377225,0.4963911898823049
3235,133.84116264639474,0.4964133360301788
3236,133.88252270901722,0.49644598070937146
3237,133.92388277163974,0.4964886083603966
3238,133.96524283426223,0.4965406691418297
3239,134.00660289688471,0.496601598140528
3240,134.0479629595072,0.49667083351200286
3241,134.0893230221297,0.49674783298283304
3242,134.1306830847522,0.49683208819292085
3243,134.17204314737472,0.49692313641989433
3244,134.21340320999718,0.49702056930947075
3245,134.25476327261967,0.4971240383334294
3246,134.29612333524216,0.49723325680761704
3247,134.3374833978647,0.49734799842552163
3248,134.37884346048716,0.4974680923923353
3249,134.42020352310968,0.4975934153784785
3250,134.46156358573216,0.4977238806441584
3251,134.50292364835468,0.49785942481332335
3252,134.54428371097714,0.49799999289039554
3253,134.58564377359966,0.4981455222109828
3254,134.62700383622214,0.4982959260927517
3255,134.66836389884463,0.49845107799892
3256,134.70972396146715,0.4986107970403213
3257,134.75108402408964,0.49877483561829433
3258,134.79244408671212,0.49894286994845977
3259,134.8338041493346,0.4991144941036273
3260,134.87516421195713,0.4992892180748219
3261,134.91652427457961,0.49946647017688695
3262,134.9578843372021,0.49964560392467106
3263,134.9992443998246,0.4998259092882772
3264,135.04060446244708,0.50000662800789
3265,135.08196452506962,0.500186972426363
3266,135.12332458769208,0.5003661470896908
3267,135.16468465031457,0.5005433721859028
3268,135.20604471293706,0.5007179077538056
3269,135.2474047755596,0.5008890775023846
3270,135.28876483818206,0.5010562910484111
3271,135.33012490080458,0.5012190634080236
3272,135.37148496342704,0.5013770306691048
3273,135.41284502604955,0.5015299609208815
3274,135.45420508867207,0.5016777597220743
3275,135.49556515129456,0.5018204696365982
3276,135.53692521391704,0.5019582636458387
3277,135.57828527653953,0.5020914325434394
3278,135.61964533916202,0.5022203667180996
3279,135.66100540178454,0.5023455330128258
3280,135.70236546440702,0.5024674476049867
3281,135.7437255270295,0.5025866460606792
3282,135.785085589652,0.5027036518728961
3283,135.82644565227451,0.5028189448833842
3284,135.867805714897,0.5029329310092399
3285,135.9091657775195,0.5030459146464488
3286,135.95052584014198,0.5031580750029458
3287,135.99188590276447,0.5032694474353305
3288,136.03324596538698,0.5033799106277789
3289,136.0746060280095,0.5034891801802516
3290,136.11596609063196,0.5035968088738234
3291,136.15732615325444,0.5037021935750537
3292,136.19868621587696,0.5038045884435899
3293,136.24004627849948,0.5039031238357778
3294,136.28140634112194,0.5039968300663704
3295,136.32276640374445,0.5040846650132932
3296,136.36412646636694,0.5041655444359717
3297,136.40548652898946,0.5042383738303239
3298,136.44684659161194,0.5043020806620181
3299,136.48820665423443,0.5043556459012767
3300,136.52956671685692,0.50439813391352
3301,136.57092677947944,0.5044287199317006
3302,136.61228684210192,0.5044467145280707
3303,136.6536469047244,0.5044515847004117
3304,136.6950069673469,0.5044429713734857
3305,136.7363670299694,0.5044207032755165
3306,136.7777270925919,0.5043848072710687
3307,136.81908715521442,0.5043355153097048
3308,136.86044721783688,0.5042732681826874
3309,136.90180728045937,0.5041987162716121
3310,136.94316734308188,0.5041127174318726
3311,136.9845274057044,0.5040163320918355
3312,137.02588746832686,0.5039108155803491
3313,137.06724753094937,0.5037976076329886
3314,137.10860759357186,0.5036783189884547
3315,137.14996765619438,0.5035547149753083
3316,137.19132771881684,0.50342869601699
3317,137.23268778143935,0.5033022750501494
3318,137.27404784406184,0.5031775519520555
3319,137.31540790668433,0.5030566852049845
3320,137.35676796930684,0.502941861172911
3321,137.39812803192933,0.5028352615200088
3322,137.43948809455182,0.5027390294437282
3323,137.4808481571743,0.5026552355184617
3324,137.52220821979682,0.5025858440325705
3325,137.5635682824193,0.5025326807495788
3326,137.6049283450418,0.5024974030219792
3327,137.6462884076643,0.5024814731397585
3328,137.6876484702868,0.5024861357004546
3329,137.72900853290932,0.5025123996570866
3330,137.77036859553178,0.5025610255362005
3331,137.81172865815427,0.5026325181351556
3332,137.85308872077678,0.5027271248160707
3333,137.89444878339924,0.5028448393195865
3334,137.93580884602176,0.5029854108416522
3335,137.97716890864427,0.5031483579510286
3336,138.01852897126676,0.5033329867858749
3337,138.05988903388925,0.5035384128543771
3338,138.10124909651176,0.503763585681474
3339,138.14260915913425,0.5040073154889009
3340,138.18396922175674,0.5042683010690727
3341,138.22532928437923,0.5045451580133063
3342,138.26668934700172,0.5048364464760703
3343,138.30804940962423,0.5051406977001498
3344,138.34940947224672,0.505456438589299
3345,138.3907695348692,0.505782213692336
3346,138.4321295974917,0.5061166040569998
3347,138.47348966011424,0.5064582425208851
3348,138.5148497227367,0.5068058251294005
3349,138.5562097853592,0.5071581185066437
3350,138.59756984798167,0.5075139631533586
3351,138.63892991060416,0.5078722727998229
3352,138.68028997322668,0.5082320301004043
3353,138.7216500358492,0.5085922791125201
3354,138.76301009847168,0.5089521151475785
3355,138.80437016109414,0.5093106727087255
3356,138.84573022371666,0.509667112330534
3357,138.88709028633917,0.5100206072001093
3358,138.92845034896166,0.5103703304616924
3359,138.96981041158415,0.5107154440837195
3360,139.01117047420664,0.511055090092995
3361,139.05253053682915,0.5113883848607456
3362,139.09389059945164,0.5117144169627963
3363,139.13525066207413,0.5120322489371212
3364,139.17661072469662,0.5123409230412124
3365,139.2179707873191,0.512639470880586
3366,139.25933084994162,0.5129269265515016
3367,139.3006909125641,0.513202342731815
3368,139.3420509751866,0.5134648089778457
3369,139.38341103780908,0.5137134713506271
3370,139.4247711004316,0.5139475524129102
3371,139.46613116305411,0.514166370613147
3372,139.50749122567657,0.5143693581038637
3373,139.54885128829906,0.5145560761272785
3374,139.59021135092158,0.5147262272356199
3375,139.6315714135441,0.5148796637848165
3376,139.67293147616655,0.5150163923389114
3377,139.71429153878907,0.515136573837263
3378,139.75565160141156,0.515240519590513
3379,139.79701166403407,0.5153286833755302
3380,139.83837172665656,0.5154016500831512
3381,139.87973178927905,0.5154601215234691
3382,139.92109185190154,0.5155049001077574
3383,139.96245191452402,0.5155368711984533
3384,140.00381197714654,0.5155569849462064
3385,140.04517203976903,0.5155662384150264
3386,140.08653210239152,0.5155656587410768
3387,140.127892165014,0.515556287971295
3388,140.16925222763652,0.5155391701029273
3389,140.210612290259,0.5155153406910415
3390,140.2519723528815,0.5154858192231871
3391,140.29333241550398,0.5154516042828905
3392,140.3346924781265,0.5154136713494997
3393,140.37605254074901,0.5153729729172082
3394,140.41741260337147,0.5153304404705699
3395,140.45877266599396,0.5152869877373687
3396,140.50013272861648,0.515243514555294
3397,140.54149279123894,0.515200910644528
3398,140.58285285386145,0.5151600585770771
3399,140.62421291648397,0.5151218352739706
3400,140.66557297910646,0.5150871114451532
3401,140.70693304172894,0.5150567485070453
3402,140.74829310435146,0.5150315926659194
3403,140.78965316697395,0.5150124660292843
3404,140.83101322959644,0.5150001547975371
3405,140.87237329221892,0.5149953947784797
3406,140.9137333548414,0.5149988546479973
3407,140.95509341746393,0.5150111175437511
3408,140.99645348008642,0.5150326617084059
3409,141.0378135427089,0.5150638409935367
3410,141.07917360533142,0.5151048660859746
3411,141.12053366795394,0.5151557873224515
3412,141.1618937305764,0.5152164799159163
3413,141.20325379319888,0.5152866323359969
3414,141.2446138558214,0.5153657384633885
3415,141.28597391844386,0.5154530939913398
3416,141.32733398106637,0.5155477973820866
3417,141.3686940436889,0.5156487555111091
3418,141.41005410631138,0.5157546939614867
3419,141.45141416893384,0.515864171771514
3420,141.49277423155635,0.5159756002991237
3421,141.53413429417887,0.516087265749723
3422,141.57549435680136,0.5161973548287071
3423,141.61685441942385,0.5163039829172635
3424,141.65821448204633,0.516405224135432
3425,141.69957454466885,0.5164991426423244
3426,141.74093460729134,0.5165838245246807
3427,141.78229466991382,0.5166574096368481
3428,141.8236547325363,0.5167181227735536
3429,141.8650147951588,0.5167643035768372
3430,141.90637485778132,0.5167944345971871
3431,141.9477349204038,0.5168071669528486
3432,141.98909498302632,0.516801343052949
3433,142.03045504564878,0.5167760158830333
3434,142.0718151082713,0.516730464394864
3435,142.1131751708938,0.5166642046031973
3436,142.1545352335163,0.5165769960739034
3437,142.19589529613876,0.5164688435926083
3438,142.23725535876127,0.5163399939316671
3439,142.2786154213838,0.516190927778994
3440,142.31997548400628,0.5160223470548293
3441,142.36133554662877,0.5158351580055833
3442,142.40269560925125,0.515630450622323
3443,142.44405567187377,0.5154094750726971
3444,142.48541573449626,0.5151736159447282
3445,142.52677579711875,0.5149243651735348
3446,142.56813585974123,0.5146632945490259
3447,142.60949592236372,0.5143920286797194
3448,142.65085598498624,0.5141122192167883
3449,142.69221604760872,0.5138255210288929
3450,142.7335761102312,0.5135335708673927
3451,142.7749361728537,0.5132379688863403
3452,142.81629623547622,0.512940263195218
3453,142.8576562980987,0.5126419374365901
3454,142.89901636072122,0.5123444012084533
3455,142.94037642334368,0.5120489830062305
3456,142.9817364859662,0.5117569252459607
3457,143.0230965485887,0.5114693808578391
3458,143.0644566112112,0.511187410910302
3459,143.10581667383366,0.5109119827351782
3460,143.14717673645617,0.5106439680740159
3461,143.18853679907863,0.5103841408491641
3462,143.22989686170118,0.5101331742685905
3463,143.27125692432367,0.509891637099263
3464,143.31261698694615,0.5096599890757126
3465,143.35397704956864,0.5094385755447627
3466,143.39533711219116,0.5092276215728319
3467,143.43669717481365,0.5090272258564656
3468,143.47805723743613,0.5088373548707562
3469,143.51941730005862,0.508657837760621
3470,143.5607773626811,0.5084883625253254
3471,143.60213742530362,0.5083284740609306
3472,143.6434974879261,0.508177574608689
3473,143.6848575505486,0.5080349271101956
3474,143.72621761317112,0.5078996618909347
3475,143.76757767579363,0.5077707869824529
3476,143.8089377384161,0.5076472022606449
3477,143.85029780103858,0.5075277174166508
3478,143.8916578636611,0.5074110736033486
3479,143.93301792628355,0.5072959684190129
3480,143.9743779889061,0.5071810837070801
3481,144.0157380515286,0.5070651154815368
3482,144.05709811415107,0.5069468051387073
3483,144.09845817677353,0.5068249710000893
3484,144.13981823939605,0.50669853915243
3485,144.18117830201857,0.5065665725259851
3486,144.22253836464105,0.5064282971720947
3487,144.26389842726354,0.5062831247792046
3488,144.30525848988603,0.5061306705932224
3489,144.34661855250855,0.5059707660807097
3490,144.38797861513103,0.5058034658814238
3491,144.42933867775352,0.5056290488310791
3492,144.470698740376,0.5054480130799899
3493,144.5120588029985,0.5052610655757025
3494,144.553418865621,0.5050691064057362
3495,144.5947789282435,0.5048732086939479
3496,144.63613899086602,0.5046745949021916
3497,144.67749905348848,0.5044746105021638
3498,144.718859116111,0.5042746960399623
3499,144.7602191787335,0.5040763586223164
3500,144.801579241356,0.5038811438063291
3501,144.84293930397845,0.5036906087813917
3502,144.88429936660097,0.5035062975949764
3503,144.9256594292235,0.5033297190104774
3504,144.96701949184597,0.5031623273962307
3505,145.00837955446846,0.5030055068480002
3506,145.04973961709095,0.5028605585527701
3507,145.09109967971347,0.502728691218335
3508,145.13245974233595,0.5026110142323342
3509,145.17381980495844,0.5025085330861346
3510,145.21517986758093,0.5024221465068638
3511,145.25653993020342,0.5023526446889411
3512,145.29789999282593,0.5023007080136528
3513,145.33926005544842,0.5022669056785366
3514,145.38062011807094,0.5022516937365822
3515,145.4219801806934,0.5022554121560925
3516,145.46334024331588,0.5022782806503222
3517,145.5047003059384,0.5023203931818978
3518,145.54606036856092,0.5023817112127728
3519,145.58742043118338,0.5024620559340106
3520,145.6287804938059,0.502561099859922
3521,145.6701405564284,0.5026783583042668
3522,145.7115006190509,0.5028131813570271
3523,145.75286068167335,0.5029647470475983
3524,145.79422074429587,0.503132056409557
3525,145.83558080691836,0.5033139311476174
3526,145.87694086954087,0.5035090145526376
3527,145.91830093216336,0.5037157762158527
3528,145.95966099478585,0.5039325209632108
3529,146.00102105740834,0.5041574022684372
3530,146.04238112003085,0.50438844022317
3531,146.08374118265334,0.504623543942979
3532,146.12510124527583,0.5048605380885669
3533,146.16646130789832,0.505097192987409
3534,146.2078213705208,0.5053312576639228
3535,146.24918143314332,0.5055604949360247
3536,146.29054149576584,0.505782717622949
3537,146.3319015583883,0.505995824839333
3538,146.3732616210108,0.5061978373262067
3539,146.41462168363333,0.5063869308001653
3540,146.45598174625582,0.5065614663756364
3541,146.49734180887828,0.5067200172351997
3542,146.5387018715008,0.5068613908798341
3543,146.58006193412328,0.5069846464718727
3544,146.6214219967458,0.5070891069786528
3545,146.66278205936828,0.5071743660238481
3546,146.70414212199077,0.5072402895390489
3547,146.74550218461326,0.5072870124732101
3548,146.78686224723575,0.5073149309551859
3549,146.82822230985826,0.5073246904031516
3550,146.86958237248075,0.5073171701373319
3551,146.91094243510324,0.5072934650803627
3552,146.95230249772573,0.5072548651204094
3553,146.99366256034824,0.5072028326795286
3554,147.03502262297073,0.5071389789766019
3555,147.07638268559322,0.5070650394104067
3556,147.1177427482157,0.5069828484196518
3557,147.1591028108382,0.50689431411703
3558,147.20046287346074,0.5068013929382886
3559,147.2418229360832,0.5067060645095888
3560,147.2831829987057,0.5066103069121984
3561,147.32454306132817,0.5065160725149034
3562,147.36590312395072,0.5064252645489831
3563,147.40726318657318,0.506339714616324
3564,147.4486232491957,0.5062611613425919
3565,147.48998331181815,0.5061912304075338
3566,147.53134337444067,0.5061314162077899
3567,147.57270343706318,0.5060830654147741
3568,147.61406349968567,0.5060473626923143
3569,147.65542356230816,0.5060253188249831
3570,147.69678362493065,0.5060177614789081
3571,147.73814368755316,0.5060253287733523
3572,147.77950375017565,0.506048465784886
3573,147.82086381279814,0.5060874240387532
3574,147.86222387542063,0.5061422639664365
3575,147.9035839380431,0.5062128602334995
3576,147.94494400066563,0.5062989097650081
3577,147.98630406328812,0.5063999422266545
3578,148.02766412591063,0.5065153326613201
3579,148.0690241885331,0.5066443159326841
3580,148.11038425115558,0.5067860025947738
3581,148.1517443137781,0.5069393957877735
3582,148.1931043764006,0.5071034087559141
3583,148.23446443902307,0.507276882589148
3584,148.2758245016456,0.5074586038105989
3585,148.3171845642681,0.5076473214552458
3586,148.3585446268906,0.5078417633180443
3587,148.39990468951305,0.5080406510870445
3588,148.44126475213557,0.5082427141175392
3589,148.48262481475805,0.5084467016483787
3590,148.52398487738057,0.5086513933123906
3591,148.56534494000306,0.5088556078489114
3592,148.60670500262555,0.5090582099880891
3593,148.64806506524803,0.5092581155472408
3594,148.68942512787055,0.509454294852901
3595,148.73078519049304,0.5096457746797503
3596,148.77214525311553,0.509831638975048
3597,148.813505315738,0.5100110287066804
3598,148.8548653783605,0.5101831412314464
3599,148.89622544098302,0.5103472296184954
3600,148.93758550360553,0.5105026023784561
3601,148.978945566228,0.5106486240301793
3602,149.0203056288505,0.510784716891699
3603,149.061665691473,0.5109103643979668
3604,149.1030257540955,0.5110251161377435
3605,149.14438581671797,0.5111285946670828
3606,149.1857458793405,0.5112205040055923
3607,149.22710594196298,0.5113006395674211
3608,149.2684660045855,0.5113688991317855
3609,149.30982606720798,0.5114252943311682
3610,149.35118612983047,0.5114699620372266
3611,149.39254619245295,0.5115031749700449
3612,149.43390625507544,0.5115253508413791
3613,149.47526631769796,0.5115370593768018
3614,149.51662638032045,0.51153902663941
3615,149.55798644294293,0.5115321361907113
3616,149.59934650556542,0.5115174267657774
3617,149.64070656818794,0.5114960862967346
3618,149.68206663081045,0.5114694422781021
3619,149.7234266934329,0.5114389486166715
3620,149.7647867560554,0.5114061692396132
3621,149.80614681867792,0.5113727588359803
3622,149.84750688130043,0.5113404411753583
3623,149.8888669439229,0.5113109854867649
3624,149.9302270065454,0.5112861813865107
3625,149.9715870691679,0.511267812829331
