,Energy Transfer (meV),IPR,PPR,1/N
0,0.04136006262249528,9.929506462224904e-05,0.3937365704744044,3.90960982093987e-05
1,0.08272012524499056,9.923731338492502e-05,0.39396570580011014,3.90960982093987e-05
2,0.12408018786748584,9.914085752425407e-05,0.3943490018717473,3.90960982093987e-05
3,0.16544025048998112,9.900539289262027e-05,0.39488857189629795,3.90960982093987e-05
4,0.2068003131124764,9.883050106166224e-05,0.395587372212207,3.90960982093987e-05
5,0.24816037573497168,9.861566586917857e-05,0.39644916317112083,3.90960982093987e-05
6,0.28952043835746694,9.836030577301178e-05,0.39747841268022915,3.90960982093987e-05
7,0.33088050097996224,9.806382701231616e-05,0.3986801188626719,3.90960982093987e-05
8,0.37224056360245755,9.772570049809214e-05,0.4000595340850175,3.90960982093987e-05
9,0.4136006262249528,9.734556209373756e-05,0.4016217829401576,3.90960982093987e-05
10,0.4549606888474481,9.692333195048904e-05,0.40337138047802573,3.90960982093987e-05
11,0.49632075146994337,9.645934451162003e-05,0.40531167205567076,3.90960982093987e-05
12,0.5376808140924386,9.595447748574323e-05,0.40744423015807196,3.90960982093987e-05
13,0.5790408767149339,9.541026625152546e-05,0.4097682539353947,3.90960982093987e-05
14,0.6204009393374292,9.482899028867651e-05,0.41228002207324094,3.90960982093987e-05
15,0.6617610019599245,9.421372044752624e-05,0.41497244800107297,3.90960982093987e-05
16,0.7031210645824197,9.356831985644805e-05,0.41783477858082413,3.90960982093987e-05
17,0.7444811272049151,9.289739634685677e-05,0.42085246462046333,3.90960982093987e-05
18,0.7858411898274104,9.220620957312955e-05,0.42400721589570656,3.90960982093987e-05
19,0.8272012524499056,9.150054065053454e-05,0.4272772371773992,3.90960982093987e-05
20,0.868561315072401,9.078653545454672e-05,0.43063762719497756,3.90960982093987e-05
21,0.9099213776948962,9.007053436024489e-05,0.4340609111191733,3.90960982093987e-05
22,0.9512814403173915,8.935890113449251e-05,0.437517669902362,3.90960982093987e-05
23,0.9926415029398867,8.865786219699827e-05,0.44097722684229573,3.90960982093987e-05
24,1.034001565562382,8.797336498986287e-05,0.44440835261790573,3.90960982093987e-05
25,1.0753616281848772,8.731096124885507e-05,0.4477799539735497,3.90960982093987e-05
26,1.1167216908073725,8.667571801766554e-05,0.45106171720931637,3.90960982093987e-05
27,1.1580817534298677,8.607215664326327e-05,0.4542246846612352,3.90960982093987e-05
28,1.1994418160523632,8.550421795072934e-05,0.4572417495465231,3.90960982093987e-05
29,1.2408018786748585,8.497525040381393e-05,0.46008806121322077,3.90960982093987e-05
30,1.2821619412973537,8.448801729178605e-05,0.46274133850694155,3.90960982093987e-05
31,1.323522003919849,8.40447187533272e-05,0.4651820934060886,3.90960982093987e-05
32,1.3648820665423442,8.36470246294252e-05,0.46739377022198997,3.90960982093987e-05
33,1.4062421291648395,8.329611459596516e-05,0.46936280760558435,3.90960982093987e-05
34,1.447602191787335,8.299272264162684e-05,0.4710786315352086,3.90960982093987e-05
35,1.4889622544098302,8.273718362652468e-05,0.4725335876294549,3.90960982093987e-05
36,1.5303223170323255,8.252948030632357e-05,0.47372282079429356,3.90960982093987e-05
37,1.5716823796548207,8.236928978347721e-05,0.4746441096210732,3.90960982093987e-05
38,1.613042442277316,8.225602882088578e-05,0.4752976623091211,3.90960982093987e-05
39,1.6544025048998112,8.218889780977773e-05,0.4756858803470604,3.90960982093987e-05
40,1.6957625675223067,8.216692342122071e-05,0.4758130958485128,3.90960982093987e-05
41,1.737122630144802,8.218900009683298e-05,0.4756852883395184,3.90960982093987e-05
42,1.7784826927672972,8.225393056167752e-05,0.4753097869296687,3.90960982093987e-05
43,1.8198427553897925,8.236046548765902e-05,0.4746949641179105,3.90960982093987e-05
44,1.8612028180122877,8.250734231641587e-05,0.4738499279187186,3.90960982093987e-05
45,1.902562880634783,8.269332308533523e-05,0.47278421945933347,3.90960982093987e-05
46,1.9439229432572784,8.291723090590669e-05,0.47150752361429443,3.90960982093987e-05
47,1.9852830058797735,8.317798453677683e-05,0.4700294005334129,3.90960982093987e-05
48,2.0266430685022687,8.347463028915466e-05,0.4683590460235703,3.90960982093987e-05
49,2.068003131124764,8.38063703128726e-05,0.46650508861608064,3.90960982093987e-05
50,2.1093631937472592,8.417258614957474e-05,0.464475430752774,3.90960982093987e-05
51,2.1507232563697545,8.457285631576515e-05,0.4622771408290586,3.90960982093987e-05
52,2.1920833189922497,8.500696660314536e-05,0.45991640181584953,3.90960982093987e-05
53,2.233443381614745,8.547491176660753e-05,0.4573985208215491,3.90960982093987e-05
54,2.2748034442372402,8.597688732072443e-05,0.45472800223106846,3.90960982093987e-05
55,2.3161635068597355,8.651327029258884e-05,0.4519086849586805,3.90960982093987e-05
56,2.357523569482231,8.708458799038893e-05,0.44894394187997455,3.90960982093987e-05
57,2.3988836321047264,8.769147414920036e-05,0.4458369367001366,3.90960982093987e-05
58,2.4402436947272217,8.833461221142572e-05,0.4425909304477796,3.90960982093987e-05
59,2.481603757349717,8.901466598782484e-05,0.4392096265883439,3.90960982093987e-05
60,2.522963819972212,8.973219851923088e-05,0.43569754062160704,3.90960982093987e-05
61,2.5643238825947074,9.048758060509187e-05,0.43206037721378426,3.90960982093987e-05
62,2.6056839452172027,9.12808911605041e-05,0.4283053957115069,3.90960982093987e-05
63,2.647044007839698,9.211181227859161e-05,0.4244417435969319,3.90960982093987e-05
64,2.6884040704621937,9.297952257093515e-05,0.42048073735345154,3.90960982093987e-05
65,2.7297641330846885,9.38825929906646e-05,0.41643607152271883,3.90960982093987e-05
66,2.771124195707184,9.48188898607067e-05,0.4123239395318028,3.90960982093987e-05
67,2.812484258329679,9.578549018248883e-05,0.4081630540796263,3.90960982093987e-05
68,2.8538443209521747,9.677861443964752e-05,0.4039745602452241,3.90960982093987e-05
69,2.89520438357467,9.779358199447452e-05,0.3997818406079827,3.90960982093987e-05
70,2.936564446197165,9.882479377180611e-05,0.3956102180154763,3.90960982093987e-05
71,2.9779245088196604,9.986574621959868e-05,0.3914865676107679,3.90960982093987e-05
72,3.019284571442156,0.00010090907953101633,0.3874388547700683,3.90960982093987e-05
73,3.060644634064651,0.00010194666183312379,0.38349561924249176,3.90960982093987e-05
74,3.1020046966871466,0.00010296970953737269,0.3796854277345401,3.90960982093987e-05
75,3.1433647593096414,0.00010396894237322398,0.3760363173557439,3.90960982093987e-05
76,3.184724821932137,0.00010493476987116792,0.3725752508667846,3.90960982093987e-05
77,3.226084884554632,0.00010585750432277657,0.3693276018503932,3.90960982093987e-05
78,3.2674449471771276,0.00010672759362675009,0.36631668419440216,3.90960982093987e-05
79,3.3088050097996224,0.0001075358660367446,0.3635633361248954,3.90960982093987e-05
80,3.350165072422118,0.00010827377775716726,0.36108556493781996,3.90960982093987e-05
81,3.3915251350446134,0.00010893365367148117,0.35889825496263567,3.90960982093987e-05
82,3.4328851976671086,0.00010950891129762926,0.35701293845522036,3.90960982093987e-05
83,3.474245260289604,0.00010999425838389554,0.35543762723457606,3.90960982093987e-05
84,3.5156053229120996,0.00011038585539282792,0.35417670199019796,3.90960982093987e-05
85,3.5569653855345944,0.0001106814354446803,0.35323085621652717,3.90960982093987e-05
86,3.59832544815709,0.00011088037604697818,0.3525970924993466,3.90960982093987e-05
87,3.639685510779585,0.00011098371903495066,0.35226877013453367,3.90960982093987e-05
88,3.6810455734020806,0.00011099413747542348,0.3522357045033611,3.90960982093987e-05
89,3.7224056360245754,0.00011091585071273908,0.3524843199431763,3.90960982093987e-05
90,3.763765698647071,0.00011075449111842714,0.3529978587287641,3.90960982093987e-05
91,3.805125761269566,0.00011051692830563295,0.3537566489477432,3.90960982093987e-05
92,3.8464858238920616,0.00011021105845425197,0.35473843330909743,3.90960982093987e-05
93,3.887845886514557,0.0001098455678523013,0.35591875916165716,3.90960982093987e-05
94,3.929205949137052,0.00010942968071077625,0.3572714272349024,3.90960982093987e-05
95,3.970566011759547,0.0001089729017044396,0.35876899300558784,3.90960982093987e-05
96,4.011926074382043,0.00010848476351944245,0.360383310439645,3.90960982093987e-05
97,4.053286137004537,0.00010797458897757332,0.3620861035879386,3.90960982093987e-05
98,4.094646199627033,0.00010745127611965477,0.3638495476392702,3.90960982093987e-05
99,4.136006262249528,0.00010692311305967984,0.36564683809362114,3.90960982093987e-05
100,4.177366324872024,0.00010639762758134715,0.3674527251982895,3.90960982093987e-05
101,4.2187263874945184,0.00010588147446641575,0.369243991042073,3.90960982093987e-05
102,4.260086450117014,0.00010538036154829008,0.37099984888060084,3.90960982093987e-05
103,4.301446512739509,0.00010489901359563273,0.37270224827954335,3.90960982093987e-05
104,4.342806575362005,0.00010444117145400365,0.37433607518101036,3.90960982093987e-05
105,4.3841666379844995,0.00010400962249077374,0.3758892424868358,3.90960982093987e-05
106,4.425526700606995,0.00010360625735463035,0.37735267355115426,3.90960982093987e-05
107,4.46688676322949,0.00010323214740294207,0.37872018739275476,3.90960982093987e-05
108,4.508246825851986,0.00010288763686737109,0.3799882998556584,3.90960982093987e-05
109,4.5496068884744805,0.00010257244389556353,0.3811559588967704,3.90960982093987e-05
110,4.590966951096976,0.00010228576497986214,0.38222423439953623,3.90960982093987e-05
111,4.632327013719471,0.0001020263779041458,0.38319598335765326,3.90960982093987e-05
112,4.673687076341967,0.00010179273913954856,0.3840755100990211,3.90960982093987e-05
113,4.715047138964462,0.00010158307252970768,0.38486823873106574,3.90960982093987e-05
114,4.756407201586957,0.00010139544705843823,0.385580411582643,3.90960982093987e-05
115,4.797767264209453,0.000101227842426265,0.3862188235205798,3.90960982093987e-05
116,4.839127326831948,0.00010107820202578423,0.3867905980304795,3.90960982093987e-05
117,4.880487389454443,0.00010094447365866976,0.3873030072116373,3.90960982093987e-05
118,4.921847452076939,0.00010082463895145474,0.3877633345974367,3.90960982093987e-05
119,4.963207514699434,0.00010071673288701998,0.38817877713780835,3.90960982093987e-05
120,5.00456757732193,0.0001006188551694309,0.38855638084497424,3.90960982093987e-05
121,5.045927639944424,0.00010052917528707808,0.3889030035087145,3.90960982093987e-05
122,5.08728770256692,0.00010044593314672712,0.38922529747708945,3.90960982093987e-05
123,5.128647765189415,0.00010036743703952249,0.3895297056753927,3.90960982093987e-05
124,5.170007827811911,0.00010029206049375636,0.3898224646788727,3.90960982093987e-05
125,5.211367890434405,0.00010021823929548619,0.39010960963030594,3.90960982093987e-05
126,5.252727953056901,0.00010014446964394844,0.390396976971371,3.90960982093987e-05
127,5.294088015679396,0.00010006930808073865,0.39069020221319906,3.90960982093987e-05
128,5.335448078301891,9.999137351308031e-05,0.39099471120160545,3.90960982093987e-05
129,5.376808140924387,9.990935136188556e-05,0.3913157044507996,3.90960982093987e-05
130,5.418168203546882,9.982199961987943e-05,0.3916581350631726,3.90960982093987e-05
131,5.459528266169377,9.972815641405585e-05,0.3920266814827877,3.90960982093987e-05
132,5.500888328791872,9.96267485349696e-05,0.3924257168312155,3.90960982093987e-05
133,5.542248391414368,9.951680032393416e-05,0.3928592768471068,3.90960982093987e-05
134,5.583608454036863,9.939744229382685e-05,0.39333102851708684,3.90960982093987e-05
135,5.624968516659358,9.926791889349777e-05,0.39384424137413404,3.90960982093987e-05
136,5.666328579281854,9.912759490000132e-05,0.39440176319054604,3.90960982093987e-05
137,5.707688641904349,9.89759600262525e-05,0.3950060014475112,3.90960982093987e-05
138,5.749048704526844,9.88126314529177e-05,0.3956589115636217,3.90960982093987e-05
139,5.79040876714934,9.863735412126122e-05,0.39636199244898,3.90960982093987e-05
140,5.831768829771835,9.84499987481698e-05,0.39711628955328454,3.90960982093987e-05
141,5.87312889239433,9.825055763766424e-05,0.39792240522013345,3.90960982093987e-05
142,5.914488955016826,9.803913845789942e-05,0.3987805158670136,3.90960982093987e-05
143,5.955849017639321,9.781595622564356e-05,0.399690395288997,3.90960982093987e-05
144,5.997209080261816,9.758132378865848e-05,0.4006514432420797,3.90960982093987e-05
145,6.038569142884312,9.73356411214053e-05,0.4016627183935093,3.90960982093987e-05
146,6.079929205506807,9.707938375224599e-05,0.40272297472731117,3.90960982093987e-05
147,6.121289268129302,9.681309062501502e-05,0.4038307005488457,3.90960982093987e-05
148,6.162649330751797,9.653735166824364e-05,0.4049841593309373,3.90960982093987e-05
149,6.204009393374293,9.625279530717823e-05,0.4061814317665124,3.90960982093987e-05
150,6.245369455996788,9.596007611149963e-05,0.40742045852455844,3.90960982093987e-05
151,6.286729518619283,9.565986273050861e-05,0.40869908332964666,3.90960982093987e-05
152,6.328089581241778,9.535282623117199e-05,0.41001509608760517,3.90960982093987e-05
153,6.369449643864274,9.503962892610145e-05,0.4113662758489732,3.90960982093987e-05
154,6.410809706486769,9.472091375974104e-05,0.4127504334318997,3.90960982093987e-05
155,6.452169769109264,9.439729431271634e-05,0.41416545351270767,3.90960982093987e-05
156,6.49352983173176,9.406934548548588e-05,0.41560933593856997,3.90960982093987e-05
157,6.534889894354255,9.373759493182182e-05,0.4170802359270523,3.90960982093987e-05
158,6.57624995697675,9.340251532751617e-05,0.4185765027023965,3.90960982093987e-05
159,6.617610019599245,9.306451757752031e-05,0.420096715988805,3.90960982093987e-05
160,6.658970082221741,9.272394508189419e-05,0.4216397196524464,3.90960982093987e-05
161,6.700330144844236,9.238106919499734e-05,0.42320465166813476,3.90960982093987e-05
162,6.741690207466731,9.203608602021795e-05,0.4247909694987496,3.90960982093987e-05
163,6.783050270089227,9.168911468228363e-05,0.4263984699260373,3.90960982093987e-05
164,6.824410332711722,9.134019720958971e-05,0.428027302368185,3.90960982093987e-05
165,6.865770395334217,9.0989300138729e-05,0.4296779747705489,3.90960982093987e-05
166,6.907130457956713,9.063631792331734e-05,0.43135135125939106,3.90960982093987e-05
167,6.948490520579208,9.028107818909483e-05,0.43304864090691786,3.90960982093987e-05
168,6.989850583201703,8.992334882881546e-05,0.4347713771628417,3.90960982093987e-05
169,7.031210645824199,8.95628468751106e-05,0.4365213877570863,3.90960982093987e-05
170,7.072570708446694,8.919924902909322e-05,0.43830075516271577,3.90960982093987e-05
171,7.113930771069189,8.88322036594712e-05,0.44011176801680435,3.90960982093987e-05
172,7.155290833691684,8.846134402362168e-05,0.44195686422036434,3.90960982093987e-05
173,7.19665089631418,8.808630240129111e-05,0.4438385667647875,3.90960982093987e-05
174,7.238010958936675,8.770672477596857e-05,0.44575941365115185,3.90960982093987e-05
175,7.27937102155917,8.732228565170867e-05,0.447721883567459,3.90960982093987e-05
176,7.320731084181665,8.693270255709608e-05,0.4497283192561623,3.90960982093987e-05
177,7.362091146804161,8.653774976616968e-05,0.4517808507274428,3.90960982093987e-05
178,7.403451209426656,8.613727076093264e-05,0.4538813206411765,3.90960982093987e-05
179,7.444811272049151,8.573118897412594e-05,0.4560312142783659,3.90960982093987e-05
180,7.4861713346716465,8.531951638521166e-05,0.45823159654213863,3.90960982093987e-05
181,7.527531397294142,8.490235959802786e-05,0.4604830583566824,3.90960982093987e-05
182,7.568891459916637,8.447992310438658e-05,0.4627856746636723,3.90960982093987e-05
183,7.610251522539132,8.405250953217966e-05,0.4651389759449203,3.90960982093987e-05
184,7.6516115851616275,8.362051678616104e-05,0.4675419348265616,3.90960982093987e-05
185,7.692971647784123,8.31844321096918e-05,0.4699929688507619,3.90960982093987e-05
186,7.734331710406618,8.274482322097398e-05,0.4724899599457807,3.90960982093987e-05
187,7.775691773029114,8.230232680093814e-05,0.475030290503926,3.90960982093987e-05
188,7.8170518356516085,8.185763472542706e-05,0.4776108953127919,3.90960982093987e-05
189,7.858411898274104,8.141147853458583e-05,0.48022832791065956,3.90960982093987e-05
190,7.8997719608966,8.09646127115911e-05,0.4828788392858156,3.90960982093987e-05
191,7.941132023519094,8.051779739573351e-05,0.4855584662512183,3.90960982093987e-05
192,7.982492086141589,8.007178117802396e-05,0.48826312633755664,3.90960982093987e-05
193,8.023852148764085,7.962728461904353e-05,0.4909887156951795,3.90960982093987e-05
194,8.06521221138658,7.918498508900647e-05,0.49373120630702183,3.90960982093987e-05
195,8.106572274009075,7.874550346121904e-05,0.49648673880982847,3.90960982093987e-05
196,8.14793233663157,7.83093930960858e-05,0.4992517074091954,3.90960982093987e-05
197,8.189292399254066,7.787713143940867e-05,0.5020228337482735,3.90960982093987e-05
198,8.230652461876561,7.744911443253004e-05,0.504797227132369,3.90960982093987e-05
199,8.272012524499056,7.702565380009379e-05,0.5075724291917805,3.90960982093987e-05
200,8.313372587121552,7.660697715171614e-05,0.5103464418387232,3.90960982093987e-05
201,8.354732649744047,7.619323071329845e-05,0.5131177381952782,3.90960982093987e-05
202,8.396092712366544,7.578448439869048e-05,0.5158852569837404,3.90960982093987e-05
203,8.437452774989037,7.538073884784537e-05,0.5186483816285411,3.90960982093987e-05
204,8.478812837611533,7.498193399687575e-05,0.5214069059758809,3.90960982093987e-05
205,8.520172900234028,7.458795871063023e-05,0.5241609890555531,3.90960982093987e-05
206,8.561532962856525,7.419866099962538e-05,0.5269111016652456,3.90960982093987e-05
207,8.602893025479018,7.38138583590438e-05,0.5296579677386365,3.90960982093987e-05
208,8.644253088101514,7.343334780538414e-05,0.5324025034649472,3.90960982093987e-05
209,8.68561315072401,7.305691524226597e-05,0.535145756972507,3.90960982093987e-05
210,8.726973213346506,7.268434385645566e-05,0.5378888510930168,3.90960982093987e-05
211,8.768333275968999,7.231542132317305e-05,0.5406329313173841,3.90960982093987e-05
212,8.809693338591496,7.194994568127699e-05,0.5433791205706552,3.90960982093987e-05
213,8.85105340121399,7.158772981908397e-05,0.5461284819088704,3.90960982093987e-05
214,8.892413463836487,7.122860458615516e-05,0.5488819897083578,3.90960982093987e-05
215,8.93377352645898,7.087242061173173e-05,0.5516405094103277,3.90960982093987e-05
216,8.975133589081477,7.051904896411323e-05,0.5544047854260555,3.90960982093987e-05
217,9.016493651703971,7.016838082521436e-05,0.5571754364232084,3.90960982093987e-05
218,9.057853714326468,6.982032638027534e-05,0.5599529569149019,3.90960982093987e-05
219,9.099213776948961,6.947481313419364e-05,0.5627377238695537,3.90960982093987e-05
220,9.140573839571458,6.913178386426011e-05,0.5655300069525717,3.90960982093987e-05
221,9.181933902193952,6.87911944057823e-05,0.568329980996993,3.90960982093987e-05
222,9.223293964816449,6.845301144437277e-05,0.5711377393698671,3.90960982093987e-05
223,9.264654027438942,6.8117210458795e-05,0.57395330704343,3.90960982093987e-05
224,9.306014090061439,6.778377392426724e-05,0.5767766523752365,3.90960982093987e-05
225,9.347374152683933,6.745268985005156e-05,0.5796076968362562,3.90960982093987e-05
226,9.38873421530643,6.712395069001177e-05,0.5824463221771646,3.90960982093987e-05
227,9.430094277928925,6.679755263234526e-05,0.5852923747758279,3.90960982093987e-05
228,9.47145434055142,6.647349524686024e-05,0.5881456671446104,3.90960982093987e-05
229,9.512814403173914,6.61517814461344e-05,0.5910059767813448,3.90960982093987e-05
230,9.554174465796411,6.583241770150903e-05,0.5938730427107272,3.90960982093987e-05
231,9.595534528418906,6.55154144462199e-05,0.5967465601777089,3.90960982093987e-05
232,9.6368945910414,6.520078659586022e-05,0.5996261740173702,3.90960982093987e-05
233,9.678254653663895,6.488855412009514e-05,0.6025114712379013,3.90960982093987e-05
234,9.719614716286392,6.457874260784366e-05,0.6054019733213285,3.90960982093987e-05
235,9.760974778908887,6.427138377990785e-05,0.6082971286767394,3.90960982093987e-05
236,9.802334841531382,6.396651591654241e-05,0.6111963055859986,3.90960982093987e-05
237,9.843694904153878,6.366418418141435e-05,0.6140987858729544,3.90960982093987e-05
238,9.885054966776373,6.336444083637437e-05,0.6170037594169943,3.90960982093987e-05
239,9.926415029398868,6.306734535225539e-05,0.6199103195327463,3.90960982093987e-05
240,9.967775092021364,6.277296442894935e-05,0.622817459157123,3.90960982093987e-05
241,10.00913515464386,6.248137194241907e-05,0.6257240677337955,3.90960982093987e-05
242,10.050495217266354,6.219264883753211e-05,0.6286289286621433,3.90960982093987e-05
243,10.091855279888849,6.190688298338574e-05,0.6315307171884444,3.90960982093987e-05
244,10.133215342511345,6.162416900317443e-05,0.6344279986539819,3.90960982093987e-05
245,10.17457540513384,6.13446080840744e-05,0.6373192270756131,3.90960982093987e-05
246,10.215935467756335,6.1068307765249e-05,0.6402027441088909,3.90960982093987e-05
247,10.25729553037883,6.079538169467786e-05,0.6430767785247945,3.90960982093987e-05
248,10.298655593001326,6.0525949339120296e-05,0.6459394464074826,3.90960982093987e-05
249,10.340015655623821,6.026013562665201e-05,0.648788752345708,3.90960982093987e-05
250,10.381375718246318,5.99980704985921e-05,0.6516225919351211,3.90960982093987e-05
251,10.42273578086881,5.9739888347339644e-05,0.6544387559294751,3.90960982093987e-05
252,10.464095843491307,5.948572731876728e-05,0.6572349363721101,3.90960982093987e-05
253,10.505455906113802,5.923572846223409e-05,0.6600087350039855,3.90960982093987e-05
254,10.546815968736297,5.89900347174883e-05,0.6627576741840465,3.90960982093987e-05
255,10.588176031358792,5.874878973532063e-05,0.6654792104745871,3.90960982093987e-05
256,10.629536093981287,5.8512136537269404e-05,0.668170750943206,3.90960982093987e-05
257,10.670896156603781,5.828021602833713e-05,0.6708296721204553,3.90960982093987e-05
258,10.712256219226276,5.805316538509492e-05,0.6734533414337571,3.90960982093987e-05
259,10.753616281848775,5.783111634926098e-05,0.6760391408197036,3.90960982093987e-05
260,10.794976344471268,5.761419346346107e-05,0.6785844921042495,3.90960982093987e-05
261,10.836336407093764,5.740251229119979e-05,0.6810868836378859,3.90960982093987e-05
262,10.877696469716259,5.7196177666841674e-05,0.6835438975857275,3.90960982093987e-05
263,10.919056532338754,5.699528202354197e-05,0.6859532372039148,3.90960982093987e-05
264,10.960416594961249,5.6799903847555194e-05,0.6883127533864918,3.90960982093987e-05
265,11.001776657583743,5.6610106306075015e-05,0.690620469744696,3.90960982093987e-05
266,11.04313672020624,5.642593609288519e-05,0.6928746054835654,3.90960982093987e-05
267,11.084496782828737,5.62474225314802e-05,0.6950735953726171,3.90960982093987e-05
268,11.12585684545123,5.607457696924481e-05,0.6972161061659318,3.90960982093987e-05
269,11.167216908073726,5.590739248866932e-05,0.6993010489144573,3.90960982093987e-05
270,11.208576970696221,5.5745843952739496e-05,0.701327586726354,3.90960982093987e-05
271,11.249937033318716,5.558988839175666e-05,0.7032951376674503,3.90960982093987e-05
272,11.291297095941212,5.5439465728138715e-05,0.7052033726500215,3.90960982093987e-05
273,11.332657158563707,5.529449982471499e-05,0.7070522083269466,3.90960982093987e-05
274,11.374017221186202,5.5154899830930404e-05,0.7088417951848757,3.90960982093987e-05
275,11.415377283808699,5.502056179080547e-05,0.7105725012050329,3.90960982093987e-05
276,11.456737346431192,5.489137046679021e-05,0.7122448916274045,3.90960982093987e-05
277,11.498097409053688,5.4767201325411785e-05,0.7138597055033056,3.90960982093987e-05
278,11.539457471676185,5.464792262413705e-05,0.71541782984685,3.90960982093987e-05
279,11.58081753429868,5.4533397534587925e-05,0.7169202722900571,3.90960982093987e-05
280,11.622177596921174,5.442348623539452e-05,0.7183681332044548,3.90960982093987e-05
281,11.66353765954367,5.4318047908658497e-05,0.7197625782712754,3.90960982093987e-05
282,11.704897722166164,5.421694257725463e-05,0.7211048124613448,3.90960982093987e-05
283,11.74625778478866,5.4120032725914606e-05,0.7223960563253335,3.90960982093987e-05
284,11.787617847411154,5.402718465695965e-05,0.7236375253982893,3.90960982093987e-05
285,11.828977910033652,5.393826954127491e-05,0.7248304133947305,3.90960982093987e-05
286,11.870337972656147,5.385316413629368e-05,0.7259758797171653,3.90960982093987e-05
287,11.911698035278642,5.3771751154842615e-05,0.7270750416295073,3.90960982093987e-05
288,11.953058097901136,5.3693919281053795e-05,0.7281289712668447,3.90960982093987e-05
289,11.994418160523631,5.361956284190069e-05,0.7291386974689635,3.90960982093987e-05
290,12.035778223146126,5.354858115433745e-05,0.7301052122504632,3.90960982093987e-05
291,12.077138285768624,5.348087757851751e-05,0.7310294815562831,3.90960982093987e-05
292,12.118498348391116,5.3416358316221385e-05,0.7319124598115119,3.90960982093987e-05
293,12.159858411013614,5.3354931000643994e-05,0.7327551076568127,3.90960982093987e-05
294,12.201218473636109,5.3296503128305415e-05,0.7335584121772339,3.90960982093987e-05
295,12.242578536258604,5.324098038643957e-05,0.7343234088784069,3.90960982093987e-05
296,12.283938598881099,5.318826492936364e-05,0.7350512046467401,3.90960982093987e-05
297,12.325298661503593,5.313825365546018e-05,0.7357430009441308,3.90960982093987e-05
298,12.366658724126088,5.309083653244452e-05,0.7364001165343581,3.90960982093987e-05
299,12.408018786748586,5.304589501316171e-05,0.7370240091094364,3.90960982093987e-05
300,12.449378849371078,5.3003300577315276e-05,0.7376162952790024,3.90960982093987e-05
301,12.490738911993576,5.2962913427074286e-05,0.738178768492993,3.90960982093987e-05
302,12.532098974616071,5.29245813567003e-05,0.7387134145832804,3.90960982093987e-05
303,12.573459037238566,5.288813880877177e-05,0.7392224247247365,3.90960982093987e-05
304,12.61481909986106,5.2853406122841544e-05,0.7397082057215348,3.90960982093987e-05
305,12.656179162483555,5.282018897670811e-05,0.7401733876158365,3.90960982093987e-05
306,12.69753922510605,5.278827801640217e-05,0.7406208286856963,3.90960982093987e-05
307,12.738899287728549,5.2757448668653e-05,0.7410536179439721,3.90960982093987e-05
308,12.780259350351042,5.2727461129143976e-05,0.7414750752675473,3.90960982093987e-05
309,12.821619412973538,5.2698060521205664e-05,0.7418887492769579,3.90960982093987e-05
310,12.862979475596033,5.266897722257302e-05,0.7422984130522052,3.90960982093987e-05
311,12.904339538218528,5.2639927362197005e-05,0.742708057714291,3.90960982093987e-05
312,12.945699600841023,5.2610613494265886e-05,0.7431218838316692,3.90960982093987e-05
313,12.98705966346352,5.258072546231069e-05,0.7435442905294712,3.90960982093987e-05
314,13.028419726086014,5.2549941471699376e-05,0.7439798620984915,3.90960982093987e-05
315,13.06977978870851,5.2517929393748104e-05,0.7444333518231361,3.90960982093987e-05
316,13.111139851331004,5.2484348328221675e-05,0.744909662684639,3.90960982093987e-05
317,13.1524999139535,5.244885045304308e-05,0.7454138245489487,3.90960982093987e-05
318,13.193859976575995,5.241108318995486e-05,0.7459509674261394,3.90960982093987e-05
319,13.23522003919849,5.237069171253479e-05,0.7465262903915617,3.90960982093987e-05
320,13.276580101820986,5.232732181825868e-05,0.7471450257895067,3.90960982093987e-05
321,13.317940164443481,5.228062317905669e-05,0.7478123984004148,3.90960982093987e-05
322,13.359300227065976,5.2230252975358936e-05,0.7485335793384604,3.90960982093987e-05
323,13.400660289688473,5.2175879906929465e-05,0.7493136345594501,3.90960982093987e-05
324,13.442020352310966,5.211718856041896e-05,0.7501574679930204,3.90960982093987e-05
325,13.483380414933462,5.205388409867564e-05,0.7510697594686001,3.90960982093987e-05
326,13.524740477555959,5.198569722102945e-05,0.7520548977764484,3.90960982093987e-05
327,13.566100540178454,5.191238932753853e-05,0.7531169093898548,3.90960982093987e-05
328,13.607460602800948,5.183375780388195e-05,0.7542593835724313,3.90960982093987e-05
329,13.648820665423443,5.1749641327991095e-05,0.7554853947992841,3.90960982093987e-05
330,13.690180728045938,5.165992508507102e-05,0.7567974236318998,3.90960982093987e-05
331,13.731540790668435,5.15645457649533e-05,0.7581972774008419,3.90960982093987e-05
332,13.772900853290928,5.1463496205411726e-05,0.7596860122629502,3.90960982093987e-05
333,13.814260915913426,5.135682953776478e-05,0.7612638584056233,3.90960982093987e-05
334,13.85562097853592,5.1244662687373806e-05,0.7629301503633784,3.90960982093987e-05
335,13.896981041158416,5.11271790821781e-05,0.7646832645814173,3.90960982093987e-05
336,13.93834110378091,5.100463042777906e-05,0.766520566495576,3.90960982093987e-05
337,13.979701166403405,5.087733741831587e-05,0.7684383694836217,3.90960982093987e-05
338,14.0210612290259,5.074568926875897e-05,0.7704319080649041,3.90960982093987e-05
339,14.062421291648398,5.0610141976686475e-05,0.7724953276639352,3.90960982093987e-05
340,14.10378135427089,5.0471215249739784e-05,0.7746216930966462,3.90960982093987e-05
341,14.145141416893388,5.032948806881585e-05,0.7768030176651577,3.90960982093987e-05
342,14.186501479515883,5.0185592895438625e-05,0.7790303143544639,3.90960982093987e-05
343,14.227861542138378,5.004020857395289e-05,0.7812936701017098,3.90960982093987e-05
344,14.269221604760872,4.989405202339151e-05,0.7835823434638969,3.90960982093987e-05
345,14.310581667383367,4.974786885835541e-05,0.7858848852543824,3.90960982093987e-05
346,14.351941730005862,4.9602423120862285e-05,0.7881892808771931,3.90960982093987e-05
347,14.39330179262836,4.94584863435803e-05,0.7904831121964444,3.90960982093987e-05
348,14.434661855250853,4.9316826197007564e-05,0.7927537358795195,3.90960982093987e-05
349,14.47602191787335,4.9178194996842765e-05,0.7949884743006258,3.90960982093987e-05
350,14.517381980495845,4.904331836148808e-05,0.7971748143392237,3.90960982093987e-05
351,14.55874204311834,4.891288431201414e-05,0.7993006088131219,3.90960982093987e-05
352,14.600102105740834,4.8787533097636584e-05,0.8013542748955396,3.90960982093987e-05
353,14.64146216836333,4.866784800891775e-05,0.8033249837189195,3.90960982093987e-05
354,14.682822230985824,4.855434740938392e-05,0.8052028354899226,3.90960982093987e-05
355,14.724182293608322,4.844747817570455e-05,0.8069790148335237,3.90960982093987e-05
356,14.765542356230815,4.834761068898157e-05,0.8086459217375288,3.90960982093987e-05
357,14.806902418853312,4.825503546761888e-05,0.8101972743473331,3.90960982093987e-05
358,14.848262481475807,4.8169961478335146e-05,0.8116281809148324,3.90960982093987e-05
359,14.889622544098302,4.80925161088187e-05,0.8129351793725277,3.90960982093987e-05
360,14.930982606720796,4.8022746735784666e-05,0.814116244214449,3.90960982093987e-05
361,14.972342669343293,4.7960623777996685e-05,0.8151707615474167,3.90960982093987e-05
362,15.013702731965788,4.790604508672382e-05,0.816099474265167,3.90960982093987e-05
363,15.055062794588284,4.785884149728931e-05,0.8169044002373747,3.90960982093987e-05
364,15.096422857210777,4.781878334541391e-05,0.8175887271533486,3.90960982093987e-05
365,15.137782919833274,4.778558774086939e-05,0.8181566881924346,3.90960982093987e-05
366,15.179142982455769,4.775892638806868e-05,0.8186134230011887,3.90960982093987e-05
367,15.220503045078264,4.773843374777841e-05,0.8189648285479854,3.90960982093987e-05
368,15.26186310770076,4.7723715344846445e-05,0.8192174043218239,3.90960982093987e-05
369,15.303223170323255,4.7714356042433326e-05,0.8193780960730092,3.90960982093987e-05
370,15.34458323294575,4.7709928122245955e-05,0.8194541418973373,3.90960982093987e-05
371,15.385943295568246,4.770999903136478e-05,0.8194529239813385,3.90960982093987e-05
372,15.42730335819074,4.771413867813635e-05,0.819381828793514,3.90960982093987e-05
373,15.468663420813236,4.772192618136401e-05,0.8192481179576989,3.90960982093987e-05
374,15.510023483435733,4.773295599762644e-05,0.8190588115125907,3.90960982093987e-05
375,15.551383546058227,4.7746843370746917e-05,0.8188205847625044,3.90960982093987e-05
376,15.592743608680722,4.7763229064505275e-05,0.8185396794801829,3.90960982093987e-05
377,15.634103671303217,4.778178335489735e-05,0.8182218298344778,3.90960982093987e-05
378,15.675463733925712,4.7802209271339855e-05,0.8178722030916474,3.90960982093987e-05
379,15.716823796548208,4.7824245087601894e-05,0.8174953548725037,3.90960982093987e-05
380,15.758183859170702,4.78476660730249e-05,0.8170951985355024,3.90960982093987e-05
381,15.7995439217932,4.787228552321694e-05,0.8166749880875859,3.90960982093987e-05
382,15.840903984415695,4.789795509704336e-05,0.8162373138934281,3.90960982093987e-05
383,15.882264047038188,4.792456449369974e-05,0.8157841103498886,3.90960982093987e-05
384,15.923624109660684,4.795204051014358e-05,0.815316674608007,3.90960982093987e-05
385,15.964984172283177,4.7980345525171386e-05,0.8148356953554693,3.90960982093987e-05
386,16.006344234905676,4.800947546210475e-05,0.8143412906116496,3.90960982093987e-05
387,16.04770429752817,4.8039457287132706e-05,0.8138330534360664,3.90960982093987e-05
388,16.089064360150665,4.8070346104868864e-05,0.8133101044063172,3.90960982093987e-05
389,16.13042442277316,4.81022219162648e-05,0.8127711496873524,3.90960982093987e-05
390,16.171784485395655,4.813518610653975e-05,0.8122145434914402,3.90960982093987e-05
391,16.21314454801815,4.8169357731992594e-05,0.811638353721131,3.90960982093987e-05
392,16.254504610640648,4.820486967430188e-05,0.8110404295987738,3.90960982093987e-05
393,16.29586467326314,4.824186472904976e-05,0.810418470118885,3.90960982093987e-05
394,16.337224735885638,4.828049169173394e-05,0.8097700922149539,3.90960982093987e-05
395,16.378584798508133,4.8320901499574086e-05,0.809092897609605,3.90960982093987e-05
396,16.419944861130627,4.8363243481028204e-05,0.8083845374170409,3.90960982093987e-05
397,16.461304923753122,4.840766175757059e-05,0.807642773683122,3.90960982093987e-05
398,16.50266498637562,4.845429183414826e-05,0.8068655371792195,3.90960982093987e-05
399,16.54402504899811,4.85032574062837e-05,0.8060509809045057,3.90960982093987e-05
400,16.58538511162061,4.855466740355738e-05,0.8051975288895564,3.90960982093987e-05
401,16.626745174243105,4.860861328144747e-05,0.804303920028111,3.90960982093987e-05
402,16.668105236865596,4.866516656676927e-05,0.8033692467847269,3.90960982093987e-05
403,16.709465299488095,4.8724376656558593e-05,0.8023929887286949,3.90960982093987e-05
404,16.75082536211059,4.878626886632255e-05,0.8013750409264638,3.90960982093987e-05
405,16.792185424733088,4.885084272147201e-05,0.800315737280297,3.90960982093987e-05
406,16.83354548735558,4.891807048535959e-05,0.7992158689312889,3.90960982093987e-05
407,16.874905549978074,4.89878959186647e-05,0.7980766978502304,3.90960982093987e-05
408,16.916265612600572,4.9060233267759426e-05,0.7968999657221608,3.90960982093987e-05
409,16.957625675223067,4.91349664838851e-05,0.7956878981940719,3.90960982093987e-05
410,16.998985737845558,4.921194868008679e-05,0.7944432045061165,3.90960982093987e-05
411,17.040345800468057,4.929100183864053e-05,0.7931690724685216,3.90960982093987e-05
412,17.08170586309055,4.9371916787566875e-05,0.7918691586882871,3.90960982093987e-05
413,17.12306592571305,4.9454453470349546e-05,0.7905475738972385,3.90960982093987e-05
414,17.16442598833554,4.953834153769664e-05,0.789208863192325,3.90960982093987e-05
415,17.205786050958036,4.9623281293460214e-05,0.7878579809786003,3.90960982093987e-05
416,17.247146113580534,4.9708945028328445e-05,0.7865002604082298,3.90960982093987e-05
417,17.28850617620303,4.979497877395886e-05,0.7851413771431243,3.90960982093987e-05
418,17.32986623882552,4.988100450661705e-05,0.7837873073348461,3.90960982093987e-05
419,17.37122630144802,4.996662282262097e-05,0.7824442798183082,3.90960982093987e-05
420,17.412586364070513,5.005141609801546e-05,0.7811187226518624,3.90960982093987e-05
421,17.45394642669301,5.013495213174639e-05,0.7798172043061017,3.90960982093987e-05
422,17.495306489315503,5.021678825557749e-05,0.7785463699992077,3.90960982093987e-05
423,17.536666551937998,5.029647587565226e-05,0.777312873889133,3.90960982093987e-05
424,17.578026614560496,5.0373565390553596e-05,0.776123308054154,3.90960982093987e-05
425,17.61938667718299,5.044761141041294e-05,0.7749841294037727,3.90960982093987e-05
426,17.660746739805482,5.051817818199022e-05,0.7739015858520507,3.90960982093987e-05
427,17.70210680242798,5.0584845107377086e-05,0.7728816432354182,3.90960982093987e-05
428,17.743466865050475,5.0647212230523044e-05,0.7719299145518823,3.90960982093987e-05
429,17.784826927672974,5.0704905557376936e-05,0.7710515931275747,3.90960982093987e-05
430,17.826186990295465,5.075758207332281e-05,0.7702513912684356,3.90960982093987e-05
431,17.86754705291796,5.08049343264492e-05,0.7695334858261033,3.90960982093987e-05
432,17.908907115540458,5.084669445711971e-05,0.7689014719013725,3.90960982093987e-05
433,17.950267178162953,5.088263757313951e-05,0.7683583256312401,3.90960982093987e-05
434,17.991627240785444,5.091258439429134e-05,0.7679063766753593,3.90960982093987e-05
435,18.032987303407943,5.093640311888903e-05,0.76754729065077,3.90960982093987e-05
436,18.074347366030437,5.095401049618029e-05,0.7672820613861101,3.90960982093987e-05
437,18.115707428652936,5.096537211972944e-05,0.7671110125038022,3.90960982093987e-05
438,18.157067491275427,5.097050198617811e-05,0.7670338075147966,3.90960982093987e-05
439,18.198427553897922,5.096946138889697e-05,0.7670494673486048,3.90960982093987e-05
440,18.23978761652042,5.096235723522561e-05,0.7671563940604997,3.90960982093987e-05
441,18.281147679142915,5.0949339888244045e-05,0.7673523993668004,3.90960982093987e-05
442,18.32250774176541,5.0930600638631566e-05,0.7676347366644596,3.90960982093987e-05
443,18.363867804387905,5.090636890931029e-05,0.7680001352885414,3.90960982093987e-05
444,18.4052278670104,5.087690928610714e-05,0.7684448359380706,3.90960982093987e-05
445,18.446587929632898,5.084251845271311e-05,0.7689646264427409,3.90960982093987e-05
446,18.48794799225539,5.0803522089619856e-05,0.7695548773258536,3.90960982093987e-05
447,18.529308054877884,5.076027177628512e-05,0.7702105769194119,3.90960982093987e-05
448,18.570668117500382,5.071314191545654e-05,0.7709263660803246,3.90960982093987e-05
449,18.612028180122877,5.0662526680162973e-05,0.7716965728183246,3.90960982093987e-05
450,18.653388242745372,5.060883696882254e-05,0.7725152473565786,3.90960982093987e-05
451,18.694748305367867,5.055249734331806e-05,0.7733761982891703,3.90960982093987e-05
452,18.73610836799036,5.049394291928611e-05,0.7742730305671175,3.90960982093987e-05
453,18.77746843061286,5.043361617754197e-05,0.7751991860303713,3.90960982093987e-05
454,18.81882849323535,5.037196366995821e-05,0.7761479871136248,3.90960982093987e-05
455,18.86018855585785,5.030943260176431e-05,0.7771126841932945,3.90960982093987e-05
456,18.901548618480344,5.0246467283987125e-05,0.77808650682708,3.90960982093987e-05
457,18.94290868110284,5.0183505463451826e-05,0.7790627188822435,3.90960982093987e-05
458,18.984268743725334,5.012097455228006e-05,0.7800346772710582,3.90960982093987e-05
459,19.02562880634783,5.005928779278526e-05,0.7809958937336977,3.90960982093987e-05
460,19.066988868970324,4.999884040623649e-05,0.7819400988452153,3.90960982093987e-05
461,19.108348931592822,4.994000578414384e-05,0.7828613071929574,3.90960982093987e-05
462,19.149708994215317,4.988313178805518e-05,0.7837538824849907,3.90960982093987e-05
463,19.19106905683781,4.982853722800753e-05,0.7846126012188783,3.90960982093987e-05
464,19.232429119460306,4.977650859074867e-05,0.7854327134680755,3.90960982093987e-05
465,19.2737891820828,4.9727297086839043e-05,0.7862099993314533,3.90960982093987e-05
466,19.315149244705296,4.968111608113333e-05,0.786940819637618,3.90960982093987e-05
467,19.35650930732779,4.963813896449614e-05,0.7876221595930969,3.90960982093987e-05
468,19.39786936995029,4.959849751631478e-05,0.7882516642069358,3.90960982093987e-05
469,19.439229432572784,4.956228079815242e-05,0.788827664501996,3.90960982093987e-05
470,19.48058949519528,4.952953460904394e-05,0.7893491937285411,3.90960982093987e-05
471,19.521949557817774,4.950026152286661e-05,0.7898159930193154,3.90960982093987e-05
472,19.56330962044027,4.9474421518223796e-05,0.7902285061584345,3.90960982093987e-05
473,19.604669683062763,4.9451933201390456e-05,0.7905878633739525,3.90960982093987e-05
474,19.646029745685258,4.943267561327753e-05,0.790895854297993,3.90960982093987e-05
475,19.687389808307756,4.941649060185113e-05,0.7911548904675593,3.90960982093987e-05
476,19.72874987093025,4.9403185732267566e-05,0.7913679579546463,3.90960982093987e-05
477,19.770109933552746,4.9392537697829056e-05,0.7915385609174135,3.90960982093987e-05
478,19.81146999617524,4.938429618593007e-05,0.7916706570486156,3.90960982093987e-05
479,19.852830058797736,4.9378188144537216e-05,0.7917685860598748,3.90960982093987e-05
480,19.89419012142023,4.937392238640743e-05,0.7918369924800991,3.90960982093987e-05
481,19.93555018404273,4.937119446059452e-05,0.7918807441574691,3.90960982093987e-05
482,19.97691024666522,4.9369691713871194e-05,0.7919048479375866,3.90960982093987e-05
483,20.01827030928772,4.93690984589594e-05,0.7919143640408858,3.90960982093987e-05
484,20.059630371910213,4.936910116197853e-05,0.7919143206825983,3.90960982093987e-05
485,20.100990434532708,4.936939355874773e-05,0.791909630465195,3.90960982093987e-05
486,20.142350497155203,4.936968160851626e-05,0.7919050100305819,3.90960982093987e-05
487,20.183710559777698,4.936968819466381e-05,0.791904904386746,3.90960982093987e-05
488,20.225070622400196,4.936915748492439e-05,0.7919134172248591,3.90960982093987e-05
489,20.26643068502269,4.936785886874809e-05,0.7919342484214595,3.90960982093987e-05
490,20.307790747645182,4.936559039648023e-05,0.7919706397796117,3.90960982093987e-05
491,20.34915081026768,4.936218165409887e-05,0.7920253299046052,3.90960982093987e-05
492,20.390510872890175,4.935749601791084e-05,0.7921005189406592,3.90960982093987e-05
493,20.43187093551267,4.9351432245915685e-05,0.792197843713731,3.90960982093987e-05
494,20.473230998135165,4.9343925376001587e-05,0.7923183636381933,3.90960982093987e-05
495,20.51459106075766,4.933494691563907e-05,0.7924625575507678,3.90960982093987e-05
496,20.555951123380158,4.932450432275779e-05,0.7926303314387325,3.90960982093987e-05
497,20.597311186002653,4.9312639792975473e-05,0.7928210368281257,3.90960982093987e-05
498,20.638671248625144,4.929942838352187e-05,0.7930334993998919,3.90960982093987e-05
499,20.680031311247642,4.928497551915168e-05,0.7932660572024901,3.90960982093987e-05
500,20.721391373870137,4.926941393929624e-05,0.7935166076375121,3.90960982093987e-05
501,20.762751436492636,4.925290015848912e-05,0.7937826622106067,3.90960982093987e-05
502,20.804111499115127,4.923561052331731e-05,0.7940614078682607,3.90960982093987e-05
503,20.84547156173762,4.921773695828833e-05,0.7943497735893944,3.90960982093987e-05
504,20.88683162436012,4.919948250004943e-05,0.7946445007700929,3.90960982093987e-05
505,20.928191686982615,4.918105672360931e-05,0.7949422158436595,3.90960982093987e-05
506,20.969551749605106,4.916267116592128e-05,0.7952395035137848,3.90960982093987e-05
507,21.010911812227604,4.914453485071598e-05,0.7955329789601033,3.90960982093987e-05
508,21.0522718748501,4.91268500142687e-05,0.7958193573991289,3.90960982093987e-05
509,21.093631937472594,4.910980812450805e-05,0.7960955194587281,3.90960982093987e-05
510,21.13499200009509,4.909358627602267e-05,0.7963585709462268,3.90960982093987e-05
511,21.176352062717584,4.907834403117544e-05,0.7966058957605449,3.90960982093987e-05
512,21.21771212534008,4.906422076322736e-05,0.796835200910812,3.90960982093987e-05
513,21.259072187962573,4.9051333541531026e-05,0.7970445528518939,3.90960982093987e-05
514,21.300432250585068,4.903977558211261e-05,0.797232404620936,3.90960982093987e-05
515,21.341792313207563,4.902961526987074e-05,0.7973976135485547,3.90960982093987e-05
516,21.383152375830065,4.902089574193957e-05,0.7975394496096537,3.90960982093987e-05
517,21.424512438452552,4.90136350060275e-05,0.797657594760944,3.90960982093987e-05
518,21.465872501075047,4.9007826553393235e-05,0.7977521338720079,3.90960982093987e-05
519,21.50723256369755,4.90034404141028e-05,0.7978235380825864,3.90960982093987e-05
520,21.548592626320044,4.900042459271576e-05,0.797872641601775,3.90960982093987e-05
521,21.589952688942535,4.899870681588802e-05,0.7979006130978469,3.90960982093987e-05
522,21.631312751565034,4.899819651970263e-05,0.7979089229065359,3.90960982093987e-05
523,21.67267281418753,4.899878700393538e-05,0.7978993073085393,3.90960982093987e-05
524,21.714032876810023,4.9000357682713626e-05,0.7978737310970905,3.90960982093987e-05
525,21.755392939432518,4.90027763659585e-05,0.797834349576939,3.90960982093987e-05
526,21.796753002055013,4.900590151315219e-05,0.7977834710153451,3.90960982093987e-05
527,21.838113064677508,4.900958441001147e-05,0.7977235204102714,3.90960982093987e-05
528,21.879473127300002,4.9013671228793115e-05,0.7976570052649244,3.90960982093987e-05
529,21.920833189922497,4.901800494390013e-05,0.7975864838673707,3.90960982093987e-05
530,21.962193252544992,4.902242708529211e-05,0.7975145363850917,3.90960982093987e-05
531,22.003553315167487,4.9026779322684315e-05,0.7974437389018787,3.90960982093987e-05
532,22.04491337778999,4.903090488275503e-05,0.7973766403636053,3.90960982093987e-05
533,22.08627344041248,4.903464980948827e-05,0.7973157422617821,3.90960982093987e-05
534,22.127633503034975,4.9037864083797866e-05,0.7972634807786433,3.90960982093987e-05
535,22.168993565657473,4.904040262252503e-05,0.7972222110476973,3.90960982093987e-05
536,22.210353628279968,4.904212617889847e-05,0.7971941931469667,3.90960982093987e-05
537,22.25171369090246,4.90429021663794e-05,0.797181579441692,3.90960982093987e-05
538,22.293073753524958,4.904260542594696e-05,0.7971864029212881,3.90960982093987e-05
539,22.334433816147452,4.904111895345426e-05,0.7972105662292384,3.90960982093987e-05
540,22.375793878769947,4.90383345991665e-05,0.797255831156697,3.90960982093987e-05
541,22.417153941392442,4.903415374649004e-05,0.7973238084525376,3.90960982093987e-05
542,22.458514004014937,4.902848797150029e-05,0.7974159478898232,3.90960982093987e-05
543,22.49987406663743,4.902125967992897e-05,0.7975335286091398,3.90960982093987e-05
544,22.54123412925993,4.901240271384965e-05,0.7976776498319097,3.90960982093987e-05
545,22.582594191882425,4.900186291693307e-05,0.797849222093323,3.90960982093987e-05
546,22.62395425450492,4.8989598645058047e-05,0.7980489591813104,3.90960982093987e-05
547,22.665314317127415,4.897558120808279e-05,0.7982773709880219,3.90960982093987e-05
548,22.706674379749913,4.89597952290369e-05,0.7985347574781467,3.90960982093987e-05
549,22.748034442372404,4.894223890840369e-05,0.7988212039618331,3.90960982093987e-05
550,22.7893945049949,4.892292418353641e-05,0.7991365778285869,3.90960982093987e-05
551,22.830754567617397,4.890187677607863e-05,0.7994805268603387,3.90960982093987e-05
552,22.872114630239892,4.8879136123370074e-05,0.7998524791993222,3.90960982093987e-05
553,22.913474692862383,4.885475519279553e-05,0.8002516450059726,3.90960982093987e-05
554,22.95483475548488,4.882880018057049e-05,0.8006770198083929,3.90960982093987e-05
555,22.996194818107377,4.880135009845583e-05,0.8011273895194095,3.90960982093987e-05
556,23.03755488072987,4.87724962530233e-05,0.8016013370850424,3.90960982093987e-05
557,23.07891494335237,4.874234162259014e-05,0.8020972507254188,3.90960982093987e-05
558,23.120275005974865,4.871100013658673e-05,0.8026133337392453,3.90960982093987e-05
559,23.16163506859736,4.867859586136568e-05,0.8031476158585701,3.90960982093987e-05
560,23.202995131219854,4.864526209530554e-05,0.8036979661616753,3.90960982093987e-05
561,23.24435519384235,4.861114037492096e-05,0.8042621075717208,3.90960982093987e-05
562,23.285715256464844,4.857637939281772e-05,0.8048376329829817,3.90960982093987e-05
563,23.32707531908734,4.854113382798332e-05,0.8054220230607865,3.90960982093987e-05
564,23.368435381709837,4.8505563089323653e-05,0.8060126657514048,3.90960982093987e-05
565,23.409795444332328,4.846982997466929e-05,0.806606877511859,3.90960982093987e-05
566,23.451155506954823,4.8434099249826264e-05,0.8072019262243003,3.90960982093987e-05
567,23.49251556957732,4.839853615545267e-05,0.807795055698065,3.90960982093987e-05
568,23.533875632199816,4.83633048536758e-05,0.8083835115835192,3.90960982093987e-05
569,23.575235694822307,4.832856683098309e-05,0.8089645684327323,3.90960982093987e-05
570,23.61659575744481,4.829447927893917e-05,0.8095355575445286,3.90960982093987e-05
571,23.657955820067304,4.8261193479167296e-05,0.8100938951349214,3.90960982093987e-05
572,23.6993158826898,4.8228853223494894e-05,0.8106371102838678,3.90960982093987e-05
573,23.740675945312294,4.819759330382575e-05,0.81116287203277,3.90960982093987e-05
574,23.78203600793479,4.8167538108677105e-05,0.8116690149533667,3.90960982093987e-05
575,23.823396070557283,4.8138800364219973e-05,0.8121535624817435,3.90960982093987e-05
576,23.864756133179778,4.81114800567373e-05,0.812614747317961,3.90960982093987e-05
577,23.906116195802273,4.808566357056643e-05,0.8130510282347376,3.90960982093987e-05
578,23.947476258424768,4.806142307074545e-05,0.8134611027195352,3.90960982093987e-05
579,23.988836321047263,4.8038816152876744e-05,0.813843914991179,3.90960982093987e-05
580,24.03019638366976,4.801788577429645e-05,0.8141986590822892,3.90960982093987e-05
581,24.071556446292252,4.7998660470905916e-05,0.814524776854899,3.90960982093987e-05
582,24.112916508914747,4.798115485343168e-05,0.814821951010262,3.90960982093987e-05
583,24.15427657153725,4.7965370365958516e-05,0.8150900933550506,3.90960982093987e-05
584,24.195636634159744,4.795129627889976e-05,0.8153293287840135,3.90960982093987e-05
585,24.23699669678223,4.7938910878931656e-05,0.8155399756188616,3.90960982093987e-05
586,24.278356759404733,4.792818281016087e-05,0.8157225230978349,3.90960982093987e-05
587,24.319716822027228,4.791907251474002e-05,0.8158776069251475,3.90960982093987e-05
588,24.361076884649723,4.791153371751229e-05,0.816005983859969,3.90960982093987e-05
589,24.402436947272218,4.7905514898459125e-05,0.8161085063435195,3.90960982093987e-05
590,24.443797009894713,4.790096069882338e-05,0.8161860981289054,3.90960982093987e-05
591,24.485157072517207,4.78978132116318e-05,0.8162397317943602,3.90960982093987e-05
592,24.526517135139702,4.7896013114831395e-05,0.8162704088890496,3.90960982093987e-05
593,24.567877197762197,4.7895500614720334e-05,0.816279143293531,3.90960982093987e-05
594,24.609237260384692,4.789621617841216e-05,0.8162669481816007,3.90960982093987e-05
595,24.650597323007187,4.789810104591355e-05,0.8162348267611375,3.90960982093987e-05
596,24.69195738562969,4.7901097524222816e-05,0.8161837667629314,3.90960982093987e-05
597,24.733317448252176,4.7905149077179085e-05,0.8161147384472537,3.90960982093987e-05
598,24.77467751087467,4.7910200234578545e-05,0.8160286957260849,3.90960982093987e-05
599,24.816037573497173,4.7916196352112324e-05,0.8159265798583196,3.90960982093987e-05
600,24.857397636119668,4.7923083259304475e-05,0.8158093250773473,3.90960982093987e-05
601,24.898757698742155,4.7930806835748925e-05,0.8156778654566501,3.90960982093987e-05
602,24.940117761364657,4.793931255643085e-05,0.8155331423114897,3.90960982093987e-05
603,24.981477823987152,4.794854504499148e-05,0.8153761114693621,3.90960982093987e-05
604,25.022837886609647,4.795844766962055e-05,0.815207749815561,3.90960982093987e-05
605,25.064197949232142,4.796896221045364e-05,0.8150290606220094,3.90960982093987e-05
606,25.105558011854637,4.798002862023403e-05,0.8148410772917126,3.90960982093987e-05
607,25.14691807447713,4.7991584892354285e-05,0.8146448652840228,3.90960982093987e-05
608,25.188278137099626,4.8003567042580745e-05,0.8144415221210369,3.90960982093987e-05
609,25.22963819972212,4.801590920349402e-05,0.8142321755005685,3.90960982093987e-05
610,25.270998262344616,4.8028543824317747e-05,0.8140179796499185,3.90960982093987e-05
611,25.31235832496711,4.8041401963666646e-05,0.8138001101418062,3.90960982093987e-05
612,25.353718387589613,4.805441365911896e-05,0.8135797574543853,3.90960982093987e-05
613,25.3950784502121,4.8067508355432266e-05,0.8133581195909925,3.90960982093987e-05
614,25.4364385128346,4.8080615372620665e-05,0.813136394083297,3.90960982093987e-05
615,25.477798575457097,4.8093664395822384e-05,0.81291576968701,3.90960982093987e-05
616,25.519158638079592,4.810658597075486e-05,0.8126974180451332,3.90960982093987e-05
617,25.560518700702083,4.8119311991091996e-05,0.8124824855483449,3.90960982093987e-05
618,25.60187876332458,4.8131776167050076e-05,0.8122720855700107,3.90960982093987e-05
619,25.643238825947076,4.814391446760714e-05,0.8120672911984316,3.90960982093987e-05
620,25.68459888856957,4.815566553154088e-05,0.8118691285408908,3.90960982093987e-05
621,25.725958951192066,4.816697104486808e-05,0.8116785706325657,3.90960982093987e-05
622,25.76731901381456,4.817777608395916e-05,0.8114965319541969,3.90960982093987e-05
623,25.808679076437055,4.818802942465154e-05,0.8113238635443831,3.90960982093987e-05
624,25.85003913905955,4.8197683817903594e-05,0.8111613486886272,3.90960982093987e-05
625,25.891399201682045,4.820669623223908e-05,0.8110096991723008,3.90960982093987e-05
626,25.93275926430454,4.821502806233076e-05,0.8108695521001582,3.90960982093987e-05
627,25.97411932692704,4.822264530192853e-05,0.8107414673046807,3.90960982093987e-05
628,26.015479389549537,4.8229518678030933e-05,0.8106259253880425,3.90960982093987e-05
629,26.056839452172028,4.823562374197184e-05,0.8105233264637883,3.90960982093987e-05
630,26.098199514794523,4.824094091215291e-05,0.8104339896809428,3.90960982093987e-05
631,26.13955957741702,4.824545546255973e-05,0.8103581536242046,3.90960982093987e-05
632,26.180919640039516,4.824915745116519e-05,0.8102959776856073,3.90960982093987e-05
633,26.222279702662007,4.825204158277001e-05,0.8102475444968376,3.90960982093987e-05
634,26.263639765284506,4.8254107001960876e-05,0.8102128634938778,3.90960982093987e-05
635,26.304999827907,4.825535701336889e-05,0.8101918756619567,3.90960982093987e-05
636,26.346359890529495,4.825579872853882e-05,0.8101844594746495,3.90960982093987e-05
637,26.38771995315199,4.825544264114226e-05,0.810190438001819,3.90960982093987e-05
638,26.429080015774485,4.825430213490507e-05,0.810209587118208,3.90960982093987e-05
639,26.47044007839698,4.8252392931511985e-05,0.8102416446970939,3.90960982093987e-05
640,26.511800141019478,4.8249732488497074e-05,0.8102863206281893,3.90960982093987e-05
641,26.553160203641973,4.82463393598135e-05,0.8103433074544006,3.90960982093987e-05
642,26.594520266264468,4.824223253414096e-05,0.8104122913824614,3.90960982093987e-05
643,26.635880328886962,4.823743076793172e-05,0.810492963389539,3.90960982093987e-05
644,26.677240391509457,4.823195193162875e-05,0.8105850301231725,3.90960982093987e-05
645,26.718600454131952,4.822581238825214e-05,0.8106882242780539,3.90960982093987e-05
646,26.759960516754447,4.82190264236669e-05,0.8108023141298748,3.90960982093987e-05
647,26.801320579376945,4.821160574717769e-05,0.8109271119161466,3.90960982093987e-05
648,26.842680641999436,4.8203559079699005e-05,0.8110624807757002,3.90960982093987e-05
649,26.88404070462193,4.8194891844672006e-05,0.8112083399917581,3.90960982093987e-05
650,26.92540076724443,4.81856059741691e-05,0.8113646683276533,3.90960982093987e-05
651,26.966760829866924,4.8175699839398034e-05,0.8115315052969082,3.90960982093987e-05
652,27.008120892489416,4.8165168311197164e-05,0.8117089502687332,3.90960982093987e-05
653,27.049480955111918,4.815400295230426e-05,0.8118971593726639,3.90960982093987e-05
654,27.090841017734412,4.814219233928723e-05,0.8120963402303073,3.90960982093987e-05
655,27.132201080356907,4.8129722508215744e-05,0.8123067446051656,3.90960982093987e-05
656,27.173561142979402,4.8116577514650845e-05,0.8125286591194993,3.90960982093987e-05
657,27.214921205601897,4.810274009525182e-05,0.8127623942416088,3.90960982093987e-05
658,27.25628126822439,4.8088192415567465e-05,0.8130082717923542,3.90960982093987e-05
659,27.297641330846886,4.807291688614385e-05,0.813266611260434,3.90960982093987e-05
660,27.33900139346938,4.805689702726213e-05,0.8135377152465739,3.90960982093987e-05
661,27.380361456091876,4.804011836109637e-05,0.8138218543828428,3.90960982093987e-05
662,27.42172151871437,4.8022569309026024e-05,0.8141192520919627,3.90960982093987e-05
663,27.46308158133687,4.800424207115888e-05,0.8144300695643684,3.90960982093987e-05
664,27.50444164395936,4.798513346472641e-05,0.814754391339518,3.90960982093987e-05
665,27.545801706581855,4.796524569804681e-05,0.8150922118802101,3.90960982093987e-05
666,27.587161769204357,4.794458705708452e-05,0.8154434235266121,3.90960982093987e-05
667,27.628521831826852,4.792317248245629e-05,0.8158078062071329,3.90960982093987e-05
668,27.66988189444934,4.7901024016045636e-05,0.8161850192660286,3.90960982093987e-05
669,27.71124195707184,4.787817109831394e-05,0.8165745957404689,3.90960982093987e-05
670,27.752602019694336,4.785465070005298e-05,0.8169759393804419,3.90960982093987e-05
671,27.79396208231683,4.7830507275727013e-05,0.8173883246527716,3.90960982093987e-05
672,27.835322144939326,4.780579252979048e-05,0.8178108999037245,3.90960982093987e-05
673,27.87668220756182,4.7780564992409e-05,0.8182426937732943,3.90960982093987e-05
674,27.918042270184316,4.7754889406733386e-05,0.8186826248598996,3.90960982093987e-05
675,27.95940233280681,4.772883593615418e-05,0.819129514528632,3.90960982093987e-05
676,28.000762395429305,4.770247920651789e-05,0.8195821026437711,3.90960982093987e-05
677,28.0421224580518,4.7675897204830124e-05,0.8200390658917229,3.90960982093987e-05
678,28.083482520674295,4.764917006217762e-05,0.8204990382493971,3.90960982093987e-05
679,28.124842583296797,4.762237875399724e-05,0.8209606330535751,3.90960982093987e-05
680,28.166202645919284,4.7595603755200526e-05,0.8214224660429247,3.90960982093987e-05
681,28.20756270854178,4.7568923690539254e-05,0.8218831786848759,3.90960982093987e-05
682,28.24892277116428,4.75424140218409e-05,0.8223414610675432,3.90960982093987e-05
683,28.290282833786776,4.751614581311119e-05,0.8227960736371608,3.90960982093987e-05
684,28.331642896409267,4.74901846120113e-05,0.8232458670946174,3.90960982093987e-05
685,28.373002959031766,4.746458948192563e-05,0.8236897998303846,3.90960982093987e-05
686,28.41436302165426,4.7439412212871724e-05,0.8241269523738063,3.90960982093987e-05
687,28.455723084276755,4.74146967323139e-05,0.8245565384530671,3.90960982093987e-05
688,28.49708314689925,4.739047872875052e-05,0.8249779124024792,3.90960982093987e-05
689,28.538443209521745,4.736678549232949e-05,0.8253905728040141,3.90960982093987e-05
690,28.57980327214424,4.734363596802334e-05,0.8257941624045277,3.90960982093987e-05
691,28.621163334766734,4.732104100873345e-05,0.8261884644968657,3.90960982093987e-05
692,28.66252339738923,4.7299003808261204e-05,0.8265733960885284,3.90960982093987e-05
693,28.703883460011724,4.727752048794338e-05,0.8269489982954776,3.90960982093987e-05
694,28.74524352263422,4.7256580806071656e-05,0.8273154244874087,3.90960982093987e-05
695,28.78660358525672,4.723616895615306e-05,0.8276729267712128,3.90960982093987e-05
696,28.82796364787921,4.721626441879559e-05,0.8280218414279199,3.90960982093987e-05
697,28.869323710501707,4.719684283235827e-05,0.8283625739176419,3.90960982093987e-05
698,28.910683773124205,4.717787684946615e-05,0.8286955840370994,3.90960982093987e-05
699,28.9520438357467,4.715933694987939e-05,0.8290213717582534,3.90960982093987e-05
700,28.99340389836919,4.714119218456095e-05,0.8293404642024078,3.90960982093987e-05
701,29.03476396099169,4.712341083119711e-05,0.8296534041104664,3.90960982093987e-05
702,29.076124023614184,4.7105960947051394e-05,0.8299607400716009,3.90960982093987e-05
703,29.11748408623668,4.708881081105353e-05,0.8302630186664507,3.90960982093987e-05
704,29.158844148859174,4.707192925272544e-05,0.8305607785798381,3.90960982093987e-05
705,29.20020421148167,4.7055285870870205e-05,0.8308545466430016,3.90960982093987e-05
706,29.241564274104164,4.703885114957282e-05,0.8311448356823603,3.90960982093987e-05
707,29.28292433672666,4.702259648279284e-05,0.8314321439843351,3.90960982093987e-05
708,29.324284399349153,4.700649412161581e-05,0.8317169561348006,3.90960982093987e-05
709,29.365644461971648,4.6990517059918335e-05,0.8319997449601727,3.90960982093987e-05
710,29.407004524594146,4.697463887498628e-05,0.8322809742815744,3.90960982093987e-05
711,29.448364587216645,4.695883353942218e-05,0.8325611021955502,3.90960982093987e-05
712,29.489724649839136,4.694307521978197e-05,0.832840584609239,3.90960982093987e-05
713,29.53108471246163,4.6927338075915366e-05,0.8331198787826427,3.90960982093987e-05
714,29.57244477508413,4.691159607317301e-05,0.8333994466616816,3.90960982093987e-05
715,29.613804837706624,4.689582281774587e-05,0.8336797578185222,3.90960982093987e-05
716,29.655164900329115,4.687999142351251e-05,0.8339612918484917,3.90960982093987e-05
717,29.696524962951614,4.686407441719356e-05,0.8342445401003177,3.90960982093987e-05
718,29.73788502557411,4.684804368727152e-05,0.8345300066397648,3.90960982093987e-05
719,29.779245088196603,4.683187048119107e-05,0.8348182083630579,3.90960982093987e-05
720,29.820605150819098,4.681552545471861e-05,0.83510967418733,3.90960982093987e-05
721,29.861965213441593,4.679897877687361e-05,0.8354049432531335,3.90960982093987e-05
722,29.903325276064088,4.678220029346768e-05,0.8357045620801593,3.90960982093987e-05
723,29.944685338686586,4.676515975177935e-05,0.8360090806256928,3.90960982093987e-05
724,29.98604540130908,4.6747827088043214e-05,0.8363190472097556,3.90960982093987e-05
725,30.027405463931576,4.673017277818572e-05,0.8366350022923367,3.90960982093987e-05
726,30.06876552655407,4.671216825031691e-05,0.8369574711217449,3.90960982093987e-05
727,30.11012558917657,4.66937863550618e-05,0.8372869553158548,3.90960982093987e-05
728,30.15148565179906,4.667500188669767e-05,0.8376239234934247,3.90960982093987e-05
729,30.192845714421555,4.66557921445912e-05,0.8379688011348255,3.90960982093987e-05
730,30.234205777044053,4.663613752067089e-05,0.8383219599193832,3.90960982093987e-05
731,30.275565839666548,4.6616022094970475e-05,0.8386837068540193,3.90960982093987e-05
732,30.31692590228904,4.659543421795699e-05,0.8390542735694008,3.90960982093987e-05
733,30.358285964911538,4.657436705576252e-05,0.8394338062091056,3.90960982093987e-05
734,30.399646027534033,4.6552819072837154e-05,0.8398223563696203,3.90960982093987e-05
735,30.441006090156527,4.653079442631113e-05,0.840219873557361,3.90960982093987e-05
736,30.482366152779026,4.6508303247558726e-05,0.8406261996120209,3.90960982093987e-05
737,30.52372621540152,4.6485361789280534e-05,0.841041065499768,3.90960982093987e-05
738,30.565086278024015,4.64619924207236e-05,0.8414640908072754,3.90960982093987e-05
739,30.60644634064651,4.643822345939623e-05,0.841894786168614,3.90960982093987e-05
740,30.647806403269005,4.641408883433457e-05,0.8423325587397414,3.90960982093987e-05
741,30.6891664658915,4.638962758348569e-05,0.8427767207020344,3.90960982093987e-05
742,30.730526528513995,4.636488319539506e-05,0.8432265006392102,3.90960982093987e-05
743,30.771886591136493,4.63399028128031e-05,0.8436810574966715,3.90960982093987e-05
744,30.813246653758984,4.631473632239667e-05,0.8441394967090159,3.90960982093987e-05
745,30.85460671638148,4.628943536045683e-05,0.8446008879770631,3.90960982093987e-05
746,30.895966779003977,4.626405226797196e-05,0.8450642840999998,3.90960982093987e-05
747,30.937326841626472,4.623863903101829e-05,0.8455287402203133,3.90960982093987e-05
748,30.978686904248963,4.621324624232766e-05,0.8459933328291008,3.90960982093987e-05
749,31.020046966871465,4.618792211838844e-05,0.846457177900057,3.90960982093987e-05
750,31.06140702949396,4.6162711603003515e-05,0.8469194475754099,3.90960982093987e-05
751,31.102767092116455,4.613765558344041e-05,0.847379384908126,3.90960982093987e-05
752,31.14412715473895,4.6112790239432175e-05,0.8478363162671226,3.90960982093987e-05
753,31.185487217361445,4.608814653872866e-05,0.8482896611289321,3.90960982093987e-05
754,31.22684727998394,4.606374988612797e-05,0.8487389391017086,3.90960982093987e-05
755,31.268207342606434,4.603961992637205e-05,0.8491837741476226,3.90960982093987e-05
756,31.30956740522893,4.6015770495245384e-05,0.8496238960822864,3.90960982093987e-05
757,31.350927467851424,4.599220970806458e-05,0.8500591395273477,3.90960982093987e-05
758,31.39228753047392,4.596894017057511e-05,0.8504894405728383,3.90960982093987e-05
759,31.433647593096417,4.594595929423668e-05,0.8509148314659913,3.90960982093987e-05
760,31.47500765571891,4.592325969593192e-05,0.8513354336835546,3.90960982093987e-05
761,31.516367718341403,4.59008296611972e-05,0.8517514497662565,3.90960982093987e-05
762,31.557727780963905,4.587865364996317e-05,0.8521631543001935,3.90960982093987e-05
763,31.5990878435864,4.585671282441053e-05,0.8525708844221165,3.90960982093987e-05
764,31.640447906208887,4.583498557958181e-05,0.8529750302095636,3.90960982093987e-05
765,31.68180796883139,4.5813448058824475e-05,0.8533760252928202,3.90960982093987e-05
766,31.723168031453884,4.579207463771347e-05,0.8537743379986525,3.90960982093987e-05
767,31.764528094076375,4.577083836191117e-05,0.8541704633038372,3.90960982093987e-05
768,31.805888156698874,4.574971132633494e-05,0.854564915842295,3.90960982093987e-05
769,31.84724821932137,4.5728664985167585e-05,0.8549582241703273,3.90960982093987e-05
770,31.888608281943863,4.570767038471857e-05,0.8553509264490909,3.90960982093987e-05
771,31.929968344566355,4.5686698314098355e-05,0.8557435676487509,3.90960982093987e-05
772,31.971328407188853,4.5665719372071905e-05,0.8561366983153006,3.90960982093987e-05
773,32.01268846981135,4.564470395256004e-05,0.8565308748640913,3.90960982093987e-05
774,32.054048532433846,4.562362215589621e-05,0.8569266612766318,3.90960982093987e-05
775,32.09540859505634,4.5602443638069235e-05,0.8573246319800505,3.90960982093987e-05
776,32.136768657678836,4.558113741560675e-05,0.8577253755851296,3.90960982093987e-05
777,32.17812872030133,4.5559671649156345e-05,0.8581294990549536,3.90960982093987e-05
778,32.219488782923825,4.553801343374512e-05,0.8585376317805565,3.90960982093987e-05
779,32.26084884554632,4.551612862779783e-05,0.8589504289589723,3.90960982093987e-05
780,32.302208908168815,4.5493981755628026e-05,0.8593685736149518,3.90960982093987e-05
781,32.34356897079131,4.547153601891072e-05,0.8597927765875207,3.90960982093987e-05
782,32.384929033413805,4.544875345117175e-05,0.8602237738247744,3.90960982093987e-05
783,32.4262890960363,4.5425595245263195e-05,0.8606623204013049,3.90960982093987e-05
784,32.4676491586588,4.540202227710654e-05,0.8611091807933072,3.90960982093987e-05
785,32.509009221281296,4.537799583973589e-05,0.8615651151160724,3.90960982093987e-05
786,32.55036928390379,4.535347859021046e-05,0.8620308612410952,3.90960982093987e-05
787,32.59172934652628,4.532843569886686e-05,0.8625071129550593,3.90960982093987e-05
788,32.63308940914878,4.5302836176502145e-05,0.8629944945848053,3.90960982093987e-05
789,32.674449471771275,4.527665434116586e-05,0.8634935327774925,3.90960982093987e-05
790,32.71580953439377,4.524987137360864e-05,0.8640046263689705,3.90960982093987e-05
791,32.757169597016265,4.522247689985191e-05,0.8645280154817598,3.90960982093987e-05
792,32.79852965963876,4.519447053192072e-05,0.8650637511459558,3.90960982093987e-05
793,32.839889722261255,4.5165863294255695e-05,0.8656116668176481,3.90960982093987e-05
794,32.88124978488375,4.513667886406041e-05,0.8661713531725647,3.90960982093987e-05
795,32.922609847506244,4.51069545592403e-05,0.8667421374691267,3.90960982093987e-05
796,32.96396991012874,4.507674201716844e-05,0.8673230686128142,3.90960982093987e-05
797,33.00532997275124,4.504610752102696e-05,0.867912908815687,3.90960982093987e-05
798,33.046690035373736,4.501513194671902e-05,0.8685101324522112,3.90960982093987e-05
799,33.08805009799622,4.498391032157528e-05,0.869112932377676,3.90960982093987e-05
800,33.129410160618725,4.4952551004715554e-05,0.8697192336269746,3.90960982093987e-05
801,33.17077022324122,4.492117451687444e-05,0.8703267140691618,3.90960982093987e-05
802,33.212130285863715,4.4889912063552094e-05,0.8709328312795332,3.90960982093987e-05
803,33.25349034848621,4.4858903808363345e-05,0.8715348546281185,3.90960982093987e-05
804,33.294850411108705,4.4828296962895706e-05,0.872129901382568,3.90960982093987e-05
805,33.33621047373119,4.479824376471604e-05,0.872714975496239,3.90960982093987e-05
806,33.37757053635369,4.476889941627683e-05,0.8732870077030386,3.90960982093987e-05
807,33.41893059897619,4.4740420054887976e-05,0.873842895561446,3.90960982093987e-05
808,33.460290661598684,4.471296081780756e-05,0.874379542180265,3.90960982093987e-05
809,33.50165072422118,4.468667405796662e-05,0.8748938924987807,3.90960982093987e-05
810,33.54301078684368,4.4661707755410314e-05,0.875382966175596,3.90960982093987e-05
811,33.584370849466175,4.463820415834999e-05,0.8758438863424888,3.90960982093987e-05
812,33.62573091208867,4.461629867631582e-05,0.8762739036923413,3.90960982093987e-05
813,33.66709097471116,4.459611903719518e-05,0.8766704155756421,3.90960982093987e-05
814,33.70845103733365,4.45777847102083e-05,0.8770309799725355,3.90960982093987e-05
815,33.74981109995615,4.456140658860813e-05,0.8773533243762867,3.90960982093987e-05
816,33.79117116257864,4.454708691906953e-05,0.8776353497687995,3.90960982093987e-05
817,33.832531225201144,4.4534919459451994e-05,0.8778751299863646,3.90960982093987e-05
818,33.87389128782364,4.452498984267218e-05,0.8780709068669905,3.90960982093987e-05
819,33.915251350446134,4.451737612152945e-05,0.8782210816439175,3.90960982093987e-05
820,33.95661141306863,4.4512149467464356e-05,0.8783242031026954,3.90960982093987e-05
821,33.997971475691116,4.450937499489396e-05,0.8783789530606471,3.90960982093987e-05
822,34.03933153831361,4.4509112682092664e-05,0.8783841297543598,3.90960982093987e-05
823,34.08069160093611,4.451141835918706e-05,0.8783386297401452,3.90960982093987e-05
824,34.12205166355861,4.451634473389901e-05,0.878241428920088,3.90960982093987e-05
825,34.1634117261811,4.452394242607743e-05,0.8780915633046081,3.90960982093987e-05
826,34.204771788803605,4.453426098298437e-05,0.8778881101077779,3.90960982093987e-05
827,34.2461318514261,4.454734984865636e-05,0.87763016974573,3.90960982093987e-05
828,34.287491914048594,4.456325926277257e-05,0.877316849265084,3.90960982093987e-05
829,34.32885197667108,4.4582041067085856e-05,0.8769472476723966,3.90960982093987e-05
830,34.37021203929358,4.460374940079025e-05,0.876520443564012,3.90960982093987e-05
831,34.41157210191607,4.462844127013921e-05,0.8760354853701291,3.90960982093987e-05
832,34.452932164538566,4.465617698185139e-05,0.8754913844346249,3.90960982093987e-05
833,34.49429222716107,4.468702043446588e-05,0.874887111051265,3.90960982093987e-05
834,34.53565228978356,4.472103926631033e-05,0.8742215934782834,3.90960982093987e-05
835,34.57701235240606,4.475830486307431e-05,0.8734937198583019,3.90960982093987e-05
836,34.61837241502856,4.4798892231779474e-05,0.87270234288661,3.90960982093987e-05
837,34.65973247765104,4.484287975095464e-05,0.8718462870031536,3.90960982093987e-05
838,34.701092540273535,4.4890348809056195e-05,0.8709243578323775,3.90960982093987e-05
839,34.74245260289604,4.494138334422806e-05,0.8699353535680587,3.90960982093987e-05
840,34.78381266551853,4.499606929863149e-05,0.8688780779921985,3.90960982093987e-05
841,34.82517272814103,4.5054493999675983e-05,0.8677513548299947,3.90960982093987e-05
842,34.86653279076353,4.511674547872601e-05,0.8665540431730334,3.90960982093987e-05
843,34.90789285338602,4.5182911735569524e-05,0.8652850537434692,3.90960982093987e-05
844,34.94925291600852,4.525307995419588e-05,0.863943365821086,3.90960982093987e-05
845,34.990612978631006,4.532733567279858e-05,0.8625280447017469,3.90960982093987e-05
846,35.0319730412535,4.540576190848373e-05,0.8610382595979275,3.90960982093987e-05
847,35.073333103875996,4.548843823540465e-05,0.8594733019206922,3.90960982093987e-05
848,35.11469316649849,4.557543981407046e-05,0.8578326038957632,3.90960982093987e-05
849,35.15605322912099,4.566683636966276e-05,0.8561157574596275,3.90960982093987e-05
850,35.19741329174349,4.576269111836508e-05,0.8543225333553209,3.90960982093987e-05
851,35.23877335436598,4.586305964295772e-05,0.8524529003027803,3.90960982093987e-05
852,35.280133416988484,4.596798872212067e-05,0.8505070440592262,3.90960982093987e-05
853,35.321493479610965,4.6077515121877336e-05,0.848485386114845,3.90960982093987e-05
854,35.36285354223346,4.6191664361935595e-05,0.8463886016979284,3.90960982093987e-05
855,35.40421360485596,4.631044947420823e-05,0.8442176366949876,3.90960982093987e-05
856,35.445573667478456,4.6433869774976333e-05,0.8419737230358512,3.90960982093987e-05
857,35.48693373010095,4.6561909675701963e-05,0.8396583920569038,3.90960982093987e-05
858,35.52829379272345,4.669453756015006e-05,0.837273485341549,3.90960982093987e-05
859,35.56965385534595,4.683170475682152e-05,0.8348211625523616,3.90960982093987e-05
860,35.61101391796844,4.697334463581249e-05,0.832303905811123,3.90960982093987e-05
861,35.65237398059093,4.711937185785406e-05,0.8297245202533827,3.90960982093987e-05
862,35.693734043213425,4.726968180065474e-05,0.8270861304773406,3.90960982093987e-05
863,35.73509410583592,4.742415018393497e-05,0.8243921727171527,3.90960982093987e-05
864,35.776454168458415,4.758263290989436e-05,0.8216463826924768,3.90960982093987e-05
865,35.817814231080916,4.7744966130717036e-05,0.8188527792094499,3.90960982093987e-05
866,35.85917429370341,4.7910966549441876e-05,0.816015643705567,3.90960982093987e-05
867,35.900534356325906,4.8080431955315857e-05,0.8131394960372474,3.90960982093987e-05
868,35.94189441894841,4.8253141990159065e-05,0.8102290668941747,3.90960982093987e-05
869,35.98325448157089,4.842885913822778e-05,0.8072892672901688,3.90960982093987e-05
870,36.02461454419338,4.860732992891867e-05,0.8043251556209979,3.90960982093987e-05
871,36.065974606815885,4.87882863393538e-05,0.8013419027973289,3.90960982093987e-05
872,36.10733466943838,4.897144738226458e-05,0.7983447559599328,3.90960982093987e-05
873,36.148694732060875,4.915652086362551e-05,0.7953390012662339,3.90960982093987e-05
874,36.19005479468338,4.9343205293838575e-05,0.7923299262093253,3.90960982093987e-05
875,36.23141485730587,4.953119193569697e-05,0.78932278189781,3.90960982093987e-05
876,36.272774919928366,4.9720166971673926e-05,0.7863227456913436,3.90960982093987e-05
877,36.314134982550854,4.990981377198453e-05,0.7833348845581988,3.90960982093987e-05
878,36.35549504517335,5.0099815243328183e-05,0.7803641194985274,3.90960982093987e-05
879,36.396855107795844,5.0289856236129605e-05,0.7774151913624083,3.90960982093987e-05
880,36.43821517041834,5.04796259855415e-05,0.774492628384305,3.90960982093987e-05
881,36.47957523304084,5.0668820558634505e-05,0.771600715752921,3.90960982093987e-05
882,36.520935295663335,5.085714527725065e-05,0.7687434675356645,3.90960982093987e-05
883,36.56229535828583,5.104431708336455e-05,0.7659246012743738,3.90960982093987e-05
884,36.60365542090833,5.123006681158869e-05,0.763147515563162,3.90960982093987e-05
885,36.64501548353082,5.141414133222713e-05,0.7604152709031571,3.90960982093987e-05
886,36.686375546153315,5.159630552810158e-05,0.7577305741029321,3.90960982093987e-05
887,36.72773560877581,5.1776344069447453e-05,0.7550957664558011,3.90960982093987e-05
888,36.769095671398304,5.195406295386546e-05,0.7525128158718893,3.90960982093987e-05
889,36.8104557340208,5.2129290782102764e-05,0.7499833130824279,3.90960982093987e-05
890,36.851815796643294,5.230187974593576e-05,0.7475084719576786,3.90960982093987e-05
891,36.893175859265796,5.247170631072775e-05,0.7450891339015894,3.90960982093987e-05
892,36.93453592188829,5.263867158265079e-05,0.7427257762007126,3.90960982093987e-05
893,36.97589598451078,5.28027013585324e-05,0.7404185241193376,3.90960982093987e-05
894,37.01725604713327,5.2963745864351646e-05,0.7381671664524988,3.90960982093987e-05
895,37.05861610975577,5.3121779196590255e-05,0.7359711741715944,3.90960982093987e-05
896,37.09997617237826,5.327679848813781e-05,0.7338297217334395,3.90960982093987e-05
897,37.141336235000765,5.34288228272865e-05,0.7317417105703483,3.90960982093987e-05
898,37.18269629762326,5.35778919640016e-05,0.7297057942419037,3.90960982093987e-05
899,37.224056360245754,5.37240648420676e-05,0.7277204047074497,3.90960982093987e-05
900,37.26541642286825,5.386741799847124e-05,0.7257837791762778,3.90960982093987e-05
901,37.306776485490744,5.400804387261076e-05,0.7238939870071022,3.90960982093987e-05
902,37.34813654811324,5.414604906739892e-05,0.7220489561617577,3.90960982093987e-05
903,37.38949661073573,5.428155260211731e-05,0.7202464987686023,3.90960982093987e-05
904,37.43085667335823,5.441468419320494e-05,0.7184843354154915,3.90960982093987e-05
905,37.47221673598072,5.454558259402403e-05,0.716760117870334,3.90960982093987e-05
906,37.51357679860322,5.4674394018518915e-05,0.7150714500128955,3.90960982093987e-05
907,37.55493686122572,5.480127066680709e-05,0.7134159068519382,3.90960982093987e-05
908,37.59629692384821,5.492636936351581e-05,0.7117910515922035,3.90960982093987e-05
909,37.6376569864707,5.504985031262312e-05,0.7101944508000565,3.90960982093987e-05
910,37.6790170490932,5.517187596602897e-05,0.7086236877910655,3.90960982093987e-05
911,37.7203771117157,5.5292609997581945e-05,0.7070763744216171,3.90960982093987e-05
912,37.761737174338194,5.5412216370031434e-05,0.7055501615081224,3.90960982093987e-05
913,37.80309723696069,5.553085847979065e-05,0.7040427481168322,3.90960982093987e-05
914,37.84445729958318,5.5648698363488105e-05,0.7025518899656816,3.90960982093987e-05
915,37.88581736220568,5.576589595107324e-05,0.7010754071574508,3.90960982093987e-05
916,37.92717742482817,5.588260835267763e-05,0.6996111914222307,3.90960982093987e-05
917,37.96853748745067,5.5998989170038944e-05,0.6981572129933414,3.90960982093987e-05
918,38.00989755007316,5.6115187827935125e-05,0.6967115271765335,3.90960982093987e-05
919,38.05125761269566,5.623134892599349e-05,0.6952722806072709,3.90960982093987e-05
920,38.09261767531815,5.634761161617084e-05,0.6938377171283471,3.90960982093987e-05
921,38.13397773794065,5.646410901544381e-05,0.6924061831685915,3.90960982093987e-05
922,38.17533780056314,5.658096766644938e-05,0.6909761324669139,3.90960982093987e-05
923,38.216697863185644,5.6698307060591666e-05,0.689546129968536,3.90960982093987e-05
924,38.25805792580813,5.6816239238197184e-05,0.6881148547247501,3.90960982093987e-05
925,38.29941798843063,5.693486847864721e-05,0.6866811016532208,3.90960982093987e-05
926,38.34077805105313,5.7054291090013496e-05,0.685243782062203,3.90960982093987e-05
927,38.38213811367562,5.7174595302961865e-05,0.6838019229035693,3.90960982093987e-05
928,38.42349817629812,5.72958612677087e-05,0.682354664793787,3.90960982093987e-05
929,38.46485823892061,5.7418161146306305e-05,0.6809012589201273,3.90960982093987e-05
930,38.50621830154311,5.7541559285883844e-05,0.6794410630264203,3.90960982093987e-05
931,38.5475783641656,5.76661124523548e-05,0.6779735367405058,3.90960982093987e-05
932,38.5889384267881,5.779187009887268e-05,0.6764982365601167,3.90960982093987e-05
933,38.63029848941059,5.791887463979773e-05,0.6750148108460423,3.90960982093987e-05
934,38.67165855203309,5.804716169898387e-05,0.673522995183468,3.90960982093987e-05
935,38.71301861465558,5.817676030160297e-05,0.6720226084559313,3.90960982093987e-05
936,38.75437867727808,5.8307692981041815e-05,0.6705135499377488,3.90960982093987e-05
937,38.79573873990058,5.8439975777022734e-05,0.6689957976466239,3.90960982093987e-05
938,38.83709880252307,5.8573618107324035e-05,0.6674694081175452,3.90960982093987e-05
939,38.87845886514557,5.8708622503322165e-05,0.6659345176628246,3.90960982093987e-05
940,38.919818927768056,5.884498420826478e-05,0.6643913450809908,3.90960982093987e-05
941,38.96117899039056,5.8982690646377564e-05,0.6628401956735726,3.90960982093987e-05
942,39.00253905301305,5.9121720779750215e-05,0.6612814663335967,3.90960982093987e-05
943,39.04389911563555,5.926204437828111e-05,0.6597156513845647,3.90960982093987e-05
944,39.08525917825804,5.940362123477059e-05,0.6581433487848494,3.90960982093987e-05
945,39.12661924088054,5.9546400362640896e-05,0.6565652662680076,3.90960982093987e-05
946,39.16797930350303,5.969031921701172e-05,0.6549822269715109,3.90960982093987e-05
947,39.209339366125526,5.983530298117004e-05,0.6533951741115459,3.90960982093987e-05
948,39.25069942874802,5.9981263959621095e-05,0.6518051742910567,3.90960982093987e-05
949,39.292059491370516,6.0128101116123894e-05,0.6502134190782674,3.90960982093987e-05
950,39.33341955399301,6.027569979065963e-05,0.6486212245595042,3.90960982093987e-05
951,39.37477961661551,6.0423931623461177e-05,0.6470300286487584,3.90960982093987e-05
952,39.41613967923801,6.057265470734862e-05,0.6454413860229177,3.90960982093987e-05
953,39.4574997418605,6.072171398229693e-05,0.6438569606384456,3.90960982093987e-05
954,39.498859804483,6.0870941878376404e-05,0.6422785158723998,3.90960982093987e-05
955,39.54021986710549,6.102015920575167e-05,0.6407079024093002,3.90960982093987e-05
956,39.58157992972798,6.116917628310237e-05,0.6391470440676634,3.90960982093987e-05
957,39.62293999235048,6.131779428915888e-05,0.6375979218207296,3.90960982093987e-05
958,39.664300054972976,6.146580681596271e-05,0.6360625563161959,3.90960982093987e-05
959,39.70566011759547,6.16130015970645e-05,0.6345429892391642,3.90960982093987e-05
960,39.747020180217966,6.175916237929503e-05,0.6330412638903569,3.90960982093987e-05
961,39.78838024284046,6.190407090285333e-05,0.631559405370167,3.90960982093987e-05
962,39.82974030546296,6.204750895138424e-05,0.6300994007677483,3.90960982093987e-05
963,39.87110036808546,6.218926043155384e-05,0.6286631797531711,3.90960982093987e-05
964,39.912460430707945,6.232911344028872e-05,0.6272525959614805,3.90960982093987e-05
965,39.95382049333044,6.246686227766181e-05,0.6258694095377909,3.90960982093987e-05
966,39.995180555952935,6.260230936430038e-05,0.6245152711841275,3.90960982093987e-05
967,40.03654061857544,6.273526702432743e-05,0.6231917080107119,3.90960982093987e-05
968,40.07790068119793,6.286555909841705e-05,0.6219001114456506,3.90960982093987e-05
969,40.119260743820426,6.299302235632819e-05,0.6206417274003232,3.90960982093987e-05
970,40.16062080644292,6.3117507684377e-05,0.6194176488225922,3.90960982093987e-05
971,40.201980869065416,6.32388810305703e-05,0.6182288106979512,3.90960982093987e-05
972,40.243340931687904,6.335702409799055e-05,0.6170759874853194,3.90960982093987e-05
973,40.284700994310406,6.347183478556155e-05,0.6159597928984433,3.90960982093987e-05
974,40.3260610569329,6.358322738370368e-05,0.61488068187333,3.90960982093987e-05
975,40.367421119555395,6.369113254026702e-05,0.6138389544993762,3.90960982093987e-05
976,40.40878118217789,6.379549701918927e-05,0.6128347616390363,3.90960982093987e-05
977,40.45014124480039,6.389628327976507e-05,0.6118681119247481,3.90960982093987e-05
978,40.49150130742289,6.399346890825269e-05,0.6109388798011669,3.90960982093987e-05
979,40.53286137004538,6.408704593539802e-05,0.6100468142783322,3.90960982093987e-05
980,40.57422143266787,6.417702007321053e-05,0.6091915480774811,3.90960982093987e-05
981,40.615581495290364,6.426340990223237e-05,0.6083726068827946,3.90960982093987e-05
982,40.65694155791286,6.434624603679277e-05,0.6075894184571979,3.90960982093987e-05
983,40.69830162053536,6.442557029063056e-05,0.6068413214354497,3.90960982093987e-05
984,40.739661683157856,6.450143485951326e-05,0.6061275736664089,3.90960982093987e-05
985,40.78102174578035,6.457390153139825e-05,0.6054473600358299,3.90960982093987e-05
986,40.822381808402845,6.464304092899492e-05,0.6047997997548191,3.90960982093987e-05
987,40.86374187102534,6.470893178457267e-05,0.6041839531450842,3.90960982093987e-05
988,40.90510193364783,6.477166024319571e-05,0.6035988279844311,3.90960982093987e-05
989,40.94646199627033,6.483131918811737e-05,0.6030433854963797,3.90960982093987e-05
990,40.987822058892824,6.488800758124299e-05,0.6025165460728388,3.90960982093987e-05
991,41.02918212151532,6.494182981205617e-05,0.6020171948117895,3.90960982093987e-05
992,41.070542184137814,6.499289505011904e-05,0.6015441869338162,3.90960982093987e-05
993,41.111902246760316,6.504131659865878e-05,0.601096353117257,3.90960982093987e-05
994,41.15326230938281,6.508721124961473e-05,0.6006725047638313,3.90960982093987e-05
995,41.194622372005306,6.513069864323496e-05,0.6002714391803866,3.90960982093987e-05
996,41.23598243462779,6.517190063746874e-05,0.5998919446415761,3.90960982093987e-05
997,41.27734249725029,6.521094069379582e-05,0.5995328052845942,3.90960982093987e-05
998,41.31870255987278,6.524794328622725e-05,0.5991928057853624,3.90960982093987e-05
999,41.360062622495285,6.528303333942205e-05,0.5988707357718623,3.90960982093987e-05
1000,41.40142268511778,6.531633569972588e-05,0.5985653939488033,3.90960982093987e-05
1001,41.442782747740274,6.53479746400733e-05,0.5982755919327885,3.90960982093987e-05
1002,41.48414281036277,6.537807339644414e-05,0.5980001578254691,3.90960982093987e-05
1003,41.52550287298527,6.540675373005168e-05,0.5977379395827692,3.90960982093987e-05
1004,41.56686293560775,6.543413550657413e-05,0.5974878082628714,3.90960982093987e-05
1005,41.608222998230254,6.546033628168026e-05,0.597248661252908,3.90960982093987e-05
1006,41.64958306085275,6.548547088129237e-05,0.5970194255802094,3.90960982093987e-05
1007,41.69094312347524,6.550965096572903e-05,0.5967990614062588,3.90960982093987e-05
1008,41.73230318609774,6.553298456920964e-05,0.5965865657790873,3.90960982093987e-05
1009,41.77366324872024,6.5555575609896e-05,0.5963809766853289,3.90960982093987e-05
1010,41.815023311342735,6.557752337072057e-05,0.596181377396368,3.90960982093987e-05
1011,41.85638337396523,6.559892195691782e-05,0.5959869010511348,3.90960982093987e-05
1012,41.89774343658772,6.561985974227856e-05,0.5957967353625608,3.90960982093987e-05
1013,41.93910349921021,6.564041882170699e-05,0.5956101272844073,3.90960982093987e-05
1014,41.98046356183271,6.566067449250677e-05,0.5954263874316486,3.90960982093987e-05
1015,42.02182362445521,6.568069478994173e-05,0.595244894019998,3.90960982093987e-05
1016,42.063183687077704,6.570054010408171e-05,0.5950650960777996,3.90960982093987e-05
1017,42.1045437497002,6.572026290412211e-05,0.5948865156920502,3.90960982093987e-05
1018,42.1459038123227,6.573990759338679e-05,0.5947087490784918,3.90960982093987e-05
1019,42.18726387494519,6.575951051318731e-05,0.5945314663125181,3.90960982093987e-05
1020,42.228623937567676,6.577910010690983e-05,0.5943544096203258,3.90960982093987e-05
1021,42.26998400019018,6.579869724752725e-05,0.5941773902046056,3.90960982093987e-05
1022,42.311344062812665,6.581831572301388e-05,0.5940002836585568,3.90960982093987e-05
1023,42.35270412543517,6.583796286523249e-05,0.5938230241027772,3.90960982093987e-05
1024,42.39406418805767,6.585764029960398e-05,0.5936455972540182,3.90960982093987e-05
1025,42.43542425068016,6.587734478593585e-05,0.5934680326968085,3.90960982093987e-05
1026,42.47678431330266,6.589706911541343e-05,0.5932903956763997,3.90960982093987e-05
1027,42.51814437592515,6.591680302581053e-05,0.5931127787567329,3.90960982093987e-05
1028,42.55950443854764,6.59365340961398e-05,0.592935293693084,3.90960982093987e-05
1029,42.600864501170136,6.595624858383637e-05,0.5927580638505239,3.90960982093987e-05
1030,42.64222456379264,6.597593217162042e-05,0.5925812174612353,3.90960982093987e-05
1031,42.683584626415126,6.599557059741866e-05,0.592404881956243,3.90960982093987e-05
1032,42.72494468903763,6.601515014852677e-05,0.5922291795358613,3.90960982093987e-05
1033,42.76630475166013,6.603465801026296e-05,0.5920542240609844,3.90960982093987e-05
1034,42.80766481428262,6.605408246876776e-05,0.5918801192626427,3.90960982093987e-05
1035,42.849024876905105,6.607341297701646e-05,0.5917069581829868,3.90960982093987e-05
1036,42.89038493952761,6.609264010171981e-05,0.5915348236842694,3.90960982093987e-05
1037,42.931745002150095,6.611175537592876e-05,0.591363789799379,3.90960982093987e-05
1038,42.9731050647726,6.61307510876045e-05,0.5911939236499439,3.90960982093987e-05
1039,43.0144651273951,6.614962003741551e-05,0.5910252876325698,3.90960982093987e-05
1040,43.055825190017586,6.616835529966298e-05,0.5908579415695079,3.90960982093987e-05
1041,43.09718525264009,6.618695001832438e-05,0.5906919445385328,3.90960982093987e-05
1042,43.138545315262576,6.620539726577814e-05,0.5905273561375886,3.90960982093987e-05
1043,43.17990537788507,6.622368998546458e-05,0.590364236997061,3.90960982093987e-05
1044,43.221265440507565,6.624182103152732e-05,0.5902026484264555,3.90960982093987e-05
1045,43.26262550313007,6.625978330949362e-05,0.590042651162686,3.90960982093987e-05
1046,43.303985565752555,6.627757001248364e-05,0.5898843032723559,3.90960982093987e-05
1047,43.34534562837506,6.62951749385328e-05,0.5897276573392801,3.90960982093987e-05
1048,43.386705690997545,6.63125928665269e-05,0.5895727571396704,3.90960982093987e-05
1049,43.42806575362005,6.632981996215135e-05,0.5894196340606297,3.90960982093987e-05
1050,43.46942581624255,6.634685418133301e-05,0.5892683035512868,3.90960982093987e-05
1051,43.510785878865036,6.636369563732516e-05,0.5891187619064685,3.90960982093987e-05
1052,43.55214594148753,6.638034689919845e-05,0.5889709836673178,3.90960982093987e-05
1053,43.593506004110026,6.639681319361975e-05,0.5888249198856964,3.90960982093987e-05
1054,43.63486606673252,6.641310248851319e-05,0.5886804974389016,3.90960982093987e-05
1055,43.676226129355015,6.642922544578804e-05,0.5885376195046031,3.90960982093987e-05
1056,43.71758619197752,6.644519524007605e-05,0.5883961672192981,3.90960982093987e-05
1057,43.758946254600005,6.646102725091843e-05,0.5882560024507962,3.90960982093987e-05
1058,43.80030631722251,6.647673864567494e-05,0.5881169715286919,3.90960982093987e-05
1059,43.841666379844995,6.649234787936485e-05,0.5879789096984457,3.90960982093987e-05
1060,43.88302644246749,6.650787414451296e-05,0.5878416460049221,3.90960982093987e-05
1061,43.924386505089984,6.652333680852439e-05,0.5877050082729596,3.90960982093987e-05
1062,43.965746567712486,6.65387548775597e-05,0.5875688278408696,3.90960982093987e-05
1063,44.007106630334974,6.655414652431628e-05,0.5874329437177068,3.90960982093987e-05
1064,44.048466692957476,6.65695287125816e-05,0.587297205876261,3.90960982093987e-05
1065,44.08982675557998,6.658491694408045e-05,0.5871614774594148,3.90960982093987e-05
1066,44.131186818202465,6.660032514389074e-05,0.5870256357597526,3.90960982093987e-05
1067,44.17254688082496,6.66157656898442e-05,0.5868895719284517,3.90960982093987e-05
1068,44.213906943447455,6.663124958019293e-05,0.5867531894677323,3.90960982093987e-05
1069,44.25526700606995,6.664678672280356e-05,0.5866164016579926,3.90960982093987e-05
1070,44.296627068692445,6.666238631962572e-05,0.5864791281539921,3.90960982093987e-05
1071,44.33798713131495,6.667805731244972e-05,0.5863412910516653,3.90960982093987e-05
1072,44.379347193937434,6.669380885106321e-05,0.5862028107692254,3.90960982093987e-05
1073,44.420707256559936,6.670965074284515e-05,0.586063602103207,3.90960982093987e-05
1074,44.462067319182424,6.672559384398688e-05,0.5859235708086835,3.90960982093987e-05
1075,44.50342738180492,6.674165035666131e-05,0.5857826110153511,3.90960982093987e-05
1076,44.54478744442742,6.67578340032326e-05,0.5856406037305758,3.90960982093987e-05
1077,44.586147507049915,6.677416005734061e-05,0.5854974166028584,3.90960982093987e-05
1078,44.62750756967241,6.679064522192819e-05,0.5853529050287266,3.90960982093987e-05
1079,44.668867632294905,6.680730735472563e-05,0.5852069145940999,3.90960982093987e-05
1080,44.7102276949174,6.682416505203002e-05,0.5850592847506295,3.90960982093987e-05
1081,44.751587757539895,6.684123711074833e-05,0.5849098535477569,3.90960982093987e-05
1082,44.7929478201624,6.685854189582472e-05,0.5847584631791114,3.90960982093987e-05
1083,44.834307882784884,6.68760966453967e-05,0.5846049660568791,3.90960982093987e-05
1084,44.87566794540738,6.689391674831817e-05,0.5844492311086217,3.90960982093987e-05
1085,44.917028008029874,6.691201502878513e-05,0.5842911499912207,3.90960982093987e-05
1086,44.95838807065237,6.693040107016322e-05,0.5841306429407799,3.90960982093987e-05
1087,44.99974813327486,6.694908060575736e-05,0.583967664016533,3.90960982093987e-05
1088,45.041108195897365,6.696805499816942e-05,0.5838022055511004,3.90960982093987e-05
1089,45.08246825851986,6.698732082210096e-05,0.5836343016796669,3.90960982093987e-05
1090,45.123828321142355,6.700686955830319e-05,0.5834640308838915,3.90960982093987e-05
1091,45.16518838376485,6.702668739966602e-05,0.583291517545495,3.90960982093987e-05
1092,45.20654844638734,6.704675516463403e-05,0.5831169325554655,3.90960982093987e-05
1093,45.24790850900984,6.706704830852703e-05,0.5829404930651756,3.90960982093987e-05
1094,45.289268571632334,6.708753702042745e-05,0.5827624614910866,3.90960982093987e-05
1095,45.33062863425483,6.710818639176595e-05,0.5825831438978616,3.90960982093987e-05
1096,45.371988696877324,6.712895664283381e-05,0.5824028878835898,3.90960982093987e-05
1097,45.413348759499826,6.714980339470276e-05,0.5822220800795802,3.90960982093987e-05
1098,45.45470882212231,6.717067797613938e-05,0.5820411433585138,3.90960982093987e-05
1099,45.49606888474481,6.719152775774105e-05,0.5818605338214607,3.90960982093987e-05
1100,45.5374289473673,6.721229650810073e-05,0.5816807376115569,3.90960982093987e-05
1101,45.5787890099898,6.723292476913822e-05,0.5815022675816254,3.90960982093987e-05
1102,45.6201490726123,6.725335024929768e-05,0.5813256598292214,3.90960982093987e-05
1103,45.661509135234795,6.727350823417277e-05,0.5811514701048272,3.90960982093987e-05
1104,45.70286919785729,6.729333201384493e-05,0.5809802701009822,3.90960982093987e-05
1105,45.744229260479784,6.731275332538194e-05,0.5808126436369755,3.90960982093987e-05
1106,45.78558932310228,6.733170280708489e-05,0.5806491827692922,3.90960982093987e-05
1107,45.82694938572477,6.735011045912981e-05,0.5804904838741647,3.90960982093987e-05
1108,45.86830944834727,6.736790610297261e-05,0.5803371437675363,3.90960982093987e-05
1109,45.90966951096976,6.738501983006461e-05,0.5801897559426927,3.90960982093987e-05
1110,45.95102957359226,6.740138242901809e-05,0.580048907017177,3.90960982093987e-05
1111,45.99238963621475,6.741692578000887e-05,0.5799151734829159,3.90960982093987e-05
1112,46.03374969883725,6.743158320562528e-05,0.5797891188492401,3.90960982093987e-05
1113,46.07510976145974,6.744528976913077e-05,0.5796712912529098,3.90960982093987e-05
1114,46.116469824082245,6.745798251361158e-05,0.5795622215874888,3.90960982093987e-05
1115,46.15782988670474,6.746960063905588e-05,0.5794624221736876,3.90960982093987e-05
1116,46.19918994932723,6.74800856183465e-05,0.579372385958699,3.90960982093987e-05
1117,46.24055001194973,6.748938125747515e-05,0.5792925861958232,3.90960982093987e-05
1118,46.28191007457222,6.749743370925638e-05,0.5792234765221479,3.90960982093987e-05
1119,46.32327013719472,6.750419145349849e-05,0.5791654913210947,3.90960982093987e-05
1120,46.36463019981721,6.750960525910803e-05,0.5791190462356328,3.90960982093987e-05
1121,46.40599026243971,6.751362814527135e-05,0.5790845386841647,3.90960982093987e-05
1122,46.4473503250622,6.751621535903668e-05,0.5790623482298893,3.90960982093987e-05
1123,46.4887103876847,6.751732438553312e-05,0.5790528366638857,3.90960982093987e-05
1124,46.530070450307186,6.751691500474776e-05,0.5790563476819028,3.90960982093987e-05
1125,46.57143051292969,6.75149494052833e-05,0.5790732060644821,3.90960982093987e-05
1126,46.61279057555218,6.751139236134606e-05,0.5791037163052697,3.90960982093987e-05
1127,46.65415063817468,6.750621147452875e-05,0.5791481606718566,3.90960982093987e-05
1128,46.69551070079718,6.749937747723572e-05,0.5792067967231835,3.90960982093987e-05
1129,46.736870763419674,6.749086459028347e-05,0.579279854343832,3.90960982093987e-05
1130,46.77823082604217,6.748065092357699e-05,0.5793675323860719,3.90960982093987e-05
1131,46.819590888664656,6.746871890619416e-05,0.5794699950321626,3.90960982093987e-05
1132,46.86095095128716,6.745505573091277e-05,0.5795873680003802,3.90960982093987e-05
1133,46.902311013909646,6.743965379823939e-05,0.5797197347181424,3.90960982093987e-05
1134,46.94367107653215,6.742251114634216e-05,0.5798671325744555,3.90960982093987e-05
1135,46.98503113915464,6.740363185597331e-05,0.5800295493414723,3.90960982093987e-05
1136,47.02639120177714,6.738302642283052e-05,0.5802069198268048,3.90960982093987e-05
1137,47.06775126439963,6.736071209408065e-05,0.580399122782348,3.90960982093987e-05
1138,47.10911132702213,6.733671316998533e-05,0.5806059780599062,3.90960982093987e-05
1139,47.150471389644615,6.731106127574468e-05,0.5808272439686945,3.90960982093987e-05
1140,47.19183145226712,6.728379561195455e-05,0.5810626147620656,3.90960982093987e-05
1141,47.23319151488962,6.725496319468053e-05,0.5813117181586827,3.90960982093987e-05
1142,47.274551577512106,6.722461909694323e-05,0.581574112796668,3.90960982093987e-05
1143,47.31591164013461,6.719282670315568e-05,0.5818492855214643,3.90960982093987e-05
1144,47.357271702757096,6.715965798578227e-05,0.5821366484277714,3.90960982093987e-05
1145,47.3986317653796,6.712519381008597e-05,0.5824355356054745,3.90960982093987e-05
1146,47.43999182800209,6.70895242678323e-05,0.5827451995831826,3.90960982093987e-05
1147,47.48135189062459,6.705274903497373e-05,0.5830648075145547,3.90960982093987e-05
1148,47.522711953247075,6.701497774206904e-05,0.5833934372085288,3.90960982093987e-05
1149,47.56407201586958,6.697633033958333e-05,0.5837300731642612,3.90960982093987e-05
1150,47.605432078492065,6.693693743445906e-05,0.5840736028247399,3.90960982093987e-05
1151,47.64679214111457,6.689694056917901e-05,0.5844228133119019,3.90960982093987e-05
1152,47.68815220373706,6.685649241112485e-05,0.5847763889403979,3.90960982093987e-05
1153,47.729512266359556,6.681575681812086e-05,0.5851329098287725,3.90960982093987e-05
1154,47.770872328982044,6.67749087462074e-05,0.585490851930505,3.90960982093987e-05
1155,47.812232391604546,6.673413396793821e-05,0.5858485887923871,3.90960982093987e-05
1156,47.853592454227034,6.66936285735913e-05,0.5862043953158008,3.90960982093987e-05
1157,47.894952516849536,6.665359823362141e-05,0.5865564537471264,3.90960982093987e-05
1158,47.93631257947204,6.661425720805474e-05,0.5869028620598558,3.90960982093987e-05
1159,47.977672642094525,6.65758270967251e-05,0.5872416448179862,3.90960982093987e-05
1160,48.01903270471703,6.653853533317858e-05,0.5875707665284893,3.90960982093987e-05
1161,48.06039276733952,6.650261343373685e-05,0.5878881474087334,3.90960982093987e-05
1162,48.101752829962,6.646829502153766e-05,0.5881916814133781,3.90960982093987e-05
1163,48.143112892584504,6.64358136527115e-05,0.5884792562904517,3.90960982093987e-05
1164,48.184472955207006,6.640540047797298e-05,0.5887487753705677,3.90960982093987e-05
1165,48.225833017829494,6.637728177758963e-05,0.5889981807389764,3.90960982093987e-05
1166,48.267193080451996,6.635167641081892e-05,0.5892254773991501,3.90960982093987e-05
1167,48.3085531430745,6.632879322265609e-05,0.589428758007986,3.90960982093987e-05
1168,48.349913205696986,6.630882845109436e-05,0.5896062277473921,3.90960982093987e-05
1169,48.39127326831949,6.629196317745802e-05,0.5897562288922072,3.90960982093987e-05
1170,48.432633330941975,6.627836086101013e-05,0.5898772646382379,3.90960982093987e-05
1171,48.47399339356446,6.626816499718975e-05,0.5899680217651516,3.90960982093987e-05
1172,48.515353456186965,6.626149693692983e-05,0.5900273917236103,3.90960982093987e-05
1173,48.55671351880947,6.625845390272606e-05,0.5900544897530453,3.90960982093987e-05
1174,48.598073581431954,6.625910723556485e-05,0.5900486716551127,3.90960982093987e-05
1175,48.639433644054456,6.626350090561153e-05,0.590009547866914,3.90960982093987e-05
1176,48.680793706676944,6.627165031861816e-05,0.5899369944981612,3.90960982093987e-05
1177,48.722153769299446,6.628354144892084e-05,0.589831161020972,3.90960982093987e-05
1178,48.763513831921934,6.629913032878532e-05,0.589692474328343,3.90960982093987e-05
1179,48.804873894544436,6.631834292168173e-05,0.5895216389162349,3.90960982093987e-05
1180,48.84623395716692,6.634107540421044e-05,0.5893196329904143,3.90960982093987e-05
1181,48.887594019789425,6.636719487659503e-05,0.589087700363034,3.90960982093987e-05
1182,48.92895408241191,6.63965405153297e-05,0.5888273380805459,3.90960982093987e-05
1183,48.970314145034415,6.642892517296091e-05,0.5885402798194347,3.90960982093987e-05
1184,49.01167420765692,6.646413741934758e-05,0.588228475195977,3.90960982093987e-05
1185,49.053034270279404,6.650194400615289e-05,0.5878940652589262,3.90960982093987e-05
1186,49.09439433290189,6.654209272221165e-05,0.5875393545647909,3.90960982093987e-05
1187,49.135754395524394,6.658431559235891e-05,0.587166780368398,3.90960982093987e-05
1188,49.17711445814688,6.662833235716941e-05,0.5867788795886296,3.90960982093987e-05
1189,49.218474520769384,6.667385415691455e-05,0.5863782543212129,3.90960982093987e-05
1190,49.259834583391886,6.672058733060625e-05,0.5859675367615421,3.90960982093987e-05
1191,49.30119464601437,6.676823723188608e-05,0.5855493544575389,3.90960982093987e-05
1192,49.342554708636875,6.681651195806233e-05,0.5851262968341947,3.90960982093987e-05
1193,49.38391477125938,6.686512588793392e-05,0.584700883909556,3.90960982093987e-05
1194,49.42527483388186,6.691380292864385e-05,0.5842755380543885,3.90960982093987e-05
1195,49.46663489650435,6.696227938154162e-05,0.5838525595378056,3.90960982093987e-05
1196,49.507994959126854,6.701030635193533e-05,0.5834341064502471,3.90960982093987e-05
1197,49.54935502174934,6.705765164699143e-05,0.583022179410793,3.90960982093987e-05
1198,49.590715084371844,6.710410112874199e-05,0.5826186112588144,3.90960982093987e-05
1199,49.632075146994346,6.714945951436133e-05,0.5822250617078635,3.90960982093987e-05
1200,49.673435209616834,6.71935506415303e-05,0.5818430167200389,3.90960982093987e-05
1201,49.714795272239336,6.723621724183469e-05,0.5814737921495221,3.90960982093987e-05
1202,49.75615533486182,6.727732028782247e-05,0.5811185410200604,3.90960982093987e-05
1203,49.79751539748431,6.731673799825764e-05,0.5807782636528025,3.90960982093987e-05
1204,49.83887546010681,6.735436460026348e-05,0.5804538197550714,3.90960982093987e-05
1205,49.880235522729315,6.739010895513822e-05,0.5801459415271918,3.90960982093987e-05
1206,49.9215955853518,6.742389315670182e-05,0.579855246841566,3.90960982093987e-05
1207,49.962955647974304,6.745565120646639e-05,0.579582251600158,3.90960982093987e-05
1208,50.00431571059679,6.74853278594244e-05,0.5793273804765088,3.90960982093987e-05
1209,50.045675773219294,6.75128777182093e-05,0.5790909753925934,3.90960982093987e-05
1210,50.08703583584178,6.753826463298737e-05,0.5788733012589605,3.90960982093987e-05
1211,50.128395898464284,6.756146144087977e-05,0.578674548708661,3.90960982093987e-05
1212,50.16975596108677,6.758245005340057e-05,0.5784948337698137,3.90960982093987e-05
1213,50.21111602370927,6.760122187494007e-05,0.5783341946351966,3.90960982093987e-05
1214,50.25247608633176,6.761777851117266e-05,0.5781925858883217,3.90960982093987e-05
1215,50.29383614895426,6.76321327048526e-05,0.5780698707227602,3.90960982093987e-05
1216,50.335196211576765,6.764430941897939e-05,0.5779658118355964,3.90960982093987e-05
1217,50.37655627419925,6.765434697497536e-05,0.5778800617772564,3.90960982093987e-05
1218,50.41791633682175,6.766229814657552e-05,0.5778121535970532,3.90960982093987e-05
1219,50.45927639944424,6.766823110935824e-05,0.5777614926303559,3.90960982093987e-05
1220,50.50063646206674,6.767223015106264e-05,0.5777273502310429,3.90960982093987e-05
1221,50.54199652468923,6.767439605858328e-05,0.5777088601655879,3.90960982093987e-05
1222,50.583356587311734,6.767484611327344e-05,0.5777050182568582,3.90960982093987e-05
1223,50.62471664993422,6.767371364597233e-05,0.577714685703901,3.90960982093987e-05
1224,50.66607671255672,6.767114712567495e-05,0.5777365963191327,3.90960982093987e-05
1225,50.707436775179225,6.766730877981168e-05,0.5777693677255108,3.90960982093987e-05
1226,50.748796837801706,6.766237276826682e-05,0.5778115163548403,3.90960982093987e-05
1227,50.7901569004242,6.765652295614293e-05,0.5778614758955617,3.90960982093987e-05
1228,50.8315169630467,6.764995035073543e-05,0.5779176186634656,3.90960982093987e-05
1229,50.8728770256692,6.764285028496036e-05,0.5779782792223834,3.90960982093987e-05
1230,50.91423708829169,6.763541944191626e-05,0.5780417794699053,3.90960982093987e-05
1231,50.955597150914194,6.76278528226711e-05,0.57810645433197,3.90960982093987e-05
1232,50.99695721353668,6.762034076158097e-05,0.5781706771819679,3.90960982093987e-05
1233,51.038317276159184,6.761306609030237e-05,0.5782328841171454,3.90960982093987e-05
1234,51.07967733878167,6.760620154389658e-05,0.5782915962822387,3.90960982093987e-05
1235,51.121037401404166,6.759990749006756e-05,0.5783454395280508,3.90960982093987e-05
1236,51.16239746402666,6.759433004694236e-05,0.5783931608205535,3.90960982093987e-05
1237,51.20375752664916,6.75895996365767e-05,0.5784336409686544,3.90960982093987e-05
1238,51.24511758927165,6.758583000157586e-05,0.5784659034073728,3.90960982093987e-05
1239,51.28647765189415,6.758311769207963e-05,0.578489118947239,3.90960982093987e-05
1240,51.32783771451664,6.758154201085988e-05,0.5785026065714249,3.90960982093987e-05
1241,51.36919777713914,6.758116538625442e-05,0.5785058305216886,3.90960982093987e-05
1242,51.41055783976164,6.758203412712623e-05,0.5784983940533127,3.90960982093987e-05
1243,51.45191790238413,6.758417950145283e-05,0.5784800303532319,3.90960982093987e-05
1244,51.49327796500663,6.758761907111582e-05,0.5784505911986885,3.90960982093987e-05
1245,51.53463802762912,6.759235821010563e-05,0.5784100339844852,3.90960982093987e-05
1246,51.575998090251616,6.759839173178792e-05,0.5783584077639216,3.90960982093987e-05
1247,51.61735815287411,6.760570555289447e-05,0.5782958389334469,3.90960982093987e-05
1248,51.65871821549661,6.76142783272174e-05,0.5782225171463671,3.90960982093987e-05
1249,51.7000782781191,6.762408299013873e-05,0.5781386819707394,3.90960982093987e-05
1250,51.741438340741595,6.763508816536456e-05,0.5780446107175998,3.90960982093987e-05
1251,51.78279840336409,6.764725939723284e-05,0.5779406077609398,3.90960982093987e-05
1252,51.824158465986585,6.766056018459972e-05,0.5778269955603679,3.90960982093987e-05
1253,51.86551852860908,6.767495280530968e-05,0.577704107483785,3.90960982093987e-05
1254,51.90687859123158,6.769039893255628e-05,0.5775722824200271,3.90960982093987e-05
1255,51.94823865385408,6.770686005580593e-05,0.5774318610724908,3.90960982093987e-05
1256,51.98959871647657,6.772429772858182e-05,0.5772831837412896,3.90960982093987e-05
1257,52.03095877909907,6.774267367301093e-05,0.5771265893358858,3.90960982093987e-05
1258,52.072318841721554,6.776194977646761e-05,0.5769624153137342,3.90960982093987e-05
1259,52.113678904344056,6.77820880183507e-05,0.5767909982179095,3.90960982093987e-05
1260,52.15503896696655,6.78030503655513e-05,0.5766126744831861,3.90960982093987e-05
1261,52.196399029589045,6.782479867301663e-05,0.5764277811996317,3.90960982093987e-05
1262,52.23775909221154,6.784729462169885e-05,0.5762366565592585,3.90960982093987e-05
1263,52.27911915483404,6.787049972010258e-05,0.5760396397644147,3.90960982093987e-05
1264,52.32047921745653,6.78943753881894e-05,0.5758370702413101,3.90960982093987e-05
1265,52.36183928007903,6.791888313403283e-05,0.5756292860741758,3.90960982093987e-05
1266,52.40319934270152,6.794398482478856e-05,0.5754166216511776,3.90960982093987e-05
1267,52.444559405324014,6.796964304497207e-05,0.5751994045861148,3.90960982093987e-05
1268,52.485919467946516,6.799582152710901e-05,0.5749779520468272,3.90960982093987e-05
1269,52.52727953056901,6.8022485633173e-05,0.5747525666767525,3.90960982093987e-05
1270,52.568639593191506,6.804960286027678e-05,0.5745235323367424,3.90960982093987e-05
1271,52.609999655814,6.807714334108308e-05,0.5742911099180193,3.90960982093987e-05
1272,52.651359718436495,6.810508030876711e-05,0.5740555334807511,3.90960982093987e-05
1273,52.69271978105899,6.813339049801406e-05,0.5738170069569379,3.90960982093987e-05
1274,52.734079843681485,6.816205445737444e-05,0.5735757016221934,3.90960982093987e-05
1275,52.77543990630398,6.819105675416683e-05,0.5733317544900742,3.90960982093987e-05
1276,52.816799968926475,6.822038606060042e-05,0.5730852677185012,3.90960982093987e-05
1277,52.85816003154897,6.825003511814318e-05,0.5728363090469037,3.90960982093987e-05
1278,52.899520094171464,6.828000058600904e-05,0.572584913208242,3.90960982093987e-05
1279,52.94088015679396,6.83102827880197e-05,0.5723310841900863,3.90960982093987e-05
1280,52.98224021941646,6.834088537954496e-05,0.5720747981573635,3.90960982093987e-05
1281,53.023600282038956,6.83718149618006e-05,0.5718160068039986,3.90960982093987e-05
1282,53.06496034466144,6.840308067430159e-05,0.5715546408728743,3.90960982093987e-05
1283,53.106320407283945,6.843469379713863e-05,0.5712906135781289,3.90960982093987e-05
1284,53.14768046990643,6.84666673928764e-05,0.5710238236813385,3.90960982093987e-05
1285,53.189040532528935,6.849901601346487e-05,0.5707541580117527,3.90960982093987e-05
1286,53.23040059515143,6.853175549086813e-05,0.5704814932780798,3.90960982093987e-05
1287,53.271760657773925,6.856490282160523e-05,0.5702056970914174,3.90960982093987e-05
1288,53.31312072039642,6.859847614595981e-05,0.5699266281981588,3.90960982093987e-05
1289,53.354480783018914,6.863249481290681e-05,0.5696441360025633,3.90960982093987e-05
1290,53.3958408456414,6.866697951269365e-05,0.5693580595338619,3.90960982093987e-05
1291,53.437200908263904,6.870195245134999e-05,0.5690682260752906,3.90960982093987e-05
1292,53.4785609708864,6.873743753577787e-05,0.5687744497174362,3.90960982093987e-05
1293,53.51992103350889,6.877346053501925e-05,0.5684765301215442,3.90960982093987e-05
1294,53.561281096131395,6.881004918313943e-05,0.5681742517774344,3.90960982093987e-05
1295,53.60264115875389,6.884723319170096e-05,0.5678673840172774,3.90960982093987e-05
1296,53.644001221376385,6.888504414509553e-05,0.5675556820004196,3.90960982093987e-05
1297,53.68536128399887,6.892351525936899e-05,0.5672388888215368,3.90960982093987e-05
1298,53.726721346621375,6.896268099403735e-05,0.5669167388196382,3.90960982093987e-05
1299,53.76808140924386,6.900257651619371e-05,0.5665889620835176,3.90960982093987e-05
1300,53.809441471866364,6.904323702585354e-05,0.5662552900693082,3.90960982093987e-05
1301,53.85080153448886,6.908469696063889e-05,0.5659154621706419,3.90960982093987e-05
1302,53.892161597111354,6.9126989105552e-05,0.565569233019852,3.90960982093987e-05
1303,53.93352165973385,6.917014363958912e-05,0.5652163802508324,3.90960982093987e-05
1304,53.97488172235634,6.921418715474304e-05,0.5648567124250272,3.90960982093987e-05
1305,54.01624178497883,6.925914168466591e-05,0.5644900768103894,3.90960982093987e-05
1306,54.05760184760133,6.930502377973201e-05,0.564116366710377,3.90960982093987e-05
1307,54.098961910223835,6.93518436630793e-05,0.5637355280608382,3.90960982093987e-05
1308,54.14032197284632,6.939960449839263e-05,0.5633475650470632,3.90960982093987e-05
1309,54.181682035468825,6.944830179542767e-05,0.5629525445354044,3.90960982093987e-05
1310,54.22304209809131,6.949792297392491e-05,0.5625505991606002,3.90960982093987e-05
1311,54.264402160713814,6.95484471009926e-05,0.5621419289581913,3.90960982093987e-05
1312,54.30576222333631,6.959984481161697e-05,0.5617268014780565,3.90960982093987e-05
1313,54.347122285958804,6.965207841696933e-05,0.5613055503577582,3.90960982093987e-05
1314,54.38848234858129,6.970510220046803e-05,0.5608785723742357,3.90960982093987e-05
1315,54.42984241120379,6.975886289754383e-05,0.5604463230259341,3.90960982093987e-05
1316,54.47120247382628,6.981330035114234e-05,0.5600093107295561,3.90960982093987e-05
1317,54.51256253644878,6.986834833144141e-05,0.5595680897440807,3.90960982093987e-05
1318,54.55392259907128,6.992393550466211e-05,0.5591232519627275,3.90960982093987e-05
1319,54.59528266169377,6.997998653207606e-05,0.5586754177421654,3.90960982093987e-05
1320,54.636642724316275,7.003642327650955e-05,0.5582252259662676,3.90960982093987e-05
1321,54.67800278693876,7.00931660894402e-05,0.5577733235721061,3.90960982093987e-05
1322,54.71936284956125,7.015013514782416e-05,0.5573203547935195,3.90960982093987e-05
1323,54.76072291218375,7.020725180567512e-05,0.5568669504058043,3.90960982093987e-05
1324,54.802082974806254,7.026443992225901e-05,0.5564137172751232,3.90960982093987e-05
1325,54.84344303742874,7.032162712608737e-05,0.5559612285321416,3.90960982093987e-05
1326,54.88480310005124,7.037874597276771e-05,0.5555100146928806,3.90960982093987e-05
1327,54.92616316267374,7.043573495516307e-05,0.5550605560414172,3.90960982093987e-05
1328,54.96752322529623,7.049253932651125e-05,0.5546132765669176,3.90960982093987e-05
1329,55.00888328791872,7.054911170153317e-05,0.5541685397088999,3.90960982093987e-05
1330,55.05024335054122,7.060541240674643e-05,0.553726646112799,3.90960982093987e-05
1331,55.09160341316371,7.066140955917818e-05,0.5532878335331839,3.90960982093987e-05
1332,55.13296347578621,7.071707886240228e-05,0.5528522789448065,3.90960982093987e-05
1333,55.174323538408714,7.077240311917169e-05,0.5524201028410165,3.90960982093987e-05
1334,55.2156836010312,7.082737147099512e-05,0.5519913756140046,3.90960982093987e-05
1335,55.257043663653704,7.088197838593106e-05,0.5515661258286585,3.90960982093987e-05
1336,55.29840372627619,7.09362224259206e-05,0.5511443501270051,3.90960982093987e-05
1337,55.33976378889868,7.099010483394099e-05,0.5507260244346972,3.90960982093987e-05
1338,55.38112385152118,7.104362798824046e-05,0.5503111160915108,3.90960982093987e-05
1339,55.42248391414368,7.109679377604236e-05,0.5498995964930982,3.90960982093987e-05
1340,55.46384397676617,7.114960194163917e-05,0.549491453816811,3.90960982093987e-05
1341,55.50520403938867,7.120204846416652e-05,0.5490867054067186,3.90960982093987e-05
1342,55.54656410201116,7.125412401810065e-05,0.5486854094152802,3.90960982093987e-05
1343,55.58792416463366,7.130581256532715e-05,0.5482876753361534,3.90960982093987e-05
1344,55.62928422725616,7.135709012130079e-05,0.5478936731155764,3.90960982093987e-05
1345,55.67064428987865,7.140792373006545e-05,0.5475036405930083,3.90960982093987e-05
1346,55.71200435250114,7.145827067395961e-05,0.5471178890933596,3.90960982093987e-05
1347,55.75336441512364,7.150807793416927e-05,0.5467368070694165,3.90960982093987e-05
1348,55.79472447774613,7.155728190842226e-05,0.5463608617699202,3.90960982093987e-05
1349,55.83608454036863,7.160580838257173e-05,0.5459905989821124,3.90960982093987e-05
1350,55.87744460299113,7.165357274383563e-05,0.5456266409655357,3.90960982093987e-05
1351,55.91880466561362,7.170048041573635e-05,0.5452696827512211,3.90960982093987e-05
1352,55.96016472823612,7.174642748849415e-05,0.5449204870259007,3.90960982093987e-05
1353,56.00152479085861,7.179130151413143e-05,0.5445798778519569,3.90960982093987e-05
1354,56.0428848534811,7.183498243296428e-05,0.5442487334897423,3.90960982093987e-05
1355,56.0842449161036,7.187734359777002e-05,0.5439279785878405,3.90960982093987e-05
1356,56.1256049787261,7.191825286336119e-05,0.5436185759918014,3.90960982093987e-05
1357,56.16696504134859,7.195757371269603e-05,0.5433215183921728,3.90960982093987e-05
1358,56.20832510397109,7.199516639550435e-05,0.5430378199923156,3.90960982093987e-05
1359,56.24968516659359,7.2030889061345e-05,0.5427685083284557,3.90960982093987e-05
1360,56.29104522921608,7.206459887546801e-05,0.5425146163230455,3.90960982093987e-05
1361,56.33240529183857,7.20961531123421e-05,0.5422771746015096,3.90960982093987e-05
1362,56.37376535446107,7.2125410227478e-05,0.5420572040573858,3.90960982093987e-05
1363,56.41512541708356,7.215223091283311e-05,0.5418557086146176,3.90960982093987e-05
1364,56.45648547970606,7.217647914411298e-05,0.5416736681119689,3.90960982093987e-05
1365,56.49784554232856,7.219802322936677e-05,0.5415120312254788,3.90960982093987e-05
1366,56.53920560495105,7.221673686731296e-05,0.5413717083510947,3.90960982093987e-05
1367,56.58056566757355,7.223250022098536e-05,0.5412535643898466,3.90960982093987e-05
1368,56.62192573019604,7.224520100759284e-05,0.5411584114118497,3.90960982093987e-05
1369,56.663285792818535,7.225473559978087e-05,0.5410870012168071,3.90960982093987e-05
1370,56.70464585544103,7.226101012695246e-05,0.5410400178562732,3.90960982093987e-05
1371,56.74600591806353,7.226394155888812e-05,0.5410180702299385,3.90960982093987e-05
1372,56.78736598068602,7.226345874817307e-05,0.5410216849105235,3.90960982093987e-05
1373,56.82872604330852,7.225950340349805e-05,0.5410512993852942,3.90960982093987e-05
1374,56.87008610593101,7.22520309632216e-05,0.5411072559233631,3.90960982093987e-05
1375,56.91144616855351,7.22410113379853e-05,0.5411897962846133,3.90960982093987e-05
1376,56.95280623117601,7.222642949284894e-05,0.5412990574768696,3.90960982093987e-05
1377,56.9941662937985,7.220828584303446e-05,0.5414350687452317,3.90960982093987e-05
1378,57.03552635642099,7.218659644287015e-05,0.5415977499415712,3.90960982093987e-05
1379,57.07688641904349,7.216139295436733e-05,0.5417869113768616,3.90960982093987e-05
1380,57.11824648166598,7.213272238944951e-05,0.5420022552083393,3.90960982093987e-05
1381,57.15960654428848,7.210064662767281e-05,0.542243378360955,3.90960982093987e-05
1382,57.20096660691098,7.206524171879801e-05,0.5425097769317632,3.90960982093987e-05
1383,57.24232666953347,7.202659698628921e-05,0.542800851980289,3.90960982093987e-05
1384,57.28368673215597,7.198481395330513e-05,0.5431159165703954,3.90960982093987e-05
1385,57.32504679477846,7.194000511714989e-05,0.5434542038985555,3.90960982093987e-05
1386,57.36640685740095,7.189229260090723e-05,0.5438148763238263,3.90960982093987e-05
1387,57.40776692002345,7.184180671277532e-05,0.544197035101101,3.90960982093987e-05
1388,57.44912698264595,7.178868444412984e-05,0.5445997306138904,3.90960982093987e-05
1389,57.49048704526844,7.173306793715121e-05,0.5450219729017122,3.90960982093987e-05
1390,57.53184710789094,7.167510295208575e-05,0.5454627422793399,3.90960982093987e-05
1391,57.57320717051344,7.161493736308918e-05,0.545920999849245,3.90960982093987e-05
1392,57.61456723313593,7.155271971024555e-05,0.5463956977137876,3.90960982093987e-05
1393,57.65592729575842,7.148859783391043e-05,0.5468857886992095,3.90960982093987e-05
1394,57.69728735838092,7.142271761592414e-05,0.5473902354099445,3.90960982093987e-05
1395,57.738647421003414,7.135522185027853e-05,0.547908018440925,3.90960982093987e-05
1396,57.78000748362591,7.128624926352109e-05,0.5484381435874636,3.90960982093987e-05
1397,57.82136754624841,7.121593370230426e-05,0.5489796479089581,3.90960982093987e-05
1398,57.8627276088709,7.11444035018351e-05,0.5495316045258606,3.90960982093987e-05
1399,57.9040876714934,7.107178104465272e-05,0.5500931260585061,3.90960982093987e-05
1400,57.94544773411589,7.099818251403654e-05,0.5506633666526505,3.90960982093987e-05
1401,57.98680779673838,7.092371784061379e-05,0.5512415225786528,3.90960982093987e-05
1402,58.02816785936088,7.084849083471423e-05,0.5518268314367885,3.90960982093987e-05
1403,58.06952792198338,7.077259949076276e-05,0.5524185700498613,3.90960982093987e-05
1404,58.11088798460587,7.069613644423636e-05,0.5530160511704467,3.90960982093987e-05
1405,58.15224804722837,7.061918955656463e-05,0.5536186191726751,3.90960982093987e-05
1406,58.19360810985086,7.054184259915217e-05,0.5542256449347212,3.90960982093987e-05
1407,58.23496817247336,7.04641760051151e-05,0.5548365201426702,3.90960982093987e-05
1408,58.27632823509585,7.038626765598505e-05,0.555450651261721,3.90960982093987e-05
1409,58.31768829771835,7.03081936712201e-05,0.556067453421183,3.90960982093987e-05
1410,58.35904836034084,7.023002917026288e-05,0.5566863444498319,3.90960982093987e-05
1411,58.40040842296334,7.015184898050544e-05,0.5573067392744437,3.90960982093987e-05
1412,58.44176848558583,7.007372826896029e-05,0.5579280448635217,3.90960982093987e-05
1413,58.48312854820833,6.999574308091997e-05,0.5585496558583696,3.90960982093987e-05
1414,58.52448861083083,6.991797077457367e-05,0.5591709509912774,3.90960982093987e-05
1415,58.56584867345332,6.98404903462623e-05,0.5597912903469617,3.90960982093987e-05
1416,58.60720873607581,6.976338264622629e-05,0.5604100134831053,3.90960982093987e-05
1417,58.64856879869831,6.968673048928275e-05,0.5610264383893195,3.90960982093987e-05
1418,58.6899288613208,6.961061866820361e-05,0.5616398612365274,3.90960982093987e-05
1419,58.731288923943296,6.953513387999604e-05,0.5622495568480659,3.90960982093987e-05
1420,58.7726489865658,6.946036457639649e-05,0.562854779813293,3.90960982093987e-05
1421,58.81400904918829,6.938640074993998e-05,0.563454766162266,3.90960982093987e-05
1422,58.85536911181079,6.931333366627573e-05,0.5640487355237516,3.90960982093987e-05
1423,58.89672917443329,6.924125555174358e-05,0.5646358937004314,3.90960982093987e-05
1424,58.93808923705577,6.917025924357465e-05,0.5652154356068921,3.90960982093987e-05
1425,58.97944929967827,6.910043780796485e-05,0.5657865485317127,3.90960982093987e-05
1426,59.02080936230077,6.903188412962662e-05,0.5663484156970838,3.90960982093987e-05
1427,59.06216942492326,6.896469047502718e-05,0.5669002200996726,3.90960982093987e-05
1428,59.10352948754576,6.889894803071874e-05,0.5674411486220026,3.90960982093987e-05
1429,59.14488955016826,6.883474641788692e-05,0.5679703964049102,3.90960982093987e-05
1430,59.186249612790746,6.877217318476676e-05,0.5684871714663018,3.90960982093987e-05
1431,59.22760967541325,6.871131327928606e-05,0.5689906995444481,3.90960982093987e-05
1432,59.268969738035736,6.865224850558015e-05,0.5694802291322028,3.90960982093987e-05
1433,59.31032980065823,6.859505696933763e-05,0.5699550366562838,3.90960982093987e-05
1434,59.35168986328073,6.853981251816365e-05,0.5704144317441472,3.90960982093987e-05
1435,59.39304992590323,6.848658418408073e-05,0.5708577625117759,3.90960982093987e-05
1436,59.43440998852572,6.843543563592297e-05,0.5712844207990468,3.90960982093987e-05
1437,59.47577005114822,6.838642464928921e-05,0.5716938472788701,3.90960982093987e-05
1438,59.51713011377071,6.833960260128232e-05,0.5720855363689971,3.90960982093987e-05
1439,59.55849017639321,6.829501399625374e-05,0.572459040883179,3.90960982093987e-05
1440,59.5998502390157,6.825269602752604e-05,0.5728139763685145,3.90960982093987e-05
1441,59.641210301638196,6.821267817858236e-05,0.57315002508836,3.90960982093987e-05
1442,59.68257036426069,6.817498186593997e-05,0.5734669396213071,3.90960982093987e-05
1443,59.723930426883186,6.813962012486065e-05,0.5737645460564366,3.90960982093987e-05
1444,59.76529048950568,6.810659733860917e-05,0.5740427467697815,3.90960982093987e-05
1445,59.806650552128175,6.80759090120806e-05,0.574301522767192,3.90960982093987e-05
1446,59.84801061475068,6.804754159151668e-05,0.5745409355725015,3.90960982093987e-05
1447,59.88937067737317,6.802147233352992e-05,0.5747611286285994,3.90960982093987e-05
1448,59.93073073999566,6.79976692287271e-05,0.5749623281628851,3.90960982093987e-05
1449,59.97209080261816,6.797609098762936e-05,0.5751448434496419,3.90960982093987e-05
1450,60.01345086524065,6.795668709893699e-05,0.5753090663834062,3.90960982093987e-05
1451,60.05481092786315,6.793939797230229e-05,0.5754554702609743,3.90960982093987e-05
1452,60.096170990485646,6.79241551792582e-05,0.5755846076586516,3.90960982093987e-05
1453,60.13753105310814,6.791088180635308e-05,0.5756971072895308,3.90960982093987e-05
1454,60.178891115730636,6.789949293402916e-05,0.5757936697315883,3.90960982093987e-05
1455,60.22025117835314,6.788989625259811e-05,0.5758750619375489,3.90960982093987e-05
1456,60.26161124097562,6.788199282353212e-05,0.5759421104656427,3.90960982093987e-05
1457,60.30297130359812,6.787567798940471e-05,0.5759956934132067,3.90960982093987e-05
1458,60.344331366220615,6.787084243042563e-05,0.5760367310819237,3.90960982093987e-05
1459,60.38569142884311,6.786737335881785e-05,0.5760661754610109,3.90960982093987e-05
1460,60.42705149146561,6.786515583562769e-05,0.5760849986713524,3.90960982093987e-05
1461,60.46841155408811,6.786407418774504e-05,0.5760941805710025,3.90960982093987e-05
1462,60.5097716167106,6.786401349662366e-05,0.5760946957748645,3.90960982093987e-05
1463,60.551131679333096,6.786486112477121e-05,0.5760875003857971,3.90960982093987e-05
1464,60.59249174195559,6.786650824205146e-05,0.5760735187665654,3.90960982093987e-05
1465,60.63385180457808,6.786885131104598e-05,0.5760536307034214,3.90960982093987e-05
1466,60.67521186720058,6.787179348996797e-05,0.5760286593160006,3.90960982093987e-05
1467,60.716571929823075,6.787524591232674e-05,0.5759993600597549,3.90960982093987e-05
1468,60.75793199244557,6.787912880517427e-05,0.575966411142544,3.90960982093987e-05
1469,60.799292055068065,6.788337241192422e-05,0.5759304056398233,3.90960982093987e-05
1470,60.84065211769056,6.788791769127912e-05,0.5758918455444243,3.90960982093987e-05
1471,60.882012180313055,6.78927167705882e-05,0.5758511379284724,3.90960982093987e-05
1472,60.92337224293555,6.789773313949835e-05,0.5758085933307133,3.90960982093987e-05
1473,60.96473230555805,6.790294157779224e-05,0.5757644264145566,3.90960982093987e-05
1474,61.00609236818054,6.790832781983946e-05,0.5757187588703481,3.90960982093987e-05
1475,61.04745243080304,6.791388796605385e-05,0.5756716244686291,3.90960982093987e-05
1476,61.08881249342553,6.791962765993904e-05,0.5756229761026607,3.90960982093987e-05
1477,61.13017255604803,6.79255610562906e-05,0.5755726946001869,3.90960982093987e-05
1478,61.171532618670525,6.793170961278541e-05,0.5755205990287698,3.90960982093987e-05
1479,61.21289268129302,6.793810074247302e-05,0.5754664581748736,3.90960982093987e-05
1480,61.25425274391551,6.794476636896228e-05,0.5754100028410447,3.90960982093987e-05
1481,61.29561280653801,6.79517414289402e-05,0.5753509385816554,3.90960982093987e-05
1482,61.3369728691605,6.795906236823631e-05,0.5752889584843949,3.90960982093987e-05
1483,61.378332931783,6.79667656775403e-05,0.5752237556055732,3.90960982093987e-05
1484,61.419692994405494,6.797488651245272e-05,0.57515503467941,3.90960982093987e-05
1485,61.46105305702799,6.798345743951411e-05,0.5750825227472885,3.90960982093987e-05
1486,61.50241311965049,6.799250734541065e-05,0.5750059783909058,3.90960982093987e-05
1487,61.543773182272986,6.800206054083517e-05,0.574925199302182,3.90960982093987e-05
1488,61.58513324489547,6.801213608357122e-05,0.5748400279820446,3.90960982093987e-05
1489,61.62649330751797,6.802274733758668e-05,0.5747503554269962,3.90960982093987e-05
1490,61.66785337014047,6.803390177631781e-05,0.5746561227362653,3.90960982093987e-05
1491,61.70921343276296,6.804560102968162e-05,0.5745573206465604,3.90960982093987e-05
1492,61.75057349538546,6.805784116529833e-05,0.5744539870790556,3.90960982093987e-05
1493,61.791933558007955,6.807061318604743e-05,0.5743462028547189,3.90960982093987e-05
1494,61.83329362063045,6.808390371821275e-05,0.5742340858011101,3.90960982093987e-05
1495,61.874653683252944,6.809769585763988e-05,0.5741177835316216,3.90960982093987e-05
1496,61.91601374587544,6.81119701360044e-05,0.5739974652228165,3.90960982093987e-05
1497,61.95737380849793,6.812670556532187e-05,0.5738733127482911,3.90960982093987e-05
1498,61.99873387112043,6.814188071682129e-05,0.573745511543352,3.90960982093987e-05
1499,62.04009393374293,6.81574747900636e-05,0.5736142415754282,3.90960982093987e-05
1500,62.08145399636542,6.817346862983573e-05,0.5734796687796595,3.90960982093987e-05
1501,62.12281405898792,6.818984565184837e-05,0.5733419372879744,3.90960982093987e-05
1502,62.16417412161041,6.82065926432871e-05,0.5732011627360855,3.90960982093987e-05
1503,62.20553418423291,6.822370041072654e-05,0.5730574268770062,3.90960982093987e-05
1504,62.2468942468554,6.824116425527781e-05,0.5729107736665702,3.90960982093987e-05
1505,62.2882543094779,6.825898426294298e-05,0.5727612069173951,3.90960982093987e-05
1506,62.32961437210039,6.827716540627866e-05,0.5726086895488413,3.90960982093987e-05
1507,62.37097443472289,6.829571746151282e-05,0.5724531443927039,3.90960982093987e-05
1508,62.41233449734538,6.831465475251918e-05,0.5722944564534594,3.90960982093987e-05
1509,62.45369455996788,6.833399573937307e-05,0.572132476469133,3.90960982093987e-05
1510,62.49505462259038,6.835376247421314e-05,0.5719670255773841,3.90960982093987e-05
1511,62.53641468521287,6.837397995056093e-05,0.5717979008632796,3.90960982093987e-05
1512,62.577774747835356,6.83946753742686e-05,0.5716248815490016,3.90960982093987e-05
1513,62.61913481045786,6.84158773844278e-05,0.5714477355850939,3.90960982093987e-05
1514,62.660494873080346,6.84376152515637e-05,0.571266226412023,3.90960982093987e-05
1515,62.70185493570285,6.845991807793551e-05,0.5710801196824583,3.90960982093987e-05
1516,62.74321499832535,6.84828140215333e-05,0.5708891897623479,3.90960982093987e-05
1517,62.78457506094784,6.850632956127108e-05,0.5706932258636292,3.90960982093987e-05
1518,62.82593512357034,6.853048881678121e-05,0.5704920376961495,3.90960982093987e-05
1519,62.867295186192834,6.855531293207088e-05,0.5702854605614257,3.90960982093987e-05
1520,62.908655248815315,6.858081952864855e-05,0.5700733598417692,3.90960982093987e-05
1521,62.95001531143782,6.860702223083133e-05,0.5698556348628304,3.90960982093987e-05
1522,62.99137537406032,6.863393026379862e-05,0.5696322221258568,3.90960982093987e-05
1523,63.032735436682806,6.866154812397447e-05,0.5694030979145308,3.90960982093987e-05
1524,63.07409549930531,6.868987532103139e-05,0.5691682802840713,3.90960982093987e-05
1525,63.11545556192781,6.871890619150993e-05,0.5689278304349515,3.90960982093987e-05
1526,63.1568156245503,6.874862978521447e-05,0.5686818534644739,3.90960982093987e-05
1527,63.1981756871728,6.877902982692225e-05,0.5684304984786988,3.90960982093987e-05
1528,63.23953574979529,6.881008475735115e-05,0.5681739580363179,3.90960982093987e-05
1529,63.280895812417775,6.88417678581668e-05,0.567912466889978,3.90960982093987e-05
1530,63.32225587504028,6.887404746586722e-05,0.5676462999909225,3.90960982093987e-05
1531,63.36361593766278,6.890688727846558e-05,0.5673757697311748,3.90960982093987e-05
1532,63.40497600028527,6.894024675670071e-05,0.5671012224161893,3.90960982093987e-05
1533,63.44633606290777,6.897408161807702e-05,0.5668230339895128,3.90960982093987e-05
1534,63.487696125530256,6.900834441763046e-05,0.5665416050672608,3.90960982093987e-05
1535,63.52905618815275,6.904298520384507e-05,0.5662573553847641,3.90960982093987e-05
1536,63.570416250775246,6.9077952232514e-05,0.5659707178030204,3.90960982093987e-05
1537,63.61177631339775,6.911319271561698e-05,0.5656821320680278,3.90960982093987e-05
1538,63.653136376020235,6.914865357720682e-05,0.5653920385556976,3.90960982093987e-05
1539,63.69449643864274,6.918428218459377e-05,0.565100872262931,3.90960982093987e-05
1540,63.735856501265225,6.922002702098288e-05,0.5648090573201796,3.90960982093987e-05
1541,63.77721656388773,6.925583826584823e-05,0.5645170022969451,3.90960982093987e-05
1542,63.81857662651023,6.929166825185546e-05,0.5642250965483402,3.90960982093987e-05
1543,63.85993668913271,6.932747177204334e-05,0.563933707808517,3.90960982093987e-05
1544,63.901296751755204,6.936320621834566e-05,0.5636431811748964,3.90960982093987e-05
1545,63.942656814377706,6.939883154161168e-05,0.5633538395521343,3.90960982093987e-05
1546,63.984016877000194,6.943431003385926e-05,0.5630659855384709,3.90960982093987e-05
1547,64.0253769396227,6.94696059445858e-05,0.5627799046475763,3.90960982093987e-05
1548,64.06673700224519,6.950468495390427e-05,0.5624958696716251,3.90960982093987e-05
1549,64.10809706486769,6.953951353511542e-05,0.5622141459136943,3.90960982093987e-05
1550,64.14945712749018,6.957405824733815e-05,0.561934996955485,3.90960982093987e-05
1551,64.19081719011268,6.960828500441257e-05,0.5616586905843226,3.90960982093987e-05
1552,64.23217725273517,6.964215836872167e-05,0.5613855044871485,3.90960982093987e-05
1553,64.27353731535767,6.967564091802587e-05,0.5611157313270455,3.90960982093987e-05
1554,64.31489737798016,6.970869272939412e-05,0.5608496828532982,3.90960982093987e-05
1555,64.35625744060266,6.974127101753027e-05,0.560587692753283,3.90960982093987e-05
1556,64.39761750322516,6.977332995543503e-05,0.5603301180317722,3.90960982093987e-05
1557,64.43897756584765,6.980482069420076e-05,0.5600773387939771,3.90960982093987e-05
1558,64.48033762847015,6.983569158669313e-05,0.5598297564056527,3.90960982093987e-05
1559,64.52169769109264,6.986588860755722e-05,0.5595877901017604,3.90960982093987e-05
1560,64.56305775371514,6.989535595052148e-05,0.5593518722055669,3.90960982093987e-05
1561,64.60441781633763,6.9924036773938e-05,0.5591224421981678,3.90960982093987e-05
1562,64.64577787896013,6.995187405748476e-05,0.5588999399397144,3.90960982093987e-05
1563,64.68713794158262,6.997881152763733e-05,0.5586847983829812,3.90960982093987e-05
1564,64.72849800420512,7.000479460672039e-05,0.5584774361390029,3.90960982093987e-05
1565,64.76985806682761,7.002977134049532e-05,0.5582782502502767,3.90960982093987e-05
1566,64.81121812945011,7.005369326183707e-05,0.5580876095036228,3.90960982093987e-05
1567,64.8525781920726,7.007651615289375e-05,0.557905848574127,3.90960982093987e-05
1568,64.8939382546951,7.009820067467082e-05,0.5577332632380338,3.90960982093987e-05
1569,64.9352983173176,7.011871284075444e-05,0.5575701068299594,3.90960982093987e-05
1570,64.97665837994009,7.013802432032134e-05,0.5574165880528125,3.90960982093987e-05
1571,65.01801844256259,7.01561125640606e-05,0.557272870182188,3.90960982093987e-05
1572,65.05937850518508,7.017296075486971e-05,0.5571390716428564,3.90960982093987e-05
1573,65.10073856780758,7.018855759269577e-05,0.5570152678770431,3.90960982093987e-05
1574,65.14209863043007,7.020289692945672e-05,0.556901494374005,3.90960982093987e-05
1575,65.18345869305256,7.021597727555224e-05,0.5567977506881637,3.90960982093987e-05
1576,65.22481875567506,7.022780120370037e-05,0.5567040052414269,3.90960982093987e-05
1577,65.26617881829756,7.023837467925812e-05,0.5566202006799006,3.90960982093987e-05
1578,65.30753888092005,7.024770634817946e-05,0.5565462595407845,3.90960982093987e-05
1579,65.34889894354255,7.02558068149989e-05,0.556482089976541,3.90960982093987e-05
1580,65.39025900616505,7.026268794337327e-05,0.5564275912829776,3.90960982093987e-05
1581,65.43161906878754,7.026836221092472e-05,0.5563826589844779,3.90960982093987e-05
1582,65.47297913141004,7.027284214850167e-05,0.5563471892424703,3.90960982093987e-05
1583,65.51433919403253,7.027613989127577e-05,0.5563210823742494,3.90960982093987e-05
1584,65.55569925665502,7.027826686558529e-05,0.556304245296404,3.90960982093987e-05
1585,65.59705931927752,7.027923363082809e-05,0.5562965927427123,3.90960982093987e-05
1586,65.63841938190002,7.027904989034955e-05,0.5562980471477209,3.90960982093987e-05
1587,65.67977944452251,7.027772467893018e-05,0.5563085371362346,3.90960982093987e-05
1588,65.72113950714501,7.027526672767017e-05,0.5563279946115809,3.90960982093987e-05
1589,65.7624995697675,7.0271684999712e-05,0.5563563504925054,3.90960982093987e-05
1590,65.80385963239,7.026698938299949e-05,0.5563935292047346,3.90960982093987e-05
1591,65.84521969501249,7.026119151924278e-05,0.5564394420879023,3.90960982093987e-05
1592,65.88657975763499,7.025430574199919e-05,0.5564939799273599,3.90960982093987e-05
1593,65.92793982025748,7.024635009182079e-05,0.5565570048592589,3.90960982093987e-05
1594,65.96929988287998,7.02373473726864e-05,0.5566283419268511,3.90960982093987e-05
1595,66.01065994550248,7.02273262123803e-05,0.5567077705787195,3.90960982093987e-05
1596,66.05202000812497,7.021632208949817e-05,0.5567950164004114,3.90960982093987e-05
1597,66.09338007074747,7.020437829200461e-05,0.5568897433545288,3.90960982093987e-05
1598,66.13474013336996,7.019154677615928e-05,0.5569915467752277,3.90960982093987e-05
1599,66.17610019599245,7.017788890010797e-05,0.5570999473217062,3.90960982093987e-05
1600,66.21746025861495,7.016347601293721e-05,0.5572143860459522,3.90960982093987e-05
1601,66.25882032123745,7.014838988718102e-05,0.5573342206752939,3.90960982093987e-05
1602,66.30018038385994,7.013272298977841e-05,0.5574587231569037,3.90960982093987e-05
1603,66.34154044648244,7.011657859322946e-05,0.5575870784598419,3.90960982093987e-05
1604,66.38290050910493,7.010007073419912e-05,0.5577183845882373,3.90960982093987e-05
1605,66.42426057172743,7.008332403109335e-05,0.5578516537265445,3.90960982093987e-05
1606,66.46562063434992,7.006647337473041e-05,0.5579858144180377,3.90960982093987e-05
1607,66.50698069697242,7.00496635072605e-05,0.5581197146699567,3.90960982093987e-05
1608,66.54834075959491,7.003304850383671e-05,0.5582521258839225,3.90960982093987e-05
1609,66.58970082221741,7.0016791169857e-05,0.5583817475232998,3.90960982093987e-05
1610,66.6310608848399,7.000106236378465e-05,0.5585072124508961,3.90960982093987e-05
1611,66.67242094746238,6.998604025270292e-05,0.5586270928921254,3.90960982093987e-05
1612,66.7137810100849,6.997190950469618e-05,0.5587399070018914,3.90960982093987e-05
1613,66.75514107270737,6.99588604200711e-05,0.5588441260284178,3.90960982093987e-05
1614,66.79650113532989,6.994708800201274e-05,0.5589381820766249,3.90960982093987e-05
1615,66.83786119795238,6.99367909674441e-05,0.5590204764699329,3.90960982093987e-05
1616,66.87922126057488,6.99281707001128e-05,0.5590893886966163,3.90960982093987e-05
1617,66.92058132319737,6.992143015065256e-05,0.5591432859019378,3.90960982093987e-05
1618,66.96194138581987,6.991677269203171e-05,0.5591805328545209,3.90960982093987e-05
1619,67.00330144844236,6.991440094307886e-05,0.5591995022774917,3.90960982093987e-05
1620,67.04466151106485,6.991451557724566e-05,0.5591985853953753,3.90960982093987e-05
1621,67.08602157368736,6.991731413774639e-05,0.5591762025122161,3.90960982093987e-05
1622,67.12738163630983,6.992298988332415e-05,0.5591308134082333,3.90960982093987e-05
1623,67.16874169893235,6.993173069053811e-05,0.5590609273264915,3.90960982093987e-05
1624,67.21010176155484,6.994371803843812e-05,0.5589651123194957,3.90960982093987e-05
1625,67.25146182417734,6.995912609960104e-05,0.5588420037399761,3.90960982093987e-05
1626,67.29282188679983,6.997812095770979e-05,0.5586903116907902,3.90960982093987e-05
1627,67.33418194942232,7.000085996655522e-05,0.5585088272926634,3.90960982093987e-05
1628,67.37554201204482,7.002749125875622e-05,0.5582964276834654,3.90960982093987e-05
1629,67.4169020746673,7.005815340532798e-05,0.5580520797230349,3.90960982093987e-05
1630,67.45826213728981,7.009297521997509e-05,0.5577748424389481,3.90960982093987e-05
1631,67.4996221999123,7.013207569530885e-05,0.5574638683054671,3.90960982093987e-05
1632,67.54098226253481,7.017556405275958e-05,0.5571184034944895,3.90960982093987e-05
1633,67.58234232515728,7.022353988402776e-05,0.5567377872714026,3.90960982093987e-05
1634,67.6237023877798,7.027609336002997e-05,0.5563214507258721,3.90960982093987e-05
1635,67.66506245040229,7.033330548325054e-05,0.5558689150292986,3.90960982093987e-05
1636,67.70642251302478,7.039524836145483e-05,0.5553797893950738,3.90960982093987e-05
1637,67.74778257564728,7.046198548407552e-05,0.5548537688912337,3.90960982093987e-05
1638,67.78914263826977,7.053357198732171e-05,0.5542906322173242,3.90960982093987e-05
1639,67.83050270089227,7.061005489902841e-05,0.5536902395176676,3.90960982093987e-05
1640,67.87186276351476,7.069147335949229e-05,0.5530525302617556,3.90960982093987e-05
1641,67.91322282613726,7.077785881881103e-05,0.5523775211889839,3.90960982093987e-05
1642,67.95458288875975,7.086923521466476e-05,0.5516653042886042,3.90960982093987e-05
1643,67.99594295138223,7.096561913635409e-05,0.5509160447720332,3.90960982093987e-05
1644,68.03730301400475,7.106701998132618e-05,0.550129978992671,3.90960982093987e-05
1645,68.07866307662722,7.117344010940558e-05,0.5493074122776896,3.90960982093987e-05
1646,68.12002313924974,7.128487499767468e-05,0.5484487166551674,3.90960982093987e-05
1647,68.16138320187223,7.140131339609035e-05,0.5475543284829751,3.90960982093987e-05
1648,68.20274326449473,7.152273748058224e-05,0.5466247460118949,3.90960982093987e-05
1649,68.24410332711722,7.16491229975301e-05,0.5456605269368954,3.90960982093987e-05
1650,68.28546338973972,7.178043939125063e-05,0.5446622860066269,3.90960982093987e-05
1651,68.3268234523622,7.191664990509883e-05,0.5436306927671115,3.90960982093987e-05
1652,68.3681835149847,7.205771164696655e-05,0.5425664695118659,3.90960982093987e-05
1653,68.40954357760721,7.220357561167749e-05,0.5414703894951663,3.90960982093987e-05
1654,68.45090364022968,7.235418665547986e-05,0.540343275442482,3.90960982093987e-05
1655,68.4922637028522,7.250948342159741e-05,0.539185998362163,3.90960982093987e-05
1656,68.53362376547469,7.266939821983332e-05,0.5379994766315319,3.90960982093987e-05
1657,68.57498382809719,7.283385686722759e-05,0.5367846753010609,3.90960982093987e-05
1658,68.61634389071968,7.300277850012786e-05,0.5355426055369964,3.90960982093987e-05
1659,68.65770395334216,7.317607537033381e-05,0.5342743241085129,3.90960982093987e-05
1660,68.69906401596467,7.33536526389917e-05,0.5329809328215629,3.90960982093987e-05
1661,68.74042407858715,7.353540818128321e-05,0.5316635778102573,3.90960982093987e-05
1662,68.78178414120966,7.37212324131228e-05,0.5303234486139623,3.90960982093987e-05
1663,68.82314420383214,7.391100814792257e-05,0.5289617769947518,3.90960982093987e-05
1664,68.86450426645466,7.410461048757389e-05,0.527579835480742,3.90960982093987e-05
1665,68.90586432907713,7.430190674776345e-05,0.5261789356512782,3.90960982093987e-05
1666,68.94722439169962,7.450275641376425e-05,0.5247604262085499,3.90960982093987e-05
1667,68.98858445432214,7.470701111982768e-05,0.5233256909005475,3.90960982093987e-05
1668,69.02994451694462,7.491451464324684e-05,0.5218761463726979,3.90960982093987e-05
1669,69.07130457956713,7.512510290363674e-05,0.5204132400264053,3.90960982093987e-05
1670,69.11266464218961,7.533860395866001e-05,0.518938447954937,3.90960982093987e-05
1671,69.15402470481212,7.555483798945711e-05,0.5174532730101831,3.90960982093987e-05
1672,69.1953847674346,7.577361727193179e-05,0.5159592430316872,3.90960982093987e-05
1673,69.23674483005712,7.599474613336632e-05,0.5144579092452963,3.90960982093987e-05
1674,69.2781048926796,7.621802089714204e-05,0.5129508448160807,3.90960982093987e-05
1675,69.31946495530208,7.644322982115947e-05,0.511439643521929,3.90960982093987e-05
1676,69.3608250179246,7.667015303752266e-05,0.5099259185026659,3.90960982093987e-05
1677,69.40218508054707,7.68985625019348e-05,0.5084113010358943,3.90960982093987e-05
1678,69.44354514316959,7.712822196104226e-05,0.506897439294611,3.90960982093987e-05
1679,69.48490520579207,7.735888694508084e-05,0.5053859970497517,3.90960982093987e-05
1680,69.52626526841458,7.759030479138134e-05,0.503878652294474,3.90960982093987e-05
1681,69.56762533103706,7.782221470282209e-05,0.5023770957777811,3.90960982093987e-05
1682,69.60898539365955,7.80543478439824e-05,0.5008830294443721,3.90960982093987e-05
1683,69.65034545628205,7.82864274774558e-05,0.4993981647796769,3.90960982093987e-05
1684,69.69170551890454,7.851816914333327e-05,0.4979242210555062,3.90960982093987e-05
1685,69.73306558152706,7.874928088693023e-05,0.496462923458738,3.90960982093987e-05
1686,69.77442564414953,7.897946354267918e-05,0.49501600106807286,3.90960982093987e-05
1687,69.81578570677205,7.92084110854778e-05,0.49358518462399315,3.90960982093987e-05
1688,69.85714576939453,7.943581106431666e-05,0.49217220401694933,3.90960982093987e-05
1689,69.89850583201704,7.966134513537728e-05,0.4907787854066286,3.90960982093987e-05
1690,69.93986589463952,7.98846897128576e-05,0.48940664788119104,3.90960982093987e-05
1691,69.98122595726201,8.01055167542127e-05,0.4880574995771769,3.90960982093987e-05
1692,70.02258601988451,8.032349469258386e-05,0.4867330332056429,3.90960982093987e-05
1693,70.063946082507,8.053828952201675e-05,0.48543492097272567,3.90960982093987e-05
1694,70.1053061451295,8.074956603183618e-05,0.4841648089351309,3.90960982093987e-05
1695,70.14666620775199,8.095698917518073e-05,0.4829243108930308,3.90960982093987e-05
1696,70.18802627037451,8.11602255447439e-05,0.48171500198511513,3.90960982093987e-05
1697,70.22938633299698,8.135894491769002e-05,0.4805384122047282,3.90960982093987e-05
1698,70.27074639561947,8.15528218223255e-05,0.47939602009817817,3.90960982093987e-05
1699,70.31210645824198,8.174153707382288e-05,0.47828924692338504,3.90960982093987e-05
1700,70.35346652086447,8.19247792252261e-05,0.4772194515400088,3.90960982093987e-05
1701,70.39482658348697,8.210224588468286e-05,0.4761879262634463,3.90960982093987e-05
1702,70.43618664610946,8.227364486009004e-05,0.47519589384769984,3.90960982093987e-05
1703,70.47754670873196,8.24386951077028e-05,0.4742445056695917,3.90960982093987e-05
1704,70.51890677135445,8.259712748082664e-05,0.4733348410751224,3.90960982093987e-05
1705,70.56026683397697,8.274868529677968e-05,0.47246790772783676,3.90960982093987e-05
1706,70.60162689659944,8.289312476270897e-05,0.47164464268074996,3.90960982093987e-05
1707,70.64298695922193,8.303021532166861e-05,0.4708659137873594,3.90960982093987e-05
1708,70.68434702184445,8.315973999695855e-05,0.47013252098706165,3.90960982093987e-05
1709,70.72570708446692,8.328149582355885e-05,0.46944519695261183,3.90960982093987e-05
1710,70.76706714708943,8.339529445865802e-05,0.4688046065810106,3.90960982093987e-05
1711,70.80842720971192,8.350096305820835e-05,0.4682113448457462,3.90960982093987e-05
1712,70.84978727233442,8.359834549279348e-05,0.46766593260830674,3.90960982093987e-05
1713,70.89114733495691,8.368730395467207e-05,0.4671688101049891,3.90960982093987e-05
1714,70.9325073975794,8.376772097970131e-05,0.4667203279754084,3.90960982093987e-05
1715,70.9738674602019,8.383950187534278e-05,0.46632073586898154,3.90960982093987e-05
1716,71.01522752282439,8.390257751099379e-05,0.465970168845837,3.90960982093987e-05
1717,71.0565875854469,8.395690739248704e-05,0.4656686319641313,3.90960982093987e-05
1718,71.09794764806938,8.400248291106444e-05,0.46541598360599334,3.90960982093987e-05
1719,71.1393077106919,8.40393306310586e-05,0.4652119182271292,3.90960982093987e-05
1720,71.18066777331438,8.406751546186082e-05,0.46505594931178323,3.90960982093987e-05
1721,71.22202783593688,8.408714354995904e-05,0.4649473933690039,3.90960982093987e-05
1722,71.26338789855937,8.409836472664025e-05,0.46488535581493945,3.90960982093987e-05
1723,71.30474796118186,8.410137435683127e-05,0.46486871954694825,3.90960982093987e-05
1724,71.34610802380436,8.409641445339477e-05,0.4648961369341768,3.90960982093987e-05
1725,71.38746808642685,8.40837739484328e-05,0.4649660258277144,3.90960982093987e-05
1726,71.42882814904935,8.406378804658263e-05,0.465076570041481,3.90960982093987e-05
1727,71.47018821167184,8.403683662314186e-05,0.46522572457983874,3.90960982093987e-05
1728,71.51154827429436,8.400334166958321e-05,0.4654112257007392,3.90960982093987e-05
1729,71.55290833691683,8.396376382837083e-05,0.4656306057136087,3.90960982093987e-05
1730,71.59426839953932,8.391859809540128e-05,0.4658812122308459,3.90960982093987e-05
1731,71.63562846216183,8.386836880005671e-05,0.4661602314288992,3.90960982093987e-05
1732,71.67698852478432,8.381362399773641e-05,0.4664647147396298,3.90960982093987e-05
1733,71.71834858740682,8.375492942691378e-05,0.4667916082899304,3.90960982093987e-05
1734,71.75970865002931,8.369286219126558e-05,0.4671377843435599,3.90960982093987e-05
1735,71.80106871265181,8.362800432753435e-05,0.46750007397374177,3.90960982093987e-05
1736,71.8424287752743,8.356093641169528e-05,0.4678753002093784,3.90960982093987e-05
1737,71.88378883789682,8.349223134101993e-05,0.46826031094692633,3.90960982093987e-05
1738,71.92514890051929,8.342244840926319e-05,0.46865201099824694,3.90960982093987e-05
1739,71.96650896314178,8.335212776813018e-05,0.4690473927451095,3.90960982093987e-05
1740,72.0078690257643,8.328178534266552e-05,0.469443564982866,3.90960982093987e-05
1741,72.04922908838677,8.321190824302156e-05,0.469837779650696,3.90960982093987e-05
1742,72.09058915100928,8.314295069222144e-05,0.4702274562533224,3.90960982093987e-05
1743,72.13194921363177,8.307533047046253e-05,0.4706102038715252,3.90960982093987e-05
1744,72.17330927625427,8.300942586232635e-05,0.470983840729615,3.90960982093987e-05
1745,72.21466933887676,8.294557308442849e-05,0.47134641133413635,3.90960982093987e-05
1746,72.25602940149925,8.288406416787066e-05,0.4716962012168558,3.90960982093987e-05
1747,72.29738946412175,8.282514527138784e-05,0.47203174931109415,3.90960982093987e-05
1748,72.33874952674424,8.276901540687221e-05,0.47235185796534923,3.90960982093987e-05
1749,72.38010958936675,8.271582556719966e-05,0.47265560056142353,3.90960982093987e-05
1750,72.42146965198923,8.266567825608904e-05,0.4729423266604474,3.90960982093987e-05
1751,72.46282971461174,8.261862742882907e-05,0.47321166456169483,3.90960982093987e-05
1752,72.50418977723423,8.25746788604129e-05,0.47346352112962015,3.90960982093987e-05
1753,72.54554983985673,8.253379096227332e-05,0.4736980787332277,3.90960982093987e-05
1754,72.58690990247922,8.249587606954638e-05,0.47391578915338234,3.90960982093987e-05
1755,72.62826996510171,8.246080221754507e-05,0.4741173643479335,3.90960982093987e-05
1756,72.66963002772421,8.242839541840935e-05,0.4743037640238606,3.90960982093987e-05
1757,72.7109900903467,8.239844243746071e-05,0.4744761800451763,3.90960982093987e-05
1758,72.7523501529692,8.237069405423978e-05,0.4746360178008765,3.90960982093987e-05
1759,72.79371021559169,8.234486877650586e-05,0.4747848747626319,3.90960982093987e-05
1760,72.8350702782142,8.232065695826226e-05,0.47492451656722057,3.90960982093987e-05
1761,72.87643034083668,8.229772525562089e-05,0.47505685106075835,3.90960982093987e-05
1762,72.91779040345918,8.227572133941242e-05,0.4751839008267747,3.90960982093987e-05
1763,72.95915046608168,8.225427877080427e-05,0.4753077747886796,3.90960982093987e-05
1764,73.00051052870417,8.223302193777763e-05,0.47543063951828407,3.90960982093987e-05
1765,73.04187059132667,8.221157094583408e-05,0.4755546908981651,3.90960982093987e-05
1766,73.08323065394916,8.218954635689412e-05,0.4756821267710926,3.90960982093987e-05
1767,73.12459071657166,8.21665736753454e-05,0.4758151211692758,3.90960982093987e-05
1768,73.16595077919415,8.214228748971128e-05,0.4759558006501302,3.90960982093987e-05
1769,73.20731084181666,8.211633519175235e-05,0.4761062231784238,3.90960982093987e-05
1770,73.24867090443914,8.208838021117346e-05,0.47626835989239236,3.90960982093987e-05
1771,73.29003096706164,8.205810472264293e-05,0.47644407997898364,3.90960982093987e-05
1772,73.33139102968414,8.202521180150517e-05,0.47663513876694785,3.90960982093987e-05
1773,73.37275109230663,8.19894270243317e-05,0.4768431690319814,3.90960982093987e-05
1774,73.41411115492913,8.195049952941924e-05,0.477069675400376,3.90960982093987e-05
1775,73.45547121755162,8.190820256952699e-05,0.47731603164179254,3.90960982093987e-05
1776,73.49683128017412,8.186233360397886e-05,0.4775834805605696,3.90960982093987e-05
1777,73.53819134279661,8.181271398892227e-05,0.4778731361325142,3.90960982093987e-05
1778,73.5795514054191,8.175918833306747e-05,0.47818598748963237,3.90960982093987e-05
1779,73.6209114680416,8.170162359110113e-05,0.47852290433132855,3.90960982093987e-05
1780,73.66227153066409,8.163990796836836e-05,0.4788846433357888,3.90960982093987e-05
1781,73.70363159328659,8.157394970864792e-05,0.4792718551576276,3.90960982093987e-05
1782,73.74499165590908,8.150367583206695e-05,0.4796850916264646,3.90960982093987e-05
1783,73.78635171853159,8.142903088300906e-05,0.48012481280256125,3.90960982093987e-05
1784,73.82771178115408,8.134997573877043e-05,0.4805913935972567,3.90960982093987e-05
1785,73.86907184377658,8.126648651939651e-05,0.481085129724014,3.90960982093987e-05
1786,73.91043190639907,8.117855362800797e-05,0.4816062428083209,3.90960982093987e-05
1787,73.95179196902156,8.108618093997821e-05,0.48215488454609173,3.90960982093987e-05
1788,73.99315203164406,8.098938514861513e-05,0.48273113986058236,3.90960982093987e-05
1789,74.03451209426655,8.088819526556617e-05,0.48333502906130205,3.90960982093987e-05
1790,74.07587215688905,8.078265226611325e-05,0.48396650905455296,3.90960982093987e-05
1791,74.11723221951154,8.067280886308751e-05,0.4846254736927529,3.90960982093987e-05
1792,74.15859228213405,8.05587293889787e-05,0.48531175337464383,3.90960982093987e-05
1793,74.19995234475653,8.04404897633648e-05,0.48602511402416065,3.90960982093987e-05
1794,74.24131240737903,8.031817752250501e-05,0.48676525557921235,3.90960982093987e-05
1795,74.28267247000153,8.019189188932904e-05,0.4875318101155952,3.90960982093987e-05
1796,74.32403253262402,8.006174386484708e-05,0.4883243397170709,3.90960982093987e-05
1797,74.36539259524652,7.992785632581256e-05,0.4891423341823405,3.90960982093987e-05
1798,74.406752657869,7.979036411761309e-05,0.4899852086370984,3.90960982093987e-05
1799,74.44811272049151,7.964941413561763e-05,0.49085230109578054,3.90960982093987e-05
1800,74.489472783114,7.950516539166436e-05,0.4917428699984529,3.90960982093987e-05
1801,74.5308328457365,7.935778906484336e-05,0.4926560917347788,3.90960982093987e-05
1802,74.57219290835899,7.920746853684232e-05,0.493591058161563,3.90960982093987e-05
1803,74.61355297098149,7.905439941164259e-05,0.49454677412476683,3.90960982093987e-05
1804,74.65491303360399,7.88987895172332e-05,0.49552215501176067,3.90960982093987e-05
1805,74.69627309622648,7.874085888376735e-05,0.4965160243820819,3.90960982093987e-05
1806,74.73763315884898,7.85808396881944e-05,0.4975271117556193,3.90960982093987e-05
1807,74.77899322147147,7.841897615075572e-05,0.49855405067057784,3.90960982093987e-05
1808,74.82035328409397,7.825552436421247e-05,0.49959537715752605,3.90960982093987e-05
1809,74.86171334671646,7.809075203314453e-05,0.5006495288047028,3.90960982093987e-05
1810,74.90307340933896,7.792493809850204e-05,0.5017148446108326,3.90960982093987e-05
1811,74.94443347196145,7.775837222244053e-05,0.5027895658303896,3.90960982093987e-05
1812,74.98579353458395,7.759135411045718e-05,0.5038718380110037,3.90960982093987e-05
1813,75.02715359720644,7.742419265205378e-05,0.5049597144021575,3.90960982093987e-05
1814,75.06851365982894,7.725720486744545e-05,0.5060511608784979,3.90960982093987e-05
1815,75.10987372245144,7.709071465544905e-05,0.5071440624741342,3.90960982093987e-05
1816,75.15123378507393,7.692505134644336e-05,0.5082362315667965,3.90960982093987e-05
1817,75.19259384769641,7.676054807288157e-05,0.5093254176908464,3.90960982093987e-05
1818,75.23395391031892,7.65975399779834e-05,0.5104093188976588,3.90960982093987e-05
1819,75.2753139729414,7.643636228975483e-05,0.5114855945288616,3.90960982093987e-05
1820,75.3166740355639,7.62773482921433e-05,0.5125518792244862,3.90960982093987e-05
1821,75.3580340981864,7.612082722743759e-05,0.5136057979583621,3.90960982093987e-05
1822,75.3993941608089,7.59671221638868e-05,0.5146449818785446,3.90960982093987e-05
1823,75.4407542234314,7.58165478603217e-05,0.5156670847296583,3.90960982093987e-05
1824,75.4821142860539,7.566940865560191e-05,0.5166697996457036,3.90960982093987e-05
1825,75.52347434867639,7.552599640585264e-05,0.517650876120968,3.90960982093987e-05
1826,75.56483441129888,7.53865884873624e-05,0.5186081369891499,3.90960982093987e-05
1827,75.60619447392138,7.525144587860544e-05,0.5195394952605691,3.90960982093987e-05
1828,75.64755453654386,7.512081133165004e-05,0.5204429706808379,3.90960982093987e-05
1829,75.68891459916637,7.49949076419401e-05,0.5213167058763684,3.90960982093987e-05
1830,75.73027466178885,7.487393602604854e-05,0.5221589819426244,3.90960982093987e-05
1831,75.77163472441136,7.475807461963891e-05,0.5229682333087826,3.90960982093987e-05
1832,75.81299478703384,7.464747711184903e-05,0.5237430616820251,3.90960982093987e-05
1833,75.85435484965635,7.454227153724101e-05,0.5244822488387204,3.90960982093987e-05
1834,75.89571491227883,7.444255925127869e-05,0.525184767995831,3.90960982093987e-05
1835,75.93707497490134,7.434841411901835e-05,0.5258497934712223,3.90960982093987e-05
1836,75.97843503752384,7.425988194875468e-05,0.5264767083305919,3.90960982093987e-05
1837,76.01979510014633,7.417698020157967e-05,0.5270651097301763,3.90960982093987e-05
1838,76.06115516276883,7.40996980041188e-05,0.5276148116990377,3.90960982093987e-05
1839,76.10251522539131,7.402799648480168e-05,0.5281258451648806,3.90960982093987e-05
1840,76.14387528801382,7.396180944421693e-05,0.5285984551106142,3.90960982093987e-05
1841,76.1852353506363,7.390104435811543e-05,0.5290330948496992,3.90960982093987e-05
1842,76.2265954132588,7.384558369814765e-05,0.5294304175210872,3.90960982093987e-05
1843,76.2679554758813,7.379528654212466e-05,0.5297912650163832,3.90960982093987e-05
1844,76.3093155385038,7.374999043300075e-05,0.5301166546579571,3.90960982093987e-05
1845,76.35067560112628,7.370951343583394e-05,0.5304077640321542,3.90960982093987e-05
1846,76.39203566374879,7.367365633516941e-05,0.530665914442141,3.90960982093987e-05
1847,76.43339572637129,7.36422049125067e-05,0.5308925534732188,3.90960982093987e-05
1848,76.47475578899378,7.361493224532079e-05,0.5310892371551938,3.90960982093987e-05
1849,76.51611585161626,7.359160097483619e-05,0.531257612166464,3.90960982093987e-05
1850,76.55747591423876,7.357196549961083e-05,0.5313993984516494,3.90960982093987e-05
1851,76.59883597686127,7.355577406440385e-05,0.5315163725306867,3.90960982093987e-05
1852,76.64019603948375,7.354277072804597e-05,0.5316103516683139,3.90960982093987e-05
1853,76.68155610210626,7.35326972084735e-05,0.5316831789612837,3.90960982093987e-05
1854,76.72291616472874,7.352529461647129e-05,0.5317367092962361,3.90960982093987e-05
1855,76.76427622735125,7.352030510059224e-05,0.5317727960446639,3.90960982093987e-05
1856,76.80563628997375,7.351747343326427e-05,0.5317932782998632,3.90960982093987e-05
1857,76.84699635259624,7.351654857132777e-05,0.531799968431143,3.90960982093987e-05
1858,76.88835641521872,7.351728522316866e-05,0.5317946397329391,3.90960982093987e-05
1859,76.92971647784123,7.351944544897568e-05,0.5317790139825301,3.90960982093987e-05
1860,76.97107654046371,7.352280031128632e-05,0.5317547487836525,3.90960982093987e-05
1861,77.01243660308621,7.352713158067304e-05,0.5317234246585963,3.90960982093987e-05
1862,77.05379666570872,7.353223348725419e-05,0.531686531950311,3.90960982093987e-05
1863,77.0951567283312,7.353791449417559e-05,0.5316454576978141,3.90960982093987e-05
1864,77.1365167909537,7.354399905544608e-05,0.5316014727445469,3.90960982093987e-05
1865,77.1778768535762,7.355032930898796e-05,0.5315557194197512,3.90960982093987e-05
1866,77.2192369161987,7.355676664733959e-05,0.5315092001914787,3.90960982093987e-05
1867,77.26059697882118,7.356319310404995e-05,0.5314627677199931,3.90960982093987e-05
1868,77.30195704144369,7.356951249378232e-05,0.5314171167398029,3.90960982093987e-05
1869,77.34331710406617,7.35756512485967e-05,0.5313727781668038,3.90960982093987e-05
1870,77.38467716668868,7.358155890154435e-05,0.5313301157659782,3.90960982093987e-05
1871,77.42603722931116,7.358720818083718e-05,0.5312893256300991,3.90960982093987e-05
1872,77.46739729193366,7.359259469294265e-05,0.5312504386144157,3.90960982093987e-05
1873,77.50875735455617,7.359773618954525e-05,0.5312133257565116,3.90960982093987e-05
1874,77.55011741717865,7.360267143069005e-05,0.531177706589286,3.90960982093987e-05
1875,77.59147747980116,7.360745867331594e-05,0.5311431601370006,3.90960982093987e-05
1876,77.63283754242364,7.361217382976438e-05,0.5311091382766714,3.90960982093987e-05
1877,77.67419760504615,7.361690835406754e-05,0.5310749810541118,3.90960982093987e-05
1878,77.71555766766863,7.362176692390826e-05,0.5310399334724805,3.90960982093987e-05
1879,77.75691773029114,7.36268649930274e-05,0.5310031632217557,3.90960982093987e-05
1880,77.79827779291362,7.363232629187545e-05,0.5309637787949739,3.90960982093987e-05
1881,77.83963785553611,7.363828035394247e-05,0.5309208474380889,3.90960982093987e-05
1882,77.88099791815861,7.364486014111339e-05,0.5308734124076732,3.90960982093987e-05
1883,77.92235798078111,7.36521998342948e-05,0.5308205090595858,3.90960982093987e-05
1884,77.9637180434036,7.366043284559992e-05,0.5307611793613577,3.90960982093987e-05
1885,78.0050781060261,7.36696900961858e-05,0.5306944845071756,3.90960982093987e-05
1886,78.0464381686486,7.368009858993923e-05,0.5306195154133133,3.90960982093987e-05
1887,78.0877982312711,7.369178029815727e-05,0.5305354009798069,3.90960982093987e-05
1888,78.1291582938936,7.370485135478127e-05,0.5304413141165981,3.90960982093987e-05
1889,78.17051835651608,7.371942154638779e-05,0.5303364756436343,3.90960982093987e-05
1890,78.21187841913857,7.373559406635936e-05,0.5302201562818308,3.90960982093987e-05
1891,78.25323848176107,7.375346548948879e-05,0.5300916770476447,3.90960982093987e-05
1892,78.29459854438358,7.377312591218125e-05,0.5299504084446454,3.90960982093987e-05
1893,78.33595860700606,7.379465919490593e-05,0.5297957689070474,3.90960982093987e-05
1894,78.37731866962856,7.381814323873446e-05,0.5296272229844421,3.90960982093987e-05
1895,78.41867873225105,7.384365022647895e-05,0.5294442797652976,3.90960982093987e-05
1896,78.46003879487355,7.387124676214067e-05,0.5292464920117691,3.90960982093987e-05
1897,78.50139885749604,7.390099384987396e-05,0.5290334564217147,3.90960982093987e-05
1898,78.54275892011854,7.393294666539361e-05,0.5288048153462647,3.90960982093987e-05
1899,78.58411898274103,7.396715408862613e-05,0.5285602601737854,3.90960982093987e-05
1900,78.62547904536353,7.40036579852971e-05,0.5282995364521879,3.90960982093987e-05
1901,78.66683910798602,7.404249224647251e-05,0.5280224506659728,3.90960982093987e-05
1902,78.70819917060852,7.408368161731083e-05,0.5277288784236565,3.90960982093987e-05
1903,78.74955923323103,7.412724036801047e-05,0.5274187736559877,3.90960982093987e-05
1904,78.79091929585351,7.417317087970554e-05,0.527092178286472,3.90960982093987e-05
1905,78.83227935847601,7.422146223397039e-05,0.5267492317270035,3.90960982093987e-05
1906,78.8736394210985,7.427208890566496e-05,0.5263901794798816,3.90960982093987e-05
1907,78.914999483721,7.432500966338437e-05,0.5260153801050776,3.90960982093987e-05
1908,78.95635954634349,7.43801667793675e-05,0.5256253098405752,3.90960982093987e-05
1909,78.997719608966,7.443748564098281e-05,0.5252205642458413,3.90960982093987e-05
1910,79.03907967158848,7.449687483882486e-05,0.5248018563729514,3.90960982093987e-05
1911,79.08043973421098,7.455822678319719e-05,0.5243700111469066,3.90960982093987e-05
1912,79.12179979683349,7.46214188723729e-05,0.5239259558474203,3.90960982093987e-05
1913,79.16315985945596,7.468631520431637e-05,0.5234707068148304,3.90960982093987e-05
1914,79.20451992207848,7.475276879060781e-05,0.5230053527369928,3.90960982093987e-05
1915,79.24587998470096,7.482062419945714e-05,0.5225310350950315,3.90960982093987e-05
1916,79.28724004732346,7.488972052591045e-05,0.5220489265395533,3.90960982093987e-05
1917,79.32860010994595,7.495989456404603e-05,0.5215602081189541,3.90960982093987e-05
1918,79.36996017256845,7.503098403942311e-05,0.5210660463796751,3.90960982093987e-05
1919,79.41132023519094,7.510283075200038e-05,0.520567571394203,3.90960982093987e-05
1920,79.45268029781343,7.517528348034748e-05,0.5200658567469094,3.90960982093987e-05
1921,79.49404036043593,7.524820050778054e-05,0.5195619024185998,3.90960982093987e-05
1922,79.53540042305842,7.532145164905475e-05,0.5190566213667676,3.90960982093987e-05
1923,79.57676048568092,7.539491968173659e-05,0.5185508304065375,3.90960982093987e-05
1924,79.61812054830342,7.546850111737568e-05,0.5180452457720446,3.90960982093987e-05
1925,79.65948061092593,7.554210628242743e-05,0.51754048349183,3.90960982093987e-05
1926,79.70084067354841,7.561565871519749e-05,0.517037064461108,3.90960982093987e-05
1927,79.74220073617091,7.568909392085991e-05,0.5165354238521782,3.90960982093987e-05
1928,79.7835607987934,7.576235755948751e-05,0.5160359242873482,3.90960982093987e-05
1929,79.82492086141589,7.583540317045074e-05,0.515538872016342,3.90960982093987e-05
1930,79.86628092403839,7.590818955867463e-05,0.5150445352036574,3.90960982093987e-05
1931,79.90764098666088,7.598067798337165e-05,0.5145531633444345,3.90960982093987e-05
1932,79.94900104928338,7.605282929702977e-05,0.5140650067955539,3.90960982093987e-05
1933,79.99036111190587,7.612460118172031e-05,0.5135803354302078,3.90960982093987e-05
1934,80.03172117452837,7.619594562170354e-05,0.5130994554946848,3.90960982093987e-05
1935,80.07308123715087,7.626680673622022e-05,0.5126227238622723,3.90960982093987e-05
1936,80.11444129977336,7.633711907578867e-05,0.5121505590299195,3.90960982093987e-05
1937,80.15580136239586,7.640680646036744e-05,0.511683448380715,3.90960982093987e-05
1938,80.19716142501835,7.647578141004454e-05,0.5112219514276675,3.90960982093987e-05
1939,80.23852148764085,7.654394518973888e-05,0.510766698952953,3.90960982093987e-05
1940,80.27988155026334,7.66111884607679e-05,0.5103183881479605,3.90960982093987e-05
1941,80.32124161288584,7.667739250469759e-05,0.5098777740388538,3.90960982093987e-05
1942,80.36260167550833,7.674243096053799e-05,0.509445657637591,3.90960982093987e-05
1943,80.40396173813083,7.680617199550814e-05,0.5090228713870177,3.90960982093987e-05
1944,80.44532180075333,7.686848081336476e-05,0.5086102625642271,3.90960982093987e-05
1945,80.48668186337581,7.692922239286418e-05,0.5082086753684019,3.90960982093987e-05
1946,80.52804192599832,7.698826434267306e-05,0.5078189324464158,3.90960982093987e-05
1947,80.56940198862081,7.704547975803745e-05,0.5074418166020982,3.90960982093987e-05
1948,80.61076205124331,7.710074996818379e-05,0.5070780533980799,3.90960982093987e-05
1949,80.6521221138658,7.715396707198799e-05,0.5067282952919369,3.90960982093987e-05
1950,80.6934821764883,7.720503617162736e-05,0.5063931078600596,3.90960982093987e-05
1951,80.73484223911079,7.72538772297852e-05,0.5060729585534021,3.90960982093987e-05
1952,80.77620230173328,7.730042649433171e-05,0.5057682083069173,3.90960982093987e-05
1953,80.81756236435578,7.734463745452875e-05,0.5054791061938001,3.90960982093987e-05
1954,80.85892242697827,7.738648131392904e-05,0.5052057871813544,3.90960982093987e-05
1955,80.90028248960078,7.742594698658062e-05,0.504948272911338,3.90960982093987e-05
1956,80.94164255222327,7.74630406434238e-05,0.5047064753030419,3.90960982093987e-05
1957,80.98300261484577,7.749778485495828e-05,0.5044802026608809,3.90960982093987e-05
1958,81.02436267746826,7.753021739265025e-05,0.5042691678703451,3.90960982093987e-05
1959,81.06572274009076,7.756038976537038e-05,0.5040729981846295,3.90960982093987e-05
1960,81.10708280271325,7.758836557679773e-05,0.5038912460490097,3.90960982093987e-05
1961,81.14844286533574,7.761421879586172e-05,0.5037234003762626,3.90960982093987e-05
1962,81.18980292795824,7.763803203351477e-05,0.5035688976830544,3.90960982093987e-05
1963,81.23116299058073,7.765989491619503e-05,0.5034271325191516,3.90960982093987e-05
1964,81.27252305320324,7.767990263878122e-05,0.503297466671646,3.90960982093987e-05
1965,81.31388311582572,7.76981547681726e-05,0.5031792367019453,3.90960982093987e-05
1966,81.35524317844823,7.771475435316237e-05,0.5030717594722449,3.90960982093987e-05
1967,81.39660324107072,7.772980737797777e-05,0.5029743354346111,3.90960982093987e-05
1968,81.43796330369321,7.77434225761329e-05,0.5028862495873848,3.90960982093987e-05
1969,81.47932336631571,7.775571159953069e-05,0.5028067701413034,3.90960982093987e-05
1970,81.5206834289382,7.776678951577941e-05,0.5027351450771391,3.90960982093987e-05
1971,81.5620434915607,7.777677558579303e-05,0.5026705969093958,3.90960982093987e-05
1972,81.60340355418319,7.778579425501693e-05,0.5026123160897997,3.90960982093987e-05
1973,81.64476361680569,7.779397627601049e-05,0.5025594535840027,3.90960982093987e-05
1974,81.68612367942818,7.780145986858154e-05,0.502511113228954,3.90960982093987e-05
1975,81.72748374205068,7.780839181716703e-05,0.5024663445206028,3.90960982093987e-05
1976,81.76884380467318,7.781492840358251e-05,0.5024241364925391,3.90960982093987e-05
1977,81.81020386729566,7.7821236077586e-05,0.5023834133194798,3.90960982093987e-05
1978,81.85156392991817,7.782749177719763e-05,0.5023430322195391,3.90960982093987e-05
1979,81.89292399254066,7.783388282528877e-05,0.5023017841363057,3.90960982093987e-05
1980,81.93428405516316,7.784060634797682e-05,0.5022583975595517,3.90960982093987e-05
1981,81.97564411778565,7.784786818264859e-05,0.5022115456992409,3.90960982093987e-05
1982,82.01700418040815,7.78558812680862e-05,0.5021598570668871,3.90960982093987e-05
1983,82.05836424303064,7.786486353498505e-05,0.5021019293488216,3.90960982093987e-05
1984,82.09972430565313,7.787503534034306e-05,0.5020363462890786,3.90960982093987e-05
1985,82.14108436827563,7.78866165132264e-05,0.5019616971390657,3.90960982093987e-05
1986,82.18244443089812,7.789982310029493e-05,0.5018765980901269,3.90960982093987e-05
1987,82.22380449352063,7.791486391677449e-05,0.501779714986855,3.90960982093987e-05
1988,82.26516455614312,7.793193702105939e-05,0.5016697865322383,3.90960982093987e-05
1989,82.30652461876562,7.795122623853705e-05,0.5015456471430159,3.90960982093987e-05
1990,82.34788468138811,7.797289786208208e-05,0.5014062485987325,3.90960982093987e-05
1991,82.38924474401061,7.799709765306808e-05,0.5012506796509091,3.90960982093987e-05
1992,82.4306048066331,7.802394825789717e-05,0.5010781828185886,3.90960982093987e-05
1993,82.47196486925559,7.805354714147772e-05,0.5008881676899858,3.90960982093987e-05
1994,82.51332493187809,7.808596512125583e-05,0.5006802201738597,3.90960982093987e-05
1995,82.55468499450058,7.812124556451708e-05,0.5004541072903256,3.90960982093987e-05
1996,82.59604505712309,7.815940428801593e-05,0.500209777256366,3.90960982093987e-05
1997,82.63740511974557,7.820043017399216e-05,0.4999473547960258,3.90960982093987e-05
1998,82.67876518236808,7.824428649090604e-05,0.49966713178402694,3.90960982093987e-05
1999,82.72012524499057,7.82909128817369e-05,0.49936955350687623,3.90960982093987e-05
2000,82.76148530761306,7.834022795831704e-05,0.49905520099074513,3.90960982093987e-05
2001,82.80284537023556,7.839213241781438e-05,0.4987247699938091,3.90960982093987e-05
2002,82.84420543285805,7.844651257768266e-05,0.49837904738828626,3.90960982093987e-05
2003,82.88556549548055,7.850324420933364e-05,0.49801888575644837,3.90960982093987e-05
2004,82.92692555810304,7.856219653847771e-05,0.4976451770954553,3.90960982093987e-05
2005,82.96828562072554,7.862323627297393e-05,0.49725882655936476,3.90960982093987e-05
2006,83.00964568334803,7.868623151660466e-05,0.49686072716735075,3.90960982093987e-05
2007,83.05100574597054,7.875105543077272e-05,0.49645173636773293,3.90960982093987e-05
2008,83.09236580859303,7.881758951485214e-05,0.49603265527463963,3.90960982093987e-05
2009,83.1337258712155,7.888572639059565e-05,0.4956042112842804,3.90960982093987e-05
2010,83.17508593383802,7.89553719952302e-05,0.49516704464087063,3.90960982093987e-05
2011,83.21644599646051,7.902644711195384e-05,0.4947216993573393,3.90960982093987e-05
2012,83.25780605908301,7.909888819350707e-05,0.49426861871628625,3.90960982093987e-05
2013,83.2991661217055,7.917264746374385e-05,0.4938081453863506,3.90960982093987e-05
2014,83.340526184328,7.92476923119297e-05,0.49334052599930783,3.90960982093987e-05
2015,83.38188624695049,7.932400402321717e-05,0.4928659198539164,3.90960982093987e-05
2016,83.42324630957297,7.940157591505526e-05,0.4923844112517889,3.90960982093987e-05
2017,83.46460637219548,7.948041097153304e-05,0.4918960248381389,3.90960982093987e-05
2018,83.50596643481796,7.956051908497591e-05,0.4914007432209118,3.90960982093987e-05
2019,83.54732649744048,7.9641914025255e-05,0.4908985260826486,3.90960982093987e-05
2020,83.58868656006297,7.972461026243263e-05,0.49038932997859186,3.90960982093987e-05
2021,83.63004662268547,7.980861976723515e-05,0.48987312803333705,3.90960982093987e-05
2022,83.67140668530796,7.989394890694788e-05,0.48934992880291533,3.90960982093987e-05
2023,83.71276674793046,7.998059554305223e-05,0.4888197936504977,3.90960982093987e-05
2024,83.75412681055295,8.006854642169987e-05,0.4882828520888825,3.90960982093987e-05
2025,83.79548687317543,8.015777493106392e-05,0.4877393146581418,3.90960982093987e-05
2026,83.83684693579794,8.024823928137731e-05,0.4871894830279657,3.90960982093987e-05
2027,83.87820699842042,8.03398811456377e-05,0.486633757131486,3.90960982093987e-05
2028,83.91956706104294,8.043262478218197e-05,0.4860726392465009,3.90960982093987e-05
2029,83.96092712366541,8.052637664522793e-05,0.48550673503717834,3.90960982093987e-05
2030,84.00228718628793,8.062102547630169e-05,0.4849367516528413,3.90960982093987e-05
2031,84.04364724891042,8.071644285776092e-05,0.48436349305300924,3.90960982093987e-05
2032,84.0850073115329,8.081248419947842e-05,0.4837878527888521,3.90960982093987e-05
2033,84.12636737415541,8.09089901201142e-05,0.4832108045268916,3.90960982093987e-05
2034,84.1677274367779,8.100578817522932e-05,0.48263339065138383,3.90960982093987e-05
2035,84.2090874994004,8.110269487512689e-05,0.4820567093312327,3.90960982093987e-05
2036,84.2504475620229,8.119951792597346e-05,0.4814819004842016,3.90960982093987e-05
2037,84.2918076246454,8.129605861849069e-05,0.4809101311155857,3.90960982093987e-05
2038,84.33316768726787,8.139211428010392e-05,0.4803425805459834,3.90960982093987e-05
2039,84.37452774989038,8.148748069996345e-05,0.4797804260675375,3.90960982093987e-05
2040,84.41588781251288,8.158195443241083e-05,0.4792248295766082,3.90960982093987e-05
2041,84.45724787513535,8.167533488505429e-05,0.47867692571350406,3.90960982093987e-05
2042,84.49860793775785,8.176742610308685e-05,0.47813781199507227,3.90960982093987e-05
2043,84.53996800038036,8.185803817290394e-05,0.47760854134835606,3.90960982093987e-05
2044,84.58132806300286,8.194698818549322e-05,0.4770901173439312,3.90960982093987e-05
2045,84.62268812562533,8.203410072327626e-05,0.47658349228792873,3.90960982093987e-05
2046,84.66404818824786,8.211920786182953e-05,0.47608956816997333,3.90960982093987e-05
2047,84.70540825087033,8.220214870908107e-05,0.47560920028699516,3.90960982093987e-05
2048,84.74676831349284,8.228276853642978e-05,0.4751432031858449,3.90960982093987e-05
2049,84.78812837611534,8.236091758723919e-05,0.47469235839907836,3.90960982093987e-05
2050,84.82948843873781,8.243644967488425e-05,0.4742574233071325,3.90960982093987e-05
2051,84.87084850136031,8.25092207034397e-05,0.4738391403540288,3.90960982093987e-05
2052,84.91220856398282,8.257908725657317e-05,0.4734382457864562,3.90960982093987e-05
2053,84.95356862660532,8.264590540306821e-05,0.4730554770829247,3.90960982093987e-05
2054,84.99492868922779,8.270952985984469e-05,0.47269157829392744,3.90960982093987e-05
2055,85.0362887518503,8.276981363530126e-05,0.47234730262488167,3.90960982093987e-05
2056,85.0776488144728,8.282660824827752e-05,0.47202341175441953,3.90960982093987e-05
2057,85.11900887709528,8.287976458230375e-05,0.4717206715829208,3.90960982093987e-05
2058,85.1603689397178,8.29291343936387e-05,0.471439844335306,3.90960982093987e-05
2059,85.20172900234027,8.297457244714562e-05,0.47118167718553433,3.90960982093987e-05
2060,85.24308906496277,8.301593920974842e-05,0.4709468878093198,3.90960982093987e-05
2061,85.28444912758528,8.305310398969056e-05,0.47073614749247333,3.90960982093987e-05
2062,85.32580919020778,8.308594837414553e-05,0.4705500626091972,3.90960982093987e-05
2063,85.36716925283025,8.311436979024537e-05,0.47038915542601123,3.90960982093987e-05
2064,85.40852931545275,8.313828499731607e-05,0.4702538452730992,3.90960982093987e-05
2065,85.44988937807526,8.315763331231923e-05,0.470144431149977,3.90960982093987e-05
2066,85.49124944069774,8.317237937688807e-05,0.470061076793755,3.90960982093987e-05
2067,85.53260950332026,8.318251529259145e-05,0.47000379913831175,3.90960982093987e-05
2068,85.57396956594273,8.318806198038186e-05,0.4699724609357853,3.90960982093987e-05
2069,85.61532962856523,8.318906965924364e-05,0.46996676810478666,3.90960982093987e-05
2070,85.65668969118774,8.318561738522687e-05,0.46998627212619415,3.90960982093987e-05
2071,85.69804975381021,8.317781164316352e-05,0.4700303775377343,3.90960982093987e-05
2072,85.73940981643271,8.316578403621812e-05,0.4700983542988379,3.90960982093987e-05
2073,85.78076987905521,8.314968816989313e-05,0.47018935452309535,3.90960982093987e-05
2074,85.82212994167772,8.312969587407926e-05,0.47030243282279693,3.90960982093987e-05
2075,85.86349000430019,8.31059929462462e-05,0.4704365692939431,3.90960982093987e-05
2076,85.90485006692272,8.307877462822226e-05,0.4705906940052239,3.90960982093987e-05
2077,85.9462101295452,8.304824104638143e-05,0.4707637117511496,3.90960982093987e-05
2078,85.9875701921677,8.301459284892548e-05,0.4709545257970238,3.90960982093987e-05
2079,86.0289302547902,8.297802726395154e-05,0.4711620593851279,3.90960982093987e-05
2080,86.07029031741267,8.293873477858112e-05,0.4713852738864694,3.90960982093987e-05
2081,86.11165038003517,8.289689660381954e-05,0.47162318266565023,3.90960982093987e-05
2082,86.15301044265767,8.285268304439889e-05,0.4718748599661882,3.90960982093987e-05
2083,86.19437050528018,8.280625284024103e-05,0.4721394444067794,3.90960982093987e-05
2084,86.23573056790265,8.275775349006453e-05,0.4724161369857917,3.90960982093987e-05
2085,86.27709063052515,8.270732251141901e-05,0.47270419380340706,3.90960982093987e-05
2086,86.31845069314765,8.265508953897103e-05,0.4730029140064665,3.90960982093987e-05
2087,86.35981075577014,8.260117911715652e-05,0.4733116237232783,3.90960982093987e-05
2088,86.40117081839266,8.254571400769066e-05,0.47362965696506276,3.90960982093987e-05
2089,86.44253088101513,8.248881880810702e-05,0.47395633461969666,3.90960982093987e-05
2090,86.48389094363763,8.243062366649885e-05,0.4742909427396216,3.90960982093987e-05
2091,86.52525100626013,8.237126787933512e-05,0.47463271133170126,3.90960982093987e-05
2092,86.56661106888264,8.231090317324651e-05,0.4749807947934909,3.90960982093987e-05
2093,86.60797113150511,8.224969649641952e-05,0.4753342550157693,3.90960982093987e-05
2094,86.64933119412761,8.218783217813907e-05,0.4756920479987763,3.90960982093987e-05
2095,86.69069125675011,8.212551335392642e-05,0.4760530146205719,3.90960982093987e-05
2096,86.7320513193726,8.206296259512735e-05,0.4764158759693634,3.90960982093987e-05
2097,86.77341138199509,8.200042172363048e-05,0.4767792334186518,3.90960982093987e-05
2098,86.81477144461759,8.193815083152479e-05,0.47714157340193375,3.90960982093987e-05
2099,86.8561315072401,8.187642656030555e-05,0.47750127664160724,3.90960982093987e-05
2100,86.8974915698626,8.181553972294327e-05,0.4778566314149133,3.90960982093987e-05
2101,86.9388516324851,8.175579237381997e-05,0.4782058503039859,3.90960982093987e-05
2102,86.98021169510757,8.169749444622995e-05,0.4785470897780128,3.90960982093987e-05
2103,87.02157175773007,8.164096008435559e-05,0.47887847189698196,3.90960982093987e-05
2104,87.06293182035257,8.158650379759936e-05,0.47919810740252705,3.90960982093987e-05
2105,87.10429188297506,8.153443656047592e-05,0.4795041194698176,3.90960982093987e-05
2106,87.14565194559755,8.148506197188269e-05,0.47979466743105914,3.90960982093987e-05
2107,87.18701200822005,8.143867257491383e-05,0.48006796983871475,3.90960982093987e-05
2108,87.22837207084255,8.139554642336633e-05,0.4803223263106608,3.90960982093987e-05
2109,87.26973213346504,8.13559439646597e-05,0.48055613768530175,3.90960982093987e-05
2110,87.31109219608756,8.132010529215534e-05,0.48076792410609637,3.90960982093987e-05
2111,87.35245225871003,8.128824780337118e-05,0.4809563407488937,3.90960982093987e-05
2112,87.39381232133253,8.126056428501882e-05,0.4811201909978178,3.90960982093987e-05
2113,87.43517238395503,8.123722143162792e-05,0.4812584369629547,3.90960982093987e-05
2114,87.47653244657751,8.121835879229674e-05,0.4813702073121283,3.90960982093987e-05
2115,87.51789250920001,8.120408812978979e-05,0.4814548024590928,3.90960982093987e-05
2116,87.55925257182251,8.119449316840555e-05,0.4815116972072165,3.90960982093987e-05
2117,87.60061263444501,8.118962970165138e-05,0.4815405409910805,3.90960982093987e-05
2118,87.6419726970675,8.118952602779157e-05,0.48154115588771784,3.90960982093987e-05
2119,87.68333275968999,8.119418368082184e-05,0.48151353258365537,3.90960982093987e-05
2120,87.72469282231249,8.120357842586856e-05,0.4814578244860214,3.90960982093987e-05
2121,87.76605288493498,8.121766149124781e-05,0.48137434015644226,3.90960982093987e-05
2122,87.8074129475575,8.12363610136119e-05,0.4812635342300449,3.90960982093987e-05
2123,87.84877301017997,8.125958367727504e-05,0.4811259969614178,3.90960982093987e-05
2124,87.89013307280247,8.12872165330624e-05,0.48096244252006004,3.90960982093987e-05
2125,87.93149313542497,8.131912898510531e-05,0.48077369614423293,3.90960982093987e-05
2126,87.97285319804747,8.135517493533863e-05,0.4805606802575548,3.90960982093987e-05
2127,88.01421326066995,8.139519507431758e-05,0.4803243996614562,3.90960982093987e-05
2128,88.05557332329245,8.143901930326586e-05,0.4800659259391508,3.90960982093987e-05
2129,88.09693338591495,8.148646926586664e-05,0.47978638124373146,3.90960982093987e-05
2130,88.13829344853744,8.153736095968673e-05,0.4794869216913752,3.90960982093987e-05
2131,88.17965351115996,8.159150738677649e-05,0.4791687206374005,3.90960982093987e-05
2132,88.22101357378243,8.164872119211871e-05,0.4788329521708727,3.90960982093987e-05
2133,88.26237363640493,8.170881722823368e-05,0.47848077521662413,3.90960982093987e-05
2134,88.30373369902743,8.177161497577762e-05,0.47811331867396467,3.90960982093987e-05
2135,88.34509376164992,8.183694074468022e-05,0.4777316680418571,3.90960982093987e-05
2136,88.38645382427241,8.190462957944905e-05,0.4773368539744721,3.90960982093987e-05
2137,88.42781388689491,8.19745267965397e-05,0.4769298431747583,3.90960982093987e-05
2138,88.46917394951741,8.204648909155368e-05,0.4765115319653997,3.90960982093987e-05
2139,88.5105340121399,8.212038516958234e-05,0.47608274277651613,3.90960982093987e-05
2140,88.55189407476242,8.219609587241527e-05,0.4756442236634164,3.90960982093987e-05
2141,88.59325413738489,8.227351380071925e-05,0.47519665082126245,3.90960982093987e-05
2142,88.63461420000739,8.235254245570904e-05,0.4747406339084846,3.90960982093987e-05
2143,88.6759742626299,8.243309495170506e-05,0.474276723836511,3.90960982093987e-05
2144,88.71733432525238,8.251509237569414e-05,0.473805422544918,3.90960982093987e-05
2145,88.75869438787487,8.259846189087548e-05,0.4733271941679774,3.90960982093987e-05
2146,88.80005445049737,8.268313469586694e-05,0.4728424769235677,3.90960982093987e-05
2147,88.84141451311987,8.276904395855535e-05,0.47235169502471425,3.90960982093987e-05
2148,88.88277457574236,8.285612284246753e-05,0.47185526993257004,3.90960982093987e-05
2149,88.92413463836485,8.294430273388685e-05,0.4713536303371203,3.90960982093987e-05
2150,88.96549470098735,8.303351176045507e-05,0.47084722036312,3.90960982093987e-05
2151,89.00685476360984,8.31236736680464e-05,0.47033650564493323,3.90960982093987e-05
2152,89.04821482623235,8.321470709434374e-05,0.46982197708241574,3.90960982093987e-05
2153,89.08957488885484,8.330652524747888e-05,0.4693041522648536,3.90960982093987e-05
2154,89.13093495147733,8.339903596894503e-05,0.46878357471610055,3.90960982093987e-05
2155,89.17229501409983,8.349214213474471e-05,0.46826081125458535,3.90960982093987e-05
2156,89.21365507672233,8.358574232952934e-05,0.4677364478653048,3.90960982093987e-05
2157,89.25501513934482,8.367973171739042e-05,0.46721108453642074,3.90960982093987e-05
2158,89.29637520196731,8.3774003030747e-05,0.46668532951743424,3.90960982093987e-05
2159,89.33773526458981,8.386844760551425e-05,0.4661597934099377,3.90960982093987e-05
2160,89.3790953272123,8.396295640546437e-05,0.4656350834122642,3.90960982093987e-05
2161,89.4204553898348,8.40574209995199e-05,0.465111797917545,3.90960982093987e-05
2162,89.46181545245729,8.415173447997157e-05,0.46459052152637115,3.90960982093987e-05
2163,89.50317551507979,8.424579233446986e-05,0.46407182039644973,3.90960982093987e-05
2164,89.54453557770229,8.433949330683347e-05,0.4635562377303375,3.90960982093987e-05
2165,89.5858956403248,8.443274029834356e-05,0.46304428911406187,3.90960982093987e-05
2166,89.62725570294728,8.452544137035451e-05,0.46253645737377747,3.90960982093987e-05
2167,89.66861576556977,8.461751090878771e-05,0.46203318662424153,3.90960982093987e-05
2168,89.70997582819227,8.470887100158915e-05,0.46153487523951603,3.90960982093987e-05
2169,89.75133589081476,8.479945306174593e-05,0.4610418675805755,3.90960982093987e-05
2170,89.79269595343726,8.488919970305324e-05,0.46055444445416904,3.90960982093987e-05
2171,89.83405601605975,8.497806684577123e-05,0.4600728124394165,3.90960982093987e-05
2172,89.87541607868225,8.506602599790817e-05,0.45959709238515617,3.90960982093987e-05
2173,89.91677614130474,8.51530666282812e-05,0.459127307535088,3.90960982093987e-05
2174,89.95813620392725,8.523919852300198e-05,0.4586633718622839,3.90960982093987e-05
2175,89.99949626654973,8.532445400035504e-05,0.4582050792758196,3.90960982093987e-05
2176,90.04085632917223,8.540888985189869e-05,0.4577520943919584,3.90960982093987e-05
2177,90.08221639179473,8.549258888143099e-05,0.4573039455340483,3.90960982093987e-05
2178,90.12357645441722,8.557566092793058e-05,0.456860020541639,3.90960982093987e-05
2179,90.16493651703972,8.565824328270107e-05,0.45641956583639476,3.90960982093987e-05
2180,90.20629657966221,8.574050044314855e-05,0.45598168901897096,3.90960982093987e-05
2181,90.24765664228471,8.582262318299632e-05,0.4555453650727452,3.90960982093987e-05
2182,90.2890167049072,8.590482695855905e-05,0.4551094460414764,3.90960982093987e-05
2183,90.3303767675297,8.598734970987467e-05,0.4546726738445918,3.90960982093987e-05
2184,90.37173683015219,8.607044915094577e-05,0.4542336957116843,3.90960982093987e-05
2185,90.41309689277467,8.615439967251317e-05,0.4537910815699407,3.90960982093987e-05
2186,90.45445695539719,8.623948900196663e-05,0.45334334261311715,3.90960982093987e-05
2187,90.49581701801968,8.632601477618697e-05,0.4528889502285163,3.90960982093987e-05
2188,90.53717708064217,8.641428118456408e-05,0.45242635445751206,3.90960982093987e-05
2189,90.57853714326467,8.650459583044623e-05,0.451954001218955,3.90960982093987e-05
2190,90.61989720588716,8.659726694136646e-05,0.45147034762505855,3.90960982093987e-05
2191,90.66125726850966,8.669260103243143e-05,0.45097387486128115,3.90960982093987e-05
2192,90.70261733113216,8.679090109546477e-05,0.4504630982733472,3.90960982093987e-05
2193,90.74397739375465,8.68924653509116e-05,0.4499365744948166,3.90960982093987e-05
2194,90.78533745637714,8.699758656247511e-05,0.44939290564483453,3.90960982093987e-05
2195,90.82669751899965,8.710655187856778e-05,0.4488307408138623,3.90960982093987e-05
2196,90.86805758162214,8.721964313212291e-05,0.44824877522342954,3.90960982093987e-05
2197,90.90941764424463,8.73371375033642e-05,0.4476457475823814,3.90960982093987e-05
2198,90.95077770686713,8.745930843038718e-05,0.447020436258275,3.90960982093987e-05
2199,90.99213776948962,8.758642664156688e-05,0.44637165492997094,3.90960982093987e-05
2200,91.03349783211212,8.771876118217879e-05,0.44569824838499417,3.90960982093987e-05
2201,91.0748578947346,8.785658031596777e-05,0.4449990890698605,3.90960982093987e-05
2202,91.11621795735711,8.800015219959101e-05,0.4442730749002092,3.90960982093987e-05
2203,91.1575780199796,8.81497452535004e-05,0.4435191286936385,3.90960982093987e-05
2204,91.19893808260211,8.830562818440219e-05,0.4427361994159328,3.90960982093987e-05
2205,91.2402981452246,8.846806965021637e-05,0.4419232652410776,3.90960982093987e-05
2206,91.28165820784707,8.863733759547343e-05,0.44107933823358975,3.90960982093987e-05
2207,91.32301827046959,8.881369832044397e-05,0.44020347028380863,3.90960982093987e-05
2208,91.36437833309208,8.899741537824494e-05,0.4392947597774349,3.90960982093987e-05
2209,91.40573839571458,8.918874841769456e-05,0.4383523583748626,3.90960982093987e-05
2210,91.44709845833707,8.938795210416599e-05,0.4373754772213492,3.90960982093987e-05
2211,91.48845852095957,8.959527525385232e-05,0.43636339191577733,3.90960982093987e-05
2212,91.52981858358206,8.981096030861805e-05,0.4353154456321645,3.90960982093987e-05
2213,91.57117864620456,9.003524325886691e-05,0.4342310499122067,3.90960982093987e-05
2214,91.61253870882705,9.026835409172622e-05,0.43310968282052853,3.90960982093987e-05
2215,91.65389877144953,9.051051780346758e-05,0.4319508843634179,3.90960982093987e-05
2216,91.69525883407205,9.076195597112722e-05,0.43075424930061856,3.90960982093987e-05
2217,91.73661889669454,9.102288883185204e-05,0.4295194177106542,3.90960982093987e-05
2218,91.77797895931704,9.129353777339417e-05,0.42824606388287584,3.90960982093987e-05
2219,91.81933902193953,9.157412809842327e-05,0.42693388428856754,3.90960982093987e-05
2220,91.86069908456203,9.186489189243287e-05,0.4255825855124001,3.90960982093987e-05
2221,91.90205914718452,9.216607080238423e-05,0.42419187309422907,3.90960982093987e-05
2222,91.94341920980702,9.247791852260893e-05,0.4227614422338076,3.90960982093987e-05
2223,91.9847792724295,9.280070278693064e-05,0.4212909712457987,3.90960982093987e-05
2224,92.026139335052,9.313470668111782e-05,0.4197801185250854,3.90960982093987e-05
2225,92.0674993976745,9.348022911681467e-05,0.41822852360089396,3.90960982093987e-05
2226,92.108859460297,9.38375843450963e-05,0.41663581263579025,3.90960982093987e-05
2227,92.15021952291949,9.420710043201325e-05,0.41500160847868695,3.90960982093987e-05
2228,92.19157958554199,9.458911666717315e-05,0.4133255451254983,3.90960982093987e-05
2229,92.23293964816449,9.498397992625213e-05,0.41160728619451264,3.90960982093987e-05
2230,92.27429971078698,9.539204005614313e-05,0.40984654680189914,3.90960982093987e-05
2231,92.31565977340948,9.581364439458966e-05,0.40804311803848214,3.90960982093987e-05
2232,92.35701983603197,9.624913157229182e-05,0.4061968931120588,3.90960982093987e-05
2233,92.39837989865445,9.669882477293459e-05,0.4043078941362838,3.90960982093987e-05
2234,92.43973996127696,9.716302464489045e-05,0.4023762985177373,3.90960982093987e-05
2235,92.48110002389946,9.76420020670359e-05,0.4004024639166796,3.90960982093987e-05
2236,92.52246008652195,9.81359909714995e-05,0.39838695082574677,3.90960982093987e-05
2237,92.56382014914443,9.86451814190954e-05,0.3963305419176877,3.90960982093987e-05
2238,92.60518021176694,9.91697131108943e-05,0.3942342574459238,3.90960982093987e-05
2239,92.64654027438944,9.970966950362122e-05,0.3920993661299702,3.90960982093987e-05
2240,92.68790033701192,0.00010026507267956932,0.389927391109997,3.90960982093987e-05
2241,92.72926039963443,0.00010083587910512018,0.38772011070227785,3.90960982093987e-05
2242,92.77062046225691,0.00010142197639722927,0.3854795538224866,3.90960982093987e-05
2243,92.81198052487942,0.00010202318120487573,0.3832079900634414,3.90960982093987e-05
2244,92.85334058750192,0.00010263923830300949,0.38090791451491474,3.90960982093987e-05
2245,92.8947006501244,0.00010326982098850663,0.3785820275000756,3.90960982093987e-05
2246,92.9360607127469,0.00010391453286031975,0.37623320947755257,3.90960982093987e-05
2247,92.9774207753694,0.00010457291105733072,0.3738644914261283,3.90960982093987e-05
2248,93.0187808379919,0.00010524443101469319,0.37147902109842273,3.90960982093987e-05
2249,93.06014090061437,0.00010592851278108609,0.36908002560363945,3.90960982093987e-05
2250,93.10150096323689,0.00010662452891245111,0.36667077086455707,3.90960982093987e-05
2251,93.14286102585937,0.00010733181392154917,0.36425451859012437,3.90960982093987e-05
2252,93.18422108848188,0.00010804967521550885,0.36183448151436054,3.90960982093987e-05
2253,93.22558115110436,0.00010877740539659858,0.3594137777680549,3.90960982093987e-05
2254,93.26694121372685,0.00010951429573536036,0.3569953853684439,3.90960982093987e-05
2255,93.30830127634935,0.00011025965055337746,0.3545820979223221,3.90960982093987e-05
2256,93.34966133897186,0.00011101280217872926,0.3521764827308337,3.90960982093987e-05
2257,93.39102140159436,0.00011177312606622178,0.3497808425456007,3.90960982093987e-05
2258,93.43238146421683,0.00011254005561171235,0.3473971822467259,3.90960982093987e-05
2259,93.47374152683935,0.00011331309614197587,0.3450271816808639,3.90960982093987e-05
2260,93.51510158946184,0.00011409183753389688,0.34267217580559334,3.90960982093987e-05
2261,93.55646165208434,0.00011487596491506522,0.34033314312793644,3.90960982093987e-05
2262,93.59782171470682,0.00011566526692501707,0.3380107032022304,3.90960982093987e-05
2263,93.63918177732931,0.00011645964107581317,0.3357051236655266,3.90960982093987e-05
2264,93.68054183995181,0.00011725909584110592,0.33341633694989925,3.90960982093987e-05
2265,93.72190190257432,0.0001180637492230038,0.33114396643081645,3.90960982093987e-05
2266,93.7632619651968,0.00011887382369068265,0.3288873613683806,3.90960982093987e-05
2267,93.80462202781929,0.00011968963754680334,0.3266456395952456,3.90960982093987e-05
2268,93.84598209044181,0.00012051159294896322,0.32441773652395367,3.90960982093987e-05
2269,93.8873421530643,0.0001213401609830054,0.32220245871335546,3.90960982093987e-05
2270,93.92870221568677,0.00012217586434279376,0.3199985399710797,3.90960982093987e-05
2271,93.97006227830929,0.00012301925830608047,0.31780469779881854,3.90960982093987e-05
2272,94.01142234093177,0.00012387091079932785,0.3156196879244295,3.90960982093987e-05
2273,94.05278240355427,0.00012473138240770012,0.313442354720388,3.90960982093987e-05
2274,94.09414246617678,0.00012560120720518845,0.31127167548261975,3.90960982093987e-05
2275,94.13550252879926,0.0001264808752511756,0.30910679683200026,3.90960982093987e-05
2276,94.17686259142175,0.00012737081752503513,0.30694706188656,3.90960982093987e-05
2277,94.21822265404425,0.0001282713939527601,0.3047920273151241,3.90960982093987e-05
2278,94.25958271666676,0.00012918288502646776,0.3026414698927684,3.90960982093987e-05
2279,94.30094277928923,0.00013010548733681914,0.30049538270577403,3.90960982093987e-05
2280,94.34230284191175,0.00013103931314089172,0.29835396166464256,3.90960982093987e-05
2281,94.38366290453423,0.00013198439388400056,0.2962175834497507,3.90960982093987e-05
2282,94.42502296715674,0.00013294068739505473,0.2940867764074239,3.90960982093987e-05
2283,94.46638302977924,0.00013390808829011756,0.29196218621757447,3.90960982093987e-05
2284,94.50774309240172,0.0001348864409578935,0.28984453835210194,3.90960982093987e-05
2285,94.54910315502421,0.0001358755543697559,0.2877345994335901,3.90960982093987e-05
2286,94.59046321764671,0.00013687521786141717,0.2856331395869086,3.90960982093987e-05
2287,94.63182328026922,0.00013788521697658267,0.28354089776018904,3.90960982093987e-05
2288,94.67318334289169,0.00013890534844659193,0.28145855178809664,3.90960982093987e-05
2289,94.71454340551419,0.00013993543340452212,0.27938669469354915,3.90960982093987e-05
2290,94.7559034681367,0.0001409753279965429,0.2773258183897075,3.90960982093987e-05
2291,94.7972635307592,0.00014202493065618347,0.27527630556668425,3.90960982093987e-05
2292,94.83862359338168,0.00014308418544561638,0.2732384301426407,3.90960982093987e-05
2293,94.87998365600419,0.00014415308103885244,0.2712123662404513,3.90960982093987e-05
2294,94.92134371862667,0.000145231645120813,0.26919820523189736,3.90960982093987e-05
2295,94.96270378124917,0.00014631993419695821,0.2671959799870622,3.90960982093987e-05
2296,95.00406384387168,0.00014741801904413011,0.2652056950900632,3.90960982093987e-05
2297,95.04542390649415,0.00014852596627438136,0.2632273614512227,3.90960982093987e-05
2298,95.08678396911665,0.00014964381671948772,0.2612610334758143,3.90960982093987e-05
2299,95.12814403173915,0.00015077156156119935,0.25930684675922316,3.90960982093987e-05
2300,95.16950409436166,0.00015190911731801306,0.2573650541827141,3.90960982093987e-05
2301,95.21086415698413,0.00015305630093841434,0.2554360582981154,3.90960982093987e-05
2302,95.25222421960663,0.00015421280633081462,0.2535204380207597,3.90960982093987e-05
2303,95.29358428222913,0.0001553781836703939,0.25161896790049915,3.90960982093987e-05
2304,95.33494434485164,0.00015655182275495837,0.2497326286043542,3.90960982093987e-05
2305,95.37630440747412,0.00015773294153430297,0.24786260770326332,3.90960982093987e-05
2306,95.41766447009661,0.00015892058071230203,0.24601029038633684,3.90960982093987e-05
2307,95.45902453271911,0.00016011360502876055,0.2441772402937029,3.90960982093987e-05
2308,95.50038459534161,0.00016131071148401885,0.2423651712259169,3.90960982093987e-05
2309,95.54174465796409,0.0001625104443951227,0.24057591101247436,3.90960982093987e-05
2310,95.58310472058659,0.0001637112167936142,0.23881135926493033,3.90960982093987e-05
2311,95.62446478320909,0.00016491133731865454,0.2370734410688464,3.90960982093987e-05
2312,95.6658248458316,0.00016610904145368283,0.23536405885708575,3.90960982093987e-05
2313,95.70718490845407,0.00016730252572363878,0.2336850447433184,3.90960982093987e-05
2314,95.74854497107658,0.0001684899833333777,0.23203811547682554,3.90960982093987e-05
2315,95.78990503369907,0.00016966963969675507,0.23042483192204485,3.90960982093987e-05
2316,95.83126509632157,0.0001708397863845458,0.22884656459003475,3.90960982093987e-05
2317,95.87262515894407,0.00017199881219978253,0.22730446628891393,3.90960982093987e-05
2318,95.91398522156655,0.00017314523035569777,0.2257994524543491,3.90960982093987e-05
2319,95.95534528418905,0.00017427770106031448,0.2243321892103008,3.90960982093987e-05
2320,95.99670534681155,0.0001753950491717282,0.222903088736102,3.90960982093987e-05
2321,96.03806540943405,0.00017649627694638303,0.22151231111393654,3.90960982093987e-05
2322,96.07942547205653,0.00017758057222570916,0.22015977153011212,3.90960982093987e-05
2323,96.12078553467904,0.00017864731266376986,0.21884515152478695,3.90960982093987e-05
2324,96.16214559730153,0.00017969606676758763,0.21756791293581385,3.90960982093987e-05
2325,96.203505659924,0.0001807265925875785,0.2163273132616224,3.90960982093987e-05
2326,96.24486572254654,0.0001817388348550134,0.21512242136133736,3.90960982093987e-05
2327,96.28622578516901,0.00018273292122415456,0.2139521326944714,3.90960982093987e-05
2328,96.32758584779151,0.00018370915805806512,0.21281518364501764,3.90960982093987e-05
2329,96.36894591041401,0.00018466802592511614,0.2117101648406226,3.90960982093987e-05
2330,96.41030597303651,0.0001856101746835158,0.21063553372578592,3.90960982093987e-05
2331,96.45166603565899,0.00018653641775802132,0.20958962694413333,3.90960982093987e-05
2332,96.4930260982815,0.00018744772499306424,0.20857067329488954,3.90960982093987e-05
2333,96.53438616090399,0.00018834521332858649,0.2075768081304608,3.90960982093987e-05
2334,96.57574622352647,0.0001892301345113187,0.2066060900414368,3.90960982093987e-05
2335,96.617106286149,0.00019010385913507524,0.20565652053186148,3.90960982093987e-05
2336,96.65846634877147,0.00019096785649760827,0.20472606713207964,3.90960982093987e-05
2337,96.69982641139397,0.00019182367005405972,0.20381269005217473,3.90960982093987e-05
2338,96.74118647401647,0.00019267288861318086,0.20291437207800347,3.90960982093987e-05
2339,96.78254653663897,0.00019351711382716553,0.20202915099445057,3.90960982093987e-05
2340,96.82390659926145,0.00019435792493001773,0.20115515342878865,3.90960982093987e-05
2341,96.86526666188395,0.0001951968420408919,0.20029062868347244,3.90960982093987e-05
2342,96.90662672450645,0.00019603528962890994,0.19943398090928766,3.90960982093987e-05
2343,96.94798678712893,0.00019687456190213136,0.1985837978846339,3.90960982093987e-05
2344,96.98934684975144,0.00019771579191324635,0.19773887473061974,3.90960982093987e-05
2345,97.03070691237393,0.00019855992605663758,0.19689823110755422,3.90960982093987e-05
2346,97.07206697499643,0.0001994077053697758,0.1960611207921983,3.90960982093987e-05
2347,97.11342703761893,0.0002002596546616471,0.1952270330010023,3.90960982093987e-05
2348,97.15478710024144,0.00020111608000079333,0.19439568536361926,3.90960982093987e-05
2349,97.19614716286391,0.00020197707454321095,0.1935670090173253,3.90960982093987e-05
2350,97.23750722548641,0.00020284253211090626,0.19274112683637032,3.90960982093987e-05
2351,97.27886728810891,0.0002037121673916879,0.19191832628350872,3.90960982093987e-05
2352,97.32022735073139,0.000204585541166823,0.19109902873106263,3.90960982093987e-05
2353,97.36158741335389,0.00020546208862561865,0.1902837573146518,3.90960982093987e-05
2354,97.40294747597639,0.00020634114862756958,0.18947310543455514,3.90960982093987e-05
2355,97.44430753859889,0.00020722199174405358,0.18866770790277668,3.90960982093987e-05
2356,97.4856676012214,0.00020810384506040255,0.18786821645727392,3.90960982093987e-05
2357,97.52702766384387,0.00020898591203882003,0.18707528095069123,3.90960982093987e-05
2358,97.56838772646637,0.00020986738621228064,0.18628953700244327,3.90960982093987e-05
2359,97.60974778908887,0.0002107474580662994,0.18551160032069947,3.90960982093987e-05
2360,97.65110785171137,0.00021162531512536537,0.18474206730058948,3.90960982093987e-05
2361,97.69246791433385,0.00021250013594276642,0.18398152093384368,3.90960982093987e-05
2362,97.73382797695635,0.00021337107934280434,0.18323054056724566,3.90960982093987e-05
2363,97.77518803957885,0.00021423727082830088,0.18248971366299763,3.90960982093987e-05
2364,97.81654810220135,0.00021509778849570908,0.1817596474739145,3.90960982093987e-05
2365,97.85790816482383,0.00021595165105437787,0.18104097847139905,3.90960982093987e-05
2366,97.89926822744633,0.00021679781059812534,0.1803343774622822,3.90960982093987e-05
2367,97.94062829006883,0.00021763515261214573,0.1796405485977399,3.90960982093987e-05
2368,97.9819883526913,0.0002184625053201317,0.17896022089515023,3.90960982093987e-05
2369,98.02334841531383,0.00021927865990368868,0.1782941314333572,3.90960982093987e-05
2370,98.0647084779363,0.00022008240239319556,0.17764300000483574,3.90960982093987e-05
2371,98.10606854055881,0.00022087255718396088,0.17700749567016716,3.90960982093987e-05
2372,98.14742860318131,0.00022164804123021135,0.17638819631522093,3.90960982093987e-05
2373,98.18878866580378,0.0002224079270750351,0.17578554291461299,3.90960982093987e-05
2374,98.23014872842629,0.00022315151205080645,0.17519979071662045,3.90960982093987e-05
2375,98.27150879104879,0.00022387839029052546,0.1746309599540356,3.90960982093987e-05
2376,98.31286885367129,0.00022458852367922318,0.17407878892885525,3.90960982093987e-05
2377,98.35422891629376,0.00022528230758496693,0.17354269240452141,3.90960982093987e-05
2378,98.3955889789163,0.00022596062716671042,0.1730217281639698,3.90960982093987e-05
2379,98.43694904153877,0.00022662490027097195,0.17251457435900508,3.90960982093987e-05
2380,98.47830910416127,0.00022727710339217496,0.1720195198983021,3.90960982093987e-05
2381,98.51966916678377,0.00022791977785984358,0.17153446961255095,3.90960982093987e-05
2382,98.56102922940624,0.00022855601429055465,0.17105696531659545,3.90960982093987e-05
2383,98.60238929202875,0.00022918941435446575,0.17058422318289287,3.90960982093987e-05
2384,98.64374935465125,0.0002298240299971596,0.17011318707570264,3.90960982093987e-05
2385,98.68510941727375,0.0002304642813655054,0.1696405967022462,3.90960982093987e-05
2386,98.72646947989622,0.00023111485574782057,0.16916306865214303,3.90960982093987e-05
2387,98.76782954251875,0.0002317805907960297,0.16867718765892628,3.90960982093987e-05
2388,98.80918960514123,0.0002324663460964714,0.1681796047724438,3.90960982093987e-05
2389,98.85054966776372,0.00023317686775605056,0.16766713862157634,3.90960982093987e-05
2390,98.89190973038623,0.000233916651039767,0.16713687561623036,3.90960982093987e-05
2391,98.9332697930087,0.00023468980621804946,0.16658626482087024,3.90960982093987e-05
2392,98.9746298556312,0.0002354999326552945,0.1660132033524798,3.90960982093987e-05
2393,99.01598991825371,0.00023635000580500624,0.1654161085219258,3.90960982093987e-05
2394,99.05734998087621,0.00023724228119690105,0.1647939735369118,3.90960982093987e-05
2395,99.09871004349868,0.00023817821874184576,0.1641464043854228,3.90960982093987e-05
2396,99.1400701061212,0.00023915842978533295,0.1634736364697289,3.90960982093987e-05
2397,99.18143016874369,0.00024018264835984997,0.1627765305960969,3.90960982093987e-05
2398,99.22279023136618,0.0002412497270728608,0.1620565489700684,3.90960982093987e-05
2399,99.26415029398869,0.00024235765707336152,0.1613157128250515,3.90960982093987e-05
2400,99.30551035661117,0.0002435036106152679,0.160556544153959,3.90960982093987e-05
2401,99.34687041923367,0.00024468400392392163,0.15978199466424728,3.90960982093987e-05
2402,99.38823048185617,0.00024589457740785024,0.158995365499876,3.90960982093987e-05
2403,99.42959054447867,0.0002471304897683497,0.15820022145404167,3.90960982093987e-05
2404,99.47095060710114,0.0002483864222582334,0.15740030334167254,3.90960982093987e-05
2405,99.51231066972365,0.0002496566892335333,0.15659944193535114,3.90960982093987e-05
2406,99.55367073234615,0.0002509353512205417,0.1558014764330195,3.90960982093987e-05
2407,99.59503079496862,0.0002522163269685352,0.15501017986942642,3.90960982093987e-05
2408,99.63639085759115,0.00025349350135177653,0.15422919325708667,3.90960982093987e-05
2409,99.67775092021363,0.0002547608264899506,0.1534619695973584,3.90960982093987e-05
2410,99.71911098283613,0.00025601241403805386,0.1527117282820021,3.90960982093987e-05
2411,99.76047104545863,0.00025724261721688955,0.15198141984551308,3.90960982093987e-05
2412,99.80183110808113,0.00025844610177335234,0.15127370055550124,3.90960982093987e-05
2413,99.8431911707036,0.0002596179056409422,0.15059091595735136,3.90960982093987e-05
2414,99.8845512333261,0.00026075348758131285,0.14993509222846751,3.90960982093987e-05
2415,99.92591129594861,0.000261848765502375,0.1493079340450207,3.90960982093987e-05
2416,99.96727135857108,0.00026290014544852784,0.14871082761364682,3.90960982093987e-05
2417,100.00863142119358,0.0002639045424343497,0.14814484756026683,3.90960982093987e-05
2418,100.04999148381609,0.000264859394344083,0.14761076648317162,3.90960982093987e-05
2419,100.09135154643859,0.0002657626700548187,0.1471090661503904,3.90960982093987e-05
2420,100.13271160906109,0.0002666128727776786,0.14663994953461945,3.90960982093987e-05
2421,100.17407167168356,0.0002674090393747178,0.14620335311333174,3.90960982093987e-05
2422,100.21543173430607,0.00026815073612796093,0.14579895910016125,3.90960982093987e-05
2423,100.25679179692857,0.00026883805114513937,0.1454262074987727,3.90960982093987e-05
2424,100.29815185955107,0.00026947158331710536,0.14508430806743614,3.90960982093987e-05
2425,100.33951192217354,0.00027005242752476863,0.1447722524390672,3.90960982093987e-05
2426,100.38087198479604,0.00027058215565470007,0.14448882674765398,3.90960982093987e-05
2427,100.42223204741855,0.0002710627929394573,0.14423262516198945,3.90960982093987e-05
2428,100.46359211004105,0.0002714967891998245,0.1440020647191653,3.90960982093987e-05
2429,100.50495217266352,0.00027188698472901946,0.1437954017856517,3.90960982093987e-05
2430,100.54631223528602,0.0002722365708119044,0.14361075035877988,3.90960982093987e-05
2431,100.58767229790853,0.0002725490451923844,0.14344610226684856,3.90960982093987e-05
2432,100.62903236053101,0.00027282816316225223,0.14329934914434792,3.90960982093987e-05
2433,100.67039242315353,0.00027307788530886435,0.1431683058669475,3.90960982093987e-05
2434,100.711752485776,0.00027330232329326565,0.14305073494544296,3.90960982093987e-05
2435,100.7531125483985,0.0002735056853010747,0.14294437121612946,3.90960982093987e-05
2436,100.794472611021,0.00027369222298586563,0.14284694604354087,3.90960982093987e-05
2437,100.8358326736435,0.0002738661817902837,0.14275621018201146,3.90960982093987e-05
2438,100.87719273626598,0.0002740317564703707,0.1426699544351018,3.90960982093987e-05
2439,100.91855279888848,0.00027419305346567313,0.1425860273090151,3.90960982093987e-05
2440,100.95991286151099,0.0002743540614596256,0.14250234897707956,3.90960982093987e-05
2441,101.00127292413347,0.00027451863108337454,0.142416921048702,3.90960982093987e-05
2442,101.04263298675599,0.0002746904642573143,0.14232783185649908,3.90960982093987e-05
2443,101.08399304937846,0.000274873113170784,0.14223325722333394,3.90960982093987e-05
2444,101.12535311200095,0.00027506998840525913,0.14213145692869492,3.90960982093987e-05
2445,101.16671317462347,0.0002752843752418933,0.14202076734302418,3.90960982093987e-05
2446,101.20807323724596,0.0002755194567886304,0.1418995909221466,3.90960982093987e-05
2447,101.24943329986844,0.00027577834223669,0.1417663834379134,3.90960982093987e-05
2448,101.29079336249094,0.0002760640983250459,0.14161963995537669,3.90960982093987e-05
2449,101.33215342511345,0.0002763797819595152,0.1414578806460076,3.90960982093987e-05
2450,101.37351348773593,0.00027672847189754655,0.14127963754981196,3.90960982093987e-05
2451,101.41487355035845,0.000277113297460964,0.14108344336996687,3.90960982093987e-05
2452,101.45623361298092,0.0002775374623609506,0.1408678233086688,3.90960982093987e-05
2453,101.49759367560341,0.00027800426189435423,0.14063129084062675,3.90960982093987e-05
2454,101.53895373822593,0.00027851709197815566,0.14037234818057429,3.90960982093987e-05
2455,101.5803138008484,0.00027907944871047964,0.14008949204266727,3.90960982093987e-05
2456,101.6216738634709,0.00027969491736748984,0.13978122511976335,3.90960982093987e-05
2457,101.6630339260934,0.0002803671499538669,0.13944607353547583,3.90960982093987e-05
2458,101.7043939887159,0.00028109983061575775,0.13908261034436592,3.90960982093987e-05
2459,101.7457540513384,0.00028189662839950654,0.1386894849767105,3.90960982093987e-05
2460,101.78711411396088,0.0002827611370038265,0.138265458342918,3.90960982093987e-05
2461,101.82847417658338,0.00028369680133984913,0.13780944312644638,3.90960982093987e-05
2462,101.86983423920587,0.000284706830897994,0.13732054860111953,3.90960982093987e-05
2463,101.91119430182839,0.000285794100142439,0.13679812910733047,3.90960982093987e-05
2464,101.95255436445086,0.0002869610364326518,0.13624183511260193,3.90960982093987e-05
2465,101.99391442707336,0.0002882094963245482,0.13565166556959388,3.90960982093987e-05
2466,102.03527448969587,0.0002895406315458703,0.13502802007670875,3.90960982093987e-05
2467,102.07663455231837,0.00029095474648056834,0.13437174915450217,3.90960982093987e-05
2468,102.11799461494084,0.000292451149632447,0.13368420079228524,3.90960982093987e-05
2469,102.15935467756334,0.00029402800226112396,0.1329672613109746,3.90960982093987e-05
2470,102.20071474018584,0.00029568216816741903,0.13222338855166263,3.90960982093987e-05
2471,102.24207480280833,0.0002974090694170231,0.13145563545198638,3.90960982093987e-05
2472,102.28343486543085,0.0002992025535795738,0.13066766222969745,3.90960982093987e-05
2473,102.32479492805332,0.00030105477876656456,0.12986373566158702,3.90960982093987e-05
2474,102.36615499067582,0.0003029561233054295,0.12904871432482456,3.90960982093987e-05
2475,102.40751505329833,0.0003048951272155658,0.12822801914363535,3.90960982093987e-05
2476,102.44887511592081,0.0003068584726816832,0.12740758913297037,3.90960982093987e-05
2477,102.4902351785433,0.0003088310103846343,0.126593822818202,3.90960982093987e-05
2478,102.5315952411658,0.0003107958377973027,0.12579350639469214,3.90960982093987e-05
2479,102.5729553037883,0.0003127344343520443,0.12501373022897866,3.90960982093987e-05
2480,102.61431536641079,0.0003146268567318068,0.1242617957523088,3.90960982093987e-05
2481,102.65567542903328,0.0003164519954560389,0.12354511512261859,3.90960982093987e-05
2482,102.69703549165578,0.0003181878914867324,0.12287110620936029,3.90960982093987e-05
2483,102.73839555427828,0.00031981210886472604,0.12224708547835364,3.90960982093987e-05
2484,102.77975561690079,0.0003213021565291061,0.12168016122810264,3.90960982093987e-05
2485,102.82111567952327,0.00032263594962588524,0.12117712937672585,3.90960982093987e-05
2486,102.86247574214576,0.00032379229794656444,0.12074437365354115,3.90960982093987e-05
2487,102.90383580476826,0.0003247514068283123,0.1203877716534968,3.90960982093987e-05
2488,102.94519586739077,0.000325495374065616,0.12011260781087904,3.90960982093987e-05
2489,102.98655593001325,0.0003260086652788032,0.11992349398431984,3.90960982093987e-05
2490,103.02791599263574,0.00032627854987639165,0.11982429805517397,3.90960982093987e-05
2491,103.06927605525824,0.0003262954803132458,0.1198180807526546,3.90960982093987e-05
2492,103.11063611788073,0.00032605339880843997,0.11990704084752725,3.90960982093987e-05
2493,103.15199618050323,0.00032554995801690594,0.12009246890263284,3.90960982093987e-05
2494,103.19335624312572,0.0003247866452586849,0.12037470992152274,3.90960982093987e-05
2495,103.23471630574822,0.0003237688036581381,0.12075313547095046,3.90960982093987e-05
2496,103.27607636837071,0.00032250554774574416,0.12122612613232052,3.90960982093987e-05
2497,103.31743643099323,0.00032100957550424444,0.1217910654159965,3.90960982093987e-05
2498,103.35879649361571,0.00031929688325539916,0.12244434649907472,3.90960982093987e-05
2499,103.4001565562382,0.000317386393935718,0.12318139326828563,3.90960982093987e-05
2500,103.4415166188607,0.00031529951296212385,0.12399669711540348,3.90960982093987e-05
2501,103.48287668148319,0.0003130596288350816,0.12488387070181557,3.90960982093987e-05
2502,103.52423674410569,0.00031069157770166183,0.1258357194572564,3.90960982093987e-05
2503,103.56559680672818,0.0003082210921957915,0.12684433090180494,3.90960982093987e-05
2504,103.60695686935068,0.00030567425493973634,0.12790118100429,3.90960982093987e-05
2505,103.64831693197317,0.00030307697614717714,0.12899725576783258,3.90960982093987e-05
2506,103.68967699459569,0.0003004545128953644,0.13012318514588003,3.90960982093987e-05
2507,103.73103705721816,0.00029783104496755076,0.13126938534449387,3.90960982093987e-05
2508,103.77239711984065,0.0002952293188889182,0.13242620467552155,3.90960982093987e-05
2509,103.81375718246316,0.0002926703680998674,0.13358406750647886,3.90960982093987e-05
2510,103.85511724508565,0.000290173313355332,0.1347336106043754,3.90960982093987e-05
2511,103.89647730770815,0.000287755243630414,0.13586580635733886,3.90960982093987e-05
2512,103.93783737033064,0.0002854311742531269,0.1369720680009794,3.90960982093987e-05
2513,103.97919743295314,0.0002832140758493775,0.138044333044348,3.90960982093987e-05
2514,104.02055749557563,0.0002811149651029603,0.13907512250398868,3.90960982093987e-05
2515,104.06191755819815,0.0002791430463911072,0.14005757519254547,3.90960982093987e-05
2516,104.10327762082062,0.0002773058920918054,0.14098545802429424,3.90960982093987e-05
2517,104.14463768344311,0.0002756096487666292,0.14185315493980796,3.90960982093987e-05
2518,104.18599774606562,0.0002740592564590531,0.14265563847225868,3.90960982093987e-05
2519,104.22735780868811,0.00027265866893930754,0.14338842906220342,3.90960982093987e-05
2520,104.2687178713106,0.0002714110637812166,0.14404754789551955,3.90960982093987e-05
2521,104.3100779339331,0.00027031903257088337,0.14462946925184367,3.90960982093987e-05
2522,104.3514379965556,0.0002693847432195779,0.14513107810835124,3.90960982093987e-05
2523,104.39279805917809,0.00026861006818536124,0.145549638081397,3.90960982093987e-05
2524,104.43415812180059,0.00026799667431435294,0.14588277376733422,3.90960982093987e-05
2525,104.47551818442308,0.0002675460719190735,0.14612847024427392,3.90960982093987e-05
2526,104.51687824704557,0.00026725962255892086,0.1462850910102571,3.90960982093987e-05
2527,104.55823830966808,0.00026713850672866705,0.1463514140591819,3.90960982093987e-05
2528,104.59959837229057,0.00026718365425753654,0.14632668423538453,3.90960982093987e-05
2529,104.64095843491306,0.0002673956416438044,0.14621067856251113,3.90960982093987e-05
2530,104.68231849753556,0.0002677745617729593,0.14600378001009484,3.90960982093987e-05
2531,104.72367856015806,0.0002683198724696136,0.1457070542317965,3.90960982093987e-05
2532,104.76503862278055,0.00026903023109439044,0.14532232325846556,3.90960982093987e-05
2533,104.80639868540304,0.00026990332290297546,0.14485223000923528,3.90960982093987e-05
2534,104.84775874802554,0.0002709356911208652,0.14430028781980522,3.90960982093987e-05
2535,104.88911881064803,0.0002721225766517594,0.1436709099643384,3.90960982093987e-05
2536,104.93047887327054,0.00027345777502926256,0.1429694153154543,3.90960982093987e-05
2537,104.97183893589303,0.00027493351765672986,0.14220200775306124,3.90960982093987e-05
2538,105.01319899851552,0.000276540383578928,0.1413757285768724,3.90960982093987e-05
2539,105.05455906113802,0.0002782672470283617,0.14049838285644134,3.90960982093987e-05
2540,105.09591912376051,0.0002801012648308218,0.13957844222164556,3.90960982093987e-05
2541,105.13727918638301,0.0002820279064907799,0.1386249279224318,3.90960982093987e-05
2542,105.1786392490055,0.0002840310284609879,0.1376472789653987,3.90960982093987e-05
2543,105.219999311628,0.0002860929927878175,0.13665521070064987,3.90960982093987e-05
2544,105.26135937425049,0.00028819482906275993,0.13565856936622822,3.90960982093987e-05
2545,105.30271943687299,0.0002903164374436222,0.13466718782325557,3.90960982093987e-05
2546,105.34407949949548,0.00029243682946591444,0.13369074709502562,3.90960982093987e-05
2547,105.38543956211798,0.00029453440246449565,0.13273864744581576,3.90960982093987e-05
2548,105.42679962474047,0.0002965872426691882,0.13181989170385955,3.90960982093987e-05
2549,105.46815968736297,0.0002985734514201916,0.13094298245016286,3.90960982093987e-05
2550,105.50951974998547,0.000300471488449493,0.1301158336557795,3.90960982093987e-05
2551,105.55087981260796,0.0003022605257697129,0.12934569643138036,3.90960982093987e-05
2552,105.59223987523046,0.0003039208053754529,0.12863909781069705,3.90960982093987e-05
2553,105.63359993785295,0.00030543399367197513,0.12800179095777556,3.90960982093987e-05
2554,105.67496000047545,0.0003067835252854337,0.12743871488217434,3.90960982093987e-05
2555,105.71632006309794,0.00030795492867502375,0.1269539616644867,3.90960982093987e-05
2556,105.75768012572043,0.00030893612576948754,0.12655074932405355,3.90960982093987e-05
2557,105.79904018834293,0.00030971769771486065,0.12623139877977602,3.90960982093987e-05
2558,105.84040025096543,0.0003102931087855546,0.12599731383792426,3.90960982093987e-05
2559,105.88176031358792,0.00031065888063032984,0.12584896375752191,3.90960982093987e-05
2560,105.9231203762104,0.0003108147093570111,0.125785868662,3.90960982093987e-05
2561,105.96448043883292,0.00031076351856743387,0.12580658884808923,3.90960982093987e-05
2562,106.00584050145541,0.000310511442393093,0.1259087198464811,3.90960982093987e-05
2563,106.04720056407791,0.0003100677338963275,0.12608889586193012,3.90960982093987e-05
2564,106.0885606267004,0.0003094445959171684,0.1263428049002474,3.90960982093987e-05
2565,106.12992068932289,0.00030865693355603774,0.12666521940386177,3.90960982093987e-05
2566,106.17128075194539,0.00030772202995728564,0.1270500464813181,3.90960982093987e-05
2567,106.21264081456789,0.00030665914982439815,0.12749040174338921,3.90960982093987e-05
2568,106.25400087719038,0.00030548907805395836,0.1279787102650301,3.90960982093987e-05
2569,106.29536093981287,0.00030423360388436276,0.12850683721400769,3.90960982093987e-05
2570,106.33672100243538,0.00030291496385700115,0.12906624919280985,3.90960982093987e-05
2571,106.37808106505787,0.0003015552595045233,0.12964820535259894,3.90960982093987e-05
2572,106.41944112768034,0.0003001758678328624,0.1302439749459386,3.90960982093987e-05
2573,106.46080119030286,0.0002987968641785044,0.13084507535541698,3.90960982093987e-05
2574,106.50216125292535,0.0002974364777530973,0.13144352200758797,3.90960982093987e-05
2575,106.54352131554785,0.0002961106000230533,0.13203207925131666,3.90960982093987e-05
2576,106.58488137817035,0.0002948323649498584,0.13260449956383757,3.90960982093987e-05
2577,106.62624144079284,0.00029361181803356324,0.13315573763767766,3.90960982093987e-05
2578,106.66760150341533,0.00029245568811230726,0.13368212621115177,3.90960982093987e-05
2579,106.70896156603783,0.0002913672720936858,0.13418150202136567,3.90960982093987e-05
2580,106.75032162866033,0.00029034643840122513,0.13465327291314116,3.90960982093987e-05
2581,106.7916816912828,0.00028938975013007343,0.13509842070020098,3.90960982093987e-05
2582,106.83304175390532,0.00028849070397074647,0.13551943848202166,3.90960982093987e-05
2583,106.87440181652781,0.00028764007614237624,0.135920205326489,3.90960982093987e-05
2584,106.91576187915031,0.00028682636213943867,0.1363058050793546,3.90960982093987e-05
2585,106.9571219417728,0.0002860362932767937,0.1366822991639243,3.90960982093987e-05
2586,106.9984820043953,0.0002852554100189263,0.13705646531578397,3.90960982093987e-05
2587,107.03984206701779,0.0002844686700481641,0.13743551514048716,3.90960982093987e-05
2588,107.08120212964029,0.0002836610680522772,0.1378268032262838,3.90960982093987e-05
2589,107.12256219226279,0.00028281824431498236,0.13823753946317663,3.90960982093987e-05
2590,107.16392225488526,0.0002819270603301262,0.13867451447767593,3.90960982093987e-05
2591,107.20528231750778,0.00028097612172904416,0.13914384599236707,3.90960982093987e-05
2592,107.24664238013027,0.0002799562316555688,0.1396507517557201,3.90960982093987e-05
2593,107.28800244275277,0.0002788607611557157,0.14019935270694991,3.90960982093987e-05
2594,107.32936250537526,0.00027768592695366086,0.14079250842237642,3.90960982093987e-05
2595,107.37072256799775,0.0002764309709445751,0.1414316857326292,3.90960982093987e-05
2596,107.41208263062025,0.0002750982396352657,0.1421168607303107,3.90960982093987e-05
2597,107.45344269324275,0.0002736931654166062,0.14284645416661387,3.90960982093987e-05
2598,107.49480275586524,0.0002722241548002774,0.1436173003754289,3.90960982093987e-05
2599,107.53616281848772,0.0002707023914788968,0.14442465024342618,3.90960982093987e-05
2600,107.57752288111024,0.0002691415642008897,0.1452622092224188,3.90960982093987e-05
2601,107.61888294373273,0.00026755753095916723,0.1461222118070946,3.90960982093987e-05
2602,107.66024300635523,0.00026596793188887204,0.1469955341297838,3.90960982093987e-05
2603,107.70160306897772,0.0002643917636014787,0.14787184622108265,3.90960982093987e-05
2604,107.7429631316002,0.000262848927525158,0.14873980494235306,3.90960982093987e-05
2605,107.78432319422271,0.0002613597642694934,0.14958728754088527,3.90960982093987e-05
2606,107.82568325684521,0.00025994458518897255,0.15040166418922293,3.90960982093987e-05
2607,107.8670433194677,0.0002586232112883827,0.15117010578684623,3.90960982093987e-05
2608,107.90840338209019,0.0002574145284896442,0.15187992083738014,3.90960982093987e-05
2609,107.94976344471269,0.00025633606714568525,0.15251891255388164,3.90960982093987e-05
2610,107.99112350733519,0.0002554036126039451,0.15307574474298885,3.90960982093987e-05
2611,108.03248356995766,0.00025463085263156197,0.15354030277693326,3.90960982093987e-05
2612,108.07384363258016,0.0002540290666332658,0.15390403439871142,3.90960982093987e-05
2613,108.11520369520267,0.00025360686082015525,0.15416025450953244,3.90960982093987e-05
2614,108.15656375782517,0.0002533699528018221,0.1543043986750016,3.90960982093987e-05
2615,108.19792382044767,0.0002533210084437931,0.154334211953342,3.90960982093987e-05
2616,108.23928388307016,0.0002534595332167564,0.15424986274224714,3.90960982093987e-05
2617,108.28064394569265,0.0002537818196222403,0.15405397544865146,3.90960982093987e-05
2618,108.32200400831515,0.00025428095157492043,0.15375158055391958,3.90960982093987e-05
2619,108.36336407093765,0.0002549468658268282,0.15334998562388524,3.90960982093987e-05
2620,108.40472413356012,0.0002557664696211092,0.1528585755095866,3.90960982093987e-05
2621,108.44608419618262,0.0002567238127643129,0.15228855394606947,3.90960982093987e-05
2622,108.48744425880513,0.00025780031122662285,0.15165264162552056,3.90960982093987e-05
2623,108.52880432142763,0.00025897501825469587,0.1509647473832731,3.90960982093987e-05
2624,108.5701643840501,0.00026022493786046494,0.1502396293408374,3.90960982093987e-05
2625,108.61152444667262,0.00026152537448884247,0.14949256180518986,3.90960982093987e-05
2626,108.6528845092951,0.00026285031173013527,0.1487390216586013,3.90960982093987e-05
2627,108.69424457191761,0.0002641728121874387,0.1479944051988924,3.90960982093987e-05
2628,108.73560463454011,0.00026546543008878115,0.14727378324297655,3.90960982093987e-05
2629,108.77696469716258,0.0002667006279860398,0.14659169910707953,3.90960982093987e-05
2630,108.81832475978509,0.0002678511889310465,0.14596201109065562,3.90960982093987e-05
2631,108.85968482240759,0.00026889061586693187,0.14539777851059893,3.90960982093987e-05
2632,108.90104488503009,0.0002697935106028356,0.14491118827150837,3.90960982093987e-05
2633,108.94240494765256,0.000270535925617572,0.14451351745669713,3.90960982093987e-05
2634,108.98376501027508,0.00027109568301134253,0.14421512646427107,3.90960982093987e-05
2635,109.02512507289757,0.00027145265613053656,0.1440254767321124,3.90960982093987e-05
2636,109.06648513552004,0.00027158901065977583,0.14395316700930527,3.90960982093987e-05
2637,109.10784519814256,0.00027148940323520117,0.14400598234594197,3.90960982093987e-05
2638,109.14920526076504,0.0002711411368176557,0.14419095039677102,3.90960982093987e-05
2639,109.19056532338755,0.00027053427311567966,0.14451440018722259,3.90960982093987e-05
2640,109.23192538601005,0.00026966170322164864,0.14498201910882255,3.90960982093987e-05
2641,109.27328544863255,0.00026851917829259303,0.14559890454750862,3.90960982093987e-05
2642,109.31464551125502,0.00026710530255946003,0.14636960717279493,3.90960982093987e-05
2643,109.35600557387752,0.00026542149119406747,0.1472981635116085,3.90960982093987e-05
2644,109.39736563650003,0.0002634718956234593,0.1483881159957678,3.90960982093987e-05
2645,109.4387256991225,0.0002612632987988835,0.149642519210072,3.90960982093987e-05
2646,109.48008576174502,0.0002588049827449989,0.1510639315933116,3.90960982093987e-05
2647,109.5214458243675,0.000256108570492927,0.15265439237020156,3.90960982093987e-05
2648,109.56280588699,0.0002531878442890375,0.15441538403702695,3.90960982093987e-05
2649,109.60416594961251,0.00025005854182432157,0.15634778130021104,3.90960982093987e-05
2650,109.645526012235,0.00024673813218685335,0.15845178798626658,3.90960982093987e-05
2651,109.68688607485748,0.00024324557333360442,0.1607268641052699,3.90960982093987e-05
2652,109.72824613747999,0.0002396010531208019,0.16317164595135253,3.90960982093987e-05
2653,109.76960620010249,0.00023582571632324082,0.16578386284136454,3.90960982093987e-05
2654,109.81096626272496,0.00023194138059110466,0.16856025479266334,3.90960982093987e-05
2655,109.85232632534748,0.00022797024490257188,0.17149649607170128,3.90960982093987e-05
2656,109.89368638796996,0.00022393459472251634,0.17458713004055396,3.90960982093987e-05
2657,109.93504645059247,0.00021985650871234256,0.17782552101084956,3.90960982093987e-05
2658,109.97640651321497,0.0002157575723894328,0.1812038287992599,3.90960982093987e-05
2659,110.01776657583744,0.00021165860454430837,0.18471301128329215,3.90960982093987e-05
2660,110.05912663845994,0.0002075794024309501,0.18834285941450166,3.90960982093987e-05
2661,110.10048670108245,0.00020353851170610112,0.19208206781943757,3.90960982093987e-05
2662,110.14184676370495,0.0001995530267762551,0.19591834231226388,3.90960982093987e-05
2663,110.18320682632742,0.00019563842660528952,0.19983854341804266,3.90960982093987e-05
2664,110.22456688894992,0.00019180845015086002,0.20382886248571988,3.90960982093987e-05
2665,110.26592695157242,0.00018807501446451005,0.20787502433916427,3.90960982093987e-05
2666,110.30728701419493,0.00018444817715682963,0.21196250790896515,3.90960982093987e-05
2667,110.34864707681743,0.0001809361434604758,0.21607677416833507,3.90960982093987e-05
2668,110.3900071394399,0.00017754531659571924,0.2202034892219812,3.90960982093987e-05
2669,110.4313672020624,0.00017428038863535433,0.22432872978725793,3.90960982093987e-05
2670,110.4727272646849,0.00017114446766023535,0.22843915870546427,3.90960982093987e-05
2671,110.51408732730741,0.00016813923576519747,0.23252215957491026,3.90960982093987e-05
2672,110.55544738992988,0.00016526513148169275,0.2365659220361893,3.90960982093987e-05
2673,110.59680745255238,0.00016252154947302326,0.2405594724894511,3.90960982093987e-05
2674,110.63816751517489,0.00015990704995912875,0.24449264881936988,3.90960982093987e-05
2675,110.67952757779736,0.00015741957024756768,0.2483560217316931,3.90960982093987e-05
2676,110.72088764041986,0.00015505663097512684,0.25214076923721007,3.90960982093987e-05
2677,110.76224770304236,0.00015281553017025863,0.25583851435675414,3.90960982093987e-05
2678,110.80360776566486,0.0001506935189893872,0.25944113901907156,3.90960982093987e-05
2679,110.84496782828737,0.00014868795390633507,0.2629405892156335,3.90960982093987e-05
2680,110.88632789090987,0.0001467964211884833,0.2663286876673934,3.90960982093987e-05
2681,110.92768795353234,0.00014501683061850516,0.26959697052163933,3.90960982093987e-05
2682,110.96904801615484,0.0001433474765654047,0.2727365639503284,3.90960982093987e-05
2683,111.01040807877735,0.00014178706562933448,0.2757381150097662,3.90960982093987e-05
2684,111.05176814139982,0.00014033471114897352,0.27859178879768315,3.90960982093987e-05
2685,111.09312820402232,0.00013898989584496484,0.2812873408654693,3.90960982093987e-05
2686,111.13448826664482,0.00013775240476871038,0.2838142700669509,3.90960982093987e-05
2687,111.17584832926732,0.00013662223152827806,0.28616205263274885,3.90960982093987e-05
2688,111.2172083918898,0.00013559946147754091,0.2883204533660638,3.90960982093987e-05
2689,111.25856845451231,0.00013468413618462641,0.29027990464894365,3.90960982093987e-05
2690,111.2999285171348,0.0001338761040464989,0.2920319386932528,3.90960982093987e-05
2691,111.3412885797573,0.00013317486238663444,0.29356965352736436,3.90960982093987e-05
2692,111.3826486423798,0.00013257939675497828,0.2948881890121488,3.90960982093987e-05
2693,111.42400870500228,0.00013208802342696549,0.29598518620437864,3.90960982093987e-05
2694,111.46536876762478,0.00013169824124934537,0.29686120208224903,3.90960982093987e-05
2695,111.50672883024728,0.0001314065989747525,0.29752005237507395,3.90960982093987e-05
2696,111.54808889286979,0.00013120858403428768,0.2979690581767275,3.90960982093987e-05
2697,111.58944895549226,0.00013109853828919375,0.2982191771135967,3.90960982093987e-05
2698,111.63080901811476,0.00013106960565811466,0.29828500675723385,3.90960982093987e-05
2699,111.67216908073726,0.00013111371562653335,0.29818465614048134,3.90960982093987e-05
2700,111.71352914335974,0.00013122160551746003,0.29793948988222574,3.90960982093987e-05
2701,111.75488920598227,0.00013138288306363313,0.2975737576900573,3.90960982093987e-05
2702,111.79624926860474,0.0001315861293176325,0.29711412906618445,3.90960982093987e-05
2703,111.83760933122724,0.00013181904033139413,0.29658915822107945,3.90960982093987e-05
2704,111.87896939384974,0.00013206860441067485,0.29602870707883877,3.90960982093987e-05
2705,111.92032945647225,0.00013232131019090234,0.2954633547158357,3.90960982093987e-05
2706,111.96168951909472,0.00013256337938090875,0.2949238197757439,3.90960982093987e-05
2707,112.00304958171722,0.00013278101686609207,0.29444041875975846,3.90960982093987e-05
2708,112.04440964433972,0.000132960670028028,0.29404257816358237,3.90960982093987e-05
2709,112.0857697069622,0.00013308928867769985,0.2937584128507673,3.90960982093987e-05
2710,112.12712976958473,0.00013315457694726283,0.29361437740801877,3.90960982093987e-05
2711,112.1684898322072,0.00013314522884395655,0.29363499202227156,3.90960982093987e-05
2712,112.2098498948297,0.00013305113991765312,0.2938426400074116,3.90960982093987e-05
2713,112.2512099574522,0.00013286358858089248,0.29425743070002575,3.90960982093987e-05
2714,112.29257002007468,0.00013257538197843576,0.2948971191028356,3.90960982093987e-05
2715,112.33393008269718,0.00013218096284575777,0.29577707233847295,3.90960982093987e-05
2716,112.37529014531968,0.00013167647542946306,0.29691027255921537,3.90960982093987e-05
2717,112.41665020794218,0.0001310597901720722,0.29830734627354666,3.90960982093987e-05
2718,112.45801027056466,0.00013033048840065687,0.29997661091555966,3.90960982093987e-05
2719,112.49937033318719,0.00012948980962740087,0.3019241307242274,3.90960982093987e-05
2720,112.54073039580966,0.0001285405652108782,0.3041537754658174,3.90960982093987e-05
2721,112.58209045843216,0.0001274870230011309,0.3066672771004457,3.90960982093987e-05
2722,112.62345052105466,0.00012633476818056712,0.3094642810720136,3.90960982093987e-05
2723,112.66481058367714,0.00012509054581812077,0.3125423904236829,3.90960982093987e-05
2724,112.70617064629964,0.00012376209069485356,0.3158972023654126,3.90960982093987e-05
2725,112.74753070892214,0.000122357949767475,0.31952233821909926,3.90960982093987e-05
2726,112.78889077154464,0.00012088730225499028,0.3234094688202441,3.90960982093987e-05
2727,112.83025083416712,0.00011935978180945304,0.32754833844964665,3.90960982093987e-05
2728,112.87161089678962,0.00011778530461339619,0.3319267911877705,3.90960982093987e-05
2729,112.91297095941212,0.00011617390657965259,0.3365308042094044,3.90960982093987e-05
2730,112.95433102203461,0.00011453559215453136,0.3413445329435261,3.90960982093987e-05
2731,112.99569108465712,0.0001128801965760225,0.34635037318586065,3.90960982093987e-05
2732,113.0370511472796,0.00011121726284063439,0.3515290451395153,3.90960982093987e-05
2733,113.0784112099021,0.00010955593410245491,0.35685970394663125,3.90960982093987e-05
2734,113.1197712725246,0.00010790486177584895,0.3623200805410708,3.90960982093987e-05
2735,113.1611313351471,0.0001062721292415622,0.36788665559274897,3.90960982093987e-05
2736,113.20249139776958,0.00010466519076172831,0.37353486794288165,3.90960982093987e-05
2737,113.24385146039208,0.00010309082498587977,0.3792393572828004,3.90960982093987e-05
2738,113.28521152301458,0.00010155510226698638,0.3849742389763522,3.90960982093987e-05
2739,113.32657158563707,0.00010006336489302829,0.3907134069616186,3.90960982093987e-05
2740,113.36793164825956,9.862021926357393e-05,0.396430858715796,3.90960982093987e-05
2741,113.40929171088206,9.722953899151785e-05,0.4021010344686442,3.90960982093987e-05
2742,113.45065177350456,9.589447787796158e-05,0.4076991613547723,3.90960982093987e-05
2743,113.49201183612706,9.461749168581296e-05,0.4132015921455759,3.90960982093987e-05
2744,113.53337189874956,9.340036762027433e-05,0.41858612771575593,3.90960982093987e-05
2745,113.57473196137204,9.224426040944477e-05,0.42383231255649706,3.90960982093987e-05
2746,113.61609202399454,9.114973386600513e-05,0.4289216934727644,3.90960982093987e-05
2747,113.65745208661704,9.011680680344464e-05,0.43383803306160074,3.90960982093987e-05
2748,113.69881214923952,8.91450021812886e-05,0.43856747156606063,3.90960982093987e-05
2749,113.74017221186202,8.823339836768268e-05,0.44309863308765474,3.90960982093987e-05
2750,113.78153227448452,8.738068143901902e-05,0.44742267473254915,3.90960982093987e-05
2751,113.82289233710702,8.658519748905454e-05,0.4515332798581529,3.90960982093987e-05
2752,113.86425239972951,8.584500399627986e-05,0.45542659897939963,3.90960982093987e-05
2753,113.90561246235202,8.515791939893353e-05,0.45910114391414214,3.90960982093987e-05
2754,113.9469725249745,8.45215701503672e-05,0.4625576422662902,3.90960982093987e-05
2755,113.988332587597,8.393343466937735e-05,0.4657988602921155,3.90960982093987e-05
2756,114.0296926502195,8.339088375502917e-05,0.46882940255493905,3.90960982093987e-05
2757,114.07105271284198,8.28912171958578e-05,0.4716554965892381,3.90960982093987e-05
2758,114.11241277546448,8.243169646102889e-05,0.47428477015370063,3.90960982093987e-05
2759,114.15377283808698,8.200957350752808e-05,0.47672602767297495,3.90960982093987e-05
2760,114.19513290070948,8.162211586522544e-05,0.4789890312811082,3.90960982093987e-05
2761,114.23649296333195,8.12666282641462e-05,0.4810842906183103,3.90960982093987e-05
2762,114.27785302595446,8.094047114114982e-05,0.48302286431246627,3.90960982093987e-05
2763,114.31921308857696,8.06410764044397e-05,0.4848161749890315,3.90960982093987e-05
2764,114.36057315119945,8.036596084393682e-05,0.4864758387611351,3.90960982093987e-05
2765,114.40193321382196,8.011273755662235e-05,0.48801350948425937,3.90960982093987e-05
2766,114.44329327644444,7.98791257128241e-05,0.4894407376209184,3.90960982093987e-05
2767,114.48465333906694,7.966295892863346e-05,0.4907688433268362,3.90960982093987e-05
2768,114.52601340168944,7.94621924381867e-05,0.4920088033036767,3.90960982093987e-05
2769,114.56737346431194,7.927490918493856e-05,0.49317115101566805,3.90960982093987e-05
2770,114.60873352693442,7.909932488029511e-05,0.4942658899878697,3.90960982093987e-05
2771,114.65009358955692,7.893379201713186e-05,0.4953024200448048,3.90960982093987e-05
2772,114.69145365217942,7.877680277932964e-05,0.496289476470822,3.90960982093987e-05
2773,114.7328137148019,7.86269907596654e-05,0.49723508214757317,3.90960982093987e-05
2774,114.77417377742442,7.848313138805728e-05,0.4981465127339188,3.90960982093987e-05
2775,114.8155338400469,7.834414097990293e-05,0.4990302748922571,3.90960982093987e-05
2776,114.8568939026694,7.820907433792183e-05,0.4998920974371113,3.90960982093987e-05
2777,114.8982539652919,7.807712087722818e-05,0.5007369350987607,3.90960982093987e-05
2778,114.93961402791439,7.794759928828606e-05,0.5015689843737631,3.90960982093987e-05
2779,114.98097409053688,7.78199508019076e-05,0.5023917106927847,3.90960982093987e-05
2780,115.02233415315938,7.769373116983135e-05,0.503207885896717,3.90960982093987e-05
2781,115.06369421578188,7.756860152036089e-05,0.5040196347891668,3.90960982093987e-05
2782,115.10505427840437,7.744431828776576e-05,0.5048284893428379,3.90960982093987e-05
2783,115.14641434102688,7.732072244442745e-05,0.5056354489897343,3.90960982093987e-05
2784,115.18777440364936,7.719772828488448e-05,0.5064410453261203,3.90960982093987e-05
2785,115.22913446627186,7.7075312020449e-05,0.507245409516163,3.90960982093987e-05
2786,115.27049452889436,7.695350044236584e-05,0.5080483406817815,3.90960982093987e-05
2787,115.31185459151683,7.683235990138819e-05,0.5088493736177994,3.90960982093987e-05
2788,115.35321465413934,7.671198583351751e-05,0.5096478442657728,3.90960982093987e-05
2789,115.39457471676184,7.659249303687045e-05,0.510442951511951,3.90960982093987e-05
2790,115.43593477938434,7.647400687488068e-05,0.5112338140378068,3.90960982093987e-05
2791,115.47729484200683,7.635665554761821e-05,0.5120195211407242,3.90960982093987e-05
2792,115.51865490462932,7.624056353711766e-05,0.5127991766530529,3.90960982093987e-05
2793,115.56001496725182,7.61258462957766e-05,0.5135719353121689,3.90960982093987e-05
2794,115.6013750298743,7.601260620935844e-05,0.5143370311724071,3.90960982093987e-05
2795,115.64273509249682,7.590092982947446e-05,0.5150937978920067,3.90960982093987e-05
2796,115.6840951551193,7.579088633485518e-05,0.5158416809729134,3.90960982093987e-05
2797,115.7254552177418,7.568252714725092e-05,0.5165802422708716,3.90960982093987e-05
2798,115.7668152803643,7.557588659717216e-05,0.517309157321372,3.90960982093987e-05
2799,115.8081753429868,7.547098350760425e-05,0.5180282062371625,3.90960982093987e-05
2800,115.84953540560927,7.536782354123358e-05,0.5187372591170728,3.90960982093987e-05
2801,115.89089546823178,7.526640213929573e-05,0.5194362570572119,3.90960982093987e-05
2802,115.93225553085428,7.516670786862594e-05,0.5201251899674741,3.90960982093987e-05
2803,115.97361559347677,7.506872598843536e-05,0.5208040724631668,3.90960982093987e-05
2804,116.01497565609927,7.497244204994796e-05,0.5214729191207643,3.90960982093987e-05
2805,116.05633571872175,7.48778453505245e-05,0.5221317203557173,3.90960982093987e-05
2806,116.09769578134426,7.47849320787257e-05,0.5227804201017718,3.90960982093987e-05
2807,116.13905584396676,7.46937080077189e-05,0.5234188963461084,3.90960982093987e-05
2808,116.18041590658926,7.460419062016816e-05,0.5240469454115307,3.90960982093987e-05
2809,116.22177596921173,7.451641057757159e-05,0.5246642706803444,3.90960982093987e-05
2810,116.26313603183424,7.443041247919264e-05,0.5252704762361514,3.90960982093987e-05
2811,116.30449609445674,7.434625488924167e-05,0.5258650656666249,3.90960982093987e-05
2812,116.34585615707923,7.426400964386506e-05,0.5264474460359067,3.90960982093987e-05
2813,116.38721621970171,7.418376048082303e-05,0.5270169368066114,3.90960982093987e-05
2814,116.42857628232422,7.410560106278529e-05,0.5275727832809141,3.90960982093987e-05
2815,116.46993634494672,7.402963248911136e-05,0.5281141739444559,3.90960982093987e-05
2816,116.5112964075692,7.395596040958334e-05,0.5286402609455202,3.90960982093987e-05
2817,116.5526564701917,7.388469186651707e-05,0.5291501828285515,3.90960982093987e-05
2818,116.5940165328142,7.381593199830682e-05,0.529643088571929,3.90960982093987e-05
2819,116.6353765954367,7.374978073783297e-05,0.5301181619560091,3.90960982093987e-05
2820,116.6767366580592,7.368632963356166e-05,0.530574645308317,3.90960982093987e-05
2821,116.71809672068169,7.36256589098221e-05,0.5310118617380964,3.90960982093987e-05
2822,116.75945678330417,7.356783486686105e-05,0.5314292350747121,3.90960982093987e-05
2823,116.80081684592668,7.351290770129021e-05,0.5318263068611083,3.90960982093987e-05
2824,116.84217690854918,7.346090980528006e-05,0.5322027499118809,3.90960982093987e-05
2825,116.88353697117167,7.341185457894013e-05,0.5325583781207771,3.90960982093987e-05
2826,116.92489703379415,7.336573576676258e-05,0.5328931523795976,3.90960982093987e-05
2827,116.96625709641665,7.332252730656709e-05,0.5332071826429949,3.90960982093987e-05
2828,117.00761715903914,7.328218365957611e-05,0.5335007263295414,3.90960982093987e-05
2829,117.04897722166166,7.324464057404089e-05,0.5337741833803878,3.90960982093987e-05
2830,117.09033728428415,7.320981622273767e-05,0.5340280883980166,3.90960982093987e-05
2831,117.13169734690663,7.317761264726539e-05,0.5342631003535437,3.90960982093987e-05
2832,117.17305740952914,7.314791743934008e-05,0.5344799903814106,3.90960982093987e-05
2833,117.21441747215162,7.312060559082704e-05,0.5346796281772493,3.90960982093987e-05
2834,117.25577753477413,7.309554144946358e-05,0.5348629674824799,3.90960982093987e-05
2835,117.29713759739661,7.307258072539043e-05,0.5350310310829631,3.90960982093987e-05
2836,117.33849766001912,7.305157250321307e-05,0.5351848956800912,3.90960982093987e-05
2837,117.3798577226416,7.303236122486446e-05,0.5353256769149636,3.90960982093987e-05
2838,117.42121778526412,7.301478861845276e-05,0.5354545147517976,3.90960982093987e-05
2839,117.46257784788659,7.299869555678126e-05,0.5355725593615329,3.90960982093987e-05
2840,117.5039379105091,7.298392383595891e-05,0.53568095759379,3.90960982093987e-05
2841,117.5452979731316,7.297031786841021e-05,0.5357808400931182,3.90960982093987e-05
2842,117.58665803575408,7.29577262863018e-05,0.5358733090992613,3.90960982093987e-05
2843,117.62801809837659,7.294600345055498e-05,0.5359594269739428,3.90960982093987e-05
2844,117.66937816099907,7.293501085813159e-05,0.5360402055118065,3.90960982093987e-05
2845,117.71073822362158,7.292461843640874e-05,0.5361165961189229,3.90960982093987e-05
2846,117.75209828624406,7.291470570957301e-05,0.5361894809686621,3.90960982093987e-05
2847,117.79345834886658,7.290516281825932e-05,0.5362596652703308,3.90960982093987e-05
2848,117.83481841148905,7.289589137134223e-05,0.5363278708019018,3.90960982093987e-05
2849,117.87617847411154,7.288680510828837e-05,0.5363947308612772,3.90960982093987e-05
2850,117.91753853673406,7.287783035213658e-05,0.5364607867782457,3.90960982093987e-05
2851,117.95889859935654,7.286890623720544e-05,0.5365264861000067,3.90960982093987e-05
2852,118.00025866197903,7.285998470182792e-05,0.5365921825182302,3.90960982093987e-05
2853,118.04161872460153,7.285103024435915e-05,0.5366581375481084,3.90960982093987e-05
2854,118.08297878722404,7.28420194500659e-05,0.5367245239020255,3.90960982093987e-05
2855,118.12433884984652,7.28329403059471e-05,0.5367914304320122,3.90960982093987e-05
2856,118.16569891246903,7.28237913300341e-05,0.5368588684461232,3.90960982093987e-05
2857,118.20705897509151,7.281458054965755e-05,0.5369267791460562,3.90960982093987e-05
2858,118.248419037714,7.280532436949175e-05,0.5369950418870942,3.90960982093987e-05
2859,118.28977910033652,7.279604637379238e-05,0.53706348293489,3.90960982093987e-05
2860,118.331139162959,7.278677610809065e-05,0.5371318843870728,3.90960982093987e-05
2861,118.37249922558149,7.277754788349646e-05,0.5371999929426642,3.90960982093987e-05
2862,118.413859288204,7.276839964164336e-05,0.5372675282393469,3.90960982093987e-05
2863,118.4552193508265,7.275937191086896e-05,0.5373341905327585,3.90960982093987e-05
2864,118.49657941344898,7.275050687478832e-05,0.5373996675609067,3.90960982093987e-05
2865,118.53793947607147,7.274184756389752e-05,0.5374636405138886,3.90960982093987e-05
2866,118.57929953869397,7.273343717004072e-05,0.537525789108487,3.90960982093987e-05
2867,118.62065960131646,7.272531847355979e-05,0.5375857958409984,3.90960982093987e-05
2868,118.66201966393896,7.271753336411152e-05,0.5376433495569296,3.90960982093987e-05
2869,118.70337972656147,7.271012243002503e-05,0.5376981485215365,3.90960982093987e-05
2870,118.74473978918395,7.270312458724399e-05,0.5377499032037234,3.90960982093987e-05
2871,118.78609985180645,7.269657671855533e-05,0.5377983389886318,3.90960982093987e-05
2872,118.82745991442896,7.269051329648146e-05,0.5378431990146798,3.90960982093987e-05
2873,118.86881997705144,7.268496596876266e-05,0.5378842472898836,3.90960982093987e-05
2874,118.91018003967393,7.267996309351016e-05,0.5379212721819575,3.90960982093987e-05
2875,118.95154010229643,7.267552922088665e-05,0.5379540903042043,3.90960982093987e-05
2876,118.99290016491892,7.267168452886649e-05,0.5379825507398144,3.90960982093987e-05
2877,119.03426022754142,7.266844423120029e-05,0.5380065394686507,3.90960982093987e-05
2878,119.07562029016391,7.26658179851903e-05,0.5380259837901599,3.90960982093987e-05
2879,119.11698035278641,7.266380933432333e-05,0.5380408564808251,3.90960982093987e-05
2880,119.1583404154089,7.266241522544304e-05,0.5380511793903191,3.90960982093987e-05
2881,119.1997004780314,7.266162564144001e-05,0.5380570261712065,3.90960982093987e-05
2882,119.2410605406539,7.266142338811609e-05,0.5380585238548045,3.90960982093987e-05
2883,119.28242060327639,7.266178406783319e-05,0.5380558530313632,3.90960982093987e-05
2884,119.3237806658989,7.266267626340902e-05,0.5380492464614389,3.90960982093987e-05
2885,119.36514072852138,7.266406194363258e-05,0.538038986035856,3.90960982093987e-05
2886,119.40650079114388,7.26658970881004e-05,0.5380253981038512,3.90960982093987e-05
2887,119.44786085376637,7.266813251435477e-05,0.5380088472987208,3.90960982093987e-05
2888,119.48922091638887,7.267071487600427e-05,0.5379897290966125,3.90960982093987e-05
2889,119.53058097901136,7.267358778762677e-05,0.5379684614395095,3.90960982093987e-05
2890,119.57194104163386,7.267669302158168e-05,0.5379454758321066,3.90960982093987e-05
2891,119.61330110425635,7.267997171479953e-05,0.5379212083738019,3.90960982093987e-05
2892,119.65466116687884,7.268336552015338e-05,0.537896091211658,3.90960982093987e-05
2893,119.69602122950135,7.268681763808742e-05,0.5378705448911083,3.90960982093987e-05
2894,119.73738129212384,7.269027366940873e-05,0.5378449720413153,3.90960982093987e-05
2895,119.77874135474634,7.269368223964626e-05,0.5378197527607999,3.90960982093987e-05
2896,119.82010141736883,7.269699535837008e-05,0.5377952419720923,3.90960982093987e-05
2897,119.86146147999132,7.270016849285361e-05,0.5377717688954439,3.90960982093987e-05
2898,119.90282154261382,7.270316035320771e-05,0.5377496386602919,3.90960982093987e-05
2899,119.94418160523632,7.2705932405022e-05,0.5377291359335931,3.90960982093987e-05
2900,119.98554166785881,7.270844814387995e-05,0.5377105303091181,3.90960982093987e-05
2901,120.0269017304813,7.271067218338441e-05,0.53769408307482,3.90960982093987e-05
2902,120.06826179310382,7.271256922297732e-05,0.5376800548679312,3.90960982093987e-05
2903,120.1096218557263,7.271410297307493e-05,0.5376687136452123,3.90960982093987e-05
2904,120.15098191834879,7.271523512228256e-05,0.5376603423430072,3.90960982093987e-05
2905,120.19234198097129,7.271592443356034e-05,0.5376552455868223,3.90960982093987e-05
2906,120.23370204359378,7.271612605345862e-05,0.5376537548308951,3.90960982093987e-05
2907,120.27506210621628,7.271579111039015e-05,0.5376562313685999,3.90960982093987e-05
2908,120.31642216883878,7.271486666471509e-05,0.5376630667517966,3.90960982093987e-05
2909,120.35778223146127,7.271329605570258e-05,0.5376746802874791,3.90960982093987e-05
2910,120.39914229408376,7.271101966892441e-05,0.5376915134379251,3.90960982093987e-05
2911,120.44050235670628,7.270797612345575e-05,0.5377140211276795,3.90960982093987e-05
2912,120.48186241932876,7.270410385261938e-05,0.5377426601482023,3.90960982093987e-05
2913,120.52322248195124,7.269934302648716e-05,0.5377778750373919,3.90960982093987e-05
2914,120.56458254457375,7.269363774035283e-05,0.5378200819862966,3.90960982093987e-05
2915,120.60594260719624,7.268693837268843e-05,0.5378696514763204,3.90960982093987e-05
2916,120.64730266981874,7.267920399991815e-05,0.5379268904684582,3.90960982093987e-05
2917,120.68866273244123,7.267040474524907e-05,0.537992025040354,3.90960982093987e-05
2918,120.73002279506373,7.266052393532985e-05,0.5380651843935981,3.90960982093987e-05
2919,120.77138285768622,7.264955994281664e-05,0.5381463871243228,3.90960982093987e-05
2920,120.81274292030872,7.263752760445123e-05,0.5382355305689519,3.90960982093987e-05
2921,120.85410298293122,7.262445912313417e-05,0.5383323839026684,3.90960982093987e-05
2922,120.8954630455537,7.261040438751704e-05,0.5384365854891174,3.90960982093987e-05
2923,120.93682310817621,7.259543067254337e-05,0.538547644764995,3.90960982093987e-05
2924,120.9781831707987,7.257962171737016e-05,0.5386649487047686,3.90960982093987e-05
2925,121.0195432334212,7.256307621105509e-05,0.5387877726639483,3.90960982093987e-05
2926,121.06090329604369,7.254590574936434e-05,0.5389152951576632,3.90960982093987e-05
2927,121.10226335866619,7.252823235521223e-05,0.5390466159153411,3.90960982093987e-05
2928,121.14362342128868,7.25101856793857e-05,0.5391807763707539,3.90960982093987e-05
2929,121.18498348391118,7.249190001483635e-05,0.5393167816183216,3.90960982093987e-05
2930,121.22634354653367,7.247351126606321e-05,0.5394536227984034,3.90960982093987e-05
2931,121.26770360915616,7.245515401438432e-05,0.5395902988714517,3.90960982093987e-05
2932,121.30906367177866,7.243695880977766e-05,0.5397258368075144,3.90960982093987e-05
2933,121.35042373440116,7.241904980162306e-05,0.5398593093460125,3.90960982093987e-05
2934,121.39178379702366,7.240154279493094e-05,0.539989849665689,3.90960982093987e-05
2935,121.43314385964615,7.238454378777982e-05,0.5401166625298124,3.90960982093987e-05
2936,121.47450392226865,7.236814801161415e-05,0.5402390317232422,3.90960982093987e-05
2937,121.51586398489114,7.235243946175541e-05,0.540356323853661,3.90960982093987e-05
2938,121.55722404751364,7.233749087313594e-05,0.5404679888325773,3.90960982093987e-05
2939,121.59858411013613,7.232336406867269e-05,0.5405735575612338,3.90960982093987e-05
2940,121.63994417275862,7.231011058680815e-05,0.5406726375070872,3.90960982093987e-05
2941,121.68130423538112,7.229777248210952e-05,0.5407649069557883,3.90960982093987e-05
2942,121.72266429800362,7.2286383189412e-05,0.5408501087536114,3.90960982093987e-05
2943,121.76402436062611,7.227596834783918e-05,0.5409280443154042,3.90960982093987e-05
2944,121.8053844232486,7.226654649555286e-05,0.5409985685673329,3.90960982093987e-05
2945,121.8467444858711,7.225812956790659e-05,0.5410615863320549,3.90960982093987e-05
2946,121.8881045484936,7.225072315865176e-05,0.5411170504625888,3.90960982093987e-05
2947,121.9294646111161,7.224432653389016e-05,0.5411649618058041,3.90960982093987e-05
2948,121.97082467373859,7.223893241844123e-05,0.5412053708509431,3.90960982093987e-05
2949,122.01218473636108,7.223452660206196e-05,0.5412383807092422,3.90960982093987e-05
2950,122.05354479898358,7.223108743561766e-05,0.5412641508996601,3.90960982093987e-05
2951,122.09490486160608,7.222858530346046e-05,0.5412829012937295,3.90960982093987e-05
2952,122.13626492422856,7.222698216594532e-05,0.541294915514722,3.90960982093987e-05
2953,122.17762498685106,7.222623126524778e-05,0.5413005430924388,3.90960982093987e-05
2954,122.21898504947356,7.222627707816866e-05,0.5413001997470531,3.90960982093987e-05
2955,122.26034511209606,7.222705558263238e-05,0.5412943653042904,3.90960982093987e-05
2956,122.30170517471853,7.222849488145865e-05,0.5412835789194167,3.90960982093987e-05
2957,122.34306523734105,7.223051620008241e-05,0.5412684314909284,3.90960982093987e-05
2958,122.38442529996354,7.223303524625546e-05,0.5412495553608269,3.90960982093987e-05
2959,122.42578536258604,7.223596389219343e-05,0.5412276116055791,3.90960982093987e-05
2960,122.46714542520854,7.223921211503455e-05,0.541203275405906,3.90960982093987e-05
2961,122.50850548783102,7.224269011228775e-05,0.5411772201260934,3.90960982093987e-05
2962,122.54986555045352,7.224631049609196e-05,0.5411501008278276,3.90960982093987e-05
2963,122.59122561307602,7.224999046488217e-05,0.5411225379801503,3.90960982093987e-05
2964,122.63258567569852,7.225365385321798e-05,0.5410951021082164,3.90960982093987e-05
2965,122.673945738321,7.225723296979678e-05,0.5410683000515769,3.90960982093987e-05
2966,122.71530580094351,7.226067014886368e-05,0.5410425633869312,3.90960982093987e-05
2967,122.756665863566,7.226391895975636e-05,0.5410182394227919,3.90960982093987e-05
2968,122.79802592618847,7.226694504137646e-05,0.540995585007976,3.90960982093987e-05
2969,122.83938598881099,7.22697265509784e-05,0.5409747632270432,3.90960982093987e-05
2970,122.88074605143348,7.227225423804522e-05,0.5409558428968709,3.90960982093987e-05
2971,122.92210611405598,7.227453117228253e-05,0.5409388006434023,3.90960982093987e-05
2972,122.96346617667848,7.227657216912237e-05,0.5409235252318889,3.90960982093987e-05
2973,123.00482623930098,7.227840296533851e-05,0.5409098237567236,3.90960982093987e-05
2974,123.04618630192346,7.228005920166182e-05,0.5408974292663533,3.90960982093987e-05
2975,123.08754636454597,7.22815852685603e-05,0.5408860094052752,3.90960982093987e-05
2976,123.12890642716846,7.228303306655454e-05,0.5408751756916592,3.90960982093987e-05
2977,123.17026648979093,7.22844607245363e-05,0.5408644931085153,3.90960982093987e-05
2978,123.21162655241345,7.228593130965335e-05,0.540853489760291,3.90960982093987e-05
2979,123.25298661503594,7.228751155204616e-05,0.5408416664232517,3.90960982093987e-05
2980,123.29434667765844,7.228927059780732e-05,0.5408285058915032,3.90960982093987e-05
2981,123.33570674028094,7.229127879534953e-05,0.5408134820809635,3.90960982093987e-05
2982,123.37706680290343,7.22936065144718e-05,0.5407960688968035,3.90960982093987e-05
2983,123.41842686552592,7.22963229941014e-05,0.5407757488937373,3.90960982093987e-05
2984,123.45978692814842,7.229949521413742e-05,0.540752021761749,3.90960982093987e-05
2985,123.50114699077092,7.23031867885453e-05,0.5407244126560758,3.90960982093987e-05
2986,123.5425070533934,7.230745688051737e-05,0.5406924803620471,3.90960982093987e-05
2987,123.58386711601591,7.231235914515712e-05,0.5406558252499917,3.90960982093987e-05
2988,123.6252271786384,7.23179407102959e-05,0.5406140969364273,3.90960982093987e-05
2989,123.6665872412609,7.232424121078613e-05,0.5405670015320959,3.90960982093987e-05
2990,123.7079473038834,7.233129189524677e-05,0.5405143083303326,3.90960982093987e-05
2991,123.74930736650589,7.233911482672318e-05,0.5404558557710746,3.90960982093987e-05
2992,123.79066742912838,7.234772219929268e-05,0.5403915565123477,3.90960982093987e-05
2993,123.83202749175088,7.235711579172282e-05,0.540321401449103,3.90960982093987e-05
2994,123.87338755437338,7.236728657691589e-05,0.540245462538453,3.90960982093987e-05
2995,123.91474761699585,7.237821450225376e-05,0.5401638943190744,3.90960982093987e-05
2996,123.95610767961836,7.23898684517092e-05,0.5400769340460876,3.90960982093987e-05
2997,123.99746774224086,7.240220639609152e-05,0.5399849003981352,3.90960982093987e-05
2998,124.03882780486336,7.241517573334613e-05,0.5398881907483312,3.90960982093987e-05
2999,124.08018786748586,7.242871381697148e-05,0.5397872770210329,3.90960982093987e-05
3000,124.12154793010833,7.244274866733815e-05,0.5396827001820507,3.90960982093987e-05
3001,124.16290799273084,7.245719985830387e-05,0.5395750634285399,3.90960982093987e-05
3002,124.20426805535334,7.247197956955721e-05,0.539465024159786,3.90960982093987e-05
3003,124.24562811797584,7.248699379394904e-05,0.539353284818694,3.90960982093987e-05
3004,124.28698818059831,7.250214368781863e-05,0.5392405827024862,3.90960982093987e-05
3005,124.32834824322082,7.251732705120107e-05,0.5391276788483226,3.90960982093987e-05
3006,124.36970830584332,7.25324399230407e-05,0.5390153461110774,3.90960982093987e-05
3007,124.41106836846582,7.25473782742915e-05,0.5389043565651928,3.90960982093987e-05
3008,124.4524284310883,7.256203977871172e-05,0.5387954683830254,3.90960982093987e-05
3009,124.4937884937108,7.257632563715006e-05,0.5386894123692914,3.90960982093987e-05
3010,124.5351485563333,7.25901424265754e-05,0.5385868783622271,3.90960982093987e-05
3011,124.5765086189558,7.260340394000573e-05,0.538488501747176,3.90960982093987e-05
3012,124.6178686815783,7.261603297845308e-05,0.5383948503631347,3.90960982093987e-05
3013,124.65922874420077,7.262796305131457e-05,0.538306412115341,3.90960982093987e-05
3014,124.70058880682328,7.26391399380403e-05,0.5382235836320044,3.90960982093987e-05
3015,124.74194886944578,7.264952306173112e-05,0.5381466603184484,3.90960982093987e-05
3016,124.78330893206825,7.265908662520423e-05,0.5380758281626529,3.90960982093987e-05
3017,124.82466899469075,7.266782046223067e-05,0.5380111576308941,3.90960982093987e-05
3018,124.86602905731326,7.267573056158076e-05,0.5379525999573017,3.90960982093987e-05
3019,124.90738911993576,7.268283922890243e-05,0.5378999860788609,3.90960982093987e-05
3020,124.94874918255823,7.268918486155499e-05,0.5378530283956516,3.90960982093987e-05
3021,124.99010924518076,7.269482132375122e-05,0.5378113254489151,3.90960982093987e-05
3022,125.03146930780323,7.26998169232113e-05,0.537774369510362,3.90960982093987e-05
3023,125.07282937042574,7.270425300561501e-05,0.5377415569675034,3.90960982093987e-05
3024,125.11418943304824,7.270822219828144e-05,0.5377122012800747,3.90960982093987e-05
3025,125.15554949567071,7.271182634923259e-05,0.5376855481750848,3.90960982093987e-05
3026,125.19690955829321,7.271517422103354e-05,0.5376607926504808,3.90960982093987e-05
3027,125.23826962091572,7.271837900995924e-05,0.5376370972741876,3.90960982093987e-05
3028,125.27962968353822,7.27215557691409e-05,0.5376136112036946,3.90960982093987e-05
3029,125.32098974616069,7.272481881934627e-05,0.5375894893119809,3.90960982093987e-05
3030,125.36234980878321,7.272827923188203e-05,0.5375639107966145,3.90960982093987e-05
3031,125.4037098714057,7.273204246542857e-05,0.5375360966658139,3.90960982093987e-05
3032,125.44506993402818,7.27362062319001e-05,0.5375053255424287,3.90960982093987e-05
3033,125.4864299966507,7.274085865622578e-05,0.5374709473002973,3.90960982093987e-05
3034,125.52779005927317,7.274607678189471e-05,0.5374323941429248,3.90960982093987e-05
3035,125.56915012189567,7.275192545856301e-05,0.5373891888492559,3.90960982093987e-05
3036,125.61051018451818,7.275845663122246e-05,0.5373409500363371,3.90960982093987e-05
3037,125.65187024714068,7.276570903298987e-05,0.5372873944191715,3.90960982093987e-05
3038,125.69323030976315,7.277370826654138e-05,0.537228336176097,3.90960982093987e-05
3039,125.73459037238567,7.27824672437045e-05,0.5371636836449841,3.90960982093987e-05
3040,125.77595043500816,7.279198693931786e-05,0.5370934336768508,3.90960982093987e-05
3041,125.81731049763063,7.280225740489541e-05,0.537017664053502,3.90960982093987e-05
3042,125.85867056025316,7.281325898084242e-05,0.5369365244273039,3.90960982093987e-05
3043,125.90003062287563,7.282496364246477e-05,0.5368502262677614,3.90960982093987e-05
3044,125.94139068549813,7.283733641570638e-05,0.5367590322944341,3.90960982093987e-05
3045,125.98275074812064,7.28503368025686e-05,0.5366632458454225,3.90960982093987e-05
3046,126.02411081074314,7.286392016337082e-05,0.5365632005763612,3.90960982093987e-05
3047,126.06547087336561,7.287803901280993e-05,0.5364592508111627,3.90960982093987e-05
3048,126.10683093598811,7.289264419808396e-05,0.5363517627808372,3.90960982093987e-05
3049,126.14819099861062,7.290768593952626e-05,0.5362411068954679,3.90960982093987e-05
3050,126.18955106123309,7.292311472625506e-05,0.53612765110433,3.90960982093987e-05
3051,126.23091112385562,7.293888207012462e-05,0.5360117553188035,3.90960982093987e-05
3052,126.2722711864781,7.295494113048066e-05,0.5358937668042927,3.90960982093987e-05
3053,126.3136312491006,7.297124722866427e-05,0.5357740163997242,3.90960982093987e-05
3054,126.3549913117231,7.298775827510392e-05,0.5356528153945832,3.90960982093987e-05
3055,126.3963513743456,7.300443513238612e-05,0.5355304528896347,3.90960982093987e-05
3056,126.43771143696807,7.30212419356173e-05,0.5354071934830917,3.90960982093987e-05
3057,126.47907149959057,7.303814638666054e-05,0.5352832751590625,3.90960982093987e-05
3058,126.52043156221308,7.305512003206875e-05,0.535158907305016,3.90960982093987e-05
3059,126.56179162483555,7.307213852677299e-05,0.5350342688420736,3.90960982093987e-05
3060,126.60315168745805,7.308918187717145e-05,0.5349095065135749,3.90960982093987e-05
3061,126.64451175008055,7.310623464966375e-05,0.5347847334328347,3.90960982093987e-05
3062,126.68587181270306,7.312328612411421e-05,0.5346600280386714,3.90960982093987e-05
3063,126.72723187532556,7.314033036755061e-05,0.5345354336373637,3.90960982093987e-05
3064,126.76859193794803,7.315736620148314e-05,0.5344109587231982,3.90960982093987e-05
3065,126.80995200057053,7.317439703752158e-05,0.5342865782597624,3.90960982093987e-05
3066,126.85131206319303,7.319143056001264e-05,0.5341622360741018,3.90960982093987e-05
3067,126.89267212581554,7.320847824130457e-05,0.5340378484652136,3.90960982093987e-05
3068,126.93403218843801,7.32255546843718e-05,0.5339133090615263,3.90960982093987e-05
3069,126.97539225106051,7.324267679831642e-05,0.5337884948833188,3.90960982093987e-05
3070,127.01675231368301,7.325986282375907e-05,0.5336632734823981,3.90960982093987e-05
3071,127.0581123763055,7.327713123654185e-05,0.5335375109486035,3.90960982093987e-05
3072,127.09947243892799,7.329449956846047e-05,0.5334110804983548,3.90960982093987e-05
3073,127.14083250155049,7.331198319207367e-05,0.53328387130067,3.90960982093987e-05
3074,127.182192564173,7.332959412234346e-05,0.5331557971556555,3.90960982093987e-05
3075,127.2235526267955,7.334733989035226e-05,0.5330268046236426,3.90960982093987e-05
3076,127.264912689418,7.336522254331204e-05,0.5328968802121176,3.90960982093987e-05
3077,127.30627275204047,7.338323782063046e-05,0.5327660562615226,3.90960982093987e-05
3078,127.34763281466297,7.340137454819167e-05,0.5326344152278806,3.90960982093987e-05
3079,127.38899287728547,7.341961428250257e-05,0.5325020921380149,3.90960982093987e-05
3080,127.43035293990795,7.343793122410574e-05,0.5323692750833583,3.90960982093987e-05
3081,127.47171300253045,7.345629240609774e-05,0.532236203717699,3.90960982093987e-05
3082,127.51307306515295,7.347465814975405e-05,0.5321031658250672,3.90960982093987e-05
3083,127.55443312777545,7.34929827662422e-05,0.5319704921182877,3.90960982093987e-05
3084,127.59579319039794,7.351121547159174e-05,0.5318385495136768,3.90960982093987e-05
3085,127.63715325302046,7.352930147256502e-05,0.5317077331951277,3.90960982093987e-05
3086,127.67851331564293,7.354718317408714e-05,0.5315784578296864,3.90960982093987e-05
3087,127.71987337826542,7.356480145470934e-05,0.531451148324902,3.90960982093987e-05
3088,127.76123344088793,7.358209695547765e-05,0.5313262305239085,3.90960982093987e-05
3089,127.80259350351041,7.359901132923918e-05,0.5312041222198691,3.90960982093987e-05
3090,127.84395356613291,7.361548840170659e-05,0.5310852248382605,3.90960982093987e-05
3091,127.88531362875541,7.363147520213695e-05,0.53096991608643,3.90960982093987e-05
3092,127.92667369137791,7.364692282985961e-05,0.5308585438079901,3.90960982093987e-05
3093,127.96803375400039,7.36617871325727e-05,0.5307514212088766,3.90960982093987e-05
3094,128.00939381662292,7.36760291828973e-05,0.5306488235453687,3.90960982093987e-05
3095,128.0507538792454,7.368961555067536e-05,0.5305509862853449,3.90960982093987e-05
3096,128.09211394186786,7.370251837949445e-05,0.5304581046755118,3.90960982093987e-05
3097,128.13347400449038,7.371471528632799e-05,0.5303703345734814,3.90960982093987e-05
3098,128.17483406711287,7.372618911268419e-05,0.5302877943364691,3.90960982093987e-05
3099,128.21619412973538,7.3736927563781e-05,0.530210567501356,3.90960982093987e-05
3100,128.25755419235787,7.374692277850895e-05,0.530138705947361,3.90960982093987e-05
3101,128.29891425498036,7.375617087671641e-05,0.5300722332067361,3.90960982093987e-05
3102,128.34027431760285,7.376467153167049e-05,0.5300111475804917,3.90960982093987e-05
3103,128.38163438022536,7.377242761350657e-05,0.5299554247316218,3.90960982093987e-05
3104,128.42299444284785,7.377944494450813e-05,0.529905019464488,3.90960982093987e-05
3105,128.46435450547034,7.378573219865511e-05,0.529859866459539,3.90960982093987e-05
3106,128.50571456809286,7.379130096678242e-05,0.5298198798120938,3.90960982093987e-05
3107,128.54707463071534,7.379616599508805e-05,0.5297849513211971,3.90960982093987e-05
3108,128.58843469333783,7.380034558961222e-05,0.5297549475825447,3.90960982093987e-05
3109,128.62979475596032,7.380386216377203e-05,0.5297297060503934,3.90960982093987e-05
3110,128.67115481858283,7.380674289106812e-05,0.5297090303402346,3.90960982093987e-05
3111,128.71251488120532,7.380902041229483e-05,0.5296926851353554,3.90960982093987e-05
3112,128.7538749438278,7.381073353691773e-05,0.5296803911296194,3.90960982093987e-05
3113,128.79523500645033,7.381192787300948e-05,0.5296718204767934,3.90960982093987e-05
3114,128.83659506907279,7.381265631994634e-05,0.5296665932185642,3.90960982093987e-05
3115,128.8779551316953,7.381297936324928e-05,0.5296642751269873,3.90960982093987e-05
3116,128.9193151943178,7.381296512156851e-05,0.5296643773219,3.90960982093987e-05
3117,128.9606752569403,7.3812689111025e-05,0.5296663579156762,3.90960982093987e-05
3118,129.0020353195628,7.381223371111486e-05,0.5296696258023078,3.90960982093987e-05
3119,129.04339538218528,7.381168733731673e-05,0.5296735465581616,3.90960982093987e-05
3120,129.08475544480777,7.38111433472192e-05,0.5296774502663443,3.90960982093987e-05
3121,129.12611550743028,7.381069872693181e-05,0.5296806409330663,3.90960982093987e-05
3122,129.16747557005277,7.38104526215773e-05,0.529682407041216,3.90960982093987e-05
3123,129.20883563267526,7.381050478580324e-05,0.5296820326978507,3.90960982093987e-05
3124,129.25019569529775,7.381095403666838e-05,0.529678808784618,3.90960982093987e-05
3125,129.29155575792026,7.381189679098272e-05,0.5296720435204275,3.90960982093987e-05
3126,129.33291582054275,7.381342576258595e-05,0.5296610718915511,3.90960982093987e-05
3127,129.37427588316524,7.381562888213294e-05,0.5296452634959791,3.90960982093987e-05
3128,129.41563594578773,7.381858848408638e-05,0.5296240284766071,3.90960982093987e-05
3129,129.45699600841024,7.382238078431292e-05,0.5295968213708238,3.90960982093987e-05
3130,129.49835607103273,7.382707564837115e-05,0.529563142871978,3.90960982093987e-05
3131,129.53971613365522,7.383273662759149e-05,0.5295225396641791,3.90960982093987e-05
3132,129.5810761962777,7.383942121895686e-05,0.529474602644387,3.90960982093987e-05
3133,129.62243625890022,7.384718128753159e-05,0.5294189639706629,3.90960982093987e-05
3134,129.6637963215227,7.385606357772492e-05,0.5293552934655745,3.90960982093987e-05
3135,129.7051563841452,7.38661102334111e-05,0.5292832949489028,3.90960982093987e-05
3136,129.74651644676769,7.387735924675188e-05,0.5292027030746584,3.90960982093987e-05
3137,129.7878765093902,7.388984476162107e-05,0.5291132812029604,3.90960982093987e-05
3138,129.8292365720127,7.390359716922295e-05,0.5290148207519216,3.90960982093987e-05
3139,129.8705966346352,7.391864294944636e-05,0.5289071423583477,3.90960982093987e-05
3140,129.9119566972577,7.393500423093707e-05,0.5287900990345719,3.90960982093987e-05
3141,129.95331675988018,7.3952698063801e-05,0.5286635813566861,3.90960982093987e-05
3142,129.99467682250267,7.397173541996969e-05,0.5285275245664194,3.90960982093987e-05
3143,130.03603688512518,7.399211995611017e-05,0.5283819173256462,3.90960982093987e-05
3144,130.07739694774764,7.40138465914323e-05,0.5282268117372025,3.90960982093987e-05
3145,130.11875701037016,7.403689996648669e-05,0.5280623341481858,3.90960982093987e-05
3146,130.16011707299265,7.406125285897076e-05,0.5278886961829615,3.90960982093987e-05
3147,130.20147713561516,7.408686463805178e-05,0.5277062054171279,3.90960982093987e-05
3148,130.24283719823762,7.411367983972689e-05,0.5275152751009694,3.90960982093987e-05
3149,130.28419726086014,7.414162694295872e-05,0.5273164323663615,3.90960982093987e-05
3150,130.32555732348263,7.417061741980115e-05,0.5271103244040316,3.90960982093987e-05
3151,130.36691738610511,7.420054512340689e-05,0.5268977221713923,3.90960982093987e-05
3152,130.40827744872763,7.423128606596375e-05,0.5266795212824004,3.90960982093987e-05
3153,130.44963751135012,7.426269862549143e-05,0.5264567398306014,3.90960982093987e-05
3154,130.4909975739726,7.429462420567145e-05,0.5262305130068107,3.90960982093987e-05
3155,130.53235763659512,7.43268883580776e-05,0.5260020844818518,3.90960982093987e-05
3156,130.5737176992176,7.435930236064925e-05,0.5257727946367643,3.90960982093987e-05
3157,130.6150777618401,7.439166523133317e-05,0.525544065828113,3.90960982093987e-05
3158,130.6564378244626,7.442376614093184e-05,0.5253173849784054,3.90960982093987e-05
3159,130.6977978870851,7.445538717563311e-05,0.5250942838719616,3.90960982093987e-05
3160,130.73915794970756,7.448630638690087e-05,0.5248763176190211,3.90960982093987e-05
3161,130.7805180123301,7.451630105554435e-05,0.524665041817582,3.90960982093987e-05
3162,130.82187807495256,7.454515108807166e-05,0.5244619889925297,3.90960982093987e-05
3163,130.86323813757508,7.457264245717716e-05,0.524268644923631,3.90960982093987e-05
3164,130.90459820019757,7.459857059530319e-05,0.5240864254825311,3.90960982093987e-05
3165,130.94595826282008,7.462274365068261e-05,0.5239166545847189,3.90960982093987e-05
3166,130.98731832544254,7.464498551936235e-05,0.5237605438245744,3.90960982093987e-05
3167,131.02867838806506,7.46651385747176e-05,0.5236191742987946,3.90960982093987e-05
3168,131.07003845068755,7.468306602709836e-05,0.5234934810417784,3.90960982093987e-05
3169,131.11139851331004,7.46986538605609e-05,0.5233842403958032,3.90960982093987e-05
3170,131.15275857593255,7.471181230975533e-05,0.5232920605286109,3.90960982093987e-05
3171,131.19411863855504,7.47224768576319e-05,0.5232173751933862,3.90960982093987e-05
3172,131.23547870117753,7.473060875189382e-05,0.5231604407130958,3.90960982093987e-05
3173,131.27683876380004,7.473619505470811e-05,0.5231213360645364,3.90960982093987e-05
3174,131.31819882642253,7.473924825451501e-05,0.5230999658474207,3.90960982093987e-05
3175,131.35955888904502,7.473980548031686e-05,0.523096065853354,3.90960982093987e-05
3176,131.4009189516675,7.473792736724852e-05,0.5231092109002116,3.90960982093987e-05
3177,131.44227901429002,7.473369662679663e-05,0.5231388245738181,3.90960982093987e-05
3178,131.48363907691248,7.47272163767024e-05,0.5231841905138546,3.90960982093987e-05
3179,131.524999139535,7.471860828386318e-05,0.5232444648978052,3.90960982093987e-05
3180,131.56635920215749,7.470801057008275e-05,0.5233186898039949,3.90960982093987e-05
3181,131.60771926478,7.469557592537793e-05,0.5234058071719846,3.90960982093987e-05
3182,131.6490793274025,7.468146936788374e-05,0.5235046731179035,3.90960982093987e-05
3183,131.69043939002498,7.466586608414179e-05,0.523614072397431,3.90960982093987e-05
3184,131.73179945264746,7.464894927880489e-05,0.523732732839674,3.90960982093987e-05
3185,131.77315951526998,7.46309080594167e-05,0.5238593395952346,3.90960982093987e-05
3186,131.81451957789247,7.4611935379451e-05,0.5239925490549093,3.90960982093987e-05
3187,131.85587964051496,7.45922260616775e-05,0.5241310022987062,3.90960982093987e-05
3188,131.89723970313744,7.457197492283201e-05,0.524273337937688,3.90960982093987e-05
3189,131.93859976575996,7.455137502021502e-05,0.52441820420881,3.90960982093987e-05
3190,131.97995982838245,7.453061603927395e-05,0.5245642701892735,3.90960982093987e-05
3191,132.02131989100496,7.45098828393082e-05,0.524710236006079,3.90960982093987e-05
3192,132.06267995362742,7.448935417083763e-05,0.5248548419380001,3.90960982093987e-05
3193,132.10404001624994,7.446920157345454e-05,0.5249968763373312,3.90960982093987e-05
3194,132.14540007887243,7.444958845693129e-05,0.5251351823390615,3.90960982093987e-05
3195,132.18676014149494,7.443066936180397e-05,0.5252686633698592,3.90960982093987e-05
3196,132.2281202041174,7.441258938862836e-05,0.5253962875181618,3.90960982093987e-05
3197,132.26948026673992,7.43954837790178e-05,0.5255170908697714,3.90960982093987e-05
3198,132.3108403293624,7.437947762655076e-05,0.5256301799495674,3.90960982093987e-05
3199,132.3522003919849,7.436468569270067e-05,0.5257347334318958,3.90960982093987e-05
3200,132.39356045460738,7.435121230235294e-05,0.5258300032878073,3.90960982093987e-05
3201,132.4349205172299,7.433915129553095e-05,0.5259153155243117,3.90960982093987e-05
3202,132.47628057985239,7.432858601632298e-05,0.5259900706413678,3.90960982093987e-05
3203,132.5176406424749,7.431958932657504e-05,0.5260537438871289,3.90960982093987e-05
3204,132.55900070509736,7.431222363971358e-05,0.5261058853378888,3.90960982093987e-05
3205,132.60036076771988,7.430654097821715e-05,0.5261461197724122,3.90960982093987e-05
3206,132.64172083034236,7.43025830659972e-05,0.526174146256432,3.90960982093987e-05
3207,132.68308089296488,7.430038147303607e-05,0.5261897373109296,3.90960982093987e-05
3208,132.72444095558734,7.429995783331345e-05,0.5261927375128254,3.90960982093987e-05
3209,132.76580101820986,7.430132415773905e-05,0.5261830613731605,3.90960982093987e-05
3210,132.80716108083237,7.430448326114231e-05,0.5261606903582908,3.90960982093987e-05
3211,132.84852114345486,7.430942931629861e-05,0.5261256689643771,3.90960982093987e-05
3212,132.88988120607732,7.431614853910078e-05,0.5260780998201036,3.90960982093987e-05
3213,132.93124126869984,7.432461999762835e-05,0.5260181378747207,3.90960982093987e-05
3214,132.97260133132232,7.433481652537551e-05,0.5259459838183976,3.90960982093987e-05
3215,133.01396139394484,7.434670570612031e-05,0.5258618769732559,3.90960982093987e-05
3216,133.05532145656733,7.436025088608598e-05,0.5257660879774442,3.90960982093987e-05
3217,133.09668151918981,7.437541215933691e-05,0.5256589116527091,3.90960982093987e-05
3218,133.1380415818123,7.439214726572377e-05,0.5255406604913561,3.90960982093987e-05
3219,133.17940164443482,7.44104123378394e-05,0.5254116592163735,3.90960982093987e-05
3220,133.2207617070573,7.443016243488166e-05,0.5252722408553597,3.90960982093987e-05
3221,133.2621217696798,7.445135180723633e-05,0.5251227447236054,3.90960982093987e-05
3222,133.30348183230228,7.447393384566458e-05,0.5249635166368298,3.90960982093987e-05
3223,133.34484189492477,7.449786068295605e-05,0.5247949115717799,3.90960982093987e-05
3224,133.38620195754729,7.452308243281527e-05,0.5246172988703866,3.90960982093987e-05
3225,133.4275620201698,7.45495460700175e-05,0.5244310699448035,3.90960982093987e-05
3226,133.46892208279226,7.457719397614475e-05,0.524236648296321,3.90960982093987e-05
3227,133.51028214541475,7.460596219560642e-05,0.5240345015173746,3.90960982093987e-05
3228,133.55164220803726,7.463577846623302e-05,0.523825154809455,3.90960982093987e-05
3229,133.59300227065978,7.466656010606691e-05,0.523609205430933,3.90960982093987e-05
3230,133.63436233328224,7.469821185256953e-05,0.5233873373911807,3.90960982093987e-05
3231,133.67572239590476,7.473062376150966e-05,0.5231603356365309,3.90960982093987e-05
3232,133.71708245852724,7.476366927916395e-05,0.5229290989372892,3.90960982093987e-05
3233,133.75844252114976,7.479720360337217e-05,0.5226946506812467,3.90960982093987e-05
3234,133.79980258377225,7.483106244554295e-05,0.522458146813701,3.90960982093987e-05
3235,133.84116264639474,7.486506129719563e-05,0.5222208802340647,3.90960982093987e-05
3236,133.88252270901722,7.489899529076922e-05,0.5219842810657438,3.90960982093987e-05
3237,133.92388277163974,7.493263972581123e-05,0.5217499123540378,3.90960982093987e-05
3238,133.96524283426223,7.496575130866644e-05,0.5215194609125325,3.90960982093987e-05
3239,134.00660289688471,7.499807012716905e-05,0.5212947232256263,3.90960982093987e-05
3240,134.0479629595072,7.502932235261547e-05,0.5210775865155584,3.90960982093987e-05
3241,134.0893230221297,7.505922363078316e-05,0.5208700052869275,3.90960982093987e-05
3242,134.1306830847522,7.508748309304787e-05,0.5206739738626089,3.90960982093987e-05
3243,134.17204314737472,7.511380788982043e-05,0.5204914956081874,3.90960982093987e-05
3244,134.21340320999718,7.513790812247581e-05,0.5203245497022825,3.90960982093987e-05
3245,134.25476327261967,7.515950202876146e-05,0.5201750564344839,3.90960982093987e-05
3246,134.29612333524216,7.517832126151325e-05,0.5200448420948386,3.90960982093987e-05
3247,134.3374833978647,7.5194116092435e-05,0.5199356045536656,3.90960982093987e-05
3248,134.37884346048716,7.520666037251548e-05,0.519848880614389,3.90960982093987e-05
3249,134.42020352310968,7.521575608872401e-05,0.5197860161543972,3.90960982093987e-05
3250,134.46156358573216,7.522123737255392e-05,0.5197481399536742,3.90960982093987e-05
3251,134.50292364835468,7.522297383910321e-05,0.5197361419534221,3.90960982093987e-05
3252,134.54428371097714,7.522087316437268e-05,0.5197506564961816,3.90960982093987e-05
3253,134.58564377359966,7.521488284162526e-05,0.5197920508860012,3.90960982093987e-05
3254,134.62700383622214,7.52049910928456e-05,0.5198604193853563,3.90960982093987e-05
3255,134.66836389884463,7.519122694640956e-05,0.5199555825477267,3.90960982093987e-05
3256,134.70972396146715,7.517365952470362e-05,0.5200770915848645,3.90960982093987e-05
3257,134.75108402408964,7.515239661358781e-05,0.5202242372977097,3.90960982093987e-05
3258,134.79244408671212,7.512758260741319e-05,0.5203960629706313,3.90960982093987e-05
3259,134.8338041493346,7.509939593781728e-05,0.5205913805454639,3.90960982093987e-05
3260,134.87516421195713,7.506804610066446e-05,0.520808789361212,3.90960982093987e-05
3261,134.91652427457961,7.503377039383344e-05,0.5210466967632452,3.90960982093987e-05
3262,134.9578843372021,7.499683046936274e-05,0.5213033399507464,3.90960982093987e-05
3263,134.9992443998246,7.495750878818364e-05,0.5215768085339816,3.90960982093987e-05
3264,135.04060446244708,7.491610504634957e-05,0.521865067400534,3.90960982093987e-05
3265,135.08196452506962,7.487293261989109e-05,0.5221659796321675,3.90960982093987e-05
3266,135.12332458769208,7.482831505404722e-05,0.5224773293526689,3.90960982093987e-05
3267,135.16468465031457,7.478258260324455e-05,0.5227968445115247,3.90960982093987e-05
3268,135.20604471293706,7.473606881317557e-05,0.523122219702654,3.90960982093987e-05
3269,135.2474047755596,7.468910712652173e-05,0.523451139175767,3.90960982093987e-05
3270,135.28876483818206,7.46420274907731e-05,0.5237813002096116,3.90960982093987e-05
3271,135.33012490080458,7.459515294970264e-05,0.5241104369845595,3.90960982093987e-05
3272,135.37148496342704,7.454879620934716e-05,0.5244363450163494,3.90960982093987e-05
3273,135.41284502604955,7.450325618351921e-05,0.5247569061021404,3.90960982093987e-05
3274,135.45420508867207,7.4458814541371e-05,0.5250701135951611,3.90960982093987e-05
3275,135.49556515129456,7.441573229841896e-05,0.5253740976789304,3.90960982093987e-05
3276,135.53692521391704,7.437424651080105e-05,0.5256671501703342,3.90960982093987e-05
3277,135.57828527653953,7.433456714813321e-05,0.5259477482594117,3.90960982093987e-05
3278,135.61964533916202,7.429687423176159e-05,0.5262145765034795,3.90960982093987e-05
3279,135.66100540178454,7.426131533083219e-05,0.5264665463468647,3.90960982093987e-05
3280,135.70236546440702,7.42280035079808e-05,0.5267028124391785,3.90960982093987e-05
3281,135.7437255270295,7.419701579896154e-05,0.5269227850797995,3.90960982093987e-05
3282,135.785085589652,7.416839229716078e-05,0.5271261382174429,3.90960982093987e-05
3283,135.82644565227451,7.414213589502682e-05,0.5273128125786989,3.90960982093987e-05
3284,135.867805714897,7.411821271188374e-05,0.5274830136740498,3.90960982093987e-05
3285,135.9091657775195,7.40965532127316e-05,0.5276372046234539,3.90960982093987e-05
3286,135.95052584014198,7.407705399747139e-05,0.5277760939404157,3.90960982093987e-05
3287,135.99188590276447,7.405958021607549e-05,0.5279006186010279,3.90960982093987e-05
3288,136.03324596538698,7.404396854442948e-05,0.5280119228879446,3.90960982093987e-05
3289,136.0746060280095,7.403003063872771e-05,0.528111333631492,3.90960982093987e-05
3290,136.11596609063196,7.401755697441168e-05,0.5282003325631844,3.90960982093987e-05
3291,136.15732615325444,7.400632096911172e-05,0.5282805265474064,3.90960982093987e-05
3292,136.19868621587696,7.39960832873508e-05,0.5283536164688051,3.90960982093987e-05
3293,136.24004627849948,7.39865962277836e-05,0.5284213655272502,3.90960982093987e-05
3294,136.28140634112194,7.397760810024853e-05,0.528485567638505,3.90960982093987e-05
3295,136.32276640374445,7.396886750902636e-05,0.5285480165642368,3.90960982093987e-05
3296,136.36412646636694,7.39601274690762e-05,0.5286104763102977,3.90960982093987e-05
3297,136.40548652898946,7.395114929284706e-05,0.5286746532441016,3.90960982093987e-05
3298,136.44684659161194,7.394170619530495e-05,0.528742170300111,3.90960982093987e-05
3299,136.48820665423443,7.39315865736756e-05,0.5288145435704666,3.90960982093987e-05
3300,136.52956671685692,7.392059692562769e-05,0.5288931615194302,3.90960982093987e-05
3301,136.57092677947944,7.390856437511982e-05,0.5289792670165814,3.90960982093987e-05
3302,136.61228684210192,7.389533877948528e-05,0.529073942350644,3.90960982093987e-05
3303,136.6536469047244,7.388079439457275e-05,0.5291780973631584,3.90960982093987e-05
3304,136.6950069673469,7.38648310781812e-05,0.5292924608196555,3.90960982093987e-05
3305,136.7363670299694,7.384737501568569e-05,0.5294175751148151,3.90960982093987e-05
3306,136.7777270925919,7.382837895698497e-05,0.5295537943773284,3.90960982093987e-05
3307,136.81908715521442,7.380782196067454e-05,0.5297012859995983,3.90960982093987e-05
3308,136.86044721783688,7.378570865025766e-05,0.5298600355620787,3.90960982093987e-05
3309,136.90180728045937,7.37620679982462e-05,0.530029855051356,3.90960982093987e-05
3310,136.94316734308188,7.373695166667554e-05,0.530210394187853,3.90960982093987e-05
3311,136.9845274057044,7.371043194650467e-05,0.5304011545851839,3.90960982093987e-05
3312,137.02588746832686,7.368259935251294e-05,0.5306015063659034,3.90960982093987e-05
3313,137.06724753094937,7.365355994396184e-05,0.5308107067620949,3.90960982093987e-05
3314,137.10860759357186,7.362343245274901e-05,0.5310279201460798,3.90960982093987e-05
3315,137.14996765619438,7.359234530990092e-05,0.5312522388675499,3.90960982093987e-05
3316,137.19132771881684,7.356043366591596e-05,0.531482704234162,3.90960982093987e-05
3317,137.23268778143935,7.352783650121594e-05,0.5317183269597789,3.90960982093987e-05
3318,137.27404784406184,7.349469391826996e-05,0.5319581064297738,3.90960982093987e-05
3319,137.31540790668433,7.346114469757228e-05,0.5322010481915447,3.90960982093987e-05
3320,137.35676796930684,7.342732418557429e-05,0.5324461791715354,3.90960982093987e-05
3321,137.39812803192933,7.339336256468289e-05,0.5326925602426597,3.90960982093987e-05
3322,137.43948809455182,7.33593835346264e-05,0.5329392959108624,3.90960982093987e-05
3323,137.4808481571743,7.332550341210251e-05,0.533185541047998,3.90960982093987e-05
3324,137.52220821979682,7.32918306333199e-05,0.5334305047583959,3.90960982093987e-05
3325,137.5635682824193,7.325846562295418e-05,0.5336734516201588,3.90960982093987e-05
3326,137.6049283450418,7.322550097495534e-05,0.5339137006760853,3.90960982093987e-05
3327,137.6462884076643,7.319302187661444e-05,0.5341506226550554,3.90960982093987e-05
3328,137.6876484702868,7.316110669814853e-05,0.5343836359761914,3.90960982093987e-05
3329,137.72900853290932,7.312982766661321e-05,0.5346122021185575,3.90960982093987e-05
3330,137.77036859553178,7.309925154500676e-05,0.5348358209294042,3.90960982093987e-05
3331,137.81172865815427,7.306944024519746e-05,0.5350540263919473,3.90960982093987e-05
3332,137.85308872077678,7.304045131531073e-05,0.5352663832897673,3.90960982093987e-05
3333,137.89444878339924,7.301233825856302e-05,0.5354724850880042,3.90960982093987e-05
3334,137.93580884602176,7.29851506588021e-05,0.5356719532192081,3.90960982093987e-05
3335,137.97716890864427,7.295893410761532e-05,0.5358644378182866,3.90960982093987e-05
3336,138.01852897126676,7.293372994704327e-05,0.5360496198094645,3.90960982093987e-05
3337,138.05988903388925,7.290957485922769e-05,0.5362272141194713,3.90960982093987e-05
3338,138.10124909651176,7.28865003487279e-05,0.5363969736829469,3.90960982093987e-05
3339,138.14260915913425,7.286453217368108e-05,0.5365586938266289,3.90960982093987e-05
3340,138.18396922175674,7.284368978795991e-05,0.5367122165722688,3.90960982093987e-05
3341,138.22532928437923,7.282398585749798e-05,0.5368574343884716,3.90960982093987e-05
3342,138.26668934700172,7.280542591045784e-05,0.5369942929457254,3.90960982093987e-05
3343,138.30804940962423,7.278800817293502e-05,0.5371227924867976,3.90960982093987e-05
3344,138.34940947224672,7.277172363042568e-05,0.5372429875091308,3.90960982093987e-05
3345,138.3907695348692,7.275655634095848e-05,0.5373549845622566,3.90960982093987e-05
3346,138.4321295974917,7.274248401001318e-05,0.5374589380810397,3.90960982093987e-05
3347,138.47348966011424,7.272947882070135e-05,0.5375550443002842,3.90960982093987e-05
3348,138.5148497227367,7.271750849686585e-05,0.5376435334151164,3.90960982093987e-05
3349,138.5562097853592,7.27065375622072e-05,0.5377246602610991,3.90960982093987e-05
3350,138.59756984798167,7.269652874637375e-05,0.537798693879849,3.90960982093987e-05
3351,138.63892991060416,7.26874444799227e-05,0.5378659064042015,3.90960982093987e-05
3352,138.68028997322668,7.267924841423112e-05,0.5379265617411559,3.90960982093987e-05
3353,138.7216500358492,7.267190690038642e-05,0.5379809045466346,3.90960982093987e-05
3354,138.76301009847168,7.26653903625277e-05,0.5380291499756381,3.90960982093987e-05
3355,138.80437016109414,7.265967450585609e-05,0.5380714746561067,3.90960982093987e-05
3356,138.84573022371666,7.265474130718213e-05,0.5381080092777639,3.90960982093987e-05
3357,138.88709028633917,7.265057974572916e-05,0.5381388331136753,3.90960982093987e-05
3358,138.92845034896166,7.264718624334698e-05,0.5381639707068367,3.90960982093987e-05
3359,138.96981041158415,7.26445647953982e-05,0.538183390863611,3.90960982093987e-05
3360,139.01117047420664,7.264272678594009e-05,0.5381970080033629,3.90960982093987e-05
3361,139.05253053682915,7.264169049225484e-05,0.5382046858279982,3.90960982093987e-05
3362,139.09389059945164,7.26414802942566e-05,0.5382062431964212,3.90960982093987e-05
3363,139.13525066207413,7.264212561297023e-05,0.5382014620235467,3.90960982093987e-05
3364,139.17661072469662,7.264365960932914e-05,0.538190096969975,3.90960982093987e-05
3365,139.2179707873191,7.26461176795535e-05,0.5381718866499376,3.90960982093987e-05
3366,139.25933084994162,7.264953578696864e-05,0.538146566057088,3.90960982093987e-05
3367,139.3006909125641,7.265394867233589e-05,0.5381138798899879,3.90960982093987e-05
3368,139.3420509751866,7.26593879860027e-05,0.5380735964488207,3.90960982093987e-05
3369,139.38341103780908,7.266588038626665e-05,0.5380255217658877,3.90960982093987e-05
3370,139.4247711004316,7.267344564924578e-05,0.5379695136252901,3.90960982093987e-05
3371,139.46613116305411,7.268209483674553e-05,0.5379054951183532,3.90960982093987e-05
3372,139.50749122567657,7.269182857030979e-05,0.5378334673694959,3.90960982093987e-05
3373,139.54885128829906,7.270263546156445e-05,0.5377535210545091,3.90960982093987e-05
3374,139.59021135092158,7.27144907506801e-05,0.5376658463228395,3.90960982093987e-05
3375,139.6315714135441,7.272735520607135e-05,0.5375707407291351,3.90960982093987e-05
3376,139.67293147616655,7.274117433824203e-05,0.5374686147848566,3.90960982093987e-05
3377,139.71429153878907,7.27558779783342e-05,0.5373599947627742,3.90960982093987e-05
3378,139.75565160141156,7.27713802669953e-05,0.5372455224286893,3.90960982093987e-05
3379,139.79701166403407,7.278758009069185e-05,0.5371259514423443,3.90960982093987e-05
3380,139.83837172665656,7.280436199063402e-05,0.5370021402622587,3.90960982093987e-05
3381,139.87973178927905,7.282159755398954e-05,0.5368750415069248,3.90960982093987e-05
3382,139.92109185190154,7.283914727872657e-05,0.53674568786196,3.90960982093987e-05
3383,139.96245191452402,7.28568628828241e-05,0.5366151747746409,3.90960982093987e-05
3384,140.00381197714654,7.287459000731928e-05,0.5364846403317263,3.90960982093987e-05
3385,140.04517203976903,7.289217124210527e-05,0.5363552428633833,3.90960982093987e-05
3386,140.08653210239152,7.290944938479988e-05,0.5362281369463946,3.90960982093987e-05
3387,140.127892165014,7.292627082864192e-05,0.536104448577448,3.90960982093987e-05
3388,140.16925222763652,7.294248896563517e-05,0.5359852503500085,3.90960982093987e-05
3389,140.210612290259,7.295796748777945e-05,0.5358715374842007,3.90960982093987e-05
3390,140.2519723528815,7.297258347205987e-05,0.5357642055302595,3.90960982093987e-05
3391,140.29333241550398,7.298623014420889e-05,0.5356640304911103,3.90960982093987e-05
3392,140.3346924781265,7.299881923116394e-05,0.5355716519960939,3.90960982093987e-05
3393,140.37605254074901,7.301028283166164e-05,0.5354875600131807,3.90960982093987e-05
3394,140.41741260337147,7.302057475697925e-05,0.5354120854227038,3.90960982093987e-05
3395,140.45877266599396,7.302967131762499e-05,0.5353453946048808,3.90960982093987e-05
3396,140.50013272861648,7.303757155515558e-05,0.5352874880276464,3.90960982093987e-05
3397,140.54149279123894,7.30442969395934e-05,0.5352382026721487,3.90960982093987e-05
3398,140.58285285386145,7.304989057069534e-05,0.5351972180103782,3.90960982093987e-05
3399,140.62421291648397,7.305441593476876e-05,0.5351640651580614,3.90960982093987e-05
3400,140.66557297910646,7.305795527746156e-05,0.5351381387683031,3.90960982093987e-05
3401,140.70693304172894,7.306060765684851e-05,0.5351187112078986,3.90960982093987e-05
3402,140.74829310435146,7.306248674084506e-05,0.5351049485637382,3.90960982093987e-05
3403,140.78965316697395,7.306371840936764e-05,0.5350959280548486,3.90960982093987e-05
3404,140.83101322959644,7.306443821567499e-05,0.535090656469472,3.90960982093987e-05
3405,140.87237329221892,7.306478875418319e-05,0.5350880892974638,3.90960982093987e-05
3406,140.9137333548414,7.306491697507839e-05,0.5350871502767044,3.90960982093987e-05
3407,140.95509341746393,7.306497147947768e-05,0.5350867511168457,3.90960982093987e-05
3408,140.99645348008642,7.306509982445292e-05,0.5350858111920938,3.90960982093987e-05
3409,141.0378135427089,7.306544586408786e-05,0.5350832770133643,3.90960982093987e-05
3410,141.07917360533142,7.306614715195919e-05,0.535078141291461,3.90960982093987e-05
3411,141.12053366795394,7.306733243106218e-05,0.5350694613941904,3.90960982093987e-05
3412,141.1618937305764,7.306911923952861e-05,0.535056376979684,3.90960982093987e-05
3413,141.20325379319888,7.307161166311547e-05,0.5350381265660975,3.90960982093987e-05
3414,141.2446138558214,7.307489826882424e-05,0.5350140627712399,3.90960982093987e-05
3415,141.28597391844386,7.307905025689538e-05,0.5349836659338603,3.90960982093987e-05
3416,141.32733398106637,7.308411987039739e-05,0.5349465558144393,3.90960982093987e-05
3417,141.3686940436889,7.309013910293865e-05,0.5349025010656576,3.90960982093987e-05
3418,141.41005410631138,7.309711874461636e-05,0.5348514261689439,3.90960982093987e-05
3419,141.45141416893384,7.310504780463758e-05,0.5347934155501443,3.90960982093987e-05
3420,141.49277423155635,7.31138933455114e-05,0.5347287146184903,3.90960982093987e-05
3421,141.53413429417887,7.31236007588129e-05,0.5346577275146945,3.90960982093987e-05
3422,141.57549435680136,7.313409450528939e-05,0.5345810114128247,3.90960982093987e-05
3423,141.61685441942385,7.314527933348595e-05,0.5344992672890168,3.90960982093987e-05
3424,141.65821448204633,7.315704198012415e-05,0.5344133271547614,3.90960982093987e-05
3425,141.69957454466885,7.316925334274034e-05,0.5343241378487801,3.90960982093987e-05
3426,141.74093460729134,7.318177110042355e-05,0.5342327415901038,3.90960982093987e-05
3427,141.78229466991382,7.319444274228182e-05,0.5341402536126459,3.90960982093987e-05
3428,141.8236547325363,7.320710894575286e-05,0.5340478373264169,3.90960982093987e-05
3429,141.8650147951588,7.321960722904938e-05,0.5339566775753967,3.90960982093987e-05
3430,141.90637485778132,7.323177578469736e-05,0.5338679526813862,3.90960982093987e-05
3431,141.9477349204038,7.324345738519899e-05,0.5337828060708018,3.90960982093987e-05
3432,141.98909498302632,7.325450323918149e-05,0.533702318364606,3.90960982093987e-05
3433,142.03045504564878,7.3264776667765e-05,0.5336274808655793,3.90960982093987e-05
3434,142.0718151082713,7.327415646783578e-05,0.5335591713916246,3.90960982093987e-05
3435,142.1131751708938,7.328253983235528e-05,0.5334981333730633,3.90960982093987e-05
3436,142.1545352335163,7.328984470857653e-05,0.5334449590506991,3.90960982093987e-05
3437,142.19589529613876,7.329601149287657e-05,0.5334000774816832,3.90960982093987e-05
3438,142.23725535876127,7.330100398591928e-05,0.5333637478813912,3.90960982093987e-05
3439,142.2786154213838,7.330480956268565e-05,0.5333360586110818,3.90960982093987e-05
3440,142.31997548400628,7.330743854687105e-05,0.5333169318745407,3.90960982093987e-05
3441,142.36133554662877,7.330892281676904e-05,0.5333061339220179,3.90960982093987e-05
3442,142.40269560925125,7.330931370684823e-05,0.5333032902986584,3.90960982093987e-05
3443,142.44405567187377,7.330867930391498e-05,0.5333079054298392,3.90960982093987e-05
3444,142.48541573449626,7.330710126614989e-05,0.533319385627537,3.90960982093987e-05
3445,142.52677579711875,7.330467131567268e-05,0.5333370644421658,3.90960982093987e-05
3446,142.56813585974123,7.330148756831505e-05,0.5333602291899217,3.90960982093987e-05
3447,142.60949592236372,7.329765086799793e-05,0.5333881474565542,3.90960982093987e-05
3448,142.65085598498624,7.329326128625399e-05,0.5334200924243918,3.90960982093987e-05
3449,142.69221604760872,7.328841493131467e-05,0.5334553659816392,3.90960982093987e-05
3450,142.7335761102312,7.328320118705688e-05,0.533493318743065,3.90960982093987e-05
3451,142.7749361728537,7.327770047157694e-05,0.5335333663283192,3.90960982093987e-05
3452,142.81629623547622,7.327198257115184e-05,0.5335750014875584,3.90960982093987e-05
3453,142.8576562980987,7.326610557013168e-05,0.5336178019176301,3.90960982093987e-05
3454,142.89901636072122,7.326011536374052e-05,0.5336614338550303,3.90960982093987e-05
3455,142.94037642334368,7.325404571092838e-05,0.533705651748954,3.90960982093987e-05
3456,142.9817364859662,7.324791876049084e-05,0.5337502944928276,3.90960982093987e-05
3457,143.0230965485887,7.324174596678076e-05,0.5337952788172332,3.90960982093987e-05
3458,143.0644566112112,7.323552930181623e-05,0.5338405905182572,3.90960982093987e-05
3459,143.10581667383366,7.322926266882912e-05,0.5338862742098919,3.90960982093987e-05
3460,143.14717673645617,7.322293342708225e-05,0.5339324222558204,3.90960982093987e-05
3461,143.18853679907863,7.321652394792061e-05,0.5339791634632642,3.90960982093987e-05
3462,143.22989686170118,7.321001313611215e-05,0.5340266520197338,3.90960982093987e-05
3463,143.27125692432367,7.320337786653253e-05,0.5340750570374,3.90960982093987e-05
3464,143.31261698694615,7.31965943025959e-05,0.534124552950849,3.90960982093987e-05
3465,143.35397704956864,7.318963907786468e-05,0.5341753109043934,3.90960982093987e-05
3466,143.39533711219116,7.318249033514828e-05,0.5342274911710886,3.90960982093987e-05
3467,143.43669717481365,7.317512862677249e-05,0.5342812365770775,3.90960982093987e-05
3468,143.47805723743613,7.316753768583784e-05,0.5343366668599272,3.90960982093987e-05
3469,143.51941730005862,7.31597050812084e-05,0.5343938738681551,3.90960982093987e-05
3470,143.5607773626811,7.315162276855425e-05,0.5344529175121043,3.90960982093987e-05
3471,143.60213742530362,7.314328754775015e-05,0.534513822391092,3.90960982093987e-05
3472,143.6434974879261,7.31347014331711e-05,0.5345765750493132,3.90960982093987e-05
3473,143.6848575505486,7.312587193943349e-05,0.5346411218423495,3.90960982093987e-05
3474,143.72621761317112,7.311681228127193e-05,0.5347073674246154,3.90960982093987e-05
3475,143.76757767579363,7.31075414835573e-05,0.5347751738880708,3.90960982093987e-05
3476,143.8089377384161,7.309808439556357e-05,0.5348443605968353,3.90960982093987e-05
3477,143.85029780103858,7.308847160356314e-05,0.5349147047629975,3.90960982093987e-05
3478,143.8916578636611,7.307873923694457e-05,0.5349859428011844,3.90960982093987e-05
3479,143.93301792628355,7.306892866506198e-05,0.5350577724850722,3.90960982093987e-05
3480,143.9743779889061,7.305908608514984e-05,0.535129855906389,3.90960982093987e-05
3481,144.0157380515286,7.304926200484062e-05,0.5352018232136007,3.90960982093987e-05
3482,144.05709811415107,7.303951062609118e-05,0.5352732770834419,3.90960982093987e-05
3483,144.09845817677353,7.302988914026271e-05,0.5353437978566546,3.90960982093987e-05
3484,144.13981823939605,7.302045694672669e-05,0.535412949249577,3.90960982093987e-05
3485,144.18117830201857,7.301127480888979e-05,0.5354802845414554,3.90960982093987e-05
3486,144.22253836464105,7.300240396305835e-05,0.5355453531253934,3.90960982093987e-05
3487,144.26389842726354,7.299390519618703e-05,0.535607707305417,3.90960982093987e-05
3488,144.30525848988603,7.298583790883926e-05,0.5356669092191624,3.90960982093987e-05
3489,144.34661855250855,7.297825917980161e-05,0.5357225377639514,3.90960982093987e-05
3490,144.38797861513103,7.297122284878272e-05,0.5357741954032621,3.90960982093987e-05
3491,144.42933867775352,7.29647786331692e-05,0.5358215147332186,3.90960982093987e-05
3492,144.470698740376,7.295897129469391e-05,0.5358641646889838,3.90960982093987e-05
3493,144.5120588029985,7.295383987099108e-05,0.5359018562769942,3.90960982093987e-05
3494,144.553418865621,7.294941698611076e-05,0.5359343477253893,3.90960982093987e-05
3495,144.5947789282435,7.294572825241256e-05,0.5359614489571658,3.90960982093987e-05
3496,144.63613899086602,7.294279177410599e-05,0.5359830253066548,3.90960982093987e-05
3497,144.67749905348848,7.294061775960957e-05,0.5359990004231625,3.90960982093987e-05
3498,144.718859116111,7.293920824636273e-05,0.5360093583322975,3.90960982093987e-05
3499,144.7602191787335,7.293855693745676e-05,0.5360141446577119,3.90960982093987e-05
3500,144.801579241356,7.293864914500119e-05,0.5360134670396227,3.90960982093987e-05
3501,144.84293930397845,7.293946183066506e-05,0.5360074948203415,3.90960982093987e-05
3502,144.88429936660097,7.294096373012424e-05,0.5359964580952228,3.90960982093987e-05
3503,144.9256594292235,7.294311554506246e-05,0.5359806462509282,3.90960982093987e-05
3504,144.96701949184597,7.294587018505638e-05,0.5359604061232776,3.90960982093987e-05
3505,145.00837955446846,7.294917304208324e-05,0.5359361399044891,3.90960982093987e-05
3506,145.04973961709095,7.295296228248742e-05,0.5359083029145731,3.90960982093987e-05
3507,145.09109967971347,7.295716914574607e-05,0.5358774013188022,3.90960982093987e-05
3508,145.13245974233595,7.296171824545428e-05,0.5358439898286592,3.90960982093987e-05
3509,145.17381980495844,7.296652787544972e-05,0.5358086693686976,3.90960982093987e-05
3510,145.21517986758093,7.2971510332217e-05,0.5357720846314693,3.90960982093987e-05
3511,145.25653993020342,7.297657227333981e-05,0.5357349213794397,3.90960982093987e-05
3512,145.29789999282593,7.298161513892272e-05,0.5356979033004147,3.90960982093987e-05
3513,145.33926005544842,7.298653566911973e-05,0.5356617881774608,3.90960982093987e-05
3514,145.38062011807094,7.299122655427166e-05,0.5356273631095829,3.90960982093987e-05
3515,145.4219801806934,7.299557725452646e-05,0.5355954385164391,3.90960982093987e-05
3516,145.46334024331588,7.299947502285339e-05,0.5355668406815143,3.90960982093987e-05
3517,145.5047003059384,7.300280615866038e-05,0.5355424026362677,3.90960982093987e-05
3518,145.54606036856092,7.300545750907179e-05,0.5355229532605909,3.90960982093987e-05
3519,145.58742043118338,7.300731822176783e-05,0.5355093045691661,3.90960982093987e-05
3520,145.6287804938059,7.300828173772102e-05,0.5355022372646666,3.90960982093987e-05
3521,145.6701405564284,7.300824799519428e-05,0.535502484759971,3.90960982093987e-05
3522,145.7115006190509,7.300712579888422e-05,0.5355107159963858,3.90960982093987e-05
3523,145.75286068167335,7.300483529162139e-05,0.5355275175024699,3.90960982093987e-05
3524,145.79422074429587,7.300131045103024e-05,0.5355533752455666,3.90960982093987e-05
3525,145.83558080691836,7.299650152183977e-05,0.5355886569125723,3.90960982093987e-05
3526,145.87694086954087,7.299037728639477e-05,0.535633595316216,3.90960982093987e-05
3527,145.91830093216336,7.298292707229754e-05,0.5356882736515864,3.90960982093987e-05
3528,145.95966099478585,7.297416239743764e-05,0.5357526133218282,3.90960982093987e-05
3529,146.00102105740834,7.296411815919513e-05,0.5358263650099595,3.90960982093987e-05
3530,146.04238112003085,7.295285328580093e-05,0.5359091035992161,3.90960982093987e-05
3531,146.08374118265334,7.29404507840146e-05,0.5360002274343894,3.90960982093987e-05
3532,146.12510124527583,7.292701713725577e-05,0.5360989622791787,3.90960982093987e-05
3533,146.16646130789832,7.291268103146944e-05,0.536204370163328,3.90960982093987e-05
3534,146.2078213705208,7.28975914114137e-05,0.5363153631338957,3.90960982093987e-05
3535,146.24918143314332,7.288191489653284e-05,0.536430721735312,3.90960982093987e-05
3536,146.29054149576584,7.286583261192521e-05,0.5365491178508848,3.90960982093987e-05
3537,146.3319015583883,7.284953651491811e-05,0.5366691413526373,3.90960982093987e-05
3538,146.3732616210108,7.283322532054549e-05,0.5367893298330988,3.90960982093987e-05
3539,146.41462168363333,7.281710014805546e-05,0.5369082005450163,3.90960982093987e-05
3540,146.45598174625582,7.280136002532807e-05,0.5370242835545506,3.90960982093987e-05
3541,146.49734180887828,7.278619739742485e-05,0.5371361550312547,3.90960982093987e-05
3542,146.5387018715008,7.277179378886249e-05,0.5372424695594387,3.90960982093987e-05
3543,146.58006193412328,7.275831576666337e-05,0.537341990361353,3.90960982093987e-05
3544,146.6214219967458,7.27459113424235e-05,0.5374336163769919,3.90960982093987e-05
3545,146.66278205936828,7.273470693666264e-05,0.5375164052485091,3.90960982093987e-05
3546,146.70414212199077,7.272480500849384e-05,0.5375895914032701,3.90960982093987e-05
3547,146.74550218461326,7.271628242850203e-05,0.5376525986162696,3.90960982093987e-05
3548,146.78686224723575,7.270918964382545e-05,0.5377050466511256,3.90960982093987e-05
3549,146.82822230985826,7.270355065291996e-05,0.5377467518201396,3.90960982093987e-05
3550,146.86958237248075,7.269936377493758e-05,0.5377777215552018,3.90960982093987e-05
3551,146.91094243510324,7.26966031660461e-05,0.5377981433341448,3.90960982093987e-05
3552,146.95230249772573,7.269522100431224e-05,0.5378083685457059,3.90960982093987e-05
3553,146.99366256034824,7.269515023725269e-05,0.5378088920898038,3.90960982093987e-05
3554,147.03502262297073,7.269630776317135e-05,0.5378003286874655,3.90960982093987e-05
3555,147.07638268559322,7.269859790006331e-05,0.537783387007587,3.90960982093987e-05
3556,147.1177427482157,7.270191598561573e-05,0.5377588427949267,3.90960982093987e-05
3557,147.1591028108382,7.27061519484424e-05,0.5377275122072565,3.90960982093987e-05
3558,147.20046287346074,7.271119369553294e-05,0.5376902265297372,3.90960982093987e-05
3559,147.2418229360832,7.271693017319224e-05,0.5376478093379667,3.90960982093987e-05
3560,147.2831829987057,7.272325397813083e-05,0.5376010570312982,3.90960982093987e-05
3561,147.32454306132817,7.273006342143042e-05,0.5375507234588601,3.90960982093987e-05
3562,147.36590312395072,7.273726397906284e-05,0.5374975091261663,3.90960982093987e-05
3563,147.40726318657318,7.274476909737955e-05,0.5374420552089846,3.90960982093987e-05
3564,147.4486232491957,7.275250035831809e-05,0.5373849423297338,3.90960982093987e-05
3565,147.48998331181815,7.276038704563917e-05,0.5373266937801686,3.90960982093987e-05
3566,147.53134337444067,7.27683651871834e-05,0.5372677826254731,3.90960982093987e-05
3567,147.57270343706318,7.277637617830623e-05,0.537208641903398,3.90960982093987e-05
3568,147.61406349968567,7.278436511533391e-05,0.5371496769594284,3.90960982093987e-05
3569,147.65542356230816,7.279227898399444e-05,0.5370912788428447,3.90960982093987e-05
3570,147.69678362493065,7.280006485534124e-05,0.5370338376357954,3.90960982093987e-05
3571,147.73814368755316,7.280766823972084e-05,0.5369777546051049,3.90960982093987e-05
3572,147.77950375017565,7.281503173799533e-05,0.5369234521530548,3.90960982093987e-05
3573,147.82086381279814,7.282209410868051e-05,0.5368713806973368,3.90960982093987e-05
3574,147.86222387542063,7.28287898417307e-05,0.5368220218180357,3.90960982093987e-05
3575,147.9035839380431,7.283504929482533e-05,0.5367758872674552,3.90960982093987e-05
3576,147.94494400066563,7.284079940961756e-05,0.5367335137213861,3.90960982093987e-05
3577,147.98630406328812,7.284596498490647e-05,0.5366954534475497,3.90960982093987e-05
3578,148.02766412591063,7.285047044419386e-05,0.5366622613555769,3.90960982093987e-05
3579,148.0690241885331,7.28542419991251e-05,0.5366344791545317,3.90960982093987e-05
3580,148.11038425115558,7.285721008032982e-05,0.5366126175610171,3.90960982093987e-05
3581,148.1517443137781,7.285931188544285e-05,0.5365971376571569,3.90960982093987e-05
3582,148.1931043764006,7.28604938818625e-05,0.5365884325844664,3.90960982093987e-05
3583,148.23446443902307,7.286071410086628e-05,0.5365868107643742,3.90960982093987e-05
3584,148.2758245016456,7.285994406918062e-05,0.5365924817657958,3.90960982093987e-05
3585,148.3171845642681,7.285817024489332e-05,0.5366055457883115,3.90960982093987e-05
3586,148.3585446268906,7.28553948542405e-05,0.5366259875142677,3.90960982093987e-05
3587,148.39990468951305,7.285163606321193e-05,0.5366536748121317,3.90960982093987e-05
3588,148.44126475213557,7.284692746019401e-05,0.5366883624674783,3.90960982093987e-05
3589,148.48262481475805,7.284131687037139e-05,0.536729700795693,3.90960982093987e-05
3590,148.52398487738057,7.28348645660001e-05,0.5367772486756167,3.90960982093987e-05
3591,148.56534494000306,7.282764097611786e-05,0.5368304902560193,3.90960982093987e-05
3592,148.60670500262555,7.281972403173461e-05,0.5368888543488677,3.90960982093987e-05
3593,148.64806506524803,7.281119630573557e-05,0.5369517353517096,3.90960982093987e-05
3594,148.68942512787055,7.280214211881166e-05,0.5370185144496799,3.90960982093987e-05
3595,148.73078519049304,7.27926447829109e-05,0.5370885798420263,3.90960982093987e-05
3596,148.77214525311553,7.278278414149406e-05,0.5371613448228851,3.90960982093987e-05
3597,148.813505315738,7.277263454257224e-05,0.5372362627125633,3.90960982093987e-05
3598,148.8548653783605,7.276226334726472e-05,0.5373128378759867,3.90960982093987e-05
3599,148.89622544098302,7.275173003637842e-05,0.5373906323581484,3.90960982093987e-05
3600,148.93758550360553,7.274108593258874e-05,0.5374692679956714,3.90960982093987e-05
3601,148.978945566228,7.273037451054752e-05,0.5375484241969481,3.90960982093987e-05
3602,149.0203056288505,7.27196322239712e-05,0.5376278319035712,3.90960982093987e-05
3603,149.061665691473,7.270888974175364e-05,0.5377072645210186,3.90960982093987e-05
3604,149.1030257540955,7.269817345697428e-05,0.5377865268174497,3.90960982093987e-05
3605,149.14438581671797,7.268750711525698e-05,0.5378654429213807,3.90960982093987e-05
3606,149.1857458793405,7.267691340423902e-05,0.537943844587081,3.90960982093987e-05
3607,149.22710594196298,7.266641535393584e-05,0.5380215608403633,3.90960982093987e-05
3608,149.2684660045855,7.265603741812097e-05,0.5380984099698208,3.90960982093987e-05
3609,149.30982606720798,7.264580613769548e-05,0.5381741946024324,3.90960982093987e-05
3610,149.35118612983047,7.263575032645579e-05,0.5382487003119579,3.90960982093987e-05
3611,149.39254619245295,7.262590076354758e-05,0.5383216978841499,3.90960982093987e-05
3612,149.43390625507544,7.261628942298953e-05,0.5383929490209025,3.90960982093987e-05
3613,149.47526631769796,7.260694831415907e-05,0.5384622149416873,3.90960982093987e-05
3614,149.51662638032045,7.259790804489555e-05,0.5385292670585099,3.90960982093987e-05
3615,149.55798644294293,7.258919624819741e-05,0.5385938986804742,3.90960982093987e-05
3616,149.59934650556542,7.25808360312882e-05,0.538655936569057,3.90960982093987e-05
3617,149.64070656818794,7.257284461115509e-05,0.5387152511228599,3.90960982093987e-05
3618,149.68206663081045,7.25652322926655e-05,0.538771764027693,3.90960982093987e-05
3619,149.7234266934329,7.255800192493622e-05,0.5388254523580318,3.90960982093987e-05
3620,149.7647867560554,7.255114893969275e-05,0.5388763483524824,3.90960982093987e-05
3621,149.80614681867792,7.254466203492561e-05,0.5389245343865058,3.90960982093987e-05
3622,149.84750688130043,7.253852452077462e-05,0.5389701330112084,3.90960982093987e-05
3623,149.8888669439229,7.253271629556788e-05,0.5390132922925936,3.90960982093987e-05
3624,149.9302270065454,7.252721637225238e-05,0.5390541670417144,3.90960982093987e-05
3625,149.9715870691679,7.252200583202816e-05,0.5390928968505246,3.90960982093987e-05
