Time (ns),Water after lsq fit to Water
0.0000000,0.0000000
0.0000050,0.0051934
0.0000100,0.0099039
0.0000150,0.0141226
0.0000200,0.0181538
0.0000250,0.0220700
0.0000300,0.0257102
0.0000350,0.0290030
0.0000400,0.0321021
0.0000450,0.0351390
0.0000500,0.0380920
0.0000550,0.0409116
0.0000600,0.0436524
0.0000650,0.0463624
0.0000700,0.0490027
0.0000750,0.0515250
0.0000800,0.0539689
0.0000850,0.0563712
0.0000900,0.0586958
0.0000950,0.0608996
0.0001000,0.5381457
0.0001050,0.5382881
0.0001100,0.5384432
0.0001150,0.5386068
0.0001200,0.5387768
0.0001250,0.5389539
0.0001300,0.5391368
0.0001350,0.5393208
0.0001400,0.5395008
0.0001450,0.5396758
0.0001500,0.5398444
0.0001550,0.5400035
0.0001600,0.5401572
0.0001650,0.5403131
0.0001700,0.5404794
0.0001750,0.5406636
0.0001800,0.5408725
0.0001850,0.5411065
0.0001900,0.5413565
0.0001950,0.5416131
0.0002000,0.4865178
0.0002050,0.4868092
0.0002100,0.4871036
0.0002150,0.4873957
0.0002200,0.4876857
0.0002250,0.4879729
0.0002300,0.4882524
0.0002350,0.4885231
0.0002400,0.4887896
0.0002450,0.4890551
0.0002500,0.4893177
0.0002550,0.4895745
0.0002600,0.4898309
0.0002650,0.4900905
0.0002700,0.4903487
0.0002750,0.4905987
0.0002800,0.4908398
0.0002850,0.4910750
0.0002900,0.4912989
0.0002950,0.4915016
0.0003000,0.6416656
0.0003050,0.6417381
0.0003100,0.6417909
0.0003150,0.6418247
0.0003200,0.6418508
0.0003250,0.6418857
0.0003300,0.6419377
0.0003350,0.6420070
0.0003400,0.6420906
0.0003450,0.6421902
0.0003500,0.6423086
0.0003550,0.6424438
0.0003600,0.6425927
0.0003650,0.6427557
0.0003700,0.6429324
0.0003750,0.6431211
0.0003800,0.6433228
0.0003850,0.6435417
0.0003900,0.6437764
0.0003950,0.6440230
0.0004000,0.7628930
0.0004050,0.7630121
0.0004100,0.7631422
0.0004150,0.7632812
0.0004200,0.7634285
0.0004250,0.7635817
0.0004300,0.7637388
0.0004350,0.7639009
0.0004400,0.7640664
0.0004450,0.7642362
0.0004500,0.7644128
0.0004550,0.7645996
0.0004600,0.7647986
0.0004650,0.7650090
0.0004700,0.7652287
0.0004750,0.7654530
0.0004800,0.7656759
0.0004850,0.7658946
0.0004900,0.7661091
0.0004950,0.7663214
0.0005000,0.8006217
0.0005050,0.8007154
0.0005100,0.8008109
0.0005150,0.8009077
0.0005200,0.8010039
0.0005250,0.8010955
0.0005300,0.8011768
0.0005350,0.8012449
0.0005400,0.8012953
0.0005450,0.8013258
0.0005500,0.8013394
0.0005550,0.8013421
0.0005600,0.8013364
0.0005650,0.8013235
0.0005700,0.8013055
0.0005750,0.8012887
0.0005800,0.8012801
0.0005850,0.8012846
0.0005900,0.8013036
0.0005950,0.8013401
0.0006000,0.7652646
0.0006050,0.7653610
0.0006100,0.7654803
0.0006150,0.7656223
0.0006200,0.7657870
0.0006250,0.7659704
0.0006300,0.7661641
0.0006350,0.7663635
0.0006400,0.7665650
0.0006450,0.7667657
0.0006500,0.7669627
0.0006550,0.7671563
0.0006600,0.7673491
0.0006650,0.7675410
0.0006700,0.7677297
0.0006750,0.7679166
0.0006800,0.7681039
0.0006850,0.7682911
0.0006900,0.7684729
0.0006950,0.7686454
0.0007000,0.8351132
0.0007050,0.8352127
0.0007100,0.8353025
0.0007150,0.8353803
0.0007200,0.8354476
0.0007250,0.8355077
0.0007300,0.8355614
0.0007350,0.8356111
0.0007400,0.8356585
0.0007450,0.8357048
0.0007500,0.8357476
0.0007550,0.8357858
0.0007600,0.8358212
0.0007650,0.8358564
0.0007700,0.8358888
0.0007750,0.8359157
0.0007800,0.8359411
0.0007850,0.8359717
0.0007900,0.8360103
0.0007950,0.8360630
0.0008000,0.8694985
0.0008050,0.8695576
0.0008100,0.8696332
0.0008150,0.8697194
0.0008200,0.8698116
0.0008250,0.8699068
0.0008300,0.8700006
0.0008350,0.8700911
0.0008400,0.8701819
0.0008450,0.8702740
0.0008500,0.8703644
0.0008550,0.8704523
0.0008600,0.8705394
0.0008650,0.8706255
0.0008700,0.8707077
0.0008750,0.8707830
0.0008800,0.8708524
0.0008850,0.8709170
0.0008900,0.8709765
0.0008950,0.8710322
0.0009000,0.8052616
0.0009050,0.8053076
0.0009100,0.8053594
0.0009150,0.8054173
0.0009200,0.8054861
0.0009250,0.8055686
0.0009300,0.8056609
0.0009350,0.8057582
0.0009400,0.8058609
0.0009450,0.8059688
0.0009500,0.8060766
0.0009550,0.8061833
0.0009600,0.8062916
0.0009650,0.8064040
0.0009700,0.8065198
0.0009750,0.8066400
0.0009800,0.8067682
0.0009850,0.8069069
0.0009900,0.8070571
0.0009950,0.8072202
0.0010000,0.8399013
0.0010050,0.8400241
0.0010100,0.8401569
0.0010150,0.8402985
0.0010200,0.8404512
0.0010250,0.8406169
0.0010300,0.8407917
0.0010350,0.8409739
0.0010400,0.8411659
0.0010450,0.8413718
0.0010500,0.8415943
0.0010550,0.8418329
0.0010600,0.8420842
0.0010650,0.8423439
0.0010700,0.8426024
0.0010750,0.8428525
0.0010800,0.8430953
0.0010850,0.8433344
0.0010900,0.8435711
0.0010950,0.8438082
0.0011000,0.9086022
0.0011050,0.9088006
0.0011100,0.9090187
0.0011150,0.9092547
0.0011200,0.9095056
0.0011250,0.9097688
0.0011300,0.9100405
0.0011350,0.9103148
0.0011400,0.9105884
0.0011450,0.9108571
0.0011500,0.9111194
0.0011550,0.9113780
0.0011600,0.9116379
0.0011650,0.9119032
0.0011700,0.9121685
0.0011750,0.9124291
0.0011800,0.9126857
0.0011850,0.9129358
0.0011900,0.9131738
0.0011950,0.9133956
0.0012000,0.9095343
0.0012050,0.9096709
0.0012100,0.9098053
0.0012150,0.9099391
0.0012200,0.9100773
0.0012250,0.9102218
0.0012300,0.9103695
0.0012350,0.9105196
0.0012400,0.9106742
0.0012450,0.9108318
0.0012500,0.9109900
0.0012550,0.9111487
0.0012600,0.9113087
0.0012650,0.9114711
0.0012700,0.9116381
0.0012750,0.9118125
0.0012800,0.9119953
0.0012850,0.9121856
0.0012900,0.9123850
0.0012950,0.9125965
0.0013000,0.9105961
0.0013050,0.9107827
0.0013100,0.9109715
0.0013150,0.9111646
0.0013200,0.9113663
0.0013250,0.9115757
0.0013300,0.9117907
0.0013350,0.9120111
0.0013400,0.9122369
0.0013450,0.9124671
0.0013500,0.9127017
0.0013550,0.9129386
0.0013600,0.9131725
0.0013650,0.9134010
0.0013700,0.9136226
0.0013750,0.9138330
0.0013800,0.9140281
0.0013850,0.9142067
0.0013900,0.9143730
0.0013950,0.9145354
0.0014000,0.8162045
0.0014050,0.8163313
0.0014100,0.8164748
0.0014150,0.8166378
0.0014200,0.8168180
0.0014250,0.8170096
0.0014300,0.8172095
0.0014350,0.8174158
0.0014400,0.8176265
0.0014450,0.8178399
0.0014500,0.8180577
0.0014550,0.8182824
0.0014600,0.8185129
0.0014650,0.8187498
0.0014700,0.8189947
0.0014750,0.8192458
0.0014800,0.8194957
0.0014850,0.8197352
0.0014900,0.8199596
0.0014950,0.8201685
0.0015000,0.7497944
0.0015050,0.7499191
0.0015100,0.7500398
0.0015150,0.7501607
0.0015200,0.7502867
0.0015250,0.7504186
0.0015300,0.7505530
0.0015350,0.7506880
0.0015400,0.7508229
0.0015450,0.7509555
0.0015500,0.7510841
0.0015550,0.7512133
0.0015600,0.7513473
0.0015650,0.7514862
0.0015700,0.7516300
0.0015750,0.7517829
0.0015800,0.7519479
0.0015850,0.7521239
0.0015900,0.7523136
0.0015950,0.7525203
0.0016000,0.7880591
0.0016050,0.7882360
0.0016100,0.7884164
0.0016150,0.7885987
0.0016200,0.7887782
0.0016250,0.7889526
0.0016300,0.7891223
0.0016350,0.7892886
0.0016400,0.7894509
0.0016450,0.7896076
0.0016500,0.7897624
0.0016550,0.7899240
0.0016600,0.7900941
0.0016650,0.7902713
0.0016700,0.7904604
0.0016750,0.7906654
0.0016800,0.7908818
0.0016850,0.7911025
0.0016900,0.7913256
0.0016950,0.7915552
0.0017000,0.8194465
0.0017050,0.8196083
0.0017100,0.8197747
0.0017150,0.8199457
0.0017200,0.8201147
0.0017250,0.8202747
0.0017300,0.8204237
0.0017350,0.8205621
0.0017400,0.8206892
0.0017450,0.8208033
0.0017500,0.8209072
0.0017550,0.8210051
0.0017600,0.8210966
0.0017650,0.8211776
0.0017700,0.8212495
0.0017750,0.8213160
0.0017800,0.8213755
0.0017850,0.8214251
0.0017900,0.8214683
0.0017950,0.8215101
0.0018000,0.9403022
0.0018050,0.9402414
0.0018100,0.9401810
0.0018150,0.9401231
0.0018200,0.9400672
0.0018250,0.9400121
0.0018300,0.9399597
0.0018350,0.9399141
0.0018400,0.9398779
0.0018450,0.9398517
0.0018500,0.9398367
0.0018550,0.9398320
0.0018600,0.9398325
0.0018650,0.9398326
0.0018700,0.9398324
0.0018750,0.9398343
0.0018800,0.9398392
0.0018850,0.9398498
0.0018900,0.9398689
0.0018950,0.9398964
0.0019000,1.0805783
0.0019050,1.0805905
0.0019100,1.0806096
0.0019150,1.0806387
0.0019200,1.0806774
0.0019250,1.0807269
0.0019300,1.0807883
0.0019350,1.0808581
0.0019400,1.0809308
0.0019450,1.0810049
0.0019500,1.0810806
0.0019550,1.0811560
0.0019600,1.0812272
0.0019650,1.0812909
0.0019700,1.0813450
0.0019750,1.0813878
0.0019800,1.0814192
0.0019850,1.0814430
0.0019900,1.0814639
0.0019950,1.0814839
0.0020000,1.0272368
0.0020050,1.0272184
0.0020100,1.0272042
0.0020150,1.0272008
0.0020200,1.0272140
0.0020250,1.0272472
0.0020300,1.0273002
0.0020350,1.0273716
0.0020400,1.0274550
0.0020450,1.0275412
0.0020500,1.0276250
0.0020550,1.0277052
0.0020600,1.0277800
0.0020650,1.0278479
0.0020700,1.0279112
0.0020750,1.0279727
0.0020800,1.0280307
0.0020850,1.0280838
0.0020900,1.0281355
0.0020950,1.0281908
0.0021000,0.9991789
0.0021050,0.9991440
0.0021100,0.9991164
0.0021150,0.9991023
0.0021200,0.9991006
0.0021250,0.9991081
0.0021300,0.9991277
0.0021350,0.9991623
0.0021400,0.9992063
0.0021450,0.9992540
0.0021500,0.9993030
0.0021550,0.9993494
0.0021600,0.9993841
0.0021650,0.9993996
0.0021700,0.9993946
0.0021750,0.9993691
0.0021800,0.9993215
0.0021850,0.9992509
0.0021900,0.9991614
0.0021950,0.9990573
0.0022000,0.9472745
0.0022050,0.9471598
0.0022100,0.9470473
0.0022150,0.9469416
0.0022200,0.9468447
0.0022250,0.9467548
0.0022300,0.9466700
0.0022350,0.9465907
0.0022400,0.9465209
0.0022450,0.9464648
0.0022500,0.9464269
0.0022550,0.9464096
0.0022600,0.9464122
0.0022650,0.9464271
0.0022700,0.9464476
0.0022750,0.9464720
0.0022800,0.9465029
0.0022850,0.9465438
0.0022900,0.9465942
0.0022950,0.9466504
0.0023000,0.9750696
0.0023050,0.9751510
0.0023100,0.9752457
0.0023150,0.9753521
0.0023200,0.9754674
0.0023250,0.9755880
0.0023300,0.9757120
0.0023350,0.9758367
0.0023400,0.9759609
0.0023450,0.9760825
0.0023500,0.9762014
0.0023550,0.9763220
0.0023600,0.9764491
0.0023650,0.9765863
0.0023700,0.9767339
0.0023750,0.9768873
0.0023800,0.9770452
0.0023850,0.9772102
0.0023900,0.9773810
0.0023950,0.9775562
0.0024000,0.8286334
0.0024050,0.8287699
0.0024100,0.8289025
0.0024150,0.8290294
0.0024200,0.8291501
0.0024250,0.8292628
0.0024300,0.8293688
0.0024350,0.8294731
0.0024400,0.8295796
0.0024450,0.8296876
0.0024500,0.8297950
0.0024550,0.8299036
0.0024600,0.8300154
0.0024650,0.8301263
0.0024700,0.8302330
0.0024750,0.8303358
0.0024800,0.8304344
0.0024850,0.8305261
0.0024900,0.8306132
0.0024950,0.8306999
0.0025000,0.8938710
0.0025050,0.8939339
0.0025100,0.8939990
0.0025150,0.8940683
0.0025200,0.8941407
0.0025250,0.8942135
0.0025300,0.8942892
0.0025350,0.8943741
0.0025400,0.8944708
0.0025450,0.8945751
0.0025500,0.8946853
0.0025550,0.8948033
0.0025600,0.8949309
0.0025650,0.8950697
0.0025700,0.8952208
0.0025750,0.8953833
0.0025800,0.8955537
0.0025850,0.8957277
0.0025900,0.8959044
0.0025950,0.8960835
0.0026000,0.9835270
0.0026050,0.9836342
0.0026100,0.9837384
0.0026150,0.9838404
0.0026200,0.9839375
0.0026250,0.9840250
0.0026300,0.9840989
0.0026350,0.9841591
0.0026400,0.9842063
0.0026450,0.9842395
0.0026500,0.9842604
0.0026550,0.9842747
0.0026600,0.9842862
0.0026650,0.9842980
0.0026700,0.9843131
0.0026750,0.9843336
0.0026800,0.9843617
0.0026850,0.9843965
0.0026900,0.9844341
0.0026950,0.9844707
0.0027000,0.9295354
0.0027050,0.9295294
0.0027100,0.9295175
0.0027150,0.9295011
0.0027200,0.9294831
0.0027250,0.9294679
0.0027300,0.9294592
0.0027350,0.9294602
0.0027400,0.9294773
0.0027450,0.9295149
0.0027500,0.9295754
0.0027550,0.9296606
0.0027600,0.9297685
0.0027650,0.9298972
0.0027700,0.9300476
0.0027750,0.9302198
0.0027800,0.9304122
0.0027850,0.9306215
0.0027900,0.9308417
0.0027950,0.9310649
0.0028000,1.0922029
0.0028050,1.0923137
0.0028100,1.0924275
0.0028150,1.0925468
0.0028200,1.0926684
0.0028250,1.0927879
0.0028300,1.0929048
0.0028350,1.0930205
0.0028400,1.0931349
0.0028450,1.0932451
0.0028500,1.0933501
0.0028550,1.0934517
0.0028600,1.0935515
0.0028650,1.0936508
0.0028700,1.0937482
0.0028750,1.0938394
0.0028800,1.0939230
0.0028850,1.0939980
0.0028900,1.0940629
0.0028950,1.0941195
0.0029000,1.0674359
0.0029050,1.0674902
0.0029100,1.0675414
0.0029150,1.0675934
0.0029200,1.0676468
0.0029250,1.0676969
0.0029300,1.0677390
0.0029350,1.0677709
0.0029400,1.0677933
0.0029450,1.0678087
0.0029500,1.0678209
0.0029550,1.0678348
0.0029600,1.0678571
0.0029650,1.0678917
0.0029700,1.0679358
0.0029750,1.0679858
0.0029800,1.0680426
0.0029850,1.0681057
0.0029900,1.0681721
0.0029950,1.0682416
0.0030000,1.0940224
0.0030050,1.0941013
0.0030100,1.0941937
0.0030150,1.0942961
0.0030200,1.0944062
0.0030250,1.0945246
0.0030300,1.0946487
0.0030350,1.0947747
0.0030400,1.0948999
0.0030450,1.0950225
0.0030500,1.0951404
0.0030550,1.0952521
0.0030600,1.0953563
0.0030650,1.0954511
0.0030700,1.0955337
0.0030750,1.0956034
0.0030800,1.0956596
0.0030850,1.0957019
0.0030900,1.0957304
0.0030950,1.0957471
0.0031000,1.0962106
0.0031050,1.0962309
0.0031100,1.0962547
0.0031150,1.0962828
0.0031200,1.0963185
0.0031250,1.0963647
0.0031300,1.0964193
0.0031350,1.0964798
0.0031400,1.0965424
0.0031450,1.0966012
0.0031500,1.0966537
0.0031550,1.0967011
0.0031600,1.0967465
0.0031650,1.0967913
0.0031700,1.0968391
0.0031750,1.0968935
0.0031800,1.0969544
0.0031850,1.0970210
0.0031900,1.0970908
0.0031950,1.0971621
0.0032000,1.0884238
0.0032050,1.0883982
0.0032100,1.0883999
0.0032150,1.0884286
0.0032200,1.0884857
0.0032250,1.0885665
0.0032300,1.0886626
0.0032350,1.0887680
0.0032400,1.0888769
0.0032450,1.0889811
0.0032500,1.0890729
0.0032550,1.0891516
0.0032600,1.0892249
0.0032650,1.0892976
0.0032700,1.0893686
0.0032750,1.0894376
0.0032800,1.0895051
0.0032850,1.0895699
0.0032900,1.0896313
0.0032950,1.0896926
0.0033000,1.0892063
0.0033050,1.0892005
0.0033100,1.0891954
0.0033150,1.0891917
0.0033200,1.0891886
0.0033250,1.0891823
0.0033300,1.0891708
0.0033350,1.0891569
0.0033400,1.0891411
0.0033450,1.0891232
0.0033500,1.0891064
0.0033550,1.0890993
0.0033600,1.0891057
0.0033650,1.0891260
0.0033700,1.0891611
0.0033750,1.0892114
0.0033800,1.0892765
0.0033850,1.0893524
0.0033900,1.0894328
0.0033950,1.0895130
0.0034000,1.0860157
0.0034050,1.0860350
0.0034100,1.0860516
0.0034150,1.0860664
0.0034200,1.0860797
0.0034250,1.0860922
0.0034300,1.0861043
0.0034350,1.0861180
0.0034400,1.0861344
0.0034450,1.0861494
0.0034500,1.0861612
0.0034550,1.0861728
0.0034600,1.0861852
0.0034650,1.0861941
0.0034700,1.0861934
0.0034750,1.0861810
0.0034800,1.0861555
0.0034850,1.0861157
0.0034900,1.0860640
0.0034950,1.0860047
0.0035000,1.0844625
0.0035050,1.0843647
0.0035100,1.0842517
0.0035150,1.0841268
0.0035200,1.0839950
0.0035250,1.0838631
0.0035300,1.0837395
0.0035350,1.0836317
0.0035400,1.0835456
0.0035450,1.0834803
0.0035500,1.0834335
0.0035550,1.0834068
0.0035600,1.0834009
0.0035650,1.0834151
0.0035700,1.0834519
0.0035750,1.0835164
0.0035800,1.0836100
0.0035850,1.0837284
0.0035900,1.0838663
0.0035950,1.0840207
0.0036000,1.1348366
0.0036050,1.1350007
0.0036100,1.1351666
0.0036150,1.1353289
0.0036200,1.1354866
0.0036250,1.1356379
0.0036300,1.1357798
0.0036350,1.1359137
0.0036400,1.1360415
0.0036450,1.1361600
0.0036500,1.1362680
0.0036550,1.1363708
0.0036600,1.1364742
0.0036650,1.1365773
0.0036700,1.1366760
0.0036750,1.1367697
0.0036800,1.1368602
0.0036850,1.1369490
0.0036900,1.1370329
0.0036950,1.1371076
0.0037000,1.1138617
0.0037050,1.1138539
0.0037100,1.1138489
0.0037150,1.1138528
0.0037200,1.1138736
0.0037250,1.1139163
0.0037300,1.1139804
0.0037350,1.1140615
0.0037400,1.1141549
0.0037450,1.1142581
0.0037500,1.1143701
0.0037550,1.1144901
0.0037600,1.1146167
0.0037650,1.1147450
0.0037700,1.1148692
0.0037750,1.1149892
0.0037800,1.1151080
0.0037850,1.1152276
0.0037900,1.1153498
0.0037950,1.1154789
0.0038000,1.1623678
0.0038050,1.1624856
0.0038100,1.1626162
0.0038150,1.1627595
0.0038200,1.1629131
0.0038250,1.1630732
0.0038300,1.1632389
0.0038350,1.1634121
0.0038400,1.1635923
0.0038450,1.1637769
0.0038500,1.1639660
0.0038550,1.1641589
0.0038600,1.1643522
0.0038650,1.1645407
0.0038700,1.1647201
0.0038750,1.1648874
0.0038800,1.1650424
0.0038850,1.1651857
0.0038900,1.1653189
0.0038950,1.1654462
0.0039000,1.1621283
0.0039050,1.1622313
0.0039100,1.1623355
0.0039150,1.1624437
0.0039200,1.1625596
0.0039250,1.1626853
0.0039300,1.1628235
0.0039350,1.1629736
0.0039400,1.1631313
0.0039450,1.1632929
0.0039500,1.1634579
0.0039550,1.1636232
0.0039600,1.1637842
0.0039650,1.1639357
0.0039700,1.1640731
0.0039750,1.1641951
0.0039800,1.1643020
0.0039850,1.1643946
0.0039900,1.1644774
0.0039950,1.1645568
0.0040000,1.1861253
0.0040050,1.1861896
0.0040100,1.1862636
0.0040150,1.1863441
0.0040200,1.1864276
0.0040250,1.1865129
0.0040300,1.1865998
0.0040350,1.1866857
0.0040400,1.1867648
0.0040450,1.1868349
0.0040500,1.1868983
0.0040550,1.1869559
0.0040600,1.1870069
0.0040650,1.1870494
0.0040700,1.1870865
0.0040750,1.1871234
0.0040800,1.1871613
0.0040850,1.1872005
0.0040900,1.1872441
0.0040950,1.1872949
0.0041000,1.1862993
0.0041050,1.1863457
0.0041100,1.1863995
0.0041150,1.1864581
0.0041200,1.1865193
0.0041250,1.1865854
0.0041300,1.1866563
0.0041350,1.1867290
0.0041400,1.1868022
0.0041450,1.1868743
0.0041500,1.1869409
0.0041550,1.1869991
0.0041600,1.1870504
0.0041650,1.1871011
0.0041700,1.1871588
0.0041750,1.1872307
0.0041800,1.1873228
0.0041850,1.1874339
0.0041900,1.1875564
0.0041950,1.1876827
0.0042000,1.1920752
0.0042050,1.1921028
0.0042100,1.1921312
0.0042150,1.1921589
0.0042200,1.1921853
0.0042250,1.1922098
0.0042300,1.1922308
0.0042350,1.1922457
0.0042400,1.1922522
0.0042450,1.1922490
0.0042500,1.1922364
0.0042550,1.1922160
0.0042600,1.1921919
0.0042650,1.1921659
0.0042700,1.1921378
0.0042750,1.1921092
0.0042800,1.1920852
0.0042850,1.1920689
0.0042900,1.1920584
0.0042950,1.1920484
0.0043000,1.1880513
0.0043050,1.1880230
0.0043100,1.1879916
0.0043150,1.1879611
0.0043200,1.1879323
0.0043250,1.1879035
0.0043300,1.1878758
0.0043350,1.1878504
0.0043400,1.1878249
0.0043450,1.1877966
0.0043500,1.1877653
0.0043550,1.1877303
0.0043600,1.1876904
0.0043650,1.1876442
0.0043700,1.1875898
0.0043750,1.1875256
0.0043800,1.1874540
0.0043850,1.1873776
0.0043900,1.1873003
0.0043950,1.1872291
0.0044000,1.1633181
0.0044050,1.1632295
0.0044100,1.1631548
0.0044150,1.1630995
0.0044200,1.1630661
0.0044250,1.1630549
0.0044300,1.1630660
0.0044350,1.1630955
0.0044400,1.1631400
0.0044450,1.1631981
0.0044500,1.1632696
0.0044550,1.1633533
0.0044600,1.1634478
0.0044650,1.1635523
0.0044700,1.1636653
0.0044750,1.1637846
0.0044800,1.1639088
0.0044850,1.1640337
0.0044900,1.1641530
0.0044950,1.1642627
0.0045000,1.2072238
0.0045050,1.2072659
0.0045100,1.2072980
0.0045150,1.2073272
0.0045200,1.2073577
0.0045250,1.2073878
0.0045300,1.2074151
0.0045350,1.2074411
0.0045400,1.2074691
0.0045450,1.2075009
0.0045500,1.2075369
0.0045550,1.2075773
0.0045600,1.2076191
0.0045650,1.2076561
0.0045700,1.2076854
0.0045750,1.2077101
0.0045800,1.2077369
0.0045850,1.2077703
0.0045900,1.2078137
0.0045950,1.2078732
0.0046000,1.2313620
0.0046050,1.2314041
0.0046100,1.2314531
0.0046150,1.2315073
0.0046200,1.2315675
0.0046250,1.2316305
0.0046300,1.2316908
0.0046350,1.2317481
0.0046400,1.2318057
0.0046450,1.2318656
0.0046500,1.2319273
0.0046550,1.2319931
0.0046600,1.2320664
0.0046650,1.2321465
0.0046700,1.2322283
0.0046750,1.2323110
0.0046800,1.2323959
0.0046850,1.2324819
0.0046900,1.2325647
0.0046950,1.2326413
0.0047000,1.2949121
0.0047050,1.2949704
0.0047100,1.2950276
0.0047150,1.2950814
0.0047200,1.2951298
0.0047250,1.2951719
0.0047300,1.2952060
0.0047350,1.2952302
0.0047400,1.2952475
0.0047450,1.2952610
0.0047500,1.2952733
0.0047550,1.2952900
0.0047600,1.2953148
0.0047650,1.2953475
0.0047700,1.2953873
0.0047750,1.2954358
0.0047800,1.2954943
0.0047850,1.2955662
0.0047900,1.2956564
0.0047950,1.2957664
0.0048000,1.2996865
0.0048050,1.2998030
0.0048100,1.2999346
0.0048150,1.3000782
0.0048200,1.3002322
0.0048250,1.3003931
0.0048300,1.3005535
0.0048350,1.3007077
0.0048400,1.3008542
0.0048450,1.3009941
0.0048500,1.3011295
0.0048550,1.3012607
0.0048600,1.3013889
0.0048650,1.3015186
0.0048700,1.3016527
0.0048750,1.3017924
0.0048800,1.3019378
0.0048850,1.3020885
0.0048900,1.3022436
0.0048950,1.3023986
0.0049000,1.3212107
0.0049050,1.3213514
0.0049100,1.3214878
0.0049150,1.3216185
0.0049200,1.3217390
0.0049250,1.3218491
0.0049300,1.3219522
0.0049350,1.3220503
0.0049400,1.3221421
0.0049450,1.3222308
0.0049500,1.3223273
0.0049550,1.3224404
0.0049600,1.3225705
0.0049650,1.3227163
0.0049700,1.3228781
0.0049750,1.3230535
0.0049800,1.3232344
0.0049850,1.3234134
0.0049900,1.3235891
0.0049950,1.3237630
0.0050000,1.3440750
0.0050050,1.3441395
0.0050100,1.3442014
0.0050150,1.3442607
0.0050200,1.3443147
0.0050250,1.3443600
0.0050300,1.3443948
0.0050350,1.3444180
0.0050400,1.3444281
0.0050450,1.3444282
0.0050500,1.3444245
0.0050550,1.3444204
0.0050600,1.3444147
0.0050650,1.3444048
0.0050700,1.3443944
0.0050750,1.3443902
0.0050800,1.3443954
0.0050850,1.3444123
0.0050900,1.3444453
0.0050950,1.3444971
0.0051000,1.3445659
0.0051050,1.3446468
0.0051100,1.3447350
0.0051150,1.3448286
0.0051200,1.3449259
0.0051250,1.3450256
0.0051300,1.3451330
0.0051350,1.3452564
0.0051400,1.3453971
0.0051450,1.3455503
0.0051500,1.3457125
0.0051550,1.3458818
0.0051600,1.3460554
0.0051650,1.3462273
0.0051700,1.3463944
0.0051750,1.3465550
0.0051800,1.3467064
0.0051850,1.3468441
0.0051900,1.3469665
0.0051950,1.3470788
0.0052000,1.3590180
0.0052050,1.3590595
0.0052100,1.3590993
0.0052150,1.3591409
0.0052200,1.3591849
0.0052250,1.3592281
0.0052300,1.3592675
0.0052350,1.3593030
0.0052400,1.3593355
0.0052450,1.3593661
0.0052500,1.3593989
0.0052550,1.3594434
0.0052600,1.3595066
0.0052650,1.3595917
0.0052700,1.3597020
0.0052750,1.3598379
0.0052800,1.3599946
0.0052850,1.3601657
0.0052900,1.3603516
0.0052950,1.3605580
0.0053000,1.3208820
0.0053050,1.3210898
0.0053100,1.3213046
0.0053150,1.3215285
0.0053200,1.3217635
0.0053250,1.3220070
0.0053300,1.3222567
0.0053350,1.3225120
0.0053400,1.3227690
0.0053450,1.3230229
0.0053500,1.3232699
0.0053550,1.3235081
0.0053600,1.3237346
0.0053650,1.3239477
0.0053700,1.3241482
0.0053750,1.3243356
0.0053800,1.3245062
0.0053850,1.3246601
0.0053900,1.3248000
0.0053950,1.3249318
0.0054000,1.3192994
0.0054050,1.3193447
0.0054100,1.3193928
0.0054150,1.3194420
0.0054200,1.3194875
0.0054250,1.3195258
0.0054300,1.3195615
0.0054350,1.3196049
0.0054400,1.3196603
0.0054450,1.3197266
0.0054500,1.3198028
0.0054550,1.3198888
0.0054600,1.3199819
0.0054650,1.3200799
0.0054700,1.3201847
0.0054750,1.3202975
0.0054800,1.3204161
0.0054850,1.3205402
0.0054900,1.3206716
0.0054950,1.3208096
0.0055000,1.3598899
0.0055050,1.3600020
0.0055100,1.3601160
0.0055150,1.3602331
0.0055200,1.3603537
0.0055250,1.3604767
0.0055300,1.3606008
0.0055350,1.3607223
0.0055400,1.3608349
0.0055450,1.3609352
0.0055500,1.3610252
0.0055550,1.3611094
0.0055600,1.3611911
0.0055650,1.3612715
0.0055700,1.3613519
0.0055750,1.3614321
0.0055800,1.3615094
0.0055850,1.3615808
0.0055900,1.3616464
0.0055950,1.3617083
0.0056000,1.2761548
0.0056050,1.2762284
0.0056100,1.2763012
0.0056150,1.2763703
0.0056200,1.2764303
0.0056250,1.2764748
0.0056300,1.2764989
0.0056350,1.2764999
0.0056400,1.2764795
0.0056450,1.2764438
0.0056500,1.2763983
0.0056550,1.2763487
0.0056600,1.2763003
0.0056650,1.2762557
0.0056700,1.2762159
0.0056750,1.2761801
0.0056800,1.2761504
0.0056850,1.2761287
0.0056900,1.2761149
0.0056950,1.2761120
0.0057000,1.3002531
0.0057050,1.3002691
0.0057100,1.3003057
0.0057150,1.3003591
0.0057200,1.3004263
0.0057250,1.3005009
0.0057300,1.3005740
0.0057350,1.3006394
0.0057400,1.3006937
0.0057450,1.3007333
0.0057500,1.3007548
0.0057550,1.3007582
0.0057600,1.3007455
0.0057650,1.3007178
0.0057700,1.3006804
0.0057750,1.3006408
0.0057800,1.3006050
0.0057850,1.3005767
0.0057900,1.3005609
0.0057950,1.3005630
0.0058000,1.3013797
0.0058050,1.3014246
0.0058100,1.3014873
0.0058150,1.3015711
0.0058200,1.3016751
0.0058250,1.3017964
0.0058300,1.3019363
0.0058350,1.3020951
0.0058400,1.3022660
0.0058450,1.3024416
0.0058500,1.3026177
0.0058550,1.3027947
0.0058600,1.3029745
0.0058650,1.3031585
0.0058700,1.3033520
0.0058750,1.3035606
0.0058800,1.3037812
0.0058850,1.3040061
0.0058900,1.3042278
0.0058950,1.3044408
0.0059000,1.3410283
0.0059050,1.3411572
0.0059100,1.3412657
0.0059150,1.3413608
0.0059200,1.3414452
0.0059250,1.3415186
0.0059300,1.3415844
0.0059350,1.3416492
0.0059400,1.3417142
0.0059450,1.3417769
0.0059500,1.3418368
0.0059550,1.3418943
0.0059600,1.3419472
0.0059650,1.3419915
0.0059700,1.3420286
0.0059750,1.3420652
0.0059800,1.3421052
0.0059850,1.3421486
0.0059900,1.3421955
0.0059950,1.3422484
0.0060000,1.3423081
0.0060050,1.3423720
0.0060100,1.3424376
0.0060150,1.3425043
0.0060200,1.3425721
0.0060250,1.3426422
0.0060300,1.3427172
0.0060350,1.3427989
0.0060400,1.3428889
0.0060450,1.3429882
0.0060500,1.3430961
0.0060550,1.3432128
0.0060600,1.3433403
0.0060650,1.3434791
0.0060700,1.3436286
0.0060750,1.3437891
0.0060800,1.3439613
0.0060850,1.3441429
0.0060900,1.3443264
0.0060950,1.3445059
0.0061000,1.3830822
0.0061050,1.3832273
0.0061100,1.3833708
0.0061150,1.3835131
0.0061200,1.3836561
0.0061250,1.3837984
0.0061300,1.3839335
0.0061350,1.3840581
0.0061400,1.3841709
0.0061450,1.3842694
0.0061500,1.3843530
0.0061550,1.3844237
0.0061600,1.3844867
0.0061650,1.3845460
0.0061700,1.3846046
0.0061750,1.3846659
0.0061800,1.3847349
0.0061850,1.3848162
0.0061900,1.3849093
0.0061950,1.3850110
0.0062000,1.4199598
0.0062050,1.4200239
0.0062100,1.4200830
0.0062150,1.4201343
0.0062200,1.4201822
0.0062250,1.4202360
0.0062300,1.4202988
0.0062350,1.4203678
0.0062400,1.4204410
0.0062450,1.4205207
0.0062500,1.4206067
0.0062550,1.4206940
0.0062600,1.4207822
0.0062650,1.4208753
0.0062700,1.4209753
0.0062750,1.4210825
0.0062800,1.4212002
0.0062850,1.4213300
0.0062900,1.4214688
0.0062950,1.4216129
0.0063000,1.4389756
0.0063050,1.4391187
0.0063100,1.4392659
0.0063150,1.4394145
0.0063200,1.4395631
0.0063250,1.4397092
0.0063300,1.4398513
0.0063350,1.4399913
0.0063400,1.4401307
0.0063450,1.4402696
0.0063500,1.4404075
0.0063550,1.4405433
0.0063600,1.4406768
0.0063650,1.4408079
0.0063700,1.4409363
0.0063750,1.4410603
0.0063800,1.4411812
0.0063850,1.4413009
0.0063900,1.4414176
0.0063950,1.4415301
0.0064000,1.4434225
0.0064050,1.4434482
0.0064100,1.4434750
0.0064150,1.4435072
0.0064200,1.4435493
0.0064250,1.4436041
0.0064300,1.4436750
0.0064350,1.4437667
0.0064400,1.4438805
0.0064450,1.4440141
0.0064500,1.4441639
0.0064550,1.4443256
0.0064600,1.4444927
0.0064650,1.4446591
0.0064700,1.4448232
0.0064750,1.4449857
0.0064800,1.4451478
0.0064850,1.4453086
0.0064900,1.4454649
0.0064950,1.4456118
0.0065000,1.4462217
0.0065050,1.4463140
0.0065100,1.4463854
0.0065150,1.4464342
0.0065200,1.4464618
0.0065250,1.4464723
0.0065300,1.4464705
0.0065350,1.4464616
0.0065400,1.4464490
0.0065450,1.4464367
0.0065500,1.4464265
0.0065550,1.4464208
0.0065600,1.4464252
0.0065650,1.4464443
0.0065700,1.4464790
0.0065750,1.4465294
0.0065800,1.4465973
0.0065850,1.4466810
0.0065900,1.4467747
0.0065950,1.4468729
0.0066000,1.5018053
0.0066050,1.5019050
0.0066100,1.5020185
0.0066150,1.5021498
0.0066200,1.5023025
0.0066250,1.5024821
0.0066300,1.5026914
0.0066350,1.5029261
0.0066400,1.5031798
0.0066450,1.5034487
0.0066500,1.5037307
0.0066550,1.5040216
0.0066600,1.5043138
0.0066650,1.5046020
0.0066700,1.5048825
0.0066750,1.5051489
0.0066800,1.5053973
0.0066850,1.5056317
0.0066900,1.5058563
0.0066950,1.5060697
0.0067000,1.4502244
0.0067050,1.4503930
0.0067100,1.4505524
0.0067150,1.4507012
0.0067200,1.4508405
0.0067250,1.4509749
0.0067300,1.4511137
0.0067350,1.4512628
0.0067400,1.4514220
0.0067450,1.4515925
0.0067500,1.4517763
0.0067550,1.4519717
0.0067600,1.4521753
0.0067650,1.4523852
0.0067700,1.4526020
0.0067750,1.4528246
0.0067800,1.4530526
0.0067850,1.4532858
0.0067900,1.4535206
0.0067950,1.4537488
0.0068000,1.4157800
0.0068050,1.4159800
0.0068100,1.4161611
0.0068150,1.4163222
0.0068200,1.4164651
0.0068250,1.4165947
0.0068300,1.4167155
0.0068350,1.4168272
0.0068400,1.4169273
0.0068450,1.4170177
0.0068500,1.4171023
0.0068550,1.4171819
0.0068600,1.4172596
0.0068650,1.4173401
0.0068700,1.4174238
0.0068750,1.4175068
0.0068800,1.4175862
0.0068850,1.4176608
0.0068900,1.4177298
0.0068950,1.4177893
0.0069000,1.3802538
0.0069050,1.3802561
0.0069100,1.3802602
0.0069150,1.3802659
0.0069200,1.3802737
0.0069250,1.3802861
0.0069300,1.3803061
0.0069350,1.3803312
0.0069400,1.3803600
0.0069450,1.3803958
0.0069500,1.3804423
0.0069550,1.3805001
0.0069600,1.3805684
0.0069650,1.3806450
0.0069700,1.3807236
0.0069750,1.3807973
0.0069800,1.3808604
0.0069850,1.3809105
0.0069900,1.3809495
0.0069950,1.3809818
0.0070000,1.4228976
0.0070050,1.4228807
0.0070100,1.4228814
0.0070150,1.4228999
0.0070200,1.4229305
0.0070250,1.4229673
0.0070300,1.4230064
0.0070350,1.4230449
0.0070400,1.4230778
0.0070450,1.4231009
0.0070500,1.4231143
0.0070550,1.4231195
0.0070600,1.4231163
0.0070650,1.4231050
0.0070700,1.4230880
0.0070750,1.4230710
0.0070800,1.4230607
0.0070850,1.4230616
0.0070900,1.4230777
0.0070950,1.4231099
0.0071000,1.3614011
0.0071050,1.3614235
0.0071100,1.3614634
0.0071150,1.3615178
0.0071200,1.3615817
0.0071250,1.3616494
0.0071300,1.3617157
0.0071350,1.3617794
0.0071400,1.3618425
0.0071450,1.3619061
0.0071500,1.3619690
0.0071550,1.3620311
0.0071600,1.3620928
0.0071650,1.3621545
0.0071700,1.3622168
0.0071750,1.3622808
0.0071800,1.3623484
0.0071850,1.3624212
0.0071900,1.3624991
0.0071950,1.3625816
0.0072000,1.3458034
0.0072050,1.3458639
0.0072100,1.3459244
0.0072150,1.3459811
0.0072200,1.3460327
0.0072250,1.3460812
0.0072300,1.3461318
0.0072350,1.3461881
0.0072400,1.3462519
0.0072450,1.3463234
0.0072500,1.3463998
0.0072550,1.3464788
0.0072600,1.3465608
0.0072650,1.3466486
0.0072700,1.3467445
0.0072750,1.3468493
0.0072800,1.3469604
0.0072850,1.3470766
0.0072900,1.3471957
0.0072950,1.3473151
0.0073000,1.3293022
0.0073050,1.3294160
0.0073100,1.3295443
0.0073150,1.3296892
0.0073200,1.3298471
0.0073250,1.3300111
0.0073300,1.3301751
0.0073350,1.3303346
0.0073400,1.3304833
0.0073450,1.3306146
0.0073500,1.3307295
0.0073550,1.3308348
0.0073600,1.3309348
0.0073650,1.3310318
0.0073700,1.3311256
0.0073750,1.3312141
0.0073800,1.3312951
0.0073850,1.3313666
0.0073900,1.3314268
0.0073950,1.3314747
0.0074000,1.3678598
0.0074050,1.3678093
0.0074100,1.3677648
0.0074150,1.3677361
0.0074200,1.3677292
0.0074250,1.3677447
0.0074300,1.3677833
0.0074350,1.3678451
0.0074400,1.3679261
0.0074450,1.3680213
0.0074500,1.3681293
0.0074550,1.3682501
0.0074600,1.3683789
0.0074650,1.3685085
0.0074700,1.3686345
0.0074750,1.3687543
0.0074800,1.3688672
0.0074850,1.3689767
0.0074900,1.3690873
0.0074950,1.3692030
0.0075000,1.3873521
0.0075050,1.3874164
0.0075100,1.3874867
0.0075150,1.3875646
0.0075200,1.3876538
0.0075250,1.3877583
0.0075300,1.3878790
0.0075350,1.3880133
0.0075400,1.3881551
0.0075450,1.3882978
0.0075500,1.3884373
0.0075550,1.3885673
0.0075600,1.3886817
0.0075650,1.3887835
0.0075700,1.3888788
0.0075750,1.3889683
0.0075800,1.3890507
0.0075850,1.3891277
0.0075900,1.3892020
0.0075950,1.3892720
0.0076000,1.3470914
0.0076050,1.3471163
0.0076100,1.3471344
0.0076150,1.3471470
0.0076200,1.3471546
0.0076250,1.3471614
0.0076300,1.3471733
0.0076350,1.3471923
0.0076400,1.3472166
0.0076450,1.3472469
0.0076500,1.3472848
0.0076550,1.3473293
0.0076600,1.3473802
0.0076650,1.3474423
0.0076700,1.3475197
0.0076750,1.3476123
0.0076800,1.3477193
0.0076850,1.3478399
0.0076900,1.3479743
0.0076950,1.3481240
0.0077000,1.3874595
0.0077050,1.3875920
0.0077100,1.3877350
0.0077150,1.3878841
0.0077200,1.3880338
0.0077250,1.3881814
0.0077300,1.3883262
0.0077350,1.3884662
0.0077400,1.3885988
0.0077450,1.3887226
0.0077500,1.3888369
0.0077550,1.3889397
0.0077600,1.3890269
0.0077650,1.3890951
0.0077700,1.3891433
0.0077750,1.3891733
0.0077800,1.3891893
0.0077850,1.3891968
0.0077900,1.3892053
0.0077950,1.3892236
0.0078000,1.3690847
0.0078050,1.3691136
0.0078100,1.3691700
0.0078150,1.3692511
0.0078200,1.3693523
0.0078250,1.3694680
0.0078300,1.3695905
0.0078350,1.3697133
0.0078400,1.3698337
0.0078450,1.3699534
0.0078500,1.3700746
0.0078550,1.3701938
0.0078600,1.3703053
0.0078650,1.3704074
0.0078700,1.3705028
0.0078750,1.3705932
0.0078800,1.3706804
0.0078850,1.3707666
0.0078900,1.3708555
0.0078950,1.3709476
0.0079000,1.3370814
0.0079050,1.3371354
0.0079100,1.3371929
0.0079150,1.3372534
0.0079200,1.3373170
0.0079250,1.3373862
0.0079300,1.3374632
0.0079350,1.3375470
0.0079400,1.3376378
0.0079450,1.3377374
0.0079500,1.3378464
0.0079550,1.3379647
0.0079600,1.3380940
0.0079650,1.3382368
0.0079700,1.3383935
0.0079750,1.3385621
0.0079800,1.3387415
0.0079850,1.3389332
0.0079900,1.3391377
0.0079950,1.3393536
0.0080000,1.3272769
0.0080050,1.3274500
0.0080100,1.3276379
0.0080150,1.3278368
0.0080200,1.3280424
0.0080250,1.3282514
0.0080300,1.3284615
0.0080350,1.3286691
0.0080400,1.3288708
0.0080450,1.3290670
0.0080500,1.3292589
0.0080550,1.3294460
0.0080600,1.3296291
0.0080650,1.3298107
0.0080700,1.3299922
0.0080750,1.3301717
0.0080800,1.3303466
0.0080850,1.3305149
0.0080900,1.3306740
0.0080950,1.3308237
0.0081000,1.4196323
0.0081050,1.4197513
0.0081100,1.4198659
0.0081150,1.4199768
0.0081200,1.4200876
0.0081250,1.4201979
0.0081300,1.4203030
0.0081350,1.4204006
0.0081400,1.4204905
0.0081450,1.4205713
0.0081500,1.4206403
0.0081550,1.4207002
0.0081600,1.4207590
0.0081650,1.4208222
0.0081700,1.4208948
0.0081750,1.4209807
0.0081800,1.4210836
0.0081850,1.4212084
0.0081900,1.4213600
0.0081950,1.4215447
0.0082000,1.3654017
0.0082050,1.3656341
0.0082100,1.3658925
0.0082150,1.3661730
0.0082200,1.3664675
0.0082250,1.3667647
0.0082300,1.3670578
0.0082350,1.3673441
0.0082400,1.3676192
0.0082450,1.3678765
0.0082500,1.3681118
0.0082550,1.3683243
0.0082600,1.3685115
0.0082650,1.3686710
0.0082700,1.3688076
0.0082750,1.3689278
0.0082800,1.3690358
0.0082850,1.3691318
0.0082900,1.3692188
0.0082950,1.3693048
0.0083000,1.3074035
0.0083050,1.3074696
0.0083100,1.3075431
0.0083150,1.3076271
0.0083200,1.3077250
0.0083250,1.3078369
0.0083300,1.3079617
0.0083350,1.3080979
0.0083400,1.3082423
0.0083450,1.3083930
0.0083500,1.3085477
0.0083550,1.3087035
0.0083600,1.3088565
0.0083650,1.3090041
0.0083700,1.3091459
0.0083750,1.3092838
0.0083800,1.3094187
0.0083850,1.3095486
0.0083900,1.3096733
0.0083950,1.3097952
0.0084000,1.3147151
0.0084050,1.3148051
0.0084100,1.3148929
0.0084150,1.3149795
0.0084200,1.3150650
0.0084250,1.3151463
0.0084300,1.3152232
0.0084350,1.3152969
0.0084400,1.3153638
0.0084450,1.3154236
0.0084500,1.3154792
0.0084550,1.3155313
0.0084600,1.3155753
0.0084650,1.3156078
0.0084700,1.3156308
0.0084750,1.3156464
0.0084800,1.3156514
0.0084850,1.3156450
0.0084900,1.3156311
0.0084950,1.3156109
0.0085000,1.3499250
0.0085050,1.3498598
0.0085100,1.3497950
0.0085150,1.3497368
0.0085200,1.3496847
0.0085250,1.3496372
0.0085300,1.3495978
0.0085350,1.3495681
0.0085400,1.3495442
0.0085450,1.3495251
0.0085500,1.3495122
0.0085550,1.3495053
0.0085600,1.3495027
0.0085650,1.3495056
0.0085700,1.3495173
0.0085750,1.3495348
0.0085800,1.3495503
0.0085850,1.3495591
0.0085900,1.3495604
0.0085950,1.3495530
0.0086000,1.3521024
0.0086050,1.3520359
0.0086100,1.3519718
0.0086150,1.3519080
0.0086200,1.3518431
0.0086250,1.3517767
0.0086300,1.3517067
0.0086350,1.3516287
0.0086400,1.3515396
0.0086450,1.3514407
0.0086500,1.3513368
0.0086550,1.3512337
0.0086600,1.3511358
0.0086650,1.3510478
0.0086700,1.3509727
0.0086750,1.3509071
0.0086800,1.3508496
0.0086850,1.3508028
0.0086900,1.3507672
0.0086950,1.3507391
0.0087000,1.3299687
0.0087050,1.3299053
0.0087100,1.3298420
0.0087150,1.3297795
0.0087200,1.3297159
0.0087250,1.3296537
0.0087300,1.3295996
0.0087350,1.3295578
0.0087400,1.3295307
0.0087450,1.3295189
0.0087500,1.3295190
0.0087550,1.3295271
0.0087600,1.3295399
0.0087650,1.3295533
0.0087700,1.3295649
0.0087750,1.3295727
0.0087800,1.3295742
0.0087850,1.3295642
0.0087900,1.3295392
0.0087950,1.3294990
0.0088000,1.3708069
0.0088050,1.3707071
0.0088100,1.3705934
0.0088150,1.3704710
0.0088200,1.3703464
0.0088250,1.3702206
0.0088300,1.3700918
0.0088350,1.3699586
0.0088400,1.3698206
0.0088450,1.3696770
0.0088500,1.3695285
0.0088550,1.3693787
0.0088600,1.3692301
0.0088650,1.3690851
0.0088700,1.3689472
0.0088750,1.3688168
0.0088800,1.3686932
0.0088850,1.3685755
0.0088900,1.3684638
0.0088950,1.3683584
0.0089000,1.3682585
0.0089050,1.3681650
0.0089100,1.3680804
0.0089150,1.3680046
0.0089200,1.3679363
0.0089250,1.3678752
0.0089300,1.3678227
0.0089350,1.3677771
0.0089400,1.3677333
0.0089450,1.3676836
0.0089500,1.3676235
0.0089550,1.3675532
0.0089600,1.3674719
0.0089650,1.3673839
0.0089700,1.3672991
0.0089750,1.3672235
0.0089800,1.3671587
0.0089850,1.3671075
0.0089900,1.3670718
0.0089950,1.3670513
0.0090000,1.3644156
0.0090050,1.3643916
0.0090100,1.3643853
0.0090150,1.3643930
0.0090200,1.3644083
0.0090250,1.3644238
0.0090300,1.3644351
0.0090350,1.3644382
0.0090400,1.3644301
0.0090450,1.3644142
0.0090500,1.3643952
0.0090550,1.3643732
0.0090600,1.3643433
0.0090650,1.3643006
0.0090700,1.3642416
0.0090750,1.3641645
0.0090800,1.3640692
0.0090850,1.3639575
0.0090900,1.3638301
0.0090950,1.3636886
0.0091000,1.4351264
0.0091050,1.4349407
0.0091100,1.4347569
0.0091150,1.4345790
0.0091200,1.4344100
0.0091250,1.4342522
0.0091300,1.4341089
0.0091350,1.4339831
0.0091400,1.4338787
0.0091450,1.4337997
0.0091500,1.4337443
0.0091550,1.4337068
0.0091600,1.4336806
0.0091650,1.4336612
0.0091700,1.4336430
0.0091750,1.4336210
0.0091800,1.4335939
0.0091850,1.4335637
0.0091900,1.4335339
0.0091950,1.4335041
0.0092000,1.4154246
0.0092050,1.4153951
0.0092100,1.4153765
0.0092150,1.4153704
0.0092200,1.4153753
0.0092250,1.4153910
0.0092300,1.4154136
0.0092350,1.4154354
0.0092400,1.4154515
0.0092450,1.4154620
0.0092500,1.4154690
0.0092550,1.4154729
0.0092600,1.4154734
0.0092650,1.4154704
0.0092700,1.4154589
0.0092750,1.4154356
0.0092800,1.4154057
0.0092850,1.4153764
0.0092900,1.4153494
0.0092950,1.4153276
0.0093000,1.3832145
0.0093050,1.3832306
0.0093100,1.3832617
0.0093150,1.3832988
0.0093200,1.3833363
0.0093250,1.3833763
0.0093300,1.3834188
0.0093350,1.3834627
0.0093400,1.3835143
0.0093450,1.3835764
0.0093500,1.3836428
0.0093550,1.3837083
0.0093600,1.3837721
0.0093650,1.3838333
0.0093700,1.3838893
0.0093750,1.3839414
0.0093800,1.3839903
0.0093850,1.3840380
0.0093900,1.3840855
0.0093950,1.3841314
0.0094000,1.4319972
0.0094050,1.4320282
0.0094100,1.4320603
0.0094150,1.4320916
0.0094200,1.4321236
0.0094250,1.4321622
0.0094300,1.4322105
0.0094350,1.4322693
0.0094400,1.4323417
0.0094450,1.4324326
0.0094500,1.4325491
0.0094550,1.4326953
0.0094600,1.4328696
0.0094650,1.4330660
0.0094700,1.4332745
0.0094750,1.4334864
0.0094800,1.4336932
0.0094850,1.4338911
0.0094900,1.4340814
0.0094950,1.4342662
0.0095000,1.4533167
0.0095050,1.4534690
0.0095100,1.4536209
0.0095150,1.4537721
0.0095200,1.4539205
0.0095250,1.4540680
0.0095300,1.4542134
0.0095350,1.4543530
0.0095400,1.4544869
0.0095450,1.4546155
0.0095500,1.4547376
0.0095550,1.4548517
0.0095600,1.4549616
0.0095650,1.4550766
0.0095700,1.4552023
0.0095750,1.4553395
0.0095800,1.4554865
0.0095850,1.4556427
0.0095900,1.4558056
0.0095950,1.4559665
0.0096000,1.4428413
0.0096050,1.4429567
0.0096100,1.4430616
0.0096150,1.4431603
0.0096200,1.4432565
0.0096250,1.4433555
0.0096300,1.4434642
0.0096350,1.4435868
0.0096400,1.4437203
0.0096450,1.4438588
0.0096500,1.4440001
0.0096550,1.4441393
0.0096600,1.4442684
0.0096650,1.4443859
0.0096700,1.4444974
0.0096750,1.4446057
0.0096800,1.4447073
0.0096850,1.4448010
0.0096900,1.4448894
0.0096950,1.4449760
0.0097000,1.4410798
0.0097050,1.4411449
0.0097100,1.4412111
0.0097150,1.4412795
0.0097200,1.4413473
0.0097250,1.4414156
0.0097300,1.4414897
0.0097350,1.4415731
0.0097400,1.4416630
0.0097450,1.4417561
0.0097500,1.4418524
0.0097550,1.4419504
0.0097600,1.4420483
0.0097650,1.4421447
0.0097700,1.4422402
0.0097750,1.4423334
0.0097800,1.4424211
0.0097850,1.4425046
0.0097900,1.4425885
0.0097950,1.4426775
0.0098000,1.4200618
0.0098050,1.4201316
0.0098100,1.4202139
0.0098150,1.4203057
0.0098200,1.4204034
0.0098250,1.4205074
0.0098300,1.4206199
0.0098350,1.4207410
0.0098400,1.4208707
0.0098450,1.4210074
0.0098500,1.4211438
0.0098550,1.4212732
0.0098600,1.4213934
0.0098650,1.4215017
0.0098700,1.4215966
0.0098750,1.4216795
0.0098800,1.4217536
0.0098850,1.4218240
0.0098900,1.4218937
0.0098950,1.4219648
0.0099000,1.4029492
0.0099050,1.4029856
0.0099100,1.4030235
0.0099150,1.4030601
0.0099200,1.4030948
0.0099250,1.4031290
0.0099300,1.4031645
0.0099350,1.4032035
0.0099400,1.4032477
0.0099450,1.4032993
0.0099500,1.4033587
0.0099550,1.4034224
0.0099600,1.4034869
0.0099650,1.4035479
0.0099700,1.4036033
0.0099750,1.4036537
0.0099800,1.4036997
0.0099850,1.4037424
0.0099900,1.4037817
0.0099950,1.4038177
0.0100000,1.3814412
0.0100050,1.3814355
0.0100100,1.3814318
0.0100150,1.3814359
0.0100200,1.3814485
0.0100250,1.3814670
0.0100300,1.3814933
0.0100350,1.3815301
0.0100400,1.3815759
0.0100450,1.3816283
0.0100500,1.3816876
0.0100550,1.3817564
0.0100600,1.3818342
0.0100650,1.3819189
0.0100700,1.3820115
0.0100750,1.3821140
0.0100800,1.3822263
0.0100850,1.3823487
0.0100900,1.3824828
0.0100950,1.3826279
0.0101000,1.4067979
0.0101050,1.4068624
0.0101100,1.4069448
0.0101150,1.4070482
0.0101200,1.4071712
0.0101250,1.4073110
0.0101300,1.4074625
0.0101350,1.4076182
0.0101400,1.4077724
0.0101450,1.4079281
0.0101500,1.4080908
0.0101550,1.4082599
0.0101600,1.4084296
0.0101650,1.4085975
0.0101700,1.4087634
0.0101750,1.4089221
0.0101800,1.4090671
0.0101850,1.4091960
0.0101900,1.4093099
0.0101950,1.4094100
0.0102000,1.3918732
0.0102050,1.3918976
0.0102100,1.3919131
0.0102150,1.3919179
0.0102200,1.3919101
0.0102250,1.3918928
0.0102300,1.3918713
0.0102350,1.3918487
0.0102400,1.3918261
0.0102450,1.3918048
0.0102500,1.3917857
0.0102550,1.3917678
0.0102600,1.3917491
0.0102650,1.3917272
0.0102700,1.3917026
0.0102750,1.3916766
0.0102800,1.3916512
0.0102850,1.3916334
0.0102900,1.3916289
0.0102950,1.3916380
0.0103000,1.3688668
0.0103050,1.3688577
0.0103100,1.3688597
0.0103150,1.3688713
0.0103200,1.3688919
0.0103250,1.3689233
0.0103300,1.3689657
0.0103350,1.3690152
0.0103400,1.3690701
0.0103450,1.3691341
0.0103500,1.3692095
0.0103550,1.3692951
0.0103600,1.3693887
0.0103650,1.3694903
0.0103700,1.3696015
0.0103750,1.3697223
0.0103800,1.3698512
0.0103850,1.3699880
0.0103900,1.3701331
0.0103950,1.3702861
0.0104000,1.4040322
0.0104050,1.4041649
0.0104100,1.4042971
0.0104150,1.4044288
0.0104200,1.4045610
0.0104250,1.4046967
0.0104300,1.4048367
0.0104350,1.4049801
0.0104400,1.4051269
0.0104450,1.4052777
0.0104500,1.4054312
0.0104550,1.4055838
0.0104600,1.4057316
0.0104650,1.4058727
0.0104700,1.4060037
0.0104750,1.4061198
0.0104800,1.4062212
0.0104850,1.4063097
0.0104900,1.4063829
0.0104950,1.4064399
0.0105000,1.3859490
0.0105050,1.3859671
0.0105100,1.3859848
0.0105150,1.3860029
0.0105200,1.3860223
0.0105250,1.3860438
0.0105300,1.3860705
0.0105350,1.3861063
0.0105400,1.3861560
0.0105450,1.3862210
0.0105500,1.3862992
0.0105550,1.3863891
0.0105600,1.3864912
0.0105650,1.3866054
0.0105700,1.3867279
0.0105750,1.3868534
0.0105800,1.3869784
0.0105850,1.3871014
0.0105900,1.3872213
0.0105950,1.3873347
0.0106000,1.3675214
0.0106050,1.3676118
0.0106100,1.3676974
0.0106150,1.3677874
0.0106200,1.3678893
0.0106250,1.3680073
0.0106300,1.3681422
0.0106350,1.3682913
0.0106400,1.3684527
0.0106450,1.3686214
0.0106500,1.3687907
0.0106550,1.3689563
0.0106600,1.3691175
0.0106650,1.3692774
0.0106700,1.3694405
0.0106750,1.3696117
0.0106800,1.3697911
0.0106850,1.3699736
0.0106900,1.3701562
0.0106950,1.3703381
0.0107000,1.3700769
0.0107050,1.3702617
0.0107100,1.3704458
0.0107150,1.3706310
0.0107200,1.3708207
0.0107250,1.3710174
0.0107300,1.3712239
0.0107350,1.3714452
0.0107400,1.3716850
0.0107450,1.3719411
0.0107500,1.3722105
0.0107550,1.3724905
0.0107600,1.3727780
0.0107650,1.3730674
0.0107700,1.3733500
0.0107750,1.3736198
0.0107800,1.3738763
0.0107850,1.3741205
0.0107900,1.3743547
0.0107950,1.3745805
0.0108000,1.3907451
0.0108050,1.3909092
0.0108100,1.3910612
0.0108150,1.3912027
0.0108200,1.3913321
0.0108250,1.3914471
0.0108300,1.3915490
0.0108350,1.3916418
0.0108400,1.3917291
0.0108450,1.3918101
0.0108500,1.3918858
0.0108550,1.3919598
0.0108600,1.3920334
0.0108650,1.3921061
0.0108700,1.3921770
0.0108750,1.3922465
0.0108800,1.3923123
0.0108850,1.3923693
0.0108900,1.3924159
0.0108950,1.3924519
0.0109000,1.3967643
0.0109050,1.3967343
0.0109100,1.3967190
0.0109150,1.3967197
0.0109200,1.3967341
0.0109250,1.3967627
0.0109300,1.3968082
0.0109350,1.3968718
0.0109400,1.3969557
0.0109450,1.3970634
0.0109500,1.3971947
0.0109550,1.3973467
0.0109600,1.3975161
0.0109650,1.3976993
0.0109700,1.3978933
0.0109750,1.3980974
0.0109800,1.3983096
0.0109850,1.3985274
0.0109900,1.3987482
0.0109950,1.3989675
0.0110000,1.4224142
0.0110050,1.4225487
0.0110100,1.4226781
0.0110150,1.4228054
0.0110200,1.4229327
0.0110250,1.4230627
0.0110300,1.4232009
0.0110350,1.4233518
0.0110400,1.4235114
0.0110450,1.4236711
0.0110500,1.4238250
0.0110550,1.4239707
0.0110600,1.4241072
0.0110650,1.4242365
0.0110700,1.4243652
0.0110750,1.4244993
0.0110800,1.4246393
0.0110850,1.4247844
0.0110900,1.4249365
0.0110950,1.4250962
0.0111000,1.4219828
0.0111050,1.4221255
0.0111100,1.4222775
0.0111150,1.4224369
0.0111200,1.4225987
0.0111250,1.4227595
0.0111300,1.4229178
0.0111350,1.4230670
0.0111400,1.4231970
0.0111450,1.4233033
0.0111500,1.4233862
0.0111550,1.4234450
0.0111600,1.4234795
0.0111650,1.4234979
0.0111700,1.4235118
0.0111750,1.4235269
0.0111800,1.4235448
0.0111850,1.4235674
0.0111900,1.4235954
0.0111950,1.4236285
0.0112000,1.4281875
0.0112050,1.4282033
0.0112100,1.4282391
0.0112150,1.4282971
0.0112200,1.4283776
0.0112250,1.4284815
0.0112300,1.4286096
0.0112350,1.4287615
0.0112400,1.4289343
0.0112450,1.4291245
0.0112500,1.4293268
0.0112550,1.4295356
0.0112600,1.4297470
0.0112650,1.4299560
0.0112700,1.4301560
0.0112750,1.4303407
0.0112800,1.4305082
0.0112850,1.4306614
0.0112900,1.4308037
0.0112950,1.4309383
0.0113000,1.4297404
0.0113050,1.4298348
0.0113100,1.4299278
0.0113150,1.4300165
0.0113200,1.4301016
0.0113250,1.4301874
0.0113300,1.4302747
0.0113350,1.4303627
0.0113400,1.4304527
0.0113450,1.4305441
0.0113500,1.4306309
0.0113550,1.4307070
0.0113600,1.4307711
0.0113650,1.4308269
0.0113700,1.4308798
0.0113750,1.4309334
0.0113800,1.4309889
0.0113850,1.4310475
0.0113900,1.4311088
0.0113950,1.4311721
0.0114000,1.4501207
0.0114050,1.4501461
0.0114100,1.4501763
0.0114150,1.4502097
0.0114200,1.4502475
0.0114250,1.4502890
0.0114300,1.4503278
0.0114350,1.4503588
0.0114400,1.4503819
0.0114450,1.4503982
0.0114500,1.4504052
0.0114550,1.4503997
0.0114600,1.4503798
0.0114650,1.4503444
0.0114700,1.4502886
0.0114750,1.4502096
0.0114800,1.4501162
0.0114850,1.4500212
0.0114900,1.4499298
0.0114950,1.4498445
0.0115000,1.3990290
0.0115050,1.3989665
0.0115100,1.3989094
0.0115150,1.3988562
0.0115200,1.3988064
0.0115250,1.3987603
0.0115300,1.3987151
0.0115350,1.3986691
0.0115400,1.3986239
0.0115450,1.3985847
0.0115500,1.3985524
0.0115550,1.3985204
0.0115600,1.3984880
0.0115650,1.3984594
0.0115700,1.3984310
0.0115750,1.3983963
0.0115800,1.3983581
0.0115850,1.3983242
0.0115900,1.3982952
0.0115950,1.3982687
0.0116000,1.4709153
0.0116050,1.4708809
0.0116100,1.4708535
0.0116150,1.4708292
0.0116200,1.4708100
0.0116250,1.4708026
0.0116300,1.4708115
0.0116350,1.4708357
0.0116400,1.4708722
0.0116450,1.4709190
0.0116500,1.4709718
0.0116550,1.4710254
0.0116600,1.4710796
0.0116650,1.4711343
0.0116700,1.4711890
0.0116750,1.4712428
0.0116800,1.4712941
0.0116850,1.4713423
0.0116900,1.4713857
0.0116950,1.4714206
0.0117000,1.4451630
0.0117050,1.4451447
0.0117100,1.4451270
0.0117150,1.4451118
0.0117200,1.4451036
0.0117250,1.4451056
0.0117300,1.4451154
0.0117350,1.4451286
0.0117400,1.4451391
0.0117450,1.4451415
0.0117500,1.4451376
0.0117550,1.4451299
0.0117600,1.4451204
0.0117650,1.4451095
0.0117700,1.4450946
0.0117750,1.4450728
0.0117800,1.4450452
0.0117850,1.4450191
0.0117900,1.4450002
0.0117950,1.4449912
0.0118000,1.4798512
0.0118050,1.4798892
0.0118100,1.4799577
0.0118150,1.4800531
0.0118200,1.4801706
0.0118250,1.4803038
0.0118300,1.4804417
0.0118350,1.4805736
0.0118400,1.4806938
0.0118450,1.4808014
0.0118500,1.4808954
0.0118550,1.4809716
0.0118600,1.4810309
0.0118650,1.4810820
0.0118700,1.4811328
0.0118750,1.4811852
0.0118800,1.4812391
0.0118850,1.4812944
0.0118900,1.4813514
0.0118950,1.4814126
0.0119000,1.4711243
0.0119050,1.4711843
0.0119100,1.4712485
0.0119150,1.4713141
0.0119200,1.4713770
0.0119250,1.4714347
0.0119300,1.4714877
0.0119350,1.4715376
0.0119400,1.4715864
0.0119450,1.4716346
0.0119500,1.4716814
0.0119550,1.4717260
0.0119600,1.4717673
0.0119650,1.4718059
0.0119700,1.4718469
0.0119750,1.4718964
0.0119800,1.4719585
0.0119850,1.4720363
0.0119900,1.4721322
0.0119950,1.4722460
0.0120000,1.3969672
0.0120050,1.3970661
0.0120100,1.3971693
0.0120150,1.3972748
0.0120200,1.3973833
0.0120250,1.3974947
0.0120300,1.3976078
0.0120350,1.3977211
0.0120400,1.3978338
0.0120450,1.3979453
0.0120500,1.3980543
0.0120550,1.3981598
0.0120600,1.3982576
0.0120650,1.3983417
0.0120700,1.3984117
0.0120750,1.3984713
0.0120800,1.3985214
0.0120850,1.3985636
0.0120900,1.3986037
0.0120950,1.3986448
0.0121000,1.4324451
0.0121050,1.4324781
0.0121100,1.4325116
0.0121150,1.4325468
0.0121200,1.4325861
0.0121250,1.4326338
0.0121300,1.4326945
0.0121350,1.4327681
0.0121400,1.4328523
0.0121450,1.4329438
0.0121500,1.4330387
0.0121550,1.4331348
0.0121600,1.4332348
0.0121650,1.4333422
0.0121700,1.4334587
0.0121750,1.4335854
0.0121800,1.4337228
0.0121850,1.4338713
0.0121900,1.4340315
0.0121950,1.4341999
0.0122000,1.5028773
0.0122050,1.5029953
0.0122100,1.5031042
0.0122150,1.5031980
0.0122200,1.5032748
0.0122250,1.5033387
0.0122300,1.5033949
0.0122350,1.5034452
0.0122400,1.5034948
0.0122450,1.5035509
0.0122500,1.5036177
0.0122550,1.5036945
0.0122600,1.5037791
0.0122650,1.5038732
0.0122700,1.5039779
0.0122750,1.5040903
0.0122800,1.5042081
0.0122850,1.5043314
0.0122900,1.5044631
0.0122950,1.5046033
0.0123000,1.4845263
0.0123050,1.4846230
0.0123100,1.4847091
0.0123150,1.4847789
0.0123200,1.4848316
0.0123250,1.4848709
0.0123300,1.4849030
0.0123350,1.4849313
0.0123400,1.4849563
0.0123450,1.4849772
0.0123500,1.4849961
0.0123550,1.4850154
0.0123600,1.4850358
0.0123650,1.4850605
0.0123700,1.4850916
0.0123750,1.4851292
0.0123800,1.4851714
0.0123850,1.4852177
0.0123900,1.4852682
0.0123950,1.4853209
0.0124000,1.5019484
0.0124050,1.5020118
0.0124100,1.5020849
0.0124150,1.5021676
0.0124200,1.5022611
0.0124250,1.5023639
0.0124300,1.5024735
0.0124350,1.5025905
0.0124400,1.5027164
0.0124450,1.5028522
0.0124500,1.5029990
0.0124550,1.5031533
0.0124600,1.5033084
0.0124650,1.5034605
0.0124700,1.5036073
0.0124750,1.5037457
0.0124800,1.5038738
0.0124850,1.5039911
0.0124900,1.5040996
0.0124950,1.5042029
0.0125000,1.4890849
0.0125050,1.4891588
0.0125100,1.4892244
0.0125150,1.4892794
0.0125200,1.4893230
0.0125250,1.4893585
0.0125300,1.4893922
0.0125350,1.4894289
0.0125400,1.4894710
0.0125450,1.4895216
0.0125500,1.4895807
0.0125550,1.4896453
0.0125600,1.4897118
0.0125650,1.4897789
0.0125700,1.4898445
0.0125750,1.4899083
0.0125800,1.4899731
0.0125850,1.4900405
0.0125900,1.4901119
0.0125950,1.4901875
0.0126000,1.4902693
0.0126050,1.4903598
0.0126100,1.4904578
0.0126150,1.4905610
0.0126200,1.4906640
0.0126250,1.4907624
0.0126300,1.4908569
0.0126350,1.4909494
0.0126400,1.4910380
0.0126450,1.4911186
0.0126500,1.4911882
0.0126550,1.4912436
0.0126600,1.4912835
0.0126650,1.4913073
0.0126700,1.4913137
0.0126750,1.4913030
0.0126800,1.4912734
0.0126850,1.4912254
0.0126900,1.4911662
0.0126950,1.4911042
0.0127000,1.4910481
0.0127050,1.4910036
0.0127100,1.4909739
0.0127150,1.4909635
0.0127200,1.4909768
0.0127250,1.4910158
0.0127300,1.4910781
0.0127350,1.4911592
0.0127400,1.4912570
0.0127450,1.4913681
0.0127500,1.4914904
0.0127550,1.4916243
0.0127600,1.4917688
0.0127650,1.4919182
0.0127700,1.4920661
0.0127750,1.4922083
0.0127800,1.4923411
0.0127850,1.4924647
0.0127900,1.4925819
0.0127950,1.4926921
0.0128000,1.4802652
0.0128050,1.4803136
0.0128100,1.4803502
0.0128150,1.4803764
0.0128200,1.4803905
0.0128250,1.4803937
0.0128300,1.4803941
0.0128350,1.4804003
0.0128400,1.4804157
0.0128450,1.4804401
0.0128500,1.4804727
0.0128550,1.4805086
0.0128600,1.4805421
0.0128650,1.4805751
0.0128700,1.4806139
0.0128750,1.4806614
0.0128800,1.4807164
0.0128850,1.4807755
0.0128900,1.4808378
0.0128950,1.4809016
0.0129000,1.4809629
0.0129050,1.4810216
0.0129100,1.4810792
0.0129150,1.4811353
0.0129200,1.4811862
0.0129250,1.4812277
0.0129300,1.4812584
0.0129350,1.4812769
0.0129400,1.4812810
0.0129450,1.4812672
0.0129500,1.4812359
0.0129550,1.4811954
0.0129600,1.4811543
0.0129650,1.4811164
0.0129700,1.4810871
0.0129750,1.4810708
0.0129800,1.4810650
0.0129850,1.4810662
0.0129900,1.4810767
0.0129950,1.4811003
0.0130000,1.5503645
0.0130050,1.5503697
0.0130100,1.5503954
0.0130150,1.5504392
0.0130200,1.5504959
0.0130250,1.5505575
0.0130300,1.5506179
0.0130350,1.5506743
0.0130400,1.5507247
0.0130450,1.5507697
0.0130500,1.5508137
0.0130550,1.5508627
0.0130600,1.5509145
0.0130650,1.5509654
0.0130700,1.5510173
0.0130750,1.5510724
0.0130800,1.5511275
0.0130850,1.5511776
0.0130900,1.5512215
0.0130950,1.5512576
0.0131000,1.5689424
0.0131050,1.5689615
0.0131100,1.5689651
0.0131150,1.5689507
0.0131200,1.5689130
0.0131250,1.5688481
0.0131300,1.5687587
0.0131350,1.5686548
0.0131400,1.5685449
0.0131450,1.5684326
0.0131500,1.5683228
0.0131550,1.5682182
0.0131600,1.5681143
0.0131650,1.5680074
0.0131700,1.5679009
0.0131750,1.5677978
0.0131800,1.5676985
0.0131850,1.5676033
0.0131900,1.5675166
0.0131950,1.5674438
0.0132000,1.5626193
0.0132050,1.5625803
0.0132100,1.5625641
0.0132150,1.5625759
0.0132200,1.5626154
0.0132250,1.5626783
0.0132300,1.5627602
0.0132350,1.5628589
0.0132400,1.5629705
0.0132450,1.5630894
0.0132500,1.5632125
0.0132550,1.5633378
0.0132600,1.5634634
0.0132650,1.5635882
0.0132700,1.5637133
0.0132750,1.5638392
0.0132800,1.5639618
0.0132850,1.5640773
0.0132900,1.5641861
0.0132950,1.5642896
0.0133000,1.5997321
0.0133050,1.5997546
0.0133100,1.5997826
0.0133150,1.5998141
0.0133200,1.5998498
0.0133250,1.5998946
0.0133300,1.5999480
0.0133350,1.6000044
0.0133400,1.6000606
0.0133450,1.6001194
0.0133500,1.6001818
0.0133550,1.6002446
0.0133600,1.6003075
0.0133650,1.6003747
0.0133700,1.6004485
0.0133750,1.6005267
0.0133800,1.6006074
0.0133850,1.6006916
0.0133900,1.6007785
0.0133950,1.6008645
0.0134000,1.5958442
0.0134050,1.5959085
0.0134100,1.5959642
0.0134150,1.5960109
0.0134200,1.5960501
0.0134250,1.5960861
0.0134300,1.5961199
0.0134350,1.5961501
0.0134400,1.5961782
0.0134450,1.5962053
0.0134500,1.5962300
0.0134550,1.5962483
0.0134600,1.5962583
0.0134650,1.5962618
0.0134700,1.5962645
0.0134750,1.5962738
0.0134800,1.5962954
0.0134850,1.5963342
0.0134900,1.5963921
0.0134950,1.5964668
0.0135000,1.5911079
0.0135050,1.5912043
0.0135100,1.5913209
0.0135150,1.5914543
0.0135200,1.5916019
0.0135250,1.5917624
0.0135300,1.5919342
0.0135350,1.5921180
0.0135400,1.5923141
0.0135450,1.5925223
0.0135500,1.5927416
0.0135550,1.5929703
0.0135600,1.5932061
0.0135650,1.5934483
0.0135700,1.5936919
0.0135750,1.5939282
0.0135800,1.5941458
0.0135850,1.5943353
0.0135900,1.5944942
0.0135950,1.5946267
0.0136000,1.5909700
0.0136050,1.5910434
0.0136100,1.5911072
0.0136150,1.5911634
0.0136200,1.5912132
0.0136250,1.5912584
0.0136300,1.5913066
0.0136350,1.5913659
0.0136400,1.5914382
0.0136450,1.5915220
0.0136500,1.5916147
0.0136550,1.5917130
0.0136600,1.5918122
0.0136650,1.5919083
0.0136700,1.5919972
0.0136750,1.5920773
0.0136800,1.5921498
0.0136850,1.5922152
0.0136900,1.5922743
0.0136950,1.5923248
0.0137000,1.5927915
0.0137050,1.5927735
0.0137100,1.5927478
0.0137150,1.5927178
0.0137200,1.5926868
0.0137250,1.5926579
0.0137300,1.5926353
0.0137350,1.5926240
0.0137400,1.5926273
0.0137450,1.5926435
0.0137500,1.5926695
0.0137550,1.5927064
0.0137600,1.5927556
0.0137650,1.5928168
0.0137700,1.5928888
0.0137750,1.5929732
0.0137800,1.5930719
0.0137850,1.5931824
0.0137900,1.5933015
0.0137950,1.5934276
0.0138000,1.5962246
0.0138050,1.5962720
0.0138100,1.5963242
0.0138150,1.5963791
0.0138200,1.5964365
0.0138250,1.5964973
0.0138300,1.5965631
0.0138350,1.5966336
0.0138400,1.5967067
0.0138450,1.5967768
0.0138500,1.5968379
0.0138550,1.5968881
0.0138600,1.5969287
0.0138650,1.5969600
0.0138700,1.5969819
0.0138750,1.5969967
0.0138800,1.5970072
0.0138850,1.5970137
0.0138900,1.5970173
0.0138950,1.5970201
0.0139000,1.5962808
0.0139050,1.5962756
0.0139100,1.5962795
0.0139150,1.5962931
0.0139200,1.5963158
0.0139250,1.5963447
0.0139300,1.5963769
0.0139350,1.5964122
0.0139400,1.5964497
0.0139450,1.5964850
0.0139500,1.5965139
0.0139550,1.5965359
0.0139600,1.5965533
0.0139650,1.5965697
0.0139700,1.5965921
0.0139750,1.5966276
0.0139800,1.5966806
0.0139850,1.5967528
0.0139900,1.5968443
0.0139950,1.5969527
0.0140000,1.5923354
0.0140050,1.5924673
0.0140100,1.5926145
0.0140150,1.5927732
0.0140200,1.5929404
0.0140250,1.5931135
0.0140300,1.5932882
0.0140350,1.5934602
0.0140400,1.5936279
0.0140450,1.5937912
0.0140500,1.5939512
0.0140550,1.5941096
0.0140600,1.5942661
0.0140650,1.5944194
0.0140700,1.5945700
0.0140750,1.5947215
0.0140800,1.5948748
0.0140850,1.5950272
0.0140900,1.5951766
0.0140950,1.5953215
0.0141000,1.5969012
0.0141050,1.5970393
0.0141100,1.5971757
0.0141150,1.5973135
0.0141200,1.5974532
0.0141250,1.5975939
0.0141300,1.5977353
0.0141350,1.5978760
0.0141400,1.5980155
0.0141450,1.5981540
0.0141500,1.5982934
0.0141550,1.5984389
0.0141600,1.5985969
0.0141650,1.5987738
0.0141700,1.5989716
0.0141750,1.5991885
0.0141800,1.5994196
0.0141850,1.5996571
0.0141900,1.5998950
0.0141950,1.6001269
0.0142000,1.5795378
0.0142050,1.5797063
0.0142100,1.5798759
0.0142150,1.5800492
0.0142200,1.5802288
0.0142250,1.5804188
0.0142300,1.5806208
0.0142350,1.5808326
0.0142400,1.5810526
0.0142450,1.5812783
0.0142500,1.5815069
0.0142550,1.5817377
0.0142600,1.5819681
0.0142650,1.5821974
0.0142700,1.5824270
0.0142750,1.5826566
0.0142800,1.5828814
0.0142850,1.5830938
0.0142900,1.5832905
0.0142950,1.5834698
0.0143000,1.6010473
0.0143050,1.6011821
0.0143100,1.6013010
0.0143150,1.6014017
0.0143200,1.6014834
0.0143250,1.6015496
0.0143300,1.6016051
0.0143350,1.6016552
0.0143400,1.6017028
0.0143450,1.6017481
0.0143500,1.6017924
0.0143550,1.6018378
0.0143600,1.6018866
0.0143650,1.6019430
0.0143700,1.6020085
0.0143750,1.6020837
0.0143800,1.6021691
0.0143850,1.6022632
0.0143900,1.6023633
0.0143950,1.6024679
0.0144000,1.5894417
0.0144050,1.5895525
0.0144100,1.5896784
0.0144150,1.5898168
0.0144200,1.5899618
0.0144250,1.5901097
0.0144300,1.5902591
0.0144350,1.5904067
0.0144400,1.5905492
0.0144450,1.5906868
0.0144500,1.5908217
0.0144550,1.5909514
0.0144600,1.5910719
0.0144650,1.5911829
0.0144700,1.5912853
0.0144750,1.5913820
0.0144800,1.5914785
0.0144850,1.5915828
0.0144900,1.5917016
0.0144950,1.5918348
0.0145000,1.6086571
0.0145050,1.6088050
0.0145100,1.6089520
0.0145150,1.6090939
0.0145200,1.6092268
0.0145250,1.6093508
0.0145300,1.6094658
0.0145350,1.6095693
0.0145400,1.6096604
0.0145450,1.6097431
0.0145500,1.6098222
0.0145550,1.6098980
0.0145600,1.6099678
0.0145650,1.6100314
0.0145700,1.6100939
0.0145750,1.6101603
0.0145800,1.6102318
0.0145850,1.6103076
0.0145900,1.6103880
0.0145950,1.6104707
0.0146000,1.5783941
0.0146050,1.5784686
0.0146100,1.5785383
0.0146150,1.5786037
0.0146200,1.5786635
0.0146250,1.5787174
0.0146300,1.5787685
0.0146350,1.5788168
0.0146400,1.5788583
0.0146450,1.5788892
0.0146500,1.5789057
0.0146550,1.5789036
0.0146600,1.5788836
0.0146650,1.5788541
0.0146700,1.5788243
0.0146750,1.5787997
0.0146800,1.5787811
0.0146850,1.5787684
0.0146900,1.5787623
0.0146950,1.5787598
0.0147000,1.6091010
0.0147050,1.6090763
0.0147100,1.6090542
0.0147150,1.6090394
0.0147200,1.6090374
0.0147250,1.6090513
0.0147300,1.6090803
0.0147350,1.6091254
0.0147400,1.6091896
0.0147450,1.6092726
0.0147500,1.6093703
0.0147550,1.6094782
0.0147600,1.6095936
0.0147650,1.6097134
0.0147700,1.6098336
0.0147750,1.6099505
0.0147800,1.6100594
0.0147850,1.6101571
0.0147900,1.6102427
0.0147950,1.6103159
0.0148000,1.6266143
0.0148050,1.6266497
0.0148100,1.6266689
0.0148150,1.6266742
0.0148200,1.6266694
0.0148250,1.6266559
0.0148300,1.6266351
0.0148350,1.6266108
0.0148400,1.6265852
0.0148450,1.6265595
0.0148500,1.6265327
0.0148550,1.6265011
0.0148600,1.6264614
0.0148650,1.6264129
0.0148700,1.6263578
0.0148750,1.6262976
0.0148800,1.6262332
0.0148850,1.6261707
0.0148900,1.6261206
0.0148950,1.6260908
0.0149000,1.6403198
0.0149050,1.6403129
0.0149100,1.6403230
0.0149150,1.6403459
0.0149200,1.6403787
0.0149250,1.6404185
0.0149300,1.6404624
0.0149350,1.6405073
0.0149400,1.6405512
0.0149450,1.6405920
0.0149500,1.6406278
0.0149550,1.6406583
0.0149600,1.6406842
0.0149650,1.6407071
0.0149700,1.6407287
0.0149750,1.6407524
0.0149800,1.6407798
0.0149850,1.6408079
0.0149900,1.6408354
0.0149950,1.6408645
0.0150000,1.6231213
0.0150050,1.6231395
0.0150100,1.6231641
0.0150150,1.6231951
0.0150200,1.6232312
0.0150250,1.6232726
0.0150300,1.6233248
0.0150350,1.6233938
0.0150400,1.6234811
0.0150450,1.6235843
0.0150500,1.6237013
0.0150550,1.6238348
0.0150600,1.6239836
0.0150650,1.6241443
0.0150700,1.6243152
0.0150750,1.6244952
0.0150800,1.6246816
0.0150850,1.6248701
0.0150900,1.6250597
0.0150950,1.6252502
0.0151000,1.6551191
0.0151050,1.6553064
0.0151100,1.6554903
0.0151150,1.6556728
0.0151200,1.6558566
0.0151250,1.6560428
0.0151300,1.6562325
0.0151350,1.6564246
0.0151400,1.6566159
0.0151450,1.6567991
0.0151500,1.6569668
0.0151550,1.6571166
0.0151600,1.6572463
0.0151650,1.6573535
0.0151700,1.6574412
0.0151750,1.6575175
0.0151800,1.6575893
0.0151850,1.6576604
0.0151900,1.6577344
0.0151950,1.6578119
0.0152000,1.6873370
0.0152050,1.6873700
0.0152100,1.6874033
0.0152150,1.6874363
0.0152200,1.6874696
0.0152250,1.6875044
0.0152300,1.6875449
0.0152350,1.6875948
0.0152400,1.6876565
0.0152450,1.6877326
0.0152500,1.6878251
0.0152550,1.6879315
0.0152600,1.6880451
0.0152650,1.6881612
0.0152700,1.6882776
0.0152750,1.6883911
0.0152800,1.6884979
0.0152850,1.6885950
0.0152900,1.6886840
0.0152950,1.6887693
0.0153000,1.7214858
0.0153050,1.7215561
0.0153100,1.7216323
0.0153150,1.7217130
0.0153200,1.7217954
0.0153250,1.7218767
0.0153300,1.7219567
0.0153350,1.7220366
0.0153400,1.7221175
0.0153450,1.7222015
0.0153500,1.7222900
0.0153550,1.7223856
0.0153600,1.7224921
0.0153650,1.7226110
0.0153700,1.7227433
0.0153750,1.7228904
0.0153800,1.7230519
0.0153850,1.7232270
0.0153900,1.7234138
0.0153950,1.7236098
0.0154000,1.7121840
0.0154050,1.7124023
0.0154100,1.7126337
0.0154150,1.7128749
0.0154200,1.7131218
0.0154250,1.7133726
0.0154300,1.7136213
0.0154350,1.7138604
0.0154400,1.7140828
0.0154450,1.7142830
0.0154500,1.7144617
0.0154550,1.7146216
0.0154600,1.7147610
0.0154650,1.7148766
0.0154700,1.7149694
0.0154750,1.7150433
0.0154800,1.7151005
0.0154850,1.7151435
0.0154900,1.7151791
0.0154950,1.7152164
0.0155000,1.7148977
0.0155050,1.7149317
0.0155100,1.7149782
0.0155150,1.7150364
0.0155200,1.7151039
0.0155250,1.7151801
0.0155300,1.7152668
0.0155350,1.7153659
0.0155400,1.7154767
0.0155450,1.7155958
0.0155500,1.7157213
0.0155550,1.7158519
0.0155600,1.7159864
0.0155650,1.7161216
0.0155700,1.7162556
0.0155750,1.7163863
0.0155800,1.7165132
0.0155850,1.7166382
0.0155900,1.7167651
0.0155950,1.7168949
0.0156000,1.7200889
0.0156050,1.7201714
0.0156100,1.7202638
0.0156150,1.7203655
0.0156200,1.7204717
0.0156250,1.7205753
0.0156300,1.7206729
0.0156350,1.7207671
0.0156400,1.7208616
0.0156450,1.7209592
0.0156500,1.7210620
0.0156550,1.7211719
0.0156600,1.7212926
0.0156650,1.7214255
0.0156700,1.7215690
0.0156750,1.7217201
0.0156800,1.7218742
0.0156850,1.7220251
0.0156900,1.7221673
0.0156950,1.7223004
0.0157000,1.7039672
0.0157050,1.7040799
0.0157100,1.7041943
0.0157150,1.7043107
0.0157200,1.7044327
0.0157250,1.7045616
0.0157300,1.7046948
0.0157350,1.7048291
0.0157400,1.7049630
0.0157450,1.7050986
0.0157500,1.7052364
0.0157550,1.7053765
0.0157600,1.7055207
0.0157650,1.7056673
0.0157700,1.7058133
0.0157750,1.7059582
0.0157800,1.7061034
0.0157850,1.7062506
0.0157900,1.7063998
0.0157950,1.7065477
0.0158000,1.7469763
0.0158050,1.7470942
0.0158100,1.7472058
0.0158150,1.7473126
0.0158200,1.7474190
0.0158250,1.7475260
0.0158300,1.7476302
0.0158350,1.7477293
0.0158400,1.7478220
0.0158450,1.7479068
0.0158500,1.7479840
0.0158550,1.7480563
0.0158600,1.7481267
0.0158650,1.7481947
0.0158700,1.7482593
0.0158750,1.7483213
0.0158800,1.7483845
0.0158850,1.7484485
0.0158900,1.7485114
0.0158950,1.7485774
0.0159000,1.7479924
0.0159050,1.7480540
0.0159100,1.7481181
0.0159150,1.7481842
0.0159200,1.7482522
0.0159250,1.7483182
0.0159300,1.7483783
0.0159350,1.7484273
0.0159400,1.7484586
0.0159450,1.7484710
0.0159500,1.7484691
0.0159550,1.7484607
0.0159600,1.7484542
0.0159650,1.7484545
0.0159700,1.7484602
0.0159750,1.7484701
0.0159800,1.7484894
0.0159850,1.7485218
0.0159900,1.7485666
0.0159950,1.7486244
0.0160000,1.7637972
0.0160050,1.7638803
0.0160100,1.7639791
0.0160150,1.7640897
0.0160200,1.7642098
0.0160250,1.7643366
0.0160300,1.7644659
0.0160350,1.7645960
0.0160400,1.7647254
0.0160450,1.7648488
0.0160500,1.7649603
0.0160550,1.7650589
0.0160600,1.7651485
0.0160650,1.7652315
0.0160700,1.7653067
0.0160750,1.7653725
0.0160800,1.7654262
0.0160850,1.7654630
0.0160900,1.7654796
0.0160950,1.7654771
0.0161000,1.7059652
0.0161050,1.7058752
0.0161100,1.7057775
0.0161150,1.7056812
0.0161200,1.7055945
0.0161250,1.7055215
0.0161300,1.7054639
0.0161350,1.7054173
0.0161400,1.7053758
0.0161450,1.7053338
0.0161500,1.7052872
0.0161550,1.7052355
0.0161600,1.7051763
0.0161650,1.7051062
0.0161700,1.7050243
0.0161750,1.7049365
0.0161800,1.7048479
0.0161850,1.7047606
0.0161900,1.7046793
0.0161950,1.7046103
0.0162000,1.6944183
0.0162050,1.6943419
0.0162100,1.6942768
0.0162150,1.6942194
0.0162200,1.6941670
0.0162250,1.6941161
0.0162300,1.6940689
0.0162350,1.6940318
0.0162400,1.6940093
0.0162450,1.6940017
0.0162500,1.6940067
0.0162550,1.6940237
0.0162600,1.6940504
0.0162650,1.6940829
0.0162700,1.6941192
0.0162750,1.6941604
0.0162800,1.6942077
0.0162850,1.6942590
0.0162900,1.6943123
0.0162950,1.6943654
0.0163000,1.7433990
0.0163050,1.7434071
0.0163100,1.7434188
0.0163150,1.7434341
0.0163200,1.7434504
0.0163250,1.7434660
0.0163300,1.7434834
0.0163350,1.7435058
0.0163400,1.7435362
0.0163450,1.7435784
0.0163500,1.7436338
0.0163550,1.7437008
0.0163600,1.7437751
0.0163650,1.7438534
0.0163700,1.7439343
0.0163750,1.7440183
0.0163800,1.7441072
0.0163850,1.7442024
0.0163900,1.7443030
0.0163950,1.7444022
0.0164000,1.7272174
0.0164050,1.7272553
0.0164100,1.7272926
0.0164150,1.7273317
0.0164200,1.7273738
0.0164250,1.7274211
0.0164300,1.7274753
0.0164350,1.7275351
0.0164400,1.7275983
0.0164450,1.7276607
0.0164500,1.7277189
0.0164550,1.7277686
0.0164600,1.7278052
0.0164650,1.7278271
0.0164700,1.7278353
0.0164750,1.7278305
0.0164800,1.7278123
0.0164850,1.7277824
0.0164900,1.7277428
0.0164950,1.7276932
0.0165000,1.7238429
0.0165050,1.7237511
0.0165100,1.7236538
0.0165150,1.7235544
0.0165200,1.7234523
0.0165250,1.7233475
0.0165300,1.7232421
0.0165350,1.7231378
0.0165400,1.7230346
0.0165450,1.7229332
0.0165500,1.7228396
0.0165550,1.7227583
0.0165600,1.7226908
0.0165650,1.7226367
0.0165700,1.7225971
0.0165750,1.7225720
0.0165800,1.7225589
0.0165850,1.7225562
0.0165900,1.7225620
0.0165950,1.7225721
0.0166000,1.7257816
0.0166050,1.7257707
0.0166100,1.7257489
0.0166150,1.7257195
0.0166200,1.7256833
0.0166250,1.7256403
0.0166300,1.7255962
0.0166350,1.7255611
0.0166400,1.7255423
0.0166450,1.7255434
0.0166500,1.7255681
0.0166550,1.7256181
0.0166600,1.7256900
0.0166650,1.7257771
0.0166700,1.7258717
0.0166750,1.7259661
0.0166800,1.7260527
0.0166850,1.7261277
0.0166900,1.7261914
0.0166950,1.7262446
0.0167000,1.7403957
0.0167050,1.7404248
0.0167100,1.7404480
0.0167150,1.7404628
0.0167200,1.7404653
0.0167250,1.7404539
0.0167300,1.7404302
0.0167350,1.7403954
0.0167400,1.7403507
0.0167450,1.7402997
0.0167500,1.7402471
0.0167550,1.7401984
0.0167600,1.7401607
0.0167650,1.7401414
0.0167700,1.7401416
0.0167750,1.7401557
0.0167800,1.7401759
0.0167850,1.7401952
0.0167900,1.7402107
0.0167950,1.7402215
0.0168000,1.7373849
0.0168050,1.7373990
0.0168100,1.7374232
0.0168150,1.7374602
0.0168200,1.7375096
0.0168250,1.7375699
0.0168300,1.7376360
0.0168350,1.7377018
0.0168400,1.7377632
0.0168450,1.7378185
0.0168500,1.7378661
0.0168550,1.7379031
0.0168600,1.7379270
0.0168650,1.7379388
0.0168700,1.7379406
0.0168750,1.7379322
0.0168800,1.7379117
0.0168850,1.7378763
0.0168900,1.7378261
0.0168950,1.7377650
0.0169000,1.7398706
0.0169050,1.7397769
0.0169100,1.7396885
0.0169150,1.7396131
0.0169200,1.7395574
0.0169250,1.7395273
0.0169300,1.7395270
0.0169350,1.7395575
0.0169400,1.7396148
0.0169450,1.7396921
0.0169500,1.7397824
0.0169550,1.7398790
0.0169600,1.7399739
0.0169650,1.7400601
0.0169700,1.7401351
0.0169750,1.7401997
0.0169800,1.7402550
0.0169850,1.7403015
0.0169900,1.7403378
0.0169950,1.7403629
0.0170000,1.7543612
0.0170050,1.7543406
0.0170100,1.7543285
0.0170150,1.7543288
0.0170200,1.7543433
0.0170250,1.7543718
0.0170300,1.7544085
0.0170350,1.7544470
0.0170400,1.7544833
0.0170450,1.7545150
0.0170500,1.7545427
0.0170550,1.7545668
0.0170600,1.7545875
0.0170650,1.7546068
0.0170700,1.7546254
0.0170750,1.7546438
0.0170800,1.7546644
0.0170850,1.7546930
0.0170900,1.7547334
0.0170950,1.7547854
0.0171000,1.7088019
0.0171050,1.7088956
0.0171100,1.7089861
0.0171150,1.7090717
0.0171200,1.7091551
0.0171250,1.7092386
0.0171300,1.7093217
0.0171350,1.7094053
0.0171400,1.7094929
0.0171450,1.7095887
0.0171500,1.7096962
0.0171550,1.7098156
0.0171600,1.7099453
0.0171650,1.7100815
0.0171700,1.7102144
0.0171750,1.7103354
0.0171800,1.7104391
0.0171850,1.7105225
0.0171900,1.7105833
0.0171950,1.7106243
0.0172000,1.7236864
0.0172050,1.7237284
0.0172100,1.7237615
0.0172150,1.7237871
0.0172200,1.7238104
0.0172250,1.7238348
0.0172300,1.7238590
0.0172350,1.7238827
0.0172400,1.7239061
0.0172450,1.7239254
0.0172500,1.7239382
0.0172550,1.7239455
0.0172600,1.7239496
0.0172650,1.7239515
0.0172700,1.7239516
0.0172750,1.7239511
0.0172800,1.7239515
0.0172850,1.7239515
0.0172900,1.7239460
0.0172950,1.7239321
0.0173000,1.7368537
0.0173050,1.7367971
0.0173100,1.7367478
0.0173150,1.7367098
0.0173200,1.7366893
0.0173250,1.7366906
0.0173300,1.7367134
0.0173350,1.7367542
0.0173400,1.7368104
0.0173450,1.7368781
0.0173500,1.7369497
0.0173550,1.7370160
0.0173600,1.7370750
0.0173650,1.7371283
0.0173700,1.7371732
0.0173750,1.7372097
0.0173800,1.7372429
0.0173850,1.7372806
0.0173900,1.7373271
0.0173950,1.7373839
0.0174000,1.7329509
0.0174050,1.7330122
0.0174100,1.7330862
0.0174150,1.7331733
0.0174200,1.7332746
0.0174250,1.7333908
0.0174300,1.7335196
0.0174350,1.7336560
0.0174400,1.7337939
0.0174450,1.7339278
0.0174500,1.7340547
0.0174550,1.7341699
0.0174600,1.7342719
0.0174650,1.7343626
0.0174700,1.7344390
0.0174750,1.7344965
0.0174800,1.7345384
0.0174850,1.7345699
0.0174900,1.7345921
0.0174950,1.7346056
0.0175000,1.6789624
0.0175050,1.6789426
0.0175100,1.6789202
0.0175150,1.6788956
0.0175200,1.6788726
0.0175250,1.6788560
0.0175300,1.6788493
0.0175350,1.6788532
0.0175400,1.6788675
0.0175450,1.6788903
0.0175500,1.6789158
0.0175550,1.6789360
0.0175600,1.6789499
0.0175650,1.6789594
0.0175700,1.6789619
0.0175750,1.6789572
0.0175800,1.6789517
0.0175850,1.6789511
0.0175900,1.6789581
0.0175950,1.6789757
0.0176000,1.6810434
0.0176050,1.6810693
0.0176100,1.6811135
0.0176150,1.6811692
0.0176200,1.6812329
0.0176250,1.6813017
0.0176300,1.6813707
0.0176350,1.6814362
0.0176400,1.6814968
0.0176450,1.6815481
0.0176500,1.6815844
0.0176550,1.6816039
0.0176600,1.6816094
0.0176650,1.6816029
0.0176700,1.6815859
0.0176750,1.6815621
0.0176800,1.6815376
0.0176850,1.6815178
0.0176900,1.6815100
0.0176950,1.6815196
0.0177000,1.6635507
0.0177050,1.6635932
0.0177100,1.6636607
0.0177150,1.6637505
0.0177200,1.6638584
0.0177250,1.6639784
0.0177300,1.6641065
0.0177350,1.6642418
0.0177400,1.6643842
0.0177450,1.6645312
0.0177500,1.6646769
0.0177550,1.6648160
0.0177600,1.6649462
0.0177650,1.6650658
0.0177700,1.6651768
0.0177750,1.6652860
0.0177800,1.6653994
0.0177850,1.6655208
0.0177900,1.6656507
0.0177950,1.6657877
0.0178000,1.6637888
0.0178050,1.6638689
0.0178100,1.6639634
0.0178150,1.6640690
0.0178200,1.6641835
0.0178250,1.6643057
0.0178300,1.6644322
0.0178350,1.6645604
0.0178400,1.6646913
0.0178450,1.6648247
0.0178500,1.6649564
0.0178550,1.6650821
0.0178600,1.6652011
0.0178650,1.6653148
0.0178700,1.6654259
0.0178750,1.6655377
0.0178800,1.6656524
0.0178850,1.6657727
0.0178900,1.6659026
0.0178950,1.6660435
0.0179000,1.6704414
0.0179050,1.6705342
0.0179100,1.6706276
0.0179150,1.6707181
0.0179200,1.6708066
0.0179250,1.6708944
0.0179300,1.6709803
0.0179350,1.6710628
0.0179400,1.6711389
0.0179450,1.6712036
0.0179500,1.6712516
0.0179550,1.6712814
0.0179600,1.6712962
0.0179650,1.6712999
0.0179700,1.6712982
0.0179750,1.6712987
0.0179800,1.6713062
0.0179850,1.6713247
0.0179900,1.6713565
0.0179950,1.6714031
0.0180000,1.6749222
0.0180050,1.6749808
0.0180100,1.6750541
0.0180150,1.6751422
0.0180200,1.6752475
0.0180250,1.6753711
0.0180300,1.6755116
0.0180350,1.6756697
0.0180400,1.6758438
0.0180450,1.6760276
0.0180500,1.6762129
0.0180550,1.6763944
0.0180600,1.6765710
0.0180650,1.6767411
0.0180700,1.6769046
0.0180750,1.6770653
0.0180800,1.6772250
0.0180850,1.6773835
0.0180900,1.6775386
0.0180950,1.6776904
0.0181000,1.6602004
0.0181050,1.6603142
0.0181100,1.6604302
0.0181150,1.6605515
0.0181200,1.6606795
0.0181250,1.6608113
0.0181300,1.6609416
0.0181350,1.6610699
0.0181400,1.6611957
0.0181450,1.6613181
0.0181500,1.6614366
0.0181550,1.6615525
0.0181600,1.6616691
0.0181650,1.6617853
0.0181700,1.6618981
0.0181750,1.6620052
0.0181800,1.6621075
0.0181850,1.6622062
0.0181900,1.6623021
0.0181950,1.6624024
0.0182000,1.7153215
0.0182050,1.7154150
0.0182100,1.7155091
0.0182150,1.7156008
0.0182200,1.7156878
0.0182250,1.7157621
0.0182300,1.7158178
0.0182350,1.7158560
0.0182400,1.7158798
0.0182450,1.7158917
0.0182500,1.7158942
0.0182550,1.7158932
0.0182600,1.7158946
0.0182650,1.7159004
0.0182700,1.7159116
0.0182750,1.7159308
0.0182800,1.7159613
0.0182850,1.7160009
0.0182900,1.7160448
0.0182950,1.7160935
0.0183000,1.7313917
0.0183050,1.7313985
0.0183100,1.7314131
0.0183150,1.7314371
0.0183200,1.7314703
0.0183250,1.7315098
0.0183300,1.7315541
0.0183350,1.7316040
0.0183400,1.7316633
0.0183450,1.7317347
0.0183500,1.7318190
0.0183550,1.7319186
0.0183600,1.7320308
0.0183650,1.7321488
0.0183700,1.7322682
0.0183750,1.7323897
0.0183800,1.7325150
0.0183850,1.7326436
0.0183900,1.7327744
0.0183950,1.7329077
0.0184000,1.7314016
0.0184050,1.7314584
0.0184100,1.7315102
0.0184150,1.7315584
0.0184200,1.7316050
0.0184250,1.7316482
0.0184300,1.7316868
0.0184350,1.7317215
0.0184400,1.7317521
0.0184450,1.7317774
0.0184500,1.7317990
0.0184550,1.7318202
0.0184600,1.7318428
0.0184650,1.7318671
0.0184700,1.7318928
0.0184750,1.7319209
0.0184800,1.7319502
0.0184850,1.7319814
0.0184900,1.7320172
0.0184950,1.7320576
0.0185000,1.7142591
0.0185050,1.7143023
0.0185100,1.7143483
0.0185150,1.7143957
0.0185200,1.7144450
0.0185250,1.7144989
0.0185300,1.7145596
0.0185350,1.7146276
0.0185400,1.7147031
0.0185450,1.7147876
0.0185500,1.7148823
0.0185550,1.7149897
0.0185600,1.7151095
0.0185650,1.7152390
0.0185700,1.7153740
0.0185750,1.7155064
0.0185800,1.7156270
0.0185850,1.7157298
0.0185900,1.7158121
0.0185950,1.7158748
0.0186000,1.7006349
0.0186050,1.7006609
0.0186100,1.7006885
0.0186150,1.7007202
0.0186200,1.7007551
0.0186250,1.7007933
0.0186300,1.7008378
0.0186350,1.7008929
0.0186400,1.7009629
0.0186450,1.7010546
0.0186500,1.7011737
0.0186550,1.7013222
0.0186600,1.7014991
0.0186650,1.7017004
0.0186700,1.7019177
0.0186750,1.7021406
0.0186800,1.7023595
0.0186850,1.7025697
0.0186900,1.7027701
0.0186950,1.7029610
0.0187000,1.7390715
0.0187050,1.7392130
0.0187100,1.7393447
0.0187150,1.7394722
0.0187200,1.7396006
0.0187250,1.7397307
0.0187300,1.7398591
0.0187350,1.7399813
0.0187400,1.7400963
0.0187450,1.7402076
0.0187500,1.7403174
0.0187550,1.7404282
0.0187600,1.7405422
0.0187650,1.7406608
0.0187700,1.7407849
0.0187750,1.7409142
0.0187800,1.7410463
0.0187850,1.7411784
0.0187900,1.7413101
0.0187950,1.7414377
0.0188000,1.7699462
0.0188050,1.7700234
0.0188100,1.7700832
0.0188150,1.7701257
0.0188200,1.7701522
0.0188250,1.7701673
0.0188300,1.7701777
0.0188350,1.7701868
0.0188400,1.7701966
0.0188450,1.7702106
0.0188500,1.7702333
0.0188550,1.7702663
0.0188600,1.7703078
0.0188650,1.7703569
0.0188700,1.7704147
0.0188750,1.7704827
0.0188800,1.7705585
0.0188850,1.7706381
0.0188900,1.7707230
0.0188950,1.7708134
0.0189000,1.7698077
0.0189050,1.7698468
0.0189100,1.7698843
0.0189150,1.7699174
0.0189200,1.7699422
0.0189250,1.7699573
0.0189300,1.7699641
0.0189350,1.7699670
0.0189400,1.7699733
0.0189450,1.7699866
0.0189500,1.7700073
0.0189550,1.7700337
0.0189600,1.7700647
0.0189650,1.7700982
0.0189700,1.7701296
0.0189750,1.7701551
0.0189800,1.7701721
0.0189850,1.7701797
0.0189900,1.7701793
0.0189950,1.7701718
0.0190000,1.7548525
0.0190050,1.7547981
0.0190100,1.7547436
0.0190150,1.7546910
0.0190200,1.7546426
0.0190250,1.7545988
0.0190300,1.7545591
0.0190350,1.7545239
0.0190400,1.7544927
0.0190450,1.7544656
0.0190500,1.7544426
0.0190550,1.7544243
0.0190600,1.7544162
0.0190650,1.7544225
0.0190700,1.7544424
0.0190750,1.7544745
0.0190800,1.7545199
0.0190850,1.7545790
0.0190900,1.7546503
0.0190950,1.7547348
0.0191000,1.7425027
0.0191050,1.7425917
0.0191100,1.7426988
0.0191150,1.7428204
0.0191200,1.7429540
0.0191250,1.7430951
0.0191300,1.7432382
0.0191350,1.7433802
0.0191400,1.7435193
0.0191450,1.7436551
0.0191500,1.7437890
0.0191550,1.7439227
0.0191600,1.7440566
0.0191650,1.7441876
0.0191700,1.7443116
0.0191750,1.7444267
0.0191800,1.7445299
0.0191850,1.7446182
0.0191900,1.7446900
0.0191950,1.7447466
0.0192000,1.7364090
0.0192050,1.7364099
0.0192100,1.7364099
0.0192150,1.7364161
0.0192200,1.7364313
0.0192250,1.7364550
0.0192300,1.7364879
0.0192350,1.7365325
0.0192400,1.7365918
0.0192450,1.7366688
0.0192500,1.7367650
0.0192550,1.7368801
0.0192600,1.7370130
0.0192650,1.7371602
0.0192700,1.7373167
0.0192750,1.7374807
0.0192800,1.7376533
0.0192850,1.7378353
0.0192900,1.7380261
0.0192950,1.7382233
0.0193000,1.7488240
0.0193050,1.7490007
0.0193100,1.7491818
0.0193150,1.7493722
0.0193200,1.7495747
0.0193250,1.7497876
0.0193300,1.7500067
0.0193350,1.7502313
0.0193400,1.7504612
0.0193450,1.7506930
0.0193500,1.7509265
0.0193550,1.7511633
0.0193600,1.7514006
0.0193650,1.7516328
0.0193700,1.7518545
0.0193750,1.7520598
0.0193800,1.7522422
0.0193850,1.7523981
0.0193900,1.7525297
0.0193950,1.7526424
0.0194000,1.7311017
0.0194050,1.7311700
0.0194100,1.7312402
0.0194150,1.7313181
0.0194200,1.7314063
0.0194250,1.7315054
0.0194300,1.7316160
0.0194350,1.7317398
0.0194400,1.7318771
0.0194450,1.7320254
0.0194500,1.7321832
0.0194550,1.7323517
0.0194600,1.7325301
0.0194650,1.7327166
0.0194700,1.7329105
0.0194750,1.7331136
0.0194800,1.7333236
0.0194850,1.7335341
0.0194900,1.7337376
0.0194950,1.7339291
0.0195000,1.7745524
0.0195050,1.7746820
0.0195100,1.7747904
0.0195150,1.7748812
0.0195200,1.7749575
0.0195250,1.7750201
0.0195300,1.7750684
0.0195350,1.7751039
0.0195400,1.7751299
0.0195450,1.7751506
0.0195500,1.7751696
0.0195550,1.7751918
0.0195600,1.7752261
0.0195650,1.7752786
0.0195700,1.7753507
0.0195750,1.7754417
0.0195800,1.7755484
0.0195850,1.7756657
0.0195900,1.7757892
0.0195950,1.7759149
0.0196000,1.7640366
0.0196050,1.7641501
0.0196100,1.7642608
0.0196150,1.7643737
0.0196200,1.7644932
0.0196250,1.7646246
0.0196300,1.7647699
0.0196350,1.7649286
0.0196400,1.7650994
0.0196450,1.7652788
0.0196500,1.7654618
0.0196550,1.7656429
0.0196600,1.7658157
0.0196650,1.7659734
0.0196700,1.7661110
0.0196750,1.7662254
0.0196800,1.7663164
0.0196850,1.7663875
0.0196900,1.7664446
0.0196950,1.7664951
0.0197000,1.7413250
0.0197050,1.7413450
0.0197100,1.7413740
0.0197150,1.7414157
0.0197200,1.7414764
0.0197250,1.7415583
0.0197300,1.7416596
0.0197350,1.7417790
0.0197400,1.7419173
0.0197450,1.7420738
0.0197500,1.7422447
0.0197550,1.7424261
0.0197600,1.7426142
0.0197650,1.7428038
0.0197700,1.7429898
0.0197750,1.7431683
0.0197800,1.7433379
0.0197850,1.7435002
0.0197900,1.7436577
0.0197950,1.7438145
0.0198000,1.7396603
0.0198050,1.7398085
0.0198100,1.7399661
0.0198150,1.7401330
0.0198200,1.7403138
0.0198250,1.7405104
0.0198300,1.7407201
0.0198350,1.7409388
0.0198400,1.7411635
0.0198450,1.7413903
0.0198500,1.7416154
0.0198550,1.7418379
0.0198600,1.7420572
0.0198650,1.7422719
0.0198700,1.7424776
0.0198750,1.7426700
0.0198800,1.7428508
0.0198850,1.7430239
0.0198900,1.7431908
0.0198950,1.7433525
0.0199000,1.7333961
0.0199050,1.7335114
0.0199100,1.7336286
0.0199150,1.7337454
0.0199200,1.7338622
0.0199250,1.7339813
0.0199300,1.7341032
0.0199350,1.7342286
0.0199400,1.7343625
0.0199450,1.7345100
0.0199500,1.7346734
0.0199550,1.7348527
0.0199600,1.7350468
0.0199650,1.7352533
0.0199700,1.7354682
0.0199750,1.7356858
0.0199800,1.7359015
0.0199850,1.7361119
0.0199900,1.7363138
0.0199950,1.7365050
0.0200000,1.7610781
0.0200050,1.7612013
0.0200100,1.7613130
0.0200150,1.7614063
0.0200200,1.7614777
0.0200250,1.7615278
0.0200300,1.7615572
0.0200350,1.7615641
0.0200400,1.7615458
0.0200450,1.7615020
0.0200500,1.7614297
0.0200550,1.7613276
0.0200600,1.7612008
0.0200650,1.7610578
0.0200700,1.7609054
0.0200750,1.7607493
0.0200800,1.7605964
0.0200850,1.7604507
0.0200900,1.7603136
0.0200950,1.7601845
0.0201000,1.7449128
0.0201050,1.7447982
0.0201100,1.7446967
0.0201150,1.7446089
0.0201200,1.7445355
0.0201250,1.7444756
0.0201300,1.7444282
0.0201350,1.7443921
0.0201400,1.7443671
0.0201450,1.7443546
0.0201500,1.7443538
0.0201550,1.7443619
0.0201600,1.7443777
0.0201650,1.7444026
0.0201700,1.7444367
0.0201750,1.7444785
0.0201800,1.7445289
0.0201850,1.7445901
0.0201900,1.7446619
0.0201950,1.7447399
0.0202000,1.7614418
0.0202050,1.7615042
0.0202100,1.7615531
0.0202150,1.7615857
0.0202200,1.7616082
0.0202250,1.7616319
0.0202300,1.7616606
0.0202350,1.7616892
0.0202400,1.7617170
0.0202450,1.7617475
0.0202500,1.7617813
0.0202550,1.7618159
0.0202600,1.7618485
0.0202650,1.7618794
0.0202700,1.7619109
0.0202750,1.7619446
0.0202800,1.7619837
0.0202850,1.7620282
0.0202900,1.7620742
0.0202950,1.7621174
0.0203000,1.7933346
0.0203050,1.7933478
0.0203100,1.7933560
0.0203150,1.7933550
0.0203200,1.7933395
0.0203250,1.7933060
0.0203300,1.7932567
0.0203350,1.7931980
0.0203400,1.7931410
0.0203450,1.7930945
0.0203500,1.7930620
0.0203550,1.7930438
0.0203600,1.7930369
0.0203650,1.7930409
0.0203700,1.7930577
0.0203750,1.7930883
0.0203800,1.7931333
0.0203850,1.7931936
0.0203900,1.7932701
0.0203950,1.7933622
0.0204000,1.7646345
0.0204050,1.7647577
0.0204100,1.7648940
0.0204150,1.7650442
0.0204200,1.7652089
0.0204250,1.7653844
0.0204300,1.7655619
0.0204350,1.7657299
0.0204400,1.7658788
0.0204450,1.7660068
0.0204500,1.7661178
0.0204550,1.7662149
0.0204600,1.7663021
0.0204650,1.7663854
0.0204700,1.7664690
0.0204750,1.7665545
0.0204800,1.7666448
0.0204850,1.7667401
0.0204900,1.7668370
0.0204950,1.7669324
0.0205000,1.7563311
0.0205050,1.7563947
0.0205100,1.7564610
0.0205150,1.7565299
0.0205200,1.7566014
0.0205250,1.7566715
0.0205300,1.7567368
0.0205350,1.7567971
0.0205400,1.7568535
0.0205450,1.7569079
0.0205500,1.7569628
0.0205550,1.7570228
0.0205600,1.7570948
0.0205650,1.7571853
0.0205700,1.7572945
0.0205750,1.7574205
0.0205800,1.7575611
0.0205850,1.7577103
0.0205900,1.7578586
0.0205950,1.7579956
0.0206000,1.7444937
0.0206050,1.7445581
0.0206100,1.7446010
0.0206150,1.7446242
0.0206200,1.7446293
0.0206250,1.7446165
0.0206300,1.7445858
0.0206350,1.7445395
0.0206400,1.7444794
0.0206450,1.7444066
0.0206500,1.7443248
0.0206550,1.7442382
0.0206600,1.7441483
0.0206650,1.7440560
0.0206700,1.7439652
0.0206750,1.7438821
0.0206800,1.7438104
0.0206850,1.7437490
0.0206900,1.7436938
0.0206950,1.7436416
0.0207000,1.7712257
0.0207050,1.7711402
0.0207100,1.7710551
0.0207150,1.7709774
0.0207200,1.7709119
0.0207250,1.7708560
0.0207300,1.7708032
0.0207350,1.7707485
0.0207400,1.7706874
0.0207450,1.7706133
0.0207500,1.7705218
0.0207550,1.7704142
0.0207600,1.7702954
0.0207650,1.7701704
0.0207700,1.7700448
0.0207750,1.7699259
0.0207800,1.7698190
0.0207850,1.7697277
0.0207900,1.7696528
0.0207950,1.7695923
0.0208000,1.7525897
0.0208050,1.7525365
0.0208100,1.7525112
0.0208150,1.7525150
0.0208200,1.7525489
0.0208250,1.7526128
0.0208300,1.7527049
0.0208350,1.7528238
0.0208400,1.7529659
0.0208450,1.7531228
0.0208500,1.7532841
0.0208550,1.7534430
0.0208600,1.7535995
0.0208650,1.7537569
0.0208700,1.7539162
0.0208750,1.7540747
0.0208800,1.7542289
0.0208850,1.7543765
0.0208900,1.7545106
0.0208950,1.7546248
0.0209000,1.7972764
0.0209050,1.7973013
0.0209100,1.7973114
0.0209150,1.7973058
0.0209200,1.7972880
0.0209250,1.7972655
0.0209300,1.7972452
0.0209350,1.7972318
0.0209400,1.7972271
0.0209450,1.7972311
0.0209500,1.7972412
0.0209550,1.7972516
0.0209600,1.7972576
0.0209650,1.7972575
0.0209700,1.7972514
0.0209750,1.7972416
0.0209800,1.7972338
0.0209850,1.7972333
0.0209900,1.7972462
0.0209950,1.7972787
0.0210000,1.7772521
0.0210050,1.7772806
0.0210100,1.7773302
0.0210150,1.7774012
0.0210200,1.7774906
0.0210250,1.7775930
0.0210300,1.7777051
0.0210350,1.7778259
0.0210400,1.7779571
0.0210450,1.7781028
0.0210500,1.7782645
0.0210550,1.7784399
0.0210600,1.7786261
0.0210650,1.7788212
0.0210700,1.7790222
0.0210750,1.7792246
0.0210800,1.7794251
0.0210850,1.7796198
0.0210900,1.7798045
0.0210950,1.7799758
0.0211000,1.7568847
0.0211050,1.7570259
0.0211100,1.7571611
0.0211150,1.7572845
0.0211200,1.7573934
0.0211250,1.7574906
0.0211300,1.7575787
0.0211350,1.7576575
0.0211400,1.7577271
0.0211450,1.7577915
0.0211500,1.7578561
0.0211550,1.7579253
0.0211600,1.7580035
0.0211650,1.7580948
0.0211700,1.7582000
0.0211750,1.7583187
0.0211800,1.7584502
0.0211850,1.7585953
0.0211900,1.7587513
0.0211950,1.7589117
0.0212000,1.7673841
0.0212050,1.7674985
0.0212100,1.7676042
0.0212150,1.7676996
0.0212200,1.7677881
0.0212250,1.7678760
0.0212300,1.7679676
0.0212350,1.7680668
0.0212400,1.7681747
0.0212450,1.7682882
0.0212500,1.7684036
0.0212550,1.7685181
0.0212600,1.7686293
0.0212650,1.7687373
0.0212700,1.7688422
0.0212750,1.7689426
0.0212800,1.7690386
0.0212850,1.7691337
0.0212900,1.7692285
0.0212950,1.7693170
0.0213000,1.7689445
0.0213050,1.7689994
0.0213100,1.7690416
0.0213150,1.7690730
0.0213200,1.7690942
0.0213250,1.7691069
0.0213300,1.7691129
0.0213350,1.7691137
0.0213400,1.7691109
0.0213450,1.7691061
0.0213500,1.7691010
0.0213550,1.7690937
0.0213600,1.7690817
0.0213650,1.7690675
0.0213700,1.7690548
0.0213750,1.7690433
0.0213800,1.7690304
0.0213850,1.7690175
0.0213900,1.7690089
0.0213950,1.7690068
0.0214000,1.7836574
0.0214050,1.7835989
0.0214100,1.7835549
0.0214150,1.7835282
0.0214200,1.7835223
0.0214250,1.7835419
0.0214300,1.7835866
0.0214350,1.7836512
0.0214400,1.7837309
0.0214450,1.7838235
0.0214500,1.7839272
0.0214550,1.7840407
0.0214600,1.7841658
0.0214650,1.7843045
0.0214700,1.7844540
0.0214750,1.7846083
0.0214800,1.7847585
0.0214850,1.7848968
0.0214900,1.7850164
0.0214950,1.7851110
0.0215000,1.8215332
0.0215050,1.8215469
0.0215100,1.8215536
0.0215150,1.8215560
0.0215200,1.8215540
0.0215250,1.8215473
0.0215300,1.8215365
0.0215350,1.8215207
0.0215400,1.8214977
0.0215450,1.8214672
0.0215500,1.8214333
0.0215550,1.8214006
0.0215600,1.8213683
0.0215650,1.8213335
0.0215700,1.8212953
0.0215750,1.8212503
0.0215800,1.8211934
0.0215850,1.8211233
0.0215900,1.8210426
0.0215950,1.8209576
0.0216000,1.8561759
0.0216050,1.8560702
0.0216100,1.8559686
0.0216150,1.8558685
0.0216200,1.8557688
0.0216250,1.8556723
0.0216300,1.8555846
0.0216350,1.8555117
0.0216400,1.8554552
0.0216450,1.8554147
0.0216500,1.8553909
0.0216550,1.8553832
0.0216600,1.8553852
0.0216650,1.8553910
0.0216700,1.8554050
0.0216750,1.8554353
0.0216800,1.8554814
0.0216850,1.8555379
0.0216900,1.8556033
0.0216950,1.8556767
0.0217000,1.8446289
0.0217050,1.8446770
0.0217100,1.8447209
0.0217150,1.8447652
0.0217200,1.8448110
0.0217250,1.8448583
0.0217300,1.8449079
0.0217350,1.8449573
0.0217400,1.8449998
0.0217450,1.8450313
0.0217500,1.8450539
0.0217550,1.8450723
0.0217600,1.8450887
0.0217650,1.8451036
0.0217700,1.8451195
0.0217750,1.8451390
0.0217800,1.8451604
0.0217850,1.8451811
0.0217900,1.8452050
0.0217950,1.8452316
0.0218000,1.8393565
0.0218050,1.8393443
0.0218100,1.8393243
0.0218150,1.8392987
0.0218200,1.8392677
0.0218250,1.8392332
0.0218300,1.8392029
0.0218350,1.8391843
0.0218400,1.8391798
0.0218450,1.8391887
0.0218500,1.8392151
0.0218550,1.8392639
0.0218600,1.8393336
0.0218650,1.8394196
0.0218700,1.8395193
0.0218750,1.8396290
0.0218800,1.8397434
0.0218850,1.8398570
0.0218900,1.8399696
0.0218950,1.8400847
0.0219000,1.8547236
0.0219050,1.8548144
0.0219100,1.8549020
0.0219150,1.8549883
0.0219200,1.8550746
0.0219250,1.8551588
0.0219300,1.8552384
0.0219350,1.8553106
0.0219400,1.8553731
0.0219450,1.8554247
0.0219500,1.8554687
0.0219550,1.8555092
0.0219600,1.8555484
0.0219650,1.8555882
0.0219700,1.8556283
0.0219750,1.8556667
0.0219800,1.8557034
0.0219850,1.8557397
0.0219900,1.8557816
0.0219950,1.8558344
0.0220000,1.8206884
0.0220050,1.8207234
0.0220100,1.8207761
0.0220150,1.8208513
0.0220200,1.8209472
0.0220250,1.8210591
0.0220300,1.8211843
0.0220350,1.8213198
0.0220400,1.8214590
0.0220450,1.8215961
0.0220500,1.8217277
0.0220550,1.8218521
0.0220600,1.8219698
0.0220650,1.8220837
0.0220700,1.8221973
0.0220750,1.8223133
0.0220800,1.8224313
0.0220850,1.8225499
0.0220900,1.8226713
0.0220950,1.8227951
0.0221000,1.8311018
0.0221050,1.8311963
0.0221100,1.8312883
0.0221150,1.8313777
0.0221200,1.8314613
0.0221250,1.8315375
0.0221300,1.8316076
0.0221350,1.8316762
0.0221400,1.8317470
0.0221450,1.8318197
0.0221500,1.8318935
0.0221550,1.8319704
0.0221600,1.8320506
0.0221650,1.8321318
0.0221700,1.8322141
0.0221750,1.8322983
0.0221800,1.8323816
0.0221850,1.8324596
0.0221900,1.8325311
0.0221950,1.8325979
0.0222000,1.8902712
0.0222050,1.8902800
0.0222100,1.8902952
0.0222150,1.8903185
0.0222200,1.8903488
0.0222250,1.8903854
0.0222300,1.8904302
0.0222350,1.8904861
0.0222400,1.8905543
0.0222450,1.8906363
0.0222500,1.8907344
0.0222550,1.8908501
0.0222600,1.8909822
0.0222650,1.8911284
0.0222700,1.8912886
0.0222750,1.8914621
0.0222800,1.8916432
0.0222850,1.8918233
0.0222900,1.8919984
0.0222950,1.8921666
0.0223000,1.8917311
0.0223050,1.8918735
0.0223100,1.8919995
0.0223150,1.8921104
0.0223200,1.8922059
0.0223250,1.8922818
0.0223300,1.8923390
0.0223350,1.8923836
0.0223400,1.8924191
0.0223450,1.8924419
0.0223500,1.8924484
0.0223550,1.8924419
0.0223600,1.8924265
0.0223650,1.8924049
0.0223700,1.8923812
0.0223750,1.8923630
0.0223800,1.8923564
0.0223850,1.8923606
0.0223900,1.8923737
0.0223950,1.8923966
0.0224000,1.8470981
0.0224050,1.8470760
0.0224100,1.8470497
0.0224150,1.8470181
0.0224200,1.8469824
0.0224250,1.8469403
0.0224300,1.8468941
0.0224350,1.8468496
0.0224400,1.8468090
0.0224450,1.8467701
0.0224500,1.8467320
0.0224550,1.8466987
0.0224600,1.8466759
0.0224650,1.8466654
0.0224700,1.8466636
0.0224750,1.8466687
0.0224800,1.8466804
0.0224850,1.8466966
0.0224900,1.8467141
0.0224950,1.8467316
0.0225000,1.8467486
0.0225050,1.8467600
0.0225100,1.8467598
0.0225150,1.8467477
0.0225200,1.8467287
0.0225250,1.8467045
0.0225300,1.8466719
0.0225350,1.8466303
0.0225400,1.8465822
0.0225450,1.8465268
0.0225500,1.8464615
0.0225550,1.8463856
0.0225600,1.8463001
0.0225650,1.8462040
0.0225700,1.8460956
0.0225750,1.8459800
0.0225800,1.8458633
0.0225850,1.8457440
0.0225900,1.8456184
0.0225950,1.8454878
0.0226000,1.8333111
0.0226050,1.8331671
0.0226100,1.8330212
0.0226150,1.8328763
0.0226200,1.8327376
0.0226250,1.8326046
0.0226300,1.8324763
0.0226350,1.8323551
0.0226400,1.8322434
0.0226450,1.8321383
0.0226500,1.8320345
0.0226550,1.8319304
0.0226600,1.8318269
0.0226650,1.8317227
0.0226700,1.8316150
0.0226750,1.8315046
0.0226800,1.8313954
0.0226850,1.8312887
0.0226900,1.8311844
0.0226950,1.8310845
0.0227000,1.8309927
0.0227050,1.8309100
0.0227100,1.8308346
0.0227150,1.8307676
0.0227200,1.8307096
0.0227250,1.8306584
0.0227300,1.8306123
0.0227350,1.8305739
0.0227400,1.8305487
0.0227450,1.8305401
0.0227500,1.8305503
0.0227550,1.8305841
0.0227600,1.8306443
0.0227650,1.8307270
0.0227700,1.8308238
0.0227750,1.8309275
0.0227800,1.8310348
0.0227850,1.8311439
0.0227900,1.8312522
0.0227950,1.8313593
0.0228000,1.8314697
0.0228050,1.8315836
0.0228100,1.8316978
0.0228150,1.8318118
0.0228200,1.8319277
0.0228250,1.8320465
0.0228300,1.8321679
0.0228350,1.8322922
0.0228400,1.8324232
0.0228450,1.8325647
0.0228500,1.8327154
0.0228550,1.8328711
0.0228600,1.8330277
0.0228650,1.8331813
0.0228700,1.8333280
0.0228750,1.8334679
0.0228800,1.8336041
0.0228850,1.8337353
0.0228900,1.8338571
0.0228950,1.8339679
0.0229000,1.8227660
0.0229050,1.8228462
0.0229100,1.8229330
0.0229150,1.8230321
0.0229200,1.8231448
0.0229250,1.8232701
0.0229300,1.8234074
0.0229350,1.8235572
0.0229400,1.8237178
0.0229450,1.8238856
0.0229500,1.8240574
0.0229550,1.8242275
0.0229600,1.8243903
0.0229650,1.8245425
0.0229700,1.8246811
0.0229750,1.8248076
0.0229800,1.8249276
0.0229850,1.8250467
0.0229900,1.8251692
0.0229950,1.8253010
0.0230000,1.8254485
0.0230050,1.8256122
0.0230100,1.8257899
0.0230150,1.8259760
0.0230200,1.8261632
0.0230250,1.8263486
0.0230300,1.8265323
0.0230350,1.8267165
0.0230400,1.8269041
0.0230450,1.8270954
0.0230500,1.8272857
0.0230550,1.8274725
0.0230600,1.8276574
0.0230650,1.8278394
0.0230700,1.8280145
0.0230750,1.8281790
0.0230800,1.8283320
0.0230850,1.8284770
0.0230900,1.8286155
0.0230950,1.8287484
0.0231000,1.8421089
0.0231050,1.8422321
0.0231100,1.8423621
0.0231150,1.8425023
0.0231200,1.8426558
0.0231250,1.8428220
0.0231300,1.8429987
0.0231350,1.8431825
0.0231400,1.8433687
0.0231450,1.8435542
0.0231500,1.8437344
0.0231550,1.8439074
0.0231600,1.8440766
0.0231650,1.8442439
0.0231700,1.8444063
0.0231750,1.8445629
0.0231800,1.8447167
0.0231850,1.8448691
0.0231900,1.8450202
0.0231950,1.8451693
0.0232000,1.8744984
0.0232050,1.8746483
0.0232100,1.8748025
0.0232150,1.8749625
0.0232200,1.8751320
0.0232250,1.8753162
0.0232300,1.8755137
0.0232350,1.8757160
0.0232400,1.8759131
0.0232450,1.8760978
0.0232500,1.8762675
0.0232550,1.8764221
0.0232600,1.8765611
0.0232650,1.8766847
0.0232700,1.8767949
0.0232750,1.8768925
0.0232800,1.8769793
0.0232850,1.8770608
0.0232900,1.8771415
0.0232950,1.8772210
0.0233000,1.8651011
0.0233050,1.8651404
0.0233100,1.8651807
0.0233150,1.8652235
0.0233200,1.8652691
0.0233250,1.8653181
0.0233300,1.8653690
0.0233350,1.8654186
0.0233400,1.8654663
0.0233450,1.8655147
0.0233500,1.8655665
0.0233550,1.8656261
0.0233600,1.8656956
0.0233650,1.8657731
0.0233700,1.8658549
0.0233750,1.8659378
0.0233800,1.8660193
0.0233850,1.8660988
0.0233900,1.8661756
0.0233950,1.8662500
0.0234000,1.8771924
0.0234050,1.8772213
0.0234100,1.8772577
0.0234150,1.8773029
0.0234200,1.8773571
0.0234250,1.8774196
0.0234300,1.8774898
0.0234350,1.8775688
0.0234400,1.8776543
0.0234450,1.8777389
0.0234500,1.8778160
0.0234550,1.8778823
0.0234600,1.8779335
0.0234650,1.8779679
0.0234700,1.8779868
0.0234750,1.8779924
0.0234800,1.8779882
0.0234850,1.8779767
0.0234900,1.8779574
0.0234950,1.8779314
0.0235000,1.8688734
0.0235050,1.8688297
0.0235100,1.8687929
0.0235150,1.8687659
0.0235200,1.8687500
0.0235250,1.8687438
0.0235300,1.8687462
0.0235350,1.8687569
0.0235400,1.8687755
0.0235450,1.8688004
0.0235500,1.8688317
0.0235550,1.8688682
0.0235600,1.8689053
0.0235650,1.8689399
0.0235700,1.8689728
0.0235750,1.8690105
0.0235800,1.8690584
0.0235850,1.8691147
0.0235900,1.8691764
0.0235950,1.8692462
0.0236000,1.8550194
0.0236050,1.8550977
0.0236100,1.8551815
0.0236150,1.8552704
0.0236200,1.8553634
0.0236250,1.8554569
0.0236300,1.8555482
0.0236350,1.8556368
0.0236400,1.8557226
0.0236450,1.8558049
0.0236500,1.8558834
0.0236550,1.8559576
0.0236600,1.8560260
0.0236650,1.8560873
0.0236700,1.8561441
0.0236750,1.8562025
0.0236800,1.8562659
0.0236850,1.8563371
0.0236900,1.8564188
0.0236950,1.8565125
0.0237000,1.8669871
0.0237050,1.8670701
0.0237100,1.8671636
0.0237150,1.8672681
0.0237200,1.8673837
0.0237250,1.8675077
0.0237300,1.8676358
0.0237350,1.8677651
0.0237400,1.8678922
0.0237450,1.8680128
0.0237500,1.8681260
0.0237550,1.8682351
0.0237600,1.8683420
0.0237650,1.8684460
0.0237700,1.8685461
0.0237750,1.8686420
0.0237800,1.8687319
0.0237850,1.8688167
0.0237900,1.8689010
0.0237950,1.8689908
0.0238000,1.8657736
0.0238050,1.8658513
0.0238100,1.8659301
0.0238150,1.8660056
0.0238200,1.8660718
0.0238250,1.8661232
0.0238300,1.8661606
0.0238350,1.8661889
0.0238400,1.8662105
0.0238450,1.8662278
0.0238500,1.8662430
0.0238550,1.8662576
0.0238600,1.8662677
0.0238650,1.8662700
0.0238700,1.8662663
0.0238750,1.8662627
0.0238800,1.8662650
0.0238850,1.8662774
0.0238900,1.8663019
0.0238950,1.8663410
0.0239000,1.8716181
0.0239050,1.8716568
0.0239100,1.8717048
0.0239150,1.8717561
0.0239200,1.8718047
0.0239250,1.8718454
0.0239300,1.8718772
0.0239350,1.8719048
0.0239400,1.8719348
0.0239450,1.8719710
0.0239500,1.8720146
0.0239550,1.8720703
0.0239600,1.8721424
0.0239650,1.8722278
0.0239700,1.8723218
0.0239750,1.8724228
0.0239800,1.8725287
0.0239850,1.8726349
0.0239900,1.8727393
0.0239950,1.8728450
0.0240000,1.8549916
0.0240050,1.8550616
0.0240100,1.8551363
0.0240150,1.8552177
0.0240200,1.8553081
0.0240250,1.8554048
0.0240300,1.8555061
0.0240350,1.8556154
0.0240400,1.8557326
0.0240450,1.8558502
0.0240500,1.8559615
0.0240550,1.8560628
0.0240600,1.8561510
0.0240650,1.8562221
0.0240700,1.8562759
0.0240750,1.8563155
0.0240800,1.8563446
0.0240850,1.8563654
0.0240900,1.8563812
0.0240950,1.8563970
0.0241000,1.8420935
0.0241050,1.8421125
0.0241100,1.8421411
0.0241150,1.8421878
0.0241200,1.8422545
0.0241250,1.8423362
0.0241300,1.8424289
0.0241350,1.8425298
0.0241400,1.8426320
0.0241450,1.8427302
0.0241500,1.8428244
0.0241550,1.8429161
0.0241600,1.8430037
0.0241650,1.8430825
0.0241700,1.8431502
0.0241750,1.8432066
0.0241800,1.8432478
0.0241850,1.8432736
0.0241900,1.8432876
0.0241950,1.8432945
0.0242000,1.8432966
0.0242050,1.8432944
0.0242100,1.8432896
0.0242150,1.8432842
0.0242200,1.8432802
0.0242250,1.8432786
0.0242300,1.8432791
0.0242350,1.8432831
0.0242400,1.8432942
0.0242450,1.8433173
0.0242500,1.8433580
0.0242550,1.8434224
0.0242600,1.8435159
0.0242650,1.8436403
0.0242700,1.8437974
0.0242750,1.8439880
0.0242800,1.8442056
0.0242850,1.8444382
0.0242900,1.8446735
0.0242950,1.8449022
0.0243000,1.8592198
0.0243050,1.8594027
0.0243100,1.8595620
0.0243150,1.8596967
0.0243200,1.8598081
0.0243250,1.8598991
0.0243300,1.8599734
0.0243350,1.8600369
0.0243400,1.8600959
0.0243450,1.8601560
0.0243500,1.8602190
0.0243550,1.8602869
0.0243600,1.8603617
0.0243650,1.8604459
0.0243700,1.8605418
0.0243750,1.8606483
0.0243800,1.8607606
0.0243850,1.8608703
0.0243900,1.8609699
0.0243950,1.8610584
0.0244000,1.8609076
0.0244050,1.8609551
0.0244100,1.8609907
0.0244150,1.8610173
0.0244200,1.8610407
0.0244250,1.8610597
0.0244300,1.8610713
0.0244350,1.8610760
0.0244400,1.8610760
0.0244450,1.8610767
0.0244500,1.8610844
0.0244550,1.8611037
0.0244600,1.8611350
0.0244650,1.8611757
0.0244700,1.8612249
0.0244750,1.8612841
0.0244800,1.8613537
0.0244850,1.8614329
0.0244900,1.8615191
0.0244950,1.8616078
0.0245000,1.8438826
0.0245050,1.8439651
0.0245100,1.8440456
0.0245150,1.8441250
0.0245200,1.8442058
0.0245250,1.8442895
0.0245300,1.8443738
0.0245350,1.8444554
0.0245400,1.8445304
0.0245450,1.8445932
0.0245500,1.8446387
0.0245550,1.8446660
0.0245600,1.8446797
0.0245650,1.8446864
0.0245700,1.8446901
0.0245750,1.8446930
0.0245800,1.8446966
0.0245850,1.8447031
0.0245900,1.8447164
0.0245950,1.8447386
0.0246000,1.8578653
0.0246050,1.8578804
0.0246100,1.8578993
0.0246150,1.8579192
0.0246200,1.8579389
0.0246250,1.8579580
0.0246300,1.8579749
0.0246350,1.8579892
0.0246400,1.8580062
0.0246450,1.8580324
0.0246500,1.8580728
0.0246550,1.8581284
0.0246600,1.8581983
0.0246650,1.8582810
0.0246700,1.8583740
0.0246750,1.8584751
0.0246800,1.8585810
0.0246850,1.8586865
0.0246900,1.8587867
0.0246950,1.8588755
0.0247000,1.8715190
0.0247050,1.8715593
0.0247100,1.8715924
0.0247150,1.8716240
0.0247200,1.8716605
0.0247250,1.8717044
0.0247300,1.8717557
0.0247350,1.8718095
0.0247400,1.8718641
0.0247450,1.8719218
0.0247500,1.8719808
0.0247550,1.8720358
0.0247600,1.8720838
0.0247650,1.8721228
0.0247700,1.8721520
0.0247750,1.8721737
0.0247800,1.8721942
0.0247850,1.8722192
0.0247900,1.8722518
0.0247950,1.8722921
0.0248000,1.8875063
0.0248050,1.8875175
0.0248100,1.8875306
0.0248150,1.8875441
0.0248200,1.8875601
0.0248250,1.8875801
0.0248300,1.8876039
0.0248350,1.8876341
0.0248400,1.8876704
0.0248450,1.8877082
0.0248500,1.8877449
0.0248550,1.8877810
0.0248600,1.8878162
0.0248650,1.8878498
0.0248700,1.8878830
0.0248750,1.8879188
0.0248800,1.8879582
0.0248850,1.8880000
0.0248900,1.8880459
0.0248950,1.8880988
0.0249000,1.8879156
0.0249050,1.8879541
0.0249100,1.8879984
0.0249150,1.8880454
0.0249200,1.8880914
0.0249250,1.8881337
0.0249300,1.8881729
0.0249350,1.8882115
0.0249400,1.8882486
0.0249450,1.8882835
0.0249500,1.8883152
0.0249550,1.8883399
0.0249600,1.8883524
0.0249650,1.8883503
0.0249700,1.8883338
0.0249750,1.8883042
0.0249800,1.8882626
0.0249850,1.8882117
0.0249900,1.8881549
0.0249950,1.8880932
0.0250000,1.9099866
0.0250050,1.9098886
0.0250100,1.9098113
0.0250150,1.9097607
0.0250200,1.9097374
0.0250250,1.9097411
0.0250300,1.9097720
0.0250350,1.9098332
0.0250400,1.9099269
0.0250450,1.9100506
0.0250500,1.9101968
0.0250550,1.9103577
0.0250600,1.9105266
0.0250650,1.9106981
0.0250700,1.9108706
0.0250750,1.9110446
0.0250800,1.9112183
0.0250850,1.9113879
0.0250900,1.9115509
0.0250950,1.9117074
0.0251000,1.9309186
0.0251050,1.9309997
0.0251100,1.9310778
0.0251150,1.9311503
0.0251200,1.9312163
0.0251250,1.9312754
0.0251300,1.9313259
0.0251350,1.9313669
0.0251400,1.9314014
0.0251450,1.9314303
0.0251500,1.9314530
0.0251550,1.9314731
0.0251600,1.9314939
0.0251650,1.9315162
0.0251700,1.9315403
0.0251750,1.9315677
0.0251800,1.9316009
0.0251850,1.9316425
0.0251900,1.9316967
0.0251950,1.9317625
0.0252000,1.8948776
0.0252050,1.8949396
0.0252100,1.8950097
0.0252150,1.8950884
0.0252200,1.8951729
0.0252250,1.8952609
0.0252300,1.8953511
0.0252350,1.8954401
0.0252400,1.8955263
0.0252450,1.8956134
0.0252500,1.8957084
0.0252550,1.8958142
0.0252600,1.8959292
0.0252650,1.8960531
0.0252700,1.8961809
0.0252750,1.8963043
0.0252800,1.8964176
0.0252850,1.8965200
0.0252900,1.8966127
0.0252950,1.8966952
0.0253000,1.8935255
0.0253050,1.8935919
0.0253100,1.8936491
0.0253150,1.8936970
0.0253200,1.8937326
0.0253250,1.8937564
0.0253300,1.8937708
0.0253350,1.8937763
0.0253400,1.8937737
0.0253450,1.8937672
0.0253500,1.8937623
0.0253550,1.8937612
0.0253600,1.8937640
0.0253650,1.8937730
0.0253700,1.8937878
0.0253750,1.8938072
0.0253800,1.8938312
0.0253850,1.8938615
0.0253900,1.8938987
0.0253950,1.8939363
0.0254000,1.8689797
0.0254050,1.8689642
0.0254100,1.8689507
0.0254150,1.8689383
0.0254200,1.8689256
0.0254250,1.8689118
0.0254300,1.8688924
0.0254350,1.8688622
0.0254400,1.8688200
0.0254450,1.8687686
0.0254500,1.8687126
0.0254550,1.8686569
0.0254600,1.8686072
0.0254650,1.8685696
0.0254700,1.8685461
0.0254750,1.8685361
0.0254800,1.8685393
0.0254850,1.8685577
0.0254900,1.8685919
0.0254950,1.8686407
0.0255000,1.8566593
0.0255050,1.8567475
0.0255100,1.8568544
0.0255150,1.8569758
0.0255200,1.8571061
0.0255250,1.8572427
0.0255300,1.8573811
0.0255350,1.8575161
0.0255400,1.8576478
0.0255450,1.8577809
0.0255500,1.8579173
0.0255550,1.8580561
0.0255600,1.8582001
0.0255650,1.8583515
0.0255700,1.8585106
0.0255750,1.8586775
0.0255800,1.8588509
0.0255850,1.8590269
0.0255900,1.8592010
0.0255950,1.8593722
0.0256000,1.8880975
0.0256050,1.8882404
0.0256100,1.8883853
0.0256150,1.8885295
0.0256200,1.8886739
0.0256250,1.8888182
0.0256300,1.8889572
0.0256350,1.8890869
0.0256400,1.8892104
0.0256450,1.8893363
0.0256500,1.8894713
0.0256550,1.8896179
0.0256600,1.8897794
0.0256650,1.8899590
0.0256700,1.8901525
0.0256750,1.8903509
0.0256800,1.8905466
0.0256850,1.8907368
0.0256900,1.8909176
0.0256950,1.8910855
0.0257000,1.8904322
0.0257050,1.8905557
0.0257100,1.8906847
0.0257150,1.8908178
0.0257200,1.8909492
0.0257250,1.8910765
0.0257300,1.8912001
0.0257350,1.8913197
0.0257400,1.8914332
0.0257450,1.8915393
0.0257500,1.8916355
0.0257550,1.8917163
0.0257600,1.8917806
0.0257650,1.8918315
0.0257700,1.8918690
0.0257750,1.8918918
0.0257800,1.8919037
0.0257850,1.8919121
0.0257900,1.8919207
0.0257950,1.8919307
0.0258000,1.8964104
0.0258050,1.8963638
0.0258100,1.8963226
0.0258150,1.8962843
0.0258200,1.8962490
0.0258250,1.8962205
0.0258300,1.8962041
0.0258350,1.8962031
0.0258400,1.8962169
0.0258450,1.8962433
0.0258500,1.8962792
0.0258550,1.8963208
0.0258600,1.8963685
0.0258650,1.8964237
0.0258700,1.8964892
0.0258750,1.8965680
0.0258800,1.8966632
0.0258850,1.8967781
0.0258900,1.8969120
0.0258950,1.8970640
0.0259000,1.9334431
0.0259050,1.9335779
0.0259100,1.9337220
0.0259150,1.9338678
0.0259200,1.9340120
0.0259250,1.9341534
0.0259300,1.9342958
0.0259350,1.9344434
0.0259400,1.9345967
0.0259450,1.9347547
0.0259500,1.9349120
0.0259550,1.9350615
0.0259600,1.9352018
0.0259650,1.9353373
0.0259700,1.9354724
0.0259750,1.9356055
0.0259800,1.9357330
0.0259850,1.9358551
0.0259900,1.9359723
0.0259950,1.9360815
0.0260000,1.9009971
0.0260050,1.9010613
0.0260100,1.9011242
0.0260150,1.9011846
0.0260200,1.9012387
0.0260250,1.9012867
0.0260300,1.9013306
0.0260350,1.9013694
0.0260400,1.9014007
0.0260450,1.9014271
0.0260500,1.9014529
0.0260550,1.9014785
0.0260600,1.9015060
0.0260650,1.9015406
0.0260700,1.9015839
0.0260750,1.9016306
0.0260800,1.9016751
0.0260850,1.9017178
0.0260900,1.9017628
0.0260950,1.9018128
0.0261000,1.9130443
0.0261050,1.9131028
0.0261100,1.9131748
0.0261150,1.9132585
0.0261200,1.9133492
0.0261250,1.9134427
0.0261300,1.9135369
0.0261350,1.9136310
0.0261400,1.9137249
0.0261450,1.9138214
0.0261500,1.9139215
0.0261550,1.9140246
0.0261600,1.9141302
0.0261650,1.9142339
0.0261700,1.9143292
0.0261750,1.9144113
0.0261800,1.9144760
0.0261850,1.9145228
0.0261900,1.9145512
0.0261950,1.9145638
0.0262000,1.8898333
0.0262050,1.8898308
0.0262100,1.8898349
0.0262150,1.8898491
0.0262200,1.8898740
0.0262250,1.8899066
0.0262300,1.8899432
0.0262350,1.8899806
0.0262400,1.8900139
0.0262450,1.8900389
0.0262500,1.8900541
0.0262550,1.8900599
0.0262600,1.8900548
0.0262650,1.8900337
0.0262700,1.8899948
0.0262750,1.8899401
0.0262800,1.8898731
0.0262850,1.8897992
0.0262900,1.8897224
0.0262950,1.8896448
0.0263000,1.8452842
0.0263050,1.8451977
0.0263100,1.8451233
0.0263150,1.8450569
0.0263200,1.8449936
0.0263250,1.8449272
0.0263300,1.8448501
0.0263350,1.8447596
0.0263400,1.8446612
0.0263450,1.8445645
0.0263500,1.8444754
0.0263550,1.8443975
0.0263600,1.8443339
0.0263650,1.8442877
0.0263700,1.8442582
0.0263750,1.8442435
0.0263800,1.8442455
0.0263850,1.8442640
0.0263900,1.8442937
0.0263950,1.8443315
0.0264000,1.8592879
0.0264050,1.8593307
0.0264100,1.8593743
0.0264150,1.8594157
0.0264200,1.8594562
0.0264250,1.8594959
0.0264300,1.8595310
0.0264350,1.8595577
0.0264400,1.8595764
0.0264450,1.8595867
0.0264500,1.8595863
0.0264550,1.8595762
0.0264600,1.8595588
0.0264650,1.8595347
0.0264700,1.8595024
0.0264750,1.8594590
0.0264800,1.8594041
0.0264850,1.8593398
0.0264900,1.8592657
0.0264950,1.8591811
0.0265000,1.8842052
0.0265050,1.8840897
0.0265100,1.8839853
0.0265150,1.8838955
0.0265200,1.8838234
0.0265250,1.8837754
0.0265300,1.8837543
0.0265350,1.8837552
0.0265400,1.8837723
0.0265450,1.8838013
0.0265500,1.8838373
0.0265550,1.8838771
0.0265600,1.8839182
0.0265650,1.8839586
0.0265700,1.8839957
0.0265750,1.8840282
0.0265800,1.8840558
0.0265850,1.8840786
0.0265900,1.8840969
0.0265950,1.8841102
0.0266000,1.8834328
0.0266050,1.8833770
0.0266100,1.8833221
0.0266150,1.8832697
0.0266200,1.8832195
0.0266250,1.8831712
0.0266300,1.8831260
0.0266350,1.8830845
0.0266400,1.8830478
0.0266450,1.8830175
0.0266500,1.8829956
0.0266550,1.8829864
0.0266600,1.8829946
0.0266650,1.8830221
0.0266700,1.8830641
0.0266750,1.8831172
0.0266800,1.8831797
0.0266850,1.8832486
0.0266900,1.8833212
0.0266950,1.8833930
0.0267000,1.8863288
0.0267050,1.8863657
0.0267100,1.8864010
0.0267150,1.8864364
0.0267200,1.8864758
0.0267250,1.8865231
0.0267300,1.8865768
0.0267350,1.8866352
0.0267400,1.8867004
0.0267450,1.8867730
0.0267500,1.8868499
0.0267550,1.8869262
0.0267600,1.8870006
0.0267650,1.8870725
0.0267700,1.8871389
0.0267750,1.8871966
0.0267800,1.8872442
0.0267850,1.8872808
0.0267900,1.8873060
0.0267950,1.8873198
0.0268000,1.9087115
0.0268050,1.9086672
0.0268100,1.9086158
0.0268150,1.9085607
0.0268200,1.9085046
0.0268250,1.9084499
0.0268300,1.9083994
0.0268350,1.9083549
0.0268400,1.9083175
0.0268450,1.9082872
0.0268500,1.9082643
0.0268550,1.9082469
0.0268600,1.9082319
0.0268650,1.9082163
0.0268700,1.9081981
0.0268750,1.9081786
0.0268800,1.9081614
0.0268850,1.9081517
0.0268900,1.9081537
0.0268950,1.9081729
0.0269000,1.9184340
0.0269050,1.9184964
0.0269100,1.9185754
0.0269150,1.9186687
0.0269200,1.9187751
0.0269250,1.9188933
0.0269300,1.9190202
0.0269350,1.9191520
0.0269400,1.9192853
0.0269450,1.9194156
0.0269500,1.9195378
0.0269550,1.9196488
0.0269600,1.9197474
0.0269650,1.9198307
0.0269700,1.9199009
0.0269750,1.9199659
0.0269800,1.9200335
0.0269850,1.9201081
0.0269900,1.9201924
0.0269950,1.9202903
0.0270000,1.9510968
0.0270050,1.9512086
0.0270100,1.9513407
0.0270150,1.9514902
0.0270200,1.9516511
0.0270250,1.9518186
0.0270300,1.9519867
0.0270350,1.9521522
0.0270400,1.9523150
0.0270450,1.9524738
0.0270500,1.9526263
0.0270550,1.9527714
0.0270600,1.9529090
0.0270650,1.9530390
0.0270700,1.9531598
0.0270750,1.9532707
0.0270800,1.9533728
0.0270850,1.9534685
0.0270900,1.9535624
0.0270950,1.9536592
0.0271000,1.9150591
0.0271050,1.9151648
0.0271100,1.9152794
0.0271150,1.9154005
0.0271200,1.9155254
0.0271250,1.9156539
0.0271300,1.9157860
0.0271350,1.9159195
0.0271400,1.9160530
0.0271450,1.9161860
0.0271500,1.9163158
0.0271550,1.9164405
0.0271600,1.9165625
0.0271650,1.9166835
0.0271700,1.9168033
0.0271750,1.9169200
0.0271800,1.9170331
0.0271850,1.9171425
0.0271900,1.9172490
0.0271950,1.9173562
0.0272000,1.9149392
0.0272050,1.9150148
0.0272100,1.9150949
0.0272150,1.9151776
0.0272200,1.9152620
0.0272250,1.9153476
0.0272300,1.9154361
0.0272350,1.9155314
0.0272400,1.9156339
0.0272450,1.9157405
0.0272500,1.9158507
0.0272550,1.9159662
0.0272600,1.9160883
0.0272650,1.9162181
0.0272700,1.9163535
0.0272750,1.9164901
0.0272800,1.9166252
0.0272850,1.9167583
0.0272900,1.9168876
0.0272950,1.9170127
0.0273000,1.9518102
0.0273050,1.9519151
0.0273100,1.9520204
0.0273150,1.9521292
0.0273200,1.9522435
0.0273250,1.9523605
0.0273300,1.9524768
0.0273350,1.9525922
0.0273400,1.9527060
0.0273450,1.9528180
0.0273500,1.9529316
0.0273550,1.9530497
0.0273600,1.9531722
0.0273650,1.9532974
0.0273700,1.9534259
0.0273750,1.9535544
0.0273800,1.9536763
0.0273850,1.9537883
0.0273900,1.9538907
0.0273950,1.9539834
0.0274000,1.9367205
0.0274050,1.9367850
0.0274100,1.9368396
0.0274150,1.9368837
0.0274200,1.9369140
0.0274250,1.9369298
0.0274300,1.9369326
0.0274350,1.9369245
0.0274400,1.9369050
0.0274450,1.9368753
0.0274500,1.9368394
0.0274550,1.9367989
0.0274600,1.9367543
0.0274650,1.9367097
0.0274700,1.9366702
0.0274750,1.9366366
0.0274800,1.9366068
0.0274850,1.9365845
0.0274900,1.9365763
0.0274950,1.9365839
0.0275000,1.9469421
0.0275050,1.9469604
0.0275100,1.9469914
0.0275150,1.9470322
0.0275200,1.9470786
0.0275250,1.9471312
0.0275300,1.9471887
0.0275350,1.9472439
0.0275400,1.9472895
0.0275450,1.9473274
0.0275500,1.9473601
0.0275550,1.9473868
0.0275600,1.9474072
0.0275650,1.9474237
0.0275700,1.9474396
0.0275750,1.9474579
0.0275800,1.9474827
0.0275850,1.9475194
0.0275900,1.9475723
0.0275950,1.9476424
0.0276000,1.9619350
0.0276050,1.9620048
0.0276100,1.9620807
0.0276150,1.9621601
0.0276200,1.9622461
0.0276250,1.9623391
0.0276300,1.9624351
0.0276350,1.9625324
0.0276400,1.9626326
0.0276450,1.9627361
0.0276500,1.9628379
0.0276550,1.9629335
0.0276600,1.9630234
0.0276650,1.9631103
0.0276700,1.9631974
0.0276750,1.9632822
0.0276800,1.9633605
0.0276850,1.9634351
0.0276900,1.9635078
0.0276950,1.9635770
0.0277000,1.9402054
0.0277050,1.9402499
0.0277100,1.9402915
0.0277150,1.9403288
0.0277200,1.9403619
0.0277250,1.9403899
0.0277300,1.9404105
0.0277350,1.9404192
0.0277400,1.9404136
0.0277450,1.9403948
0.0277500,1.9403616
0.0277550,1.9403123
0.0277600,1.9402497
0.0277650,1.9401824
0.0277700,1.9401190
0.0277750,1.9400618
0.0277800,1.9400123
0.0277850,1.9399731
0.0277900,1.9399450
0.0277950,1.9399286
0.0278000,1.9803370
0.0278050,1.9803112
0.0278100,1.9802976
0.0278150,1.9802913
0.0278200,1.9802888
0.0278250,1.9802898
0.0278300,1.9802952
0.0278350,1.9803077
0.0278400,1.9803297
0.0278450,1.9803620
0.0278500,1.9804010
0.0278550,1.9804430
0.0278600,1.9804858
0.0278650,1.9805290
0.0278700,1.9805747
0.0278750,1.9806240
0.0278800,1.9806792
0.0278850,1.9807430
0.0278900,1.9808159
0.0278950,1.9808991
0.0279000,1.9694050
0.0279050,1.9694929
0.0279100,1.9695872
0.0279150,1.9696893
0.0279200,1.9698011
0.0279250,1.9699223
0.0279300,1.9700523
0.0279350,1.9701889
0.0279400,1.9703261
0.0279450,1.9704573
0.0279500,1.9705807
0.0279550,1.9706962
0.0279600,1.9707994
0.0279650,1.9708853
0.0279700,1.9709544
0.0279750,1.9710083
0.0279800,1.9710476
0.0279850,1.9710759
0.0279900,1.9710992
0.0279950,1.9711229
0.0280000,1.9983158
0.0280050,1.9983189
0.0280100,1.9983234
0.0280150,1.9983349
0.0280200,1.9983537
0.0280250,1.9983754
0.0280300,1.9983996
0.0280350,1.9984286
0.0280400,1.9984632
0.0280450,1.9985009
0.0280500,1.9985382
0.0280550,1.9985728
0.0280600,1.9986022
0.0280650,1.9986250
0.0280700,1.9986425
0.0280750,1.9986589
0.0280800,1.9986783
0.0280850,1.9987029
0.0280900,1.9987315
0.0280950,1.9987615
0.0281000,1.9780187
0.0281050,1.9780267
0.0281100,1.9780269
0.0281150,1.9780200
0.0281200,1.9780090
0.0281250,1.9779933
0.0281300,1.9779736
0.0281350,1.9779565
0.0281400,1.9779513
0.0281450,1.9779639
0.0281500,1.9779953
0.0281550,1.9780439
0.0281600,1.9781069
0.0281650,1.9781810
0.0281700,1.9782628
0.0281750,1.9783502
0.0281800,1.9784457
0.0281850,1.9785512
0.0281900,1.9786633
0.0281950,1.9787784
0.0282000,1.9891258
0.0282050,1.9892331
0.0282100,1.9893465
0.0282150,1.9894645
0.0282200,1.9895852
0.0282250,1.9897017
0.0282300,1.9898062
0.0282350,1.9898951
0.0282400,1.9899702
0.0282450,1.9900322
0.0282500,1.9900795
0.0282550,1.9901126
0.0282600,1.9901342
0.0282650,1.9901475
0.0282700,1.9901543
0.0282750,1.9901546
0.0282800,1.9901523
0.0282850,1.9901525
0.0282900,1.9901568
0.0282950,1.9901663
0.0283000,1.9826463
0.0283050,1.9826321
0.0283100,1.9826217
0.0283150,1.9826168
0.0283200,1.9826207
0.0283250,1.9826309
0.0283300,1.9826415
0.0283350,1.9826489
0.0283400,1.9826553
0.0283450,1.9826655
0.0283500,1.9826825
0.0283550,1.9827095
0.0283600,1.9827489
0.0283650,1.9828014
0.0283700,1.9828651
0.0283750,1.9829386
0.0283800,1.9830214
0.0283850,1.9831116
0.0283900,1.9832102
0.0283950,1.9833204
0.0284000,1.9964974
0.0284050,1.9966124
0.0284100,1.9967490
0.0284150,1.9969097
0.0284200,1.9970973
0.0284250,1.9973086
0.0284300,1.9975370
0.0284350,1.9977775
0.0284400,1.9980269
0.0284450,1.9982804
0.0284500,1.9985318
0.0284550,1.9987790
0.0284600,1.9990182
0.0284650,1.9992436
0.0284700,1.9994525
0.0284750,1.9996471
0.0284800,1.9998271
0.0284850,1.9999903
0.0284900,2.0001390
0.0284950,2.0002782
0.0285000,2.0076399
0.0285050,2.0077108
0.0285100,2.0077824
0.0285150,2.0078542
0.0285200,2.0079264
0.0285250,2.0080009
0.0285300,2.0080787
0.0285350,2.0081614
0.0285400,2.0082498
0.0285450,2.0083427
0.0285500,2.0084410
0.0285550,2.0085482
0.0285600,2.0086692
0.0285650,2.0088069
0.0285700,2.0089597
0.0285750,2.0091224
0.0285800,2.0092897
0.0285850,2.0094589
0.0285900,2.0096250
0.0285950,2.0097822
0.0286000,2.0689726
0.0286050,2.0690400
0.0286100,2.0691112
0.0286150,2.0691924
0.0286200,2.0692863
0.0286250,2.0693919
0.0286300,2.0695055
0.0286350,2.0696247
0.0286400,2.0697497
0.0286450,2.0698821
0.0286500,2.0700215
0.0286550,2.0701644
0.0286600,2.0703100
0.0286650,2.0704606
0.0286700,2.0706146
0.0286750,2.0707681
0.0286800,2.0709186
0.0286850,2.0710670
0.0286900,2.0712126
0.0286950,2.0713507
0.0287000,2.0341985
0.0287050,2.0342798
0.0287100,2.0343612
0.0287150,2.0344470
0.0287200,2.0345424
0.0287250,2.0346508
0.0287300,2.0347715
0.0287350,2.0348992
0.0287400,2.0350285
0.0287450,2.0351579
0.0287500,2.0352853
0.0287550,2.0354045
0.0287600,2.0355150
0.0287650,2.0356199
0.0287700,2.0357181
0.0287750,2.0358069
0.0287800,2.0358879
0.0287850,2.0359681
0.0287900,2.0360544
0.0287950,2.0361504
0.0288000,1.9989744
0.0288050,1.9990590
0.0288100,1.9991588
0.0288150,1.9992721
0.0288200,1.9993965
0.0288250,1.9995278
0.0288300,1.9996633
0.0288350,1.9998014
0.0288400,1.9999421
0.0288450,2.0000857
0.0288500,2.0002312
0.0288550,2.0003750
0.0288600,2.0005145
0.0288650,2.0006493
0.0288700,2.0007777
0.0288750,2.0009001
0.0288800,2.0010204
0.0288850,2.0011415
0.0288900,2.0012643
0.0288950,2.0013855
0.0289000,2.0031957
0.0289050,2.0032451
0.0289100,2.0032758
0.0289150,2.0032895
0.0289200,2.0032951
0.0289250,2.0033019
0.0289300,2.0033183
0.0289350,2.0033490
0.0289400,2.0033959
0.0289450,2.0034586
0.0289500,2.0035346
0.0289550,2.0036191
0.0289600,2.0037070
0.0289650,2.0037964
0.0289700,2.0038857
0.0289750,2.0039754
0.0289800,2.0040711
0.0289850,2.0041771
0.0289900,2.0042925
0.0289950,2.0044148
0.0290000,2.0115915
0.0290050,2.0117008
0.0290100,2.0118110
0.0290150,2.0119180
0.0290200,2.0120213
0.0290250,2.0121217
0.0290300,2.0122188
0.0290350,2.0123143
0.0290400,2.0124147
0.0290450,2.0125263
0.0290500,2.0126517
0.0290550,2.0127916
0.0290600,2.0129485
0.0290650,2.0131269
0.0290700,2.0133304
0.0290750,2.0135585
0.0290800,2.0138078
0.0290850,2.0140714
0.0290900,2.0143421
0.0290950,2.0146174
0.0291000,2.0022256
0.0291050,2.0024855
0.0291100,2.0027482
0.0291150,2.0030065
0.0291200,2.0032542
0.0291250,2.0034876
0.0291300,2.0037046
0.0291350,2.0039009
0.0291400,2.0040731
0.0291450,2.0042178
0.0291500,2.0043326
0.0291550,2.0044238
0.0291600,2.0045004
0.0291650,2.0045692
0.0291700,2.0046366
0.0291750,2.0047099
0.0291800,2.0047935
0.0291850,2.0048888
0.0291900,2.0049953
0.0291950,2.0051108
0.0292000,2.0125425
0.0292050,2.0126362
0.0292100,2.0127340
0.0292150,2.0128368
0.0292200,2.0129441
0.0292250,2.0130533
0.0292300,2.0131613
0.0292350,2.0132644
0.0292400,2.0133584
0.0292450,2.0134390
0.0292500,2.0135015
0.0292550,2.0135449
0.0292600,2.0135718
0.0292650,2.0135856
0.0292700,2.0135912
0.0292750,2.0135953
0.0292800,2.0136045
0.0292850,2.0136224
0.0292900,2.0136517
0.0292950,2.0136944
0.0293000,2.0425386
0.0293050,2.0425318
0.0293100,2.0425357
0.0293150,2.0425516
0.0293200,2.0425806
0.0293250,2.0426229
0.0293300,2.0426767
0.0293350,2.0427399
0.0293400,2.0428105
0.0293450,2.0428830
0.0293500,2.0429515
0.0293550,2.0430125
0.0293600,2.0430661
0.0293650,2.0431157
0.0293700,2.0431655
0.0293750,2.0432192
0.0293800,2.0432763
0.0293850,2.0433356
0.0293900,2.0433974
0.0293950,2.0434603
0.0294000,2.0389328
0.0294050,2.0389099
0.0294100,2.0388875
0.0294150,2.0388656
0.0294200,2.0388425
0.0294250,2.0388200
0.0294300,2.0387986
0.0294350,2.0387777
0.0294400,2.0387587
0.0294450,2.0387466
0.0294500,2.0387468
0.0294550,2.0387596
0.0294600,2.0387789
0.0294650,2.0388000
0.0294700,2.0388216
0.0294750,2.0388436
0.0294800,2.0388662
0.0294850,2.0388888
0.0294900,2.0389082
0.0294950,2.0389196
0.0295000,2.0523560
0.0295050,2.0523019
0.0295100,2.0522439
0.0295150,2.0521833
0.0295200,2.0521191
0.0295250,2.0520544
0.0295300,2.0519930
0.0295350,2.0519370
0.0295400,2.0518873
0.0295450,2.0518439
0.0295500,2.0518074
0.0295550,2.0517788
0.0295600,2.0517582
0.0295650,2.0517444
0.0295700,2.0517343
0.0295750,2.0517266
0.0295800,2.0517220
0.0295850,2.0517239
0.0295900,2.0517347
0.0295950,2.0517547
0.0296000,2.0579693
0.0296050,2.0579890
0.0296100,2.0580186
0.0296150,2.0580522
0.0296200,2.0580853
0.0296250,2.0581194
0.0296300,2.0581556
0.0296350,2.0581909
0.0296400,2.0582218
0.0296450,2.0582477
0.0296500,2.0582689
0.0296550,2.0582852
0.0296600,2.0582940
0.0296650,2.0582933
0.0296700,2.0582854
0.0296750,2.0582726
0.0296800,2.0582541
0.0296850,2.0582300
0.0296900,2.0582012
0.0296950,2.0581687
0.0297000,2.0472516
0.0297050,2.0472033
0.0297100,2.0471490
0.0297150,2.0470896
0.0297200,2.0470264
0.0297250,2.0469577
0.0297300,2.0468778
0.0297350,2.0467808
0.0297400,2.0466642
0.0297450,2.0465301
0.0297500,2.0463844
0.0297550,2.0462358
0.0297600,2.0460911
0.0297650,2.0459567
0.0297700,2.0458399
0.0297750,2.0457458
0.0297800,2.0456751
0.0297850,2.0456252
0.0297900,2.0455930
0.0297950,2.0455768
0.0298000,2.0556362
0.0298050,2.0556215
0.0298100,2.0556211
0.0298150,2.0556374
0.0298200,2.0556686
0.0298250,2.0557094
0.0298300,2.0557550
0.0298350,2.0558007
0.0298400,2.0558414
0.0298450,2.0558732
0.0298500,2.0558963
0.0298550,2.0559155
0.0298600,2.0559351
0.0298650,2.0559551
0.0298700,2.0559764
0.0298750,2.0559994
0.0298800,2.0560216
0.0298850,2.0560416
0.0298900,2.0560609
0.0298950,2.0560814
0.0299000,2.0385417
0.0299050,2.0385507
0.0299100,2.0385621
0.0299150,2.0385710
0.0299200,2.0385703
0.0299250,2.0385547
0.0299300,2.0385227
0.0299350,2.0384714
0.0299400,2.0383975
0.0299450,2.0383041
0.0299500,2.0381975
0.0299550,2.0380815
0.0299600,2.0379580
0.0299650,2.0378320
0.0299700,2.0377092
0.0299750,2.0375887
0.0299800,2.0374659
0.0299850,2.0373374
0.0299900,2.0372005
0.0299950,2.0370511
0.0300000,2.0612140
0.0300050,2.0610377
0.0300100,2.0608651
0.0300150,2.0606994
0.0300200,2.0605402
0.0300250,2.0603889
0.0300300,2.0602502
0.0300350,2.0601251
0.0300400,2.0600112
0.0300450,2.0599117
0.0300500,2.0598313
0.0300550,2.0597689
0.0300600,2.0597202
0.0300650,2.0596848
0.0300700,2.0596630
0.0300750,2.0596521
0.0300800,2.0596500
0.0300850,2.0596556
0.0300900,2.0596697
0.0300950,2.0596912
0.0301000,2.0583000
0.0301050,2.0582771
0.0301100,2.0582624
0.0301150,2.0582549
0.0301200,2.0582502
0.0301250,2.0582489
0.0301300,2.0582560
0.0301350,2.0582709
0.0301400,2.0582903
0.0301450,2.0583140
0.0301500,2.0583434
0.0301550,2.0583777
0.0301600,2.0584144
0.0301650,2.0584531
0.0301700,2.0584971
0.0301750,2.0585486
0.0301800,2.0586046
0.0301850,2.0586596
0.0301900,2.0587090
0.0301950,2.0587485
0.0302000,2.0901185
0.0302050,2.0901114
0.0302100,2.0900875
0.0302150,2.0900510
0.0302200,2.0900023
0.0302250,2.0899419
0.0302300,2.0898748
0.0302350,2.0898073
0.0302400,2.0897405
0.0302450,2.0896728
0.0302500,2.0896062
0.0302550,2.0895459
0.0302600,2.0894971
0.0302650,2.0894630
0.0302700,2.0894465
0.0302750,2.0894522
0.0302800,2.0894844
0.0302850,2.0895411
0.0302900,2.0896166
0.0302950,2.0897057
0.0303000,2.0966120
0.0303050,2.0967061
0.0303100,2.0968109
0.0303150,2.0969276
0.0303200,2.0970541
0.0303250,2.0971861
0.0303300,2.0973207
0.0303350,2.0974544
0.0303400,2.0975814
0.0303450,2.0976988
0.0303500,2.0978100
0.0303550,2.0979229
0.0303600,2.0980412
0.0303650,2.0981623
0.0303700,2.0982818
0.0303750,2.0983958
0.0303800,2.0985001
0.0303850,2.0985918
0.0303900,2.0986708
0.0303950,2.0987364
0.0304000,2.1069799
0.0304050,2.1069883
0.0304100,2.1069890
0.0304150,2.1069879
0.0304200,2.1069885
0.0304250,2.1069900
0.0304300,2.1069898
0.0304350,2.1069859
0.0304400,2.1069764
0.0304450,2.1069593
0.0304500,2.1069364
0.0304550,2.1069130
0.0304600,2.1068927
0.0304650,2.1068753
0.0304700,2.1068592
0.0304750,2.1068436
0.0304800,2.1068274
0.0304850,2.1068111
0.0304900,2.1067979
0.0304950,2.1067930
0.0305000,2.1177242
0.0305050,2.1177230
0.0305100,2.1177410
0.0305150,2.1177795
0.0305200,2.1178336
0.0305250,2.1178955
0.0305300,2.1179599
0.0305350,2.1180228
0.0305400,2.1180814
0.0305450,2.1181365
0.0305500,2.1181897
0.0305550,2.1182397
0.0305600,2.1182823
0.0305650,2.1183168
0.0305700,2.1183477
0.0305750,2.1183791
0.0305800,2.1184120
0.0305850,2.1184467
0.0305900,2.1184882
0.0305950,2.1185418
0.0306000,2.0955730
0.0306050,2.0956196
0.0306100,2.0956725
0.0306150,2.0957297
0.0306200,2.0957857
0.0306250,2.0958357
0.0306300,2.0958825
0.0306350,2.0959303
0.0306400,2.0959794
0.0306450,2.0960278
0.0306500,2.0960774
0.0306550,2.0961296
0.0306600,2.0961805
0.0306650,2.0962297
0.0306700,2.0962832
0.0306750,2.0963427
0.0306800,2.0964025
0.0306850,2.0964578
0.0306900,2.0965099
0.0306950,2.0965612
0.0307000,2.0771569
0.0307050,2.0771709
0.0307100,2.0771904
0.0307150,2.0772187
0.0307200,2.0772516
0.0307250,2.0772837
0.0307300,2.0773198
0.0307350,2.0773654
0.0307400,2.0774220
0.0307450,2.0774898
0.0307500,2.0775709
0.0307550,2.0776676
0.0307600,2.0777755
0.0307650,2.0778923
0.0307700,2.0780210
0.0307750,2.0781618
0.0307800,2.0783110
0.0307850,2.0784627
0.0307900,2.0786146
0.0307950,2.0787637
0.0308000,2.0518216
0.0308050,2.0519291
0.0308100,2.0520195
0.0308150,2.0520949
0.0308200,2.0521529
0.0308250,2.0521896
0.0308300,2.0522061
0.0308350,2.0522057
0.0308400,2.0521900
0.0308450,2.0521615
0.0308500,2.0521289
0.0308550,2.0520992
0.0308600,2.0520720
0.0308650,2.0520478
0.0308700,2.0520307
0.0308750,2.0520266
0.0308800,2.0520398
0.0308850,2.0520737
0.0308900,2.0521316
0.0308950,2.0522105
0.0309000,2.0638103
0.0309050,2.0639011
0.0309100,2.0639943
0.0309150,2.0640854
0.0309200,2.0641694
0.0309250,2.0642443
0.0309300,2.0643131
0.0309350,2.0643779
0.0309400,2.0644378
0.0309450,2.0644891
0.0309500,2.0645280
0.0309550,2.0645511
0.0309600,2.0645535
0.0309650,2.0645340
0.0309700,2.0644952
0.0309750,2.0644401
0.0309800,2.0643727
0.0309850,2.0642990
0.0309900,2.0642236
0.0309950,2.0641467
0.0310000,2.0611105
0.0310050,2.0610044
0.0310100,2.0609104
0.0310150,2.0608344
0.0310200,2.0607806
0.0310250,2.0607495
0.0310300,2.0607392
0.0310350,2.0607462
0.0310400,2.0607677
0.0310450,2.0608007
0.0310500,2.0608424
0.0310550,2.0608898
0.0310600,2.0609421
0.0310650,2.0610006
0.0310700,2.0610657
0.0310750,2.0611381
0.0310800,2.0612205
0.0310850,2.0613152
0.0310900,2.0614210
0.0310950,2.0615373
0.0311000,2.0812619
0.0311050,2.0813988
0.0311100,2.0815492
0.0311150,2.0817102
0.0311200,2.0818744
0.0311250,2.0820353
0.0311300,2.0821921
0.0311350,2.0823435
0.0311400,2.0824825
0.0311450,2.0826029
0.0311500,2.0827026
0.0311550,2.0827835
0.0311600,2.0828487
0.0311650,2.0829004
0.0311700,2.0829438
0.0311750,2.0829867
0.0311800,2.0830335
0.0311850,2.0830829
0.0311900,2.0831348
0.0311950,2.0831886
0.0312000,2.0586245
0.0312050,2.0586762
0.0312100,2.0587300
0.0312150,2.0587855
0.0312200,2.0588397
0.0312250,2.0588893
0.0312300,2.0589334
0.0312350,2.0589725
0.0312400,2.0590063
0.0312450,2.0590322
0.0312500,2.0590519
0.0312550,2.0590698
0.0312600,2.0590890
0.0312650,2.0591110
0.0312700,2.0591372
0.0312750,2.0591678
0.0312800,2.0592023
0.0312850,2.0592404
0.0312900,2.0592823
0.0312950,2.0593279
0.0313000,2.0450813
0.0313050,2.0450815
0.0313100,2.0450839
0.0313150,2.0450875
0.0313200,2.0450878
0.0313250,2.0450805
0.0313300,2.0450677
0.0313350,2.0450528
0.0313400,2.0450374
0.0313450,2.0450226
0.0313500,2.0450104
0.0313550,2.0450008
0.0313600,2.0449927
0.0313650,2.0449864
0.0313700,2.0449868
0.0313750,2.0449997
0.0313800,2.0450275
0.0313850,2.0450675
0.0313900,2.0451170
0.0313950,2.0451734
0.0314000,2.0499011
0.0314050,2.0499287
0.0314100,2.0499621
0.0314150,2.0500002
0.0314200,2.0500439
0.0314250,2.0500956
0.0314300,2.0501558
0.0314350,2.0502230
0.0314400,2.0502941
0.0314450,2.0503644
0.0314500,2.0504307
0.0314550,2.0504924
0.0314600,2.0505509
0.0314650,2.0506067
0.0314700,2.0506603
0.0314750,2.0507127
0.0314800,2.0507656
0.0314850,2.0508196
0.0314900,2.0508725
0.0314950,2.0509203
0.0315000,2.0701242
0.0315050,2.0701340
0.0315100,2.0701414
0.0315150,2.0701435
0.0315200,2.0701354
0.0315250,2.0701177
0.0315300,2.0700937
0.0315350,2.0700647
0.0315400,2.0700281
0.0315450,2.0699801
0.0315500,2.0699189
0.0315550,2.0698441
0.0315600,2.0697547
0.0315650,2.0696536
0.0315700,2.0695495
0.0315750,2.0694442
0.0315800,2.0693325
0.0315850,2.0692141
0.0315900,2.0690933
0.0315950,2.0689733
0.0316000,2.0302972
0.0316050,2.0301839
0.0316100,2.0300772
0.0316150,2.0299815
0.0316200,2.0298992
0.0316250,2.0298339
0.0316300,2.0297859
0.0316350,2.0297512
0.0316400,2.0297213
0.0316450,2.0296886
0.0316500,2.0296513
0.0316550,2.0296093
0.0316600,2.0295607
0.0316650,2.0295050
0.0316700,2.0294459
0.0316750,2.0293882
0.0316800,2.0293339
0.0316850,2.0292849
0.0316900,2.0292431
0.0316950,2.0292097
0.0317000,2.0520069
0.0317050,2.0519621
0.0317100,2.0519274
0.0317150,2.0519025
0.0317200,2.0518842
0.0317250,2.0518719
0.0317300,2.0518686
0.0317350,2.0518765
0.0317400,2.0518961
0.0317450,2.0519294
0.0317500,2.0519791
0.0317550,2.0520468
0.0317600,2.0521287
0.0317650,2.0522172
0.0317700,2.0523043
0.0317750,2.0523817
0.0317800,2.0524422
0.0317850,2.0524854
0.0317900,2.0525132
0.0317950,2.0525252
0.0318000,2.0403513
0.0318050,2.0402954
0.0318100,2.0402306
0.0318150,2.0401610
0.0318200,2.0400937
0.0318250,2.0400355
0.0318300,2.0399925
0.0318350,2.0399672
0.0318400,2.0399588
0.0318450,2.0399670
0.0318500,2.0399902
0.0318550,2.0400260
0.0318600,2.0400701
0.0318650,2.0401187
0.0318700,2.0401708
0.0318750,2.0402286
0.0318800,2.0402941
0.0318850,2.0403664
0.0318900,2.0404410
0.0318950,2.0405109
0.0319000,2.0250554
0.0319050,2.0250609
0.0319100,2.0250473
0.0319150,2.0250181
0.0319200,2.0249778
0.0319250,2.0249317
0.0319300,2.0248828
0.0319350,2.0248359
0.0319400,2.0247955
0.0319450,2.0247605
0.0319500,2.0247277
0.0319550,2.0246948
0.0319600,2.0246618
0.0319650,2.0246314
0.0319700,2.0246068
0.0319750,2.0245914
0.0319800,2.0245881
0.0319850,2.0245973
0.0319900,2.0246138
0.0319950,2.0246311
0.0320000,2.0250493
0.0320050,2.0250207
0.0320100,2.0249914
0.0320150,2.0249620
0.0320200,2.0249370
0.0320250,2.0249193
0.0320300,2.0249084
0.0320350,2.0249049
0.0320400,2.0249113
0.0320450,2.0249267
0.0320500,2.0249478
0.0320550,2.0249741
0.0320600,2.0250057
0.0320650,2.0250436
0.0320700,2.0250926
0.0320750,2.0251550
0.0320800,2.0252295
0.0320850,2.0253113
0.0320900,2.0253970
0.0320950,2.0254883
0.0321000,2.0324211
0.0321050,2.0324795
0.0321100,2.0325395
0.0321150,2.0325961
0.0321200,2.0326471
0.0321250,2.0326919
0.0321300,2.0327297
0.0321350,2.0327612
0.0321400,2.0327867
0.0321450,2.0328044
0.0321500,2.0328125
0.0321550,2.0328134
0.0321600,2.0328102
0.0321650,2.0328044
0.0321700,2.0327948
0.0321750,2.0327829
0.0321800,2.0327702
0.0321850,2.0327560
0.0321900,2.0327399
0.0321950,2.0327222
0.0322000,2.0210142
0.0322050,2.0209566
0.0322100,2.0208940
0.0322150,2.0208319
0.0322200,2.0207755
0.0322250,2.0207247
0.0322300,2.0206777
0.0322350,2.0206358
0.0322400,2.0205979
0.0322450,2.0205601
0.0322500,2.0205203
0.0322550,2.0204802
0.0322600,2.0204403
0.0322650,2.0203999
0.0322700,2.0203579
0.0322750,2.0203136
0.0322800,2.0202646
0.0322850,2.0202052
0.0322900,2.0201306
0.0322950,2.0200409
0.0323000,2.0337036
0.0323050,2.0335735
0.0323100,2.0334236
0.0323150,2.0332525
0.0323200,2.0330625
0.0323250,2.0328580
0.0323300,2.0326447
0.0323350,2.0324298
0.0323400,2.0322212
0.0323450,2.0320242
0.0323500,2.0318409
0.0323550,2.0316708
0.0323600,2.0315121
0.0323650,2.0313619
0.0323700,2.0312170
0.0323750,2.0310773
0.0323800,2.0309427
0.0323850,2.0308124
0.0323900,2.0306857
0.0323950,2.0305601
0.0324000,2.0189870
0.0324050,2.0188355
0.0324100,2.0186865
0.0324150,2.0185422
0.0324200,2.0184042
0.0324250,2.0182732
0.0324300,2.0181486
0.0324350,2.0180296
0.0324400,2.0179172
0.0324450,2.0178114
0.0324500,2.0177124
0.0324550,2.0176220
0.0324600,2.0175433
0.0324650,2.0174752
0.0324700,2.0174114
0.0324750,2.0173494
0.0324800,2.0172933
0.0324850,2.0172485
0.0324900,2.0172186
0.0324950,2.0172046
0.0325000,2.0393919
0.0325050,2.0393504
0.0325100,2.0393235
0.0325150,2.0393070
0.0325200,2.0393014
0.0325250,2.0393089
0.0325300,2.0393256
0.0325350,2.0393477
0.0325400,2.0393756
0.0325450,2.0394091
0.0325500,2.0394465
0.0325550,2.0394892
0.0325600,2.0395396
0.0325650,2.0395980
0.0325700,2.0396659
0.0325750,2.0397469
0.0325800,2.0398423
0.0325850,2.0399524
0.0325900,2.0400770
0.0325950,2.0402170
0.0326000,2.1074949
0.0326050,2.1076222
0.0326100,2.1077695
0.0326150,2.1079337
0.0326200,2.1081115
0.0326250,2.1082967
0.0326300,2.1084814
0.0326350,2.1086598
0.0326400,2.1088288
0.0326450,2.1089879
0.0326500,2.1091407
0.0326550,2.1092904
0.0326600,2.1094393
0.0326650,2.1095883
0.0326700,2.1097362
0.0326750,2.1098825
0.0326800,2.1100275
0.0326850,2.1101731
0.0326900,2.1103214
0.0326950,2.1104749
0.0327000,2.0805726
0.0327050,2.0806962
0.0327100,2.0808312
0.0327150,2.0809748
0.0327200,2.0811226
0.0327250,2.0812716
0.0327300,2.0814202
0.0327350,2.0815696
0.0327400,2.0817243
0.0327450,2.0818887
0.0327500,2.0820636
0.0327550,2.0822463
0.0327600,2.0824333
0.0327650,2.0826207
0.0327700,2.0828029
0.0327750,2.0829767
0.0327800,2.0831442
0.0327850,2.0833101
0.0327900,2.0834762
0.0327950,2.0836426
0.0328000,2.0689812
0.0328050,2.0691257
0.0328100,2.0692639
0.0328150,2.0693923
0.0328200,2.0695091
0.0328250,2.0696181
0.0328300,2.0697244
0.0328350,2.0698315
0.0328400,2.0699432
0.0328450,2.0700637
0.0328500,2.0701932
0.0328550,2.0703301
0.0328600,2.0704754
0.0328650,2.0706306
0.0328700,2.0707968
0.0328750,2.0709725
0.0328800,2.0711540
0.0328850,2.0713366
0.0328900,2.0715119
0.0328950,2.0716726
0.0329000,2.0894232
0.0329050,2.0895148
0.0329100,2.0895934
0.0329150,2.0896587
0.0329200,2.0897148
0.0329250,2.0897656
0.0329300,2.0898119
0.0329350,2.0898514
0.0329400,2.0898845
0.0329450,2.0899129
0.0329500,2.0899374
0.0329550,2.0899590
0.0329600,2.0899797
0.0329650,2.0900010
0.0329700,2.0900198
0.0329750,2.0900310
0.0329800,2.0900347
0.0329850,2.0900360
0.0329900,2.0900383
0.0329950,2.0900420
0.0330000,2.0955652
0.0330050,2.0955557
0.0330100,2.0955538
0.0330150,2.0955591
0.0330200,2.0955736
0.0330250,2.0956042
0.0330300,2.0956556
0.0330350,2.0957247
0.0330400,2.0958051
0.0330450,2.0958918
0.0330500,2.0959804
0.0330550,2.0960656
0.0330600,2.0961442
0.0330650,2.0962150
0.0330700,2.0962738
0.0330750,2.0963160
0.0330800,2.0963421
0.0330850,2.0963556
0.0330900,2.0963601
0.0330950,2.0963595
0.0331000,2.0963618
0.0331050,2.0963774
0.0331100,2.0964155
0.0331150,2.0964801
0.0331200,2.0965708
0.0331250,2.0966870
0.0331300,2.0968243
0.0331350,2.0969743
0.0331400,2.0971314
0.0331450,2.0972931
0.0331500,2.0974565
0.0331550,2.0976182
0.0331600,2.0977786
0.0331650,2.0979442
0.0331700,2.0981190
0.0331750,2.0983016
0.0331800,2.0984906
0.0331850,2.0986853
0.0331900,2.0988837
0.0331950,2.0990818
0.0332000,2.0623433
0.0332050,2.0625053
0.0332100,2.0626743
0.0332150,2.0628535
0.0332200,2.0630457
0.0332250,2.0632501
0.0332300,2.0634573
0.0332350,2.0636582
0.0332400,2.0638503
0.0332450,2.0640323
0.0332500,2.0642022
0.0332550,2.0643581
0.0332600,2.0645035
0.0332650,2.0646441
0.0332700,2.0647812
0.0332750,2.0649132
0.0332800,2.0650410
0.0332850,2.0651678
0.0332900,2.0652919
0.0332950,2.0654090
0.0333000,2.0764204
0.0333050,2.0765134
0.0333100,2.0765943
0.0333150,2.0766606
0.0333200,2.0767121
0.0333250,2.0767510
0.0333300,2.0767808
0.0333350,2.0768053
0.0333400,2.0768274
0.0333450,2.0768512
0.0333500,2.0768795
0.0333550,2.0769114
0.0333600,2.0769464
0.0333650,2.0769850
0.0333700,2.0770281
0.0333750,2.0770764
0.0333800,2.0771310
0.0333850,2.0771944
0.0333900,2.0772658
0.0333950,2.0773400
0.0334000,2.0518911
0.0334050,2.0519343
0.0334100,2.0519722
0.0334150,2.0520046
0.0334200,2.0520331
0.0334250,2.0520614
0.0334300,2.0520921
0.0334350,2.0521262
0.0334400,2.0521664
0.0334450,2.0522189
0.0334500,2.0522891
0.0334550,2.0523795
0.0334600,2.0524894
0.0334650,2.0526165
0.0334700,2.0527554
0.0334750,2.0528982
0.0334800,2.0530410
0.0334850,2.0531816
0.0334900,2.0533175
0.0334950,2.0534477
0.0335000,2.1019774
0.0335050,2.1020709
0.0335100,2.1021670
0.0335150,2.1022637
0.0335200,2.1023597
0.0335250,2.1024565
0.0335300,2.1025533
0.0335350,2.1026477
0.0335400,2.1027369
0.0335450,2.1028193
0.0335500,2.1028918
0.0335550,2.1029494
0.0335600,2.1029901
0.0335650,2.1030182
0.0335700,2.1030385
0.0335750,2.1030513
0.0335800,2.1030592
0.0335850,2.1030685
0.0335900,2.1030817
0.0335950,2.1030985
0.0336000,2.0662946
0.0336050,2.0663002
0.0336100,2.0663054
0.0336150,2.0663077
0.0336200,2.0663045
0.0336250,2.0662944
0.0336300,2.0662759
0.0336350,2.0662470
0.0336400,2.0662070
0.0336450,2.0661576
0.0336500,2.0661020
0.0336550,2.0660420
0.0336600,2.0659773
0.0336650,2.0659077
0.0336700,2.0658350
0.0336750,2.0657606
0.0336800,2.0656844
0.0336850,2.0656081
0.0336900,2.0655318
0.0336950,2.0654537
0.0337000,2.0559336
0.0337050,2.0558122
0.0337100,2.0556887
0.0337150,2.0555653
0.0337200,2.0554431
0.0337250,2.0553239
0.0337300,2.0552105
0.0337350,2.0551052
0.0337400,2.0550077
0.0337450,2.0549183
0.0337500,2.0548360
0.0337550,2.0547596
0.0337600,2.0546899
0.0337650,2.0546274
0.0337700,2.0545740
0.0337750,2.0545301
0.0337800,2.0544938
0.0337850,2.0544630
0.0337900,2.0544363
0.0337950,2.0544144
0.0338000,2.0755283
0.0338050,2.0754795
0.0338100,2.0754342
0.0338150,2.0753913
0.0338200,2.0753524
0.0338250,2.0753181
0.0338300,2.0752904
0.0338350,2.0752710
0.0338400,2.0752595
0.0338450,2.0752548
0.0338500,2.0752564
0.0338550,2.0752637
0.0338600,2.0752745
0.0338650,2.0752888
0.0338700,2.0753099
0.0338750,2.0753410
0.0338800,2.0753837
0.0338850,2.0754396
0.0338900,2.0755095
0.0338950,2.0755920
0.0339000,2.1048510
0.0339050,2.1048946
0.0339100,2.1049474
0.0339150,2.1050107
0.0339200,2.1050847
0.0339250,2.1051675
0.0339300,2.1052595
0.0339350,2.1053626
0.0339400,2.1054756
0.0339450,2.1055963
0.0339500,2.1057252
0.0339550,2.1058633
0.0339600,2.1060091
0.0339650,2.1061605
0.0339700,2.1063168
0.0339750,2.1064757
0.0339800,2.1066335
0.0339850,2.1067889
0.0339900,2.1069437
0.0339950,2.1071003
0.0340000,2.1233126
0.0340050,2.1234361
0.0340100,2.1235612
0.0340150,2.1236916
0.0340200,2.1238301
0.0340250,2.1239786
0.0340300,2.1241351
0.0340350,2.1242969
0.0340400,2.1244619
0.0340450,2.1246265
0.0340500,2.1247881
0.0340550,2.1249461
0.0340600,2.1251003
0.0340650,2.1252489
0.0340700,2.1253860
0.0340750,2.1255051
0.0340800,2.1256045
0.0340850,2.1256850
0.0340900,2.1257484
0.0340950,2.1257981
0.0341000,2.0941136
0.0341050,2.0941473
0.0341100,2.0941894
0.0341150,2.0942412
0.0341200,2.0943013
0.0341250,2.0943682
0.0341300,2.0944417
0.0341350,2.0945232
0.0341400,2.0946147
0.0341450,2.0947173
0.0341500,2.0948326
0.0341550,2.0949634
0.0341600,2.0951131
0.0341650,2.0952819
0.0341700,2.0954647
0.0341750,2.0956562
0.0341800,2.0958533
0.0341850,2.0960521
0.0341900,2.0962492
0.0341950,2.0964438
0.0342000,2.1240762
0.0342050,2.1242127
0.0342100,2.1243444
0.0342150,2.1244671
0.0342200,2.1245783
0.0342250,2.1246775
0.0342300,2.1247636
0.0342350,2.1248376
0.0342400,2.1249061
0.0342450,2.1249779
0.0342500,2.1250554
0.0342550,2.1251380
0.0342600,2.1252276
0.0342650,2.1253288
0.0342700,2.1254436
0.0342750,2.1255704
0.0342800,2.1257073
0.0342850,2.1258548
0.0342900,2.1260105
0.0342950,2.1261686
0.0343000,2.1175961
0.0343050,2.1177077
0.0343100,2.1178155
0.0343150,2.1179176
0.0343200,2.1180169
0.0343250,2.1181189
0.0343300,2.1182262
0.0343350,2.1183393
0.0343400,2.1184588
0.0343450,2.1185842
0.0343500,2.1187114
0.0343550,2.1188347
0.0343600,2.1189526
0.0343650,2.1190692
0.0343700,2.1191860
0.0343750,2.1193011
0.0343800,2.1194147
0.0343850,2.1195303
0.0343900,2.1196507
0.0343950,2.1197753
0.0344000,2.1486526
0.0344050,2.1487404
0.0344100,2.1488376
0.0344150,2.1489426
0.0344200,2.1490529
0.0344250,2.1491690
0.0344300,2.1492931
0.0344350,2.1494269
0.0344400,2.1495716
0.0344450,2.1497293
0.0344500,2.1499020
0.0344550,2.1500907
0.0344600,2.1502954
0.0344650,2.1505158
0.0344700,2.1507492
0.0344750,2.1509933
0.0344800,2.1512483
0.0344850,2.1515125
0.0344900,2.1517819
0.0344950,2.1520527
0.0345000,2.1490078
0.0345050,2.1492036
0.0345100,2.1493882
0.0345150,2.1495563
0.0345200,2.1497027
0.0345250,2.1498251
0.0345300,2.1499251
0.0345350,2.1500057
0.0345400,2.1500705
0.0345450,2.1501232
0.0345500,2.1501671
0.0345550,2.1502065
0.0345600,2.1502441
0.0345650,2.1502800
0.0345700,2.1503135
0.0345750,2.1503447
0.0345800,2.1503753
0.0345850,2.1504073
0.0345900,2.1504425
0.0345950,2.1504819
0.0346000,2.1528988
0.0346050,2.1529149
0.0346100,2.1529377
0.0346150,2.1529704
0.0346200,2.1530153
0.0346250,2.1530730
0.0346300,2.1531430
0.0346350,2.1532225
0.0346400,2.1533066
0.0346450,2.1533896
0.0346500,2.1534667
0.0346550,2.1535344
0.0346600,2.1535908
0.0346650,2.1536356
0.0346700,2.1536699
0.0346750,2.1536943
0.0346800,2.1537106
0.0346850,2.1537196
0.0346900,2.1537226
0.0346950,2.1537229
0.0347000,2.1527618
0.0347050,2.1527671
0.0347100,2.1527694
0.0347150,2.1527675
0.0347200,2.1527597
0.0347250,2.1527460
0.0347300,2.1527276
0.0347350,2.1527077
0.0347400,2.1526880
0.0347450,2.1526686
0.0347500,2.1526523
0.0347550,2.1526437
0.0347600,2.1526452
0.0347650,2.1526564
0.0347700,2.1526781
0.0347750,2.1527101
0.0347800,2.1527462
0.0347850,2.1527789
0.0347900,2.1528054
0.0347950,2.1528265
0.0348000,2.1209412
0.0348050,2.1209604
0.0348100,2.1209848
0.0348150,2.1210211
0.0348200,2.1210757
0.0348250,2.1211524
0.0348300,2.1212500
0.0348350,2.1213640
0.0348400,2.1214868
0.0348450,2.1216106
0.0348500,2.1217303
0.0348550,2.1218430
0.0348600,2.1219494
0.0348650,2.1220527
0.0348700,2.1221549
0.0348750,2.1222565
0.0348800,2.1223570
0.0348850,2.1224545
0.0348900,2.1225460
0.0348950,2.1226298
0.0349000,2.1230934
0.0349050,2.1231087
0.0349100,2.1231179
0.0349150,2.1231230
0.0349200,2.1231244
0.0349250,2.1231232
0.0349300,2.1231218
0.0349350,2.1231234
0.0349400,2.1231282
0.0349450,2.1231358
0.0349500,2.1231458
0.0349550,2.1231587
0.0349600,2.1231746
0.0349650,2.1231895
0.0349700,2.1231966
0.0349750,2.1231914
0.0349800,2.1231726
0.0349850,2.1231380
0.0349900,2.1230861
0.0349950,2.1230215
0.0350000,2.1451076
0.0350050,2.1450282
0.0350100,2.1449566
0.0350150,2.1448937
0.0350200,2.1448381
0.0350250,2.1447860
0.0350300,2.1447365
0.0350350,2.1446918
0.0350400,2.1446541
0.0350450,2.1446233
0.0350500,2.1445994
0.0350550,2.1445844
0.0350600,2.1445799
0.0350650,2.1445840
0.0350700,2.1445932
0.0350750,2.1446036
0.0350800,2.1446094
0.0350850,2.1446054
0.0350900,2.1445892
0.0350950,2.1445638
0.0351000,2.1775886
0.0351050,2.1775355
0.0351100,2.1774867
0.0351150,2.1774441
0.0351200,2.1774096
0.0351250,2.1773812
0.0351300,2.1773540
0.0351350,2.1773305
0.0351400,2.1773197
0.0351450,2.1773297
0.0351500,2.1773649
0.0351550,2.1774282
0.0351600,2.1775201
0.0351650,2.1776370
0.0351700,2.1777751
0.0351750,2.1779329
0.0351800,2.1781099
0.0351850,2.1783043
0.0351900,2.1785130
0.0351950,2.1787331
0.0352000,2.1868123
0.0352050,2.1870126
0.0352100,2.1872062
0.0352150,2.1873908
0.0352200,2.1875625
0.0352250,2.1877150
0.0352300,2.1878460
0.0352350,2.1879604
0.0352400,2.1880631
0.0352450,2.1881582
0.0352500,2.1882505
0.0352550,2.1883426
0.0352600,2.1884310
0.0352650,2.1885100
0.0352700,2.1885780
0.0352750,2.1886365
0.0352800,2.1886859
0.0352850,2.1887275
0.0352900,2.1887639
0.0352950,2.1887975
0.0353000,2.1992917
0.0353050,2.1993315
0.0353100,2.1993721
0.0353150,2.1994142
0.0353200,2.1994594
0.0353250,2.1995108
0.0353300,2.1995693
0.0353350,2.1996339
0.0353400,2.1997030
0.0353450,2.1997758
0.0353500,2.1998529
0.0353550,2.1999388
0.0353600,2.2000367
0.0353650,2.2001464
0.0353700,2.2002674
0.0353750,2.2004011
0.0353800,2.2005451
0.0353850,2.2006924
0.0353900,2.2008354
0.0353950,2.2009696
0.0354000,2.1952876
0.0354050,2.1953639
0.0354100,2.1954300
0.0354150,2.1954899
0.0354200,2.1955455
0.0354250,2.1955969
0.0354300,2.1956449
0.0354350,2.1956909
0.0354400,2.1957345
0.0354450,2.1957759
0.0354500,2.1958181
0.0354550,2.1958622
0.0354600,2.1959033
0.0354650,2.1959377
0.0354700,2.1959673
0.0354750,2.1959948
0.0354800,2.1960212
0.0354850,2.1960468
0.0354900,2.1960725
0.0354950,2.1961019
0.0355000,2.2255194
0.0355050,2.2255295
0.0355100,2.2255457
0.0355150,2.2255678
0.0355200,2.2255957
0.0355250,2.2256272
0.0355300,2.2256616
0.0355350,2.2256990
0.0355400,2.2257373
0.0355450,2.2257750
0.0355500,2.2258123
0.0355550,2.2258527
0.0355600,2.2259002
0.0355650,2.2259553
0.0355700,2.2260175
0.0355750,2.2260823
0.0355800,2.2261437
0.0355850,2.2261980
0.0355900,2.2262458
0.0355950,2.2262885
0.0356000,2.2433988
0.0356050,2.2434010
0.0356100,2.2434028
0.0356150,2.2434058
0.0356200,2.2434100
0.0356250,2.2434143
0.0356300,2.2434198
0.0356350,2.2434253
0.0356400,2.2434280
0.0356450,2.2434253
0.0356500,2.2434176
0.0356550,2.2434088
0.0356600,2.2434010
0.0356650,2.2433962
0.0356700,2.2433971
0.0356750,2.2434063
0.0356800,2.2434233
0.0356850,2.2434456
0.0356900,2.2434735
0.0356950,2.2435053
0.0357000,2.3010367
0.0357050,2.3010011
0.0357100,2.3009532
0.0357150,2.3008982
0.0357200,2.3008420
0.0357250,2.3007884
0.0357300,2.3007417
0.0357350,2.3007034
0.0357400,2.3006708
0.0357450,2.3006407
0.0357500,2.3006141
0.0357550,2.3005922
0.0357600,2.3005723
0.0357650,2.3005506
0.0357700,2.3005254
0.0357750,2.3004953
0.0357800,2.3004549
0.0357850,2.3003990
0.0357900,2.3003294
0.0357950,2.3002497
0.0358000,2.2816333
0.0358050,2.2815059
0.0358100,2.2813825
0.0358150,2.2812701
0.0358200,2.2811748
0.0358250,2.2811017
0.0358300,2.2810563
0.0358350,2.2810421
0.0358400,2.2810573
0.0358450,2.2810966
0.0358500,2.2811546
0.0358550,2.2812264
0.0358600,2.2813049
0.0358650,2.2813878
0.0358700,2.2814788
0.0358750,2.2815795
0.0358800,2.2816840
0.0358850,2.2817863
0.0358900,2.2818848
0.0358950,2.2819759
0.0359000,2.2493735
0.0359050,2.2494147
0.0359100,2.2494525
0.0359150,2.2494918
0.0359200,2.2495342
0.0359250,2.2495755
0.0359300,2.2496124
0.0359350,2.2496444
0.0359400,2.2496694
0.0359450,2.2496882
0.0359500,2.2497031
0.0359550,2.2497146
0.0359600,2.2497218
0.0359650,2.2497263
0.0359700,2.2497310
0.0359750,2.2497385
0.0359800,2.2497502
0.0359850,2.2497679
0.0359900,2.2497958
0.0359950,2.2498344
0.0360000,2.2487903
0.0360050,2.2487879
0.0360100,2.2487930
0.0360150,2.2488037
0.0360200,2.2488158
0.0360250,2.2488274
0.0360300,2.2488388
0.0360350,2.2488473
0.0360400,2.2488495
0.0360450,2.2488456
0.0360500,2.2488373
0.0360550,2.2488250
0.0360600,2.2488088
0.0360650,2.2487897
0.0360700,2.2487697
0.0360750,2.2487494
0.0360800,2.2487255
0.0360850,2.2486947
0.0360900,2.2486568
0.0360950,2.2486133
0.0361000,2.2345338
0.0361050,2.2344339
0.0361100,2.2343371
0.0361150,2.2342452
0.0361200,2.2341573
0.0361250,2.2340690
0.0361300,2.2339777
0.0361350,2.2338849
0.0361400,2.2337901
0.0361450,2.2336914
0.0361500,2.2335901
0.0361550,2.2334882
0.0361600,2.2333859
0.0361650,2.2332872
0.0361700,2.2332000
0.0361750,2.2331288
0.0361800,2.2330711
0.0361850,2.2330234
0.0361900,2.2329847
0.0361950,2.2329558
0.0362000,2.2308692
0.0362050,2.2308381
0.0362100,2.2308166
0.0362150,2.2308012
0.0362200,2.2307903
0.0362250,2.2307836
0.0362300,2.2307832
0.0362350,2.2307920
0.0362400,2.2308106
0.0362450,2.2308364
0.0362500,2.2308637
0.0362550,2.2308854
0.0362600,2.2308946
0.0362650,2.2308865
0.0362700,2.2308609
0.0362750,2.2308220
0.0362800,2.2307740
0.0362850,2.2307207
0.0362900,2.2306676
0.0362950,2.2306216
0.0363000,2.2305883
0.0363050,2.2305712
0.0363100,2.2305713
0.0363150,2.2305893
0.0363200,2.2306245
0.0363250,2.2306711
0.0363300,2.2307209
0.0363350,2.2307708
0.0363400,2.2308197
0.0363450,2.2308651
0.0363500,2.2309050
0.0363550,2.2309409
0.0363600,2.2309730
0.0363650,2.2310001
0.0363700,2.2310234
0.0363750,2.2310445
0.0363800,2.2310623
0.0363850,2.2310767
0.0363900,2.2310922
0.0363950,2.2311166
0.0364000,2.2395963
0.0364050,2.2396237
0.0364100,2.2396670
0.0364150,2.2397307
0.0364200,2.2398192
0.0364250,2.2399314
0.0364300,2.2400594
0.0364350,2.2401961
0.0364400,2.2403381
0.0364450,2.2404798
0.0364500,2.2406154
0.0364550,2.2407432
0.0364600,2.2408625
0.0364650,2.2409704
0.0364700,2.2410628
0.0364750,2.2411395
0.0364800,2.2412034
0.0364850,2.2412537
0.0364900,2.2412904
0.0364950,2.2413175
0.0365000,2.2333673
0.0365050,2.2333581
0.0365100,2.2333411
0.0365150,2.2333154
0.0365200,2.2332819
0.0365250,2.2332391
0.0365300,2.2331858
0.0365350,2.2331218
0.0365400,2.2330503
0.0365450,2.2329760
0.0365500,2.2329015
0.0365550,2.2328288
0.0365600,2.2327581
0.0365650,2.2326887
0.0365700,2.2326210
0.0365750,2.2325585
0.0365800,2.2325068
0.0365850,2.2324662
0.0365900,2.2324353
0.0365950,2.2324150
0.0366000,2.2244190
0.0366050,2.2244277
0.0366100,2.2244501
0.0366150,2.2244851
0.0366200,2.2245326
0.0366250,2.2245880
0.0366300,2.2246453
0.0366350,2.2247020
0.0366400,2.2247582
0.0366450,2.2248115
0.0366500,2.2248597
0.0366550,2.2249057
0.0366600,2.2249518
0.0366650,2.2249957
0.0366700,2.2250359
0.0366750,2.2250750
0.0366800,2.2251168
0.0366850,2.2251613
0.0366900,2.2252071
0.0366950,2.2252552
0.0367000,2.2358474
0.0367050,2.2359040
0.0367100,2.2359624
0.0367150,2.2360194
0.0367200,2.2360756
0.0367250,2.2361318
0.0367300,2.2361841
0.0367350,2.2362269
0.0367400,2.2362578
0.0367450,2.2362750
0.0367500,2.2362793
0.0367550,2.2362758
0.0367600,2.2362696
0.0367650,2.2362626
0.0367700,2.2362532
0.0367750,2.2362404
0.0367800,2.2362267
0.0367850,2.2362119
0.0367900,2.2361961
0.0367950,2.2361845
0.0368000,2.2442530
0.0368050,2.2442492
0.0368100,2.2442630
0.0368150,2.2442955
0.0368200,2.2443475
0.0368250,2.2444134
0.0368300,2.2444873
0.0368350,2.2445670
0.0368400,2.2446512
0.0368450,2.2447370
0.0368500,2.2448202
0.0368550,2.2448972
0.0368600,2.2449631
0.0368650,2.2450141
0.0368700,2.2450489
0.0368750,2.2450677
0.0368800,2.2450718
0.0368850,2.2450624
0.0368900,2.2450449
0.0368950,2.2450245
0.0369000,2.2225050
0.0369050,2.2224499
0.0369100,2.2223953
0.0369150,2.2223423
0.0369200,2.2222917
0.0369250,2.2222429
0.0369300,2.2221959
0.0369350,2.2221517
0.0369400,2.2221128
0.0369450,2.2220785
0.0369500,2.2220499
0.0369550,2.2220320
0.0369600,2.2220275
0.0369650,2.2220367
0.0369700,2.2220600
0.0369750,2.2220973
0.0369800,2.2221428
0.0369850,2.2221905
0.0369900,2.2222413
0.0369950,2.2222983
0.0370000,2.2365071
0.0370050,2.2365613
0.0370100,2.2366212
0.0370150,2.2366814
0.0370200,2.2367368
0.0370250,2.2367799
0.0370300,2.2368054
0.0370350,2.2368156
0.0370400,2.2368155
0.0370450,2.2368066
0.0370500,2.2367902
0.0370550,2.2367708
0.0370600,2.2367532
0.0370650,2.2367405
0.0370700,2.2367313
0.0370750,2.2367250
0.0370800,2.2367227
0.0370850,2.2367231
0.0370900,2.2367239
0.0370950,2.2367262
0.0371000,2.2558734
0.0371050,2.2558577
0.0371100,2.2558501
0.0371150,2.2558561
0.0371200,2.2558772
0.0371250,2.2559150
0.0371300,2.2559703
0.0371350,2.2560420
0.0371400,2.2561299
0.0371450,2.2562341
0.0371500,2.2563521
0.0371550,2.2564795
0.0371600,2.2566096
0.0371650,2.2567366
0.0371700,2.2568585
0.0371750,2.2569754
0.0371800,2.2570865
0.0371850,2.2571898
0.0371900,2.2572858
0.0371950,2.2573756
0.0372000,2.2236822
0.0372050,2.2237210
0.0372100,2.2237485
0.0372150,2.2237650
0.0372200,2.2237682
0.0372250,2.2237553
0.0372300,2.2237283
0.0372350,2.2236923
0.0372400,2.2236518
0.0372450,2.2236082
0.0372500,2.2235628
0.0372550,2.2235156
0.0372600,2.2234649
0.0372650,2.2234079
0.0372700,2.2233426
0.0372750,2.2232684
0.0372800,2.2231849
0.0372850,2.2230913
0.0372900,2.2229856
0.0372950,2.2228662
0.0373000,2.2105556
0.0373050,2.2103911
0.0373100,2.2102162
0.0373150,2.2100361
0.0373200,2.2098576
0.0373250,2.2096863
0.0373300,2.2095279
0.0373350,2.2093887
0.0373400,2.2092749
0.0373450,2.2091903
0.0373500,2.2091345
0.0373550,2.2091014
0.0373600,2.2090861
0.0373650,2.2090845
0.0373700,2.2090905
0.0373750,2.2090977
0.0373800,2.2091005
0.0373850,2.2090970
0.0373900,2.2090917
0.0373950,2.2090945
0.0374000,2.2320507
0.0374050,2.2320903
0.0374100,2.2321534
0.0374150,2.2322330
0.0374200,2.2323209
0.0374250,2.2324130
0.0374300,2.2325063
0.0374350,2.2325960
0.0374400,2.2326793
0.0374450,2.2327567
0.0374500,2.2328312
0.0374550,2.2329054
0.0374600,2.2329823
0.0374650,2.2330611
0.0374700,2.2331382
0.0374750,2.2332132
0.0374800,2.2332891
0.0374850,2.2333707
0.0374900,2.2334618
0.0374950,2.2335651
0.0375000,2.1906188
0.0375050,2.1907062
0.0375100,2.1908098
0.0375150,2.1909282
0.0375200,2.1910545
0.0375250,2.1911845
0.0375300,2.1913180
0.0375350,2.1914572
0.0375400,2.1916021
0.0375450,2.1917528
0.0375500,2.1919112
0.0375550,2.1920771
0.0375600,2.1922497
0.0375650,2.1924281
0.0375700,2.1926115
0.0375750,2.1927994
0.0375800,2.1929892
0.0375850,2.1931772
0.0375900,2.1933590
0.0375950,2.1935334
0.0376000,2.1816370
0.0376050,2.1817899
0.0376100,2.1819340
0.0376150,2.1820697
0.0376200,2.1821990
0.0376250,2.1823246
0.0376300,2.1824478
0.0376350,2.1825709
0.0376400,2.1826949
0.0376450,2.1828189
0.0376500,2.1829414
0.0376550,2.1830629
0.0376600,2.1831867
0.0376650,2.1833149
0.0376700,2.1834494
0.0376750,2.1835917
0.0376800,2.1837429
0.0376850,2.1839017
0.0376900,2.1840645
0.0376950,2.1842303
0.0377000,2.1831768
0.0377050,2.1833465
0.0377100,2.1835229
0.0377150,2.1837087
0.0377200,2.1839059
0.0377250,2.1841130
0.0377300,2.1843252
0.0377350,2.1845381
0.0377400,2.1847462
0.0377450,2.1849467
0.0377500,2.1851414
0.0377550,2.1853337
0.0377600,2.1855260
0.0377650,2.1857201
0.0377700,2.1859216
0.0377750,2.1861366
0.0377800,2.1863689
0.0377850,2.1866181
0.0377900,2.1868845
0.0377950,2.1871684
0.0378000,2.1826476
0.0378050,2.1829357
0.0378100,2.1832298
0.0378150,2.1835263
0.0378200,2.1838180
0.0378250,2.1840952
0.0378300,2.1843542
0.0378350,2.1845944
0.0378400,2.1848126
0.0378450,2.1850066
0.0378500,2.1851762
0.0378550,2.1853221
0.0378600,2.1854462
0.0378650,2.1855516
0.0378700,2.1856419
0.0378750,2.1857190
0.0378800,2.1857831
0.0378850,2.1858359
0.0378900,2.1858842
0.0378950,2.1859353
0.0379000,2.1756356
0.0379050,2.1756657
0.0379100,2.1757061
0.0379150,2.1757589
0.0379200,2.1758196
0.0379250,2.1758834
0.0379300,2.1759507
0.0379350,2.1760192
0.0379400,2.1760811
0.0379450,2.1761307
0.0379500,2.1761677
0.0379550,2.1761938
0.0379600,2.1762087
0.0379650,2.1762133
0.0379700,2.1762153
0.0379750,2.1762209
0.0379800,2.1762297
0.0379850,2.1762387
0.0379900,2.1762504
0.0379950,2.1762691
0.0380000,2.1707752
0.0380050,2.1707852
0.0380100,2.1708127
0.0380150,2.1708589
0.0380200,2.1709191
0.0380250,2.1709853
0.0380300,2.1710519
0.0380350,2.1711162
0.0380400,2.1711754
0.0380450,2.1712268
0.0380500,2.1712708
0.0380550,2.1713111
0.0380600,2.1713520
0.0380650,2.1713972
0.0380700,2.1714502
0.0380750,2.1715120
0.0380800,2.1715810
0.0380850,2.1716573
0.0380900,2.1717421
0.0380950,2.1718341
0.0381000,2.1826927
0.0381050,2.1827673
0.0381100,2.1828503
0.0381150,2.1829407
0.0381200,2.1830375
0.0381250,2.1831376
0.0381300,2.1832393
0.0381350,2.1833424
0.0381400,2.1834460
0.0381450,2.1835487
0.0381500,2.1836516
0.0381550,2.1837573
0.0381600,2.1838659
0.0381650,2.1839764
0.0381700,2.1840870
0.0381750,2.1841952
0.0381800,2.1843000
0.0381850,2.1844001
0.0381900,2.1844957
0.0381950,2.1845881
0.0382000,2.1892727
0.0382050,2.1893721
0.0382100,2.1894672
0.0382150,2.1895576
0.0382200,2.1896480
0.0382250,2.1897448
0.0382300,2.1898521
0.0382350,2.1899681
0.0382400,2.1900895
0.0382450,2.1902148
0.0382500,2.1903428
0.0382550,2.1904706
0.0382600,2.1905968
0.0382650,2.1907219
0.0382700,2.1908452
0.0382750,2.1909667
0.0382800,2.1910882
0.0382850,2.1912104
0.0382900,2.1913347
0.0382950,2.1914620
0.0383000,2.1913698
0.0383050,2.1914849
0.0383100,2.1916082
0.0383150,2.1917359
0.0383200,2.1918619
0.0383250,2.1919836
0.0383300,2.1921019
0.0383350,2.1922139
0.0383400,2.1923140
0.0383450,2.1923979
0.0383500,2.1924619
0.0383550,2.1925033
0.0383600,2.1925201
0.0383650,2.1925138
0.0383700,2.1924861
0.0383750,2.1924393
0.0383800,2.1923766
0.0383850,2.1923018
0.0383900,2.1922208
0.0383950,2.1921406
0.0384000,2.1989740
0.0384050,2.1989215
0.0384100,2.1988901
0.0384150,2.1988821
0.0384200,2.1988960
0.0384250,2.1989288
0.0384300,2.1989779
0.0384350,2.1990394
0.0384400,2.1991081
0.0384450,2.1991765
0.0384500,2.1992367
0.0384550,2.1992799
0.0384600,2.1992997
0.0384650,2.1992969
0.0384700,2.1992786
0.0384750,2.1992540
0.0384800,2.1992304
0.0384850,2.1992135
0.0384900,2.1992053
0.0384950,2.1992038
0.0385000,2.1981080
0.0385050,2.1980991
0.0385100,2.1981036
0.0385150,2.1981221
0.0385200,2.1981528
0.0385250,2.1981931
0.0385300,2.1982409
0.0385350,2.1982922
0.0385400,2.1983435
0.0385450,2.1983912
0.0385500,2.1984329
0.0385550,2.1984714
0.0385600,2.1985131
0.0385650,2.1985636
0.0385700,2.1986228
0.0385750,2.1986869
0.0385800,2.1987516
0.0385850,2.1988130
0.0385900,2.1988715
0.0385950,2.1989293
0.0386000,2.1965051
0.0386050,2.1965261
0.0386100,2.1965398
0.0386150,2.1965420
0.0386200,2.1965303
0.0386250,2.1965058
0.0386300,2.1964731
0.0386350,2.1964335
0.0386400,2.1963872
0.0386450,2.1963410
0.0386500,2.1962991
0.0386550,2.1962607
0.0386600,2.1962235
0.0386650,2.1961907
0.0386700,2.1961668
0.0386750,2.1961501
0.0386800,2.1961369
0.0386850,2.1961233
0.0386900,2.1961054
0.0386950,2.1960788
0.0387000,2.2363210
0.0387050,2.2362264
0.0387100,2.2361204
0.0387150,2.2360053
0.0387200,2.2358861
0.0387250,2.2357706
0.0387300,2.2356654
0.0387350,2.2355738
0.0387400,2.2355007
0.0387450,2.2354520
0.0387500,2.2354299
0.0387550,2.2354330
0.0387600,2.2354548
0.0387650,2.2354876
0.0387700,2.2355274
0.0387750,2.2355726
0.0387800,2.2356210
0.0387850,2.2356708
0.0387900,2.2357237
0.0387950,2.2357816
0.0388000,2.2144885
0.0388050,2.2145560
0.0388100,2.2146237
0.0388150,2.2146834
0.0388200,2.2147335
0.0388250,2.2147752
0.0388300,2.2148103
0.0388350,2.2148372
0.0388400,2.2148541
0.0388450,2.2148578
0.0388500,2.2148448
0.0388550,2.2148189
0.0388600,2.2147888
0.0388650,2.2147625
0.0388700,2.2147413
0.0388750,2.2147224
0.0388800,2.2147057
0.0388850,2.2146883
0.0388900,2.2146633
0.0388950,2.2146241
0.0389000,2.2107050
0.0389050,2.2106260
0.0389100,2.2105422
0.0389150,2.2104622
0.0389200,2.2103927
0.0389250,2.2103377
0.0389300,2.2102984
0.0389350,2.2102712
0.0389400,2.2102502
0.0389450,2.2102324
0.0389500,2.2102152
0.0389550,2.2101998
0.0389600,2.2101904
0.0389650,2.2101902
0.0389700,2.2101952
0.0389750,2.2101990
0.0389800,2.2102004
0.0389850,2.2101993
0.0389900,2.2101972
0.0389950,2.2101985
0.0390000,2.2250724
0.0390050,2.2250828
0.0390100,2.2250970
0.0390150,2.2251142
0.0390200,2.2251341
0.0390250,2.2251547
0.0390300,2.2251734
0.0390350,2.2251891
0.0390400,2.2252030
0.0390450,2.2252143
0.0390500,2.2252192
0.0390550,2.2252153
0.0390600,2.2252007
0.0390650,2.2251727
0.0390700,2.2251296
0.0390750,2.2250745
0.0390800,2.2250130
0.0390850,2.2249455
0.0390900,2.2248695
0.0390950,2.2247850
0.0391000,2.2195361
0.0391050,2.2194061
0.0391100,2.2192719
0.0391150,2.2191377
0.0391200,2.2190069
0.0391250,2.2188803
0.0391300,2.2187595
0.0391350,2.2186478
0.0391400,2.2185507
0.0391450,2.2184703
0.0391500,2.2184048
0.0391550,2.2183528
0.0391600,2.2183142
0.0391650,2.2182869
0.0391700,2.2182655
0.0391750,2.2182478
0.0391800,2.2182358
0.0391850,2.2182275
0.0391900,2.2182216
0.0391950,2.2182184
0.0392000,2.1868156
0.0392050,2.1868237
0.0392100,2.1868317
0.0392150,2.1868386
0.0392200,2.1868489
0.0392250,2.1868683
0.0392300,2.1869002
0.0392350,2.1869481
0.0392400,2.1870132
0.0392450,2.1870901
0.0392500,2.1871734
0.0392550,2.1872623
0.0392600,2.1873589
0.0392650,2.1874662
0.0392700,2.1875838
0.0392750,2.1877103
0.0392800,2.1878443
0.0392850,2.1879833
0.0392900,2.1881239
0.0392950,2.1882622
0.0393000,2.1961609
0.0393050,2.1962783
0.0393100,2.1963866
0.0393150,2.1964850
0.0393200,2.1965741
0.0393250,2.1966541
0.0393300,2.1967258
0.0393350,2.1967921
0.0393400,2.1968579
0.0393450,2.1969269
0.0393500,2.1970029
0.0393550,2.1970890
0.0393600,2.1971871
0.0393650,2.1972954
0.0393700,2.1974097
0.0393750,2.1975266
0.0393800,2.1976456
0.0393850,2.1977669
0.0393900,2.1978891
0.0393950,2.1980112
0.0394000,2.2203458
0.0394050,2.2204327
0.0394100,2.2205173
0.0394150,2.2205957
0.0394200,2.2206658
0.0394250,2.2207310
0.0394300,2.2207947
0.0394350,2.2208547
0.0394400,2.2209082
0.0394450,2.2209548
0.0394500,2.2209897
0.0394550,2.2210091
0.0394600,2.2210171
0.0394650,2.2210215
0.0394700,2.2210262
0.0394750,2.2210306
0.0394800,2.2210358
0.0394850,2.2210438
0.0394900,2.2210563
0.0394950,2.2210736
0.0395000,2.2302039
0.0395050,2.2302173
0.0395100,2.2302467
0.0395150,2.2302931
0.0395200,2.2303548
0.0395250,2.2304284
0.0395300,2.2305111
0.0395350,2.2305999
0.0395400,2.2306920
0.0395450,2.2307859
0.0395500,2.2308783
0.0395550,2.2309631
0.0395600,2.2310371
0.0395650,2.2311042
0.0395700,2.2311684
0.0395750,2.2312312
0.0395800,2.2312946
0.0395850,2.2313606
0.0395900,2.2314276
0.0395950,2.2314948
0.0396000,2.2438757
0.0396050,2.2439305
0.0396100,2.2439821
0.0396150,2.2440326
0.0396200,2.2440848
0.0396250,2.2441404
0.0396300,2.2442029
0.0396350,2.2442781
0.0396400,2.2443667
0.0396450,2.2444649
0.0396500,2.2445709
0.0396550,2.2446843
0.0396600,2.2448058
0.0396650,2.2449345
0.0396700,2.2450676
0.0396750,2.2452024
0.0396800,2.2453342
0.0396850,2.2454550
0.0396900,2.2455561
0.0396950,2.2456364
0.0397000,2.2500432
0.0397050,2.2500773
0.0397100,2.2501082
0.0397150,2.2501376
0.0397200,2.2501670
0.0397250,2.2501985
0.0397300,2.2502325
0.0397350,2.2502669
0.0397400,2.2502984
0.0397450,2.2503245
0.0397500,2.2503425
0.0397550,2.2503485
0.0397600,2.2503406
0.0397650,2.2503200
0.0397700,2.2502904
0.0397750,2.2502562
0.0397800,2.2502213
0.0397850,2.2501903
0.0397900,2.2501710
0.0397950,2.2501718
0.0398000,2.2413652
0.0398050,2.2414151
0.0398100,2.2414798
0.0398150,2.2415518
0.0398200,2.2416225
0.0398250,2.2416847
0.0398300,2.2417367
0.0398350,2.2417808
0.0398400,2.2418192
0.0398450,2.2418538
0.0398500,2.2418883
0.0398550,2.2419252
0.0398600,2.2419624
0.0398650,2.2419955
0.0398700,2.2420226
0.0398750,2.2420434
0.0398800,2.2420591
0.0398850,2.2420722
0.0398900,2.2420858
0.0398950,2.2421006
0.0399000,2.2289278
0.0399050,2.2289396
0.0399100,2.2289632
0.0399150,2.2289989
0.0399200,2.2290458
0.0399250,2.2291037
0.0399300,2.2291712
0.0399350,2.2292459
0.0399400,2.2293219
0.0399450,2.2293940
0.0399500,2.2294589
0.0399550,2.2295147
0.0399600,2.2295595
0.0399650,2.2295926
0.0399700,2.2296164
0.0399750,2.2296321
0.0399800,2.2296394
0.0399850,2.2296413
0.0399900,2.2296439
0.0399950,2.2296517
0.0400000,2.2337199
0.0400050,2.2337222
0.0400100,2.2337317
0.0400150,2.2337481
0.0400200,2.2337679
0.0400250,2.2337884
0.0400300,2.2338081
0.0400350,2.2338273
0.0400400,2.2338464
0.0400450,2.2338688
0.0400500,2.2338993
0.0400550,2.2339382
0.0400600,2.2339801
0.0400650,2.2340168
0.0400700,2.2340425
0.0400750,2.2340528
0.0400800,2.2340449
0.0400850,2.2340216
0.0400900,2.2339895
0.0400950,2.2339564
0.0401000,2.2569897
0.0401050,2.2569569
0.0401100,2.2569345
0.0401150,2.2569199
0.0401200,2.2569078
0.0401250,2.2568939
0.0401300,2.2568779
0.0401350,2.2568597
0.0401400,2.2568360
0.0401450,2.2568023
0.0401500,2.2567598
0.0401550,2.2567156
0.0401600,2.2566767
0.0401650,2.2566465
0.0401700,2.2566285
0.0401750,2.2566273
0.0401800,2.2566429
0.0401850,2.2566706
0.0401900,2.2567064
0.0401950,2.2567479
0.0402000,2.2235113
0.0402050,2.2235184
0.0402100,2.2235258
0.0402150,2.2235344
0.0402200,2.2235413
0.0402250,2.2235443
0.0402300,2.2235427
0.0402350,2.2235376
0.0402400,2.2235269
0.0402450,2.2235069
0.0402500,2.2234769
0.0402550,2.2234370
0.0402600,2.2233884
0.0402650,2.2233317
0.0402700,2.2232678
0.0402750,2.2231970
0.0402800,2.2231168
0.0402850,2.2230264
0.0402900,2.2229267
0.0402950,2.2228207
0.0403000,2.2318673
0.0403050,2.2317549
0.0403100,2.2316576
0.0403150,2.2315723
0.0403200,2.2314952
0.0403250,2.2314265
0.0403300,2.2313671
0.0403350,2.2313176
0.0403400,2.2312782
0.0403450,2.2312480
0.0403500,2.2312233
0.0403550,2.2312009
0.0403600,2.2311806
0.0403650,2.2311637
0.0403700,2.2311508
0.0403750,2.2311377
0.0403800,2.2311189
0.0403850,2.2310914
0.0403900,2.2310541
0.0403950,2.2310079
0.0404000,2.2518237
0.0404050,2.2517677
0.0404100,2.2517175
0.0404150,2.2516686
0.0404200,2.2516152
0.0404250,2.2515545
0.0404300,2.2514880
0.0404350,2.2514161
0.0404400,2.2513385
0.0404450,2.2512587
0.0404500,2.2511793
0.0404550,2.2511038
0.0404600,2.2510386
0.0404650,2.2509898
0.0404700,2.2509599
0.0404750,2.2509475
0.0404800,2.2509514
0.0404850,2.2509699
0.0404900,2.2509992
0.0404950,2.2510367
0.0405000,2.2590161
0.0405050,2.2590621
0.0405100,2.2591142
0.0405150,2.2591654
0.0405200,2.2592115
0.0405250,2.2592493
0.0405300,2.2592758
0.0405350,2.2592881
0.0405400,2.2592854
0.0405450,2.2592669
0.0405500,2.2592315
0.0405550,2.2591801
0.0405600,2.2591136
0.0405650,2.2590344
0.0405700,2.2589451
0.0405750,2.2588485
0.0405800,2.2587469
0.0405850,2.2586420
0.0405900,2.2585344
0.0405950,2.2584243
0.0406000,2.2588216
0.0406050,2.2586835
0.0406100,2.2585465
0.0406150,2.2584093
0.0406200,2.2582755
0.0406250,2.2581503
0.0406300,2.2580360
0.0406350,2.2579329
0.0406400,2.2578427
0.0406450,2.2577671
0.0406500,2.2577025
0.0406550,2.2576444
0.0406600,2.2575918
0.0406650,2.2575448
0.0406700,2.2575011
0.0406750,2.2574597
0.0406800,2.2574244
0.0406850,2.2573989
0.0406900,2.2573847
0.0406950,2.2573830
0.0407000,2.2428126
0.0407050,2.2428113
0.0407100,2.2428179
0.0407150,2.2428267
0.0407200,2.2428361
0.0407250,2.2428463
0.0407300,2.2428575
0.0407350,2.2428725
0.0407400,2.2428956
0.0407450,2.2429287
0.0407500,2.2429702
0.0407550,2.2430180
0.0407600,2.2430713
0.0407650,2.2431303
0.0407700,2.2431922
0.0407750,2.2432529
0.0407800,2.2433108
0.0407850,2.2433632
0.0407900,2.2434054
0.0407950,2.2434350
0.0408000,2.2538856
0.0408050,2.2538991
0.0408100,2.2539013
0.0408150,2.2538941
0.0408200,2.2538788
0.0408250,2.2538567
0.0408300,2.2538295
0.0408350,2.2538000
0.0408400,2.2537696
0.0408450,2.2537369
0.0408500,2.2537008
0.0408550,2.2536644
0.0408600,2.2536307
0.0408650,2.2536001
0.0408700,2.2535715
0.0408750,2.2535424
0.0408800,2.2535121
0.0408850,2.2534787
0.0408900,2.2534401
0.0408950,2.2533980
0.0409000,2.2534721
0.0409050,2.2534207
0.0409100,2.2533691
0.0409150,2.2533164
0.0409200,2.2532589
0.0409250,2.2531936
0.0409300,2.2531216
0.0409350,2.2530443
0.0409400,2.2529605
0.0409450,2.2528699
0.0409500,2.2527733
0.0409550,2.2526702
0.0409600,2.2525594
0.0409650,2.2524387
0.0409700,2.2523069
0.0409750,2.2521661
0.0409800,2.2520190
0.0409850,2.2518666
0.0409900,2.2517118
0.0409950,2.2515585
0.0410000,2.2814368
0.0410050,2.2812654
0.0410100,2.2811019
0.0410150,2.2809530
0.0410200,2.2808264
0.0410250,2.2807271
0.0410300,2.2806566
0.0410350,2.2806152
0.0410400,2.2806011
0.0410450,2.2806088
0.0410500,2.2806328
0.0410550,2.2806685
0.0410600,2.2807118
0.0410650,2.2807588
0.0410700,2.2808063
0.0410750,2.2808523
0.0410800,2.2808950
0.0410850,2.2809325
0.0410900,2.2809643
0.0410950,2.2809902
0.0411000,2.2538046
0.0411050,2.2537865
0.0411100,2.2537580
0.0411150,2.2537240
0.0411200,2.2536876
0.0411250,2.2536496
0.0411300,2.2536105
0.0411350,2.2535718
0.0411400,2.2535349
0.0411450,2.2534980
0.0411500,2.2534606
0.0411550,2.2534247
0.0411600,2.2533904
0.0411650,2.2533577
0.0411700,2.2533272
0.0411750,2.2532995
0.0411800,2.2532729
0.0411850,2.2532468
0.0411900,2.2532251
0.0411950,2.2532124
0.0412000,2.2411371
0.0412050,2.2411600
0.0412100,2.2411989
0.0412150,2.2412544
0.0412200,2.2413239
0.0412250,2.2414026
0.0412300,2.2414864
0.0412350,2.2415742
0.0412400,2.2416650
0.0412450,2.2417562
0.0412500,2.2418469
0.0412550,2.2419362
0.0412600,2.2420230
0.0412650,2.2421078
0.0412700,2.2421870
0.0412750,2.2422568
0.0412800,2.2423166
0.0412850,2.2423660
0.0412900,2.2424051
0.0412950,2.2424373
0.0413000,2.2470680
0.0413050,2.2470270
0.0413100,2.2469894
0.0413150,2.2469578
0.0413200,2.2469335
0.0413250,2.2469169
0.0413300,2.2469098
0.0413350,2.2469144
0.0413400,2.2469297
0.0413450,2.2469509
0.0413500,2.2469777
0.0413550,2.2470115
0.0413600,2.2470515
0.0413650,2.2470977
0.0413700,2.2471537
0.0413750,2.2472263
0.0413800,2.2473178
0.0413850,2.2474232
0.0413900,2.2475379
0.0413950,2.2476597
0.0414000,2.2667703
0.0414050,2.2668897
0.0414100,2.2670028
0.0414150,2.2671114
0.0414200,2.2672141
0.0414250,2.2673095
0.0414300,2.2673956
0.0414350,2.2674723
0.0414400,2.2675396
0.0414450,2.2675957
0.0414500,2.2676433
0.0414550,2.2676855
0.0414600,2.2677236
0.0414650,2.2677558
0.0414700,2.2677817
0.0414750,2.2678041
0.0414800,2.2678257
0.0414850,2.2678487
0.0414900,2.2678738
0.0414950,2.2678999
0.0415000,2.2971594
0.0415050,2.2971708
0.0415100,2.2971899
0.0415150,2.2972145
0.0415200,2.2972400
0.0415250,2.2972621
0.0415300,2.2972775
0.0415350,2.2972854
0.0415400,2.2972813
0.0415450,2.2972609
0.0415500,2.2972263
0.0415550,2.2971809
0.0415600,2.2971271
0.0415650,2.2970653
0.0415700,2.2969959
0.0415750,2.2969188
0.0415800,2.2968325
0.0415850,2.2967381
0.0415900,2.2966440
0.0415950,2.2965620
0.0416000,2.2965000
0.0416050,2.2964608
0.0416100,2.2964451
0.0416150,2.2964532
0.0416200,2.2964848
0.0416250,2.2965384
0.0416300,2.2966096
0.0416350,2.2966943
0.0416400,2.2967882
0.0416450,2.2968833
0.0416500,2.2969728
0.0416550,2.2970517
0.0416600,2.2971150
0.0416650,2.2971603
0.0416700,2.2971921
0.0416750,2.2972164
0.0416800,2.2972358
0.0416850,2.2972521
0.0416900,2.2972651
0.0416950,2.2972746
0.0417000,2.2851106
0.0417050,2.2850970
0.0417100,2.2850869
0.0417150,2.2850791
0.0417200,2.2850715
0.0417250,2.2850648
0.0417300,2.2850618
0.0417350,2.2850640
0.0417400,2.2850713
0.0417450,2.2850854
0.0417500,2.2851095
0.0417550,2.2851437
0.0417600,2.2851854
0.0417650,2.2852314
0.0417700,2.2852826
0.0417750,2.2853404
0.0417800,2.2854035
0.0417850,2.2854694
0.0417900,2.2855348
0.0417950,2.2855985
0.0418000,2.2574411
0.0418050,2.2574787
0.0418100,2.2575180
0.0418150,2.2575615
0.0418200,2.2576094
0.0418250,2.2576593
0.0418300,2.2577063
0.0418350,2.2577476
0.0418400,2.2577836
0.0418450,2.2578126
0.0418500,2.2578302
0.0418550,2.2578348
0.0418600,2.2578254
0.0418650,2.2577984
0.0418700,2.2577522
0.0418750,2.2576898
0.0418800,2.2576168
0.0418850,2.2575401
0.0418900,2.2574644
0.0418950,2.2573942
0.0419000,2.2713646
0.0419050,2.2713076
0.0419100,2.2712635
0.0419150,2.2712292
0.0419200,2.2712037
0.0419250,2.2711858
0.0419300,2.2711767
0.0419350,2.2711825
0.0419400,2.2712071
0.0419450,2.2712497
0.0419500,2.2713080
0.0419550,2.2713817
0.0419600,2.2714684
0.0419650,2.2715613
0.0419700,2.2716567
0.0419750,2.2717541
0.0419800,2.2718551
0.0419850,2.2719612
0.0419900,2.2720727
0.0419950,2.2721893
0.0420000,2.2755078
0.0420050,2.2756028
0.0420100,2.2756918
0.0420150,2.2757775
0.0420200,2.2758624
0.0420250,2.2759478
0.0420300,2.2760351
0.0420350,2.2761254
0.0420400,2.2762175
0.0420450,2.2763101
0.0420500,2.2764021
0.0420550,2.2764910
0.0420600,2.2765734
0.0420650,2.2766482
0.0420700,2.2767189
0.0420750,2.2767890
0.0420800,2.2768605
0.0420850,2.2769344
0.0420900,2.2770082
0.0420950,2.2770782
0.0421000,2.2711632
0.0421050,2.2712051
0.0421100,2.2712392
0.0421150,2.2712693
0.0421200,2.2712982
0.0421250,2.2713272
0.0421300,2.2713596
0.0421350,2.2714001
0.0421400,2.2714496
0.0421450,2.2715076
0.0421500,2.2715756
0.0421550,2.2716529
0.0421600,2.2717359
0.0421650,2.2718199
0.0421700,2.2719030
0.0421750,2.2719844
0.0421800,2.2720604
0.0421850,2.2721252
0.0421900,2.2721773
0.0421950,2.2722221
0.0422000,2.2785356
0.0422050,2.2785686
0.0422100,2.2786121
0.0422150,2.2786682
0.0422200,2.2787388
0.0422250,2.2788232
0.0422300,2.2789182
0.0422350,2.2790206
0.0422400,2.2791259
0.0422450,2.2792305
0.0422500,2.2793357
0.0422550,2.2794467
0.0422600,2.2795670
0.0422650,2.2796959
0.0422700,2.2798323
0.0422750,2.2799748
0.0422800,2.2801206
0.0422850,2.2802654
0.0422900,2.2804042
0.0422950,2.2805359
0.0423000,2.2721040
0.0423050,2.2722097
0.0423100,2.2723089
0.0423150,2.2724060
0.0423200,2.2725033
0.0423250,2.2725990
0.0423300,2.2726911
0.0423350,2.2727795
0.0423400,2.2728656
0.0423450,2.2729507
0.0423500,2.2730374
0.0423550,2.2731295
0.0423600,2.2732248
0.0423650,2.2733172
0.0423700,2.2734062
0.0423750,2.2734936
0.0423800,2.2735817
0.0423850,2.2736731
0.0423900,2.2737671
0.0423950,2.2738613
0.0424000,2.2580957
0.0424050,2.2581250
0.0424100,2.2581448
0.0424150,2.2581561
0.0424200,2.2581635
0.0424250,2.2581714
0.0424300,2.2581858
0.0424350,2.2582135
0.0424400,2.2582580
0.0424450,2.2583207
0.0424500,2.2584032
0.0424550,2.2585081
0.0424600,2.2586338
0.0424650,2.2587781
0.0424700,2.2589408
0.0424750,2.2591208
0.0424800,2.2593169
0.0424850,2.2595251
0.0424900,2.2597410
0.0424950,2.2599596
0.0425000,2.2585441
0.0425050,2.2587486
0.0425100,2.2589438
0.0425150,2.2591278
0.0425200,2.2593022
0.0425250,2.2594658
0.0425300,2.2596167
0.0425350,2.2597495
0.0425400,2.2598585
0.0425450,2.2599408
0.0425500,2.2599963
0.0425550,2.2600275
0.0425600,2.2600392
0.0425650,2.2600380
0.0425700,2.2600311
0.0425750,2.2600227
0.0425800,2.2600153
0.0425850,2.2600096
0.0425900,2.2600053
0.0425950,2.2600018
0.0426000,2.2676125
0.0426050,2.2675935
0.0426100,2.2675796
0.0426150,2.2675761
0.0426200,2.2675865
0.0426250,2.2676108
0.0426300,2.2676469
0.0426350,2.2676897
0.0426400,2.2677357
0.0426450,2.2677866
0.0426500,2.2678439
0.0426550,2.2679053
0.0426600,2.2679682
0.0426650,2.2680328
0.0426700,2.2681050
0.0426750,2.2681902
0.0426800,2.2682895
0.0426850,2.2684034
0.0426900,2.2685342
0.0426950,2.2686785
0.0427000,2.2602349
0.0427050,2.2603453
0.0427100,2.2604511
0.0427150,2.2605477
0.0427200,2.2606337
0.0427250,2.2607108
0.0427300,2.2607843
0.0427350,2.2608551
0.0427400,2.2609200
0.0427450,2.2609754
0.0427500,2.2610185
0.0427550,2.2610489
0.0427600,2.2610706
0.0427650,2.2610908
0.0427700,2.2611131
0.0427750,2.2611374
0.0427800,2.2611646
0.0427850,2.2611943
0.0427900,2.2612247
0.0427950,2.2612532
0.0428000,2.2505089
0.0428050,2.2505171
0.0428100,2.2505368
0.0428150,2.2505701
0.0428200,2.2506192
0.0428250,2.2506840
0.0428300,2.2507622
0.0428350,2.2508501
0.0428400,2.2509436
0.0428450,2.2510379
0.0428500,2.2511290
0.0428550,2.2512184
0.0428600,2.2513089
0.0428650,2.2514033
0.0428700,2.2515034
0.0428750,2.2516107
0.0428800,2.2517254
0.0428850,2.2518460
0.0428900,2.2519726
0.0428950,2.2521019
0.0429000,2.2432589
0.0429050,2.2433848
0.0429100,2.2435085
0.0429150,2.2436297
0.0429200,2.2437477
0.0429250,2.2438621
0.0429300,2.2439739
0.0429350,2.2440838
0.0429400,2.2441949
0.0429450,2.2443103
0.0429500,2.2444319
0.0429550,2.2445609
0.0429600,2.2446985
0.0429650,2.2448499
0.0429700,2.2450212
0.0429750,2.2452155
0.0429800,2.2454318
0.0429850,2.2456671
0.0429900,2.2459174
0.0429950,2.2461746
0.0430000,2.2458354
0.0430050,2.2460663
0.0430100,2.2462860
0.0430150,2.2464917
0.0430200,2.2466848
0.0430250,2.2468700
0.0430300,2.2470479
0.0430350,2.2472158
0.0430400,2.2473723
0.0430450,2.2475170
0.0430500,2.2476497
0.0430550,2.2477685
0.0430600,2.2478719
0.0430650,2.2479634
0.0430700,2.2480448
0.0430750,2.2481157
0.0430800,2.2481782
0.0430850,2.2482389
0.0430900,2.2483033
0.0430950,2.2483734
0.0431000,2.2123932
0.0431050,2.2124684
0.0431100,2.2125532
0.0431150,2.2126410
0.0431200,2.2127242
0.0431250,2.2127985
0.0431300,2.2128604
0.0431350,2.2129065
0.0431400,2.2129334
0.0431450,2.2129400
0.0431500,2.2129280
0.0431550,2.2128991
0.0431600,2.2128572
0.0431650,2.2128065
0.0431700,2.2127503
0.0431750,2.2126920
0.0431800,2.2126351
0.0431850,2.2125850
0.0431900,2.2125483
0.0431950,2.2125284
0.0432000,2.2362029
0.0432050,2.2361952
0.0432100,2.2362049
0.0432150,2.2362231
0.0432200,2.2362421
0.0432250,2.2362583
0.0432300,2.2362705
0.0432350,2.2362805
0.0432400,2.2362922
0.0432450,2.2363077
0.0432500,2.2363257
0.0432550,2.2363427
0.0432600,2.2363592
0.0432650,2.2363792
0.0432700,2.2364035
0.0432750,2.2364319
0.0432800,2.2364642
0.0432850,2.2365008
0.0432900,2.2365432
0.0432950,2.2365921
0.0433000,2.2144632
0.0433050,2.2145114
0.0433100,2.2145739
0.0433150,2.2146545
0.0433200,2.2147516
0.0433250,2.2148636
0.0433300,2.2149844
0.0433350,2.2151047
0.0433400,2.2152179
0.0433450,2.2153209
0.0433500,2.2154134
0.0433550,2.2154965
0.0433600,2.2155721
0.0433650,2.2156404
0.0433700,2.2157006
0.0433750,2.2157552
0.0433800,2.2158078
0.0433850,2.2158632
0.0433900,2.2159272
0.0433950,2.2160036
0.0434000,2.2384024
0.0434050,2.2384875
0.0434100,2.2385772
0.0434150,2.2386659
0.0434200,2.2387466
0.0434250,2.2388145
0.0434300,2.2388662
0.0434350,2.2389000
0.0434400,2.2389163
0.0434450,2.2389190
0.0434500,2.2389131
0.0434550,2.2389010
0.0434600,2.2388866
0.0434650,2.2388759
0.0434700,2.2388742
0.0434750,2.2388843
0.0434800,2.2389052
0.0434850,2.2389360
0.0434900,2.2389723
0.0434950,2.2390068
0.0435000,2.2617350
0.0435050,2.2617556
0.0435100,2.2617838
0.0435150,2.2618178
0.0435200,2.2618569
0.0435250,2.2619024
0.0435300,2.2619552
0.0435350,2.2620157
0.0435400,2.2620841
0.0435450,2.2621597
0.0435500,2.2622395
0.0435550,2.2623203
0.0435600,2.2624049
0.0435650,2.2624983
0.0435700,2.2626022
0.0435750,2.2627136
0.0435800,2.2628260
0.0435850,2.2629351
0.0435900,2.2630370
0.0435950,2.2631272
0.0436000,2.2624424
0.0436050,2.2624835
0.0436100,2.2625172
0.0436150,2.2625447
0.0436200,2.2625687
0.0436250,2.2625904
0.0436300,2.2626097
0.0436350,2.2626267
0.0436400,2.2626400
0.0436450,2.2626493
0.0436500,2.2626555
0.0436550,2.2626593
0.0436600,2.2626614
0.0436650,2.2626614
0.0436700,2.2626565
0.0436750,2.2626450
0.0436800,2.2626258
0.0436850,2.2625989
0.0436900,2.2625662
0.0436950,2.2625279
0.0437000,2.2846766
0.0437050,2.2846144
0.0437100,2.2845580
0.0437150,2.2845074
0.0437200,2.2844609
0.0437250,2.2844163
0.0437300,2.2843711
0.0437350,2.2843250
0.0437400,2.2842792
0.0437450,2.2842344
0.0437500,2.2841923
0.0437550,2.2841578
0.0437600,2.2841342
0.0437650,2.2841226
0.0437700,2.2841249
0.0437750,2.2841415
0.0437800,2.2841726
0.0437850,2.2842136
0.0437900,2.2842566
0.0437950,2.2842975
0.0438000,2.2883606
0.0438050,2.2883603
0.0438100,2.2883501
0.0438150,2.2883287
0.0438200,2.2882976
0.0438250,2.2882562
0.0438300,2.2882043
0.0438350,2.2881428
0.0438400,2.2880688
0.0438450,2.2879803
0.0438500,2.2878774
0.0438550,2.2877626
0.0438600,2.2876376
0.0438650,2.2875013
0.0438700,2.2873567
0.0438750,2.2872150
0.0438800,2.2870902
0.0438850,2.2869918
0.0438900,2.2869241
0.0438950,2.2868874
0.0439000,2.2794720
0.0439050,2.2794659
0.0439100,2.2794792
0.0439150,2.2795064
0.0439200,2.2795447
0.0439250,2.2795894
0.0439300,2.2796356
0.0439350,2.2796846
0.0439400,2.2797437
0.0439450,2.2798157
0.0439500,2.2798982
0.0439550,2.2799868
0.0439600,2.2800777
0.0439650,2.2801659
0.0439700,2.2802454
0.0439750,2.2803101
0.0439800,2.2803580
0.0439850,2.2803881
0.0439900,2.2804016
0.0439950,2.2804038
0.0440000,2.2554484
0.0440050,2.2554190
0.0440100,2.2553892
0.0440150,2.2553627
0.0440200,2.2553417
0.0440250,2.2553268
0.0440300,2.2553163
0.0440350,2.2553102
0.0440400,2.2553095
0.0440450,2.2553121
0.0440500,2.2553166
0.0440550,2.2553242
0.0440600,2.2553355
0.0440650,2.2553477
0.0440700,2.2553581
0.0440750,2.2553689
0.0440800,2.2553848
0.0440850,2.2554074
0.0440900,2.2554369
0.0440950,2.2554752
0.0441000,2.2791426
0.0441050,2.2791818
0.0441100,2.2792251
0.0441150,2.2792696
0.0441200,2.2793130
0.0441250,2.2793528
0.0441300,2.2793883
0.0441350,2.2794187
0.0441400,2.2794424
0.0441450,2.2794566
0.0441500,2.2794603
0.0441550,2.2794550
0.0441600,2.2794433
0.0441650,2.2794301
0.0441700,2.2794221
0.0441750,2.2794231
0.0441800,2.2794338
0.0441850,2.2794509
0.0441900,2.2794722
0.0441950,2.2794979
0.0442000,2.2571601
0.0442050,2.2571761
0.0442100,2.2571992
0.0442150,2.2572327
0.0442200,2.2572797
0.0442250,2.2573421
0.0442300,2.2574211
0.0442350,2.2575143
0.0442400,2.2576207
0.0442450,2.2577372
0.0442500,2.2578565
0.0442550,2.2579741
0.0442600,2.2580890
0.0442650,2.2582013
0.0442700,2.2583090
0.0442750,2.2584118
0.0442800,2.2585094
0.0442850,2.2585967
0.0442900,2.2586676
0.0442950,2.2587209
0.0443000,2.2369592
0.0443050,2.2369841
0.0443100,2.2370033
0.0443150,2.2370225
0.0443200,2.2370497
0.0443250,2.2370910
0.0443300,2.2371464
0.0443350,2.2372162
0.0443400,2.2373024
0.0443450,2.2374053
0.0443500,2.2375261
0.0443550,2.2376662
0.0443600,2.2378224
0.0443650,2.2379897
0.0443700,2.2381648
0.0443750,2.2383478
0.0443800,2.2385370
0.0443850,2.2387283
0.0443900,2.2389200
0.0443950,2.2391101
0.0444000,2.2548891
0.0444050,2.2550457
0.0444100,2.2551872
0.0444150,2.2553128
0.0444200,2.2554238
0.0444250,2.2555214
0.0444300,2.2556081
0.0444350,2.2556901
0.0444400,2.2557733
0.0444450,2.2558568
0.0444500,2.2559374
0.0444550,2.2560168
0.0444600,2.2560974
0.0444650,2.2561799
0.0444700,2.2562661
0.0444750,2.2563608
0.0444800,2.2564621
0.0444850,2.2565622
0.0444900,2.2566576
0.0444950,2.2567484
0.0445000,2.2393392
0.0445050,2.2394041
0.0445100,2.2394581
0.0445150,2.2395030
0.0445200,2.2395363
0.0445250,2.2395524
0.0445300,2.2395526
0.0445350,2.2395441
0.0445400,2.2395300
0.0445450,2.2395096
0.0445500,2.2394839
0.0445550,2.2394573
0.0445600,2.2394299
0.0445650,2.2393972
0.0445700,2.2393581
0.0445750,2.2393165
0.0445800,2.2392735
0.0445850,2.2392286
0.0445900,2.2391854
0.0445950,2.2391479
0.0446000,2.2102077
0.0446050,2.2101901
0.0446100,2.2101716
0.0446150,2.2101453
0.0446200,2.2101038
0.0446250,2.2100418
0.0446300,2.2099596
0.0446350,2.2098625
0.0446400,2.2097527
0.0446450,2.2096314
0.0446500,2.2095033
0.0446550,2.2093739
0.0446600,2.2092457
0.0446650,2.2091186
0.0446700,2.2089935
0.0446750,2.2088755
0.0446800,2.2087682
0.0446850,2.2086722
0.0446900,2.2085892
0.0446950,2.2085213
0.0447000,2.2374947
0.0447050,2.2374130
0.0447100,2.2373276
0.0447150,2.2372410
0.0447200,2.2371538
0.0447250,2.2370645
0.0447300,2.2369765
0.0447350,2.2368939
0.0447400,2.2368165
0.0447450,2.2367437
0.0447500,2.2366789
0.0447550,2.2366244
0.0447600,2.2365777
0.0447650,2.2365353
0.0447700,2.2364986
0.0447750,2.2364736
0.0447800,2.2364597
0.0447850,2.2364525
0.0447900,2.2364516
0.0447950,2.2364606
0.0448000,2.2269942
0.0448050,2.2270014
0.0448100,2.2270266
0.0448150,2.2270680
0.0448200,2.2271213
0.0448250,2.2271794
0.0448300,2.2272392
0.0448350,2.2273058
0.0448400,2.2273864
0.0448450,2.2274852
0.0448500,2.2276058
0.0448550,2.2277511
0.0448600,2.2279223
0.0448650,2.2281164
0.0448700,2.2283290
0.0448750,2.2285581
0.0448800,2.2288007
0.0448850,2.2290480
0.0448900,2.2292927
0.0448950,2.2295321
0.0449000,2.2416734
0.0449050,2.2418592
0.0449100,2.2420410
0.0449150,2.2422203
0.0449200,2.2423980
0.0449250,2.2425727
0.0449300,2.2427436
0.0449350,2.2429127
0.0449400,2.2430805
0.0449450,2.2432462
0.0449500,2.2434117
0.0449550,2.2435769
0.0449600,2.2437378
0.0449650,2.2438885
0.0449700,2.2440245
0.0449750,2.2441431
0.0449800,2.2442436
0.0449850,2.2443296
0.0449900,2.2444066
0.0449950,2.2444816
0.0450000,2.1987374
0.0450050,2.1987815
0.0450100,2.1988366
0.0450150,2.1989027
0.0450200,2.1989811
0.0450250,2.1990722
0.0450300,2.1991721
0.0450350,2.1992765
0.0450400,2.1993849
0.0450450,2.1995008
0.0450500,2.1996303
0.0450550,2.1997777
0.0450600,2.1999454
0.0450650,2.2001311
0.0450700,2.2003282
0.0450750,2.2005299
0.0450800,2.2007304
0.0450850,2.2009237
0.0450900,2.2011022
0.0450950,2.2012604
0.0451000,2.2029454
0.0451050,2.2030420
0.0451100,2.2031236
0.0451150,2.2031910
0.0451200,2.2032457
0.0451250,2.2032934
0.0451300,2.2033391
0.0451350,2.2033839
0.0451400,2.2034300
0.0451450,2.2034804
0.0451500,2.2035348
0.0451550,2.2035895
0.0451600,2.2036411
0.0451650,2.2036875
0.0451700,2.2037302
0.0451750,2.2037719
0.0451800,2.2038150
0.0451850,2.2038622
0.0451900,2.2039148
0.0451950,2.2039720
0.0452000,2.2456670
0.0452050,2.2456466
0.0452100,2.2456211
0.0452150,2.2455928
0.0452200,2.2455636
0.0452250,2.2455335
0.0452300,2.2455016
0.0452350,2.2454689
0.0452400,2.2454374
0.0452450,2.2454091
0.0452500,2.2453873
0.0452550,2.2453772
0.0452600,2.2453836
0.0452650,2.2454042
0.0452700,2.2454347
0.0452750,2.2454718
0.0452800,2.2455139
0.0452850,2.2455580
0.0452900,2.2456008
0.0452950,2.2456418
0.0453000,2.2367875
0.0453050,2.2368172
0.0453100,2.2368373
0.0453150,2.2368466
0.0453200,2.2368514
0.0453250,2.2368583
0.0453300,2.2368708
0.0453350,2.2368874
0.0453400,2.2369020
0.0453450,2.2369094
0.0453500,2.2369076
0.0453550,2.2368980
0.0453600,2.2368851
0.0453650,2.2368747
0.0453700,2.2368679
0.0453750,2.2368643
0.0453800,2.2368658
0.0453850,2.2368697
0.0453900,2.2368693
0.0453950,2.2368608
0.0454000,2.2625717
0.0454050,2.2625349
0.0454100,2.2624935
0.0454150,2.2624465
0.0454200,2.2623956
0.0454250,2.2623417
0.0454300,2.2622837
0.0454350,2.2622206
0.0454400,2.2621570
0.0454450,2.2620990
0.0454500,2.2620499
0.0454550,2.2620132
0.0454600,2.2619923
0.0454650,2.2619881
0.0454700,2.2619953
0.0454750,2.2620090
0.0454800,2.2620256
0.0454850,2.2620411
0.0454900,2.2620485
0.0454950,2.2620426
0.0455000,2.2487544
0.0455050,2.2487122
0.0455100,2.2486581
0.0455150,2.2485951
0.0455200,2.2485304
0.0455250,2.2484680
0.0455300,2.2484093
0.0455350,2.2483603
0.0455400,2.2483303
0.0455450,2.2483247
0.0455500,2.2483410
0.0455550,2.2483751
0.0455600,2.2484246
0.0455650,2.2484874
0.0455700,2.2485626
0.0455750,2.2486489
0.0455800,2.2487475
0.0455850,2.2488619
0.0455900,2.2489943
0.0455950,2.2491443
0.0456000,2.2636508
0.0456050,2.2637989
0.0456100,2.2639384
0.0456150,2.2640580
0.0456200,2.2641526
0.0456250,2.2642211
0.0456300,2.2642651
0.0456350,2.2642852
0.0456400,2.2642840
0.0456450,2.2642649
0.0456500,2.2642269
0.0456550,2.2641728
0.0456600,2.2641082
0.0456650,2.2640385
0.0456700,2.2639672
0.0456750,2.2638979
0.0456800,2.2638379
0.0456850,2.2637924
0.0456900,2.2637612
0.0456950,2.2637423
0.0457000,2.2630023
0.0457050,2.2629963
0.0457100,2.2629908
0.0457150,2.2629787
0.0457200,2.2629572
0.0457250,2.2629267
0.0457300,2.2628903
0.0457350,2.2628485
0.0457400,2.2628018
0.0457450,2.2627524
0.0457500,2.2627039
0.0457550,2.2626600
0.0457600,2.2626239
0.0457650,2.2625993
0.0457700,2.2625875
0.0457750,2.2625858
0.0457800,2.2625910
0.0457850,2.2625987
0.0457900,2.2626037
0.0457950,2.2626008
0.0458000,2.2889062
0.0458050,2.2888507
0.0458100,2.2887906
0.0458150,2.2887221
0.0458200,2.2886427
0.0458250,2.2885516
0.0458300,2.2884498
0.0458350,2.2883383
0.0458400,2.2882196
0.0458450,2.2880957
0.0458500,2.2879692
0.0458550,2.2878442
0.0458600,2.2877234
0.0458650,2.2876109
0.0458700,2.2875119
0.0458750,2.2874298
0.0458800,2.2873649
0.0458850,2.2873174
0.0458900,2.2872869
0.0458950,2.2872706
0.0459000,2.2871857
0.0459050,2.2871264
0.0459100,2.2870679
0.0459150,2.2870100
0.0459200,2.2869514
0.0459250,2.2868926
0.0459300,2.2868398
0.0459350,2.2867982
0.0459400,2.2867707
0.0459450,2.2867582
0.0459500,2.2867601
0.0459550,2.2867758
0.0459600,2.2868040
0.0459650,2.2868420
0.0459700,2.2868843
0.0459750,2.2869273
0.0459800,2.2869693
0.0459850,2.2870076
0.0459900,2.2870409
0.0459950,2.2870693
0.0460000,2.2783887
0.0460050,2.2783819
0.0460100,2.2783681
0.0460150,2.2783525
0.0460200,2.2783398
0.0460250,2.2783340
0.0460300,2.2783387
0.0460350,2.2783566
0.0460400,2.2783849
0.0460450,2.2784144
0.0460500,2.2784383
0.0460550,2.2784542
0.0460600,2.2784590
0.0460650,2.2784517
0.0460700,2.2784350
0.0460750,2.2784157
0.0460800,2.2784014
0.0460850,2.2783984
0.0460900,2.2784118
0.0460950,2.2784418
0.0461000,2.2895982
0.0461050,2.2896256
0.0461100,2.2896578
0.0461150,2.2896951
0.0461200,2.2897370
0.0461250,2.2897828
0.0461300,2.2898325
0.0461350,2.2898878
0.0461400,2.2899506
0.0461450,2.2900178
0.0461500,2.2900861
0.0461550,2.2901560
0.0461600,2.2902251
0.0461650,2.2902907
0.0461700,2.2903523
0.0461750,2.2904151
0.0461800,2.2904859
0.0461850,2.2905671
0.0461900,2.2906592
0.0461950,2.2907633
0.0462000,2.3055550
0.0462050,2.3056678
0.0462100,2.3057903
0.0462150,2.3059229
0.0462200,2.3060683
0.0462250,2.3062286
0.0462300,2.3064036
0.0462350,2.3065896
0.0462400,2.3067806
0.0462450,2.3069699
0.0462500,2.3071502
0.0462550,2.3073180
0.0462600,2.3074717
0.0462650,2.3076095
0.0462700,2.3077299
0.0462750,2.3078350
0.0462800,2.3079248
0.0462850,2.3079971
0.0462900,2.3080526
0.0462950,2.3080931
0.0463000,2.2999142
0.0463050,2.2999149
0.0463100,2.2999073
0.0463150,2.2998974
0.0463200,2.2998881
0.0463250,2.2998797
0.0463300,2.2998727
0.0463350,2.2998681
0.0463400,2.2998661
0.0463450,2.2998650
0.0463500,2.2998641
0.0463550,2.2998615
0.0463600,2.2998549
0.0463650,2.2998423
0.0463700,2.2998220
0.0463750,2.2997939
0.0463800,2.2997585
0.0463850,2.2997159
0.0463900,2.2996655
0.0463950,2.2996080
0.0464000,2.3133609
0.0464050,2.3132862
0.0464100,2.3132230
0.0464150,2.3131742
0.0464200,2.3131403
0.0464250,2.3131211
0.0464300,2.3131136
0.0464350,2.3131134
0.0464400,2.3131155
0.0464450,2.3131166
0.0464500,2.3131167
0.0464550,2.3131141
0.0464600,2.3131039
0.0464650,2.3130829
0.0464700,2.3130518
0.0464750,2.3130133
0.0464800,2.3129681
0.0464850,2.3129168
0.0464900,2.3128613
0.0464950,2.3128048
0.0465000,2.3048395
0.0465050,2.3047919
0.0465100,2.3047547
0.0465150,2.3047297
0.0465200,2.3047166
0.0465250,2.3047198
0.0465300,2.3047415
0.0465350,2.3047792
0.0465400,2.3048298
0.0465450,2.3048921
0.0465500,2.3049661
0.0465550,2.3050488
0.0465600,2.3051376
0.0465650,2.3052348
0.0465700,2.3053420
0.0465750,2.3054591
0.0465800,2.3055847
0.0465850,2.3057167
0.0465900,2.3058529
0.0465950,2.3059913
0.0466000,2.2661389
0.0466050,2.2662589
0.0466100,2.2663789
0.0466150,2.2664996
0.0466200,2.2666228
0.0466250,2.2667516
0.0466300,2.2668901
0.0466350,2.2670397
0.0466400,2.2671985
0.0466450,2.2673615
0.0466500,2.2675226
0.0466550,2.2676724
0.0466600,2.2678020
0.0466650,2.2679094
0.0466700,2.2679971
0.0466750,2.2680693
0.0466800,2.2681317
0.0466850,2.2681891
0.0466900,2.2682436
0.0466950,2.2682927
0.0467000,2.2920249
0.0467050,2.2920143
0.0467100,2.2919987
0.0467150,2.2919800
0.0467200,2.2919576
0.0467250,2.2919320
0.0467300,2.2919026
0.0467350,2.2918663
0.0467400,2.2918202
0.0467450,2.2917643
0.0467500,2.2917010
0.0467550,2.2916339
0.0467600,2.2915674
0.0467650,2.2915084
0.0467700,2.2914635
0.0467750,2.2914358
0.0467800,2.2914247
0.0467850,2.2914264
0.0467900,2.2914370
0.0467950,2.2914525
0.0468000,2.2970154
0.0468050,2.2970157
0.0468100,2.2970103
0.0468150,2.2970008
0.0468200,2.2969900
0.0468250,2.2969804
0.0468300,2.2969765
0.0468350,2.2969830
0.0468400,2.2970018
0.0468450,2.2970317
0.0468500,2.2970729
0.0468550,2.2971273
0.0468600,2.2971952
0.0468650,2.2972740
0.0468700,2.2973585
0.0468750,2.2974459
0.0468800,2.2975346
0.0468850,2.2976256
0.0468900,2.2977191
0.0468950,2.2978144
0.0469000,2.3184771
0.0469050,2.3185264
0.0469100,2.3185707
0.0469150,2.3186096
0.0469200,2.3186410
0.0469250,2.3186634
0.0469300,2.3186751
0.0469350,2.3186759
0.0469400,2.3186656
0.0469450,2.3186473
0.0469500,2.3186271
0.0469550,2.3186107
0.0469600,2.3186046
0.0469650,2.3186121
0.0469700,2.3186311
0.0469750,2.3186550
0.0469800,2.3186752
0.0469850,2.3186858
0.0469900,2.3186861
0.0469950,2.3186796
0.0470000,2.2998189
0.0470050,2.2998112
0.0470100,2.2998108
0.0470150,2.2998186
0.0470200,2.2998305
0.0470250,2.2998428
0.0470300,2.2998566
0.0470350,2.2998767
0.0470400,2.2999056
0.0470450,2.2999421
0.0470500,2.2999816
0.0470550,2.3000167
0.0470600,2.3000427
0.0470650,2.3000563
0.0470700,2.3000595
0.0470750,2.3000575
0.0470800,2.3000536
0.0470850,2.3000493
0.0470900,2.3000426
0.0470950,2.3000305
0.0471000,2.2994900
0.0471050,2.2994701
0.0471100,2.2994547
0.0471150,2.2994474
0.0471200,2.2994523
0.0471250,2.2994723
0.0471300,2.2995060
0.0471350,2.2995469
0.0471400,2.2995859
0.0471450,2.2996202
0.0471500,2.2996490
0.0471550,2.2996695
0.0471600,2.2996801
0.0471650,2.2996792
0.0471700,2.2996651
0.0471750,2.2996358
0.0471800,2.2995913
0.0471850,2.2995358
0.0471900,2.2994724
0.0471950,2.2994034
0.0472000,2.2990296
0.0472050,2.2989375
0.0472100,2.2988541
0.0472150,2.2987804
0.0472200,2.2987189
0.0472250,2.2986731
0.0472300,2.2986477
0.0472350,2.2986445
0.0472400,2.2986639
0.0472450,2.2987072
0.0472500,2.2987714
0.0472550,2.2988532
0.0472600,2.2989538
0.0472650,2.2990743
0.0472700,2.2992122
0.0472750,2.2993611
0.0472800,2.2995146
0.0472850,2.2996682
0.0472900,2.2998183
0.0472950,2.2999636
0.0473000,2.3265143
0.0473050,2.3266305
0.0473100,2.3267441
0.0473150,2.3268537
0.0473200,2.3269612
0.0473250,2.3270674
0.0473300,2.3271671
0.0473350,2.3272520
0.0473400,2.3273183
0.0473450,2.3273667
0.0473500,2.3273980
0.0473550,2.3274159
0.0473600,2.3274256
0.0473650,2.3274328
0.0473700,2.3274399
0.0473750,2.3274448
0.0473800,2.3274448
0.0473850,2.3274375
0.0473900,2.3274224
0.0473950,2.3274022
0.0474000,2.3088225
0.0474050,2.3087981
0.0474100,2.3087734
0.0474150,2.3087488
0.0474200,2.3087264
0.0474250,2.3087087
0.0474300,2.3086971
0.0474350,2.3086905
0.0474400,2.3086877
0.0474450,2.3086884
0.0474500,2.3086902
0.0474550,2.3086926
0.0474600,2.3086969
0.0474650,2.3087035
0.0474700,2.3087097
0.0474750,2.3087123
0.0474800,2.3087125
0.0474850,2.3087116
0.0474900,2.3087104
0.0474950,2.3087124
0.0475000,2.3042683
0.0475050,2.3042847
0.0475100,2.3043137
0.0475150,2.3043559
0.0475200,2.3044100
0.0475250,2.3044740
0.0475300,2.3045460
0.0475350,2.3046247
0.0475400,2.3047099
0.0475450,2.3047981
0.0475500,2.3048823
0.0475550,2.3049574
0.0475600,2.3050194
0.0475650,2.3050666
0.0475700,2.3050992
0.0475750,2.3051179
0.0475800,2.3051254
0.0475850,2.3051248
0.0475900,2.3051195
0.0475950,2.3051140
0.0476000,2.2932173
0.0476050,2.2932093
0.0476100,2.2932112
0.0476150,2.2932279
0.0476200,2.2932602
0.0476250,2.2933068
0.0476300,2.2933659
0.0476350,2.2934326
0.0476400,2.2935052
0.0476450,2.2935860
0.0476500,2.2936772
0.0476550,2.2937811
0.0476600,2.2938995
0.0476650,2.2940342
0.0476700,2.2941827
0.0476750,2.2943365
0.0476800,2.2944871
0.0476850,2.2946317
0.0476900,2.2947686
0.0476950,2.2948951
0.0477000,2.3047785
0.0477050,2.3048678
0.0477100,2.3049400
0.0477150,2.3049926
0.0477200,2.3050262
0.0477250,2.3050435
0.0477300,2.3050497
0.0477350,2.3050493
0.0477400,2.3050482
0.0477450,2.3050563
0.0477500,2.3050812
0.0477550,2.3051245
0.0477600,2.3051846
0.0477650,2.3052600
0.0477700,2.3053491
0.0477750,2.3054488
0.0477800,2.3055562
0.0477850,2.3056668
0.0477900,2.3057755
0.0477950,2.3058764
0.0478000,2.3268975
0.0478050,2.3269893
0.0478100,2.3270755
0.0478150,2.3271540
0.0478200,2.3272279
0.0478250,2.3272997
0.0478300,2.3273688
0.0478350,2.3274336
0.0478400,2.3274960
0.0478450,2.3275593
0.0478500,2.3276253
0.0478550,2.3276944
0.0478600,2.3277679
0.0478650,2.3278486
0.0478700,2.3279361
0.0478750,2.3280289
0.0478800,2.3281270
0.0478850,2.3282289
0.0478900,2.3283296
0.0478950,2.3284226
0.0479000,2.3125471
0.0479050,2.3125989
0.0479100,2.3126435
0.0479150,2.3126813
0.0479200,2.3127159
0.0479250,2.3127478
0.0479300,2.3127711
0.0479350,2.3127831
0.0479400,2.3127866
0.0479450,2.3127849
0.0479500,2.3127779
0.0479550,2.3127676
0.0479600,2.3127621
0.0479650,2.3127688
0.0479700,2.3127889
0.0479750,2.3128176
0.0479800,2.3128511
0.0479850,2.3128875
0.0479900,2.3129233
0.0479950,2.3129537
0.0480000,2.3039473
0.0480050,2.3039536
0.0480100,2.3039542
0.0480150,2.3039496
0.0480200,2.3039450
0.0480250,2.3039446
0.0480300,2.3039458
0.0480350,2.3039436
0.0480400,2.3039372
0.0480450,2.3039289
0.0480500,2.3039215
0.0480550,2.3039181
0.0480600,2.3039243
0.0480650,2.3039440
0.0480700,2.3039740
0.0480750,2.3040090
0.0480800,2.3040497
0.0480850,2.3040995
0.0480900,2.3041567
0.0480950,2.3042157
0.0481000,2.3359204
0.0481050,2.3359479
0.0481100,2.3359687
0.0481150,2.3359850
0.0481200,2.3360065
0.0481250,2.3360388
0.0481300,2.3360785
0.0481350,2.3361225
0.0481400,2.3361741
0.0481450,2.3362371
0.0481500,2.3363101
0.0481550,2.3363896
0.0481600,2.3364745
0.0481650,2.3365654
0.0481700,2.3366605
0.0481750,2.3367575
0.0481800,2.3368597
0.0481850,2.3369672
0.0481900,2.3370775
0.0481950,2.3371884
0.0482000,2.2976669
0.0482050,2.2977542
0.0482100,2.2978365
0.0482150,2.2979065
0.0482200,2.2979621
0.0482250,2.2980039
0.0482300,2.2980311
0.0482350,2.2980445
0.0482400,2.2980493
0.0482450,2.2980514
0.0482500,2.2980542
0.0482550,2.2980614
0.0482600,2.2980786
0.0482650,2.2981068
0.0482700,2.2981417
0.0482750,2.2981786
0.0482800,2.2982136
0.0482850,2.2982443
0.0482900,2.2982691
0.0482950,2.2982878
0.0483000,2.3143708
0.0483050,2.3143546
0.0483100,2.3143447
0.0483150,2.3143455
0.0483200,2.3143613
0.0483250,2.3143944
0.0483300,2.3144427
0.0483350,2.3145026
0.0483400,2.3145746
0.0483450,2.3146637
0.0483500,2.3147741
0.0483550,2.3149047
0.0483600,2.3150502
0.0483650,2.3152041
0.0483700,2.3153592
0.0483750,2.3155099
0.0483800,2.3156525
0.0483850,2.3157848
0.0483900,2.3159071
0.0483950,2.3160201
0.0484000,2.3063199
0.0484050,2.3064046
0.0484100,2.3064720
0.0484150,2.3065165
0.0484200,2.3065349
0.0484250,2.3065279
0.0484300,2.3065007
0.0484350,2.3064641
0.0484400,2.3064302
0.0484450,2.3064037
0.0484500,2.3063851
0.0484550,2.3063745
0.0484600,2.3063711
0.0484650,2.3063736
0.0484700,2.3063804
0.0484750,2.3063897
0.0484800,2.3063992
0.0484850,2.3064046
0.0484900,2.3064034
0.0484950,2.3063996
0.0485000,2.2977298
0.0485050,2.2977287
0.0485100,2.2977308
0.0485150,2.2977350
0.0485200,2.2977407
0.0485250,2.2977468
0.0485300,2.2977530
0.0485350,2.2977614
0.0485400,2.2977757
0.0485450,2.2977980
0.0485500,2.2978293
0.0485550,2.2978703
0.0485600,2.2979203
0.0485650,2.2979785
0.0485700,2.2980448
0.0485750,2.2981193
0.0485800,2.2982014
0.0485850,2.2982889
0.0485900,2.2983789
0.0485950,2.2984676
0.0486000,2.2700645
0.0486050,2.2700976
0.0486100,2.2701331
0.0486150,2.2701758
0.0486200,2.2702268
0.0486250,2.2702846
0.0486300,2.2703482
0.0486350,2.2704140
0.0486400,2.2704781
0.0486450,2.2705376
0.0486500,2.2705895
0.0486550,2.2706311
0.0486600,2.2706620
0.0486650,2.2706805
0.0486700,2.2706858
0.0486750,2.2706783
0.0486800,2.2706587
0.0486850,2.2706303
0.0486900,2.2705974
0.0486950,2.2705640
0.0487000,2.2904375
0.0487050,2.2904146
0.0487100,2.2903987
0.0487150,2.2903931
0.0487200,2.2903997
0.0487250,2.2904190
0.0487300,2.2904506
0.0487350,2.2904951
0.0487400,2.2905524
0.0487450,2.2906201
0.0487500,2.2906910
0.0487550,2.2907579
0.0487600,2.2908181
0.0487650,2.2908708
0.0487700,2.2909152
0.0487750,2.2909539
0.0487800,2.2909943
0.0487850,2.2910412
0.0487900,2.2910924
0.0487950,2.2911452
0.0488000,2.2698121
0.0488050,2.2698349
0.0488100,2.2698565
0.0488150,2.2698745
0.0488200,2.2698908
0.0488250,2.2699051
0.0488300,2.2699116
0.0488350,2.2699048
0.0488400,2.2698826
0.0488450,2.2698475
0.0488500,2.2698027
0.0488550,2.2697517
0.0488600,2.2697007
0.0488650,2.2696564
0.0488700,2.2696217
0.0488750,2.2695965
0.0488800,2.2695828
0.0488850,2.2695831
0.0488900,2.2695953
0.0488950,2.2696144
0.0489000,2.2655693
0.0489050,2.2655918
0.0489100,2.2656160
0.0489150,2.2656361
0.0489200,2.2656520
0.0489250,2.2656625
0.0489300,2.2656626
0.0489350,2.2656516
0.0489400,2.2656331
0.0489450,2.2656102
0.0489500,2.2655839
0.0489550,2.2655591
0.0489600,2.2655451
0.0489650,2.2655468
0.0489700,2.2655647
0.0489750,2.2655982
0.0489800,2.2656468
0.0489850,2.2657071
0.0489900,2.2657725
0.0489950,2.2658363
0.0490000,2.2874839
0.0490050,2.2874732
0.0490100,2.2874561
0.0490150,2.2874333
0.0490200,2.2874103
0.0490250,2.2873960
0.0490300,2.2873967
0.0490350,2.2874130
0.0490400,2.2874434
0.0490450,2.2874846
0.0490500,2.2875312
0.0490550,2.2875801
0.0490600,2.2876316
0.0490650,2.2876873
0.0490700,2.2877490
0.0490750,2.2878196
0.0490800,2.2879054
0.0490850,2.2880094
0.0490900,2.2881280
0.0490950,2.2882542
0.0491000,2.2996755
0.0491050,2.2997371
0.0491100,2.2997973
0.0491150,2.2998575
0.0491200,2.2999202
0.0491250,2.2999883
0.0491300,2.3000651
0.0491350,2.3001527
0.0491400,2.3002496
0.0491450,2.3003546
0.0491500,2.3004668
0.0491550,2.3005837
0.0491600,2.3007067
0.0491650,2.3008374
0.0491700,2.3009757
0.0491750,2.3011209
0.0491800,2.3012761
0.0491850,2.3014441
0.0491900,2.3016198
0.0491950,2.3017954
0.0492000,2.2989972
0.0492050,2.2991539
0.0492100,2.2993045
0.0492150,2.2994479
0.0492200,2.2995846
0.0492250,2.2997159
0.0492300,2.2998441
0.0492350,2.2999700
0.0492400,2.3000947
0.0492450,2.3002195
0.0492500,2.3003445
0.0492550,2.3004702
0.0492600,2.3005972
0.0492650,2.3007270
0.0492700,2.3008597
0.0492750,2.3009920
0.0492800,2.3011211
0.0492850,2.3012421
0.0492900,2.3013490
0.0492950,2.3014366
0.0493000,2.3367465
0.0493050,2.3367882
0.0493100,2.3368260
0.0493150,2.3368607
0.0493200,2.3368937
0.0493250,2.3369257
0.0493300,2.3369587
0.0493350,2.3369933
0.0493400,2.3370303
0.0493450,2.3370697
0.0493500,2.3371080
0.0493550,2.3371413
0.0493600,2.3371664
0.0493650,2.3371818
0.0493700,2.3371877
0.0493750,2.3371854
0.0493800,2.3371732
0.0493850,2.3371480
0.0493900,2.3371107
0.0493950,2.3370660
0.0494000,2.3298537
0.0494050,2.3297810
0.0494100,2.3297071
0.0494150,2.3296365
0.0494200,2.3295705
0.0494250,2.3295074
0.0494300,2.3294488
0.0494350,2.3293980
0.0494400,2.3293568
0.0494450,2.3293242
0.0494500,2.3293014
0.0494550,2.3292931
0.0494600,2.3293043
0.0494650,2.3293351
0.0494700,2.3293827
0.0494750,2.3294455
0.0494800,2.3295167
0.0494850,2.3295847
0.0494900,2.3296432
0.0494950,2.3296941
0.0495000,2.3048804
0.0495050,2.3048803
0.0495100,2.3048773
0.0495150,2.3048782
0.0495200,2.3048841
0.0495250,2.3048906
0.0495300,2.3048965
0.0495350,2.3049060
0.0495400,2.3049223
0.0495450,2.3049453
0.0495500,2.3049754
0.0495550,2.3050132
0.0495600,2.3050549
0.0495650,2.3050987
0.0495700,2.3051473
0.0495750,2.3052058
0.0495800,2.3052759
0.0495850,2.3053568
0.0495900,2.3054469
0.0495950,2.3055429
0.0496000,2.2968576
0.0496050,2.2969445
0.0496100,2.2970254
0.0496150,2.2971039
0.0496200,2.2971810
0.0496250,2.2972563
0.0496300,2.2973312
0.0496350,2.2974091
0.0496400,2.2974917
0.0496450,2.2975777
0.0496500,2.2976656
0.0496550,2.2977559
0.0496600,2.2978498
0.0496650,2.2979473
0.0496700,2.2980484
0.0496750,2.2981518
0.0496800,2.2982550
0.0496850,2.2983560
0.0496900,2.2984548
0.0496950,2.2985548
0.0497000,2.2873883
0.0497050,2.2874811
0.0497100,2.2875781
0.0497150,2.2876795
0.0497200,2.2877846
0.0497250,2.2878916
0.0497300,2.2879996
0.0497350,2.2881103
0.0497400,2.2882229
0.0497450,2.2883331
0.0497500,2.2884366
0.0497550,2.2885301
0.0497600,2.2886145
0.0497650,2.2886930
0.0497700,2.2887712
0.0497750,2.2888518
0.0497800,2.2889326
0.0497850,2.2890081
0.0497900,2.2890756
0.0497950,2.2891350
0.0498000,2.2924149
0.0498050,2.2924505
0.0498100,2.2924844
0.0498150,2.2925196
0.0498200,2.2925580
0.0498250,2.2926012
0.0498300,2.2926479
0.0498350,2.2926956
0.0498400,2.2927438
0.0498450,2.2927921
0.0498500,2.2928392
0.0498550,2.2928858
0.0498600,2.2929348
0.0498650,2.2929874
0.0498700,2.2930424
0.0498750,2.2931012
0.0498800,2.2931650
0.0498850,2.2932343
0.0498900,2.2933106
0.0498950,2.2933955
0.0499000,2.2934852
0.0499050,2.2935694
0.0499100,2.2936445
0.0499150,2.2937105
0.0499200,2.2937649
0.0499250,2.2938056
0.0499300,2.2938353
0.0499350,2.2938587
0.0499400,2.2938775
0.0499450,2.2938937
0.0499500,2.2939114
0.0499550,2.2939327
0.0499600,2.2939556
0.0499650,2.2939787
0.0499700,2.2940034
0.0499750,2.2940294
0.0499800,2.2940530
0.0499850,2.2940708
0.0499900,2.2940825
0.0499950,2.2940876
0.0500000,2.3125834
