Energy (meV),Resolution
-3.6,0.161
-3.5800346887646946,0.16067330294807167
-3.560069377529389,0.1603824544257281
-3.540104066294084,0.160124584064414
-3.5201387550587784,0.15989682149557388
-3.500173443823473,0.15969629635065247
-3.4802081325881673,0.15952013826109435
-3.4602428213528618,0.15936547685834412
-3.4402775101175567,0.1592294417738464
-3.420312198882251,0.15910916263904584
-3.4003468876469456,0.15900176908538707
-3.38038157641164,0.15890439074431473
-3.3604162651763345,0.15881415724727338
-3.340450953941029,0.15872819822570766
-3.320485642705724,0.15864364331106226
-3.3005203314704183,0.15855762213478172
-3.280555020235113,0.15846726432831074
-3.2605897089998073,0.15836969952309385
-3.2406243977645017,0.15826205735057577
-3.2206590865291966,0.15814146744220106
-3.200693775293891,0.15800505942941437
-3.1807284640585856,0.15785075503799859
-3.16076315282328,0.15767999275212546
-3.1407978415879745,0.15749518670915708
-3.1208325303526694,0.15729875108341143
-3.100867219117364,0.15709310004920646
-3.0809019078820583,0.15688064778086028
-3.0609365966467528,0.15666380845269084
-3.0409712854114472,0.15644499623901614
-3.021005974176142,0.15622662531415424
-3.0010406629408366,0.1560111098524231
-2.981075351705531,0.15580040532597275
-2.9611100404702255,0.1555943213122671
-2.94114472923492,0.15539204039309326
-2.921179417999615,0.15519274507396397
-2.9012141067643094,0.15499561786039198
-2.881248795529004,0.15479984125789004
-2.8612834842936983,0.15460459777197097
-2.8413181730583927,0.1544090699081475
-2.8213528618230876,0.1542124401719325
-2.801387550587782,0.15401389106883864
-2.7814222393524766,0.1538128297892897
-2.761456928117171,0.15360977125463057
-2.7414916168818655,0.1534055711748783
-2.7215263056465604,0.15320108535366375
-2.701560994411255,0.1529971695946178
-2.6815956831759493,0.1527946797013714
-2.661630371940644,0.15259447147755537
-2.6416650607053382,0.15239740072680064
-2.621699749470033,0.1522043232527381
-2.6017344382347276,0.15201609485899867
-2.581769126999422,0.15183313210080335
-2.5618038157641165,0.15165356883980388
-2.541838504528811,0.15147479973420122
-2.521873193293506,0.15129421906395896
-2.5019078820582,0.15110922110904082
-2.481942570822895,0.1509172001494104
-2.4619772595875893,0.15071555046503146
-2.4420119483522837,0.1505016663358675
-2.4220466371169787,0.1502729420418823
-2.4020813258816727,0.15002677186303948
-2.3821160146463676,0.14976129323970916
-2.362150703411062,0.14947871568007567
-2.3421853921757565,0.14918263625501146
-2.3222200809404514,0.14887665320680155
-2.3022547697051454,0.14856436477773094
-2.2822894584698403,0.14824936921008477
-2.262324147234535,0.14793526474614802
-2.2423588359992292,0.14762564962820568
-2.222393524763924,0.14732412209854287
-2.202428213528618,0.14703428039944463
-2.182462902293313,0.14675933333493793
-2.1624975910580075,0.1465002390586765
-2.142532279822702,0.14625714902379064
-2.122566968587397,0.14603021364963528
-2.102601657352091,0.14581958335556555
-2.082636346116786,0.14562540856093648
-2.0626710348814803,0.14544783968510305
-2.0427057236461748,0.14528702714742045
-2.0227404124108697,0.14514312136724355
-2.0027751011755637,0.14501627276392753
-1.9828097899402586,0.14490616896343123
-1.962844478704953,0.14480967557271499
-1.9428791674696475,0.14472259461913686
-1.9229138562343422,0.14464072618299165
-1.9029485449990367,0.14455987034457402
-1.8829832337637313,0.14447582718417887
-1.8630179225284258,0.14438439678210083
-1.8430526112931203,0.14428137921863476
-1.823087300057815,0.14416257457407539
-1.8031219888225094,0.14402378292871743
-1.783156677587204,0.14386169613748936
-1.7631913663518985,0.14367874619690665
-1.743226055116593,0.1434796390190549
-1.7232607438812877,0.14326908619494108
-1.7032954326459822,0.1430517993155723
-1.6833301214106768,0.14283248997195555
-1.6633648101753713,0.14261586975509785
-1.6433994989400658,0.14240665025600627
-1.6234341877047604,0.1422095430656878
-1.603468876469455,0.14202925977514952
-1.5835035652341496,0.14186981435984408
-1.563538253998844,0.1417304784258639
-1.5435729427635385,0.14160854968387415
-1.523607631528233,0.1415013193580108
-1.5036423202929279,0.1414060786724099
-1.4836770090576223,0.1413201188512074
-1.4637116978223168,0.14124073111853924
-1.4437463865870113,0.14116520669854155
-1.4237810753517057,0.14109083681535023
-1.4038157641164002,0.14101491269310124
-1.383850452881095,0.1409349781317455
-1.3638851416457896,0.14085039130284627
-1.343919830410484,0.14076130355300454
-1.3239545191751785,0.1406678695604399
-1.303989207939873,0.14057024400337192
-1.2840238967045678,0.1404685815600201
-1.2640585854692623,0.14036303690860405
-1.2440932742339568,0.14025376472734333
-1.2241279629986512,0.14014091969445755
-1.2041626517633457,0.14002465648816614
-1.1841973405280406,0.1399052897345212
-1.164232029292735,0.1397843489556271
-1.1442667180574295,0.13966392129100358
-1.124301406822124,0.13954609680363636
-1.1043360955868184,0.1394329655565112
-1.0843707843515134,0.13932661761261386
-1.0644054731162078,0.13922914303493011
-1.0444401618809023,0.13914263188644563
-1.0244748506455967,0.13906917423014628
-1.0045095394102912,0.13901086012901767
-0.9845442281749861,0.13896942117762487
-0.9645789169396806,0.138943708007964
-0.944613605704375,0.13893118342790134
-0.9246482944690695,0.13892930134150383
-0.904682983233764,0.13893551565283827
-0.8847176719984589,0.13894728026597158
-0.8647523607631533,0.13896204908497065
-0.8447870495278478,0.13897727601390228
-0.8248217382925422,0.13899041495683345
-0.8048564270572367,0.13899891981783094
-0.7848911158219316,0.13900058192940598
-0.7649258045866261,0.1389960642243655
-0.7449604933513205,0.13898748098362654
-0.724995182116015,0.13897695769370647
-0.7050298708807095,0.13896661984112257
-0.6850645596454044,0.13895859291239218
-0.6650992484100988,0.13895500239403263
-0.6451339371747933,0.13895797377256122
-0.6251686259394877,0.13896963253449532
-0.6052033147041822,0.1389921041663522
-0.5852380034688767,0.13902737183888528
-0.5652726922335716,0.13907613517516446
-0.545307380998266,0.13913841339172137
-0.5253420697629605,0.13921421947264928
-0.505376758527655,0.1393035664020415
-0.4854114472923494,0.13940646716399124
-0.4654461360570443,0.1395229347425918
-0.4454808248217388,0.1396529821219365
-0.42551551358643325,0.13979662228611858
-0.4055502023511277,0.13995386821923128
-0.38558489111582217,0.1401245955014576
-0.3656195798805171,0.1403073651872333
-0.34565426864521154,0.14050000769647922
-0.325688957409906,0.1407003456063049
-0.30572364617460046,0.14090620149381997
-0.2857583349392949,0.14111539793613395
-0.26579302370398983,0.14132575751035645
-0.2458277124686843,0.14153510279359702
-0.22586240123337875,0.14174125636296528
-0.2058970899980732,0.1419420407955707
-0.18593177876276767,0.14213556469306196
-0.16596646752746258,0.14232284210936136
-0.14600115629215704,0.14250657985088752
-0.1260358450568515,0.14268950579087936
-0.10607053382154596,0.14287434780257588
-0.08610522258624043,0.1430638337592161
-0.06613991135093533,0.14326069153403906
-0.046174600115629794,0.14346764900028366
-0.026209288880324255,0.14368743403118892
-0.006243977645018717,0.14392277449999388
0.013721333590286822,0.1441761010943888
0.033686644825591916,0.1444466356820574
0.053651956060897454,0.14473164103133568
0.07361726729620299,0.1450283519063874
0.09358257853150853,0.14533400307137653
0.11354788976681407,0.145645829290467
0.13351320100211916,0.14596106532782258
0.1534785122374247,0.14627694594760726
0.17344382347273024,0.14659070591398488
0.19340913470803578,0.14689957999111938
0.21337444594334132,0.1472010599357247
0.2333397571786464,0.14749559042664795
0.25330506841395195,0.14778550494443168
0.2732703796492575,0.14807316772495188
0.293235690884563,0.14836094300408456
0.31320100211986857,0.1486511950177057
0.3331663133551741,0.14894628800169138
0.3531316245904792,0.14924858619191758
0.37309693582578474,0.14956045382426036
0.3930622470610903,0.1498842551345956
0.4130275582963958,0.1502222114162317
0.4329928695317009,0.15057479389016187
0.4529581807670069,0.1509413012717721
0.472923492002312,0.15132101068762374
0.4928888032376171,0.15171319926427837
0.5128541144729231,0.1521171441282975
0.5328194257082282,0.15253212240624262
0.5527847369435341,0.15295741122467518
0.5727500481788392,0.15339228771015667
0.5927153594141443,0.15383602898924864
0.6126806706494503,0.1542879655714908
0.6326459818847554,0.1547481253232551
0.6526112931200614,0.15521702538195362
0.6725766043553665,0.15569519300546414
0.6925419155906725,0.1561831554516649
0.7125072268259776,0.1566814399784337
0.7324725380612827,0.15719057384364868
0.7524378492965886,0.1577110843051878
0.7724031605318937,0.15824349862092907
0.7923684717671997,0.15878834404875053
0.8123337830025048,0.15934607266367828
0.8322990942378099,0.15991608706340096
0.8522644054731159,0.16049701889986606
0.872229716708421,0.161087482015
0.892195027943727,0.16168609025072933
0.912160339179032,0.16229145744898044
0.9321256504143371,0.16290219745167978
0.9520909616496431,0.1635169241007539
0.9720562728849482,0.16413425123812922
0.9920215841202542,0.16475279270573226
1.0119868953555593,0.1653711780248569
1.0319522065908644,0.16598827096822288
1.0519175178261704,0.1666031154526495
1.0718828290614755,0.16721476001832333
1.0918481402967815,0.16782225320543112
1.1118134515320865,0.1684246435541595
1.1317787627673916,0.16902097960469525
1.1517440740026976,0.169610309897225
1.1717093852380027,0.17019168297193535
1.1916746964733087,0.17076414736901308
1.2116400077086138,0.17132695453382374
1.231605318943919,0.17188260604729425
1.2515706301792249,0.1724362196675047
1.27153594141453,0.17299298739178193
1.291501252649836,0.17355810121745277
1.311466563885141,0.17413675314184396
1.3314318751204461,0.17473413516228234
1.3513971863557521,0.1753554392760948
1.3713624975910572,0.176005857480608
1.3913278088263632,0.17669058177314892
1.4112931200616683,0.17741440990582102
1.4312584312969734,0.1781753562292347
1.4512237425322794,0.17896572041232542
1.4711890537675845,0.17977762359405813
1.4911543650028904,0.18060318691339777
1.5111196762381955,0.18143453150930927
1.5310849874735006,0.18226377852075754
1.5510502987088066,0.18308304908670764
1.5710156099441117,0.18388446434612435
1.5909809211794177,0.18466014543797274
1.6109462324147228,0.18540266110146097
1.6309115436500279,0.18611286962530627
1.6508768548853339,0.18679893758330132
1.670842166120639,0.18746928191957118
1.690807477355945,0.18813231957824106
1.71077278859125,0.18879646750343596
1.7307380998265551,0.18947014263928105
1.7507034110618611,0.19016176192990147
1.7706687222971662,0.1908797423194223
1.7906340335324722,0.1916325007519687
1.8105993447677773,0.19242804770211133
1.8305646560030824,0.19326627300435523
1.8505299672383884,0.19413957469160723
1.8704952784736935,0.1950400703510903
1.8904605897089994,0.1959598775700273
1.9104259009443045,0.19689111393564115
1.9303912121796096,0.19782589703515474
1.9503565234149156,0.19875634445579102
1.9703218346502207,0.19967457378477288
1.9902871458855267,0.20057270260932322
2.010252457120832,0.20144314390826565
2.030217768356137,0.20228469222149523
2.050183079591443,0.2031023025907738
2.070148390826748,0.20390118122039624
2.090113702062054,0.2046865343146575
2.110079013297359,0.20546356807785243
2.130044324532664,0.20623748871427605
2.15000963576797,0.20701350242822333
2.169974947003275,0.20779681542398915
2.189940258238581,0.2085926339058685
2.2099055694738863,0.20940603765803834
2.2298708807091914,0.21023914539990338
2.2498361919444974,0.21109108481087288
2.2698015031798024,0.21196085115500304
2.2897668144151084,0.21284743969635017
2.3097321256504135,0.21374984569897035
2.3296974368857186,0.21466706442691988
2.3496627481210246,0.215598091144255
2.3696280593563297,0.21654192111503182
2.3895933705916357,0.2174975496033067
2.4095586818269408,0.218463968534755
2.4295239930622468,0.21944008481756583
2.449489304297552,0.22042471549918372
2.469454615532857,0.2214166733190889
2.489419926768163,0.22241477101676163
2.509385238003468,0.223417821331682
2.529350549238774,0.22442463700333035
2.549315860474079,0.22543403077118673
2.569281171709384,0.22644481537473138
2.58924648294469,0.22745580355344452
2.6092117941799953,0.22846582396195556
2.6291771054153013,0.22947414730791948
2.6491424166506063,0.23048053321711634
2.6691077278859114,0.23148476663333986
2.6890730391212174,0.2324866325003836
2.7090383503565225,0.23348591576204097
2.7290036615918285,0.23448240136210577
2.7489689728271336,0.23547587424437139
2.7689342840624387,0.23646611935263145
2.7888995952977447,0.23745292163067958
2.8088649065330498,0.2384360990318546
2.8288302177683557,0.23941647290252457
2.848795529003661,0.24039602591930698
2.868760840238966,0.24137680556754743
2.888726151474272,0.24236085933259144
2.908691462709577,0.24335023469978448
2.928656773944883,0.2443469791544722
2.948622085180188,0.24535314018200005
2.968587396415493,0.24637076526771357
2.988552707650799,0.2474019018969583
3.0085180188861043,0.24844854508999764
3.0284833301214102,0.24951093805335472
3.0484486413567153,0.25058720207550805
3.0684139525920204,0.25167533110551144
3.0883792638273264,0.2527733190924187
3.1083445750626315,0.25387915998528343
3.1283098862979375,0.25499084773315944
3.1482751975332426,0.25610637628510047
3.1682405087685477,0.25722373959016026
3.1882058200038537,0.2583409315973926
3.2081711312391588,0.2594559692656348
3.2281364424744647,0.2605677169642937
3.24810175370977,0.26167611338345265
3.268067064945075,0.26278116640732163
3.288032376180381,0.26388288392011067
3.307997687415686,0.2649812738060299
3.327962998650992,0.2660763439492895
3.347928309886297,0.2671681022340992
3.367893621121602,0.26825655654466934
3.387858932356908,0.26934171476521007
3.4078242435922133,0.27042360450734804
3.4277895548275192,0.2715030583420414
3.4477548660628243,0.272581977075542
3.4677201772981294,0.27366233522195565
3.4876854885334354,0.27474610729538845
3.5076507997687405,0.27583526780994627
3.5276161110040465,0.2769317912797353
3.5475814222393516,0.2780376522188613
3.5675467334746567,0.2791548251414303
3.5875120447099627,0.28028528456154844
3.6074773559452677,0.281430970746413
3.6274426671805737,0.28259226795394377
3.647407978415879,0.2837673986109872
3.667373289651184,0.28495442561113876
3.68733860088649,0.28615141184799386
3.707303912121795,0.28735642021514796
3.727269223357101,0.28856751360619654
3.747234534592406,0.2897827549147348
3.767199845827711,0.29100020703435836
3.787165157063017,0.29221793285866265
3.8071304682983222,0.29343400850846363
3.8270957795336282,0.29464718299974685
3.8470610907689333,0.2958571842686442
3.8670264020042384,0.2970638173924387
3.8869917132395444,0.29826688744841323
3.9069570244748495,0.2994661995138506
3.9269223357101555,0.3006615586660337
3.9468876469454606,0.3018527699822455
3.9668529581807657,0.30303963853976873
3.9868182694160716,0.3042219694158866
4.006783580651376,0.30539958672262746
4.026748891886683,0.3065734054777347
4.046714203121988,0.30774600281354203
4.066679514357293,0.3089200955273225
4.0866448255925985,0.31009840041634923
4.1066101368279035,0.3112836342778951
4.12657544806321,0.3124785139092334
4.1465407592985155,0.3136857561076368
4.166506070533821,0.3149080776703785
4.186471381769126,0.3161481953947316
4.206436693004431,0.31740878463735156
4.226402004239738,0.3186898266327064
4.246367315475043,0.31998700271594765
4.266332626710348,0.3212956094549299
4.286297937945653,0.32261094341750757
4.306263249180958,0.3239283011715351
4.326228560416265,0.3252429792848671
4.34619387165157,0.32655027432535777
4.366159182886875,0.3278454828608617
4.38612449412218,0.3291239014592333
4.406089805357487,0.3303808686059393
4.426055116592792,0.3316148380742629
4.446020427828097,0.33282947329708157
4.465985739063402,0.33402893353724566
4.485951050298707,0.33521737805760543
4.505916361534014,0.33639896612101133
4.525881672769319,0.33757785699031345
4.5458469840046245,0.3387582099283621
4.56581229523993,0.3399441841980076
4.585777606475235,0.34113993906210033
4.605742917710542,0.34234961730142505
4.625708228945847,0.3435759490943822
4.645673540181152,0.3448191888311432
4.665638851416457,0.34607934056091133
4.685604162651762,0.34735640833288983
4.705569473887069,0.34865039619628213
4.725534785122374,0.3499613082002912
4.745500096357679,0.3512891483941204
4.765465407592984,0.352633920826973
4.785430718828289,0.3539956295480522
4.805396030063596,0.3553742648544676
4.825361341298901,0.3567684442680613
4.845326652534206,0.3581742630116339
4.865291963769511,0.35958754562552214
4.885257275004816,0.3610041166500626
4.905222586240123,0.3624198006255922
4.925187897475428,0.3638304220924473
4.9451532087107335,0.36523180559096474
4.965118519946039,0.36661977566148124
4.9850838311813455,0.3679901568443336
5.0050491424166506,0.36933879776760287
5.025014453651956,0.37066437968794563
5.044979764887261,0.3719710416926858
5.064945076122566,0.3732635439028144
5.084910387357873,0.37454664643932273
5.104875698593178,0.3758251094232017
5.124841009828483,0.37710369297544244
5.144806321063788,0.37838715721703603
5.164771632299093,0.3796802622689736
5.1847369435344,0.3809877682522465
5.204702254769705,0.38231441854910464
5.22466756600501,0.383662607016721
5.244632877240315,0.3850299787377706
5.26459818847562,0.3864136063564113
5.284563499710927,0.38781056251680085
5.304528810946232,0.38921791986309684
5.324494122181537,0.39063275103945716
5.3444594334168425,0.39205212869003964
5.364424744652148,0.3934731254590019
5.3843900558874545,0.394892813990502
5.4043553671227595,0.39630827368999105
5.424320678358065,0.397717734205273
5.44428598959337,0.39912186471853534
5.464251300828675,0.4005216456979262
5.484216612063982,0.40191805761159416
5.504181923299287,0.40331208092768733
5.524147234534592,0.4047046961143542
5.544112545769897,0.4060968836397433
5.564077857005202,0.4074896239720028
5.584043168240509,0.4088838975792812
5.604008479475814,0.41028068226579395
5.623973790711119,0.41168039659706895
5.643939101946424,0.4130822141008435
5.663904413181729,0.41448514026036637
5.683869724417036,0.41588818055888627
5.703835035652341,0.4172903404796517
5.723800346887646,0.41869062550591163
5.7437656581229515,0.42008804112091463
5.763730969358257,0.42148159280790953
5.783696280593563,0.4228702860501451
5.8036615918288685,0.42425313043511587
5.823626903064174,0.4256302217993831
5.843592214299479,0.4270041954289994
5.863557525534784,0.4283780489228216
5.883522836770091,0.42975477987970656
5.903488148005396,0.4311373858985107
5.923453459240701,0.4325288645780909
5.943418770476006,0.43393221351730393
5.963384081711311,0.4353504303150066
5.983349392946618,0.4367865125700557
6.003314704181923,0.438243451760897
6.023280015417228,0.4397221435539178
6.043245326652533,0.44121833668086474
6.063210637887838,0.4427270040972917
6.083175949123145,0.4442431187587524
6.10314126035845,0.4457616536208004
6.123106571593755,0.44727758163898956
6.1430718828290605,0.4487858757688737
6.163037194064366,0.4502815089660065
6.183002505299672,0.4517594541859418
6.2029678165349775,0.4532146899680337
6.222933127770283,0.4546447488887259
6.242898439005588,0.4560537548633119
6.262863750240893,0.45744688080226104
6.2828290614762,0.4588292996160429
6.302794372711505,0.46020618421512666
6.32275968394681,0.46158270750998165
6.342724995182115,0.46296404241107747
6.36269030641742,0.46435536182888326
6.382655617652727,0.46576183867386883
6.402620928888032,0.4671886425009171
6.422586240123337,0.4686388087807398
6.442551551358642,0.47010958306101724
6.462516862593947,0.4715972384127768
6.482482173829254,0.4730980479070463
6.502447485064559,0.47460828461485316
6.522412796299864,0.4761242216072249
6.5423781075351695,0.4776421319551891
6.562343418770475,0.4791582887297735
6.582308730005781,0.4806689650020057
6.6022740412410865,0.4821704356882065
6.622239352476392,0.4836606943078824
6.642204663711697,0.4851426379768876
6.662169974947002,0.48662003266641307
6.682135286182309,0.4880966443476496
6.702100597417614,0.4895762389917881
6.722065908652919,0.4910625825700192
6.742031219888224,0.4925594410535341
6.761996531123529,0.4940705804135235
6.781961842358836,0.4955997666211785
6.801927153594141,0.4971507642785905
6.821892464829446,0.49872533636016286
6.841857776064751,0.5003192374410362
6.861823087300056,0.5019270993996489
6.881788398535363,0.5035435541144394
6.901753709770668,0.5051632334638455
6.921719021005973,0.5067807693263062
6.9416843322412785,0.5083907935802593
6.9616496434765835,0.5099879381041437
6.98161495471189,0.5115668347763976
7.0015802659471955,0.5131221163958619
7.021545577182501,0.5146507447957871
7.041510888417806,0.516157039445035
7.061476199653111,0.5176467691902025
7.081441510888418,0.5191257028778863
7.101406822123723,0.5205996093546832
7.121372133359028,0.5220742574671903
7.141337444594333,0.523555416062004
7.161302755829638,0.5250488539857215
7.181268067064945,0.5265603400849399
7.20123337830025,0.5280956427528815
7.221198689535555,0.5296582302523064
7.24116400077086,0.5312439212244934
7.261129312006165,0.5328469460730755
7.281094623241472,0.5344615352016863
7.301059934476777,0.5360819190139584
7.321025245712082,0.5377023279135252
7.3409905569473874,0.5393169923040199
7.3609558681826925,0.5409201425890754
7.380921179417999,0.5425060091723252
7.4008864906533045,0.5440688226199516
7.42085180188861,0.5456049282534694
7.440817113123915,0.5471180775611915
7.46078242435922,0.5486136424135291
7.480747735594527,0.5500969946808942
7.500713046829832,0.5515735062336984
7.520678358065137,0.553048548942353
7.540643669300442,0.5545274946772704
7.560608980535747,0.5560157153088617
7.580574291771054,0.5575185827075391
7.600539603006359,0.5590414687136003
7.620504914241664,0.56058809289034
7.640470225476969,0.5621560800044587
7.660435536712274,0.5637416498391358
7.680400847947581,0.56534102217755
7.700366159182886,0.56695041680288
7.720331470418191,0.568566053498305
7.740296781653496,0.5701841520470039
7.7602620928888015,0.5718009322321556
7.780227404124108,0.5734126138369392
7.8001927153594135,0.5750154166456665
7.820158026594719,0.576606857343016
7.840123337830024,0.5781894921656339
7.860088649065329,0.5797671012761634
7.880053960300636,0.5813434648372479
7.900019271535941,0.5829223630115299
7.919984582771246,0.5845075759616531
7.939949894006551,0.5861028838502603
7.959915205241856,0.5877120668399947
7.979880516477163,0.5893389050934996
7.999845827712468,0.5909871787734177
8.019811138947773,0.5926591778115325
8.039776450183078,0.5943510915084579
8.059741761418383,0.5960575482653738
8.07970707265369,0.5977731764827586
8.099672383888995,0.5994926045610902
8.1196376951243,0.6012104609008464
8.139603006359605,0.6029213739025054
8.15956831759491,0.6046199719665453
8.179533628830217,0.6063008834934442
8.199498940065522,0.6079587368836799
8.219464251300828,0.6095898809213026
8.239429562536133,0.6111980842396059
8.259394873771438,0.6127891153762275
8.279360185006745,0.6143687428981537
8.29932549624205,0.61594273537237
8.319290807477355,0.6175168613658623
8.33925611871266,0.6190968894456168
8.359221429947967,0.6206885881786193
8.379186741183272,0.6222977261318557
8.399152052418577,0.6239300718723119
8.419117363653882,0.6255897063723206
8.439082674889187,0.6272730419219218
8.459047986124494,0.6289743136684148
8.4790132973598,0.6306877566118366
8.498978608595104,0.6324076057522249
8.51894391983041,0.6341280960896163
8.538909231065714,0.6358434626240482
8.558874542301021,0.637547940355558
8.578839853536326,0.6392357642841823
8.598805164771631,0.6409011694099587
8.618770476006937,0.6425399306696649
8.638735787242242,0.6441551968794809
8.658701098477549,0.6457523214066206
8.678666409712854,0.6473366580154906
8.698631720948159,0.6489135604704973
8.718597032183464,0.6504883825360475
8.738562343418769,0.6520664779765473
8.758527654654076,0.6536532005564036
8.77849296588938,0.6552539040400228
8.798458277124686,0.6568739421918115
8.818423588359991,0.6585174814604136
8.838388899595296,0.6601826961657042
8.858354210830603,0.6618658746142441
8.878319522065908,0.6635633044168283
8.898284833301213,0.6652712731842532
8.918250144536518,0.6669860685273138
8.938215455771823,0.6687039780568059
8.95818076700713,0.6704212893835255
8.978146078242435,0.6721342901182675
8.99811138947774,0.6738392678718279
9.018076700713046,0.6755334057793864
9.03804201194835,0.6772186514928945
9.058007323183658,0.678898530949249
9.077972634418963,0.680576571106631
9.097937945654268,0.6822562989232221
9.117903256889573,0.6839412413572041
9.137868568124878,0.6856349253667585
9.157833879360185,0.6873408779100671
9.17779919059549,0.6890626259453112
9.197764501830795,0.6908036964306724
9.2177298130661,0.6925666880102576
9.237695124301405,0.6943489910819115
9.257660435536712,0.6961461808971663
9.277625746772017,0.6979538308467291
9.297591058007322,0.6997675143213077
9.317556369242627,0.7015828047116094
9.337521680477932,0.7033952754083417
9.35748699171324,0.7052004998022122
9.377452302948544,0.7069940512839282
9.39741761418385,0.7087715032441971
9.417382925419155,0.7105291625938448
9.43734823665446,0.7122676775106153
9.457313547889767,0.7139892874000837
9.477278859125072,0.7156962340727797
9.497244170360377,0.7173907593392332
9.517209481595682,0.7190751050099738
9.537174792830987,0.7207515128955314
9.557140104066294,0.7224222248064356
9.577105415301599,0.7240894825532158
9.597070726536904,0.7257555279464022
9.617036037772209,0.7274225185519206
9.637001349007514,0.7290920857587327
9.656966660242821,0.7307656581965102
9.676931971478126,0.7324446640666558
9.696897282713431,0.7341305315705731
9.716862593948736,0.735824688909665
9.736827905184041,0.7375285642853348
9.756793216419348,0.7392435858989859
9.776758527654653,0.740971181952021
9.796723838889958,0.7427127806458437
9.816689150125264,0.7444694778403734
9.836654461360569,0.7462401777907269
9.856619772595876,0.7480228972290627
9.87658508383118,0.7498156503734675
9.896550395066486,0.7516164514420286
9.91651570630179,0.753423314652833
9.936481017537096,0.7552342542239677
9.956446328772403,0.7570472843735199
9.976411640007708,0.7588604193195763
9.996376951243013,0.7606716732802242
10.016342262478318,0.7624792918926064
10.036307573713623,0.7642831328993118
10.05627288494893,0.7660837398707081
10.076238196184235,0.767881658898814
10.09620350741954,0.7696774360756492
10.116168818654845,0.7714716174932327
10.13613412989015,0.7732647492435837
10.156099441125457,0.7750573774187219
10.176064752360762,0.776850048110666
10.196030063596067,0.7786433074114356
10.215995374831373,0.7804376375907586
10.235960686066678,0.7822330509820844
10.255925997301985,0.7840293499750021
10.27589130853729,0.7858263359833473
10.295856619772595,0.787623810420956
10.3158219310079,0.7894215747016641
10.335787242243205,0.791219430239308
10.355752553478512,0.7930171784477233
10.375717864713817,0.794814620740746
10.395683175949122,0.7966115585322123
10.415648487184427,0.7984078290941549
10.435613798419732,0.8002035489599927
10.455579109655039,0.8019989656295888
10.475544420890344,0.8037943273555802
10.49550973212565,0.8055898823906036
10.515475043360954,0.8073858789872959
10.53544035459626,0.809182565398294
10.555405665831566,0.8109801898762349
10.575370977066871,0.8127790006737553
10.595336288302176,0.8145792460434919
10.615301599537482,0.8163810960067375
10.635266910772787,0.8181840757151856
10.655232222008094,0.8199873929594103
10.675197533243399,0.8217902533150279
10.695162844478704,0.823591862357655
10.715128155714009,0.8253914256629085
10.735093466949314,0.8271881488064048
10.75505877818462,0.8289812373637606
10.775024089419926,0.8307698969105922
10.794989400655231,0.8325533330225164
10.814954711890536,0.8343310121000648
10.834920023125841,0.8361046780117684
10.854885334361148,0.8378772503921862
10.874850645596453,0.8396516586862152
10.894815956831758,0.8414308323387518
10.914781268067063,0.8432177007946933
10.934746579302368,0.8450151934989362
10.954711890537675,0.8468262398963775
10.97467720177298,0.8486537694319137
10.994642513008285,0.8505007115504419
11.01460782424359,0.8523694810351756
11.034573135478896,0.8542577282192231
11.054538446714202,0.8561605239707862
11.074503757949508,0.8580729137688902
11.094469069184813,0.859989943092561
11.114434380420118,0.8619066574208242
11.134399691655423,0.8638181022327054
11.15436500289073,0.8657193230072305
11.174330314126035,0.867605365223425
11.19429562536134,0.8694712743603142
11.214260936596645,0.8713126975424246
11.23422624783195,0.8731311924596761
11.254191559067257,0.8749316715772987
11.274156870302562,0.8767190858658339
11.294122181537867,0.8784983862958232
11.314087492773172,0.8802745238378088
11.334052804008477,0.882052449462332
11.354018115243784,0.883837114139935
11.37398342647909,0.8856334688411589
11.393948737714394,0.8874464645365457
11.4139140489497,0.8892806086382934
11.433879360185005,0.8911357796110578
11.453844671420311,0.8930091022482609
11.473809982655617,0.8948976648571688
11.493775293890922,0.8967985557450481
11.513740605126227,0.8987088632191651
11.533705916361532,0.9006256755867863
11.553671227596839,0.9025460811551781
11.573636538832144,0.9044671682316068
11.593601850067449,0.9063860251233387
11.613567161302754,0.9082999304332662
11.633532472538059,0.9102082747335849
11.653497783773366,0.912111765032088
11.673463095008671,0.9140111282949384
11.693428406243976,0.9159070914882995
11.713393717479281,0.9178003815783347
11.733359028714586,0.9196917255312073
11.753324339949893,0.9215818503130807
11.773289651185198,0.9234714828901177
11.793254962420503,0.9253613502284822
11.813220273655809,0.9272521443027966
11.833185584891115,0.9291441435888512
11.85315089612642,0.9310373565619633
11.873116207361726,0.9329317870502135
11.89308151859703,0.9348274388816826
11.913046829832336,0.9367243158844505
11.933012141067643,0.938622421886598
11.952977452302948,0.940521760716205
11.972942763538253,0.9424223362013524
11.992908074773558,0.9443241521701202
12.012873386008863,0.9462271791156452
12.03283869724417,0.9481309675473388
12.052804008479475,0.9500347807600339
12.07276931971478,0.9519378764752455
12.092734630950085,0.9538395124144886
12.11269994218539,0.9557389462992785
12.132665253420697,0.95763543585113
12.152630564656002,0.9595282387915582
12.172595875891307,0.9614166128420784
12.192561187126612,0.9632998157242053
12.212526498361918,0.9651772577748159
12.232491809597224,0.9670504022355847
12.25245712083253,0.9689221824313898
12.272422432067835,0.9707955636480909
12.29238774330314,0.9726735111715477
12.312353054538445,0.974558990287619
12.332318365773752,0.9764549662821647
12.352283677009057,0.9783644044410436
12.372248988244362,0.9802902700501154
12.392214299479667,0.9822355283952394
12.412179610714974,0.984202837700197
12.432144921950277,0.9861904394482263
12.452110233185584,0.9881932638168559
12.472075544420887,0.990206160775362
12.492040855656194,0.9922239802930224
12.512006166891501,0.9942415723391135
12.531971478126804,0.996253786882912
12.551936789362111,0.9982554738936955
12.571902100597415,1.0002414833407405
12.591867411832721,1.0022066651933241
12.611832723068028,1.0041462457709802
12.631798034303332,1.0060612496251042
12.651763345538638,1.0079572517374242
12.671728656773942,1.0098399492765138
12.691693968009249,1.0117150394109469
12.711659279244556,1.0135882193092975
12.731624590479859,1.0154651861401396
12.751589901715166,1.0173516370720472
12.771555212950469,1.0192532692735938
12.791520524185776,1.0211757799133543
12.811485835421083,1.0231245044649973
12.831451146656386,1.0250987990257068
12.851416457891693,1.027093108153423
12.871381769126996,1.029101730873031
12.891347080362303,1.0311189662094178
12.91131239159761,1.0331391131874696
12.931277702832913,1.035156470832072
12.95124301406822,1.037165338168112
12.971208325303524,1.0391600142204749
12.99117363653883,1.0411347980140482
13.011138947774137,1.0430843031920911
13.03110425900944,1.045008735249085
13.051069570244747,1.046913106718663
13.07103488148005,1.0488025866642465
13.091000192715358,1.0506823441492592
13.110965503950665,1.0525575482371226
13.130930815185968,1.0544333679912583
13.150896126421275,1.05631497247509
13.170861437656578,1.058207530752039
13.190826748891885,1.060116211885528
13.210792060127192,1.062045968915617
13.230757371362495,1.0639976182239916
13.250722682597802,1.0659682548658842
13.270687993833105,1.0679548412311768
13.290653305068412,1.069954339709754
13.310618616303719,1.0719637126914987
13.330583927539022,1.073979922566294
13.35054923877433,1.075999931724024
13.370514550009633,1.0780207025545718
13.39047986124494,1.0800391974478214
13.410445172480246,1.0820524754518694
13.43041048371555,1.0840595943857327
13.450375794950856,1.0860614936072812
13.470341106186163,1.088059185659329
13.490306417421467,1.0900536830846905
13.510271728656774,1.0920459984261806
13.530237039892077,1.0940371442266132
13.550202351127384,1.0960281330288038
13.57016766236269,1.098019977375566
13.590132973597994,1.100013689809714
13.6100982848333,1.1020102392013007
13.630063596068604,1.1040096167449918
13.650028907303911,1.1060108506201778
13.669994218539218,1.1080129282657174
13.689959529774521,1.1100148371204681
13.709924841009828,1.1120155646232894
13.729890152245131,1.1140140982130398
13.749855463480438,1.116009425328578
13.769820774715745,1.1180005334087615
13.789786085951048,1.11998640989245
13.809751397186355,1.1219661208695013
13.829716708421659,1.1239406437266366
13.849682019656965,1.12591292578395
13.869647330892272,1.1278860047431916
13.889612642127576,1.1298629183061126
13.909577953362882,1.1318467041744653
13.929543264598186,1.13384040005
13.949508575833493,1.1358470436344683
13.9694738870688,1.1378696726296218
13.989439198304103,1.139911324737211
14.00940450953941,1.1419748946973933
14.029369820774713,1.144059494832091
14.04933513201002,1.1461601581721248
14.069300443245327,1.1482717153058593
14.08926575448063,1.1503889968216605
14.109231065715937,1.1525068333078952
14.12919637695124,1.154620055352928
14.149161688186547,1.1567234935451263
14.169126999421854,1.1588119784728543
14.189092310657157,1.160880340724479
14.209057621892464,1.1629235800726574
14.229022933127768,1.164941585529501
14.248988244363074,1.1669397638997296
14.268953555598381,1.1689238174596692
14.288918866833685,1.1708994484856459
14.308884178068991,1.1728723592539863
14.328849489304295,1.1748482520410166
14.348814800539602,1.1768328291230636
14.368780111774909,1.1788317927764533
14.388745423010212,1.1808508452775124
14.408710734245519,1.1828955310493345
14.428676045480822,1.1849663941312447
14.448641356716129,1.1870580729663576
14.468606667951436,1.1891648655294607
14.48857197918674,1.1912810697953404
14.508537290422046,1.1934009837387851
14.52850260165735,1.195518905334582
14.548467912892656,1.1976291325575188
14.568433224127963,1.1997259633823825
14.588398535363266,1.2018036957839602
14.608363846598573,1.2038567609282176
14.628329157833877,1.2058842327874515
14.648294469069183,1.2078909240536293
14.66825978030449,1.209882002882816
14.688225091539794,1.2118626374310761
14.7081904027751,1.2138379958544752
14.728155714010404,1.2158132463090776
14.74812102524571,1.2177935569509495
14.768086336481018,1.2197840959361552
14.78805164771632,1.2217900314207597
14.808016958951628,1.2238164430653922
14.827982270186931,1.2258650014559769
14.847947581422238,1.2279329666270695
14.867912892657545,1.2300173056480816
14.887878203892848,1.232114985588424
14.907843515128155,1.2342229735175079
14.927808826363458,1.2363382365047442
14.947774137598765,1.2384577416195448
14.967739448834072,1.2405784559313207
14.987704760069375,1.2426973465094824
15.007670071304682,1.2448114184837054
15.027635382539986,1.2469193049476448
15.047600693775292,1.249021843855548
15.0675660050106,1.2511200299394747
15.087531316245903,1.2532148579314855
15.10749662748121,1.2553073225636415
15.127461938716513,1.257398418568003
15.14742724995182,1.259489140676631
15.167392561187127,1.2615804836215863
15.18735787242243,1.263673442134929
15.207323183657737,1.265768994986793
15.22728849489304,1.2678673589010434
15.247253806128347,1.2699676699994824
15.267219117363654,1.2720689822844549
15.287184428598957,1.2741703497583061
15.307149739834264,1.2762708264233844
15.327115051069567,1.278369466282034
15.347080362304874,1.280465323336602
15.367045673540181,1.2825574515894336
15.387010984775484,1.2846449050428754
15.406976296010791,1.2867267642585107
15.426941607246095,1.2888035332790335
15.446906918481401,1.2908778299398116
15.466872229716708,1.2929524434993993
15.486837540952012,1.2950301632163514
15.506802852187318,1.2971137783492237
15.526768163422622,1.2992060781565706
15.546733474657929,1.3013098518969477
15.566698785893236,1.3034278888289097
15.586664097128539,1.3055629782110114
15.606629408363846,1.3077178663985403
15.626594719599149,1.3098927015349997
15.646560030834456,1.3120835906655746
15.666525342069763,1.3142862915879274
15.686490653305066,1.316496562099722
15.706455964540373,1.3187101599986217
15.726421275775676,1.3209228430822886
15.746386587010983,1.323130369148387
15.76635189824629,1.3253284959945795
15.786317209481593,1.3275129814185294
15.8062825207169,1.3296796168900584
15.826247831952204,1.3318265147443213
15.84621314318751,1.3339555690126912
15.866178454422817,1.3360690215775015
15.88614376565812,1.338169114321085
15.906109076893427,1.3402580891257758
15.92607438812873,1.3423381878739067
15.946039699364038,1.3444116524478116
15.966005010599345,1.3464807247298236
15.985970321834648,1.3485476466022759
16.005935633069953,1.350614655575148
16.025900944305256,1.3526836433514895
16.045866255540563,1.354755911175952
16.06583156677587,1.3568327025557683
16.085796878011173,1.3589152609981703
16.10576218924648,1.3610048300103919
16.125727500481783,1.3631026530996648
16.14569281171709,1.3652099737732222
16.165658122952397,1.3673280355382964
16.1856234341877,1.36945808190212
16.205588745423007,1.3716013472672457
16.22555405665831,1.3737582320901927
16.245519367893618,1.3759276442780486
16.265484679128924,1.3781083367537783
16.285449990364228,1.3802990624403468
16.305415301599535,1.3824985742607208
16.325380612834838,1.3847056251378638
16.345345924070145,1.3869189679947427
16.36531123530545,1.389137355754322
16.385276546540755,1.3913595413395672
16.405241857776062,1.3935842747266394
16.425207169011365,1.3958099899854008
16.445172480246672,1.3980345283842595
16.46513779148198,1.4002556658898915
16.485103102717282,1.4024711784689736
16.50506841395259,1.404678842088182
16.525033725187892,1.4068764327141938
16.5449990364232,1.409061726313685
16.564964347658506,1.4112324988533331
16.58492965889381,1.4133865262998135
16.604894970129116,1.415521600335826
16.62486028136442,1.4176375085632966
16.644825592599727,1.4197379667290537
16.664790903835033,1.4218271492091958
16.684756215070337,1.423909230379822
16.704721526305644,1.4259883846170316
16.724686837540947,1.4280687862969237
16.744652148776254,1.430154609795597
16.76461746001156,1.432250029489151
16.784582771246864,1.4343592197536843
16.80454808248217,1.4364863417450493
16.824513393717474,1.4386335395260201
16.84447870495278,1.4407987922540264
16.864444016188088,1.442979564126453
16.88440932742339,1.4451733193406862
16.904374638658698,1.4473775220941125
16.924339949894,1.4495896365841177
16.94430526112931,1.4518071270080886
16.964270572364615,1.4540274575634107
16.98423588359992,1.4562480924474697
17.004201194835225,1.45846649979546
17.02416650607053,1.4606808815015664
17.044131817305836,1.4628910295268673
17.064097128541142,1.4650969438714898
17.084062439776446,1.46729862453556
17.104027751011753,1.4694960715192056
17.123993062247056,1.4716892848225527
17.143958373482363,1.4738782644457296
17.16392368471767,1.4760630103888623
17.183888995952973,1.4782435226520778
17.20385430718828,1.4804198042762127
17.223819618423583,1.4825925638347814
17.24378492965889,1.484764115052855
17.263750240894197,1.4869369937325392
17.2837155521295,1.4891137356759396
17.303680863364807,1.4912968766851622
17.32364617460011,1.4934889525623127
17.343611485835417,1.4956924991094978
17.363576797070724,1.4979100521288227
17.383542108306028,1.500144147422393
17.403507419541334,1.5023973147288963
17.423472730776638,1.5046702906626082
17.443438042011945,1.506959527285679
17.46340335324725,1.5092608502237879
17.483368664482555,1.5115700851026121
17.50333397571786,1.5138830575478328
17.523299286953165,1.5161955931851268
17.543264598188472,1.5185035176401738
17.56322990942378,1.5208026565386532
17.583195220659082,1.5230888355062422
17.60316053189439,1.5253578843989342
17.623125843129692,1.5276072733886903
17.643091154365,1.5298385905999305
17.663056465600306,1.532054060059375
17.68302177683561,1.534255905793743
17.702987088070916,1.5364463518297555
17.72295239930622,1.5386276221941313
17.742917710541526,1.5408019409135914
17.762883021776833,1.542971532014855
17.782848333012137,1.5451386195246417
17.802813644247443,1.5473054270139612
17.822778955482747,1.5494739380617089
17.842744266718054,1.551645502998326
17.86270957795336,1.5538213689254827
17.882674889188664,1.5560027829448497
17.90264020042397,1.5581909921580994
17.922605511659274,1.560387243666901
17.94257082289458,1.5625927845729273
17.962536134129888,1.5648088619778484
17.98250144536519,1.567036722983335
18.002466756600498,1.5692776139081328
18.0224320678358,1.5715321954268349
18.042397379071108,1.5737995034188927
18.062362690306415,1.5760782942851301
18.08232800154172,1.578367324426373
18.102293312777025,1.5806653502434476
18.12225862401233,1.582971128137178
18.142223935247635,1.5852834145083907
18.162189246482942,1.5876009657579107
18.182154557718246,1.589922538286563
18.202119868953552,1.592246888296082
18.222085180188856,1.5945725476574661
18.242050491424163,1.5968973936015483
18.26201580265947,1.5992191845891266
18.281981113894773,1.6015356790809985
18.30194642513008,1.6038446355379627
18.321911736365383,1.6061438124208167
18.34187704760069,1.6084309681903586
18.361842358835997,1.6107038613073865
18.3818076700713,1.6129602502326974
18.401772981306607,1.6151978941837015
18.42173829254191,1.6174159439097175
18.441703603777217,1.6196178229499225
18.461668915012524,1.6218077722260702
18.481634226247827,1.6239900326599128
18.501599537483134,1.626168845173205
18.521564848718437,1.6283484506876995
18.541530159953744,1.6305330901251505
18.56149547118905,1.6327270044073108
18.581460782424355,1.6349344344559336
18.60142609365966,1.6371596207660601
18.621391404894965,1.6394053653835607
18.64135671613027,1.641669821317314
18.66132202736558,1.6439502040879668
18.68128733860088,1.6462437292161656
18.70125264983619,1.6485476122225589
18.721217961071492,1.6508590686277929
18.7411832723068,1.6531753139525154
18.761148583542106,1.6554935637173733
18.78111389477741,1.6578110334430136
18.801079206012716,1.6601249387478116
18.82104451724802,1.6624332194959381
18.841009828483326,1.6647362800908558
18.860975139718633,1.6670350486939924
18.880940450953936,1.669330453466776
18.900905762189243,1.6716234225706361
18.920871073424546,1.6739148841669997
18.940836384659853,1.676205766417296
18.96080169589516,1.678496997482953
18.980767007130463,1.6807895055253983
19.00073231836577,1.6830842186907935
19.020697629601074,1.685381720489774
19.04066294083638,1.6876813593327973
19.060628252071687,1.6899822070535018
19.08059356330699,1.6922833354855271
19.100558874542298,1.6945838164625135
19.1205241857776,1.6968827218181002
19.140489497012908,1.6991791233859272
19.160454808248215,1.7014720929996339
19.180420119483518,1.7037607024928598
19.200385430718825,1.7060440237036967
19.220350741954128,1.7083217837636882
19.240316053189435,1.710596183547665
19.260281364424742,1.7128700075596404
19.280246675660045,1.7151460403036263
19.300211986895352,1.7174270662836373
19.320177298130655,1.7197158700036859
19.340142609365962,1.7220152359677854
19.36010792060127,1.7243279486799492
19.380073231836572,1.7266567926441894
19.40003854307188,1.7290045523645123
19.420003854307183,1.7313728346305535
19.43996916554249,1.7337585625784564
19.459934476777796,1.7361574951927585
19.4798997880131,1.7385653914579962
19.499865099248407,1.7409780103587071
19.51983041048371,1.7433911108794278
19.539795721719017,1.7458004520046966
19.559761032954324,1.7482017927190492
19.579726344189627,1.750590892007023
19.599691655424934,1.752963508853156
19.619656966660237,1.7553164334342466
19.639622277895544,1.7576507763293108
19.65958758913085,1.759968779423747
19.679552900366154,1.7622726846069348
19.69951821160146,1.7645647337682544
19.719483522836764,1.7668471687970841
19.73944883407207,1.7691222315828055
19.759414145307378,1.7713921640147965
19.77937945654268,1.773659207982437
19.79934476777799,1.775925605375107
19.81931007901329,1.7781934473528858
19.8392753902486,1.7804641597366722
19.859240701483905,1.7827389848245296
19.87920601271921,1.7850191649086313
19.899171323954516,1.7873059422811524
19.91913663518982,1.7896005592342659
19.939101946425126,1.7919042580601467
19.959067257660433,1.794218281050969
19.979032568895736,1.7965438704989054
19.998997880131043,1.798882268696132
20.018963191366346,1.8012343631242262
20.038928502601653,1.8035993910230124
20.05889381383696,1.8059761102210066
20.078859125072263,1.808363278494361
20.09882443630757,1.810759653619231
20.118789747542873,1.813163993371769
20.13875505877818,1.815575055528129
20.158720370013487,1.8179915978644643
20.17868568124879,1.8204123781569277
20.198650992484097,1.822836154181674
20.2186163037194,1.8252615485997277
20.238581614954708,1.8276865218118399
20.258546926190014,1.8301088316384047
20.278512237425318,1.8325262358484045
20.298477548660625,1.8349364922108222
20.31844285989593,1.83733735849464
20.338408171131235,1.83972659246884
20.35837348236654,1.8421019519024056
20.378338793601845,1.8444611945643177
20.398304104837152,1.8468020782235604
20.41826941607246,1.8491231887323345
20.438234727307762,1.8514273901727252
20.45820003854307,1.853718924196056
20.478165349778372,1.8560020331160139
20.49813066101368,1.858280959246286
20.518095972248986,1.8605599449005599
20.53806128348429,1.8628432323925224
20.558026594719596,1.8651350640358615
20.5779919059549,1.8674396821442638
20.597957217190206,1.8697613290314175
20.617922528425513,1.8721033992435439
20.637887839660817,1.8744646693940177
20.657853150896123,1.8768423513828612
20.677818462131427,1.8792336558548008
20.697783773366734,1.8816357934545647
20.71774908460204,1.8840459748268792
20.737714395837344,1.8864614106164717
20.75767970707265,1.8888793114680693
20.777645018307954,1.8912968880263996
20.79761032954326,1.89371135093619
20.817575640778568,1.8961203355767977
20.83754095201387,1.8985239174327895
20.857506263249178,1.9009230417097658
20.87747157448448,1.9033186546809002
20.897436885719788,1.9057117026193677
20.917402196955095,1.9081031317983426
20.9373675081904,1.9104938884909988
20.957332819425705,1.9128849189705115
20.97729813066101,1.9152771695100543
20.997263441896315,1.9176715863828024
21.017228753131622,1.920068907876153
21.037194064366926,1.9224686115879157
21.057159375602232,1.9248697026141277
21.077124686837536,1.9272711852173645
21.097089998072843,1.929672063660202
21.11705530930815,1.932071342205215
21.137020620543453,1.9344680251149782
21.15698593177876,1.9368611166520677
21.176951243014063,1.9392496210790582
21.19691655424937,1.9416325426585257
21.216881865484677,1.944009291953127
21.23684717671998,1.9463818790483516
21.256812487955287,1.9487533381450446
21.27677779919059,1.951126705919729
21.296743110425897,1.9535050190489311
21.316708421661204,1.9558913142091747
21.336673732896507,1.958288628076984
21.356639044131814,1.9606999973288846
21.376604355367117,1.9631284586413995
21.396569666602424,1.9655770486910547
21.41653497783773,1.9680480260455533
21.436500289073035,1.9705383918439219
21.45646560030834,1.9730429708993766
21.476430911543645,1.9755565810774722
21.49639622277895,1.9780740402437655
21.51636153401426,1.9805901662638121
21.53632684524956,1.983099777003167
21.55629215648487,1.985597690327388
21.576257467720172,1.988078724102029
21.59622277895548,1.9905376961926473
21.616188090190786,1.992970396045407
21.63615340142609,1.9953795495802815
21.656118712661396,1.9977708986473923
21.6760840238967,2.0001501974395315
21.696049335132006,2.0025232001494926
21.716014646367313,2.0048956609700688
21.735979957602616,2.007273334094052
21.755945268837923,2.0096619737142354
21.775910580073226,2.0120673340234125
21.795875891308533,2.014495169214376
21.81584120254384,2.016950263519211
21.835806513779144,2.0194300795222473
21.85577182501445,2.0219287373703416
21.875737136249754,2.0244403400952233
21.89570244748506,2.026958990728624
21.915667758720367,2.0294787923022755
21.93563306995567,2.031993847847908
21.955598381190978,2.034498260397254
21.97556369242628,2.036986132982044
21.995529003661588,2.0394515686340107
22.015494314896895,2.041889589058397
22.035459626132198,2.0443025527672747
22.055424937367505,2.0466963336996886
22.075390248602808,2.049076827867462
22.095355559838115,2.0514499312824177
22.115320871073422,2.0538215399563784
22.135286182308725,2.0561975499011664
22.155251493544032,2.0585838571286055
22.175216804779335,2.0609863576505183
22.195182116014642,2.0634109474787277
22.21514742724995,2.0658626750222884
22.235112738485252,2.0683394213884596
22.25507804972056,2.070835464440423
22.275043360955863,2.0733450547676133
22.29500867219117,2.075862442959467
22.314973983426476,2.07838187960542
22.33493929466178,2.080897615294907
22.354904605897087,2.0834039006173652
22.37486991713239,2.0858949861622293
22.394835228367697,2.0883651225189372
22.414800539603004,2.0908093012665425
22.434765850838307,2.093229153714089
22.454731162073614,2.0956298123364383
22.474696473308917,2.0980164410955644
22.494661784544224,2.100394203953443
22.51462709577953,2.102768264872048
22.534592407014834,2.105143787813354
22.55455771825014,2.107525936739336
22.574523029485444,2.1099198756119684
22.59448834072075,2.112330768393227
22.614453651956058,2.1147632647768804
22.63441896319136,2.1172171268813713
22.65438427442667,2.119689414454834
22.67434958566197,2.122177158728392
22.69431489689728,2.124677390933171
22.714280208132585,2.127187142300294
22.73424551936789,2.129703444060886
22.754210830603196,2.1322233274460722
22.7741761418385,2.134743823686976
22.794141453073806,2.1372619640147223
22.814106764309113,2.1397749978325895
22.834072075544416,2.1422823759189034
22.854037386779723,2.1447848249255608
22.874002698015026,2.147283087131858
22.893968009250333,2.149777904817094
22.91393332048564,2.1522700202605676
22.933898631720943,2.154760175741575
22.95386394295625,2.157249113539416
22.973829254191553,2.159737575933388
22.99379456542686,2.16222630520279
23.013759876662167,2.1647160031101116
23.03372518789747,2.1672069369242575
23.053690499132777,2.169699110013188
23.07365581036808,2.1721925220285865
23.093621121603388,2.1746871726221353
23.113586432838694,2.1771830614455174
23.133551744073998,2.179680188150416
23.153517055309305,2.1821785523885144
23.173482366544608,2.184678153811495
23.193447677779915,2.187178992071041
23.21341298901522,2.189681029395337
23.233378300250525,2.1921838009927828
23.253343611485832,2.1946865703400307
23.273308922721135,2.1971885965510474
23.293274233956442,2.199689138739806
23.31323954519175,2.202187456020276
23.333204856427052,2.2046828075064253
23.35317016766236,2.207174452312226
23.373135478897662,2.2096616495516472
23.39310079013297,2.2121436583386602
23.413066101368276,2.2146199108568405
23.43303141260358,2.2170919431852516
23.452996723838886,2.2195626937374233
23.47296203507419,2.222035126405791
23.492927346309497,2.2245122050827932
23.512892657544803,2.226996893660867
23.532857968780107,2.2294921560324474
23.552823280015414,2.232000956089973
23.572788591250717,2.234526257725881
23.592753902486024,2.237071024832608
23.61271921372133,2.2396378718338585
23.632684524956634,2.2422248810368983
23.65264983619194,2.2448269712082367
23.672615147427244,2.2474389964983836
23.69258045866255,2.250055811057853
23.712545769897858,2.252672269037155
23.73251108113316,2.255283224586799
23.752476392368468,2.257883531857299
23.77244170360377,2.260468044999166
23.79240701483908,2.263031618162911
23.812372326074385,2.2655695349467075
23.83233763730969,2.2680830291390732
23.852302948544995,2.270577683312599
23.8722682597803,2.273059179304342
23.892233571015606,2.2755331989513614
23.912198882250912,2.2780054240907153
23.932164193486216,2.280481536559462
23.952129504721523,2.2829672181946608
23.972094815956826,2.2854681508333683
23.992060127192133,2.2879900163126443
24.01202543842744,2.290538084004593
24.031990749662743,2.293111507853466
24.05195606089805,2.2957047627492653
24.071921372133353,2.2983122048617024
24.09188668336866,2.300928190360492
24.111851994603967,2.3035470754153478
24.13181730583927,2.306163216195984
24.151782617074577,2.3087709688721145
24.17174792830988,2.3113646896134528
24.191713239545187,2.313938734589713
24.211678550780494,2.3164878135432985
24.231643862015797,2.319012255568496
24.251609173251104,2.32151689016265
24.271574484486408,2.3240066731413886
24.291539795721715,2.326486560320339
24.31150510695702,2.3289615075151286
24.331470418192325,2.3314364705413846
24.35143572942763,2.3339164052147345
24.371401040662935,2.3364062673508057
24.39136635189824,2.338911012765226
24.41133166313355,2.34143537794873
24.431296974368852,2.3439803559251313
24.45126228560416,2.346543801934744
24.471227596839462,2.3491234742138034
24.49119290807477,2.3517171309985456
24.511158219310076,2.3543225305252053
24.53112353054538,2.356937431030018
24.551088841780686,2.3595595907492197
24.57105415301599,2.362186767919046
24.591019464251296,2.364816720775732
24.610984775486603,2.367447215443583
24.630950086721906,2.3700761629288176
24.650915397957213,2.372701601326375
24.670880709192517,2.375321573041455
24.690846020427824,2.3779341204792597
24.71081133166313,2.3805372860449894
24.730776642898434,2.3831291121438447
24.75074195413374,2.3857076411810283
24.770707265369044,2.3882709155617388
24.79067257660435,2.390816977691179
24.810637887839658,2.393344022774808
24.83060319907496,2.3958532727806503
24.850568510310268,2.3983487280160807
24.87053382154557,2.4008344917898303
24.890499132780878,2.4033146674106303
24.910464444016185,2.4057933581872115
24.930429755251488,2.408274667428304
24.950395066486795,2.4107626984426402
24.9703603777221,2.413261554538949
24.990325688957405,2.4157753390259624
25.010291000192712,2.4183080040877867
25.030256311428015,2.4208602657067164
25.050221622663322,2.423429731462793
25.070186933898626,2.4260138833843485
25.090152245133932,2.4286102034997192
25.11011755636924,2.43121617383724
25.130082867604543,2.4338292764252434
25.15004817883985,2.436446993292065
25.170013490075153,2.4390668064660397
25.18997880131046,2.441686197975501
25.209944112545767,2.444302701695974
25.22990942378107,2.4469150548681418
25.249874735016377,2.4495232041733965
25.26984004625168,2.45212714935544
25.289805357486987,2.454726890157974
25.309770668722294,2.4573224263246995
25.329735979957597,2.4599137575993195
25.349701291192904,2.462500883725535
25.369666602428207,2.465083804447047
25.389631913663514,2.4676625195075585
25.40959722489882,2.470237075287633
25.429562536134124,2.472808694687918
25.44952784736943,2.4753798379038123
25.469493158604735,2.477953023932174
25.48945846984004,2.480530771769862
25.50942378107535,2.4831156004137354
25.52938909231065,2.4857100288606526
25.54935440354596,2.4883165761074726
25.569319714781262,2.490937761151054
25.58928502601657,2.493576102988256
25.609250337251876,2.4962340107817185
25.62921564848718,2.4989108727484597
25.649180959722486,2.501602752693463
25.66914627095779,2.504305543719819
25.689111582193096,2.5070151389306217
25.709076893428403,2.509727431428962
25.729042204663706,2.512438314317933
25.749007515899013,2.515143680700628
25.768972827134316,2.517839423680139
25.788938138369623,2.5205214363595583
25.80890344960493,2.5231857016764856
25.828868760840233,2.525830905565517
25.84883407207554,2.5284588466617968
25.868799383310844,2.531071495887635
25.88876469454615,2.533670824165345
25.908730005781457,2.536258802417239
25.92869531701676,2.5388374015656283
25.948660628252068,2.5414085925328265
25.96862593948737,2.543974346241144
25.988591250722678,2.5465366336128947
26.008556561957985,2.549097428471376
26.028521873193288,2.551658800479857
26.048487184428595,2.5542229348038155
26.068452495663898,2.556792023485139
26.088417806899205,2.5593682585657165
26.108383118134512,2.5619538320874358
26.128348429369815,2.564550936092184
26.148313740605122,2.56716176262185
26.168279051840425,2.5697885037183212
26.188244363075732,2.5724333514234856
26.20820967431104,2.575098417102024
26.228174985546342,2.577782873726974
26.24814029678165,2.5804821879135225
26.268105608016953,2.5831915894060344
26.28807091925226,2.5859063079488753
26.308036230487566,2.5886215732864106
26.32800154172287,2.5913326151630054
26.347966852958177,2.594034663323025
26.36793216419348,2.596722947510834
26.387897475428787,2.599392697470799
26.407862786664094,2.6020392419133445
26.427828097899397,2.6046619010860965
26.447793409134704,2.6072652654030404
26.467758720370007,2.609854286176367
26.487724031605314,2.6124339147182694
26.50768934284062,2.615009102340939
26.527654654075924,2.6175848003565676
26.54761996531123,2.6201659600773493
26.567585276546534,2.6227575328154735
26.58755058778184,2.6253644698831344
26.607515899017148,2.627991651030002
26.62748121025245,2.630640744009452
26.64744652148776,2.633308976725891
26.66741183272306,2.635993251854643
26.68737714395837,2.6386904720710342
26.707342455193675,2.6413975400503897
26.72730776642898,2.644111358468033
26.747273077664286,2.6468288299992917
26.76723838889959,2.6495468573194887
26.787203700134896,2.65226234310395
26.807169011370203,2.654972225263432
26.827134322605506,2.657675211318332
26.847099633840813,2.6603725700406433
26.867064945076116,2.663065770582643
26.887030256311423,2.6657562820966105
26.90699556754673,2.668445573734823
26.926960878782033,2.671135114649558
26.94692619001734,2.673826373993094
26.966891501252643,2.676520820917709
26.98685681248795,2.6792199245756803
27.006822123723257,2.681925125869939
27.02678743495856,2.684636268516024
27.046752746193867,2.6873507752296795
27.06671805742917,2.69006586672647
27.086683368664477,2.6927787637219582
27.106648679899784,2.6954866869317065
27.126613991135088,2.698186857071278
27.146579302370395,2.7008764948562374
27.1665446136057,2.7035528210021464
27.186509924841005,2.706213056224568
27.20647523607631,2.7088544579600793
27.226440547311615,2.7114766368714274
27.24640585854692,2.714082940069442
27.26637116978223,2.7166770467053634
27.286336481017532,2.7192626359304315
27.30630179225284,2.721843386895887
27.326267103488142,2.724422978752969
27.34623241472345,2.7270050906529195
27.366197725958756,2.729593401746977
27.38616303719406,2.7321915911863823
27.406128348429366,2.734803320390388
27.42609365966467,2.737430952931259
27.446058970899976,2.7400746932599294
27.466024282135283,2.7427345417243343
27.485989593370586,2.745410498672407
27.505954904605893,2.7481025644520845
27.525920215841197,2.7508107394113015
27.545885527076504,2.7535350238979928
27.56585083831181,2.7562754182600937
27.585816149547114,2.7590319228455398
27.60578146078242,2.7618045231056985
27.625746772017724,2.764591948423858
27.64571208325303,2.7673907382232006
27.665677394488338,2.770197211960743
27.68564270572364,2.7730076890935065
27.705608016958948,2.7758184890785085
27.72557332819425,2.77862593137277
27.745538639429558,2.7814263354333097
27.765503950664865,2.7842160207171474
27.785469261900168,2.7869913066813012
27.805434573135475,2.7897485345130604
27.82539988437078,2.7924861770019165
27.845365195606085,2.795206602936583
27.865330506841392,2.7979125964725893
27.885295818076695,2.800606941765462
27.905261129312002,2.803292422970732
27.925226440547306,2.8059718242439264
27.945191751782612,2.8086479297405744
27.96515706301792,2.811323523616204
27.985122374253223,2.8140013900263434
28.00508768548853,2.8166843013463527
28.025052996723833,2.8193736704748122
28.04501830795914,2.8220683047389605
28.064983619194447,2.824766716893893
28.08494893042975,2.8274674196947056
28.104914241665057,2.8301689258964937
28.12487955290036,2.8328697482543537
28.144844864135667,2.8355683995233814
28.164810175370974,2.838263392458673
28.184775486606277,2.840953239815324
28.204740797841584,2.843636464728994
28.224706109076887,2.8463130180089804
28.244671420312194,2.848985720686472
28.2646367315475,2.851657737585555
28.284602042782804,2.854332233530318
28.30456735401811,2.857012373344848
28.324532665253415,2.859701321853234
28.34449797648872,2.8624022438795635
28.36446328772403,2.8651183042479245
28.38442859895933,2.867852667782404
28.404393910194635,2.8706084844409636
28.424359221429945,2.873386430649977
28.44432453266525,2.8761819648407982
28.464289843900552,2.8789898837962107
28.484255155135862,2.881804984298997
28.504220466371166,2.8846220631319364
28.52418577760647,2.887435917077813
28.544151088841772,2.89024134291941
28.564116400077083,2.8930331374395077
28.584081711312386,2.8958060974208886
28.60404702254769,2.898555034795723
28.624012333783,2.901277865298698
28.643977645018303,2.903979377419751
28.663942956253607,2.9066652815352096
28.683908267488917,2.9093412880213987
28.70387357872422,2.9120131072546416
28.723838889959524,2.914686449611265
28.743804201194827,2.9173670254675943
28.763769512430137,2.9200605451999544
28.78373482366544,2.9227727191846697
28.803700134900744,2.9255092456921754
28.823665446136054,2.9282727041242413
28.843630757371358,2.931058422162516
28.86359606860666,2.933860699187378
28.88356137984197,2.9366738345792025
28.903526691077275,2.939492127718366
28.923492002312578,2.9423098779852443
28.94345731354788,2.9451213847602147
28.963422624783192,2.947920947423653
28.983387936018495,2.9507028653559355
29.0033532472538,2.953461446508787
29.02331855848911,2.956193846970485
29.043283869724412,2.958904179041513
29.063249180959716,2.9615975971555835
29.083214492195026,2.964279255746407
29.10317980343033,2.966954309247694
29.123145114665633,2.9696279120931552
29.143110425900936,2.972305218716502
29.163075737136246,2.9749913835514463
29.18304104837155,2.9776915610316976
29.203006359606853,2.9804109009624584
29.222971670842163,2.9831525067771762
29.242936982077467,2.9859142298650485
29.26290229331277,2.9886930907793157
29.28286760454808,2.9914861100732173
29.302832915783384,2.9942903082999903
29.322798227018687,2.9971027060128748
29.34276353825399,2.9999203237651093
29.3627288494893,3.002740182109934
29.382694160724604,3.0055593016005853
29.402659471959907,3.008374704276939
29.422624783195218,3.011184321549776
29.44259009443052,3.0139885383037615
29.462555405665825,3.0167881490579997
29.482520716901135,3.019583948331596
29.50248602813644,3.0223767306436513
29.52245133937174,3.025167290513273
29.542416650607045,3.0279564224595643
29.562381961842355,3.030744921001631
29.58234727307766,3.033533580658574
29.602312584312962,3.0363231956922663
29.622277895548272,3.039114331430871
29.642243206783576,3.04190690365637
29.66220851801888,3.0447007137391076
29.68217382925419,3.0474955630494294
29.702139140489493,3.0502912529576784
29.722104451724796,3.0530875848341985
29.7420697629601,3.055884360049335
29.76203507419541,3.0586813799734327
29.782000385430713,3.061478445976834
29.801965696666016,3.064275359461478
29.821931007901327,3.0670719655801673
29.84189631913663,3.069868240074522
29.861861630371934,3.0726641829440613
29.881826941607244,3.0754597941883053
29.901792252842547,3.0782550738067713
29.92175756407785,3.081050021798979
29.941722875313154,3.0838446381644475
29.961688186548464,3.086638922902697
29.981653497783768,3.089432876013244
30.00161880901907,3.092226497513255
30.02158412025438,3.0950198291778697
30.041549431489685,3.0978130439507017
30.061514742724988,3.1006063404633326
30.0814800539603,3.1033999173473434
30.1014453651956,3.106193973234312
30.121410676430905,3.1089887067558193
30.14137598766621,3.111784316543445
30.16134129890152,3.1145810012287716
30.181306610136822,3.1173789594433745
30.201271921372125,3.1201783897760405
30.221237232607436,3.1229792917670047
30.24120254384274,3.1257810067539222
30.261167855078043,3.1285827402109536
30.281133166313353,3.1313836976122627
30.301098477548656,3.1341830844320064
30.32106378878396,3.1369801061443483
30.341029100019263,3.1397739682234485
30.360994411254573,3.1425638761434698
30.380959722489877,3.145349035378571
30.40092503372518,3.148128651465474
30.42089034496049,3.150902650232081
30.440855656195794,3.1536734655908987
30.460820967431097,3.1564440770137034
30.480786278666407,3.1592174639722717
30.50075158990171,3.161996605938377
30.520716901137014,3.164784482383797
30.540682212372324,3.1675840727803073
30.560647523607628,3.170398356599683
30.58061283484293,3.1732303133137
30.600578146078234,3.1760829223612164
30.620543457313545,3.1789576864327875
30.640508768548848,3.181850692275011
30.66047407978415,3.1847567853608507
30.680439391019462,3.187670811163275
30.700404702254765,3.190587615155246
30.72037001349007,3.19350204280973
30.74033532472538,3.1964089395996944
30.760300635960682,3.199303150998101
30.780265947195986,3.2021795224779175
30.80023125843129,3.205032899514919
30.8201965696666,3.2078600004234885
30.840161880901903,3.2106647790666236
30.860127192137206,3.213452936412231
30.880092503372516,3.216230173428216
30.90005781460782,3.21900219108248
30.920023125843123,3.221774690342929
30.939988437078433,3.2245533721774677
30.959953748313737,3.2273439375539996
30.97991905954904,3.2301520874404286
30.999884370784343,3.2329835228046595
31.019849682019654,3.2358420753644284
31.039814993254957,3.238723968789803
31.05978030449026,3.2416234914050306
31.07974561572557,3.2445349315339884
31.099710926960874,3.247452577500551
31.119676238196178,3.2503707176285954
31.139641549431488,3.2532836402419996
31.15960686066679,3.2561856336646375
31.179572171902095,3.259070986220387
31.199537483137398,3.261933986233123
31.21950279437271,3.2647706184080696
31.23946810560801,3.2675841414875886
31.259433416843315,3.270379763517186
31.279398728078625,3.273162692564994
31.29936403931393,3.275938136699142
31.319329350549232,3.2787113039877624
31.339294661784542,3.2814874024989886
31.359259973019846,3.284271640300949
31.37922528425515,3.287069225461777
31.399190595490452,3.2898853660496026
31.419155906725763,3.2927240349187046
31.439121217961066,3.295583624437326
31.45908652919637,3.2984609517707075
31.47905184043168,3.3013528339909075
31.499017151666983,3.304256088169979
31.518982462902287,3.307167531379981
31.538947774137597,3.3100839806929705
31.5589130853729,3.3130022531810024
31.578878396608204,3.3159191659161342
31.598843707843507,3.3188315359704226
31.618809019078817,3.321736840637813
31.63877433031412,3.324635700272884
31.658739641549424,3.3275296695316596
31.678704952784734,3.3304203032235535
31.698670264020038,3.3333091561579757
31.71863557525534,3.3361977831443395
31.73860088649065,3.339087738992058
31.758566197725955,3.341980578510542
31.778531508961258,3.3448778565092048
31.79849682019656,3.347781127797459
31.818462131431872,3.3506913421440423
31.838427442667175,3.3536064136167636
31.85839275390248,3.3565233062324853
31.87835806513779,3.359438983681501
31.898323376373092,3.362350409654105
31.918288687608396,3.365254547840591
31.938253998843706,3.368148361931253
31.95821931007901,3.3710288156163855
31.978184621314313,3.3738928725862825
31.998149932549616,3.3767374965312373
32.018115243784926,3.379560604514906
32.03808055502023,3.3823651561618306
32.05804586625553,3.3851557720516636
32.07801117749084,3.3879370737795877
32.09797648872615,3.3907136829407833
32.11794179996145,3.393490221130432
32.13790711119676,3.3962713099437183
32.157872422432064,3.399061570975822
32.17783773366737,3.4018656258219244
32.19780304490267,3.4046880960772086
32.21776835613798,3.4075326477585235
32.237733667373284,3.410397617289152
32.25769897860859,3.413279494072824
32.2776642898439,3.416174765706978
32.2976296010792,3.4190799197890493
32.317594912314505,3.4219914439164754
32.337560223549815,3.4249058256866953
32.35752553478512,3.427819552697143
32.37749084602042,3.430729112545258
32.397456157255725,3.4336309928284767
32.417421468491035,3.4365224531245095
32.43738677972634,3.4394052947660594
32.45735209096164,3.4422829745305856
32.47731740219695,3.4451589515989296
32.497282713432256,3.4480366851519295
32.51724802466756,3.4509196343704263
32.53721333590287,3.4538112584352603
32.55717864713817,3.45671501652727
32.577143958373476,3.459634367827297
32.59710926960878,3.4625727715161805
32.61707458084409,3.465532872105842
32.63703989207939,3.4685122562926742
32.6570052033147,3.4715065725433565
32.67697051455001,3.4745114653713225
32.69693582578531,3.477522579290002
32.71690113702061,3.4805355588128277
32.736866448255924,3.483546048453234
32.75683175949123,3.4865496927246493
32.77679707072653,3.4895421361405083
32.796762381961834,3.4925190232142427
32.816727693197144,3.4954766239041897
32.83669300443245,3.4984153077079885
32.85665831566775,3.501337095187817
32.87662362690306,3.504244011440648
32.896588938138365,3.5071380815634523
32.91655424937367,3.510021330653202
32.93651956060898,3.512895783806872
32.95648487184428,3.5157634661214323
32.976450183079585,3.5186264026938554
32.99641549431489,3.5214866186211133
33.0163808055502,3.524346157303132
33.0363461167855,3.527207188863301
33.056311428020805,3.5300719370427514
33.076276739256116,3.53294262577439
33.09624205049142,3.535821478991125
33.11620736172672,3.538710720625865
33.13617267296203,3.541612574611518
33.156137984197336,3.544529264880992
33.17610329543264,3.5474630153671955
33.19606860666794,3.550416050003036
33.21603391790325,3.553389973255401
33.23599922913856,3.5563818564849505
33.25596454037386,3.559386756828725
33.27592985160917,3.56239972229235
33.295895162844474,3.565415800881448
33.31586047407978,3.5684300406016445
33.33582578531509,3.571437489458564
33.35579109655039,3.57443319545783
33.375756407785694,3.5774122066050675
33.395721719021,3.5803695709059005
33.41568703025631,3.583301193170568
33.43565234149161,3.5862096092719047
33.455617652726914,3.589100448205337
33.475582963962225,3.5919793563470006
33.49554827519753,3.59485198007303
33.51551358643283,3.597723965759562
33.53547889766814,3.60060095978273
33.555444208903445,3.6034886085186706
33.57540952013875,3.6063925583435177
33.59537483137405,3.609318455633408
33.61534014260936,3.61227108931869
33.635305453844666,3.6152482250424516
33.65527076507997,3.6182441904647904
33.67523607631528,3.6212532897440015
33.69520138755058,3.6242698270383755
33.715166698785886,3.6272881065062066
33.735132010021196,3.6303024323057898
33.7550973212565,3.633307108595415
33.7750626324918,3.6362964395333783
33.795027943727106,3.6392647292779716
33.81499325496242,3.6422070510152977
33.83495856619772,3.6451251498108093
33.85492387743302,3.6480241969412917
33.874889188668334,3.65090939172898
33.89485449990364,3.6537859334961045
33.91481981113894,3.656659021564898
33.93478512237425,3.6595338552575956
33.954750433609554,3.662415633896426
33.97471574484486,3.6653095568036247
33.99468105608016,3.6682208233014233
34.01464636731547,3.6711540824398186
34.034611678550775,3.6741089223648187
34.05457698978608,3.6770822056527233
34.07454230102139,3.680070768524768
34.09450761225669,3.683071447202187
34.114472923491995,3.686081077906216
34.134438234727305,3.6890964968580904
34.15440354596261,3.6921145402790443
34.17436885719791,3.6951320443903133
34.194334168433215,3.698145845413132
34.214299479668526,3.7011530643444943
34.23426479090383,3.7041536012780707
34.25423010213913,3.7071489254577825
34.27419541337444,3.7101405238422265
34.294160724609746,3.713129883389999
34.31412603584505,3.7161184910596985
34.33409134708036,3.7191078338099235
34.35405665831566,3.7220993985992696
34.37402196955097,3.7250946723863363
34.39398728078627,3.7280951421297193
34.41395259202158,3.731102051838412
34.433917903256884,3.734114127214736
34.45388321449219,3.737128603646112
34.4738485257275,3.740142697076915
34.4938138369628,3.743153623451518
34.513779148198104,3.7461585987142967
34.533744459433414,3.7491548388096265
34.55370977066872,3.7521395596818805
34.57367508190402,3.755109977275434
34.593640393139324,3.758063307534662
34.613605704374635,3.760997107375014
34.63357101560994,3.7639126919256887
34.65353632684524,3.766813706795037
34.67350163808055,3.7697038324127368
34.693466949315855,3.772586749208459
34.71343226055116,3.775466137611879
34.73339757178647,3.7783456780526725
34.75336288302177,3.7812290509605124
34.773328194257076,3.7841199367650735
34.79329350549238,3.7870220158960315
34.81325881672769,3.7899387891307996
34.83322412796299,3.792871649159497
34.853189439198296,3.795820619236555
34.873154750433606,3.798785699367362
34.89312006166891,3.8017668895573014
34.91308537290421,3.8047641898117615
34.93305068413952,3.8077776001361285
34.95301599537483,3.8108071205357876
34.97298130661013,3.813852751016127
34.99294661784543,3.816914491582532
35.012911929080744,3.819992176321593
35.03287724031605,3.823083563892706
35.05284255155135,3.826185000891362
35.07280786278666,3.8292928068663414
35.092773174021964,3.8324033013664223
35.11273848525727,3.835512803940386
35.13270379649258,3.8386176341370115
35.15266910772788,3.8417141115050786
35.172634418963185,3.8447985555933673
35.19259973019849,3.847867285950657
35.2125650414338,3.850916890692783
35.2325303526691,3.853947544111169
35.252495663904405,3.8569619754708104
35.272460975139715,3.859962968902744
35.29242628637502,3.862953308538004
35.31239159761032,3.865935778507626
35.33235690884563,3.8689131629426474
35.352322220080936,3.8718882459741013
35.37228753131624,3.874863811733025
35.39225284255154,3.877842644350454
35.41221815378685,3.880827364800908
35.432183465022156,3.8838182648331196
35.45214877625746,3.8868138988008747
35.47211408749277,3.889812779465482
35.49207939872807,3.892813419588246
35.51204470996338,3.8958143319304743
35.53201002119869,3.898814029253476
35.55197533243399,3.9018110243185546
35.57194064366929,3.90480382988702
35.5919059549046,3.907790958720178
35.61187126613991,3.910771086567908
35.63183657737521,3.9137453809551284
35.651801888610514,3.916716955044566
35.671767199845824,3.9196889736599583
35.69173251108113,3.9226646016250397
35.71169782231643,3.925647003763547
35.73166313355174,3.9286393448992176
35.751628444787045,3.931644789855787
35.77159375602235,3.9346665034569908
35.79155906725765,3.9377076505265665
35.81152437849296,3.940771127664593
35.831489689728265,3.943855432320449
35.85145500096357,3.946955466666107
35.87142031219888,3.9500660274795454
35.89138562343418,3.9531819115387394
35.911350934669485,3.956297915621667
35.931316245904796,3.9594088365063063
35.9512815571401,3.9625094709706326
35.9712468683754,3.9655946157926243
35.991212179610706,3.968659067750258
36.011177490846016,3.9716979427916197
36.03114280208132,3.9747119835725964
36.05110811331662,3.9777067453815986
36.07107342455193,3.980687938614525
36.09103873578724,3.98366127366727
36.11100404702254,3.986632460935728
36.13096935825785,3.989607210815799
36.150934669493154,3.9925912337033753
36.17089998072846,3.995590239994355
36.19086529196376,3.9986099400846333
36.21083060319907,4.001655740767482
36.230795914434374,4.004727283705059
36.25076122566968,4.0078190503552795
36.27072653690499,4.010925340025043
36.29069184814029,4.014040452021243
36.310657159375594,4.017158685650781
36.330622470610905,4.020274340220552
36.35058778184621,4.023381715037454
36.37055309308151,4.026475109408383
36.390518404316815,4.029548822640239
36.410483715552125,4.032597415986094
36.43044902678743,4.03562082072086
36.45041433802273,4.038623997771831
36.47037964925804,4.041612101847059
36.490344960493346,4.0445902876546
36.51031027172865,4.047563709902508
36.53027558296396,4.050537523298841
36.55024089419926,4.053516882551651
36.570206205434566,4.056506942368996
36.59017151666987,4.05951285745893
36.61013682790518,4.062539605072231
36.63010213914048,4.06558822521391
36.650067450375786,4.068655899164359
36.6700327616111,4.071739646452919
36.6899980728464,4.0748364866089295
36.7099633840817,4.077943439161731
36.729928695317014,4.081057523640667
36.74989400655232,4.084175759575074
36.76985931778762,4.087295166494295
36.789824629022924,4.09041276392767
36.809789940258234,4.093525645657848
36.82975525149354,4.096632693264545
36.84972056272884,4.099734621714927
36.86968587396415,4.10283222934935
36.889651185199455,4.10592631450816
36.90961649643476,4.109017675531715
36.92958180767007,4.112107110760365
36.94954711890537,4.115195418534465
36.969512430140675,4.118283397194366
36.98947774137598,4.121371845080423
37.00944305261129,4.124461542700655
37.02940836384659,4.1275528032711355
37.049373675081895,4.130645438572742
37.069338986317206,4.133739235714725
37.08930429755251,4.136833981806328
37.10926960878781,4.139929463956801
37.12923492002312,4.143025469275394
37.149200231258426,4.14612178487135
37.16916554249373,4.149218197853922
37.18913085372903,4.1523144953323525
37.20909616496434,4.155410468610222
37.22906147619965,4.158506028999358
37.24902678743495,4.161601222566363
37.26899209867026,4.164696102533895
37.288957409905564,4.16779072212461
37.30892272114087,4.170885134561161
37.32888803237618,4.1739793930662055
37.34885334361148,4.1770735508623975
37.368818654846784,4.180167661172395
37.388783966082094,4.183261777218853
37.4087492773174,4.186355951477919
37.4287145885527,4.189450213022715
37.448679899788004,4.192544563426028
37.468645211023315,4.195639002687987
37.48861052225862,4.1987335308087195
37.50857583349392,4.201828147788357
37.52854114472923,4.204922853627028
37.548506455964535,4.208017648324864
37.56847176719984,4.211112531881993
37.58843707843515,4.214207504298545
37.60840238967045,4.217302564913452
37.628367700905756,4.220397690265888
37.64833301214106,4.223492828855836
37.66829832337637,4.226587927460121
37.68826363461167,4.229682932855569
37.708228945846976,4.232777791819007
37.728194257082286,4.2358724511272605
37.74815956831759,4.238966857557154
37.76812487955289,4.2420609578855135
37.7880901907882,4.245154698889168
37.80805550202351,4.248248030258131
37.82802081325881,4.251341012641738
37.84798612449411,4.2544338495178815
37.867951435729424,4.257526753779126
37.88791674696473,4.260619938318037
37.90788205820003,4.263713616027183
37.92784736943534,4.266807999799132
37.947812680670644,4.2699033025264495
37.96777799190595,4.272999737101702
37.98774330314126,4.276097516417458
38.00770861437656,4.27919684366557
38.027673925611865,4.282297512005554
38.04763923684717,4.285398762084057
38.06760454808248,4.288499795553987
38.08756985931778,4.291599814068249
38.107535170553085,4.294698019279751
38.127500481788395,4.2977936128414
38.1474657930237,4.3008857964061
38.167431104259,4.30397377162676
38.18739641549431,4.307056740156288
38.207361726729616,4.3101339352207715
38.22732703796492,4.313206078695874
38.24729234920022,4.3162759926385945
38.26725766043553,4.319346657544738
38.287222971670836,4.322421053910111
38.30718828290614,4.32550216223052
38.32715359414145,4.328592963001775
38.34711890537675,4.331696436719677
38.36708421661206,4.334815563880036
38.38704952784737,4.337953324978659
38.40701483908267,4.341112641701905
38.42698015031797,4.34429332496541
38.44694546155328,4.347490590009042
38.46691077278859,4.350699282030901
38.48687608402389,4.353914246229081
38.506841395259194,4.357130327801679
38.526806706494504,4.360342371946792
38.54677201772981,4.363545223862516
38.56673732896511,4.366733728746948
38.58670264020042,4.3699027317981844
38.606667951435725,4.373047145614559
38.62663326267103,4.3761659081349915
38.64659857390633,4.379264185862598
38.66656388514164,4.382347679840727
38.686529196376945,4.385422091112725
38.70649450761225,4.3884931207219395
38.72645981884756,4.391566469711722
38.74642513008286,4.39464783912542
38.766390441318165,4.3977429300063795
38.786355752553476,4.4008574433979515
38.80632106378878,4.403997019979042
38.82628637502408,4.407163200756631
38.846251686259386,4.410350881126554
38.866216997494696,4.413554349385782
38.88618230873,4.416767893831281
38.9061476199653,4.419985802760022
38.92611293120061,4.423202364468976
38.94607824243592,4.426411867255108
38.96604355367122,4.4296085994153875
38.98600886490653,4.432786849246787
39.005974176141834,4.435940953806909
39.02593948737714,4.439069046457758
39.04590479861244,4.4421757089827025
39.06587010984775,4.4452661494820624
39.085835421083054,4.448345576056151
39.10580073231836,4.451419196805285
39.12576604355367,4.454492219829784
39.14573135478897,4.457569853229962
39.165696666024274,4.460657305106136
39.185661977259585,4.463759783558626
39.20562728849489,4.466882465373748
39.22559259973019,4.470027706923326
39.245557910965495,4.47319284315252
39.265523222200805,4.476374691031552
39.28548853343611,4.479570067530643
39.30545384467141,4.482775789620016
39.32541915590672,4.485988674269898
39.345384467142026,4.4892055384505065
39.36534977837733,4.492423199132066
39.38531508961264,4.495638473284802
39.40528040084794,4.498848192488451
39.425245712083246,4.502050726491847
39.44521102331855,4.505247316248499
39.46517633455386,4.508439516942973
39.48514164578916,4.511628883759825
39.505106957024466,4.514816971883624
39.52507226825978,4.518005336498929
39.54503757949508,4.521195532790303
39.56500289073038,4.524389115942307
39.584968201965694,4.527587641139507
39.604933513201,4.530792652016628
39.6248988244363,4.5340042536918475
39.644864135671604,4.537219735149539
39.664829446906914,4.5404360586812285
39.68479475814222,4.543650186578444
39.70476006937752,4.54685908113271
39.72472538061283,4.55005970463556
39.744690691848135,4.553249019378516
39.76465600308344,4.556423987653107
39.78462131431875,4.559581571750863
39.80458662555405,4.562718749450958
39.824551936789355,4.565834812125166
39.84451724802466,4.568933802789617
39.86448255925997,4.5720203482594135
39.88444787049527,4.575099075349649
39.904413181730575,4.578174610875424
39.924378492965886,4.581251581651838
39.94434380420119,4.584334614493986
39.96430911543649,4.587428336216969
39.9842744266718,4.590537373635884
40.004239737907106,4.593666340544408
40.02420504914241,4.596817479789127
40.04417036037771,4.599987923934347
40.06413567161302,4.60317414109661
40.08410098284833,4.60637259939245
40.10406629408363,4.609579766938407
40.12403160531894,4.612792111851021
40.143996916554244,4.6160061022468275
40.16396222778955,4.619218206242367
40.18392753902486,4.6224248919541795
40.20389285026016,4.6256226362257
40.223858161495464,4.628809889936824
40.24382347273077,4.631989570780204
40.26378878396608,4.635165210640361
40.28375409520138,4.63834034140181
40.303719406436684,4.641518494949072
40.323684717671995,4.644703203166666
40.3436500289073,4.64789799793911
40.3636153401426,4.651106411150922
40.38358065137791,4.654331974686621
40.403545962613215,4.657578212812669
40.42351127384852,4.660846459668443
40.44347658508382,4.664132844760367
40.46344189631913,4.667432741268056
40.483407207554436,4.670741522371126
40.50337251878974,4.674054561249195
40.52333783002505,4.677367231081878
40.54330314126035,4.68067490504879
40.563268452495656,4.68397295632955
40.583233763730966,4.687256758103773
40.60319907496627,4.690521688806167
40.62316438620157,4.693765100973212
40.643129697436876,4.696989275824912
40.66309500867219,4.700197251089825
40.68306031990749,4.703392064496504
40.70302563114279,4.706576753773511
40.722990942378104,4.709754356649403
40.74295625361341,4.712927910852734
40.76292156484871,4.716100454112063
40.78288687608402,4.719275024155946
40.802852187319324,4.722454656481171
40.82281749855463,4.725641252843997
40.84278280978993,4.728833740047709
40.86274812102524,4.732030562832694
40.882713432260545,4.735230165939331
40.90267874349585,4.738430994108008
40.92264405473116,4.741631492079109
40.94260936596646,4.744830104593016
40.962574677201765,4.748025276390116
40.982539988437075,4.751215452210793
41.00250529967238,4.754399078355869
41.02247061090768,4.7575757208170035
41.042435922142985,4.760748034700535
41.062401233378296,4.763919203316368
41.0823665446136,4.767092409974405
41.1023318558489,4.770270837984555
41.12229716708421,4.7734576706567236
41.142262478319516,4.776656091300814
41.16222778955482,4.779869283226733
41.18219310079013,4.783100429744389
41.20215841202543,4.786352712396373
41.22212372326074,4.789627416595508
41.24208903449604,4.792920325567906
41.26205434573135,4.796226230167789
41.28201965696665,4.7995399212493774
41.30198496820196,4.802856189666896
41.32195027943727,4.8061698262745685
41.34191559067257,4.809475621926614
41.361880901907874,4.812768367477257
41.381846213143184,4.816042853780721
41.40181152437849,4.819293873051307
41.42177683561379,4.822518574805218
41.441742146849094,4.825721305866983
41.461707458084405,4.828907781841346
41.48167276931971,4.832083718333053
41.50163808055501,4.835254830946848
41.52160339179032,4.83842683528748
41.541568703025625,4.841605446959689
41.56153401426093,4.844796381568225
41.58149932549624,4.84800535471783
41.60146463673154,4.851238081261104
41.621429947966845,4.854497923055202
41.64139525920215,4.857780680412181
41.66136057043746,4.861080637727297
41.68132588167276,4.8643920793958015
41.701291192908066,4.867709289812953
41.721256504143376,4.871026553374005
41.74122181537868,4.874338154474212
41.76118712661398,4.87763837750883
41.78115243784929,4.880921506873115
41.8011177490846,4.884181827281815
41.8210830603199,4.887415766212165
41.8410483715552,4.890627001025773
41.861013682790514,4.893820740868416
41.88097899402582,4.897002194885868
41.90094430526112,4.900176572223906
41.92090961649643,4.9033490820283046
41.940874927731734,4.906524933444839
41.96084023896704,4.909709335619286
41.98080555020235,4.912907497697421
42.00077086143765,4.91612462874451
42.020736172672954,4.91936437105275
42.04070148390826,4.922624784213292
42.06066679514357,4.925902684916241
42.08063210637887,4.9291948898516935
42.100597417614175,4.932498215709755
42.120562728849485,4.935809479180525
42.14052804008479,4.939125496954106
42.16049335132009,4.942443085720599
42.1804586625554,4.945759062170108
42.200423973790706,4.949070243000295
42.22038928502601,4.952374286029135
42.24035459626131,4.955672006006776
42.26031990749662,4.958964958192803
42.280285218731926,4.962254697846806
42.30025052996723,4.965542780228374
42.32021584120254,4.968830760597094
42.34018115243784,4.972120194212555
42.360146463673146,4.975412636334345
42.38011177490846,4.978709642222054
42.40007708614376,4.982012767135224
42.42004239737906,4.985322791934518
42.44000770861437,4.988637435556908
42.45997301984968,4.991953660273937
42.47993833108498,4.995268428357151
42.499903642320284,4.998578702078093
42.519868953555594,5.0018814437083075
42.5398342647909,5.00517361551934
42.5597995760262,5.008452179782734
42.57976488726151,5.011714098770037
42.599730198496815,5.014956334752791
42.61969550973212,5.018177076336472
42.63966082096742,5.021379620435327
42.65962613220273,5.024568593866206
42.679591443438035,5.0277486234491136
42.69955675467334,5.030924336004053
42.71952206590865,5.034100358351029
42.73948737714395,5.037281317310043
42.759452688379255,5.040471839701102
42.779417999614566,5.043676552344208
42.79938331084987,5.046900082059365
42.81934862208517,5.050145818033944
42.839313933320476,5.053411717983679
42.859279244555786,5.056694250065542
42.87924455579109,5.0599898823964296
42.89920986702639,5.063295083093241
42.9191751782617,5.066606320272879
42.93914048949701,5.069920062052239
42.95910580073231,5.07323277654822
42.97907111196762,5.076540931877725
42.999036423202924,5.07984099615765
43.01900173443823,5.083130452435249
43.03896704567353,5.086411476875567
43.05893235690884,5.089687601224425
43.078897668144144,5.092962357359995
43.09886297937945,5.096239277160445
43.11882829061476,5.0995218925039465
43.13879360185006,5.102813735268668
43.158758913085364,5.106118337332781
43.178724224320675,5.1094392305744565
43.19868953555598,5.1127799468718615
43.21865484679128,5.116142908889762
43.238620158026585,5.119525134173085
43.258585469261895,5.122921996311001
43.2785507804972,5.126328868508156
43.2985160917325,5.129741123969202
43.31848140296781,5.13315413589879
43.338446714203116,5.136563277501567
43.35841202543842,5.139963921982188
43.37837733667373,5.143351442545299
43.39834264790903,5.146721212395552
43.418307959144336,5.150069589701166
43.43827327037964,5.153397991627575
43.45823858161495,5.156709455078841
43.47820389285025,5.160007017689731
43.498169204085556,5.163293717095019
43.51813451532087,5.1665725909294755
43.53809982655617,5.16984667682787
43.55806513779147,5.173119012424973
43.578030449026784,5.176392635355556
43.59799576026209,5.179670583254388
43.61796107149739,5.182955336479942
43.637926382732694,5.1862463576523
43.657891693968004,5.189542092636285
43.67785700520331,5.19284098652239
43.69782231643861,5.196141484401114
43.71778762767392,5.199442031362954
43.737752938909225,5.202741072498405
43.75771825014453,5.206037052897965
43.77768356137984,5.209328417652132
43.79764887261514,5.2126136118514
43.817614183850445,5.2158916227162875
43.83757949508575,5.219164533587516
43.85754480632106,5.222435525179057
43.87751011755636,5.225707779494153
43.897475428791665,5.228984478536044
43.917440740026976,5.232268804307976
43.93740605126228,5.235563938813187
43.95737136249758,5.23887306405492
43.97733667373289,5.242199362036421
43.997301984968196,5.245546014760926
44.0172672962035,5.248915300035889
44.0372326074388,5.252304047618697
44.05719791867411,5.255707056689348
44.07716322990942,5.259119122978604
44.09712854114472,5.262535042217231
44.11709385238003,5.265949610135995
44.13705916361533,5.269357622465658
44.15702447485064,5.272753874936984
44.17698978608595,5.276133163280739
44.19695509732125,5.279490283227686
44.216920408556554,5.2828211364859605
44.236885719791864,5.286128658318013
44.25685103102717,5.289418539683918
44.27681634226247,5.292696477988919
44.296781653497774,5.2959681706382575
44.316746964733085,5.299239315037176
44.33671227596839,5.302515608590912
44.35667758720369,5.305802748704713
44.376642898439,5.309106432783819
44.396608209674305,5.312432358233468
44.41657352090961,5.315785140843845
44.43653883214492,5.319162132626922
44.45650414338022,5.322557695170184
44.476469454615525,5.325966180790363
44.49643476585083,5.329381941804185
44.51640007708614,5.3327993305283785
44.53636538832144,5.3362126992796695
44.556330699556746,5.339616400374789
44.576296010792056,5.343004786130464
44.59626132202736,5.346372208863421
44.61622663326266,5.349713969633321
44.63619194449797,5.353032101392856
44.65615725573328,5.356331548197147
44.67612256696858,5.3596172657055865
44.69608787820388,5.3628942095775605
44.716053189439194,5.3661673354724595
44.7360185006745,5.369441599049668
44.7559838119098,5.372721955968575
44.77594912314511,5.376013361888571
44.795914434380414,5.37932077246904
44.81587974561572,5.382648540174181
44.83584505685103,5.385996492556112
44.85581036808633,5.389362402601691
44.875775679321634,5.3927440330251
44.89574099055694,5.396139146540518
44.91570630179225,5.399545505862126
44.93567161302755,5.4029608737040995
44.955636924262855,5.40638301278062
44.975602235498165,5.409809685805867
44.99556754673347,5.41323865549402
45.01553285796877,5.416667705116694
45.03549816920408,5.420094781092109
45.055463480439386,5.423517907592238
45.07542879167469,5.426935109266747
45.09539410290999,5.430344410765302
45.1153594141453,5.43374383673757
45.135324725380606,5.43713141183321
45.15529003661591,5.440505160701893
45.17525534785122,5.443863107993282
45.19522065908652,5.447203278357042
45.215185970321826,5.450524147139551
45.23515128155714,5.453827976494006
45.25511659279244,5.457118922223837
45.27508190402774,5.4604011541819775
45.29504721526305,5.463678842221356
45.31501252649836,5.466956156194905
45.33497783773366,5.470237265955551
45.354943148968964,5.4735263413562265
45.374908460204274,5.476827552249863
45.39487377143958,5.480145068489388
45.41483908267488,5.483482585285763
45.43480439391019,5.486839572248363
45.454769705145495,5.4902132825519185
45.4747350163808,5.493600949803502
45.4947003276161,5.496999807610187
45.51466563885141,5.500407089579049
45.534630950086715,5.503820029317156
45.55459626132202,5.507235860431583
45.57456157255733,5.510651816529406
45.59452688379263,5.514065131217691
45.614492195027935,5.517473273518957
45.634457506263246,5.520875935139952
45.65442281749855,5.524274030284724
45.67438812873385,5.527668485837819
45.694353439969156,5.53106022868379
45.714318751204466,5.534450185707185
45.73428406243977,5.537839283792551
45.75424937367507,5.541228449824438
45.77421468491038,5.544618610687397
45.79417999614569,5.548010693265974
45.81414530738099,5.551405513720795
45.8341106186163,5.5548027784599
45.854075929851604,5.5582015540501475
45.87404124108691,5.561600899346266
45.89400655232221,5.564999873202988
45.91397186355752,5.5683975344750465
45.933937174792824,5.571792942017171
45.95390248602813,5.575185154684093
45.97386779726344,5.578573231330545
45.99383310849874,5.581956230811256
46.013798419734044,5.585333419887073
46.033763730969355,5.588706279698593
46.05372904220466,5.592077629382337
46.07369435343996,5.595450306634827
46.093659664675265,5.5988271491525925
46.113624975910575,5.60221099463216
46.13359028714588,5.6056046807700515
46.15355559838118,5.609011045262796
46.17352090961649,5.612432925806917
46.193486220851796,5.6158731600989436
46.2134515320871,5.619334214832053
46.23341684332241,5.622814352722654
46.25338215455771,5.626309175091247
46.273347465793016,5.6298142411312275
46.29331277702832,5.633325110035993
46.31327808826363,5.636837340998935
46.33324339949893,5.64034649321345
46.353208710734236,5.64384812587293
46.37317402196955,5.647337798170773
46.39313933320485,5.650811069300372
46.41310464444015,5.654263848567265
46.433069955675464,5.657696271250202
46.45303526691077,5.661111274972838
46.47300057814607,5.664511847596612
46.492965889381374,5.667900976982959
46.512931200616684,5.671281650993316
46.53289651185199,5.6746568574891185
46.55286182308729,5.678029584331805
46.5728271343226,5.681402819382811
46.592792445557905,5.6847795505035705
46.61275775679321,5.688162568581178
46.63272306802852,5.691552128493943
46.65268837926382,5.69494672395512
46.672653690499125,5.698344813159795
46.69261900173443,5.701744854303058
46.71258431296974,5.705145305580001
46.73254962420504,5.708544625185711
46.752514935440345,5.7119412713152755
46.772480246675656,5.715333702163788
46.79244555791096,5.718720375926334
46.81241086914626,5.722099939804219
46.83237618038157,5.725473640389601
46.852341491616876,5.728844614414473
46.87230680285218,5.732216041237046
46.89227211408748,5.735591100215527
46.91223742532279,5.738972970708122
46.9322027365581,5.742364832073038
46.9521680477934,5.745769863668483
46.97213335902871,5.749191244852663
46.99209867026401,5.752632154983785
47.01206398149932,5.756095465062065
47.03202929273463,5.75957950886262
47.05199460396993,5.763079166224844
47.071959915205234,5.766589230355051
47.09192522644054,5.770104494459552
47.11189053767585,5.773619751744661
47.13185584891115,5.7771297954166885
47.151821160146454,5.780629418681947
47.171786471381765,5.784113414746751
47.19175178261707,5.787576576817409
47.21171709385237,5.791014065874396
47.23168240508768,5.794426842496377
47.251647716322985,5.797820488538782
47.27161302755829,5.8012007141496955
47.29157833879359,5.804573229477205
47.3115436500289,5.807943744669396
47.331508961264205,5.811317969874353
47.35147427249951,5.8147016152401605
47.37143958373482,5.818100390914906
47.39140489497012,5.821520007046673
47.411370206205426,5.824965822652297
47.431335517440736,5.828437251481251
47.45130082867604,5.831928749079744
47.47126613991134,5.835434619317576
47.491231451146646,5.838949166064557
47.51119676238196,5.8424666931904925
47.53116207361726,5.845981504565184
47.55112738485256,5.8494879040584395
47.571092696087874,5.852980195540065
47.59105800732318,5.856452682879863
47.61102331855848,5.8598999738259305
47.63098862979379,5.863322211638292
47.650953941029094,5.866724370815695
47.6709192522644,5.870111588062378
47.6908845634997,5.873489000082574
47.71084987473501,5.876861743580522
47.730815185970314,5.880234955260453
47.75078049720562,5.883613771826601
47.77074580844093,5.887003329983204
47.79071111967623,5.890408766434496
47.810676430911535,5.893835012730854
47.830641742146845,5.897282971037775
47.85060705338215,5.900749863448219
47.87057236461745,5.904232776943901
47.890537675852755,5.907728798506535
47.910502987088066,5.9112350151178354
47.93046829832337,5.914748513759514
47.95043360955867,5.918266381413285
47.97039892079398,5.921785705060865
47.990364232029286,5.925303571683965
48.01032954326459,5.928817148115937
48.0302948544999,5.93232529618998
48.0502601657352,5.935828497622197
48.070225476970506,5.93932729894727
48.09019078820581,5.94282224669988
48.11015609944112,5.946313887414708
48.13012141067642,5.949802767626433
48.15008672191173,5.953289433869738
48.17005203314704,5.956774432679302
48.19001734438234,5.960258310589806
48.209982655617644,5.963741617893115
48.229947966852954,5.967224991296353
48.24991327808826,5.970709153921898
48.26987858932356,5.974194832649312
48.289843900558864,5.977682754358159
48.309809211794175,5.981173645928004
48.32977452302948,5.984668234238408
48.34973983426478,5.988167246168936
48.36970514550009,5.991671408599151
48.389670456735395,5.9951814484086166
48.4096357679707,5.998698014142472
48.42960107920601,6.002219796687988
48.44956639044131,6.00574343849438
48.469531701676615,6.009265485508717
48.48949701291192,6.012782483678063
48.50946232414723,6.016290978949484
48.52942763538253,6.019787517270044
48.549392946617836,6.0232686445868096
48.569358257853146,6.026730906846848
48.58932356908845,6.030170849997222
48.60928888032375,6.033585197474442
48.62925419155906,6.036975507057339
48.64921950279437,6.04034862974265
48.66918481402967,6.043711686028323
48.68915012526497,6.047071796412304
48.709115436500284,6.0504360813925375
48.72908074773559,6.053811661466968
48.74904605897089,6.057205657133542
48.7690113702062,6.060625188890204
48.788976681441504,6.064077377234899
48.80894199267681,6.067569129413922
48.82890730391212,6.071101001041038
48.84887261514742,6.07466627018906
48.868837926382724,6.078257815421834
48.88880323761803,6.081868515303199
48.90876854885334,6.085491248397
48.92873386008864,6.089118893267077
48.948699171323945,6.092744328477272
48.968664482559255,6.096360432591429
48.98862979379456,6.099960084173387
49.00859510502986,6.1035363024782505
49.02856041626517,6.1070867058672
49.048525727500476,6.110614427383616
49.06849103873578,6.114122925771499
49.08845634997108,6.117615659774844
49.10842166120639,6.121096088137655
49.128386972441696,6.124567669603927
49.148352283677,6.1280338629176585
49.16831759491231,6.131498126822849
49.18828290614761,6.1349639200634964
49.208248217382916,6.13843465198591
49.22821352861823,6.141911952564079
49.24817883985353,6.145395218699832
49.26814415108883,6.148883705687566
49.28810946232414,6.152376668821671
49.30807477355945,6.155873363396544
49.32804008479475,6.159373044706574
49.348005396030054,6.162874968046157
49.367970707265364,6.166378388709687
49.38793601850067,6.169882561991553
49.40790132973597,6.173386745921502
49.42786664097128,6.176890307583708
49.447831952206585,6.180392757320516
49.46779726344189,6.183893615210354
49.48776257467719,6.1873924013316515
49.5077278859125,6.190888635762838
49.527693197147805,6.1943818385823395
49.54765850838311,6.197871529868585
49.56762381961842,6.201357229700005
49.58758913085372,6.204838458155024
49.607554442089025,6.208314763701297
49.627519753324336,6.211786953647154
49.64748506455964,6.21525756650559
49.66745037579494,6.218729266668501
49.687415687030246,6.22220471852778
49.707380998265556,6.2256865864753195
49.72734630950086,6.229177534903011
49.74731162073616,6.232680228202749
49.76727693197147,6.236197330766429
49.78724224320678,6.239731506985939
49.80720755444208,6.243285367358793
49.82717286567739,6.246858850034209
49.84713817691269,6.25044804508441
49.867103488148,6.254048743697628
49.8870687993833,6.257656737062089
49.90703411061861,6.261267816366025
49.926999421853914,6.26487777279766
49.94696473308922,6.268482397545226
49.96693004432453,6.272077481796951
49.98689535555983,6.275658816741062
50.006860666795134,6.2792222371310285
50.026825978030445,6.282766007860095
50.04679128926575,6.286292058504458
50.06675660050105,6.28980262225085
50.086721911736355,6.293299932286004
50.106687222971665,6.296786221796658
50.12665253420697,6.300263723969543
50.14661784544227,6.303734671991392
50.16658315667758,6.307201299048941
50.186548467912885,6.310665838328922
50.20651377914819,6.314130517297978
50.2264790903835,6.317597202053841
50.2464444016188,6.32106718787105
50.266409712854106,6.324541719648667
50.28637502408941,6.32802204228576
50.30634033532472,6.331509400681396
50.32630564656002,6.335005039734638
50.346270957795326,6.338510204344553
50.36623626903064,6.3420261394102075
50.38620158026594,6.345554089830665
50.40616689150124,6.349095288280867
50.426132202736554,6.352650086195306
50.44609751397186,6.356217376557824
50.46606282520716,6.359795915419657
50.486028136442464,6.363384458832038
50.505993447677774,6.366981762846198
50.52595875891308,6.370586583513371
50.54592407014838,6.374197676884791
50.56588938138369,6.37781379901169
50.585854692618994,6.381433705945301
50.6058200038543,6.38505614963319
50.62578531508961,6.388679541559734
50.64575062632491,6.392301702703545
50.665715937560215,6.395920395126394
50.68568124879552,6.399533380890055
50.70564656003083,6.403138422056304
50.72561187126613,6.406733280686909
50.745577182501435,6.410315718843646
50.765542493736746,6.413883498588287
50.78550780497205,6.417434381982606
50.80547311620735,6.420966153284642
50.82543842744266,6.424478736642418
50.845403738677966,6.427975946846278
50.86536904991327,6.431462010763668
50.88533436114857,6.4349411552620355
50.90529967238388,6.438417607208827
50.925264983619186,6.441895593471485
50.94523029485449,6.44537934091746
50.9651956060898,6.448873076414197
50.9851609173251,6.452381026829138
51.00512622856041,6.455907399398644
51.02509153979572,6.459454177739584
51.04505685103102,6.463019106169439
51.065022162266324,6.46659945282511
51.084987473501634,6.470192485843502
51.10495278473694,6.473795473361514
51.12491809597224,6.47740568351605
51.144883407207544,6.481020384444009
51.164848718442855,6.4846368442822975
51.18481402967816,6.488252331167813
51.20477934091346,6.491864121156161
51.22474465214877,6.49547055761884
51.244709963384075,6.499072118280898
51.26467527461938,6.502669534893055
51.28464058585469,6.506263539206027
51.30460589708999,6.50985486297053
51.324571208325295,6.513444237937281
51.3445365195606,6.517032395856997
51.36450183079591,6.520620068480397
51.38446714203121,6.524207987558196
51.404432453266516,6.5277968831507405
51.424397764501826,6.531387210177294
51.44436307573713,6.534978846243063
51.46432838697243,6.538571596208281
51.48429369820774,6.54216526493318
51.50425900944305,6.545759657277985
51.52422432067835,6.549354578102931
51.54418963191365,6.552949832268248
51.564154943148964,6.556545224634167
51.58412025438427,6.5601405600609155
51.60408556561957,6.563735643757123
51.62405087685488,6.567330350611825
51.644016188090184,6.570924708976069
51.66398149932549,6.574518767658213
51.6839468105608,6.578112575466623
51.7039121217961,6.581706181209657
51.723877433031404,6.585299633695677
51.74384274426671,6.588892981733044
51.76380805550202,6.5924862741301204
51.78377336673732,6.596079559695266
51.803738677972625,6.599672887183324
51.823703989207935,6.603266291923293
51.84366930044324,6.606859778197047
51.86363461167854,6.61045334591091
51.88359992291385,6.61404699497121
51.903565234149156,6.617640725284269
51.92353054538446,6.621234536756413
51.94349585661976,6.624828429293963
51.96346116785507,6.62842240280325
51.983426479090376,6.632016457190592
52.00339179032568,6.635610592322817
52.02335710156099,6.639204795324927
52.04332241279629,6.642799022371886
52.063287724031596,6.646393225030033
52.08325303526691,6.649987354865712
52.10321834650221,6.653581363445261
52.12318365773751,6.657175202335019
52.14314896897282,6.660768823101328
52.16311428020813,6.6643621773105295
52.18307959144343,6.667955216528961
52.203044902678734,6.671547892466191
52.223010213914044,6.6751402180701565
52.24297552514935,6.678732362591635
52.26294083638465,6.682324519858945
52.28290614761996,6.6859168837004
52.302871458855265,6.689509647944312
52.32283677009057,6.693103006418997
52.34280208132587,6.69669715295277
52.36276739256118,6.7002922813739465
52.382732703796485,6.703888585510838
52.40269801503179,6.707486258813079
52.4226633262671,6.71108527179828
52.4426286375024,6.714684996856237
52.462593948737705,6.718284707107357
52.482559259973016,6.721883675672041
52.50252457120832,6.72548117567069
52.52248988244362,6.729076480223706
52.542455193678926,6.732668862451491
52.562420504914236,6.7362575954744495
52.58238581614954,6.739841952412982
52.60235112738484,6.743421207323926
52.62231643862015,6.7469954313210545
52.64228174985546,6.750566944328247
52.66224706109076,6.754138460035582
52.68221237232607,6.75771269213314
52.702177683561374,6.761292354310992
52.72214299479668,6.764880160259222
52.74210830603198,6.768478823667902
52.76207361726729,6.7720910582271125
52.782038928502594,6.775719577626931
52.8020042397379,6.779367094398656
52.82196955097321,6.783034799500665
52.84193486220851,6.786719367849728
52.861900173443814,6.790416640399369
52.881865484679125,6.794122458103104
52.90183079591443,6.797832661914448
52.92179610714973,6.801543092786923
52.941761418385035,6.805249591674044
52.961726729620345,6.808947999529332
52.98169204085565,6.812634157306301
53.00165735209095,6.816303906544216
53.02162266332626,6.819954387178916
53.041587974561565,6.823586794482422
53.06155328579687,6.827203113282126
53.08151859703218,6.830805328405423
53.10148390826748,6.834395424679702
53.121449219502786,6.837975386932355
53.14141453073809,6.841547199990774
53.1613798419734,6.845112848682355
53.1813451532087,6.848674317834483
53.201310464444006,6.852233592284156
53.22127577567932,6.855792697922312
53.24124108691462,6.859353795620087
53.26120639814992,6.862919073948626
53.281171709385234,6.866490721479074
53.30113702062054,6.870070926782573
53.32110233185584,6.873661878430267
53.341067643091144,6.877265764993302
53.361032954326454,6.880884775042822
53.38099826556176,6.884521097149968
53.40096357679706,6.888176919755505
53.42092888803237,6.891853095852773
53.440894199267674,6.895545855020436
53.46085951050298,6.899250426980759
53.48082482173829,6.902962041456004
53.50079013297359,6.906675928168429
53.520755444208895,6.9103873168403
53.5407207554442,6.914091437193875
53.56068606667951,6.91778351895142
53.58065137791481,6.921458791835191
53.600616689150115,6.9251124856152195
53.620582000385426,6.928741605611008
53.64054731162073,6.932349631439605
53.66051262285603,6.93594151797236
53.68047793409134,6.939522220080626
53.700443245326646,6.94309669263575
53.72040855656195,6.946669890509085
53.74037386779725,6.950246768571983
53.76033917903256,6.953832281695791
53.780304490267866,6.957431384751862
53.80026980150317,6.961049032608229
53.82023511273848,6.964688780501819
53.84020042397378,6.96834880752562
53.86016573520909,6.972026002140425
53.8801310464444,6.9757172528070335
53.9000963576797,6.979419447986234
53.920061668915004,6.983129476138823
53.94002698015031,6.9868442257256
53.95999229138562,6.990560585207356
53.97995760262092,6.994275443044886
53.999922913856224,6.997985687698986
54.019888225091535,7.00168897105076
54.03985353632684,7.0053860342393275
54.05981884756214,7.009078399715884
54.07978415879745,7.012767589931674
54.099749470032755,7.016455127337934
54.11971478126806,7.020142534385905
54.13968009250336,7.023831333526829
54.15964540373867,7.027523047211944
54.179610714973975,7.031219197892493
54.19957602620928,7.0349213080197135
54.21954133744459,7.0386301967052765
54.23950664867989,7.0423436845908824
54.259471959915196,7.046058793417961
54.279437271150506,7.049772544920756
54.29940258238581,7.053481960833508
54.31936789362111,7.057184062890462
54.339333204856416,7.060875872825862
54.35929851609173,7.064554412373952
54.37926382732703,7.068216703268973
54.39922913856233,7.07185976724517
54.419194449797644,7.075481721964125
54.43915976103295,7.079085607631085
54.45912507226825,7.082675845952618
54.47909038350356,7.0862568587062835
54.499055694738864,7.089833067669634
54.51902100597417,7.093408894620228
54.53898631720947,7.096988761335621
54.55895162844478,7.100577089593373
54.578916939680084,7.104178301171036
54.59888225091539,7.107796817846167
54.6188475621507,7.111436052855914
54.638812873386,7.115094646048628
54.658778184621305,7.118769826458659
54.678743495856615,7.122458822909997
54.69870880709192,7.126158864226631
54.71867411832722,7.12986717923255
54.738639429562525,7.133580996751746
54.758604740797836,7.137297545608208
54.77857005203314,7.1410140546259235
54.79853536326844,7.144727752628886
54.81850067450375,7.148436327977617
54.838465985739056,7.152139761246974
54.85843129697436,7.155838746301208
54.87839660820967,7.159533977232575
54.89836191944497,7.163226148133324
54.918327230680276,7.166915953095716
54.93829254191558,7.170604086212003
54.95825785315089,7.174291241574442
54.97822316438619,7.1779781132752865
54.9981884756215,7.181665395406791
55.01815378685681,7.185353694446595
55.03811909809211,7.189043156177909
55.058084409327414,7.192733775494783
55.078049720562724,7.196425547204207
55.09801503179803,7.200118466113172
55.11798034303333,7.203812527028665
55.137945654268634,7.20750772475768
55.157910965503945,7.211204054107209
55.17787627673925,7.214901509884237
55.19784158797455,7.2186000868957585
55.21780689920986,7.2222997009455865
55.237772210445165,7.225999829805953
55.25773752168047,7.229699800297335
55.27770283291578,7.233398939099521
55.29766814415108,7.23709657289229
55.317633455386385,7.240792028355427
55.33759876662169,7.244484632168717
55.357564077857,7.248173711011942
55.3775293890923,7.251858591564885
55.397494700327606,7.25553860050733
55.417460011562916,7.259213440369551
55.43742532279822,7.26288501178371
55.45739063403352,7.2665560121133295
55.47735594526883,7.270229139832289
55.49732125650414,7.27390709341446
55.51728656773944,7.277592571333721
55.53725187897474,7.281288272063947
55.557217190210054,7.284996894079014
55.57718250144536,7.288721135852798
55.59714781268066,7.292463695859174
55.61711312391597,7.296226553599023
55.637078435151274,7.300007251577839
55.65704374638658,7.303801641383141
55.67700905762189,7.307605571273874
55.69697436885719,7.311414889508978
55.716939680092494,7.315225444347397
55.7369049913278,7.3190330840480735
55.75687030256311,7.322833656869951
55.77683561379841,7.32662301107197
55.796800925033715,7.330396994913075
55.816766236269025,7.33415206096321
55.83673154750433,7.337888598902691
55.85669685873963,7.341608575355563
55.87666216997494,7.345313961143724
55.896627481210245,7.349006727089061
55.91659279244555,7.352688844013474
55.93655810368085,7.356362282738858
55.95652341491616,7.360029014087107
55.976488726151466,7.3636910088801155
55.99645403738677,7.367350237939778
56.01641934862208,7.371008696789858
56.03638465985738,7.374668550939027
56.056349971092686,7.378332037426184
56.076315282328,7.382001393539042
56.0962805935633,7.385678856565304
56.1162459047986,7.3893666637926785
56.13621121603391,7.393067052508875
56.15617652726922,7.3967822600016
56.17614183850452,7.40051452355856
56.196107149739824,7.404266080467465
56.216072460975134,7.408038542985172
56.23603777221044,7.411828977727461
56.25600308344574,7.415632442436747
56.27596839468105,7.419443985974534
56.295933705916354,7.423258657202323
56.31589901715166,7.427071504981623
56.33586432838696,7.4308775781739325
56.35582963962227,7.43467192564076
56.375794950857575,7.438449596243606
56.39576026209288,7.442205638843976
56.41572557332819,7.445935964002895
56.43569088456349,7.449643109631186
56.455656195798795,7.453332688439634
56.475621507034106,7.4570103300260575
56.49558681826941,7.460681663988272
56.51555212950471,7.464352319924096
56.535517440740016,7.468027927431349
56.555482751975326,7.471714116107848
56.57544806321063,7.475416515551409
56.59541337444593,7.479140755359852
56.61537868568124,7.482891607530544
56.635343996916546,7.486666863897133
56.65530930815185,7.490460917626657
56.67527461938716,7.494268139134802
56.69523993062246,7.4980828988372465
56.71520524185777,7.501899567149678
56.73517055309307,7.505712514487778
56.75513586432838,7.509516111267233
56.775101175563684,7.513304727903721
56.79506648679899,7.51707273481293
56.8150317980343,7.520815255013392
56.8349971092696,7.5245338990557515
56.854962420504904,7.528233591403631
56.874927731740215,7.531919283128018
56.89489304297552,7.535595925299901
56.91485835421082,7.53926846899027
56.934823665446125,7.542941865270113
56.954788976681435,7.546621065210423
56.97475428791674,7.5503110198821854
56.99471959915204,7.55401668035639
57.01468491038735,7.5577425210002005
57.034650221622655,7.56148866042329
57.05461553285796,7.5652528837578314
57.07458084409327,7.569032953972641
57.09454615532857,7.572826634036538
57.114511466563876,7.576631686918341
57.13447677779918,7.580445875586869
57.15444208903449,7.584266963010941
57.17440740026979,7.588092712159374
57.194372711505096,7.591920886000988
57.21433802274041,7.595749263878226
57.23430333397571,7.599575783865054
57.25426864521101,7.603398473191119
57.274233956446324,7.6072153600759265
57.29419926768163,7.611024472738983
57.31416457891693,7.6148238393997945
57.334129890152234,7.618611488277872
57.354095201387544,7.622385447592719
57.37406051262285,7.626143745563843
57.39402582385815,7.62988441041075
57.41399113509346,7.633605821779259
57.433956446328764,7.637309977523092
57.45392175756407,7.64100100560159
57.47388706879938,7.64468306133368
57.49385238003468,7.648360300038283
57.513817691269985,7.652036877034324
57.53378300250529,7.65571694764073
57.5537483137406,7.6594046671764255
57.5737136249759,7.6631041909603335
57.593678936211205,7.666819674311378
57.613644247446516,7.670554907251981
57.63360955868182,7.674309681084334
57.65357486991712,7.678081320303485
57.67354018115243,7.681867113082688
57.693505492387736,7.685664347595194
57.71347080362304,7.689470312014259
57.73343611485834,7.693282294513136
57.75340142609365,7.69709758326508
57.773366737328956,7.7009134664433425
57.79333204856426,7.704727232221178
57.81329735979957,7.708536337909784
57.83326267103487,7.712340211647732
57.85322798227018,7.716139555262229
57.87319329350549,7.719935091907112
57.89315860474079,7.723727544736206
57.913123915976094,7.727517636903343
57.933089227211404,7.731306091562359
57.95305453844671,7.735093631867079
57.97301984968201,7.738880980971338
57.992985160917314,7.742668862028966
58.012950472152625,7.74645795707711
58.03291578338793,7.750248437510735
58.05288109462323,7.754040129075788
58.07284640585854,7.7578328509836965
58.092811717093845,7.761626422445879
58.11277702832915,7.7654206626737565
58.13274233956446,7.769215390878755
58.15270765079976,7.773010426272292
58.172672962035065,7.776805588065792
58.19263827327037,7.780600695470679
58.21260358450568,7.784395575278469
58.23256889574098,7.788190154758483
58.252534206976286,7.791984432400661
58.272499518211596,7.795778408205489
58.2924648294469,7.7995720821734436
58.3124301406822,7.8033654543050055
58.33239545191751,7.80715852460066
58.35236076315282,7.810951293060884
58.37232607438812,7.814743759686161
58.39229138562342,7.818535924476971
58.412256696858734,7.8223277944049725
58.43222200809404,7.8261194752182925
58.45218731932934,7.829911145969323
58.47215263056465,7.833702987444719
58.492117941799954,7.837495180431132
58.51208325303526,7.841287905715217
58.53204856427057,7.845081344083629
58.55201387550587,7.8488756763230185
58.571979186741174,7.85267108322004
58.59194449797648,7.856467745561349
58.61190980921179,7.860265812154111
58.63187512044709,7.864064946649862
58.651840431682395,7.867864435796944
58.671805742917705,7.871663556448262
58.69177105415301,7.87546158545672
58.71173636538831,7.879257799675221
58.73170167662362,7.883051475956671
58.751666987858925,7.886841891153972
58.77163229909423,7.890628322120031
58.79159761032953,7.894410045707749
58.81156292156484,7.89818644997995
58.831528232800146,7.901958732604831
58.85149354403545,7.905729562711511
58.87145885527076,7.9095016521017225
58.89142416650606,7.913277712577192
58.911389477741366,7.917060455939648
58.93135478897668,7.920852593990822
58.95132010021198,7.92465683853244
58.97128541144728,7.928475901366234
58.99125072268259,7.93231249429393
59.0112160339179,7.936169126205506
59.0311813451532,7.940044757765239
59.051146656388504,7.943935330065181
59.071111967623814,7.9478366878797395
59.09107727885912,7.951744675983321
59.11104259009442,7.955655139150331
59.13100790132973,7.959563922155187
59.150973212565034,7.96346686977229
59.17093852380034,7.9673598267760495
59.19090383503564,7.971238637940877
59.21086914627095,7.9750993127930725
59.230834457506255,7.97894096328196
59.25079976874156,7.982765464274861
59.27076507997687,7.986574787203953
59.29073039121217,7.990370903501412
59.310695702447475,7.9941557845994184
59.330661013682786,7.997931401930152
59.35062632491809,8.001699726925786
59.37059163615339,8.005462731018499
59.390556947388696,8.009222385640472
59.410522258624006,8.01298066873558
59.43048756985931,8.016739690593822
59.45045288109461,8.020501684839736
59.47041819232992,8.024268889804437
59.490383503565226,8.028043543819027
59.51034881480053,8.03182788521462
59.53031412603584,8.035624152322322
59.55027943727114,8.039434583473243
59.57024474850645,8.043261416998496
59.59021005974175,8.047106891229182
59.61017537097706,8.050973085767161
59.630140682212364,8.054858589736995
59.65010599344767,8.058758588582752
59.67007130468298,8.062668126382048
59.69003661591828,8.066582247212493
59.710001927153584,8.070495995151706
59.729967238388895,8.074404414277302
59.7499325496242,8.078302548666894
59.7698978608595,8.082185442398096
59.789863172094805,8.086048139548526
59.809828483330115,8.089885895026496
59.82979379456542,8.093698993306548
59.84975910580072,8.097492850776032
59.86972441703603,8.10127311512492
59.889689728271335,8.105045434043182
59.90965503950664,8.108815455220798
59.92962035074195,8.112588826347734
59.94958566197725,8.116371195113965
59.969550973212556,8.120168209209465
59.98951628444786,8.123985516324206
60.00948159568317,8.12782856163004
60.02944690691847,8.13169753386505
60.049412218153776,8.135587009617234
60.06937752938909,8.139491291717539
60.08934284062439,8.143404682996914
60.10930815185969,8.147321486286318
60.129273463095004,8.1512360044167
60.14923877433031,8.155142540219014
60.16920408556561,8.159035396524208
60.189169396800914,8.162908876163241
60.209134708036224,8.166757455967526
60.22910001927153,8.170580542073496
60.24906533050683,8.174383047781326
60.26903064174214,8.178170176408784
60.288995952977444,8.18194713127362
60.30896126421275,8.185719115693594
60.32892657544806,8.189491332986465
60.34889188668336,8.193268986469992
60.368857197918665,8.197057279461928
60.38882250915397,8.200861415280038
60.40878782038927,8.20468647811821
60.42875313162458,8.208533856027671
60.44871844285989,8.212400615700249
60.46868375409519,8.216283578702413
60.4886490653305,8.220179566600647
60.50861437656581,8.224085400961421
60.528579687801106,8.227997903351204
60.548544999036416,8.231913895336476
60.568510310271726,8.23583019848371
60.58847562150702,8.239743634359373
60.60844093274233,8.243651083977676
60.62840624397764,8.247551456277387
60.64837155521294,8.251446141548444
60.66833686644825,8.255336681372967
60.688302177683546,8.25922461733307
60.70826748891886,8.263111491010873
60.72823280015417,8.266998843988492
60.74819811138946,8.27088821784804
60.768163422624774,8.274781154171638
60.788128733860084,8.2786791945414
60.80809404509538,8.28258383023974
60.82805935633069,8.286494658180297
60.848024667566,8.290408849161832
60.8679899788013,8.294323415289394
60.88795529003661,8.298235368668053
60.90792060127192,8.302141721402867
60.927885912507215,8.306039485598891
60.947851223742525,8.309925673361189
60.967816534977835,8.313797296794815
60.98778184621313,8.317651368004828
61.00774715744844,8.32148497143678
61.02771246868375,8.32529821333232
61.04767777991905,8.329095251081897
61.06764309115436,8.332880525848932
61.087608402389655,8.33665847879683
61.107573713624966,8.340433551089019
61.127539024860276,8.344210183888912
61.14750433609557,8.347992818359922
61.16746964733088,8.351785895665472
61.18743495856619,8.355593856968975
61.20740026980149,8.35942108164506
61.2273655810368,8.363269071719909
61.24733089227211,8.367135290556869
61.26729620350741,8.37101689906567
61.28726151474272,8.374911058156053
61.30722682597803,8.378814928737748
61.32719213721332,8.38272567172048
61.347157448448634,8.386640448013994
61.367122759683944,8.390556418528018
61.38708807091924,8.394470744172278
61.40705338215455,8.398380613674822
61.42701869338986,8.402284668111347
61.44698400462516,8.406183683193094
61.46694931586047,8.41007860528349
61.486914627095764,8.41397038074595
61.506879938331075,8.417859955943909
61.526845249566385,8.421748277240782
61.54681056080168,8.42563629099999
61.56677587203699,8.429524943584957
61.5867411832723,8.43341518135911
61.6067064945076,8.437307938729605
61.62667180574291,8.441203445845773
61.64663711697822,8.445100848733714
61.666602428213515,8.448999201030002
61.686567739448826,8.45289755637122
61.706533050684136,8.456794968393943
61.72649836191943,8.460690490734743
61.74646367315474,8.46458317703021
61.76642898439005,8.468472080916913
61.78639429562535,8.47235625603143
61.80635960686066,8.476234776400908
61.82632491809597,8.480108080727396
61.84629022933127,8.483978808436353
61.86625554056658,8.487849798618052
61.88622085180187,8.491723890362753
61.906186163037184,8.495603922760727
61.926151474272494,8.49949273490224
61.94611678550779,8.503393165877556
61.9660820967431,8.50730805477695
61.98604740797841,8.511240240690682
62.00601271921371,8.515192529566939
62.02597803044902,8.519165187004004
62.04594334168433,8.523154185963698
62.065908652919624,8.527155085282596
62.085873964154935,8.531163443797295
62.105839275390245,8.535174820344372
62.12580458662554,8.539184773760406
62.14576989786085,8.54318886288199
62.16573520909616,8.547182646545707
62.18570052033146,8.551161683588132
62.20566583156677,8.555121561143176
62.22563114280208,8.559060372895377
62.245596454037376,8.562980651840686
62.265561765272686,8.566885385874047
62.28552707650798,8.570777562890392
62.30549238774329,8.574660170784663
62.3254576989786,8.5785361974518
62.3454230102139,8.582408630786736
62.36538832144921,8.586280458684413
62.38535363268452,8.590154669039768
62.405318943919816,8.594034235473766
62.42528425515513,8.597920655431803
62.44524956639044,8.601812685360631
62.46521487762573,8.605708783678141
62.485180188861044,8.609607408802225
62.505145500096354,8.613507019150777
62.52511081133165,8.617406073141687
62.54507612256696,8.62130302919285
62.56504143380227,8.625196345722157
62.58500674503757,8.6290844811475
62.60497205627288,8.632965906036656
62.62493736750819,8.636840575264655
62.644902678743485,8.640711334105866
62.664867989978795,8.644581360993783
62.68483330121409,8.648453834361897
62.7047986124494,8.652331932643708
62.72476392368471,8.6562188342727
62.74472923492001,8.660117717682361
62.76469454615532,8.664031761306196
62.78465985739063,8.667964143577688
62.804625168625925,8.671918025562805
62.824590479861236,8.6758940277029
62.844555791096546,8.679887580321603
62.86452110233184,8.683893480101277
62.88448641356715,8.687906523724294
62.90445172480246,8.691921507873023
62.92441703603776,8.695933229229821
62.94438234727307,8.699936484477073
62.96434765850838,8.703926070297134
62.98431296974368,8.707896783372378
63.00427828097899,8.711843438261337
63.0242435922143,8.715764030817255
63.044208903449594,8.719663376980137
63.064174214684904,8.723547173918567
63.0841395259202,8.727421118801114
63.10410483715551,8.73129090879636
63.12407014839082,8.735162241072883
63.14403545962612,8.73904081279925
63.16400077086143,8.742932321144043
63.18396608209674,8.746842463275842
63.203931393332034,8.750776921926812
63.223896704567345,8.754738195421362
63.243862015802655,8.758721615422527
63.26382732703795,8.762721534242084
63.28379263827326,8.766732304191825
63.30375794950857,8.770748277583532
63.32372326074387,8.77476380672899
63.34368857197918,8.77877324393999
63.36365388321449,8.78277094152831
63.383619194449786,8.78675125180574
63.403584505685096,8.790708537311383
63.423549816920406,8.794640019932865
63.4435151281557,8.798549679518707
63.46348043939101,8.802442471984737
63.48344575062631,8.806323353246775
63.50341106186162,8.810197279220647
63.52337637309693,8.814069205822172
63.543341684332226,8.817944088967174
63.56330699556754,8.821826884571479
63.58327230680285,8.82572254855091
63.60323761803814,8.829636031708219
63.623202929273454,8.833570423241284
63.643168240508764,8.837524190043833
63.66313355174406,8.841495093809247
63.68309886297937,8.845480896230912
63.70306417421468,8.849479359002206
63.72302948544998,8.853488243816505
63.74299479668529,8.857505312367199
63.7629601079206,8.861528326347667
63.782925419155895,8.865555047451284
63.802890730391205,8.8695832375064
63.822856041626515,8.873610724510106
63.84282135286181,8.877635509127035
63.86278666409712,8.88165561983362
63.88275197533242,8.88566908510627
63.90271728656773,8.889673933421422
63.92268259780304,8.893668193255488
63.942647909038335,8.89764989308489
63.962613220273646,8.901617061386062
63.982578531508956,8.905567726635415
64.00254384274426,8.909499919421625
64.02250915397957,8.913413125248109
64.04247446521488,8.917310821214055
64.06243977645018,8.921197162886163
64.08240508768549,8.925076305831135
64.1023703989208,8.928952405615666
64.1223357101561,8.932829617806455
64.1423010213914,8.936712097970206
64.16226633262671,8.940604001673618
64.18223164386201,8.944509484483385
64.20219695509732,8.948432700440915
64.22216226633263,8.952376243897586
64.24212757756793,8.956338208703492
64.26209288880324,8.960315881783876
64.28205820003853,8.964306550063972
64.30202351127384,8.968307500469026
64.32198882250916,8.972316019924273
64.34195413374445,8.976329395354949
64.36191944497976,8.980344913686297
64.38188475621507,8.984359861843556
64.40185006745037,8.988371527208278
64.42181537868568,8.992377943489057
64.44178068992099,8.99637941019897
64.46174600115629,9.000376655236126
64.4817113123916,9.00437040649865
64.5016766236269,9.00836139188465
64.5216419348622,9.012350339292242
64.54160724609751,9.016337976619546
64.56157255733282,9.020325031764674
64.58153786856812,9.02431223262574
64.60150317980343,9.028300307034963
64.62146849103874,9.032289791119187
64.64143380227404,9.036280608448426
64.66139911350935,9.040272560504983
64.68136442474466,9.044265448771158
64.70132973597995,9.048259074729248
64.72129504721526,9.052253239861555
64.74126035845056,9.05624774565038
64.76122566968587,9.060242393578022
64.78119098092118,9.064236985126785
64.80115629215648,9.06823132178753
64.82112160339179,9.07222525724918
64.8410869146271,9.07621882079879
64.8610522258624,9.08021207860904
64.8810175370977,9.084205096852624
64.90098284833302,9.08819794170222
64.92094815956831,9.092190679330514
64.94091347080362,9.096183375910186
64.96087878203893,9.100176097613927
64.98084409327423,9.104168910614417
65.00080940450954,9.10816188108287
65.02077471574485,9.11215505034585
65.04074002698015,9.11614837171254
65.06070533821546,9.120141779009915
65.08067064945077,9.124135206064928
65.10063596068606,9.128128586704543
65.12060127192137,9.132121854755729
65.14056658315667,9.136114944045447
65.16053189439198,9.140107788400663
65.18049720562729,9.14410032164834
65.20046251686259,9.148092477615984
65.2204278280979,9.152084237381848
65.24039313933321,9.156075758345436
65.2603584505685,9.1600672390262
65.28032376180381,9.164058877943614
65.30028907303912,9.16805087361713
65.32025438427442,9.172043424566208
65.34021969550973,9.176036729310317
65.36018500674504,9.180030986368916
65.38015031798034,9.184026394261462
65.40011562921565,9.188023151507391
65.42008094045096,9.192021299523944
65.44004625168625,9.196020262143167
65.46001156292157,9.200019311460254
65.47997687415688,9.204017719570398
65.49994218539217,9.208014758568785
65.51990749662748,9.212009700550611
65.53987280786278,9.216001817611064
65.55983811909809,9.21999038184534
65.5798034303334,9.223974665348628
65.5997687415687,9.227953940216116
65.619734052804,9.231928032345111
65.63969936403932,9.235899061176966
65.65966467527461,9.239869739810564
65.67962998650992,9.243842781345684
65.69959529774523,9.247820898882095
65.71956060898053,9.251806805519568
65.73952592021584,9.255803214357881
65.75949123145115,9.259812838496805
65.77945654268645,9.263838391036108
65.79942185392176,9.267882585075576
65.81938716515707,9.271947085520761
65.83935247639236,9.276028983780334
65.85931778762767,9.28012412422204
65.87928309886298,9.284228351185824
65.89924841009828,9.288337509011631
65.91921372133359,9.292447442039405
65.93917903256889,9.296553994609095
65.9591443438042,9.300653011060644
65.97910965503951,9.304740335733996
65.9990749662748,9.308811812969097
66.01904027751011,9.312864172885972
66.03900558874543,9.316898217777004
66.05897089998072,9.320915919412602
66.07893621121603,9.32491924966476
66.09890152245134,9.328910180405463
66.11886683368664,9.332890683506692
66.13883214492195,9.336862730840446
66.15879745615726,9.340828294278701
66.17876276739256,9.344789345693448
66.19872807862787,9.348747856956674
66.21869338986318,9.352705836210628
66.23865870109847,9.356665467312007
66.25862401233378,9.36062898725573
66.2785893235691,9.36459863304813
66.29855463480439,9.36857664169554
66.3185199460397,9.372565250204302
66.338485257275,9.376566695580745
66.3584505685103,9.380583214831216
66.37841587974562,9.38461704496204
66.39838119098091,9.38867042297956
66.41834650221622,9.392744656297651
66.43831181345153,9.396836305623529
66.45827712468683,9.400940420532669
66.47824243592214,9.405052049961972
66.49820774715745,9.409166242848336
66.51817305839275,9.413278048128658
66.53813836962806,9.417382514739835
66.55810368086337,9.421474691618762
66.57806899209866,9.425549627702338
66.59803430333398,9.429602371927462
66.61799961456929,9.433629265408246
66.63796492580458,9.437633605504764
66.65793023703989,9.441621020111645
66.6778955482752,9.445597138806507
66.6978608595105,9.449567591166959
66.71782617074581,9.453538006770623
66.7377914819811,9.457514015195114
66.75775679321642,9.461501246018049
66.77772210445173,9.465505328817043
66.79768741568702,9.46953189316971
66.81765272692233,9.473585271588613
66.83761803815764,9.477662432793096
66.85758334939294,9.481757750120464
66.87754866062825,9.48586559399182
66.89751397186356,9.489980334828259
66.91747928309886,9.494096343050874
66.93744459433417,9.498207989080766
66.95740990556948,9.502309643339029
66.97737521680477,9.50639567624676
66.99734052804008,9.510460458225053
67.0173058392754,9.514499508141535
67.03727115051069,9.518515223395736
67.057236461746,9.522512550889283
67.07720177298131,9.526496441691712
67.09716708421661,9.530471846872564
67.11713239545192,9.534443717501373
67.13709770668721,9.538417004647682
67.15706301792252,9.54239665938103
67.17702832915784,9.546387632770957
67.19699364039313,9.550394875886996
67.21695895162844,9.554422605569528
67.23692426286375,9.55847039730464
67.25688957409905,9.562536018151865
67.27685488533436,9.566617231080409
67.29682019656967,9.570711799059477
67.31678550780497,9.574817485058276
67.33675081904028,9.578932052046014
67.35671613027559,9.5830532629919
67.37668144151088,9.587178880865137
67.3966467527462,9.591306668634937
67.4166120639815,9.595434414735697
67.4365773752168,9.59956007758133
67.45654268645211,9.603681685181797
67.47650799768742,9.607797265756497
67.49647330892272,9.611904847524832
67.51643862015803,9.616002458706213
67.53640393139332,9.620088127520033
67.55636924262863,9.624159882185703
67.57633455386394,9.628215750922626
67.59629986509924,9.6322537619502
67.61626517633455,9.636272495631076
67.63623048756986,9.640274426116937
67.65619579880516,9.644263702226514
67.67616111004047,9.648244479278764
67.69612642127578,9.652220912592629
67.71609173251107,9.65619715748706
67.73605704374638,9.660177369281012
67.7560223549817,9.664165703293428
67.77598766621699,9.66816631484326
67.7959529774523,9.672183359249464
67.81591828868761,9.676220411753663
67.83588359992291,9.680276723062994
67.85584891115822,9.684349590883148
67.87581422239353,9.688436303387379
67.89577953362883,9.692534148748939
67.91574484486414,9.696640415141086
67.93571015609943,9.700752390737074
67.95567546733474,9.704867363710168
67.97564077857005,9.708982622233611
67.99560608980535,9.713095454480658
68.01557140104066,9.717203420223377
68.03553671227597,9.721306221158155
68.05550202351127,9.725404574336427
68.07546733474658,9.72949920291199
68.09543264598189,9.733590830038642
68.11539795721718,9.73768017887018
68.1353632684525,9.74176797256041
68.1553285796878,9.745854934263125
68.1752938909231,9.749941787132117
68.19525920215841,9.754029254321198
68.21522451339372,9.758117992181857
68.23518982462902,9.762208099353556
68.25515513586433,9.766299397064897
68.27512044709964,9.770391704527427
68.29508575833493,9.774484840952693
68.31505106957025,9.778578625552255
68.33501638080554,9.782672877537655
68.35498169204085,9.786767416120446
68.37494700327616,9.790862060512179
68.39491231451146,9.794956629924402
68.41487762574677,9.799050956036535
68.43484293698208,9.803144980809664
68.45480824821738,9.807238703745192
68.47477355945269,9.81133212484312
68.494738870688,9.815425244103446
68.51470418192329,9.81951806152617
68.5346694931586,9.823610577111292
68.55463480439391,9.827702790858812
68.57460011562921,9.83179470276873
68.59456542686452,9.835886312841051
68.61453073809983,9.839977632691705
68.63449604933513,9.844068782890147
68.65446136057044,9.848159943617134
68.67442667180575,9.852251295661109
68.69439198304104,9.856343019810527
68.71435729427635,9.860435296853838
68.73432260551165,9.864528307579485
68.75428791674696,9.868622232775929
68.77425322798227,9.87271725323161
68.79421853921757,9.876813549734978
68.81418385045288,9.880911249055853
68.83414916168819,9.885009940160153
68.85411447292348,9.88910890355233
68.8740797841588,9.89320741607859
68.8940450953941,9.897304754585136
68.9140104066294,9.901400195918164
68.93397571786471,9.90549301692388
68.95394102910002,9.909582494448486
68.97390634033532,9.913667905338178
68.99387165157063,9.917748526439166
69.01383696280594,9.921823825173156
69.03380227404124,9.92589528498152
69.05376758527655,9.929965601134251
69.07373289651186,9.934037485458095
69.09369820774715,9.938113649779789
69.11366351898246,9.94219680592609
69.13362883021776,9.946289665723727
69.15359414145307,9.950394940999459
69.17355945268838,9.954515343580022
69.19352476392368,9.958653585292161
69.21349007515899,9.962812024909654
69.2334553863943,9.966989048304077
69.2534206976296,9.971180539201304
69.2733860088649,9.975382342282396
69.29335132010021,9.979590302228397
69.31331663133551,9.98380026372036
69.33328194257082,9.988008071439337
69.35324725380613,9.992209570066374
69.37321256504143,9.996400604282524
69.39317787627674,10.00057701876884
69.41314318751205,10.004734949531233
69.43310849874734,10.00887402414385
69.45307380998266,10.012996173646055
69.47303912121797,10.017103369818441
69.49300443245326,10.021197584441598
69.51296974368857,10.025280789296128
69.53293505492387,10.029354956162619
69.55290036615918,10.033422056821669
69.57286567739449,10.03748406305387
69.59283098862979,10.041542946639817
69.6127962998651,10.045600690999473
69.6327616111004,10.049659428326688
69.6527269223357,10.053721393605564
69.67269223357101,10.057788823866902
69.69265754480632,10.061863956141504
69.71262285604162,10.065949027460173
69.73258816727693,10.070046274853713
69.75255347851224,10.074157935352924
69.77251878974754,10.078286245988602
69.79248410098285,10.082433443791562
69.81244941221816,10.08660147533605
69.83241472345345,10.09078832204289
69.85238003468876,10.094989096753785
69.87234534592407,10.099198848399165
69.89231065715937,10.103412625909446
69.91227596839468,10.107625478215066
69.93224127962998,10.111832454246446
69.95220659086529,10.116028602934017
69.9721719021006,10.120208973208209
69.9921372133359,10.12436861399944
70.0121025245712,10.128502967028403
70.03206783580652,10.132613209899054
70.05203314704181,10.13670486447887
70.07199845827712,10.140783560346891
70.09196376951243,10.144854927082141
70.11192908074773,10.14892459426365
70.13189439198304,10.152998191470452
70.15185970321835,10.157081348281572
70.17182501445365,10.161179694276038
70.19179032568896,10.165298859032886
70.21175563692427,10.169444089072849
70.23172094815956,10.173614637138714
70.25168625939487,10.177805004120442
70.27165157063018,10.182009560439951
70.29161688186548,10.18622267651914
70.31158219310079,10.190438722779934
70.33154750433609,10.19465206964424
70.3515128155714,10.198857087533973
70.37147812680671,10.203048146871046
70.391443438042,10.207219618077366
70.41140874927731,10.211366200613307
70.43137406051262,10.215488120757113
70.45133937174792,10.219590190760536
70.47130468298323,10.223677361688448
70.49126999421854,10.227754584605702
70.51123530545384,10.23182681057716
70.53120061668915,10.235898990667687
70.55116592792446,10.239976075942144
70.57113123915975,10.244063017465383
70.59109655039506,10.248164766302278
70.61106186163038,10.252286069758156
70.63102717286567,10.256427993828858
70.65099248410098,10.260588407746415
70.67095779533629,10.264765074497923
70.69092310657159,10.268955757070481
70.7108884178069,10.273158218451199
70.7308537290422,10.27737022162717
70.7508190402775,10.281589529585501
70.77078435151282,10.285813905313296
70.79074966274811,10.290041111797645
70.81071497398342,10.294268918857076
70.83068028521873,10.298495229351635
70.85064559645403,10.302718067038304
70.87061090768934,10.306935460069592
70.89057621892465,10.311145436597998
70.91054153015995,10.315346024776026
70.93050684139526,10.31953525275618
70.95047215263057,10.323711148690965
70.97043746386586,10.327871740732876
70.99040277510117,10.332015057034429
71.01036808633648,10.336139268767104
71.03033339757178,10.340245556494196
71.05029870880709,10.344337962352554
71.0702640200424,10.34842064191083
71.0902293312777,10.352497750737673
71.11019464251301,10.356573444401752
71.1301599537483,10.360651878471712
71.15012526498361,10.364737208516217
71.17009057621893,10.36883359010392
71.19005588745422,10.372945178803473
71.21002119868953,10.377075985429563
71.22998650992484,10.381226721442708
71.24995182116014,10.385394815523368
71.26991713239545,10.389577554912877
71.28988244363076,10.393772226852567
71.30984775486606,10.397976118583761
71.32981306610137,10.4021865173478
71.34977837733668,10.406400710386013
71.36974368857197,10.41061598493973
71.38970899980728,10.414829628250285
71.4096743110426,10.4190389927762
71.42963962227789,10.423243045619762
71.4496049335132,10.427442434911843
71.46957024474851,10.43163788728423
71.4895355559838,10.435830129368707
71.50950086721912,10.440019887797071
71.52946617845443,10.444207889201104
71.54943148968972,10.448394860212597
71.56939680092503,10.45258152746334
71.58936211216033,10.456768617585114
71.60932742339564,10.460956841568079
71.62929273463095,10.465146488487669
71.64925804586625,10.469337387779438
71.66922335710156,10.473529345674903
71.68918866833687,10.477722168405572
71.70915397957216,10.48191566220296
71.72911929080747,10.486109633298586
71.74908460204279,10.490303887923961
71.76904991327808,10.4944982323106
71.78901522451339,10.498692472690019
71.8089805357487,10.502886418967572
71.828945846984,10.507079989372333
71.84891115821931,10.51127322562309
71.86887646945462,10.515466176161988
71.88884178068992,10.519658889431183
71.90880709192523,10.523851413872832
71.92877240316054,10.528043797929083
71.94873771439583,10.53223609004209
71.96870302563114,10.536428338654012
71.98866833686644,10.540620592206999
72.00863364810175,10.544812898490333
72.02859895933706,10.549005284174893
72.04856427057236,10.553197750736677
72.06852958180767,10.557390298175568
72.08849489304298,10.56158292649143
72.10846020427827,10.56577563568413
72.12842551551358,10.56996842575355
72.1483908267489,10.574161296699554
72.16835613798419,10.57835424852201
72.1883214492195,10.582547281220798
72.20828676045481,10.586740394218497
72.22825207169011,10.590933566370365
72.24821738292542,10.595126750850637
72.26818269416073,10.599319899217669
72.28814800539602,10.603512963029821
72.30811331663134,10.607705893845468
72.32807862786665,10.611898643222956
72.34804393910194,10.616091162720654
72.36800925033725,10.620283403896925
72.38797456157255,10.624475318310129
72.40793987280786,10.628666860057557
72.42790518404317,10.632858083301759
72.44787049527847,10.637049172988522
72.46783580651378,10.641240322884537
72.48780111774909,10.645431726756481
72.50776642898438,10.649623578371028
72.52773174021969,10.653816071494871
72.547697051455,10.65800939989468
72.5676623626903,10.66220375733714
72.58762767392561,10.666399337588937
72.60759298516092,10.670596325978916
72.62755829639622,10.674794538173849
72.64752360763153,10.678993284053231
72.66748891886684,10.683191836991973
72.68745423010213,10.687389470364987
72.70741954133744,10.691585457547193
72.72738485257275,10.695779071913503
72.74735016380805,10.699969586838826
72.76731547504336,10.704156275698082
72.78728078627866,10.708338411866183
72.80724609751397,10.712515296121827
72.82721140874928,10.716687570908054
72.84717671998457,10.720857800748089
72.86714203121988,10.725028698375601
72.8871073424552,10.729202976524249
72.90707265369049,10.733383347927695
72.9270379649258,10.737572525319608
72.94700327616111,10.741773221433645
72.96696858739641,10.745988149003464
72.98693389863172,10.750220020762738
73.00689920986703,10.754471502210325
73.02686452110233,10.758742659087424
73.04682983233764,10.76302965676873
73.06679514357295,10.767328339778897
73.08676045480824,10.771634552642597
73.10672576604355,10.77594413988449
73.12669107727886,10.780252946029249
73.14665638851416,10.78455681560153
73.16662169974947,10.788851593126006
73.18658701098477,10.79313312312734
73.20655232222008,10.797397286225637
73.22651763345539,10.801642211263452
73.24648294469068,10.805869560109825
73.266448255926,10.810081304263978
73.2864135671613,10.814279415225121
73.3063788783966,10.818465864492474
73.32634418963191,10.822642623565255
73.34630950086722,10.82681166394268
73.36627481210252,10.830974957123962
73.38624012333783,10.835134474608322
73.40620543457314,10.839292189230173
73.42617074580843,10.843450168639045
73.44613605704374,10.847610636590641
73.46610136827906,10.851775831397656
73.48606667951435,10.855947991372783
73.50603199074966,10.860129354828727
73.52599730198497,10.864322160078181
73.54596261322027,10.86852864543384
73.56592792445558,10.872751049208404
73.58589323569088,10.876991609714567
73.60585854692619,10.88125253496979
73.6258238581615,10.88553355958629
73.64578916939679,10.889830150596273
73.6657544806321,10.894137352083963
73.68571979186741,10.898450208133585
73.70568510310271,10.902763762829359
73.72565041433802,10.907073060255515
73.74561572557333,10.911373144496274
73.76558103680863,10.915659059635857
73.78554634804394,10.919925849758494
73.80551165927925,10.924168596129386
73.82547697051454,10.928385903411735
73.84544228174985,10.932582748775555
73.86540759298516,10.93676477990279
73.88537290422046,10.940937644475385
73.90533821545577,10.945106990175292
73.92530352669108,10.949278464684458
73.94526883792638,10.953457715684827
73.96523414916169,10.957650390858351
73.98519946039698,10.961862137886976
74.0051647716323,10.966098571720714
74.0251300828676,10.970361667727486
74.0450953941029,10.974646499047887
74.06506070533821,10.978947368538366
74.08502601657352,10.983258579055361
74.10499132780882,10.987574433455318
74.12495663904413,10.991889234594684
74.14492195027944,10.996197285329899
74.16488726151474,11.000492888517407
74.18485257275005,11.004770347013654
74.20481788398536,11.009023989203902
74.22478319522065,11.013251516187838
74.24474850645596,11.017457337814756
74.26471381769127,11.021646657308466
74.28467912892657,11.025824677892784
74.30464444016188,11.029996602791533
74.32460975139719,11.034167635228531
74.34457506263249,11.038342978427588
74.3645403738678,11.042527835612528
74.3845056851031,11.046727410007167
74.4044709963384,11.05094688914813
74.42443630757371,11.055188962147328
74.44440161880901,11.059451103825582
74.46436693004432,11.063730136099645
74.48433224127963,11.068022880886254
74.50429755251493,11.072326160102152
74.52426286375024,11.076636795664093
74.54422817498555,11.080951609488817
74.56419348622084,11.085267423493066
74.58415879745615,11.089581059593591
74.60412410869147,11.093889346638226
74.62408941992676,11.098190467058137
74.64405473116207,11.10248556832435
74.66402004239738,11.10677619071184
74.68398535363268,11.111063874495573
74.70395066486799,11.115350159950529
74.7239159761033,11.119636587351678
74.7438812873386,11.123924696973996
74.7638465985739,11.128216029092451
74.7838119098092,11.132512123982021
74.80377722104451,11.136814516812722
74.82374253227982,11.1411234953585
74.84370784351512,11.145436478450824
74.86367315475043,11.149750483073063
74.88363846598574,11.15406252620858
74.90360377722104,11.158369624840725
74.92356908845635,11.162668795952873
74.94353439969166,11.16695705652838
74.96349971092695,11.171231423550607
74.98346502216226,11.17548891400292
75.00343033339757,11.179726551129216
75.02339564463287,11.18394331926149
75.04336095586818,11.188142940202912
75.06332626710349,11.192329836910833
75.08329157833879,11.196508432342597
75.1032568895741,11.200683149455557
75.12322220080941,11.204858411207063
75.1431875120447,11.20903864055446
75.16315282328002,11.213228260455107
75.18311813451531,11.217431693866342
75.20308344575062,11.221653359328736
75.22304875698593,11.225895848291184
75.24301406822123,11.230157114476452
75.26297937945654,11.23443438674024
75.28294469069185,11.23872489393825
75.30291000192715,11.243025864926173
75.32287531316246,11.247334528559719
75.34284062439777,11.25164811369458
75.36280593563306,11.255963849186458
75.38277124686837,11.260278963891052
75.40273655810368,11.264590688150692
75.42270186933898,11.268897095100753
75.44266718057429,11.273198506546317
75.4626324918096,11.277495615273006
75.4825978030449,11.281789114066441
75.5025631142802,11.286079695712253
75.52252842551552,11.290368052996063
75.54249373675081,11.294654878703492
75.56245904798612,11.298940865620171
75.58242435922142,11.30322670653172
75.60238967045673,11.307513094025783
75.62235498169204,11.311800559397547
75.64232029292734,11.31608918141716
75.66228560416265,11.320378960086432
75.68225091539796,11.32466989540716
75.70221622663325,11.328961987381147
75.72218153786856,11.3332552360102
75.74214684910388,11.337549641296118
75.76211216033917,11.341845203240704
75.78207747157448,11.346141921845764
75.80204278280979,11.35043979698942
75.82200809404509,11.354738674386532
75.8419734052804,11.359037944770495
75.86193871651571,11.363336915348473
75.881904027751,11.367634893327624
75.90186933898632,11.37193118591512
75.92183465022163,11.37622510031812
75.94179996145692,11.380515943743786
75.96176527269223,11.38480302339929
75.98173058392753,11.389085646491791
76.00169589516284,11.393363120582283
76.02166120639815,11.397635489111952
76.04162651763345,11.401905080898668
76.06159182886876,11.406174667111982
76.08155714010407,11.41044701892143
76.10152245133936,11.414724907496545
76.12148776257467,11.419011104006875
76.14145307380998,11.423308379621961
76.16141838504528,11.427619505511332
76.18138369628059,11.431947252844541
76.2013490075159,11.436294392421251
76.2213143187512,11.440662237643808
76.24127962998651,11.4450473375022
76.26124494122182,11.449445268945325
76.28121025245711,11.453851608922088
76.30117556369242,11.458261934381403
76.32114087492774,11.462671822272167
76.34110618616303,11.467076849543288
76.36107149739834,11.471472593143677
76.38103680863364,11.475854630022233
76.40100211986895,11.480218537283964
76.42096743110426,11.484561321173489
76.44093274233956,11.48888490735605
76.46089805357487,11.493192279198041
76.48086336481018,11.497486420065826
76.50082867604547,11.501770313325787
76.52079398728078,11.506046942344302
76.5407592985161,11.51031929048775
76.56072460975139,11.514590341122501
76.5806899209867,11.518863077614938
76.60065523222201,11.52314048330478
76.6206205434573,11.527424710766093
76.64058585469262,11.531714900735555
76.66055116592793,11.536009511632978
76.68051647716322,11.54030700187817
76.70048178839853,11.544605829890957
76.72044709963384,11.548904454091147
76.74041241086914,11.553201332898553
76.76037772210445,11.557494924732994
76.78034303333975,11.561783688014279
76.80030834457506,11.566066081165129
76.82027365581037,11.570341387068312
76.84023896704566,11.57461203717812
76.86020427828097,11.578881214448918
76.88016958951629,11.583152101835076
76.90013490075158,11.587427882290951
76.92010021198689,11.591711738770917
76.9400655232222,11.596006854229334
76.9600308344575,11.600316411620565
76.97999614569281,11.604643593898983
76.99996145692812,11.60899158401895
77.01992676816342,11.613362172305255
77.03989207939873,11.617751546209046
77.05985739063404,11.622154484327291
77.07982270186933,11.626565765256933
77.09978801310464,11.630980167594936
77.11975332433995,11.635392469938248
77.13971863557525,11.63979745088382
77.15968394681056,11.644189889028613
77.17964925804586,11.648564562969575
77.19961456928117,11.652916251303662
77.21957988051648,11.657241459681023
77.23954519175177,11.661544013958475
77.25951050298708,11.665829679112212
77.2794758142224,11.670104220131597
77.29944112545769,11.674373402005982
77.319406436693,11.67864298972474
77.33937174792831,11.682918748277224
77.35933705916361,11.687206442652798
77.37930237039892,11.691511837840823
77.39926768163423,11.695840698830661
77.41923299286952,11.700197052496952
77.43919830410483,11.704577163871432
77.45916361534015,11.708975132164108
77.47912892657544,11.713385056489038
77.49909423781075,11.717801035960282
77.51905954904606,11.7222171696919
77.53902486028136,11.72662755679795
77.55899017151667,11.731026296392502
77.57895548275197,11.7354074875896
77.59892079398728,11.739765229503316
77.61888610522259,11.744095286173673
77.63885141645788,11.74840125593768
77.65881672769319,11.752689039370633
77.6787820389285,11.75696453735846
77.6987473501638,11.761233650787108
77.71871266139911,11.765502280542515
77.73867797263442,11.769776327510623
77.75864328386972,11.774061692577368
77.77860859510503,11.778364276628695
77.79857390634034,11.78268998055054
77.81853921757563,11.78704314850338
77.83850452881094,11.791420404791559
77.85846984004625,11.795815985134281
77.87843515128155,11.800224124542186
77.89840046251686,11.804639058025915
77.91836577375217,11.809055020596103
77.93833108498747,11.813466247263388
77.95829639622278,11.817866973038413
77.97826170745807,11.822251432931813
77.99822701869338,11.82661386195423
78.0181923299287,11.830949880405901
78.03815764116399,11.835262350056981
78.0581229523993,11.839556491028231
78.07808826363461,11.843837524722694
78.09805357486991,11.848110672543413
78.11801888610522,11.852381155893438
78.13798419734053,11.856654196175812
78.15794950857583,11.860935014793581
78.17791481981114,11.865228833149798
78.19788013104645,11.869540872647503
78.21784544228174,11.873875354443435
78.23781075351705,11.878230986507404
78.25777606475236,11.882604587561728
78.27774137598766,11.886992974652044
78.29770668722297,11.891392964823991
78.31767199845828,11.895801375123202
78.33763730969358,11.900215022595308
78.35760262092889,11.904630724285951
78.3775679321642,11.909045297240766
78.3975332433995,11.913455558505378
78.4174985546348,11.917858855259922
78.4374638658701,11.922255616708922
78.45742917710541,11.926647382947452
78.47739448834072,11.931035695555696
78.49735979957602,11.935422096113834
78.51732511081133,11.939808126202054
78.53729042204664,11.94419532740054
78.55725573328193,11.948585241289464
78.57722104451724,11.952979409449021
78.59718635575256,11.957379373459393
78.61715166698785,11.96178619676309
78.63711697822316,11.966198009706162
78.65708228945847,11.97061183103301
78.67704760069377,11.975024677377265
78.69701291192908,11.979433565372563
78.71697822316439,11.983835511652538
78.73694353439969,11.988227532850813
78.756908845635,11.992606645601029
78.7768741568703,11.996969866536812
78.7968394681056,12.001314212291796
78.81680477934091,12.005637435583186
78.83677009057621,12.009942055830772
78.85673540181152,12.014232491188856
78.87670071304683,12.018513164708493
78.89666602428213,12.022788499440738
78.91663133551744,12.02706291843666
78.93659664675275,12.031340844747316
78.95656195798804,12.035626701423759
78.97652726922335,12.039924911517053
78.99649258045866,12.044239898078258
79.01645789169396,12.048575412533452
79.03642320292927,12.05293061268694
79.05638851416458,12.057302733870118
79.07635382539988,12.061689004913573
79.09631913663519,12.066086654647902
79.1162844478705,12.07049291190369
79.1362497591058,12.074905005511523
79.1562150703411,12.079320164301999
79.17618038157642,12.0837356171057
79.19614569281171,12.088148592753216
79.21611100404702,12.092556623437305
79.23607631528232,12.096959434023335
79.25604162651763,12.101357713149994
79.27600693775294,12.105752153609632
79.29597224898824,12.110143448194599
79.31593756022355,12.11453228969725
79.33590287145886,12.11891937090994
79.35586818269415,12.123305384625013
79.37583349392946,12.12769102363483
79.39579880516477,12.132076980731743
79.41576411640007,12.136463891870923
79.43572942763538,12.140851958594357
79.45569473887069,12.145241181977866
79.47566005010599,12.14963156202145
79.4956253613413,12.154023098725114
79.51559067257661,12.158415792088855
79.5355559838119,12.162809642112666
79.55552129504721,12.16720464879656
79.57548660628252,12.171600812140529
79.59545191751782,12.17599813214457
79.61541722875313,12.180396555641648
79.63538253998843,12.184795599459083
79.65534785122374,12.189194572169457
79.67531316245905,12.19359278098041
79.69527847369434,12.197989533099589
79.71524378492965,12.202384135734649
79.73520909616497,12.206775896093232
79.75517440740026,12.211164121382984
79.77513971863557,12.21554811881156
79.79510502987088,12.2199271955866
79.81507034110618,12.224300907207809
79.83503565234149,12.228670935788385
79.8550009635768,12.233040043989417
79.8749662748121,12.237411002980313
79.8949315860474,12.24178658393049
79.91489689728272,12.246169558009349
79.93486220851801,12.250562696386304
79.95482751975332,12.254968770230771
79.97479283098863,12.259390550712155
79.99475814222393,12.263830808999863
80.01472345345924,12.268291835387092
80.03468876469454,12.27277155482907
80.05465407592985,12.277265565974758
80.07461938716516,12.28176944577309
80.09458469840045,12.286278771173004
80.11455000963576,12.290789119123449
80.13451532087107,12.295296066573359
80.15448063210637,12.299795190471675
80.17444594334168,12.304282067767344
80.19441125457699,12.3087522754093
80.21437656581229,12.31320185123316
80.2343418770476,12.31763127156886
80.25430718828291,12.322043492707575
80.2742724995182,12.326441498015663
80.29423781075351,12.3308282708595
80.31420312198883,12.335206794605453
80.33416843322412,12.339580052619885
80.35413374445943,12.34395102826917
80.37409905569474,12.348322704919676
80.39406436693004,12.35269806593776
80.41402967816535,12.357079833005862
80.43399498940065,12.361468051665241
80.45396030063596,12.365861200152588
80.47392561187127,12.370257736887726
80.49389092310656,12.374656120290458
80.51385623434187,12.379054808780612
80.53382154557718,12.383452260778002
80.55378685681248,12.387846934702441
80.57375216804779,12.392237288973751
80.5937174792831,12.39662178201175
80.6136827905184,12.400999125692818
80.6336481017537,12.40537078737163
80.65361341298902,12.409739925467814
80.67357872422431,12.414109722935734
80.69354403545962,12.418483362729756
80.71350934669493,12.422864027804247
80.73347465793023,12.427254901113564
80.75343996916554,12.43165916561208
80.77340528040085,12.436080004254158
80.79337059163615,12.440520599994157
80.81333590287146,12.444983718348162
80.83330121410675,12.449467294707306
80.85326652534206,12.453966158948699
80.87323183657738,12.4584750896693
80.89319714781267,12.462988865466048
80.91316245904798,12.467502264935915
80.93312777028329,12.472010066675843
80.95309308151859,12.47650704928279
80.9730583927539,12.480987991353707
80.99302370398921,12.485447671485554
81.0129890152245,12.489881372476944
81.03295432645982,12.494290594358866
81.05291963769513,12.498681024002822
81.07288494893042,12.503058426398171
81.09285026016573,12.50742856653428
81.11281557140104,12.51179720940051
81.13278088263634,12.516170119986215
81.15274619387165,12.520553063280767
81.17271150510696,12.524951804273519
81.19267681634226,12.529372107953831
81.21264212757757,12.533819245684727
81.23260743881286,12.538291993247244
81.25257275004817,12.54278454570382
81.27253806128348,12.547291002168508
81.29250337251878,12.551805461755372
81.31246868375409,12.556322023578472
81.3324339949894,12.560834786751867
81.3523993062247,12.565337850389614
81.37236461746001,12.569825313605778
81.39232992869532,12.574291275514419
81.41229523993061,12.578730294616625
81.43226055116592,12.583143390049354
81.45222586240124,12.58753635117516
81.47219117363653,12.59191507887998
81.49215648487184,12.596285474049765
81.51212179610715,12.600653437570447
81.53208710734245,12.605024870327966
81.55205241857776,12.609405673208267
81.57201772981307,12.613801747097286
81.59198304104837,12.61821899288096
81.61194835228368,12.622662894708409
81.63191366351897,12.627132662811091
81.65187897475428,12.63162265808257
81.6718442859896,12.636127115533476
81.69180959722489,12.640640270174453
81.7117749084602,12.645156357016143
81.73174021969551,12.649669611069177
81.7517055309308,12.654174267344196
81.77167084216612,12.658664560851843
81.79163615340143,12.663134726602756
81.81160146463672,12.667579358871867
81.83156677587203,12.671998852005402
81.85153208710734,12.6763982927913
81.87149739834264,12.680782902632606
81.89146270957795,12.685157902932373
81.91142802081326,12.689528515093643
81.93139333204856,12.69389996051946
81.95135864328387,12.698277460612877
81.97132395451918,12.702666236776935
81.99128926575447,12.707071510414679
82.01125457698978,12.711498252022299
82.03121988822508,12.715947079988908
82.05118519946039,12.720414927689504
82.0711505106957,12.724898612169712
82.091115821931,12.729394950475168
82.11108113316631,12.733900759651515
82.13104644440162,12.73841285674438
82.15101175563692,12.7429280587994
82.17097706687223,12.747443182862213
82.19094237810754,12.751955045978455
82.21090768934283,12.756460593597534
82.23087300057814,12.76095916904875
82.25083831181345,12.765452240389473
82.27080362304875,12.769941349199886
82.29076893428406,12.774428037060174
82.31073424551937,12.778913845550521
82.33069955675467,12.783400316251107
82.35066486798998,12.787888990742118
82.37063017922529,12.792381410603738
82.39059549046058,12.796879117416148
82.4105608016959,12.801383541144007
82.43052611293119,12.805893862657387
82.4504914241665,12.810407177411014
82.47045673540181,12.814920502038516
82.49042204663711,12.81943085317352
82.51038735787242,12.823935247449668
82.53035266910773,12.828430701500583
82.55031798034302,12.832914231959897
82.57028329157833,12.837382855461248
82.59024860281365,12.841833588638265
82.61021391404894,12.846263613398857
82.63017922528425,12.850673713923003
82.65014453651956,12.855068169438471
82.67010984775486,12.859451402996319
82.69007515899017,12.86382783764761
82.71004047022548,12.868201896443408
82.73000578146078,12.872578002434759
82.74997109269609,12.876960578672735
82.7699364039314,12.881354048208397
82.78990171516669,12.885762834092795
82.809867026402,12.890191214645483
82.8298323376373,12.894640047055839
82.84979764887261,12.899106715302779
82.86976296010792,12.903588448216889
82.88972827134322,12.90808247462875
82.90969358257853,12.912586023368961
82.92965889381384,12.917096323268101
82.94962420504913,12.921610603156758
82.96958951628444,12.92612609186552
82.98955482751975,12.930640018224976
83.00952013875505,12.935149673658367
83.02948544999036,12.939653958806872
83.04945076122567,12.944153483794274
83.06941607246097,12.94864894141293
83.08938138369628,12.953141024455212
83.10934669493159,12.957630425713473
83.12931200616688,12.962117837980081
83.1492773174022,12.966603954047393
83.1692426286375,12.971089466707776
83.1892079398728,12.975575068753583
83.20917325110811,12.980061441777822
83.22913856234341,12.984548953225891
83.24910387357872,12.989037621334063
83.26906918481403,12.993527446102302
83.28903449604933,12.998018427530564
83.30899980728464,13.002510565618827
83.32896511851995,13.00700386036705
83.34893042975524,13.011498311775197
83.36889574099055,13.015993919843241
83.38886105222586,13.02049068457114
83.40882636346116,13.024988595982572
83.42879167469647,13.029487337728881
83.44875698593178,13.033986237069758
83.46872229716708,13.03848460121298
83.48868760840239,13.042981737366327
83.5086529196377,13.047476952737574
83.528618230873,13.051969554534491
83.5485835421083,13.056458849964864
83.56854885334361,13.060944146236464
83.58851416457891,13.065424750557066
83.60847947581422,13.069900014362776
83.62844478704952,13.074370781734611
83.64841009828483,13.078839713920344
83.66837540952014,13.083309582088903
83.68834072075543,13.087783157409218
83.70830603199074,13.092263211050222
83.72827134322606,13.096752514180842
83.74823665446135,13.101253837970003
83.76820196569666,13.105769953586641
83.78816727693197,13.110303632199683
83.80813258816727,13.11485756393973
83.82809789940258,13.11943142094282
83.84806321063789,13.12402102976751
83.86802852187319,13.128621967364538
83.8879938331085,13.133229810684643
83.9079591443438,13.137840136678559
83.9279244555791,13.142448522297018
83.94788976681441,13.147050544490764
83.96785507804972,13.151641780210529
83.98782038928502,13.156217806407044
84.00778570052033,13.160774273232771
84.02775101175563,13.165309852889134
84.04771632299094,13.169827248496915
84.06768163422625,13.174329443415782
84.08764694546154,13.178819421005397
84.10761225669685,13.183300164625432
84.12757756793216,13.18777465763556
84.14754287916746,13.192245883395433
84.16750819040277,13.196716825264733
84.18747350163808,13.201190466603123
84.20743881287338,13.205669751763333
84.22740412410869,13.210155830927944
84.247369435344,13.21464734880193
84.2673347465793,13.219142763830115
84.2873000578146,13.223640534457326
84.30726536904992,13.228139119128382
84.32723068028521,13.232636976288106
84.34719599152052,13.237132564381323
84.36716130275583,13.241624341852853
84.38712661399113,13.246110767147517
84.40709192522644,13.25059033400091
84.42705723646174,13.255063354818065
84.44702254769705,13.25953280138006
84.46698785893236,13.26400185654793
84.48695317016765,13.268473703182714
84.50691848140296,13.27295152414546
84.52688379263827,13.277438502297205
84.54684910387357,13.281937820498989
84.56681441510888,13.286452661611854
84.58677972634419,13.290986208496843
84.60674503757949,13.295541590007337
84.6267103488148,13.300118797198724
84.64667566005011,13.304713015668819
84.6666409712854,13.309319024362852
84.68660628252071,13.31393160222608
84.70657159375602,13.318545528203742
84.72653690499132,13.323155581241075
84.74650221622663,13.32775654028333
84.76646752746194,13.332343184275746
84.78643283869724,13.336910292163564
84.80639814993255,13.34145270314434
84.82636346116784,13.345969230601936
84.84632877240315,13.350465063742583
84.86629408363846,13.354945966255803
84.88625939487376,13.359417701831127
84.90622470610907,13.363886034158083
84.92619001734438,13.368356726926207
84.94615532857968,13.372835543825015
84.96612063981499,13.377328248544048
84.9860859510503,13.381840604772828
85.0060512622856,13.386378322094721
85.0260165735209,13.390943026610621
85.04598188475622,13.395529480048506
85.06594719599151,13.400131786373473
85.08591250722682,13.404744049550633
85.10587781846213,13.409360373545079
85.12584312969743,13.413974862321915
85.14580844093274,13.418581619846242
85.16577375216805,13.423174750083161
85.18573906340335,13.42774835699777
85.20570437463866,13.432296590342606
85.22566968587397,13.436817589100082
85.24563499710926,13.441316520623202
85.26560030834457,13.445799267693586
85.28556561957987,13.450271713092828
85.30553093081518,13.454739739602548
85.32549624205049,13.45920923000435
85.34546155328579,13.463686067079836
85.3654268645211,13.468176133610626
85.38539217575641,13.472685312378326
85.4053574869917,13.477219448872154
85.42532279822701,13.481780599786209
85.44528810946233,13.486363823647865
85.46525342069762,13.490963423034053
85.48521873193293,13.495573700521694
85.50518404316824,13.500188958687716
85.52514935440354,13.504803500109034
85.54511466563885,13.509411627362583
85.56507997687416,13.51400764302528
85.58504528810946,13.51858584967405
85.60501059934477,13.523140577986586
85.62497591058008,13.52766952650926
85.64494122181537,13.532176917376429
85.66490653305068,13.536667719830332
85.68487184428598,13.541146903113198
85.70483715552129,13.545619436467275
85.7248024667566,13.550090289134793
85.7447677779919,13.554564430357987
85.7647330892272,13.559046829379099
85.78469840046252,13.563542455440363
85.80466371169781,13.568056262465438
85.82462902293312,13.572591009519037
85.84459433416843,13.577144995769117
85.86455964540373,13.58171597933827
85.88452495663904,13.586301718349088
85.90449026787435,13.590899970924154
85.92445557910965,13.595508495186056
85.94442089034496,13.60012504925739
85.96438620158027,13.604747391260743
85.98435151281556,13.609373279318692
86.00431682405087,13.614000472010908
86.02428213528619,13.618626807436954
86.04424744652148,13.623250293257707
86.06421275775679,13.627868958906355
86.08417806899209,13.632480833816073
86.1041433802274,13.637083947420042
86.12410869146271,13.64167632915144
86.144074002698,13.64625600844345
86.16403931393332,13.650821014729248
86.18400462516863,13.655369377442016
86.20396993640392,13.659899134041675
86.22393524763923,13.664410049029925
86.24390055887454,13.668905752701814
86.26386587010984,13.673390400367799
86.28383118134515,13.677868147338351
86.30379649258046,13.682343148923929
86.32376180381576,13.686819560434994
86.34372711505107,13.691301537182014
86.36369242628638,13.695793234475447
86.38365773752167,13.700298807625757
86.40362304875698,13.704822405102819
86.4235883599923,13.709366314903704
86.44355367122759,13.71392845180168
86.4635189824629,13.718506102790181
86.4834842936982,13.723096554862636
86.50344960493351,13.727697095012473
86.52341491616882,13.732305010233121
86.54338022740411,13.736917587517999
86.56334553863942,13.741532113860545
86.58331084987474,13.746145876254186
86.60327616111003,13.750756164226225
86.62324147234534,13.755361161821314
86.64320678358065,13.759961261960456
86.66317209481595,13.764557192525242
86.68313740605126,13.769149681397272
86.70310271728657,13.773739456458143
86.72306802852187,13.778327245589447
86.74303333975718,13.782913776672785
86.76299865099249,13.787499777589757
86.78296396222778,13.792085976221946
86.80292927346309,13.796673099963321
86.8228945846984,13.801261645339615
86.8428598959337,13.80585150975461
86.86282520716901,13.810442494688504
86.8827905184043,13.815034401621471
86.90275582963962,13.819627032033713
86.92272114087493,13.824220187405404
86.94268645211022,13.828813669216732
86.96265176334553,13.833407278947888
86.98261707458084,13.838000818079056
87.00258238581614,13.842594088185894
87.02254769705145,13.847186954011317
87.04251300828676,13.851779452634304
87.06247831952206,13.856371650252502
87.08244363075737,13.860963613063584
87.10240894199268,13.865555407265196
87.12237425322797,13.870147099054998
87.14233956446328,13.874738754630652
87.1623048756986,13.879330440189815
87.18227018693389,13.883922221930135
87.2022354981692,13.88851416601829
87.22220080940451,13.893106308389262
87.24216612063981,13.897698598233516
87.26213143187512,13.902290969280243
87.28209674311042,13.90688335525862
87.30206205434573,13.911475689897834
87.32202736558104,13.916067906927067
87.34199267681633,13.920659940075499
87.36195798805164,13.92525172307232
87.38192329928695,13.929843189646713
87.40188861052225,13.934434273565259
87.42185392175756,13.939024966402588
87.44181923299287,13.943615434243826
87.46178454422817,13.94820587597458
87.48174985546348,13.952796490480461
87.50171516669879,13.95738747664708
87.52168047793408,13.96197903336004
87.5416457891694,13.966571359504952
87.5616111004047,13.971164653967424
87.58157641164,13.975759115633066
87.60154172287531,13.980354943316259
87.62150703411062,13.984952142748735
87.64147234534592,13.989550106211604
87.66143765658123,13.994148104433254
87.68140296781652,13.998745408142062
87.70136827905183,14.003341288066418
87.72133359028714,14.007935014934697
87.74129890152244,14.012525859475284
87.76126421275775,14.017113092416562
87.78122952399306,14.021695984486913
87.80119483522836,14.026273806537867
87.82116014646367,14.030846512961764
87.84112545769898,14.035416344488281
87.86109076893428,14.039986019318277
87.88105608016959,14.04455825565262
87.9010213914049,14.049135771692166
87.92098670264019,14.05372128563778
87.9409520138755,14.058317515690325
87.96091732511081,14.062927180050663
87.98088263634611,14.067552996919648
88.00084794758142,14.072197684410144
88.02081325881673,14.076862659491653
88.04077857005203,14.081544756037355
88.06074388128734,14.086239799349652
88.08070919252263,14.090943614730937
88.10067450375794,14.095652027483618
88.12063981499325,14.10036086291009
88.14060512622855,14.10506594631275
88.16057043746386,14.109763102994004
88.18053574869917,14.114448158256243
88.20050105993447,14.11911693741825
88.22046637116978,14.1237663819978
88.24043168240509,14.12839757472484
88.26039699364038,14.133012558520452
88.2803623048757,14.137613376305726
88.300327616111,14.142202071001734
88.3202929273463,14.146780685529558
88.34025823858161,14.151351262810286
88.36022354981692,14.155915845764996
88.38018886105222,14.160476477314766
88.40015417228753,14.165035200380679
88.42011948352284,14.169594045761693
88.44008479475814,14.174154996878602
88.46005010599345,14.178720025578917
88.48001541722874,14.183291103710138
88.49998072846405,14.187870203119775
88.51994603969936,14.192459295655329
88.53991135093466,14.197060353164298
88.55987666216997,14.201675347494195
88.57984197340528,14.20630625049252
88.59980728464058,14.210955034006776
88.61977259587589,14.215622709357294
88.6397379071112,14.220306332864961
88.6597032183465,14.225001943053796
88.6796685295818,14.229705578446936
88.69963384081711,14.234413277567509
88.71959915205241,14.239121078938643
88.73956446328772,14.243825021083476
88.75952977452303,14.248521142525133
88.77949508575833,14.253205481786749
88.79946039699364,14.257874077391456
88.81942570822895,14.262523873274198
88.83939101946424,14.267155741032225
88.85935633069955,14.271771617037652
88.87932164193485,14.276373437681984
88.89928695317016,14.280963139356741
88.91925226440547,14.285542658453428
88.93921757564077,14.290113931363553
88.95918288687608,14.294678894478636
88.97914819811139,14.299239484190188
88.99911350934669,14.303797636889714
89.019078820582,14.308355325088538
89.0390441318173,14.312914686388247
89.0590094430526,14.317477905530264
89.07897475428791,14.32204716725965
89.09894006552322,14.326624656321448
89.11890537675852,14.331212557460706
89.13887068799383,14.335813055422488
89.15883599922914,14.340428334951838
89.17880131046444,14.345060580793803
89.19876662169975,14.349711977693444
89.21873193293506,14.354383761828101
89.23869724417035,14.359072600673512
89.25866255540566,14.36377378796297
89.27862786664096,14.368482617158978
89.29859317787627,14.37319438172406
89.31855848911158,14.37790437512072
89.33852380034688,14.38260789081147
89.35848911158219,14.387300222258826
89.3784544228175,14.3919766629253
89.3984197340528,14.396632506273399
89.4183850452881,14.401264270429422
89.43835035652342,14.405874690415098
89.45831566775871,14.410468469189164
89.47828097899402,14.415050310488061
89.49824629022933,14.419624918048234
89.51821160146463,14.424196995606115
89.53817691269994,14.428771246898153
89.55814222393525,14.433352375660785
89.57810753517055,14.437945085630448
89.59807284640586,14.442554080543593
89.61803815764117,14.447183219175685
89.63800346887646,14.451831838276954
89.65796878011177,14.456497768137993
89.67793409134707,14.46117883801898
89.69789940258238,14.465872877180109
89.71786471381769,14.47057771488156
89.73783002505299,14.475291180383511
89.7577953362883,14.480011102946156
89.7777606475236,14.484735311829674
89.7977259587589,14.489461636294246
89.81769126999421,14.494187926603198
89.83765658122952,14.498912151556134
89.85762189246482,14.503632321497042
89.87758720370013,14.508346446814517
89.89755251493544,14.513052537897153
89.91751782617074,14.517748605133537
89.93748313740605,14.522432658912273
89.95744844864136,14.527102709621944
89.97741375987665,14.531756767651148
89.99737907111196,14.536392843388477
90.01734438234728,14.54100961922286
90.03730969358257,14.545609778492947
90.05727500481788,14.550197479231183
90.07724031605318,14.554776881788776
90.09720562728849,14.55935214651694
90.1171709385238,14.563927433766889
90.1371362497591,14.568506903889833
90.1571015609944,14.573094717236991
90.17706687222972,14.577695034159573
90.19703218346501,14.582312015008789
90.21699749470032,14.586949113143284
90.23696280593563,14.59160533954892
90.25692811717093,14.596277983864027
90.27689342840624,14.600964331963622
90.29685873964155,14.605661669722716
90.31682405087685,14.610367283016322
90.33678936211216,14.615078457719456
90.35675467334747,14.61979247970713
90.37671998458276,14.62450663485435
90.39668529581807,14.629218209036141
90.41665060705338,14.633924820826012
90.43661591828868,14.638626296106079
90.45658122952399,14.643323359566054
90.47654654075929,14.648016738520441
90.4965118519946,14.65270716028375
90.51647716322991,14.65739535217048
90.5364424744652,14.66208204149514
90.55640778570051,14.666767955572235
90.57637309693582,14.671453821716272
90.59633840817112,14.676140367241748
90.61630371940643,14.680828235744523
90.63626903064174,14.6855174840366
90.65623434187704,14.690207917933295
90.67619965311235,14.694899342301586
90.69616496434766,14.69959156200843
90.71613027558296,14.704284381920791
90.73609558681827,14.708977606905647
90.75606089805358,14.713671041829956
90.77602620928887,14.718364491560681
90.79599152052418,14.723057760964794
90.8159568317595,14.727750676040543
90.83592214299479,14.732443219347342
90.8558874542301,14.73713544376785
90.8758527654654,14.74182740251969
90.8958180767007,14.746519148820498
90.91578338793602,14.751210735887904
90.93574869917131,14.755902216939532
90.95571401040662,14.760593645193023
90.97567932164193,14.765285073866002
90.99564463287723,14.769976556176097
91.01560994411254,14.774668139688867
91.03557525534785,14.779359827674758
91.05554056658315,14.784051602519044
91.07550587781846,14.788743446484245
91.09547118905377,14.793435341832863
91.11543650028906,14.79812727082741
91.13540181152437,14.802819215730402
91.15536712275969,14.807511158804344
91.17533243399498,14.812203082311745
91.19529774523029,14.816894968515122
91.2152630564656,14.8215868023182
91.2352283677009,14.826278590535422
91.25519367893621,14.830970350821891
91.2751589901715,14.835662100909923
91.29512430140682,14.840353858531854
91.31508961264213,14.845045641420008
91.33505492387742,14.849737467306706
91.35502023511273,14.854429353924282
91.37498554634804,14.859121319005059
91.39495085758334,14.86381338028136
91.41491616881865,14.868505550556208
91.43488148005396,14.873197799312317
91.45484679128926,14.877890073549056
91.47481210252457,14.882582320074615
91.49477741375988,14.88727448569718
91.51474272499517,14.891966517224924
91.53470803623048,14.89665836146604
91.5546733474658,14.901349965228706
91.57463865870109,14.906041275321101
91.5946039699364,14.910732238551418
91.61456928117171,14.915422817804037
91.63453459240701,14.920113125766136
91.65449990364232,14.92480335665591
91.67446521487761,14.929493705508289
91.69443052611292,14.934184367358224
91.71439583734823,14.93887553724065
91.73436114858353,14.943567410190505
91.75432645981884,14.94826018124274
91.77429177105415,14.952954045432291
91.79425708228945,14.957649197794092
91.81422239352476,14.962345777815994
91.83418770476007,14.967043375643579
91.85415301599537,14.971741267986037
91.87411832723068,14.976438727895424
91.89408363846599,14.981135028423795
91.91404894970128,14.985829442623194
91.93401426093659,14.990521243545682
91.9539795721719,14.99520970424331
91.9739448834072,14.999894097768125
91.99391019464251,15.004573697172187
92.01387550587782,15.009247967944354
92.03384081711312,15.013918397496964
92.05380612834843,15.0185876823182
92.07377143958374,15.023258535164912
92.09373675081903,15.027933668793944
92.11370206205434,15.032615795962151
92.13366737328964,15.037307629426374
92.15363268452495,15.04201188194347
92.17359799576026,15.046731266270282
92.19356330699556,15.051468495163654
92.21352861823087,15.056225925248246
92.23349392946618,15.061001933255941
92.25345924070147,15.065792402298054
92.27342455193678,15.070593177129373
92.2933898631721,15.075400102504677
92.31335517440739,15.080209023178746
92.3333204856427,15.085015783906373
92.35328579687801,15.08981622944234
92.37325110811331,15.094606204541423
92.39321641934862,15.099381553958416
92.41318173058393,15.104138416281158
92.43314704181923,15.108876426925097
92.45311235305454,15.113597516399683
92.47307766428985,15.11830365526047
92.49304297552514,15.122996814063018
92.51300828676045,15.127678963362884
92.53297359799575,15.13235207371562
92.55293890923106,15.13701811567679
92.57290422046637,15.141679059801952
92.59286953170167,15.14633687664665
92.61283484293698,15.150993548779267
92.63280015417229,15.155651211210564
92.65276546540758,15.160312103737946
92.6727307766429,15.164978468218631
92.6926960878782,15.169652546509836
92.7126613991135,15.174336580468779
92.73262671034881,15.179032811952677
92.75259202158412,15.183743482818748
92.77255733281942,15.188470834924205
92.79252264405473,15.193217110126268
92.81248795529004,15.19798425618526
92.83245326652533,15.202770235561829
92.85241857776064,15.207570142239398
92.87238388899596,15.212379007067765
92.89234920023125,15.217191860896735
92.91231451146656,15.222003734576113
92.93227982270186,15.226809658955702
92.95224513393717,15.231604664885309
92.97221044517248,15.236383783214738
92.99217575640778,15.241142044793786
93.01214106764309,15.245874880234613
93.0321063788784,15.250583513836498
93.05207169011369,15.255273535680807
93.072037001349,15.259950642842655
93.09200231258431,15.264620532397151
93.11196762381961,15.26928890141939
93.13193293505492,15.273961446984496
93.15189824629023,15.278643866167561
93.17186355752553,15.283341856043702
93.19182886876084,15.288061113688023
93.21179417999615,15.29280693836335
93.23175949123144,15.297578452826272
93.25172480246675,15.302369907883335
93.27169011370206,15.307175422052762
93.29165542493736,15.311989113852777
93.31162073617267,15.316805101801613
93.33158604740797,15.321617504417489
93.35155135864328,15.326420440218639
93.37151666987859,15.331208027723285
93.39148198111388,15.335974385449653
93.4114472923492,15.340714001747227
93.4314126035845,15.345427527641526
93.4513779148198,15.350120701941993
93.47134322605511,15.354799415832165
93.49130853729042,15.359469560495567
93.51127384852572,15.364137027115722
93.53123915976103,15.36880770687617
93.55120447099634,15.373487490960436
93.57116978223164,15.378182270552044
93.59113509346695,15.382897936834528
93.61110040470226,15.387640047665338
93.63106571593755,15.39240818791549
93.65103102717286,15.397196781776737
93.67099633840817,15.402000083665184
93.69096164964347,15.40681234799695
93.71092696087878,15.411627829188161
93.73089227211408,15.416440781654924
93.75085758334939,15.421245459813367
93.7708228945847,15.426036118079603
93.79078820582,15.430807010869746
93.8107535170553,15.435552676431962
93.83071882829061,15.440273134117028
93.85068413952591,15.444973358988905
93.87064945076122,15.449658504531138
93.89061476199653,15.454333724227272
93.91058007323183,15.45900417156084
93.93054538446714,15.46367500001539
93.95051069570245,15.468351363074465
93.97047600693774,15.473038414221598
93.99044131817305,15.47774130694034
94.01040662940837,15.4824650039109
94.03037194064366,15.487210487806333
94.05033725187897,15.491974975804489
94.07030256311428,15.49675553722353
94.09026787434958,15.501549241381634
94.11023318558489,15.506353157596974
94.13019849682019,15.511164355187727
94.1501638080555,15.515979903472067
94.1701291192908,15.520796871768171
94.1900944305261,15.525612329394207
94.21005974176141,15.530423420950145
94.23002505299672,15.53522899152494
94.24999036423202,15.540029569654783
94.26995567546733,15.54482575574921
94.28992098670264,15.54961815021775
94.30988629793794,15.554407353469934
94.32985160917325,15.559193965915295
94.34981692040856,15.563978587963359
94.36978223164385,15.56876182002366
94.38974754287916,15.57354426250573
94.40971285411447,15.578326514449634
94.42967816534977,15.583109141305226
94.44964347658508,15.587892673726842
94.46960878782039,15.592677640758177
94.48957409905569,15.597464571442934
94.509539410291,15.602253994824821
94.5295047215263,15.607046439947528
94.5494700327616,15.61184243585477
94.56943534399691,15.61664251159024
94.58940065523221,15.62144719619764
94.60936596646752,15.626256962876608
94.62933127770283,15.631070793013237
94.64929658893813,15.6358860509619
94.66926190017344,15.640700020138267
94.68922721140875,15.645509983957993
94.70919252264405,15.650313225836738
94.72915783387936,15.655107029190177
94.74912314511467,15.65988867743396
94.76908845634996,15.664655453983752
94.78905376758527,15.669404642255218
94.80901907882058,15.674133634519322
94.82898439005588,15.678843000522388
94.84894970129119,15.683536914117488
94.8689150125265,15.688219743764037
94.8888803237618,15.692895857921453
94.9088456349971,15.69756962504916
94.9288109462324,15.702245413606574
94.94877625746771,15.70692759205312
94.96874156870302,15.711620528848215
94.98870687993832,15.716328592451275
95.00867219117363,15.721056053142915
95.02863750240894,15.72580403853446
95.04860281364424,15.730569945847911
95.06856812487955,15.735350955498394
95.08853343611486,15.740144247901018
95.10849874735015,15.744947003470902
95.12846405858546,15.749756402623165
95.14842936982078,15.754569625772925
95.16839468105607,15.759383853335295
95.18835999229138,15.764196265725396
95.20832530352669,15.769004088802854
95.22829061476199,15.77380614988329
95.2482559259973,15.778603265807043
95.26822123723261,15.783396377619995
95.2881865484679,15.788186426368023
95.30815185970322,15.792974353097017
95.32811717093851,15.797761098852854
95.34808248217382,15.802547604681422
95.36804779340913,15.8073348116286
95.38801310464443,15.812123660740264
95.40797841587974,15.816915073006955
95.42794372711505,15.821709187985803
95.44790903835035,15.826505129092492
95.46787434958566,15.831301951728387
95.48783966082097,15.836098711294834
95.50780497205626,15.840894463193186
95.52777028329157,15.845688262824801
95.54773559452688,15.850479165591032
95.56770090576218,15.855266226893226
95.58766621699749,15.860048502132747
95.6076315282328,15.864825081913201
95.6275968394681,15.869596580644977
95.64756215070341,15.874365687074707
95.66752746193872,15.87913523855109
95.68749277317401,15.88390807242283
95.70745808440932,15.888687026038633
95.72742339564462,15.893474936747197
95.74738870687993,15.898274641897235
95.76735401811524,15.903088978837442
95.78731932935054,15.907920784916524
95.80728464058585,15.912772838601933
95.82724995182116,15.917645071763967
95.84721526305646,15.922533359024836
95.86718057429177,15.927433264422609
95.88714588552708,15.932340351995347
95.90711119676237,15.937250185781107
95.92707650799768,15.942158329817957
95.947041819233,15.947060348143957
95.96700713046829,15.951951804797165
95.9869724417036,15.956828263815652
96.00693775293891,15.96168534102079
96.0269030641742,15.966521464625709
96.04686837540952,15.971339260596546
96.06683368664483,15.97614169776389
96.08679899788012,15.980931744958324
96.10676430911543,15.985712371010447
96.12672962035073,15.990486544750844
96.14669493158604,15.995257235010108
96.16666024282135,16.000027410618827
96.18662555405665,16.00480004040759
96.20659086529196,16.009578066589455
96.22655617652727,16.014362796693607
96.24652148776256,16.019152982610844
96.26648679899787,16.023947153814976
96.28645211023318,16.02874383977981
96.30641742146848,16.033541569979146
96.32638273270379,16.038338873886797
96.3463480439391,16.04313428097657
96.3663133551744,16.04792632072228
96.38627866640971,16.05271352259773
96.40624397764502,16.057494438425582
96.42620928888032,16.062269183496532
96.44617460011563,16.0670404339145
96.46613991135094,16.07181110295366
96.48610522258623,16.076584103888194
96.50607053382154,16.081362349992276
96.52603584505684,16.086148754540087
96.54600115629215,16.09094623080581
96.56596646752746,16.095757692063614
96.58593177876276,16.100586051587676
96.60589708999807,16.105434192043745
96.62586240123338,16.110302536660967
96.64582771246867,16.115187287274278
96.66579302370398,16.120084230147384
96.6857583349393,16.12498915154399
96.70572364617459,16.12989783772781
96.7256889574099,16.134806074962555
96.74565426864521,16.139709649511936
96.76561957988051,16.144604347639653
96.78558489111582,16.14948595560942
96.80555020235113,16.154350281947735
96.82551551358642,16.15919520917674
96.84548082482173,16.164022351261124
96.86544613605705,16.16883371220341
96.88541144729234,16.173631296006107
96.90537675852765,16.178417106671763
96.92534206976295,16.183193148202882
96.94530738099826,16.18796142460201
96.96527269223357,16.192723939871655
96.98523800346887,16.19748269801435
97.00520331470418,16.202239703512213
97.02516862593949,16.206997013204898
97.04513393717478,16.211756782701578
97.06509924841009,16.216521178562672
97.0850645596454,16.221292367348592
97.1050298708807,16.226072515619766
97.12499518211601,16.230863789936613
97.14496049335132,16.235668356859545
97.16492580458662,16.240488382948985
97.18489111582193,16.24532603476536
97.20485642705724,16.250183462395057
97.22482173829253,16.255060682211568
97.24478704952784,16.259953488878473
97.26475236076315,16.264857180985818
97.28471767199845,16.2697670571236
97.30468298323376,16.274678415881883
97.32464829446906,16.279586555850663
97.34461360570437,16.284486775619985
97.36457891693968,16.28937437377987
97.38454422817497,16.294244648920348
97.40450953941028,16.29909291768967
97.4244748506456,16.303917311450203
97.44444016188089,16.308721804585584
97.4644054731162,16.313511098506833
97.48437078435151,16.318289894624968
97.50433609558681,16.323062894350997
97.52430140682212,16.32783479909593
97.54426671805743,16.332610310270784
97.56423202929273,16.337394129286572
97.58419734052804,16.34219095755431
97.60416265176335,16.34700548611069
97.62412796299864,16.351840427211002
97.64409327423395,16.35669418188632
97.66405858546926,16.361564583571013
97.68402389670456,16.366449465699464
97.70398920793987,16.371346661706056
97.72395451917517,16.376254005025153
97.74391983041048,16.381169329091147
97.76388514164579,16.386090467338413
97.78385045288108,16.391015253201324
97.8038157641164,16.39594152030343
97.8237810753517,16.40086714730363
97.843746386587,16.405790115878258
97.86371169782231,16.41070842204457
97.88367700905762,16.415620061819812
97.90364232029292,16.42052303122121
97.92360763152823,16.425415326266023
97.94357294276354,16.430294942971493
97.96353825399883,16.435159877354856
97.98350356523414,16.440008125433362
98.00346887646946,16.44483768865942
98.02343418770475,16.44964822244427
98.04339949894006,16.45444335590702
98.06336481017537,16.459227302710065
98.08333012141067,16.464004276515844
98.10329543264598,16.468778490986754
98.12326074388127,16.473554159785234
98.14322605511659,16.47833549657369
98.1631913663519,16.483126715014546
98.18315667758719,16.487932028770217
98.2031219888225,16.492755646961605
98.22308730005781,16.497599960227255
98.24305261129311,16.50246276873345
98.26301792252842,16.507341159481754
98.28298323376373,16.51223221947369
98.30294854499903,16.51713303571081
98.32291385623434,16.52204069519465
98.34287916746965,16.526952284926757
98.36284447870494,16.53186489190866
98.38280978994025,16.53677560314192
98.40277510117556,16.54168150758952
98.42274041241086,16.546580765655765
98.44270572364617,16.551474380623606
98.46267103488148,16.556363821990217
98.48263634611678,16.561250559252795
98.50260165735209,16.566136061908516
98.52256696858738,16.57102179945457
98.5425322798227,16.57590924138814
98.562497591058,16.58079985720642
98.5824629022933,16.585695116406583
98.60242821352861,16.590596487156215
98.62239352476392,16.595504400068634
98.64235883599922,16.600416391037463
98.66232414723453,16.605329495072432
98.68228945846984,16.61024074718325
98.70225476970514,16.61514718237963
98.72222008094045,16.6200458356713
98.74218539217576,16.624933742067952
98.76215070341105,16.629807936579322
98.78211601464636,16.634665454215114
98.80208132588167,16.63950333137977
98.82204663711697,16.64432025655066
98.84201194835228,16.649119766528877
98.86197725958759,16.65390628294415
98.88194257082289,16.65868422742619
98.9019078820582,16.663458021604733
98.92187319329351,16.668232087109498
98.9418385045288,16.67301084557021
98.96180381576411,16.6777987186166
98.98176912699941,16.682600127878377
99.00173443823472,16.687419494197947
99.02169974947003,16.692259699695583
99.04166506070533,16.69711887484836
99.06163037194064,16.701994235796132
99.08159568317595,16.706882998678747
99.10156099441124,16.71178237963604
99.12152630564655,16.71668959480787
99.14149161688186,16.72160186033408
99.16145692811716,16.726516392354505
99.18142223935247,16.731430407009007
99.20138755058778,16.73634112063485
99.22135286182308,16.741246468262283
99.24131817305839,16.746146721027483
99.2612834842937,16.751042623907118
99.281248795529,16.75593492187784
99.3012141067643,16.76082435991632
99.32117941799962,16.765711682999218
99.34114472923491,16.77059763610318
99.36111004047022,16.775482964204883
99.38107535170552,16.78036841228098
99.40104066294083,16.785254725285927
99.42100597417614,16.790142465600557
99.44097128541144,16.795031570746943
99.46093659664675,16.799921844678607
99.48090190788206,16.804813091349047
99.50086721911735,16.80970511471177
99.52083253035266,16.8145977187203
99.54079784158797,16.819490707328143
99.56076315282327,16.8243838844888
99.58072846405858,16.829277054155792
99.60069377529389,16.83417002028427
99.62065908652919,16.83906263026324
99.6406243977645,16.843954888039775
99.66058970899981,16.848846832823174
99.6805550202351,16.853738503822722
99.70052033147041,16.858629940247727
99.72048564270573,16.863521181307483
99.74045095394102,16.86841226621129
99.76041626517633,16.873303234168446
99.78038157641163,16.87819412438825
99.80034688764694,16.883084976080003
99.82031219888225,16.887975828452994
99.84027751011755,16.892866720716523
99.86024282135286,16.897757692079896
99.88020813258817,16.902648781752404
99.90017344382346,16.907540028943345
99.92013875505877,16.912431472862018
99.94010406629408,16.917323152717724
99.96006937752938,16.922215107719754
99.98003468876469,16.927107377077416
100.0,16.932
