Time (ns),System after lsq fit to System
0.0000000,0.0000000
0.0000820,0.0336761
0.0001640,0.3269450
0.0002460,0.3586431
0.0003280,0.3945728
0.0004100,0.3994662
0.0004920,0.4004378
0.0005740,0.3858544
0.0006560,0.3701029
0.0007380,0.3814983
0.0008200,0.3813744
0.0009020,0.3966650
0.0009840,0.3975270
0.0010660,0.3786176
0.0011480,0.4084269
0.0012300,0.4027258
0.0013120,0.3902214
0.0013940,0.3907565
0.0014760,0.3989331
0.0015580,0.4281343
0.0016400,0.4111236
0.0017220,0.4003918
0.0018040,0.4223716
0.0018860,0.4235982
0.0019680,0.4147813
0.0020500,0.3992634
0.0021320,0.4277639
0.0022140,0.4135638
0.0022960,0.4143659
0.0023780,0.4400839
0.0024600,0.4156649
0.0025420,0.4013852
0.0026240,0.4193062
0.0027060,0.4426294
0.0027880,0.4431964
0.0028700,0.4337362
0.0029520,0.4488652
0.0030340,0.4588469
0.0031160,0.4596659
0.0031980,0.4603277
0.0032800,0.4438584
0.0033620,0.4233030
0.0034440,0.4562014
0.0035260,0.4536862
0.0036080,0.4501310
0.0036900,0.4506459
0.0037720,0.4275125
0.0038540,0.4675953
0.0039360,0.4316107
0.0040180,0.4346596
0.0041000,0.4307669
0.0041820,0.4310616
0.0042640,0.4387043
0.0043460,0.4424648
0.0044280,0.4516383
0.0045100,0.4252061
0.0045920,0.4257486
0.0046740,0.4683979
0.0047560,0.4519382
0.0048380,0.4450186
0.0049200,0.4517408
0.0050020,0.4415777
0.0050840,0.4422768
0.0051660,0.4260181
0.0052480,0.4399560
0.0053300,0.4707736
0.0054120,0.4670953
0.0054940,0.4675069
0.0055760,0.4616865
0.0056580,0.4777566
0.0057400,0.4984125
0.0058220,0.4710657
0.0059040,0.4621352
0.0059860,0.4631180
0.0060680,0.4540885
0.0061500,0.4576990
0.0062320,0.4701947
0.0063140,0.4535629
0.0063960,0.4541828
0.0064780,0.4639805
0.0065600,0.4443420
0.0066420,0.4534976
0.0067240,0.4757346
0.0068060,0.4793266
0.0068880,0.4798689
0.0069700,0.4926294
0.0070520,0.4633907
0.0071340,0.4881360
0.0072160,0.4735030
0.0072980,0.4745425
0.0073800,0.4589773
0.0074620,0.4712865
0.0075440,0.4737931
0.0076260,0.4775087
0.0077080,0.4873098
0.0077900,0.4877499
0.0078720,0.4751938
0.0079540,0.4926503
0.0080360,0.5129027
0.0081180,0.4902809
0.0082000,0.4870953
0.0082820,0.4878568
0.0083640,0.4986355
0.0084460,0.4956534
0.0085280,0.4937564
0.0086100,0.4937716
0.0086920,0.4944143
0.0087740,0.4974641
0.0088560,0.5010200
0.0089380,0.5335695
0.0090200,0.5208882
0.0091020,0.5319976
0.0091840,0.5327194
0.0092660,0.5015137
0.0093480,0.4985771
0.0094300,0.5161706
0.0095120,0.5159290
0.0095940,0.5163352
0.0096760,0.5162415
0.0097580,0.4959070
0.0098400,0.4960837
0.0099220,0.4896751
0.0100040,0.5106137
0.0100860,0.5113844
0.0101680,0.4953473
0.0102500,0.5074817
0.0103320,0.5170809
0.0104140,0.5143575
0.0104960,0.5147056
0.0105780,0.5306751
0.0106600,0.5268493
0.0107420,0.5151944
0.0108240,0.5214939
0.0109060,0.5154220
0.0109880,0.5162657
0.0110700,0.5114868
0.0111520,0.5117757
0.0112340,0.5012684
0.0113160,0.5035668
0.0113980,0.5045190
0.0114800,0.5245842
0.0115620,0.5082333
0.0116440,0.5220060
0.0117260,0.5235544
0.0118080,0.5387008
0.0118900,0.5392862
0.0119720,0.5380049
0.0120540,0.5195131
0.0121360,0.5227332
0.0122180,0.5296211
0.0123000,0.5258617
0.0123820,0.5259640
0.0124640,0.5159367
0.0125460,0.5134252
0.0126280,0.5183706
0.0127100,0.5283367
0.0127920,0.5289302
0.0128740,0.5405473
0.0129560,0.5343399
0.0130380,0.5344912
0.0131200,0.5166383
0.0132020,0.5334096
0.0132840,0.5335219
0.0133660,0.5431395
0.0134480,0.5177215
0.0135300,0.5234039
0.0136120,0.5452900
0.0136940,0.5458847
0.0137760,0.5479679
0.0138580,0.5368967
0.0139400,0.5284607
0.0140220,0.5343825
0.0141040,0.5451391
0.0141860,0.5455794
0.0142680,0.5534084
0.0143500,0.5618643
0.0144320,0.5698127
0.0145140,0.5658393
0.0145960,0.5666355
0.0146780,0.5500229
0.0147600,0.5580542
0.0148420,0.5513017
0.0149240,0.5489852
0.0150060,0.5512367
0.0150880,0.5521609
0.0151700,0.5477652
0.0152520,0.5508347
0.0153340,0.5420300
0.0154160,0.5593883
0.0154980,0.5605382
0.0155800,0.5448197
0.0156620,0.5681685
0.0157440,0.5531685
0.0158260,0.5371724
0.0159080,0.5346189
0.0159900,0.5350151
0.0160720,0.5457770
0.0161540,0.5455678
0.0162360,0.5566967
0.0163180,0.5537323
0.0164000,0.5640594
0.0164820,0.5644237
0.0165640,0.5678647
0.0166460,0.5663668
0.0167280,0.5784188
0.0168100,0.5486479
0.0168920,0.5490098
0.0169740,0.5539308
0.0170560,0.5658974
0.0171380,0.5562195
0.0172200,0.5672510
0.0173020,0.5672319
0.0173840,0.5679584
0.0174660,0.5567696
0.0175480,0.5558672
0.0176300,0.5694264
0.0177120,0.5713752
0.0177940,0.5721846
0.0178760,0.5479227
0.0179580,0.5676933
0.0180400,0.5559721
0.0181220,0.5608276
0.0182040,0.5674068
0.0182860,0.5678480
0.0183680,0.5875985
0.0184500,0.5809525
0.0185320,0.5850463
0.0186140,0.5826693
0.0186960,0.5826055
0.0187780,0.5970151
0.0188600,0.5748086
0.0189420,0.5822395
0.0190240,0.5570386
0.0191060,0.5568419
0.0191880,0.5575763
0.0192700,0.5869395
0.0193520,0.5867742
0.0194340,0.5656001
0.0195160,0.5963283
0.0195980,0.5969885
0.0196800,0.5843549
0.0197620,0.5842787
0.0198440,0.5761037
0.0199260,0.5782817
0.0200080,0.5822316
0.0200900,0.5824027
0.0201720,0.5978331
0.0202540,0.5908677
0.0203360,0.5817098
0.0204180,0.5849436
0.0205000,0.5989942
0.0205820,0.5996362
0.0206640,0.5822350
0.0207460,0.5980141
0.0208280,0.6144512
0.0209100,0.6073897
0.0209920,0.6078176
0.0210740,0.6197137
0.0211560,0.6095851
0.0212380,0.6016864
0.0213200,0.5988291
0.0214020,0.5853714
0.0214840,0.5858568
0.0215660,0.5871093
0.0216480,0.5907544
0.0217300,0.5827965
0.0218120,0.5843521
0.0218940,0.5849981
0.0219760,0.5849254
0.0220580,0.5884965
0.0221400,0.6010199
0.0222220,0.6056993
0.0223040,0.5929890
0.0223860,0.5937868
0.0224680,0.6257345
0.0225500,0.5889218
0.0226320,0.6024719
0.0227140,0.6121186
0.0227960,0.6127367
0.0228780,0.5931502
0.0229600,0.5999391
0.0230420,0.5843831
0.0231240,0.5917002
0.0232060,0.5945395
0.0232880,0.5951580
0.0233700,0.5871594
0.0234520,0.6056430
0.0235340,0.6219924
0.0236160,0.6023103
0.0236980,0.6026640
0.0237800,0.6125813
0.0238620,0.6080465
0.0239440,0.6013886
0.0240260,0.5992329
0.0241080,0.6061930
0.0241900,0.6066030
0.0242720,0.6131929
0.0243540,0.6172725
0.0244360,0.6103647
0.0245180,0.6004024
0.0246000,0.6238158
0.0246820,0.6244413
0.0247640,0.6352951
0.0248460,0.6113375
0.0249280,0.6247096
0.0250100,0.6080717
0.0250920,0.6085907
0.0251740,0.6138675
0.0252560,0.6278742
0.0253380,0.6138836
0.0254200,0.6177559
0.0255020,0.5970517
0.0255840,0.5980080
0.0256660,0.6019822
0.0257480,0.6213600
0.0258300,0.6278452
0.0259120,0.6193036
0.0259940,0.6199138
0.0260760,0.6166240
0.0261580,0.5985732
0.0262400,0.6001184
0.0263220,0.6123832
0.0264040,0.6147842
0.0264860,0.6155898
0.0265680,0.6114717
0.0266500,0.6085457
0.0267320,0.5995956
0.0268140,0.6125423
0.0268960,0.6134352
0.0269780,0.6026093
0.0270600,0.5893922
0.0271420,0.6005693
0.0272240,0.5979184
0.0273060,0.6022370
0.0273880,0.6028502
0.0274700,0.6083958
0.0275520,0.6143545
0.0276340,0.5871982
0.0277160,0.5724375
0.0277980,0.5726343
0.0278800,0.5943664
0.0279620,0.5917948
0.0280440,0.6073359
0.0281260,0.6079501
0.0282080,0.6152351
0.0282900,0.6157233
0.0283720,0.6022411
0.0284540,0.6043388
0.0285360,0.6167221
0.0286180,0.6174275
0.0287000,0.6268182
0.0287820,0.6272239
0.0288640,0.6215486
0.0289460,0.6105068
0.0290280,0.6277808
0.0291100,0.6277915
0.0291920,0.6284186
0.0292740,0.6427742
0.0293560,0.6241868
0.0294380,0.6409141
0.0295200,0.6253304
0.0296020,0.6266989
0.0296840,0.6271888
0.0297660,0.6320542
0.0298480,0.5996983
0.0299300,0.6154571
0.0300120,0.6178177
0.0300940,0.6182494
0.0301760,0.6099671
0.0302580,0.6240464
0.0303400,0.6161353
0.0304220,0.5984074
0.0305040,0.6199882
0.0305860,0.6204025
0.0306680,0.6073683
0.0307500,0.6100941
0.0308320,0.6164277
0.0309140,0.6212778
0.0309960,0.6214727
0.0310780,0.6255248
0.0311600,0.6141870
0.0312420,0.6262733
0.0313240,0.6128997
0.0314060,0.6360413
0.0314880,0.6367841
0.0315700,0.6051022
0.0316520,0.6241034
0.0317340,0.6201783
0.0318160,0.6158165
0.0318980,0.6163154
0.0319800,0.6134163
0.0320620,0.6039464
0.0321440,0.5998296
0.0322260,0.6118727
0.0323080,0.6375217
0.0323900,0.6380395
0.0324720,0.6275995
0.0325540,0.6334992
0.0326360,0.6228684
0.0327180,0.6247817
0.0328000,0.6237489
0.0328820,0.6238579
0.0329640,0.6292720
0.0330460,0.6235022
0.0331280,0.6309167
0.0332100,0.6020191
0.0332920,0.6024584
0.0333740,0.6118845
0.0334560,0.6155421
0.0335380,0.6276044
0.0336200,0.6383388
0.0337020,0.6413284
0.0337840,0.6418375
0.0338660,0.6430188
0.0339480,0.6114606
0.0340300,0.6314504
0.0341120,0.6504312
0.0341940,0.6512827
0.0342760,0.6380154
0.0343580,0.6396122
0.0344400,0.6230325
0.0345220,0.6321397
0.0346040,0.6253799
0.0346860,0.6259989
0.0347680,0.6315937
0.0348500,0.6321468
0.0349320,0.6300966
0.0350140,0.6474645
0.0350960,0.6481035
0.0351780,0.6502530
0.0352600,0.6371607
0.0353420,0.6397811
0.0354240,0.6463780
0.0355060,0.6357659
0.0355880,0.6363353
0.0356700,0.6399303
0.0357520,0.6590967
0.0358340,0.6388254
0.0359160,0.6351410
0.0359980,0.6357541
0.0360800,0.6386179
0.0361620,0.6461070
0.0362440,0.6454826
0.0363260,0.6420198
0.0364080,0.6411228
0.0364900,0.6414330
0.0365720,0.6342773
0.0366540,0.6317181
0.0367360,0.6349065
0.0368180,0.6459002
0.0369000,0.6510796
0.0369820,0.6514608
0.0370640,0.6521487
0.0371460,0.6329292
0.0372280,0.6353357
0.0373100,0.6505996
0.0373920,0.6510121
0.0374740,0.6733604
0.0375560,0.6665528
0.0376380,0.6686448
0.0377200,0.6742935
0.0378020,0.6552164
0.0378840,0.6555130
0.0379660,0.6714293
0.0380480,0.6648215
0.0381300,0.6548121
0.0382120,0.6732792
0.0382940,0.6739738
0.0383760,0.6690570
0.0384580,0.6626117
0.0385400,0.6605286
0.0386220,0.6549555
0.0387040,0.6724010
0.0387860,0.6729162
0.0388680,0.6717891
0.0389500,0.6589054
0.0390320,0.6719426
0.0391140,0.6500687
0.0391960,0.6502507
0.0392780,0.6558271
0.0393600,0.6496636
0.0394420,0.6663065
0.0395240,0.6810446
0.0396060,0.6809541
0.0396880,0.6809292
0.0397700,0.6834407
0.0398520,0.6719149
0.0399340,0.6742167
0.0400160,0.6646330
0.0400980,0.6648402
0.0401800,0.6717650
0.0402620,0.6570675
0.0403440,0.6744034
0.0404260,0.6618054
0.0405080,0.6435471
0.0405900,0.6436341
0.0406720,0.6565454
0.0407540,0.6735449
0.0408360,0.6678862
0.0409180,0.6695585
0.0410000,0.6622104
0.0410820,0.6626562
0.0411640,0.6650855
0.0412460,0.6581677
0.0413280,0.6632484
0.0414100,0.6775368
0.0414920,0.6782955
0.0415740,0.6616877
0.0416560,0.6567174
0.0417380,0.6724103
0.0418200,0.6641721
0.0419020,0.6523351
0.0419840,0.6527234
0.0420660,0.6802168
0.0421480,0.6584532
0.0422300,0.6705200
0.0423120,0.6801661
0.0423940,0.6810272
0.0424760,0.6690115
0.0425580,0.6781538
0.0426400,0.6721759
0.0427220,0.6654586
0.0428040,0.6720909
0.0428860,0.6724322
0.0429680,0.6675782
0.0430500,0.6762998
0.0431320,0.6670583
0.0432140,0.6717161
0.0432960,0.6719672
0.0433780,0.6676518
0.0434600,0.6585380
0.0435420,0.6560603
0.0436240,0.6691681
0.0437060,0.6749982
0.0437880,0.6754588
0.0438700,0.6731678
0.0439520,0.7029177
0.0440340,0.6801918
0.0441160,0.6721247
0.0441980,0.6723810
0.0442800,0.6832676
0.0443620,0.6859585
0.0444440,0.6770562
0.0445260,0.6629923
0.0446080,0.6717177
0.0446900,0.6717939
0.0447720,0.6655587
0.0448540,0.6701697
0.0449360,0.6826171
0.0450180,0.6749718
0.0451000,0.6812465
0.0451820,0.6814216
0.0452640,0.6775909
0.0453460,0.6763912
0.0454280,0.6881565
0.0455100,0.6788946
0.0455920,0.6794100
0.0456740,0.6968565
0.0457560,0.6854682
0.0458380,0.6905813
0.0459200,0.6812702
0.0460020,0.6860209
0.0460840,0.6868315
0.0461660,0.6833114
0.0462480,0.6919216
0.0463300,0.7017405
0.0464120,0.7052724
0.0464940,0.7053984
0.0465760,0.6891848
0.0466580,0.6807102
0.0467400,0.6884243
0.0468220,0.7107669
0.0469040,0.6917331
0.0469860,0.6921385
0.0470680,0.6883436
0.0471500,0.6730295
0.0472320,0.6951596
0.0473140,0.6970159
0.0473960,0.6970936
0.0474780,0.7098020
0.0475600,0.6961188
0.0476420,0.7069233
0.0477240,0.7003727
0.0478060,0.7084533
0.0478880,0.7084156
0.0479700,0.6979668
0.0480520,0.6872548
0.0481340,0.6906517
0.0482160,0.7046786
0.0482980,0.7049195
0.0483800,0.6994414
0.0484620,0.6920298
0.0485440,0.6977481
0.0486260,0.7024258
0.0487080,0.7033696
0.0487900,0.7037101
0.0488720,0.7114849
0.0489540,0.7008327
0.0490360,0.7080941
0.0491180,0.7107341
0.0492000,0.6938781
0.0492820,0.6946620
0.0493640,0.7138122
0.0494460,0.6907667
0.0495280,0.7166898
0.0496100,0.7075380
0.0496920,0.7077924
0.0497740,0.7041269
0.0498560,0.6985662
0.0499380,0.7308695
0.0500200,0.7237548
0.0501020,0.6979988
0.0501840,0.6990509
0.0502660,0.7094220
0.0503480,0.7001742
0.0504300,0.7138953
0.0505120,0.6977829
0.0505940,0.6980516
0.0506760,0.7076128
0.0507580,0.7129239
0.0508400,0.7054999
0.0509220,0.7142182
0.0510040,0.7131119
0.0510860,0.7137767
0.0511680,0.7169879
0.0512500,0.7126147
0.0513320,0.7047603
0.0514140,0.6945704
0.0514960,0.6949407
0.0515780,0.7202640
0.0516600,0.7226014
0.0517420,0.7216817
0.0518240,0.7200714
0.0519060,0.7140459
0.0519880,0.7141193
0.0520700,0.7181649
0.0521520,0.7230921
0.0522340,0.7125089
0.0523160,0.7006848
0.0523980,0.7011473
0.0524800,0.6931799
0.0525620,0.6922637
0.0526440,0.6982337
0.0527260,0.7157921
0.0528080,0.7065577
0.0528900,0.7069653
0.0529720,0.7141938
0.0530540,0.7152967
0.0531360,0.7226170
0.0532180,0.7249311
0.0533000,0.7323983
0.0533820,0.7329327
0.0534640,0.7404389
0.0535460,0.7202783
0.0536280,0.7148728
0.0537100,0.7067864
0.0537920,0.7070760
0.0538740,0.7200868
0.0539560,0.7107204
0.0540380,0.7123999
0.0541200,0.7176857
0.0542020,0.7311549
0.0542840,0.7314417
0.0543660,0.7214004
0.0544480,0.7464309
0.0545300,0.7343690
0.0546120,0.7442792
0.0546940,0.7447546
0.0547760,0.7300357
0.0548580,0.7490071
0.0549400,0.7180715
0.0550220,0.7380574
0.0551040,0.7246151
0.0551860,0.7247900
0.0552680,0.7329690
0.0553500,0.7236472
0.0554320,0.7335732
0.0555140,0.7134623
0.0555960,0.7135701
0.0556780,0.7178607
0.0557600,0.7231020
0.0558420,0.7156540
0.0559240,0.7147061
0.0560060,0.7243239
0.0560880,0.7245311
0.0561700,0.7198810
0.0562520,0.7288045
0.0563340,0.7224589
0.0564160,0.7182677
0.0564980,0.7185309
0.0565800,0.7318145
0.0566620,0.7206871
0.0567440,0.7251417
0.0568260,0.7276193
0.0569080,0.7450457
0.0569900,0.7460086
0.0570720,0.7229777
0.0571540,0.7329993
0.0572360,0.7242486
0.0573180,0.7217672
0.0574000,0.7301258
0.0574820,0.7301171
0.0575640,0.7419953
0.0576460,0.7196472
0.0577280,0.7297690
0.0578100,0.7527579
0.0578920,0.7530584
0.0579740,0.7332996
0.0580560,0.7351453
0.0581380,0.7259323
0.0582200,0.7301246
0.0583020,0.7339916
0.0583840,0.7343267
0.0584660,0.7255547
0.0585480,0.7241148
0.0586300,0.7172101
0.0587120,0.7133272
0.0587940,0.7137370
0.0588760,0.7185221
0.0589580,0.7286963
0.0590400,0.7271131
0.0591220,0.7267712
0.0592040,0.7284980
0.0592860,0.7291534
0.0593680,0.7212827
0.0594500,0.7266040
0.0595320,0.7288168
0.0596140,0.7322967
0.0596960,0.7328221
0.0597780,0.7178921
0.0598600,0.7351178
0.0599420,0.7470447
0.0600240,0.7340231
0.0601060,0.7398763
0.0601880,0.7405663
0.0602700,0.7396875
0.0603520,0.7360768
0.0604340,0.7483525
0.0605160,0.7390330
0.0605980,0.7394466
0.0606800,0.7303227
0.0607620,0.7328903
0.0608440,0.7249711
0.0609260,0.7403441
0.0610080,0.7467390
0.0610900,0.7465766
0.0611720,0.7449286
0.0612540,0.7251346
0.0613360,0.7334561
0.0614180,0.7326308
0.0615000,0.7393543
0.0615820,0.7398090
0.0616640,0.7444583
0.0617460,0.7412242
0.0618280,0.7322307
0.0619100,0.7359988
0.0619920,0.7365561
0.0620740,0.7482178
0.0621560,0.7577603
0.0622380,0.7575946
0.0623200,0.7473746
0.0624020,0.7451620
0.0624840,0.7454903
0.0625660,0.7484566
0.0626480,0.7502290
0.0627300,0.7411288
0.0628120,0.7514141
0.0628940,0.7516345
0.0629760,0.7394629
0.0630580,0.7649205
0.0631400,0.7499946
0.0632220,0.7536249
0.0633040,0.7587248
0.0633860,0.7590253
0.0634680,0.7498433
0.0635500,0.7724826
0.0636320,0.7654075
0.0637140,0.7547554
0.0637960,0.7550216
0.0638780,0.7438956
0.0639600,0.7463747
0.0640420,0.7466528
0.0641240,0.7363346
0.0642060,0.7551223
0.0642880,0.7557583
0.0643700,0.7481805
0.0644520,0.7531054
0.0645340,0.7450466
0.0646160,0.7362517
0.0646980,0.7365494
0.0647800,0.7358351
0.0648620,0.7323898
0.0649440,0.7434866
0.0650260,0.7495579
0.0651080,0.7443949
0.0651900,0.7445100
0.0652720,0.7441892
0.0653540,0.7444822
0.0654360,0.7453817
0.0655180,0.7534975
0.0656000,0.7324679
0.0656820,0.7328411
0.0657640,0.7390435
0.0658460,0.7516857
0.0659280,0.7389175
0.0660100,0.7444646
0.0660920,0.7446748
0.0661740,0.7449994
0.0662560,0.7517728
0.0663380,0.7339637
0.0664200,0.7308366
0.0665020,0.7344612
0.0665840,0.7346746
0.0666660,0.7304372
0.0667480,0.7430840
0.0668300,0.7449463
0.0669120,0.7519325
0.0669940,0.7524472
0.0670760,0.7644686
0.0671580,0.7462922
0.0672400,0.7413956
0.0673220,0.7472133
0.0674040,0.7519663
0.0674860,0.7525208
0.0675680,0.7584350
0.0676500,0.7454384
0.0677320,0.7359671
0.0678140,0.7454080
0.0678960,0.7453396
0.0679780,0.7347697
0.0680600,0.7420840
0.0681420,0.7476810
0.0682240,0.7680073
0.0683060,0.7490993
0.0683880,0.7493187
0.0684700,0.7591486
0.0685520,0.7718511
0.0686340,0.7587413
0.0687160,0.7501049
0.0687980,0.7508613
0.0688800,0.7630383
0.0689620,0.7630621
0.0690440,0.7439921
0.0691260,0.7427282
0.0692080,0.7591076
0.0692900,0.7595254
0.0693720,0.7695450
0.0694540,0.7652525
0.0695360,0.7579949
0.0696180,0.7661988
0.0697000,0.7551621
0.0697820,0.7550007
0.0698640,0.7643470
0.0699460,0.7571778
0.0700280,0.7690881
0.0701100,0.7646126
0.0701920,0.7652229
0.0702740,0.7770921
0.0703560,0.7675861
0.0704380,0.7873090
0.0705200,0.7815780
0.0706020,0.7744718
0.0706840,0.7745640
0.0707660,0.7600428
0.0708480,0.7722613
0.0709300,0.7775105
0.0710120,0.7745758
0.0710940,0.7746792
0.0711760,0.7615566
0.0712580,0.7821803
0.0713400,0.7727398
0.0714220,0.7697625
0.0715040,0.7686233
0.0715860,0.7687365
0.0716680,0.7877878
0.0717500,0.7681588
0.0718320,0.7702143
0.0719140,0.7648192
0.0719960,0.7657126
0.0720780,0.7576106
0.0721600,0.7708066
0.0722420,0.7710103
0.0723240,0.7734602
0.0724060,0.7674446
0.0724880,0.7676170
0.0725700,0.7785714
0.0726520,0.7722409
0.0727340,0.7621702
0.0728160,0.7673722
0.0728980,0.7667317
0.0729800,0.7595744
0.0730620,0.7653297
0.0731440,0.7527685
0.0732260,0.7688257
0.0733080,0.7584596
0.0733900,0.7587536
0.0734720,0.7644184
0.0735540,0.7550837
0.0736360,0.7446888
0.0737180,0.7412778
0.0738000,0.7643774
0.0738820,0.7643885
0.0739640,0.7466351
0.0740460,0.7527019
0.0741280,0.7549689
0.0742100,0.7609938
0.0742920,0.7608970
0.0743740,0.7577601
0.0744560,0.7707171
0.0745380,0.7809887
0.0746200,0.7699932
0.0747020,0.7593733
0.0747840,0.7593555
0.0748660,0.7826008
0.0749480,0.7597007
0.0750300,0.7681235
0.0751120,0.7754533
0.0751940,0.7760195
0.0752760,0.7676117
0.0753580,0.7692295
0.0754400,0.7536337
0.0755220,0.7444969
0.0756040,0.7542537
0.0756860,0.7544839
0.0757680,0.7598742
0.0758500,0.7382563
0.0759320,0.7568365
0.0760140,0.7753961
0.0760960,0.7755762
0.0761780,0.7446802
0.0762600,0.7542281
0.0763420,0.7582281
0.0764240,0.7523764
0.0765060,0.7576522
0.0765880,0.7580360
0.0766700,0.7606213
0.0767520,0.7725735
0.0768340,0.7639675
0.0769160,0.7644663
0.0769980,0.7650606
0.0770800,0.7740380
0.0771620,0.7735995
0.0772440,0.7753176
0.0773260,0.7646501
0.0774080,0.7754235
0.0774900,0.7757461
0.0775720,0.7621625
0.0776540,0.7715590
0.0777360,0.7737275
0.0778180,0.7805859
0.0779000,0.7782963
0.0779820,0.7784868
0.0780640,0.7717817
0.0781460,0.7735614
0.0782280,0.7808951
0.0783100,0.7783742
0.0783920,0.7788653
0.0784740,0.7815606
0.0785560,0.7865894
0.0786380,0.7601052
0.0787200,0.7679972
0.0788020,0.7646742
0.0788840,0.7645422
0.0789660,0.7710308
0.0790480,0.7653313
0.0791300,0.7607633
0.0792120,0.7580683
0.0792940,0.7582109
0.0793760,0.7677156
0.0794580,0.7830880
0.0795400,0.7571715
0.0796220,0.7652461
0.0797040,0.7909439
0.0797860,0.7911748
0.0798680,0.7845521
0.0799500,0.7779384
0.0800320,0.7931006
0.0801140,0.7929035
0.0801960,0.7932003
0.0802780,0.7969658
0.0803600,0.7810906
0.0804420,0.7801767
0.0805240,0.7760669
0.0806060,0.7791163
0.0806880,0.7794261
0.0807700,0.7734327
0.0808520,0.7755767
0.0809340,0.7655180
0.0810160,0.7632799
0.0810980,0.7638937
0.0811800,0.7693279
0.0812620,0.7807648
0.0813440,0.7902548
0.0814260,0.7712949
0.0815080,0.7945645
0.0815900,0.7950729
0.0816720,0.7780926
0.0817540,0.7826762
0.0818360,0.7850315
0.0819180,0.7802329
0.0820000,0.8005426
0.0820820,0.8007341
0.0821640,0.7746271
0.0822460,0.7833682
0.0823280,0.7691714
0.0824100,0.7858071
0.0824920,0.7859685
0.0825740,0.7861902
0.0826560,0.7843551
0.0827380,0.7903303
0.0828200,0.7915860
0.0829020,0.7848002
0.0829840,0.7847116
0.0830660,0.7848866
0.0831480,0.8017179
0.0832300,0.7849474
0.0833120,0.7771370
0.0833940,0.7772605
0.0834760,0.7810221
0.0835580,0.7915096
0.0836400,0.7827491
0.0837220,0.8113975
0.0838040,0.7910454
0.0838860,0.7914384
0.0839680,0.8011110
0.0840500,0.7956594
0.0841320,0.7886883
0.0842140,0.7895970
0.0842960,0.7897092
0.0843780,0.7835772
0.0844600,0.7821750
0.0845420,0.7948731
0.0846240,0.7878856
0.0847060,0.7987364
0.0847880,0.7991466
0.0848700,0.7966078
0.0849520,0.7984164
0.0850340,0.7882986
0.0851160,0.8024789
0.0851980,0.8026943
0.0852800,0.8020255
0.0853620,0.8095884
0.0854440,0.8020452
0.0855260,0.7932833
0.0856080,0.7874158
0.0856900,0.7876572
0.0857720,0.7915693
0.0858540,0.7867422
0.0859360,0.7964787
0.0860180,0.7902903
0.0861000,0.7810521
0.0861820,0.7812161
0.0862640,0.7896772
0.0863460,0.7901712
0.0864280,0.7827257
0.0865100,0.7790756
0.0865920,0.7792126
0.0866740,0.7770477
0.0867560,0.7736667
0.0868380,0.7874113
0.0869200,0.7818174
0.0870020,0.7790885
0.0870840,0.7790532
0.0871660,0.7954165
0.0872480,0.7743372
0.0873300,0.7745256
0.0874120,0.7842415
0.0874940,0.7848183
0.0875760,0.7804630
0.0876580,0.7777803
0.0877400,0.7946423
0.0878220,0.8020944
0.0879040,0.7816459
0.0879860,0.7817470
0.0880680,0.7911064
0.0881500,0.7859723
0.0882320,0.7886870
0.0883140,0.8006349
0.0883960,0.8005579
0.0884780,0.8033251
0.0885600,0.7762889
0.0886420,0.7787637
0.0887240,0.7788601
0.0888060,0.7901844
0.0888880,0.7903049
0.0889700,0.7881719
0.0890520,0.7830197
0.0891340,0.7780817
0.0892160,0.7852078
0.0892980,0.7852635
0.0893800,0.7964884
0.0894620,0.7935475
0.0895440,0.8031851
0.0896260,0.7929067
0.0897080,0.7995251
0.0897900,0.7993197
0.0898720,0.7944221
0.0899540,0.7925030
0.0900360,0.7940458
0.0901180,0.7786460
0.0902000,0.7897293
0.0902820,0.7895528
0.0903640,0.7899779
0.0904460,0.7884622
0.0905280,0.7747094
0.0906100,0.7926482
0.0906920,0.7929401
0.0907740,0.7989966
0.0908560,0.7805013
0.0909380,0.7903813
0.0910200,0.7870882
0.0911020,0.7873738
0.0911840,0.7877491
0.0912660,0.7914560
0.0913480,0.7959049
0.0914300,0.7960631
0.0915120,0.7786845
0.0915940,0.7792450
0.0916760,0.7863962
0.0917580,0.7921714
0.0918400,0.7850356
0.0919220,0.7786287
0.0920040,0.7894467
0.0920860,0.7896567
0.0921680,0.7845708
0.0922500,0.7855335
0.0923320,0.7777430
0.0924140,0.7930440
0.0924960,0.7930927
0.0925780,0.7897343
0.0926600,0.7833529
0.0927420,0.7777677
0.0928240,0.7735866
0.0929060,0.7955363
0.0929880,0.7957435
0.0930700,0.7904799
0.0931520,0.7855441
0.0932340,0.8161401
0.0933160,0.7878561
0.0933980,0.7880159
0.0934800,0.8052684
0.0935620,0.7872381
0.0936440,0.7901882
0.0937260,0.7934345
0.0938080,0.7781298
0.0938900,0.7781848
0.0939720,0.7903195
0.0940540,0.7774823
0.0941360,0.7878714
0.0942180,0.7773885
0.0943000,0.7933503
0.0943820,0.7939849
0.0944640,0.7766753
0.0945460,0.7778390
0.0946280,0.7854399
0.0947100,0.7781425
0.0947920,0.7786993
0.0948740,0.7850996
0.0949560,0.7909519
0.0950380,0.7786726
0.0951200,0.7951451
0.0952020,0.7908330
0.0952840,0.7915178
0.0953660,0.7912206
0.0954480,0.7863109
0.0955300,0.7856538
0.0956120,0.7756877
0.0956940,0.7754951
0.0957760,0.7748412
0.0958580,0.7854305
0.0959400,0.7830403
0.0960220,0.7765211
0.0961040,0.7882197
0.0961860,0.7883293
0.0962680,0.7738816
0.0963500,0.7817798
0.0964320,0.7828117
0.0965140,0.7812444
0.0965960,0.7812191
0.0966780,0.7715676
0.0967600,0.7965640
0.0968420,0.7931545
0.0969240,0.7969552
0.0970060,0.7947427
0.0970880,0.7954594
0.0971700,0.7968915
0.0972520,0.7945042
0.0973340,0.7971199
0.0974160,0.8062116
0.0974980,0.8071510
0.0975800,0.7900085
0.0976620,0.7846228
0.0977440,0.7893230
0.0978260,0.7852092
0.0979080,0.7815401
0.0979900,0.7818414
0.0980720,0.8019281
0.0981540,0.7937231
0.0982360,0.7922923
0.0983180,0.7898363
0.0984000,0.7959619
0.0984820,0.7967072
0.0985640,0.7945054
0.0986460,0.7851287
0.0987280,0.7868123
0.0988100,0.7877496
0.0988920,0.7883110
0.0989740,0.7972828
0.0990560,0.7898613
0.0991380,0.7948771
0.0992200,0.7924630
0.0993020,0.7927308
0.0993840,0.7929815
0.0994660,0.7960163
0.0995480,0.8049505
0.0996300,0.7914847
0.0997120,0.8035794
0.0997940,0.8042997
0.0998760,0.8050930
0.0999580,0.7975549
0.1000400,0.7956827
0.1001220,0.8050338
0.1002040,0.7955795
0.1002860,0.7954976
0.1003680,0.7862145
0.1004500,0.7941920
0.1005320,0.7986241
0.1006140,0.7988878
0.1006960,0.7988397
0.1007780,0.8093594
0.1008600,0.7895086
0.1009420,0.7986375
0.1010240,0.8020814
0.1011060,0.8096109
0.1011880,0.8093860
0.1012700,0.8074433
0.1013520,0.8202923
0.1014340,0.8007714
0.1015160,0.7911771
0.1015980,0.7919462
0.1016800,0.7859023
0.1017620,0.7941861
0.1018440,0.8040801
0.1019260,0.7934687
0.1020080,0.7871952
0.1020900,0.7874979
0.1021720,0.7947415
0.1022540,0.7877573
0.1023360,0.7937187
0.1024180,0.8032073
0.1025000,0.8014650
0.1025820,0.8019186
0.1026640,0.8010115
0.1027460,0.8035407
0.1028280,0.8020486
0.1029100,0.8105867
0.1029920,0.8110176
0.1030740,0.7987863
0.1031560,0.7823993
0.1032380,0.7903227
0.1033200,0.8006802
0.1034020,0.7985958
0.1034840,0.7986914
0.1035660,0.7968678
0.1036480,0.7981689
0.1037300,0.7904353
0.1038120,0.7898397
0.1038940,0.7903606
0.1039760,0.7918078
0.1040580,0.7820387
0.1041400,0.7921852
0.1042220,0.7933246
0.1043040,0.7870085
0.1043860,0.7875241
0.1044680,0.7936215
0.1045500,0.7940066
0.1046320,0.7910303
0.1047140,0.7971652
0.1047960,0.7973568
0.1048780,0.8030388
0.1049600,0.8104615
0.1050420,0.7863967
0.1051240,0.8001339
0.1052060,0.7956750
0.1052880,0.7959515
0.1053700,0.7992873
0.1054520,0.7991887
0.1055340,0.8042825
0.1056160,0.7915623
0.1056980,0.7922296
0.1057800,0.8087494
0.1058620,0.8138390
0.1059440,0.8089178
0.1060260,0.8007239
0.1061080,0.8076691
0.1061900,0.8078855
0.1062720,0.8109375
0.1063540,0.8029333
0.1064360,0.8052742
0.1065180,0.8155749
0.1066000,0.8081833
0.1066820,0.8081913
0.1067640,0.8022796
0.1068460,0.8107545
0.1069280,0.8021270
0.1070100,0.8219638
0.1070920,0.8225586
0.1071740,0.8060283
0.1072560,0.7967429
0.1073380,0.7926230
0.1074200,0.7981342
0.1075020,0.7954102
0.1075840,0.7959342
0.1076660,0.7879702
0.1077480,0.8011732
0.1078300,0.8083963
0.1079120,0.8066728
0.1079940,0.8069599
0.1080760,0.8117500
0.1081580,0.8042114
0.1082400,0.8045995
0.1083220,0.8114731
0.1084040,0.8039871
0.1084860,0.8045597
0.1085680,0.8050161
0.1086500,0.8088179
0.1087320,0.8073177
0.1088140,0.8278739
0.1088960,0.8285047
0.1089780,0.8143522
0.1090600,0.8191415
0.1091420,0.8061390
0.1092240,0.8078485
0.1093060,0.8143014
0.1093880,0.8143739
0.1094700,0.8245483
0.1095520,0.8174861
0.1096340,0.8307316
0.1097160,0.8115352
0.1097980,0.8117422
0.1098800,0.8138291
0.1099620,0.8173786
0.1100440,0.8155841
0.1101260,0.8155058
0.1102080,0.8206904
0.1102900,0.8212387
0.1103720,0.8238741
0.1104540,0.8231741
0.1105360,0.8364882
0.1106180,0.8410182
0.1107000,0.8276605
0.1107820,0.8278491
0.1108640,0.8209696
0.1109460,0.8247556
0.1110280,0.8128775
0.1111100,0.8078647
0.1111920,0.8085410
0.1112740,0.8152216
0.1113560,0.8238560
0.1114380,0.8327069
0.1115200,0.8093186
0.1116020,0.8225371
0.1116840,0.8229474
0.1117660,0.8225935
0.1118480,0.8383072
0.1119300,0.8287624
0.1120120,0.8384584
0.1120940,0.8388195
0.1121760,0.8197414
0.1122580,0.8282874
0.1123400,0.8237026
0.1124220,0.8262724
0.1125040,0.8234705
0.1125860,0.8233953
0.1126680,0.8336340
0.1127500,0.8212645
0.1128320,0.8298027
0.1129140,0.8137201
0.1129960,0.8139010
0.1130780,0.8229347
0.1131600,0.8284596
0.1132420,0.8303686
0.1133240,0.8193162
0.1134060,0.8336348
0.1134880,0.8339912
0.1135700,0.8286649
0.1136520,0.8190717
0.1137340,0.8187480
0.1138160,0.8215337
0.1138980,0.8214786
0.1139800,0.8147019
0.1140620,0.8266499
0.1141440,0.8153456
0.1142260,0.8252420
0.1143080,0.8375796
0.1143900,0.8376505
0.1144720,0.8198449
0.1145540,0.8235835
0.1146360,0.8198293
0.1147180,0.8396511
0.1148000,0.8289247
0.1148820,0.8290815
0.1149640,0.8375265
0.1150460,0.8232817
0.1151280,0.8201670
0.1152100,0.8170805
0.1152920,0.8174199
0.1153740,0.8220944
0.1154560,0.8189579
0.1155380,0.8258253
0.1156200,0.8288911
0.1157020,0.8309186
0.1157840,0.8309794
0.1158660,0.8289623
0.1159480,0.8268215
0.1160300,0.8259652
0.1161120,0.8145368
0.1161940,0.8151729
0.1162760,0.8254163
0.1163580,0.8443680
0.1164400,0.8424127
0.1165220,0.8268240
0.1166040,0.8336511
0.1166860,0.8335660
0.1167680,0.8411299
0.1168500,0.8352166
0.1169320,0.8276337
0.1170140,0.8133040
0.1170960,0.8136565
0.1171780,0.8279792
0.1172600,0.8332315
0.1173420,0.8268778
0.1174240,0.8363571
0.1175060,0.8247442
0.1175880,0.8247584
0.1176700,0.8224742
0.1177520,0.8182431
0.1178340,0.8334284
0.1179160,0.8217392
0.1179980,0.8220423
0.1180800,0.8340317
0.1181620,0.8371811
0.1182440,0.8188409
0.1183260,0.8206781
0.1184080,0.8175295
0.1184900,0.8178652
0.1185720,0.8212457
0.1186540,0.8284657
0.1187360,0.8251942
0.1188180,0.8356931
0.1189000,0.8435009
0.1189820,0.8436184
0.1190640,0.8328848
0.1191460,0.8461408
0.1192280,0.8324415
0.1193100,0.8292719
0.1193920,0.8295730
0.1194740,0.8252894
0.1195560,0.8320702
0.1196380,0.8277152
0.1197200,0.8305096
0.1198020,0.8347731
0.1198840,0.8352083
0.1199660,0.8464619
0.1200480,0.8528643
0.1201300,0.8355524
0.1202120,0.8426471
0.1202940,0.8428081
0.1203760,0.8373694
0.1204580,0.8336633
0.1205400,0.8311184
0.1206220,0.8245757
0.1207040,0.8287054
0.1207860,0.8290917
0.1208680,0.8281974
0.1209500,0.8261589
0.1210320,0.8326031
0.1211140,0.8239429
0.1211960,0.8241223
0.1212780,0.8222679
0.1213600,0.8323669
0.1214420,0.8329437
0.1215240,0.8365867
0.1216060,0.8376472
0.1216880,0.8376952
0.1217700,0.8238126
0.1218520,0.8313616
0.1219340,0.8262629
0.1220160,0.8274930
0.1220980,0.8277170
0.1221800,0.8270767
0.1222620,0.8384495
0.1223440,0.8307063
0.1224260,0.8213814
0.1225080,0.8268091
0.1225900,0.8276574
0.1226720,0.8268045
0.1227540,0.8361699
0.1228360,0.8418930
0.1229180,0.8522180
0.1230000,0.8527502
0.1230820,0.8532184
0.1231640,0.8474491
0.1232460,0.8437476
0.1233280,0.8401462
0.1234100,0.8421748
0.1234920,0.8423620
0.1235740,0.8412456
0.1236560,0.8445134
0.1237380,0.8484075
0.1238200,0.8337045
0.1239020,0.8392210
0.1239840,0.8395513
0.1240660,0.8390643
0.1241480,0.8449545
0.1242300,0.8450631
0.1243120,0.8327619
0.1243940,0.8329930
0.1244760,0.8319274
0.1245580,0.8267766
0.1246400,0.8369358
0.1247220,0.8409946
0.1248040,0.8294371
0.1248860,0.8297226
0.1249680,0.8351844
0.1250500,0.8303816
0.1251320,0.8437321
0.1252140,0.8341729
0.1252960,0.8343651
0.1253780,0.8481318
0.1254600,0.8436633
0.1255420,0.8360053
0.1256240,0.8290814
0.1257060,0.8535618
0.1257880,0.8541575
0.1258700,0.8474278
0.1259520,0.8275656
0.1260340,0.8374562
0.1261160,0.8381231
0.1261980,0.8383622
0.1262800,0.8297460
0.1263620,0.8243347
0.1264440,0.8357783
0.1265260,0.8229358
0.1266080,0.8323242
0.1266900,0.8330975
0.1267720,0.8374110
0.1268540,0.8361286
0.1269360,0.8443059
0.1270180,0.8364801
0.1271000,0.8352475
0.1271820,0.8363161
0.1272640,0.8443535
0.1273460,0.8481947
0.1274280,0.8555124
0.1275100,0.8358825
0.1275920,0.8363916
0.1276740,0.8305325
0.1277560,0.8515682
0.1278380,0.8372153
0.1279200,0.8377197
0.1280020,0.8370565
0.1280840,0.8371040
0.1281660,0.8297966
0.1282480,0.8360298
0.1283300,0.8357350
0.1284120,0.8430536
0.1284940,0.8434322
0.1285760,0.8444725
0.1286580,0.8433585
0.1287400,0.8285715
0.1288220,0.8382180
0.1289040,0.8399754
0.1289860,0.8401122
0.1290680,0.8413621
0.1291500,0.8425348
0.1292320,0.8362822
0.1293140,0.8370544
0.1293960,0.8379949
0.1294780,0.8377140
0.1295600,0.8420089
0.1296420,0.8398108
0.1297240,0.8404216
0.1298060,0.8500614
0.1298880,0.8506230
0.1299700,0.8404724
0.1300520,0.8371964
0.1301340,0.8540977
0.1302160,0.8382440
0.1302980,0.8381269
0.1303800,0.8432712
0.1304620,0.8415344
0.1305440,0.8420753
0.1306260,0.8492099
0.1307080,0.8439661
0.1307900,0.8441926
0.1308720,0.8466663
0.1309540,0.8355891
0.1310360,0.8295912
0.1311180,0.8362151
0.1312000,0.8431417
0.1312820,0.8431380
0.1313640,0.8397492
0.1314460,0.8453221
0.1315280,0.8568030
0.1316100,0.8711789
0.1316920,0.8720988
0.1317740,0.8512934
0.1318560,0.8386199
0.1319380,0.8393921
0.1320200,0.8322877
0.1321020,0.8431059
0.1321840,0.8433961
0.1322660,0.8483182
0.1323480,0.8446943
0.1324300,0.8377046
0.1325120,0.8328785
0.1325940,0.8335667
0.1326760,0.8454957
0.1327580,0.8530721
0.1328400,0.8360961
0.1329220,0.8513964
0.1330040,0.8519531
0.1330860,0.8518674
0.1331680,0.8595597
0.1332500,0.8572263
0.1333320,0.8538566
0.1334140,0.8565719
0.1334960,0.8567315
0.1335780,0.8502036
0.1336600,0.8482396
0.1337420,0.8513285
0.1338240,0.8589916
0.1339060,0.8611774
0.1339880,0.8610960
0.1340700,0.8508790
0.1341520,0.8523030
0.1342340,0.8486905
0.1343160,0.8467687
0.1343980,0.8469383
0.1344800,0.8572703
0.1345620,0.8424523
0.1346440,0.8432979
0.1347260,0.8445936
0.1348080,0.8488275
0.1348900,0.8487243
0.1349720,0.8397735
0.1350540,0.8533260
0.1351360,0.8574806
0.1352180,0.8508637
0.1353000,0.8442051
0.1353820,0.8447601
0.1354640,0.8494322
0.1355460,0.8448621
0.1356280,0.8459144
0.1357100,0.8489939
0.1357920,0.8490297
0.1358740,0.8645819
0.1359560,0.8611169
0.1360380,0.8626120
0.1361200,0.8414430
0.1362020,0.8541717
0.1362840,0.8544365
0.1363660,0.8596683
0.1364480,0.8545438
0.1365300,0.8478083
0.1366120,0.8514427
0.1366940,0.8518564
0.1367760,0.8594075
0.1368580,0.8463291
0.1369400,0.8473241
0.1370220,0.8473992
0.1371040,0.8396794
0.1371860,0.8399837
0.1372680,0.8438419
0.1373500,0.8456759
0.1374320,0.8492641
0.1375140,0.8584397
0.1375960,0.8587527
0.1376780,0.8454562
0.1377600,0.8527740
0.1378420,0.8586904
0.1379240,0.8526307
0.1380060,0.8568071
0.1380880,0.8567496
0.1381700,0.8422522
0.1382520,0.8487589
0.1383340,0.8562447
0.1384160,0.8547720
0.1384980,0.8552317
0.1385800,0.8567836
0.1386620,0.8559767
0.1387440,0.8413543
0.1388260,0.8433032
0.1389080,0.8524080
0.1389900,0.8524231
0.1390720,0.8705581
0.1391540,0.8547031
0.1392360,0.8593157
0.1393180,0.8608981
0.1394000,0.8560950
0.1394820,0.8566632
0.1395640,0.8518910
0.1396460,0.8520330
0.1397280,0.8709395
0.1398100,0.8689836
0.1398920,0.8693182
0.1399740,0.8667057
0.1400560,0.8664447
0.1401380,0.8635935
0.1402200,0.8659623
0.1403020,0.8626249
0.1403840,0.8628178
0.1404660,0.8565038
0.1405480,0.8535037
0.1406300,0.8487684
0.1407120,0.8524149
0.1407940,0.8524746
0.1408760,0.8556343
0.1409580,0.8600825
0.1410400,0.8492973
0.1411220,0.8407596
0.1412040,0.8530175
0.1412860,0.8529787
0.1413680,0.8558574
0.1414500,0.8488325
0.1415320,0.8604250
0.1416140,0.8654402
0.1416960,0.8660933
0.1417780,0.8597665
0.1418600,0.8602388
0.1419420,0.8606168
0.1420240,0.8602553
0.1421060,0.8782110
0.1421880,0.8789547
0.1422700,0.8655358
0.1423520,0.8672351
0.1424340,0.8659060
0.1425160,0.8478961
0.1425980,0.8484781
0.1426800,0.8611101
0.1427620,0.8643408
0.1428440,0.8648612
0.1429260,0.8536108
0.1430080,0.8599805
0.1430900,0.8598795
0.1431720,0.8608783
0.1432540,0.8632788
0.1433360,0.8698823
0.1434180,0.8710743
0.1435000,0.8633637
0.1435820,0.8631078
0.1436640,0.8751168
0.1437460,0.8624585
0.1438280,0.8678447
0.1439100,0.8725924
0.1439920,0.8731991
0.1440740,0.8532688
0.1441560,0.8660227
0.1442380,0.8754567
0.1443200,0.8469881
0.1444020,0.8401897
0.1444840,0.8405490
0.1445660,0.8594405
0.1446480,0.8605241
0.1447300,0.8585189
0.1448120,0.8626368
0.1448940,0.8628135
0.1449760,0.8603291
0.1450580,0.8622635
0.1451400,0.8754746
0.1452220,0.8787853
0.1453040,0.8691760
0.1453860,0.8696197
0.1454680,0.8565836
0.1455500,0.8633536
0.1456320,0.8637076
0.1457140,0.8571126
0.1457960,0.8573411
0.1458780,0.8655227
0.1459600,0.8606230
0.1460420,0.8564997
0.1461240,0.8522869
0.1462060,0.8659942
0.1462880,0.8662178
0.1463700,0.8709609
0.1464520,0.8762862
0.1465340,0.8582958
0.1466160,0.8618159
0.1466980,0.8619237
0.1467800,0.8671398
0.1468620,0.8629851
0.1469440,0.8820441
0.1470260,0.8532102
0.1471080,0.8662618
0.1471900,0.8661147
0.1472720,0.8564775
0.1473540,0.8615541
0.1474360,0.8577968
0.1475180,0.8700833
0.1476000,0.8787869
0.1476820,0.8787506
0.1477640,0.8690749
0.1478460,0.8566352
0.1479280,0.8525068
0.1480100,0.8658105
0.1480920,0.8659428
0.1481740,0.8458383
0.1482560,0.8550492
0.1483380,0.8679548
0.1484200,0.8601965
0.1485020,0.8752737
0.1485840,0.8759650
0.1486660,0.8629943
0.1487480,0.8623256
0.1488300,0.8715461
0.1489120,0.8757207
0.1489940,0.8759063
0.1490760,0.8726049
0.1491580,0.8690331
0.1492400,0.8587790
0.1493220,0.8742379
0.1494040,0.8565495
0.1494860,0.8566066
0.1495680,0.8634801
0.1496500,0.8585570
0.1497320,0.8702436
0.1498140,0.8545460
0.1498960,0.8544960
0.1499780,0.8526162
0.1500600,0.8578800
0.1501420,0.8691188
0.1502240,0.8599938
0.1503060,0.8580101
0.1503880,0.8575260
0.1504700,0.8630871
0.1505520,0.8608546
0.1506340,0.8607629
0.1507160,0.8587036
0.1507980,0.8591245
0.1508800,0.8536475
0.1509620,0.8603175
0.1510440,0.8513019
0.1511260,0.8627773
0.1512080,0.8604948
0.1512900,0.8607889
0.1513720,0.8517529
0.1514540,0.8590679
0.1515360,0.8577778
0.1516180,0.8571282
0.1517000,0.8657235
0.1517820,0.8661055
0.1518640,0.8582303
0.1519460,0.8532667
0.1520280,0.8522194
0.1521100,0.8586741
0.1521920,0.8591174
0.1522740,0.8569371
0.1523560,0.8508524
0.1524380,0.8632898
0.1525200,0.8666729
0.1526020,0.8676424
0.1526840,0.8676502
0.1527660,0.8599830
0.1528480,0.8715322
0.1529300,0.8570779
0.1530120,0.8574262
0.1530940,0.8577386
0.1531760,0.8538617
0.1532580,0.8525246
0.1533400,0.8442585
0.1534220,0.8653530
0.1535040,0.8653132
0.1535860,0.8655939
0.1536680,0.8531402
0.1537500,0.8669409
0.1538320,0.8616271
0.1539140,0.8813050
0.1539960,0.8815815
0.1540780,0.8699973
0.1541600,0.8570420
0.1542420,0.8569202
0.1543240,0.8623705
0.1544060,0.8694859
0.1544880,0.8700934
0.1545700,0.8620801
0.1546520,0.8443981
0.1547340,0.8644634
0.1548160,0.8535217
0.1548980,0.8541536
0.1549800,0.8608386
0.1550620,0.8594198
0.1551440,0.8635301
0.1552260,0.8653486
0.1553080,0.8661143
0.1553900,0.8668888
0.1554720,0.8651791
0.1555540,0.8591316
0.1556360,0.8549554
0.1557180,0.8607656
0.1558000,0.8537602
0.1558820,0.8537748
0.1559640,0.8562350
0.1560460,0.8639510
0.1561280,0.8574519
0.1562100,0.8572805
0.1562920,0.8572691
0.1563740,0.8592979
0.1564560,0.8529791
0.1565380,0.8695702
0.1566200,0.8616187
0.1567020,0.8655464
0.1567840,0.8662121
0.1568660,0.8651694
0.1569480,0.8601153
0.1570300,0.8662786
0.1571120,0.8603381
0.1571940,0.8605096
0.1572760,0.8692822
0.1573580,0.8665045
0.1574400,0.8645112
0.1575220,0.8720032
0.1576040,0.8776882
0.1576860,0.8779022
0.1577680,0.8637394
0.1578500,0.8558265
0.1579320,0.8815889
0.1580140,0.8773836
0.1580960,0.8776714
0.1581780,0.8881177
0.1582600,0.8697941
0.1583420,0.8670003
0.1584240,0.8695934
0.1585060,0.8647726
0.1585880,0.8649934
0.1586700,0.8684468
0.1587520,0.8620926
0.1588340,0.8776492
0.1589160,0.8723522
0.1589980,0.8727187
0.1590800,0.8811570
0.1591620,0.8813588
0.1592440,0.8734310
0.1593260,0.8670068
0.1594080,0.8736292
0.1594900,0.8740900
0.1595720,0.8863132
0.1596540,0.8702047
0.1597360,0.8840264
0.1598180,0.8896386
0.1599000,0.8850021
0.1599820,0.8857010
0.1600640,0.8844850
0.1601460,0.8816208
0.1602280,0.8774269
0.1603100,0.8827673
0.1603920,0.8830964
0.1604740,0.8711039
0.1605560,0.8737731
0.1606380,0.8765082
0.1607200,0.8742876
0.1608020,0.8678468
0.1608840,0.8683361
0.1609660,0.8708009
0.1610480,0.8586909
0.1611300,0.8689989
0.1612120,0.8627930
0.1612940,0.8631711
0.1613760,0.8744002
0.1614580,0.8806710
0.1615400,0.8713077
0.1616220,0.8752777
0.1617040,0.8788862
0.1617860,0.8789673
0.1618680,0.8794549
0.1619500,0.8646168
0.1620320,0.8675314
0.1621140,0.8755010
0.1621960,0.8756317
0.1622780,0.8722819
0.1623600,0.8615273
0.1624420,0.8665459
0.1625240,0.8736100
0.1626060,0.8661722
0.1626880,0.8662801
0.1627700,0.8636647
0.1628520,0.8641969
0.1629340,0.8728183
0.1630160,0.8633766
0.1630980,0.8635191
0.1631800,0.8861144
0.1632620,0.8836489
0.1633440,0.8746878
0.1634260,0.8753536
0.1635080,0.8873972
0.1635900,0.8878904
0.1636720,0.8804927
0.1637540,0.8763161
0.1638360,0.8721931
0.1639180,0.8723331
0.1640000,0.8697403
0.1640820,0.8701224
0.1641640,0.8807283
0.1642460,0.8729004
0.1643280,0.8684132
0.1644100,0.8795959
0.1644920,0.8794273
0.1645740,0.8788801
0.1646560,0.8653050
0.1647380,0.8707167
0.1648200,0.8688247
0.1649020,0.8597129
0.1649840,0.8598646
0.1650660,0.8608917
0.1651480,0.8618654
0.1652300,0.8495808
0.1653120,0.8607419
0.1653940,0.8607243
0.1654760,0.8781988
0.1655580,0.8705648
0.1656400,0.8671607
0.1657220,0.8701848
0.1658040,0.8620226
0.1658860,0.8625359
0.1659680,0.8825443
0.1660500,0.8805181
0.1661320,0.8638295
0.1662140,0.8791797
0.1662960,0.8791909
0.1663780,0.8780215
0.1664600,0.8700995
0.1665420,0.8722453
0.1666240,0.8778174
0.1667060,0.8772294
0.1667880,0.8770796
0.1668700,0.8725343
0.1669520,0.8700479
0.1670340,0.8700283
0.1671160,0.8744013
0.1671980,0.8746756
0.1672800,0.8595056
0.1673620,0.8682222
0.1674440,0.8615328
0.1675260,0.8708928
0.1676080,0.8764117
0.1676900,0.8766483
0.1677720,0.8763360
0.1678540,0.8605868
0.1679360,0.8736367
0.1680180,0.8684738
0.1681000,0.8870649
0.1681820,0.8871654
0.1682640,0.8678523
0.1683460,0.8788341
0.1684280,0.8811880
0.1685100,0.8620442
0.1685920,0.8621787
0.1686740,0.8680849
0.1687560,0.8631487
0.1688380,0.8648463
0.1689200,0.8697351
0.1690020,0.8780932
0.1690840,0.8785202
0.1691660,0.8777828
0.1692480,0.8781111
0.1693300,0.8817740
0.1694120,0.8810574
0.1694940,0.8818364
0.1695760,0.8733234
0.1696580,0.8781119
0.1697400,0.8785255
0.1698220,0.8791129
0.1699040,0.8642571
0.1699860,0.8644584
0.1700680,0.8665902
0.1701500,0.8766162
0.1702320,0.8775329
0.1703140,0.8714731
0.1703960,0.8718090
0.1704780,0.8640130
0.1705600,0.8570403
0.1706420,0.8732970
0.1707240,0.8722487
0.1708060,0.8722200
0.1708880,0.8720740
0.1709700,0.8669179
0.1710520,0.8574277
0.1711340,0.8469946
0.1712160,0.8561246
0.1712980,0.8560645
0.1713800,0.8657954
0.1714620,0.8645807
0.1715440,0.8735353
0.1716260,0.8686142
0.1717080,0.8619942
0.1717900,0.8622850
0.1718720,0.8536650
0.1719540,0.8559054
0.1720360,0.8610190
0.1721180,0.8680048
0.1722000,0.8671802
0.1722820,0.8676922
0.1723640,0.8809244
0.1724460,0.8756331
0.1725280,0.8972749
0.1726100,0.8796611
0.1726920,0.8798494
0.1727740,0.8644486
0.1728560,0.8669296
0.1729380,0.8642605
0.1730200,0.8673700
0.1731020,0.8857858
0.1731840,0.8858686
0.1732660,0.8804869
0.1733480,0.8769349
0.1734300,0.8984805
0.1735120,0.8786035
0.1735940,0.8786678
0.1736760,0.8920744
0.1737580,0.8912590
0.1738400,0.8726395
0.1739220,0.8747287
0.1740040,0.8592640
0.1740860,0.8597718
0.1741680,0.8687072
0.1742500,0.8635120
0.1743320,0.8709271
0.1744140,0.8674316
0.1744960,0.8677098
0.1745780,0.8623970
0.1746600,0.8706684
0.1747420,0.8737278
0.1748240,0.8778751
0.1749060,0.8688180
0.1749880,0.8692885
0.1750700,0.8722770
0.1751520,0.8500220
0.1752340,0.8643657
0.1753160,0.8685650
0.1753980,0.8688460
0.1754800,0.8802301
0.1755620,0.8704024
0.1756440,0.8812235
0.1757260,0.8705646
0.1758080,0.8701246
0.1758900,0.8704275
0.1759720,0.8697536
0.1760540,0.8744339
0.1761360,0.8775173
0.1762180,0.8654079
0.1763000,0.8738545
0.1763820,0.8743875
0.1764640,0.8698099
0.1765460,0.8689134
0.1766280,0.8825731
0.1767100,0.8739899
0.1767920,0.8741080
0.1768740,0.8755172
0.1769560,0.8740611
0.1770380,0.8702050
0.1771200,0.8857410
0.1772020,0.8709648
0.1772840,0.8711868
0.1773660,0.8518452
0.1774480,0.8537233
0.1775300,0.8573724
0.1776120,0.8751464
0.1776940,0.8751366
0.1777760,0.8760607
0.1778580,0.8699655
0.1779400,0.8595678
0.1780220,0.8555304
0.1781040,0.8526282
0.1781860,0.8524788
0.1782680,0.8581414
0.1783500,0.8697781
0.1784320,0.8480157
0.1785140,0.8652493
0.1785960,0.8656607
0.1786780,0.8657654
0.1787600,0.8703114
0.1788420,0.8839714
0.1789240,0.8682675
0.1790060,0.8713668
0.1790880,0.8719106
0.1791700,0.8735482
0.1792520,0.8714792
0.1793340,0.8663556
0.1794160,0.8723332
0.1794980,0.8727039
0.1795800,0.8592568
0.1796620,0.8734570
0.1797440,0.8642103
0.1798260,0.8679299
0.1799080,0.8545683
0.1799900,0.8544505
0.1800720,0.8672756
0.1801540,0.8624554
0.1802360,0.8615064
0.1803180,0.8674291
0.1804000,0.8810621
0.1804820,0.8812464
0.1805640,0.8717228
0.1806460,0.8765136
0.1807280,0.8605879
0.1808100,0.8604517
0.1808920,0.8604213
0.1809740,0.8626672
0.1810560,0.8696342
0.1811380,0.8707104
0.1812200,0.8734854
0.1813020,0.8699528
0.1813840,0.8699873
0.1814660,0.8670012
0.1815480,0.8643384
0.1816300,0.8796081
0.1817120,0.8574033
0.1817940,0.8577409
0.1818760,0.8719252
0.1819580,0.8681317
0.1820400,0.8726455
0.1821220,0.8719251
0.1822040,0.8582010
0.1822860,0.8587493
0.1823680,0.8689737
0.1824500,0.8726310
0.1825320,0.8844837
0.1826140,0.8760935
0.1826960,0.8763615
0.1827780,0.8761307
0.1828600,0.8659846
0.1829420,0.8596086
0.1830240,0.8739584
0.1831060,0.8759274
0.1831880,0.8760830
0.1832700,0.8649600
0.1833520,0.8748256
0.1834340,0.8830187
0.1835160,0.8794757
0.1835980,0.8795772
0.1836800,0.8738671
0.1837620,0.8850787
0.1838440,0.8878324
0.1839260,0.8823413
0.1840080,0.8640054
0.1840900,0.8640810
0.1841720,0.8649680
0.1842540,0.8638363
0.1843360,0.8697867
0.1844180,0.8635551
0.1845000,0.8599381
0.1845820,0.8604434
0.1846640,0.8727677
0.1847460,0.8742156
0.1848280,0.8688754
0.1849100,0.8762254
0.1849920,0.8766817
0.1850740,0.8799232
0.1851560,0.8742270
0.1852380,0.8683796
0.1853200,0.8846891
0.1854020,0.8781469
0.1854840,0.8787657
0.1855660,0.8594836
0.1856480,0.8635366
0.1857300,0.8661345
0.1858120,0.8694803
0.1858940,0.8698293
0.1859760,0.8646142
0.1860580,0.8611066
0.1861400,0.8734918
0.1862220,0.8727907
0.1863040,0.8694381
0.1863860,0.8699675
0.1864680,0.8758489
0.1865500,0.8762683
0.1866320,0.8630324
0.1867140,0.8691105
0.1867960,0.8684647
0.1868780,0.8640110
0.1869600,0.8773932
0.1870420,0.8707113
0.1871240,0.8692472
0.1872060,0.8700427
0.1872880,0.8703476
0.1873700,0.8870430
0.1874520,0.8783438
0.1875340,0.8710508
0.1876160,0.8814082
0.1876980,0.8816468
0.1877800,0.8681031
0.1878620,0.8847016
0.1879440,0.8751854
0.1880260,0.8723560
0.1881080,0.8777692
0.1881900,0.8782492
0.1882720,0.8778173
0.1883540,0.8686431
0.1884360,0.8816546
0.1885180,0.8718182
0.1886000,0.8757676
0.1886820,0.8757891
0.1887640,0.8843037
0.1888460,0.8813977
0.1889280,0.8677815
0.1890100,0.8903804
0.1890920,0.8905145
0.1891740,0.8802270
0.1892560,0.8769824
0.1893380,0.8745646
0.1894200,0.8789581
0.1895020,0.8840183
0.1895840,0.8841874
0.1896660,0.8826624
0.1897480,0.8773146
0.1898300,0.8830994
0.1899120,0.8660703
0.1899940,0.8664317
0.1900760,0.8845100
0.1901580,0.8856208
0.1902400,0.8896029
0.1903220,0.8864093
0.1904040,0.8834299
0.1904860,0.8834898
0.1905680,0.8872948
0.1906500,0.8881898
0.1907320,0.8790674
0.1908140,0.8763493
0.1908960,0.8765521
0.1909780,0.8722899
0.1910600,0.8916701
0.1911420,0.8846472
0.1912240,0.8802483
0.1913060,0.8890154
0.1913880,0.8895142
0.1914700,0.8825639
0.1915520,0.8833945
0.1916340,0.8783964
0.1917160,0.8959560
0.1917980,0.8963329
0.1918800,0.8769407
0.1919620,0.8935435
0.1920440,0.8841951
0.1921260,0.8929763
0.1922080,0.8691525
0.1922900,0.8690880
0.1923720,0.8907803
0.1924540,0.8771197
0.1925360,0.8869713
0.1926180,0.8723391
0.1927000,0.8833489
0.1927820,0.8838859
0.1928640,0.8906125
0.1929460,0.8899452
0.1930280,0.8851370
0.1931100,0.8914145
0.1931920,0.8917876
0.1932740,0.8865972
0.1933560,0.8870605
0.1934380,0.8784073
0.1935200,0.8874130
0.1936020,0.8841989
0.1936840,0.8849624
0.1937660,0.8824098
0.1938480,0.8744111
0.1939300,0.8747620
0.1940120,0.8662541
0.1940940,0.8664434
0.1941760,0.8710939
0.1942580,0.8768904
0.1943400,0.8828034
0.1944220,0.8702266
0.1945040,0.8896321
0.1945860,0.8895695
0.1946680,0.8844830
0.1947500,0.8859941
0.1948320,0.8817226
0.1949140,0.8802626
0.1949960,0.8807136
0.1950780,0.8847414
0.1951600,0.8760171
0.1952420,0.8817667
0.1953240,0.8911845
0.1954060,0.8951757
0.1954880,0.8954911
0.1955700,0.8824814
0.1956520,0.8690889
0.1957340,0.8763981
0.1958160,0.8607995
0.1958980,0.8609853
0.1959800,0.8640681
0.1960620,0.8754106
0.1961440,0.8865607
0.1962260,0.8896786
0.1963080,0.8957538
0.1963900,0.8963412
0.1964720,0.8940904
0.1965540,0.8957813
0.1966360,0.8890298
0.1967180,0.8848260
0.1968000,0.8918911
0.1968820,0.8921248
0.1969640,0.8816668
0.1970460,0.8646312
0.1971280,0.8811595
0.1972100,0.8781817
0.1972920,0.8783739
0.1973740,0.8793855
0.1974560,0.8723664
0.1975380,0.8723370
0.1976200,0.8749735
0.1977020,0.8711622
0.1977840,0.8710324
0.1978660,0.8801571
0.1979480,0.8722364
0.1980300,0.8613285
0.1981120,0.8752229
0.1981940,0.8754918
0.1982760,0.8869414
0.1983580,0.8853653
0.1984400,0.8835899
0.1985220,0.8905627
0.1986040,0.8879166
0.1986860,0.8881973
0.1987680,0.8885159
0.1988500,0.8964338
0.1989320,0.8856757
0.1990140,0.8876876
0.1990960,0.8885303
0.1991780,0.8888484
0.1992600,0.8914367
0.1993420,0.8882841
0.1994240,0.8935895
0.1995060,0.8863162
0.1995880,0.8868531
0.1996700,0.8791405
0.1997520,0.8957305
0.1998340,0.8873358
0.1999160,0.8927108
0.1999980,0.8930189
0.2000800,0.8917517
0.2001620,0.8852274
0.2002440,0.8895499
0.2003260,0.8838927
0.2004080,0.8890503
0.2004900,0.8889994
0.2005720,0.8978528
0.2006540,0.9007219
0.2007360,0.9021589
0.2008180,0.8763812
0.2009000,0.8926354
0.2009820,0.8931305
0.2010640,0.8868092
0.2011460,0.8927424
0.2012280,0.8724417
0.2013100,0.8858321
0.2013920,0.8864186
0.2014740,0.8840280
0.2015560,0.8892563
0.2016380,0.8873305
0.2017200,0.8818109
0.2018020,0.8805551
0.2018840,0.8806840
0.2019660,0.8767084
0.2020480,0.8839737
0.2021300,0.8846067
0.2022120,0.8837495
0.2022940,0.8837510
0.2023760,0.8853579
0.2024580,0.8958447
0.2025400,0.8944658
0.2026220,0.8957275
0.2027040,0.8913235
0.2027860,0.8916528
0.2028680,0.8991275
0.2029500,0.8959429
0.2030320,0.8922052
0.2031140,0.8862346
0.2031960,0.8861255
0.2032780,0.8919497
0.2033600,0.9011958
0.2034420,0.8867202
0.2035240,0.8768651
0.2036060,0.8790945
0.2036880,0.8792120
0.2037700,0.8856584
0.2038520,0.8945744
0.2039340,0.9012494
0.2040160,0.9007752
0.2040980,0.9009623
0.2041800,0.8926440
0.2042620,0.8850578
0.2043440,0.8829063
0.2044260,0.8880118
0.2045080,0.8883926
0.2045900,0.8885546
0.2046720,0.8935051
0.2047540,0.8880549
0.2048360,0.8827055
0.2049180,0.8956027
0.2050000,0.8828349
0.2050820,0.8830911
0.2051640,0.8791760
0.2052460,0.8826740
0.2053280,0.8735007
0.2054100,0.8716424
0.2054920,0.8721415
0.2055740,0.8781608
0.2056560,0.8952950
0.2057380,0.8913914
0.2058200,0.8810293
0.2059020,0.8865157
0.2059840,0.8865064
0.2060660,0.8832222
0.2061480,0.8747506
0.2062300,0.8865642
0.2063120,0.8762182
0.2063940,0.8764061
0.2064760,0.8798537
0.2065580,0.8788437
0.2066400,0.8791684
0.2067220,0.8849792
0.2068040,0.8907388
0.2068860,0.8912076
0.2069680,0.8850062
0.2070500,0.8935089
0.2071320,0.8779632
0.2072140,0.8762742
0.2072960,0.8767971
0.2073780,0.8761587
0.2074600,0.8806047
0.2075420,0.8823379
0.2076240,0.8854722
0.2077060,0.8880029
0.2077880,0.8882109
0.2078700,0.8772857
0.2079520,0.8691526
0.2080340,0.8851083
0.2081160,0.8865305
0.2081980,0.8871681
0.2082800,0.8908776
0.2083620,0.8755840
0.2084440,0.8800436
0.2085260,0.8748881
0.2086080,0.8920741
0.2086900,0.8921992
0.2087720,0.8985620
0.2088540,0.8905483
0.2089360,0.8928450
0.2090180,0.8806778
0.2091000,0.8790090
0.2091820,0.8790657
0.2092640,0.8796166
0.2093460,0.8864238
0.2094280,0.8861145
0.2095100,0.8828749
0.2095920,0.8828006
0.2096740,0.8919171
0.2097560,0.8811201
0.2098380,0.8851450
0.2099200,0.8741575
0.2100020,0.8765488
0.2100840,0.8763907
0.2101660,0.8784157
0.2102480,0.8758782
0.2103300,0.8679447
0.2104120,0.8783843
0.2104940,0.8783327
0.2105760,0.8900260
0.2106580,0.8769376
0.2107400,0.8720974
0.2108220,0.8776353
0.2109040,0.8726549
0.2109860,0.8729196
0.2110680,0.8793198
0.2111500,0.8704675
0.2112320,0.8743805
0.2113140,0.8688551
0.2113960,0.8693503
0.2114780,0.8717982
0.2115600,0.8693437
0.2116420,0.8800203
0.2117240,0.8801273
0.2118060,0.8755306
0.2118880,0.8755305
0.2119700,0.8814060
0.2120520,0.8748721
0.2121340,0.8747540
0.2122160,0.8730865
0.2122980,0.8730059
0.2123800,0.8754589
0.2124620,0.8659013
0.2125440,0.8892131
0.2126260,0.8861803
0.2127080,0.8903720
0.2127900,0.8910675
0.2128720,0.8872082
0.2129540,0.8976595
0.2130360,0.8815155
0.2131180,0.8904590
0.2132000,0.8779975
0.2132820,0.8782087
0.2133640,0.8946123
0.2134460,0.8827001
0.2135280,0.8836584
0.2136100,0.8870010
0.2136920,0.8873738
0.2137740,0.8841018
0.2138560,0.8778204
0.2139380,0.8692951
0.2140200,0.8768938
0.2141020,0.8724345
0.2141840,0.8724086
0.2142660,0.8798795
0.2143480,0.8794414
0.2144300,0.8903776
0.2145120,0.8791990
0.2145940,0.8795607
0.2146760,0.8849396
0.2147580,0.8723199
0.2148400,0.8614346
0.2149220,0.8743374
0.2150040,0.8763389
0.2150860,0.8768322
0.2151680,0.8763327
0.2152500,0.8789070
0.2153320,0.8834418
0.2154140,0.8832801
0.2154960,0.8835298
0.2155780,0.8716943
0.2156600,0.8880706
0.2157420,0.8812356
0.2158240,0.8894965
0.2159060,0.8844396
0.2159880,0.8847105
0.2160700,0.8861614
0.2161520,0.8742987
0.2162340,0.8807540
0.2163160,0.8729566
0.2163980,0.8731487
0.2164800,0.8714299
0.2165620,0.8794440
0.2166440,0.8793732
0.2167260,0.8795032
0.2168080,0.8784690
0.2168900,0.8785075
0.2169720,0.8798391
0.2170540,0.8752767
0.2171360,0.8815495
0.2172180,0.8890100
0.2173000,0.8877855
0.2173820,0.8882367
0.2174640,0.8707324
0.2175460,0.8775100
0.2176280,0.8832834
0.2177100,0.8821385
0.2177920,0.8818115
0.2178740,0.8961769
0.2179560,0.8881351
0.2180380,0.8697989
0.2181200,0.8808690
0.2182020,0.8730992
0.2182840,0.8728741
0.2183660,0.8867465
0.2184480,0.8747088
0.2185300,0.8734118
0.2186120,0.8753863
0.2186940,0.8755520
0.2187760,0.8911830
0.2188580,0.8719703
0.2189400,0.8801434
0.2190220,0.8727666
0.2191040,0.8705007
0.2191860,0.8704182
0.2192680,0.8784837
0.2193500,0.8935892
0.2194320,0.8854032
0.2195140,0.8828621
0.2195960,0.8833872
0.2196780,0.8832571
0.2197600,0.8789496
0.2198420,0.8626515
0.2199240,0.8747541
0.2200060,0.8702019
0.2200880,0.8699214
0.2201700,0.8628179
0.2202520,0.8844883
0.2203340,0.8831330
0.2204160,0.8728079
0.2204980,0.8731658
0.2205800,0.8785762
0.2206620,0.8890372
0.2207440,0.8873160
0.2208260,0.8980123
0.2209080,0.8920037
0.2209900,0.8922467
0.2210720,0.8868887
0.2211540,0.8903256
0.2212360,0.8870180
0.2213180,0.8888587
0.2214000,0.8756679
0.2214820,0.8761938
0.2215640,0.8876068
0.2216460,0.8859268
0.2217280,0.8841531
0.2218100,0.8910034
0.2218920,0.8910378
0.2219740,0.8852752
0.2220560,0.8938271
0.2221380,0.8801626
0.2222200,0.8720796
0.2223020,0.8685670
0.2223840,0.8690229
0.2224660,0.8801823
0.2225480,0.8727642
0.2226300,0.8785844
0.2227120,0.8686138
0.2227940,0.8689237
0.2228760,0.8696058
0.2229580,0.8692696
0.2230400,0.8686830
0.2231220,0.8793340
0.2232040,0.8810435
0.2232860,0.8812689
0.2233680,0.8780592
0.2234500,0.8845819
0.2235320,0.8788633
0.2236140,0.8873654
0.2236960,0.8875053
0.2237780,0.8789164
0.2238600,0.8750055
0.2239420,0.8821900
0.2240240,0.8714346
0.2241060,0.8765503
0.2241880,0.8769545
0.2242700,0.8746985
0.2243520,0.8661701
0.2244340,0.8730503
0.2245160,0.8771666
0.2245980,0.8777931
0.2246800,0.8888005
0.2247620,0.8753172
0.2248440,0.8834200
0.2249260,0.8793291
0.2250080,0.8975336
0.2250900,0.8981022
0.2251720,0.8884377
0.2252540,0.8867749
0.2253360,0.8786146
0.2254180,0.8878630
0.2255000,0.8739639
0.2255820,0.8741555
0.2256640,0.8719329
0.2257460,0.8799833
0.2258280,0.8851490
0.2259100,0.8842967
0.2259920,0.8842601
0.2260740,0.8891166
0.2261560,0.8901791
0.2262380,0.8858428
0.2263200,0.8767398
0.2264020,0.8883265
0.2264840,0.8884413
0.2265660,0.8829856
0.2266480,0.8739811
0.2267300,0.8883125
0.2268120,0.8851397
0.2268940,0.8854174
0.2269760,0.8799125
0.2270580,0.8822019
0.2271400,0.8718784
0.2272220,0.8720071
0.2273040,0.8806757
0.2273860,0.8809205
0.2274680,0.8827932
0.2275500,0.8845825
0.2276320,0.8801011
0.2277140,0.8749560
0.2277960,0.8762446
0.2278780,0.8811399
0.2279600,0.8852825
0.2280420,0.8791900
0.2281240,0.8845052
0.2282060,0.8868194
0.2282880,0.8873586
0.2283700,0.8894608
0.2284520,0.8939114
0.2285340,0.8999956
0.2286160,0.8907499
0.2286980,0.8911472
0.2287800,0.8838016
0.2288620,0.8892186
0.2289440,0.8924142
0.2290260,0.8910463
0.2291080,0.8898568
0.2291900,0.8900465
0.2292720,0.8812070
0.2293540,0.8968970
0.2294360,0.8898956
0.2295180,0.8954178
0.2296000,0.8946273
0.2296820,0.8945186
0.2297640,0.8942421
0.2298460,0.8897732
0.2299280,0.8872097
0.2300100,0.8997843
0.2300920,0.9003583
0.2301740,0.9023684
0.2302560,0.8839371
0.2303380,0.8875971
0.2304200,0.8766826
0.2305020,0.8950599
0.2305840,0.8952766
0.2306660,0.8899822
0.2307480,0.8950084
0.2308300,0.8883671
0.2309120,0.8895454
0.2309940,0.8900466
0.2310760,0.8899167
0.2311580,0.8821545
0.2312400,0.8938705
0.2313220,0.8885022
0.2314040,0.8913370
0.2314860,0.8912998
0.2315680,0.8959071
0.2316500,0.8958888
0.2317320,0.8815516
0.2318140,0.8959885
0.2318960,0.8962045
0.2319780,0.8830395
0.2320600,0.8833343
0.2321420,0.8848974
0.2322240,0.8839412
0.2323060,0.8908921
0.2323880,0.8914369
0.2324700,0.8954433
0.2325520,0.8913392
0.2326340,0.9019575
0.2327160,0.8987733
0.2327980,0.8990465
0.2328800,0.8860694
0.2329620,0.8912086
0.2330440,0.8854056
0.2331260,0.8862751
0.2332080,0.8968072
0.2332900,0.8973583
0.2333720,0.8893514
0.2334540,0.8869003
0.2335360,0.8896126
0.2336180,0.8863776
0.2337000,0.8852830
0.2337820,0.8855677
0.2338640,0.8757307
0.2339460,0.8756247
0.2340280,0.8882921
0.2341100,0.8955531
0.2341920,0.8956978
0.2342740,0.8902671
0.2343560,0.8790224
0.2344380,0.8842982
0.2345200,0.8879714
0.2346020,0.8894427
0.2346840,0.8892421
0.2347660,0.8851914
0.2348480,0.8800419
0.2349300,0.8867721
0.2350120,0.8853080
0.2350940,0.8855025
0.2351760,0.8777102
0.2352580,0.8722149
0.2353400,0.8843162
0.2354220,0.8851466
0.2355040,0.8865504
0.2355860,0.8873638
0.2356680,0.8975575
0.2357500,0.8895152
0.2358320,0.8829122
0.2359140,0.8867004
0.2359960,0.8872213
0.2360780,0.8941136
0.2361600,0.8922349
0.2362420,0.8991915
0.2363240,0.9007288
0.2364060,0.8826655
0.2364880,0.8829032
0.2365700,0.8824329
0.2366520,0.8816885
0.2367340,0.8839205
0.2368160,0.8780106
0.2368980,0.8778688
0.2369800,0.8758489
0.2370620,0.8885441
0.2371440,0.8893649
0.2372260,0.8830150
0.2373080,0.8901171
0.2373900,0.8909618
0.2374720,0.8864193
0.2375540,0.8749996
0.2376360,0.8763491
0.2377180,0.8859468
0.2378000,0.8752572
0.2378820,0.8753527
0.2379640,0.8779035
0.2380460,0.8813152
0.2381280,0.8792228
0.2382100,0.8671697
0.2382920,0.8673953
0.2383740,0.8834728
0.2384560,0.8773723
0.2385380,0.8829116
0.2386200,0.8839815
0.2387020,0.8855026
0.2387840,0.8858500
0.2388660,0.8784447
0.2389480,0.8852392
0.2390300,0.8748561
0.2391120,0.8972864
0.2391940,0.8977081
0.2392760,0.8976767
0.2393580,0.8882222
0.2394400,0.8739680
0.2395220,0.8722574
0.2396040,0.8769564
0.2396860,0.8772959
0.2397680,0.8822393
0.2398500,0.8714952
0.2399320,0.8832540
0.2400140,0.8806267
0.2400960,0.8810040
0.2401780,0.8748723
0.2402600,0.8928349
0.2403420,0.8784449
0.2404240,0.8874350
0.2405060,0.8993637
0.2405880,0.8994378
0.2406700,0.8902227
0.2407520,0.8983395
0.2408340,0.8995411
0.2409160,0.9067370
0.2409980,0.9071051
0.2410800,0.8953773
0.2411620,0.8922486
0.2412440,0.8770421
0.2413260,0.8790397
0.2414080,0.8915959
0.2414900,0.8918112
0.2415720,0.8848140
0.2416540,0.8886475
0.2417360,0.8865000
0.2418180,0.8848461
0.2419000,0.8874131
0.2419820,0.8878536
0.2420640,0.8878159
0.2421460,0.8927815
0.2422280,0.8833470
0.2423100,0.8977706
0.2423920,0.8980146
0.2424740,0.8951386
0.2425560,0.8939687
0.2426380,0.8902598
0.2427200,0.8955088
0.2428020,0.8838291
0.2428840,0.8836753
0.2429660,0.8828925
0.2430480,0.8812904
0.2431300,0.8948906
0.2432120,0.8853404
0.2432940,0.8855206
0.2433760,0.8984714
0.2434580,0.8849336
0.2435400,0.8803981
0.2436220,0.8873658
0.2437040,0.8900283
0.2437860,0.8900658
0.2438680,0.8729347
0.2439500,0.8810154
0.2440320,0.8822696
0.2441140,0.8850189
0.2441960,0.8855970
0.2442780,0.8841212
0.2443600,0.8895055
0.2444420,0.8947569
0.2445240,0.8911633
0.2446060,0.8793527
0.2446880,0.8800091
0.2447700,0.8804095
0.2448520,0.8705395
0.2449340,0.8712077
0.2450160,0.8722633
0.2450980,0.8724908
0.2451800,0.8754445
0.2452620,0.8907512
0.2453440,0.8818292
0.2454260,0.8763567
0.2455080,0.8692390
0.2455900,0.8697375
0.2456720,0.8749041
0.2457540,0.8740273
0.2458360,0.8780586
0.2459180,0.8877855
0.2460000,0.8846152
0.2460820,0.8847885
0.2461640,0.8933333
0.2462460,0.8817448
0.2463280,0.8898786
0.2464100,0.8852494
0.2464920,0.8854189
0.2465740,0.8904104
0.2466560,0.8799487
0.2467380,0.8924482
0.2468200,0.8900980
0.2469020,0.8916882
0.2469840,0.8921077
0.2470660,0.8979723
0.2471480,0.8861472
0.2472300,0.8892211
0.2473120,0.8939868
0.2473940,0.8944544
0.2474760,0.8813306
0.2475580,0.8880046
0.2476400,0.8927206
0.2477220,0.9058860
0.2478040,0.8918179
0.2478860,0.8920273
0.2479680,0.8979338
0.2480500,0.8841261
0.2481320,0.9002552
0.2482140,0.8965577
0.2482960,0.8969654
0.2483780,0.8970976
0.2484600,0.8811839
0.2485420,0.8743311
0.2486240,0.8969775
0.2487060,0.8904504
0.2487880,0.8910185
0.2488700,0.8762700
0.2489520,0.8797250
0.2490340,0.8929224
0.2491160,0.8966037
0.2491980,0.8966865
0.2492800,0.8902129
0.2493620,0.8976096
0.2494440,0.8841845
0.2495260,0.8981719
0.2496080,0.8896191
0.2496900,0.8899290
0.2497720,0.8973034
0.2498540,0.8966963
0.2499360,0.8855788
0.2500180,0.8980444
0.2501000,0.8904677
0.2501820,0.8909455
0.2502640,0.8825751
0.2503460,0.8860818
0.2504280,0.8847010
0.2505100,0.8835715
0.2505920,0.8840403
0.2506740,0.8889099
0.2507560,0.8909453
0.2508380,0.8966687
0.2509200,0.9024121
0.2510020,0.8961188
0.2510840,0.8958331
0.2511660,0.8881929
0.2512480,0.8931813
0.2513300,0.8968701
0.2514120,0.8930032
0.2514940,0.8931203
0.2515760,0.9010672
0.2516580,0.8998506
0.2517400,0.8930140
0.2518220,0.8915023
0.2519040,0.8982277
0.2519860,0.8984135
0.2520680,0.8914754
0.2521500,0.9011129
0.2522320,0.8967641
0.2523140,0.8976129
0.2523960,0.8980070
0.2524780,0.8992021
0.2525600,0.9044818
0.2526420,0.9031457
0.2527240,0.9080814
0.2528060,0.8992428
0.2528880,0.8994499
0.2529700,0.9006441
0.2530520,0.9085407
0.2531340,0.8988515
0.2532160,0.8902618
0.2532980,0.8906591
0.2533800,0.9097530
0.2534620,0.9003431
0.2535440,0.9012387
0.2536260,0.9019296
0.2537080,0.9001137
0.2537900,0.9005016
0.2538720,0.9165312
0.2539540,0.9081029
0.2540360,0.9103099
0.2541180,0.9241173
0.2542000,0.9151078
0.2542820,0.9143961
0.2543640,0.9170914
0.2544460,0.8995620
0.2545280,0.9004540
0.2546100,0.9028847
0.2546920,0.9032671
0.2547740,0.9028885
0.2548560,0.8923797
0.2549380,0.8971123
0.2550200,0.9101723
0.2551020,0.8893175
0.2551840,0.8895838
0.2552660,0.9026738
0.2553480,0.9090583
0.2554300,0.8985380
0.2555120,0.9055943
0.2555940,0.9059462
0.2556760,0.9102612
0.2557580,0.9023036
0.2558400,0.9076569
0.2559220,0.8992143
0.2560040,0.9059256
0.2560860,0.9065213
0.2561680,0.9085556
0.2562500,0.8960867
0.2563320,0.8940062
0.2564140,0.9004812
0.2564960,0.9009707
0.2565780,0.9033650
0.2566600,0.9038752
0.2567420,0.9037822
0.2568240,0.9109013
0.2569060,0.9045602
0.2569880,0.9050729
0.2570700,0.9115559
0.2571520,0.8897398
0.2572340,0.9156392
0.2573160,0.9090015
0.2573980,0.9092935
0.2574800,0.8962101
0.2575620,0.9009206
0.2576440,0.9090187
0.2577260,0.8991675
0.2578080,0.8894860
0.2578900,0.8900120
0.2579720,0.8943313
0.2580540,0.9093017
0.2581360,0.9005295
0.2582180,0.9045899
0.2583000,0.9038130
0.2583820,0.9040190
0.2584640,0.8982055
0.2585460,0.9037864
0.2586280,0.9182686
0.2587100,0.8971514
0.2587920,0.8974927
0.2588740,0.9053762
0.2589560,0.8937833
0.2590380,0.8947531
0.2591200,0.8904753
0.2592020,0.8944959
0.2592840,0.8947051
0.2593660,0.8959897
0.2594480,0.8994642
0.2595300,0.9049360
0.2596120,0.8956393
0.2596940,0.8957352
0.2597760,0.9062114
0.2598580,0.8827904
0.2599400,0.9044395
0.2600220,0.9042279
0.2601040,0.9078625
0.2601860,0.9081601
0.2602680,0.9094364
0.2603500,0.9085703
0.2604320,0.9193794
0.2605140,0.9026184
0.2605960,0.9025693
0.2606780,0.9069216
0.2607600,0.9015890
0.2608420,0.8968797
0.2609240,0.9030135
0.2610060,0.8935969
0.2610880,0.8935971
0.2611700,0.8856663
0.2612520,0.9066086
0.2613340,0.9010851
0.2614160,0.9041557
0.2614980,0.9044929
0.2615800,0.8952994
0.2616620,0.9014882
0.2617440,0.9011997
0.2618260,0.9030997
0.2619080,0.9063353
0.2619900,0.9064863
0.2620720,0.9087527
0.2621540,0.8928837
0.2622360,0.8971909
0.2623180,0.8980780
0.2624000,0.8945599
0.2624820,0.8944740
0.2625640,0.8872395
0.2626460,0.8907208
0.2627280,0.8853803
0.2628100,0.8860910
0.2628920,0.8859242
0.2629740,0.8857532
0.2630560,0.8841533
0.2631380,0.8974178
0.2632200,0.8905730
0.2633020,0.9039272
0.2633840,0.9045665
0.2634660,0.8944576
0.2635480,0.9010622
0.2636300,0.9106712
0.2637120,0.9087139
0.2637940,0.9090493
0.2638760,0.8924176
0.2639580,0.9002089
0.2640400,0.9022756
0.2641220,0.8895216
0.2642040,0.8851633
0.2642860,0.8850296
0.2643680,0.8908686
0.2644500,0.9029314
0.2645320,0.9029824
0.2646140,0.9043878
0.2646960,0.9053228
0.2647780,0.9080052
0.2648600,0.9073620
0.2649420,0.8923482
0.2650240,0.8965366
0.2651060,0.8983573
0.2651880,0.8987227
0.2652700,0.9029836
0.2653520,0.9073970
0.2654340,0.9007363
0.2655160,0.9059644
0.2655980,0.9059040
0.2656800,0.9008538
0.2657620,0.9048543
0.2658440,0.8988895
0.2659260,0.9011004
0.2660080,0.9039900
0.2660900,0.9045748
0.2661720,0.9240906
0.2662540,0.9056714
0.2663360,0.9067870
0.2664180,0.9119725
0.2665000,0.9092269
0.2665820,0.9094860
0.2666640,0.9011910
0.2667460,0.8908504
0.2668280,0.9032299
0.2669100,0.9182645
0.2669920,0.9183939
0.2670740,0.9043481
0.2671560,0.8961070
0.2672380,0.9074415
0.2673200,0.9092317
0.2674020,0.8951391
0.2674840,0.8951911
0.2675660,0.8959170
0.2676480,0.9059788
0.2677300,0.9061362
0.2678120,0.8891655
0.2678940,0.8896292
0.2679760,0.8885116
0.2680580,0.8993006
0.2681400,0.8957947
0.2682220,0.9084665
0.2683040,0.9052811
0.2683860,0.9054542
0.2684680,0.9049583
0.2685500,0.8966332
0.2686320,0.9032264
0.2687140,0.9004752
0.2687960,0.9003946
0.2688780,0.9138513
0.2689600,0.9134068
0.2690420,0.8988792
0.2691240,0.9088935
0.2692060,0.9061275
0.2692880,0.9062399
0.2693700,0.9044805
0.2694520,0.9118014
0.2695340,0.9112979
0.2696160,0.9098513
0.2696980,0.9100907
0.2697800,0.9013712
0.2698620,0.9002383
0.2699440,0.9007414
0.2700260,0.9041262
0.2701080,0.9150069
0.2701900,0.9155906
0.2702720,0.9070632
0.2703540,0.9065035
0.2704360,0.8992602
0.2705180,0.9034410
0.2706000,0.9123131
0.2706820,0.9122669
0.2707640,0.9064261
0.2708460,0.8951773
0.2709280,0.9031781
0.2710100,0.9179374
0.2710920,0.9185825
0.2711740,0.9075501
0.2712560,0.8951798
0.2713380,0.9009652
0.2714200,0.9099694
0.2715020,0.9072305
0.2715840,0.9081481
0.2716660,0.8979085
0.2717480,0.8976011
0.2718300,0.9015391
0.2719120,0.9036977
0.2719940,0.9035784
0.2720760,0.8914186
0.2721580,0.9102914
0.2722400,0.9049865
0.2723220,0.9027588
0.2724040,0.9005183
0.2724860,0.9006429
0.2725680,0.8955319
0.2726500,0.8930752
0.2727320,0.9002779
0.2728140,0.8921702
0.2728960,0.8922224
0.2729780,0.9014515
0.2730600,0.8893603
0.2731420,0.9109334
0.2732240,0.8987325
0.2733060,0.9093065
0.2733880,0.9097518
0.2734700,0.9102127
0.2735520,0.9000259
0.2736340,0.9040813
0.2737160,0.9012296
0.2737980,0.9017748
0.2738800,0.9055980
0.2739620,0.8930202
0.2740440,0.8974292
0.2741260,0.9052980
0.2742080,0.8968189
0.2742900,0.8969196
0.2743720,0.8993232
0.2744540,0.8973643
0.2745360,0.9028551
0.2746180,0.9123571
0.2747000,0.8987080
0.2747820,0.8993796
0.2748640,0.9022695
0.2749460,0.9192078
0.2750280,0.9019600
0.2751100,0.9124184
0.2751920,0.9124448
0.2752740,0.9012224
0.2753560,0.9153404
0.2754380,0.9008249
0.2755200,0.9057063
0.2756020,0.8974453
0.2756840,0.8979154
0.2757660,0.8978686
0.2758480,0.9046409
0.2759300,0.9037644
0.2760120,0.9088184
0.2760940,0.9085263
0.2761760,0.9109626
0.2762580,0.9137558
0.2763400,0.9037569
0.2764220,0.8939759
0.2765040,0.9027820
0.2765860,0.9030519
0.2766680,0.8975031
0.2767500,0.8997792
0.2768320,0.8867294
0.2769140,0.9005866
0.2769960,0.9008031
0.2770780,0.8939172
0.2771600,0.8979130
0.2772420,0.8930879
0.2773240,0.8803645
0.2774060,0.9020281
0.2774880,0.9017790
0.2775700,0.9104383
0.2776520,0.9022680
0.2777340,0.8936450
0.2778160,0.9103387
0.2778980,0.9105917
0.2779800,0.8955469
0.2780620,0.9060010
0.2781440,0.9033020
0.2782260,0.9162628
0.2783080,0.9085410
0.2783900,0.9089119
0.2784720,0.8983073
0.2785540,0.9054361
0.2786360,0.8993096
0.2787180,0.8942899
0.2788000,0.9006673
0.2788820,0.9007329
0.2789640,0.9058396
0.2790460,0.8999051
0.2791280,0.9027950
0.2792100,0.8986644
0.2792920,0.8986763
0.2793740,0.9029660
0.2794560,0.8979116
0.2795380,0.9076936
0.2796200,0.8983476
0.2797020,0.8964248
0.2797840,0.8970036
0.2798660,0.9082315
0.2799480,0.9063990
0.2800300,0.9122617
0.2801120,0.9121184
0.2801940,0.9125668
0.2802760,0.9145873
0.2803580,0.9103408
0.2804400,0.8962731
0.2805220,0.9158608
0.2806040,0.9131466
0.2806860,0.9133216
0.2807680,0.9055920
0.2808500,0.9186259
0.2809320,0.9043480
0.2810140,0.9026107
0.2810960,0.9032796
0.2811780,0.9078337
0.2812600,0.8984013
0.2813420,0.9089261
0.2814240,0.9069722
0.2815060,0.8970420
0.2815880,0.8975163
0.2816700,0.9015860
0.2817520,0.9088267
0.2818340,0.9077459
0.2819160,0.9131128
0.2819980,0.9134355
0.2820800,0.9117856
0.2821620,0.9157110
0.2822440,0.9228176
0.2823260,0.9141796
0.2824080,0.9141693
0.2824900,0.9143526
0.2825720,0.8960449
0.2826540,0.9044936
0.2827360,0.9055573
0.2828180,0.9102785
0.2829000,0.9181512
0.2829820,0.9182321
0.2830640,0.8972184
0.2831460,0.9021654
0.2832280,0.9151944
0.2833100,0.9066621
0.2833920,0.9068609
0.2834740,0.9107270
0.2835560,0.9013090
0.2836380,0.9273143
0.2837200,0.9104065
0.2838020,0.9110863
0.2838840,0.9109601
0.2839660,0.9141740
0.2840480,0.9115644
0.2841300,0.9101564
0.2842120,0.9118896
0.2842940,0.9123880
0.2843760,0.9091236
0.2844580,0.9108799
0.2845400,0.9032338
0.2846220,0.9061158
0.2847040,0.9160914
0.2847860,0.9162259
0.2848680,0.9070030
0.2849500,0.9073106
0.2850320,0.8982897
0.2851140,0.9107981
0.2851960,0.9109275
0.2852780,0.9090342
0.2853600,0.9085535
0.2854420,0.9149186
0.2855240,0.9164997
0.2856060,0.9075976
0.2856880,0.9081468
0.2857700,0.9126806
0.2858520,0.8991352
0.2859340,0.9060608
0.2860160,0.9103096
0.2860980,0.9105484
0.2861800,0.8927413
0.2862620,0.8950883
0.2863440,0.9094975
0.2864260,0.9094438
0.2865080,0.8908939
0.2865900,0.8912047
0.2866720,0.8998026
0.2867540,0.9100903
0.2868360,0.9069154
0.2869180,0.9028796
0.2870000,0.9085326
0.2870820,0.9088489
0.2871640,0.9150916
0.2872460,0.8994889
0.2873280,0.9044633
0.2874100,0.9076845
0.2874920,0.9076655
0.2875740,0.9086044
0.2876560,0.9039804
0.2877380,0.9051309
0.2878200,0.9076459
0.2879020,0.9061851
0.2879840,0.9065705
0.2880660,0.9049598
0.2881480,0.9018426
0.2882300,0.9163333
0.2883120,0.9099419
0.2883940,0.9098275
0.2884760,0.9286393
0.2885580,0.9203851
0.2886400,0.9117930
0.2887220,0.9135496
0.2888040,0.8998358
0.2888860,0.9003044
0.2889680,0.9144304
0.2890500,0.9150738
0.2891320,0.9104257
0.2892140,0.9039133
0.2892960,0.9038883
0.2893780,0.9032068
0.2894600,0.9105168
0.2895420,0.9010561
0.2896240,0.9060488
0.2897060,0.9096244
0.2897880,0.9095867
0.2898700,0.9044629
0.2899520,0.9066022
0.2900340,0.9055860
0.2901160,0.9023741
0.2901980,0.9027904
0.2902800,0.9119794
0.2903620,0.9194597
0.2904440,0.9156077
0.2905260,0.9048767
0.2906080,0.9135024
0.2906900,0.9142507
0.2907720,0.9069753
0.2908540,0.9198900
0.2909360,0.9148176
0.2910180,0.9205518
0.2911000,0.9112560
0.2911820,0.9121663
0.2912640,0.9175592
0.2913460,0.9167789
0.2914280,0.9090438
0.2915100,0.9115264
0.2915920,0.9120794
0.2916740,0.9013789
0.2917560,0.9051713
0.2918380,0.9081059
0.2919200,0.9066154
0.2920020,0.9154664
0.2920840,0.9157536
0.2921660,0.9271632
0.2922480,0.9277665
0.2923300,0.9310658
0.2924120,0.9203587
0.2924940,0.9206581
0.2925760,0.9188566
0.2926580,0.9160282
0.2927400,0.9196783
0.2928220,0.9154901
0.2929040,0.9224837
0.2929860,0.9227555
0.2930680,0.9267330
0.2931500,0.9163621
0.2932320,0.9189812
0.2933140,0.9051171
0.2933960,0.9054289
0.2934780,0.8981465
0.2935600,0.9085767
0.2936420,0.9041348
0.2937240,0.9061034
0.2938060,0.9121386
0.2938880,0.9121273
0.2939700,0.9127325
0.2940520,0.9062134
0.2941340,0.9109943
0.2942160,0.9094236
0.2942980,0.9096670
0.2943800,0.9126656
0.2944620,0.9146386
0.2945440,0.9152682
0.2946260,0.9108792
0.2947080,0.9043003
0.2947900,0.9046972
0.2948720,0.8994765
0.2949540,0.9141352
0.2950360,0.9100544
0.2951180,0.9153509
0.2952000,0.9078940
0.2952820,0.9082258
0.2953640,0.9113131
0.2954460,0.9159572
0.2955280,0.9143915
0.2956100,0.9046855
0.2956920,0.9051120
0.2957740,0.9041171
0.2958560,0.9052738
0.2959380,0.9069157
0.2960200,0.8958991
0.2961020,0.9056240
0.2961840,0.9054979
0.2962660,0.9073726
0.2963480,0.9098154
0.2964300,0.9091479
0.2965120,0.9133485
0.2965940,0.9131896
0.2966760,0.9192041
0.2967580,0.9161501
0.2968400,0.9224089
0.2969220,0.9181608
0.2970040,0.9214450
0.2970860,0.9216125
0.2971680,0.9103571
0.2972500,0.9149268
0.2973320,0.8995827
0.2974140,0.9068906
0.2974960,0.9070302
0.2975780,0.9084188
0.2976600,0.9021162
0.2977420,0.9217627
0.2978240,0.9194109
0.2979060,0.9121326
0.2979880,0.9122511
0.2980700,0.9036974
0.2981520,0.9106861
0.2982340,0.9024874
0.2983160,0.9098733
0.2983980,0.9101457
0.2984800,0.9166713
0.2985620,0.9127089
0.2986440,0.9233977
0.2987260,0.9129102
0.2988080,0.9194645
0.2988900,0.9196889
0.2989720,0.9135428
0.2990540,0.9079875
0.2991360,0.9022605
0.2992180,0.9203874
0.2993000,0.9150091
0.2993820,0.9153002
0.2994640,0.9093254
0.2995460,0.9172870
0.2996280,0.9206236
0.2997100,0.9192154
0.2997920,0.9193768
0.2998740,0.9127682
0.2999560,0.9239035
0.3000380,0.9253529
0.3001200,0.9185474
0.3002020,0.9097793
0.3002840,0.9099580
0.3003660,0.9041513
0.3004480,0.9190984
0.3005300,0.9160586
0.3006120,0.9205807
0.3006940,0.9211830
0.3007760,0.9085974
0.3008580,0.9075720
0.3009400,0.9173579
0.3010220,0.9190660
0.3011040,0.9145816
0.3011860,0.9146309
0.3012680,0.9109456
0.3013500,0.9184947
0.3014320,0.9132281
0.3015140,0.9069724
0.3015960,0.9069723
0.3016780,0.9066722
0.3017600,0.9070549
0.3018420,0.9065708
0.3019240,0.9191612
0.3020060,0.9139624
0.3020880,0.9141084
0.3021700,0.9232375
0.3022520,0.9157857
0.3023340,0.9085317
0.3024160,0.9139608
0.3024980,0.9141288
0.3025800,0.9058409
0.3026620,0.9128978
0.3027440,0.9060373
0.3028260,0.9117314
0.3029080,0.9054992
0.3029900,0.9062772
0.3030720,0.9008391
0.3031540,0.8963974
0.3032360,0.9082417
0.3033180,0.9043659
0.3034000,0.9122940
0.3034820,0.9129255
0.3035640,0.9174797
0.3036460,0.9043970
0.3037280,0.8995170
0.3038100,0.8995274
0.3038920,0.8995451
0.3039740,0.9039081
0.3040560,0.9117410
0.3041380,0.9279591
0.3042200,0.9170832
0.3043020,0.9172765
0.3043840,0.9176261
0.3044660,0.9015543
0.3045480,0.9157994
0.3046300,0.9081083
0.3047120,0.9056537
0.3047940,0.9057044
0.3048760,0.8987101
0.3049580,0.8977546
0.3050400,0.9082967
0.3051220,0.9029477
0.3052040,0.9124094
0.3052860,0.9126300
0.3053680,0.9046739
0.3054500,0.9112720
0.3055320,0.9032892
0.3056140,0.9141548
0.3056960,0.9145141
0.3057780,0.9207386
0.3058600,0.9050135
0.3059420,0.9108903
0.3060240,0.9100706
0.3061060,0.9004582
0.3061880,0.9005336
0.3062700,0.9078619
0.3063520,0.9071131
0.3064340,0.9190936
0.3065160,0.9072330
0.3065980,0.9074580
0.3066800,0.9081176
0.3067620,0.9175138
0.3068440,0.9073989
0.3069260,0.9084740
0.3070080,0.9134178
0.3070900,0.9133608
0.3071720,0.9163120
0.3072540,0.9167641
0.3073360,0.9128376
0.3074180,0.9138152
0.3075000,0.9170185
0.3075820,0.9169265
0.3076640,0.9072191
0.3077460,0.9152155
0.3078280,0.9177484
0.3079100,0.9225024
0.3079920,0.9228861
0.3080740,0.9059384
0.3081560,0.9036702
0.3082380,0.9118127
0.3083200,0.9103921
0.3084020,0.9185520
0.3084840,0.9191250
0.3085660,0.9203851
0.3086480,0.9174293
0.3087300,0.9112117
0.3088120,0.9152346
0.3088940,0.9155166
0.3089760,0.9092159
0.3090580,0.9172222
0.3091400,0.9152133
0.3092220,0.9284098
0.3093040,0.9097069
0.3093860,0.9100713
0.3094680,0.9191772
0.3095500,0.9313848
0.3096320,0.9259719
0.3097140,0.9256788
0.3097960,0.9263493
0.3098780,0.9231241
0.3099600,0.9163488
0.3100420,0.9244183
0.3101240,0.9093869
0.3102060,0.9135331
0.3102880,0.9142233
0.3103700,0.9111007
0.3104520,0.9084483
0.3105340,0.9098995
0.3106160,0.9098407
0.3106980,0.9105317
0.3107800,0.9194161
0.3108620,0.9073039
0.3109440,0.9122755
0.3110260,0.9146262
0.3111080,0.9089415
0.3111900,0.9097569
0.3112720,0.9280516
0.3113540,0.9235102
0.3114360,0.9161223
0.3115180,0.9179787
0.3116000,0.9221695
0.3116820,0.9227542
0.3117640,0.9159290
0.3118460,0.9312843
0.3119280,0.9300604
0.3120100,0.9130024
0.3120920,0.9130786
0.3121740,0.9244773
0.3122560,0.9229725
0.3123380,0.9136610
0.3124200,0.9107255
0.3125020,0.9254003
0.3125840,0.9257959
0.3126660,0.9296620
0.3127480,0.9197136
0.3128300,0.9084194
0.3129120,0.9186412
0.3129940,0.9189737
0.3130760,0.9161730
0.3131580,0.9052201
0.3132400,0.9172964
0.3133220,0.9326689
0.3134040,0.9411357
0.3134860,0.9409021
0.3135680,0.9331444
0.3136500,0.9310104
0.3137320,0.9228147
0.3138140,0.9248171
0.3138960,0.9250980
0.3139780,0.9231889
0.3140600,0.9123080
0.3141420,0.9242804
0.3142240,0.9230912
0.3143060,0.9148453
0.3143880,0.9151218
0.3144700,0.9156699
0.3145520,0.9253555
0.3146340,0.9173367
0.3147160,0.9239043
0.3147980,0.9239969
0.3148800,0.9272602
0.3149620,0.9264505
0.3150440,0.9161067
0.3151260,0.9131012
0.3152080,0.9235199
0.3152900,0.9241942
0.3153720,0.9334518
0.3154540,0.9261328
0.3155360,0.9205241
0.3156180,0.9163319
0.3157000,0.9119448
0.3157820,0.9120060
0.3158640,0.9316659
0.3159460,0.9284304
0.3160280,0.9108987
0.3161100,0.9204640
0.3161920,0.9205929
0.3162740,0.9210396
0.3163560,0.9083327
0.3164380,0.9122282
0.3165200,0.9196823
0.3166020,0.9271996
0.3166840,0.9273175
0.3167660,0.9342337
0.3168480,0.9307387
0.3169300,0.9305784
0.3170120,0.9249975
0.3170940,0.9253588
0.3171760,0.9220288
0.3172580,0.9204705
0.3173400,0.9231626
0.3174220,0.9221372
0.3175040,0.9222061
0.3175860,0.9222114
0.3176680,0.9301431
0.3177500,0.9201411
0.3178320,0.9223127
0.3179140,0.9321870
0.3179960,0.9323998
0.3180780,0.9158874
0.3181600,0.9247209
0.3182420,0.9251549
0.3183240,0.9194940
0.3184060,0.9351183
0.3184880,0.9356555
0.3185700,0.9270742
0.3186520,0.9099826
0.3187340,0.9075066
0.3188160,0.9220589
0.3188980,0.9223970
0.3189800,0.9319071
0.3190620,0.9219732
0.3191440,0.9364691
0.3192260,0.9217854
0.3193080,0.9219610
0.3193900,0.9224376
0.3194720,0.9175072
0.3195540,0.9158656
0.3196360,0.9286450
0.3197180,0.9295719
0.3198000,0.9208395
0.3198820,0.9209431
0.3199640,0.9182765
0.3200460,0.9139730
0.3201280,0.9260718
0.3202100,0.9218977
0.3202920,0.9223328
0.3203740,0.9160191
0.3204560,0.9287851
0.3205380,0.9149924
0.3206200,0.9155732
0.3207020,0.9190372
0.3207840,0.9194493
0.3208660,0.9171573
0.3209480,0.9205552
0.3210300,0.9155710
0.3211120,0.9196891
0.3211940,0.9199496
0.3212760,0.9051491
0.3213580,0.9115274
0.3214400,0.9170615
0.3215220,0.9022707
0.3216040,0.9022035
0.3216860,0.9023904
0.3217680,0.9087679
0.3218500,0.9065541
0.3219320,0.9145945
0.3220140,0.9058874
0.3220960,0.9059880
0.3221780,0.9131472
0.3222600,0.9069800
0.3223420,0.9114661
0.3224240,0.9175139
0.3225060,0.9206365
0.3225880,0.9209032
0.3226700,0.9039142
0.3227520,0.9186975
0.3228340,0.9266846
0.3229160,0.9182867
0.3229980,0.9186361
0.3230800,0.9218356
0.3231620,0.9170511
0.3232440,0.9253981
0.3233260,0.9259496
0.3234080,0.9162952
0.3234900,0.9166256
0.3235720,0.9196462
0.3236540,0.9279323
0.3237360,0.9205925
0.3238180,0.8969084
0.3239000,0.9018164
0.3239820,0.9022586
0.3240640,0.9099103
0.3241460,0.9083558
0.3242280,0.9151108
0.3243100,0.9120936
0.3243920,0.9124787
0.3244740,0.9260370
0.3245560,0.9173656
0.3246380,0.9213059
0.3247200,0.9078184
0.3248020,0.9173379
0.3248840,0.9174697
0.3249660,0.9111486
0.3250480,0.9233018
0.3251300,0.9005003
0.3252120,0.9119383
0.3252940,0.9116951
0.3253760,0.9050069
0.3254580,0.9026625
0.3255400,0.9041341
0.3256220,0.9040216
0.3257040,0.9090690
0.3257860,0.9096071
0.3258680,0.9075718
0.3259500,0.8966912
0.3260320,0.9087143
0.3261140,0.9020771
0.3261960,0.9026134
0.3262780,0.9089526
0.3263600,0.9116848
0.3264420,0.9228462
0.3265240,0.9148108
0.3266060,0.9166658
0.3266880,0.9168992
0.3267700,0.9001127
0.3268520,0.9049876
0.3269340,0.8954937
0.3270160,0.9024714
0.3270980,0.9022857
0.3271800,0.9161040
0.3272620,0.9045536
0.3273440,0.9013312
0.3274260,0.9025431
0.3275080,0.8917823
0.3275900,0.8919913
0.3276720,0.8945369
0.3277540,0.9067373
0.3278360,0.9021349
0.3279180,0.9146202
0.3280000,0.9127406
0.3280820,0.9131213
0.3281640,0.9124474
0.3282460,0.8895412
0.3283280,0.9057813
0.3284100,0.9048684
0.3284920,0.9054072
0.3285740,0.8976986
0.3286560,0.9003525
0.3287380,0.9001505
0.3288200,0.9138185
0.3289020,0.9072781
0.3289840,0.9069083
0.3290660,0.9097357
0.3291480,0.9128967
0.3292300,0.9030215
0.3293120,0.8999264
0.3293940,0.9003382
0.3294760,0.8935815
0.3295580,0.8992809
0.3296400,0.9038320
0.3297220,0.9062324
0.3298040,0.9030053
0.3298860,0.9028574
0.3299680,0.9045855
0.3300500,0.9201108
0.3301320,0.8954093
0.3302140,0.9050883
0.3302960,0.9054459
0.3303780,0.9050150
0.3304600,0.9051529
0.3305420,0.9176763
0.3306240,0.9134852
0.3307060,0.9046951
0.3307880,0.9046438
0.3308700,0.9083016
0.3309520,0.9024250
0.3310340,0.9065719
0.3311160,0.9050894
0.3311980,0.9052442
0.3312800,0.9026182
0.3313620,0.8943889
0.3314440,0.9059170
0.3315260,0.9073933
0.3316080,0.9058553
0.3316900,0.9058335
0.3317720,0.9072221
0.3318540,0.9139118
0.3319360,0.9194053
0.3320180,0.9228225
0.3321000,0.9137490
0.3321820,0.9137942
0.3322640,0.9077023
0.3323460,0.9059082
0.3324280,0.9030348
0.3325100,0.8966250
0.3325920,0.8967368
0.3326740,0.9046917
0.3327560,0.9045919
0.3328380,0.9013842
0.3329200,0.9034566
0.3330020,0.9176104
0.3330840,0.9177535
0.3331660,0.9265783
0.3332480,0.9131383
0.3333300,0.9201824
0.3334120,0.9129374
0.3334940,0.9130527
0.3335760,0.9114135
0.3336580,0.9204052
0.3337400,0.9099928
0.3338220,0.9114666
0.3339040,0.9066562
0.3339860,0.9064723
0.3340680,0.9206255
0.3341500,0.8962486
0.3342320,0.9019694
0.3343140,0.9009265
0.3343960,0.9011119
0.3344780,0.9042166
0.3345600,0.9114459
0.3346420,0.9098193
0.3347240,0.9096148
0.3348060,0.9179342
0.3348880,0.9182982
0.3349700,0.9183120
0.3350520,0.9102585
0.3351340,0.9162177
0.3352160,0.9255155
0.3352980,0.9257520
0.3353800,0.9135361
0.3354620,0.9157465
0.3355440,0.9065348
0.3356260,0.9113471
0.3357080,0.9098836
0.3357900,0.9103466
0.3358720,0.9151603
0.3359540,0.9101228
0.3360360,0.9120667
0.3361180,0.9129096
0.3362000,0.9134840
0.3362820,0.9133475
0.3363640,0.9155838
0.3364460,0.9242207
0.3365280,0.9199631
0.3366100,0.9102048
0.3366920,0.9101933
0.3367740,0.9113575
0.3368560,0.9097502
0.3369380,0.9249405
0.3370200,0.9132852
0.3371020,0.9026008
0.3371840,0.9028485
0.3372660,0.9023466
0.3373480,0.9136887
0.3374300,0.9189254
0.3375120,0.9066767
0.3375940,0.9070616
0.3376760,0.9015775
0.3377580,0.9083509
0.3378400,0.9135334
0.3379220,0.9075605
0.3380040,0.9105458
0.3380860,0.9105955
0.3381680,0.9029166
0.3382500,0.9195462
0.3383320,0.9146998
0.3384140,0.9097695
0.3384960,0.9100342
0.3385780,0.9154094
0.3386600,0.9117941
0.3387420,0.9098854
0.3388240,0.9059822
0.3389060,0.9173070
0.3389880,0.9179900
0.3390700,0.9108682
0.3391520,0.9227282
0.3392340,0.9122666
0.3393160,0.9126986
0.3393980,0.9133416
0.3394800,0.9239216
0.3395620,0.9311748
0.3396440,0.9265754
0.3397260,0.9159270
0.3398080,0.9135853
0.3398900,0.9137809
0.3399720,0.9209672
0.3400540,0.9247915
0.3401360,0.9267992
0.3402180,0.9121921
0.3403000,0.9157450
0.3403820,0.9154532
0.3404640,0.9253593
0.3405460,0.9262336
0.3406280,0.9221205
0.3407100,0.9339574
0.3407920,0.9341883
0.3408740,0.9179115
0.3409560,0.9136845
0.3410380,0.9123030
0.3411200,0.9068930
0.3412020,0.9081740
0.3412840,0.9082101
0.3413660,0.9136854
0.3414480,0.9221417
0.3415300,0.9121471
0.3416120,0.9230045
0.3416940,0.9233467
0.3417760,0.9171520
0.3418580,0.9178143
0.3419400,0.9244467
0.3420220,0.9130308
0.3421040,0.9144400
0.3421860,0.9145682
0.3422680,0.9200186
0.3423500,0.9203167
0.3424320,0.9330818
0.3425140,0.9315177
0.3425960,0.9316393
0.3426780,0.9212814
0.3427600,0.9184492
0.3428420,0.9173721
0.3429240,0.9302431
0.3430060,0.9189166
0.3430880,0.9194999
0.3431700,0.9147424
0.3432520,0.9155628
0.3433340,0.9100310
0.3434160,0.9170775
0.3434980,0.9171366
0.3435800,0.9187919
0.3436620,0.9162082
0.3437440,0.9200406
0.3438260,0.9113451
0.3439080,0.9188771
0.3439900,0.9191522
0.3440720,0.9230612
0.3441540,0.9287496
0.3442360,0.9264529
0.3443180,0.9317021
0.3444000,0.9203436
0.3444820,0.9206334
0.3445640,0.9313333
0.3446460,0.9202632
0.3447280,0.9113066
0.3448100,0.9142439
0.3448920,0.9139980
0.3449740,0.9238531
0.3450560,0.9194026
0.3451380,0.9187504
0.3452200,0.9116910
0.3453020,0.9196525
0.3453840,0.9200361
0.3454660,0.9247245
0.3455480,0.9327595
0.3456300,0.9283368
0.3457120,0.9146226
0.3457940,0.9146852
0.3458760,0.9219683
0.3459580,0.9203711
0.3460400,0.9154014
0.3461220,0.9062991
0.3462040,0.9156201
0.3462860,0.9156644
0.3463680,0.9156870
0.3464500,0.9235313
0.3465320,0.9146836
0.3466140,0.9035413
0.3466960,0.9035955
0.3467780,0.8964712
0.3468600,0.9075346
0.3469420,0.9007378
0.3470240,0.9117346
0.3471060,0.9191940
0.3471880,0.9197288
0.3472700,0.9040055
0.3473520,0.9084586
0.3474340,0.9093252
0.3475160,0.9134642
0.3475980,0.9138266
0.3476800,0.9062495
0.3477620,0.9161499
0.3478440,0.9026329
0.3479260,0.9196747
0.3480080,0.9150988
0.3480900,0.9154468
0.3481720,0.9361246
0.3482540,0.9182156
0.3483360,0.9267347
0.3484180,0.9154360
0.3485000,0.9277116
0.3485820,0.9280745
0.3486640,0.9239534
0.3487460,0.9129781
0.3488280,0.9180561
0.3489100,0.9154609
0.3489920,0.9151793
0.3490740,0.9158067
0.3491560,0.9190406
0.3492380,0.9164893
0.3493200,0.9263970
0.3494020,0.9247463
0.3494840,0.9247946
0.3495660,0.9241288
0.3496480,0.9137073
0.3497300,0.9058726
0.3498120,0.9167966
0.3498940,0.9170631
0.3499760,0.9074761
0.3500580,0.9217196
0.3501400,0.9159394
0.3502220,0.9021363
0.3503040,0.9066452
0.3503860,0.9072234
0.3504680,0.9035524
0.3505500,0.9017875
0.3506320,0.9017706
0.3507140,0.9088453
0.3507960,0.9084310
0.3508780,0.9148751
0.3509600,0.9184927
0.3510420,0.9202717
0.3511240,0.9073056
0.3512060,0.9048705
0.3512880,0.9051536
0.3513700,0.9091954
0.3514520,0.9023195
0.3515340,0.9066608
0.3516160,0.9085064
0.3516980,0.9086463
0.3517800,0.9057510
0.3518620,0.9135654
0.3519440,0.9091485
0.3520260,0.9094945
0.3521080,0.9068873
0.3521900,0.9075539
0.3522720,0.9063509
0.3523540,0.9119848
0.3524360,0.9152311
0.3525180,0.9015699
0.3526000,0.9062009
0.3526820,0.9065029
0.3527640,0.9031600
0.3528460,0.9101715
0.3529280,0.9133651
0.3530100,0.9069539
0.3530920,0.9068843
0.3531740,0.9059064
0.3532560,0.9136054
0.3533380,0.9174210
0.3534200,0.9038885
0.3535020,0.9069979
0.3535840,0.9073759
0.3536660,0.9059477
0.3537480,0.9086454
0.3538300,0.9014403
0.3539120,0.9080525
0.3539940,0.9076884
0.3540760,0.9164151
0.3541580,0.9078090
0.3542400,0.9157131
0.3543220,0.9247102
0.3544040,0.9246274
0.3544860,0.9249322
0.3545680,0.9253388
0.3546500,0.9140345
0.3547320,0.9137555
0.3548140,0.9039505
0.3548960,0.9043945
0.3549780,0.9048538
0.3550600,0.9051925
0.3551420,0.9011555
0.3552240,0.9247721
0.3553060,0.8995775
0.3553880,0.9000711
0.3554700,0.9036382
0.3555520,0.9082185
0.3556340,0.9181119
0.3557160,0.9165768
0.3557980,0.9170046
0.3558800,0.9122892
0.3559620,0.9114910
0.3560440,0.9146416
0.3561260,0.9189155
0.3562080,0.9157888
0.3562900,0.9157320
0.3563720,0.9110521
0.3564540,0.9277335
0.3565360,0.9120355
0.3566180,0.9190206
0.3567000,0.9128025
0.3567820,0.9129904
0.3568640,0.9082007
0.3569460,0.9048761
0.3570280,0.9098357
0.3571100,0.9052685
0.3571920,0.9055735
0.3572740,0.9130168
0.3573560,0.9106767
0.3574380,0.9200221
0.3575200,0.9207783
0.3576020,0.9165863
0.3576840,0.9166663
0.3577660,0.9096990
0.3578480,0.9017346
0.3579300,0.9097381
0.3580120,0.9058917
0.3580940,0.9060563
0.3581760,0.9018770
0.3582580,0.9103181
0.3583400,0.9220901
0.3584220,0.9160433
0.3585040,0.9140063
0.3585860,0.9140157
0.3586680,0.9153791
0.3587500,0.9187542
0.3588320,0.9132796
0.3589140,0.9013051
0.3589960,0.9014894
0.3590780,0.9092103
0.3591600,0.9074356
0.3592420,0.9157612
0.3593240,0.9193640
0.3594060,0.9180128
0.3594880,0.9183788
0.3595700,0.9255735
0.3596520,0.9321687
0.3597340,0.9226532
0.3598160,0.9156702
0.3598980,0.9158237
0.3599800,0.9303392
0.3600620,0.9154439
0.3601440,0.9090946
0.3602260,0.9163273
0.3603080,0.9247071
0.3603900,0.9247394
0.3604720,0.9022196
0.3605540,0.9191947
0.3606360,0.9065170
0.3607180,0.9061938
0.3608000,0.9054303
0.3608820,0.9051120
0.3609640,0.9029541
0.3610460,0.9181228
0.3611280,0.9113843
0.3612100,0.9097204
0.3612920,0.9097872
0.3613740,0.9092643
0.3614560,0.9348995
0.3615380,0.9111991
0.3616200,0.9088938
0.3617020,0.9162146
0.3617840,0.9163875
0.3618660,0.9081449
0.3619480,0.9167018
0.3620300,0.9206308
0.3621120,0.9272321
0.3621940,0.9278318
0.3622760,0.9251744
0.3623580,0.9056528
0.3624400,0.9029538
0.3625220,0.9023626
0.3626040,0.9087070
0.3626860,0.9088088
0.3627680,0.9017407
0.3628500,0.9104863
0.3629320,0.9237105
0.3630140,0.9178280
0.3630960,0.9184093
0.3631780,0.9152736
0.3632600,0.9000068
0.3633420,0.9146256
0.3634240,0.9208194
0.3635060,0.9194673
0.3635880,0.9201569
0.3636700,0.9194405
0.3637520,0.9081933
0.3638340,0.9085267
0.3639160,0.9145331
0.3639980,0.9145648
0.3640800,0.9099349
0.3641620,0.9177956
0.3642440,0.9108384
0.3643260,0.8974423
0.3644080,0.9083236
0.3644900,0.9083489
0.3645720,0.9068051
0.3646540,0.9147831
0.3647360,0.9094555
0.3648180,0.9085763
0.3649000,0.9051081
0.3649820,0.9057757
0.3650640,0.8987941
0.3651460,0.9147932
0.3652280,0.9161195
0.3653100,0.9236694
0.3653920,0.9237137
0.3654740,0.9237405
0.3655560,0.9267530
0.3656380,0.9209331
0.3657200,0.9151253
0.3658020,0.9138863
0.3658840,0.9140817
0.3659660,0.9154384
0.3660480,0.9184445
0.3661300,0.9028483
0.3662120,0.9087721
0.3662940,0.9089242
0.3663760,0.9089909
0.3664580,0.9023685
0.3665400,0.9004909
0.3666220,0.9036828
0.3667040,0.9097563
0.3667860,0.9099991
0.3668680,0.9044941
0.3669500,0.9183398
0.3670320,0.9070435
0.3671140,0.9076299
0.3671960,0.9081709
0.3672780,0.8986662
0.3673600,0.9015792
0.3674420,0.9144918
0.3675240,0.8987145
0.3676060,0.9095773
0.3676880,0.9099138
0.3677700,0.9138882
0.3678520,0.9082055
0.3679340,0.9118520
0.3680160,0.9106033
0.3680980,0.9104857
0.3681800,0.9163331
0.3682620,0.9165300
0.3683440,0.9185226
0.3684260,0.9046257
0.3685080,0.9088532
0.3685900,0.9089466
0.3686720,0.9060963
0.3687540,0.9089570
0.3688360,0.9042884
0.3689180,0.8968005
0.3690000,0.9062615
0.3690820,0.9068202
0.3691640,0.9101488
0.3692460,0.9021361
0.3693280,0.9191873
0.3694100,0.9086567
0.3694920,0.9091636
0.3695740,0.8968156
0.3696560,0.9039477
0.3697380,0.9164177
0.3698200,0.9153399
0.3699020,0.9183858
0.3699840,0.9186530
0.3700660,0.9131531
0.3701480,0.9081626
0.3702300,0.9129960
0.3703120,0.9201641
0.3703940,0.9204947
0.3704760,0.9086982
0.3705580,0.9122200
0.3706400,0.9079437
0.3707220,0.9071657
0.3708040,0.9035217
0.3708860,0.9034910
0.3709680,0.9097194
0.3710500,0.9150777
0.3711320,0.9110871
0.3712140,0.9045796
0.3712960,0.9049048
0.3713780,0.9232637
0.3714600,0.9054484
0.3715420,0.9064448
0.3716240,0.9158693
0.3717060,0.9079524
0.3717880,0.9076140
0.3718700,0.9127297
0.3719520,0.9158514
0.3720340,0.9186602
0.3721160,0.9249954
0.3721980,0.9253447
0.3722800,0.9126356
0.3723620,0.9031919
0.3724440,0.9040378
0.3725260,0.9144024
0.3726080,0.9055939
0.3726900,0.9058691
0.3727720,0.9097062
0.3728540,0.9059964
0.3729360,0.9106460
0.3730180,0.8985187
0.3731000,0.9027518
0.3731820,0.9026607
0.3732640,0.9153164
0.3733460,0.9139918
0.3734280,0.9173931
0.3735100,0.9067367
0.3735920,0.9073178
0.3736740,0.9115898
0.3737560,0.9157184
0.3738380,0.9189404
0.3739200,0.9148693
0.3740020,0.9057784
0.3740840,0.9063962
0.3741660,0.8972766
0.3742480,0.9049828
0.3743300,0.9112613
0.3744120,0.9135339
0.3744940,0.9136984
0.3745760,0.9022416
0.3746580,0.8934433
0.3747400,0.9071903
0.3748220,0.9159186
0.3749040,0.9020885
0.3749860,0.9018849
0.3750680,0.9048788
0.3751500,0.9124697
0.3752320,0.9026408
0.3753140,0.9007253
0.3753960,0.9012244
0.3754780,0.9018538
0.3755600,0.8968701
0.3756420,0.8958477
0.3757240,0.9111183
0.3758060,0.9093521
0.3758880,0.9096239
0.3759700,0.9041668
0.3760520,0.9126114
0.3761340,0.8986548
0.3762160,0.9073407
0.3762980,0.9074885
0.3763800,0.9061632
0.3764620,0.8992347
0.3765440,0.9170072
0.3766260,0.9124770
0.3767080,0.9183288
0.3767900,0.9181894
0.3768720,0.9039388
0.3769540,0.9040971
0.3770360,0.9027683
0.3771180,0.8979264
0.3772000,0.8993846
0.3772820,0.8994344
0.3773640,0.9027659
0.3774460,0.9014263
0.3775280,0.9014063
0.3776100,0.9086861
0.3776920,0.9089994
0.3777740,0.9163188
0.3778560,0.9201731
0.3779380,0.9213393
0.3780200,0.9229235
0.3781020,0.9088700
0.3781840,0.9092216
0.3782660,0.9147651
0.3783480,0.9207416
0.3784300,0.9123392
0.3785120,0.9114944
0.3785940,0.9121171
0.3786760,0.9015856
0.3787580,0.8961317
0.3788400,0.9033170
0.3789220,0.8997000
0.3790040,0.9021233
0.3790860,0.9027284
0.3791680,0.8914000
0.3792500,0.8960812
0.3793320,0.9035464
0.3794140,0.9086523
0.3794960,0.9092940
0.3795780,0.9084128
0.3796600,0.9120278
0.3797420,0.9112053
0.3798240,0.9236823
0.3799060,0.9306783
0.3799880,0.9308680
0.3800700,0.9136976
0.3801520,0.9114476
0.3802340,0.8994634
0.3803160,0.9083495
0.3803980,0.9088011
0.3804800,0.9043042
0.3805620,0.9055853
0.3806440,0.9104695
0.3807260,0.9053510
0.3808080,0.8966668
0.3808900,0.8963363
0.3809720,0.9009529
0.3810540,0.9060870
0.3811360,0.9107763
0.3812180,0.9182720
0.3813000,0.9131165
0.3813820,0.9133690
0.3814640,0.9264252
0.3815460,0.9164254
0.3816280,0.9085526
0.3817100,0.9019664
0.3817920,0.9020255
0.3818740,0.9098436
0.3819560,0.9145357
0.3820380,0.9022486
0.3821200,0.9065889
0.3822020,0.9130911
0.3822840,0.9129959
0.3823660,0.9122252
0.3824480,0.9010884
0.3825300,0.9013173
0.3826120,0.9099635
0.3826940,0.9101963
0.3827760,0.9090693
0.3828580,0.9058630
0.3829400,0.8987593
0.3830220,0.8968650
0.3831040,0.9225324
0.3831860,0.9233638
0.3832680,0.9096551
0.3833500,0.9273360
0.3834320,0.9210614
0.3835140,0.9050429
0.3835960,0.9055899
0.3836780,0.9147714
0.3837600,0.9135964
0.3838420,0.9075805
0.3839240,0.9064380
0.3840060,0.9057386
0.3840880,0.9061833
0.3841700,0.9145278
0.3842520,0.9145962
0.3843340,0.9113941
0.3844160,0.9191133
0.3844980,0.9192186
0.3845800,0.9122155
0.3846620,0.9110749
0.3847440,0.9140596
0.3848260,0.9067594
0.3849080,0.9069656
0.3849900,0.9069639
0.3850720,0.9038037
0.3851540,0.9040133
0.3852360,0.9032283
0.3853180,0.9110493
0.3854000,0.9012296
0.3854820,0.9015118
0.3855640,0.9003461
0.3856460,0.9053028
0.3857280,0.9047480
0.3858100,0.9057302
0.3858920,0.9057323
0.3859740,0.9014735
0.3860560,0.9186747
0.3861380,0.9072925
0.3862200,0.9037201
0.3863020,0.8984082
0.3863840,0.8986550
0.3864660,0.9217156
0.3865480,0.9139979
0.3866300,0.9162202
0.3867120,0.9185088
0.3867940,0.9186596
0.3868760,0.9081163
0.3869580,0.9051287
0.3870400,0.8996748
0.3871220,0.9189153
0.3872040,0.9102473
0.3872860,0.9101687
0.3873680,0.9116549
0.3874500,0.9010665
0.3875320,0.9071137
0.3876140,0.9037193
0.3876960,0.9039680
0.3877780,0.9221862
0.3878600,0.9195586
0.3879420,0.9025330
0.3880240,0.9210320
0.3881060,0.9083751
0.3881880,0.9082885
0.3882700,0.9151877
0.3883520,0.8968195
0.3884340,0.9057374
0.3885160,0.8977639
0.3885980,0.8971828
0.3886800,0.9012051
0.3887620,0.9077507
0.3888440,0.9004370
0.3889260,0.9013370
0.3890080,0.9055672
0.3890900,0.9052267
0.3891720,0.8955668
0.3892540,0.8886985
0.3893360,0.8983643
0.3894180,0.8998528
0.3895000,0.9009488
0.3895820,0.9007478
0.3896640,0.9052342
0.3897460,0.9116368
0.3898280,0.8960106
0.3899100,0.9007412
0.3899920,0.9007123
0.3900740,0.8984811
0.3901560,0.9108780
0.3902380,0.9059867
0.3903200,0.9082963
0.3904020,0.9078033
0.3904840,0.9077836
0.3905660,0.9026276
0.3906480,0.9167936
0.3907300,0.9048670
0.3908120,0.9075746
0.3908940,0.9073707
0.3909760,0.8984498
0.3910580,0.9068407
0.3911400,0.9014401
0.3912220,0.8954560
0.3913040,0.9076173
0.3913860,0.9077423
0.3914680,0.9076800
0.3915500,0.8993643
0.3916320,0.8995873
0.3917140,0.9060706
0.3917960,0.9063963
0.3918780,0.9237981
0.3919600,0.9132291
0.3920420,0.8981879
0.3921240,0.9063930
0.3922060,0.9100682
0.3922880,0.9103629
0.3923700,0.9140669
0.3924520,0.9030669
0.3925340,0.9245443
0.3926160,0.9220377
0.3926980,0.9226074
0.3927800,0.9111115
0.3928620,0.9083262
0.3929440,0.9137762
0.3930260,0.9129378
0.3931080,0.8925685
0.3931900,0.8929044
0.3932720,0.8966391
0.3933540,0.9074806
0.3934360,0.9105888
0.3935180,0.9175642
0.3936000,0.9089508
0.3936820,0.9093859
0.3937640,0.9122024
0.3938460,0.9122585
0.3939280,0.9101874
0.3940100,0.9110846
0.3940920,0.9113567
0.3941740,0.9059435
0.3942560,0.9034135
0.3943380,0.9008796
0.3944200,0.8977430
0.3945020,0.9021152
0.3945840,0.9020906
0.3946660,0.9061779
0.3947480,0.9155932
0.3948300,0.9035759
0.3949120,0.9034043
0.3949940,0.9034211
0.3950760,0.9104641
0.3951580,0.9094349
0.3952400,0.9186273
0.3953220,0.9195193
0.3954040,0.9056849
0.3954860,0.9062767
0.3955680,0.9090988
0.3956500,0.9123933
0.3957320,0.9095141
0.3958140,0.9138732
0.3958960,0.9142284
0.3959780,0.9046561
0.3960600,0.9108146
0.3961420,0.9098642
0.3962240,0.9076764
0.3963060,0.9069672
0.3963880,0.9074056
0.3964700,0.9174872
0.3965520,0.9124174
0.3966340,0.9157029
0.3967160,0.9085108
0.3967980,0.9085470
0.3968800,0.9054593
0.3969620,0.9068222
0.3970440,0.9057145
0.3971260,0.8991955
0.3972080,0.9079862
0.3972900,0.9080590
0.3973720,0.9204722
0.3974540,0.9097854
0.3975360,0.9183452
0.3976180,0.9108693
0.3977000,0.9064711
0.3977820,0.9071521
0.3978640,0.9076747
0.3979460,0.9077759
0.3980280,0.9078341
0.3981100,0.9167405
0.3981920,0.9168678
0.3982740,0.9032385
0.3983560,0.9275889
0.3984380,0.9265078
0.3985200,0.9143371
0.3986020,0.9298941
0.3986840,0.9299590
0.3987660,0.9344662
0.3988480,0.9296467
0.3989300,0.9158052
0.3990120,0.9064876
0.3990940,0.9066223
0.3991760,0.9122854
0.3992580,0.9011190
0.3993400,0.9108421
0.3994220,0.9088597
0.3995040,0.9062766
0.3995860,0.9062345
0.3996680,0.8971494
0.3997500,0.9044038
0.3998320,0.8996392
0.3999140,0.9046334
0.3999960,0.9052255
0.4000780,0.9040696
0.4001600,0.9081926
0.4002420,0.9065257
0.4003240,0.9105265
0.4004060,0.9096270
0.4004880,0.9094428
0.4005700,0.9230024
0.4006520,0.9144618
0.4007340,0.9096997
0.4008160,0.9127818
0.4008980,0.9125511
0.4009800,0.9169302
0.4010620,0.9126085
0.4011440,0.9171772
0.4012260,0.9067597
0.4013080,0.9088869
0.4013900,0.9091074
0.4014720,0.9049857
0.4015540,0.8959795
0.4016360,0.9059772
0.4017180,0.9096265
0.4018000,0.9126634
0.4018820,0.9128198
0.4019640,0.9204765
0.4020460,0.9237678
0.4021280,0.9224559
0.4022100,0.9180918
0.4022920,0.9183910
0.4023740,0.9186244
0.4024560,0.9279361
0.4025380,0.9200833
0.4026200,0.9211782
0.4027020,0.9223428
0.4027840,0.9224608
0.4028660,0.9119812
0.4029480,0.9149389
0.4030300,0.9117727
0.4031120,0.9151806
0.4031940,0.9152338
0.4032760,0.9242817
0.4033580,0.9061827
0.4034400,0.9076053
0.4035220,0.9183128
0.4036040,0.9097028
0.4036860,0.9096358
0.4037680,0.9213685
0.4038500,0.9141828
0.4039320,0.9181158
0.4040140,0.9070368
0.4040960,0.9073687
0.4041780,0.9101408
0.4042600,0.9118556
0.4043420,0.9020936
0.4044240,0.8994872
0.4045060,0.8960305
0.4045880,0.8960506
0.4046700,0.9053062
0.4047520,0.8996005
0.4048340,0.9109608
0.4049160,0.8987854
0.4049980,0.8991923
0.4050800,0.8957517
0.4051620,0.9188090
0.4052440,0.9155553
0.4053260,0.9249143
0.4054080,0.9300768
0.4054900,0.9308091
0.4055720,0.9226939
0.4056540,0.9206427
0.4057360,0.9231741
0.4058180,0.9188040
0.4059000,0.9132975
0.4059820,0.9132997
0.4060640,0.9156314
0.4061460,0.9143076
0.4062280,0.9077323
0.4063100,0.9154698
0.4063920,0.9153092
0.4064740,0.9197621
0.4065560,0.9185075
0.4066380,0.9065561
0.4067200,0.9158728
0.4068020,0.9024105
0.4068840,0.9026186
0.4069660,0.9141390
0.4070480,0.9126702
0.4071300,0.9134519
0.4072120,0.9037670
0.4072940,0.9040709
0.4073760,0.9140066
0.4074580,0.9174535
0.4075400,0.9243815
0.4076220,0.9208762
0.4077040,0.9103365
0.4077860,0.9108235
0.4078680,0.9231304
0.4079500,0.9307874
0.4080320,0.9180994
0.4081140,0.9136306
0.4081960,0.9141023
0.4082780,0.9131401
0.4083600,0.9219319
0.4084420,0.9077563
0.4085240,0.9193373
0.4086060,0.9302112
0.4086880,0.9300032
0.4087700,0.9268637
0.4088520,0.9273349
0.4089340,0.9159371
0.4090160,0.9290573
0.4090980,0.9291673
0.4091800,0.9176891
0.4092620,0.9284840
0.4093440,0.9330743
0.4094260,0.9331392
0.4095080,0.9358258
0.4095900,0.9363020
0.4096720,0.9334951
0.4097540,0.9261176
0.4098360,0.9135168
0.4099180,0.9081403
0.4100000,0.9205990
