Time (ns),non-Water after lsq fit to non-Water
0.0000000,0.0000000
0.0000050,0.0027943
0.0000100,0.0054530
0.0000150,0.0079313
0.0000200,0.0101707
0.0000250,0.0121448
0.0000300,0.0138880
0.0000350,0.0154409
0.0000400,0.0168591
0.0000450,0.0181732
0.0000500,0.0193911
0.0000550,0.0205127
0.0000600,0.0215164
0.0000650,0.0223943
0.0000700,0.0231469
0.0000750,0.0237978
0.0000800,0.0243938
0.0000850,0.0249711
0.0000900,0.0255649
0.0000950,0.0261829
0.0001000,0.2321521
0.0001050,0.2322179
0.0001100,0.2322970
0.0001150,0.2323906
0.0001200,0.2324937
0.0001250,0.2325998
0.0001300,0.2327050
0.0001350,0.2328068
0.0001400,0.2329040
0.0001450,0.2329948
0.0001500,0.2330807
0.0001550,0.2331656
0.0001600,0.2332526
0.0001650,0.2333426
0.0001700,0.2334335
0.0001750,0.2335229
0.0001800,0.2336080
0.0001850,0.2336855
0.0001900,0.2337548
0.0001950,0.2338163
0.0002000,0.2766004
0.0002050,0.2766444
0.0002100,0.2766959
0.0002150,0.2767558
0.0002200,0.2768216
0.0002250,0.2768893
0.0002300,0.2769554
0.0002350,0.2770188
0.0002400,0.2770823
0.0002450,0.2771488
0.0002500,0.2772200
0.0002550,0.2772949
0.0002600,0.2773707
0.0002650,0.2774439
0.0002700,0.2775100
0.0002750,0.2775672
0.0002800,0.2776165
0.0002850,0.2776621
0.0002900,0.2777107
0.0002950,0.2777667
0.0003000,0.2474832
0.0003050,0.2475568
0.0003100,0.2476340
0.0003150,0.2477122
0.0003200,0.2477888
0.0003250,0.2478600
0.0003300,0.2479214
0.0003350,0.2479699
0.0003400,0.2480067
0.0003450,0.2480358
0.0003500,0.2480635
0.0003550,0.2480933
0.0003600,0.2481243
0.0003650,0.2481540
0.0003700,0.2481800
0.0003750,0.2482034
0.0003800,0.2482266
0.0003850,0.2482525
0.0003900,0.2482839
0.0003950,0.2483227
0.0004000,0.2350611
0.0004050,0.2351098
0.0004100,0.2351633
0.0004150,0.2352163
0.0004200,0.2352645
0.0004250,0.2353091
0.0004300,0.2353532
0.0004350,0.2353993
0.0004400,0.2354481
0.0004450,0.2354992
0.0004500,0.2355521
0.0004550,0.2356020
0.0004600,0.2356424
0.0004650,0.2356703
0.0004700,0.2356879
0.0004750,0.2357013
0.0004800,0.2357133
0.0004850,0.2357247
0.0004900,0.2357374
0.0004950,0.2357506
0.0005000,0.2141135
0.0005050,0.2141156
0.0005100,0.2141200
0.0005150,0.2141244
0.0005200,0.2141265
0.0005250,0.2141279
0.0005300,0.2141323
0.0005350,0.2141441
0.0005400,0.2141644
0.0005450,0.2141897
0.0005500,0.2142141
0.0005550,0.2142302
0.0005600,0.2142345
0.0005650,0.2142289
0.0005700,0.2142192
0.0005750,0.2142131
0.0005800,0.2142140
0.0005850,0.2142194
0.0005900,0.2142225
0.0005950,0.2142179
0.0006000,0.2212465
0.0006050,0.2212048
0.0006100,0.2211608
0.0006150,0.2211193
0.0006200,0.2210852
0.0006250,0.2210612
0.0006300,0.2210473
0.0006350,0.2210434
0.0006400,0.2210487
0.0006450,0.2210601
0.0006500,0.2210737
0.0006550,0.2210861
0.0006600,0.2210975
0.0006650,0.2211099
0.0006700,0.2211244
0.0006750,0.2211417
0.0006800,0.2211602
0.0006850,0.2211775
0.0006900,0.2211906
0.0006950,0.2211968
0.0007000,0.2473095
0.0007050,0.2473389
0.0007100,0.2473789
0.0007150,0.2474244
0.0007200,0.2474709
0.0007250,0.2475173
0.0007300,0.2475644
0.0007350,0.2476139
0.0007400,0.2476662
0.0007450,0.2477185
0.0007500,0.2477663
0.0007550,0.2478055
0.0007600,0.2478354
0.0007650,0.2478579
0.0007700,0.2478756
0.0007750,0.2478897
0.0007800,0.2478989
0.0007850,0.2479022
0.0007900,0.2479021
0.0007950,0.2479035
0.0008000,0.1901192
0.0008050,0.1901050
0.0008100,0.1900988
0.0008150,0.1900958
0.0008200,0.1900918
0.0008250,0.1900840
0.0008300,0.1900715
0.0008350,0.1900572
0.0008400,0.1900458
0.0008450,0.1900408
0.0008500,0.1900431
0.0008550,0.1900507
0.0008600,0.1900621
0.0008650,0.1900734
0.0008700,0.1900803
0.0008750,0.1900817
0.0008800,0.1900802
0.0008850,0.1900818
0.0008900,0.1900898
0.0008950,0.1901033
0.0009000,0.2057147
0.0009050,0.2057171
0.0009100,0.2057217
0.0009150,0.2057294
0.0009200,0.2057410
0.0009250,0.2057570
0.0009300,0.2057781
0.0009350,0.2058048
0.0009400,0.2058365
0.0009450,0.2058719
0.0009500,0.2059094
0.0009550,0.2059464
0.0009600,0.2059798
0.0009650,0.2060050
0.0009700,0.2060194
0.0009750,0.2060250
0.0009800,0.2060254
0.0009850,0.2060243
0.0009900,0.2060218
0.0009950,0.2060168
0.0010000,0.2205062
0.0010050,0.2204950
0.0010100,0.2204869
0.0010150,0.2204805
0.0010200,0.2204767
0.0010250,0.2204785
0.0010300,0.2204884
0.0010350,0.2205068
0.0010400,0.2205316
0.0010450,0.2205605
0.0010500,0.2205913
0.0010550,0.2206208
0.0010600,0.2206453
0.0010650,0.2206631
0.0010700,0.2206774
0.0010750,0.2206922
0.0010800,0.2207089
0.0010850,0.2207273
0.0010900,0.2207445
0.0010950,0.2207572
0.0011000,0.2050118
0.0011050,0.2050174
0.0011100,0.2050236
0.0011150,0.2050305
0.0011200,0.2050393
0.0011250,0.2050514
0.0011300,0.2050675
0.0011350,0.2050871
0.0011400,0.2051079
0.0011450,0.2051277
0.0011500,0.2051456
0.0011550,0.2051620
0.0011600,0.2051792
0.0011650,0.2051990
0.0011700,0.2052235
0.0011750,0.2052529
0.0011800,0.2052856
0.0011850,0.2053189
0.0011900,0.2053498
0.0011950,0.2053763
0.0012000,0.2054306
0.0012050,0.2054173
0.0012100,0.2054104
0.0012150,0.2054127
0.0012200,0.2054251
0.0012250,0.2054445
0.0012300,0.2054660
0.0012350,0.2054859
0.0012400,0.2055024
0.0012450,0.2055162
0.0012500,0.2055295
0.0012550,0.2055461
0.0012600,0.2055699
0.0012650,0.2056011
0.0012700,0.2056351
0.0012750,0.2056650
0.0012800,0.2056847
0.0012850,0.2056924
0.0012900,0.2056909
0.0012950,0.2056864
0.0013000,0.2201996
0.0013050,0.2201965
0.0013100,0.2202107
0.0013150,0.2202425
0.0013200,0.2202855
0.0013250,0.2203281
0.0013300,0.2203584
0.0013350,0.2203716
0.0013400,0.2203706
0.0013450,0.2203640
0.0013500,0.2203615
0.0013550,0.2203693
0.0013600,0.2203886
0.0013650,0.2204170
0.0013700,0.2204498
0.0013750,0.2204811
0.0013800,0.2205036
0.0013850,0.2205131
0.0013900,0.2205140
0.0013950,0.2205179
0.0014000,0.1974316
0.0014050,0.1974428
0.0014100,0.1974577
0.0014150,0.1974751
0.0014200,0.1974962
0.0014250,0.1975213
0.0014300,0.1975499
0.0014350,0.1975816
0.0014400,0.1976169
0.0014450,0.1976573
0.0014500,0.1977024
0.0014550,0.1977490
0.0014600,0.1977929
0.0014650,0.1978308
0.0014700,0.1978624
0.0014750,0.1978902
0.0014800,0.1979170
0.0014850,0.1979432
0.0014900,0.1979685
0.0014950,0.1979945
0.0015000,0.2409549
0.0015050,0.2409635
0.0015100,0.2409735
0.0015150,0.2409850
0.0015200,0.2409995
0.0015250,0.2410178
0.0015300,0.2410401
0.0015350,0.2410657
0.0015400,0.2410944
0.0015450,0.2411264
0.0015500,0.2411593
0.0015550,0.2411898
0.0015600,0.2412158
0.0015650,0.2412365
0.0015700,0.2412542
0.0015750,0.2412715
0.0015800,0.2412890
0.0015850,0.2413048
0.0015900,0.2413164
0.0015950,0.2413218
0.0016000,0.1899908
0.0016050,0.1899777
0.0016100,0.1899709
0.0016150,0.1899677
0.0016200,0.1899656
0.0016250,0.1899632
0.0016300,0.1899612
0.0016350,0.1899610
0.0016400,0.1899621
0.0016450,0.1899625
0.0016500,0.1899611
0.0016550,0.1899595
0.0016600,0.1899607
0.0016650,0.1899661
0.0016700,0.1899767
0.0016750,0.1899913
0.0016800,0.1900093
0.0016850,0.1900298
0.0016900,0.1900513
0.0016950,0.1900728
0.0017000,0.2057003
0.0017050,0.2057194
0.0017100,0.2057401
0.0017150,0.2057636
0.0017200,0.2057923
0.0017250,0.2058267
0.0017300,0.2058643
0.0017350,0.2058996
0.0017400,0.2059274
0.0017450,0.2059464
0.0017500,0.2059601
0.0017550,0.2059745
0.0017600,0.2059923
0.0017650,0.2060118
0.0017700,0.2060286
0.0017750,0.2060393
0.0017800,0.2060441
0.0017850,0.2060453
0.0017900,0.2060457
0.0017950,0.2060472
0.0018000,0.2410620
0.0018050,0.2410499
0.0018100,0.2410490
0.0018150,0.2410564
0.0018200,0.2410665
0.0018250,0.2410746
0.0018300,0.2410810
0.0018350,0.2410899
0.0018400,0.2411062
0.0018450,0.2411327
0.0018500,0.2411682
0.0018550,0.2412087
0.0018600,0.2412493
0.0018650,0.2412878
0.0018700,0.2413225
0.0018750,0.2413527
0.0018800,0.2413792
0.0018850,0.2414051
0.0018900,0.2414351
0.0018950,0.2414711
0.0019000,0.2594767
0.0019050,0.2594874
0.0019100,0.2595162
0.0019150,0.2595587
0.0019200,0.2596087
0.0019250,0.2596617
0.0019300,0.2597149
0.0019350,0.2597665
0.0019400,0.2598161
0.0019450,0.2598643
0.0019500,0.2599131
0.0019550,0.2599645
0.0019600,0.2600172
0.0019650,0.2600676
0.0019700,0.2601104
0.0019750,0.2601420
0.0019800,0.2601633
0.0019850,0.2601775
0.0019900,0.2601900
0.0019950,0.2602062
0.0020000,0.2206479
0.0020050,0.2206431
0.0020100,0.2206409
0.0020150,0.2206365
0.0020200,0.2206262
0.0020250,0.2206115
0.0020300,0.2205980
0.0020350,0.2205919
0.0020400,0.2205988
0.0020450,0.2206211
0.0020500,0.2206566
0.0020550,0.2206975
0.0020600,0.2207333
0.0020650,0.2207576
0.0020700,0.2207707
0.0020750,0.2207779
0.0020800,0.2207858
0.0020850,0.2208003
0.0020900,0.2208227
0.0020950,0.2208484
0.0021000,0.2338052
0.0021050,0.2337940
0.0021100,0.2337882
0.0021150,0.2337873
0.0021200,0.2337905
0.0021250,0.2337983
0.0021300,0.2338130
0.0021350,0.2338360
0.0021400,0.2338669
0.0021450,0.2339036
0.0021500,0.2339435
0.0021550,0.2339845
0.0021600,0.2340246
0.0021650,0.2340630
0.0021700,0.2340997
0.0021750,0.2341361
0.0021800,0.2341732
0.0021850,0.2342112
0.0021900,0.2342495
0.0021950,0.2342864
0.0022000,0.2203606
0.0022050,0.2203613
0.0022100,0.2203726
0.0022150,0.2203951
0.0022200,0.2204241
0.0022250,0.2204547
0.0022300,0.2204847
0.0022350,0.2205147
0.0022400,0.2205467
0.0022450,0.2205810
0.0022500,0.2206170
0.0022550,0.2206539
0.0022600,0.2206902
0.0022650,0.2207245
0.0022700,0.2207560
0.0022750,0.2207858
0.0022800,0.2208147
0.0022850,0.2208445
0.0022900,0.2208775
0.0022950,0.2209131
0.0023000,0.2132323
0.0023050,0.2132546
0.0023100,0.2132755
0.0023150,0.2132928
0.0023200,0.2133057
0.0023250,0.2133154
0.0023300,0.2133234
0.0023350,0.2133302
0.0023400,0.2133352
0.0023450,0.2133372
0.0023500,0.2133353
0.0023550,0.2133282
0.0023600,0.2133163
0.0023650,0.2133026
0.0023700,0.2132925
0.0023750,0.2132906
0.0023800,0.2132984
0.0023850,0.2133147
0.0023900,0.2133356
0.0023950,0.2133570
0.0024000,0.1980862
0.0024050,0.1980991
0.0024100,0.1981133
0.0024150,0.1981295
0.0024200,0.1981483
0.0024250,0.1981717
0.0024300,0.1982017
0.0024350,0.1982383
0.0024400,0.1982780
0.0024450,0.1983162
0.0024500,0.1983528
0.0024550,0.1983896
0.0024600,0.1984272
0.0024650,0.1984641
0.0024700,0.1984985
0.0024750,0.1985320
0.0024800,0.1985653
0.0024850,0.1985976
0.0024900,0.1986266
0.0024950,0.1986491
0.0025000,0.2409353
0.0025050,0.2409467
0.0025100,0.2409672
0.0025150,0.2409986
0.0025200,0.2410402
0.0025250,0.2410887
0.0025300,0.2411379
0.0025350,0.2411829
0.0025400,0.2412209
0.0025450,0.2412516
0.0025500,0.2412764
0.0025550,0.2412977
0.0025600,0.2413191
0.0025650,0.2413430
0.0025700,0.2413702
0.0025750,0.2414003
0.0025800,0.2414314
0.0025850,0.2414610
0.0025900,0.2414872
0.0025950,0.2415094
0.0026000,0.1898885
0.0026050,0.1898870
0.0026100,0.1898888
0.0026150,0.1898907
0.0026200,0.1898882
0.0026250,0.1898794
0.0026300,0.1898648
0.0026350,0.1898458
0.0026400,0.1898237
0.0026450,0.1898010
0.0026500,0.1897811
0.0026550,0.1897668
0.0026600,0.1897593
0.0026650,0.1897565
0.0026700,0.1897532
0.0026750,0.1897461
0.0026800,0.1897369
0.0026850,0.1897313
0.0026900,0.1897332
0.0026950,0.1897426
0.0027000,0.2056801
0.0027050,0.2056857
0.0027100,0.2056947
0.0027150,0.2057010
0.0027200,0.2057040
0.0027250,0.2057078
0.0027300,0.2057168
0.0027350,0.2057324
0.0027400,0.2057528
0.0027450,0.2057741
0.0027500,0.2057930
0.0027550,0.2058072
0.0027600,0.2058168
0.0027650,0.2058230
0.0027700,0.2058272
0.0027750,0.2058305
0.0027800,0.2058352
0.0027850,0.2058436
0.0027900,0.2058582
0.0027950,0.2058801
0.0028000,0.2129493
0.0028050,0.2129556
0.0028100,0.2129679
0.0028150,0.2129849
0.0028200,0.2130073
0.0028250,0.2130370
0.0028300,0.2130760
0.0028350,0.2131243
0.0028400,0.2131787
0.0028450,0.2132351
0.0028500,0.2132909
0.0028550,0.2133454
0.0028600,0.2133985
0.0028650,0.2134502
0.0028700,0.2135008
0.0028750,0.2135506
0.0028800,0.2135985
0.0028850,0.2136424
0.0028900,0.2136797
0.0028950,0.2137081
0.0029000,0.1981802
0.0029050,0.1981715
0.0029100,0.1981686
0.0029150,0.1981741
0.0029200,0.1981903
0.0029250,0.1982175
0.0029300,0.1982503
0.0029350,0.1982809
0.0029400,0.1983026
0.0029450,0.1983153
0.0029500,0.1983240
0.0029550,0.1983331
0.0029600,0.1983438
0.0029650,0.1983556
0.0029700,0.1983665
0.0029750,0.1983740
0.0029800,0.1983767
0.0029850,0.1983747
0.0029900,0.1983684
0.0029950,0.1983592
0.0030000,0.2131828
0.0030050,0.2131841
0.0030100,0.2131993
0.0030150,0.2132285
0.0030200,0.2132672
0.0030250,0.2133072
0.0030300,0.2133421
0.0030350,0.2133713
0.0030400,0.2133981
0.0030450,0.2134278
0.0030500,0.2134638
0.0030550,0.2135058
0.0030600,0.2135518
0.0030650,0.2135969
0.0030700,0.2136361
0.0030750,0.2136658
0.0030800,0.2136858
0.0030850,0.2136981
0.0030900,0.2137058
0.0030950,0.2137123
0.0031000,0.2058909
0.0031050,0.2058784
0.0031100,0.2058725
0.0031150,0.2058721
0.0031200,0.2058775
0.0031250,0.2058889
0.0031300,0.2059053
0.0031350,0.2059251
0.0031400,0.2059468
0.0031450,0.2059703
0.0031500,0.2059960
0.0031550,0.2060238
0.0031600,0.2060522
0.0031650,0.2060778
0.0031700,0.2060984
0.0031750,0.2061124
0.0031800,0.2061202
0.0031850,0.2061244
0.0031900,0.2061291
0.0031950,0.2061383
0.0032000,0.2339136
0.0032050,0.2339343
0.0032100,0.2339688
0.0032150,0.2340154
0.0032200,0.2340703
0.0032250,0.2341292
0.0032300,0.2341904
0.0032350,0.2342528
0.0032400,0.2343138
0.0032450,0.2343701
0.0032500,0.2344194
0.0032550,0.2344619
0.0032600,0.2344997
0.0032650,0.2345344
0.0032700,0.2345660
0.0032750,0.2345933
0.0032800,0.2346159
0.0032850,0.2346341
0.0032900,0.2346492
0.0032950,0.2346644
0.0033000,0.2340111
0.0033050,0.2340163
0.0033100,0.2340298
0.0033150,0.2340489
0.0033200,0.2340707
0.0033250,0.2340936
0.0033300,0.2341195
0.0033350,0.2341496
0.0033400,0.2341831
0.0033450,0.2342171
0.0033500,0.2342492
0.0033550,0.2342789
0.0033600,0.2343070
0.0033650,0.2343353
0.0033700,0.2343639
0.0033750,0.2343912
0.0033800,0.2344152
0.0033850,0.2344345
0.0033900,0.2344499
0.0033950,0.2344637
0.0034000,0.2059257
0.0034050,0.2059134
0.0034100,0.2059094
0.0034150,0.2059131
0.0034200,0.2059211
0.0034250,0.2059294
0.0034300,0.2059368
0.0034350,0.2059435
0.0034400,0.2059505
0.0034450,0.2059586
0.0034500,0.2059682
0.0034550,0.2059799
0.0034600,0.2059928
0.0034650,0.2060039
0.0034700,0.2060085
0.0034750,0.2060016
0.0034800,0.2059828
0.0034850,0.2059571
0.0034900,0.2059336
0.0034950,0.2059191
0.0035000,0.2471745
0.0035050,0.2471868
0.0035100,0.2472139
0.0035150,0.2472509
0.0035200,0.2472941
0.0035250,0.2473408
0.0035300,0.2473889
0.0035350,0.2474363
0.0035400,0.2474827
0.0035450,0.2475278
0.0035500,0.2475702
0.0035550,0.2476084
0.0035600,0.2476416
0.0035650,0.2476701
0.0035700,0.2476945
0.0035750,0.2477155
0.0035800,0.2477345
0.0035850,0.2477525
0.0035900,0.2477700
0.0035950,0.2477858
0.0036000,0.2535720
0.0036050,0.2535687
0.0036100,0.2535756
0.0036150,0.2535923
0.0036200,0.2536176
0.0036250,0.2536509
0.0036300,0.2536923
0.0036350,0.2537398
0.0036400,0.2537912
0.0036450,0.2538451
0.0036500,0.2539010
0.0036550,0.2539595
0.0036600,0.2540198
0.0036650,0.2540797
0.0036700,0.2541349
0.0036750,0.2541816
0.0036800,0.2542181
0.0036850,0.2542455
0.0036900,0.2542673
0.0036950,0.2542877
0.0037000,0.2202705
0.0037050,0.2202691
0.0037100,0.2202846
0.0037150,0.2203141
0.0037200,0.2203533
0.0037250,0.2203992
0.0037300,0.2204510
0.0037350,0.2205080
0.0037400,0.2205685
0.0037450,0.2206299
0.0037500,0.2206898
0.0037550,0.2207453
0.0037600,0.2207918
0.0037650,0.2208259
0.0037700,0.2208465
0.0037750,0.2208554
0.0037800,0.2208562
0.0037850,0.2208524
0.0037900,0.2208455
0.0037950,0.2208352
0.0038000,0.1897143
0.0038050,0.1897187
0.0038100,0.1897261
0.0038150,0.1897338
0.0038200,0.1897396
0.0038250,0.1897433
0.0038300,0.1897465
0.0038350,0.1897508
0.0038400,0.1897587
0.0038450,0.1897706
0.0038500,0.1897859
0.0038550,0.1898028
0.0038600,0.1898198
0.0038650,0.1898364
0.0038700,0.1898528
0.0038750,0.1898709
0.0038800,0.1898918
0.0038850,0.1899151
0.0038900,0.1899392
0.0038950,0.1899618
0.0039000,0.2130001
0.0039050,0.2129946
0.0039100,0.2130035
0.0039150,0.2130292
0.0039200,0.2130702
0.0039250,0.2131219
0.0039300,0.2131772
0.0039350,0.2132293
0.0039400,0.2132735
0.0039450,0.2133088
0.0039500,0.2133387
0.0039550,0.2133686
0.0039600,0.2134026
0.0039650,0.2134408
0.0039700,0.2134788
0.0039750,0.2135115
0.0039800,0.2135347
0.0039850,0.2135483
0.0039900,0.2135557
0.0039950,0.2135620
0.0040000,0.2407989
0.0040050,0.2407827
0.0040100,0.2407748
0.0040150,0.2407768
0.0040200,0.2407875
0.0040250,0.2408040
0.0040300,0.2408226
0.0040350,0.2408407
0.0040400,0.2408576
0.0040450,0.2408755
0.0040500,0.2409006
0.0040550,0.2409378
0.0040600,0.2409864
0.0040650,0.2410399
0.0040700,0.2410888
0.0040750,0.2411284
0.0040800,0.2411585
0.0040850,0.2411826
0.0040900,0.2412061
0.0040950,0.2412324
0.0041000,0.2532589
0.0041050,0.2532518
0.0041100,0.2532537
0.0041150,0.2532646
0.0041200,0.2532815
0.0041250,0.2533016
0.0041300,0.2533251
0.0041350,0.2533539
0.0041400,0.2533898
0.0041450,0.2534320
0.0041500,0.2534784
0.0041550,0.2535257
0.0041600,0.2535710
0.0041650,0.2536129
0.0041700,0.2536500
0.0041750,0.2536824
0.0041800,0.2537109
0.0041850,0.2537370
0.0041900,0.2537626
0.0041950,0.2537901
0.0042000,0.2273669
0.0042050,0.2273631
0.0042100,0.2273669
0.0042150,0.2273760
0.0042200,0.2273905
0.0042250,0.2274122
0.0042300,0.2274429
0.0042350,0.2274839
0.0042400,0.2275334
0.0042450,0.2275875
0.0042500,0.2276415
0.0042550,0.2276917
0.0042600,0.2277360
0.0042650,0.2277740
0.0042700,0.2278066
0.0042750,0.2278366
0.0042800,0.2278675
0.0042850,0.2279008
0.0042900,0.2279338
0.0042950,0.2279620
0.0043000,0.2273006
0.0043050,0.2273087
0.0043100,0.2273174
0.0043150,0.2273306
0.0043200,0.2273537
0.0043250,0.2273901
0.0043300,0.2274367
0.0043350,0.2274854
0.0043400,0.2275282
0.0043450,0.2275610
0.0043500,0.2275837
0.0043550,0.2275981
0.0043600,0.2276091
0.0043650,0.2276222
0.0043700,0.2276405
0.0043750,0.2276618
0.0043800,0.2276805
0.0043850,0.2276915
0.0043900,0.2276926
0.0043950,0.2276846
0.0044000,0.2408254
0.0044050,0.2408247
0.0044100,0.2408359
0.0044150,0.2408581
0.0044200,0.2408871
0.0044250,0.2409165
0.0044300,0.2409400
0.0044350,0.2409548
0.0044400,0.2409651
0.0044450,0.2409810
0.0044500,0.2410118
0.0044550,0.2410592
0.0044600,0.2411164
0.0044650,0.2411722
0.0044700,0.2412162
0.0044750,0.2412428
0.0044800,0.2412518
0.0044850,0.2412477
0.0044900,0.2412390
0.0044950,0.2412334
0.0045000,0.2534148
0.0045050,0.2534393
0.0045100,0.2534772
0.0045150,0.2535191
0.0045200,0.2535544
0.0045250,0.2535762
0.0045300,0.2535844
0.0045350,0.2535839
0.0045400,0.2535821
0.0045450,0.2535852
0.0045500,0.2535954
0.0045550,0.2536111
0.0045600,0.2536292
0.0045650,0.2536458
0.0045700,0.2536568
0.0045750,0.2536625
0.0045800,0.2536685
0.0045850,0.2536825
0.0045900,0.2537113
0.0045950,0.2537563
0.0046000,0.2204016
0.0046050,0.2204226
0.0046100,0.2204552
0.0046150,0.2204953
0.0046200,0.2205363
0.0046250,0.2205744
0.0046300,0.2206078
0.0046350,0.2206371
0.0046400,0.2206638
0.0046450,0.2206901
0.0046500,0.2207189
0.0046550,0.2207513
0.0046600,0.2207852
0.0046650,0.2208169
0.0046700,0.2208440
0.0046750,0.2208674
0.0046800,0.2208895
0.0046850,0.2209140
0.0046900,0.2209439
0.0046950,0.2209798
0.0047000,0.2276503
0.0047050,0.2276589
0.0047100,0.2276750
0.0047150,0.2276955
0.0047200,0.2277167
0.0047250,0.2277359
0.0047300,0.2277538
0.0047350,0.2277745
0.0047400,0.2278019
0.0047450,0.2278368
0.0047500,0.2278787
0.0047550,0.2279239
0.0047600,0.2279656
0.0047650,0.2279958
0.0047700,0.2280106
0.0047750,0.2280099
0.0047800,0.2279956
0.0047850,0.2279728
0.0047900,0.2279503
0.0047950,0.2279383
0.0048000,0.2343642
0.0048050,0.2343581
0.0048100,0.2343694
0.0048150,0.2343951
0.0048200,0.2344297
0.0048250,0.2344701
0.0048300,0.2345167
0.0048350,0.2345718
0.0048400,0.2346360
0.0048450,0.2347069
0.0048500,0.2347800
0.0048550,0.2348499
0.0048600,0.2349131
0.0048650,0.2349664
0.0048700,0.2350087
0.0048750,0.2350419
0.0048800,0.2350694
0.0048850,0.2350945
0.0048900,0.2351181
0.0048950,0.2351389
0.0049000,0.2344754
0.0049050,0.2344656
0.0049100,0.2344615
0.0049150,0.2344656
0.0049200,0.2344797
0.0049250,0.2345036
0.0049300,0.2345357
0.0049350,0.2345738
0.0049400,0.2346145
0.0049450,0.2346554
0.0049500,0.2346947
0.0049550,0.2347313
0.0049600,0.2347646
0.0049650,0.2347930
0.0049700,0.2348158
0.0049750,0.2348321
0.0049800,0.2348423
0.0049850,0.2348473
0.0049900,0.2348482
0.0049950,0.2348476
0.0050000,0.1900899
0.0050050,0.1900912
0.0050100,0.1901024
0.0050150,0.1901206
0.0050200,0.1901409
0.0050250,0.1901582
0.0050300,0.1901714
0.0050350,0.1901827
0.0050400,0.1901941
0.0050450,0.1902058
0.0050500,0.1902160
0.0050550,0.1902225
0.0050600,0.1902249
0.0050650,0.1902237
0.0050700,0.1902210
0.0050750,0.1902175
0.0050800,0.1902141
0.0050850,0.1902120
0.0050900,0.1902115
0.0050950,0.1902134
0.0051000,0.2406188
0.0051050,0.2406267
0.0051100,0.2406452
0.0051150,0.2406724
0.0051200,0.2407072
0.0051250,0.2407466
0.0051300,0.2407870
0.0051350,0.2408258
0.0051400,0.2408611
0.0051450,0.2408928
0.0051500,0.2409219
0.0051550,0.2409509
0.0051600,0.2409819
0.0051650,0.2410145
0.0051700,0.2410478
0.0051750,0.2410775
0.0051800,0.2410996
0.0051850,0.2411126
0.0051900,0.2411185
0.0051950,0.2411215
0.0052000,0.2467153
0.0052050,0.2467173
0.0052100,0.2467293
0.0052150,0.2467506
0.0052200,0.2467814
0.0052250,0.2468200
0.0052300,0.2468643
0.0052350,0.2469115
0.0052400,0.2469594
0.0052450,0.2470086
0.0052500,0.2470595
0.0052550,0.2471130
0.0052600,0.2471689
0.0052650,0.2472250
0.0052700,0.2472789
0.0052750,0.2473278
0.0052800,0.2473697
0.0052850,0.2474041
0.0052900,0.2474323
0.0052950,0.2474576
0.0053000,0.2469058
0.0053050,0.2468976
0.0053100,0.2468970
0.0053150,0.2469008
0.0053200,0.2469067
0.0053250,0.2469135
0.0053300,0.2469218
0.0053350,0.2469330
0.0053400,0.2469474
0.0053450,0.2469664
0.0053500,0.2469907
0.0053550,0.2470210
0.0053600,0.2470570
0.0053650,0.2470964
0.0053700,0.2471356
0.0053750,0.2471715
0.0053800,0.2472056
0.0053850,0.2472433
0.0053900,0.2472885
0.0053950,0.2473417
0.0054000,0.2654827
0.0054050,0.2655133
0.0054100,0.2655489
0.0054150,0.2655848
0.0054200,0.2656177
0.0054250,0.2656465
0.0054300,0.2656729
0.0054350,0.2657006
0.0054400,0.2657326
0.0054450,0.2657706
0.0054500,0.2658134
0.0054550,0.2658584
0.0054600,0.2659022
0.0054650,0.2659429
0.0054700,0.2659808
0.0054750,0.2660167
0.0054800,0.2660527
0.0054850,0.2660915
0.0054900,0.2661332
0.0054950,0.2661756
0.0055000,0.2056360
0.0055050,0.2056469
0.0055100,0.2056658
0.0055150,0.2056940
0.0055200,0.2057322
0.0055250,0.2057784
0.0055300,0.2058283
0.0055350,0.2058773
0.0055400,0.2059220
0.0055450,0.2059604
0.0055500,0.2059915
0.0055550,0.2060151
0.0055600,0.2060315
0.0055650,0.2060427
0.0055700,0.2060515
0.0055750,0.2060592
0.0055800,0.2060660
0.0055850,0.2060703
0.0055900,0.2060708
0.0055950,0.2060681
0.0056000,0.2204616
0.0056050,0.2204641
0.0056100,0.2204767
0.0056150,0.2204933
0.0056200,0.2205084
0.0056250,0.2205202
0.0056300,0.2205305
0.0056350,0.2205424
0.0056400,0.2205592
0.0056450,0.2205827
0.0056500,0.2206124
0.0056550,0.2206455
0.0056600,0.2206764
0.0056650,0.2207013
0.0056700,0.2207193
0.0056750,0.2207321
0.0056800,0.2207428
0.0056850,0.2207530
0.0056900,0.2207634
0.0056950,0.2207724
0.0057000,0.2410850
0.0057050,0.2410762
0.0057100,0.2410723
0.0057150,0.2410710
0.0057200,0.2410712
0.0057250,0.2410754
0.0057300,0.2410884
0.0057350,0.2411138
0.0057400,0.2411513
0.0057450,0.2411961
0.0057500,0.2412425
0.0057550,0.2412874
0.0057600,0.2413304
0.0057650,0.2413720
0.0057700,0.2414110
0.0057750,0.2414468
0.0057800,0.2414796
0.0057850,0.2415116
0.0057900,0.2415449
0.0057950,0.2415778
0.0058000,0.2533514
0.0058050,0.2533739
0.0058100,0.2534031
0.0058150,0.2534398
0.0058200,0.2534839
0.0058250,0.2535337
0.0058300,0.2535848
0.0058350,0.2536325
0.0058400,0.2536747
0.0058450,0.2537113
0.0058500,0.2537423
0.0058550,0.2537678
0.0058600,0.2537873
0.0058650,0.2538020
0.0058700,0.2538137
0.0058750,0.2538237
0.0058800,0.2538325
0.0058850,0.2538394
0.0058900,0.2538440
0.0058950,0.2538458
0.0059000,0.2059232
0.0059050,0.2059247
0.0059100,0.2059388
0.0059150,0.2059659
0.0059200,0.2060034
0.0059250,0.2060457
0.0059300,0.2060864
0.0059350,0.2061207
0.0059400,0.2061482
0.0059450,0.2061726
0.0059500,0.2061990
0.0059550,0.2062308
0.0059600,0.2062668
0.0059650,0.2063038
0.0059700,0.2063376
0.0059750,0.2063656
0.0059800,0.2063878
0.0059850,0.2064058
0.0059900,0.2064221
0.0059950,0.2064375
0.0060000,0.1900573
0.0060050,0.1900577
0.0060100,0.1900603
0.0060150,0.1900646
0.0060200,0.1900699
0.0060250,0.1900745
0.0060300,0.1900766
0.0060350,0.1900765
0.0060400,0.1900768
0.0060450,0.1900809
0.0060500,0.1900907
0.0060550,0.1901043
0.0060600,0.1901183
0.0060650,0.1901304
0.0060700,0.1901395
0.0060750,0.1901457
0.0060800,0.1901506
0.0060850,0.1901568
0.0060900,0.1901677
0.0060950,0.1901856
0.0061000,0.1633032
0.0061050,0.1632968
0.0061100,0.1632896
0.0061150,0.1632811
0.0061200,0.1632707
0.0061250,0.1632582
0.0061300,0.1632439
0.0061350,0.1632284
0.0061400,0.1632127
0.0061450,0.1631968
0.0061500,0.1631798
0.0061550,0.1631606
0.0061600,0.1631394
0.0061650,0.1631183
0.0061700,0.1630998
0.0061750,0.1630855
0.0061800,0.1630761
0.0061850,0.1630709
0.0061900,0.1630689
0.0061950,0.1630685
0.0062000,0.2341873
0.0062050,0.2341780
0.0062100,0.2341803
0.0062150,0.2341915
0.0062200,0.2342078
0.0062250,0.2342274
0.0062300,0.2342518
0.0062350,0.2342833
0.0062400,0.2343235
0.0062450,0.2343714
0.0062500,0.2344242
0.0062550,0.2344776
0.0062600,0.2345273
0.0062650,0.2345701
0.0062700,0.2346054
0.0062750,0.2346349
0.0062800,0.2346601
0.0062850,0.2346824
0.0062900,0.2347037
0.0062950,0.2347253
0.0063000,0.2406732
0.0063050,0.2406971
0.0063100,0.2407241
0.0063150,0.2407511
0.0063200,0.2407781
0.0063250,0.2408084
0.0063300,0.2408460
0.0063350,0.2408921
0.0063400,0.2409454
0.0063450,0.2410024
0.0063500,0.2410586
0.0063550,0.2411106
0.0063600,0.2411578
0.0063650,0.2412012
0.0063700,0.2412404
0.0063750,0.2412742
0.0063800,0.2413028
0.0063850,0.2413293
0.0063900,0.2413562
0.0063950,0.2413837
0.0064000,0.2527978
0.0064050,0.2527897
0.0064100,0.2527880
0.0064150,0.2527952
0.0064200,0.2528125
0.0064250,0.2528384
0.0064300,0.2528706
0.0064350,0.2529066
0.0064400,0.2529444
0.0064450,0.2529825
0.0064500,0.2530195
0.0064550,0.2530538
0.0064600,0.2530840
0.0064650,0.2531114
0.0064700,0.2531387
0.0064750,0.2531675
0.0064800,0.2531969
0.0064850,0.2532247
0.0064900,0.2532493
0.0064950,0.2532705
0.0065000,0.2056499
0.0065050,0.2056596
0.0065100,0.2056735
0.0065150,0.2056903
0.0065200,0.2057089
0.0065250,0.2057275
0.0065300,0.2057427
0.0065350,0.2057526
0.0065400,0.2057599
0.0065450,0.2057682
0.0065500,0.2057783
0.0065550,0.2057889
0.0065600,0.2058012
0.0065650,0.2058188
0.0065700,0.2058448
0.0065750,0.2058795
0.0065800,0.2059189
0.0065850,0.2059572
0.0065900,0.2059908
0.0065950,0.2060198
0.0066000,0.2053963
0.0066050,0.2054090
0.0066100,0.2054344
0.0066150,0.2054685
0.0066200,0.2055056
0.0066250,0.2055415
0.0066300,0.2055750
0.0066350,0.2056076
0.0066400,0.2056407
0.0066450,0.2056736
0.0066500,0.2057039
0.0066550,0.2057292
0.0066600,0.2057478
0.0066650,0.2057607
0.0066700,0.2057706
0.0066750,0.2057816
0.0066800,0.2057966
0.0066850,0.2058151
0.0066900,0.2058353
0.0066950,0.2058561
0.0067000,0.2131049
0.0067050,0.2131157
0.0067100,0.2131425
0.0067150,0.2131843
0.0067200,0.2132366
0.0067250,0.2132938
0.0067300,0.2133507
0.0067350,0.2134042
0.0067400,0.2134544
0.0067450,0.2135026
0.0067500,0.2135502
0.0067550,0.2135956
0.0067600,0.2136361
0.0067650,0.2136719
0.0067700,0.2137058
0.0067750,0.2137398
0.0067800,0.2137713
0.0067850,0.2137960
0.0067900,0.2138120
0.0067950,0.2138206
0.0068000,0.1900564
0.0068050,0.1900377
0.0068100,0.1900176
0.0068150,0.1899975
0.0068200,0.1899790
0.0068250,0.1899649
0.0068300,0.1899549
0.0068350,0.1899469
0.0068400,0.1899405
0.0068450,0.1899387
0.0068500,0.1899456
0.0068550,0.1899615
0.0068600,0.1899832
0.0068650,0.1900068
0.0068700,0.1900298
0.0068750,0.1900529
0.0068800,0.1900772
0.0068850,0.1901030
0.0068900,0.1901274
0.0068950,0.1901455
0.0069000,0.1816492
0.0069050,0.1816476
0.0069100,0.1816470
0.0069150,0.1816467
0.0069200,0.1816442
0.0069250,0.1816383
0.0069300,0.1816288
0.0069350,0.1816180
0.0069400,0.1816096
0.0069450,0.1816064
0.0069500,0.1816100
0.0069550,0.1816184
0.0069600,0.1816298
0.0069650,0.1816434
0.0069700,0.1816599
0.0069750,0.1816804
0.0069800,0.1817024
0.0069850,0.1817225
0.0069900,0.1817359
0.0069950,0.1817386
0.0070000,0.1898767
0.0070050,0.1898782
0.0070100,0.1898762
0.0070150,0.1898706
0.0070200,0.1898632
0.0070250,0.1898589
0.0070300,0.1898622
0.0070350,0.1898750
0.0070400,0.1898954
0.0070450,0.1899197
0.0070500,0.1899444
0.0070550,0.1899665
0.0070600,0.1899854
0.0070650,0.1900014
0.0070700,0.1900159
0.0070750,0.1900314
0.0070800,0.1900492
0.0070850,0.1900676
0.0070900,0.1900811
0.0070950,0.1900864
0.0071000,0.1726104
0.0071050,0.1726111
0.0071100,0.1726207
0.0071150,0.1726364
0.0071200,0.1726548
0.0071250,0.1726727
0.0071300,0.1726878
0.0071350,0.1727017
0.0071400,0.1727174
0.0071450,0.1727385
0.0071500,0.1727667
0.0071550,0.1727980
0.0071600,0.1728261
0.0071650,0.1728457
0.0071700,0.1728574
0.0071750,0.1728656
0.0071800,0.1728733
0.0071850,0.1728827
0.0071900,0.1728943
0.0071950,0.1729078
0.0072000,0.1899592
0.0072050,0.1899637
0.0072100,0.1899669
0.0072150,0.1899703
0.0072200,0.1899759
0.0072250,0.1899851
0.0072300,0.1899976
0.0072350,0.1900117
0.0072400,0.1900253
0.0072450,0.1900366
0.0072500,0.1900445
0.0072550,0.1900486
0.0072600,0.1900501
0.0072650,0.1900500
0.0072700,0.1900505
0.0072750,0.1900530
0.0072800,0.1900579
0.0072850,0.1900659
0.0072900,0.1900748
0.0072950,0.1900805
0.0073000,0.2342778
0.0073050,0.2342744
0.0073100,0.2342733
0.0073150,0.2342794
0.0073200,0.2342976
0.0073250,0.2343285
0.0073300,0.2343674
0.0073350,0.2344072
0.0073400,0.2344410
0.0073450,0.2344657
0.0073500,0.2344822
0.0073550,0.2344923
0.0073600,0.2344982
0.0073650,0.2345031
0.0073700,0.2345116
0.0073750,0.2345276
0.0073800,0.2345517
0.0073850,0.2345818
0.0073900,0.2346145
0.0073950,0.2346479
0.0074000,0.2131185
0.0074050,0.2131541
0.0074100,0.2131914
0.0074150,0.2132292
0.0074200,0.2132676
0.0074250,0.2133061
0.0074300,0.2133442
0.0074350,0.2133818
0.0074400,0.2134179
0.0074450,0.2134510
0.0074500,0.2134795
0.0074550,0.2135024
0.0074600,0.2135205
0.0074650,0.2135353
0.0074700,0.2135482
0.0074750,0.2135610
0.0074800,0.2135756
0.0074850,0.2135937
0.0074900,0.2136138
0.0074950,0.2136321
0.0075000,0.2276524
0.0075050,0.2276472
0.0075100,0.2276540
0.0075150,0.2276710
0.0075200,0.2276960
0.0075250,0.2277251
0.0075300,0.2277554
0.0075350,0.2277867
0.0075400,0.2278199
0.0075450,0.2278562
0.0075500,0.2278954
0.0075550,0.2279360
0.0075600,0.2279752
0.0075650,0.2280097
0.0075700,0.2280378
0.0075750,0.2280587
0.0075800,0.2280713
0.0075850,0.2280744
0.0075900,0.2280678
0.0075950,0.2280546
0.0076000,0.2275998
0.0076050,0.2275946
0.0076100,0.2276027
0.0076150,0.2276243
0.0076200,0.2276570
0.0076250,0.2276965
0.0076300,0.2277381
0.0076350,0.2277773
0.0076400,0.2278115
0.0076450,0.2278412
0.0076500,0.2278688
0.0076550,0.2278967
0.0076600,0.2279247
0.0076650,0.2279510
0.0076700,0.2279746
0.0076750,0.2279951
0.0076800,0.2280135
0.0076850,0.2280300
0.0076900,0.2280430
0.0076950,0.2280521
0.0077000,0.2470655
0.0077050,0.2470695
0.0077100,0.2470807
0.0077150,0.2470967
0.0077200,0.2471177
0.0077250,0.2471438
0.0077300,0.2471736
0.0077350,0.2472037
0.0077400,0.2472322
0.0077450,0.2472594
0.0077500,0.2472858
0.0077550,0.2473105
0.0077600,0.2473319
0.0077650,0.2473483
0.0077700,0.2473603
0.0077750,0.2473694
0.0077800,0.2473780
0.0077850,0.2473884
0.0077900,0.2474018
0.0077950,0.2474181
0.0078000,0.2276638
0.0078050,0.2276706
0.0078100,0.2276790
0.0078150,0.2276920
0.0078200,0.2277132
0.0078250,0.2277408
0.0078300,0.2277694
0.0078350,0.2277921
0.0078400,0.2278061
0.0078450,0.2278141
0.0078500,0.2278210
0.0078550,0.2278313
0.0078600,0.2278465
0.0078650,0.2278656
0.0078700,0.2278871
0.0078750,0.2279086
0.0078800,0.2279283
0.0078850,0.2279447
0.0078900,0.2279571
0.0078950,0.2279667
0.0079000,0.2134004
0.0079050,0.2133977
0.0079100,0.2134017
0.0079150,0.2134120
0.0079200,0.2134277
0.0079250,0.2134468
0.0079300,0.2134676
0.0079350,0.2134880
0.0079400,0.2135074
0.0079450,0.2135258
0.0079500,0.2135435
0.0079550,0.2135635
0.0079600,0.2135880
0.0079650,0.2136177
0.0079700,0.2136509
0.0079750,0.2136837
0.0079800,0.2137136
0.0079850,0.2137403
0.0079900,0.2137653
0.0079950,0.2137900
0.0080000,0.2188780
0.0080050,0.2188866
0.0080100,0.2189029
0.0080150,0.2189265
0.0080200,0.2189561
0.0080250,0.2189880
0.0080300,0.2190186
0.0080350,0.2190434
0.0080400,0.2190599
0.0080450,0.2190685
0.0080500,0.2190707
0.0080550,0.2190701
0.0080600,0.2190695
0.0080650,0.2190711
0.0080700,0.2190768
0.0080750,0.2190871
0.0080800,0.2191011
0.0080850,0.2191168
0.0080900,0.2191325
0.0080950,0.2191478
0.0081000,0.2535383
0.0081050,0.2535496
0.0081100,0.2535777
0.0081150,0.2536205
0.0081200,0.2536742
0.0081250,0.2537337
0.0081300,0.2537936
0.0081350,0.2538500
0.0081400,0.2539023
0.0081450,0.2539510
0.0081500,0.2539965
0.0081550,0.2540390
0.0081600,0.2540766
0.0081650,0.2541071
0.0081700,0.2541289
0.0081750,0.2541425
0.0081800,0.2541507
0.0081850,0.2541574
0.0081900,0.2541678
0.0081950,0.2541859
0.0082000,0.1978412
0.0082050,0.1978575
0.0082100,0.1978839
0.0082150,0.1979123
0.0082200,0.1979376
0.0082250,0.1979595
0.0082300,0.1979827
0.0082350,0.1980119
0.0082400,0.1980500
0.0082450,0.1980954
0.0082500,0.1981423
0.0082550,0.1981834
0.0082600,0.1982117
0.0082650,0.1982254
0.0082700,0.1982280
0.0082750,0.1982249
0.0082800,0.1982221
0.0082850,0.1982235
0.0082900,0.1982300
0.0082950,0.1982384
0.0083000,0.2205508
0.0083050,0.2205471
0.0083100,0.2205475
0.0083150,0.2205546
0.0083200,0.2205703
0.0083250,0.2205955
0.0083300,0.2206297
0.0083350,0.2206709
0.0083400,0.2207161
0.0083450,0.2207617
0.0083500,0.2208050
0.0083550,0.2208457
0.0083600,0.2208850
0.0083650,0.2209241
0.0083700,0.2209617
0.0083750,0.2209965
0.0083800,0.2210281
0.0083850,0.2210569
0.0083900,0.2210833
0.0083950,0.2211074
0.0084000,0.2135720
0.0084050,0.2135913
0.0084100,0.2136200
0.0084150,0.2136560
0.0084200,0.2136953
0.0084250,0.2137342
0.0084300,0.2137697
0.0084350,0.2138011
0.0084400,0.2138311
0.0084450,0.2138619
0.0084500,0.2138959
0.0084550,0.2139329
0.0084600,0.2139702
0.0084650,0.2140045
0.0084700,0.2140322
0.0084750,0.2140512
0.0084800,0.2140611
0.0084850,0.2140638
0.0084900,0.2140635
0.0084950,0.2140649
0.0085000,0.1817910
0.0085050,0.1817797
0.0085100,0.1817777
0.0085150,0.1817822
0.0085200,0.1817878
0.0085250,0.1817920
0.0085300,0.1817974
0.0085350,0.1818089
0.0085400,0.1818304
0.0085450,0.1818621
0.0085500,0.1819020
0.0085550,0.1819452
0.0085600,0.1819870
0.0085650,0.1820230
0.0085700,0.1820511
0.0085750,0.1820723
0.0085800,0.1820900
0.0085850,0.1821082
0.0085900,0.1821278
0.0085950,0.1821439
0.0086000,0.1902084
0.0086050,0.1901940
0.0086100,0.1901825
0.0086150,0.1901752
0.0086200,0.1901718
0.0086250,0.1901724
0.0086300,0.1901755
0.0086350,0.1901811
0.0086400,0.1901908
0.0086450,0.1902066
0.0086500,0.1902288
0.0086550,0.1902540
0.0086600,0.1902759
0.0086650,0.1902894
0.0086700,0.1902926
0.0086750,0.1902874
0.0086800,0.1902784
0.0086850,0.1902695
0.0086900,0.1902627
0.0086950,0.1902567
0.0087000,0.1815483
0.0087050,0.1815163
0.0087100,0.1814833
0.0087150,0.1814539
0.0087200,0.1814322
0.0087250,0.1814216
0.0087300,0.1814227
0.0087350,0.1814345
0.0087400,0.1814549
0.0087450,0.1814801
0.0087500,0.1815066
0.0087550,0.1815319
0.0087600,0.1815569
0.0087650,0.1815846
0.0087700,0.1816171
0.0087750,0.1816545
0.0087800,0.1816932
0.0087850,0.1817278
0.0087900,0.1817540
0.0087950,0.1817703
0.0088000,0.1982719
0.0088050,0.1982610
0.0088100,0.1982542
0.0088150,0.1982554
0.0088200,0.1982647
0.0088250,0.1982791
0.0088300,0.1982927
0.0088350,0.1982992
0.0088400,0.1982965
0.0088450,0.1982883
0.0088500,0.1982824
0.0088550,0.1982850
0.0088600,0.1983002
0.0088650,0.1983284
0.0088700,0.1983661
0.0088750,0.1984077
0.0088800,0.1984464
0.0088850,0.1984764
0.0088900,0.1984970
0.0088950,0.1985106
0.0089000,0.2204037
0.0089050,0.2204086
0.0089100,0.2204190
0.0089150,0.2204315
0.0089200,0.2204422
0.0089250,0.2204490
0.0089300,0.2204521
0.0089350,0.2204540
0.0089400,0.2204577
0.0089450,0.2204661
0.0089500,0.2204811
0.0089550,0.2205020
0.0089600,0.2205252
0.0089650,0.2205457
0.0089700,0.2205610
0.0089750,0.2205717
0.0089800,0.2205812
0.0089850,0.2205947
0.0089900,0.2206159
0.0089950,0.2206453
0.0090000,0.2058903
0.0090050,0.2058805
0.0090100,0.2058826
0.0090150,0.2058942
0.0090200,0.2059111
0.0090250,0.2059310
0.0090300,0.2059554
0.0090350,0.2059858
0.0090400,0.2060210
0.0090450,0.2060566
0.0090500,0.2060897
0.0090550,0.2061213
0.0090600,0.2061524
0.0090650,0.2061826
0.0090700,0.2062092
0.0090750,0.2062305
0.0090800,0.2062466
0.0090850,0.2062582
0.0090900,0.2062668
0.0090950,0.2062746
0.0091000,0.2538359
0.0091050,0.2538467
0.0091100,0.2538647
0.0091150,0.2538874
0.0091200,0.2539121
0.0091250,0.2539361
0.0091300,0.2539587
0.0091350,0.2539836
0.0091400,0.2540146
0.0091450,0.2540518
0.0091500,0.2540912
0.0091550,0.2541284
0.0091600,0.2541612
0.0091650,0.2541886
0.0091700,0.2542105
0.0091750,0.2542294
0.0091800,0.2542499
0.0091850,0.2542768
0.0091900,0.2543128
0.0091950,0.2543568
0.0092000,0.1982967
0.0092050,0.1983431
0.0092100,0.1983915
0.0092150,0.1984362
0.0092200,0.1984747
0.0092250,0.1985077
0.0092300,0.1985376
0.0092350,0.1985675
0.0092400,0.1985994
0.0092450,0.1986336
0.0092500,0.1986677
0.0092550,0.1986962
0.0092600,0.1987149
0.0092650,0.1987228
0.0092700,0.1987238
0.0092750,0.1987238
0.0092800,0.1987273
0.0092850,0.1987364
0.0092900,0.1987493
0.0092950,0.1987629
0.0093000,0.1981092
0.0093050,0.1981117
0.0093100,0.1981249
0.0093150,0.1981460
0.0093200,0.1981728
0.0093250,0.1982037
0.0093300,0.1982382
0.0093350,0.1982762
0.0093400,0.1983173
0.0093450,0.1983611
0.0093500,0.1984056
0.0093550,0.1984474
0.0093600,0.1984841
0.0093650,0.1985134
0.0093700,0.1985364
0.0093750,0.1985536
0.0093800,0.1985645
0.0093850,0.1985687
0.0093900,0.1985655
0.0093950,0.1985557
0.0094000,0.2596443
0.0094050,0.2596539
0.0094100,0.2596711
0.0094150,0.2596910
0.0094200,0.2597105
0.0094250,0.2597280
0.0094300,0.2597448
0.0094350,0.2597643
0.0094400,0.2597901
0.0094450,0.2598233
0.0094500,0.2598609
0.0094550,0.2598968
0.0094600,0.2599252
0.0094650,0.2599440
0.0094700,0.2599560
0.0094750,0.2599652
0.0094800,0.2599742
0.0094850,0.2599842
0.0094900,0.2599963
0.0094950,0.2600112
0.0095000,0.2535286
0.0095050,0.2535377
0.0095100,0.2535644
0.0095150,0.2536014
0.0095200,0.2536413
0.0095250,0.2536800
0.0095300,0.2537176
0.0095350,0.2537572
0.0095400,0.2538004
0.0095450,0.2538462
0.0095500,0.2538918
0.0095550,0.2539348
0.0095600,0.2539733
0.0095650,0.2540053
0.0095700,0.2540305
0.0095750,0.2540491
0.0095800,0.2540611
0.0095850,0.2540694
0.0095900,0.2540790
0.0095950,0.2540924
0.0096000,0.2408468
0.0096050,0.2408378
0.0096100,0.2408417
0.0096150,0.2408578
0.0096200,0.2408838
0.0096250,0.2409152
0.0096300,0.2409470
0.0096350,0.2409756
0.0096400,0.2410004
0.0096450,0.2410257
0.0096500,0.2410566
0.0096550,0.2410954
0.0096600,0.2411389
0.0096650,0.2411776
0.0096700,0.2412034
0.0096750,0.2412135
0.0096800,0.2412135
0.0096850,0.2412133
0.0096900,0.2412203
0.0096950,0.2412384
0.0097000,0.2411269
0.0097050,0.2411490
0.0097100,0.2411776
0.0097150,0.2412086
0.0097200,0.2412391
0.0097250,0.2412666
0.0097300,0.2412897
0.0097350,0.2413097
0.0097400,0.2413299
0.0097450,0.2413530
0.0097500,0.2413779
0.0097550,0.2414019
0.0097600,0.2414239
0.0097650,0.2414428
0.0097700,0.2414579
0.0097750,0.2414690
0.0097800,0.2414772
0.0097850,0.2414854
0.0097900,0.2414964
0.0097950,0.2415126
0.0098000,0.2206635
0.0098050,0.2206703
0.0098100,0.2206847
0.0098150,0.2207047
0.0098200,0.2207273
0.0098250,0.2207495
0.0098300,0.2207716
0.0098350,0.2207971
0.0098400,0.2208289
0.0098450,0.2208691
0.0098500,0.2209155
0.0098550,0.2209637
0.0098600,0.2210077
0.0098650,0.2210431
0.0098700,0.2210701
0.0098750,0.2210904
0.0098800,0.2211072
0.0098850,0.2211225
0.0098900,0.2211367
0.0098950,0.2211503
0.0099000,0.2474898
0.0099050,0.2474926
0.0099100,0.2474988
0.0099150,0.2475065
0.0099200,0.2475157
0.0099250,0.2475270
0.0099300,0.2475427
0.0099350,0.2475635
0.0099400,0.2475876
0.0099450,0.2476116
0.0099500,0.2476323
0.0099550,0.2476493
0.0099600,0.2476625
0.0099650,0.2476734
0.0099700,0.2476852
0.0099750,0.2477012
0.0099800,0.2477234
0.0099850,0.2477492
0.0099900,0.2477734
0.0099950,0.2477925
0.0100000,0.2273821
0.0100050,0.2273831
0.0100100,0.2273969
0.0100150,0.2274224
0.0100200,0.2274557
0.0100250,0.2274924
0.0100300,0.2275310
0.0100350,0.2275716
0.0100400,0.2276140
0.0100450,0.2276573
0.0100500,0.2277002
0.0100550,0.2277412
0.0100600,0.2277765
0.0100650,0.2278034
0.0100700,0.2278216
0.0100750,0.2278330
0.0100800,0.2278407
0.0100850,0.2278473
0.0100900,0.2278559
0.0100950,0.2278688
0.0101000,0.2277376
0.0101050,0.2277590
0.0101100,0.2277933
0.0101150,0.2278394
0.0101200,0.2278935
0.0101250,0.2279485
0.0101300,0.2279976
0.0101350,0.2280372
0.0101400,0.2280670
0.0101450,0.2280889
0.0101500,0.2281055
0.0101550,0.2281181
0.0101600,0.2281250
0.0101650,0.2281243
0.0101700,0.2281146
0.0101750,0.2280964
0.0101800,0.2280739
0.0101850,0.2280522
0.0101900,0.2280363
0.0101950,0.2280282
0.0102000,0.2473134
0.0102050,0.2473003
0.0102100,0.2473021
0.0102150,0.2473175
0.0102200,0.2473429
0.0102250,0.2473760
0.0102300,0.2474144
0.0102350,0.2474534
0.0102400,0.2474894
0.0102450,0.2475237
0.0102500,0.2475615
0.0102550,0.2476065
0.0102600,0.2476574
0.0102650,0.2477097
0.0102700,0.2477567
0.0102750,0.2477935
0.0102800,0.2478186
0.0102850,0.2478350
0.0102900,0.2478495
0.0102950,0.2478658
0.0103000,0.2273199
0.0103050,0.2273244
0.0103100,0.2273340
0.0103150,0.2273503
0.0103200,0.2273737
0.0103250,0.2274033
0.0103300,0.2274373
0.0103350,0.2274745
0.0103400,0.2275153
0.0103450,0.2275607
0.0103500,0.2276118
0.0103550,0.2276678
0.0103600,0.2277243
0.0103650,0.2277755
0.0103700,0.2278167
0.0103750,0.2278484
0.0103800,0.2278730
0.0103850,0.2278937
0.0103900,0.2279145
0.0103950,0.2279373
0.0104000,0.1981508
0.0104050,0.1981617
0.0104100,0.1981735
0.0104150,0.1981900
0.0104200,0.1982167
0.0104250,0.1982583
0.0104300,0.1983153
0.0104350,0.1983819
0.0104400,0.1984503
0.0104450,0.1985122
0.0104500,0.1985621
0.0104550,0.1985973
0.0104600,0.1986190
0.0104650,0.1986313
0.0104700,0.1986376
0.0104750,0.1986405
0.0104800,0.1986417
0.0104850,0.1986422
0.0104900,0.1986415
0.0104950,0.1986376
0.0105000,0.1726909
0.0105050,0.1726722
0.0105100,0.1726587
0.0105150,0.1726559
0.0105200,0.1726659
0.0105250,0.1726876
0.0105300,0.1727154
0.0105350,0.1727422
0.0105400,0.1727648
0.0105450,0.1727833
0.0105500,0.1728001
0.0105550,0.1728183
0.0105600,0.1728410
0.0105650,0.1728706
0.0105700,0.1729072
0.0105750,0.1729504
0.0105800,0.1729976
0.0105850,0.1730439
0.0105900,0.1730848
0.0105950,0.1731188
0.0106000,0.2200482
0.0106050,0.2200570
0.0106100,0.2200786
0.0106150,0.2201077
0.0106200,0.2201378
0.0106250,0.2201653
0.0106300,0.2201880
0.0106350,0.2202041
0.0106400,0.2202131
0.0106450,0.2202172
0.0106500,0.2202215
0.0106550,0.2202308
0.0106600,0.2202471
0.0106650,0.2202675
0.0106700,0.2202878
0.0106750,0.2203073
0.0106800,0.2203294
0.0106850,0.2203591
0.0106900,0.2203974
0.0106950,0.2204406
0.0107000,0.2598968
0.0107050,0.2599124
0.0107100,0.2599402
0.0107150,0.2599805
0.0107200,0.2600308
0.0107250,0.2600856
0.0107300,0.2601385
0.0107350,0.2601851
0.0107400,0.2602240
0.0107450,0.2602567
0.0107500,0.2602866
0.0107550,0.2603155
0.0107600,0.2603438
0.0107650,0.2603709
0.0107700,0.2603945
0.0107750,0.2604130
0.0107800,0.2604249
0.0107850,0.2604315
0.0107900,0.2604363
0.0107950,0.2604424
0.0108000,0.2535235
0.0108050,0.2535576
0.0108100,0.2535989
0.0108150,0.2536424
0.0108200,0.2536854
0.0108250,0.2537279
0.0108300,0.2537702
0.0108350,0.2538131
0.0108400,0.2538541
0.0108450,0.2538889
0.0108500,0.2539147
0.0108550,0.2539308
0.0108600,0.2539396
0.0108650,0.2539430
0.0108700,0.2539440
0.0108750,0.2539470
0.0108800,0.2539551
0.0108850,0.2539705
0.0108900,0.2539940
0.0108950,0.2540238
0.0109000,0.2206113
0.0109050,0.2206243
0.0109100,0.2206405
0.0109150,0.2206598
0.0109200,0.2206826
0.0109250,0.2207084
0.0109300,0.2207390
0.0109350,0.2207765
0.0109400,0.2208169
0.0109450,0.2208532
0.0109500,0.2208812
0.0109550,0.2209007
0.0109600,0.2209153
0.0109650,0.2209275
0.0109700,0.2209385
0.0109750,0.2209485
0.0109800,0.2209565
0.0109850,0.2209624
0.0109900,0.2209659
0.0109950,0.2209683
0.0110000,0.2578736
0.0110050,0.2578763
0.0110100,0.2578869
0.0110150,0.2579060
0.0110200,0.2579350
0.0110250,0.2579735
0.0110300,0.2580201
0.0110350,0.2580713
0.0110400,0.2581222
0.0110450,0.2581704
0.0110500,0.2582150
0.0110550,0.2582569
0.0110600,0.2582966
0.0110650,0.2583326
0.0110700,0.2583633
0.0110750,0.2583875
0.0110800,0.2584055
0.0110850,0.2584194
0.0110900,0.2584317
0.0110950,0.2584459
0.0111000,0.1815723
0.0111050,0.1815620
0.0111100,0.1815579
0.0111150,0.1815622
0.0111200,0.1815788
0.0111250,0.1816105
0.0111300,0.1816561
0.0111350,0.1817098
0.0111400,0.1817661
0.0111450,0.1818223
0.0111500,0.1818762
0.0111550,0.1819283
0.0111600,0.1819800
0.0111650,0.1820307
0.0111700,0.1820792
0.0111750,0.1821216
0.0111800,0.1821545
0.0111850,0.1821758
0.0111900,0.1821868
0.0111950,0.1821907
0.0112000,0.2058143
0.0112050,0.2058229
0.0112100,0.2058352
0.0112150,0.2058508
0.0112200,0.2058690
0.0112250,0.2058864
0.0112300,0.2059004
0.0112350,0.2059105
0.0112400,0.2059172
0.0112450,0.2059214
0.0112500,0.2059233
0.0112550,0.2059251
0.0112600,0.2059301
0.0112650,0.2059417
0.0112700,0.2059623
0.0112750,0.2059898
0.0112800,0.2060189
0.0112850,0.2060439
0.0112900,0.2060644
0.0112950,0.2060834
0.0113000,0.2061863
0.0113050,0.2061898
0.0113100,0.2061917
0.0113150,0.2061912
0.0113200,0.2061898
0.0113250,0.2061893
0.0113300,0.2061924
0.0113350,0.2061995
0.0113400,0.2062087
0.0113450,0.2062185
0.0113500,0.2062284
0.0113550,0.2062394
0.0113600,0.2062531
0.0113650,0.2062723
0.0113700,0.2062989
0.0113750,0.2063298
0.0113800,0.2063602
0.0113850,0.2063838
0.0113900,0.2063966
0.0113950,0.2063988
0.0114000,0.2059467
0.0114050,0.2059363
0.0114100,0.2059361
0.0114150,0.2059483
0.0114200,0.2059724
0.0114250,0.2060044
0.0114300,0.2060393
0.0114350,0.2060717
0.0114400,0.2060985
0.0114450,0.2061186
0.0114500,0.2061327
0.0114550,0.2061450
0.0114600,0.2061611
0.0114650,0.2061833
0.0114700,0.2062081
0.0114750,0.2062301
0.0114800,0.2062462
0.0114850,0.2062557
0.0114900,0.2062617
0.0114950,0.2062682
0.0115000,0.2058198
0.0115050,0.2058227
0.0115100,0.2058453
0.0115150,0.2058797
0.0115200,0.2059177
0.0115250,0.2059536
0.0115300,0.2059831
0.0115350,0.2060036
0.0115400,0.2060155
0.0115450,0.2060233
0.0115500,0.2060329
0.0115550,0.2060497
0.0115600,0.2060728
0.0115650,0.2060960
0.0115700,0.2061135
0.0115750,0.2061210
0.0115800,0.2061173
0.0115850,0.2061055
0.0115900,0.2060914
0.0115950,0.2060818
0.0116000,0.2204324
0.0116050,0.2204336
0.0116100,0.2204450
0.0116150,0.2204698
0.0116200,0.2205099
0.0116250,0.2205641
0.0116300,0.2206280
0.0116350,0.2206947
0.0116400,0.2207579
0.0116450,0.2208162
0.0116500,0.2208713
0.0116550,0.2209252
0.0116600,0.2209753
0.0116650,0.2210159
0.0116700,0.2210424
0.0116750,0.2210526
0.0116800,0.2210470
0.0116850,0.2210270
0.0116900,0.2209965
0.0116950,0.2209629
0.0117000,0.2271131
0.0117050,0.2270828
0.0117100,0.2270664
0.0117150,0.2270602
0.0117200,0.2270627
0.0117250,0.2270732
0.0117300,0.2270925
0.0117350,0.2271216
0.0117400,0.2271619
0.0117450,0.2272128
0.0117500,0.2272698
0.0117550,0.2273279
0.0117600,0.2273814
0.0117650,0.2274264
0.0117700,0.2274611
0.0117750,0.2274854
0.0117800,0.2275017
0.0117850,0.2275129
0.0117900,0.2275236
0.0117950,0.2275356
0.0118000,0.1979280
0.0118050,0.1979298
0.0118100,0.1979372
0.0118150,0.1979487
0.0118200,0.1979626
0.0118250,0.1979778
0.0118300,0.1979932
0.0118350,0.1980068
0.0118400,0.1980184
0.0118450,0.1980285
0.0118500,0.1980373
0.0118550,0.1980458
0.0118600,0.1980546
0.0118650,0.1980651
0.0118700,0.1980770
0.0118750,0.1980884
0.0118800,0.1980984
0.0118850,0.1981080
0.0118900,0.1981216
0.0118950,0.1981408
0.0119000,0.2404140
0.0119050,0.2404451
0.0119100,0.2404872
0.0119150,0.2405353
0.0119200,0.2405829
0.0119250,0.2406283
0.0119300,0.2406742
0.0119350,0.2407224
0.0119400,0.2407736
0.0119450,0.2408270
0.0119500,0.2408811
0.0119550,0.2409324
0.0119600,0.2409751
0.0119650,0.2410053
0.0119700,0.2410210
0.0119750,0.2410247
0.0119800,0.2410234
0.0119850,0.2410233
0.0119900,0.2410300
0.0119950,0.2410453
0.0120000,0.1630890
0.0120050,0.1630768
0.0120100,0.1630744
0.0120150,0.1630834
0.0120200,0.1631037
0.0120250,0.1631349
0.0120300,0.1631750
0.0120350,0.1632191
0.0120400,0.1632659
0.0120450,0.1633149
0.0120500,0.1633655
0.0120550,0.1634165
0.0120600,0.1634642
0.0120650,0.1635057
0.0120700,0.1635364
0.0120750,0.1635542
0.0120800,0.1635600
0.0120850,0.1635562
0.0120900,0.1635483
0.0120950,0.1635394
0.0121000,0.2129196
0.0121050,0.2129074
0.0121100,0.2129107
0.0121150,0.2129331
0.0121200,0.2129725
0.0121250,0.2130236
0.0121300,0.2130810
0.0121350,0.2131395
0.0121400,0.2131971
0.0121450,0.2132528
0.0121500,0.2133079
0.0121550,0.2133642
0.0121600,0.2134218
0.0121650,0.2134818
0.0121700,0.2135436
0.0121750,0.2136051
0.0121800,0.2136619
0.0121850,0.2137077
0.0121900,0.2137405
0.0121950,0.2137625
0.0122000,0.1979478
0.0122050,0.1979239
0.0122100,0.1979059
0.0122150,0.1978947
0.0122200,0.1978892
0.0122250,0.1978905
0.0122300,0.1979011
0.0122350,0.1979220
0.0122400,0.1979526
0.0122450,0.1979882
0.0122500,0.1980266
0.0122550,0.1980682
0.0122600,0.1981133
0.0122650,0.1981622
0.0122700,0.1982130
0.0122750,0.1982652
0.0122800,0.1983168
0.0122850,0.1983632
0.0122900,0.1983995
0.0122950,0.1984211
0.0123000,0.2056628
0.0123050,0.2056499
0.0123100,0.2056435
0.0123150,0.2056402
0.0123200,0.2056351
0.0123250,0.2056248
0.0123300,0.2056080
0.0123350,0.2055864
0.0123400,0.2055658
0.0123450,0.2055529
0.0123500,0.2055530
0.0123550,0.2055653
0.0123600,0.2055845
0.0123650,0.2056029
0.0123700,0.2056137
0.0123750,0.2056182
0.0123800,0.2056233
0.0123850,0.2056352
0.0123900,0.2056557
0.0123950,0.2056818
0.0124000,0.2469863
0.0124050,0.2469840
0.0124100,0.2469883
0.0124150,0.2470016
0.0124200,0.2470243
0.0124250,0.2470562
0.0124300,0.2470952
0.0124350,0.2471390
0.0124400,0.2471852
0.0124450,0.2472313
0.0124500,0.2472760
0.0124550,0.2473153
0.0124600,0.2473453
0.0124650,0.2473650
0.0124700,0.2473787
0.0124750,0.2473940
0.0124800,0.2474152
0.0124850,0.2474453
0.0124900,0.2474855
0.0124950,0.2475329
0.0125000,0.1899117
0.0125050,0.1899421
0.0125100,0.1899773
0.0125150,0.1900138
0.0125200,0.1900487
0.0125250,0.1900798
0.0125300,0.1901054
0.0125350,0.1901295
0.0125400,0.1901568
0.0125450,0.1901891
0.0125500,0.1902242
0.0125550,0.1902552
0.0125600,0.1902762
0.0125650,0.1902850
0.0125700,0.1902837
0.0125750,0.1902792
0.0125800,0.1902773
0.0125850,0.1902827
0.0125900,0.1902958
0.0125950,0.1903125
0.0126000,0.2275581
0.0126050,0.2275831
0.0126100,0.2276044
0.0126150,0.2276251
0.0126200,0.2276484
0.0126250,0.2276740
0.0126300,0.2276981
0.0126350,0.2277160
0.0126400,0.2277221
0.0126450,0.2277132
0.0126500,0.2276917
0.0126550,0.2276634
0.0126600,0.2276342
0.0126650,0.2276053
0.0126700,0.2275753
0.0126750,0.2275446
0.0126800,0.2275144
0.0126850,0.2274886
0.0126900,0.2274708
0.0126950,0.2274647
0.0127000,0.2341043
0.0127050,0.2341251
0.0127100,0.2341561
0.0127150,0.2341970
0.0127200,0.2342467
0.0127250,0.2343023
0.0127300,0.2343596
0.0127350,0.2344149
0.0127400,0.2344642
0.0127450,0.2345044
0.0127500,0.2345351
0.0127550,0.2345583
0.0127600,0.2345791
0.0127650,0.2345999
0.0127700,0.2346205
0.0127750,0.2346384
0.0127800,0.2346502
0.0127850,0.2346560
0.0127900,0.2346582
0.0127950,0.2346619
0.0128000,0.2471815
0.0128050,0.2471801
0.0128100,0.2471956
0.0128150,0.2472242
0.0128200,0.2472613
0.0128250,0.2473010
0.0128300,0.2473387
0.0128350,0.2473725
0.0128400,0.2474017
0.0128450,0.2474289
0.0128500,0.2474565
0.0128550,0.2474846
0.0128600,0.2475106
0.0128650,0.2475292
0.0128700,0.2475361
0.0128750,0.2475292
0.0128800,0.2475101
0.0128850,0.2474840
0.0128900,0.2474578
0.0128950,0.2474393
0.0129000,0.2132966
0.0129050,0.2132911
0.0129100,0.2132918
0.0129150,0.2132918
0.0129200,0.2132877
0.0129250,0.2132805
0.0129300,0.2132759
0.0129350,0.2132808
0.0129400,0.2132976
0.0129450,0.2133258
0.0129500,0.2133616
0.0129550,0.2133989
0.0129600,0.2134323
0.0129650,0.2134579
0.0129700,0.2134771
0.0129750,0.2134934
0.0129800,0.2135113
0.0129850,0.2135347
0.0129900,0.2135639
0.0129950,0.2135973
0.0130000,0.2520633
0.0130050,0.2520799
0.0130100,0.2520986
0.0130150,0.2521160
0.0130200,0.2521328
0.0130250,0.2521524
0.0130300,0.2521792
0.0130350,0.2522131
0.0130400,0.2522489
0.0130450,0.2522834
0.0130500,0.2523147
0.0130550,0.2523422
0.0130600,0.2523646
0.0130650,0.2523814
0.0130700,0.2523948
0.0130750,0.2524075
0.0130800,0.2524222
0.0130850,0.2524401
0.0130900,0.2524611
0.0130950,0.2524837
0.0131000,0.2472946
0.0131050,0.2473299
0.0131100,0.2473667
0.0131150,0.2474081
0.0131200,0.2474573
0.0131250,0.2475132
0.0131300,0.2475699
0.0131350,0.2476189
0.0131400,0.2476558
0.0131450,0.2476823
0.0131500,0.2477031
0.0131550,0.2477249
0.0131600,0.2477518
0.0131650,0.2477839
0.0131700,0.2478182
0.0131750,0.2478514
0.0131800,0.2478830
0.0131850,0.2479148
0.0131900,0.2479482
0.0131950,0.2479841
0.0132000,0.1817926
0.0132050,0.1818206
0.0132100,0.1818562
0.0132150,0.1818977
0.0132200,0.1819426
0.0132250,0.1819870
0.0132300,0.1820294
0.0132350,0.1820694
0.0132400,0.1821085
0.0132450,0.1821488
0.0132500,0.1821904
0.0132550,0.1822324
0.0132600,0.1822723
0.0132650,0.1823079
0.0132700,0.1823381
0.0132750,0.1823627
0.0132800,0.1823833
0.0132850,0.1824008
0.0132900,0.1824166
0.0132950,0.1824317
0.0133000,0.2201496
0.0133050,0.2201727
0.0133100,0.2201952
0.0133150,0.2202161
0.0133200,0.2202364
0.0133250,0.2202602
0.0133300,0.2202932
0.0133350,0.2203363
0.0133400,0.2203848
0.0133450,0.2204292
0.0133500,0.2204632
0.0133550,0.2204863
0.0133600,0.2205011
0.0133650,0.2205127
0.0133700,0.2205253
0.0133750,0.2205419
0.0133800,0.2205647
0.0133850,0.2205936
0.0133900,0.2206260
0.0133950,0.2206569
0.0134000,0.1812580
0.0134050,0.1812716
0.0134100,0.1812912
0.0134150,0.1813130
0.0134200,0.1813356
0.0134250,0.1813624
0.0134300,0.1813979
0.0134350,0.1814412
0.0134400,0.1814892
0.0134450,0.1815377
0.0134500,0.1815824
0.0134550,0.1816210
0.0134600,0.1816522
0.0134650,0.1816767
0.0134700,0.1816976
0.0134750,0.1817182
0.0134800,0.1817392
0.0134850,0.1817574
0.0134900,0.1817699
0.0134950,0.1817761
0.0135000,0.2133191
0.0135050,0.2133024
0.0135100,0.2132960
0.0135150,0.2132967
0.0135200,0.2133016
0.0135250,0.2133098
0.0135300,0.2133230
0.0135350,0.2133414
0.0135400,0.2133644
0.0135450,0.2133907
0.0135500,0.2134186
0.0135550,0.2134461
0.0135600,0.2134699
0.0135650,0.2134876
0.0135700,0.2134981
0.0135750,0.2135034
0.0135800,0.2135080
0.0135850,0.2135157
0.0135900,0.2135293
0.0135950,0.2135485
0.0136000,0.2465509
0.0136050,0.2465565
0.0136100,0.2465693
0.0136150,0.2465874
0.0136200,0.2466072
0.0136250,0.2466267
0.0136300,0.2466469
0.0136350,0.2466687
0.0136400,0.2466943
0.0136450,0.2467252
0.0136500,0.2467632
0.0136550,0.2468082
0.0136600,0.2468583
0.0136650,0.2469103
0.0136700,0.2469595
0.0136750,0.2470032
0.0136800,0.2470400
0.0136850,0.2470690
0.0136900,0.2470925
0.0136950,0.2471154
0.0137000,0.2202391
0.0137050,0.2202425
0.0137100,0.2202557
0.0137150,0.2202742
0.0137200,0.2202951
0.0137250,0.2203184
0.0137300,0.2203450
0.0137350,0.2203753
0.0137400,0.2204097
0.0137450,0.2204479
0.0137500,0.2204890
0.0137550,0.2205315
0.0137600,0.2205723
0.0137650,0.2206098
0.0137700,0.2206451
0.0137750,0.2206793
0.0137800,0.2207117
0.0137850,0.2207398
0.0137900,0.2207620
0.0137950,0.2207772
0.0138000,0.2340972
0.0138050,0.2341095
0.0138100,0.2341340
0.0138150,0.2341665
0.0138200,0.2342029
0.0138250,0.2342423
0.0138300,0.2342856
0.0138350,0.2343327
0.0138400,0.2343826
0.0138450,0.2344338
0.0138500,0.2344851
0.0138550,0.2345352
0.0138600,0.2345831
0.0138650,0.2346283
0.0138700,0.2346705
0.0138750,0.2347098
0.0138800,0.2347461
0.0138850,0.2347799
0.0138900,0.2348129
0.0138950,0.2348476
0.0139000,0.2058369
0.0139050,0.2058802
0.0139100,0.2059355
0.0139150,0.2059963
0.0139200,0.2060569
0.0139250,0.2061151
0.0139300,0.2061712
0.0139350,0.2062243
0.0139400,0.2062722
0.0139450,0.2063137
0.0139500,0.2063492
0.0139550,0.2063798
0.0139600,0.2064056
0.0139650,0.2064248
0.0139700,0.2064344
0.0139750,0.2064330
0.0139800,0.2064213
0.0139850,0.2064026
0.0139900,0.2063813
0.0139950,0.2063612
0.0140000,0.2057963
0.0140050,0.2057812
0.0140100,0.2057743
0.0140150,0.2057743
0.0140200,0.2057812
0.0140250,0.2057957
0.0140300,0.2058168
0.0140350,0.2058413
0.0140400,0.2058662
0.0140450,0.2058899
0.0140500,0.2059138
0.0140550,0.2059385
0.0140600,0.2059634
0.0140650,0.2059880
0.0140700,0.2060125
0.0140750,0.2060376
0.0140800,0.2060638
0.0140850,0.2060906
0.0140900,0.2061170
0.0140950,0.2061426
0.0141000,0.2342970
0.0141050,0.2343023
0.0141100,0.2343251
0.0141150,0.2343639
0.0141200,0.2344149
0.0141250,0.2344724
0.0141300,0.2345299
0.0141350,0.2345814
0.0141400,0.2346232
0.0141450,0.2346547
0.0141500,0.2346759
0.0141550,0.2346870
0.0141600,0.2346888
0.0141650,0.2346824
0.0141700,0.2346704
0.0141750,0.2346565
0.0141800,0.2346444
0.0141850,0.2346366
0.0141900,0.2346339
0.0141950,0.2346363
0.0142000,0.2206147
0.0142050,0.2206106
0.0142100,0.2206076
0.0142150,0.2206106
0.0142200,0.2206221
0.0142250,0.2206414
0.0142300,0.2206667
0.0142350,0.2206962
0.0142400,0.2207270
0.0142450,0.2207549
0.0142500,0.2207752
0.0142550,0.2207853
0.0142600,0.2207865
0.0142650,0.2207822
0.0142700,0.2207766
0.0142750,0.2207728
0.0142800,0.2207721
0.0142850,0.2207738
0.0142900,0.2207768
0.0142950,0.2207799
0.0143000,0.2472367
0.0143050,0.2472285
0.0143100,0.2472278
0.0143150,0.2472335
0.0143200,0.2472448
0.0143250,0.2472611
0.0143300,0.2472811
0.0143350,0.2473029
0.0143400,0.2473238
0.0143450,0.2473415
0.0143500,0.2473555
0.0143550,0.2473667
0.0143600,0.2473762
0.0143650,0.2473851
0.0143700,0.2473952
0.0143750,0.2474095
0.0143800,0.2474313
0.0143850,0.2474623
0.0143900,0.2474994
0.0143950,0.2475375
0.0144000,0.2342102
0.0144050,0.2342212
0.0144100,0.2342428
0.0144150,0.2342770
0.0144200,0.2343238
0.0144250,0.2343789
0.0144300,0.2344351
0.0144350,0.2344875
0.0144400,0.2345335
0.0144450,0.2345729
0.0144500,0.2346078
0.0144550,0.2346405
0.0144600,0.2346717
0.0144650,0.2347001
0.0144700,0.2347252
0.0144750,0.2347468
0.0144800,0.2347649
0.0144850,0.2347798
0.0144900,0.2347896
0.0144950,0.2347925
0.0145000,0.2407858
0.0145050,0.2407880
0.0145100,0.2407956
0.0145150,0.2408081
0.0145200,0.2408255
0.0145250,0.2408481
0.0145300,0.2408749
0.0145350,0.2409043
0.0145400,0.2409323
0.0145450,0.2409571
0.0145500,0.2409794
0.0145550,0.2410005
0.0145600,0.2410226
0.0145650,0.2410470
0.0145700,0.2410731
0.0145750,0.2410956
0.0145800,0.2411078
0.0145850,0.2411065
0.0145900,0.2410933
0.0145950,0.2410745
0.0146000,0.2471574
0.0146050,0.2471493
0.0146100,0.2471463
0.0146150,0.2471466
0.0146200,0.2471511
0.0146250,0.2471626
0.0146300,0.2471855
0.0146350,0.2472221
0.0146400,0.2472704
0.0146450,0.2473250
0.0146500,0.2473778
0.0146550,0.2474229
0.0146600,0.2474579
0.0146650,0.2474830
0.0146700,0.2475011
0.0146750,0.2475153
0.0146800,0.2475284
0.0146850,0.2475414
0.0146900,0.2475533
0.0146950,0.2475627
0.0147000,0.2203658
0.0147050,0.2203541
0.0147100,0.2203487
0.0147150,0.2203510
0.0147200,0.2203632
0.0147250,0.2203855
0.0147300,0.2204153
0.0147350,0.2204475
0.0147400,0.2204775
0.0147450,0.2205042
0.0147500,0.2205285
0.0147550,0.2205518
0.0147600,0.2205755
0.0147650,0.2206012
0.0147700,0.2206311
0.0147750,0.2206672
0.0147800,0.2207098
0.0147850,0.2207558
0.0147900,0.2208006
0.0147950,0.2208419
0.0148000,0.1815270
0.0148050,0.1815372
0.0148100,0.1815585
0.0148150,0.1815852
0.0148200,0.1816095
0.0148250,0.1816258
0.0148300,0.1816340
0.0148350,0.1816387
0.0148400,0.1816461
0.0148450,0.1816611
0.0148500,0.1816852
0.0148550,0.1817155
0.0148600,0.1817479
0.0148650,0.1817796
0.0148700,0.1818085
0.0148750,0.1818337
0.0148800,0.1818557
0.0148850,0.1818755
0.0148900,0.1818943
0.0148950,0.1819149
0.0149000,0.2132882
0.0149050,0.2133121
0.0149100,0.2133484
0.0149150,0.2133926
0.0149200,0.2134385
0.0149250,0.2134814
0.0149300,0.2135208
0.0149350,0.2135592
0.0149400,0.2135984
0.0149450,0.2136390
0.0149500,0.2136803
0.0149550,0.2137217
0.0149600,0.2137610
0.0149650,0.2137957
0.0149700,0.2138244
0.0149750,0.2138445
0.0149800,0.2138558
0.0149850,0.2138610
0.0149900,0.2138659
0.0149950,0.2138774
0.0150000,0.1982304
0.0150050,0.1982489
0.0150100,0.1982744
0.0150150,0.1983063
0.0150200,0.1983437
0.0150250,0.1983859
0.0150300,0.1984316
0.0150350,0.1984771
0.0150400,0.1985187
0.0150450,0.1985544
0.0150500,0.1985834
0.0150550,0.1986067
0.0150600,0.1986262
0.0150650,0.1986449
0.0150700,0.1986657
0.0150750,0.1986889
0.0150800,0.1987125
0.0150850,0.1987335
0.0150900,0.1987512
0.0150950,0.1987669
0.0151000,0.1980823
0.0151050,0.1980818
0.0151100,0.1980834
0.0151150,0.1980879
0.0151200,0.1980973
0.0151250,0.1981129
0.0151300,0.1981349
0.0151350,0.1981609
0.0151400,0.1981874
0.0151450,0.1982114
0.0151500,0.1982307
0.0151550,0.1982457
0.0151600,0.1982564
0.0151650,0.1982637
0.0151700,0.1982690
0.0151750,0.1982744
0.0151800,0.1982815
0.0151850,0.1982873
0.0151900,0.1982864
0.0151950,0.1982761
0.0152000,0.2061691
0.0152050,0.2061579
0.0152100,0.2061515
0.0152150,0.2061529
0.0152200,0.2061626
0.0152250,0.2061792
0.0152300,0.2062002
0.0152350,0.2062204
0.0152400,0.2062377
0.0152450,0.2062519
0.0152500,0.2062653
0.0152550,0.2062808
0.0152600,0.2062975
0.0152650,0.2063145
0.0152700,0.2063298
0.0152750,0.2063407
0.0152800,0.2063433
0.0152850,0.2063332
0.0152900,0.2063110
0.0152950,0.2062819
0.0153000,0.1900225
0.0153050,0.1900080
0.0153100,0.1900050
0.0153150,0.1900081
0.0153200,0.1900101
0.0153250,0.1900073
0.0153300,0.1900016
0.0153350,0.1899980
0.0153400,0.1900013
0.0153450,0.1900128
0.0153500,0.1900322
0.0153550,0.1900584
0.0153600,0.1900879
0.0153650,0.1901160
0.0153700,0.1901385
0.0153750,0.1901561
0.0153800,0.1901738
0.0153850,0.1901973
0.0153900,0.1902304
0.0153950,0.1902704
0.0154000,0.1898265
0.0154050,0.1898443
0.0154100,0.1898580
0.0154150,0.1898700
0.0154200,0.1898822
0.0154250,0.1898936
0.0154300,0.1899019
0.0154350,0.1899070
0.0154400,0.1899132
0.0154450,0.1899251
0.0154500,0.1899454
0.0154550,0.1899713
0.0154600,0.1899968
0.0154650,0.1900177
0.0154700,0.1900318
0.0154750,0.1900415
0.0154800,0.1900482
0.0154850,0.1900506
0.0154900,0.1900483
0.0154950,0.1900413
0.0155000,0.2128565
0.0155050,0.2128797
0.0155100,0.2129082
0.0155150,0.2129380
0.0155200,0.2129658
0.0155250,0.2129924
0.0155300,0.2130202
0.0155350,0.2130505
0.0155400,0.2130838
0.0155450,0.2131190
0.0155500,0.2131545
0.0155550,0.2131885
0.0155600,0.2132201
0.0155650,0.2132497
0.0155700,0.2132770
0.0155750,0.2133024
0.0155800,0.2133278
0.0155850,0.2133551
0.0155900,0.2133865
0.0155950,0.2134208
0.0156000,0.1898986
0.0156050,0.1899086
0.0156100,0.1899176
0.0156150,0.1899296
0.0156200,0.1899451
0.0156250,0.1899628
0.0156300,0.1899802
0.0156350,0.1899972
0.0156400,0.1900151
0.0156450,0.1900339
0.0156500,0.1900523
0.0156550,0.1900673
0.0156600,0.1900767
0.0156650,0.1900807
0.0156700,0.1900797
0.0156750,0.1900765
0.0156800,0.1900739
0.0156850,0.1900729
0.0156900,0.1900743
0.0156950,0.1900787
0.0157000,0.2205180
0.0157050,0.2205295
0.0157100,0.2205459
0.0157150,0.2205659
0.0157200,0.2205883
0.0157250,0.2206146
0.0157300,0.2206470
0.0157350,0.2206871
0.0157400,0.2207330
0.0157450,0.2207804
0.0157500,0.2208262
0.0157550,0.2208683
0.0157600,0.2209068
0.0157650,0.2209427
0.0157700,0.2209776
0.0157750,0.2210139
0.0157800,0.2210516
0.0157850,0.2210889
0.0157900,0.2211238
0.0157950,0.2211555
0.0158000,0.2040962
0.0158050,0.2040958
0.0158100,0.2040963
0.0158150,0.2041010
0.0158200,0.2041120
0.0158250,0.2041307
0.0158300,0.2041574
0.0158350,0.2041915
0.0158400,0.2042290
0.0158450,0.2042629
0.0158500,0.2042888
0.0158550,0.2043057
0.0158600,0.2043173
0.0158650,0.2043282
0.0158700,0.2043434
0.0158750,0.2043657
0.0158800,0.2043935
0.0158850,0.2044234
0.0158900,0.2044523
0.0158950,0.2044792
0.0159000,0.2060660
0.0159050,0.2060818
0.0159100,0.2061029
0.0159150,0.2061290
0.0159200,0.2061579
0.0159250,0.2061861
0.0159300,0.2062072
0.0159350,0.2062162
0.0159400,0.2062112
0.0159450,0.2061959
0.0159500,0.2061786
0.0159550,0.2061646
0.0159600,0.2061552
0.0159650,0.2061470
0.0159700,0.2061359
0.0159750,0.2061211
0.0159800,0.2061039
0.0159850,0.2060887
0.0159900,0.2060803
0.0159950,0.2060806
0.0160000,0.1811657
0.0160050,0.1811722
0.0160100,0.1811823
0.0160150,0.1811916
0.0160200,0.1811962
0.0160250,0.1811957
0.0160300,0.1811931
0.0160350,0.1811930
0.0160400,0.1811992
0.0160450,0.1812133
0.0160500,0.1812347
0.0160550,0.1812602
0.0160600,0.1812870
0.0160650,0.1813129
0.0160700,0.1813373
0.0160750,0.1813607
0.0160800,0.1813840
0.0160850,0.1814078
0.0160900,0.1814312
0.0160950,0.1814521
0.0161000,0.2274093
0.0161050,0.2273983
0.0161100,0.2273929
0.0161150,0.2273930
0.0161200,0.2273997
0.0161250,0.2274144
0.0161300,0.2274367
0.0161350,0.2274653
0.0161400,0.2274972
0.0161450,0.2275303
0.0161500,0.2275634
0.0161550,0.2275945
0.0161600,0.2276220
0.0161650,0.2276446
0.0161700,0.2276630
0.0161750,0.2276789
0.0161800,0.2276938
0.0161850,0.2277095
0.0161900,0.2277252
0.0161950,0.2277387
0.0162000,0.2408531
0.0162050,0.2408365
0.0162100,0.2408218
0.0162150,0.2408060
0.0162200,0.2407881
0.0162250,0.2407697
0.0162300,0.2407546
0.0162350,0.2407468
0.0162400,0.2407486
0.0162450,0.2407612
0.0162500,0.2407822
0.0162550,0.2408053
0.0162600,0.2408245
0.0162650,0.2408367
0.0162700,0.2408443
0.0162750,0.2408549
0.0162800,0.2408762
0.0162850,0.2409133
0.0162900,0.2409640
0.0162950,0.2410209
0.0163000,0.2202021
0.0163050,0.2202166
0.0163100,0.2202487
0.0163150,0.2202950
0.0163200,0.2203484
0.0163250,0.2204011
0.0163300,0.2204474
0.0163350,0.2204877
0.0163400,0.2205252
0.0163450,0.2205633
0.0163500,0.2206040
0.0163550,0.2206453
0.0163600,0.2206843
0.0163650,0.2207164
0.0163700,0.2207382
0.0163750,0.2207501
0.0163800,0.2207546
0.0163850,0.2207558
0.0163900,0.2207577
0.0163950,0.2207630
0.0164000,0.2409381
0.0164050,0.2409082
0.0164100,0.2408899
0.0164150,0.2408825
0.0164200,0.2408841
0.0164250,0.2408932
0.0164300,0.2409085
0.0164350,0.2409311
0.0164400,0.2409621
0.0164450,0.2410039
0.0164500,0.2410571
0.0164550,0.2411184
0.0164600,0.2411837
0.0164650,0.2412488
0.0164700,0.2413112
0.0164750,0.2413674
0.0164800,0.2414131
0.0164850,0.2414474
0.0164900,0.2414727
0.0164950,0.2414935
0.0165000,0.2473491
0.0165050,0.2473671
0.0165100,0.2473964
0.0165150,0.2474319
0.0165200,0.2474689
0.0165250,0.2475034
0.0165300,0.2475349
0.0165350,0.2475652
0.0165400,0.2475958
0.0165450,0.2476281
0.0165500,0.2476621
0.0165550,0.2476971
0.0165600,0.2477323
0.0165650,0.2477650
0.0165700,0.2477942
0.0165750,0.2478196
0.0165800,0.2478412
0.0165850,0.2478604
0.0165900,0.2478775
0.0165950,0.2478936
0.0166000,0.2273453
0.0166050,0.2273361
0.0166100,0.2273282
0.0166150,0.2273283
0.0166200,0.2273426
0.0166250,0.2273724
0.0166300,0.2274147
0.0166350,0.2274647
0.0166400,0.2275164
0.0166450,0.2275642
0.0166500,0.2276043
0.0166550,0.2276368
0.0166600,0.2276660
0.0166650,0.2276954
0.0166700,0.2277279
0.0166750,0.2277630
0.0166800,0.2277973
0.0166850,0.2278253
0.0166900,0.2278414
0.0166950,0.2278445
0.0167000,0.2342263
0.0167050,0.2342021
0.0167100,0.2341917
0.0167150,0.2342022
0.0167200,0.2342336
0.0167250,0.2342782
0.0167300,0.2343261
0.0167350,0.2343692
0.0167400,0.2344034
0.0167450,0.2344303
0.0167500,0.2344551
0.0167550,0.2344832
0.0167600,0.2345169
0.0167650,0.2345548
0.0167700,0.2345943
0.0167750,0.2346303
0.0167800,0.2346568
0.0167850,0.2346696
0.0167900,0.2346666
0.0167950,0.2346516
0.0168000,0.2274472
0.0168050,0.2274386
0.0168100,0.2274413
0.0168150,0.2274518
0.0168200,0.2274667
0.0168250,0.2274826
0.0168300,0.2274980
0.0168350,0.2275121
0.0168400,0.2275266
0.0168450,0.2275461
0.0168500,0.2275749
0.0168550,0.2276145
0.0168600,0.2276616
0.0168650,0.2277091
0.0168700,0.2277502
0.0168750,0.2277827
0.0168800,0.2278119
0.0168850,0.2278453
0.0168900,0.2278878
0.0168950,0.2279401
0.0169000,0.2136899
0.0169050,0.2136951
0.0169100,0.2137028
0.0169150,0.2137118
0.0169200,0.2137220
0.0169250,0.2137335
0.0169300,0.2137477
0.0169350,0.2137650
0.0169400,0.2137858
0.0169450,0.2138089
0.0169500,0.2138313
0.0169550,0.2138511
0.0169600,0.2138664
0.0169650,0.2138767
0.0169700,0.2138842
0.0169750,0.2138935
0.0169800,0.2139096
0.0169850,0.2139332
0.0169900,0.2139614
0.0169950,0.2139891
0.0170000,0.1979807
0.0170050,0.1979879
0.0170100,0.1979991
0.0170150,0.1980140
0.0170200,0.1980329
0.0170250,0.1980544
0.0170300,0.1980773
0.0170350,0.1980997
0.0170400,0.1981212
0.0170450,0.1981417
0.0170500,0.1981611
0.0170550,0.1981795
0.0170600,0.1981956
0.0170650,0.1982100
0.0170700,0.1982237
0.0170750,0.1982381
0.0170800,0.1982550
0.0170850,0.1982746
0.0170900,0.1982970
0.0170950,0.1983208
0.0171000,0.1899713
0.0171050,0.1899763
0.0171100,0.1899876
0.0171150,0.1900067
0.0171200,0.1900332
0.0171250,0.1900634
0.0171300,0.1900922
0.0171350,0.1901141
0.0171400,0.1901265
0.0171450,0.1901288
0.0171500,0.1901232
0.0171550,0.1901137
0.0171600,0.1901043
0.0171650,0.1901000
0.0171700,0.1901022
0.0171750,0.1901116
0.0171800,0.1901271
0.0171850,0.1901454
0.0171900,0.1901651
0.0171950,0.1901858
0.0172000,0.1982773
0.0172050,0.1983012
0.0172100,0.1983330
0.0172150,0.1983681
0.0172200,0.1983994
0.0172250,0.1984226
0.0172300,0.1984362
0.0172350,0.1984419
0.0172400,0.1984438
0.0172450,0.1984447
0.0172500,0.1984472
0.0172550,0.1984522
0.0172600,0.1984586
0.0172650,0.1984654
0.0172700,0.1984713
0.0172750,0.1984770
0.0172800,0.1984838
0.0172850,0.1984926
0.0172900,0.1985045
0.0172950,0.1985187
0.0173000,0.2131967
0.0173050,0.2132035
0.0173100,0.2132100
0.0173150,0.2132139
0.0173200,0.2132153
0.0173250,0.2132168
0.0173300,0.2132209
0.0173350,0.2132294
0.0173400,0.2132433
0.0173450,0.2132614
0.0173500,0.2132828
0.0173550,0.2133057
0.0173600,0.2133274
0.0173650,0.2133446
0.0173700,0.2133539
0.0173750,0.2133570
0.0173800,0.2133582
0.0173850,0.2133630
0.0173900,0.2133759
0.0173950,0.2133960
0.0174000,0.2131830
0.0174050,0.2132020
0.0174100,0.2132163
0.0174150,0.2132287
0.0174200,0.2132430
0.0174250,0.2132626
0.0174300,0.2132884
0.0174350,0.2133197
0.0174400,0.2133544
0.0174450,0.2133883
0.0174500,0.2134181
0.0174550,0.2134419
0.0174600,0.2134606
0.0174650,0.2134782
0.0174700,0.2134996
0.0174750,0.2135308
0.0174800,0.2135743
0.0174850,0.2136297
0.0174900,0.2136920
0.0174950,0.2137535
0.0175000,0.2039471
0.0175050,0.2039524
0.0175100,0.2039625
0.0175150,0.2039803
0.0175200,0.2040069
0.0175250,0.2040413
0.0175300,0.2040787
0.0175350,0.2041147
0.0175400,0.2041465
0.0175450,0.2041740
0.0175500,0.2041985
0.0175550,0.2042215
0.0175600,0.2042446
0.0175650,0.2042669
0.0175700,0.2042864
0.0175750,0.2043004
0.0175800,0.2043082
0.0175850,0.2043125
0.0175900,0.2043165
0.0175950,0.2043231
0.0176000,0.2276843
0.0176050,0.2276807
0.0176100,0.2276873
0.0176150,0.2277067
0.0176200,0.2277388
0.0176250,0.2277806
0.0176300,0.2278286
0.0176350,0.2278805
0.0176400,0.2279337
0.0176450,0.2279866
0.0176500,0.2280388
0.0176550,0.2280901
0.0176600,0.2281406
0.0176650,0.2281892
0.0176700,0.2282343
0.0176750,0.2282742
0.0176800,0.2283064
0.0176850,0.2283301
0.0176900,0.2283448
0.0176950,0.2283515
0.0177000,0.2278685
0.0177050,0.2278500
0.0177100,0.2278387
0.0177150,0.2278314
0.0177200,0.2278246
0.0177250,0.2278167
0.0177300,0.2278083
0.0177350,0.2278015
0.0177400,0.2277990
0.0177450,0.2278039
0.0177500,0.2278186
0.0177550,0.2278455
0.0177600,0.2278854
0.0177650,0.2279331
0.0177700,0.2279800
0.0177750,0.2280177
0.0177800,0.2280434
0.0177850,0.2280592
0.0177900,0.2280692
0.0177950,0.2280774
0.0178000,0.2136473
0.0178050,0.2136303
0.0178100,0.2136169
0.0178150,0.2136115
0.0178200,0.2136169
0.0178250,0.2136318
0.0178300,0.2136526
0.0178350,0.2136750
0.0178400,0.2136956
0.0178450,0.2137150
0.0178500,0.2137362
0.0178550,0.2137618
0.0178600,0.2137935
0.0178650,0.2138298
0.0178700,0.2138690
0.0178750,0.2139086
0.0178800,0.2139457
0.0178850,0.2139791
0.0178900,0.2140081
0.0178950,0.2140328
0.0179000,0.2342763
0.0179050,0.2342701
0.0179100,0.2342663
0.0179150,0.2342689
0.0179200,0.2342802
0.0179250,0.2342979
0.0179300,0.2343184
0.0179350,0.2343391
0.0179400,0.2343582
0.0179450,0.2343766
0.0179500,0.2343960
0.0179550,0.2344185
0.0179600,0.2344452
0.0179650,0.2344753
0.0179700,0.2345081
0.0179750,0.2345420
0.0179800,0.2345761
0.0179850,0.2346101
0.0179900,0.2346419
0.0179950,0.2346710
0.0180000,0.2276839
0.0180050,0.2277005
0.0180100,0.2277257
0.0180150,0.2277578
0.0180200,0.2277932
0.0180250,0.2278269
0.0180300,0.2278578
0.0180350,0.2278867
0.0180400,0.2279150
0.0180450,0.2279435
0.0180500,0.2279715
0.0180550,0.2279996
0.0180600,0.2280290
0.0180650,0.2280609
0.0180700,0.2280957
0.0180750,0.2281299
0.0180800,0.2281581
0.0180850,0.2281756
0.0180900,0.2281838
0.0180950,0.2281907
0.0181000,0.1980044
0.0181050,0.1980007
0.0181100,0.1979986
0.0181150,0.1979978
0.0181200,0.1980006
0.0181250,0.1980082
0.0181300,0.1980190
0.0181350,0.1980282
0.0181400,0.1980327
0.0181450,0.1980345
0.0181500,0.1980371
0.0181550,0.1980438
0.0181600,0.1980540
0.0181650,0.1980659
0.0181700,0.1980782
0.0181750,0.1980911
0.0181800,0.1981080
0.0181850,0.1981315
0.0181900,0.1981621
0.0181950,0.1981980
0.0182000,0.2594636
0.0182050,0.2594796
0.0182100,0.2595111
0.0182150,0.2595538
0.0182200,0.2596024
0.0182250,0.2596520
0.0182300,0.2597017
0.0182350,0.2597513
0.0182400,0.2598013
0.0182450,0.2598510
0.0182500,0.2599001
0.0182550,0.2599489
0.0182600,0.2599956
0.0182650,0.2600373
0.0182700,0.2600704
0.0182750,0.2600928
0.0182800,0.2601076
0.0182850,0.2601204
0.0182900,0.2601358
0.0182950,0.2601556
0.0183000,0.2473907
0.0183050,0.2473874
0.0183100,0.2473906
0.0183150,0.2473972
0.0183200,0.2474045
0.0183250,0.2474126
0.0183300,0.2474237
0.0183350,0.2474405
0.0183400,0.2474640
0.0183450,0.2474936
0.0183500,0.2475269
0.0183550,0.2475607
0.0183600,0.2475907
0.0183650,0.2476145
0.0183700,0.2476331
0.0183750,0.2476496
0.0183800,0.2476672
0.0183850,0.2476866
0.0183900,0.2477049
0.0183950,0.2477188
0.0184000,0.2341690
0.0184050,0.2341930
0.0184100,0.2342230
0.0184150,0.2342544
0.0184200,0.2342867
0.0184250,0.2343226
0.0184300,0.2343654
0.0184350,0.2344148
0.0184400,0.2344673
0.0184450,0.2345175
0.0184500,0.2345610
0.0184550,0.2345979
0.0184600,0.2346312
0.0184650,0.2346645
0.0184700,0.2346995
0.0184750,0.2347359
0.0184800,0.2347728
0.0184850,0.2348088
0.0184900,0.2348422
0.0184950,0.2348699
0.0185000,0.2060422
0.0185050,0.2060415
0.0185100,0.2060466
0.0185150,0.2060562
0.0185200,0.2060684
0.0185250,0.2060816
0.0185300,0.2060954
0.0185350,0.2061104
0.0185400,0.2061276
0.0185450,0.2061472
0.0185500,0.2061685
0.0185550,0.2061925
0.0185600,0.2062195
0.0185650,0.2062494
0.0185700,0.2062806
0.0185750,0.2063111
0.0185800,0.2063405
0.0185850,0.2063681
0.0185900,0.2063959
0.0185950,0.2064249
0.0186000,0.2205597
0.0186050,0.2205668
0.0186100,0.2205841
0.0186150,0.2206118
0.0186200,0.2206466
0.0186250,0.2206825
0.0186300,0.2207152
0.0186350,0.2207429
0.0186400,0.2207686
0.0186450,0.2207963
0.0186500,0.2208288
0.0186550,0.2208655
0.0186600,0.2209029
0.0186650,0.2209380
0.0186700,0.2209681
0.0186750,0.2209924
0.0186800,0.2210113
0.0186850,0.2210243
0.0186900,0.2210321
0.0186950,0.2210365
0.0187000,0.2055747
0.0187050,0.2055474
0.0187100,0.2055337
0.0187150,0.2055337
0.0187200,0.2055434
0.0187250,0.2055580
0.0187300,0.2055743
0.0187350,0.2055899
0.0187400,0.2056060
0.0187450,0.2056262
0.0187500,0.2056541
0.0187550,0.2056910
0.0187600,0.2057338
0.0187650,0.2057791
0.0187700,0.2058222
0.0187750,0.2058591
0.0187800,0.2058863
0.0187850,0.2059031
0.0187900,0.2059145
0.0187950,0.2059264
0.0188000,0.1979984
0.0188050,0.1979879
0.0188100,0.1979864
0.0188150,0.1979950
0.0188200,0.1980138
0.0188250,0.1980395
0.0188300,0.1980661
0.0188350,0.1980891
0.0188400,0.1981081
0.0188450,0.1981240
0.0188500,0.1981395
0.0188550,0.1981556
0.0188600,0.1981718
0.0188650,0.1981875
0.0188700,0.1982013
0.0188750,0.1982136
0.0188800,0.1982250
0.0188850,0.1982381
0.0188900,0.1982560
0.0188950,0.1982793
0.0189000,0.2275798
0.0189050,0.2275763
0.0189100,0.2275836
0.0189150,0.2275996
0.0189200,0.2276204
0.0189250,0.2276417
0.0189300,0.2276601
0.0189350,0.2276757
0.0189400,0.2276908
0.0189450,0.2277081
0.0189500,0.2277296
0.0189550,0.2277545
0.0189600,0.2277809
0.0189650,0.2278052
0.0189700,0.2278242
0.0189750,0.2278371
0.0189800,0.2278439
0.0189850,0.2278465
0.0189900,0.2278484
0.0189950,0.2278535
0.0190000,0.2128575
0.0190050,0.2128450
0.0190100,0.2128486
0.0190150,0.2128656
0.0190200,0.2128921
0.0190250,0.2129262
0.0190300,0.2129667
0.0190350,0.2130142
0.0190400,0.2130683
0.0190450,0.2131274
0.0190500,0.2131905
0.0190550,0.2132549
0.0190600,0.2133196
0.0190650,0.2133827
0.0190700,0.2134408
0.0190750,0.2134900
0.0190800,0.2135263
0.0190850,0.2135498
0.0190900,0.2135633
0.0190950,0.2135701
0.0191000,0.1899573
0.0191050,0.1899644
0.0191100,0.1899789
0.0191150,0.1899955
0.0191200,0.1900106
0.0191250,0.1900230
0.0191300,0.1900333
0.0191350,0.1900443
0.0191400,0.1900593
0.0191450,0.1900808
0.0191500,0.1901078
0.0191550,0.1901344
0.0191600,0.1901552
0.0191650,0.1901653
0.0191700,0.1901625
0.0191750,0.1901494
0.0191800,0.1901318
0.0191850,0.1901157
0.0191900,0.1901022
0.0191950,0.1900908
0.0192000,0.2058216
0.0192050,0.2058161
0.0192100,0.2058156
0.0192150,0.2058180
0.0192200,0.2058216
0.0192250,0.2058267
0.0192300,0.2058362
0.0192350,0.2058536
0.0192400,0.2058797
0.0192450,0.2059121
0.0192500,0.2059458
0.0192550,0.2059763
0.0192600,0.2060033
0.0192650,0.2060277
0.0192700,0.2060505
0.0192750,0.2060709
0.0192800,0.2060876
0.0192850,0.2060993
0.0192900,0.2061045
0.0192950,0.2061022
0.0193000,0.2272590
0.0193050,0.2272854
0.0193100,0.2273252
0.0193150,0.2273755
0.0193200,0.2274315
0.0193250,0.2274885
0.0193300,0.2275438
0.0193350,0.2275966
0.0193400,0.2276470
0.0193450,0.2276960
0.0193500,0.2277448
0.0193550,0.2277953
0.0193600,0.2278477
0.0193650,0.2278980
0.0193700,0.2279406
0.0193750,0.2279708
0.0193800,0.2279886
0.0193850,0.2279986
0.0193900,0.2280079
0.0193950,0.2280227
0.0194000,0.2343571
0.0194050,0.2343684
0.0194100,0.2343858
0.0194150,0.2344057
0.0194200,0.2344239
0.0194250,0.2344365
0.0194300,0.2344425
0.0194350,0.2344445
0.0194400,0.2344475
0.0194450,0.2344567
0.0194500,0.2344743
0.0194550,0.2344992
0.0194600,0.2345272
0.0194650,0.2345549
0.0194700,0.2345814
0.0194750,0.2346081
0.0194800,0.2346382
0.0194850,0.2346736
0.0194900,0.2347160
0.0194950,0.2347657
0.0195000,0.1816836
0.0195050,0.1816979
0.0195100,0.1817169
0.0195150,0.1817412
0.0195200,0.1817684
0.0195250,0.1817946
0.0195300,0.1818176
0.0195350,0.1818360
0.0195400,0.1818514
0.0195450,0.1818663
0.0195500,0.1818817
0.0195550,0.1818987
0.0195600,0.1819165
0.0195650,0.1819352
0.0195700,0.1819551
0.0195750,0.1819757
0.0195800,0.1819977
0.0195850,0.1820207
0.0195900,0.1820450
0.0195950,0.1820695
0.0196000,0.2204356
0.0196050,0.2204566
0.0196100,0.2204914
0.0196150,0.2205359
0.0196200,0.2205850
0.0196250,0.2206332
0.0196300,0.2206760
0.0196350,0.2207114
0.0196400,0.2207420
0.0196450,0.2207728
0.0196500,0.2208071
0.0196550,0.2208457
0.0196600,0.2208864
0.0196650,0.2209255
0.0196700,0.2209600
0.0196750,0.2209884
0.0196800,0.2210117
0.0196850,0.2210325
0.0196900,0.2210553
0.0196950,0.2210844
0.0197000,0.1898296
0.0197050,0.1898170
0.0197100,0.1898186
0.0197150,0.1898326
0.0197200,0.1898552
0.0197250,0.1898836
0.0197300,0.1899170
0.0197350,0.1899544
0.0197400,0.1899946
0.0197450,0.1900366
0.0197500,0.1900799
0.0197550,0.1901249
0.0197600,0.1901700
0.0197650,0.1902108
0.0197700,0.1902419
0.0197750,0.1902602
0.0197800,0.1902673
0.0197850,0.1902678
0.0197900,0.1902673
0.0197950,0.1902702
0.0198000,0.2133132
0.0198050,0.2133263
0.0198100,0.2133514
0.0198150,0.2133869
0.0198200,0.2134298
0.0198250,0.2134757
0.0198300,0.2135202
0.0198350,0.2135599
0.0198400,0.2135948
0.0198450,0.2136270
0.0198500,0.2136582
0.0198550,0.2136889
0.0198600,0.2137161
0.0198650,0.2137361
0.0198700,0.2137456
0.0198750,0.2137439
0.0198800,0.2137343
0.0198850,0.2137205
0.0198900,0.2137068
0.0198950,0.2136961
0.0199000,0.1901911
0.0199050,0.1901772
0.0199100,0.1901636
0.0199150,0.1901490
0.0199200,0.1901373
0.0199250,0.1901340
0.0199300,0.1901417
0.0199350,0.1901576
0.0199400,0.1901781
0.0199450,0.1901998
0.0199500,0.1902200
0.0199550,0.1902381
0.0199600,0.1902533
0.0199650,0.1902660
0.0199700,0.1902770
0.0199750,0.1902883
0.0199800,0.1903012
0.0199850,0.1903150
0.0199900,0.1903294
0.0199950,0.1903420
0.0200000,0.1982777
0.0200050,0.1982755
0.0200100,0.1982797
0.0200150,0.1982880
0.0200200,0.1982977
0.0200250,0.1983089
0.0200300,0.1983231
0.0200350,0.1983419
0.0200400,0.1983663
0.0200450,0.1983954
0.0200500,0.1984262
0.0200550,0.1984545
0.0200600,0.1984771
0.0200650,0.1984935
0.0200700,0.1985047
0.0200750,0.1985138
0.0200800,0.1985237
0.0200850,0.1985364
0.0200900,0.1985525
0.0200950,0.1985699
0.0201000,0.1981288
0.0201050,0.1981327
0.0201100,0.1981368
0.0201150,0.1981447
0.0201200,0.1981581
0.0201250,0.1981766
0.0201300,0.1981972
0.0201350,0.1982157
0.0201400,0.1982283
0.0201450,0.1982330
0.0201500,0.1982310
0.0201550,0.1982233
0.0201600,0.1982107
0.0201650,0.1981959
0.0201700,0.1981833
0.0201750,0.1981776
0.0201800,0.1981799
0.0201850,0.1981872
0.0201900,0.1981945
0.0201950,0.1981976
0.0202000,0.2343120
0.0202050,0.2343210
0.0202100,0.2343348
0.0202150,0.2343570
0.0202200,0.2343896
0.0202250,0.2344312
0.0202300,0.2344776
0.0202350,0.2345249
0.0202400,0.2345707
0.0202450,0.2346128
0.0202500,0.2346498
0.0202550,0.2346812
0.0202600,0.2347098
0.0202650,0.2347393
0.0202700,0.2347700
0.0202750,0.2347986
0.0202800,0.2348189
0.0202850,0.2348268
0.0202900,0.2348234
0.0202950,0.2348116
0.0203000,0.2274467
0.0203050,0.2274206
0.0203100,0.2274100
0.0203150,0.2274150
0.0203200,0.2274310
0.0203250,0.2274516
0.0203300,0.2274703
0.0203350,0.2274828
0.0203400,0.2274902
0.0203450,0.2274961
0.0203500,0.2275048
0.0203550,0.2275163
0.0203600,0.2275279
0.0203650,0.2275372
0.0203700,0.2275429
0.0203750,0.2275457
0.0203800,0.2275461
0.0203850,0.2275449
0.0203900,0.2275436
0.0203950,0.2275436
0.0204000,0.2272744
0.0204050,0.2272875
0.0204100,0.2273058
0.0204150,0.2273265
0.0204200,0.2273469
0.0204250,0.2273669
0.0204300,0.2273880
0.0204350,0.2274121
0.0204400,0.2274388
0.0204450,0.2274648
0.0204500,0.2274895
0.0204550,0.2275128
0.0204600,0.2275353
0.0204650,0.2275558
0.0204700,0.2275723
0.0204750,0.2275842
0.0204800,0.2275907
0.0204850,0.2275939
0.0204900,0.2275973
0.0204950,0.2276039
0.0205000,0.2653659
0.0205050,0.2653758
0.0205100,0.2653980
0.0205150,0.2654341
0.0205200,0.2654847
0.0205250,0.2655485
0.0205300,0.2656221
0.0205350,0.2657007
0.0205400,0.2657784
0.0205450,0.2658502
0.0205500,0.2659122
0.0205550,0.2659610
0.0205600,0.2659959
0.0205650,0.2660187
0.0205700,0.2660333
0.0205750,0.2660440
0.0205800,0.2660537
0.0205850,0.2660630
0.0205900,0.2660702
0.0205950,0.2660723
0.0206000,0.2536362
0.0206050,0.2535924
0.0206100,0.2535447
0.0206150,0.2534981
0.0206200,0.2534590
0.0206250,0.2534337
0.0206300,0.2534264
0.0206350,0.2534394
0.0206400,0.2534696
0.0206450,0.2535114
0.0206500,0.2535580
0.0206550,0.2536051
0.0206600,0.2536533
0.0206650,0.2537049
0.0206700,0.2537638
0.0206750,0.2538323
0.0206800,0.2539098
0.0206850,0.2539922
0.0206900,0.2540717
0.0206950,0.2541405
0.0207000,0.2597440
0.0207050,0.2597583
0.0207100,0.2597721
0.0207150,0.2597887
0.0207200,0.2598109
0.0207250,0.2598390
0.0207300,0.2598719
0.0207350,0.2599082
0.0207400,0.2599461
0.0207450,0.2599841
0.0207500,0.2600194
0.0207550,0.2600488
0.0207600,0.2600717
0.0207650,0.2600877
0.0207700,0.2600976
0.0207750,0.2601021
0.0207800,0.2601020
0.0207850,0.2600981
0.0207900,0.2600897
0.0207950,0.2600781
0.0208000,0.2329227
0.0208050,0.2328993
0.0208100,0.2328850
0.0208150,0.2328845
0.0208200,0.2328995
0.0208250,0.2329240
0.0208300,0.2329478
0.0208350,0.2329642
0.0208400,0.2329725
0.0208450,0.2329776
0.0208500,0.2329846
0.0208550,0.2329965
0.0208600,0.2330136
0.0208650,0.2330338
0.0208700,0.2330562
0.0208750,0.2330781
0.0208800,0.2330965
0.0208850,0.2331106
0.0208900,0.2331221
0.0208950,0.2331355
0.0209000,0.2327028
0.0209050,0.2327443
0.0209100,0.2327899
0.0209150,0.2328340
0.0209200,0.2328741
0.0209250,0.2329099
0.0209300,0.2329437
0.0209350,0.2329800
0.0209400,0.2330212
0.0209450,0.2330683
0.0209500,0.2331188
0.0209550,0.2331687
0.0209600,0.2332136
0.0209650,0.2332488
0.0209700,0.2332733
0.0209750,0.2332880
0.0209800,0.2332962
0.0209850,0.2333033
0.0209900,0.2333132
0.0209950,0.2333280
0.0210000,0.1534846
0.0210050,0.1534818
0.0210100,0.1534825
0.0210150,0.1534877
0.0210200,0.1535019
0.0210250,0.1535258
0.0210300,0.1535594
0.0210350,0.1536013
0.0210400,0.1536487
0.0210450,0.1536999
0.0210500,0.1537498
0.0210550,0.1537944
0.0210600,0.1538349
0.0210650,0.1538753
0.0210700,0.1539199
0.0210750,0.1539669
0.0210800,0.1540105
0.0210850,0.1540437
0.0210900,0.1540626
0.0210950,0.1540713
0.0211000,0.1903087
0.0211050,0.1903219
0.0211100,0.1903458
0.0211150,0.1903751
0.0211200,0.1904029
0.0211250,0.1904223
0.0211300,0.1904300
0.0211350,0.1904259
0.0211400,0.1904135
0.0211450,0.1903982
0.0211500,0.1903846
0.0211550,0.1903772
0.0211600,0.1903755
0.0211650,0.1903755
0.0211700,0.1903713
0.0211750,0.1903579
0.0211800,0.1903364
0.0211850,0.1903117
0.0211900,0.1902898
0.0211950,0.1902753
0.0212000,0.2205894
0.0212050,0.2205712
0.0212100,0.2205695
0.0212150,0.2205786
0.0212200,0.2205924
0.0212250,0.2206063
0.0212300,0.2206190
0.0212350,0.2206318
0.0212400,0.2206497
0.0212450,0.2206763
0.0212500,0.2207110
0.0212550,0.2207482
0.0212600,0.2207785
0.0212650,0.2207945
0.0212700,0.2207929
0.0212750,0.2207766
0.0212800,0.2207534
0.0212850,0.2207303
0.0212900,0.2207119
0.0212950,0.2206976
0.0213000,0.2342587
0.0213050,0.2342314
0.0213100,0.2342104
0.0213150,0.2341973
0.0213200,0.2341921
0.0213250,0.2341946
0.0213300,0.2342054
0.0213350,0.2342235
0.0213400,0.2342475
0.0213450,0.2342763
0.0213500,0.2343107
0.0213550,0.2343496
0.0213600,0.2343877
0.0213650,0.2344230
0.0213700,0.2344552
0.0213750,0.2344846
0.0213800,0.2345113
0.0213850,0.2345368
0.0213900,0.2345654
0.0213950,0.2345992
0.0214000,0.2531326
0.0214050,0.2531400
0.0214100,0.2531585
0.0214150,0.2531856
0.0214200,0.2532190
0.0214250,0.2532578
0.0214300,0.2533028
0.0214350,0.2533535
0.0214400,0.2534096
0.0214450,0.2534687
0.0214500,0.2535292
0.0214550,0.2535897
0.0214600,0.2536468
0.0214650,0.2536981
0.0214700,0.2537415
0.0214750,0.2537774
0.0214800,0.2538088
0.0214850,0.2538377
0.0214900,0.2538663
0.0214950,0.2538957
0.0215000,0.2595660
0.0215050,0.2595672
0.0215100,0.2595834
0.0215150,0.2596148
0.0215200,0.2596564
0.0215250,0.2597014
0.0215300,0.2597445
0.0215350,0.2597837
0.0215400,0.2598200
0.0215450,0.2598546
0.0215500,0.2598889
0.0215550,0.2599234
0.0215600,0.2599560
0.0215650,0.2599848
0.0215700,0.2600086
0.0215750,0.2600302
0.0215800,0.2600526
0.0215850,0.2600761
0.0215900,0.2600998
0.0215950,0.2601222
0.0216000,0.2205470
0.0216050,0.2205435
0.0216100,0.2205395
0.0216150,0.2205419
0.0216200,0.2205535
0.0216250,0.2205732
0.0216300,0.2205989
0.0216350,0.2206299
0.0216400,0.2206661
0.0216450,0.2207070
0.0216500,0.2207526
0.0216550,0.2208024
0.0216600,0.2208548
0.0216650,0.2209086
0.0216700,0.2209624
0.0216750,0.2210155
0.0216800,0.2210668
0.0216850,0.2211151
0.0216900,0.2211581
0.0216950,0.2211936
0.0217000,0.2134375
0.0217050,0.2134443
0.0217100,0.2134591
0.0217150,0.2134811
0.0217200,0.2135082
0.0217250,0.2135400
0.0217300,0.2135757
0.0217350,0.2136141
0.0217400,0.2136522
0.0217450,0.2136854
0.0217500,0.2137122
0.0217550,0.2137333
0.0217600,0.2137514
0.0217650,0.2137686
0.0217700,0.2137861
0.0217750,0.2138057
0.0217800,0.2138269
0.0217850,0.2138497
0.0217900,0.2138736
0.0217950,0.2138966
0.0218000,0.2475626
0.0218050,0.2475531
0.0218100,0.2475459
0.0218150,0.2475398
0.0218200,0.2475327
0.0218250,0.2475242
0.0218300,0.2475154
0.0218350,0.2475100
0.0218400,0.2475116
0.0218450,0.2475213
0.0218500,0.2475395
0.0218550,0.2475653
0.0218600,0.2475984
0.0218650,0.2476371
0.0218700,0.2476794
0.0218750,0.2477236
0.0218800,0.2477677
0.0218850,0.2478125
0.0218900,0.2478585
0.0218950,0.2479032
0.0219000,0.2600152
0.0219050,0.2600270
0.0219100,0.2600342
0.0219150,0.2600362
0.0219200,0.2600347
0.0219250,0.2600347
0.0219300,0.2600405
0.0219350,0.2600553
0.0219400,0.2600784
0.0219450,0.2601065
0.0219500,0.2601360
0.0219550,0.2601632
0.0219600,0.2601863
0.0219650,0.2602050
0.0219700,0.2602222
0.0219750,0.2602427
0.0219800,0.2602708
0.0219850,0.2603082
0.0219900,0.2603520
0.0219950,0.2603951
0.0220000,0.2059871
0.0220050,0.2059925
0.0220100,0.2059876
0.0220150,0.2059814
0.0220200,0.2059846
0.0220250,0.2060025
0.0220300,0.2060306
0.0220350,0.2060605
0.0220400,0.2060839
0.0220450,0.2060973
0.0220500,0.2061009
0.0220550,0.2060977
0.0220600,0.2060938
0.0220650,0.2060955
0.0220700,0.2061087
0.0220750,0.2061345
0.0220800,0.2061684
0.0220850,0.2062036
0.0220900,0.2062332
0.0220950,0.2062539
0.0221000,0.2135666
0.0221050,0.2135773
0.0221100,0.2135899
0.0221150,0.2136020
0.0221200,0.2136128
0.0221250,0.2136232
0.0221300,0.2136364
0.0221350,0.2136550
0.0221400,0.2136772
0.0221450,0.2136986
0.0221500,0.2137147
0.0221550,0.2137257
0.0221600,0.2137358
0.0221650,0.2137493
0.0221700,0.2137680
0.0221750,0.2137886
0.0221800,0.2138082
0.0221850,0.2138234
0.0221900,0.2138322
0.0221950,0.2138336
0.0222000,0.2536426
0.0222050,0.2536302
0.0222100,0.2536284
0.0222150,0.2536357
0.0222200,0.2536483
0.0222250,0.2536622
0.0222300,0.2536773
0.0222350,0.2536960
0.0222400,0.2537221
0.0222450,0.2537570
0.0222500,0.2537967
0.0222550,0.2538379
0.0222600,0.2538778
0.0222650,0.2539149
0.0222700,0.2539484
0.0222750,0.2539772
0.0222800,0.2540013
0.0222850,0.2540205
0.0222900,0.2540346
0.0222950,0.2540427
0.0223000,0.2715578
0.0223050,0.2715663
0.0223100,0.2715759
0.0223150,0.2715840
0.0223200,0.2715902
0.0223250,0.2715961
0.0223300,0.2716083
0.0223350,0.2716330
0.0223400,0.2716732
0.0223450,0.2717276
0.0223500,0.2717900
0.0223550,0.2718537
0.0223600,0.2719130
0.0223650,0.2719657
0.0223700,0.2720115
0.0223750,0.2720503
0.0223800,0.2720837
0.0223850,0.2721121
0.0223900,0.2721355
0.0223950,0.2721519
0.0224000,0.1981761
0.0224050,0.1981780
0.0224100,0.1981838
0.0224150,0.1981921
0.0224200,0.1982007
0.0224250,0.1982083
0.0224300,0.1982159
0.0224350,0.1982243
0.0224400,0.1982362
0.0224450,0.1982531
0.0224500,0.1982746
0.0224550,0.1982990
0.0224600,0.1983204
0.0224650,0.1983340
0.0224700,0.1983383
0.0224750,0.1983358
0.0224800,0.1983323
0.0224850,0.1983319
0.0224900,0.1983384
0.0224950,0.1983518
0.0225000,0.2205867
0.0225050,0.2206114
0.0225100,0.2206445
0.0225150,0.2206825
0.0225200,0.2207207
0.0225250,0.2207550
0.0225300,0.2207838
0.0225350,0.2208085
0.0225400,0.2208344
0.0225450,0.2208637
0.0225500,0.2208955
0.0225550,0.2209278
0.0225600,0.2209575
0.0225650,0.2209830
0.0225700,0.2210008
0.0225750,0.2210076
0.0225800,0.2210030
0.0225850,0.2209900
0.0225900,0.2209756
0.0225950,0.2209647
0.0226000,0.2470434
0.0226050,0.2470436
0.0226100,0.2470542
0.0226150,0.2470759
0.0226200,0.2471069
0.0226250,0.2471447
0.0226300,0.2471875
0.0226350,0.2472336
0.0226400,0.2472817
0.0226450,0.2473289
0.0226500,0.2473731
0.0226550,0.2474147
0.0226600,0.2474567
0.0226650,0.2475012
0.0226700,0.2475472
0.0226750,0.2475926
0.0226800,0.2476351
0.0226850,0.2476729
0.0226900,0.2477054
0.0226950,0.2477331
0.0227000,0.2201209
0.0227050,0.2201264
0.0227100,0.2201358
0.0227150,0.2201513
0.0227200,0.2201743
0.0227250,0.2202039
0.0227300,0.2202375
0.0227350,0.2202730
0.0227400,0.2203116
0.0227450,0.2203554
0.0227500,0.2204043
0.0227550,0.2204544
0.0227600,0.2205007
0.0227650,0.2205409
0.0227700,0.2205760
0.0227750,0.2206086
0.0227800,0.2206396
0.0227850,0.2206686
0.0227900,0.2206941
0.0227950,0.2207151
0.0228000,0.2532782
0.0228050,0.2532776
0.0228100,0.2532844
0.0228150,0.2533012
0.0228200,0.2533279
0.0228250,0.2533625
0.0228300,0.2534009
0.0228350,0.2534372
0.0228400,0.2534672
0.0228450,0.2534896
0.0228500,0.2535082
0.0228550,0.2535299
0.0228600,0.2535605
0.0228650,0.2535994
0.0228700,0.2536389
0.0228750,0.2536706
0.0228800,0.2536897
0.0228850,0.2536965
0.0228900,0.2536952
0.0228950,0.2536903
0.0229000,0.2343457
0.0229050,0.2343405
0.0229100,0.2343454
0.0229150,0.2343562
0.0229200,0.2343691
0.0229250,0.2343823
0.0229300,0.2343949
0.0229350,0.2344085
0.0229400,0.2344260
0.0229450,0.2344502
0.0229500,0.2344819
0.0229550,0.2345157
0.0229600,0.2345433
0.0229650,0.2345596
0.0229700,0.2345669
0.0229750,0.2345723
0.0229800,0.2345802
0.0229850,0.2345922
0.0229900,0.2346072
0.0229950,0.2346227
0.0230000,0.2133083
0.0230050,0.2133007
0.0230100,0.2133038
0.0230150,0.2133187
0.0230200,0.2133432
0.0230250,0.2133734
0.0230300,0.2134049
0.0230350,0.2134355
0.0230400,0.2134646
0.0230450,0.2134920
0.0230500,0.2135179
0.0230550,0.2135413
0.0230600,0.2135626
0.0230650,0.2135837
0.0230700,0.2136053
0.0230750,0.2136264
0.0230800,0.2136444
0.0230850,0.2136594
0.0230900,0.2136735
0.0230950,0.2136897
0.0231000,0.2269013
0.0231050,0.2269228
0.0231100,0.2269598
0.0231150,0.2270085
0.0231200,0.2270620
0.0231250,0.2271130
0.0231300,0.2271548
0.0231350,0.2271855
0.0231400,0.2272088
0.0231450,0.2272317
0.0231500,0.2272602
0.0231550,0.2272938
0.0231600,0.2273281
0.0231650,0.2273584
0.0231700,0.2273827
0.0231750,0.2274026
0.0231800,0.2274205
0.0231850,0.2274401
0.0231900,0.2274646
0.0231950,0.2274954
0.0232000,0.1981550
0.0232050,0.1981740
0.0232100,0.1982022
0.0232150,0.1982356
0.0232200,0.1982700
0.0232250,0.1983025
0.0232300,0.1983324
0.0232350,0.1983620
0.0232400,0.1983926
0.0232450,0.1984237
0.0232500,0.1984527
0.0232550,0.1984750
0.0232600,0.1984880
0.0232650,0.1984896
0.0232700,0.1984799
0.0232750,0.1984610
0.0232800,0.1984362
0.0232850,0.1984102
0.0232900,0.1983868
0.0232950,0.1983680
0.0233000,0.1815634
0.0233050,0.1815480
0.0233100,0.1815381
0.0233150,0.1815328
0.0233200,0.1815327
0.0233250,0.1815392
0.0233300,0.1815526
0.0233350,0.1815734
0.0233400,0.1816007
0.0233450,0.1816336
0.0233500,0.1816711
0.0233550,0.1817103
0.0233600,0.1817501
0.0233650,0.1817887
0.0233700,0.1818262
0.0233750,0.1818625
0.0233800,0.1818955
0.0233850,0.1819247
0.0233900,0.1819493
0.0233950,0.1819704
0.0234000,0.1980547
0.0234050,0.1980444
0.0234100,0.1980375
0.0234150,0.1980359
0.0234200,0.1980424
0.0234250,0.1980577
0.0234300,0.1980813
0.0234350,0.1981133
0.0234400,0.1981506
0.0234450,0.1981894
0.0234500,0.1982258
0.0234550,0.1982578
0.0234600,0.1982859
0.0234650,0.1983092
0.0234700,0.1983278
0.0234750,0.1983412
0.0234800,0.1983507
0.0234850,0.1983602
0.0234900,0.1983727
0.0234950,0.1983888
0.0235000,0.2136213
0.0235050,0.2136073
0.0235100,0.2135968
0.0235150,0.2135891
0.0235200,0.2135843
0.0235250,0.2135832
0.0235300,0.2135865
0.0235350,0.2135963
0.0235400,0.2136130
0.0235450,0.2136358
0.0235500,0.2136633
0.0235550,0.2136922
0.0235600,0.2137201
0.0235650,0.2137448
0.0235700,0.2137677
0.0235750,0.2137914
0.0235800,0.2138184
0.0235850,0.2138489
0.0235900,0.2138799
0.0235950,0.2139063
0.0236000,0.2204100
0.0236050,0.2203897
0.0236100,0.2203737
0.0236150,0.2203617
0.0236200,0.2203550
0.0236250,0.2203548
0.0236300,0.2203610
0.0236350,0.2203720
0.0236400,0.2203867
0.0236450,0.2204086
0.0236500,0.2204406
0.0236550,0.2204816
0.0236600,0.2205278
0.0236650,0.2205741
0.0236700,0.2206177
0.0236750,0.2206569
0.0236800,0.2206902
0.0236850,0.2207160
0.0236900,0.2207332
0.0236950,0.2207442
0.0237000,0.2205270
0.0237050,0.2205148
0.0237100,0.2205174
0.0237150,0.2205306
0.0237200,0.2205459
0.0237250,0.2205552
0.0237300,0.2205581
0.0237350,0.2205621
0.0237400,0.2205757
0.0237450,0.2206019
0.0237500,0.2206364
0.0237550,0.2206720
0.0237600,0.2207037
0.0237650,0.2207302
0.0237700,0.2207526
0.0237750,0.2207708
0.0237800,0.2207832
0.0237850,0.2207882
0.0237900,0.2207867
0.0237950,0.2207830
0.0238000,0.2275450
0.0238050,0.2275534
0.0238100,0.2275823
0.0238150,0.2276242
0.0238200,0.2276683
0.0238250,0.2277049
0.0238300,0.2277301
0.0238350,0.2277468
0.0238400,0.2277641
0.0238450,0.2277902
0.0238500,0.2278275
0.0238550,0.2278727
0.0238600,0.2279191
0.0238650,0.2279600
0.0238700,0.2279899
0.0238750,0.2280071
0.0238800,0.2280143
0.0238850,0.2280166
0.0238900,0.2280208
0.0238950,0.2280306
0.0239000,0.2272712
0.0239050,0.2272647
0.0239100,0.2272713
0.0239150,0.2272898
0.0239200,0.2273181
0.0239250,0.2273548
0.0239300,0.2273999
0.0239350,0.2274521
0.0239400,0.2275098
0.0239450,0.2275708
0.0239500,0.2276323
0.0239550,0.2276920
0.0239600,0.2277473
0.0239650,0.2277977
0.0239700,0.2278437
0.0239750,0.2278837
0.0239800,0.2279164
0.0239850,0.2279417
0.0239900,0.2279620
0.0239950,0.2279783
0.0240000,0.2203145
0.0240050,0.2203013
0.0240100,0.2203046
0.0240150,0.2203239
0.0240200,0.2203543
0.0240250,0.2203896
0.0240300,0.2204266
0.0240350,0.2204653
0.0240400,0.2205094
0.0240450,0.2205616
0.0240500,0.2206217
0.0240550,0.2206874
0.0240600,0.2207534
0.0240650,0.2208137
0.0240700,0.2208631
0.0240750,0.2209012
0.0240800,0.2209311
0.0240850,0.2209552
0.0240900,0.2209758
0.0240950,0.2209933
0.0241000,0.1901410
0.0241050,0.1901257
0.0241100,0.1901154
0.0241150,0.1901116
0.0241200,0.1901155
0.0241250,0.1901292
0.0241300,0.1901541
0.0241350,0.1901896
0.0241400,0.1902319
0.0241450,0.1902749
0.0241500,0.1903152
0.0241550,0.1903534
0.0241600,0.1903926
0.0241650,0.1904349
0.0241700,0.1904790
0.0241750,0.1905231
0.0241800,0.1905648
0.0241850,0.1906002
0.0241900,0.1906234
0.0241950,0.1906319
0.0242000,0.2411199
0.0242050,0.2411224
0.0242100,0.2411387
0.0242150,0.2411708
0.0242200,0.2412171
0.0242250,0.2412739
0.0242300,0.2413374
0.0242350,0.2414031
0.0242400,0.2414658
0.0242450,0.2415216
0.0242500,0.2415690
0.0242550,0.2416103
0.0242600,0.2416506
0.0242650,0.2416919
0.0242700,0.2417309
0.0242750,0.2417608
0.0242800,0.2417750
0.0242850,0.2417711
0.0242900,0.2417529
0.0242950,0.2417283
0.0243000,0.2275949
0.0243050,0.2275619
0.0243100,0.2275399
0.0243150,0.2275342
0.0243200,0.2275459
0.0243250,0.2275693
0.0243300,0.2275936
0.0243350,0.2276104
0.0243400,0.2276180
0.0243450,0.2276214
0.0243500,0.2276285
0.0243550,0.2276461
0.0243600,0.2276768
0.0243650,0.2277188
0.0243700,0.2277675
0.0243750,0.2278155
0.0243800,0.2278547
0.0243850,0.2278807
0.0243900,0.2278948
0.0243950,0.2279029
0.0244000,0.2473854
0.0244050,0.2473716
0.0244100,0.2473716
0.0244150,0.2473815
0.0244200,0.2473965
0.0244250,0.2474143
0.0244300,0.2474362
0.0244350,0.2474666
0.0244400,0.2475068
0.0244450,0.2475530
0.0244500,0.2476003
0.0244550,0.2476437
0.0244600,0.2476803
0.0244650,0.2477093
0.0244700,0.2477320
0.0244750,0.2477515
0.0244800,0.2477715
0.0244850,0.2477969
0.0244900,0.2478300
0.0244950,0.2478707
0.0245000,0.2202738
0.0245050,0.2203077
0.0245100,0.2203422
0.0245150,0.2203737
0.0245200,0.2204032
0.0245250,0.2204339
0.0245300,0.2204676
0.0245350,0.2205038
0.0245400,0.2205387
0.0245450,0.2205686
0.0245500,0.2205911
0.0245550,0.2206046
0.0245600,0.2206091
0.0245650,0.2206060
0.0245700,0.2205982
0.0245750,0.2205895
0.0245800,0.2205823
0.0245850,0.2205790
0.0245900,0.2205800
0.0245950,0.2205850
0.0246000,0.2272615
0.0246050,0.2272631
0.0246100,0.2272735
0.0246150,0.2272924
0.0246200,0.2273197
0.0246250,0.2273538
0.0246300,0.2273910
0.0246350,0.2274269
0.0246400,0.2274577
0.0246450,0.2274833
0.0246500,0.2275055
0.0246550,0.2275265
0.0246600,0.2275475
0.0246650,0.2275680
0.0246700,0.2275876
0.0246750,0.2276056
0.0246800,0.2276233
0.0246850,0.2276430
0.0246900,0.2276654
0.0246950,0.2276897
0.0247000,0.2272294
0.0247050,0.2272194
0.0247100,0.2272267
0.0247150,0.2272533
0.0247200,0.2272973
0.0247250,0.2273531
0.0247300,0.2274140
0.0247350,0.2274742
0.0247400,0.2275303
0.0247450,0.2275824
0.0247500,0.2276329
0.0247550,0.2276850
0.0247600,0.2277400
0.0247650,0.2277950
0.0247700,0.2278452
0.0247750,0.2278848
0.0247800,0.2279107
0.0247850,0.2279240
0.0247900,0.2279300
0.0247950,0.2279366
0.0248000,0.2474517
0.0248050,0.2474663
0.0248100,0.2474978
0.0248150,0.2475423
0.0248200,0.2475945
0.0248250,0.2476477
0.0248300,0.2476984
0.0248350,0.2477461
0.0248400,0.2477913
0.0248450,0.2478342
0.0248500,0.2478719
0.0248550,0.2478998
0.0248600,0.2479146
0.0248650,0.2479162
0.0248700,0.2479079
0.0248750,0.2478928
0.0248800,0.2478747
0.0248850,0.2478578
0.0248900,0.2478463
0.0248950,0.2478430
0.0249000,0.2063085
0.0249050,0.2063350
0.0249100,0.2063673
0.0249150,0.2063964
0.0249200,0.2064175
0.0249250,0.2064295
0.0249300,0.2064366
0.0249350,0.2064445
0.0249400,0.2064584
0.0249450,0.2064822
0.0249500,0.2065143
0.0249550,0.2065491
0.0249600,0.2065784
0.0249650,0.2065967
0.0249700,0.2066054
0.0249750,0.2066087
0.0249800,0.2066137
0.0249850,0.2066251
0.0249900,0.2066439
0.0249950,0.2066674
0.0250000,0.2344813
0.0250050,0.2344578
0.0250100,0.2344381
0.0250150,0.2344238
0.0250200,0.2344158
0.0250250,0.2344140
0.0250300,0.2344200
0.0250350,0.2344360
0.0250400,0.2344612
0.0250450,0.2344894
0.0250500,0.2345108
0.0250550,0.2345196
0.0250600,0.2345162
0.0250650,0.2345050
0.0250700,0.2344906
0.0250750,0.2344743
0.0250800,0.2344573
0.0250850,0.2344407
0.0250900,0.2344258
0.0250950,0.2344129
0.0251000,0.2204585
0.0251050,0.2204561
0.0251100,0.2204632
0.0251150,0.2204773
0.0251200,0.2204929
0.0251250,0.2205036
0.0251300,0.2205086
0.0251350,0.2205093
0.0251400,0.2205066
0.0251450,0.2205022
0.0251500,0.2204987
0.0251550,0.2205008
0.0251600,0.2205104
0.0251650,0.2205269
0.0251700,0.2205476
0.0251750,0.2205710
0.0251800,0.2205961
0.0251850,0.2206211
0.0251900,0.2206467
0.0251950,0.2206751
0.0252000,0.2470895
0.0252050,0.2471187
0.0252100,0.2471531
0.0252150,0.2471882
0.0252200,0.2472186
0.0252250,0.2472405
0.0252300,0.2472547
0.0252350,0.2472643
0.0252400,0.2472758
0.0252450,0.2472954
0.0252500,0.2473246
0.0252550,0.2473601
0.0252600,0.2473953
0.0252650,0.2474263
0.0252700,0.2474514
0.0252750,0.2474703
0.0252800,0.2474838
0.0252850,0.2474926
0.0252900,0.2475001
0.0252950,0.2475107
0.0253000,0.2055959
0.0253050,0.2056160
0.0253100,0.2056466
0.0253150,0.2056835
0.0253200,0.2057177
0.0253250,0.2057415
0.0253300,0.2057546
0.0253350,0.2057658
0.0253400,0.2057868
0.0253450,0.2058214
0.0253500,0.2058644
0.0253550,0.2059056
0.0253600,0.2059355
0.0253650,0.2059502
0.0253700,0.2059512
0.0253750,0.2059470
0.0253800,0.2059476
0.0253850,0.2059593
0.0253900,0.2059811
0.0253950,0.2060067
0.0254000,0.1980405
0.0254050,0.1980477
0.0254100,0.1980513
0.0254150,0.1980570
0.0254200,0.1980708
0.0254250,0.1980955
0.0254300,0.1981278
0.0254350,0.1981618
0.0254400,0.1981944
0.0254450,0.1982251
0.0254500,0.1982551
0.0254550,0.1982833
0.0254600,0.1983098
0.0254650,0.1983376
0.0254700,0.1983701
0.0254750,0.1984090
0.0254800,0.1984509
0.0254850,0.1984890
0.0254900,0.1985175
0.0254950,0.1985339
0.0255000,0.1980611
0.0255050,0.1980477
0.0255100,0.1980423
0.0255150,0.1980438
0.0255200,0.1980498
0.0255250,0.1980589
0.0255300,0.1980694
0.0255350,0.1980809
0.0255400,0.1980926
0.0255450,0.1981047
0.0255500,0.1981197
0.0255550,0.1981410
0.0255600,0.1981696
0.0255650,0.1982013
0.0255700,0.1982296
0.0255750,0.1982513
0.0255800,0.1982680
0.0255850,0.1982842
0.0255900,0.1983030
0.0255950,0.1983246
0.0256000,0.1980836
0.0256050,0.1980798
0.0256100,0.1980758
0.0256150,0.1980714
0.0256200,0.1980677
0.0256250,0.1980653
0.0256300,0.1980636
0.0256350,0.1980623
0.0256400,0.1980602
0.0256450,0.1980567
0.0256500,0.1980525
0.0256550,0.1980510
0.0256600,0.1980574
0.0256650,0.1980754
0.0256700,0.1981049
0.0256750,0.1981425
0.0256800,0.1981829
0.0256850,0.1982221
0.0256900,0.1982587
0.0256950,0.1982943
0.0257000,0.1895341
0.0257050,0.1895725
0.0257100,0.1896215
0.0257150,0.1896742
0.0257200,0.1897237
0.0257250,0.1897682
0.0257300,0.1898099
0.0257350,0.1898520
0.0257400,0.1898937
0.0257450,0.1899337
0.0257500,0.1899730
0.0257550,0.1900135
0.0257600,0.1900566
0.0257650,0.1901008
0.0257700,0.1901435
0.0257750,0.1901823
0.0257800,0.1902158
0.0257850,0.1902446
0.0257900,0.1902700
0.0257950,0.1902948
0.0258000,0.2060684
0.0258050,0.2060770
0.0258100,0.2060926
0.0258150,0.2061122
0.0258200,0.2061311
0.0258250,0.2061449
0.0258300,0.2061526
0.0258350,0.2061583
0.0258400,0.2061691
0.0258450,0.2061920
0.0258500,0.2062287
0.0258550,0.2062718
0.0258600,0.2063112
0.0258650,0.2063391
0.0258700,0.2063546
0.0258750,0.2063636
0.0258800,0.2063706
0.0258850,0.2063778
0.0258900,0.2063846
0.0258950,0.2063914
0.0259000,0.2343983
0.0259050,0.2344091
0.0259100,0.2344306
0.0259150,0.2344567
0.0259200,0.2344845
0.0259250,0.2345147
0.0259300,0.2345498
0.0259350,0.2345907
0.0259400,0.2346346
0.0259450,0.2346782
0.0259500,0.2347199
0.0259550,0.2347591
0.0259600,0.2347938
0.0259650,0.2348204
0.0259700,0.2348377
0.0259750,0.2348476
0.0259800,0.2348541
0.0259850,0.2348620
0.0259900,0.2348727
0.0259950,0.2348851
0.0260000,0.2581730
0.0260050,0.2581513
0.0260100,0.2581336
0.0260150,0.2581261
0.0260200,0.2581334
0.0260250,0.2581541
0.0260300,0.2581822
0.0260350,0.2582119
0.0260400,0.2582408
0.0260450,0.2582705
0.0260500,0.2583029
0.0260550,0.2583399
0.0260600,0.2583831
0.0260650,0.2584327
0.0260700,0.2584882
0.0260750,0.2585476
0.0260800,0.2586075
0.0260850,0.2586650
0.0260900,0.2587189
0.0260950,0.2587703
0.0261000,0.2472293
0.0261050,0.2472567
0.0261100,0.2472969
0.0261150,0.2473425
0.0261200,0.2473865
0.0261250,0.2474262
0.0261300,0.2474630
0.0261350,0.2475003
0.0261400,0.2475411
0.0261450,0.2475866
0.0261500,0.2476365
0.0261550,0.2476904
0.0261600,0.2477450
0.0261650,0.2477933
0.0261700,0.2478291
0.0261750,0.2478506
0.0261800,0.2478624
0.0261850,0.2478715
0.0261900,0.2478833
0.0261950,0.2478991
0.0262000,0.1984602
0.0262050,0.1984559
0.0262100,0.1984518
0.0262150,0.1984465
0.0262200,0.1984384
0.0262250,0.1984272
0.0262300,0.1984165
0.0262350,0.1984109
0.0262400,0.1984132
0.0262450,0.1984233
0.0262500,0.1984381
0.0262550,0.1984553
0.0262600,0.1984750
0.0262650,0.1984986
0.0262700,0.1985239
0.0262750,0.1985472
0.0262800,0.1985661
0.0262850,0.1985808
0.0262900,0.1985935
0.0262950,0.1986060
0.0263000,0.2135992
0.0263050,0.2136167
0.0263100,0.2136334
0.0263150,0.2136463
0.0263200,0.2136571
0.0263250,0.2136706
0.0263300,0.2136906
0.0263350,0.2137161
0.0263400,0.2137417
0.0263450,0.2137619
0.0263500,0.2137735
0.0263550,0.2137771
0.0263600,0.2137758
0.0263650,0.2137731
0.0263700,0.2137722
0.0263750,0.2137746
0.0263800,0.2137808
0.0263850,0.2137901
0.0263900,0.2138014
0.0263950,0.2138128
0.0264000,0.1980713
0.0264050,0.1980811
0.0264100,0.1980945
0.0264150,0.1981113
0.0264200,0.1981314
0.0264250,0.1981551
0.0264300,0.1981847
0.0264350,0.1982204
0.0264400,0.1982598
0.0264450,0.1982983
0.0264500,0.1983315
0.0264550,0.1983581
0.0264600,0.1983773
0.0264650,0.1983895
0.0264700,0.1983963
0.0264750,0.1983996
0.0264800,0.1984042
0.0264850,0.1984144
0.0264900,0.1984325
0.0264950,0.1984559
0.0265000,0.1900304
0.0265050,0.1900600
0.0265100,0.1900968
0.0265150,0.1901384
0.0265200,0.1901827
0.0265250,0.1902284
0.0265300,0.1902751
0.0265350,0.1903199
0.0265400,0.1903611
0.0265450,0.1903964
0.0265500,0.1904252
0.0265550,0.1904479
0.0265600,0.1904647
0.0265650,0.1904777
0.0265700,0.1904898
0.0265750,0.1905047
0.0265800,0.1905245
0.0265850,0.1905480
0.0265900,0.1905742
0.0265950,0.1905999
0.0266000,0.2136306
0.0266050,0.2136380
0.0266100,0.2136545
0.0266150,0.2136771
0.0266200,0.2137032
0.0266250,0.2137323
0.0266300,0.2137649
0.0266350,0.2138001
0.0266400,0.2138377
0.0266450,0.2138747
0.0266500,0.2139085
0.0266550,0.2139388
0.0266600,0.2139654
0.0266650,0.2139869
0.0266700,0.2139996
0.0266750,0.2140024
0.0266800,0.2139984
0.0266850,0.2139914
0.0266900,0.2139863
0.0266950,0.2139834
0.0267000,0.2059422
0.0267050,0.2059572
0.0267100,0.2059679
0.0267150,0.2059793
0.0267200,0.2059982
0.0267250,0.2060305
0.0267300,0.2060775
0.0267350,0.2061349
0.0267400,0.2061968
0.0267450,0.2062548
0.0267500,0.2063028
0.0267550,0.2063388
0.0267600,0.2063644
0.0267650,0.2063860
0.0267700,0.2064095
0.0267750,0.2064377
0.0267800,0.2064677
0.0267850,0.2064924
0.0267900,0.2065068
0.0267950,0.2065084
0.0268000,0.2060741
0.0268050,0.2060773
0.0268100,0.2060814
0.0268150,0.2060853
0.0268200,0.2060870
0.0268250,0.2060871
0.0268300,0.2060870
0.0268350,0.2060890
0.0268400,0.2060949
0.0268450,0.2061035
0.0268500,0.2061136
0.0268550,0.2061221
0.0268600,0.2061251
0.0268650,0.2061214
0.0268700,0.2061123
0.0268750,0.2061022
0.0268800,0.2060936
0.0268850,0.2060893
0.0268900,0.2060907
0.0268950,0.2060976
0.0269000,0.1726604
0.0269050,0.1726683
0.0269100,0.1726794
0.0269150,0.1726911
0.0269200,0.1727027
0.0269250,0.1727159
0.0269300,0.1727308
0.0269350,0.1727475
0.0269400,0.1727638
0.0269450,0.1727775
0.0269500,0.1727890
0.0269550,0.1727980
0.0269600,0.1728060
0.0269650,0.1728124
0.0269700,0.1728167
0.0269750,0.1728210
0.0269800,0.1728266
0.0269850,0.1728366
0.0269900,0.1728516
0.0269950,0.1728710
0.0270000,0.1973489
0.0270050,0.1973679
0.0270100,0.1973899
0.0270150,0.1974133
0.0270200,0.1974387
0.0270250,0.1974685
0.0270300,0.1975036
0.0270350,0.1975463
0.0270400,0.1975942
0.0270450,0.1976422
0.0270500,0.1976831
0.0270550,0.1977114
0.0270600,0.1977317
0.0270650,0.1977519
0.0270700,0.1977775
0.0270750,0.1978089
0.0270800,0.1978408
0.0270850,0.1978689
0.0270900,0.1978899
0.0270950,0.1979039
0.0271000,0.2058718
0.0271050,0.2058785
0.0271100,0.2058882
0.0271150,0.2058967
0.0271200,0.2059057
0.0271250,0.2059192
0.0271300,0.2059397
0.0271350,0.2059696
0.0271400,0.2060056
0.0271450,0.2060407
0.0271500,0.2060679
0.0271550,0.2060833
0.0271600,0.2060899
0.0271650,0.2060918
0.0271700,0.2060927
0.0271750,0.2060944
0.0271800,0.2060964
0.0271850,0.2060994
0.0271900,0.2061034
0.0271950,0.2061085
0.0272000,0.1815169
0.0272050,0.1815004
0.0272100,0.1814940
0.0272150,0.1814976
0.0272200,0.1815107
0.0272250,0.1815309
0.0272300,0.1815551
0.0272350,0.1815829
0.0272400,0.1816139
0.0272450,0.1816493
0.0272500,0.1816893
0.0272550,0.1817314
0.0272600,0.1817739
0.0272650,0.1818146
0.0272700,0.1818534
0.0272750,0.1818901
0.0272800,0.1819236
0.0272850,0.1819536
0.0272900,0.1819787
0.0272950,0.1819983
0.0273000,0.2277884
0.0273050,0.2277618
0.0273100,0.2277479
0.0273150,0.2277488
0.0273200,0.2277638
0.0273250,0.2277886
0.0273300,0.2278190
0.0273350,0.2278533
0.0273400,0.2278901
0.0273450,0.2279304
0.0273500,0.2279743
0.0273550,0.2280202
0.0273600,0.2280653
0.0273650,0.2281063
0.0273700,0.2281437
0.0273750,0.2281782
0.0273800,0.2282105
0.0273850,0.2282397
0.0273900,0.2282630
0.0273950,0.2282817
0.0274000,0.1897139
0.0274050,0.1897254
0.0274100,0.1897338
0.0274150,0.1897343
0.0274200,0.1897268
0.0274250,0.1897133
0.0274300,0.1896989
0.0274350,0.1896910
0.0274400,0.1896957
0.0274450,0.1897153
0.0274500,0.1897469
0.0274550,0.1897863
0.0274600,0.1898272
0.0274650,0.1898618
0.0274700,0.1898868
0.0274750,0.1899054
0.0274800,0.1899249
0.0274850,0.1899502
0.0274900,0.1899809
0.0274950,0.1900143
0.0275000,0.2134191
0.0275050,0.2134328
0.0275100,0.2134420
0.0275150,0.2134457
0.0275200,0.2134459
0.0275250,0.2134453
0.0275300,0.2134485
0.0275350,0.2134597
0.0275400,0.2134810
0.0275450,0.2135118
0.0275500,0.2135469
0.0275550,0.2135798
0.0275600,0.2136027
0.0275650,0.2136124
0.0275700,0.2136132
0.0275750,0.2136139
0.0275800,0.2136246
0.0275850,0.2136492
0.0275900,0.2136838
0.0275950,0.2137209
0.0276000,0.1901521
0.0276050,0.1901224
0.0276100,0.1900975
0.0276150,0.1900794
0.0276200,0.1900688
0.0276250,0.1900627
0.0276300,0.1900589
0.0276350,0.1900552
0.0276400,0.1900498
0.0276450,0.1900431
0.0276500,0.1900362
0.0276550,0.1900330
0.0276600,0.1900342
0.0276650,0.1900397
0.0276700,0.1900482
0.0276750,0.1900570
0.0276800,0.1900672
0.0276850,0.1900790
0.0276900,0.1900933
0.0276950,0.1901121
0.0277000,0.2340912
0.0277050,0.2340959
0.0277100,0.2341075
0.0277150,0.2341237
0.0277200,0.2341433
0.0277250,0.2341659
0.0277300,0.2341925
0.0277350,0.2342229
0.0277400,0.2342572
0.0277450,0.2342959
0.0277500,0.2343373
0.0277550,0.2343783
0.0277600,0.2344151
0.0277650,0.2344452
0.0277700,0.2344695
0.0277750,0.2344900
0.0277800,0.2345083
0.0277850,0.2345243
0.0277900,0.2345376
0.0277950,0.2345477
0.0278000,0.2342089
0.0278050,0.2341935
0.0278100,0.2341789
0.0278150,0.2341716
0.0278200,0.2341768
0.0278250,0.2341958
0.0278300,0.2342272
0.0278350,0.2342670
0.0278400,0.2343107
0.0278450,0.2343562
0.0278500,0.2344027
0.0278550,0.2344512
0.0278600,0.2345025
0.0278650,0.2345589
0.0278700,0.2346205
0.0278750,0.2346834
0.0278800,0.2347419
0.0278850,0.2347881
0.0278900,0.2348166
0.0278950,0.2348276
0.0279000,0.2205041
0.0279050,0.2204801
0.0279100,0.2204677
0.0279150,0.2204693
0.0279200,0.2204844
0.0279250,0.2205119
0.0279300,0.2205503
0.0279350,0.2205964
0.0279400,0.2206488
0.0279450,0.2207061
0.0279500,0.2207665
0.0279550,0.2208292
0.0279600,0.2208926
0.0279650,0.2209572
0.0279700,0.2210223
0.0279750,0.2210852
0.0279800,0.2211416
0.0279850,0.2211873
0.0279900,0.2212225
0.0279950,0.2212489
0.0280000,0.1978206
0.0280050,0.1978355
0.0280100,0.1978581
0.0280150,0.1978889
0.0280200,0.1979247
0.0280250,0.1979617
0.0280300,0.1979970
0.0280350,0.1980297
0.0280400,0.1980635
0.0280450,0.1981001
0.0280500,0.1981381
0.0280550,0.1981742
0.0280600,0.1982028
0.0280650,0.1982221
0.0280700,0.1982328
0.0280750,0.1982391
0.0280800,0.1982480
0.0280850,0.1982626
0.0280900,0.1982821
0.0280950,0.1983014
0.0281000,0.2130851
0.0281050,0.2130986
0.0281100,0.2131256
0.0281150,0.2131642
0.0281200,0.2132094
0.0281250,0.2132580
0.0281300,0.2133080
0.0281350,0.2133580
0.0281400,0.2134088
0.0281450,0.2134576
0.0281500,0.2135029
0.0281550,0.2135452
0.0281600,0.2135859
0.0281650,0.2136265
0.0281700,0.2136639
0.0281750,0.2136951
0.0281800,0.2137182
0.0281850,0.2137349
0.0281900,0.2137517
0.0281950,0.2137734
0.0282000,0.2208065
0.0282050,0.2208048
0.0282100,0.2208054
0.0282150,0.2208105
0.0282200,0.2208200
0.0282250,0.2208338
0.0282300,0.2208513
0.0282350,0.2208718
0.0282400,0.2208962
0.0282450,0.2209240
0.0282500,0.2209540
0.0282550,0.2209830
0.0282600,0.2210070
0.0282650,0.2210240
0.0282700,0.2210347
0.0282750,0.2210445
0.0282800,0.2210567
0.0282850,0.2210707
0.0282900,0.2210829
0.0282950,0.2210891
0.0283000,0.2535585
0.0283050,0.2535533
0.0283100,0.2535612
0.0283150,0.2535837
0.0283200,0.2536169
0.0283250,0.2536543
0.0283300,0.2536900
0.0283350,0.2537220
0.0283400,0.2537520
0.0283450,0.2537819
0.0283500,0.2538133
0.0283550,0.2538452
0.0283600,0.2538772
0.0283650,0.2539099
0.0283700,0.2539411
0.0283750,0.2539683
0.0283800,0.2539895
0.0283850,0.2540057
0.0283900,0.2540201
0.0283950,0.2540359
0.0284000,0.2344283
0.0284050,0.2344456
0.0284100,0.2344693
0.0284150,0.2344969
0.0284200,0.2345254
0.0284250,0.2345537
0.0284300,0.2345797
0.0284350,0.2346025
0.0284400,0.2346232
0.0284450,0.2346433
0.0284500,0.2346646
0.0284550,0.2346857
0.0284600,0.2347053
0.0284650,0.2347242
0.0284700,0.2347440
0.0284750,0.2347665
0.0284800,0.2347917
0.0284850,0.2348192
0.0284900,0.2348486
0.0284950,0.2348782
0.0285000,0.2058755
0.0285050,0.2058948
0.0285100,0.2059143
0.0285150,0.2059302
0.0285200,0.2059411
0.0285250,0.2059507
0.0285300,0.2059645
0.0285350,0.2059875
0.0285400,0.2060212
0.0285450,0.2060625
0.0285500,0.2061069
0.0285550,0.2061494
0.0285600,0.2061887
0.0285650,0.2062252
0.0285700,0.2062615
0.0285750,0.2063010
0.0285800,0.2063432
0.0285850,0.2063867
0.0285900,0.2064285
0.0285950,0.2064638
0.0286000,0.1981167
0.0286050,0.1981280
0.0286100,0.1981387
0.0286150,0.1981505
0.0286200,0.1981662
0.0286250,0.1981889
0.0286300,0.1982199
0.0286350,0.1982589
0.0286400,0.1983033
0.0286450,0.1983479
0.0286500,0.1983888
0.0286550,0.1984225
0.0286600,0.1984492
0.0286650,0.1984703
0.0286700,0.1984875
0.0286750,0.1985030
0.0286800,0.1985188
0.0286850,0.1985346
0.0286900,0.1985462
0.0286950,0.1985501
0.0287000,0.2059556
0.0287050,0.2059334
0.0287100,0.2059179
0.0287150,0.2059103
0.0287200,0.2059093
0.0287250,0.2059108
0.0287300,0.2059096
0.0287350,0.2059035
0.0287400,0.2058938
0.0287450,0.2058852
0.0287500,0.2058830
0.0287550,0.2058914
0.0287600,0.2059126
0.0287650,0.2059437
0.0287700,0.2059791
0.0287750,0.2060136
0.0287800,0.2060457
0.0287850,0.2060773
0.0287900,0.2061111
0.0287950,0.2061489
0.0288000,0.1980206
0.0288050,0.1980544
0.0288100,0.1980941
0.0288150,0.1981397
0.0288200,0.1981913
0.0288250,0.1982476
0.0288300,0.1983049
0.0288350,0.1983587
0.0288400,0.1984052
0.0288450,0.1984444
0.0288500,0.1984779
0.0288550,0.1985064
0.0288600,0.1985286
0.0288650,0.1985430
0.0288700,0.1985510
0.0288750,0.1985549
0.0288800,0.1985555
0.0288850,0.1985521
0.0288900,0.1985447
0.0288950,0.1985339
0.0289000,0.2206922
0.0289050,0.2206805
0.0289100,0.2206824
0.0289150,0.2206970
0.0289200,0.2207206
0.0289250,0.2207476
0.0289300,0.2207730
0.0289350,0.2207947
0.0289400,0.2208139
0.0289450,0.2208346
0.0289500,0.2208604
0.0289550,0.2208916
0.0289600,0.2209242
0.0289650,0.2209526
0.0289700,0.2209721
0.0289750,0.2209813
0.0289800,0.2209828
0.0289850,0.2209810
0.0289900,0.2209780
0.0289950,0.2209746
0.0290000,0.2409320
0.0290050,0.2409287
0.0290100,0.2409329
0.0290150,0.2409416
0.0290200,0.2409519
0.0290250,0.2409635
0.0290300,0.2409802
0.0290350,0.2410064
0.0290400,0.2410441
0.0290450,0.2410915
0.0290500,0.2411436
0.0290550,0.2411940
0.0290600,0.2412377
0.0290650,0.2412721
0.0290700,0.2412982
0.0290750,0.2413185
0.0290800,0.2413358
0.0290850,0.2413523
0.0290900,0.2413669
0.0290950,0.2413769
0.0291000,0.2592080
0.0291050,0.2591988
0.0291100,0.2592057
0.0291150,0.2592285
0.0291200,0.2592662
0.0291250,0.2593162
0.0291300,0.2593756
0.0291350,0.2594422
0.0291400,0.2595132
0.0291450,0.2595856
0.0291500,0.2596556
0.0291550,0.2597185
0.0291600,0.2597693
0.0291650,0.2598040
0.0291700,0.2598221
0.0291750,0.2598270
0.0291800,0.2598237
0.0291850,0.2598179
0.0291900,0.2598136
0.0291950,0.2598121
0.0292000,0.2203951
0.0292050,0.2204041
0.0292100,0.2204173
0.0292150,0.2204342
0.0292200,0.2204537
0.0292250,0.2204735
0.0292300,0.2204919
0.0292350,0.2205090
0.0292400,0.2205257
0.0292450,0.2205438
0.0292500,0.2205639
0.0292550,0.2205852
0.0292600,0.2206068
0.0292650,0.2206274
0.0292700,0.2206471
0.0292750,0.2206659
0.0292800,0.2206824
0.0292850,0.2206953
0.0292900,0.2207054
0.0292950,0.2207168
0.0293000,0.2275148
0.0293050,0.2275329
0.0293100,0.2275654
0.0293150,0.2276092
0.0293200,0.2276615
0.0293250,0.2277193
0.0293300,0.2277783
0.0293350,0.2278345
0.0293400,0.2278856
0.0293450,0.2279311
0.0293500,0.2279711
0.0293550,0.2280063
0.0293600,0.2280364
0.0293650,0.2280603
0.0293700,0.2280772
0.0293750,0.2280876
0.0293800,0.2280939
0.0293850,0.2280985
0.0293900,0.2281038
0.0293950,0.2281117
0.0294000,0.2599155
0.0294050,0.2599309
0.0294100,0.2599458
0.0294150,0.2599575
0.0294200,0.2599656
0.0294250,0.2599703
0.0294300,0.2599725
0.0294350,0.2599752
0.0294400,0.2599822
0.0294450,0.2599952
0.0294500,0.2600135
0.0294550,0.2600356
0.0294600,0.2600588
0.0294650,0.2600825
0.0294700,0.2601082
0.0294750,0.2601392
0.0294800,0.2601801
0.0294850,0.2602320
0.0294900,0.2602906
0.0294950,0.2603485
0.0295000,0.2344695
0.0295050,0.2345002
0.0295100,0.2345304
0.0295150,0.2345556
0.0295200,0.2345737
0.0295250,0.2345864
0.0295300,0.2345985
0.0295350,0.2346145
0.0295400,0.2346364
0.0295450,0.2346625
0.0295500,0.2346888
0.0295550,0.2347109
0.0295600,0.2347270
0.0295650,0.2347397
0.0295700,0.2347535
0.0295750,0.2347722
0.0295800,0.2347971
0.0295850,0.2348272
0.0295900,0.2348603
0.0295950,0.2348944
0.0296000,0.1727968
0.0296050,0.1727844
0.0296100,0.1727776
0.0296150,0.1727769
0.0296200,0.1727839
0.0296250,0.1728013
0.0296300,0.1728298
0.0296350,0.1728653
0.0296400,0.1729001
0.0296450,0.1729266
0.0296500,0.1729419
0.0296550,0.1729489
0.0296600,0.1729532
0.0296650,0.1729598
0.0296700,0.1729700
0.0296750,0.1729822
0.0296800,0.1729920
0.0296850,0.1729965
0.0296900,0.1729936
0.0296950,0.1729841
0.0297000,0.2059236
0.0297050,0.2059234
0.0297100,0.2059394
0.0297150,0.2059752
0.0297200,0.2060316
0.0297250,0.2061034
0.0297300,0.2061817
0.0297350,0.2062571
0.0297400,0.2063240
0.0297450,0.2063819
0.0297500,0.2064338
0.0297550,0.2064821
0.0297600,0.2065290
0.0297650,0.2065753
0.0297700,0.2066181
0.0297750,0.2066521
0.0297800,0.2066715
0.0297850,0.2066744
0.0297900,0.2066643
0.0297950,0.2066491
0.0298000,0.1820068
0.0298050,0.1819841
0.0298100,0.1819699
0.0298150,0.1819635
0.0298200,0.1819643
0.0298250,0.1819706
0.0298300,0.1819797
0.0298350,0.1819904
0.0298400,0.1820022
0.0298450,0.1820151
0.0298500,0.1820292
0.0298550,0.1820435
0.0298600,0.1820570
0.0298650,0.1820678
0.0298700,0.1820749
0.0298750,0.1820777
0.0298800,0.1820760
0.0298850,0.1820727
0.0298900,0.1820693
0.0298950,0.1820663
0.0299000,0.2278570
0.0299050,0.2278761
0.0299100,0.2279118
0.0299150,0.2279581
0.0299200,0.2280086
0.0299250,0.2280588
0.0299300,0.2281073
0.0299350,0.2281546
0.0299400,0.2282004
0.0299450,0.2282454
0.0299500,0.2282898
0.0299550,0.2283322
0.0299600,0.2283702
0.0299650,0.2283993
0.0299700,0.2284179
0.0299750,0.2284253
0.0299800,0.2284232
0.0299850,0.2284158
0.0299900,0.2284081
0.0299950,0.2284049
0.0300000,0.2062372
0.0300050,0.2062311
0.0300100,0.2062344
0.0300150,0.2062446
0.0300200,0.2062588
0.0300250,0.2062736
0.0300300,0.2062866
0.0300350,0.2062981
0.0300400,0.2063096
0.0300450,0.2063245
0.0300500,0.2063461
0.0300550,0.2063767
0.0300600,0.2064158
0.0300650,0.2064599
0.0300700,0.2065048
0.0300750,0.2065457
0.0300800,0.2065813
0.0300850,0.2066132
0.0300900,0.2066437
0.0300950,0.2066751
0.0301000,0.2475400
0.0301050,0.2475520
0.0301100,0.2475680
0.0301150,0.2475860
0.0301200,0.2476060
0.0301250,0.2476271
0.0301300,0.2476489
0.0301350,0.2476716
0.0301400,0.2476955
0.0301450,0.2477211
0.0301500,0.2477470
0.0301550,0.2477704
0.0301600,0.2477883
0.0301650,0.2477982
0.0301700,0.2478005
0.0301750,0.2477970
0.0301800,0.2477918
0.0301850,0.2477885
0.0301900,0.2477895
0.0301950,0.2477951
0.0302000,0.2344777
0.0302050,0.2344681
0.0302100,0.2344663
0.0302150,0.2344691
0.0302200,0.2344763
0.0302250,0.2344894
0.0302300,0.2345114
0.0302350,0.2345422
0.0302400,0.2345770
0.0302450,0.2346109
0.0302500,0.2346415
0.0302550,0.2346712
0.0302600,0.2347026
0.0302650,0.2347343
0.0302700,0.2347623
0.0302750,0.2347816
0.0302800,0.2347921
0.0302850,0.2347980
0.0302900,0.2348058
0.0302950,0.2348190
0.0303000,0.2057709
0.0303050,0.2057852
0.0303100,0.2058084
0.0303150,0.2058364
0.0303200,0.2058673
0.0303250,0.2058993
0.0303300,0.2059321
0.0303350,0.2059647
0.0303400,0.2059948
0.0303450,0.2060223
0.0303500,0.2060470
0.0303550,0.2060722
0.0303600,0.2061001
0.0303650,0.2061313
0.0303700,0.2061648
0.0303750,0.2061965
0.0303800,0.2062250
0.0303850,0.2062479
0.0303900,0.2062642
0.0303950,0.2062740
0.0304000,0.2275754
0.0304050,0.2275715
0.0304100,0.2275684
0.0304150,0.2275653
0.0304200,0.2275625
0.0304250,0.2275580
0.0304300,0.2275511
0.0304350,0.2275419
0.0304400,0.2275354
0.0304450,0.2275396
0.0304500,0.2275585
0.0304550,0.2275910
0.0304600,0.2276306
0.0304650,0.2276712
0.0304700,0.2277093
0.0304750,0.2277432
0.0304800,0.2277749
0.0304850,0.2278061
0.0304900,0.2278397
0.0304950,0.2278769
0.0305000,0.2207285
0.0305050,0.2207337
0.0305100,0.2207381
0.0305150,0.2207452
0.0305200,0.2207600
0.0305250,0.2207861
0.0305300,0.2208233
0.0305350,0.2208656
0.0305400,0.2209055
0.0305450,0.2209364
0.0305500,0.2209558
0.0305550,0.2209662
0.0305600,0.2209716
0.0305650,0.2209781
0.0305700,0.2209891
0.0305750,0.2210050
0.0305800,0.2210251
0.0305850,0.2210458
0.0305900,0.2210646
0.0305950,0.2210782
0.0306000,0.2205054
0.0306050,0.2205041
0.0306100,0.2205065
0.0306150,0.2205150
0.0306200,0.2205300
0.0306250,0.2205515
0.0306300,0.2205779
0.0306350,0.2206042
0.0306400,0.2206262
0.0306450,0.2206416
0.0306500,0.2206516
0.0306550,0.2206604
0.0306600,0.2206714
0.0306650,0.2206887
0.0306700,0.2207119
0.0306750,0.2207385
0.0306800,0.2207644
0.0306850,0.2207847
0.0306900,0.2207988
0.0306950,0.2208073
0.0307000,0.2474329
0.0307050,0.2474325
0.0307100,0.2474483
0.0307150,0.2474760
0.0307200,0.2475083
0.0307250,0.2475397
0.0307300,0.2475678
0.0307350,0.2475922
0.0307400,0.2476159
0.0307450,0.2476424
0.0307500,0.2476761
0.0307550,0.2477206
0.0307600,0.2477759
0.0307650,0.2478373
0.0307700,0.2478947
0.0307750,0.2479384
0.0307800,0.2479645
0.0307850,0.2479769
0.0307900,0.2479840
0.0307950,0.2479917
0.0308000,0.1975222
0.0308050,0.1975249
0.0308100,0.1975274
0.0308150,0.1975280
0.0308200,0.1975265
0.0308250,0.1975261
0.0308300,0.1975304
0.0308350,0.1975416
0.0308400,0.1975607
0.0308450,0.1975865
0.0308500,0.1976159
0.0308550,0.1976424
0.0308600,0.1976615
0.0308650,0.1976742
0.0308700,0.1976850
0.0308750,0.1977003
0.0308800,0.1977236
0.0308850,0.1977558
0.0308900,0.1977959
0.0308950,0.1978400
0.0309000,0.2276537
0.0309050,0.2276665
0.0309100,0.2276735
0.0309150,0.2276732
0.0309200,0.2276704
0.0309250,0.2276737
0.0309300,0.2276890
0.0309350,0.2277168
0.0309400,0.2277526
0.0309450,0.2277895
0.0309500,0.2278230
0.0309550,0.2278506
0.0309600,0.2278716
0.0309650,0.2278874
0.0309700,0.2279001
0.0309750,0.2279140
0.0309800,0.2279325
0.0309850,0.2279567
0.0309900,0.2279825
0.0309950,0.2280036
0.0310000,0.2342997
0.0310050,0.2342953
0.0310100,0.2342963
0.0310150,0.2343005
0.0310200,0.2343069
0.0310250,0.2343171
0.0310300,0.2343303
0.0310350,0.2343431
0.0310400,0.2343526
0.0310450,0.2343588
0.0310500,0.2343662
0.0310550,0.2343791
0.0310600,0.2343991
0.0310650,0.2344231
0.0310700,0.2344461
0.0310750,0.2344656
0.0310800,0.2344813
0.0310850,0.2344958
0.0310900,0.2345118
0.0310950,0.2345320
0.0311000,0.2277408
0.0311050,0.2277324
0.0311100,0.2277365
0.0311150,0.2277496
0.0311200,0.2277687
0.0311250,0.2277926
0.0311300,0.2278204
0.0311350,0.2278514
0.0311400,0.2278841
0.0311450,0.2279203
0.0311500,0.2279629
0.0311550,0.2280112
0.0311600,0.2280615
0.0311650,0.2281086
0.0311700,0.2281497
0.0311750,0.2281850
0.0311800,0.2282164
0.0311850,0.2282469
0.0311900,0.2282775
0.0311950,0.2283058
0.0312000,0.2534085
0.0312050,0.2534340
0.0312100,0.2534498
0.0312150,0.2534553
0.0312200,0.2534562
0.0312250,0.2534614
0.0312300,0.2534770
0.0312350,0.2535041
0.0312400,0.2535390
0.0312450,0.2535756
0.0312500,0.2536081
0.0312550,0.2536343
0.0312600,0.2536564
0.0312650,0.2536786
0.0312700,0.2537055
0.0312750,0.2537399
0.0312800,0.2537804
0.0312850,0.2538234
0.0312900,0.2538634
0.0312950,0.2538958
0.0313000,0.2473097
0.0313050,0.2473022
0.0313100,0.2473004
0.0313150,0.2473048
0.0313200,0.2473166
0.0313250,0.2473362
0.0313300,0.2473607
0.0313350,0.2473854
0.0313400,0.2474074
0.0313450,0.2474272
0.0313500,0.2474494
0.0313550,0.2474784
0.0313600,0.2475167
0.0313650,0.2475634
0.0313700,0.2476137
0.0313750,0.2476612
0.0313800,0.2477002
0.0313850,0.2477291
0.0313900,0.2477506
0.0313950,0.2477700
0.0314000,0.2203920
0.0314050,0.2204030
0.0314100,0.2204273
0.0314150,0.2204633
0.0314200,0.2205072
0.0314250,0.2205551
0.0314300,0.2206030
0.0314350,0.2206487
0.0314400,0.2206908
0.0314450,0.2207302
0.0314500,0.2207688
0.0314550,0.2208077
0.0314600,0.2208461
0.0314650,0.2208814
0.0314700,0.2209120
0.0314750,0.2209378
0.0314800,0.2209598
0.0314850,0.2209789
0.0314900,0.2209964
0.0314950,0.2210141
0.0315000,0.2342988
0.0315050,0.2343234
0.0315100,0.2343523
0.0315150,0.2343817
0.0315200,0.2344112
0.0315250,0.2344411
0.0315300,0.2344701
0.0315350,0.2344955
0.0315400,0.2345156
0.0315450,0.2345311
0.0315500,0.2345452
0.0315550,0.2345610
0.0315600,0.2345799
0.0315650,0.2346010
0.0315700,0.2346231
0.0315750,0.2346464
0.0315800,0.2346715
0.0315850,0.2346974
0.0315900,0.2347219
0.0315950,0.2347448
0.0316000,0.2204111
0.0316050,0.2204412
0.0316100,0.2204873
0.0316150,0.2205423
0.0316200,0.2205977
0.0316250,0.2206482
0.0316300,0.2206923
0.0316350,0.2207334
0.0316400,0.2207765
0.0316450,0.2208248
0.0316500,0.2208774
0.0316550,0.2209293
0.0316600,0.2209757
0.0316650,0.2210120
0.0316700,0.2210361
0.0316750,0.2210491
0.0316800,0.2210552
0.0316850,0.2210595
0.0316900,0.2210652
0.0316950,0.2210738
0.0317000,0.2060348
0.0317050,0.2060486
0.0317100,0.2060717
0.0317150,0.2060974
0.0317200,0.2061204
0.0317250,0.2061387
0.0317300,0.2061534
0.0317350,0.2061669
0.0317400,0.2061834
0.0317450,0.2062087
0.0317500,0.2062448
0.0317550,0.2062846
0.0317600,0.2063162
0.0317650,0.2063295
0.0317700,0.2063223
0.0317750,0.2063003
0.0317800,0.2062738
0.0317850,0.2062525
0.0317900,0.2062419
0.0317950,0.2062444
0.0318000,0.2058907
0.0318050,0.2058864
0.0318100,0.2058894
0.0318150,0.2058951
0.0318200,0.2059013
0.0318250,0.2059076
0.0318300,0.2059163
0.0318350,0.2059318
0.0318400,0.2059576
0.0318450,0.2059931
0.0318500,0.2060332
0.0318550,0.2060723
0.0318600,0.2061076
0.0318650,0.2061376
0.0318700,0.2061626
0.0318750,0.2061835
0.0318800,0.2062018
0.0318850,0.2062196
0.0318900,0.2062370
0.0318950,0.2062541
0.0319000,0.2204781
0.0319050,0.2205057
0.0319100,0.2205519
0.0319150,0.2206097
0.0319200,0.2206699
0.0319250,0.2207240
0.0319300,0.2207689
0.0319350,0.2208071
0.0319400,0.2208431
0.0319450,0.2208827
0.0319500,0.2209280
0.0319550,0.2209760
0.0319600,0.2210197
0.0319650,0.2210515
0.0319700,0.2210680
0.0319750,0.2210689
0.0319800,0.2210579
0.0319850,0.2210412
0.0319900,0.2210257
0.0319950,0.2210175
0.0320000,0.2342929
0.0320050,0.2343064
0.0320100,0.2343304
0.0320150,0.2343640
0.0320200,0.2344070
0.0320250,0.2344567
0.0320300,0.2345099
0.0320350,0.2345639
0.0320400,0.2346173
0.0320450,0.2346706
0.0320500,0.2347224
0.0320550,0.2347706
0.0320600,0.2348130
0.0320650,0.2348484
0.0320700,0.2348774
0.0320750,0.2349024
0.0320800,0.2349266
0.0320850,0.2349507
0.0320900,0.2349739
0.0320950,0.2349967
0.0321000,0.2593860
0.0321050,0.2593759
0.0321100,0.2593731
0.0321150,0.2593801
0.0321200,0.2594002
0.0321250,0.2594356
0.0321300,0.2594854
0.0321350,0.2595456
0.0321400,0.2596097
0.0321450,0.2596725
0.0321500,0.2597311
0.0321550,0.2597862
0.0321600,0.2598392
0.0321650,0.2598910
0.0321700,0.2599410
0.0321750,0.2599861
0.0321800,0.2600230
0.0321850,0.2600484
0.0321900,0.2600610
0.0321950,0.2600626
0.0322000,0.2136755
0.0322050,0.2136546
0.0322100,0.2136465
0.0322150,0.2136503
0.0322200,0.2136623
0.0322250,0.2136765
0.0322300,0.2136887
0.0322350,0.2136961
0.0322400,0.2136997
0.0322450,0.2137028
0.0322500,0.2137085
0.0322550,0.2137201
0.0322600,0.2137392
0.0322650,0.2137662
0.0322700,0.2137993
0.0322750,0.2138339
0.0322800,0.2138656
0.0322850,0.2138906
0.0322900,0.2139099
0.0322950,0.2139276
0.0323000,0.2207754
0.0323050,0.2207815
0.0323100,0.2207976
0.0323150,0.2208234
0.0323200,0.2208567
0.0323250,0.2208931
0.0323300,0.2209293
0.0323350,0.2209617
0.0323400,0.2209898
0.0323450,0.2210156
0.0323500,0.2210424
0.0323550,0.2210736
0.0323600,0.2211070
0.0323650,0.2211373
0.0323700,0.2211591
0.0323750,0.2211693
0.0323800,0.2211695
0.0323850,0.2211648
0.0323900,0.2211623
0.0323950,0.2211684
0.0324000,0.2473241
0.0324050,0.2473403
0.0324100,0.2473687
0.0324150,0.2474015
0.0324200,0.2474322
0.0324250,0.2474587
0.0324300,0.2474846
0.0324350,0.2475146
0.0324400,0.2475520
0.0324450,0.2475959
0.0324500,0.2476404
0.0324550,0.2476799
0.0324600,0.2477099
0.0324650,0.2477294
0.0324700,0.2477402
0.0324750,0.2477460
0.0324800,0.2477514
0.0324850,0.2477598
0.0324900,0.2477737
0.0324950,0.2477925
0.0325000,0.2346357
0.0325050,0.2346461
0.0325100,0.2346654
0.0325150,0.2346965
0.0325200,0.2347403
0.0325250,0.2347955
0.0325300,0.2348582
0.0325350,0.2349240
0.0325400,0.2349903
0.0325450,0.2350549
0.0325500,0.2351157
0.0325550,0.2351705
0.0325600,0.2352188
0.0325650,0.2352622
0.0325700,0.2353008
0.0325750,0.2353341
0.0325800,0.2353597
0.0325850,0.2353741
0.0325900,0.2353757
0.0325950,0.2353647
0.0326000,0.2061274
0.0326050,0.2061482
0.0326100,0.2061753
0.0326150,0.2062057
0.0326200,0.2062348
0.0326250,0.2062610
0.0326300,0.2062858
0.0326350,0.2063116
0.0326400,0.2063415
0.0326450,0.2063753
0.0326500,0.2064104
0.0326550,0.2064431
0.0326600,0.2064698
0.0326650,0.2064903
0.0326700,0.2065055
0.0326750,0.2065178
0.0326800,0.2065287
0.0326850,0.2065365
0.0326900,0.2065390
0.0326950,0.2065335
0.0327000,0.2275983
0.0327050,0.2275643
0.0327100,0.2275371
0.0327150,0.2275189
0.0327200,0.2275097
0.0327250,0.2275081
0.0327300,0.2275115
0.0327350,0.2275165
0.0327400,0.2275213
0.0327450,0.2275264
0.0327500,0.2275348
0.0327550,0.2275478
0.0327600,0.2275639
0.0327650,0.2275815
0.0327700,0.2275988
0.0327750,0.2276177
0.0327800,0.2276402
0.0327850,0.2276661
0.0327900,0.2276955
0.0327950,0.2277269
0.0328000,0.2058531
0.0328050,0.2058641
0.0328100,0.2058825
0.0328150,0.2059081
0.0328200,0.2059380
0.0328250,0.2059685
0.0328300,0.2059959
0.0328350,0.2060167
0.0328400,0.2060297
0.0328450,0.2060356
0.0328500,0.2060382
0.0328550,0.2060420
0.0328600,0.2060502
0.0328650,0.2060644
0.0328700,0.2060831
0.0328750,0.2061040
0.0328800,0.2061239
0.0328850,0.2061400
0.0328900,0.2061531
0.0328950,0.2061658
0.0329000,0.1979062
0.0329050,0.1979057
0.0329100,0.1979075
0.0329150,0.1979112
0.0329200,0.1979155
0.0329250,0.1979206
0.0329300,0.1979269
0.0329350,0.1979365
0.0329400,0.1979528
0.0329450,0.1979763
0.0329500,0.1980058
0.0329550,0.1980372
0.0329600,0.1980668
0.0329650,0.1980930
0.0329700,0.1981159
0.0329750,0.1981390
0.0329800,0.1981645
0.0329850,0.1981926
0.0329900,0.1982217
0.0329950,0.1982488
0.0330000,0.1900121
0.0330050,0.1900170
0.0330100,0.1900257
0.0330150,0.1900363
0.0330200,0.1900470
0.0330250,0.1900598
0.0330300,0.1900774
0.0330350,0.1901000
0.0330400,0.1901231
0.0330450,0.1901411
0.0330500,0.1901541
0.0330550,0.1901660
0.0330600,0.1901817
0.0330650,0.1902012
0.0330700,0.1902214
0.0330750,0.1902415
0.0330800,0.1902613
0.0330850,0.1902810
0.0330900,0.1903003
0.0330950,0.1903165
0.0331000,0.1980478
0.0331050,0.1980252
0.0331100,0.1980061
0.0331150,0.1979952
0.0331200,0.1979939
0.0331250,0.1980024
0.0331300,0.1980183
0.0331350,0.1980414
0.0331400,0.1980720
0.0331450,0.1981085
0.0331500,0.1981492
0.0331550,0.1981924
0.0331600,0.1982374
0.0331650,0.1982838
0.0331700,0.1983302
0.0331750,0.1983750
0.0331800,0.1984134
0.0331850,0.1984408
0.0331900,0.1984555
0.0331950,0.1984595
0.0332000,0.1633653
0.0332050,0.1633453
0.0332100,0.1633308
0.0332150,0.1633246
0.0332200,0.1633277
0.0332250,0.1633402
0.0332300,0.1633598
0.0332350,0.1633849
0.0332400,0.1634117
0.0332450,0.1634359
0.0332500,0.1634545
0.0332550,0.1634674
0.0332600,0.1634787
0.0332650,0.1634927
0.0332700,0.1635112
0.0332750,0.1635328
0.0332800,0.1635536
0.0332850,0.1635697
0.0332900,0.1635788
0.0332950,0.1635842
0.0333000,0.2411998
0.0333050,0.2412040
0.0333100,0.2412198
0.0333150,0.2412457
0.0333200,0.2412764
0.0333250,0.2413052
0.0333300,0.2413255
0.0333350,0.2413350
0.0333400,0.2413350
0.0333450,0.2413314
0.0333500,0.2413324
0.0333550,0.2413445
0.0333600,0.2413707
0.0333650,0.2414089
0.0333700,0.2414529
0.0333750,0.2414934
0.0333800,0.2415225
0.0333850,0.2415381
0.0333900,0.2415441
0.0333950,0.2415475
0.0334000,0.2135438
0.0334050,0.2135495
0.0334100,0.2135670
0.0334150,0.2135903
0.0334200,0.2136120
0.0334250,0.2136257
0.0334300,0.2136289
0.0334350,0.2136254
0.0334400,0.2136221
0.0334450,0.2136262
0.0334500,0.2136402
0.0334550,0.2136621
0.0334600,0.2136858
0.0334650,0.2137034
0.0334700,0.2137100
0.0334750,0.2137070
0.0334800,0.2137031
0.0334850,0.2137079
0.0334900,0.2137283
0.0334950,0.2137664
0.0335000,0.2205653
0.0335050,0.2205743
0.0335100,0.2205870
0.0335150,0.2206000
0.0335200,0.2206145
0.0335250,0.2206335
0.0335300,0.2206587
0.0335350,0.2206893
0.0335400,0.2207212
0.0335450,0.2207499
0.0335500,0.2207726
0.0335550,0.2207894
0.0335600,0.2208025
0.0335650,0.2208143
0.0335700,0.2208269
0.0335750,0.2208408
0.0335800,0.2208570
0.0335850,0.2208759
0.0335900,0.2208962
0.0335950,0.2209163
0.0336000,0.2134670
0.0336050,0.2134829
0.0336100,0.2135113
0.0336150,0.2135471
0.0336200,0.2135850
0.0336250,0.2136210
0.0336300,0.2136540
0.0336350,0.2136850
0.0336400,0.2137165
0.0336450,0.2137511
0.0336500,0.2137891
0.0336550,0.2138284
0.0336600,0.2138647
0.0336650,0.2138931
0.0336700,0.2139113
0.0336750,0.2139196
0.0336800,0.2139212
0.0336850,0.2139203
0.0336900,0.2139200
0.0336950,0.2139210
0.0337000,0.2206138
0.0337050,0.2206088
0.0337100,0.2206142
0.0337150,0.2206254
0.0337200,0.2206370
0.0337250,0.2206459
0.0337300,0.2206545
0.0337350,0.2206678
0.0337400,0.2206899
0.0337450,0.2207228
0.0337500,0.2207639
0.0337550,0.2208085
0.0337600,0.2208523
0.0337650,0.2208921
0.0337700,0.2209282
0.0337750,0.2209616
0.0337800,0.2209934
0.0337850,0.2210252
0.0337900,0.2210580
0.0337950,0.2210918
0.0338000,0.2281185
0.0338050,0.2281198
0.0338100,0.2281242
0.0338150,0.2281326
0.0338200,0.2281446
0.0338250,0.2281577
0.0338300,0.2281701
0.0338350,0.2281828
0.0338400,0.2281980
0.0338450,0.2282188
0.0338500,0.2282458
0.0338550,0.2282790
0.0338600,0.2283176
0.0338650,0.2283600
0.0338700,0.2284041
0.0338750,0.2284468
0.0338800,0.2284854
0.0338850,0.2285177
0.0338900,0.2285420
0.0338950,0.2285582
0.0339000,0.2056446
0.0339050,0.2056303
0.0339100,0.2056216
0.0339150,0.2056229
0.0339200,0.2056360
0.0339250,0.2056601
0.0339300,0.2056937
0.0339350,0.2057341
0.0339400,0.2057774
0.0339450,0.2058200
0.0339500,0.2058583
0.0339550,0.2058922
0.0339600,0.2059253
0.0339650,0.2059610
0.0339700,0.2059992
0.0339750,0.2060359
0.0339800,0.2060664
0.0339850,0.2060884
0.0339900,0.2061027
0.0339950,0.2061138
0.0340000,0.2274754
0.0340050,0.2274776
0.0340100,0.2274906
0.0340150,0.2275119
0.0340200,0.2275393
0.0340250,0.2275700
0.0340300,0.2276011
0.0340350,0.2276291
0.0340400,0.2276518
0.0340450,0.2276693
0.0340500,0.2276846
0.0340550,0.2277014
0.0340600,0.2277200
0.0340650,0.2277372
0.0340700,0.2277491
0.0340750,0.2277527
0.0340800,0.2277469
0.0340850,0.2277329
0.0340900,0.2277151
0.0340950,0.2277012
0.0341000,0.2596254
0.0341050,0.2596281
0.0341100,0.2596482
0.0341150,0.2596793
0.0341200,0.2597167
0.0341250,0.2597571
0.0341300,0.2597984
0.0341350,0.2598395
0.0341400,0.2598824
0.0341450,0.2599316
0.0341500,0.2599897
0.0341550,0.2600552
0.0341600,0.2601223
0.0341650,0.2601829
0.0341700,0.2602316
0.0341750,0.2602662
0.0341800,0.2602886
0.0341850,0.2603036
0.0341900,0.2603162
0.0341950,0.2603303
0.0342000,0.2409883
0.0342050,0.2409910
0.0342100,0.2410005
0.0342150,0.2410155
0.0342200,0.2410342
0.0342250,0.2410534
0.0342300,0.2410704
0.0342350,0.2410836
0.0342400,0.2410938
0.0342450,0.2411050
0.0342500,0.2411228
0.0342550,0.2411512
0.0342600,0.2411889
0.0342650,0.2412312
0.0342700,0.2412728
0.0342750,0.2413092
0.0342800,0.2413375
0.0342850,0.2413566
0.0342900,0.2413678
0.0342950,0.2413734
0.0343000,0.2272948
0.0343050,0.2272797
0.0343100,0.2272813
0.0343150,0.2272984
0.0343200,0.2273246
0.0343250,0.2273530
0.0343300,0.2273793
0.0343350,0.2274025
0.0343400,0.2274239
0.0343450,0.2274455
0.0343500,0.2274689
0.0343550,0.2274953
0.0343600,0.2275253
0.0343650,0.2275574
0.0343700,0.2275886
0.0343750,0.2276134
0.0343800,0.2276276
0.0343850,0.2276313
0.0343900,0.2276288
0.0343950,0.2276251
0.0344000,0.2410614
0.0344050,0.2410582
0.0344100,0.2410667
0.0344150,0.2410843
0.0344200,0.2411040
0.0344250,0.2411180
0.0344300,0.2411225
0.0344350,0.2411199
0.0344400,0.2411169
0.0344450,0.2411205
0.0344500,0.2411333
0.0344550,0.2411540
0.0344600,0.2411775
0.0344650,0.2411959
0.0344700,0.2412036
0.0344750,0.2412000
0.0344800,0.2411895
0.0344850,0.2411787
0.0344900,0.2411747
0.0344950,0.2411823
0.0345000,0.2530981
0.0345050,0.2531061
0.0345100,0.2531205
0.0345150,0.2531404
0.0345200,0.2531642
0.0345250,0.2531908
0.0345300,0.2532196
0.0345350,0.2532505
0.0345400,0.2532858
0.0345450,0.2533271
0.0345500,0.2533735
0.0345550,0.2534212
0.0345600,0.2534650
0.0345650,0.2535025
0.0345700,0.2535352
0.0345750,0.2535660
0.0345800,0.2535961
0.0345850,0.2536249
0.0345900,0.2536515
0.0345950,0.2536747
0.0346000,0.2532991
0.0346050,0.2532960
0.0346100,0.2532976
0.0346150,0.2533050
0.0346200,0.2533193
0.0346250,0.2533415
0.0346300,0.2533726
0.0346350,0.2534108
0.0346400,0.2534518
0.0346450,0.2534885
0.0346500,0.2535155
0.0346550,0.2535306
0.0346600,0.2535347
0.0346650,0.2535335
0.0346700,0.2535345
0.0346750,0.2535431
0.0346800,0.2535586
0.0346850,0.2535773
0.0346900,0.2535973
0.0346950,0.2536195
0.0347000,0.2593075
0.0347050,0.2593278
0.0347100,0.2593562
0.0347150,0.2593932
0.0347200,0.2594378
0.0347250,0.2594870
0.0347300,0.2595364
0.0347350,0.2595817
0.0347400,0.2596227
0.0347450,0.2596611
0.0347500,0.2596991
0.0347550,0.2597358
0.0347600,0.2597681
0.0347650,0.2597937
0.0347700,0.2598112
0.0347750,0.2598218
0.0347800,0.2598274
0.0347850,0.2598308
0.0347900,0.2598353
0.0347950,0.2598431
0.0348000,0.2345945
0.0348050,0.2345828
0.0348100,0.2345731
0.0348150,0.2345680
0.0348200,0.2345701
0.0348250,0.2345820
0.0348300,0.2346033
0.0348350,0.2346321
0.0348400,0.2346653
0.0348450,0.2346984
0.0348500,0.2347285
0.0348550,0.2347547
0.0348600,0.2347803
0.0348650,0.2348094
0.0348700,0.2348423
0.0348750,0.2348757
0.0348800,0.2349042
0.0348850,0.2349239
0.0348900,0.2349335
0.0348950,0.2349340
0.0349000,0.2346756
0.0349050,0.2346486
0.0349100,0.2346300
0.0349150,0.2346244
0.0349200,0.2346312
0.0349250,0.2346470
0.0349300,0.2346682
0.0349350,0.2346949
0.0349400,0.2347286
0.0349450,0.2347698
0.0349500,0.2348182
0.0349550,0.2348724
0.0349600,0.2349305
0.0349650,0.2349892
0.0349700,0.2350447
0.0349750,0.2350938
0.0349800,0.2351346
0.0349850,0.2351673
0.0349900,0.2351933
0.0349950,0.2352136
0.0350000,0.2474891
0.0350050,0.2474867
0.0350100,0.2474898
0.0350150,0.2475004
0.0350200,0.2475174
0.0350250,0.2475370
0.0350300,0.2475548
0.0350350,0.2475700
0.0350400,0.2475835
0.0350450,0.2475957
0.0350500,0.2476077
0.0350550,0.2476198
0.0350600,0.2476322
0.0350650,0.2476452
0.0350700,0.2476596
0.0350750,0.2476767
0.0350800,0.2476950
0.0350850,0.2477122
0.0350900,0.2477262
0.0350950,0.2477371
0.0351000,0.2276083
0.0351050,0.2276273
0.0351100,0.2276586
0.0351150,0.2276993
0.0351200,0.2277442
0.0351250,0.2277876
0.0351300,0.2278246
0.0351350,0.2278535
0.0351400,0.2278736
0.0351450,0.2278872
0.0351500,0.2278985
0.0351550,0.2279107
0.0351600,0.2279276
0.0351650,0.2279488
0.0351700,0.2279696
0.0351750,0.2279853
0.0351800,0.2279930
0.0351850,0.2279936
0.0351900,0.2279911
0.0351950,0.2279901
0.0352000,0.2405988
0.0352050,0.2406171
0.0352100,0.2406460
0.0352150,0.2406854
0.0352200,0.2407344
0.0352250,0.2407907
0.0352300,0.2408498
0.0352350,0.2409065
0.0352400,0.2409569
0.0352450,0.2410018
0.0352500,0.2410444
0.0352550,0.2410867
0.0352600,0.2411301
0.0352650,0.2411759
0.0352700,0.2412255
0.0352750,0.2412791
0.0352800,0.2413334
0.0352850,0.2413856
0.0352900,0.2414332
0.0352950,0.2414747
0.0353000,0.1817063
0.0353050,0.1816924
0.0353100,0.1816744
0.0353150,0.1816583
0.0353200,0.1816499
0.0353250,0.1816515
0.0353300,0.1816596
0.0353350,0.1816701
0.0353400,0.1816819
0.0353450,0.1816975
0.0353500,0.1817184
0.0353550,0.1817420
0.0353600,0.1817669
0.0353650,0.1817921
0.0353700,0.1818169
0.0353750,0.1818387
0.0353800,0.1818536
0.0353850,0.1818608
0.0353900,0.1818619
0.0353950,0.1818611
0.0354000,0.1981108
0.0354050,0.1981050
0.0354100,0.1981119
0.0354150,0.1981268
0.0354200,0.1981442
0.0354250,0.1981588
0.0354300,0.1981685
0.0354350,0.1981747
0.0354400,0.1981797
0.0354450,0.1981854
0.0354500,0.1981945
0.0354550,0.1982087
0.0354600,0.1982291
0.0354650,0.1982559
0.0354700,0.1982873
0.0354750,0.1983197
0.0354800,0.1983478
0.0354850,0.1983688
0.0354900,0.1983842
0.0354950,0.1983998
0.0355000,0.2204902
0.0355050,0.2205294
0.0355100,0.2205716
0.0355150,0.2206126
0.0355200,0.2206507
0.0355250,0.2206857
0.0355300,0.2207170
0.0355350,0.2207438
0.0355400,0.2207651
0.0355450,0.2207816
0.0355500,0.2207944
0.0355550,0.2208042
0.0355600,0.2208111
0.0355650,0.2208140
0.0355700,0.2208142
0.0355750,0.2208159
0.0355800,0.2208229
0.0355850,0.2208359
0.0355900,0.2208517
0.0355950,0.2208673
0.0356000,0.2276683
0.0356050,0.2276580
0.0356100,0.2276495
0.0356150,0.2276468
0.0356200,0.2276536
0.0356250,0.2276702
0.0356300,0.2276956
0.0356350,0.2277284
0.0356400,0.2277653
0.0356450,0.2277997
0.0356500,0.2278252
0.0356550,0.2278398
0.0356600,0.2278485
0.0356650,0.2278574
0.0356700,0.2278683
0.0356750,0.2278786
0.0356800,0.2278850
0.0356850,0.2278861
0.0356900,0.2278827
0.0356950,0.2278784
0.0357000,0.2343367
0.0357050,0.2343446
0.0357100,0.2343621
0.0357150,0.2343827
0.0357200,0.2344013
0.0357250,0.2344149
0.0357300,0.2344258
0.0357350,0.2344383
0.0357400,0.2344555
0.0357450,0.2344797
0.0357500,0.2345110
0.0357550,0.2345468
0.0357600,0.2345831
0.0357650,0.2346149
0.0357700,0.2346394
0.0357750,0.2346573
0.0357800,0.2346720
0.0357850,0.2346867
0.0357900,0.2347011
0.0357950,0.2347138
0.0358000,0.2202422
0.0358050,0.2202661
0.0358100,0.2203043
0.0358150,0.2203491
0.0358200,0.2203908
0.0358250,0.2204233
0.0358300,0.2204504
0.0358350,0.2204813
0.0358400,0.2205226
0.0358450,0.2205724
0.0358500,0.2206227
0.0358550,0.2206661
0.0358600,0.2206983
0.0358650,0.2207199
0.0358700,0.2207340
0.0358750,0.2207426
0.0358800,0.2207476
0.0358850,0.2207517
0.0358900,0.2207577
0.0358950,0.2207676
0.0359000,0.2341047
0.0359050,0.2341197
0.0359100,0.2341366
0.0359150,0.2341536
0.0359200,0.2341713
0.0359250,0.2341921
0.0359300,0.2342184
0.0359350,0.2342500
0.0359400,0.2342851
0.0359450,0.2343206
0.0359500,0.2343532
0.0359550,0.2343808
0.0359600,0.2344026
0.0359650,0.2344208
0.0359700,0.2344384
0.0359750,0.2344580
0.0359800,0.2344812
0.0359850,0.2345071
0.0359900,0.2345334
0.0359950,0.2345570
0.0360000,0.2406722
0.0360050,0.2406909
0.0360100,0.2407141
0.0360150,0.2407389
0.0360200,0.2407644
0.0360250,0.2407904
0.0360300,0.2408158
0.0360350,0.2408408
0.0360400,0.2408688
0.0360450,0.2409022
0.0360500,0.2409404
0.0360550,0.2409784
0.0360600,0.2410094
0.0360650,0.2410293
0.0360700,0.2410398
0.0360750,0.2410472
0.0360800,0.2410582
0.0360850,0.2410756
0.0360900,0.2410981
0.0360950,0.2411215
0.0361000,0.2132146
0.0361050,0.2132212
0.0361100,0.2132289
0.0361150,0.2132365
0.0361200,0.2132445
0.0361250,0.2132571
0.0361300,0.2132784
0.0361350,0.2133103
0.0361400,0.2133528
0.0361450,0.2134017
0.0361500,0.2134518
0.0361550,0.2134986
0.0361600,0.2135398
0.0361650,0.2135776
0.0361700,0.2136147
0.0361750,0.2136545
0.0361800,0.2136987
0.0361850,0.2137465
0.0361900,0.2137941
0.0361950,0.2138361
0.0362000,0.2206279
0.0362050,0.2206343
0.0362100,0.2206508
0.0362150,0.2206774
0.0362200,0.2207105
0.0362250,0.2207447
0.0362300,0.2207740
0.0362350,0.2207959
0.0362400,0.2208119
0.0362450,0.2208247
0.0362500,0.2208386
0.0362550,0.2208559
0.0362600,0.2208765
0.0362650,0.2208986
0.0362700,0.2209190
0.0362750,0.2209358
0.0362800,0.2209468
0.0362850,0.2209500
0.0362900,0.2209451
0.0362950,0.2209343
0.0363000,0.2274516
0.0363050,0.2274165
0.0363100,0.2273953
0.0363150,0.2273906
0.0363200,0.2273999
0.0363250,0.2274184
0.0363300,0.2274404
0.0363350,0.2274628
0.0363400,0.2274853
0.0363450,0.2275095
0.0363500,0.2275379
0.0363550,0.2275716
0.0363600,0.2276108
0.0363650,0.2276530
0.0363700,0.2276920
0.0363750,0.2277210
0.0363800,0.2277370
0.0363850,0.2277435
0.0363900,0.2277475
0.0363950,0.2277542
0.0364000,0.2130663
0.0364050,0.2130725
0.0364100,0.2130901
0.0364150,0.2131158
0.0364200,0.2131442
0.0364250,0.2131702
0.0364300,0.2131909
0.0364350,0.2132082
0.0364400,0.2132264
0.0364450,0.2132499
0.0364500,0.2132814
0.0364550,0.2133193
0.0364600,0.2133600
0.0364650,0.2133982
0.0364700,0.2134293
0.0364750,0.2134509
0.0364800,0.2134627
0.0364850,0.2134678
0.0364900,0.2134718
0.0364950,0.2134801
0.0365000,0.2204259
0.0365050,0.2204438
0.0365100,0.2204782
0.0365150,0.2205177
0.0365200,0.2205514
0.0365250,0.2205765
0.0365300,0.2205978
0.0365350,0.2206250
0.0365400,0.2206653
0.0365450,0.2207198
0.0365500,0.2207844
0.0365550,0.2208512
0.0365600,0.2209132
0.0365650,0.2209647
0.0365700,0.2210032
0.0365750,0.2210304
0.0365800,0.2210517
0.0365850,0.2210751
0.0365900,0.2211063
0.0365950,0.2211444
0.0366000,0.2135290
0.0366050,0.2135361
0.0366100,0.2135423
0.0366150,0.2135476
0.0366200,0.2135551
0.0366250,0.2135674
0.0366300,0.2135849
0.0366350,0.2136074
0.0366400,0.2136337
0.0366450,0.2136619
0.0366500,0.2136900
0.0366550,0.2137175
0.0366600,0.2137461
0.0366650,0.2137765
0.0366700,0.2138089
0.0366750,0.2138421
0.0366800,0.2138752
0.0366850,0.2139068
0.0366900,0.2139342
0.0366950,0.2139555
0.0367000,0.2056006
0.0367050,0.2055851
0.0367100,0.2055768
0.0367150,0.2055748
0.0367200,0.2055786
0.0367250,0.2055873
0.0367300,0.2056019
0.0367350,0.2056231
0.0367400,0.2056497
0.0367450,0.2056803
0.0367500,0.2057130
0.0367550,0.2057470
0.0367600,0.2057812
0.0367650,0.2058135
0.0367700,0.2058425
0.0367750,0.2058665
0.0367800,0.2058847
0.0367850,0.2058954
0.0367900,0.2058978
0.0367950,0.2058947
0.0368000,0.2060643
0.0368050,0.2060553
0.0368100,0.2060479
0.0368150,0.2060435
0.0368200,0.2060446
0.0368250,0.2060524
0.0368300,0.2060680
0.0368350,0.2060902
0.0368400,0.2061149
0.0368450,0.2061381
0.0368500,0.2061557
0.0368550,0.2061684
0.0368600,0.2061802
0.0368650,0.2061959
0.0368700,0.2062192
0.0368750,0.2062488
0.0368800,0.2062810
0.0368850,0.2063127
0.0368900,0.2063411
0.0368950,0.2063671
0.0369000,0.2769215
0.0369050,0.2769407
0.0369100,0.2769757
0.0369150,0.2770228
0.0369200,0.2770798
0.0369250,0.2771448
0.0369300,0.2772171
0.0369350,0.2772957
0.0369400,0.2773788
0.0369450,0.2774643
0.0369500,0.2775479
0.0369550,0.2776245
0.0369600,0.2776903
0.0369650,0.2777427
0.0369700,0.2777812
0.0369750,0.2778068
0.0369800,0.2778238
0.0369850,0.2778372
0.0369900,0.2778500
0.0369950,0.2778635
0.0370000,0.2538280
0.0370050,0.2538055
0.0370100,0.2537938
0.0370150,0.2537949
0.0370200,0.2538084
0.0370250,0.2538313
0.0370300,0.2538600
0.0370350,0.2538911
0.0370400,0.2539208
0.0370450,0.2539477
0.0370500,0.2539717
0.0370550,0.2539928
0.0370600,0.2540110
0.0370650,0.2540270
0.0370700,0.2540424
0.0370750,0.2540582
0.0370800,0.2540757
0.0370850,0.2540957
0.0370900,0.2541167
0.0370950,0.2541363
0.0371000,0.1817158
0.0371050,0.1817138
0.0371100,0.1817173
0.0371150,0.1817254
0.0371200,0.1817370
0.0371250,0.1817496
0.0371300,0.1817620
0.0371350,0.1817747
0.0371400,0.1817894
0.0371450,0.1818070
0.0371500,0.1818263
0.0371550,0.1818465
0.0371600,0.1818668
0.0371650,0.1818871
0.0371700,0.1819080
0.0371750,0.1819299
0.0371800,0.1819546
0.0371850,0.1819826
0.0371900,0.1820137
0.0371950,0.1820463
0.0372000,0.2206622
0.0372050,0.2206643
0.0372100,0.2206729
0.0372150,0.2206834
0.0372200,0.2206925
0.0372250,0.2207003
0.0372300,0.2207097
0.0372350,0.2207239
0.0372400,0.2207457
0.0372450,0.2207745
0.0372500,0.2208076
0.0372550,0.2208416
0.0372600,0.2208728
0.0372650,0.2208996
0.0372700,0.2209218
0.0372750,0.2209403
0.0372800,0.2209558
0.0372850,0.2209670
0.0372900,0.2209748
0.0372950,0.2209803
0.0373000,0.2205828
0.0373050,0.2205817
0.0373100,0.2205881
0.0373150,0.2206029
0.0373200,0.2206252
0.0373250,0.2206530
0.0373300,0.2206830
0.0373350,0.2207109
0.0373400,0.2207350
0.0373450,0.2207554
0.0373500,0.2207744
0.0373550,0.2207940
0.0373600,0.2208137
0.0373650,0.2208333
0.0373700,0.2208514
0.0373750,0.2208673
0.0373800,0.2208808
0.0373850,0.2208915
0.0373900,0.2209002
0.0373950,0.2209076
0.0374000,0.2272606
0.0374050,0.2272508
0.0374100,0.2272532
0.0374150,0.2272663
0.0374200,0.2272864
0.0374250,0.2273092
0.0374300,0.2273297
0.0374350,0.2273440
0.0374400,0.2273526
0.0374450,0.2273586
0.0374500,0.2273660
0.0374550,0.2273755
0.0374600,0.2273848
0.0374650,0.2273899
0.0374700,0.2273864
0.0374750,0.2273740
0.0374800,0.2273565
0.0374850,0.2273396
0.0374900,0.2273280
0.0374950,0.2273216
0.0375000,0.2205137
0.0375050,0.2204960
0.0375100,0.2204874
0.0375150,0.2204864
0.0375200,0.2204903
0.0375250,0.2204964
0.0375300,0.2205044
0.0375350,0.2205165
0.0375400,0.2205353
0.0375450,0.2205602
0.0375500,0.2205871
0.0375550,0.2206122
0.0375600,0.2206335
0.0375650,0.2206535
0.0375700,0.2206766
0.0375750,0.2207065
0.0375800,0.2207430
0.0375850,0.2207824
0.0375900,0.2208208
0.0375950,0.2208546
0.0376000,0.2273218
0.0376050,0.2273470
0.0376100,0.2273788
0.0376150,0.2274173
0.0376200,0.2274602
0.0376250,0.2275033
0.0376300,0.2275433
0.0376350,0.2275809
0.0376400,0.2276192
0.0376450,0.2276609
0.0376500,0.2277058
0.0376550,0.2277513
0.0376600,0.2277933
0.0376650,0.2278272
0.0376700,0.2278500
0.0376750,0.2278617
0.0376800,0.2278646
0.0376850,0.2278626
0.0376900,0.2278606
0.0376950,0.2278614
0.0377000,0.2135616
0.0377050,0.2135613
0.0377100,0.2135674
0.0377150,0.2135822
0.0377200,0.2136057
0.0377250,0.2136355
0.0377300,0.2136671
0.0377350,0.2136960
0.0377400,0.2137205
0.0377450,0.2137394
0.0377500,0.2137521
0.0377550,0.2137585
0.0377600,0.2137606
0.0377650,0.2137605
0.0377700,0.2137617
0.0377750,0.2137670
0.0377800,0.2137765
0.0377850,0.2137875
0.0377900,0.2137959
0.0377950,0.2137993
0.0378000,0.1981626
0.0378050,0.1981469
0.0378100,0.1981398
0.0378150,0.1981388
0.0378200,0.1981437
0.0378250,0.1981556
0.0378300,0.1981748
0.0378350,0.1982001
0.0378400,0.1982280
0.0378450,0.1982559
0.0378500,0.1982842
0.0378550,0.1983153
0.0378600,0.1983510
0.0378650,0.1983900
0.0378700,0.1984298
0.0378750,0.1984679
0.0378800,0.1985026
0.0378850,0.1985324
0.0378900,0.1985555
0.0378950,0.1985722
0.0379000,0.2277334
0.0379050,0.2277081
0.0379100,0.2276892
0.0379150,0.2276813
0.0379200,0.2276856
0.0379250,0.2276984
0.0379300,0.2277157
0.0379350,0.2277342
0.0379400,0.2277525
0.0379450,0.2277711
0.0379500,0.2277913
0.0379550,0.2278155
0.0379600,0.2278457
0.0379650,0.2278824
0.0379700,0.2279241
0.0379750,0.2279662
0.0379800,0.2280050
0.0379850,0.2280397
0.0379900,0.2280721
0.0379950,0.2281055
0.0380000,0.2112686
0.0380050,0.2112706
0.0380100,0.2112868
0.0380150,0.2113153
0.0380200,0.2113519
0.0380250,0.2113908
0.0380300,0.2114285
0.0380350,0.2114631
0.0380400,0.2114957
0.0380450,0.2115287
0.0380500,0.2115624
0.0380550,0.2115979
0.0380600,0.2116358
0.0380650,0.2116770
0.0380700,0.2117210
0.0380750,0.2117637
0.0380800,0.2118012
0.0380850,0.2118305
0.0380900,0.2118528
0.0380950,0.2118697
0.0381000,0.2278455
0.0381050,0.2278531
0.0381100,0.2278681
0.0381150,0.2278873
0.0381200,0.2279079
0.0381250,0.2279283
0.0381300,0.2279498
0.0381350,0.2279732
0.0381400,0.2279989
0.0381450,0.2280267
0.0381500,0.2280554
0.0381550,0.2280854
0.0381600,0.2281161
0.0381650,0.2281466
0.0381700,0.2281754
0.0381750,0.2282003
0.0381800,0.2282212
0.0381850,0.2282386
0.0381900,0.2282547
0.0381950,0.2282705
0.0382000,0.2058971
0.0382050,0.2058987
0.0382100,0.2059112
0.0382150,0.2059327
0.0382200,0.2059606
0.0382250,0.2059912
0.0382300,0.2060221
0.0382350,0.2060505
0.0382400,0.2060749
0.0382450,0.2060945
0.0382500,0.2061096
0.0382550,0.2061220
0.0382600,0.2061324
0.0382650,0.2061412
0.0382700,0.2061474
0.0382750,0.2061493
0.0382800,0.2061457
0.0382850,0.2061360
0.0382900,0.2061225
0.0382950,0.2061076
0.0383000,0.2055132
0.0383050,0.2054905
0.0383100,0.2054763
0.0383150,0.2054673
0.0383200,0.2054613
0.0383250,0.2054583
0.0383300,0.2054608
0.0383350,0.2054701
0.0383400,0.2054873
0.0383450,0.2055115
0.0383500,0.2055417
0.0383550,0.2055780
0.0383600,0.2056188
0.0383650,0.2056628
0.0383700,0.2057066
0.0383750,0.2057476
0.0383800,0.2057855
0.0383850,0.2058222
0.0383900,0.2058616
0.0383950,0.2059043
0.0384000,0.2472542
0.0384050,0.2472653
0.0384100,0.2472794
0.0384150,0.2472973
0.0384200,0.2473196
0.0384250,0.2473483
0.0384300,0.2473839
0.0384350,0.2474246
0.0384400,0.2474687
0.0384450,0.2475149
0.0384500,0.2475623
0.0384550,0.2476083
0.0384600,0.2476493
0.0384650,0.2476830
0.0384700,0.2477078
0.0384750,0.2477258
0.0384800,0.2477409
0.0384850,0.2477572
0.0384900,0.2477774
0.0384950,0.2477995
0.0385000,0.2204564
0.0385050,0.2204728
0.0385100,0.2204937
0.0385150,0.2205197
0.0385200,0.2205510
0.0385250,0.2205884
0.0385300,0.2206310
0.0385350,0.2206774
0.0385400,0.2207253
0.0385450,0.2207721
0.0385500,0.2208175
0.0385550,0.2208608
0.0385600,0.2209012
0.0385650,0.2209369
0.0385700,0.2209649
0.0385750,0.2209832
0.0385800,0.2209922
0.0385850,0.2209949
0.0385900,0.2209961
0.0385950,0.2209986
0.0386000,0.2276606
0.0386050,0.2276806
0.0386100,0.2277022
0.0386150,0.2277259
0.0386200,0.2277508
0.0386250,0.2277764
0.0386300,0.2278016
0.0386350,0.2278274
0.0386400,0.2278565
0.0386450,0.2278893
0.0386500,0.2279238
0.0386550,0.2279551
0.0386600,0.2279787
0.0386650,0.2279943
0.0386700,0.2280037
0.0386750,0.2280103
0.0386800,0.2280171
0.0386850,0.2280252
0.0386900,0.2280340
0.0386950,0.2280412
0.0387000,0.2270947
0.0387050,0.2270773
0.0387100,0.2270723
0.0387150,0.2270773
0.0387200,0.2270878
0.0387250,0.2271021
0.0387300,0.2271189
0.0387350,0.2271377
0.0387400,0.2271585
0.0387450,0.2271796
0.0387500,0.2272004
0.0387550,0.2272198
0.0387600,0.2272378
0.0387650,0.2272549
0.0387700,0.2272711
0.0387750,0.2272887
0.0387800,0.2273095
0.0387850,0.2273352
0.0387900,0.2273663
0.0387950,0.2274000
0.0388000,0.2132959
0.0388050,0.2133214
0.0388100,0.2133514
0.0388150,0.2133837
0.0388200,0.2134143
0.0388250,0.2134391
0.0388300,0.2134537
0.0388350,0.2134595
0.0388400,0.2134614
0.0388450,0.2134651
0.0388500,0.2134745
0.0388550,0.2134893
0.0388600,0.2135076
0.0388650,0.2135257
0.0388700,0.2135408
0.0388750,0.2135533
0.0388800,0.2135637
0.0388850,0.2135730
0.0388900,0.2135812
0.0388950,0.2135872
0.0389000,0.1898579
0.0389050,0.1898525
0.0389100,0.1898573
0.0389150,0.1898703
0.0389200,0.1898879
0.0389250,0.1899080
0.0389300,0.1899286
0.0389350,0.1899517
0.0389400,0.1899793
0.0389450,0.1900129
0.0389500,0.1900539
0.0389550,0.1901003
0.0389600,0.1901485
0.0389650,0.1901941
0.0389700,0.1902327
0.0389750,0.1902631
0.0389800,0.1902859
0.0389850,0.1903051
0.0389900,0.1903258
0.0389950,0.1903514
0.0390000,0.2061391
0.0390050,0.2061536
0.0390100,0.2061670
0.0390150,0.2061789
0.0390200,0.2061902
0.0390250,0.2062036
0.0390300,0.2062225
0.0390350,0.2062499
0.0390400,0.2062856
0.0390450,0.2063268
0.0390500,0.2063706
0.0390550,0.2064154
0.0390600,0.2064619
0.0390650,0.2065117
0.0390700,0.2065657
0.0390750,0.2066229
0.0390800,0.2066806
0.0390850,0.2067376
0.0390900,0.2067919
0.0390950,0.2068400
0.0391000,0.2059464
0.0391050,0.2059620
0.0391100,0.2059738
0.0391150,0.2059860
0.0391200,0.2060032
0.0391250,0.2060271
0.0391300,0.2060546
0.0391350,0.2060797
0.0391400,0.2060967
0.0391450,0.2061041
0.0391500,0.2061052
0.0391550,0.2061048
0.0391600,0.2061072
0.0391650,0.2061149
0.0391700,0.2061280
0.0391750,0.2061450
0.0391800,0.2061625
0.0391850,0.2061783
0.0391900,0.2061901
0.0391950,0.2061974
0.0392000,0.2596312
0.0392050,0.2596433
0.0392100,0.2596722
0.0392150,0.2597169
0.0392200,0.2597715
0.0392250,0.2598284
0.0392300,0.2598811
0.0392350,0.2599259
0.0392400,0.2599604
0.0392450,0.2599854
0.0392500,0.2600042
0.0392550,0.2600207
0.0392600,0.2600372
0.0392650,0.2600540
0.0392700,0.2600698
0.0392750,0.2600832
0.0392800,0.2600936
0.0392850,0.2601023
0.0392900,0.2601109
0.0392950,0.2601215
0.0393000,0.2827210
0.0393050,0.2827338
0.0393100,0.2827619
0.0393150,0.2828043
0.0393200,0.2828551
0.0393250,0.2829059
0.0393300,0.2829510
0.0393350,0.2829889
0.0393400,0.2830208
0.0393450,0.2830515
0.0393500,0.2830863
0.0393550,0.2831273
0.0393600,0.2831719
0.0393650,0.2832143
0.0393700,0.2832499
0.0393750,0.2832767
0.0393800,0.2832961
0.0393850,0.2833123
0.0393900,0.2833294
0.0393950,0.2833509
0.0394000,0.2345391
0.0394050,0.2345510
0.0394100,0.2345663
0.0394150,0.2345774
0.0394200,0.2345840
0.0394250,0.2345901
0.0394300,0.2346003
0.0394350,0.2346167
0.0394400,0.2346380
0.0394450,0.2346618
0.0394500,0.2346848
0.0394550,0.2347045
0.0394600,0.2347177
0.0394650,0.2347211
0.0394700,0.2347155
0.0394750,0.2347051
0.0394800,0.2346965
0.0394850,0.2346948
0.0394900,0.2347023
0.0394950,0.2347196
0.0395000,0.2347144
0.0395050,0.2347192
0.0395100,0.2347285
0.0395150,0.2347378
0.0395200,0.2347430
0.0395250,0.2347430
0.0395300,0.2347420
0.0395350,0.2347458
0.0395400,0.2347598
0.0395450,0.2347865
0.0395500,0.2348227
0.0395550,0.2348617
0.0395600,0.2348953
0.0395650,0.2349194
0.0395700,0.2349354
0.0395750,0.2349488
0.0395800,0.2349669
0.0395850,0.2349938
0.0395900,0.2350297
0.0395950,0.2350709
0.0396000,0.2060138
0.0396050,0.2060148
0.0396100,0.2060157
0.0396150,0.2060148
0.0396200,0.2060126
0.0396250,0.2060129
0.0396300,0.2060225
0.0396350,0.2060429
0.0396400,0.2060700
0.0396450,0.2060971
0.0396500,0.2061203
0.0396550,0.2061382
0.0396600,0.2061490
0.0396650,0.2061524
0.0396700,0.2061494
0.0396750,0.2061432
0.0396800,0.2061397
0.0396850,0.2061433
0.0396900,0.2061546
0.0396950,0.2061683
0.0397000,0.2059319
0.0397050,0.2059430
0.0397100,0.2059506
0.0397150,0.2059568
0.0397200,0.2059663
0.0397250,0.2059827
0.0397300,0.2060061
0.0397350,0.2060340
0.0397400,0.2060629
0.0397450,0.2060885
0.0397500,0.2061082
0.0397550,0.2061219
0.0397600,0.2061315
0.0397650,0.2061407
0.0397700,0.2061517
0.0397750,0.2061644
0.0397800,0.2061773
0.0397850,0.2061892
0.0397900,0.2062020
0.0397950,0.2062180
0.0398000,0.1901580
0.0398050,0.1901685
0.0398100,0.1901823
0.0398150,0.1901977
0.0398200,0.1902121
0.0398250,0.1902233
0.0398300,0.1902294
0.0398350,0.1902291
0.0398400,0.1902242
0.0398450,0.1902171
0.0398500,0.1902118
0.0398550,0.1902125
0.0398600,0.1902217
0.0398650,0.1902387
0.0398700,0.1902581
0.0398750,0.1902752
0.0398800,0.1902900
0.0398850,0.1903051
0.0398900,0.1903227
0.0398950,0.1903431
0.0399000,0.2275239
0.0399050,0.2275195
0.0399100,0.2275224
0.0399150,0.2275300
0.0399200,0.2275401
0.0399250,0.2275521
0.0399300,0.2275664
0.0399350,0.2275851
0.0399400,0.2276102
0.0399450,0.2276413
0.0399500,0.2276756
0.0399550,0.2277080
0.0399600,0.2277356
0.0399650,0.2277593
0.0399700,0.2277812
0.0399750,0.2278033
0.0399800,0.2278259
0.0399850,0.2278494
0.0399900,0.2278761
0.0399950,0.2279070
0.0400000,0.2133081
0.0400050,0.2133220
0.0400100,0.2133426
0.0400150,0.2133646
0.0400200,0.2133808
0.0400250,0.2133878
0.0400300,0.2133872
0.0400350,0.2133847
0.0400400,0.2133856
0.0400450,0.2133912
0.0400500,0.2134001
0.0400550,0.2134101
0.0400600,0.2134200
0.0400650,0.2134289
0.0400700,0.2134371
0.0400750,0.2134475
0.0400800,0.2134635
0.0400850,0.2134873
0.0400900,0.2135178
0.0400950,0.2135528
0.0401000,0.1898490
0.0401050,0.1898623
0.0401100,0.1898813
0.0401150,0.1899007
0.0401200,0.1899164
0.0401250,0.1899295
0.0401300,0.1899434
0.0401350,0.1899609
0.0401400,0.1899815
0.0401450,0.1900024
0.0401500,0.1900222
0.0401550,0.1900400
0.0401600,0.1900570
0.0401650,0.1900733
0.0401700,0.1900888
0.0401750,0.1901048
0.0401800,0.1901210
0.0401850,0.1901367
0.0401900,0.1901497
0.0401950,0.1901596
0.0402000,0.1899819
0.0402050,0.1899799
0.0402100,0.1899820
0.0402150,0.1899880
0.0402200,0.1899982
0.0402250,0.1900129
0.0402300,0.1900298
0.0402350,0.1900465
0.0402400,0.1900613
0.0402450,0.1900744
0.0402500,0.1900868
0.0402550,0.1900987
0.0402600,0.1901106
0.0402650,0.1901225
0.0402700,0.1901358
0.0402750,0.1901522
0.0402800,0.1901714
0.0402850,0.1901920
0.0402900,0.1902112
0.0402950,0.1902270
0.0403000,0.2275128
0.0403050,0.2275059
0.0403100,0.2275110
0.0403150,0.2275306
0.0403200,0.2275637
0.0403250,0.2276044
0.0403300,0.2276432
0.0403350,0.2276733
0.0403400,0.2276935
0.0403450,0.2277087
0.0403500,0.2277249
0.0403550,0.2277462
0.0403600,0.2277737
0.0403650,0.2278048
0.0403700,0.2278344
0.0403750,0.2278560
0.0403800,0.2278655
0.0403850,0.2278666
0.0403900,0.2278660
0.0403950,0.2278710
0.0404000,0.2055252
0.0404050,0.2055349
0.0404100,0.2055563
0.0404150,0.2055842
0.0404200,0.2056130
0.0404250,0.2056386
0.0404300,0.2056604
0.0404350,0.2056810
0.0404400,0.2057029
0.0404450,0.2057287
0.0404500,0.2057593
0.0404550,0.2057934
0.0404600,0.2058292
0.0404650,0.2058632
0.0404700,0.2058926
0.0404750,0.2059141
0.0404800,0.2059261
0.0404850,0.2059304
0.0404900,0.2059311
0.0404950,0.2059336
0.0405000,0.1900792
0.0405050,0.1900868
0.0405100,0.1901023
0.0405150,0.1901211
0.0405200,0.1901404
0.0405250,0.1901584
0.0405300,0.1901757
0.0405350,0.1901957
0.0405400,0.1902200
0.0405450,0.1902485
0.0405500,0.1902783
0.0405550,0.1903061
0.0405600,0.1903299
0.0405650,0.1903481
0.0405700,0.1903615
0.0405750,0.1903719
0.0405800,0.1903826
0.0405850,0.1903966
0.0405900,0.1904141
0.0405950,0.1904338
0.0406000,0.2058904
0.0406050,0.2059089
0.0406100,0.2059368
0.0406150,0.2059705
0.0406200,0.2060072
0.0406250,0.2060422
0.0406300,0.2060725
0.0406350,0.2060995
0.0406400,0.2061276
0.0406450,0.2061602
0.0406500,0.2061958
0.0406550,0.2062312
0.0406600,0.2062638
0.0406650,0.2062928
0.0406700,0.2063190
0.0406750,0.2063428
0.0406800,0.2063659
0.0406850,0.2063912
0.0406900,0.2064219
0.0406950,0.2064607
0.0407000,0.1901594
0.0407050,0.1901764
0.0407100,0.1901988
0.0407150,0.1902254
0.0407200,0.1902539
0.0407250,0.1902799
0.0407300,0.1903025
0.0407350,0.1903228
0.0407400,0.1903436
0.0407450,0.1903668
0.0407500,0.1903906
0.0407550,0.1904113
0.0407600,0.1904225
0.0407650,0.1904210
0.0407700,0.1904091
0.0407750,0.1903913
0.0407800,0.1903734
0.0407850,0.1903585
0.0407900,0.1903477
0.0407950,0.1903406
0.0408000,0.1978534
0.0408050,0.1978478
0.0408100,0.1978457
0.0408150,0.1978476
0.0408200,0.1978562
0.0408250,0.1978730
0.0408300,0.1978983
0.0408350,0.1979296
0.0408400,0.1979637
0.0408450,0.1979974
0.0408500,0.1980280
0.0408550,0.1980553
0.0408600,0.1980787
0.0408650,0.1980992
0.0408700,0.1981183
0.0408750,0.1981386
0.0408800,0.1981623
0.0408850,0.1981873
0.0408900,0.1982091
0.0408950,0.1982232
0.0409000,0.2130926
0.0409050,0.2131031
0.0409100,0.2131219
0.0409150,0.2131467
0.0409200,0.2131739
0.0409250,0.2132010
0.0409300,0.2132272
0.0409350,0.2132510
0.0409400,0.2132737
0.0409450,0.2132974
0.0409500,0.2133247
0.0409550,0.2133568
0.0409600,0.2133923
0.0409650,0.2134298
0.0409700,0.2134668
0.0409750,0.2134998
0.0409800,0.2135275
0.0409850,0.2135491
0.0409900,0.2135676
0.0409950,0.2135859
0.0410000,0.2470459
0.0410050,0.2470480
0.0410100,0.2470563
0.0410150,0.2470720
0.0410200,0.2470952
0.0410250,0.2471256
0.0410300,0.2471620
0.0410350,0.2472019
0.0410400,0.2472425
0.0410450,0.2472798
0.0410500,0.2473119
0.0410550,0.2473387
0.0410600,0.2473607
0.0410650,0.2473808
0.0410700,0.2474016
0.0410750,0.2474245
0.0410800,0.2474501
0.0410850,0.2474772
0.0410900,0.2475043
0.0410950,0.2475287
0.0411000,0.2593543
0.0411050,0.2593652
0.0411100,0.2593904
0.0411150,0.2594283
0.0411200,0.2594738
0.0411250,0.2595220
0.0411300,0.2595685
0.0411350,0.2596103
0.0411400,0.2596473
0.0411450,0.2596802
0.0411500,0.2597123
0.0411550,0.2597488
0.0411600,0.2597933
0.0411650,0.2598468
0.0411700,0.2599058
0.0411750,0.2599659
0.0411800,0.2600220
0.0411850,0.2600710
0.0411900,0.2601131
0.0411950,0.2601494
0.0412000,0.2059008
0.0412050,0.2059129
0.0412100,0.2059318
0.0412150,0.2059570
0.0412200,0.2059849
0.0412250,0.2060134
0.0412300,0.2060406
0.0412350,0.2060667
0.0412400,0.2060928
0.0412450,0.2061191
0.0412500,0.2061472
0.0412550,0.2061771
0.0412600,0.2062076
0.0412650,0.2062371
0.0412700,0.2062627
0.0412750,0.2062844
0.0412800,0.2063044
0.0412850,0.2063260
0.0412900,0.2063500
0.0412950,0.2063744
0.0413000,0.1979107
0.0413050,0.1979121
0.0413100,0.1979239
0.0413150,0.1979423
0.0413200,0.1979604
0.0413250,0.1979731
0.0413300,0.1979784
0.0413350,0.1979778
0.0413400,0.1979726
0.0413450,0.1979629
0.0413500,0.1979510
0.0413550,0.1979390
0.0413600,0.1979293
0.0413650,0.1979222
0.0413700,0.1979158
0.0413750,0.1979100
0.0413800,0.1979064
0.0413850,0.1979099
0.0413900,0.1979249
0.0413950,0.1979511
0.0414000,0.2132459
0.0414050,0.2132542
0.0414100,0.2132683
0.0414150,0.2132856
0.0414200,0.2133048
0.0414250,0.2133271
0.0414300,0.2133539
0.0414350,0.2133867
0.0414400,0.2134269
0.0414450,0.2134740
0.0414500,0.2135263
0.0414550,0.2135798
0.0414600,0.2136313
0.0414650,0.2136775
0.0414700,0.2137154
0.0414750,0.2137451
0.0414800,0.2137679
0.0414850,0.2137862
0.0414900,0.2138028
0.0414950,0.2138186
0.0415000,0.2537248
0.0415050,0.2537232
0.0415100,0.2537347
0.0415150,0.2537549
0.0415200,0.2537790
0.0415250,0.2538046
0.0415300,0.2538298
0.0415350,0.2538561
0.0415400,0.2538868
0.0415450,0.2539247
0.0415500,0.2539702
0.0415550,0.2540211
0.0415600,0.2540752
0.0415650,0.2541304
0.0415700,0.2541830
0.0415750,0.2542293
0.0415800,0.2542670
0.0415850,0.2542985
0.0415900,0.2543275
0.0415950,0.2543569
0.0416000,0.2207873
0.0416050,0.2207772
0.0416100,0.2207714
0.0416150,0.2207700
0.0416200,0.2207716
0.0416250,0.2207751
0.0416300,0.2207802
0.0416350,0.2207891
0.0416400,0.2208037
0.0416450,0.2208268
0.0416500,0.2208600
0.0416550,0.2209021
0.0416600,0.2209513
0.0416650,0.2210036
0.0416700,0.2210547
0.0416750,0.2211004
0.0416800,0.2211369
0.0416850,0.2211646
0.0416900,0.2211851
0.0416950,0.2212004
0.0417000,0.2201585
0.0417050,0.2201784
0.0417100,0.2202047
0.0417150,0.2202363
0.0417200,0.2202712
0.0417250,0.2203060
0.0417300,0.2203360
0.0417350,0.2203580
0.0417400,0.2203709
0.0417450,0.2203783
0.0417500,0.2203848
0.0417550,0.2203942
0.0417600,0.2204098
0.0417650,0.2204306
0.0417700,0.2204544
0.0417750,0.2204782
0.0417800,0.2204999
0.0417850,0.2205194
0.0417900,0.2205366
0.0417950,0.2205525
0.0418000,0.2204016
0.0418050,0.2203931
0.0418100,0.2203960
0.0418150,0.2204135
0.0418200,0.2204470
0.0418250,0.2204940
0.0418300,0.2205485
0.0418350,0.2206039
0.0418400,0.2206538
0.0418450,0.2206984
0.0418500,0.2207423
0.0418550,0.2207908
0.0418600,0.2208453
0.0418650,0.2209007
0.0418700,0.2209499
0.0418750,0.2209856
0.0418800,0.2210046
0.0418850,0.2210101
0.0418900,0.2210075
0.0418950,0.2210036
0.0419000,0.2059251
0.0419050,0.2059123
0.0419100,0.2059143
0.0419150,0.2059309
0.0419200,0.2059570
0.0419250,0.2059846
0.0419300,0.2060088
0.0419350,0.2060308
0.0419400,0.2060548
0.0419450,0.2060867
0.0419500,0.2061286
0.0419550,0.2061785
0.0419600,0.2062318
0.0419650,0.2062822
0.0419700,0.2063271
0.0419750,0.2063647
0.0419800,0.2063957
0.0419850,0.2064228
0.0419900,0.2064493
0.0419950,0.2064795
0.0420000,0.1898149
0.0420050,0.1898313
0.0420100,0.1898578
0.0420150,0.1898880
0.0420200,0.1899164
0.0420250,0.1899385
0.0420300,0.1899547
0.0420350,0.1899683
0.0420400,0.1899829
0.0420450,0.1900031
0.0420500,0.1900309
0.0420550,0.1900651
0.0420600,0.1900997
0.0420650,0.1901266
0.0420700,0.1901415
0.0420750,0.1901448
0.0420800,0.1901437
0.0420850,0.1901467
0.0420900,0.1901593
0.0420950,0.1901819
0.0421000,0.1901285
0.0421050,0.1901247
0.0421100,0.1901254
0.0421150,0.1901326
0.0421200,0.1901477
0.0421250,0.1901686
0.0421300,0.1901940
0.0421350,0.1902224
0.0421400,0.1902533
0.0421450,0.1902872
0.0421500,0.1903225
0.0421550,0.1903590
0.0421600,0.1903960
0.0421650,0.1904329
0.0421700,0.1904694
0.0421750,0.1905043
0.0421800,0.1905383
0.0421850,0.1905691
0.0421900,0.1905944
0.0421950,0.1906125
0.0422000,0.2274886
0.0422050,0.2274643
0.0422100,0.2274494
0.0422150,0.2274464
0.0422200,0.2274555
0.0422250,0.2274737
0.0422300,0.2274976
0.0422350,0.2275241
0.0422400,0.2275530
0.0422450,0.2275866
0.0422500,0.2276255
0.0422550,0.2276679
0.0422600,0.2277102
0.0422650,0.2277486
0.0422700,0.2277804
0.0422750,0.2278051
0.0422800,0.2278249
0.0422850,0.2278410
0.0422900,0.2278534
0.0422950,0.2278617
0.0423000,0.2061490
0.0423050,0.2061533
0.0423100,0.2061628
0.0423150,0.2061717
0.0423200,0.2061748
0.0423250,0.2061707
0.0423300,0.2061625
0.0423350,0.2061542
0.0423400,0.2061499
0.0423450,0.2061520
0.0423500,0.2061604
0.0423550,0.2061723
0.0423600,0.2061818
0.0423650,0.2061853
0.0423700,0.2061832
0.0423750,0.2061789
0.0423800,0.2061754
0.0423850,0.2061734
0.0423900,0.2061733
0.0423950,0.2061733
0.0424000,0.2341254
0.0424050,0.2341222
0.0424100,0.2341245
0.0424150,0.2341330
0.0424200,0.2341464
0.0424250,0.2341619
0.0424300,0.2341771
0.0424350,0.2341913
0.0424400,0.2342080
0.0424450,0.2342315
0.0424500,0.2342637
0.0424550,0.2343027
0.0424600,0.2343423
0.0424650,0.2343760
0.0424700,0.2343988
0.0424750,0.2344111
0.0424800,0.2344190
0.0424850,0.2344308
0.0424900,0.2344521
0.0424950,0.2344826
0.0425000,0.2467549
0.0425050,0.2467817
0.0425100,0.2468153
0.0425150,0.2468556
0.0425200,0.2469010
0.0425250,0.2469487
0.0425300,0.2469952
0.0425350,0.2470375
0.0425400,0.2470734
0.0425450,0.2471004
0.0425500,0.2471180
0.0425550,0.2471289
0.0425600,0.2471381
0.0425650,0.2471499
0.0425700,0.2471654
0.0425750,0.2471834
0.0425800,0.2472024
0.0425850,0.2472222
0.0425900,0.2472431
0.0425950,0.2472648
0.0426000,0.2534875
0.0426050,0.2534731
0.0426100,0.2534761
0.0426150,0.2534972
0.0426200,0.2535331
0.0426250,0.2535793
0.0426300,0.2536301
0.0426350,0.2536794
0.0426400,0.2537232
0.0426450,0.2537598
0.0426500,0.2537917
0.0426550,0.2538232
0.0426600,0.2538572
0.0426650,0.2538936
0.0426700,0.2539287
0.0426750,0.2539594
0.0426800,0.2539821
0.0426850,0.2539930
0.0426900,0.2539903
0.0426950,0.2539745
0.0427000,0.2407689
0.0427050,0.2407658
0.0427100,0.2407765
0.0427150,0.2407980
0.0427200,0.2408235
0.0427250,0.2408481
0.0427300,0.2408698
0.0427350,0.2408907
0.0427400,0.2409138
0.0427450,0.2409407
0.0427500,0.2409713
0.0427550,0.2410030
0.0427600,0.2410319
0.0427650,0.2410559
0.0427700,0.2410749
0.0427750,0.2410910
0.0427800,0.2411056
0.0427850,0.2411207
0.0427900,0.2411387
0.0427950,0.2411605
0.0428000,0.2341704
0.0428050,0.2341937
0.0428100,0.2342190
0.0428150,0.2342450
0.0428200,0.2342730
0.0428250,0.2343044
0.0428300,0.2343374
0.0428350,0.2343707
0.0428400,0.2344041
0.0428450,0.2344377
0.0428500,0.2344732
0.0428550,0.2345115
0.0428600,0.2345532
0.0428650,0.2345967
0.0428700,0.2346390
0.0428750,0.2346766
0.0428800,0.2347058
0.0428850,0.2347264
0.0428900,0.2347417
0.0428950,0.2347571
0.0429000,0.2474240
0.0429050,0.2474560
0.0429100,0.2474950
0.0429150,0.2475354
0.0429200,0.2475726
0.0429250,0.2476054
0.0429300,0.2476355
0.0429350,0.2476662
0.0429400,0.2476983
0.0429450,0.2477325
0.0429500,0.2477682
0.0429550,0.2478026
0.0429600,0.2478354
0.0429650,0.2478678
0.0429700,0.2479010
0.0429750,0.2479373
0.0429800,0.2479786
0.0429850,0.2480267
0.0429900,0.2480820
0.0429950,0.2481445
0.0430000,0.1818501
0.0430050,0.1818736
0.0430100,0.1818976
0.0430150,0.1819216
0.0430200,0.1819434
0.0430250,0.1819608
0.0430300,0.1819726
0.0430350,0.1819797
0.0430400,0.1819829
0.0430450,0.1819823
0.0430500,0.1819782
0.0430550,0.1819727
0.0430600,0.1819705
0.0430650,0.1819737
0.0430700,0.1819805
0.0430750,0.1819861
0.0430800,0.1819859
0.0430850,0.1819773
0.0430900,0.1819597
0.0430950,0.1819372
0.0431000,0.2132537
0.0431050,0.2132333
0.0431100,0.2132321
0.0431150,0.2132505
0.0431200,0.2132838
0.0431250,0.2133257
0.0431300,0.2133699
0.0431350,0.2134127
0.0431400,0.2134511
0.0431450,0.2134868
0.0431500,0.2135256
0.0431550,0.2135727
0.0431600,0.2136281
0.0431650,0.2136851
0.0431700,0.2137345
0.0431750,0.2137689
0.0431800,0.2137870
0.0431850,0.2137931
0.0431900,0.2137940
0.0431950,0.2137978
0.0432000,0.1903612
0.0432050,0.1903710
0.0432100,0.1903875
0.0432150,0.1904070
0.0432200,0.1904264
0.0432250,0.1904427
0.0432300,0.1904535
0.0432350,0.1904602
0.0432400,0.1904663
0.0432450,0.1904764
0.0432500,0.1904929
0.0432550,0.1905154
0.0432600,0.1905412
0.0432650,0.1905656
0.0432700,0.1905853
0.0432750,0.1905999
0.0432800,0.1906112
0.0432850,0.1906221
0.0432900,0.1906336
0.0432950,0.1906465
0.0433000,0.1899512
0.0433050,0.1899610
0.0433100,0.1899772
0.0433150,0.1899951
0.0433200,0.1900121
0.0433250,0.1900270
0.0433300,0.1900412
0.0433350,0.1900580
0.0433400,0.1900799
0.0433450,0.1901087
0.0433500,0.1901437
0.0433550,0.1901815
0.0433600,0.1902170
0.0433650,0.1902446
0.0433700,0.1902624
0.0433750,0.1902718
0.0433800,0.1902770
0.0433850,0.1902835
0.0433900,0.1902960
0.0433950,0.1903181
0.0434000,0.2058190
0.0434050,0.2058200
0.0434100,0.2058292
0.0434150,0.2058442
0.0434200,0.2058633
0.0434250,0.2058859
0.0434300,0.2059133
0.0434350,0.2059473
0.0434400,0.2059898
0.0434450,0.2060414
0.0434500,0.2060989
0.0434550,0.2061564
0.0434600,0.2062062
0.0434650,0.2062434
0.0434700,0.2062691
0.0434750,0.2062867
0.0434800,0.2062997
0.0434850,0.2063103
0.0434900,0.2063183
0.0434950,0.2063225
0.0435000,0.2058039
0.0435050,0.2058230
0.0435100,0.2058446
0.0435150,0.2058630
0.0435200,0.2058784
0.0435250,0.2058958
0.0435300,0.2059220
0.0435350,0.2059611
0.0435400,0.2060117
0.0435450,0.2060666
0.0435500,0.2061164
0.0435550,0.2061534
0.0435600,0.2061753
0.0435650,0.2061872
0.0435700,0.2061976
0.0435750,0.2062135
0.0435800,0.2062385
0.0435850,0.2062708
0.0435900,0.2063048
0.0435950,0.2063333
0.0436000,0.2343248
0.0436050,0.2343202
0.0436100,0.2343207
0.0436150,0.2343294
0.0436200,0.2343503
0.0436250,0.2343865
0.0436300,0.2344362
0.0436350,0.2344936
0.0436400,0.2345517
0.0436450,0.2346051
0.0436500,0.2346510
0.0436550,0.2346906
0.0436600,0.2347265
0.0436650,0.2347617
0.0436700,0.2347977
0.0436750,0.2348325
0.0436800,0.2348621
0.0436850,0.2348828
0.0436900,0.2348912
0.0436950,0.2348859
0.0437000,0.2411141
0.0437050,0.2410948
0.0437100,0.2410897
0.0437150,0.2411016
0.0437200,0.2411276
0.0437250,0.2411618
0.0437300,0.2411970
0.0437350,0.2412269
0.0437400,0.2412484
0.0437450,0.2412619
0.0437500,0.2412717
0.0437550,0.2412840
0.0437600,0.2413031
0.0437650,0.2413308
0.0437700,0.2413647
0.0437750,0.2413989
0.0437800,0.2414278
0.0437850,0.2414483
0.0437900,0.2414621
0.0437950,0.2414742
0.0438000,0.1981889
0.0438050,0.1981906
0.0438100,0.1982024
0.0438150,0.1982203
0.0438200,0.1982391
0.0438250,0.1982544
0.0438300,0.1982638
0.0438350,0.1982697
0.0438400,0.1982771
0.0438450,0.1982903
0.0438500,0.1983119
0.0438550,0.1983420
0.0438600,0.1983779
0.0438650,0.1984131
0.0438700,0.1984400
0.0438750,0.1984558
0.0438800,0.1984630
0.0438850,0.1984662
0.0438900,0.1984694
0.0438950,0.1984743
0.0439000,0.1728454
0.0439050,0.1728454
0.0439100,0.1728474
0.0439150,0.1728485
0.0439200,0.1728474
0.0439250,0.1728472
0.0439300,0.1728532
0.0439350,0.1728703
0.0439400,0.1728992
0.0439450,0.1729353
0.0439500,0.1729728
0.0439550,0.1730055
0.0439600,0.1730304
0.0439650,0.1730471
0.0439700,0.1730570
0.0439750,0.1730628
0.0439800,0.1730674
0.0439850,0.1730740
0.0439900,0.1730852
0.0439950,0.1731018
0.0440000,0.1814475
0.0440050,0.1814562
0.0440100,0.1814657
0.0440150,0.1814782
0.0440200,0.1814987
0.0440250,0.1815295
0.0440300,0.1815681
0.0440350,0.1816106
0.0440400,0.1816538
0.0440450,0.1816942
0.0440500,0.1817295
0.0440550,0.1817582
0.0440600,0.1817819
0.0440650,0.1818050
0.0440700,0.1818318
0.0440750,0.1818637
0.0440800,0.1818972
0.0440850,0.1819247
0.0440900,0.1819385
0.0440950,0.1819357
0.0441000,0.2134358
0.0441050,0.2134125
0.0441100,0.2133990
0.0441150,0.2133984
0.0441200,0.2134080
0.0441250,0.2134221
0.0441300,0.2134357
0.0441350,0.2134477
0.0441400,0.2134593
0.0441450,0.2134718
0.0441500,0.2134869
0.0441550,0.2135059
0.0441600,0.2135303
0.0441650,0.2135592
0.0441700,0.2135880
0.0441750,0.2136102
0.0441800,0.2136221
0.0441850,0.2136270
0.0441900,0.2136308
0.0441950,0.2136374
0.0442000,0.2202571
0.0442050,0.2202672
0.0442100,0.2202772
0.0442150,0.2202879
0.0442200,0.2203012
0.0442250,0.2203203
0.0442300,0.2203472
0.0442350,0.2203840
0.0442400,0.2204301
0.0442450,0.2204818
0.0442500,0.2205330
0.0442550,0.2205794
0.0442600,0.2206208
0.0442650,0.2206597
0.0442700,0.2206992
0.0442750,0.2207401
0.0442800,0.2207811
0.0442850,0.2208195
0.0442900,0.2208520
0.0442950,0.2208766
0.0443000,0.1816324
0.0443050,0.1816335
0.0443100,0.1816346
0.0443150,0.1816367
0.0443200,0.1816407
0.0443250,0.1816470
0.0443300,0.1816556
0.0443350,0.1816655
0.0443400,0.1816745
0.0443450,0.1816818
0.0443500,0.1816886
0.0443550,0.1816974
0.0443600,0.1817090
0.0443650,0.1817219
0.0443700,0.1817339
0.0443750,0.1817445
0.0443800,0.1817583
0.0443850,0.1817799
0.0443900,0.1818086
0.0443950,0.1818391
0.0444000,0.1897875
0.0444050,0.1897942
0.0444100,0.1897953
0.0444150,0.1897887
0.0444200,0.1897753
0.0444250,0.1897582
0.0444300,0.1897423
0.0444350,0.1897325
0.0444400,0.1897281
0.0444450,0.1897259
0.0444500,0.1897213
0.0444550,0.1897121
0.0444600,0.1896997
0.0444650,0.1896884
0.0444700,0.1896854
0.0444750,0.1896943
0.0444800,0.1897136
0.0444850,0.1897384
0.0444900,0.1897621
0.0444950,0.1897804
0.0445000,0.1977783
0.0445050,0.1977629
0.0445100,0.1977551
0.0445150,0.1977602
0.0445200,0.1977809
0.0445250,0.1978145
0.0445300,0.1978556
0.0445350,0.1978976
0.0445400,0.1979338
0.0445450,0.1979634
0.0445500,0.1979899
0.0445550,0.1980196
0.0445600,0.1980568
0.0445650,0.1981013
0.0445700,0.1981498
0.0445750,0.1981962
0.0445800,0.1982356
0.0445850,0.1982659
0.0445900,0.1982875
0.0445950,0.1983048
0.0446000,0.2535831
0.0446050,0.2536022
0.0446100,0.2536298
0.0446150,0.2536696
0.0446200,0.2537218
0.0446250,0.2537823
0.0446300,0.2538446
0.0446350,0.2539036
0.0446400,0.2539570
0.0446450,0.2540051
0.0446500,0.2540470
0.0446550,0.2540819
0.0446600,0.2541100
0.0446650,0.2541320
0.0446700,0.2541509
0.0446750,0.2541698
0.0446800,0.2541921
0.0446850,0.2542188
0.0446900,0.2542465
0.0446950,0.2542709
0.0447000,0.2518201
0.0447050,0.2518298
0.0447100,0.2518463
0.0447150,0.2518713
0.0447200,0.2519075
0.0447250,0.2519550
0.0447300,0.2520108
0.0447350,0.2520687
0.0447400,0.2521226
0.0447450,0.2521694
0.0447500,0.2522083
0.0447550,0.2522406
0.0447600,0.2522671
0.0447650,0.2522877
0.0447700,0.2523025
0.0447750,0.2523126
0.0447800,0.2523212
0.0447850,0.2523316
0.0447900,0.2523439
0.0447950,0.2523562
0.0448000,0.2409374
0.0448050,0.2409242
0.0448100,0.2409215
0.0448150,0.2409296
0.0448200,0.2409475
0.0448250,0.2409723
0.0448300,0.2410016
0.0448350,0.2410340
0.0448400,0.2410712
0.0448450,0.2411158
0.0448500,0.2411692
0.0448550,0.2412292
0.0448600,0.2412904
0.0448650,0.2413465
0.0448700,0.2413924
0.0448750,0.2414273
0.0448800,0.2414550
0.0448850,0.2414804
0.0448900,0.2415082
0.0448950,0.2415389
0.0449000,0.2345956
0.0449050,0.2346109
0.0449100,0.2346334
0.0449150,0.2346599
0.0449200,0.2346865
0.0449250,0.2347108
0.0449300,0.2347319
0.0449350,0.2347508
0.0449400,0.2347698
0.0449450,0.2347896
0.0449500,0.2348111
0.0449550,0.2348353
0.0449600,0.2348633
0.0449650,0.2348965
0.0449700,0.2349332
0.0449750,0.2349697
0.0449800,0.2350023
0.0449850,0.2350303
0.0449900,0.2350563
0.0449950,0.2350835
0.0450000,0.2412109
0.0450050,0.2412207
0.0450100,0.2412386
0.0450150,0.2412625
0.0450200,0.2412883
0.0450250,0.2413117
0.0450300,0.2413291
0.0450350,0.2413400
0.0450400,0.2413480
0.0450450,0.2413572
0.0450500,0.2413707
0.0450550,0.2413871
0.0450600,0.2414018
0.0450650,0.2414111
0.0450700,0.2414152
0.0450750,0.2414182
0.0450800,0.2414251
0.0450850,0.2414392
0.0450900,0.2414621
0.0450950,0.2414920
0.0451000,0.2134403
0.0451050,0.2134616
0.0451100,0.2134942
0.0451150,0.2135306
0.0451200,0.2135642
0.0451250,0.2135925
0.0451300,0.2136165
0.0451350,0.2136389
0.0451400,0.2136619
0.0451450,0.2136849
0.0451500,0.2137056
0.0451550,0.2137187
0.0451600,0.2137202
0.0451650,0.2137095
0.0451700,0.2136893
0.0451750,0.2136655
0.0451800,0.2136436
0.0451850,0.2136281
0.0451900,0.2136210
0.0451950,0.2136209
0.0452000,0.2273042
0.0452050,0.2273065
0.0452100,0.2273151
0.0452150,0.2273272
0.0452200,0.2273404
0.0452250,0.2273546
0.0452300,0.2273703
0.0452350,0.2273890
0.0452400,0.2274119
0.0452450,0.2274387
0.0452500,0.2274693
0.0452550,0.2275022
0.0452600,0.2275350
0.0452650,0.2275648
0.0452700,0.2275901
0.0452750,0.2276128
0.0452800,0.2276352
0.0452850,0.2276584
0.0452900,0.2276819
0.0452950,0.2277044
0.0453000,0.2475102
0.0453050,0.2474858
0.0453100,0.2474732
0.0453150,0.2474731
0.0453200,0.2474829
0.0453250,0.2474989
0.0453300,0.2475165
0.0453350,0.2475333
0.0453400,0.2475487
0.0453450,0.2475637
0.0453500,0.2475807
0.0453550,0.2476019
0.0453600,0.2476278
0.0453650,0.2476550
0.0453700,0.2476775
0.0453750,0.2476913
0.0453800,0.2476949
0.0453850,0.2476915
0.0453900,0.2476857
0.0453950,0.2476826
0.0454000,0.2342270
0.0454050,0.2342406
0.0454100,0.2342650
0.0454150,0.2342954
0.0454200,0.2343281
0.0454250,0.2343616
0.0454300,0.2343961
0.0454350,0.2344334
0.0454400,0.2344739
0.0454450,0.2345172
0.0454500,0.2345630
0.0454550,0.2346099
0.0454600,0.2346557
0.0454650,0.2346963
0.0454700,0.2347279
0.0454750,0.2347494
0.0454800,0.2347627
0.0454850,0.2347732
0.0454900,0.2347862
0.0454950,0.2348056
0.0455000,0.1901300
0.0455050,0.1901221
0.0455100,0.1901194
0.0455150,0.1901198
0.0455200,0.1901241
0.0455250,0.1901335
0.0455300,0.1901482
0.0455350,0.1901691
0.0455400,0.1901970
0.0455450,0.1902319
0.0455500,0.1902703
0.0455550,0.1903050
0.0455600,0.1903317
0.0455650,0.1903494
0.0455700,0.1903623
0.0455750,0.1903754
0.0455800,0.1903911
0.0455850,0.1904089
0.0455900,0.1904261
0.0455950,0.1904392
0.0456000,0.1981774
0.0456050,0.1981764
0.0456100,0.1981760
0.0456150,0.1981736
0.0456200,0.1981679
0.0456250,0.1981599
0.0456300,0.1981518
0.0456350,0.1981456
0.0456400,0.1981404
0.0456450,0.1981344
0.0456500,0.1981261
0.0456550,0.1981182
0.0456600,0.1981162
0.0456650,0.1981223
0.0456700,0.1981347
0.0456750,0.1981488
0.0456800,0.1981615
0.0456850,0.1981733
0.0456900,0.1981843
0.0456950,0.1981949
0.0457000,0.2408598
0.0457050,0.2408581
0.0457100,0.2408682
0.0457150,0.2408892
0.0457200,0.2409158
0.0457250,0.2409423
0.0457300,0.2409652
0.0457350,0.2409845
0.0457400,0.2410031
0.0457450,0.2410239
0.0457500,0.2410487
0.0457550,0.2410775
0.0457600,0.2411089
0.0457650,0.2411413
0.0457700,0.2411722
0.0457750,0.2411997
0.0457800,0.2412234
0.0457850,0.2412449
0.0457900,0.2412675
0.0457950,0.2412937
0.0458000,0.2054562
0.0458050,0.2054738
0.0458100,0.2054983
0.0458150,0.2055278
0.0458200,0.2055622
0.0458250,0.2056012
0.0458300,0.2056449
0.0458350,0.2056920
0.0458400,0.2057411
0.0458450,0.2057909
0.0458500,0.2058417
0.0458550,0.2058948
0.0458600,0.2059503
0.0458650,0.2060070
0.0458700,0.2060616
0.0458750,0.2061103
0.0458800,0.2061512
0.0458850,0.2061839
0.0458900,0.2062104
0.0458950,0.2062326
0.0459000,0.2133042
0.0459050,0.2133240
0.0459100,0.2133540
0.0459150,0.2133886
0.0459200,0.2134202
0.0459250,0.2134450
0.0459300,0.2134661
0.0459350,0.2134866
0.0459400,0.2135086
0.0459450,0.2135330
0.0459500,0.2135603
0.0459550,0.2135904
0.0459600,0.2136222
0.0459650,0.2136541
0.0459700,0.2136844
0.0459750,0.2137121
0.0459800,0.2137378
0.0459850,0.2137634
0.0459900,0.2137927
0.0459950,0.2138268
0.0460000,0.2059178
0.0460050,0.2059181
0.0460100,0.2059229
0.0460150,0.2059309
0.0460200,0.2059427
0.0460250,0.2059607
0.0460300,0.2059851
0.0460350,0.2060128
0.0460400,0.2060418
0.0460450,0.2060718
0.0460500,0.2061038
0.0460550,0.2061373
0.0460600,0.2061715
0.0460650,0.2062062
0.0460700,0.2062410
0.0460750,0.2062766
0.0460800,0.2063130
0.0460850,0.2063480
0.0460900,0.2063798
0.0460950,0.2064074
0.0461000,0.2275719
0.0461050,0.2275990
0.0461100,0.2276373
0.0461150,0.2276790
0.0461200,0.2277159
0.0461250,0.2277453
0.0461300,0.2277722
0.0461350,0.2278033
0.0461400,0.2278417
0.0461450,0.2278830
0.0461500,0.2279192
0.0461550,0.2279437
0.0461600,0.2279565
0.0461650,0.2279635
0.0461700,0.2279717
0.0461750,0.2279851
0.0461800,0.2280020
0.0461850,0.2280192
0.0461900,0.2280338
0.0461950,0.2280429
0.0462000,0.2207321
0.0462050,0.2206942
0.0462100,0.2206565
0.0462150,0.2206226
0.0462200,0.2205964
0.0462250,0.2205816
0.0462300,0.2205790
0.0462350,0.2205848
0.0462400,0.2205938
0.0462450,0.2206036
0.0462500,0.2206162
0.0462550,0.2206345
0.0462600,0.2206608
0.0462650,0.2206946
0.0462700,0.2207333
0.0462750,0.2207739
0.0462800,0.2208132
0.0462850,0.2208471
0.0462900,0.2208721
0.0462950,0.2208871
0.0463000,0.2208990
0.0463050,0.2208963
0.0463100,0.2209072
0.0463150,0.2209304
0.0463200,0.2209589
0.0463250,0.2209864
0.0463300,0.2210091
0.0463350,0.2210255
0.0463400,0.2210346
0.0463450,0.2210361
0.0463500,0.2210330
0.0463550,0.2210305
0.0463600,0.2210336
0.0463650,0.2210451
0.0463700,0.2210635
0.0463750,0.2210835
0.0463800,0.2210979
0.0463850,0.2211026
0.0463900,0.2210994
0.0463950,0.2210944
0.0464000,0.2060489
0.0464050,0.2060611
0.0464100,0.2060887
0.0464150,0.2061246
0.0464200,0.2061595
0.0464250,0.2061873
0.0464300,0.2062059
0.0464350,0.2062179
0.0464400,0.2062279
0.0464450,0.2062405
0.0464500,0.2062580
0.0464550,0.2062786
0.0464600,0.2062980
0.0464650,0.2063121
0.0464700,0.2063183
0.0464750,0.2063170
0.0464800,0.2063106
0.0464850,0.2063035
0.0464900,0.2062998
0.0464950,0.2063020
0.0465000,0.2597478
0.0465050,0.2597548
0.0465100,0.2597702
0.0465150,0.2597906
0.0465200,0.2598140
0.0465250,0.2598401
0.0465300,0.2598700
0.0465350,0.2599045
0.0465400,0.2599425
0.0465450,0.2599817
0.0465500,0.2600191
0.0465550,0.2600526
0.0465600,0.2600808
0.0465650,0.2601039
0.0465700,0.2601226
0.0465750,0.2601372
0.0465800,0.2601496
0.0465850,0.2601622
0.0465900,0.2601773
0.0465950,0.2601955
0.0466000,0.1981749
0.0466050,0.1981635
0.0466100,0.1981629
0.0466150,0.1981689
0.0466200,0.1981786
0.0466250,0.1981900
0.0466300,0.1982036
0.0466350,0.1982210
0.0466400,0.1982442
0.0466450,0.1982749
0.0466500,0.1983122
0.0466550,0.1983523
0.0466600,0.1983904
0.0466650,0.1984228
0.0466700,0.1984490
0.0466750,0.1984713
0.0466800,0.1984939
0.0466850,0.1985187
0.0466900,0.1985447
0.0466950,0.1985685
0.0467000,0.1982122
0.0467050,0.1982272
0.0467100,0.1982477
0.0467150,0.1982746
0.0467200,0.1983063
0.0467250,0.1983391
0.0467300,0.1983697
0.0467350,0.1983963
0.0467400,0.1984198
0.0467450,0.1984425
0.0467500,0.1984672
0.0467550,0.1984943
0.0467600,0.1985219
0.0467650,0.1985472
0.0467700,0.1985674
0.0467750,0.1985812
0.0467800,0.1985881
0.0467850,0.1985881
0.0467900,0.1985824
0.0467950,0.1985745
0.0468000,0.2410378
0.0468050,0.2410445
0.0468100,0.2410535
0.0468150,0.2410629
0.0468200,0.2410734
0.0468250,0.2410877
0.0468300,0.2411078
0.0468350,0.2411322
0.0468400,0.2411557
0.0468450,0.2411722
0.0468500,0.2411783
0.0468550,0.2411776
0.0468600,0.2411766
0.0468650,0.2411800
0.0468700,0.2411888
0.0468750,0.2412021
0.0468800,0.2412206
0.0468850,0.2412448
0.0468900,0.2412736
0.0468950,0.2413038
0.0469000,0.2407442
0.0469050,0.2407455
0.0469100,0.2407553
0.0469150,0.2407740
0.0469200,0.2408020
0.0469250,0.2408392
0.0469300,0.2408846
0.0469350,0.2409341
0.0469400,0.2409830
0.0469450,0.2410315
0.0469500,0.2410826
0.0469550,0.2411402
0.0469600,0.2412062
0.0469650,0.2412773
0.0469700,0.2413480
0.0469750,0.2414128
0.0469800,0.2414691
0.0469850,0.2415162
0.0469900,0.2415533
0.0469950,0.2415808
0.0470000,0.2059514
0.0470050,0.2059723
0.0470100,0.2059987
0.0470150,0.2060277
0.0470200,0.2060530
0.0470250,0.2060705
0.0470300,0.2060820
0.0470350,0.2060914
0.0470400,0.2061021
0.0470450,0.2061164
0.0470500,0.2061346
0.0470550,0.2061570
0.0470600,0.2061819
0.0470650,0.2062048
0.0470700,0.2062204
0.0470750,0.2062247
0.0470800,0.2062198
0.0470850,0.2062126
0.0470900,0.2062098
0.0470950,0.2062139
0.0471000,0.2205795
0.0471050,0.2205769
0.0471100,0.2205778
0.0471150,0.2205822
0.0471200,0.2205903
0.0471250,0.2206025
0.0471300,0.2206194
0.0471350,0.2206407
0.0471400,0.2206656
0.0471450,0.2206933
0.0471500,0.2207210
0.0471550,0.2207448
0.0471600,0.2207615
0.0471650,0.2207719
0.0471700,0.2207818
0.0471750,0.2207955
0.0471800,0.2208148
0.0471850,0.2208384
0.0471900,0.2208650
0.0471950,0.2208943
0.0472000,0.2205387
0.0472050,0.2205454
0.0472100,0.2205562
0.0472150,0.2205686
0.0472200,0.2205817
0.0472250,0.2205957
0.0472300,0.2206123
0.0472350,0.2206318
0.0472400,0.2206533
0.0472450,0.2206774
0.0472500,0.2207035
0.0472550,0.2207327
0.0472600,0.2207646
0.0472650,0.2207992
0.0472700,0.2208371
0.0472750,0.2208771
0.0472800,0.2209180
0.0472850,0.2209570
0.0472900,0.2209905
0.0472950,0.2210162
0.0473000,0.2056064
0.0473050,0.2056204
0.0473100,0.2056384
0.0473150,0.2056608
0.0473200,0.2056881
0.0473250,0.2057182
0.0473300,0.2057492
0.0473350,0.2057772
0.0473400,0.2057999
0.0473450,0.2058173
0.0473500,0.2058311
0.0473550,0.2058459
0.0473600,0.2058645
0.0473650,0.2058858
0.0473700,0.2059072
0.0473750,0.2059261
0.0473800,0.2059423
0.0473850,0.2059565
0.0473900,0.2059706
0.0473950,0.2059870
0.0474000,0.2133354
0.0474050,0.2133626
0.0474100,0.2133968
0.0474150,0.2134319
0.0474200,0.2134623
0.0474250,0.2134854
0.0474300,0.2135048
0.0474350,0.2135247
0.0474400,0.2135475
0.0474450,0.2135733
0.0474500,0.2135997
0.0474550,0.2136256
0.0474600,0.2136513
0.0474650,0.2136779
0.0474700,0.2137059
0.0474750,0.2137341
0.0474800,0.2137620
0.0474850,0.2137885
0.0474900,0.2138126
0.0474950,0.2138318
0.0475000,0.2132958
0.0475050,0.2132699
0.0475100,0.2132503
0.0475150,0.2132408
0.0475200,0.2132405
0.0475250,0.2132463
0.0475300,0.2132560
0.0475350,0.2132682
0.0475400,0.2132827
0.0475450,0.2132974
0.0475500,0.2133091
0.0475550,0.2133167
0.0475600,0.2133218
0.0475650,0.2133282
0.0475700,0.2133384
0.0475750,0.2133523
0.0475800,0.2133685
0.0475850,0.2133840
0.0475900,0.2133979
0.0475950,0.2134092
0.0476000,0.2534681
0.0476050,0.2534720
0.0476100,0.2534868
0.0476150,0.2535096
0.0476200,0.2535361
0.0476250,0.2535631
0.0476300,0.2535887
0.0476350,0.2536117
0.0476400,0.2536336
0.0476450,0.2536568
0.0476500,0.2536845
0.0476550,0.2537183
0.0476600,0.2537554
0.0476650,0.2537923
0.0476700,0.2538253
0.0476750,0.2538511
0.0476800,0.2538695
0.0476850,0.2538828
0.0476900,0.2538957
0.0476950,0.2539115
0.0477000,0.2408665
0.0477050,0.2408656
0.0477100,0.2408853
0.0477150,0.2409235
0.0477200,0.2409739
0.0477250,0.2410302
0.0477300,0.2410878
0.0477350,0.2411437
0.0477400,0.2411984
0.0477450,0.2412522
0.0477500,0.2413053
0.0477550,0.2413591
0.0477600,0.2414159
0.0477650,0.2414758
0.0477700,0.2415317
0.0477750,0.2415753
0.0477800,0.2416039
0.0477850,0.2416219
0.0477900,0.2416383
0.0477950,0.2416598
0.0478000,0.2203239
0.0478050,0.2203536
0.0478100,0.2203908
0.0478150,0.2204289
0.0478200,0.2204636
0.0478250,0.2204956
0.0478300,0.2205278
0.0478350,0.2205626
0.0478400,0.2206006
0.0478450,0.2206393
0.0478500,0.2206745
0.0478550,0.2207024
0.0478600,0.2207214
0.0478650,0.2207323
0.0478700,0.2207360
0.0478750,0.2207359
0.0478800,0.2207367
0.0478850,0.2207429
0.0478900,0.2207564
0.0478950,0.2207761
0.0479000,0.2053498
0.0479050,0.2053651
0.0479100,0.2053913
0.0479150,0.2054275
0.0479200,0.2054710
0.0479250,0.2055192
0.0479300,0.2055698
0.0479350,0.2056221
0.0479400,0.2056754
0.0479450,0.2057285
0.0479500,0.2057802
0.0479550,0.2058291
0.0479600,0.2058749
0.0479650,0.2059178
0.0479700,0.2059570
0.0479750,0.2059907
0.0479800,0.2060173
0.0479850,0.2060384
0.0479900,0.2060584
0.0479950,0.2060804
0.0480000,0.1983576
0.0480050,0.1983630
0.0480100,0.1983705
0.0480150,0.1983791
0.0480200,0.1983880
0.0480250,0.1983981
0.0480300,0.1984104
0.0480350,0.1984267
0.0480400,0.1984479
0.0480450,0.1984722
0.0480500,0.1984973
0.0480550,0.1985205
0.0480600,0.1985422
0.0480650,0.1985641
0.0480700,0.1985857
0.0480750,0.1986044
0.0480800,0.1986178
0.0480850,0.1986272
0.0480900,0.1986361
0.0480950,0.1986454
0.0481000,0.2206947
0.0481050,0.2207071
0.0481100,0.2207227
0.0481150,0.2207398
0.0481200,0.2207573
0.0481250,0.2207760
0.0481300,0.2207962
0.0481350,0.2208193
0.0481400,0.2208459
0.0481450,0.2208753
0.0481500,0.2209059
0.0481550,0.2209336
0.0481600,0.2209549
0.0481650,0.2209674
0.0481700,0.2209717
0.0481750,0.2209717
0.0481800,0.2209720
0.0481850,0.2209752
0.0481900,0.2209810
0.0481950,0.2209883
0.0482000,0.2057095
0.0482050,0.2056957
0.0482100,0.2056917
0.0482150,0.2057000
0.0482200,0.2057215
0.0482250,0.2057553
0.0482300,0.2057993
0.0482350,0.2058499
0.0482400,0.2059017
0.0482450,0.2059498
0.0482500,0.2059908
0.0482550,0.2060253
0.0482600,0.2060565
0.0482650,0.2060868
0.0482700,0.2061171
0.0482750,0.2061451
0.0482800,0.2061676
0.0482850,0.2061823
0.0482900,0.2061883
0.0482950,0.2061886
0.0483000,0.2058620
0.0483050,0.2058541
0.0483100,0.2058534
0.0483150,0.2058590
0.0483200,0.2058686
0.0483250,0.2058789
0.0483300,0.2058870
0.0483350,0.2058923
0.0483400,0.2058968
0.0483450,0.2059031
0.0483500,0.2059139
0.0483550,0.2059307
0.0483600,0.2059541
0.0483650,0.2059832
0.0483700,0.2060160
0.0483750,0.2060492
0.0483800,0.2060811
0.0483850,0.2061122
0.0483900,0.2061446
0.0483950,0.2061796
0.0484000,0.2131036
0.0484050,0.2131282
0.0484100,0.2131538
0.0484150,0.2131752
0.0484200,0.2131909
0.0484250,0.2132041
0.0484300,0.2132192
0.0484350,0.2132391
0.0484400,0.2132623
0.0484450,0.2132844
0.0484500,0.2133018
0.0484550,0.2133123
0.0484600,0.2133165
0.0484650,0.2133163
0.0484700,0.2133143
0.0484750,0.2133142
0.0484800,0.2133190
0.0484850,0.2133305
0.0484900,0.2133482
0.0484950,0.2133690
0.0485000,0.2273979
0.0485050,0.2274063
0.0485100,0.2274228
0.0485150,0.2274474
0.0485200,0.2274787
0.0485250,0.2275149
0.0485300,0.2275527
0.0485350,0.2275886
0.0485400,0.2276204
0.0485450,0.2276482
0.0485500,0.2276755
0.0485550,0.2277044
0.0485600,0.2277350
0.0485650,0.2277656
0.0485700,0.2277935
0.0485750,0.2278161
0.0485800,0.2278322
0.0485850,0.2278429
0.0485900,0.2278505
0.0485950,0.2278582
0.0486000,0.2344042
0.0486050,0.2344144
0.0486100,0.2344319
0.0486150,0.2344546
0.0486200,0.2344805
0.0486250,0.2345079
0.0486300,0.2345359
0.0486350,0.2345659
0.0486400,0.2345996
0.0486450,0.2346366
0.0486500,0.2346741
0.0486550,0.2347073
0.0486600,0.2347331
0.0486650,0.2347527
0.0486700,0.2347702
0.0486750,0.2347896
0.0486800,0.2348116
0.0486850,0.2348326
0.0486900,0.2348477
0.0486950,0.2348542
0.0487000,0.2278171
0.0487050,0.2278106
0.0487100,0.2278113
0.0487150,0.2278157
0.0487200,0.2278191
0.0487250,0.2278225
0.0487300,0.2278297
0.0487350,0.2278436
0.0487400,0.2278652
0.0487450,0.2278939
0.0487500,0.2279298
0.0487550,0.2279712
0.0487600,0.2280146
0.0487650,0.2280568
0.0487700,0.2280952
0.0487750,0.2281310
0.0487800,0.2281665
0.0487850,0.2282040
0.0487900,0.2282448
0.0487950,0.2282866
0.0488000,0.2063185
0.0488050,0.2063356
0.0488100,0.2063572
0.0488150,0.2063839
0.0488200,0.2064133
0.0488250,0.2064413
0.0488300,0.2064645
0.0488350,0.2064819
0.0488400,0.2064940
0.0488450,0.2065028
0.0488500,0.2065103
0.0488550,0.2065164
0.0488600,0.2065208
0.0488650,0.2065223
0.0488700,0.2065208
0.0488750,0.2065170
0.0488800,0.2065118
0.0488850,0.2065073
0.0488900,0.2065060
0.0488950,0.2065114
0.0489000,0.2207107
0.0489050,0.2207060
0.0489100,0.2207128
0.0489150,0.2207255
0.0489200,0.2207394
0.0489250,0.2207529
0.0489300,0.2207682
0.0489350,0.2207883
0.0489400,0.2208145
0.0489450,0.2208461
0.0489500,0.2208798
0.0489550,0.2209119
0.0489600,0.2209404
0.0489650,0.2209663
0.0489700,0.2209908
0.0489750,0.2210153
0.0489800,0.2210417
0.0489850,0.2210716
0.0489900,0.2211050
0.0489950,0.2211397
0.0490000,0.2206941
0.0490050,0.2207036
0.0490100,0.2207245
0.0490150,0.2207520
0.0490200,0.2207802
0.0490250,0.2208033
0.0490300,0.2208185
0.0490350,0.2208275
0.0490400,0.2208359
0.0490450,0.2208493
0.0490500,0.2208680
0.0490550,0.2208858
0.0490600,0.2208948
0.0490650,0.2208915
0.0490700,0.2208778
0.0490750,0.2208591
0.0490800,0.2208421
0.0490850,0.2208323
0.0490900,0.2208319
0.0490950,0.2208399
0.0491000,0.1979531
0.0491050,0.1979594
0.0491100,0.1979672
0.0491150,0.1979797
0.0491200,0.1980010
0.0491250,0.1980327
0.0491300,0.1980731
0.0491350,0.1981180
0.0491400,0.1981619
0.0491450,0.1981992
0.0491500,0.1982254
0.0491550,0.1982400
0.0491600,0.1982479
0.0491650,0.1982585
0.0491700,0.1982793
0.0491750,0.1983121
0.0491800,0.1983522
0.0491850,0.1983920
0.0491900,0.1984238
0.0491950,0.1984442
0.0492000,0.2339116
0.0492050,0.2339087
0.0492100,0.2339182
0.0492150,0.2339397
0.0492200,0.2339708
0.0492250,0.2340076
0.0492300,0.2340454
0.0492350,0.2340803
0.0492400,0.2341100
0.0492450,0.2341350
0.0492500,0.2341599
0.0492550,0.2341902
0.0492600,0.2342281
0.0492650,0.2342702
0.0492700,0.2343105
0.0492750,0.2343452
0.0492800,0.2343733
0.0492850,0.2343947
0.0492900,0.2344097
0.0492950,0.2344197
0.0493000,0.2344089
0.0493050,0.2344066
0.0493100,0.2344155
0.0493150,0.2344343
0.0493200,0.2344625
0.0493250,0.2344998
0.0493300,0.2345452
0.0493350,0.2345963
0.0493400,0.2346509
0.0493450,0.2347065
0.0493500,0.2347613
0.0493550,0.2348136
0.0493600,0.2348623
0.0493650,0.2349056
0.0493700,0.2349416
0.0493750,0.2349703
0.0493800,0.2349924
0.0493850,0.2350094
0.0493900,0.2350201
0.0493950,0.2350234
0.0494000,0.2345032
0.0494050,0.2345067
0.0494100,0.2345214
0.0494150,0.2345450
0.0494200,0.2345749
0.0494250,0.2346081
0.0494300,0.2346410
0.0494350,0.2346721
0.0494400,0.2347023
0.0494450,0.2347337
0.0494500,0.2347679
0.0494550,0.2348045
0.0494600,0.2348415
0.0494650,0.2348751
0.0494700,0.2349025
0.0494750,0.2349228
0.0494800,0.2349374
0.0494850,0.2349497
0.0494900,0.2349628
0.0494950,0.2349782
0.0495000,0.2057709
0.0495050,0.2057868
0.0495100,0.2058131
0.0495150,0.2058482
0.0495200,0.2058875
0.0495250,0.2059259
0.0495300,0.2059584
0.0495350,0.2059826
0.0495400,0.2059976
0.0495450,0.2060055
0.0495500,0.2060099
0.0495550,0.2060146
0.0495600,0.2060229
0.0495650,0.2060337
0.0495700,0.2060444
0.0495750,0.2060526
0.0495800,0.2060580
0.0495850,0.2060624
0.0495900,0.2060699
0.0495950,0.2060844
0.0496000,0.1982042
0.0496050,0.1982351
0.0496100,0.1982747
0.0496150,0.1983176
0.0496200,0.1983579
0.0496250,0.1983910
0.0496300,0.1984158
0.0496350,0.1984355
0.0496400,0.1984549
0.0496450,0.1984766
0.0496500,0.1984997
0.0496550,0.1985208
0.0496600,0.1985364
0.0496650,0.1985440
0.0496700,0.1985437
0.0496750,0.1985399
0.0496800,0.1985377
0.0496850,0.1985402
0.0496900,0.1985488
0.0496950,0.1985615
0.0497000,0.2534715
0.0497050,0.2534714
0.0497100,0.2534787
0.0497150,0.2534938
0.0497200,0.2535185
0.0497250,0.2535538
0.0497300,0.2535982
0.0497350,0.2536474
0.0497400,0.2536982
0.0497450,0.2537494
0.0497500,0.2538004
0.0497550,0.2538514
0.0497600,0.2539034
0.0497650,0.2539569
0.0497700,0.2540118
0.0497750,0.2540664
0.0497800,0.2541190
0.0497850,0.2541674
0.0497900,0.2542092
0.0497950,0.2542434
0.0498000,0.2132108
0.0498050,0.2132075
0.0498100,0.2132096
0.0498150,0.2132151
0.0498200,0.2132226
0.0498250,0.2132315
0.0498300,0.2132434
0.0498350,0.2132603
0.0498400,0.2132851
0.0498450,0.2133181
0.0498500,0.2133558
0.0498550,0.2133936
0.0498600,0.2134287
0.0498650,0.2134618
0.0498700,0.2134945
0.0498750,0.2135275
0.0498800,0.2135601
0.0498850,0.2135907
0.0498900,0.2136191
0.0498950,0.2136452
0.0499000,0.2135557
0.0499050,0.2135765
0.0499100,0.2136023
0.0499150,0.2136333
0.0499200,0.2136691
0.0499250,0.2137099
0.0499300,0.2137565
0.0499350,0.2138085
0.0499400,0.2138632
0.0499450,0.2139154
0.0499500,0.2139612
0.0499550,0.2139993
0.0499600,0.2140314
0.0499650,0.2140593
0.0499700,0.2140836
0.0499750,0.2141041
0.0499800,0.2141198
0.0499850,0.2141303
0.0499900,0.2141371
0.0499950,0.2141419
0.0500000,0.1904000
