Time (ns),Water after lsq fit to Water
0.0000000,0.0000000
0.0000820,0.0244462
0.0001640,0.3403596
0.0002460,0.5891474
0.0003280,0.2432767
0.0004100,0.4171671
0.0004920,0.4170244
0.0005740,0.4813229
0.0006560,0.4159998
0.0007380,0.4800981
0.0008200,0.4801640
0.0009020,0.5870108
0.0009840,0.5872292
0.0010660,0.4162542
0.0011480,0.4160332
0.0012300,0.4805646
0.0013120,0.5364890
0.0013940,0.5380272
0.0014760,0.4173347
0.0015580,0.3416956
0.0016400,0.4162158
0.0017220,0.5358884
0.0018040,0.5351342
0.0018860,0.5354735
0.0019680,0.4165769
0.0020500,0.4160692
0.0021320,0.4803369
0.0022140,0.5366612
0.0022960,0.5365493
0.0023780,0.4804746
0.0024600,0.4164559
0.0025420,0.4807840
0.0026240,0.4162707
0.0027060,0.4788942
0.0027880,0.4795978
0.0028700,0.4812782
0.0029520,0.3414677
0.0030340,0.4798262
0.0031160,0.4164201
0.0031980,0.4162126
0.0032800,0.5373407
0.0033620,0.4794820
0.0034440,0.4800219
0.0035260,0.4164500
0.0036080,0.4807795
0.0036900,0.4812595
0.0037720,0.4162662
0.0038540,0.5365538
0.0039360,0.4795848
0.0040180,0.4802375
0.0041000,0.4798336
0.0041820,0.4806962
0.0042640,0.4176560
0.0043460,0.2428932
0.0044280,0.3406310
0.0045100,0.3408989
0.0045920,0.3407259
0.0046740,0.5355916
0.0047560,0.5358925
0.0048380,0.4797086
0.0049200,0.4162859
0.0050020,0.3408800
0.0050840,0.3419636
0.0051660,0.4172190
0.0052480,0.4168218
0.0053300,0.5359950
0.0054120,0.6337550
0.0054940,0.6339532
0.0055760,0.4797080
0.0056580,0.3393864
0.0057400,0.4793406
0.0058220,0.4799374
0.0059040,0.3412240
0.0059860,0.3415674
0.0060680,0.3412510
0.0061500,0.4163204
0.0062320,0.4799771
0.0063140,0.5369441
0.0063960,0.5374660
0.0064780,0.4808283
0.0065600,0.3413733
0.0066420,0.4803481
0.0067240,0.4154626
0.0068060,0.4798810
0.0068880,0.4796441
0.0069700,0.5358898
0.0070520,0.5872880
0.0071340,0.5372656
0.0072160,0.4803859
0.0072980,0.4814132
0.0073800,0.3410541
0.0074620,0.4163266
0.0075440,0.4160169
0.0076260,0.4162428
0.0077080,0.3394814
0.0077900,0.3404067
0.0078720,0.3401504
0.0079540,0.5868283
0.0080360,0.5876528
0.0081180,0.5371909
0.0082000,0.4799125
0.0082820,0.4806856
0.0083640,0.4803310
0.0084460,0.5874250
0.0085280,0.5879127
0.0086100,0.5365209
0.0086920,0.5381120
0.0087740,0.3414524
0.0088560,0.3417851
0.0089380,0.4163958
0.0090200,0.5367320
0.0091020,0.5364318
0.0091840,0.5370896
0.0092660,0.4805576
0.0093480,0.4808945
0.0094300,0.4158157
0.0095120,0.5870865
0.0095940,0.5874087
0.0096760,0.5375974
0.0097580,0.4170989
0.0098400,0.4159286
0.0099220,0.4159082
0.0100040,0.4168133
0.0100860,0.4168386
0.0101680,0.5361429
0.0102500,0.5361039
0.0103320,0.4800296
0.0104140,0.4806189
0.0104960,0.4806337
0.0105780,0.4810587
0.0106600,0.5372353
0.0107420,0.4802620
0.0108240,0.3413087
0.0109060,0.3414162
0.0109880,0.3408113
0.0110700,0.4160903
0.0111520,0.4162582
0.0112340,0.5371179
0.0113160,0.5362319
0.0113980,0.5378396
0.0114800,0.3416881
0.0115620,0.5377848
0.0116440,0.5878744
0.0117260,0.4803444
0.0118080,0.4798165
0.0118900,0.4786953
0.0119720,0.5352060
0.0120540,0.5356729
0.0121360,0.4812864
0.0122180,0.4176601
0.0123000,0.4170884
0.0123820,0.4161142
0.0124640,0.4799307
0.0125460,0.5361301
0.0126280,0.4812937
0.0127100,0.4169449
0.0127920,0.4169852
0.0128740,0.4807127
0.0129560,0.5366815
0.0130380,0.5372743
0.0131200,0.3406883
0.0132020,0.5356487
0.0132840,0.5369584
0.0133660,0.4157511
0.0134480,0.4809608
0.0135300,0.3407999
0.0136120,0.4168046
0.0136940,0.4162232
0.0137760,0.4804196
0.0138580,0.5879204
0.0139400,0.4810295
0.0140220,0.3413516
0.0141040,0.4168495
0.0141860,0.4163997
0.0142680,0.4804585
0.0143500,0.4808773
0.0144320,0.5366291
0.0145140,0.4152813
0.0145960,0.4146618
0.0146780,0.4151976
0.0147600,0.5367547
0.0148420,0.4165425
0.0149240,0.4802437
0.0150060,0.4169479
0.0150880,0.4174122
0.0151700,0.4813809
0.0152520,0.4796490
0.0153340,0.4156257
0.0154160,0.5870084
0.0154980,0.5884869
0.0155800,0.4803357
0.0156620,0.5880726
0.0157440,0.4817722
0.0158260,0.3407094
0.0159080,0.3413761
0.0159900,0.3411530
0.0160720,0.4173635
0.0161540,0.4171147
0.0162360,0.4806987
0.0163180,0.4161302
0.0164000,0.5362795
0.0164820,0.5367909
0.0165640,0.5360504
0.0166460,0.5357862
0.0167280,0.5357490
0.0168100,0.4804144
0.0168920,0.4813455
0.0169740,0.5378353
0.0170560,0.2418258
0.0171380,0.5362166
0.0172200,0.5865915
0.0173020,0.5358162
0.0173840,0.5368684
0.0174660,0.3401140
0.0175480,0.4805569
0.0176300,0.4798784
0.0177120,0.4167794
0.0177940,0.4175480
0.0178760,0.3394101
0.0179580,0.4153331
0.0180400,0.4792659
0.0181220,0.4793932
0.0182040,0.4801259
0.0182860,0.4795114
0.0183680,0.5875608
0.0184500,0.3407714
0.0185320,0.4811677
0.0186140,0.3413025
0.0186960,0.3412239
0.0187780,0.5881139
0.0188600,0.4791297
0.0189420,0.5866745
0.0190240,0.4801939
0.0191060,0.5361667
0.0191880,0.5374905
0.0192700,0.3411033
0.0193520,0.4804239
0.0194340,0.4160192
0.0195160,0.4797272
0.0195980,0.4795569
0.0196800,0.4799410
0.0197620,0.4165652
0.0198440,0.4805054
0.0199260,0.4167966
0.0200080,0.4163933
0.0200900,0.4160602
0.0201720,0.5346016
0.0202540,0.5880595
0.0203360,0.5371356
0.0204180,0.4177099
0.0205000,0.4172431
0.0205820,0.4169862
0.0206640,0.5376338
0.0207460,0.4154748
0.0208280,0.4155982
0.0209100,0.4793834
0.0209920,0.4793500
0.0210740,0.4800744
0.0211560,0.5372083
0.0212380,0.4809812
0.0213200,0.3419432
0.0214020,0.4167721
0.0214840,0.4166333
0.0215660,0.4785643
0.0216480,0.4155858
0.0217300,0.4789658
0.0218120,0.4154890
0.0218940,0.4162546
0.0219760,0.4817442
0.0220580,0.5374573
0.0221400,0.4173170
0.0222220,0.4170136
0.0223040,0.4805299
0.0223860,0.4802800
0.0224680,0.4805870
0.0225500,0.5365634
0.0226320,0.5357546
0.0227140,0.4166602
0.0227960,0.4174811
0.0228780,0.2421254
0.0229600,0.4166068
0.0230420,0.4155543
0.0231240,0.4802745
0.0232060,0.5361135
0.0232880,0.5369580
0.0233700,0.4807662
0.0234520,0.5373761
0.0235340,0.4808348
0.0236160,0.5373041
0.0236980,0.5376261
0.0237800,0.4175035
0.0238620,0.3408878
0.0239440,0.3400873
0.0240260,0.4160551
0.0241080,0.4799349
0.0241900,0.4798151
0.0242720,0.5880760
0.0243540,0.5370844
0.0244360,0.3405104
0.0245180,0.4800759
0.0246000,0.4807418
0.0246820,0.4811434
0.0247640,0.4805181
0.0248460,0.5371157
0.0249280,0.4803047
0.0250100,0.3402723
0.0250920,0.3396914
0.0251740,0.3400368
0.0252560,0.5366776
0.0253380,0.4163855
0.0254200,0.4176738
0.0255020,0.3414171
0.0255840,0.3420700
0.0256660,0.4167672
0.0257480,0.4165816
0.0258300,0.4805549
0.0259120,0.6340512
0.0259940,0.6346112
0.0260760,0.5872157
0.0261580,0.4806255
0.0262400,0.4164242
0.0263220,0.3400078
0.0264040,0.4132668
0.0264860,0.4141267
0.0265680,0.5340144
0.0266500,0.5869733
0.0267320,0.5873620
0.0268140,0.4805977
0.0268960,0.4816140
0.0269780,0.3413404
0.0270600,0.3410850
0.0271420,0.4804309
0.0272240,0.4802020
0.0273060,0.5361452
0.0273880,0.5366445
0.0274700,0.5358165
0.0275520,0.4163819
0.0276340,0.4166454
0.0277160,0.4802714
0.0277980,0.4814368
0.0278800,0.4174216
0.0279620,0.4170301
0.0280440,0.3416359
0.0281260,0.3407356
0.0282080,0.4792168
0.0282900,0.4795309
0.0283720,0.5878260
0.0284540,0.6357691
0.0285360,0.5359996
0.0286180,0.5354182
0.0287000,0.4798737
0.0287820,0.4814177
0.0288640,0.4162926
0.0289460,0.4802563
0.0290280,0.4157252
0.0291100,0.3392064
0.0291920,0.3395930
0.0292740,0.4788765
0.0293560,0.5877487
0.0294380,0.5365722
0.0295200,0.4805374
0.0296020,0.4801333
0.0296840,0.4803261
0.0297660,0.5877141
0.0298480,0.4812836
0.0299300,0.5348379
0.0300120,0.5353402
0.0300940,0.5369973
0.0301760,0.4813779
0.0302580,0.4176742
0.0303400,0.2436740
0.0304220,0.3409132
0.0305040,0.5365385
0.0305860,0.5369827
0.0306680,0.4162086
0.0307500,0.5369895
0.0308320,0.4795227
0.0309140,0.5356288
0.0309960,0.5361682
0.0310780,0.4166016
0.0311600,0.4173371
0.0312420,0.4170896
0.0313240,0.5871184
0.0314060,0.4804627
0.0314880,0.4815314
0.0315700,0.3420825
0.0316520,0.2428377
0.0317340,0.3414629
0.0318160,0.4808192
0.0318980,0.4804546
0.0319800,0.4162220
0.0320620,0.4162053
0.0321440,0.4150767
0.0322260,0.4153365
0.0323080,0.4801697
0.0323900,0.4815790
0.0324720,0.4179937
0.0325540,0.4810264
0.0326360,0.5377876
0.0327180,0.4810839
0.0328000,0.4813942
0.0328820,0.4815933
0.0329640,0.4811846
0.0330460,0.4802703
0.0331280,0.5361992
0.0332100,0.4799968
0.0332920,0.4804756
0.0333740,0.4165275
0.0334560,0.4159571
0.0335380,0.4808216
0.0336200,0.4804824
0.0337020,0.4801764
0.0337840,0.4802541
0.0338660,0.4158889
0.0339480,0.4806051
0.0340300,0.4161455
0.0341120,0.4158602
0.0341940,0.4167276
0.0342760,0.4813986
0.0343580,0.4818670
0.0344400,0.4174340
0.0345220,0.3405856
0.0346040,0.5369034
0.0346860,0.5368834
0.0347680,0.4801603
0.0348500,0.5363204
0.0349320,0.5361957
0.0350140,0.5871886
0.0350960,0.5883071
0.0351780,0.4167284
0.0352600,0.3416145
0.0353420,0.4166570
0.0354240,0.5363047
0.0355060,0.5365715
0.0355880,0.5369940
0.0356700,0.5370253
0.0357520,0.5879751
0.0358340,0.4164168
0.0359160,0.5362602
0.0359980,0.5371356
0.0360800,0.5379352
0.0361620,0.3412727
0.0362440,0.4167338
0.0363260,0.4175625
0.0364080,0.4803772
0.0364900,0.4803337
0.0365720,0.5362826
0.0366540,0.5364341
0.0367360,0.4160884
0.0368180,0.4168333
0.0369000,0.5369138
0.0369820,0.5366143
0.0370640,0.4802027
0.0371460,0.4166387
0.0372280,0.5370610
0.0373100,0.5373787
0.0373920,0.5377976
0.0374740,0.4153629
0.0375560,0.5366315
0.0376380,0.5360678
0.0377200,0.5361742
0.0378020,0.5877842
0.0378840,0.5895469
0.0379660,0.3416891
0.0380480,0.4172960
0.0381300,0.5873195
0.0382120,0.6338705
0.0382940,0.6339235
0.0383760,0.5869790
0.0384580,0.5881021
0.0385400,0.4161505
0.0386220,0.4156268
0.0387040,0.4806112
0.0387860,0.4815181
0.0388680,0.5377126
0.0389500,0.4171244
0.0390320,0.5376088
0.0391140,0.6343222
0.0391960,0.6355284
0.0392780,0.4172466
0.0393600,0.4811894
0.0394420,0.4161172
0.0395240,0.5876529
0.0396060,0.4807147
0.0396880,0.4806043
0.0397700,0.5367127
0.0398520,0.4802849
0.0399340,0.4161115
0.0400160,0.4794771
0.0400980,0.4797567
0.0401800,0.5358608
0.0402620,0.4814192
0.0403440,0.4180386
0.0404260,0.3414347
0.0405080,0.4173210
0.0405900,0.4182691
0.0406720,0.5366779
0.0407540,0.5373502
0.0408360,0.4156235
0.0409180,0.4801036
0.0410000,0.4805057
0.0410820,0.4802478
0.0411640,0.5369952
0.0412460,0.4797951
0.0413280,0.4799274
0.0414100,0.4162787
0.0414920,0.4166321
0.0415740,0.4807157
0.0416560,0.4171571
0.0417380,0.4172355
0.0418200,0.4810378
0.0419020,0.4164992
0.0419840,0.4165514
0.0420660,0.4810048
0.0421480,0.5364972
0.0422300,0.6348615
0.0423120,0.4173802
0.0423940,0.4173980
0.0424760,0.4802341
0.0425580,0.4797944
0.0426400,0.4794039
0.0427220,0.5368024
0.0428040,0.4809076
0.0428860,0.4811056
0.0429680,0.4171173
0.0430500,0.5376754
0.0431320,0.4810952
0.0432140,0.5881469
0.0432960,0.5882460
0.0433780,0.4800267
0.0434600,0.4804010
0.0435420,0.4802402
0.0436240,0.5883555
0.0437060,0.4158584
0.0437880,0.4160909
0.0438700,0.4804413
0.0439520,0.5373853
0.0440340,0.4172702
0.0441160,0.5371942
0.0441980,0.5370901
0.0442800,0.4811220
0.0443620,0.5372353
0.0444440,0.4805447
0.0445260,0.4162444
0.0446080,0.3413835
0.0446900,0.3414649
0.0447720,0.3412143
0.0448540,0.4798504
0.0449360,0.4160027
0.0450180,0.4164661
0.0451000,0.4157433
0.0451820,0.4155387
0.0452640,0.5354657
0.0453460,0.5367209
0.0454280,0.3417033
0.0455100,0.4811573
0.0455920,0.4814886
0.0456740,0.5371036
0.0457560,0.5369953
0.0458380,0.4795523
0.0459200,0.4807787
0.0460020,0.4166789
0.0460840,0.4169440
0.0461660,0.4807132
0.0462480,0.4171153
0.0463300,0.4168513
0.0464120,0.4803768
0.0464940,0.4791037
0.0465760,0.4795386
0.0466580,0.4800302
0.0467400,0.4814003
0.0468220,0.4160155
0.0469040,0.3420091
0.0469860,0.3418710
0.0470680,0.3415216
0.0471500,0.4165291
0.0472320,0.4165623
0.0473140,0.4801515
0.0473960,0.4803425
0.0474780,0.4805769
0.0475600,0.4814544
0.0476420,0.4170409
0.0477240,0.4165424
0.0478060,0.4804173
0.0478880,0.4804817
0.0479700,0.4811644
0.0480520,0.4811810
0.0481340,0.4165723
0.0482160,0.4806411
0.0482980,0.4818508
0.0483800,0.4167261
0.0484620,0.4808786
0.0485440,0.4809627
0.0486260,0.4802910
0.0487080,0.4798414
0.0487900,0.4798201
0.0488720,0.4808345
0.0489540,0.4162853
0.0490360,0.4159597
0.0491180,0.5357910
0.0492000,0.4161932
0.0492820,0.4167683
0.0493640,0.4163341
0.0494460,0.3413900
0.0495280,0.3409864
0.0496100,0.4805130
0.0496920,0.4804013
0.0497740,0.4165848
0.0498560,0.4806608
0.0499380,0.4168110
0.0500200,0.3417934
0.0501020,0.3415371
0.0501840,0.3423429
0.0502660,0.3415790
0.0503480,0.4166270
0.0504300,0.4164638
0.0505120,0.3402308
0.0505940,0.3406172
0.0506760,0.3413748
0.0507580,0.4166970
0.0508400,0.4169534
0.0509220,0.4161400
0.0510040,0.5359018
0.0510860,0.5364951
0.0511680,0.5362490
0.0512500,0.5877689
0.0513320,0.4166205
0.0514140,0.5370677
0.0514960,0.5367222
0.0515780,0.5883465
0.0516600,0.4168756
0.0517420,0.4164608
0.0518240,0.3402940
0.0519060,0.4164012
0.0519880,0.4164867
0.0520700,0.4808134
0.0521520,0.3412334
0.0522340,0.3420420
0.0523160,0.4170291
0.0523980,0.4174100
0.0524800,0.3414775
0.0525620,0.4810437
0.0526440,0.4162050
0.0527260,0.4161604
0.0528080,0.4800610
0.0528900,0.4799824
0.0529720,0.3409070
0.0530540,0.4799649
0.0531360,0.4158795
0.0532180,0.3411581
0.0533000,0.4808656
0.0533820,0.4816888
0.0534640,0.3415255
0.0535460,0.3416954
0.0536280,0.4168570
0.0537100,0.4803099
0.0537920,0.4799572
0.0538740,0.4798400
0.0539560,0.4806906
0.0540380,0.3408827
0.0541200,0.4805905
0.0542020,0.5360197
0.0542840,0.5373529
0.0543660,0.4797606
0.0544480,0.4804269
0.0545300,0.3408760
0.0546120,0.4167338
0.0546940,0.4173416
0.0547760,0.2434231
0.0548580,0.3406462
0.0549400,0.4798331
0.0550220,0.4164972
0.0551040,0.4165485
0.0551860,0.4162175
0.0552680,0.4159560
0.0553500,0.4799494
0.0554320,0.4162616
0.0555140,0.4793893
0.0555960,0.4798522
0.0556780,0.4166527
0.0557600,0.4161712
0.0558420,0.3403300
0.0559240,0.3409066
0.0560060,0.3411047
0.0560880,0.3410131
0.0561700,0.3416218
0.0562520,0.3422883
0.0563340,0.4175384
0.0564160,0.4803702
0.0564980,0.4798646
0.0565800,0.4800480
0.0566620,0.4802038
0.0567440,0.5867515
0.0568260,0.4171198
0.0569080,0.4806969
0.0569900,0.4802570
0.0570720,0.4168124
0.0571540,0.3412319
0.0572360,0.3415074
0.0573180,0.4173988
0.0574000,0.4167766
0.0574820,0.4165901
0.0575640,0.4166382
0.0576460,0.4802886
0.0577280,0.4165497
0.0578100,0.5365814
0.0578920,0.5376406
0.0579740,0.4166323
0.0580560,0.3406256
0.0581380,0.4784466
0.0582200,0.4793166
0.0583020,0.5354410
0.0583840,0.5363986
0.0584660,0.4801196
0.0585480,0.4167089
0.0586300,0.4162490
0.0587120,0.3419665
0.0587940,0.3432458
0.0588760,0.0446884
0.0589580,0.2443427
0.0590400,0.4164949
0.0591220,0.4808162
0.0592040,0.4801324
0.0592860,0.4798864
0.0593680,0.4154581
0.0594500,0.4159900
0.0595320,0.4159937
0.0596140,0.4160912
0.0596960,0.4167811
0.0597780,0.5371314
0.0598600,0.5368366
0.0599420,0.3401603
0.0600240,0.3413663
0.0601060,0.3417863
0.0601880,0.3419818
0.0602700,0.4160126
0.0603520,0.4165310
0.0604340,0.4805884
0.0605160,0.4167367
0.0605980,0.4166344
0.0606800,0.4799863
0.0607620,0.4801201
0.0608440,0.3413459
0.0609260,0.4788132
0.0610080,0.4805777
0.0610900,0.4806283
0.0611720,0.4815811
0.0612540,0.3410575
0.0613360,0.4811991
0.0614180,0.4793870
0.0615000,0.4791740
0.0615820,0.4796028
0.0616640,0.4155927
0.0617460,0.4166395
0.0618280,0.3408182
0.0619100,0.3401296
0.0619920,0.3408260
0.0620740,0.4177053
0.0621560,0.3410724
0.0622380,0.5362517
0.0623200,0.5363123
0.0624020,0.4803356
0.0624840,0.4810504
0.0625660,0.4159145
0.0626480,0.4798703
0.0627300,0.3401135
0.0628120,0.4800154
0.0628940,0.4806055
0.0629760,0.3410381
0.0630580,0.4806072
0.0631400,0.4802302
0.0632220,0.4161679
0.0633040,0.3397413
0.0633860,0.3395867
0.0634680,0.4154323
0.0635500,0.4167179
0.0636320,0.3418083
0.0637140,0.3415310
0.0637960,0.3417103
0.0638780,0.4809765
0.0639600,0.4158978
0.0640420,0.5355724
0.0641240,0.4161148
0.0642060,0.3409729
0.0642880,0.3410323
0.0643700,0.4169442
0.0644520,0.3411168
0.0645340,0.3409325
0.0646160,0.3415416
0.0646980,0.3413818
0.0647800,0.3421591
0.0648620,0.3418122
0.0649440,0.4170610
0.0650260,0.5365840
0.0651080,0.4802748
0.0651900,0.4804949
0.0652720,0.4168788
0.0653540,0.4804371
0.0654360,0.4165839
0.0655180,0.4164267
0.0656000,0.3415109
0.0656820,0.3410349
0.0657640,0.4175538
0.0658460,0.4164877
0.0659280,0.4165057
0.0660100,0.4154473
0.0660920,0.4166074
0.0661740,0.4163744
0.0662560,0.4161993
0.0663380,0.4162299
0.0664200,0.4156236
0.0665020,0.4155574
0.0665840,0.4167382
0.0666660,0.4797241
0.0667480,0.4807634
0.0668300,0.4812665
0.0669120,0.4179459
0.0669940,0.4180480
0.0670760,0.4175291
0.0671580,0.4166773
0.0672400,0.4172661
0.0673220,0.4163454
0.0674040,0.4172977
0.0674860,0.4173169
0.0675680,0.5370630
0.0676500,0.4793433
0.0677320,0.4801673
0.0678140,0.4161236
0.0678960,0.4166014
0.0679780,0.4162802
0.0680600,0.4164520
0.0681420,0.4171845
0.0682240,0.4182048
0.0683060,0.4170818
0.0683880,0.4171520
0.0684700,0.2439450
0.0685520,0.4165853
0.0686340,0.5359547
0.0687160,0.4799204
0.0687980,0.4798931
0.0688800,0.4806540
0.0689620,0.4168948
0.0690440,0.4802812
0.0691260,0.4804680
0.0692080,0.4803020
0.0692900,0.4813285
0.0693720,0.5369070
0.0694540,0.4161131
0.0695360,0.3403668
0.0696180,0.4164435
0.0697000,0.5369033
0.0697820,0.5370363
0.0698640,0.4161995
0.0699460,0.4171379
0.0700280,0.3414485
0.0701100,0.3408320
0.0701920,0.3412292
0.0702740,0.3395162
0.0703560,0.4796885
0.0704380,0.4163456
0.0705200,0.3415443
0.0706020,0.3419075
0.0706840,0.3421907
0.0707660,0.3419529
0.0708480,0.4168748
0.0709300,0.4158243
0.0710120,0.4154623
0.0710940,0.4152937
0.0711760,0.4790427
0.0712580,0.4154067
0.0713400,0.3406068
0.0714220,0.4165271
0.0715040,0.4167441
0.0715860,0.4171245
0.0716680,0.4176268
0.0717500,0.4808137
0.0718320,0.4158010
0.0719140,0.4794471
0.0719960,0.4796515
0.0720780,0.4802952
0.0721600,0.5371213
0.0722420,0.4816440
0.0723240,0.2436353
0.0724060,0.5361734
0.0724880,0.5363191
0.0725700,0.5360364
0.0726520,0.4169166
0.0727340,0.4173113
0.0728160,0.4166745
0.0728980,0.4162442
0.0729800,0.4807982
0.0730620,0.4810726
0.0731440,0.5868499
0.0732260,0.6340472
0.0733080,0.4807145
0.0733900,0.4808611
0.0734720,0.3403366
0.0735540,0.3407253
0.0736360,0.3404628
0.0737180,0.3410658
0.0738000,0.3404778
0.0738820,0.3404154
0.0739640,0.4799773
0.0740460,0.4803366
0.0741280,0.5362493
0.0742100,0.4172299
0.0742920,0.4176028
0.0743740,0.4168292
0.0744560,0.5366353
0.0745380,0.5364675
0.0746200,0.4162304
0.0747020,0.4798439
0.0747840,0.4799858
0.0748660,0.4800496
0.0749480,0.4807399
0.0750300,0.4165408
0.0751120,0.4165143
0.0751940,0.4172956
0.0752760,0.4807760
0.0753580,0.3422377
0.0754400,0.4801808
0.0755220,0.5372482
0.0756040,0.4804550
0.0756860,0.4807140
0.0757680,0.3412197
0.0758500,0.3409000
0.0759320,0.4167676
0.0760140,0.4161676
0.0760960,0.4167200
0.0761780,0.4803533
0.0762600,0.4805809
0.0763420,0.4808603
0.0764240,0.4805755
0.0765060,0.3416693
0.0765880,0.3412816
0.0766700,0.4170013
0.0767520,0.4803838
0.0768340,0.4156654
0.0769160,0.4159701
0.0769980,0.4163632
0.0770800,0.5362127
0.0771620,0.4809310
0.0772440,0.4167295
0.0773260,0.2433597
0.0774080,0.2434861
0.0774900,0.2435742
0.0775720,0.3406695
0.0776540,0.3399970
0.0777360,0.4156203
0.0778180,0.4159970
0.0779000,0.5356546
0.0779820,0.5362441
0.0780640,0.5368716
0.0781460,0.4809568
0.0782280,0.3421552
0.0783100,0.4163392
0.0783920,0.4167663
0.0784740,0.3409339
0.0785560,0.4162497
0.0786380,0.5364775
0.0787200,0.4802777
0.0788020,0.3405621
0.0788840,0.3407864
0.0789660,0.4807013
0.0790480,0.4168622
0.0791300,0.5370160
0.0792120,0.4160113
0.0792940,0.4157655
0.0793760,0.4798443
0.0794580,0.5360268
0.0795400,0.5355446
0.0796220,0.4792853
0.0797040,0.4792961
0.0797860,0.4799782
0.0798680,0.4809919
0.0799500,0.4175702
0.0800320,0.2433156
0.0801140,0.3414580
0.0801960,0.3418107
0.0802780,0.4804309
0.0803600,0.4164961
0.0804420,0.3401633
0.0805240,0.4158092
0.0806060,0.4804271
0.0806880,0.4804614
0.0807700,0.5882696
0.0808520,0.4167352
0.0809340,0.5369030
0.0810160,0.4800985
0.0810980,0.4809086
0.0811800,0.4164524
0.0812620,0.4796940
0.0813440,0.4792074
0.0814260,0.4148876
0.0815080,0.4160842
0.0815900,0.4172155
0.0816720,0.3405004
0.0817540,0.4172719
0.0818360,0.4177107
0.0819180,0.3412784
0.0820000,0.4805148
0.0820820,0.4805016
0.0821640,0.5885290
0.0822460,0.4172719
0.0823280,0.4805249
0.0824100,0.5870847
0.0824920,0.5866682
0.0825740,0.4791813
0.0826560,0.5357566
0.0827380,0.4156981
0.0828200,0.4161756
0.0829020,0.4165389
0.0829840,0.4173143
0.0830660,0.3420082
0.0831480,0.4166811
0.0832300,0.3409562
0.0833120,0.3415461
0.0833940,0.3426330
0.0834760,0.3422550
0.0835580,0.4166860
0.0836400,0.4161323
0.0837220,0.4164872
0.0838040,0.4159562
0.0838860,0.4162286
0.0839680,0.4166844
0.0840500,0.4160507
0.0841320,0.5359475
0.0842140,0.5364646
0.0842960,0.5374490
0.0843780,0.3420294
0.0844600,0.3410865
0.0845420,0.4167163
0.0846240,0.5366832
0.0847060,0.3407142
0.0847880,0.3404387
0.0848700,0.4803161
0.0849520,0.4166019
0.0850340,0.4164600
0.0851160,0.4802463
0.0851980,0.4811640
0.0852800,0.4814956
0.0853620,0.5364290
0.0854440,0.5363078
0.0855260,0.4810946
0.0856080,0.4176177
0.0856900,0.4176076
0.0857720,0.4173872
0.0858540,0.2428507
0.0859360,0.3410083
0.0860180,0.4162851
0.0861000,0.4794892
0.0861820,0.4801622
0.0862640,0.4810976
0.0863460,0.4805299
0.0864280,0.4809106
0.0865100,0.5366261
0.0865920,0.5365465
0.0866740,0.4810080
0.0867560,0.4162146
0.0868380,0.3411070
0.0869200,0.4168966
0.0870020,0.4169018
0.0870840,0.4170951
0.0871660,0.4168862
0.0872480,0.4166501
0.0873300,0.4807114
0.0874120,0.4810551
0.0874940,0.4809865
0.0875760,0.4804500
0.0876580,0.4801918
0.0877400,0.5869004
0.0878220,0.4802267
0.0879040,0.4805940
0.0879860,0.4810036
0.0880680,0.5374127
0.0881500,0.3416165
0.0882320,0.4177620
0.0883140,0.3413993
0.0883960,0.3421094
0.0884780,0.5372794
0.0885600,0.5373465
0.0886420,0.3414278
0.0887240,0.3409277
0.0888060,0.4164570
0.0888880,0.4169992
0.0889700,0.4804024
0.0890520,0.4164847
0.0891340,0.5364251
0.0892160,0.4804228
0.0892980,0.4809683
0.0893800,0.3414546
0.0894620,0.3414275
0.0895440,0.3414499
0.0896260,0.5365743
0.0897080,0.5367687
0.0897900,0.5368396
0.0898720,0.5876510
0.0899540,0.4797993
0.0900360,0.3406364
0.0901180,0.3413685
0.0902000,0.3417657
0.0902820,0.3424863
0.0903640,0.4815168
0.0904460,0.4798755
0.0905280,0.5360212
0.0906100,0.4789186
0.0906920,0.4795150
0.0907740,0.4803023
0.0908560,0.5372477
0.0909380,0.3407877
0.0910200,0.4808187
0.0911020,0.4805825
0.0911840,0.4801536
0.0912660,0.4804913
0.0913480,0.5370523
0.0914300,0.4798896
0.0915120,0.4804935
0.0915940,0.4816083
0.0916760,0.4172309
0.0917580,0.4166278
0.0918400,0.4809905
0.0919220,0.4162640
0.0920040,0.3410284
0.0920860,0.3417021
0.0921680,0.4168441
0.0922500,0.4811310
0.0923320,0.5357115
0.0924140,0.4802479
0.0924960,0.4805951
0.0925780,0.5371321
0.0926600,0.4807475
0.0927420,0.4810058
0.0928240,0.4796325
0.0929060,0.5880120
0.0929880,0.5886465
0.0930700,0.3420295
0.0931520,0.2439519
0.0932340,0.3411365
0.0933160,0.4798759
0.0933980,0.4806896
0.0934800,0.5364286
0.0935620,0.5361451
0.0936440,0.4170038
0.0937260,0.3409358
0.0938080,0.3417267
0.0938900,0.3410633
0.0939720,0.3414424
0.0940540,0.4805617
0.0941360,0.4804360
0.0942180,0.3408375
0.0943000,0.4159039
0.0943820,0.4155535
0.0944640,0.4163972
0.0945460,0.4164804
0.0946280,0.4169866
0.0947100,0.3420348
0.0947920,0.3419292
0.0948740,0.4160833
0.0949560,0.4167555
0.0950380,0.4805671
0.0951200,0.2435446
0.0952020,0.3398368
0.0952840,0.3412185
0.0953660,0.2437470
0.0954480,0.3415203
0.0955300,0.5351058
0.0956120,0.5353717
0.0956940,0.5357077
0.0957760,0.5871160
0.0958580,0.4172250
0.0959400,0.4180127
0.0960220,0.3420318
0.0961040,0.3417426
0.0961860,0.3414455
0.0962680,0.4160169
0.0963500,0.4801116
0.0964320,0.4796162
0.0965140,0.4792726
0.0965960,0.4795795
0.0966780,0.4804978
0.0967600,0.4805158
0.0968420,0.3410675
0.0969240,0.3413170
0.0970060,0.4168170
0.0970880,0.4172777
0.0971700,0.4168872
0.0972520,0.4165697
0.0973340,0.4168182
0.0974160,0.4810260
0.0974980,0.4809224
0.0975800,0.5885110
0.0976620,0.5369469
0.0977440,0.4806710
0.0978260,0.3410159
0.0979080,0.4168219
0.0979900,0.4159860
0.0980720,0.5365615
0.0981540,0.4165934
0.0982360,0.4807766
0.0983180,0.4164253
0.0984000,0.4168589
0.0984820,0.4172158
0.0985640,0.3415644
0.0986460,0.4800889
0.0987280,0.5361522
0.0988100,0.5860798
0.0988920,0.5866261
0.0989740,0.5365525
0.0990560,0.4810111
0.0991380,0.4170415
0.0992200,0.3408907
0.0993020,0.4167459
0.0993840,0.4168402
0.0994660,0.3412944
0.0995480,0.4168267
0.0996300,0.4809197
0.0997120,0.4801974
0.0997940,0.4805988
0.0998760,0.4167505
0.0999580,0.4805164
0.1000400,0.3405013
0.1001220,0.4169294
0.1002040,0.5368973
0.1002860,0.5371836
0.1003680,0.3407605
0.1004500,0.3414907
0.1005320,0.2428119
0.1006140,0.4801278
0.1006960,0.4802795
0.1007780,0.4802819
0.1008600,0.5364292
0.1009420,0.4806721
0.1010240,0.4177664
0.1011060,0.4812606
0.1011880,0.4813681
0.1012700,0.3409031
0.1013520,0.4163832
0.1014340,0.4169062
0.1015160,0.4164083
0.1015980,0.4166185
0.1016800,0.5365068
0.1017620,0.4161179
0.1018440,0.4805814
0.1019260,0.4803375
0.1020080,0.4170634
0.1020900,0.4167952
0.1021720,0.4174518
0.1022540,0.4157797
0.1023360,0.5861769
0.1024180,0.4804714
0.1025000,0.4162967
0.1025820,0.4163822
0.1026640,0.4170869
0.1027460,0.4164538
0.1028280,0.4161643
0.1029100,0.4170650
0.1029920,0.4168880
0.1030740,0.4805374
0.1031560,0.5370599
0.1032380,0.4809136
0.1033200,0.4172134
0.1034020,0.5372546
0.1034840,0.5375285
0.1035660,0.4804194
0.1036480,0.4163027
0.1037300,0.4163270
0.1038120,0.4796439
0.1038940,0.4807389
0.1039760,0.2437133
0.1040580,0.4177356
0.1041400,0.3413778
0.1042220,0.3421038
0.1043040,0.4166085
0.1043860,0.4158119
0.1044680,0.5871325
0.1045500,0.4152302
0.1046320,0.4165027
0.1047140,0.4159849
0.1047960,0.4158037
0.1048780,0.5374946
0.1049600,0.4179869
0.1050420,0.3419325
0.1051240,0.5365844
0.1052060,0.5358162
0.1052880,0.5358986
0.1053700,0.4798103
0.1054520,0.4150776
0.1055340,0.4161344
0.1056160,0.4802186
0.1056980,0.4818974
0.1057800,0.3415740
0.1058620,0.4173846
0.1059440,0.4171450
0.1060260,0.4176462
0.1061080,0.5370522
0.1061900,0.5374684
0.1062720,0.4812261
0.1063540,0.4809642
0.1064360,0.4167735
0.1065180,0.4171094
0.1066000,0.5364331
0.1066820,0.5360685
0.1067640,0.5359992
0.1068460,0.4803265
0.1069280,0.5870259
0.1070100,0.4805061
0.1070920,0.4818356
0.1071740,0.4165421
0.1072560,0.4801010
0.1073380,0.4168056
0.1074200,0.4169635
0.1075020,0.4165761
0.1075840,0.4169712
0.1076660,0.4170075
0.1077480,0.4166692
0.1078300,0.4805482
0.1079120,0.4162512
0.1079940,0.4169944
0.1080760,0.5372627
0.1081580,0.5371509
0.1082400,0.4166413
0.1083220,0.4165183
0.1084040,0.4166084
0.1084860,0.4171519
0.1085680,0.3417305
0.1086500,0.3416965
0.1087320,0.5370956
0.1088140,0.5365608
0.1088960,0.5367710
0.1089780,0.4798145
0.1090600,0.4798477
0.1091420,0.4161662
0.1092240,0.4166571
0.1093060,0.4174485
0.1093880,0.4183798
0.1094700,0.4184839
0.1095520,0.2446525
0.1096340,0.4171741
0.1097160,0.4806226
0.1097980,0.4810663
0.1098800,0.4165915
0.1099620,0.4806680
0.1100440,0.4807405
0.1101260,0.4172488
0.1102080,0.3421064
0.1102900,0.3415975
0.1103720,0.5368641
0.1104540,0.4790874
0.1105360,0.4795166
0.1106180,0.4172667
0.1107000,0.5370335
0.1107820,0.5371526
0.1108640,0.4811493
0.1109460,0.4159841
0.1110280,0.4162477
0.1111100,0.4160578
0.1111920,0.4162899
0.1112740,0.4805560
0.1113560,0.4802806
0.1114380,0.4167287
0.1115200,0.4168884
0.1116020,0.4812002
0.1116840,0.4821837
0.1117660,0.4805377
0.1118480,0.4794416
0.1119300,0.4172884
0.1120120,0.3412644
0.1120940,0.3416484
0.1121760,0.4181704
0.1122580,0.2437237
0.1123400,0.5873602
0.1124220,0.4799002
0.1125040,0.5863242
0.1125860,0.5875326
0.1126680,0.5369948
0.1127500,0.4809231
0.1128320,0.3404670
0.1129140,0.4164979
0.1129960,0.4173396
0.1130780,0.3422086
0.1131600,0.4177206
0.1132420,0.4166883
0.1133240,0.4804165
0.1134060,0.4158082
0.1134880,0.4159962
0.1135700,0.4165745
0.1136520,0.4796061
0.1137340,0.5355763
0.1138160,0.4802579
0.1138980,0.4813662
0.1139800,0.4811847
0.1140620,0.3425382
0.1141440,0.2438676
0.1142260,0.3421266
0.1143080,0.3408282
0.1143900,0.3403232
0.1144720,0.5361451
0.1145540,0.4803428
0.1146360,0.4807755
0.1147180,0.4807447
0.1148000,0.4806186
0.1148820,0.4809222
0.1149640,0.4799774
0.1150460,0.4796795
0.1151280,0.4164541
0.1152100,0.4804966
0.1152920,0.4807525
0.1153740,0.5877759
0.1154560,0.5363584
0.1155380,0.4181600
0.1156200,0.4803061
0.1157020,0.4803954
0.1157840,0.4802009
0.1158660,0.5368797
0.1159480,0.4161353
0.1160300,0.3415928
0.1161120,0.4174627
0.1161940,0.4184005
0.1162760,0.4162620
0.1163580,0.4809682
0.1164400,0.4172363
0.1165220,0.3409188
0.1166040,0.4801400
0.1166860,0.4800097
0.1167680,0.5869500
0.1168500,0.5870116
0.1169320,0.4162469
0.1170140,0.3411999
0.1170960,0.3420046
0.1171780,0.3417858
0.1172600,0.3421314
0.1173420,0.4175767
0.1174240,0.3417329
0.1175060,0.4800220
0.1175880,0.4798952
0.1176700,0.4146642
0.1177520,0.5342381
0.1178340,0.5868496
0.1179160,0.5365967
0.1179980,0.5375147
0.1180800,0.4807901
0.1181620,0.4800677
0.1182440,0.5871802
0.1183260,0.5363693
0.1184080,0.4802433
0.1184900,0.4809984
0.1185720,0.4809152
0.1186540,0.4174277
0.1187360,0.5363779
0.1188180,0.4793618
0.1189000,0.5880429
0.1189820,0.5881995
0.1190640,0.5381298
0.1191460,0.4168584
0.1192280,0.3416862
0.1193100,0.4171237
0.1193920,0.4167724
0.1194740,0.4813226
0.1195560,0.4168592
0.1196380,0.4165414
0.1197200,0.4798911
0.1198020,0.4796912
0.1198840,0.4797487
0.1199660,0.5360350
0.1200480,0.5363224
0.1201300,0.5359915
0.1202120,0.4801701
0.1202940,0.4806035
0.1203760,0.4807392
0.1204580,0.4812924
0.1205400,0.3422206
0.1206220,0.3410679
0.1207040,0.4171882
0.1207860,0.4167637
0.1208680,0.4811037
0.1209500,0.5864474
0.1210320,0.5360370
0.1211140,0.4158332
0.1211960,0.4154906
0.1212780,0.5359292
0.1213600,0.4792502
0.1214420,0.4164255
0.1215240,0.2438542
0.1216060,0.3419144
0.1216880,0.3421832
0.1217700,0.2446986
0.1218520,0.4807405
0.1219340,0.4798771
0.1220160,0.4160473
0.1220980,0.4168470
0.1221800,0.3408700
0.1222620,0.3410944
0.1223440,0.3415026
0.1224260,0.4167950
0.1225080,0.4166438
0.1225900,0.4168926
0.1226720,0.4818551
0.1227540,0.4166587
0.1228360,0.3415090
0.1229180,0.4172453
0.1230000,0.4808247
0.1230820,0.4811367
0.1231640,0.4175267
0.1232460,0.5368178
0.1233280,0.5357539
0.1234100,0.4794651
0.1234920,0.4799854
0.1235740,0.4806766
0.1236560,0.4180110
0.1237380,0.3418911
0.1238200,0.2431303
0.1239020,0.4806133
0.1239840,0.4813520
0.1240660,0.5359036
0.1241480,0.5871400
0.1242300,0.4795989
0.1243120,0.5361817
0.1243940,0.5376123
0.1244760,0.4167826
0.1245580,0.4180059
0.1246400,0.3412964
0.1247220,0.4174636
0.1248040,0.4801499
0.1248860,0.4798048
0.1249680,0.3399912
0.1250500,0.3410892
0.1251320,0.4178086
0.1252140,0.4174544
0.1252960,0.4169032
0.1253780,0.4152984
0.1254600,0.5873850
0.1255420,0.4797404
0.1256240,0.4161954
0.1257060,0.4173991
0.1257880,0.4179749
0.1258700,0.5371697
0.1259520,0.3414196
0.1260340,0.4168898
0.1261160,0.3413461
0.1261980,0.3415841
0.1262800,0.3419076
0.1263620,0.4174926
0.1264440,0.4812373
0.1265260,0.5362948
0.1266080,0.5862684
0.1266900,0.5868919
0.1267720,0.5880354
0.1268540,0.4173526
0.1269360,0.2435871
0.1270180,0.2434968
0.1271000,0.4801741
0.1271820,0.4805803
0.1272640,0.5362937
0.1273460,0.4162860
0.1274280,0.4170841
0.1275100,0.4814903
0.1275920,0.4813998
0.1276740,0.4175796
0.1277560,0.3417192
0.1278380,0.3408998
0.1279200,0.4808074
0.1280020,0.4160735
0.1280840,0.4156921
0.1281660,0.5365788
0.1282480,0.5362425
0.1283300,0.5870817
0.1284120,0.4167706
0.1284940,0.4173405
0.1285760,0.3420853
0.1286580,0.3423433
0.1287400,0.4172921
0.1288220,0.4163912
0.1289040,0.4165993
0.1289860,0.4163363
0.1290680,0.4171606
0.1291500,0.3411448
0.1292320,0.3409369
0.1293140,0.4172319
0.1293960,0.4169713
0.1294780,0.4801862
0.1295600,0.4170604
0.1296420,0.4805817
0.1297240,0.5365286
0.1298060,0.5370596
0.1298880,0.5366956
0.1299700,0.5362923
0.1300520,0.4802975
0.1301340,0.3406848
0.1302160,0.4167493
0.1302980,0.4173240
0.1303800,0.4813824
0.1304620,0.2438649
0.1305440,0.3421036
0.1306260,0.2429364
0.1307080,0.4168028
0.1307900,0.4160164
0.1308720,0.5371124
0.1309540,0.4799970
0.1310360,0.4811715
0.1311180,0.4805519
0.1312000,0.5361846
0.1312820,0.5365424
0.1313640,0.5376269
0.1314460,0.3416567
0.1315280,0.4809871
0.1316100,0.5363989
0.1316920,0.5375598
0.1317740,0.4168450
0.1318560,0.4170854
0.1319380,0.4795661
0.1320200,0.5351011
0.1321020,0.5353568
0.1321840,0.5364274
0.1322660,0.5372432
0.1323480,0.4806788
0.1324300,0.3418881
0.1325120,0.4161316
0.1325940,0.4171904
0.1326760,0.2426374
0.1327580,0.3425967
0.1328400,0.4174636
0.1329220,0.4165002
0.1330040,0.4161873
0.1330860,0.4167031
0.1331680,0.4173821
0.1332500,0.3407265
0.1333320,0.3407065
0.1334140,0.3410829
0.1334960,0.3411292
0.1335780,0.3410166
0.1336600,0.5358770
0.1337420,0.4156888
0.1338240,0.5364763
0.1339060,0.4167854
0.1339880,0.4176591
0.1340700,0.3419149
0.1341520,0.4171732
0.1342340,0.4798764
0.1343160,0.4795462
0.1343980,0.4801290
0.1344800,0.4799336
0.1345620,0.5365912
0.1346440,0.4786630
0.1347260,0.5858521
0.1348080,0.4786004
0.1348900,0.4800828
0.1349720,0.4804479
0.1350540,0.4808511
0.1351360,0.3419934
0.1352180,0.4793047
0.1353000,0.2439644
0.1353820,0.2435986
0.1354640,0.2444994
0.1355460,0.3421296
0.1356280,0.4164051
0.1357100,0.4799283
0.1357920,0.4807667
0.1358740,0.4807550
0.1359560,0.4809191
0.1360380,0.4161718
0.1361200,0.3413986
0.1362020,0.4810971
0.1362840,0.4816323
0.1363660,0.4161593
0.1364480,0.3422445
0.1365300,0.3415721
0.1366120,0.4805658
0.1366940,0.4799155
0.1367760,0.4800125
0.1368580,0.4163007
0.1369400,0.5365645
0.1370220,0.5882976
0.1371040,0.4158511
0.1371860,0.4163217
0.1372680,0.4811463
0.1373500,0.4167909
0.1374320,0.4800437
0.1375140,0.4793300
0.1375960,0.4800508
0.1376780,0.4800499
0.1377600,0.5368961
0.1378420,0.4804633
0.1379240,0.4171949
0.1380060,0.5873325
0.1380880,0.5871704
0.1381700,0.5365792
0.1382520,0.4160857
0.1383340,0.4174172
0.1384160,0.3420777
0.1384980,0.3425747
0.1385800,0.4174774
0.1386620,0.3404971
0.1387440,0.5358006
0.1388260,0.5353685
0.1389080,0.4796755
0.1389900,0.4794556
0.1390720,0.4799317
0.1391540,0.4809622
0.1392360,0.4175564
0.1393180,0.4174178
0.1394000,0.3422627
0.1394820,0.3420125
0.1395640,0.4810818
0.1396460,0.4799190
0.1397280,0.5877700
0.1398100,0.3405618
0.1398920,0.3408389
0.1399740,0.4169019
0.1400560,0.4168058
0.1401380,0.4158628
0.1402200,0.4807773
0.1403020,0.5880567
0.1403840,0.5886064
0.1404660,0.3425336
0.1405480,0.3408923
0.1406300,0.5368049
0.1407120,0.5870947
0.1407940,0.5875692
0.1408760,0.4168423
0.1409580,0.4166600
0.1410400,0.4167466
0.1411220,0.4795640
0.1412040,0.5361243
0.1412860,0.5373188
0.1413680,0.4807466
0.1414500,0.3413516
0.1415320,0.4795244
0.1416140,0.5365237
0.1416960,0.5369007
0.1417780,0.5367837
0.1418600,0.5884508
0.1419420,0.4797504
0.1420240,0.4170736
0.1421060,0.4807490
0.1421880,0.4812890
0.1422700,0.3417777
0.1423520,0.4167420
0.1424340,0.4167880
0.1425160,0.4802876
0.1425980,0.4806306
0.1426800,0.4802389
0.1427620,0.5366635
0.1428440,0.4798497
0.1429260,0.5362720
0.1430080,0.5362621
0.1430900,0.5371208
0.1431720,0.3406906
0.1432540,0.4154950
0.1433360,0.4154088
0.1434180,0.4156827
0.1435000,0.4801202
0.1435820,0.4812437
0.1436640,0.3418766
0.1437460,0.3412577
0.1438280,0.4798395
0.1439100,0.4161252
0.1439920,0.4164536
0.1440740,0.3404180
0.1441560,0.4164924
0.1442380,0.5369734
0.1443200,0.4171085
0.1444020,0.4173543
0.1444840,0.4182937
0.1445660,0.4167995
0.1446480,0.4803649
0.1447300,0.5363597
0.1448120,0.5362860
0.1448940,0.5369867
0.1449760,0.4807083
0.1450580,0.5373224
0.1451400,0.4165670
0.1452220,0.4794717
0.1453040,0.5357527
0.1453860,0.5360253
0.1454680,0.5884518
0.1455500,0.4805921
0.1456320,0.4812114
0.1457140,0.3417717
0.1457960,0.3413254
0.1458780,0.3418361
0.1459600,0.4168572
0.1460420,0.4812509
0.1461240,0.3415441
0.1462060,0.4170166
0.1462880,0.4166318
0.1463700,0.5875202
0.1464520,0.4172020
0.1465340,0.4170046
0.1466160,0.3404830
0.1466980,0.3403598
0.1467800,0.4165982
0.1468620,0.4812203
0.1469440,0.4810175
0.1470260,0.4170987
0.1471080,0.3411162
0.1471900,0.3413694
0.1472720,0.3417458
0.1473540,0.5373592
0.1474360,0.4173131
0.1475180,0.5372028
0.1476000,0.5367196
0.1476820,0.5372138
0.1477640,0.4160224
0.1478460,0.5367178
0.1479280,0.4158778
0.1480100,0.4793776
0.1480920,0.4790630
0.1481740,0.4160806
0.1482560,0.4163097
0.1483380,0.5363778
0.1484200,0.4806581
0.1485020,0.4170038
0.1485840,0.4180964
0.1486660,0.4180469
0.1487480,0.2442982
0.1488300,0.4805663
0.1489120,0.4168874
0.1489940,0.4163864
0.1490760,0.5369627
0.1491580,0.5372173
0.1492400,0.4808247
0.1493220,0.4810023
0.1494040,0.4175206
0.1494860,0.4175906
0.1495680,0.3414468
0.1496500,0.4166687
0.1497320,0.4160969
0.1498140,0.4798713
0.1498960,0.4805967
0.1499780,0.5359346
0.1500600,0.5373736
0.1501420,0.3418152
0.1502240,0.3413812
0.1503060,0.4168676
0.1503880,0.4174657
0.1504700,0.4804205
0.1505520,0.5359407
0.1506340,0.4150210
0.1507160,0.5364545
0.1507980,0.5366168
0.1508800,0.4805359
0.1509620,0.5366215
0.1510440,0.4807138
0.1511260,0.4168351
0.1512080,0.4164360
0.1512900,0.4165737
0.1513720,0.4167514
0.1514540,0.5366549
0.1515360,0.4809367
0.1516180,0.4171521
0.1517000,0.3418336
0.1517820,0.3421015
0.1518640,0.3418071
0.1519460,0.4176237
0.1520280,0.4164277
0.1521100,0.4168528
0.1521920,0.4161662
0.1522740,0.4800574
0.1523560,0.4803301
0.1524380,0.4168898
0.1525200,0.3413944
0.1526020,0.4808485
0.1526840,0.4811403
0.1527660,0.4808323
0.1528480,0.5362471
0.1529300,0.4806737
0.1530120,0.2439151
0.1530940,0.2443956
0.1531760,0.4804258
0.1532580,0.4167127
0.1533400,0.4169559
0.1534220,0.3410572
0.1535040,0.3407786
0.1535860,0.3410201
0.1536680,0.4174407
0.1537500,0.4171395
0.1538320,0.4806882
0.1539140,0.5357693
0.1539960,0.5363670
0.1540780,0.5371690
0.1541600,0.4810807
0.1542420,0.4167654
0.1543240,0.4158226
0.1544060,0.3402180
0.1544880,0.3413222
0.1545700,0.4179021
0.1546520,0.4815615
0.1547340,0.3414302
0.1548160,0.3422596
0.1548980,0.3424202
0.1549800,0.3423120
0.1550620,0.2436989
0.1551440,0.4802646
0.1552260,0.4805297
0.1553080,0.4799748
0.1553900,0.4799443
0.1554720,0.4795983
0.1555540,0.4161327
0.1556360,0.4166807
0.1557180,0.4809861
0.1558000,0.4172510
0.1558820,0.4173788
0.1559640,0.4176271
0.1560460,0.4175948
0.1561280,0.4806168
0.1562100,0.4798073
0.1562920,0.4796412
0.1563740,0.5369780
0.1564560,0.4174953
0.1565380,0.4178868
0.1566200,0.3421082
0.1567020,0.4170037
0.1567840,0.4166577
0.1568660,0.4798596
0.1569480,0.4793735
0.1570300,0.4152431
0.1571120,0.3402484
0.1571940,0.3411025
0.1572760,0.3419673
0.1573580,0.3429588
0.1574400,0.3415510
0.1575220,0.3425423
0.1576040,0.3410917
0.1576860,0.3412491
0.1577680,0.3413766
0.1578500,0.4168684
0.1579320,0.3400891
0.1580140,0.4797809
0.1580960,0.4801179
0.1581780,0.5360992
0.1582600,0.5371261
0.1583420,0.4170190
0.1584240,0.3420510
0.1585060,0.2438485
0.1585880,0.2444458
0.1586700,0.3411795
0.1587520,0.4804166
0.1588340,0.4803567
0.1589160,0.5360133
0.1589980,0.5366916
0.1590800,0.4166089
0.1591620,0.4170541
0.1592440,0.4177279
0.1593260,0.4806976
0.1594080,0.2431224
0.1594900,0.2431346
0.1595720,0.4176471
0.1596540,0.4171297
0.1597360,0.5366855
0.1598180,0.4162920
0.1599000,0.4170810
0.1599820,0.4162641
0.1600640,0.4799704
0.1601460,0.4804003
0.1602280,0.4168431
0.1603100,0.4167725
0.1603920,0.4173642
0.1604740,0.4174167
0.1605560,0.3411942
0.1606380,0.4171965
0.1607200,0.5368320
0.1608020,0.5372507
0.1608840,0.5371508
0.1609660,0.4161096
0.1610480,0.4164330
0.1611300,0.3399876
0.1612120,0.4798781
0.1612940,0.4803720
0.1613760,0.5372090
0.1614580,0.4803131
0.1615400,0.4806504
0.1616220,0.5364624
0.1617040,0.4811138
0.1617860,0.4815878
0.1618680,0.3410550
0.1619500,0.2421090
0.1620320,0.3411409
0.1621140,0.4802524
0.1621960,0.4803795
0.1622780,0.5367082
0.1623600,0.4806521
0.1624420,0.4810434
0.1625240,0.3413593
0.1626060,0.3417992
0.1626880,0.3417545
0.1627700,0.4169578
0.1628520,0.5371079
0.1629340,0.5876353
0.1630160,0.4808608
0.1630980,0.4805446
0.1631800,0.5369760
0.1632620,0.4168385
0.1633440,0.4169863
0.1634260,0.5367533
0.1635080,0.4808217
0.1635900,0.4805123
0.1636720,0.4806714
0.1637540,0.4813040
0.1638360,0.4169712
0.1639180,0.3417817
0.1640000,0.3420928
0.1640820,0.3429108
0.1641640,0.2436897
0.1642460,0.4167140
0.1643280,0.4801189
0.1644100,0.4157617
0.1644920,0.4157470
0.1645740,0.4812402
0.1646560,0.4184110
0.1647380,0.4170813
0.1648200,0.4168571
0.1649020,0.4802267
0.1649840,0.4801180
0.1650660,0.5362686
0.1651480,0.5367473
0.1652300,0.4158205
0.1653120,0.4160072
0.1653940,0.4165400
0.1654760,0.4810182
0.1655580,0.2433849
0.1656400,0.4154996
0.1657220,0.3401057
0.1658040,0.2432602
0.1658860,0.2429633
0.1659680,0.4805363
0.1660500,0.4168492
0.1661320,0.3407546
0.1662140,0.3408977
0.1662960,0.3410777
0.1663780,0.4169571
0.1664600,0.3419794
0.1665420,0.4804230
0.1666240,0.4178158
0.1667060,0.4173918
0.1667880,0.4173559
0.1668700,0.4167035
0.1669520,0.4803829
0.1670340,0.4157556
0.1671160,0.4159863
0.1671980,0.4165304
0.1672800,0.5875100
0.1673620,0.4175714
0.1674440,0.3417970
0.1675260,0.4173139
0.1676080,0.5362237
0.1676900,0.5361612
0.1677720,0.4156806
0.1678540,0.4803554
0.1679360,0.4807918
0.1680180,0.3412463
0.1681000,0.4804809
0.1681820,0.4805589
0.1682640,0.4160886
0.1683460,0.4798501
0.1684280,0.4795769
0.1685100,0.4806052
0.1685920,0.4813611
0.1686740,0.4164144
0.1687560,0.4161590
0.1688380,0.3413695
0.1689200,0.4173311
0.1690020,0.3404939
0.1690840,0.3406697
0.1691660,0.4163211
0.1692480,0.4162865
0.1693300,0.5361781
0.1694120,0.4805425
0.1694940,0.4808544
0.1695760,0.4174752
0.1696580,0.4812275
0.1697400,0.4170977
0.1698220,0.4809273
0.1699040,0.4803519
0.1699860,0.4798924
0.1700680,0.4800898
0.1701500,0.4803124
0.1702320,0.3411706
0.1703140,0.3416547
0.1703960,0.3408981
0.1704780,0.4159013
0.1705600,0.4801889
0.1706420,0.4803929
0.1707240,0.4162670
0.1708060,0.4162401
0.1708880,0.4172964
0.1709700,0.4163844
0.1710520,0.4811657
0.1711340,0.4164987
0.1712160,0.2428146
0.1712980,0.2433994
0.1713800,0.4179220
0.1714620,0.4167363
0.1715440,0.5365936
0.1716260,0.3412607
0.1717080,0.4171023
0.1717900,0.4176696
0.1718720,0.3406406
0.1719540,0.4807281
0.1720360,0.4807094
0.1721180,0.4805960
0.1722000,0.5365491
0.1722820,0.5366179
0.1723640,0.5360178
0.1724460,0.4798435
0.1725280,0.3412066
0.1726100,0.4803983
0.1726920,0.4811173
0.1727740,0.4180572
0.1728560,0.4171845
0.1729380,0.4177191
0.1730200,0.3408810
0.1731020,0.4804997
0.1731840,0.4803848
0.1732660,0.4161204
0.1733480,0.4793449
0.1734300,0.6330739
0.1735120,0.4806038
0.1735940,0.4808416
0.1736760,0.4817790
0.1737580,0.2436674
0.1738400,0.2437309
0.1739220,0.2444138
0.1740040,0.3408684
0.1740860,0.3412373
0.1741680,0.5365821
0.1742500,0.5358517
0.1743320,0.4795198
0.1744140,0.4802989
0.1744960,0.4818934
0.1745780,0.2439474
0.1746600,0.4169186
0.1747420,0.4166451
0.1748240,0.3412496
0.1749060,0.4806474
0.1749880,0.4817499
0.1750700,0.3426309
0.1751520,0.4167127
0.1752340,0.4164881
0.1753160,0.4163013
0.1753980,0.4167735
0.1754800,0.4172610
0.1755620,0.4809470
0.1756440,0.4809345
0.1757260,0.3418519
0.1758080,0.3416501
0.1758900,0.3420109
0.1759720,0.4812221
0.1760540,0.4803509
0.1761360,0.4167011
0.1762180,0.4802619
0.1763000,0.4800500
0.1763820,0.4795688
0.1764640,0.4800691
0.1765460,0.5363189
0.1766280,0.4813186
0.1767100,0.3421564
0.1767920,0.3418155
0.1768740,0.3417950
0.1769560,0.3417430
0.1770380,0.4174939
0.1771200,0.4811001
0.1772020,0.5364650
0.1772840,0.5357470
0.1773660,0.5862578
0.1774480,0.5354596
0.1775300,0.5362046
0.1776120,0.5363789
0.1776940,0.5369102
0.1777760,0.4180137
0.1778580,0.3416094
0.1779400,0.3420442
0.1780220,0.4177657
0.1781040,0.3411078
0.1781860,0.3408355
0.1782680,0.3415343
0.1783500,0.4178852
0.1784320,0.4807364
0.1785140,0.4803276
0.1785960,0.4809318
0.1786780,0.4171121
0.1787600,0.3418675
0.1788420,0.4809068
0.1789240,0.4170013
0.1790060,0.4170602
0.1790880,0.4172940
0.1791700,0.4164592
0.1792520,0.3408899
0.1793340,0.4807711
0.1794160,0.4174628
0.1794980,0.4174492
0.1795800,0.3419496
0.1796620,0.4813226
0.1797440,0.4807126
0.1798260,0.5875201
0.1799080,0.5365636
0.1799900,0.5365246
0.1800720,0.4813020
0.1801540,0.3408508
0.1802360,0.3409510
0.1803180,0.4168757
0.1804000,0.4167449
0.1804820,0.4173411
0.1805640,0.5368054
0.1806460,0.4803474
0.1807280,0.3426444
0.1808100,0.5366408
0.1808920,0.5372287
0.1809740,0.4175789
0.1810560,0.4173095
0.1811380,0.4168232
0.1812200,0.4807562
0.1813020,0.4805862
0.1813840,0.4808638
0.1814660,0.4813359
0.1815480,0.4179751
0.1816300,0.4177333
0.1817120,0.4173270
0.1817940,0.4180454
0.1818760,0.2441532
0.1819580,0.4170453
0.1820400,0.4797890
0.1821220,0.4802978
0.1822040,0.4160291
0.1822860,0.4161304
0.1823680,0.4803068
0.1824500,0.4798681
0.1825320,0.5368290
0.1826140,0.4160996
0.1826960,0.4172288
0.1827780,0.3420955
0.1828600,0.4171892
0.1829420,0.3416614
0.1830240,0.4174896
0.1831060,0.4810705
0.1831880,0.4809041
0.1832700,0.4815399
0.1833520,0.3419968
0.1834340,0.4169701
0.1835160,0.4166494
0.1835980,0.4164031
0.1836800,0.4804075
0.1837620,0.5371181
0.1838440,0.4165892
0.1839260,0.5359868
0.1840080,0.5362547
0.1840900,0.5374345
0.1841720,0.4806271
0.1842540,0.4812241
0.1843360,0.4169492
0.1844180,0.4808446
0.1845000,0.4162084
0.1845820,0.4168928
0.1846640,0.2439398
0.1847460,0.4178830
0.1848280,0.2432518
0.1849100,0.4174793
0.1849920,0.4187511
0.1850740,0.4168955
0.1851560,0.4169451
0.1852380,0.4798221
0.1853200,0.4798715
0.1854020,0.4162293
0.1854840,0.4163196
0.1855660,0.4797211
0.1856480,0.5361625
0.1857300,0.4797749
0.1858120,0.4167778
0.1858940,0.4172544
0.1859760,0.3418347
0.1860580,0.3418336
0.1861400,0.4796708
0.1862220,0.4794097
0.1863040,0.4794508
0.1863860,0.4801211
0.1864680,0.4800878
0.1865500,0.4810774
0.1866320,0.4175386
0.1867140,0.4172701
0.1867960,0.4185110
0.1868780,0.4807516
0.1869600,0.5367932
0.1870420,0.3405694
0.1871240,0.5362966
0.1872060,0.4169913
0.1872880,0.4168115
0.1873700,0.4170877
0.1874520,0.4172862
0.1875340,0.4805017
0.1876160,0.4806517
0.1876980,0.4808281
0.1877800,0.4808240
0.1878620,0.4168484
0.1879440,0.4811442
0.1880260,0.3404710
0.1881080,0.3402940
0.1881900,0.3402962
0.1882720,0.4800049
0.1883540,0.5890223
0.1884360,0.4816155
0.1885180,0.3418631
0.1886000,0.4170354
0.1886820,0.4169414
0.1887640,0.4171371
0.1888460,0.4810968
0.1889280,0.4168868
0.1890100,0.4799649
0.1890920,0.4797990
0.1891740,0.4162491
0.1892560,0.4803432
0.1893380,0.5866990
0.1894200,0.4795127
0.1895020,0.4802786
0.1895840,0.4810197
0.1896660,0.4182699
0.1897480,0.4168076
0.1898300,0.3407667
0.1899120,0.3407686
0.1899940,0.3406662
0.1900760,0.4166878
0.1901580,0.4162693
0.1902400,0.4173381
0.1903220,0.5366620
0.1904040,0.4804333
0.1904860,0.4808544
0.1905680,0.4169184
0.1906500,0.4804467
0.1907320,0.4160136
0.1908140,0.4808374
0.1908960,0.4806360
0.1909780,0.5357296
0.1910600,0.5353524
0.1911420,0.5361942
0.1912240,0.4166005
0.1913060,0.3402835
0.1913880,0.3399318
0.1914700,0.4163106
0.1915520,0.4172736
0.1916340,0.4163170
0.1917160,0.3414932
0.1917980,0.3415099
0.1918800,0.4177268
0.1919620,0.2442873
0.1920440,0.4173216
0.1921260,0.4166584
0.1922080,0.3402477
0.1922900,0.3407267
0.1923720,0.4166472
0.1924540,0.4169364
0.1925360,0.4807770
0.1926180,0.3406794
0.1927000,0.4801820
0.1927820,0.4802200
0.1928640,0.4810494
0.1929460,0.4803011
0.1930280,0.4799775
0.1931100,0.4806391
0.1931920,0.4806105
0.1932740,0.4174159
0.1933560,0.4809664
0.1934380,0.3421809
0.1935200,0.2437799
0.1936020,0.4167981
0.1936840,0.4160112
0.1937660,0.5358144
0.1938480,0.5366579
0.1939300,0.4163611
0.1940120,0.5370739
0.1940940,0.5378471
0.1941760,0.5388696
0.1942580,0.3414710
0.1943400,0.3424030
0.1944220,0.3414805
0.1945040,0.4168026
0.1945860,0.4165992
0.1946680,0.4164724
0.1947500,0.3403667
0.1948320,0.3408879
0.1949140,0.3409067
0.1949960,0.3413838
0.1950780,0.4170553
0.1951600,0.5870158
0.1952420,0.5369156
0.1953240,0.2431926
0.1954060,0.4168371
0.1954880,0.4168856
0.1955700,0.4158841
0.1956520,0.4164818
0.1957340,0.5346179
0.1958160,0.5342921
0.1958980,0.5353622
0.1959800,0.4148085
0.1960620,0.4793925
0.1961440,0.4811599
0.1962260,0.3408662
0.1963080,0.2437858
0.1963900,0.2426160
0.1964720,0.3410767
0.1965540,0.4795925
0.1966360,0.4157815
0.1967180,0.4797149
0.1968000,0.4793131
0.1968820,0.4797771
0.1969640,0.4172290
0.1970460,0.4809897
0.1971280,0.5369064
0.1972100,0.4797072
0.1972920,0.4790435
0.1973740,0.5361931
0.1974560,0.3419561
0.1975380,0.2437107
0.1976200,0.2439268
0.1977020,0.4170410
0.1977840,0.4171632
0.1978660,0.4169722
0.1979480,0.4171021
0.1980300,0.4799716
0.1981120,0.4792188
0.1981940,0.4795063
0.1982760,0.5364554
0.1983580,0.4801943
0.1984400,0.4165641
0.1985220,0.4169006
0.1986040,0.4799732
0.1986860,0.4809042
0.1987680,0.3416196
0.1988500,0.4802934
0.1989320,0.4799165
0.1990140,0.5361798
0.1990960,0.5370678
0.1991780,0.4171742
0.1992600,0.3414595
0.1993420,0.4170552
0.1994240,0.4172418
0.1995060,0.4804588
0.1995880,0.4817345
0.1996700,0.4161109
0.1997520,0.4160295
0.1998340,0.3416509
0.1999160,0.4161062
0.1999980,0.4162098
0.2000800,0.4806142
0.2001620,0.4167611
0.2002440,0.4174050
0.2003260,0.3419919
0.2004080,0.2436793
0.2004900,0.2439739
0.2005720,0.4168483
0.2006540,0.5377354
0.2007360,0.2426303
0.2008180,0.4172600
0.2009000,0.4172089
0.2009820,0.4174750
0.2010640,0.4168706
0.2011460,0.4801704
0.2012280,0.4803885
0.2013100,0.4166370
0.2013920,0.4166043
0.2014740,0.4167049
0.2015560,0.4160021
0.2016380,0.4162624
0.2017200,0.4808130
0.2018020,0.5361791
0.2018840,0.5371406
0.2019660,0.4166335
0.2020480,0.4803270
0.2021300,0.5366774
0.2022120,0.5367379
0.2022940,0.5381709
0.2023760,0.4169360
0.2024580,0.4813370
0.2025400,0.4169726
0.2026220,0.3411437
0.2027040,0.4800453
0.2027860,0.4800851
0.2028680,0.5874464
0.2029500,0.4176386
0.2030320,0.2440721
0.2031140,0.4174056
0.2031960,0.4172870
0.2032780,0.3413561
0.2033600,0.3422576
0.2034420,0.4158065
0.2035240,0.4791424
0.2036060,0.5357638
0.2036880,0.5365819
0.2037700,0.4800508
0.2038520,0.5360858
0.2039340,0.4800767
0.2040160,0.4807747
0.2040980,0.4816984
0.2041800,0.4811393
0.2042620,0.4169529
0.2043440,0.4816090
0.2044260,0.3409270
0.2045080,0.4797690
0.2045900,0.4798937
0.2046720,0.6339521
0.2047540,0.5887117
0.2048360,0.4169056
0.2049180,0.4167988
0.2050000,0.4808409
0.2050820,0.4802255
0.2051640,0.4806766
0.2052460,0.4172586
0.2053280,0.3420952
0.2054100,0.4808621
0.2054920,0.4811822
0.2055740,0.4807842
0.2056560,0.5876207
0.2057380,0.5882656
0.2058200,0.4162314
0.2059020,0.3398652
0.2059840,0.3402498
0.2060660,0.4798867
0.2061480,0.5375420
0.2062300,0.4817643
0.2063120,0.3411874
0.2063940,0.3406796
0.2064760,0.4793872
0.2065580,0.4801371
0.2066400,0.4169729
0.2067220,0.4806616
0.2068040,0.4173163
0.2068860,0.4171565
0.2069680,0.5380782
0.2070500,0.5890543
0.2071320,0.4168980
0.2072140,0.4803218
0.2072960,0.4806779
0.2073780,0.4173204
0.2074600,0.4171614
0.2075420,0.3412437
0.2076240,0.4796122
0.2077060,0.4800934
0.2077880,0.4804462
0.2078700,0.4806448
0.2079520,0.3399413
0.2080340,0.4800580
0.2081160,0.4807343
0.2081980,0.4815053
0.2082800,0.4804182
0.2083620,0.4804388
0.2084440,0.4803908
0.2085260,0.4158684
0.2086080,0.5360770
0.2086900,0.5363459
0.2087720,0.5359975
0.2088540,0.5369885
0.2089360,0.4802150
0.2090180,0.3405334
0.2091000,0.4809541
0.2091820,0.4811132
0.2092640,0.4172827
0.2093460,0.4802275
0.2094280,0.5878833
0.2095100,0.5877381
0.2095920,0.5876441
0.2096740,0.5883074
0.2097560,0.4163941
0.2098380,0.4807878
0.2099200,0.4807354
0.2100020,0.4174242
0.2100840,0.4176107
0.2101660,0.4171449
0.2102480,0.5368256
0.2103300,0.4176263
0.2104120,0.4163260
0.2104940,0.4161238
0.2105760,0.4161902
0.2106580,0.4809185
0.2107400,0.4168408
0.2108220,0.3411878
0.2109040,0.4806219
0.2109860,0.4803388
0.2110680,0.4161558
0.2111500,0.4166409
0.2112320,0.5372079
0.2113140,0.4803376
0.2113960,0.4814541
0.2114780,0.4805444
0.2115600,0.4802230
0.2116420,0.4799536
0.2117240,0.4162689
0.2118060,0.3407280
0.2118880,0.3405862
0.2119700,0.4159478
0.2120520,0.5370186
0.2121340,0.5372493
0.2122160,0.4802874
0.2122980,0.4809411
0.2123800,0.4808129
0.2124620,0.4164215
0.2125440,0.5361130
0.2126260,0.5372543
0.2127080,0.4801022
0.2127900,0.4798715
0.2128720,0.4791728
0.2129540,0.6351141
0.2130360,0.5377264
0.2131180,0.4815077
0.2132000,0.4170344
0.2132820,0.4170003
0.2133640,0.4807298
0.2134460,0.4165845
0.2135280,0.4807678
0.2136100,0.4798442
0.2136920,0.4801470
0.2137740,0.5375617
0.2138560,0.5363847
0.2139380,0.4801812
0.2140200,0.4157296
0.2141020,0.5873953
0.2141840,0.5885400
0.2142660,0.4814808
0.2143480,0.3413938
0.2144300,0.4168480
0.2145120,0.3411489
0.2145940,0.3401947
0.2146760,0.5361839
0.2147580,0.5869195
0.2148400,0.5876515
0.2149220,0.5373610
0.2150040,0.5373860
0.2150860,0.5375794
0.2151680,0.5873652
0.2152500,0.6349062
0.2153320,0.4793434
0.2154140,0.4805848
0.2154960,0.4816203
0.2155780,0.4180383
0.2156600,0.3414070
0.2157420,0.2434149
0.2158240,0.4804214
0.2159060,0.5876196
0.2159880,0.5869497
0.2160700,0.5867171
0.2161520,0.5879769
0.2162340,0.5371600
0.2163160,0.5374969
0.2163980,0.5382551
0.2164800,0.4170442
0.2165620,0.4801060
0.2166440,0.4167465
0.2167260,0.5371283
0.2168080,0.5372349
0.2168900,0.5379866
0.2169720,0.5883621
0.2170540,0.5372871
0.2171360,0.4803310
0.2172180,0.5365511
0.2173000,0.5362882
0.2173820,0.5373765
0.2174640,0.5369926
0.2175460,0.5365834
0.2176280,0.4799062
0.2177100,0.4807654
0.2177920,0.4813689
0.2178740,0.4178908
0.2179560,0.5383671
0.2180380,0.4803305
0.2181200,0.4161125
0.2182020,0.4801089
0.2182840,0.4806012
0.2183660,0.5363685
0.2184480,0.5366980
0.2185300,0.5370244
0.2186120,0.4169683
0.2186940,0.4172598
0.2187760,0.4169562
0.2188580,0.5367584
0.2189400,0.4791271
0.2190220,0.5363968
0.2191040,0.4161650
0.2191860,0.4161656
0.2192680,0.4799035
0.2193500,0.4806523
0.2194320,0.4815968
0.2195140,0.2443289
0.2195960,0.2448758
0.2196780,0.4172619
0.2197600,0.4817511
0.2198420,0.4165980
0.2199240,0.4802154
0.2200060,0.4799832
0.2200880,0.4807954
0.2201700,0.4166626
0.2202520,0.4801783
0.2203340,0.4801504
0.2204160,0.3399918
0.2204980,0.3404142
0.2205800,0.4172906
0.2206620,0.2440136
0.2207440,0.4809656
0.2208260,0.5373371
0.2209080,0.4802584
0.2209900,0.4804548
0.2210720,0.4805707
0.2211540,0.4808787
0.2212360,0.5374153
0.2213180,0.4172009
0.2214000,0.4173638
0.2214820,0.4177253
0.2215640,0.4811414
0.2216460,0.4806526
0.2217280,0.4163926
0.2218100,0.3400042
0.2218920,0.3402208
0.2219740,0.4157811
0.2220560,0.4806336
0.2221380,0.4812132
0.2222200,0.4175660
0.2223020,0.4170332
0.2223840,0.4181959
0.2224660,0.3416579
0.2225480,0.3416167
0.2226300,0.5372209
0.2227120,0.4801640
0.2227940,0.4802835
0.2228760,0.5874137
0.2229580,0.4783342
0.2230400,0.5363357
0.2231220,0.4808901
0.2232040,0.3408534
0.2232860,0.3411348
0.2233680,0.3412649
0.2234500,0.2435407
0.2235320,0.3412426
0.2236140,0.5363032
0.2236960,0.5363696
0.2237780,0.5873795
0.2238600,0.5879698
0.2239420,0.4808295
0.2240240,0.3411529
0.2241060,0.4165897
0.2241880,0.4171456
0.2242700,0.4816437
0.2243520,0.4800569
0.2244340,0.4161187
0.2245160,0.4805586
0.2245980,0.4817049
0.2246800,0.3415795
0.2247620,0.3417876
0.2248440,0.4168984
0.2249260,0.4793466
0.2250080,0.5360504
0.2250900,0.5364578
0.2251720,0.5879699
0.2252540,0.4168361
0.2253360,0.4175244
0.2254180,0.4172761
0.2255000,0.4166514
0.2255820,0.4179656
0.2256640,0.3416567
0.2257460,0.4804348
0.2258280,0.5370889
0.2259100,0.4797357
0.2259920,0.4801856
0.2260740,0.4164330
0.2261560,0.4805531
0.2262380,0.4809724
0.2263200,0.4810779
0.2264020,0.4173111
0.2264840,0.4177785
0.2265660,0.5376063
0.2266480,0.4165047
0.2267300,0.4168670
0.2268120,0.3413947
0.2268940,0.3420180
0.2269760,0.4174602
0.2270580,0.4180250
0.2271400,0.4172490
0.2272220,0.4173909
0.2273040,0.4812686
0.2273860,0.4815562
0.2274680,0.4799356
0.2275500,0.5365006
0.2276320,0.5370066
0.2277140,0.6350566
0.2277960,0.6353483
0.2278780,0.5375524
0.2279600,0.4162186
0.2280420,0.4809006
0.2281240,0.4165694
0.2282060,0.4164443
0.2282880,0.4165829
0.2283700,0.4170355
0.2284520,0.5374922
0.2285340,0.5372457
0.2286160,0.4172320
0.2286980,0.4168579
0.2287800,0.4161306
0.2288620,0.4164427
0.2289440,0.4810206
0.2290260,0.4161261
0.2291080,0.4162569
0.2291900,0.4164032
0.2292720,0.4805492
0.2293540,0.5890271
0.2294360,0.4168475
0.2295180,0.4170458
0.2296000,0.4799667
0.2296820,0.4799049
0.2297640,0.5360081
0.2298460,0.4802254
0.2299280,0.5364305
0.2300100,0.4799379
0.2300920,0.4806964
0.2301740,0.4172496
0.2302560,0.3416269
0.2303380,0.3415111
0.2304200,0.4805462
0.2305020,0.5362723
0.2305840,0.5365157
0.2306660,0.5367155
0.2307480,0.3400635
0.2308300,0.3401337
0.2309120,0.4156144
0.2309940,0.4156604
0.2310760,0.4807228
0.2311580,0.5375870
0.2312400,0.3417492
0.2313220,0.3418209
0.2314040,0.4171165
0.2314860,0.4175212
0.2315680,0.2438650
0.2316500,0.5882810
0.2317320,0.4811879
0.2318140,0.4812548
0.2318960,0.4815405
0.2319780,0.4169918
0.2320600,0.5880277
0.2321420,0.5372739
0.2322240,0.4167770
0.2323060,0.4802475
0.2323880,0.4805672
0.2324700,0.4164218
0.2325520,0.5368808
0.2326340,0.4815305
0.2327160,0.4166454
0.2327980,0.4177143
0.2328800,0.2433599
0.2329620,0.5373647
0.2330440,0.5374735
0.2331260,0.5368016
0.2332080,0.5364920
0.2332900,0.5370913
0.2333720,0.5865510
0.2334540,0.5370656
0.2335360,0.4795188
0.2336180,0.5372446
0.2337000,0.4804487
0.2337820,0.4812034
0.2338640,0.4808337
0.2339460,0.4173681
0.2340280,0.4810919
0.2341100,0.4804633
0.2341920,0.4806748
0.2342740,0.4168890
0.2343560,0.4800625
0.2344380,0.4807853
0.2345200,0.4800135
0.2346020,0.4811517
0.2346840,0.4807610
0.2347660,0.5378649
0.2348480,0.4168554
0.2349300,0.4814754
0.2350120,0.4165535
0.2350940,0.4175340
0.2351760,0.4171236
0.2352580,0.4169651
0.2353400,0.4161709
0.2354220,0.5368024
0.2355040,0.5880175
0.2355860,0.5880535
0.2356680,0.4797469
0.2357500,0.4164764
0.2358320,0.4167180
0.2359140,0.4175333
0.2359960,0.4181125
0.2360780,0.3421128
0.2361600,0.4814824
0.2362420,0.5362095
0.2363240,0.5867660
0.2364060,0.5352743
0.2364880,0.5361050
0.2365700,0.4808185
0.2366520,0.5370744
0.2367340,0.5378577
0.2368160,0.3410612
0.2368980,0.3412525
0.2369800,0.5880743
0.2370620,0.4803532
0.2371440,0.4166078
0.2372260,0.3410190
0.2373080,0.4813306
0.2373900,0.4820059
0.2374720,0.4820105
0.2375540,0.4808623
0.2376360,0.5376299
0.2377180,0.4176684
0.2378000,0.4167392
0.2378820,0.4161440
0.2379640,0.4804395
0.2380460,0.4165077
0.2381280,0.3406202
0.2382100,0.4167836
0.2382920,0.4169312
0.2383740,0.4809342
0.2384560,0.4813631
0.2385380,0.3423364
0.2386200,0.4169334
0.2387020,0.4804223
0.2387840,0.4799830
0.2388660,0.4809371
0.2389480,0.3411527
0.2390300,0.4168493
0.2391120,0.3416221
0.2391940,0.3419348
0.2392760,0.3424557
0.2393580,0.4803843
0.2394400,0.4808309
0.2395220,0.3406793
0.2396040,0.4167528
0.2396860,0.4163003
0.2397680,0.4156554
0.2398500,0.4162423
0.2399320,0.4807154
0.2400140,0.3414535
0.2400960,0.3420257
0.2401780,0.4817988
0.2402600,0.4811252
0.2403420,0.5365721
0.2404240,0.4807274
0.2405060,0.4171216
0.2405880,0.4174255
0.2406700,0.3420965
0.2407520,0.2439872
0.2408340,0.4167186
0.2409160,0.4165854
0.2409980,0.4165225
0.2410800,0.4165929
0.2411620,0.4794974
0.2412440,0.4166433
0.2413260,0.3416498
0.2414080,0.4169465
0.2414900,0.4172045
0.2415720,0.4180375
0.2416540,0.4171569
0.2417360,0.4173778
0.2418180,0.4166307
0.2419000,0.4792835
0.2419820,0.4796369
0.2420640,0.4810130
0.2421460,0.4171808
0.2422280,0.2433113
0.2423100,0.4165706
0.2423920,0.4171200
0.2424740,0.4807878
0.2425560,0.4806800
0.2426380,0.4812675
0.2427200,0.5369385
0.2428020,0.5361991
0.2428840,0.5368599
0.2429660,0.4797071
0.2430480,0.4159323
0.2431300,0.3411411
0.2432120,0.3420949
0.2432940,0.3422037
0.2433760,0.4173721
0.2434580,0.4163608
0.2435400,0.4167707
0.2436220,0.4168435
0.2437040,0.5369514
0.2437860,0.5375381
0.2438680,0.5888664
0.2439500,0.3424922
0.2440320,0.3419548
0.2441140,0.4167001
0.2441960,0.4167424
0.2442780,0.4808380
0.2443600,0.4169051
0.2444420,0.4804444
0.2445240,0.4171193
0.2446060,0.4169631
0.2446880,0.4165426
0.2447700,0.4807654
0.2448520,0.4806660
0.2449340,0.4811460
0.2450160,0.4176211
0.2450980,0.4173348
0.2451800,0.3423163
0.2452620,0.4803060
0.2453440,0.5367158
0.2454260,0.5365399
0.2455080,0.4801489
0.2455900,0.4803392
0.2456720,0.4171513
0.2457540,0.4812177
0.2458360,0.4177662
0.2459180,0.2441590
0.2460000,0.3421567
0.2460820,0.3416731
0.2461640,0.4170119
0.2462460,0.4167878
0.2463280,0.5352621
0.2464100,0.5865797
0.2464920,0.5869448
0.2465740,0.4810438
0.2466560,0.3421269
0.2467380,0.4178264
0.2468200,0.4172628
0.2469020,0.3415207
0.2469840,0.3411351
0.2470660,0.4805269
0.2471480,0.4805857
0.2472300,0.5369997
0.2473120,0.5369643
0.2473940,0.5369794
0.2474760,0.6351788
0.2475580,0.4795162
0.2476400,0.3409311
0.2477220,0.4162957
0.2478040,0.4170067
0.2478860,0.4177945
0.2479680,0.4168290
0.2480500,0.4160741
0.2481320,0.3399469
0.2482140,0.4795745
0.2482960,0.4802477
0.2483780,0.4808155
0.2484600,0.3403393
0.2485420,0.4172743
0.2486240,0.4170209
0.2487060,0.4797238
0.2487880,0.4804247
0.2488700,0.4811971
0.2489520,0.4167789
0.2490340,0.4168777
0.2491160,0.4801937
0.2491980,0.4805156
0.2492800,0.3409530
0.2493620,0.4805874
0.2494440,0.5364875
0.2495260,0.4161893
0.2496080,0.4805286
0.2496900,0.4813074
0.2497720,0.3421338
0.2498540,0.4171273
0.2499360,0.4794804
0.2500180,0.5364354
0.2501000,0.4806032
0.2501820,0.4805580
0.2502640,0.4165596
0.2503460,0.4163226
0.2504280,0.4162796
0.2505100,0.5369741
0.2505920,0.5370337
0.2506740,0.5377283
0.2507560,0.4178467
0.2508380,0.4172399
0.2509200,0.4795081
0.2510020,0.4805321
0.2510840,0.4808291
0.2511660,0.4808826
0.2512480,0.4171019
0.2513300,0.3413445
0.2514120,0.4171327
0.2514940,0.4166672
0.2515760,0.4168255
0.2516580,0.5870245
0.2517400,0.5371970
0.2518220,0.4807287
0.2519040,0.2439881
0.2519860,0.2440515
0.2520680,0.4170648
0.2521500,0.3416109
0.2522320,0.3417122
0.2523140,0.4803651
0.2523960,0.4801840
0.2524780,0.4795458
0.2525600,0.4799192
0.2526420,0.4805890
0.2527240,0.4809128
0.2528060,0.4178378
0.2528880,0.4179160
0.2529700,0.4181897
0.2530520,0.3411800
0.2531340,0.3404581
0.2532160,0.4162835
0.2532980,0.4167335
0.2533800,0.4810781
0.2534620,0.4804626
0.2535440,0.4807567
0.2536260,0.3429911
0.2537080,0.3411239
0.2537900,0.3423386
0.2538720,0.3409153
0.2539540,0.3406031
0.2540360,0.3411869
0.2541180,0.4171481
0.2542000,0.4804592
0.2542820,0.4813352
0.2543640,0.3411167
0.2544460,0.3420867
0.2545280,0.4175028
0.2546100,0.4167492
0.2546920,0.4164347
0.2547740,0.4804035
0.2548560,0.4796123
0.2549380,0.5362171
0.2550200,0.4796916
0.2551020,0.4161391
0.2551840,0.4171482
0.2552660,0.4175012
0.2553480,0.3417008
0.2554300,0.2436733
0.2555120,0.4173641
0.2555940,0.4181014
0.2556760,0.4173043
0.2557580,0.4803716
0.2558400,0.5362588
0.2559220,0.4801393
0.2560040,0.3409594
0.2560860,0.3420508
0.2561680,0.3414156
0.2562500,0.4174306
0.2563320,0.4808868
0.2564140,0.4173362
0.2564960,0.4176955
0.2565780,0.4176048
0.2566600,0.4802486
0.2567420,0.4798143
0.2568240,0.4799657
0.2569060,0.4165281
0.2569880,0.4175614
0.2570700,0.3411454
0.2571520,0.4166507
0.2572340,0.3421063
0.2573160,0.2434230
0.2573980,0.2441071
0.2574800,0.2438978
0.2575620,0.2443087
0.2576440,0.3414056
0.2577260,0.4178738
0.2578080,0.4809260
0.2578900,0.4800923
0.2579720,0.4801232
0.2580540,0.5354597
0.2581360,0.5362595
0.2582180,0.5364290
0.2583000,0.4171563
0.2583820,0.4180850
0.2584640,0.3427388
0.2585460,0.2442994
0.2586280,0.2444076
0.2587100,0.4176193
0.2587920,0.4172281
0.2588740,0.4174959
0.2589560,0.4806345
0.2590380,0.4805251
0.2591200,0.3396970
0.2592020,0.4802233
0.2592840,0.4810875
0.2593660,0.4814505
0.2594480,0.3422975
0.2595300,0.4802276
0.2596120,0.4168357
0.2596940,0.4165719
0.2597760,0.4806204
0.2598580,0.5364902
0.2599400,0.5365422
0.2600220,0.4171270
0.2601040,0.4814183
0.2601860,0.4819584
0.2602680,0.4806062
0.2603500,0.4170187
0.2604320,0.4809399
0.2605140,0.4806127
0.2605960,0.4804742
0.2606780,0.4805138
0.2607600,0.4807280
0.2608420,0.3413161
0.2609240,0.3411003
0.2610060,0.4801299
0.2610880,0.4807822
0.2611700,0.4162532
0.2612520,0.4801461
0.2613340,0.4803008
0.2614160,0.4790461
0.2614980,0.4795493
0.2615800,0.4162361
0.2616620,0.5369660
0.2617440,0.2428726
0.2618260,0.3404419
0.2619080,0.2435475
0.2619900,0.2442034
0.2620720,0.4167967
0.2621540,0.4159935
0.2622360,0.4147145
0.2623180,0.4147828
0.2624000,0.4792920
0.2624820,0.4800878
0.2625640,0.5375386
0.2626460,0.4812326
0.2627280,0.4162243
0.2628100,0.4806981
0.2628920,0.4806278
0.2629740,0.5364209
0.2630560,0.4803096
0.2631380,0.4803838
0.2632200,0.4160350
0.2633020,0.3407901
0.2633840,0.3410959
0.2634660,0.4806421
0.2635480,0.5374141
0.2636300,0.5380118
0.2637120,0.3422908
0.2637940,0.3419245
0.2638760,0.3416368
0.2639580,0.4806905
0.2640400,0.4171910
0.2641220,0.4163343
0.2642040,0.4162155
0.2642860,0.4169880
0.2643680,0.2423389
0.2644500,0.3414158
0.2645320,0.4156428
0.2646140,0.5354733
0.2646960,0.5362384
0.2647780,0.4166791
0.2648600,0.3419625
0.2649420,0.3421071
0.2650240,0.3419786
0.2651060,0.5374552
0.2651880,0.5378632
0.2652700,0.4814131
0.2653520,0.4811715
0.2654340,0.4175239
0.2655160,0.4808068
0.2655980,0.4815162
0.2656800,0.5378609
0.2657620,0.4173750
0.2658440,0.3420891
0.2659260,0.4171398
0.2660080,0.4800223
0.2660900,0.4794228
0.2661720,0.4791450
0.2662540,0.4165430
0.2663360,0.4160812
0.2664180,0.4804046
0.2665000,0.4164191
0.2665820,0.4169111
0.2666640,0.4169221
0.2667460,0.4176782
0.2668280,0.4807641
0.2669100,0.4164296
0.2669920,0.4161244
0.2670740,0.4807237
0.2671560,0.3418270
0.2672380,0.4809724
0.2673200,0.4176714
0.2674020,0.3406469
0.2674840,0.3402202
0.2675660,0.4166637
0.2676480,0.4170025
0.2677300,0.4165339
0.2678120,0.4805886
0.2678940,0.4812738
0.2679760,0.4813144
0.2680580,0.4811470
0.2681400,0.2429310
0.2682220,0.3407689
0.2683040,0.4805613
0.2683860,0.4800656
0.2684680,0.4804029
0.2685500,0.4173951
0.2686320,0.5365026
0.2687140,0.5366481
0.2687960,0.5369853
0.2688780,0.5366250
0.2689600,0.5373643
0.2690420,0.3419396
0.2691240,0.3418107
0.2692060,0.3408593
0.2692880,0.3408216
0.2693700,0.4808099
0.2694520,0.5362141
0.2695340,0.4806691
0.2696160,0.2426051
0.2696980,0.2438230
0.2697800,0.4180061
0.2698620,0.3416669
0.2699440,0.3415520
0.2700260,0.3412467
0.2701080,0.3399549
0.2701900,0.3400514
0.2702720,0.4154726
0.2703540,0.4804948
0.2704360,0.2422740
0.2705180,0.4159767
0.2706000,0.4167522
0.2706820,0.4170346
0.2707640,0.3413431
0.2708460,0.3414033
0.2709280,0.5359975
0.2710100,0.5370025
0.2710920,0.5373252
0.2711740,0.3409074
0.2712560,0.3410302
0.2713380,0.4162959
0.2714200,0.5859760
0.2715020,0.5857426
0.2715840,0.5870592
0.2716660,0.5363111
0.2717480,0.3405001
0.2718300,0.4168455
0.2719120,0.4177956
0.2719940,0.4179799
0.2720760,0.2440341
0.2721580,0.2437264
0.2722400,0.4169065
0.2723220,0.5367164
0.2724040,0.5365768
0.2724860,0.5363938
0.2725680,0.4158015
0.2726500,0.4167804
0.2727320,0.4166792
0.2728140,0.3410925
0.2728960,0.3409516
0.2729780,0.4801199
0.2730600,0.5874845
0.2731420,0.4801346
0.2732240,0.4801130
0.2733060,0.4166776
0.2733880,0.4171240
0.2734700,0.4176119
0.2735520,0.4174382
0.2736340,0.4171347
0.2737160,0.4175771
0.2737980,0.4172602
0.2738800,0.4170845
0.2739620,0.4810569
0.2740440,0.4165672
0.2741260,0.4794006
0.2742080,0.4795447
0.2742900,0.4800965
0.2743720,0.4804861
0.2744540,0.4170140
0.2745360,0.4161664
0.2746180,0.3411775
0.2747000,0.3413088
0.2747820,0.3414050
0.2748640,0.3412241
0.2749460,0.4167500
0.2750280,0.5355345
0.2751100,0.5356709
0.2751920,0.5358045
0.2752740,0.4161579
0.2753560,0.4803390
0.2754380,0.4172494
0.2755200,0.3418021
0.2756020,0.3414266
0.2756840,0.3419429
0.2757660,0.3418527
0.2758480,0.4803776
0.2759300,0.4811598
0.2760120,0.5375220
0.2760940,0.5377680
0.2761760,0.5380295
0.2762580,0.4175121
0.2763400,0.4163788
0.2764220,0.4154539
0.2765040,0.4160706
0.2765860,0.4168794
0.2766680,0.3406400
0.2767500,0.4170764
0.2768320,0.4800292
0.2769140,0.3418810
0.2769960,0.3425394
0.2770780,0.3416662
0.2771600,0.5361910
0.2772420,0.5354778
0.2773240,0.5350562
0.2774060,0.5355011
0.2774880,0.5360991
0.2775700,0.4166944
0.2776520,0.4177798
0.2777340,0.5367269
0.2778160,0.4807872
0.2778980,0.4816760
0.2779800,0.4172766
0.2780620,0.3406963
0.2781440,0.3408107
0.2782260,0.3404733
0.2783080,0.4800681
0.2783900,0.4807522
0.2784720,0.4172792
0.2785540,0.2434952
0.2786360,0.4174493
0.2787180,0.3415135
0.2788000,0.4163306
0.2788820,0.4156403
0.2789640,0.4799426
0.2790460,0.4156872
0.2791280,0.4794329
0.2792100,0.3408521
0.2792920,0.3417875
0.2793740,0.2438667
0.2794560,0.4184270
0.2795380,0.3418379
0.2796200,0.4809769
0.2797020,0.3414662
0.2797840,0.3414216
0.2798660,0.4161346
0.2799480,0.4164171
0.2800300,0.4802905
0.2801120,0.4169126
0.2801940,0.4172200
0.2802760,0.4807387
0.2803580,0.4804389
0.2804400,0.4164788
0.2805220,0.4173876
0.2806040,0.4171962
0.2806860,0.4168723
0.2807680,0.4166750
0.2808500,0.4171816
0.2809320,0.3419494
0.2810140,0.2423879
0.2810960,0.2422858
0.2811780,0.4156971
0.2812600,0.4161246
0.2813420,0.4166507
0.2814240,0.4158548
0.2815060,0.2426917
0.2815880,0.2433252
0.2816700,0.3420403
0.2817520,0.2442602
0.2818340,0.4179477
0.2819160,0.2438511
0.2819980,0.2438505
0.2820800,0.4808834
0.2821620,0.4167165
0.2822440,0.3401267
0.2823260,0.4798312
0.2824080,0.4169272
0.2824900,0.4177851
0.2825720,0.4806506
0.2826540,0.4803435
0.2827360,0.4807503
0.2828180,0.3423585
0.2829000,0.0473633
0.2829820,0.0476602
0.2830640,0.4176412
0.2831460,0.3417403
0.2832280,0.4142989
0.2833100,0.3410055
0.2833920,0.3406470
0.2834740,0.4160284
0.2835560,0.4168548
0.2836380,0.3423324
0.2837200,0.3419506
0.2838020,0.5366089
0.2838840,0.5378684
0.2839660,0.4811246
0.2840480,0.4171294
0.2841300,0.3417189
0.2842120,0.3420007
0.2842940,0.3420003
0.2843760,0.4164994
0.2844580,0.5367781
0.2845400,0.4164101
0.2846220,0.4176580
0.2847040,0.3413392
0.2847860,0.3414475
0.2848680,0.2424615
0.2849500,0.3401890
0.2850320,0.5362068
0.2851140,0.5866260
0.2851960,0.5868197
0.2852780,0.5369515
0.2853600,0.3408272
0.2854420,0.4174606
0.2855240,0.3414808
0.2856060,0.4170188
0.2856880,0.4170264
0.2857700,0.4160464
0.2858520,0.4166999
0.2859340,0.4805219
0.2860160,0.4807352
0.2860980,0.4810458
0.2861800,0.4803603
0.2862620,0.4167836
0.2863440,0.5364635
0.2864260,0.4165964
0.2865080,0.3412660
0.2865900,0.3412094
0.2866720,0.4169083
0.2867540,0.3404790
0.2868360,0.2419506
0.2869180,0.3421002
0.2870000,0.3411430
0.2870820,0.3409097
0.2871640,0.4167470
0.2872460,0.3409267
0.2873280,0.4160941
0.2874100,0.4169754
0.2874920,0.4173684
0.2875740,0.4806084
0.2876560,0.3418962
0.2877380,0.5379238
0.2878200,0.4169091
0.2879020,0.4803246
0.2879840,0.4805871
0.2880660,0.5362434
0.2881480,0.5360195
0.2882300,0.5362450
0.2883120,0.3412306
0.2883940,0.3419122
0.2884760,0.4168802
0.2885580,0.5373812
0.2886400,0.4798327
0.2887220,0.5366062
0.2888040,0.4159538
0.2888860,0.4151779
0.2889680,0.4164315
0.2890500,0.4801595
0.2891320,0.4808549
0.2892140,0.3417185
0.2892960,0.3426276
0.2893780,0.2442800
0.2894600,0.4172586
0.2895420,0.4175105
0.2896240,0.3411299
0.2897060,0.4803096
0.2897880,0.4805550
0.2898700,0.4164164
0.2899520,0.4155231
0.2900340,0.5363655
0.2901160,0.5364721
0.2901980,0.5373586
0.2902800,0.4171750
0.2903620,0.4816082
0.2904440,0.2436265
0.2905260,0.4164844
0.2906080,0.4161289
0.2906900,0.4160615
0.2907720,0.4802981
0.2908540,0.3397998
0.2909360,0.2424502
0.2910180,0.4167667
0.2911000,0.4177202
0.2911820,0.4178939
0.2912640,0.3425148
0.2913460,0.4811297
0.2914280,0.4802386
0.2915100,0.5363279
0.2915920,0.5365648
0.2916740,0.4166528
0.2917560,0.4808596
0.2918380,0.5365241
0.2919200,0.4169550
0.2920020,0.4178023
0.2920840,0.4186251
0.2921660,0.3419311
0.2922480,0.3424906
0.2923300,0.4175161
0.2924120,0.4162861
0.2924940,0.4159040
0.2925760,0.4165211
0.2926580,0.4807371
0.2927400,0.4813392
0.2928220,0.4177711
0.2929040,0.4174989
0.2929860,0.4179249
0.2930680,0.4172435
0.2931500,0.5370215
0.2932320,0.5364519
0.2933140,0.4804327
0.2933960,0.4813747
0.2934780,0.4806351
0.2935600,0.4818635
0.2936420,0.4170341
0.2937240,0.4807570
0.2938060,0.4162231
0.2938880,0.4149197
0.2939700,0.4800789
0.2940520,0.3409622
0.2941340,0.3415432
0.2942160,0.3411553
0.2942980,0.3426752
0.2943800,0.2441610
0.2944620,0.2446169
0.2945440,0.4157135
0.2946260,0.4796838
0.2947080,0.4161802
0.2947900,0.4160891
0.2948720,0.4164862
0.2949540,0.4174556
0.2950360,0.4171490
0.2951180,0.4810515
0.2952000,0.4171884
0.2952820,0.4169516
0.2953640,0.5360885
0.2954460,0.4804068
0.2955280,0.4800972
0.2956100,0.4799983
0.2956920,0.4809992
0.2957740,0.4177719
0.2958560,0.4169175
0.2959380,0.4168216
0.2960200,0.4164134
0.2961020,0.3411904
0.2961840,0.3407273
0.2962660,0.4803054
0.2963480,0.4808466
0.2964300,0.4173078
0.2965120,0.4166353
0.2965940,0.4160745
0.2966760,0.4800854
0.2967580,0.4804042
0.2968400,0.5864259
0.2969220,0.5868958
0.2970040,0.4796224
0.2970860,0.4812122
0.2971680,0.2445015
0.2972500,0.0474629
0.2973320,0.4174780
0.2974140,0.4805878
0.2974960,0.4806715
0.2975780,0.4803940
0.2976600,0.4163078
0.2977420,0.4807786
0.2978240,0.5364950
0.2979060,0.5363483
0.2979880,0.5368326
0.2980700,0.4802403
0.2981520,0.4815316
0.2982340,0.3423589
0.2983160,0.4175186
0.2983980,0.4172134
0.2984800,0.4171384
0.2985620,0.4804947
0.2986440,0.4170505
0.2987260,0.4803953
0.2988080,0.5371430
0.2988900,0.5368135
0.2989720,0.5368090
0.2990540,0.4165910
0.2991360,0.4165827
0.2992180,0.4169613
0.2993000,0.5880960
0.2993820,0.5892722
0.2994640,0.4179468
0.2995460,0.2437313
0.2996280,0.4174263
0.2997100,0.3416105
0.2997920,0.3414269
0.2998740,0.4802835
0.2999560,0.4160053
0.3000380,0.4797390
0.3001200,0.3406435
0.3002020,0.4805336
0.3002840,0.4807183
0.3003660,0.5374089
0.3004480,0.5367906
0.3005300,0.4166357
0.3006120,0.4803217
0.3006940,0.4809627
0.3007760,0.4806815
0.3008580,0.5357819
0.3009400,0.3403117
0.3010220,0.3399066
0.3011040,0.4797131
0.3011860,0.4802667
0.3012680,0.4814615
0.3013500,0.3420611
0.3014320,0.4174096
0.3015140,0.3422231
0.3015960,0.3421922
0.3016780,0.3420439
0.3017600,0.3409834
0.3018420,0.4170072
0.3019240,0.4169859
0.3020060,0.4167337
0.3020880,0.4177153
0.3021700,0.4172611
0.3022520,0.2438420
0.3023340,0.3415207
0.3024160,0.4165335
0.3024980,0.4165265
0.3025800,0.3395442
0.3026620,0.4158628
0.3027440,0.4799943
0.3028260,0.4172129
0.3029080,0.4177207
0.3029900,0.4169302
0.3030720,0.4170355
0.3031540,0.4163231
0.3032360,0.4170692
0.3033180,0.4808691
0.3034000,0.4174533
0.3034820,0.4174700
0.3035640,0.3421184
0.3036460,0.4807990
0.3037280,0.4811119
0.3038100,0.4176472
0.3038920,0.4180872
0.3039740,0.4172657
0.3040560,0.4167047
0.3041380,0.3415701
0.3042200,0.4813202
0.3043020,0.5365628
0.3043840,0.5368515
0.3044660,0.4805262
0.3045480,0.3408381
0.3046300,0.2427028
0.3047120,0.4809190
0.3047940,0.4815492
0.3048760,0.4174178
0.3049580,0.3421363
0.3050400,0.4807702
0.3051220,0.4801083
0.3052040,0.4802614
0.3052860,0.4809042
0.3053680,0.3414574
0.3054500,0.3413512
0.3055320,0.4812179
0.3056140,0.4810232
0.3056960,0.4820862
0.3057780,0.0456414
0.3058600,0.3413007
0.3059420,0.4170517
0.3060240,0.5365096
0.3061060,0.5373430
0.3061880,0.5379207
0.3062700,0.4164771
0.3063520,0.4164639
0.3064340,0.4804656
0.3065160,0.4173751
0.3065980,0.4177494
0.3066800,0.2432567
0.3067620,0.3412709
0.3068440,0.3411940
0.3069260,0.3417460
0.3070080,0.4168810
0.3070900,0.4172740
0.3071720,0.4173878
0.3072540,0.3411095
0.3073360,0.3416542
0.3074180,0.4171744
0.3075000,0.3411909
0.3075820,0.3411834
0.3076640,0.4806495
0.3077460,0.4176888
0.3078280,0.4809643
0.3079100,0.3413172
0.3079920,0.3410053
0.3080740,0.4161682
0.3081560,0.4171617
0.3082380,0.3409751
0.3083200,0.4171331
0.3084020,0.5366162
0.3084840,0.5356217
0.3085660,0.5367830
0.3086480,0.5361889
0.3087300,0.4803258
0.3088120,0.4801903
0.3088940,0.4805422
0.3089760,0.3407738
0.3090580,0.4163421
0.3091400,0.4172767
0.3092220,0.3406977
0.3093040,0.4164449
0.3093860,0.4177378
0.3094680,0.4169744
0.3095500,0.3418091
0.3096320,0.4172519
0.3097140,0.3411570
0.3097960,0.3414474
0.3098780,0.4170552
0.3099600,0.3418501
0.3100420,0.4168044
0.3101240,0.4168616
0.3102060,0.4169172
0.3102880,0.4164994
0.3103700,0.4807827
0.3104520,0.4160155
0.3105340,0.5366136
0.3106160,0.4167473
0.3106980,0.4170381
0.3107800,0.4168342
0.3108620,0.3412407
0.3109440,0.2429698
0.3110260,0.4165271
0.3111080,0.4805961
0.3111900,0.4811314
0.3112720,0.4173500
0.3113540,0.3416142
0.3114360,0.4166628
0.3115180,0.5359641
0.3116000,0.4152856
0.3116820,0.4155627
0.3117640,0.3407131
0.3118460,0.4169887
0.3119280,0.4169235
0.3120100,0.4172033
0.3120920,0.4179540
0.3121740,0.2438302
0.3122560,0.5880822
0.3123380,0.5360798
0.3124200,0.4167587
0.3125020,0.4803027
0.3125840,0.4803536
0.3126660,0.4798057
0.3127480,0.4809017
0.3128300,0.4799282
0.3129120,0.5363241
0.3129940,0.5373880
0.3130760,0.4155893
0.3131580,0.4808529
0.3132400,0.4812053
0.3133220,0.2438571
0.3134040,0.3414854
0.3134860,0.3417894
0.3135680,0.4178586
0.3136500,0.4808956
0.3137320,0.4169822
0.3138140,0.4169806
0.3138960,0.4172093
0.3139780,0.4161828
0.3140600,0.5862270
0.3141420,0.5868018
0.3142240,0.5351498
0.3143060,0.4793353
0.3143880,0.4798923
0.3144700,0.5362001
0.3145520,0.4798388
0.3146340,0.5374360
0.3147160,0.3411428
0.3147980,0.3415374
0.3148800,0.3415624
0.3149620,0.3413985
0.3150440,0.5366504
0.3151260,0.5370967
0.3152080,0.4805931
0.3152900,0.4810020
0.3153720,0.5880835
0.3154540,0.4805634
0.3155360,0.6344733
0.3156180,0.5880317
0.3157000,0.5882499
0.3157820,0.5885035
0.3158640,0.4815308
0.3159460,0.4808708
0.3160280,0.4161764
0.3161100,0.4804518
0.3161920,0.4810768
0.3162740,0.5373055
0.3163560,0.4805746
0.3164380,0.4802438
0.3165200,0.4164778
0.3166020,0.4168178
0.3166840,0.4165152
0.3167660,0.4804980
0.3168480,0.4805589
0.3169300,0.4809593
0.3170120,0.3413640
0.3170940,0.3408481
0.3171760,0.3410136
0.3172580,0.3418880
0.3173400,0.4796537
0.3174220,0.5871615
0.3175040,0.5867787
0.3175860,0.5874402
0.3176680,0.4808876
0.3177500,0.4811926
0.3178320,0.3417897
0.3179140,0.2440925
0.3179960,0.2438491
0.3180780,0.3415368
0.3181600,0.5362205
0.3182420,0.4799230
0.3183240,0.4166208
0.3184060,0.5361869
0.3184880,0.5363352
0.3185700,0.5362514
0.3186520,0.5367640
0.3187340,0.4811127
0.3188160,0.2424640
0.3188980,0.2430319
0.3189800,0.2431651
0.3190620,0.4802216
0.3191440,0.6768083
0.3192260,0.6336424
0.3193080,0.4164718
0.3193900,0.4187128
0.3194720,0.2445220
0.3195540,0.4813128
0.3196360,0.4796438
0.3197180,0.4791902
0.3198000,0.4792281
0.3198820,0.4794612
0.3199640,0.5358329
0.3200460,0.5369638
0.3201280,0.4809256
0.3202100,0.5363292
0.3202920,0.5378291
0.3203740,0.4178586
0.3204560,0.4172532
0.3205380,0.4809358
0.3206200,0.4168735
0.3207020,0.4168516
0.3207840,0.4167116
0.3208660,0.4165402
0.3209480,0.5364725
0.3210300,0.4802872
0.3211120,0.4176980
0.3211940,0.4176852
0.3212760,0.3421774
0.3213580,0.4815776
0.3214400,0.4164942
0.3215220,0.4162151
0.3216040,0.5870657
0.3216860,0.5871252
0.3217680,0.4805018
0.3218500,0.4808011
0.3219320,0.4812030
0.3220140,0.4805854
0.3220960,0.4809232
0.3221780,0.4803779
0.3222600,0.5359844
0.3223420,0.4169709
0.3224240,0.5370210
0.3225060,0.4806263
0.3225880,0.4803757
0.3226700,0.4799859
0.3227520,0.4799117
0.3228340,0.4797168
0.3229160,0.4796882
0.3229980,0.4801120
0.3230800,0.4815457
0.3231620,0.2450733
0.3232440,0.3424591
0.3233260,0.3406235
0.3234080,0.4165475
0.3234900,0.4162768
0.3235720,0.4808519
0.3236540,0.4169132
0.3237360,0.5370254
0.3238180,0.3412123
0.3239000,0.3410417
0.3239820,0.3411936
0.3240640,0.4162751
0.3241460,0.3411414
0.3242280,0.4814017
0.3243100,0.4160402
0.3243920,0.4169390
0.3244740,0.4173051
0.3245560,0.3415374
0.3246380,0.4805197
0.3247200,0.4792941
0.3248020,0.5360591
0.3248840,0.5354381
0.3249660,0.5867120
0.3250480,0.5360839
0.3251300,0.3405318
0.3252120,0.3413919
0.3252940,0.3416993
0.3253760,0.4181337
0.3254580,0.4162753
0.3255400,0.3399431
0.3256220,0.4802535
0.3257040,0.4812183
0.3257860,0.4823041
0.3258680,0.3417659
0.3259500,0.4812122
0.3260320,0.5358203
0.3261140,0.4797534
0.3261960,0.4803983
0.3262780,0.4165636
0.3263600,0.4807849
0.3264420,0.4810222
0.3265240,0.5370140
0.3266060,0.3421586
0.3266880,0.3424582
0.3267700,0.2440404
0.3268520,0.4807247
0.3269340,0.4169995
0.3270160,0.4169880
0.3270980,0.4169270
0.3271800,0.5374771
0.3272620,0.5363325
0.3273440,0.4806128
0.3274260,0.3419191
0.3275080,0.4801863
0.3275900,0.4804973
0.3276720,0.4811270
0.3277540,0.3415791
0.3278360,0.4810888
0.3279180,0.5369721
0.3280000,0.4813390
0.3280820,0.4813016
0.3281640,0.5370642
0.3282460,0.4173084
0.3283280,0.4170149
0.3284100,0.4164204
0.3284920,0.4157221
0.3285740,0.4793462
0.3286560,0.4151788
0.3287380,0.4799082
0.3288200,0.4164949
0.3289020,0.4175366
0.3289840,0.4183609
0.3290660,0.2422024
0.3291480,0.4173979
0.3292300,0.4167799
0.3293120,0.4795227
0.3293940,0.4798252
0.3294760,0.4804883
0.3295580,0.3406343
0.3296400,0.4170776
0.3297220,0.4807601
0.3298040,0.5364218
0.3298860,0.5375923
0.3299680,0.3414271
0.3300500,0.3418934
0.3301320,0.2429828
0.3302140,0.2432861
0.3302960,0.2425852
0.3303780,0.4160311
0.3304600,0.5355139
0.3305420,0.5871377
0.3306240,0.4810796
0.3307060,0.5366411
0.3307880,0.5371844
0.3308700,0.4174609
0.3309520,0.5365398
0.3310340,0.4165855
0.3311160,0.4159967
0.3311980,0.4167445
0.3312800,0.2432489
0.3313620,0.3412724
0.3314440,0.5357749
0.3315260,0.5364675
0.3316080,0.3409060
0.3316900,0.3410614
0.3317720,0.3431712
0.3318540,0.4812122
0.3319360,0.5374419
0.3320180,0.4164864
0.3321000,0.4790605
0.3321820,0.4796378
0.3322640,0.4808440
0.3323460,0.4173558
0.3324280,0.2436800
0.3325100,0.4809629
0.3325920,0.4815235
0.3326740,0.3409019
0.3327560,0.4174496
0.3328380,0.4812688
0.3329200,0.4171439
0.3330020,0.4805805
0.3330840,0.4805467
0.3331660,0.4160823
0.3332480,0.4796645
0.3333300,0.5357884
0.3334120,0.5361602
0.3334940,0.5365766
0.3335760,0.5380785
0.3336580,0.2441676
0.3337400,0.4170856
0.3338220,0.3413205
0.3339040,0.4812834
0.3339860,0.4815791
0.3340680,0.3415413
0.3341500,0.4814249
0.3342320,0.2436860
0.3343140,0.4173062
0.3343960,0.4178616
0.3344780,0.4173137
0.3345600,0.3409728
0.3346420,0.4168836
0.3347240,0.3407543
0.3348060,0.4163499
0.3348880,0.4163990
0.3349700,0.5360187
0.3350520,0.5366114
0.3351340,0.5872018
0.3352160,0.4813515
0.3352980,0.4815873
0.3353800,0.3413909
0.3354620,0.3421026
0.3355440,0.4173061
0.3356260,0.4808503
0.3357080,0.4173204
0.3357900,0.4175560
0.3358720,0.4167797
0.3359540,0.4812310
0.3360360,0.4800503
0.3361180,0.4161923
0.3362000,0.4161017
0.3362820,0.4168388
0.3363640,0.4809026
0.3364460,0.4170430
0.3365280,0.4170857
0.3366100,0.4811448
0.3366920,0.4814037
0.3367740,0.4176654
0.3368560,0.3412360
0.3369380,0.4806476
0.3370200,0.4168880
0.3371020,0.4800900
0.3371840,0.4809106
0.3372660,0.4168962
0.3373480,0.3402083
0.3374300,0.4176635
0.3375120,0.4805724
0.3375940,0.4803952
0.3376760,0.4808923
0.3377580,0.4179307
0.3378400,0.2437661
0.3379220,0.4169875
0.3380040,0.3410939
0.3380860,0.3410807
0.3381680,0.3406594
0.3382500,0.5374733
0.3383320,0.4803764
0.3384140,0.4803403
0.3384960,0.4804737
0.3385780,0.4814922
0.3386600,0.4186762
0.3387420,0.2439609
0.3388240,0.3419589
0.3389060,0.4794210
0.3389880,0.4789236
0.3390700,0.4797161
0.3391520,0.4168623
0.3392340,0.4800274
0.3393160,0.5875163
0.3393980,0.5886548
0.3394800,0.3428601
0.3395620,0.3418550
0.3396440,0.4172366
0.3397260,0.3410068
0.3398080,0.3409053
0.3398900,0.3413678
0.3399720,0.4805617
0.3400540,0.4802571
0.3401360,0.3410813
0.3402180,0.2436575
0.3403000,0.3421791
0.3403820,0.3424884
0.3404640,0.3422838
0.3405460,0.3423549
0.3406280,0.3416341
0.3407100,0.3423714
0.3407920,0.3418378
0.3408740,0.4803544
0.3409560,0.4163429
0.3410380,0.5360059
0.3411200,0.4164117
0.3412020,0.3410749
0.3412840,0.3420497
0.3413660,0.3419974
0.3414480,0.3412079
0.3415300,0.4168411
0.3416120,0.4169414
0.3416940,0.4169667
0.3417760,0.4175079
0.3418580,0.3419221
0.3419400,0.5368547
0.3420220,0.4807407
0.3421040,0.4805453
0.3421860,0.4806130
0.3422680,0.4167438
0.3423500,0.4803875
0.3424320,0.4171723
0.3425140,0.4173199
0.3425960,0.4178379
0.3426780,0.3425332
0.3427600,0.2448364
0.3428420,0.2439580
0.3429240,0.4176637
0.3430060,0.4168740
0.3430880,0.4170722
0.3431700,0.5366211
0.3432520,0.4175989
0.3433340,0.3419648
0.3434160,0.4168462
0.3434980,0.4161006
0.3435800,0.4159269
0.3436620,0.4797138
0.3437440,0.4809371
0.3438260,0.4167684
0.3439080,0.3412357
0.3439900,0.3423425
0.3440720,0.4821839
0.3441540,0.2427049
0.3442360,0.3406858
0.3443180,0.4171468
0.3444000,0.3423699
0.3444820,0.3424173
0.3445640,0.4170935
0.3446460,0.4166675
0.3447280,0.4157286
0.3448100,0.3407983
0.3448920,0.3417990
0.3449740,0.4812317
0.3450560,0.4173944
0.3451380,0.4175235
0.3452200,0.4805306
0.3453020,0.3413813
0.3453840,0.3418922
0.3454660,0.4811326
0.3455480,0.3419821
0.3456300,0.4177179
0.3457120,0.4802787
0.3457940,0.4792767
0.3458760,0.5363334
0.3459580,0.4806293
0.3460400,0.4174823
0.3461220,0.3425162
0.3462040,0.4181700
0.3462860,0.4183456
0.3463680,0.2448539
0.3464500,0.3425673
0.3465320,0.4177739
0.3466140,0.2442450
0.3466960,0.2448772
0.3467780,0.4174843
0.3468600,0.4175477
0.3469420,0.5861394
0.3470240,0.5358800
0.3471060,0.5359939
0.3471880,0.5370780
0.3472700,0.3412402
0.3473520,0.3411275
0.3474340,0.4175251
0.3475160,0.3422397
0.3475980,0.3426289
0.3476800,0.3428170
0.3477620,0.3410095
0.3478440,0.4791908
0.3479260,0.4802130
0.3480080,0.4169463
0.3480900,0.4177644
0.3481720,0.3419475
0.3482540,0.3428692
0.3483360,0.3427729
0.3484180,0.4181549
0.3485000,0.2443049
0.3485820,0.2446103
0.3486640,0.4803204
0.3487460,0.5364324
0.3488280,0.5364084
0.3489100,0.4802553
0.3489920,0.4806928
0.3490740,0.4811155
0.3491560,0.4174425
0.3492380,0.4807836
0.3493200,0.3425210
0.3494020,0.3428885
0.3494840,0.3425510
0.3495660,0.4169327
0.3496480,0.4161541
0.3497300,0.5865585
0.3498120,0.4802939
0.3498940,0.4813354
0.3499760,0.4811572
0.3500580,0.3426795
0.3501400,0.2435951
0.3502220,0.2427913
0.3503040,0.3403056
0.3503860,0.3401520
0.3504680,0.4794502
0.3505500,0.4809121
0.3506320,0.4818812
0.3507140,0.2448522
0.3507960,0.2446536
0.3508780,0.4181930
0.3509600,0.4170287
0.3510420,0.4171764
0.3511240,0.4806256
0.3512060,0.4167380
0.3512880,0.4169302
0.3513700,0.5366288
0.3514520,0.4811456
0.3515340,0.4809161
0.3516160,0.4178857
0.3516980,0.4181182
0.3517800,0.4810833
0.3518620,0.4170965
0.3519440,0.4809569
0.3520260,0.4809706
0.3521080,0.2425388
0.3521900,0.2426606
0.3522720,0.4171252
0.3523540,0.5870643
0.3524360,0.5871746
0.3525180,0.4809473
0.3526000,0.4169083
0.3526820,0.4171774
0.3527640,0.4169484
0.3528460,0.4169636
0.3529280,0.4160876
0.3530100,0.4803607
0.3530920,0.4812532
0.3531740,0.4179071
0.3532560,0.3431495
0.3533380,0.3417228
0.3534200,0.4809966
0.3535020,0.5366774
0.3535840,0.5371024
0.3536660,0.5370438
0.3537480,0.5372571
0.3538300,0.4812905
0.3539120,0.4181705
0.3539940,0.4179305
0.3540760,0.4178859
0.3541580,0.4806697
0.3542400,0.4168819
0.3543220,0.5362697
0.3544040,0.5370808
0.3544860,0.5375802
0.3545680,0.4178723
0.3546500,0.4816360
0.3547320,0.4807708
0.3548140,0.4158997
0.3548960,0.4163062
0.3549780,0.3408356
0.3550600,0.4804601
0.3551420,0.4799731
0.3552240,0.4801992
0.3553060,0.3417005
0.3553880,0.3419235
0.3554700,0.3424049
0.3555520,0.3420604
0.3556340,0.3418434
0.3557160,0.3415627
0.3557980,0.3420256
0.3558800,0.3420076
0.3559620,0.4172121
0.3560440,0.4171803
0.3561260,0.4809517
0.3562080,0.4161751
0.3562900,0.4164621
0.3563720,0.5368759
0.3564540,0.4801633
0.3565360,0.3403151
0.3566180,0.4168404
0.3567000,0.4171007
0.3567820,0.4176327
0.3568640,0.2437247
0.3569460,0.2446615
0.3570280,0.5374714
0.3571100,0.5365038
0.3571920,0.5365503
0.3572740,0.4801764
0.3573560,0.5366213
0.3574380,0.4807283
0.3575200,0.4179261
0.3576020,0.4174291
0.3576840,0.4176984
0.3577660,0.4169756
0.3578480,0.4171841
0.3579300,0.4164759
0.3580120,0.4171930
0.3580940,0.4163954
0.3581760,0.4801334
0.3582580,0.4800306
0.3583400,0.4799060
0.3584220,0.3401007
0.3585040,0.3409349
0.3585860,0.3412262
0.3586680,0.3422277
0.3587500,0.0476960
0.3588320,0.0476255
0.3589140,0.3420224
0.3589960,0.3412725
0.3590780,0.4169459
0.3591600,0.4159510
0.3592420,0.4165113
0.3593240,0.4170580
0.3594060,0.3412644
0.3594880,0.3416372
0.3595700,0.3408599
0.3596520,0.4807916
0.3597340,0.5366951
0.3598160,0.4172584
0.3598980,0.4178291
0.3599800,0.3413189
0.3600620,0.4813822
0.3601440,0.5373014
0.3602260,0.4811039
0.3603080,0.4174754
0.3603900,0.4176828
0.3604720,0.4174862
0.3605540,0.4813270
0.3606360,0.4168975
0.3607180,0.5366594
0.3608000,0.4800718
0.3608820,0.4803578
0.3609640,0.4174965
0.3610460,0.3416767
0.3611280,0.3421407
0.3612100,0.4176415
0.3612920,0.4181835
0.3613740,0.3425371
0.3614560,0.3421208
0.3615380,0.4175122
0.3616200,0.4155661
0.3617020,0.4796852
0.3617840,0.4800832
0.3618660,0.4798850
0.3619480,0.5360614
0.3620300,0.3412025
0.3621120,0.2441691
0.3621940,0.2452517
0.3622760,0.2435683
0.3623580,0.2443633
0.3624400,0.5380712
0.3625220,0.4173413
0.3626040,0.4806822
0.3626860,0.4813513
0.3627680,0.3411642
0.3628500,0.4794240
0.3629320,0.6340986
0.3630140,0.5367157
0.3630960,0.5382231
0.3631780,0.3420730
0.3632600,0.3426587
0.3633420,0.3417981
0.3634240,0.5872185
0.3635060,0.4803928
0.3635880,0.4806776
0.3636700,0.4800782
0.3637520,0.4810862
0.3638340,0.4804247
0.3639160,0.5366012
0.3639980,0.5377697
0.3640800,0.3410975
0.3641620,0.3418455
0.3642440,0.4158776
0.3643260,0.5359317
0.3644080,0.4805227
0.3644900,0.4805311
0.3645720,0.4169546
0.3646540,0.4174757
0.3647360,0.3428775
0.3648180,0.4168153
0.3649000,0.4799433
0.3649820,0.4806577
0.3650640,0.4802959
0.3651460,0.4810533
0.3652280,0.4163255
0.3653100,0.5356108
0.3653920,0.5361265
0.3654740,0.4801498
0.3655560,0.4167901
0.3656380,0.5372632
0.3657200,0.3423597
0.3658020,0.2449293
0.3658840,0.2447187
0.3659660,0.3429770
0.3660480,0.4806885
0.3661300,0.4161539
0.3662120,0.4808918
0.3662940,0.4806719
0.3663760,0.4807223
0.3664580,0.4166901
0.3665400,0.5871747
0.3666220,0.4802479
0.3667040,0.4168515
0.3667860,0.4175734
0.3668680,0.4800869
0.3669500,0.4162792
0.3670320,0.4169323
0.3671140,0.4804376
0.3671960,0.4808846
0.3672780,0.4172396
0.3673600,0.4801440
0.3674420,0.4806695
0.3675240,0.5367539
0.3676060,0.4813284
0.3676880,0.4815473
0.3677700,0.3420560
0.3678520,0.4175902
0.3679340,0.4809435
0.3680160,0.5370190
0.3680980,0.5362182
0.3681800,0.5372840
0.3682620,0.3423274
0.3683440,0.4182724
0.3684260,0.4178413
0.3685080,0.4175107
0.3685900,0.4174804
0.3686720,0.4174893
0.3687540,0.4180580
0.3688360,0.4171755
0.3689180,0.4161260
0.3690000,0.3404455
0.3690820,0.3405477
0.3691640,0.3416816
0.3692460,0.4801737
0.3693280,0.4176246
0.3694100,0.4811325
0.3694920,0.4812161
0.3695740,0.5883835
0.3696560,0.5369296
0.3697380,0.3427662
0.3698200,0.3425612
0.3699020,0.4178719
0.3699840,0.4177793
0.3700660,0.4181308
0.3701480,0.4810875
0.3702300,0.4173681
0.3703120,0.4171111
0.3703940,0.4169448
0.3704760,0.5370640
0.3705580,0.5872290
0.3706400,0.4799475
0.3707220,0.4800624
0.3708040,0.4159196
0.3708860,0.4169052
0.3709680,0.4172272
0.3710500,0.4817415
0.3711320,0.4175029
0.3712140,0.4161112
0.3712960,0.4167107
0.3713780,0.5375489
0.3714600,0.4789268
0.3715420,0.4786947
0.3716240,0.4148707
0.3717060,0.4153644
0.3717880,0.4160718
0.3718700,0.3392748
0.3719520,0.4781264
0.3720340,0.6315318
0.3721160,0.5334942
0.3721980,0.5335406
0.3722800,0.4764166
0.3723620,0.4769826
0.3724440,0.4758810
0.3725260,0.4789155
0.3726080,0.4156790
0.3726900,0.4168423
0.3727720,0.4166583
0.3728540,0.4167980
0.3729360,0.4166807
0.3730180,0.4165587
0.3731000,0.4804774
0.3731820,0.4804284
0.3732640,0.5875292
0.3733460,0.4167641
0.3734280,0.4809983
0.3735100,0.4173356
0.3735920,0.4175291
0.3736740,0.4808412
0.3737560,0.4803775
0.3738380,0.5363721
0.3739200,0.4163154
0.3740020,0.4801218
0.3740840,0.4812656
0.3741660,0.4180476
0.3742480,0.4812322
0.3743300,0.3413772
0.3744120,0.3412457
0.3744940,0.3413923
0.3745760,0.3410980
0.3746580,0.4168623
0.3747400,0.4809162
0.3748220,0.4174799
0.3749040,0.4173440
0.3749860,0.4177552
0.3750680,0.2437448
0.3751500,0.4807018
0.3752320,0.5360792
0.3753140,0.5359383
0.3753960,0.5369300
0.3754780,0.5370212
0.3755600,0.4181684
0.3756420,0.3416681
0.3757240,0.4169033
0.3758060,0.4799606
0.3758880,0.4805731
0.3759700,0.4800749
0.3760520,0.5361604
0.3761340,0.5369134
0.3762160,0.5367899
0.3762980,0.5372036
0.3763800,0.4180603
0.3764620,0.4164020
0.3765440,0.5371975
0.3766260,0.4813031
0.3767080,0.3420350
0.3767900,0.3407393
0.3768720,0.3403508
0.3769540,0.4163711
0.3770360,0.5361873
0.3771180,0.5877760
0.3772000,0.4173390
0.3772820,0.4180590
0.3773640,0.4173341
0.3774460,0.4809680
0.3775280,0.4805599
0.3776100,0.4170653
0.3776920,0.4178118
0.3777740,0.4177966
0.3778560,0.4809842
0.3779380,0.4176190
0.3780200,0.3417225
0.3781020,0.5374466
0.3781840,0.5376555
0.3782660,0.4182445
0.3783480,0.2430628
0.3784300,0.4173206
0.3785120,0.5373026
0.3785940,0.5374753
0.3786760,0.4184329
0.3787580,0.4180157
0.3788400,0.4177414
0.3789220,0.5372559
0.3790040,0.5874693
0.3790860,0.5880690
0.3791680,0.4803042
0.3792500,0.3403633
0.3793320,0.3412738
0.3794140,0.4170256
0.3794960,0.4179933
0.3795780,0.4188244
0.3796600,0.4181415
0.3797420,0.3428355
0.3798240,0.4175986
0.3799060,0.3426853
0.3799880,0.3431563
0.3800700,0.3415150
0.3801520,0.5364482
0.3802340,0.5371263
0.3803160,0.3418927
0.3803980,0.3417850
0.3804800,0.3419244
0.3805620,0.4812431
0.3806440,0.4173455
0.3807260,0.4177433
0.3808080,0.4176032
0.3808900,0.4179139
0.3809720,0.4179561
0.3810540,0.4817633
0.3811360,0.4175403
0.3812180,0.4810382
0.3813000,0.4810323
0.3813820,0.4802245
0.3814640,0.4163321
0.3815460,0.4164600
0.3816280,0.4800568
0.3817100,0.4177847
0.3817920,0.4181081
0.3818740,0.4175592
0.3819560,0.4818232
0.3820380,0.4805328
0.3821200,0.5360830
0.3822020,0.4797909
0.3822840,0.4807588
0.3823660,0.4166540
0.3824480,0.4169179
0.3825300,0.3411850
0.3826120,0.3416372
0.3826940,0.3425696
0.3827760,0.3423873
0.3828580,0.4803345
0.3829400,0.4801951
0.3830220,0.5367308
0.3831040,0.4803489
0.3831860,0.4810421
0.3832680,0.4164578
0.3833500,0.4166662
0.3834320,0.4798831
0.3835140,0.4801057
0.3835960,0.4810150
0.3836780,0.4822343
0.3837600,0.2447881
0.3838420,0.3422128
0.3839240,0.5373159
0.3840060,0.4795026
0.3840880,0.4798925
0.3841700,0.5361065
0.3842520,0.4804517
0.3843340,0.5868004
0.3844160,0.4806873
0.3844980,0.4809451
0.3845800,0.4803619
0.3846620,0.4797568
0.3847440,0.5372488
0.3848260,0.4818593
0.3849080,0.2440771
0.3849900,0.2440398
0.3850720,0.3422035
0.3851540,0.4811730
0.3852360,0.4178361
0.3853180,0.3421766
0.3854000,0.4808095
0.3854820,0.4807872
0.3855640,0.4809894
0.3856460,0.4815117
0.3857280,0.4800256
0.3858100,0.5358827
0.3858920,0.5365232
0.3859740,0.4810816
0.3860560,0.3428029
0.3861380,0.2448822
0.3862200,0.2446992
0.3863020,0.4807876
0.3863840,0.4811531
0.3864660,0.5373361
0.3865480,0.4813813
0.3866300,0.4171799
0.3867120,0.4169498
0.3867940,0.4179847
0.3868760,0.3425066
0.3869580,0.4169480
0.3870400,0.4173999
0.3871220,0.4169999
0.3872040,0.4172277
0.3872860,0.4171404
0.3873680,0.4797577
0.3874500,0.5865487
0.3875320,0.4800964
0.3876140,0.5364134
0.3876960,0.5370813
0.3877780,0.5371742
0.3878600,0.4810019
0.3879420,0.4805716
0.3880240,0.4810676
0.3881060,0.4178397
0.3881880,0.4185571
0.3882700,0.4179155
0.3883520,0.4804741
0.3884340,0.4176470
0.3885160,0.4811234
0.3885980,0.4817718
0.3886800,0.3418353
0.3887620,0.4805265
0.3888440,0.4803309
0.3889260,0.4808554
0.3890080,0.3418572
0.3890900,0.3423889
0.3891720,0.4172400
0.3892540,0.3413590
0.3893360,0.3409339
0.3894180,0.4168442
0.3895000,0.5367889
0.3895820,0.5367688
0.3896640,0.5372496
0.3897460,0.4177111
0.3898280,0.4178691
0.3899100,0.2445392
0.3899920,0.2445241
0.3900740,0.0497653
0.3901560,0.4809100
0.3902380,0.4807088
0.3903200,0.4156171
0.3904020,0.4801629
0.3904840,0.4807870
0.3905660,0.3413038
0.3906480,0.3408793
0.3907300,0.3416896
0.3908120,0.3419841
0.3908940,0.3426251
0.3909760,0.4169374
0.3910580,0.4174678
0.3911400,0.4183145
0.3912220,0.3420113
0.3913040,0.3416088
0.3913860,0.3413733
0.3914680,0.4175293
0.3915500,0.4806225
0.3916320,0.4806488
0.3917140,0.4813714
0.3917960,0.4816727
0.3918780,0.3422263
0.3919600,0.3426033
0.3920420,0.4170129
0.3921240,0.4155279
0.3922060,0.4798733
0.3922880,0.4804398
0.3923700,0.4167050
0.3924520,0.5381300
0.3925340,0.4811164
0.3926160,0.4807436
0.3926980,0.4814811
0.3927800,0.4182256
0.3928620,0.3419536
0.3929440,0.5369762
0.3930260,0.5371830
0.3931080,0.3416523
0.3931900,0.3416600
0.3932720,0.3422245
0.3933540,0.3421873
0.3934360,0.5374673
0.3935180,0.4794675
0.3936000,0.4812586
0.3936820,0.4813184
0.3937640,0.5364256
0.3938460,0.5360751
0.3939280,0.5865816
0.3940100,0.4800063
0.3940920,0.4807875
0.3941740,0.3418934
0.3942560,0.3416164
0.3943380,0.4173071
0.3944200,0.5369371
0.3945020,0.4805815
0.3945840,0.4817584
0.3946660,0.4810418
0.3947480,0.4173337
0.3948300,0.5377984
0.3949120,0.4809039
0.3949940,0.4805615
0.3950760,0.5361047
0.3951580,0.5360460
0.3952400,0.4799855
0.3953220,0.4806569
0.3954040,0.4178351
0.3954860,0.4177998
0.3955680,0.4821098
0.3956500,0.4172007
0.3957320,0.4171588
0.3958140,0.4156190
0.3958960,0.4151349
0.3959780,0.4799803
0.3960600,0.5877161
0.3961420,0.4167235
0.3962240,0.5377281
0.3963060,0.4808079
0.3963880,0.4807955
0.3964700,0.5877878
0.3965520,0.3412249
0.3966340,0.4802836
0.3967160,0.4171378
0.3967980,0.4169408
0.3968800,0.4174733
0.3969620,0.4174192
0.3970440,0.4181922
0.3971260,0.5377904
0.3972080,0.4175778
0.3972900,0.4175243
0.3973720,0.5373107
0.3974540,0.4165848
0.3975360,0.4806026
0.3976180,0.4170023
0.3977000,0.4173045
0.3977820,0.4178462
0.3978640,0.3431352
0.3979460,0.4178499
0.3980280,0.4806505
0.3981100,0.5870949
0.3981920,0.5877404
0.3982740,0.5374818
0.3983560,0.4164756
0.3984380,0.4165710
0.3985200,0.4172982
0.3986020,0.3410631
0.3986840,0.3416196
0.3987660,0.4182485
0.3988480,0.2449822
0.3989300,0.3413305
0.3990120,0.4805576
0.3990940,0.4804650
0.3991760,0.5867528
0.3992580,0.5358350
0.3993400,0.4165168
0.3994220,0.5368164
0.3995040,0.4176277
0.3995860,0.4170829
0.3996680,0.4169707
0.3997500,0.3413836
0.3998320,0.3413985
0.3999140,0.4169192
0.3999960,0.4167940
0.4000780,0.4808839
0.4001600,0.4174039
0.4002420,0.4170653
0.4003240,0.4808520
0.4004060,0.4169379
0.4004880,0.4170664
0.4005700,0.4178583
0.4006520,0.4169123
0.4007340,0.4172435
0.4008160,0.4164743
0.4008980,0.4165499
0.4009800,0.4166124
0.4010620,0.5866983
0.4011440,0.5868801
0.4012260,0.5367325
0.4013080,0.4162654
0.4013900,0.4164052
0.4014720,0.4167269
0.4015540,0.3403213
0.4016360,0.4169874
0.4017180,0.5368892
0.4018000,0.3422820
0.4018820,0.3424029
0.4019640,0.2444367
0.4020460,0.2436278
0.4021280,0.4175692
0.4022100,0.4801684
0.4022920,0.4805146
0.4023740,0.4812057
0.4024560,0.5373703
0.4025380,0.5371659
0.4026200,0.5370063
0.4027020,0.4169203
0.4027840,0.4164316
0.4028660,0.4803366
0.4029480,0.4807379
0.4030300,0.4805991
0.4031120,0.4810293
0.4031940,0.4817623
0.4032760,0.3418448
0.4033580,0.3417601
0.4034400,0.5365191
0.4035220,0.4809129
0.4036040,0.4176170
0.4036860,0.4180675
0.4037680,0.3426849
0.4038500,0.2439311
0.4039320,0.3425646
0.4040140,0.3409838
0.4040960,0.3407213
0.4041780,0.4802661
0.4042600,0.4808106
0.4043420,0.4165413
0.4044240,0.4176686
0.4045060,0.3421214
0.4045880,0.3420093
0.4046700,0.3420987
0.4047520,0.4809723
0.4048340,0.4807874
0.4049160,0.4808411
0.4049980,0.4808960
0.4050800,0.4175466
0.4051620,0.4180292
0.4052440,0.4180074
0.4053260,0.2442277
0.4054080,0.2443000
0.4054900,0.2443965
0.4055720,0.3423740
0.4056540,0.2449129
0.4057360,0.4810188
0.4058180,0.4803944
0.4059000,0.4801568
0.4059820,0.4804490
0.4060640,0.4164358
0.4061460,0.4169026
0.4062280,0.4174082
0.4063100,0.4178948
0.4063920,0.4177287
0.4064740,0.3408354
0.4065560,0.3405754
0.4066380,0.4796843
0.4067200,0.4153932
0.4068020,0.4162173
0.4068840,0.4165413
0.4069660,0.4181172
0.4070480,0.3415093
0.4071300,0.4806388
0.4072120,0.4803625
0.4072940,0.4806034
0.4073760,0.4802559
0.4074580,0.5360941
0.4075400,0.4176122
0.4076220,0.4812737
0.4077040,0.2445696
0.4077860,0.2446737
0.4078680,0.3419118
0.4079500,0.3412566
0.4080320,0.4167031
0.4081140,0.3398380
0.4081960,0.3410136
0.4082780,0.4170991
0.4083600,0.4176418
0.4084420,0.3421045
0.4085240,0.3418077
0.4086060,0.2436924
0.4086880,0.2441476
0.4087700,0.3404956
0.4088520,0.5867640
0.4089340,0.5863308
0.4090160,0.5363871
0.4090980,0.5373931
0.4091800,0.4171128
0.4092620,0.4798079
0.4093440,0.5365809
0.4094260,0.4807091
0.4095080,0.4166919
0.4095900,0.4168172
0.4096720,0.4171778
0.4097540,0.4169495
0.4098360,0.3409198
0.4099180,0.4807024
0.4100000,0.3418561
