   9   72
1 1
     0.311022990000000    -0.272190740000000     0.159652735000000
    -0.272314477126886     0.698423966373506    -0.470129248765038
     0.159639490000000    -0.470001485000000     0.513055485000000
1 2
    -0.004122010000000     0.000641260000000    -0.000186515000000
     0.000644894477468     0.002689467872047    -0.002316903743390
    -0.000188510000000    -0.002314235000000     0.004873485000000
1 3
    -0.005141510000000     0.011566010000000    -0.003054265000000
     0.011568938920402    -0.019304257619894     0.002445802964731
    -0.003054760000000     0.002448265000000     0.002570235000000
1 4
     0.001116990000000    -0.003169740000000     0.001812235000000
    -0.003166483324819    -0.003023701716176    -0.001162347542782
     0.001810740000000    -0.001159735000000     0.004443235000000
1 5
     0.002216490000000    -0.000634240000000    -0.000518765000000
    -0.000629894917330     0.001129756119998     0.001834966379762
    -0.000518510000000     0.001837515000000    -0.006847515000000
1 6
    -0.001872010000000     0.000785010000000    -0.001474515000000
     0.000788077344049    -0.000229182076156     0.001638522950752
    -0.001475760000000     0.001641515000000    -0.004370265000000
1 7
    -0.000578760000000     0.001937760000000    -0.001211015000000
     0.001941767519308    -0.002725500302543     0.003035710602109
    -0.001213260000000     0.003038265000000    -0.004309515000000
1 8
     0.000368740000000    -0.000883740000000     0.000148235000000
    -0.000880609271574    -0.002056062665231     0.002110073782968
     0.000148240000000     0.002113015000000    -0.003403015000000
1 9
    -0.021883010000000     0.002705510000000    -0.035924765000000
     0.019504618371341     0.016959690137254     0.018912121318936
    -0.045023260000000     0.002667265000000    -0.032886515000000
1 10
    -0.004576760000000    -0.001127740000000     0.002118485000000
    -0.000561623247483     0.003328305945012     0.000298204300613
     0.003946740000000     0.000445265000000     0.001848735000000
1 11
     0.000982990000000     0.003634510000000     0.003073235000000
    -0.001001131140308    -0.008088073940236    -0.007888189503506
     0.000657740000000     0.001722015000000     0.004094985000000
1 12
    -0.000769010000000    -0.000497490000000    -0.000131265000000
    -0.004842819831193    -0.010172597086739    -0.001790215960350
     0.002564990000000     0.005651515000000     0.001388235000000
1 13
     0.001212740000000     0.001210510000000     0.002163485000000
     0.000420160884789     0.006537651753551     0.004203112846102
    -0.000123510000000    -0.005503485000000    -0.007416515000000
1 14
    -0.003979760000000    -0.002765740000000    -0.003466765000000
     0.003560368999169     0.003542502894997     0.003446350981224
    -0.006047260000000    -0.004687735000000    -0.005926515000000
1 15
     0.000515490000000     0.001917010000000     0.000115485000000
     0.000450327436406    -0.003199649211092     0.001307701246399
    -0.000234010000000     0.002237765000000    -0.002028015000000
1 16
    -0.000023260000000    -0.000674240000000    -0.000486015000000
    -0.001404554640810    -0.002886003677171    -0.001544409083226
     0.000337490000000     0.000603515000000    -0.001111515000000
1 17
     0.004497740000000    -0.003106740000000    -0.004704515000000
    -0.002319077467511     0.003246610882077     0.002856154668665
     0.002561740000000    -0.003973235000000    -0.007415765000000
1 18
    -0.003300010000000     0.000284510000000     0.002055485000000
     0.001747922166644     0.000608264489305    -0.000918272716511
     0.001077990000000    -0.000754235000000    -0.002028515000000
1 19
    -0.001273010000000     0.001395010000000     0.000354985000000
     0.002122333816042    -0.001642246859982    -0.000594956565649
    -0.001091510000000     0.001194015000000    -0.001110765000000
1 20
     0.001314490000000    -0.000290490000000    -0.001035265000000
    -0.006619615284705    -0.001758582939090     0.007579024207716
     0.004720740000000     0.001278515000000    -0.005926015000000
1 21
    -0.002372260000000    -0.013969490000000     0.024822485000000
    -0.030773496807610    -0.002558213060839     0.037654787439747
     0.034346240000000     0.021655265000000    -0.032885765000000
1 22
    -0.006963760000000     0.000954010000000     0.001163735000000
     0.005586002418759    -0.000148064363351    -0.001432547468701
    -0.008365260000000     0.001283015000000     0.004094735000000
1 23
    -0.005512760000000     0.003235010000000     0.003613985000000
     0.007578438197534    -0.005436304153935    -0.005049213892500
    -0.001482760000000     0.001008515000000     0.001386985000000
1 24
     0.002079990000000    -0.002714740000000    -0.001585765000000
    -0.003285994830609    -0.003335470861560    -0.003641778273448
    -0.000797510000000    -0.001983235000000     0.001848235000000
1 25
     0.003320490000000     0.000491260000000     0.004983735000000
    -0.001310879559893     0.002851991972829    -0.001347965654560
     0.003659240000000    -0.003640485000000    -0.008476015000000
1 26
    -0.006476260000000    -0.002563740000000    -0.004401765000000
     0.003647548890003     0.002627691393491     0.002824544741406
    -0.007583510000000    -0.003722235000000    -0.006454015000000
1 27
    -0.000120510000000     0.001105510000000    -0.000569515000000
     0.007315888162221    -0.003727347357046     0.008429894166861
    -0.004644760000000     0.002401015000000    -0.006453515000000
1 28
     0.000482490000000    -0.000233740000000     0.000386485000000
    -0.002496468337406    -0.001090155664969    -0.000680115730354
     0.000783740000000     0.000004515000000    -0.000738015000000
1 29
    -0.013034760000000     0.012396760000000    -0.037210265000000
     0.017588537164877     0.004281799913506     0.025927215764514
    -0.041060760000000     0.019262515000000    -0.047102265000000
1 30
    -0.004237260000000    -0.000534740000000    -0.000425265000000
    -0.004323637601383     0.001781873249011    -0.000898209794468
     0.005813740000000    -0.000989985000000     0.001623985000000
1 31
     0.002378240000000     0.003284510000000     0.003763985000000
    -0.000505620271905    -0.004833261797797    -0.004538258904301
     0.000567240000000     0.000817265000000     0.001624735000000
1 32
    -0.000869010000000    -0.000744740000000    -0.000830765000000
    -0.002047289827893    -0.002475218960655    -0.001160038141503
     0.000592990000000     0.001298765000000     0.001160235000000
1 33
     0.000537990000000     0.030397260000000    -0.001754015000000
     0.031708648359223    -0.069417827972082     0.004244393390646
    -0.008615510000000     0.020908515000000     0.015875985000000
1 34
    -0.002250760000000     0.000274010000000     0.001342485000000
     0.000330671593333    -0.002605555783997    -0.002843735864119
    -0.001792010000000     0.002587765000000     0.005698485000000
1 35
    -0.025031260000000     0.045160510000000     0.013798235000000
     0.046473659807212    -0.043846551539223    -0.017915320304034
     0.002795990000000    -0.003638485000000     0.015876985000000
1 36
    -0.003767760000000    -0.003838740000000    -0.000124015000000
    -0.003086664649734     0.000225625598731    -0.000731788579405
    -0.000696260000000     0.000260765000000     0.003852985000000
1 37
     0.001628240000000     0.000118510000000    -0.000735265000000
    -0.000685176205558     0.000336332512541     0.001518289757142
     0.002122990000000    -0.002627985000000    -0.005597515000000
1 38
    -0.001093260000000    -0.000447990000000    -0.000434265000000
    -0.000711445642597    -0.000427790568654     0.001886061878577
     0.001415740000000    -0.001314485000000    -0.004529265000000
1 39
     0.000415990000000     0.000817760000000    -0.001215765000000
     0.000015294008598     0.001547469039627     0.003153634394586
     0.000946490000000    -0.001393985000000    -0.005598265000000
1 40
     0.000081990000000    -0.001017490000000    -0.000662515000000
    -0.001404121628116     0.001476310619093     0.002007161097551
     0.001405740000000    -0.001574735000000    -0.003554515000000
1 41
    -0.003418260000000     0.004225010000000     0.003851235000000
     0.007233182736414     0.001997080561479    -0.008344584891340
    -0.000775010000000    -0.004610235000000     0.005129735000000
1 42
    -0.003418010000000    -0.007229240000000     0.000774735000000
    -0.004220724915967     0.001997513575054    -0.004608551299344
    -0.003854010000000    -0.008346985000000     0.005128735000000
1 43
     0.010015490000000    -0.000722990000000     0.000868485000000
     0.000726300864342    -0.057264171791100     0.044057024576336
    -0.000871010000000     0.044053765000000    -0.019633765000000
1 44
    -0.002664760000000    -0.000337990000000     0.000765235000000
     0.000341063898209    -0.002025607438575     0.000703359852102
    -0.000767010000000     0.000701015000000     0.001521235000000
1 45
    -0.001875510000000     0.004432260000000    -0.004712265000000
     0.001605605325186    -0.003654456885818     0.004337202446640
    -0.002856260000000     0.006918765000000    -0.008991765000000
1 46
    -0.001873760000000    -0.001602740000000     0.002854235000000
    -0.004428138000282    -0.003655034235627     0.006920844900572
     0.004710490000000     0.004335765000000    -0.008992515000000
1 47
     0.001458740000000    -0.000287240000000    -0.000409765000000
     0.000291700449881     0.001829793321333    -0.001018298650456
     0.000408990000000    -0.001020735000000    -0.002295265000000
1 48
    -0.001108510000000    -0.000473740000000     0.000207735000000
     0.000477174224046     0.000197624110420     0.000106668348964
    -0.000209510000000     0.000105015000000    -0.001583015000000
1 49
    -0.222512760000000     0.194537760000000    -0.111974265000000
     0.191336038507995    -0.286446392239636     0.131114661309242
    -0.106447260000000     0.127011265000000    -0.134086265000000
1 50
     0.010476240000000     0.001549260000000    -0.000930515000000
     0.001252122621948    -0.002921799394029    -0.000112003065396
    -0.001141510000000    -0.000291985000000    -0.007503765000000
1 51
     0.009262990000000    -0.015863240000000    -0.008119765000000
    -0.029463633385331     0.024631376177757     0.031336410434094
     0.009175740000000    -0.002681735000000    -0.017907515000000
1 52
     0.002543490000000     0.005602010000000    -0.003723015000000
     0.006562157385624     0.007905683216000     0.006842758277169
    -0.000109510000000     0.000936765000000    -0.012325265000000
1 53
    -0.003994260000000     0.000491260000000     0.000369235000000
    -0.000554983719432    -0.005261800034871    -0.004395220374857
     0.000567240000000     0.003210515000000     0.012039735000000
1 54
     0.003221490000000     0.001411510000000     0.003069485000000
    -0.001114580468370    -0.002319767400847    -0.003986889397196
     0.002323490000000     0.001893015000000     0.008185735000000
1 55
    -0.001675760000000    -0.004460240000000     0.002897485000000
    -0.000804687711022     0.004640623107077    -0.004891597268963
    -0.002412760000000    -0.005636485000000     0.009841985000000
1 56
     0.001217990000000     0.002249510000000    -0.000085015000000
     0.003416464444184     0.005450789871770    -0.002936977932480
    -0.002991260000000    -0.004375485000000     0.007254985000000
1 57
     0.004659490000000    -0.000962240000000    -0.011156265000000
    -0.001821545873071    -0.008914983862896     0.006739845592258
    -0.009743510000000     0.005429265000000    -0.000190515000000
1 58
     0.008046990000000     0.022929760000000     0.012924735000000
    -0.003174854904250    -0.021746304921758    -0.003280357006058
     0.014231490000000     0.029808515000000     0.014460985000000
1 59
    -0.000888760000000    -0.002216740000000     0.002720985000000
     0.004189103442053     0.023127090050409    -0.024187509289821
    -0.003106510000000    -0.014640985000000     0.017686235000000
1 60
     0.000416740000000    -0.002751740000000    -0.001974515000000
     0.001870753436125     0.008015812780480     0.003045236881609
     0.000173740000000    -0.002383485000000    -0.001087015000000
1 61
     0.019596740000000    -0.002130990000000     0.008312735000000
    -0.017652345917126     0.000061513784591    -0.008476220753050
     0.031546740000000    -0.001612985000000     0.011671485000000
1 62
     0.007041490000000    -0.003684990000000    -0.008075265000000
     0.016283581217467    -0.012780488252310    -0.016401796571751
    -0.020267760000000     0.010524765000000     0.021835235000000
1 63
    -0.005017010000000     0.001422260000000     0.000319485000000
     0.001332229972976     0.002921274005057     0.007033572540820
    -0.000862010000000     0.001661515000000     0.000036985000000
1 64
     0.002458990000000    -0.002185490000000    -0.001625265000000
    -0.001416245983950     0.005521803955215     0.001782427505352
     0.000267240000000    -0.002886985000000    -0.000046015000000
1 65
    -0.008387760000000    -0.000244490000000     0.000442235000000
     0.003072219346927    -0.001707776115407    -0.002612651418818
    -0.001754760000000     0.002732765000000     0.015176735000000
1 66
     0.005951740000000     0.000289510000000     0.002814735000000
    -0.002649321821584    -0.000005170171682    -0.003378795226180
     0.002632490000000     0.000864765000000     0.009321735000000
1 67
     0.001457990000000    -0.003223740000000     0.002177485000000
    -0.005793427049542     0.000164426470153    -0.006635483756919
     0.003163990000000    -0.001449485000000     0.008641735000000
1 68
    -0.001405260000000     0.001589760000000     0.000124985000000
     0.006708948691860     0.000596573146255    -0.003806467437858
    -0.004402510000000    -0.000302985000000     0.005969235000000
1 69
    -0.060916760000000     0.009371510000000    -0.006602515000000
     0.014713044152957    -0.275405578690718     0.224208783764750
    -0.009406760000000     0.225120765000000    -0.297268515000000
1 70
     0.009239990000000     0.000247510000000    -0.000872265000000
    -0.002374936106414    -0.001012646391371     0.006245056410800
     0.002177240000000    -0.000236735000000    -0.010720265000000
1 71
     0.007556240000000    -0.021960990000000    -0.009689515000000
    -0.013329147100706     0.034150005728365     0.011491293969800
     0.003191740000000    -0.004000485000000    -0.003721265000000
1 72
    -0.000391010000000     0.007084010000000     0.001228235000000
     0.008763882637305     0.005305297603572     0.002377964307778
    -0.000499010000000     0.000083015000000    -0.006698015000000
9 1
    -0.021886006406936     0.019507230069761    -0.045021244994492
     0.002703223262151     0.016955533339373     0.002669508887722
    -0.035927129618347     0.018917083875662    -0.032885765000000
9 2
    -0.004580000047403    -0.000559152216354     0.003946754999356
    -0.001130407046963     0.003324519187882     0.000447576361241
     0.002116286891443     0.000300953579669     0.001848235000000
9 3
     0.000979920174482    -0.000999716529218     0.000658754999503
     0.003632275889541    -0.008091744540553     0.001724097807564
     0.003071506418511    -0.007886035170659     0.004094735000000
9 4
    -0.000773057693092    -0.004841969792667     0.002565754998315
    -0.000498541595133    -0.010176006459235     0.005654409764840
    -0.000132019609598    -0.001788365327805     0.001386985000000
9 5
     0.001209945279359     0.000420868298741    -0.000121244998684
     0.001208530831230     0.006534405602572    -0.005502306837171
     0.002160052443900     0.004205149417594    -0.007415765000000
9 6
    -0.003982478063665     0.003561409347183    -0.006045994998069
    -0.002767715937522     0.003538385125197    -0.004686077892178
    -0.003467596469822     0.003449023265855    -0.005926015000000
9 7
     0.000511264810148     0.000452518372106    -0.000232495000497
     0.001915930538750    -0.003203010322665     0.002239238585575
     0.000114191670056     0.001310684225086    -0.002028515000000
9 8
    -0.000026883095144    -0.001402882111611     0.000337754999811
    -0.000675558295569    -0.002888373764100     0.000604904310737
    -0.000488292322042    -0.001542282888459    -0.001110765000000
9 9
     0.365796046799464     0.303937716063439     0.327317504867199
     0.303813978936553     0.643650909279684     0.373327948612643
     0.327213480701021     0.373252596223674     0.513055485000000
9 10
    -0.004732193968025    -0.000210544613587     0.000100504999478
    -0.000207287938406     0.002825482253140     0.002150615319142
     0.000098989971062     0.002148014339772     0.004443235000000
9 11
     0.001543519627716     0.002626100579546     0.002099754999478
     0.002629735057014    -0.002976061759188     0.000996925143002
     0.002098441299907     0.000993863050627     0.004873485000000
9 12
    -0.005745843967414    -0.011917851296704    -0.000590994999006
    -0.011914922376302    -0.018699923641227    -0.003867972562365
    -0.000592879684093    -0.003869632262574     0.002570235000000
9 13
     0.000854053113854    -0.000156708386538    -0.001329744999496
    -0.000152363303868     0.002492193006544    -0.001366746858207
    -0.001332079669366    -0.001367800331847    -0.006847515000000
9 14
    -0.002213847643444    -0.000610448399484    -0.001901494999522
    -0.000607317671058     0.000526524979266    -0.000926661615298
    -0.001904044668189    -0.000928127893686    -0.003403015000000
9 15
     0.000041277743862     0.000316559850587    -0.000681744999412
     0.000319627194636    -0.002142469820674    -0.002096228923597
    -0.000683713690069    -0.002098803149849    -0.004370265000000
9 16
    -0.000508930532593    -0.001901451457239    -0.002023494999118
    -0.001897443937932    -0.002795329768187    -0.002566625055044
    -0.002024584672582    -0.002569846481021    -0.004309515000000
9 17
     0.016866282789835     0.002867296258067     0.001584005009365
     0.019666404629407    -0.021789602670379    -0.040567819777740
     0.020201710761016    -0.040324919429568    -0.032886515000000
9 18
    -0.010134122301074    -0.000564130275511     0.001616004999595
    -0.004909460106704    -0.000807484781350     0.000781429155159
    -0.006176850559269    -0.000604410997895     0.001388235000000
9 19
     0.000620523712292     0.003562276399441    -0.001317495000218
     0.004128393151958    -0.001868977771849     0.001685559677710
    -0.002358980802127     0.003195344603004     0.001848735000000
9 20
    -0.004680021456862    -0.002268410048619     0.005294754997718
    -0.006904051188927    -0.002425062478025     0.006605594332565
    -0.001820178735490    -0.000291387950436     0.004094985000000
9 21
     0.005912525019010     0.002293261260025    -0.004721744999302
     0.001502912144814     0.001837866731885    -0.000227923451065
     0.004827912818282     0.002644779701240    -0.007416515000000
9 22
    -0.003070462241148    -0.000354748393071     0.001580504999702
    -0.001085063033881     0.000161198565221     0.000351303204584
    -0.000691404321514    -0.000009482586288    -0.001111515000000
9 23
     0.002006021619220    -0.000104476368751    -0.001251244998713
     0.006221632630419    -0.002443278728204    -0.004725482049552
     0.007083327596505    -0.002893213285436    -0.005926515000000
9 24
    -0.001245777227308    -0.001467195544269    -0.001190244999707
    -0.002933878107863    -0.001438381981397    -0.000553837679156
    -0.001820956337209    -0.001321541104333    -0.002028015000000
9 25
    -0.004314347565793     0.003703224182760     0.003603754998806
     0.006711739266793     0.002893851136147     0.002975215840093
     0.009155706054135     0.000835821931108     0.005128735000000
9 26
    -0.040442822675341    -0.029858421269854    -0.038588744989713
    -0.028409130405512    -0.006805859079063    -0.021276382206273
    -0.037716174613449    -0.022781199278206    -0.019633765000000
9 27
     0.005604788416203    -0.002023723303729     0.005301004997504
     0.000984449432686    -0.007025967855930     0.007507559790687
     0.004380085626660     0.001633939150726     0.005129735000000
9 28
    -0.002184064541806    -0.000063534244826    -0.000991744999938
     0.000615519653383    -0.002506302897116     0.000311033024108
    -0.000223591798140    -0.001014757644967     0.001521235000000
9 29
    -0.005821162453990     0.002149104132148    -0.007420744998755
    -0.000676293868134     0.000292368218415    -0.000988582429949
    -0.006110127634934     0.001911521506083    -0.008992515000000
9 30
     0.001738961422122    -0.000129914537097     0.001086754999815
     0.000449025912785     0.001549571899009     0.000154282425359
     0.000679487440247     0.000864563229768    -0.002295265000000
9 31
    -0.000595247784909    -0.000866445589923    -0.001399994998333
    -0.003693100264737    -0.004934719099018    -0.006249542422739
    -0.004563696250866    -0.005932976218979    -0.008991765000000
9 32
    -0.000127422354844     0.000089256992402    -0.000196245000003
     0.001040171216448    -0.000783463535448     0.000126569612836
     0.000013809342285    -0.000233948482367    -0.001583015000000
9 33
    -0.001826649277069     0.005715404352914     0.000990504999846
     0.001926506751531    -0.000628737477944     0.000080814603628
    -0.002049517842007     0.005529839031949     0.001623985000000
9 34
    -0.001827091796573    -0.001922329173563     0.002048254998415
    -0.005712459445467    -0.000627929996866     0.005528836081441
    -0.000991392251577     0.000082611750320     0.001624735000000
9 35
     0.012936674475714    -0.002593922475631    -0.003848494988803
     0.002597854689246    -0.021689634567079    -0.045188642655929
     0.003848552681347    -0.045190918762929    -0.047102265000000
9 36
    -0.003282651099571     0.000653773489980     0.001420004999839
    -0.000648776337913    -0.000061577860634    -0.000139444524223
    -0.001421258483409    -0.000135838095430     0.001160235000000
9 37
     0.000821006558784     0.000565529924344    -0.000245244998733
     0.006776818814348    -0.004669575170093    -0.005224312682492
     0.007015305069653    -0.004706394812109    -0.006454015000000
9 38
     0.000820934356045    -0.006772345009870    -0.007015744997931
    -0.000561966847650    -0.004668791709839    -0.004708161539673
     0.000243040016548    -0.005222987654916    -0.006453515000000
9 39
     0.002614210799100     0.000903109071650    -0.001324495000998
    -0.000899030488243     0.003558271173859     0.004990023943724
     0.001323132490635     0.004989237298532    -0.008476015000000
9 40
    -0.001879209137372     0.001132940704713     0.000395754999787
    -0.001129787632692     0.001271543472844     0.000674763693297
    -0.000395780104856     0.000676481250118    -0.000738015000000
9 41
    -0.002255022027000    -0.000333132274716     0.001791504999145
    -0.000276470681383    -0.002601293756711     0.002584494045949
    -0.001345065228149    -0.002845808683667     0.005698485000000
9 42
     0.000536030816416    -0.031712377562804     0.008616004993887
    -0.030399227755592    -0.069413842331399     0.020907282188511
     0.001753025440002     0.004240640868544     0.015876985000000
9 43
    -0.025036226268306    -0.046473929003694    -0.002798744998758
    -0.045162540644471    -0.043843611656146    -0.003641218243430
    -0.013799550139523    -0.017915508024033     0.015875985000000
9 44
    -0.003771508981399     0.003084500176076     0.000695754999844
     0.003836575526342     0.000229374576895     0.000258494149079
     0.000122300885775    -0.000733361347724     0.003852985000000
9 45
    -0.001096208286925     0.000709743448859    -0.001416244999495
     0.000446287806262    -0.000424842282269    -0.001319115460967
     0.000430507402347     0.001883309305168    -0.004529265000000
9 46
     0.001625322246423     0.000682914289096    -0.002123244999089
    -0.000119551702306     0.000338136792714    -0.002629700571928
     0.000733981422027     0.001516676884333    -0.005598265000000
9 47
     0.000413935719837    -0.000015902698110    -0.000947244999541
    -0.000819588903668     0.001550636793322    -0.001395903046923
     0.001214406769814     0.003152555771869    -0.005597515000000
9 48
     0.000079141869621     0.001402477259237    -0.001406994999436
     0.001015845631121     0.001479158748342    -0.001577335368889
     0.000660890513632     0.002004774051076    -0.003554515000000
9 49
    -0.211354456066424    -0.101568288429399    -0.190869244946148
    -0.096226754276443    -0.124967882503634    -0.117822337557169
    -0.190256921362901    -0.120706875583600    -0.297268515000000
9 50
     0.010743559512166    -0.002335335933095    -0.002673494999606
    -0.000655463295790    -0.005829271909284    -0.000125299441347
     0.000177611901222    -0.000473662836824    -0.006698015000000
9 51
     0.000629310182113    -0.002596442207792    -0.004972244998406
    -0.005218888314206     0.007598033431784    -0.003877931853141
    -0.000883601476523     0.002003912650519    -0.010720265000000
9 52
     0.012220486667274     0.016022051165617    -0.005106994995965
     0.024653894064911     0.029485759041203    -0.014137013124843
     0.001868651636020     0.004764370422097    -0.003721265000000
9 53
    -0.002153329362719     0.000527230863038     0.002041504999323
     0.003843940209965    -0.007942206755900     0.001689312453410
    -0.001489263911677    -0.002886049237339     0.015176735000000
9 54
     0.003689561132714    -0.003767452339276     0.003234004999084
     0.001351736352584    -0.004498247986285     0.002011473903275
     0.002463647707797    -0.003661193001348     0.005969235000000
9 55
     0.000462228879443    -0.000520048903813     0.001518754998818
    -0.003458880725397     0.005484340951763     0.004127029627884
    -0.002065153458665     0.001847420715905     0.009321735000000
9 56
    -0.003416730515370     0.002979005847583     0.004657754998136
     0.000409318798041     0.005039146984853     0.005203499203907
    -0.000326704168523     0.003464838217653     0.008641735000000
9 57
     0.011832373896649    -0.001199217769556    -0.004064494997876
    -0.000239070383932    -0.001383200681718    -0.006645604706607
    -0.000756507287168    -0.000563220941801    -0.012325265000000
9 58
    -0.103374728015719    -0.122551663579252    -0.057561494953766
    -0.125753385071257    -0.405584424130183    -0.162529888710348
    -0.056771352010099    -0.155691663818619    -0.134086265000000
9 59
     0.001162167710378     0.024786621452255    -0.023078244991492
     0.011186228066923     0.032732198452083    -0.022700127975072
    -0.002265419366170     0.009287291439795    -0.017907515000000
9 60
     0.001640744715978    -0.006353298206600     0.000562255000100
    -0.006650435584652     0.005913695897728    -0.000749848096112
     0.000823621427697    -0.000842584158959    -0.007503765000000
9 61
     0.006846028805565    -0.000167114725923     0.002586004999318
     0.000999839718261    -0.000177248935239     0.001394863815926
     0.005284911163617    -0.000402764650802     0.007254985000000
9 62
    -0.004972508205087    -0.000009808143143     0.003621754998912
    -0.001056051862575    -0.004283551829102     0.002517377076578
    -0.003064007548710    -0.001114013249195     0.012039735000000
9 63
     0.000781746754558     0.002223529897835     0.002787504998450
     0.005879082186813     0.002183116348271     0.004955094251150
     0.006087719197422     0.000728731045146     0.009841985000000
9 64
    -0.000805878790402    -0.001210621987991     0.001918004998640
    -0.003736712456361     0.001707601392623     0.004651696684934
    -0.002801144079840     0.001065693866282     0.008185735000000
9 65
    -0.005743856349589    -0.004787293950397    -0.003621495002537
    -0.030891908854647    -0.007955458552906     0.012833327352107
    -0.032930676236067    -0.002579425617444     0.014460985000000
9 66
     0.017977185953001     0.006703155530926     0.019586504993917
     0.013108998972979     0.004261144084610     0.014450196773870
     0.014232719944156     0.004630175919311     0.017686235000000
9 67
    -0.006726780035771    -0.004752320198167    -0.000258744996887
    -0.005611626071238     0.002471286179854    -0.013031531698325
     0.000169873589170    -0.011152759682858    -0.000190515000000
9 68
     0.005734566210274     0.001199494957145    -0.001649994999012
     0.005821988393270     0.002697986565928    -0.003232598590732
     0.001977288559032     0.001342205753205    -0.001087015000000
9 69
    -0.002369643659351    -0.021717101771408     0.018242004997227
    -0.001748530553941    -0.003369354580226     0.001207513648665
     0.001019166147325    -0.022814777539690     0.021835235000000
9 70
     0.002129432147519     0.002793770326260    -0.006250994998382
     0.002703740299237    -0.004225168146371    -0.003240104142795
    -0.001007909198265    -0.001577280058151     0.000036985000000
9 71
    -0.003621115397036     0.004247510846842     0.003184254996865
    -0.011273845070284     0.023279369189264     0.011437150061383
    -0.014376484020782     0.028126770752504     0.011671485000000
9 72
     0.003196503034828     0.001842049331914    -0.000730994999357
     0.002611293347964     0.004784290918168    -0.002298734530519
     0.002366582349719     0.001674929128376    -0.000046015000000
17 1
     0.004500322607403    -0.002318247589926     0.002558259999302
    -0.003108596705136     0.003250069146294    -0.003975189395037
    -0.004704402818282     0.002858705298760    -0.007416515000000
17 2
    -0.003295951586305     0.001750209390601     0.001074759999707
     0.000283526827007     0.000611792377034    -0.000753863567243
     0.002054966337209    -0.000916223895667    -0.002028015000000
17 3
    -0.001270173273358     0.002124460355306    -0.001094489999702
     0.001394145714496    -0.001639090404551     0.001193105878642
     0.000353914321514    -0.000594032413712    -0.001111515000000
17 4
     0.001317852721124    -0.006618947129850     0.004718009998713
    -0.000292838130681    -0.001755109826749     0.001279131068328
    -0.001036067596505     0.007580948285436    -0.005926515000000
17 5
    -0.002368252587802    -0.030771468813352     0.034340759990635
    -0.013972360442011    -0.002555067268220     0.021655698458805
     0.024821549238984     0.037657654429568    -0.032886515000000
17 6
    -0.006960594447021     0.005587361761572    -0.008367989997718
     0.000951720621264    -0.000144489490496     0.001282595170942
     0.001162438735490    -0.001430627049564     0.004094985000000
17 7
    -0.005509278323927     0.007579615026137    -0.001484739999595
     0.003234285194944    -0.005432328764419     0.001008786805191
     0.003611860559269    -0.005047104002105     0.001388235000000
17 8
     0.002083555202351    -0.003283711527778    -0.000800989999782
    -0.002717594775262    -0.003332009259377    -0.001983763978323
    -0.001587759197873    -0.003640609603004     0.001848735000000
17 9
     0.016862556801746     0.019668270143383     0.020198759994492
     0.002864263335773    -0.021793029887106    -0.040324296327469
     0.001580889618347    -0.040572348875662    -0.032885765000000
17 10
    -0.010137778530290    -0.004908182499796    -0.006179739998315
    -0.000564754302261    -0.000811285617723    -0.000605195872340
     0.001614779609598     0.000779850327805     0.001386985000000
17 11
     0.000616788755248     0.004130774462708    -0.002360989999356
     0.003559519632099    -0.001872269619339     0.003194201912207
    -0.001318776891443     0.001682281420331     0.001848235000000
17 12
    -0.004683896717115    -0.006902282096427    -0.001822489999503
    -0.002270289677668    -0.002427927643607    -0.000291550338863
     0.005293753581489     0.006603020170659     0.004094735000000
17 13
     0.005908841039626     0.001504377899811     0.004825759998684
     0.002292040432300     0.001835509839650     0.002646152168506
    -0.004721792443900    -0.000231914417594    -0.007415765000000
17 14
    -0.003072992192469    -0.001083113611430    -0.000692739999811
    -0.000355789795388     0.000157735334469    -0.000009947745088
     0.001579802322042     0.000348267888459    -0.001110765000000
17 15
     0.002001848653814     0.006222768580030     0.007081259998069
    -0.000106356704675    -0.002445941596263    -0.002892946315538
    -0.001253143530178    -0.004727538265855    -0.005926015000000
17 16
    -0.001248873075896    -0.002932146621128    -0.001822989999503
    -0.001468734454484    -0.001442872434234    -0.001320965869064
    -0.001192181670056    -0.000556449225086    -0.002028515000000
17 17
     0.837351397090769    -0.031561370727005    -0.486970239867199
    -0.031685107853891     0.172095558929542     0.096801300152395
    -0.486852970701021     0.096748888776326     0.513055485000000
17 18
    -0.025781297441074     0.000347447924671     0.003645259999006
     0.000350376845073     0.001335529835863     0.001422169597634
     0.003647639684093     0.001421367262574     0.002570235000000
17 19
     0.000755136393613     0.003375399601484    -0.001912739999478
     0.003378656276665    -0.002661848112683    -0.000988267776360
    -0.001909729971062    -0.000988279339772     0.004443235000000
17 20
     0.000429677178961    -0.003272812295246    -0.001913239999478
    -0.003269177817778    -0.001862219307166     0.001319978600388
    -0.001909931299907     0.001320371949373     0.004873485000000
17 21
     0.001948826064925     0.000784430761360     0.001848509999496
     0.000788775844030     0.001397420054532    -0.000468219521555
     0.001850589669366    -0.000469714668153    -0.006847515000000
17 22
    -0.003868699917991    -0.000042319820564     0.003234509999118
    -0.000038312301256     0.000564439617879    -0.000469085547065
     0.003237844672582    -0.000468418518979    -0.004309515000000
17 23
    -0.000685876353611     0.001489492307436     0.001753259999522
     0.001492623035863    -0.001001446312247    -0.001183412167670
     0.001755804668189    -0.001184887106314    -0.003403015000000
17 24
    -0.001321055857387    -0.001106170865924     0.002156259999412
    -0.001103103521875    -0.000780136218137     0.000457705972846
     0.002159473690069     0.000457288149849    -0.004370265000000
17 25
    -0.078821488063046    -0.015417857123866    -0.022414239993887
    -0.014104707316655     0.009943676576741    -0.002991961884477
    -0.004549015440002    -0.000602155868544     0.015876985000000
17 26
    -0.078821520620421     0.014109586489007     0.004552759998758
     0.015420974848231     0.009941682692248    -0.000603175147216
     0.022415060139523    -0.002993006975967     0.015875985000000
17 27
    -0.002778691646996    -0.000025870113581    -0.003133989999145
     0.000030791479752    -0.002077624136619     0.000259241818170
     0.003137075228149     0.000258043683667     0.005698485000000
17 28
     0.002226067376912    -0.000373873200233    -0.000571739999844
     0.000378202150033    -0.005768201782542     0.000473294430325
     0.000573959114225     0.000472596347724     0.003852985000000
17 29
     0.000903876312248    -0.000296975302682     0.003339009999089
    -0.001099441294083     0.001059582727677    -0.000523933822659
    -0.001680471422027    -0.000122691884333    -0.005598265000000
17 30
     0.000904683048545     0.001102922005758     0.001682509999541
     0.000299235800200     0.001059889463867    -0.000122386710219
    -0.003337396769814    -0.000524570771869    -0.005597515000000
17 31
    -0.000092107566170     0.000133430015570     0.001850509999495
    -0.000130025627027    -0.001428943003214    -0.000566946417610
    -0.001846247402347    -0.000568824305168    -0.004529265000000
17 32
     0.002176319057156     0.000194960182391     0.002069509999436
    -0.000191671445725    -0.000618018439588    -0.000429825728662
    -0.002066630513632    -0.000430039051076    -0.003554515000000
17 33
     0.001735098558623    -0.000451256138878    -0.000676989999815
     0.000127684311003     0.001553434762660     0.000864016225097
    -0.001088477440247     0.000156171770232    -0.002295265000000
17 34
    -0.005824192539194     0.000674167604083     0.006112259998333
    -0.002152487070731     0.000294225656939     0.001912339976100
     0.007419956250866    -0.000985788781021    -0.008991765000000
17 35
    -0.000598268899057     0.003691732870213     0.004566509998755
     0.000866334869931    -0.004930525339628    -0.005932262470623
     0.001399637634934    -0.006247286506083    -0.008992515000000
17 36
    -0.000130396479661    -0.001041888328151    -0.000011489999997
    -0.000090974104105    -0.000780489410101    -0.000233237961800
     0.000195700657715     0.000128933482367    -0.001583015000000
17 37
    -0.040445689972023     0.028407474989906     0.037720259989713
     0.029856765854248    -0.006802991809615    -0.022780642370063
     0.038587184613449    -0.021272565721794    -0.019633765000000
17 38
    -0.004318297571338    -0.006713545800395    -0.009152239997504
    -0.003705373063980     0.002897118138341     0.000837025100653
    -0.003605075626660     0.002976295849274     0.005129735000000
17 39
     0.005601612922991    -0.000986756808312    -0.004378489998806
     0.002021758275721    -0.007022109354979     0.001633335459250
    -0.005301696054135     0.007511163068892     0.005128735000000
17 40
    -0.002186726614665    -0.000617056600843     0.000226509999938
     0.000061997297366    -0.002503640823998    -0.001014392876210
     0.000990601798140     0.000313742644967     0.001521235000000
17 41
    -0.004233680895832     0.004323014582280    -0.005812239998415
     0.000532884310376     0.001778659100574    -0.000990577177140
     0.000424152251577    -0.000899876750320     0.001624735000000
17 42
    -0.013031354597880    -0.017590503268616     0.041058759988803
    -0.012398726103739     0.004278394525402     0.019261426891415
     0.037212207318653     0.025928403762929    -0.047102265000000
17 43
     0.002380829147659     0.000502682050021    -0.000565239999846
    -0.003286215551362    -0.004836215902160     0.000817395190841
    -0.003764222157993    -0.004539854031949     0.001623985000000
17 44
    -0.000864682340693     0.002044791253031    -0.000589239999839
     0.000742241425139    -0.002479546621268     0.001299482665726
     0.000828268483409    -0.001162926904570     0.001160235000000
17 45
    -0.006472210386105    -0.003648732232112     0.007585259997931
     0.002561645930109     0.002624353034186    -0.003721732627188
     0.004401719983452     0.002821972654916    -0.006453515000000
17 46
     0.003324022157899     0.001308840266026    -0.003659239999002
    -0.000493299293867     0.002848459814545    -0.003642058289164
    -0.004982372490635    -0.001348752298532    -0.008476015000000
17 47
    -0.000117599469970    -0.007318723258000     0.004647009998733
    -0.001107434367997    -0.003730969137224     0.002399767941086
     0.000568204930347     0.008428629812109    -0.006454015000000
17 48
     0.000485220639709     0.002494891801608    -0.000782239999787
     0.000232163464202    -0.001092886305955     0.000005352037056
    -0.000387959895144    -0.000680996250118    -0.000738015000000
17 49
    -0.013280343705929    -0.004550765052781    -0.010166739997227
     0.015417806164686     0.007541345463318     0.015194282923086
     0.019248593852675     0.012290012539690     0.021835235000000
17 50
     0.006315697892944    -0.000810425358787     0.002356259999357
    -0.000041181342737     0.001665096059864     0.000516307025167
    -0.002633822349719     0.001212055871624    -0.000046015000000
17 51
    -0.000256026140972    -0.004080985284990     0.005931509998382
    -0.004171015312014    -0.001839709853576    -0.003793468398025
     0.001869919198265    -0.000084234941849     0.000036985000000
17 52
     0.013511756066945     0.021165513021955    -0.011496989996865
     0.005644157104829     0.006146497709539    -0.002960929308334
    -0.017170255979218    -0.026513785752504     0.011671485000000
17 53
    -0.022852106011204     0.021014456311575    -0.009303239997463
    -0.005090158592675     0.009152791104473    -0.009552970346048
     0.018699186236067    -0.027229089382556     0.014460985000000
17 54
     0.006497522954639    -0.005381495114288     0.003624509999012
    -0.000759001678163     0.001935029824290     0.000187361709124
    -0.002151028559032     0.001041279246795    -0.001087015000000
17 55
     0.016269069107438    -0.014095180701802    -0.022307489993917
    -0.007689337259749     0.005969260940676     0.009737312515951
    -0.011126209944156     0.010010809080689     0.017686235000000
17 56
    -0.004315950753433     0.007003519009266     0.011415009996887
     0.006144213136195     0.000060456890918     0.006291686106067
     0.009573636410830     0.005723494682858    -0.000190515000000
17 57
     0.042782641889474    -0.007008825529180     0.014796509995965
     0.001623017370114    -0.001076396184208     0.002645719155043
    -0.005060391636020    -0.000763885422097    -0.003721265000000
17 58
    -0.232212291772276     0.084184477317873     0.197471759946148
     0.089526011470830    -0.104110046875071    -0.106386446207582
     0.199663681362901    -0.104413889416400    -0.297268515000000
17 59
     0.002471715230780     0.006282601364529     0.005844509998406
     0.003660155258115     0.005755628378124    -0.002367124557659
    -0.001293638523477    -0.001767177650519    -0.010720265000000
17 60
    -0.002981118104892    -0.007268483024585     0.001445259999606
    -0.005588610387280     0.007895405716357    -0.002252664866431
     0.000321398098778     0.000390647836824    -0.006698015000000
17 61
     0.004392365217325     0.004099264726161    -0.006835239998136
     0.001529577676619    -0.002769948751938     0.001431984553012
    -0.002837285831477    -0.002015353217653     0.008641735000000
17 62
    -0.004602214808229    -0.005257804879889    -0.002483739999323
    -0.001941095532962    -0.005493321306566     0.000923338965407
     0.003244023911677     0.000153284237339     0.015176735000000
17 63
     0.002505885862209     0.004638786634104    -0.004333489998818
     0.001699954812520     0.003440683965651    -0.000748234401705
    -0.000567336541335    -0.002712185715905     0.009321735000000
17 64
    -0.003497331410831    -0.005501090698230    -0.003358989999084
    -0.000381902006371     0.002688644561358     0.001794993534583
     0.001938862292203     0.003964178001348     0.005969235000000
17 65
    -0.437551240011946    -0.067183514004308     0.169535759953766
    -0.070385235496313    -0.071407912007003     0.031415227401106
     0.163218612010099     0.028680398818619    -0.134086265000000
17 66
     0.040416391523469     0.011477208613860     0.031198009991492
    -0.002123184771472    -0.006522025372740    -0.008636282459022
    -0.006910320633830    -0.006605556439795    -0.017907515000000
17 67
     0.001297895926192    -0.005843013312543     0.007787509997876
    -0.004882865926919     0.009151277295728    -0.000197153570562
     0.000866017287168    -0.000373544058199    -0.012325265000000
17 68
    -0.000785323804035     0.005249744271030     0.000368259999900
     0.004952606892978     0.008339764413427     0.000861851161507
     0.000317888572303     0.001134569158959    -0.007503765000000
17 69
    -0.004917321843631     0.001087913725536    -0.003990989998912
     0.000041670006104    -0.004338738191096     0.001877843298278
     0.002496767548710    -0.002096501750805     0.012039735000000
17 70
     0.005341307901028    -0.003246618332341    -0.005684989998450
     0.000408933956637    -0.002376444797728    -0.000063496982186
    -0.003674959197422     0.004907753954854     0.009841985000000
17 71
     0.001939151000337    -0.003832826942690    -0.002500989999318
    -0.002665872498507     0.004729628873946     0.001542114116554
    -0.002293651163617     0.004778249650802     0.007254985000000
17 72
    -0.001063027309173     0.003588247690230    -0.004987489998640
     0.001062157221860     0.001964749909268    -0.000664807287738
     0.000477654079840    -0.002958708866282     0.008185735000000
25 1
     0.003324022157899    -0.001308840267580     0.003659239999002
     0.000493299292314     0.002848459814927    -0.003642058290874
     0.004982372490635    -0.001348752300861    -0.008476015000000
25 2
    -0.006472210386105     0.003648732235137    -0.007585259997931
    -0.002561645927084     0.002624353033678    -0.003721732623642
    -0.004401719983452     0.002821972656973    -0.006453515000000
25 3
    -0.000117599469970     0.007318723258055    -0.004647009998733
     0.001107434368052    -0.003730969141163     0.002399767943259
    -0.000568204930347     0.008428629812374    -0.006454015000000
25 4
     0.000485220639709    -0.002494891801835     0.000782239999787
    -0.000232163464429    -0.001092886304680     0.000005352036691
     0.000387959895144    -0.000680996250299    -0.000738015000000
25 5
    -0.013031354597880     0.017590503274707    -0.041058759988803
     0.012398726109830     0.004278394511384     0.019261426910608
    -0.037212207318653     0.025928403780323    -0.047102265000000
25 6
    -0.004233680895832    -0.004323014580301     0.005812239998415
    -0.000532884308397     0.001778659102844    -0.000990577179857
    -0.000424152251577    -0.000899876750122     0.001624735000000
25 7
     0.002380829147659    -0.000502682051134     0.000565239999846
     0.003286215550249    -0.004836215903461     0.000817395190576
     0.003764222157993    -0.004539854033708     0.001623985000000
25 8
    -0.000864682340693    -0.002044791252627     0.000589239999839
    -0.000742241424735    -0.002479546619965     0.001299482665451
    -0.000828268483409    -0.001162926904183     0.001160235000000
25 9
    -0.004318297571338     0.006713545802413     0.009152239997504
     0.003705373065999     0.002897118133471     0.000837025096374
     0.003605075626660     0.002976295847588     0.005129735000000
25 10
    -0.040445689972023    -0.028407474971000    -0.037720259989713
    -0.029856765835342    -0.006802991782380    -0.022780642352431
    -0.038587184613449    -0.021272565703757    -0.019633765000000
25 11
     0.005601612922991     0.000986756805693     0.004378489998806
    -0.002021758278340    -0.007022109354495     0.001633335457204
     0.005301696054135     0.007511163066414     0.005128735000000
25 12
    -0.002186726614665     0.000617056601866    -0.000226509999938
    -0.000061997296344    -0.002503640824257    -0.001014392876104
    -0.000990601798140     0.000313742645430     0.001521235000000
25 13
    -0.005824192539194    -0.000674167601361    -0.006112259998333
     0.002152487073453     0.000294225656248     0.001912339978957
    -0.007419956250866    -0.000985788777553    -0.008991765000000
25 14
     0.001735098558623     0.000451256138067     0.000676989999815
    -0.000127684311814     0.001553434762509     0.000864016224780
     0.001088477440247     0.000156171769723    -0.002295265000000
25 15
    -0.000598268899057    -0.003691732869933    -0.004566509998755
    -0.000866334869651    -0.004930525337497    -0.005932262468488
    -0.001399637634934    -0.006247286505429    -0.008992515000000
25 16
    -0.000130396479661     0.001041888328212     0.000011489999997
     0.000090974104166    -0.000780489410631    -0.000233237961805
    -0.000195700657715     0.000128933482459    -0.001583015000000
25 17
    -0.078821520620421    -0.014109586452163    -0.004552759998758
    -0.015420974811386     0.009941682706051    -0.000603175145088
    -0.022415060139523    -0.002993006965489     0.015875985000000
25 18
    -0.078821488063046     0.015417857160711     0.022414239993887
     0.014104707353499     0.009943676562940    -0.002991961894955
     0.004549015440002    -0.000602155870671     0.015876985000000
25 19
    -0.002778691646996     0.000025870114880     0.003133989999145
    -0.000030791478453    -0.002077624136617     0.000259241816705
    -0.003137075228149     0.000258043685133     0.005698485000000
25 20
     0.002226067376912     0.000373873199192     0.000571739999844
    -0.000378202151073    -0.005768201782540     0.000473294430058
    -0.000573959114225     0.000472596347992     0.003852985000000
25 21
     0.000904683048545    -0.001102922006180    -0.001682509999541
    -0.000299235800623     0.001059889464522    -0.000122386709433
     0.003337396769814    -0.000524570773429    -0.005597515000000
25 22
     0.000903876312248     0.000296975302259    -0.003339009999089
     0.001099441293661     0.001059582727024    -0.000523933821098
     0.001680471422027    -0.000122691885119    -0.005598265000000
25 23
    -0.000092107566170    -0.000133430015527    -0.001850509999495
     0.000130025627070    -0.001428943003213    -0.000566946416745
     0.001846247402347    -0.000568824306031    -0.004529265000000
25 24
     0.002176319057156    -0.000194960183408    -0.002069509999436
     0.000191671444708    -0.000618018439587    -0.000429825727695
     0.002066630513632    -0.000430039052042    -0.003554515000000
25 25
     0.837351397090769     0.031561370335590     0.486970239867199
     0.031685107462476     0.172095558899978     0.096801299924764
     0.486852970701021     0.096748888548750     0.513055485000000
25 26
    -0.025781297441074    -0.000347447912620    -0.003645259999006
    -0.000350376833022     0.001335529836189     0.001422169599338
    -0.003647639684093     0.001421367264279     0.002570235000000
25 27
     0.000429677178961     0.003272812295045     0.001913239999478
     0.003269177817577    -0.001862219310224     0.001319978599494
     0.001909931299907     0.001320371948480     0.004873485000000
25 28
     0.000755136393613    -0.003375399601837     0.001912739999478
    -0.003378656277018    -0.002661848109526    -0.000988267777254
     0.001909729971062    -0.000988279340665     0.004443235000000
25 29
     0.001948826064925    -0.000784430762271    -0.001848509999496
    -0.000788775844941     0.001397420055268    -0.000468219520691
    -0.001850589669366    -0.000469714667288    -0.006847515000000
25 30
    -0.003868699917991     0.000042319822372    -0.003234509999118
     0.000038312303064     0.000564439617841    -0.000469085545553
    -0.003237844672582    -0.000468418517466    -0.004309515000000
25 31
    -0.001321055857387     0.001106170866542    -0.002156259999412
     0.001103103522493    -0.000780136219169     0.000457705973854
    -0.002159473690069     0.000457288150858    -0.004370265000000
25 32
    -0.000685876353611    -0.001489492307116    -0.001753259999522
    -0.001492623035542    -0.001001446310853    -0.001183412166851
    -0.001755804668189    -0.001184887105493    -0.003403015000000
25 33
     0.005908841039626    -0.001504377902573    -0.004825759998684
    -0.002292040435062     0.001835509841424     0.002646152170762
     0.004721792443900    -0.000231914419801    -0.007415765000000
25 34
    -0.003072992192469     0.001083113612867     0.000692739999811
     0.000355789796825     0.000157735333796    -0.000009947745411
    -0.001579802322042     0.000348267889198    -0.001110765000000
25 35
    -0.001248873075896     0.002932146621712     0.001822989999503
     0.001468734455068    -0.001442872436291    -0.001320965869916
     0.001192181670056    -0.000556449225644    -0.002028515000000
25 36
     0.002001848653814    -0.006222768580966    -0.007081259998069
     0.000106356703739    -0.002445941593404    -0.002892946312228
     0.001253143530178    -0.004727538266441    -0.005926015000000
25 37
     0.016862556801746    -0.019668270151265    -0.020198759994492
    -0.002864263343655    -0.021793029876573    -0.040324296318027
    -0.001580889618347    -0.040572348874923    -0.032885765000000
25 38
    -0.010137778530290     0.004908182504535     0.006179739998315
     0.000564754307000    -0.000811285620281    -0.000605195875228
    -0.001614779609598     0.000779850328560     0.001386985000000
25 39
    -0.004683896717115     0.006902282098617     0.001822489999503
     0.002270289679857    -0.002427927647894    -0.000291550339715
    -0.005293753581489     0.006603020173133     0.004094735000000
25 40
     0.000616788755248    -0.004130774462997     0.002360989999356
    -0.003559519632387    -0.001872269615744     0.003194201911104
     0.001318776891443     0.001682281419715     0.001848235000000
25 41
    -0.002368252587802     0.030771468814459    -0.034340759990635
     0.013972360443118    -0.002555067289135     0.021655698474857
    -0.024821549238984     0.037657654441171    -0.032886515000000
25 42
    -0.006960594447021    -0.005587361758318     0.008367989997718
    -0.000951720618010    -0.000144489487439     0.001282595167030
    -0.001162438735490    -0.001430627049021     0.004094985000000
25 43
     0.002083555202351     0.003283711526805     0.000800989999782
     0.002717594774288    -0.003332009262182    -0.001983763978697
     0.001587759197873    -0.003640609603746     0.001848735000000
25 44
    -0.005509278323927    -0.007579615023562     0.001484739999595
    -0.003234285192368    -0.005432328759364     0.001008786804497
    -0.003611860559269    -0.005047104000417     0.001388235000000
25 45
     0.004500322607403     0.002318247587822    -0.002558259999302
     0.003108596703033     0.003250069143757    -0.003975189393841
     0.004704402818282     0.002858705296561    -0.007416515000000
25 46
    -0.003295951586305    -0.001750209389060    -0.001074759999707
    -0.000283526825466     0.000611792377985    -0.000753863566741
    -0.002054966337209    -0.000916223894706    -0.002028015000000
25 47
     0.001317852721124     0.006618947129234    -0.004718009998713
     0.000292838130065    -0.001755109829979     0.001279131070533
     0.001036067596505     0.007580948284952    -0.005926515000000
25 48
    -0.001270173273358    -0.002124460354712     0.001094489999702
    -0.001394145713902    -0.001639090402907     0.001193105878130
    -0.000353914321514    -0.000594032413547    -0.001111515000000
25 49
    -0.004315950753433    -0.007003519007248    -0.011415009996887
    -0.006144213134177     0.000060456897064     0.006291686111403
    -0.009573636410830     0.005723494687333    -0.000190515000000
25 50
     0.016269069107438     0.014095180694197     0.022307489993917
     0.007689337252144     0.005969260930493     0.009737312505524
     0.011126209944156     0.010010809075488     0.017686235000000
25 51
    -0.022852106011204    -0.021014456300893     0.009303239997463
     0.005090158603357     0.009152791111917    -0.009552970350397
    -0.018699186236067    -0.027229089373815     0.014460985000000
25 52
     0.006497522954639     0.005381495111251    -0.003624509999012
     0.000759001675126     0.001935029821419     0.000187361710818
     0.002151028559032     0.001041279245789    -0.001087015000000
25 53
     0.013511756066945    -0.021165513028271     0.011496989996865
    -0.005644157111145     0.006146497722071    -0.002960929313708
     0.017170255979218    -0.026513785760530     0.011671485000000
25 54
    -0.000256026140972     0.004080985285110    -0.005931509998382
     0.004171015312133    -0.001839709857434    -0.003793468395252
    -0.001869919198265    -0.000084234940975     0.000036985000000
25 55
    -0.013280343705929     0.004550765058989     0.010166739997227
    -0.015417806158478     0.007541345468398     0.015194282918334
    -0.019248593852675     0.012290012548687     0.021835235000000
25 56
     0.006315697892944     0.000810425355835    -0.002356259999357
     0.000041181339785     0.001665096059466     0.000516307026268
     0.002633822349719     0.001212055870393    -0.000046015000000
25 57
    -0.437551240011946     0.067183514208839    -0.169535759953766
     0.070385235700844    -0.071407912071308     0.031415227480354
    -0.163218612010099     0.028680398894915    -0.134086265000000
25 58
     0.040416391523469    -0.011477208632752    -0.031198009991492
     0.002123184752579    -0.006522025368368    -0.008636282444439
     0.006910320633830    -0.006605556443026    -0.017907515000000
25 59
    -0.000785323804035    -0.005249744270662    -0.000368259999900
    -0.004952606892611     0.008339764418196     0.000861851161679
    -0.000317888572303     0.001134569159108    -0.007503765000000
25 60
     0.001297895926192     0.005843013311936    -0.007787509997876
     0.004882865926313     0.009151277290714    -0.000197153566922
    -0.000866017287168    -0.000373544057795    -0.012325265000000
25 61
    -0.004917321843631    -0.001087913723237     0.003990989998912
    -0.000041670003805    -0.004338738190568     0.001877843296413
    -0.002496767548710    -0.002096501749638     0.012039735000000
25 62
     0.005341307901028     0.003246618329844     0.005684989998450
    -0.000408933959133    -0.002376444799054    -0.000063496984844
     0.003674959197422     0.004907753953136     0.009841985000000
25 63
    -0.001063027309173    -0.003588247689733     0.004987489998640
    -0.001062157221363     0.001964749911442    -0.000664807290069
    -0.000477654079840    -0.002958708866059     0.008185735000000
25 64
     0.001939151000337     0.003832826941784     0.002500989999318
     0.002665872497600     0.004729628870908     0.001542114115385
     0.002293651163617     0.004778249649730     0.007254985000000
25 65
    -0.232212291772276    -0.084184477209327    -0.197471759946148
    -0.089526011362284    -0.104110046793871    -0.106386446115275
    -0.199663681362901    -0.104413889323069    -0.297268515000000
25 66
     0.042782641889474     0.007008825509181    -0.014796509995965
    -0.001623017390113    -0.001076396186726     0.002645719161960
     0.005060391636020    -0.000763885424463    -0.003721265000000
25 67
     0.002471715230780    -0.006282601365685    -0.005844509998406
    -0.003660155259270     0.005755628382771    -0.002367124554927
     0.001293638523477    -0.001767177651124    -0.010720265000000
25 68
    -0.002981118104892     0.007268483025979    -0.001445259999606
     0.005588610388674     0.007895405710347    -0.002252664865755
    -0.000321398098778     0.000390647836975    -0.006698015000000
25 69
    -0.004602214808229     0.005257804882041     0.002483739999323
     0.001941095535114    -0.005493321309931     0.000923338964246
    -0.003244023911677     0.000153284238856     0.015176735000000
25 70
     0.004392365217325    -0.004099264728214     0.006835239998136
    -0.001529577678672    -0.002769948749307     0.001431984549817
     0.002837285831477    -0.002015353218979     0.008641735000000
25 71
     0.002505885862209    -0.004638786635275     0.004333489998818
    -0.001699954813691     0.003440683968614    -0.000748234403731
     0.000567336541335    -0.002712185716170     0.009321735000000
25 72
    -0.003497331410831     0.005501090699865     0.003358989999084
     0.000381902008005     0.002688644558608     0.001794993533012
    -0.001938862292203     0.003964178002255     0.005969235000000
33 1
     0.000536030816416     0.031712377562553    -0.008616004993887
     0.030399227755342    -0.069413842360432     0.020907282192538
    -0.001753025440002     0.004240640869364     0.015876985000000
33 2
    -0.002255022027000     0.000333132275770    -0.001791504999145
     0.000276470682437    -0.002601293756996     0.002584494046787
     0.001345065228149    -0.002845808684296     0.005698485000000
33 3
    -0.025036226268306     0.046473929015397     0.002798744998758
     0.045162540656174    -0.043843611698981    -0.003641218244738
     0.013799550139523    -0.017915508030483     0.015875985000000
33 4
    -0.003771508981399    -0.003084500174313    -0.000695754999844
    -0.003836575524579     0.000229374580130     0.000258494149405
    -0.000122300885775    -0.000733361347667     0.003852985000000
33 5
     0.001625322246423    -0.000682914289856     0.002123244999089
     0.000119551701546     0.000338136792978    -0.002629700572920
    -0.000733981422027     0.001516676884676    -0.005598265000000
33 6
    -0.001096208286925    -0.000709743448346     0.001416244999495
    -0.000446287805749    -0.000424842281729    -0.001319115461629
    -0.000430507402347     0.001883309305369    -0.004529265000000
33 7
     0.000413935719837     0.000015902697917     0.000947244999541
     0.000819588903474     0.001550636792931    -0.001395903047366
    -0.001214406769814     0.003152555772436    -0.005597515000000
33 8
     0.000079141869621    -0.001402477259274     0.001406994999436
    -0.001015845631158     0.001479158749472    -0.001577335369546
    -0.000660890513632     0.002004774051385    -0.003554515000000
33 9
    -0.001827091796573     0.001922329174417    -0.002048254998415
     0.005712459446321    -0.000627930000435     0.005528836082398
     0.000991392251577     0.000082611749857     0.001624735000000
33 10
    -0.001826649277069    -0.005715404352060    -0.000990504999846
    -0.001926506750677    -0.000628737474372     0.000080814604091
     0.002049517842007     0.005529839030991     0.001623985000000
33 11
     0.012936674475714     0.002593922469584     0.003848494988803
    -0.002597854695293    -0.021689634567077    -0.045188642657728
    -0.003848552681347    -0.045190918761130    -0.047102265000000
33 12
    -0.003282651099571    -0.000653773488446    -0.001420004999839
     0.000648776339447    -0.000061577860632    -0.000139444523559
     0.001421258483409    -0.000135838096094     0.001160235000000
33 13
     0.000820934356045     0.006772345009487     0.007015744997931
     0.000561966847266    -0.004668791713268    -0.004708161542953
    -0.000243040016548    -0.005222987654802    -0.006453515000000
33 14
     0.000821006558784    -0.000565529924728     0.000245244998733
    -0.006776818814731    -0.004669575166661    -0.005224312682607
    -0.007015305069653    -0.004706394808829    -0.006454015000000
33 15
     0.002614210799100    -0.000903109072872     0.001324495000998
     0.000899030487021     0.003558271173861     0.004990023943105
    -0.001323132490635     0.004989237299150    -0.008476015000000
33 16
    -0.001879209137372    -0.001132940703835    -0.000395754999787
     0.001129787633571     0.001271543472846     0.000674763693482
     0.000395780104856     0.000676481249933    -0.000738015000000
33 17
     0.001738961422122     0.000129914536284    -0.001086754999815
    -0.000449025913597     0.001549571899158     0.000154282425867
    -0.000679487440247     0.000864563230086    -0.002295265000000
33 18
    -0.005821162453990    -0.002149104129427     0.007420744998755
     0.000676293870855     0.000292368219103    -0.000988582433418
     0.006110127634934     0.001911521503227    -0.008992515000000
33 19
    -0.000595247784909     0.000866445590202     0.001399994998333
     0.003693100265016    -0.004934719101149    -0.006249542423394
     0.004563696250866    -0.005932976221112    -0.008991765000000
33 20
    -0.000127422354844    -0.000089256992342     0.000196245000003
    -0.001040171216388    -0.000783463534920     0.000126569612744
    -0.000013809342285    -0.000233948482361    -0.001583015000000
33 21
    -0.040442822675341     0.029858421288759     0.038588744989713
     0.028409130424417    -0.006805859106300    -0.021276382224311
     0.037716174613449    -0.022781199295836    -0.019633765000000
33 22
    -0.004314347565793    -0.003703224180743    -0.003603754998806
    -0.006711739264777     0.002893851141016     0.002975215841778
    -0.009155706054135     0.000835821935388     0.005128735000000
33 23
     0.005604788416203     0.002023723301109    -0.005301004997504
    -0.000984449435306    -0.007025967856415     0.007507559793165
    -0.004380085626660     0.001633939152774     0.005129735000000
33 24
    -0.002184064541806     0.000063534245847     0.000991744999938
    -0.000615519652362    -0.002506302896858     0.000311033023644
     0.000223591798140    -0.001014757645071     0.001521235000000
33 25
     0.005912525019010    -0.002293261262789     0.004721744999302
    -0.001502912147578     0.001837866733660    -0.000227923453272
    -0.004827912818282     0.002644779703497    -0.007416515000000
33 26
    -0.003070462241148     0.000354748394506    -0.001580504999702
     0.001085063035316     0.000161198564548     0.000351303205323
     0.000691404321514    -0.000009482586611    -0.001111515000000
33 27
    -0.001245777227308     0.001467195544851     0.001190244999707
     0.002933878108445    -0.001438381983454    -0.000553837679712
     0.001820956337209    -0.001321541105184    -0.002028015000000
33 28
     0.002006021619220     0.000104476367813     0.001251244998713
    -0.006221632631356    -0.002443278725345    -0.004725482050137
    -0.007083327596505    -0.002893213282125    -0.005926515000000
33 29
     0.016866282789835    -0.002867296265951    -0.001584005009365
    -0.019666404637291    -0.021789602659845    -0.040567819777000
    -0.020201710761016    -0.040324919420125    -0.032886515000000
33 30
    -0.010134122301074     0.000564130280248    -0.001616004999595
     0.004909460111442    -0.000807484783909     0.000781429155914
     0.006176850559269    -0.000604411000782     0.001388235000000
33 31
    -0.004680021456862     0.002268410050806    -0.005294754997718
     0.006904051191115    -0.002425062482312     0.006605594335040
     0.001820178735490    -0.000291387951287     0.004094985000000
33 32
     0.000620523712292    -0.003562276399731     0.001317495000218
    -0.004128393152248    -0.001868977768254     0.001685559677094
     0.002358980802127     0.003195344601901     0.001848735000000
33 33
     0.365796046799464    -0.303937716234428    -0.327317504867199
    -0.303813979107542     0.643650909563774     0.373327948765645
    -0.327213480701021     0.373252596376628     0.513055485000000
33 34
    -0.004732193968025     0.000210544615799    -0.000100504999478
     0.000207287940618     0.002825482252945     0.002150615319189
    -0.000098989971062     0.002148014339819     0.004443235000000
33 35
    -0.005745843967414     0.011917851299389     0.000590994999006
     0.011914922378988    -0.018699923652367    -0.003867972562641
     0.000592879684093    -0.003869632262851     0.002570235000000
33 36
     0.001543519627716    -0.002626100580268    -0.002099754999478
    -0.002629735057736    -0.002976061756731     0.000996925143984
    -0.002098441299907     0.000993863051608     0.004873485000000
33 37
     0.000854053113854     0.000156708386139     0.001329744999496
     0.000152363303469     0.002492193006399    -0.001366746858828
     0.001332079669366    -0.001367800332470    -0.006847515000000
33 38
    -0.002213847643444     0.000610448400519     0.001901494999522
     0.000607317672093     0.000526524978697    -0.000926661616186
     0.001904044668189    -0.000928127894576    -0.003403015000000
33 39
    -0.000508930532593     0.001901451457477     0.002023494999118
     0.001897443938169    -0.002795329769963    -0.002566625055990
     0.002024584672582    -0.002569846481967    -0.004309515000000
33 40
     0.000041277743862    -0.000316559850606     0.000681744999412
    -0.000319627194656    -0.002142469820377    -0.002096228923916
     0.000683713690069    -0.002098803150169    -0.004370265000000
33 41
    -0.021886006406936    -0.019507230059531     0.045021244994492
    -0.002703223251920     0.016955533349755     0.002669508866677
     0.035927129618347     0.018917083858868    -0.032885765000000
33 42
    -0.004580000047403     0.000559152218495    -0.003946754999356
     0.001130407049104     0.003324519187092     0.000447576363086
    -0.002116286891443     0.000300953580658     0.001848235000000
33 43
    -0.000773057693092     0.004841969793029    -0.002565754998315
     0.000498541595494    -0.010176006461732     0.005654409766039
     0.000132019609598    -0.001788365327867     0.001386985000000
33 44
     0.000979920174482     0.000999716528760    -0.000658754999503
    -0.003632275889999    -0.008091744539323     0.001724097807872
    -0.003071506418511    -0.007886035169223     0.004094735000000
33 45
     0.001209945279359    -0.000420868299307     0.000121244998684
    -0.001208530831795     0.006534405603334    -0.005502306837228
    -0.002160052443900     0.004205149418604    -0.007415765000000
33 46
    -0.003982478063665    -0.003561409345322     0.006045994998069
     0.002767715939383     0.003538385125568    -0.004686077895004
     0.003467596469822     0.003449023264234    -0.005926015000000
33 47
    -0.000026883095144     0.001402882111623    -0.000337754999811
     0.000675558295581    -0.002888373765071     0.000604904310895
     0.000488292322042    -0.001542282888687    -0.001110765000000
33 48
     0.000511264810148    -0.000452518372345     0.000232495000497
    -0.001915930538989    -0.003203010321558     0.002239238585466
    -0.000114191670056     0.001310684225140    -0.002028515000000
33 49
     0.012220486667274    -0.016022051171329     0.005106994995965
    -0.024653894070624     0.029485759060216    -0.014137013127231
    -0.001868651636020     0.004764370422971    -0.003721265000000
33 50
     0.000629310182113     0.002596442207498     0.004972244998406
     0.005218888313912     0.007598033428131    -0.003877931855465
     0.000883601476523     0.002003912650106    -0.010720265000000
33 51
    -0.211354456066424     0.101568288528196     0.190869244946148
     0.096226754375239    -0.124967882596092    -0.117822337646389
     0.190256921362901    -0.120706875672534    -0.297268515000000
33 52
     0.010743559512166     0.002335335928073     0.002673494999606
     0.000655463290768    -0.005829271910682    -0.000125299442597
    -0.000177611901222    -0.000473662836741    -0.006698015000000
33 53
    -0.003416730515370    -0.002979005845986    -0.004657754998136
    -0.000409318796444     0.005039146986437     0.005203499206084
     0.000326704168523     0.003464838217500     0.008641735000000
33 54
     0.000462228879443     0.000520048903597    -0.001518754998818
     0.003458880725181     0.005484340949903     0.004127029628594
     0.002065153458665     0.001847420714940     0.009321735000000
33 55
    -0.002153329362719    -0.000527230862032    -0.002041504999323
    -0.003843940208959    -0.007942206753857     0.001689312454364
     0.001489263911677    -0.002886049238035     0.015176735000000
33 56
     0.003689561132714     0.003767452337551    -0.003234004999084
    -0.001351736354309    -0.004498247987414     0.002011473904787
    -0.002463647707797    -0.003661193000197     0.005969235000000
33 57
    -0.002369643659351     0.021717101772516    -0.018242004997227
     0.001748530555048    -0.003369354591194     0.001207513657192
    -0.001019166147325    -0.022814777539213     0.021835235000000
33 58
     0.002129432147519    -0.002793770327256     0.006250994998382
    -0.002703740300232    -0.004225168143802    -0.003240104145717
     0.001007909198265    -0.001577280058622     0.000036985000000
33 59
     0.003196503034828    -0.001842049333408     0.000730994999357
    -0.002611293349458     0.004784290920249    -0.002298734530861
    -0.002366582349719     0.001674929129482    -0.000046015000000
33 60
    -0.003621115397036    -0.004247510845149    -0.003184254996865
     0.011273845071977     0.023279369185980     0.011437150062872
     0.014376484020782     0.028126770745783     0.011671485000000
33 61
    -0.005743856349589     0.004787293953082     0.003621495002537
     0.030891908857332    -0.007955458569584     0.012833327350414
     0.032930676236067    -0.002579425632837     0.014460985000000
33 62
     0.017977185953001    -0.006703155539329    -0.019586504993917
    -0.013108998981382     0.004261144093871     0.014450196783026
    -0.014232719944156     0.004630175925964     0.017686235000000
33 63
     0.005734566210274    -0.001199494959825     0.001649994999012
    -0.005821988395950     0.002697986569210    -0.003232598591504
    -0.001977288559032     0.001342205754130    -0.001087015000000
33 64
    -0.006726780035771     0.004752320201312     0.000258744996887
     0.005611626074383     0.002471286175010    -0.013031531698446
    -0.000169873589170    -0.011152759682779    -0.000190515000000
33 65
    -0.004972508205087     0.000009808145467    -0.003621754998912
     0.001056051864899    -0.004283551829600     0.002517377078271
     0.003064007548710    -0.001114013250627     0.012039735000000
33 66
     0.006846028805565     0.000167114722723    -0.002586004999318
    -0.000999839721461    -0.000177248934850     0.001394863817135
    -0.005284911163617    -0.000402764648332     0.007254985000000
33 67
     0.000781746754558    -0.002223529898201    -0.002787504998450
    -0.005879082187178     0.002183116352058     0.004955094252453
    -0.006087719197422     0.000728731047992     0.009841985000000
33 68
    -0.000805878790402     0.001210621988368    -0.001918004998640
     0.003736712456738     0.001707601390310     0.004651696685831
     0.002801144079840     0.001065693864973     0.008185735000000
33 69
    -0.103374728015719     0.122551663627574     0.057561494953766
     0.125753385119579    -0.405584424246251    -0.162529888737255
     0.056771352010099    -0.155691663845157    -0.134086265000000
33 70
     0.011832373896649     0.001199217764025     0.004064494997876
     0.000239070378401    -0.001383200682390    -0.006645604708507
     0.000756507287168    -0.000563220942154    -0.012325265000000
33 71
     0.001162167710378    -0.024786621452798     0.023078244991492
    -0.011186228067467     0.032732198468898    -0.022700127985860
     0.002265419366170     0.009287291438736    -0.017907515000000
33 72
     0.001640744715978     0.006353298205833    -0.000562255000100
     0.006650435583885     0.005913695891649    -0.000749848095849
    -0.000823621427697    -0.000842584158574    -0.007503765000000
41 1
    -0.003418010000000     0.007229240001598    -0.000774735000000
     0.004220724917565     0.001997513569702    -0.004608551298982
     0.003854010000000    -0.008346985001802     0.005128735000000
41 2
    -0.003418260000000    -0.004225009998402    -0.003851235000000
    -0.007233182734817     0.001997080566835    -0.008344584889540
     0.000775010000000    -0.004610235000362     0.005129735000000
41 3
     0.010015490000000     0.000722989995318    -0.000868485000000
    -0.000726300869024    -0.057264171791098     0.044057024576742
     0.000871010000000     0.044053764999593    -0.019633765000000
41 4
    -0.002664760000000     0.000337990001246    -0.000765235000000
    -0.000341063896964    -0.002025607438573     0.000703359852460
     0.000767010000000     0.000701014999641     0.001521235000000
41 5
    -0.001873760000000     0.001602740000876    -0.002854235000000
     0.004428138001158    -0.003655034238446     0.006920844901906
    -0.004710490000000     0.004335765002202    -0.008992515000000
41 6
    -0.001875510000000    -0.004432259999123     0.004712265000000
    -0.001605605324309    -0.003654456882996     0.004337202444437
     0.002856260000000     0.006918764998665    -0.008991765000000
41 7
     0.001458740000000     0.000287239999318     0.000409765000000
    -0.000291700450563     0.001829793321335    -0.001018298650647
    -0.000408990000000    -0.001020734999809    -0.002295265000000
41 8
    -0.001108510000000     0.000473740000518    -0.000207735000000
    -0.000477174223528     0.000197624110421     0.000106668349061
     0.000209510000000     0.000105014999902    -0.001583015000000
41 9
    -0.002250760000000    -0.000274009998948    -0.001342485000000
    -0.000330671592281    -0.002605555783714    -0.002843735863492
     0.001792010000000     0.002587764999162     0.005698485000000
41 10
     0.000537990000000    -0.030397260000251     0.001754015000000
    -0.031708648359475    -0.069417827943051     0.004244393389826
     0.008615510000000     0.020908514995973     0.015875985000000
41 11
    -0.025031260000000    -0.045160509988299    -0.013798235000000
    -0.046473659795511    -0.043846551496389    -0.017915320297584
    -0.002795990000000    -0.003638484998693     0.015876985000000
41 12
    -0.003767760000000     0.003838740001761     0.000124015000000
     0.003086664651496     0.000225625595494    -0.000731788579463
     0.000696260000000     0.000260764999675     0.003852985000000
41 13
    -0.001093260000000     0.000447990000511     0.000434265000000
     0.000711445643108    -0.000427790569196     0.001886061878374
    -0.001415740000000    -0.001314484999338    -0.004529265000000
41 14
     0.001628240000000    -0.000118510000761     0.000735265000000
     0.000685176204796     0.000336332512276     0.001518289756798
    -0.002122990000000    -0.002627984999008    -0.005597515000000
41 15
     0.000415990000000    -0.000817760000194     0.001215765000000
    -0.000015294008793     0.001547469040016     0.003153634394018
    -0.000946490000000    -0.001393984999558    -0.005598265000000
41 16
     0.000081990000000     0.001017489999962     0.000662515000000
     0.001404121628078     0.001476310617961     0.002007161097242
    -0.001405740000000    -0.001574734999343    -0.003554515000000
41 17
    -0.004237260000000     0.000534740001981     0.000425265000000
     0.004323637603364     0.001781873246740    -0.000898209794667
    -0.005813740000000    -0.000989984997282     0.001623985000000
41 18
    -0.013034760000000    -0.012396759993907     0.037210265000000
    -0.017588537158784     0.004281799927522     0.025927215747120
     0.041060760000000     0.019262514980806    -0.047102265000000
41 19
     0.002378240000000    -0.003284510001112    -0.003763985000000
     0.000505620270793    -0.004833261796498    -0.004538258902542
    -0.000567240000000     0.000817265000265     0.001624735000000
41 20
    -0.000869010000000     0.000744740000406     0.000830765000000
     0.002047289828299    -0.002475218961960    -0.001160038141892
    -0.000592990000000     0.001298765000277     0.001160235000000
41 21
    -0.006476260000000     0.002563740003027     0.004401765000000
    -0.003647548886976     0.002627691393998     0.002824544739348
     0.007583510000000    -0.003722235003545    -0.006454015000000
41 22
     0.003320490000000    -0.000491260001552    -0.004983735000000
     0.001310879558341     0.002851991972445    -0.001347965652230
    -0.003659240000000    -0.003640484998290    -0.008476015000000
41 23
    -0.000120510000000    -0.001105509999944     0.000569515000000
    -0.007315888162164    -0.003727347353110     0.008429894166595
     0.004644760000000     0.002401014997829    -0.006453515000000
41 24
     0.000482490000000     0.000233739999774    -0.000386485000000
     0.002496468337180    -0.001090155666246    -0.000680115730173
    -0.000783740000000     0.000004515000366    -0.000738015000000
41 25
    -0.002372260000000     0.013969490001109    -0.024822485000000
     0.030773496808719    -0.002558213081754     0.037654787451350
    -0.034346240000000     0.021655265016055    -0.032885765000000
41 26
    -0.006963760000000    -0.000954009996745    -0.001163735000000
    -0.005586002415504    -0.000148064360294    -0.001432547468157
     0.008365260000000     0.001283014996090     0.004094735000000
41 27
     0.002079990000000     0.002714739999028     0.001585765000000
     0.003285994829637    -0.003335470864365    -0.003641778274189
     0.000797510000000    -0.001983235000373     0.001848235000000
41 28
    -0.005512760000000    -0.003235009997423    -0.003613985000000
    -0.007578438194957    -0.005436304148880    -0.005049213890810
     0.001482760000000     0.001008514999307     0.001386985000000
41 29
     0.004497740000000     0.003106739997898     0.004704515000000
     0.002319077465409     0.003246610879540     0.002856154666466
    -0.002561740000000    -0.003973234998803    -0.007415765000000
41 30
    -0.003300010000000    -0.000284509998457    -0.002055485000000
    -0.001747922165101     0.000608264490255    -0.000918272715550
    -0.001077990000000    -0.000754234999496    -0.002028515000000
41 31
     0.001314490000000     0.000290489999386     0.001035265000000
     0.006619615284091    -0.001758582942320     0.007579024207232
    -0.004720740000000     0.001278515002207    -0.005926015000000
41 32
    -0.001273010000000    -0.001395009999405    -0.000354985000000
    -0.002122333815447    -0.001642246858338    -0.000594956565484
     0.001091510000000     0.001194014999490    -0.001110765000000
41 33
    -0.021883010000000    -0.002705509989771     0.035924765000000
    -0.019504618361112     0.016959690147636     0.018912121302143
     0.045023260000000     0.002667264978954    -0.032886515000000
41 34
    -0.004576760000000     0.001127740002139    -0.002118485000000
     0.000561623249622     0.003328305944223     0.000298204301603
    -0.003946740000000     0.000445265001845     0.001848735000000
41 35
    -0.000769010000000     0.000497490000359     0.000131265000000
     0.004842819831553    -0.010172597089235    -0.001790215960411
    -0.002564990000000     0.005651515001199     0.001388235000000
41 36
     0.000982990000000    -0.003634510000459    -0.003073235000000
     0.001001131139849    -0.008088073939005    -0.007888189502070
    -0.000657740000000     0.001722015000307     0.004094985000000
41 37
     0.001212740000000    -0.001210510000567    -0.002163485000000
    -0.000420160885356     0.006537651754313     0.004203112847113
     0.000123510000000    -0.005503485000058    -0.007416515000000
41 38
    -0.003979760000000     0.002765740001860     0.003466765000000
    -0.003560368997309     0.003542502895369     0.003446350979604
     0.006047260000000    -0.004687735002827    -0.005926515000000
41 39
    -0.000023260000000     0.000674240000011     0.000486015000000
     0.001404554640821    -0.002886003678143    -0.001544409083453
    -0.000337490000000     0.000603515000158    -0.001111515000000
41 40
     0.000515490000000    -0.001917010000241    -0.000115485000000
    -0.000450327436647    -0.003199649209986     0.001307701246453
     0.000234010000000     0.002237764999891    -0.002028015000000
41 41
     0.311022990000000     0.272190739854614    -0.159652735000000
     0.272314476981500     0.698423966118980    -0.470129248690410
    -0.159639490000000    -0.470001484925378     0.513055485000000
41 42
    -0.004122010000000    -0.000641259998073     0.000186515000000
    -0.000644894475541     0.002689467872649    -0.002316903743478
     0.000188510000000    -0.002314235000088     0.004873485000000
41 43
     0.001116990000000     0.003169739999478    -0.001812235000000
     0.003166483324297    -0.003023701719138    -0.001162347541935
    -0.001810740000000    -0.001159734999154     0.004443235000000
41 44
    -0.005141510000000    -0.011566009997597     0.003054265000000
    -0.011568938917998    -0.019304257609080     0.002445802963303
     0.003054760000000     0.002448264998572     0.002570235000000
41 45
     0.002216490000000     0.000634239998964     0.000518765000000
     0.000629894916294     0.001129756119407     0.001834966379520
     0.000518510000000     0.001837514999758    -0.006847515000000
41 46
    -0.001872010000000    -0.000785009999125     0.001474515000000
    -0.000788077343174    -0.000229182075421     0.001638522950063
     0.001475760000000     0.001641514999310    -0.004370265000000
41 47
     0.000368740000000     0.000883739999828    -0.000148235000000
     0.000880609271401    -0.002056062666056     0.002110073783037
    -0.000148240000000     0.002113015000069    -0.003403015000000
41 48
    -0.000578760000000    -0.001937759999729     0.001211015000000
    -0.001941767519037    -0.002725500300729     0.003035710601543
     0.001213260000000     0.003038264999433    -0.004309515000000
41 49
     0.002543490000000    -0.005602010001189     0.003723015000000
    -0.006562157386813     0.007905683221686     0.006842758275429
     0.000109510000000     0.000936764999949    -0.012325265000000
41 50
     0.009262990000000     0.015863239995670     0.008119765000000
     0.029463633381001     0.024631376156569     0.031336410430299
    -0.009175740000000    -0.002681734995711    -0.017907515000000
41 51
    -0.222512760000000    -0.194537759895988     0.111974265000000
    -0.191336038403983    -0.286446392059262     0.131114661256900
     0.106447260000000     0.127011264950242    -0.134086265000000
41 52
     0.010476240000000    -0.001549260004897     0.000930515000000
    -0.001252122626845    -0.002921799392719    -0.000112003065830
     0.001141510000000    -0.000291985000534    -0.007503765000000
41 53
     0.001217990000000    -0.002249510000569     0.000085015000000
    -0.003416464444753     0.005450789874418    -0.002936977932520
     0.002991260000000    -0.004375485001398     0.007254985000000
41 54
    -0.001675760000000     0.004460240000783    -0.002897485000000
     0.000804687711806     0.004640623104616    -0.004891597267609
     0.002412760000000    -0.005636485001128     0.009841985000000
41 55
    -0.003994260000000    -0.000491259998133    -0.000369235000000
     0.000554983721299    -0.005261800034900    -0.004395220374684
    -0.000567240000000     0.003210515000265     0.012039735000000
41 56
     0.003221490000000    -0.001411510001506    -0.003069485000000
     0.001114580466864    -0.002319767400709    -0.003986889395761
    -0.002323490000000     0.001893015001086     0.008185735000000
41 57
    -0.060916760000000    -0.009371509971525     0.006602515000000
    -0.014713044124482    -0.275405578679460     0.224208783761664
     0.009406760000000     0.225120764995603    -0.297268515000000
41 58
     0.009239990000000    -0.000247510004319     0.000872265000000
     0.002374936102095    -0.001012646392365     0.006245056410392
    -0.002177240000000    -0.000236734998982    -0.010720265000000
41 59
    -0.000391010000000    -0.007084009999817    -0.001228235000000
    -0.008763882637122     0.005305297610980     0.002377964308352
     0.000499010000000     0.000083014999767    -0.006698015000000
41 60
     0.007556240000000     0.021960989996468     0.009689515000000
     0.013329147097174     0.034150005711869     0.011491293965271
    -0.003191740000000    -0.004000484998508    -0.003721265000000
41 61
    -0.008387760000000     0.000244490003921    -0.000442235000000
    -0.003072219343006    -0.001707776114085    -0.002612651418611
     0.001754760000000     0.002732764999180     0.015176735000000
41 62
     0.005951740000000    -0.000289510002782    -0.002814735000000
     0.002649321818802    -0.000005170172786    -0.003378795224864
    -0.002632490000000     0.000864765001231     0.009321735000000
41 63
    -0.001405260000000    -0.001589759999343    -0.000124985000000
    -0.006708948691203     0.000596573150134    -0.003806467437799
     0.004402510000000    -0.000302985002058     0.005969235000000
41 64
     0.001457990000000     0.003223739999318    -0.002177485000000
     0.005793427048861     0.000164426465937    -0.006635483755901
    -0.003163990000000    -0.001449484998521     0.008641735000000
41 65
     0.007041490000000     0.003684989996709     0.008075265000000
    -0.016283581220759    -0.012780488246421    -0.016401796575526
     0.020267760000000     0.010524764990526     0.021835235000000
41 66
     0.019596740000000     0.002130989990840    -0.008312735000000
     0.017652345907965     0.000061513775343    -0.008476220749164
    -0.031546740000000    -0.001612984985254     0.011671485000000
41 67
    -0.005017010000000    -0.001422259997655    -0.000319485000000
    -0.001332229970631     0.002921274006345     0.007033572540969
     0.000862010000000     0.001661514999597     0.000036985000000
41 68
     0.002458990000000     0.002185489998851     0.001625265000000
     0.001416245982801     0.005521803953532     0.001782427504593
    -0.000267240000000    -0.002886984999875    -0.000046015000000
41 69
     0.008046990000000    -0.022929760003762    -0.012924735000000
     0.003174854900489    -0.021746304912524    -0.003280357000017
    -0.014231490000000     0.029808515006652     0.014460985000000
41 70
     0.004659490000000     0.000962239997822     0.011156265000000
     0.001821545870893    -0.008914983864197     0.006739845587043
     0.009743510000000     0.005429264995445    -0.000190515000000
41 71
    -0.000888760000000     0.002216740000415    -0.002720985000000
    -0.004189103441638     0.023127090051331    -0.024187509288549
     0.003106510000000    -0.014640985001452     0.017686235000000
41 72
     0.000416740000000     0.002751739999805     0.001974515000000
    -0.001870753436320     0.008015812780069     0.003045236880686
    -0.000173740000000    -0.002383484999919    -0.001087015000000
49 1
    -0.222722540010466     0.191335749947821    -0.106597999970930
     0.194589268704644    -0.286359238359635     0.127102218405740
    -0.111940999968903     0.130948770000000    -0.134091255000000
49 2
     0.010442709996262     0.001247749999660    -0.001120999999694
     0.001550907157588    -0.002919804649022    -0.000293582611608
    -0.000924499999876    -0.000109980000000    -0.007513005000000
49 3
     0.009233460000567    -0.029467499991964     0.009194499997493
    -0.015862987320798     0.024632649240778    -0.002682369352686
    -0.008112499992524     0.031336770000000    -0.017917005000000
49 4
     0.002510960004050     0.006559499998211    -0.000088499999976
     0.005604050389789     0.007907677960074     0.000937328162009
    -0.003716249998251     0.006843520000000    -0.012334755000000
49 5
    -0.004023540001163    -0.000557999999848     0.000585999999840
     0.000490170378156    -0.005260526977359     0.003211510872089
     0.000374749999112    -0.004393480000000     0.012030745000000
49 6
     0.003189209997931    -0.001116499999696     0.002341249999362
     0.001410899718832    -0.002318350005568     0.001892698519340
     0.003075999999209    -0.003985230000000     0.008176995000000
49 7
    -0.001711289997843    -0.000809999999779    -0.002391749999348
    -0.004457865764408     0.004642473514539    -0.005637392365128
     0.002903499999000    -0.004889730000000     0.009832245000000
49 8
     0.001189460002680     0.003415249999069    -0.002973999999189
     0.002248201949582     0.005450908227948    -0.004375449014166
    -0.000080500000547    -0.002936730000000     0.007247245000000
49 9
    -0.211336540015448    -0.096232999973756    -0.190215999948127
    -0.101597770233297    -0.124968043088369    -0.120683238043801
    -0.190890250026792    -0.117838730000000    -0.297277005000000
49 10
     0.010759459994548    -0.000679749999815     0.000194999999947
    -0.002335670517872    -0.005826763253814    -0.000473427220760
    -0.002678000000246    -0.000118980000000    -0.006706255000000
49 11
     0.000648710001674    -0.005244499998570    -0.000864499999764
    -0.002597643197620     0.007599084243965     0.002004848809875
    -0.004978500001123    -0.003872730000000    -0.010730255000000
49 12
     0.012240710014354     0.024625249993284     0.001888749999485
     0.016022769014766     0.029487154628835     0.004766459484211
    -0.005111500003540    -0.014131730000000    -0.003731005000000
49 13
    -0.002136040001739     0.003818999998959    -0.001469499999599
     0.000527120794906    -0.007940009577573    -0.002886173995208
     0.002037750000167     0.001695520000000     0.015167245000000
49 14
     0.003707459997479     0.001326499999638     0.002481999999323
    -0.003768076533438    -0.004495826546292    -0.003661555407619
     0.003229250000246     0.002016770000000     0.005960245000000
49 15
     0.000482210001274    -0.003482999999050    -0.002045749999442
    -0.000516872827770     0.005483384182201     0.001849974600448
     0.001515250000738     0.004131270000000     0.009313245000000
49 16
    -0.003399289996943     0.000382999999896    -0.000307499999916
     0.002978983053344     0.005039401824310     0.003465544990730
     0.004652250000995     0.005208020000000     0.008633495000000
49 17
    -0.013270039989719     0.015442249995789     0.019264999994746
    -0.004550674814604     0.007541782224915     0.012290632525465
    -0.010168499996377     0.015186770000000     0.021826495000000
49 18
     0.006326709998947    -0.000010499999997    -0.002613499999287
    -0.000809300740891     0.001667964927618     0.001211858215586
     0.002354750000196     0.000510270000000    -0.000054005000000
49 19
    -0.000245290001646    -0.004144249998870     0.001888749999485
    -0.004080856040952    -0.001839582294156    -0.000083860127038
     0.005928749999191    -0.003798730000000     0.000029245000000
49 20
     0.013523710000127     0.005671249998453    -0.017151749995323
     0.021166382554438     0.006148924702841    -0.026511491343310
    -0.011498000000613    -0.002965480000000     0.011664245000000
49 21
    -0.022841039991248    -0.005059749998620     0.018719499994895
     0.021014395103834     0.009153455506079    -0.027228127373293
    -0.009305750002160    -0.009559980000000     0.014452245000000
49 22
     0.006511709998839    -0.000726749999802    -0.002129249999419
    -0.005380471497076     0.001937154490783     0.001041684223637
     0.003622250000121     0.000181270000000    -0.001095255000000
49 23
     0.016281209996186    -0.007662999997910    -0.011108749996971
    -0.014095285137251     0.005971533835756     0.010011398007471
    -0.022310249997652     0.009730770000000     0.017677745000000
49 24
    -0.004304789997359     0.006170249998317     0.009591999997384
     0.007003980454652     0.000062498165195     0.005724716591656
     0.011413750001557     0.006285270000000    -0.000199255000000
49 25
    -0.004304790000243    -0.006170249998317    -0.009591999997384
    -0.007003980452610     0.000062498168079     0.005724716596139
    -0.011413749998619     0.006285270000000    -0.000199255000000
49 26
     0.016281209999768     0.007662999997910     0.011108749996971
     0.014095285132432     0.005971533832174     0.010011398002278
     0.022310250002201     0.009730770000000     0.017677745000000
49 27
    -0.022841039988883     0.005059749998620    -0.018719499994895
    -0.021014395088878     0.009153455503714    -0.027228127364543
     0.009305749997692    -0.009559980000000     0.014452245000000
49 28
     0.006511709999178     0.000726749999802     0.002129249999419
     0.005380471494937     0.001937154490443     0.001041684222642
    -0.003622250000037     0.000181270000000    -0.001095255000000
49 29
     0.013523709997476    -0.005671249998453     0.017151749995323
    -0.021166382557885     0.006148924705492    -0.026511491351327
     0.011497999999227    -0.002965480000000     0.011664245000000
49 30
    -0.000245289999709     0.004144249998870    -0.001888749999485
     0.004080856040206    -0.001839582296093    -0.000083860126155
    -0.005928750000966    -0.003798730000000     0.000029245000000
49 31
    -0.013270039996937    -0.015442249995789    -0.019264999994746
     0.004550674824333     0.007541782232134     0.012290632534470
     0.010168500003476     0.015186770000000     0.021826495000000
49 32
     0.006326709998952     0.000010499999997     0.002613499999287
     0.000809300738713     0.001667964927613     0.001211858214365
    -0.002354749999958     0.000510270000000    -0.000054005000000
49 33
     0.012240710002843    -0.024625249993285    -0.001888749999485
    -0.016022769006704     0.029487154640346     0.004766459485094
     0.005111499996934    -0.014131730000000    -0.003731005000000
49 34
     0.000648710004125     0.005244499998570     0.000864499999764
     0.002597643200869     0.007599084241513     0.002004848809471
     0.004978499999313    -0.003872730000000    -0.010730255000000
49 35
    -0.211336539970464     0.096232999973757     0.190215999948127
     0.101597770273669    -0.124968043133352    -0.120683238132716
     0.190890249971710    -0.117838730000000    -0.297277005000000
49 36
     0.010759459994866     0.000679749999815    -0.000194999999947
     0.002335670510119    -0.005826763254131    -0.000473427220669
     0.002678000000190    -0.000118980000000    -0.006706255000000
49 37
    -0.003399289997122    -0.000382999999896     0.000307499999916
    -0.002978983049399     0.005039401824489     0.003465544990586
    -0.004652249998560     0.005208020000000     0.008633495000000
49 38
     0.000482210002902     0.003482999999050     0.002045749999442
     0.000516872830108     0.005483384180573     0.001849974599491
    -0.001515249998807     0.004131270000000     0.009313245000000
49 39
    -0.002136040003524    -0.003818999998959     0.001469499999599
    -0.000527120797619    -0.007940009575788    -0.002886173995895
    -0.002037749999375     0.001695520000000     0.015167245000000
49 40
     0.003707459996859    -0.001326499999638    -0.002481999999323
     0.003768076529604    -0.004495826545672    -0.003661555406459
    -0.003229249999303     0.002016770000000     0.005960245000000
49 41
     0.002510960000983    -0.006559499998211     0.000088499999976
    -0.005604050387266     0.007907677963141     0.000937328161967
     0.003716250001450     0.006843520000000    -0.012334755000000
49 42
     0.009233460014341     0.029467499991964    -0.009194499997493
     0.015862987327996     0.024632649227003    -0.002682369348388
     0.008112500007172     0.031336770000000    -0.017917005000000
49 43
    -0.222722540099904    -0.191335749947821     0.106597999970930
    -0.194589268734391    -0.286359238270196     0.127102218355912
     0.111941000030114     0.130948770000000    -0.134091255000000
49 44
     0.010442709995679    -0.001247749999660     0.001120999999694
    -0.001550907163834    -0.002919804648439    -0.000293582612132
     0.000924499999825    -0.000109980000000    -0.007513005000000
49 45
     0.001189460001084    -0.003415249999069     0.002973999999189
    -0.002248201947590     0.005450908229545    -0.004375449015556
     0.000080499999174    -0.002936730000000     0.007247245000000
49 46
    -0.001711289997465     0.000809999999779     0.002391749999348
     0.004457865767378     0.004642473514160    -0.005637392366246
    -0.002903500001285    -0.004889730000000     0.009832245000000
49 47
    -0.004023540000902     0.000557999999848    -0.000585999999840
    -0.000490170378734    -0.005260526977620     0.003211510872363
    -0.000374750001166    -0.004393480000000     0.012030745000000
49 48
     0.003189209998453     0.001116499999696    -0.002341249999362
    -0.001410899721407    -0.002318350006090     0.001892698520435
    -0.003076000001071    -0.003985230000000     0.008176995000000
49 49
     0.924706460149007    -0.000000000000000     0.000000000000000
     0.000000000015499     0.991019138944140    -0.024458289452603
    -0.000000000005661    -0.024221480000000     0.977623495000000
49 50
    -0.029167539987723    -0.000000000000000    -0.000000000000000
     0.000000000009313     0.010678670578461     0.000911058724741
     0.000000000000212     0.000905520000000     0.014980995000000
49 51
    -0.013675790004696     0.024955749993194     0.002284749999377
     0.024955243695118    -0.035221397513762    -0.004855371426638
     0.002283999998860    -0.004860980000000     0.028082745000000
49 52
    -0.013675790016361    -0.024955749993194    -0.002284749999377
    -0.024955243705189    -0.035221397502097    -0.004855371425570
    -0.002284000001132    -0.004860980000000     0.028082745000000
49 53
     0.005326960003414    -0.000000000000000    -0.000000000000000
     0.000000000001565     0.012022742005075     0.000708120105130
     0.000000000000163     0.000699520000000    -0.030523505000000
49 54
    -0.006201539995252    -0.000000000000000    -0.000000000000000
     0.000000000003214     0.007550298144995     0.003190148912267
     0.000000000000744     0.003183520000000    -0.013363505000000
49 55
     0.001668459995769     0.003085249999159    -0.000364999999900
     0.003085359835843    -0.011110095567815     0.000429837275478
    -0.000364749999901     0.000422770000000    -0.017088755000000
49 56
     0.001668459994326    -0.003085249999159     0.000364999999900
    -0.003085359841816    -0.011110095566373     0.000429837275307
     0.000364750000099     0.000422770000000    -0.017088755000000
49 57
    -0.011346039994716     0.007914499997842     0.009019249997540
     0.013191010278645     0.000839755964650    -0.002890359787111
     0.007019249998533    -0.006362230000000     0.016926495000000
49 58
    -0.032155040031603    -0.071582249980479    -0.038024499989630
    -0.041070100087923    -0.058400278747334    -0.046269716587336
    -0.041794500019877    -0.085315230000000    -0.044614505000000
49 59
    -0.003059790047388    -0.054783999985060     0.052986249985550
    -0.024273681731164    -0.087492814476877     0.078858685539514
     0.021065250013087     0.056067270000000    -0.044614505000000
49 60
    -0.007760789997375     0.007826749997866    -0.004971499998644
    -0.000043156930513    -0.003263328060713    -0.002155248553628
    -0.000614249998722     0.005387020000000     0.011733245000000
49 61
    -0.014391539995852     0.003359249999084    -0.006279249998288
     0.019159368685706    -0.001388383060558     0.009630635503828
    -0.011474249999849     0.000625520000000    -0.011377005000000
49 62
     0.010351459999077    -0.012372999996626    -0.003460749999056
    -0.016630285829463     0.011836546546162     0.018186389141914
     0.012060500001678     0.007123020000000    -0.022940005000000
49 63
     0.024021459991660    -0.004477499998779    -0.000139999999962
    -0.008736752954774    -0.001833375778684    -0.013999878001795
    -0.017472750001430    -0.006093980000000    -0.022939755000000
49 64
    -0.012041789997580     0.005655499998458     0.007858249997857
     0.005846681840574    -0.005399957068815    -0.008104698742796
     0.010952999999362    -0.002750230000000    -0.017889005000000
49 65
     0.024021459993753     0.004477499998779     0.000139999999962
     0.008736752942689    -0.001833375780777    -0.013999878001861
     0.017472749998581    -0.006093980000000    -0.022939755000000
49 66
    -0.012041790000224    -0.005655499998458    -0.007858249997857
    -0.005846681837469    -0.005399957066171    -0.008104698739123
    -0.010953000000648    -0.002750230000000    -0.017889005000000
49 67
     0.010351460004861     0.012372999996626     0.003460749999056
     0.016630285830157     0.011836546540378     0.018186389140296
    -0.012060499998349     0.007123020000000    -0.022940005000000
49 68
    -0.014391539997422    -0.003359249999084     0.006279249998288
    -0.019159368679628    -0.001388383058987     0.009630635500893
     0.011474250000141     0.000625520000000    -0.011377005000000
49 69
    -0.003059790021780     0.054783999985060    -0.052986249985550
     0.024273681691696    -0.087492814502486     0.078858685564282
    -0.021065249986878     0.056067270000000    -0.044614505000000
49 70
    -0.007760790001034    -0.007826749997866     0.004971499998644
     0.000043156932615    -0.003263328057054    -0.002155248555952
     0.000614250001240     0.005387020000000     0.011733245000000
49 71
    -0.032155039998142     0.071582249980479     0.038024499989630
     0.041070100075655    -0.058400278780795    -0.046269716605110
     0.041794499979997    -0.085315230000000    -0.044614505000000
49 72
    -0.011346039998416    -0.007914499997842    -0.009019249997540
    -0.013191010272949     0.000839755968349    -0.002890359782895
    -0.007019250001507    -0.006362230000000     0.016926495000000
57 1
     0.004675285248459    -0.001819331593036    -0.009753749997340
    -0.000985601136702    -0.008917577080995     0.005444557378065
    -0.011150078491488     0.006741962457325    -0.000199255000000
57 2
     0.008063395609941    -0.003171710882800     0.014220499996122
     0.022902434219654    -0.021750980110127     0.029825626226564
     0.012932060540742    -0.003279025906916     0.014452245000000
57 3
    -0.000872660959466     0.004191493117495    -0.003115749999150
    -0.002240792021846     0.023125404793713    -0.014626158705576
     0.002728030986886    -0.024186628265197     0.017677745000000
57 4
     0.000436288886567     0.001872825480040     0.000162499999956
    -0.002780896017234     0.008012575604618    -0.002364826702535
    -0.001968109425702     0.003046325519717    -0.001095255000000
57 5
     0.019613656813955    -0.017650350129064     0.031535499991400
    -0.002155217573080     0.000058977897128    -0.001598105552417
     0.008317181016461    -0.008474820096122     0.011664245000000
57 6
     0.007055017063882     0.016285351979931    -0.020276499994470
    -0.003707572830462    -0.012783274838375     0.010538663142928
    -0.008067878618177    -0.016399564314185     0.021826495000000
57 7
    -0.005002584610728     0.001334230718383    -0.000871749999762
     0.001397624676301     0.002917712314540     0.001677635544828
     0.000325421680570     0.007033813112391     0.000029245000000
57 8
     0.002477667062271    -0.001412945237287     0.000257249999930
    -0.002211745978181     0.005517007866710    -0.002869286500239
    -0.001619281783263     0.001784138320301    -0.000054005000000
57 9
     0.011825470287902    -0.000226315372158    -0.000767499999791
    -0.001181764980581    -0.001406832324866    -0.000545307329046
    -0.004068537170074    -0.006640126904650    -0.012334755000000
57 10
    -0.103339628635255    -0.125663512593556    -0.056774749984517
    -0.122409993836733    -0.405742149641266    -0.155867685165692
    -0.057434461381284    -0.162418134693766    -0.134091255000000
57 11
     0.001154175131297     0.011198410023171    -0.002274249999380
     0.024802922694337     0.032711934094733     0.009303855250545
    -0.023082188888440    -0.022694016076991    -0.017917005000000
57 12
     0.001632678112957    -0.006637381440968     0.000814749999778
    -0.006334224283040     0.005890227241998    -0.000824023171855
     0.000557495474012    -0.000745650485897    -0.007513005000000
57 13
     0.006837892800756     0.001012922245756     0.005276249998561
    -0.000154125803730    -0.000197524571588    -0.000387835044544
     0.002583532783764     0.001398649953912     0.007247245000000
57 14
    -0.004980651320082    -0.001042758853801    -0.003074249999162
     0.000005411524203    -0.004303415657775    -0.001098264548799
     0.003617490290517     0.002521283018484     0.012030745000000
57 15
     0.000772979846346     0.005892159628238     0.006077999998342
     0.002244293863609     0.002158203666080     0.000747379922012
     0.002782880396591     0.004959369758607     0.009832245000000
57 16
    -0.000813981185410    -0.003722143227235    -0.002809749999234
    -0.001194743508708     0.001684841180822     0.001081232717234
     0.001913310418908     0.004656509141158     0.008176995000000
57 17
     0.042776652007921     0.001607165306351    -0.005072249998617
    -0.006995315672167    -0.001048787367937    -0.000747524259815
     0.014794187179428     0.002639176141618    -0.003731005000000
57 18
    -0.232223403659914     0.089538733986549     0.199622749945561
     0.084173963727009    -0.104081179521188    -0.104390269201534
     0.197496458758393    -0.106396440919620    -0.297277005000000
57 19
     0.002465743066311     0.003646707726127    -0.001303999999644
     0.006293564527077     0.005782051174341    -0.001751103366070
     0.005843132562800    -0.002375142475483    -0.010730255000000
57 20
    -0.002985922823481    -0.005600229955863     0.000312499999915
    -0.007256150473921     0.007918619572802     0.000405588564015
     0.001442039703184    -0.002259726032102    -0.006706255000000
57 21
     0.004385510232436     0.001515573455473    -0.002847499999223
     0.004111556508921    -0.002745398409159    -0.001999075306316
    -0.006836402623825     0.001424956687593     0.008633495000000
57 22
    -0.004607091673291    -0.001953783141408     0.003234249999118
    -0.005245662345461    -0.005468957902193     0.000170462666215
    -0.002487238392785     0.000916983267454     0.015167245000000
57 23
     0.002501094894914     0.001682476564146    -0.000579249999842
     0.004648603735425     0.003464499285223    -0.002696658769563
    -0.004335409769750    -0.000753390005140     0.009313245000000
57 24
    -0.003502238560020    -0.000394444870510     0.001929999999474
    -0.005489021403586     0.002713872015309     0.003980252755167
    -0.003361199053967     0.001788227536431     0.005960245000000
57 25
    -0.437560498771306     0.070552515589266    -0.163372749955447
     0.067298996802696    -0.071521279622958     0.028765466836319
    -0.169375461426108     0.031469364799787    -0.134091255000000
57 26
     0.040411528713222     0.002137679020628     0.006920249998113
    -0.011466833643339    -0.006545419473362    -0.006621485901094
    -0.031194688891572    -0.008642753897638    -0.017917005000000
57 27
    -0.000791030084542    -0.004934895699227    -0.000306249999916
    -0.005238052863401     0.008313935438643     0.001117605783606
    -0.000367004526213     0.000855630485808    -0.007513005000000
57 28
     0.001291526652452     0.004900010214183    -0.000855999999767
     0.005855459825128     0.009127111306873    -0.000392020832562
    -0.007784787171429    -0.000203393089809    -0.012334755000000
57 29
    -0.004921909144939    -0.000028503286435    -0.002488249999321
    -0.001076673665017    -0.004362157832898    -0.002113246322127
     0.003992240290808     0.001872196977959     0.012030745000000
57 30
     0.005335085423759    -0.000389639021040     0.003686249998995
     0.003258226746559    -0.002403901909726     0.004890012441392
     0.005686380397909    -0.000069639762566     0.009832245000000
57 31
    -0.001068938822470    -0.001047543647661    -0.000468499999872
    -0.003574943368763     0.001939798817792    -0.002973931236355
     0.004989310420293    -0.000671279144385     0.008176995000000
57 32
     0.001933199540909     0.002677600170484     0.002302249999372
     0.003844648221962     0.004707168686531     0.004763284057634
     0.002503032783871     0.001538080043711     0.007247245000000
57 33
    -0.002377363724092     0.001738214759085    -0.001011499999724
     0.021731139579207    -0.003350894053724    -0.022829295667920
    -0.018236378622220     0.001212794326480     0.021826495000000
57 34
     0.002120566168542    -0.002714928344729     0.001016999999723
    -0.002778322303392    -0.004205438462220    -0.001593775418265
     0.006254171683049    -0.003235083115467     0.000029245000000
57 35
     0.003187635329101    -0.002621646346997    -0.002356249999357
    -0.001822845608280     0.004807039600130     0.001657428285754
     0.000735468217767    -0.002294408319888    -0.000054005000000
57 36
    -0.003628414758542     0.011263598708247     0.014383749996077
    -0.004231533851185     0.023301049461438     0.028109596889003
    -0.003180818988113     0.011440300093721     0.011664245000000
57 37
    -0.005753732356679     0.030879756758996     0.032939999991017
     0.004805611671498    -0.007933852148374    -0.002597498868669
     0.003626310537049     0.012839005899176     0.014452245000000
57 38
     0.017970566709810    -0.013119934588914    -0.014224499996121
    -0.006687649454393     0.004282177131075     0.004614760704754
    -0.019582219022073     0.014455858273076     0.017677745000000
57 39
     0.005725297849238    -0.005834506764363    -0.001966749999464
    -0.001180785269228     0.002723566643811     0.001323142479817
     0.001654140575843    -0.003227595519571    -0.001095255000000
57 40
    -0.006733932998806     0.005601514090749    -0.000161749999956
     0.004767783636456     0.002491641162250    -0.011169273969646
     0.000263671513220    -0.013027232452236    -0.000199255000000
57 41
    -0.060896930985196    -0.014741421445754     0.009406749997435
    -0.009376651145841    -0.275407652135550     0.225073507240937
     0.006606208681866     0.224235170824214    -0.297277005000000
57 42
     0.009257238295704     0.002372492924422    -0.002168499999409
    -0.000274363873279    -0.001009444052660    -0.000253745442791
     0.000864632560567     0.006247872472348    -0.010730255000000
57 43
    -0.000374492055128    -0.008763860727224     0.000507499999862
    -0.007107940216920     0.005307188805369     0.000067838656508
    -0.001235960298118     0.002378706032006    -0.006706255000000
57 44
     0.007574434936482     0.013328693835780    -0.003183499999132
     0.021931174822361     0.034153429691100    -0.004018935222908
     0.009682687177123     0.011492553846941    -0.003731005000000
57 45
    -0.008370942689638    -0.003072601944948     0.001764749999519
     0.000219277256392    -0.001705106887171     0.002715711328169
    -0.000449488392189    -0.002612503266081     0.015167245000000
57 46
     0.005965086375656     0.002648667318852    -0.002624999999284
    -0.000317459850090     0.000000507805701     0.000846684170343
    -0.002820159769364    -0.003377879991515     0.009313245000000
57 47
    -0.001387771257443    -0.006709809667073     0.004411999998797
    -0.001615233137831     0.000599404713477    -0.000318697349610
    -0.000131949052886    -0.003804997534799     0.005960245000000
57 48
     0.001473947502522     0.005792548032738    -0.003154999999140
     0.003196564983234     0.000166164319729    -0.001466469682940
    -0.002184152622164    -0.006632976683377     0.008633495000000
57 49
    -0.011345647054705     0.013191237144409     0.007012749998088
     0.007914726869302     0.000839363014773    -0.006365719731876
     0.009019477805634    -0.002897733819497     0.016926495000000
57 50
    -0.032151577998700    -0.041069833306990    -0.041800499988601
    -0.071580151600354    -0.058401026467454    -0.085316781315432
    -0.038023055132035    -0.046276676618530    -0.044614505000000
57 51
    -0.003059070590701    -0.024271534293864     0.021058499994257
    -0.054783684198688    -0.087496248156737     0.056065041257941
     0.052987906494359     0.078852713712154    -0.044614505000000
57 52
    -0.007758088207708    -0.000041597047884    -0.000619249999831
     0.007828309882597    -0.003266029854020     0.005383069572264
    -0.004972421170372    -0.002161553893440     0.011733245000000
57 53
    -0.014390020214700     0.019160246133319    -0.011479999996869
     0.003360127452775    -0.001389902852237     0.000622672267977
    -0.006278841212845     0.009624231991895    -0.011377005000000
57 54
     0.010352272539026    -0.016628662009117     0.012054249996713
    -0.012369409065208     0.011835811690067     0.007121182554621
    -0.003458833513880     0.018178835374973    -0.022939755000000
57 55
     0.024024066066354    -0.008736403046259    -0.017480249995233
    -0.004479117212728    -0.001836059517501    -0.006096097150452
    -0.000138466268638    -0.014006209381859    -0.022940005000000
57 56
    -0.012041006135577     0.005847134407563     0.010947999997014
     0.005655952568551    -0.005400740936195    -0.002753094761068
     0.007858269048246    -0.008110461250938    -0.017889005000000
57 57
     0.974440969099308     0.028714231677665     0.021181499994224
     0.028714231693164     0.941284629957671     0.012229144721351
     0.020976416995291     0.012110739990195     0.977623495000000
57 58
    -0.051447089860619     0.003147973582699     0.005347249998542
     0.003148479870704     0.002549902346299     0.000449034170593
     0.005351732167354     0.000452487975340     0.028082745000000
57 59
     0.000717117931381     0.017253915295517    -0.000788999999785
     0.017253915304830    -0.019205987362376    -0.000455529362186
    -0.000784203323561    -0.000452759999633     0.014980995000000
57 60
    -0.008222901392274    -0.021807016981037     0.003062499999165
    -0.021807523279113    -0.040674286106819     0.004406337253545
     0.003067732166433     0.004408492020725     0.028082745000000
57 61
     0.010348796502292     0.002899358649888    -0.000613249999833
     0.002899358651453     0.007000905502546    -0.000354060052422
    -0.000605802090399    -0.000349759999717    -0.030523505000000
57 62
    -0.010587409112084    -0.003990569485456    -0.000554749999849
    -0.003990679328113     0.001145773546065     0.000101180634801
    -0.000548504559997     0.000104497766274    -0.017088755000000
57 63
     0.004112338607480     0.005954720586312    -0.002762749999247
     0.005954720589526    -0.002763580465238    -0.001595074455488
    -0.002757009193197    -0.001591759998711    -0.013363505000000
57 64
    -0.005243504235323    -0.007075984245370    -0.000189749999948
    -0.007075874408685    -0.004198131328812    -0.000531017910019
    -0.000183754559850    -0.000527267765931    -0.017088755000000
57 65
    -0.100617538711421    -0.032051310710197    -0.094786749974151
    -0.001540992456301     0.010064934221147     0.006458095795457
    -0.059088305140545    -0.009790593336076    -0.044614505000000
57 66
    -0.100618867541097     0.001542490867558     0.059082999983888
     0.032054640760113     0.010063548759290    -0.009795324680449
     0.094782406511215     0.006462516218772    -0.044614505000000
57 67
    -0.001017298880212     0.003936513345227     0.004352249998813
    -0.003933393583152    -0.010006819179141    -0.003227821018347
    -0.004358171170143    -0.003225466102199     0.011733245000000
57 68
     0.006932261003469    -0.002638028273569    -0.002006499999453
     0.002638482007234    -0.017438545036962     0.009256079515709
     0.002000227802772     0.009259963814346     0.016926495000000
57 69
    -0.001091606206520    -0.005762282583597     0.012194249996675
    -0.010021535539592     0.023279690431582     0.006878695441540
     0.014013916493199    -0.012084855379907    -0.022939755000000
57 70
    -0.001093516254093     0.010022525705151    -0.014019499996177
     0.005765239872314     0.023281522794098    -0.012090291983291
    -0.012198966273534     0.006883189387626    -0.022940005000000
57 71
    -0.002079824464939    -0.000095138354030     0.003089749999157
     0.000096043488086    -0.015361922603324     0.010857793498747
    -0.003094730956193     0.010860691248711    -0.017889005000000
57 72
     0.005111675624481    -0.007899181892500    -0.005200749998582
     0.007900936794123    -0.020891598684548    -0.010253307766439
     0.005195408791796    -0.010249751991389    -0.011377005000000
65 1
    -0.008370942686968     0.003072601952061    -0.001764749999519
    -0.000219277251992    -0.001705106889144     0.002715711328994
     0.000449488392618    -0.002612503267454     0.015167245000000
65 2
     0.005965086373861    -0.002648667324107     0.002624999999284
     0.000317459847173     0.000000507806717     0.000846684169116
     0.002820159769012    -0.003377879994860     0.009313245000000
65 3
     0.001473947503279    -0.005792548036116     0.003154999999140
    -0.003196564982668     0.000166164324745    -0.001466469684414
     0.002184152622830    -0.006632976687593     0.008633495000000
65 4
    -0.001387771258450     0.006709809670763    -0.004411999998797
     0.001615233137686     0.000599404709451    -0.000318697347547
     0.000131949053722    -0.003804997536431     0.005960245000000
65 5
    -0.060896930963989     0.014741421494420    -0.009406749997435
     0.009376651234880    -0.275407652260505     0.225073507245335
    -0.006606208731601     0.224235170919620    -0.297277005000000
65 6
     0.009257238292511    -0.002372492931873     0.002168499999409
     0.000274363869077    -0.001009444052152    -0.000253745443804
    -0.000864632561677     0.006247872475483    -0.010730255000000
65 7
     0.007574434936531    -0.013328693846487     0.003183499999132
    -0.021931174825005     0.034153429726534    -0.004018935224396
    -0.009682687175889     0.011492553858382    -0.003731005000000
65 8
    -0.000374492057025     0.008763860731035    -0.000507499999862
     0.007107940212977     0.005307188798437     0.000067838656745
     0.001235960297062     0.002378706032102    -0.006706255000000
65 9
    -0.005753732347133    -0.030879756767462    -0.032939999991017
    -0.004805611665009    -0.007933852133782    -0.002597498853271
    -0.003626310538581     0.012839005906916     0.014452245000000
65 10
     0.017970566699469     0.013119934581625     0.014224499996121
     0.006687649442284     0.004282177121986     0.004614760698105
     0.019582219010767     0.014455858265197     0.017677745000000
65 11
    -0.006733932994771    -0.005601514088295     0.000161749999956
    -0.004767783631961     0.002491641169220    -0.011169273969721
    -0.000263671510069    -0.013027232457325    -0.000199255000000
65 12
     0.005725297845556     0.005834506762711     0.001966749999464
     0.001180785265437     0.002723566641358     0.001323142478897
    -0.001654140574419    -0.003227595519717    -0.001095255000000
65 13
    -0.002377363722723    -0.001738214758122     0.001011499999724
    -0.021731139568515    -0.003350894039031    -0.022829295668393
     0.018236378614554     0.001212794314185     0.021826495000000
65 14
     0.002120566167049     0.002714928344341    -0.001016999999723
     0.002778322302259    -0.004205438467140    -0.001593775417790
    -0.006254171679761    -0.003235083112391     0.000029245000000
65 15
    -0.003628414754441    -0.011263598710263    -0.014383749996077
     0.004231533845722     0.023301049473168     0.028109596895727
     0.003180818984152     0.011440300096122     0.011664245000000
65 16
     0.003187635327198     0.002621646345823     0.002356249999357
     0.001822845604929     0.004807039599573     0.001657428284652
    -0.000735468216933    -0.002294408320301    -0.000054005000000
65 17
    -0.437560498577684    -0.070552515311025     0.163372749955447
    -0.067298996554202    -0.071521279571744     0.028765466759952
     0.169375461350187     0.031469364693766    -0.134091255000000
65 18
     0.040411528697362    -0.002137679049829    -0.006920249998113
     0.011466833621337    -0.006545419483052    -0.006621485897860
     0.031194688880964    -0.008642753923009    -0.017917005000000
65 19
     0.001291526653074    -0.004900010217072     0.000855999999767
    -0.005855459825494     0.009127111316964    -0.000392020832963
     0.007784787168325    -0.000203393095350    -0.012334755000000
65 20
    -0.000791030085375     0.004934895701779     0.000306249999916
     0.005238052859707     0.008313935436029     0.001117605783463
     0.000367004525865     0.000855630485897    -0.007513005000000
65 21
    -0.004921909142953     0.000028503289897     0.002488249999321
     0.001076673667901    -0.004362157835432    -0.002113246323290
    -0.003992240289629     0.001872196981516     0.012030745000000
65 22
     0.005335085421508     0.000389639017457    -0.003686249998995
    -0.003258226747172    -0.002403901908596     0.004890012443115
    -0.005686380395591    -0.000069639758607     0.009832245000000
65 23
     0.001933199540752    -0.002677600172923    -0.002302249999372
    -0.003844648222409     0.004707168692384     0.004763284058710
    -0.002503032783217     0.001538080046088     0.007247245000000
65 24
    -0.001068938822282     0.001047543648834     0.000468499999872
     0.003574943367362     0.001939798815581    -0.002973931236574
    -0.004989310418116    -0.000671279141158     0.008176995000000
65 25
    -0.232223403544979    -0.089538733859969    -0.199622749945561
    -0.084173963560057    -0.104081179462448    -0.104390269108221
    -0.197496458653576    -0.106396440824214    -0.297277005000000
65 26
     0.042776651990980    -0.001607165336995     0.005072249998617
     0.006995315649585    -0.001048787372515    -0.000747524262186
    -0.014794187174056     0.002639176153059    -0.003731005000000
65 27
     0.002465743066165    -0.003646707729332     0.001303999999644
    -0.006293564527033     0.005782051182799    -0.001751103366680
    -0.005843132559880    -0.002375142472348    -0.010730255000000
65 28
    -0.002985922823582     0.005600229960224    -0.000312499999915
     0.007256150470528     0.007918619568303     0.000405588564161
    -0.001442039702072    -0.002259726032006    -0.006706255000000
65 29
    -0.004607091671883     0.001953783145429    -0.003234249999118
     0.005245662346769    -0.005468957908998     0.000170462667727
     0.002487238391564     0.000916983266081     0.015167245000000
65 30
     0.004385510231015    -0.001515573459161     0.002847499999223
    -0.004111556508665    -0.002745398406679    -0.001999075307647
     0.006836402620725     0.001424956683377     0.008633495000000
65 31
     0.002501094894295    -0.001682476566580     0.000579249999842
    -0.004648603735522     0.003464499290672    -0.002696658769834
     0.004335409768171    -0.000753390008485     0.009313245000000
65 32
    -0.003502238558695     0.000394444873125    -0.001929999999474
     0.005489021402367     0.002713872012375     0.003980252756069
     0.003361199052189     0.001788227534799     0.005960245000000
65 33
    -0.004980651318310     0.001042758857715     0.003074249999162
    -0.000005411520867    -0.004303415660001    -0.001098264550236
    -0.003617490289642     0.002521283022041     0.012030745000000
65 34
     0.006837892798225    -0.001012922250961    -0.005276249998561
     0.000154125800518    -0.000197524571303    -0.000387835042078
    -0.002583532783045     0.001398649956289     0.007247245000000
65 35
     0.000772979847410    -0.005892159631165    -0.006077999998342
    -0.002244293863566     0.002158203671282     0.000747379924854
    -0.002782880396624     0.004959369762566     0.009832245000000
65 36
    -0.000813981185951     0.003722143229313     0.002809749999234
     0.001194743508211     0.001684841178927     0.001081232715921
    -0.001913310419222     0.004656509144385     0.008176995000000
65 37
    -0.103339628622792     0.125663512716885     0.056774749984517
     0.122409993930315    -0.405742149950088    -0.155867685192231
     0.057434461395994    -0.162418134799787    -0.134091255000000
65 38
     0.011825470283062     0.000226315363958     0.000767499999791
     0.001181764974903    -0.001406832326370    -0.000545307329405
     0.004068537169979    -0.006640126910191    -0.012334755000000
65 39
     0.001154175133447    -0.011198410028514     0.002274249999380
    -0.024802922692481     0.032711934130601     0.009303855249482
     0.023082188884400    -0.022694016102362    -0.017917005000000
65 40
     0.001632678110745     0.006637381442510    -0.000814749999778
     0.006334224278336     0.005890227236838    -0.000824023171474
    -0.000557495473612    -0.000745650485808    -0.007513005000000
65 41
     0.007055017064832    -0.016285351991470     0.020276499994470
     0.003707572828651    -0.012783274838537     0.010538663133450
     0.008067878618744    -0.016399564326480     0.021826495000000
65 42
     0.019613656801890     0.017650350122457    -0.031535499991400
     0.002155217563025     0.000058977887390    -0.001598105537676
    -0.008317181011114    -0.008474820093721     0.011664245000000
65 43
    -0.005002584608391    -0.001334230715415     0.000871749999762
    -0.001397624674079     0.002917712317325     0.001677635544420
    -0.000325421682083     0.007033813115467     0.000029245000000
65 44
     0.002477667060938     0.001412945236122    -0.000257249999930
     0.002211745974838     0.005517007866732    -0.002869286500119
     0.001619281782190     0.001784138319888    -0.000054005000000
65 45
     0.008063395605936     0.003171710878430    -0.014220499996122
    -0.022902434209068    -0.021750980104356     0.029825626233212
    -0.012932060534740    -0.003279025899176     0.014452245000000
65 46
     0.004675285246142     0.001819331590495     0.009753749997340
     0.000985601136202    -0.008917577086147     0.005444557373506
     0.011150078485399     0.006741962452236    -0.000199255000000
65 47
    -0.000872660958133    -0.004191493118580     0.003115749999150
     0.002240792015942     0.023125404803462    -0.014626158707032
    -0.002728030980128    -0.024186628273076     0.017677745000000
65 48
     0.000436288886829    -0.001872825481104    -0.000162499999956
     0.002780896014032     0.008012575606787    -0.002364826702459
     0.001968109424193     0.003046325519571    -0.001095255000000
65 49
     0.024024066054586     0.008736403032951     0.017480249995233
     0.004479117200114    -0.001836059525468    -0.006096097158623
     0.000138466271856    -0.014006209387626    -0.022940005000000
65 50
    -0.012041006129336    -0.005847134401487    -0.010947999997014
    -0.005655952559371    -0.005400740931682    -0.002753094755951
    -0.007858269043170    -0.008110461248711    -0.017889005000000
65 51
     0.010352272530949     0.016628662008590    -0.012054249996713
     0.012369409052595     0.011835811678413     0.007121182560256
     0.003458833508231     0.018178835379907    -0.022939755000000
65 52
    -0.014390020204397    -0.019160246130986     0.011479999996869
    -0.003360127444363    -0.001389902841487     0.000622672262610
     0.006278841208053     0.009624231991389    -0.011377005000000
65 53
    -0.003059070595136     0.024271534305835    -0.021058499994257
     0.054783684198390    -0.087496248241915     0.056065041267785
    -0.052987906491338     0.078852713781228    -0.044614505000000
65 54
    -0.007758088204577     0.000041597053340     0.000619249999831
    -0.007828309875038    -0.003266029849873     0.005383069571975
     0.004972421168864    -0.002161553897801     0.011733245000000
65 55
    -0.032151577995284     0.041069833346160     0.041800499988601
     0.071580151600055    -0.058401026560483    -0.085316781334971
     0.038023055127458    -0.046276676663924    -0.044614505000000
65 56
    -0.011345647047029    -0.013191237141794    -0.007012749998088
    -0.007914726860991     0.000839363026828    -0.006365719728598
    -0.009019477801305    -0.002897733814346     0.016926495000000
65 57
    -0.100618867500005    -0.001542490797632    -0.059082999983888
    -0.032054640702456     0.010063548786561    -0.009795324652831
    -0.094782406474356     0.006462516287846    -0.044614505000000
65 58
    -0.100617538678180     0.032051310793722     0.094786749974151
     0.001540992500358     0.010064934209158     0.006458095751150
     0.059088305118913    -0.009790593381470    -0.044614505000000
65 59
    -0.001017298878880    -0.003936513346107    -0.004352249998813
     0.003933393584374    -0.010006819184110    -0.003227821016313
     0.004358171169133    -0.003225466106560     0.011733245000000
65 60
     0.006932261000046     0.002638028269777     0.002006499999453
    -0.002638482005331    -0.017438545043405     0.009256079514772
    -0.002000227804127     0.009259963819497     0.016926495000000
65 61
    -0.001093516251308    -0.010022525708442     0.014019499996177
    -0.005765239874911     0.023281522812250    -0.012090291989844
     0.012198966266987     0.006883189381859    -0.022940005000000
65 62
    -0.001091606207425     0.005762282586695    -0.012194249996675
     0.010021535530605     0.023279690431286     0.006878695447240
    -0.014013916484702    -0.012084855374973    -0.022939755000000
65 63
    -0.002079824464119     0.000095138355527    -0.003089749999157
    -0.000096043483485    -0.015361922609520     0.010857793500191
     0.003094730952402     0.010860691250938    -0.017889005000000
65 64
     0.005111675620566     0.007899181892113     0.005200749998582
    -0.007900936788431    -0.020891598691158    -0.010253307768870
    -0.005195408787297    -0.010249751991895    -0.011377005000000
65 65
     0.974440968711548    -0.028714232372534    -0.021181499994224
    -0.028714232357035     0.941284630372276     0.012229144731252
    -0.020976416989629     0.012110740009805     0.977623495000000
65 66
    -0.051447089839057    -0.003147973547900    -0.005347249998542
    -0.003148479845977     0.002549902351010     0.000449034173092
    -0.005351732165293     0.000452487979275     0.028082745000000
65 67
    -0.008222901394042     0.021807016995630    -0.003062499999165
     0.021807523283635    -0.040674286148769     0.004406337254977
    -0.003067732166222     0.004408492024660     0.028082745000000
65 68
     0.000717117935123    -0.017253915303004     0.000788999999785
    -0.017253915293691    -0.019205987349988    -0.000455529362555
     0.000784203323350    -0.000452760000367     0.014980995000000
65 69
     0.010348796498780    -0.002899358658318     0.000613249999833
    -0.002899358656753     0.007000905508768    -0.000354060052708
     0.000605802090235    -0.000349760000283    -0.030523505000000
65 70
    -0.010587409108730     0.003990569494495     0.000554749999849
     0.003990679331179     0.001145773541866     0.000101180634541
     0.000548504559751     0.000104497765931    -0.017088755000000
65 71
    -0.005243504234854     0.007075984251911     0.000189749999948
     0.007075874409253    -0.004198131338781    -0.000531017910108
     0.000183754559899    -0.000527267766274    -0.017088755000000
65 72
     0.004112338607207    -0.005954720591606     0.002762749999247
    -0.005954720588392    -0.002763580459398    -0.001595074456779
     0.002757009192453    -0.001591760001289    -0.013363505000000