   9   72
1 1
    15.023218500000000   -13.226114000000004     9.028785000000001
   -13.283707613844649    33.033734201050891   -22.589097749897814
     9.036692500000001   -22.617784000000004    24.225243500000005
1 2
    -0.193142500000000     0.027336500000000    -0.007455500000000
    -0.021622633605451     0.119029706922098    -0.078446601800454
    -0.008016500000000    -0.106090000000000     0.223242500000000
1 3
    -0.267365000000000     0.575389000000000    -0.139675500000000
     0.530179597496089    -0.970961701961082     0.166639164820763
    -0.140947500000000     0.140130500000000     0.094755500000000
1 4
     0.052282500000000    -0.144162500000000     0.086226000000000
    -0.194106026526636    -0.140592584775099    -0.024914973516995
     0.086307000000000    -0.052522500000000     0.207875500000000
1 5
     0.093761500000000    -0.020761500000000    -0.028602000000000
    -0.067915155540742     0.049543869974793     0.111533679702398
    -0.028768500000000     0.082549500000000    -0.304274000000000
1 6
    -0.092236000000000     0.038556000000000    -0.076205500000000
    -0.012721913181059    -0.011875517687132     0.103179132632371
    -0.076854500000000     0.073239000000000    -0.198974000000000
1 7
    -0.025426000000000     0.091841500000000    -0.060757500000000
     0.043552417556321    -0.132893041586477     0.169591734096966
    -0.061718500000000     0.141554500000000    -0.199088000000000
1 8
     0.014249000000000    -0.038378500000000     0.005204000000000
    -0.089985235605424    -0.105828015666790     0.132783056359675
     0.005126000000000     0.103056500000000    -0.162217500000000
1 9
    -1.131334000000000     0.031931000000000    -1.906160500000000
     0.866125862734670     0.847101016658147     0.867257180591304
    -2.250570500000000    -0.009666000000000    -1.700240500000000
1 10
    -0.222006000000000    -0.042897500000000     0.110408500000000
     0.013784237678052     0.118011838397897     0.042136466020409
     0.178596000000000     0.009332500000000     0.081403500000000
1 11
     0.034964500000000     0.174834000000000     0.149081000000000
    -0.014349174915448    -0.436822058967919    -0.345529702352992
     0.028642500000000     0.094172500000000     0.183486000000000
1 12
    -0.024485500000000    -0.012495000000000    -0.001303500000000
    -0.196751445459642    -0.513333671340223    -0.067544496667413
     0.133136500000000     0.291868000000000     0.081390500000000
1 13
     0.047644500000000     0.053183000000000     0.093140500000000
     0.039879603818490     0.284889448878569     0.250098610332230
     0.005114000000000    -0.268963000000000    -0.368726000000000
1 14
    -0.204079500000000    -0.144957500000000    -0.183355000000000
     0.205018523965370     0.135026350831411     0.204365829485942
    -0.284795000000000    -0.222062000000000    -0.292032000000000
1 15
     0.024809500000000     0.089812500000000     0.013129000000000
     0.048681308672382    -0.194213413676906     0.068243379168201
    -0.010272000000000     0.105429000000000    -0.081948000000000
1 16
     0.003776500000000    -0.031155000000000    -0.020858000000000
    -0.042474793278766    -0.176686502879387    -0.049735838939074
     0.020303000000000     0.029146000000000    -0.049587500000000
1 17
     0.225002000000000    -0.154615500000000    -0.236151000000000
    -0.091580454400321     0.193515397201806     0.161365936137654
     0.147896000000000    -0.190304500000000    -0.367692500000000
1 18
    -0.154322000000000     0.013717500000000     0.092398000000000
     0.105277512186154     0.076453011320914    -0.013438404866112
     0.026872000000000    -0.028634500000000    -0.079888500000000
1 19
    -0.058462500000000     0.066840000000000     0.012966000000000
     0.127073350872884    -0.033281356267692    -0.004017203173079
    -0.056176500000000     0.061162500000000    -0.047993000000000
1 20
     0.065767500000000    -0.009248000000000    -0.051901000000000
    -0.312865244847839    -0.053286543094642     0.384622666429448
     0.246375500000000     0.073684500000000    -0.290101500000000
1 21
     0.001102500000000    -0.686825000000000     1.128645000000000
    -1.470668463569783    -0.199582482501048     1.986970581313037
     1.679142000000000     1.224655000000000    -1.710160500000000
1 22
    -0.347267000000000     0.044555500000000     0.069042500000000
     0.285107687282472     0.033774702072115    -0.040593208751833
    -0.398618000000000     0.055644000000000     0.181493500000000
1 23
    -0.260055500000000     0.147543500000000     0.188301000000000
     0.381151347937074    -0.195796508115329    -0.231381780632075
    -0.082559500000000     0.047991500000000     0.079493000000000
1 24
     0.089172000000000    -0.135374000000000    -0.076873500000000
    -0.143436900877505    -0.107294196674872    -0.130378681163258
    -0.043450500000000    -0.105612000000000     0.079239000000000
1 25
     0.142355500000000     0.018114500000000     0.196995500000000
    -0.037923541107502     0.074518887919112    -0.088749417355208
     0.153636500000000    -0.146128000000000    -0.304621500000000
1 26
    -0.319185500000000    -0.133106000000000    -0.231850500000000
     0.188815766011501     0.076089569327249     0.116328862364229
    -0.379915500000000    -0.183918000000000    -0.337423500000000
1 27
    -0.010413000000000     0.045205000000000    -0.033937500000000
     0.369522070138617    -0.238788607234717     0.392710477675269
    -0.237555500000000     0.129077000000000    -0.337099500000000
1 28
     0.020456500000000    -0.009583500000000     0.016150500000000
    -0.093573178853325    -0.096470899854217    -0.062728818072211
     0.039152000000000     0.000872000000000    -0.033816500000000
1 29
    -0.854498500000000     0.714491500000000    -1.919279000000000
     0.995956638491395     0.069934726778021     1.277540468409732
    -2.098549000000000     1.020741000000000    -2.188050500000000
1 30
    -0.188393500000000    -0.032370000000000    -0.011400500000000
    -0.206469405189732     0.044005060167402    -0.085266263180079
     0.296783000000000    -0.048706000000000     0.095309500000000
1 31
     0.131188500000000     0.151271000000000     0.192285000000000
    -0.022504247468243    -0.276739572479811    -0.260256799644988
     0.043094000000000     0.040938000000000     0.095174000000000
1 32
    -0.050125500000000    -0.030391500000000    -0.042872500000000
    -0.064688922235748    -0.161026742853075    -0.073149413080465
     0.018025500000000     0.062825500000000     0.052498500000000
1 33
    -0.142515500000000     0.159373500000000     0.167099000000000
     0.289787977238544     0.100642255548295    -0.414844643620973
    -0.056290000000000    -0.183956000000000     0.224008500000000
1 34
    -0.144769500000000    -0.337276000000000     0.052621000000000
    -0.209230294177222     0.099952610654417    -0.213848807656650
    -0.169313000000000    -0.385438500000000     0.224072000000000
1 35
     0.487490500000000     0.008603500000000     0.010167500000000
    -0.050030576254224    -2.718926881016581     2.242641199099704
    -0.019593500000000     2.269292500000000    -1.148087500000000
1 36
    -0.129814500000000    -0.016722500000000     0.038115000000000
    -0.032559379755017    -0.084423909137306     0.005983658189658
    -0.040876000000000     0.037173000000000     0.061510500000000
1 37
    -0.086535500000000     0.239181000000000    -0.257059000000000
     0.023887578712977    -0.187678097305636     0.193660600795057
    -0.113190500000000     0.337413500000000    -0.432843500000000
1 38
    -0.087691000000000    -0.073604500000000     0.114957000000000
    -0.291622507717652    -0.188051354252987     0.307545828141706
     0.259606500000000     0.222974500000000    -0.433535500000000
1 39
     0.069437000000000    -0.015858000000000    -0.019493500000000
    -0.035259935640212     0.099004601510685    -0.089282889002776
     0.021190000000000    -0.061267000000000    -0.106785000000000
1 40
    -0.059031000000000    -0.029343500000000     0.013624000000000
    -0.022646564308576     0.024806142990948    -0.034918721630823
    -0.011260000000000    -0.004435500000000    -0.061054000000000
1 41
    -0.002679500000000     1.551361000000000    -0.019236000000000
     1.630897019675877    -3.414885391438440     0.024551242847047
    -0.371408500000000     0.917211500000000     0.797752000000000
1 42
    -0.101515000000000     0.014913000000000     0.066502500000000
     0.045918976310131    -0.079829644370413    -0.165041636625527
    -0.084239000000000     0.126192000000000     0.266661500000000
1 43
    -1.230756500000000     2.265542500000000     0.606523500000000
     2.334195672743367    -2.196215309265990    -0.804651049444404
     0.037992000000000    -0.044862500000000     0.798199500000000
1 44
    -0.180741000000000    -0.177481000000000    -0.002038500000000
    -0.124364712083705     0.044954224010726    -0.056529808231843
    -0.026909500000000     0.012480000000000     0.174391000000000
1 45
     0.083952000000000    -0.002564500000000    -0.047894500000000
    -0.005120519537878     0.052363648689409     0.044821144772982
     0.098505500000000    -0.111274500000000    -0.252225000000000
1 46
    -0.050254000000000    -0.024574500000000    -0.027488000000000
    -0.006491726426478     0.023664144158468     0.061230882798864
     0.064571500000000    -0.067503000000000    -0.216828000000000
1 47
     0.015315500000000     0.037883500000000    -0.048149500000000
     0.035258492264084     0.121362779359830     0.113837018601428
     0.038796000000000    -0.075789500000000    -0.253329500000000
1 48
     0.004668500000000    -0.049107000000000    -0.036322000000000
    -0.038593844769290     0.107711043570216     0.066595621500205
     0.062236000000000    -0.076967000000000    -0.160092500000000
1 49
   -10.375470000000002     8.518149500000002    -5.665903500000001
     8.480087844921330   -12.546297952144668     6.410155782671403
    -5.502541000000001     6.264468000000002    -7.138278500000001
1 50
     0.491309500000000     0.076944000000000    -0.045529500000000
     0.055078349652478    -0.150591425413215    -0.018245711881764
    -0.046633500000000    -0.012781000000000    -0.331820500000000
1 51
     0.496194000000000    -0.746160500000000    -0.409697000000000
    -1.422976733261315     1.232263216918050     1.475327968919457
     0.416811500000000    -0.176700000000000    -0.762139000000000
1 52
     0.106514000000000     0.242272500000000    -0.184637000000000
     0.297514944564882     0.354207565571918     0.321040235985042
    -0.008588500000000     0.027494000000000    -0.576187000000000
1 53
    -0.169246000000000     0.004850000000000     0.018220000000000
    -0.051822382811122    -0.261016592598233    -0.198609647301252
     0.044335000000000     0.164503500000000     0.565454500000000
1 54
     0.156077000000000     0.083277500000000     0.153460000000000
    -0.055912332119796    -0.126077999008937    -0.179919664387830
     0.118261500000000     0.108652000000000     0.366160000000000
1 55
    -0.107985500000000    -0.215799500000000     0.151986000000000
    -0.014133823264273     0.228902927251465    -0.227210424936998
    -0.121049000000000    -0.261659000000000     0.443839500000000
1 56
     0.051300000000000     0.096222000000000    -0.000703000000000
     0.168723110616371     0.267326453689644    -0.144587559963514
    -0.147859500000000    -0.210263500000000     0.343893500000000
1 57
     0.191725000000000    -0.058021500000000    -0.472331000000000
    -0.103552389582022    -0.393005503662330     0.300771777436479
    -0.373263000000000     0.243032000000000    -0.021533500000000
1 58
     0.361496000000000     1.173521000000000     0.657392500000000
    -0.114095960198842    -0.949865900478439    -0.193565626677925
     0.633621500000000     1.480656000000000     0.768522000000000
1 59
    -0.051410000000000    -0.114163000000000     0.143634500000000
     0.282992275894579     1.158910576539207    -1.099062736310488
    -0.211741500000000    -0.779759500000000     0.867394500000000
1 60
     0.028845500000000    -0.128316000000000    -0.090093500000000
     0.071318058026677     0.375487253120499     0.150636747409417
     0.015095500000000    -0.119821000000000    -0.051647000000000
1 61
     1.003761000000000    -0.116720000000000     0.439017500000000
    -0.869040904243115     0.029026284784045    -0.436583324633028
     1.445205500000000    -0.085629500000000     0.621976000000000
1 62
     0.322223000000000    -0.130693500000000    -0.341250500000000
     0.907538620185440    -0.601264406012031    -0.805466268019409
    -1.100322500000000     0.495160500000000     1.054821000000000
1 63
    -0.255935000000000     0.078378000000000     0.007976000000000
     0.087175271846584     0.128930975363261     0.351266831977068
    -0.054943500000000     0.109745500000000    -0.005683000000000
1 64
     0.141125500000000    -0.097609000000000    -0.085960000000000
    -0.106689999619651     0.239658096740396     0.107756654241680
     0.028631500000000    -0.125154000000000    -0.019282000000000
1 65
    -3.063569999999999     1.153501000000002    -0.983633000000001
     1.298713057487532   -13.720966438215800    10.340885453062228
    -1.013769000000000    10.322328500000001   -12.988037500000001
1 66
     0.432945000000000     0.016812500000000    -0.062187500000000
    -0.096633423957370    -0.051076157589196     0.304766752621922
     0.091107000000000    -0.009145000000000    -0.516803000000000
1 67
     0.338298000000000    -1.081782500000000    -0.556064500000000
    -0.616931094244096     1.675850088990905     0.638006977146833
     0.138340000000000    -0.241448500000000    -0.212206500000000
1 68
    -0.005907000000000     0.323735000000000     0.058495500000000
     0.397684638919306     0.252497212024333     0.091354421768412
    -0.014330500000000     0.008050500000000    -0.300902500000000
1 69
    -0.389143000000000    -0.004845500000000     0.048973000000000
     0.139575582278788    -0.084689490261196    -0.117312955897078
    -0.129598500000000     0.106071500000000     0.674289000000000
1 70
     0.286475000000000     0.012977500000000     0.140632500000000
    -0.127545912069439    -0.005964894306184    -0.148879870540550
     0.155856500000000     0.042980000000000     0.427691000000000
1 71
     0.063218500000000    -0.139437500000000     0.099000500000000
    -0.296497942066619    -0.001948845832895    -0.308444473836846
     0.172814000000000    -0.052507500000000     0.400373000000000
1 72
    -0.064351000000000     0.070396000000000     0.013156000000000
     0.312625355810984     0.035100009614897    -0.185966831106550
    -0.211383000000000    -0.017197000000000     0.281622500000000
9 1
    -1.083633310866233     0.844395951174300    -2.285089500010755
     0.060552487604517     0.885153328338291    -0.016050048814348
    -1.900153340884779     0.841852128543383    -1.710160500000000
9 2
    -0.178906309015618    -0.011338182994643     0.151348000000693
    -0.019401083872148     0.160784112334100    -0.001385063295369
     0.113187924945616     0.015176763193331     0.079239000000000
9 3
     0.081262623996068    -0.037695993515680     0.000633500000648
     0.202856193766792    -0.394754921913328     0.080089163315962
     0.151119882431221    -0.373035314401466     0.181493500000000
9 4
     0.017070328494429    -0.221152676258401     0.106232000002739
     0.012455171678673    -0.472922336602887     0.278764339872030
    -0.000282108166236    -0.095494374322855     0.079493000000000
9 5
     0.094781072493814     0.016397366851434    -0.021671500002398
     0.079432412451113     0.323736324704763    -0.285195733195391
     0.090860531456539     0.223233943116516    -0.367692500000000
9 6
    -0.163002158790534     0.180785020764342    -0.307142500003339
    -0.122832224083496     0.175483115690220    -0.237258917695983
    -0.187000398865946     0.176525191867448    -0.290101500000000
9 7
     0.070285610231170     0.024399752041243    -0.034560999999462
     0.115959764227397    -0.148154598904687     0.086738217690939
     0.011362204424973     0.037589084650207    -0.079888500000000
9 8
     0.044390301794095    -0.067691258070892    -0.003003999999907
    -0.007457907198008    -0.136134158059236     0.013237486971869
    -0.024880028759622    -0.079231526095093    -0.047993000000000
9 9
    17.052015792568490    14.455034276825732    15.048340000223916
    14.397440662981086    31.004936908532702    19.113706050159863
    15.069229271552032    19.134897271091297    24.225243500000005
9 10
    -0.238848382222152     0.026021533308346    -0.021535999999398
    -0.023921993218289     0.150538297439836     0.087131393224289
     0.002332319270832     0.101005304523497     0.207875500000000
9 11
     0.043460831919572     0.158225630978685     0.071664500000597
     0.109266497373234    -0.117573624991608     0.032766648502392
     0.095884885088630     0.046102507350648     0.223242500000000
9 12
    -0.316337280953959    -0.558453757087336    -0.074476000001992
    -0.603663159591248    -0.921989421008337    -0.204282113695175
    -0.050882822846520    -0.192129365598394     0.094755500000000
9 13
     0.022200159271078     0.026599196207840    -0.082290000001031
    -0.020554459332902     0.121105210701941    -0.080536898449935
    -0.057105714070590    -0.066189001828464    -0.304274000000000
9 14
    -0.131391889732232     0.005899428714545    -0.117595500001045
    -0.045707306890879     0.039812874061832    -0.061884731978599
    -0.091812547026217    -0.047089003780256    -0.162217500000000
9 15
    -0.020779150531043     0.053977544456892    -0.051253000001185
     0.002699631275833    -0.083332367154317    -0.117585465223463
    -0.024999584548555    -0.103177449394326    -0.198974000000000
9 16
    -0.047398995130767    -0.056238532209814    -0.116492000001648
    -0.104527614653493    -0.110920046456255    -0.137413405518264
    -0.091730543021524    -0.124227038882807    -0.199088000000000
9 17
     0.741362291099771     0.215075845028793     0.202013499984152
     1.049270707763464    -1.025595274395195    -2.084412006965636
     1.133656251553084    -1.944218225983685    -1.700240500000000
9 18
    -0.481727997225659    -0.067237633395256     0.059147000000538
    -0.251494078854898    -0.056091174125901     0.032643384219887
    -0.319333352554890    -0.030634408830482     0.081390500000000
9 19
     0.020400966421537     0.126169489637129    -0.091695499999826
     0.182851227315180    -0.124395128017630     0.074548332782345
    -0.097380182080918     0.150002423012368     0.081403500000000
9 20
    -0.249383451510638    -0.149819191430703     0.224697000003476
    -0.339002366346150    -0.152474107464331     0.301872784396483
    -0.095877027338901    -0.022281117372412     0.183486000000000
9 21
     0.265875501189293     0.086116123462108    -0.263162000001581
     0.072812727280598     0.066658447694686    -0.044387266045930
     0.230371790680962     0.138910353914899    -0.368726000000000
9 22
    -0.163453387890625    -0.054075427510240     0.053501500000304
    -0.065395220789006    -0.009456614992908     0.006804361597625
    -0.035392676419014     0.003009913772817    -0.049587500000000
9 23
     0.076257074392050    -0.043166127278429    -0.085308500002499
     0.306809896686941    -0.145310223553688    -0.260973002651898
     0.334708833217564    -0.135608704867732    -0.292032000000000
9 24
    -0.079488106971975    -0.108897560132739    -0.065665000000489
    -0.150028751460357    -0.089915806707516    -0.022751642057956
    -0.086168192296721    -0.061610312947563    -0.081948000000000
9 25
    -0.197872084053045     0.178571502979912     0.158888000001967
     0.306617208802690     0.153055194706146     0.152495526600301
     0.418456032600706     0.046089890810863     0.224072000000000
9 26
    -1.935260986033552    -1.348745646369473    -1.947268000018015
    -1.407379722623697    -0.296175395043096    -1.112515286256983
    -1.955468203641860    -1.151614718748840    -1.148087500000000
9 27
     0.234345441510466    -0.072207211213117     0.275716500004118
     0.058207266025426    -0.276218685952828     0.352134300755668
     0.187455569180545     0.043229430021578     0.224008500000000
9 28
    -0.117111236761861     0.039893612205052    -0.024239499999871
     0.024056732450035    -0.097127172375130     0.030016729170006
    -0.011754762335278    -0.053986154404654     0.061510500000000
9 29
    -0.321109199111028     0.156858447628813    -0.323821000001942
    -0.061159560088839     0.045366844852254    -0.054217231729240
    -0.322904831398527     0.113338573984778    -0.433535500000000
9 30
     0.069477985707859     0.035283598749678     0.087068000000628
     0.015881663109465     0.098963615802827     0.027759578292925
     0.042463778414319     0.048984578305965    -0.106785000000000
9 31
    -0.048480411929853    -0.001916463371915    -0.039185500002755
    -0.217209884658938    -0.225733185374840    -0.319449924666193
    -0.235613412583443    -0.266732598465847    -0.432843500000000
9 32
    -0.018665500974414     0.045951596036683     0.023428500000345
     0.052648531728107    -0.015559356033638     0.029258090916424
     0.009471255678533    -0.007533696046492    -0.061054000000000
9 33
    -0.058909964855475    -0.021320947800910     0.109679000001638
     0.009685028509220    -0.122434679513882     0.140113672727224
    -0.067165977755721    -0.136049113988493     0.266661500000000
9 34
     0.036894447210745    -1.602317057141831     0.393586500009301
    -1.533663884398465    -3.463866256445307     0.927590283707942
     0.019856064677761     0.055333287140171     0.798199500000000
9 35
    -1.183875775407212    -2.312861007239560    -0.011644000000287
    -2.233324987563684    -2.233689116060514    -0.028934486090514
    -0.608624209653078    -0.780254946177485     0.797752000000000
9 36
    -0.142172609336686     0.146632182815104     0.049975500000446
     0.199748470731399     0.006385833348368     0.026499511330329
     0.002646752960636    -0.029544310602848     0.174391000000000
9 37
    -0.008267462523400     0.030732665140633    -0.039283500000621
     0.048815438714155    -0.018322393317090    -0.054420747698363
     0.026173562832386     0.089672059359774    -0.216828000000000
9 38
     0.126522371214573     0.028946824766589    -0.074511000001141
     0.026321817030674     0.010155908148014    -0.098617199479716
     0.046237632340934     0.071493071564805    -0.253329500000000
9 39
     0.056933025443798    -0.010478892695180    -0.014869000000584
    -0.013034912233058     0.079382623244941    -0.063888426087531
     0.047113793794606     0.140945515411431    -0.252225000000000
9 40
     0.043974827927414     0.061287363778757    -0.039512500000705
     0.071800519009467     0.068404715643777    -0.064753585465971
     0.035537377253903     0.092381457029260    -0.160092500000000
9 41
    -0.117515076034449     0.247391082345472     0.079543000000634
     0.073291677155740    -0.026873363796392     0.032760008974318
    -0.106210866682752     0.281374617408171     0.095309500000000
9 42
    -0.118999914936650    -0.121942101241767     0.129246500002990
    -0.295717348710010    -0.026551157549364     0.296652094587120
    -0.057000347980567     0.016851498750224     0.095174000000000
9 43
     0.579472189988673    -0.168053274626664    -0.146743000019214
     0.113411863864731    -1.364035963175100    -2.300914605134255
     0.165286863304710    -2.327767245063901    -2.188050500000000
9 44
    -0.174472462672665    -0.007102830135338     0.084785500000390
    -0.041400252371085    -0.036679780183493    -0.000553967583056
    -0.063421229006134    -0.015802209084277     0.052498500000000
9 45
     0.001393838299574    -0.003729198749904     0.015181499997985
     0.318192567261597    -0.244489768964377    -0.258952854059750
     0.349235410215201    -0.237057474287388    -0.337423500000000
9 46
    -0.002112616239686    -0.364729841340282    -0.323128500003321
    -0.040412771201665    -0.247088990994826    -0.225745975978205
     0.006993788954330    -0.270267597806164    -0.337099500000000
9 47
     0.082900474528759     0.003597166147431    -0.021638499998369
    -0.052440874960071     0.133973913388878     0.214977816106707
     0.049732310205781     0.206117111946879    -0.304621500000000
9 48
    -0.111907202121517     0.017152959803479     0.046249500000580
    -0.066836719049846     0.035892802264018     0.045351152319753
    -0.020331174152109     0.033470626608548    -0.033816500000000
9 49
    -9.994777494253062    -5.300447570054083    -8.463653000087859
    -5.155235512566553    -6.789758944134580    -6.022293892521254
    -8.432514207318937    -6.039113957558264   -12.988037500000001
9 50
     0.500280026073375    -0.105437423159170    -0.108363000000464
    -0.031487784239864    -0.253689814036493     0.004981378122239
     0.000193312486747    -0.016435827048779    -0.300902500000000
9 51
     0.035365657856411    -0.132909116250620    -0.232842000002744
    -0.246355040207990     0.346503184544536    -0.206239331108138
    -0.037633697682293     0.083473476461611    -0.516803000000000
9 52
     0.605897503580543     0.771429739669417    -0.274498000007724
     1.236281145425322     1.408250585416997    -0.800569471710139
     0.139930534708239     0.240530204358054    -0.212206500000000
9 53
    -0.102463030743050     0.025939175140935     0.077109500001173
     0.170360257419722    -0.371369459511039     0.101068340047549
    -0.027061363618660    -0.165271343290966     0.674289000000000
9 54
     0.176090369376016    -0.173806466479139     0.154474000001559
     0.068422889331844    -0.205341359755158     0.104376845765322
     0.120584538869066    -0.174464547925897     0.281622500000000
9 55
     0.017535501607947    -0.027726379721011     0.058617500001853
    -0.168249791790450     0.262974604079201     0.196231252866480
    -0.115150021855117     0.113485688343256     0.427691000000000
9 56
    -0.174422592996893     0.159295793056047     0.217620500002945
     0.002235350989428     0.235692247158107     0.239959184904721
    -0.040934171110225     0.175915064127749     0.400373000000000
9 57
     0.526018994006959    -0.055313623351575    -0.185710500003444
    -0.000071178786692    -0.065297428424640    -0.320420450469086
    -0.019516252451945    -0.021184859180310    -0.576187000000000
9 58
    -4.643138284120941    -5.170524585715353    -2.718406000077972
    -5.208586240794023   -18.278629667881610    -8.111894257666039
    -2.673917929261949    -7.897574291306357    -7.138278500000001
9 59
     0.108981938550312     1.199419745352639    -1.072823000013787
     0.522603512091324     1.619475278358137    -1.092471994309604
    -0.055379061149393     0.449319347585023    -0.762139000000000
9 60
     0.067051160271176    -0.300024016297822     0.038565999999935
    -0.321889666645344     0.273666914305090    -0.030306847680233
     0.034385420685906    -0.033995295666881    -0.331820500000000
9 61
     0.328044438474753    -0.008944634568221     0.125568000001161
     0.063556476048150    -0.009417984778248     0.071684964122904
     0.256023282490887    -0.022918333189278     0.343893500000000
9 62
    -0.258413582849140     0.000341454850821     0.162891000001684
    -0.056330927960301    -0.171849009751303     0.115083806507383
    -0.164631710013219    -0.043856513723693     0.565454500000000
9 63
     0.045116770879901     0.102527460569231     0.120777000002537
     0.304193137304958     0.075800656375360     0.245228949486449
     0.287127841131642     0.025997990898597     0.443839500000000
9 64
    -0.043689783977359    -0.059423074383249     0.079085000002163
    -0.198612906503044     0.073688784963469     0.222860090657027
    -0.153226142173153     0.048091463288384     0.366160000000000
9 65
    -0.034008750072750    -1.113209116981284     0.868179500004900
    -0.074976996795844    -0.245032655948113     0.107201531959226
     0.121339678044080    -1.200487487343791     1.054821000000000
9 66
     0.104401151075119     0.120864901972810    -0.308194000002792
     0.129662173819394    -0.231405175702924    -0.168725997368035
    -0.067570640952203    -0.102455216772240    -0.005683000000000
9 67
    -0.154137028982746     0.200528165524076     0.158583500005558
    -0.551792738719038     1.186924313738084     0.598491970017736
    -0.648445427685721     1.294399426673477     0.621976000000000
9 68
     0.126560885739474     0.098281115655798    -0.050340000001268
     0.089200116036146     0.254222711000561    -0.128321870829227
     0.094070793386581     0.087372606348147    -0.019282000000000
9 69
    -0.163280926434233    -0.188884139538711    -0.161063499995384
    -1.476501099737553    -0.425088974057217     0.666101418589266
    -1.599096460281748    -0.191595684622801     0.768522000000000
9 70
     0.929435653340479     0.283299226088001     0.879999000009520
     0.680454501982580     0.178064923223045     0.673922494013578
     0.781162285850623     0.206506231966851     0.867394500000000
9 71
    -0.316786424238069    -0.190036818084188    -0.024310500004619
    -0.235567707666210     0.115505920563131    -0.559436533708076
    -0.023840385935149    -0.444771240288784    -0.021533500000000
9 72
     0.264145981990885     0.064532738589526    -0.085408500001632
     0.264166796616202     0.140186771135447    -0.153341633419595
     0.096220279908142     0.072983586482666    -0.051647000000000
17 1
     0.185280922139155    -0.119344029189843     0.170021500001581
    -0.132647425371353     0.147253026742826    -0.205711344286299
    -0.235485790680962     0.130052646085101    -0.368726000000000
17 2
    -0.199427263550606     0.080781847124167     0.052536000000489
     0.039650655796548     0.030023349868141    -0.045491737110246
     0.096440192296721    -0.043818687052437    -0.081948000000000
17 3
    -0.099688116435026     0.102210117428389    -0.032643500000304
     0.090890324149623    -0.073221886446926     0.042931477341449
     0.015089676419014    -0.032155913772817    -0.049587500000000
17 4
     0.024242701860088    -0.336840408669626     0.268663500002499
     0.013135615295744    -0.093295851023017     0.056607173165956
    -0.049913833217564     0.357670704867732    -0.292032000000000
17 5
    -0.036377766081048    -1.498299139130798     1.704147000015848
    -0.664104276396128    -0.247855217233657     1.217154826374331
     1.116914248446916     1.953884225983685    -1.700240500000000
17 6
    -0.388367386957485     0.258759953803874    -0.373778000003476
     0.069576778888426    -0.013490172020929     0.043656917956508
     0.067234527338901    -0.071891382627588     0.183486000000000
17 7
    -0.300515259803767     0.356117301584719    -0.057843500000538
     0.171860856125077    -0.237303911543300     0.034901112447525
     0.186196852554890    -0.261233591169518     0.081390500000000
17 8
     0.045613791179698    -0.168294596154206    -0.018713000000174
    -0.111612858476154    -0.149607952775165    -0.116684798802753
    -0.081215817919082    -0.159334923012368     0.081403500000000
17 9
     0.784810837107238     1.018194244180375     1.156444500010755
     0.234350780610591    -0.983290819588855    -1.970920532498689
     0.221011340884779    -2.066507128543384    -1.710160500000000
17 10
    -0.440792840674704    -0.276802595647210    -0.294533000002739
    -0.043194747710136    -0.015059167445106    -0.047382559239955
     0.082841608166236     0.047502874322855     0.079493000000000
17 11
     0.062551013999320     0.158806534310901    -0.074474500000693
     0.150743633433395    -0.080673210674852     0.131763744458627
    -0.069737424945616     0.090435236806669     0.079239000000000
17 12
    -0.204234070886639    -0.367687787408028    -0.069676000000648
    -0.127135600125556    -0.109258227037700    -0.039495954564129
     0.247498117568779     0.317391314401466     0.181493500000000
17 13
     0.307993023316091     0.043665564749048     0.257822500002398
     0.106700610348726     0.110524373887772     0.123829797057737
    -0.238756531456539    -0.032929443116516    -0.367692500000000
17 14
    -0.123543586196870    -0.089498768238434    -0.009962000000093
    -0.029265417365550     0.031799729927565    -0.009220283798791
     0.081056528759622     0.018069026095093    -0.047993000000000
17 15
     0.115956094146589     0.283888846507416     0.359043500003339
    -0.019728398340423    -0.103475137239987    -0.147363748733465
    -0.059375101134055    -0.250209691867448    -0.290101500000000
17 16
    -0.032767093246955    -0.175457270320474    -0.057837000000538
    -0.083897258134320    -0.045101895429116    -0.073299812824826
    -0.038234204424973    -0.008954584650207    -0.079888500000000
17 17
    40.010194760236345    -1.142529856058760   -24.077125000223916
    -1.200123469903406     8.046757941434041     3.475391699737953
   -24.105921771552033     3.482886728908708    24.225243500000005
17 18
    -1.273787772023773     0.050878860843203     0.214151500001992
     0.005669458339292     0.035461070037740     0.037642948874413
     0.191830322846520     0.051998865598394     0.094755500000000
17 19
     0.054100755054276     0.193056256481607    -0.064690000000602
     0.143112729954971    -0.142410839829329    -0.062216419707294
    -0.088639319270832    -0.048482804523497     0.207875500000000
17 20
     0.038512478468002    -0.112123430570508    -0.064209000000597
    -0.161082564175960    -0.112625271540160     0.045679953298062
    -0.087868385088630     0.059987492649352     0.223242500000000
17 21
     0.098996395692954     0.064892787103273     0.110892000001031
     0.017739131562531     0.044308974281968    -0.030996781252464
     0.085874214070590    -0.016360498171536    -0.304274000000000
17 22
    -0.164653567253890     0.036830655875333     0.177249500001648
    -0.011458426568346     0.006334525663962    -0.032178328578702
     0.153449043021524    -0.017327461117193    -0.199088000000000
17 23
    -0.020225633771888     0.109889174693590     0.112391500001045
     0.058282439088167    -0.071353381895756    -0.070898324381076
     0.086686547026217    -0.055967496219744    -0.162217500000000
17 24
    -0.043152126000096    -0.015616674685304     0.127458500001185
    -0.066894587866363    -0.060959391685819     0.014406332591091
     0.101854084548555     0.029938449394326    -0.198974000000000
17 25
    -3.946595661191406    -0.766205201973218    -1.000110000009301
    -0.697552029229852     0.519623851858083    -0.122939234263538
    -0.057848064677761    -0.010470787140171     0.798199500000000
17 26
    -3.939792061877445     0.642195977725745     0.030880000000287
     0.721731997401622     0.522227170341393     0.004383243243468
     0.980032709653078    -0.136956553822515     0.797752000000000
17 27
    -0.111592001703114    -0.040101016664286    -0.176181500001639
    -0.009095040354155    -0.069752642667549     0.024927963898303
     0.151404977755721     0.009857113988493     0.266661500000000
17 28
     0.119233445354446    -0.048825614689546    -0.047937000000446
     0.004290673226749    -0.255020221336283     0.030030296901514
     0.024262747039364     0.017064310602848     0.174391000000000
17 29
     0.063179547829685    -0.062892813162716     0.122660500001141
    -0.065517820898631     0.073498731531331    -0.015219819121712
    -0.085033632340934     0.004296428435195    -0.253329500000000
17 30
     0.063588447592262     0.016877422001996     0.062763500000584
     0.014321402464119     0.072727201096641     0.019067281314549
    -0.145619293794606    -0.029671015411430    -0.252225000000000
17 31
     0.018636678761983    -0.033282325500916     0.066771500000621
    -0.015199551927394    -0.045226534601806    -0.006810135100500
    -0.090745062832386    -0.022169059359774    -0.216828000000000
17 32
     0.119925987431916    -0.027950096624822     0.075834500000705
    -0.017436941394112    -0.007546443858842    -0.001842036034234
    -0.097773377253903    -0.015414457029260    -0.160092500000000
17 33
    -0.230515193793358     0.231333972444131    -0.321531500002990
     0.057558724975889     0.084964121304580    -0.036395294942133
     0.013906347980567    -0.057789498750224     0.095174000000000
17 34
    -0.901819349819041    -0.968635933110429     2.066022000019214
    -0.687170794619033     0.117255576595889     1.023374136724523
     1.933262136695290     1.307026245063901    -2.188050500000000
17 35
     0.089325916287188     0.046128025439126    -0.068142500000634
    -0.127971379750606    -0.233714356112901     0.052506254205762
    -0.190572133317248    -0.232668617408171     0.095309500000000
17 36
    -0.092130401612936     0.088940463488959    -0.041913000000390
     0.054643041253212    -0.119021841241180     0.073703380663521
     0.045395729006134    -0.047023290915723     0.052498500000000
17 37
    -0.361276794621271    -0.166950763867644     0.357066000003321
     0.157366306270973     0.112075187377855    -0.166964501697064
     0.230561711045670     0.141190597806164    -0.337099500000000
17 38
     0.100055607352679     0.062345395513822    -0.175357000001631
     0.006307354406320     0.116818780565384    -0.126228398751498
    -0.203368810205781    -0.059989111946879    -0.304621500000000
17 39
    -0.046852234305871    -0.346047450267347     0.216669000002015
    -0.024125684255846    -0.196243696360128     0.142623991695520
     0.030680089784799     0.420975474287388    -0.337423500000000
17 40
    -0.022570897663397     0.118415058476508    -0.062400000000580
     0.034425379623183    -0.053443502191887     0.017377665752458
    -0.018820825847891    -0.034342626608548    -0.033816500000000
17 41
     0.113747416561850     0.009677304710641    -0.067574500000628
    -0.009724630929571     0.054694184949933     0.061523310709850
    -0.063653778414319     0.012282421694035    -0.106785000000000
17 42
    -0.276304484035581     0.085675595302450     0.296244500002755
    -0.129617825984574     0.002090886725240     0.125789323871136
     0.348803912583443    -0.070680901534153    -0.432843500000000
17 43
    -0.004813332275445     0.243773063947665     0.208864000001942
     0.025755056230013    -0.270929021975487    -0.253328596412467
     0.063298331398527    -0.336313073984778    -0.433535500000000
17 44
     0.026359215461758    -0.026653499573819    -0.037052500000345
    -0.019956563882395    -0.060584072468693     0.005660630714398
     0.001788744321467     0.011969196046492    -0.061054000000000
17 45
    -1.899384085592434     1.428093260750809     1.937100500018015
     1.369459184496585    -0.332052295483324    -1.130125912842721
     1.975061703641861    -1.117677781251160    -1.148087500000000
17 46
    -0.154639808184281    -0.282788004644698    -0.442815500004118
    -0.152373527406154     0.112766563732275     0.062710342865304
    -0.131165569180545     0.140726569978422     0.224008500000000
17 47
     0.275416250038388    -0.033364061714079    -0.211509000001967
     0.094681644108699    -0.320233139373553     0.061353281056349
    -0.249143032600706     0.339348609189137     0.224072000000000
17 48
    -0.074431876947237     0.000584207427473    -0.013875500000129
    -0.015252672327544    -0.139806532188695    -0.036000387359664
     0.052630762335278     0.016813154404654     0.061510500000000
17 49
    -0.706776358967657    -0.313445563296876    -0.526929000004901
     0.724786556888564     0.427734952930114     0.698264736060182
     0.978982821955920     0.705326987343790     1.054821000000000
17 50
     0.303489009380032     0.012949383773679     0.136300000001268
     0.003868384154028     0.077294587364389     0.020565216587548
    -0.122702293386581     0.037781393651853    -0.019282000000000
17 51
    -0.038972188025432    -0.212438809742686     0.300218000002792
    -0.203641537896102    -0.088031836605928    -0.182540834609033
     0.122514140952203    -0.007290283227760    -0.005683000000000
17 52
     0.699556956159893     1.044673190840596    -0.597601000005558
     0.292352286597481     0.333230328616610    -0.161908645384708
    -0.796760072314279    -1.208769926673476     0.621976000000000
17 53
    -1.080769924318750     0.946788579836974    -0.496329000004616
    -0.340828380361868     0.492400023804553    -0.472535791911341
     0.965474960281748    -1.289060315377200     0.768522000000000
17 54
     0.313507647703827    -0.235667825629541     0.175502000001632
    -0.036033767602864     0.090825105423730     0.002704886010178
    -0.111315779908142     0.046837413517334    -0.051647000000000
17 55
     0.783225211511430    -0.764869139929870    -1.023633500009520
    -0.367713864035290     0.324275365048470     0.425140242296910
    -0.569420785850623     0.573253268033150     0.867394500000000
17 56
    -0.176859331270042     0.316354652457221     0.496641500004619
     0.270823762875199    -0.024421172401427     0.258664756271597
     0.397103385935149     0.201739240288784    -0.021533500000000
17 57
     2.077026629968138    -0.386924348303274     0.830562500007724
     0.077927057452631    -0.062878540934125     0.162562494563306
    -0.278270534708239     0.000918295641946    -0.212206500000000
17 58
   -12.118457163580908     3.929128483822786     9.447286000087860
     4.074340541310317    -4.666079274859387    -4.318591560540974
     9.446283207318936    -4.283214542441737   -12.988037500000001
17 59
     0.104492605757896     0.286265502186675     0.295029500002744
     0.172819578229305     0.277376236644765    -0.098527421513784
    -0.053473302317707    -0.074328476461611    -0.516803000000000
17 60
    -0.124487708027486    -0.329222035219790     0.049867500000464
    -0.255272396300483     0.371077920048879    -0.096335799890651
     0.014137187513253     0.008385327048779    -0.300902500000000
17 61
     0.203108574247478     0.215732370043882    -0.316621000002945
     0.058671927977263    -0.141838920076905     0.068485288932124
    -0.131879828889775    -0.123407564127749     0.400373000000000
17 62
    -0.219142704651894    -0.237725298559116    -0.126082500001173
    -0.093304216280328    -0.254689785605087     0.016244615849529
     0.156659863618660     0.059199843290966     0.674289000000000
17 63
     0.116754656932555     0.225533997825169    -0.199250000001853
     0.085010585755730     0.163755448757053    -0.047351382325930
    -0.040706478144883    -0.156465688343256     0.427691000000000
17 64
    -0.155615854952366    -0.259933567237336    -0.167630000001559
    -0.017704211426353     0.126364864565000     0.081589985341228
     0.090798461130934     0.191661547925897     0.281622500000000
17 65
    -0.217734306057916     0.079817119365862    -0.181111000001684
     0.023144736554740    -0.212528286541519     0.083525840793869
     0.120296710013219    -0.120646986276307     0.565454500000000
17 66
     0.244244870005809    -0.189226475672821    -0.272763000002537
     0.012439201062906    -0.123327442745612    -0.018018524549451
    -0.166078841131642     0.235661009101403     0.443839500000000
17 67
     0.098595242069654    -0.196029031356335    -0.124865000001161
    -0.123527920739965     0.220031211621162     0.072902595840610
    -0.108163782490887     0.233181833189278     0.343893500000000
17 68
    -0.067388714540736     0.184930322562942    -0.232545000002163
     0.045740490443146     0.097387715526258    -0.042940426269198
     0.034964642173153    -0.156743463288384     0.366160000000000
17 69
   -19.364043644562649    -3.290532431666640     8.384309500077972
    -3.328594086745313    -3.557724307804872     1.701738474994636
     8.176458929261949     1.633106291306355    -7.138278500000001
17 70
     1.987509886872589     0.561965104539333     1.482520000013787
    -0.114851128721981    -0.259052669917566    -0.382855974609854
    -0.361432438850607    -0.272619347585023    -0.762139000000000
17 71
     0.058549354364092    -0.269822543495749     0.370347500003444
    -0.214580098930866     0.402172211206638    -0.000619785515956
     0.028104752451945    -0.006309140819690    -0.576187000000000
17 72
    -0.047283548396599     0.255878491819105     0.006963500000065
     0.234012841471583     0.388001622970030     0.048552559561997
     0.012248079314094     0.046776295666881    -0.331820500000000
25 1
     0.100055607352679    -0.062345395513822     0.175357000001631
    -0.006307354406320     0.116818780565384    -0.126228398751498
     0.203368810205781    -0.059989111946879    -0.304621500000000
25 2
    -0.361276794621271     0.166950763867644    -0.357066000003321
    -0.157366306270973     0.112075187377855    -0.166964501697064
    -0.230561711045670     0.141190597806164    -0.337099500000000
25 3
    -0.046852234305871     0.346047450267347    -0.216669000002015
     0.024125684255846    -0.196243696360128     0.142623991695520
    -0.030680089784799     0.420975474287388    -0.337423500000000
25 4
    -0.022570897663397    -0.118415058476508     0.062400000000580
    -0.034425379623183    -0.053443502191887     0.017377665752458
     0.018820825847891    -0.034342626608548    -0.033816500000000
25 5
    -0.901819349819041     0.968635933110429    -2.066022000019214
     0.687170794619033     0.117255576595889     1.023374136724523
    -1.933262136695290     1.307026245063901    -2.188050500000000
25 6
    -0.230515193793358    -0.231333972444131     0.321531500002990
    -0.057558724975889     0.084964121304580    -0.036395294942133
    -0.013906347980567    -0.057789498750224     0.095174000000000
25 7
     0.089325916287188    -0.046128025439126     0.068142500000634
     0.127971379750606    -0.233714356112901     0.052506254205762
     0.190572133317248    -0.232668617408171     0.095309500000000
25 8
    -0.092130401612936    -0.088940463488959     0.041913000000390
    -0.054643041253212    -0.119021841241180     0.073703380663521
    -0.045395729006134    -0.047023290915723     0.052498500000000
25 9
    -0.154639808184281     0.282788004644698     0.442815500004118
     0.152373527406154     0.112766563732275     0.062710342865304
     0.131165569180545     0.140726569978422     0.224008500000000
25 10
    -1.899384085592434    -1.428093260750809    -1.937100500018015
    -1.369459184496585    -0.332052295483324    -1.130125912842721
    -1.975061703641861    -1.117677781251160    -1.148087500000000
25 11
     0.275416250038388     0.033364061714079     0.211509000001967
    -0.094681644108699    -0.320233139373553     0.061353281056349
     0.249143032600706     0.339348609189137     0.224072000000000
25 12
    -0.074431876947237    -0.000584207427473     0.013875500000129
     0.015252672327544    -0.139806532188695    -0.036000387359664
    -0.052630762335278     0.016813154404654     0.061510500000000
25 13
    -0.276304484035581    -0.085675595302450    -0.296244500002755
     0.129617825984574     0.002090886725240     0.125789323871136
    -0.348803912583443    -0.070680901534153    -0.432843500000000
25 14
     0.113747416561850    -0.009677304710641     0.067574500000628
     0.009724630929571     0.054694184949933     0.061523310709850
     0.063653778414319     0.012282421694035    -0.106785000000000
25 15
    -0.004813332275445    -0.243773063947665    -0.208864000001942
    -0.025755056230013    -0.270929021975487    -0.253328596412467
    -0.063298331398527    -0.336313073984778    -0.433535500000000
25 16
     0.026359215461758     0.026653499573819     0.037052500000345
     0.019956563882395    -0.060584072468693     0.005660630714398
    -0.001788744321467     0.011969196046492    -0.061054000000000
25 17
    -3.939792061877445    -0.642195977725745    -0.030880000000287
    -0.721731997401622     0.522227170341393     0.004383243243468
    -0.980032709653078    -0.136956553822515     0.797752000000000
25 18
    -3.946595661191406     0.766205201973218     1.000110000009301
     0.697552029229852     0.519623851858083    -0.122939234263538
     0.057848064677761    -0.010470787140171     0.798199500000000
25 19
    -0.111592001703114     0.040101016664286     0.176181500001639
     0.009095040354155    -0.069752642667549     0.024927963898303
    -0.151404977755721     0.009857113988493     0.266661500000000
25 20
     0.119233445354446     0.048825614689546     0.047937000000446
    -0.004290673226749    -0.255020221336283     0.030030296901514
    -0.024262747039364     0.017064310602848     0.174391000000000
25 21
     0.063588447592262    -0.016877422001996    -0.062763500000584
    -0.014321402464119     0.072727201096641     0.019067281314549
     0.145619293794606    -0.029671015411430    -0.252225000000000
25 22
     0.063179547829685     0.062892813162716    -0.122660500001141
     0.065517820898631     0.073498731531331    -0.015219819121712
     0.085033632340934     0.004296428435195    -0.253329500000000
25 23
     0.018636678761983     0.033282325500916    -0.066771500000621
     0.015199551927394    -0.045226534601806    -0.006810135100500
     0.090745062832386    -0.022169059359774    -0.216828000000000
25 24
     0.119925987431916     0.027950096624822    -0.075834500000705
     0.017436941394112    -0.007546443858842    -0.001842036034234
     0.097773377253903    -0.015414457029260    -0.160092500000000
25 25
    40.010194760236345     1.142529856058760    24.077125000223916
     1.200123469903406     8.046757941434041     3.475391699737953
    24.105921771552033     3.482886728908708    24.225243500000005
25 26
    -1.273787772023773    -0.050878860843203    -0.214151500001992
    -0.005669458339292     0.035461070037740     0.037642948874413
    -0.191830322846520     0.051998865598394     0.094755500000000
25 27
     0.038512478468002     0.112123430570508     0.064209000000597
     0.161082564175960    -0.112625271540160     0.045679953298062
     0.087868385088630     0.059987492649352     0.223242500000000
25 28
     0.054100755054276    -0.193056256481607     0.064690000000602
    -0.143112729954971    -0.142410839829329    -0.062216419707294
     0.088639319270832    -0.048482804523497     0.207875500000000
25 29
     0.098996395692954    -0.064892787103273    -0.110892000001031
    -0.017739131562531     0.044308974281968    -0.030996781252464
    -0.085874214070590    -0.016360498171536    -0.304274000000000
25 30
    -0.164653567253890    -0.036830655875333    -0.177249500001648
     0.011458426568346     0.006334525663962    -0.032178328578702
    -0.153449043021524    -0.017327461117193    -0.199088000000000
25 31
    -0.043152126000096     0.015616674685304    -0.127458500001185
     0.066894587866363    -0.060959391685819     0.014406332591091
    -0.101854084548555     0.029938449394326    -0.198974000000000
25 32
    -0.020225633771888    -0.109889174693590    -0.112391500001045
    -0.058282439088167    -0.071353381895756    -0.070898324381076
    -0.086686547026217    -0.055967496219744    -0.162217500000000
25 33
    -0.036377766081048     1.498299139130798    -1.704147000015848
     0.664104276396128    -0.247855217233657     1.217154826374331
    -1.116914248446916     1.953884225983685    -1.700240500000000
25 34
    -0.388367386957485    -0.258759953803874     0.373778000003476
    -0.069576778888426    -0.013490172020929     0.043656917956508
    -0.067234527338901    -0.071891382627588     0.183486000000000
25 35
     0.045613791179698     0.168294596154206     0.018713000000174
     0.111612858476154    -0.149607952775165    -0.116684798802753
     0.081215817919082    -0.159334923012368     0.081403500000000
25 36
    -0.300515259803767    -0.356117301584719     0.057843500000538
    -0.171860856125077    -0.237303911543300     0.034901112447525
    -0.186196852554890    -0.261233591169518     0.081390500000000
25 37
     0.185280922139155     0.119344029189843    -0.170021500001581
     0.132647425371353     0.147253026742826    -0.205711344286299
     0.235485790680962     0.130052646085101    -0.368726000000000
25 38
    -0.199427263550606    -0.080781847124167    -0.052536000000489
    -0.039650655796548     0.030023349868141    -0.045491737110246
    -0.096440192296721    -0.043818687052437    -0.081948000000000
25 39
     0.024242701860088     0.336840408669626    -0.268663500002499
    -0.013135615295744    -0.093295851023017     0.056607173165956
     0.049913833217564     0.357670704867732    -0.292032000000000
25 40
    -0.099688116435026    -0.102210117428389     0.032643500000304
    -0.090890324149623    -0.073221886446926     0.042931477341449
    -0.015089676419014    -0.032155913772817    -0.049587500000000
25 41
     0.307993023316091    -0.043665564749048    -0.257822500002398
    -0.106700610348726     0.110524373887772     0.123829797057737
     0.238756531456539    -0.032929443116516    -0.367692500000000
25 42
    -0.123543586196870     0.089498768238434     0.009962000000093
     0.029265417365550     0.031799729927565    -0.009220283798791
    -0.081056528759622     0.018069026095093    -0.047993000000000
25 43
    -0.032767093246955     0.175457270320474     0.057837000000538
     0.083897258134320    -0.045101895429116    -0.073299812824826
     0.038234204424973    -0.008954584650207    -0.079888500000000
25 44
     0.115956094146589    -0.283888846507416    -0.359043500003339
     0.019728398340423    -0.103475137239987    -0.147363748733465
     0.059375101134055    -0.250209691867448    -0.290101500000000
25 45
     0.784810837107238    -1.018194244180375    -1.156444500010755
    -0.234350780610591    -0.983290819588855    -1.970920532498689
    -0.221011340884779    -2.066507128543384    -1.710160500000000
25 46
    -0.440792840674704     0.276802595647210     0.294533000002739
     0.043194747710136    -0.015059167445106    -0.047382559239955
    -0.082841608166236     0.047502874322855     0.079493000000000
25 47
    -0.204234070886639     0.367687787408028     0.069676000000648
     0.127135600125556    -0.109258227037700    -0.039495954564129
    -0.247498117568779     0.317391314401466     0.181493500000000
25 48
     0.062551013999320    -0.158806534310901     0.074474500000693
    -0.150743633433395    -0.080673210674852     0.131763744458627
     0.069737424945616     0.090435236806669     0.079239000000000
25 49
    -0.176859331270042    -0.316354652457221    -0.496641500004619
    -0.270823762875199    -0.024421172401427     0.258664756271597
    -0.397103385935149     0.201739240288784    -0.021533500000000
25 50
     0.783225211511430     0.764869139929870     1.023633500009520
     0.367713864035290     0.324275365048470     0.425140242296910
     0.569420785850623     0.573253268033150     0.867394500000000
25 51
    -1.080769924318750    -0.946788579836974     0.496329000004616
     0.340828380361868     0.492400023804553    -0.472535791911341
    -0.965474960281748    -1.289060315377200     0.768522000000000
25 52
     0.313507647703827     0.235667825629541    -0.175502000001632
     0.036033767602864     0.090825105423730     0.002704886010178
     0.111315779908142     0.046837413517334    -0.051647000000000
25 53
     0.699556956159893    -1.044673190840596     0.597601000005558
    -0.292352286597481     0.333230328616610    -0.161908645384708
     0.796760072314279    -1.208769926673476     0.621976000000000
25 54
    -0.038972188025432     0.212438809742686    -0.300218000002792
     0.203641537896102    -0.088031836605928    -0.182540834609033
    -0.122514140952203    -0.007290283227760    -0.005683000000000
25 55
    -0.706776358967657     0.313445563296876     0.526929000004901
    -0.724786556888564     0.427734952930114     0.698264736060182
    -0.978982821955920     0.705326987343790     1.054821000000000
25 56
     0.303489009380032    -0.012949383773679    -0.136300000001268
    -0.003868384154028     0.077294587364389     0.020565216587548
     0.122702293386581     0.037781393651853    -0.019282000000000
25 57
   -19.364043644562649     3.290532431666640    -8.384309500077972
     3.328594086745313    -3.557724307804872     1.701738474994636
    -8.176458929261949     1.633106291306355    -7.138278500000001
25 58
     1.987509886872589    -0.561965104539333    -1.482520000013787
     0.114851128721981    -0.259052669917566    -0.382855974609854
     0.361432438850607    -0.272619347585023    -0.762139000000000
25 59
    -0.047283548396599    -0.255878491819105    -0.006963500000065
    -0.234012841471583     0.388001622970030     0.048552559561997
    -0.012248079314094     0.046776295666881    -0.331820500000000
25 60
     0.058549354364092     0.269822543495749    -0.370347500003444
     0.214580098930866     0.402172211206638    -0.000619785515956
    -0.028104752451945    -0.006309140819690    -0.576187000000000
25 61
    -0.217734306057916    -0.079817119365862     0.181111000001684
    -0.023144736554740    -0.212528286541519     0.083525840793869
    -0.120296710013219    -0.120646986276307     0.565454500000000
25 62
     0.244244870005809     0.189226475672821     0.272763000002537
    -0.012439201062906    -0.123327442745612    -0.018018524549451
     0.166078841131642     0.235661009101403     0.443839500000000
25 63
    -0.067388714540736    -0.184930322562942     0.232545000002163
    -0.045740490443146     0.097387715526258    -0.042940426269198
    -0.034964642173153    -0.156743463288384     0.366160000000000
25 64
     0.098595242069654     0.196029031356335     0.124865000001161
     0.123527920739965     0.220031211621162     0.072902595840610
     0.108163782490887     0.233181833189278     0.343893500000000
25 65
    -0.219142704651894     0.237725298559116     0.126082500001173
     0.093304216280328    -0.254689785605087     0.016244615849529
    -0.156659863618660     0.059199843290966     0.674289000000000
25 66
     0.203108574247478    -0.215732370043882     0.316621000002945
    -0.058671927977263    -0.141838920076905     0.068485288932124
     0.131879828889775    -0.123407564127749     0.400373000000000
25 67
     0.116754656932555    -0.225533997825169     0.199250000001853
    -0.085010585755730     0.163755448757053    -0.047351382325930
     0.040706478144883    -0.156465688343256     0.427691000000000
25 68
    -0.155615854952366     0.259933567237336     0.167630000001559
     0.017704211426353     0.126364864565000     0.081589985341228
    -0.090798461130934     0.191661547925897     0.281622500000000
25 69
   -12.118457163580908    -3.929128483822786    -9.447286000087860
    -4.074340541310317    -4.666079274859387    -4.318591560540974
    -9.446283207318936    -4.283214542441737   -12.988037500000001
25 70
     2.077026629968138     0.386924348303274    -0.830562500007724
    -0.077927057452631    -0.062878540934125     0.162562494563306
     0.278270534708239     0.000918295641946    -0.212206500000000
25 71
     0.104492605757896    -0.286265502186675    -0.295029500002744
    -0.172819578229305     0.277376236644765    -0.098527421513784
     0.053473302317707    -0.074328476461611    -0.516803000000000
25 72
    -0.124487708027486     0.329222035219790    -0.049867500000464
     0.255272396300483     0.371077920048879    -0.096335799890651
    -0.014137187513253     0.008385327048779    -0.300902500000000
33 1
    -0.144769500000000     0.337276000000000    -0.052621000000000
     0.209230294177222     0.099952610654417    -0.213848807656650
     0.169313000000000    -0.385438500000000     0.224072000000000
33 2
    -0.142515500000000    -0.159373500000000    -0.167099000000000
    -0.289787977238544     0.100642255548295    -0.414844643620973
     0.056290000000000    -0.183956000000000     0.224008500000000
33 3
     0.487490500000000    -0.008603500000000    -0.010167500000000
     0.050030576254224    -2.718926881016581     2.242641199099704
     0.019593500000000     2.269292500000000    -1.148087500000000
33 4
    -0.129814500000000     0.016722500000000    -0.038115000000000
     0.032559379755017    -0.084423909137306     0.005983658189658
     0.040876000000000     0.037173000000000     0.061510500000000
33 5
    -0.087691000000000     0.073604500000000    -0.114957000000000
     0.291622507717652    -0.188051354252987     0.307545828141706
    -0.259606500000000     0.222974500000000    -0.433535500000000
33 6
    -0.086535500000000    -0.239181000000000     0.257059000000000
    -0.023887578712977    -0.187678097305636     0.193660600795057
     0.113190500000000     0.337413500000000    -0.432843500000000
33 7
     0.069437000000000     0.015858000000000     0.019493500000000
     0.035259935640212     0.099004601510685    -0.089282889002776
    -0.021190000000000    -0.061267000000000    -0.106785000000000
33 8
    -0.059031000000000     0.029343500000000    -0.013624000000000
     0.022646564308576     0.024806142990948    -0.034918721630823
     0.011260000000000    -0.004435500000000    -0.061054000000000
33 9
    -0.101515000000000    -0.014913000000000    -0.066502500000000
    -0.045918976310131    -0.079829644370413    -0.165041636625527
     0.084239000000000     0.126192000000000     0.266661500000000
33 10
    -0.002679500000000    -1.551361000000000     0.019236000000000
    -1.630897019675877    -3.414885391438440     0.024551242847047
     0.371408500000000     0.917211500000000     0.797752000000000
33 11
    -1.230756500000000    -2.265542500000000    -0.606523500000000
    -2.334195672743367    -2.196215309265990    -0.804651049444404
    -0.037992000000000    -0.044862500000000     0.798199500000000
33 12
    -0.180741000000000     0.177481000000000     0.002038500000000
     0.124364712083705     0.044954224010726    -0.056529808231843
     0.026909500000000     0.012480000000000     0.174391000000000
33 13
    -0.050254000000000     0.024574500000000     0.027488000000000
     0.006491726426478     0.023664144158468     0.061230882798864
    -0.064571500000000    -0.067503000000000    -0.216828000000000
33 14
     0.083952000000000     0.002564500000000     0.047894500000000
     0.005120519537878     0.052363648689409     0.044821144772982
    -0.098505500000000    -0.111274500000000    -0.252225000000000
33 15
     0.015315500000000    -0.037883500000000     0.048149500000000
    -0.035258492264084     0.121362779359830     0.113837018601428
    -0.038796000000000    -0.075789500000000    -0.253329500000000
33 16
     0.004668500000000     0.049107000000000     0.036322000000000
     0.038593844769290     0.107711043570216     0.066595621500205
    -0.062236000000000    -0.076967000000000    -0.160092500000000
33 17
    -0.188393500000000     0.032370000000000     0.011400500000000
     0.206469405189732     0.044005060167402    -0.085266263180079
    -0.296783000000000    -0.048706000000000     0.095309500000000
33 18
    -0.854498500000000    -0.714491500000000     1.919279000000000
    -0.995956638491395     0.069934726778021     1.277540468409732
     2.098549000000000     1.020741000000000    -2.188050500000000
33 19
     0.131188500000000    -0.151271000000000    -0.192285000000000
     0.022504247468243    -0.276739572479811    -0.260256799644988
    -0.043094000000000     0.040938000000000     0.095174000000000
33 20
    -0.050125500000000     0.030391500000000     0.042872500000000
     0.064688922235748    -0.161026742853075    -0.073149413080465
    -0.018025500000000     0.062825500000000     0.052498500000000
33 21
    -0.319185500000000     0.133106000000000     0.231850500000000
    -0.188815766011501     0.076089569327249     0.116328862364229
     0.379915500000000    -0.183918000000000    -0.337423500000000
33 22
     0.142355500000000    -0.018114500000000    -0.196995500000000
     0.037923541107502     0.074518887919112    -0.088749417355208
    -0.153636500000000    -0.146128000000000    -0.304621500000000
33 23
    -0.010413000000000    -0.045205000000000     0.033937500000000
    -0.369522070138617    -0.238788607234717     0.392710477675269
     0.237555500000000     0.129077000000000    -0.337099500000000
33 24
     0.020456500000000     0.009583500000000    -0.016150500000000
     0.093573178853325    -0.096470899854217    -0.062728818072211
    -0.039152000000000     0.000872000000000    -0.033816500000000
33 25
     0.001102500000000     0.686825000000000    -1.128645000000000
     1.470668463569783    -0.199582482501048     1.986970581313037
    -1.679142000000000     1.224655000000000    -1.710160500000000
33 26
    -0.347267000000000    -0.044555500000000    -0.069042500000000
    -0.285107687282472     0.033774702072115    -0.040593208751833
     0.398618000000000     0.055644000000000     0.181493500000000
33 27
     0.089172000000000     0.135374000000000     0.076873500000000
     0.143436900877505    -0.107294196674872    -0.130378681163258
     0.043450500000000    -0.105612000000000     0.079239000000000
33 28
    -0.260055500000000    -0.147543500000000    -0.188301000000000
    -0.381151347937074    -0.195796508115329    -0.231381780632075
     0.082559500000000     0.047991500000000     0.079493000000000
33 29
     0.225002000000000     0.154615500000000     0.236151000000000
     0.091580454400321     0.193515397201806     0.161365936137654
    -0.147896000000000    -0.190304500000000    -0.367692500000000
33 30
    -0.154322000000000    -0.013717500000000    -0.092398000000000
    -0.105277512186154     0.076453011320914    -0.013438404866112
    -0.026872000000000    -0.028634500000000    -0.079888500000000
33 31
     0.065767500000000     0.009248000000000     0.051901000000000
     0.312865244847839    -0.053286543094642     0.384622666429448
    -0.246375500000000     0.073684500000000    -0.290101500000000
33 32
    -0.058462500000000    -0.066840000000000    -0.012966000000000
    -0.127073350872884    -0.033281356267692    -0.004017203173079
     0.056176500000000     0.061162500000000    -0.047993000000000
33 33
    15.023218500000000    13.226114000000004    -9.028785000000001
    13.283707613844649    33.033734201050891   -22.589097749897814
    -9.036692500000001   -22.617784000000004    24.225243500000005
33 34
    -0.193142500000000    -0.027336500000000     0.007455500000000
     0.021622633605451     0.119029706922098    -0.078446601800454
     0.008016500000000    -0.106090000000000     0.223242500000000
33 35
     0.052282500000000     0.144162500000000    -0.086226000000000
     0.194106026526636    -0.140592584775099    -0.024914973516995
    -0.086307000000000    -0.052522500000000     0.207875500000000
33 36
    -0.267365000000000    -0.575389000000000     0.139675500000000
    -0.530179597496089    -0.970961701961082     0.166639164820763
     0.140947500000000     0.140130500000000     0.094755500000000
33 37
     0.093761500000000     0.020761500000000     0.028602000000000
     0.067915155540742     0.049543869974793     0.111533679702398
     0.028768500000000     0.082549500000000    -0.304274000000000
33 38
    -0.092236000000000    -0.038556000000000     0.076205500000000
     0.012721913181059    -0.011875517687132     0.103179132632371
     0.076854500000000     0.073239000000000    -0.198974000000000
33 39
     0.014249000000000     0.038378500000000    -0.005204000000000
     0.089985235605424    -0.105828015666790     0.132783056359675
    -0.005126000000000     0.103056500000000    -0.162217500000000
33 40
    -0.025426000000000    -0.091841500000000     0.060757500000000
    -0.043552417556321    -0.132893041586477     0.169591734096966
     0.061718500000000     0.141554500000000    -0.199088000000000
33 41
    -1.131334000000000    -0.031931000000000     1.906160500000000
    -0.866125862734670     0.847101016658147     0.867257180591304
     2.250570500000000    -0.009666000000000    -1.700240500000000
33 42
    -0.222006000000000     0.042897500000000    -0.110408500000000
    -0.013784237678052     0.118011838397897     0.042136466020409
    -0.178596000000000     0.009332500000000     0.081403500000000
33 43
    -0.024485500000000     0.012495000000000     0.001303500000000
     0.196751445459642    -0.513333671340223    -0.067544496667413
    -0.133136500000000     0.291868000000000     0.081390500000000
33 44
     0.034964500000000    -0.174834000000000    -0.149081000000000
     0.014349174915448    -0.436822058967919    -0.345529702352992
    -0.028642500000000     0.094172500000000     0.183486000000000
33 45
     0.047644500000000    -0.053183000000000    -0.093140500000000
    -0.039879603818490     0.284889448878569     0.250098610332230
    -0.005114000000000    -0.268963000000000    -0.368726000000000
33 46
    -0.204079500000000     0.144957500000000     0.183355000000000
    -0.205018523965370     0.135026350831411     0.204365829485942
     0.284795000000000    -0.222062000000000    -0.292032000000000
33 47
     0.003776500000000     0.031155000000000     0.020858000000000
     0.042474793278766    -0.176686502879387    -0.049735838939074
    -0.020303000000000     0.029146000000000    -0.049587500000000
33 48
     0.024809500000000    -0.089812500000000    -0.013129000000000
    -0.048681308672382    -0.194213413676906     0.068243379168201
     0.010272000000000     0.105429000000000    -0.081948000000000
33 49
     0.106514000000000    -0.242272500000000     0.184637000000000
    -0.297514944564882     0.354207565571918     0.321040235985042
     0.008588500000000     0.027494000000000    -0.576187000000000
33 50
     0.496194000000000     0.746160500000000     0.409697000000000
     1.422976733261315     1.232263216918050     1.475327968919457
    -0.416811500000000    -0.176700000000000    -0.762139000000000
33 51
   -10.375470000000002    -8.518149500000002     5.665903500000001
    -8.480087844921330   -12.546297952144668     6.410155782671403
     5.502541000000001     6.264468000000002    -7.138278500000001
33 52
     0.491309500000000    -0.076944000000000     0.045529500000000
    -0.055078349652478    -0.150591425413215    -0.018245711881764
     0.046633500000000    -0.012781000000000    -0.331820500000000
33 53
     0.051300000000000    -0.096222000000000     0.000703000000000
    -0.168723110616371     0.267326453689644    -0.144587559963514
     0.147859500000000    -0.210263500000000     0.343893500000000
33 54
    -0.107985500000000     0.215799500000000    -0.151986000000000
     0.014133823264273     0.228902927251465    -0.227210424936998
     0.121049000000000    -0.261659000000000     0.443839500000000
33 55
    -0.169246000000000    -0.004850000000000    -0.018220000000000
     0.051822382811122    -0.261016592598233    -0.198609647301252
    -0.044335000000000     0.164503500000000     0.565454500000000
33 56
     0.156077000000000    -0.083277500000000    -0.153460000000000
     0.055912332119796    -0.126077999008937    -0.179919664387830
    -0.118261500000000     0.108652000000000     0.366160000000000
33 57
    -3.063569999999999    -1.153501000000002     0.983633000000001
    -1.298713057487532   -13.720966438215800    10.340885453062228
     1.013769000000000    10.322328500000001   -12.988037500000001
33 58
     0.432945000000000    -0.016812500000000     0.062187500000000
     0.096633423957370    -0.051076157589196     0.304766752621922
    -0.091107000000000    -0.009145000000000    -0.516803000000000
33 59
    -0.005907000000000    -0.323735000000000    -0.058495500000000
    -0.397684638919306     0.252497212024333     0.091354421768412
     0.014330500000000     0.008050500000000    -0.300902500000000
33 60
     0.338298000000000     1.081782500000000     0.556064500000000
     0.616931094244096     1.675850088990905     0.638006977146833
    -0.138340000000000    -0.241448500000000    -0.212206500000000
33 61
    -0.389143000000000     0.004845500000000    -0.048973000000000
    -0.139575582278788    -0.084689490261196    -0.117312955897078
     0.129598500000000     0.106071500000000     0.674289000000000
33 62
     0.286475000000000    -0.012977500000000    -0.140632500000000
     0.127545912069439    -0.005964894306184    -0.148879870540550
    -0.155856500000000     0.042980000000000     0.427691000000000
33 63
    -0.064351000000000    -0.070396000000000    -0.013156000000000
    -0.312625355810984     0.035100009614897    -0.185966831106550
     0.211383000000000    -0.017197000000000     0.281622500000000
33 64
     0.063218500000000     0.139437500000000    -0.099000500000000
     0.296497942066619    -0.001948845832895    -0.308444473836846
    -0.172814000000000    -0.052507500000000     0.400373000000000
33 65
     0.361496000000000    -1.173521000000000    -0.657392500000000
     0.114095960198842    -0.949865900478439    -0.193565626677925
    -0.633621500000000     1.480656000000000     0.768522000000000
33 66
     0.191725000000000     0.058021500000000     0.472331000000000
     0.103552389582022    -0.393005503662330     0.300771777436479
     0.373263000000000     0.243032000000000    -0.021533500000000
33 67
    -0.051410000000000     0.114163000000000    -0.143634500000000
    -0.282992275894579     1.158910576539207    -1.099062736310488
     0.211741500000000    -0.779759500000000     0.867394500000000
33 68
     0.028845500000000     0.128316000000000     0.090093500000000
    -0.071318058026677     0.375487253120499     0.150636747409417
    -0.015095500000000    -0.119821000000000    -0.051647000000000
33 69
     0.322223000000000     0.130693500000000     0.341250500000000
    -0.907538620185440    -0.601264406012031    -0.805466268019409
     1.100322500000000     0.495160500000000     1.054821000000000
33 70
     1.003761000000000     0.116720000000000    -0.439017500000000
     0.869040904243115     0.029026284784045    -0.436583324633028
    -1.445205500000000    -0.085629500000000     0.621976000000000
33 71
    -0.255935000000000    -0.078378000000000    -0.007976000000000
    -0.087175271846584     0.128930975363261     0.351266831977068
     0.054943500000000     0.109745500000000    -0.005683000000000
33 72
     0.141125500000000     0.097609000000000     0.085960000000000
     0.106689999619651     0.239658096740396     0.107756654241680
    -0.028631500000000    -0.125154000000000    -0.019282000000000
41 1
     0.036894447210745     1.602317057141831    -0.393586500009301
     1.533663884398465    -3.463866256445307     0.927590283707942
    -0.019856064677761     0.055333287140171     0.798199500000000
41 2
    -0.058909964855475     0.021320947800910    -0.109679000001638
    -0.009685028509220    -0.122434679513882     0.140113672727224
     0.067165977755721    -0.136049113988493     0.266661500000000
41 3
    -1.183875775407212     2.312861007239560     0.011644000000287
     2.233324987563684    -2.233689116060514    -0.028934486090514
     0.608624209653078    -0.780254946177485     0.797752000000000
41 4
    -0.142172609336686    -0.146632182815104    -0.049975500000446
    -0.199748470731399     0.006385833348368     0.026499511330329
    -0.002646752960636    -0.029544310602848     0.174391000000000
41 5
     0.126522371214573    -0.028946824766589     0.074511000001141
    -0.026321817030674     0.010155908148014    -0.098617199479716
    -0.046237632340934     0.071493071564805    -0.253329500000000
41 6
    -0.008267462523400    -0.030732665140633     0.039283500000621
    -0.048815438714155    -0.018322393317090    -0.054420747698363
    -0.026173562832386     0.089672059359774    -0.216828000000000
41 7
     0.056933025443798     0.010478892695180     0.014869000000584
     0.013034912233058     0.079382623244941    -0.063888426087531
    -0.047113793794606     0.140945515411431    -0.252225000000000
41 8
     0.043974827927414    -0.061287363778757     0.039512500000705
    -0.071800519009467     0.068404715643777    -0.064753585465971
    -0.035537377253903     0.092381457029260    -0.160092500000000
41 9
    -0.118999914936650     0.121942101241767    -0.129246500002990
     0.295717348710010    -0.026551157549364     0.296652094587120
     0.057000347980567     0.016851498750224     0.095174000000000
41 10
    -0.117515076034449    -0.247391082345472    -0.079543000000634
    -0.073291677155740    -0.026873363796392     0.032760008974318
     0.106210866682752     0.281374617408171     0.095309500000000
41 11
     0.579472189988673     0.168053274626664     0.146743000019214
    -0.113411863864731    -1.364035963175100    -2.300914605134255
    -0.165286863304710    -2.327767245063901    -2.188050500000000
41 12
    -0.174472462672665     0.007102830135338    -0.084785500000390
     0.041400252371085    -0.036679780183493    -0.000553967583056
     0.063421229006134    -0.015802209084277     0.052498500000000
41 13
    -0.002112616239686     0.364729841340282     0.323128500003321
     0.040412771201665    -0.247088990994826    -0.225745975978205
    -0.006993788954330    -0.270267597806164    -0.337099500000000
41 14
     0.001393838299574     0.003729198749904    -0.015181499997985
    -0.318192567261597    -0.244489768964377    -0.258952854059750
    -0.349235410215201    -0.237057474287388    -0.337423500000000
41 15
     0.082900474528759    -0.003597166147431     0.021638499998369
     0.052440874960071     0.133973913388878     0.214977816106707
    -0.049732310205781     0.206117111946879    -0.304621500000000
41 16
    -0.111907202121517    -0.017152959803479    -0.046249500000580
     0.066836719049846     0.035892802264018     0.045351152319753
     0.020331174152109     0.033470626608548    -0.033816500000000
41 17
     0.069477985707859    -0.035283598749678    -0.087068000000628
    -0.015881663109465     0.098963615802827     0.027759578292925
    -0.042463778414319     0.048984578305965    -0.106785000000000
41 18
    -0.321109199111028    -0.156858447628813     0.323821000001942
     0.061159560088839     0.045366844852254    -0.054217231729240
     0.322904831398527     0.113338573984778    -0.433535500000000
41 19
    -0.048480411929853     0.001916463371915     0.039185500002755
     0.217209884658938    -0.225733185374840    -0.319449924666193
     0.235613412583443    -0.266732598465847    -0.432843500000000
41 20
    -0.018665500974414    -0.045951596036683    -0.023428500000345
    -0.052648531728107    -0.015559356033638     0.029258090916424
    -0.009471255678533    -0.007533696046492    -0.061054000000000
41 21
    -1.935260986033552     1.348745646369473     1.947268000018015
     1.407379722623697    -0.296175395043096    -1.112515286256983
     1.955468203641860    -1.151614718748840    -1.148087500000000
41 22
    -0.197872084053045    -0.178571502979912    -0.158888000001967
    -0.306617208802690     0.153055194706146     0.152495526600301
    -0.418456032600706     0.046089890810863     0.224072000000000
41 23
     0.234345441510466     0.072207211213117    -0.275716500004118
    -0.058207266025426    -0.276218685952828     0.352134300755668
    -0.187455569180545     0.043229430021578     0.224008500000000
41 24
    -0.117111236761861    -0.039893612205052     0.024239499999871
    -0.024056732450035    -0.097127172375130     0.030016729170006
     0.011754762335278    -0.053986154404654     0.061510500000000
41 25
     0.265875501189293    -0.086116123462108     0.263162000001581
    -0.072812727280598     0.066658447694686    -0.044387266045930
    -0.230371790680962     0.138910353914899    -0.368726000000000
41 26
    -0.163453387890625     0.054075427510240    -0.053501500000304
     0.065395220789006    -0.009456614992908     0.006804361597625
     0.035392676419014     0.003009913772817    -0.049587500000000
41 27
    -0.079488106971975     0.108897560132739     0.065665000000489
     0.150028751460357    -0.089915806707516    -0.022751642057956
     0.086168192296721    -0.061610312947563    -0.081948000000000
41 28
     0.076257074392050     0.043166127278429     0.085308500002499
    -0.306809896686941    -0.145310223553688    -0.260973002651898
    -0.334708833217564    -0.135608704867732    -0.292032000000000
41 29
     0.741362291099771    -0.215075845028793    -0.202013499984152
    -1.049270707763464    -1.025595274395195    -2.084412006965636
    -1.133656251553084    -1.944218225983685    -1.700240500000000
41 30
    -0.481727997225659     0.067237633395256    -0.059147000000538
     0.251494078854898    -0.056091174125901     0.032643384219887
     0.319333352554890    -0.030634408830482     0.081390500000000
41 31
    -0.249383451510638     0.149819191430703    -0.224697000003476
     0.339002366346150    -0.152474107464331     0.301872784396483
     0.095877027338901    -0.022281117372412     0.183486000000000
41 32
     0.020400966421537    -0.126169489637129     0.091695499999826
    -0.182851227315180    -0.124395128017630     0.074548332782345
     0.097380182080918     0.150002423012368     0.081403500000000
41 33
    -1.083633310866233    -0.844395951174300     2.285089500010755
    -0.060552487604517     0.885153328338291    -0.016050048814348
     1.900153340884779     0.841852128543383    -1.710160500000000
41 34
    -0.178906309015618     0.011338182994643    -0.151348000000693
     0.019401083872148     0.160784112334100    -0.001385063295369
    -0.113187924945616     0.015176763193331     0.079239000000000
41 35
     0.017070328494429     0.221152676258401    -0.106232000002739
    -0.012455171678673    -0.472922336602887     0.278764339872030
     0.000282108166236    -0.095494374322855     0.079493000000000
41 36
     0.081262623996068     0.037695993515680    -0.000633500000648
    -0.202856193766792    -0.394754921913328     0.080089163315962
    -0.151119882431221    -0.373035314401466     0.181493500000000
41 37
     0.094781072493814    -0.016397366851434     0.021671500002398
    -0.079432412451113     0.323736324704763    -0.285195733195391
    -0.090860531456539     0.223233943116516    -0.367692500000000
41 38
    -0.163002158790534    -0.180785020764342     0.307142500003339
     0.122832224083496     0.175483115690220    -0.237258917695983
     0.187000398865946     0.176525191867448    -0.290101500000000
41 39
     0.044390301794095     0.067691258070892     0.003003999999907
     0.007457907198008    -0.136134158059236     0.013237486971869
     0.024880028759622    -0.079231526095093    -0.047993000000000
41 40
     0.070285610231170    -0.024399752041243     0.034560999999462
    -0.115959764227397    -0.148154598904687     0.086738217690939
    -0.011362204424973     0.037589084650207    -0.079888500000000
41 41
    17.052015792568490   -14.455034276825732   -15.048340000223916
   -14.397440662981086    31.004936908532702    19.113706050159863
   -15.069229271552032    19.134897271091297    24.225243500000005
41 42
    -0.238848382222152    -0.026021533308346     0.021535999999398
     0.023921993218289     0.150538297439836     0.087131393224289
    -0.002332319270832     0.101005304523497     0.207875500000000
41 43
    -0.316337280953959     0.558453757087336     0.074476000001992
     0.603663159591248    -0.921989421008337    -0.204282113695175
     0.050882822846520    -0.192129365598394     0.094755500000000
41 44
     0.043460831919572    -0.158225630978685    -0.071664500000597
    -0.109266497373234    -0.117573624991608     0.032766648502392
    -0.095884885088630     0.046102507350648     0.223242500000000
41 45
     0.022200159271078    -0.026599196207840     0.082290000001031
     0.020554459332902     0.121105210701941    -0.080536898449935
     0.057105714070590    -0.066189001828464    -0.304274000000000
41 46
    -0.131391889732232    -0.005899428714545     0.117595500001045
     0.045707306890879     0.039812874061832    -0.061884731978599
     0.091812547026217    -0.047089003780256    -0.162217500000000
41 47
    -0.047398995130767     0.056238532209814     0.116492000001648
     0.104527614653493    -0.110920046456255    -0.137413405518264
     0.091730543021524    -0.124227038882807    -0.199088000000000
41 48
    -0.020779150531043    -0.053977544456892     0.051253000001185
    -0.002699631275833    -0.083332367154317    -0.117585465223463
     0.024999584548555    -0.103177449394326    -0.198974000000000
41 49
     0.605897503580543    -0.771429739669417     0.274498000007724
    -1.236281145425322     1.408250585416997    -0.800569471710139
    -0.139930534708239     0.240530204358054    -0.212206500000000
41 50
     0.035365657856411     0.132909116250620     0.232842000002744
     0.246355040207990     0.346503184544536    -0.206239331108138
     0.037633697682293     0.083473476461611    -0.516803000000000
41 51
    -9.994777494253062     5.300447570054083     8.463653000087859
     5.155235512566553    -6.789758944134580    -6.022293892521254
     8.432514207318937    -6.039113957558264   -12.988037500000001
41 52
     0.500280026073375     0.105437423159170     0.108363000000464
     0.031487784239864    -0.253689814036493     0.004981378122239
    -0.000193312486747    -0.016435827048779    -0.300902500000000
41 53
    -0.174422592996893    -0.159295793056047    -0.217620500002945
    -0.002235350989428     0.235692247158107     0.239959184904721
     0.040934171110225     0.175915064127749     0.400373000000000
41 54
     0.017535501607947     0.027726379721011    -0.058617500001853
     0.168249791790450     0.262974604079201     0.196231252866480
     0.115150021855117     0.113485688343256     0.427691000000000
41 55
    -0.102463030743050    -0.025939175140935    -0.077109500001173
    -0.170360257419722    -0.371369459511039     0.101068340047549
     0.027061363618660    -0.165271343290966     0.674289000000000
41 56
     0.176090369376016     0.173806466479139    -0.154474000001559
    -0.068422889331844    -0.205341359755158     0.104376845765322
    -0.120584538869066    -0.174464547925897     0.281622500000000
41 57
    -0.034008750072750     1.113209116981284    -0.868179500004900
     0.074976996795844    -0.245032655948113     0.107201531959226
    -0.121339678044080    -1.200487487343791     1.054821000000000
41 58
     0.104401151075119    -0.120864901972810     0.308194000002792
    -0.129662173819394    -0.231405175702924    -0.168725997368035
     0.067570640952203    -0.102455216772240    -0.005683000000000
41 59
     0.126560885739474    -0.098281115655798     0.050340000001268
    -0.089200116036146     0.254222711000561    -0.128321870829227
    -0.094070793386581     0.087372606348147    -0.019282000000000
41 60
    -0.154137028982746    -0.200528165524076    -0.158583500005558
     0.551792738719038     1.186924313738084     0.598491970017736
     0.648445427685721     1.294399426673477     0.621976000000000
41 61
    -0.163280926434233     0.188884139538711     0.161063499995384
     1.476501099737553    -0.425088974057217     0.666101418589266
     1.599096460281748    -0.191595684622801     0.768522000000000
41 62
     0.929435653340479    -0.283299226088001    -0.879999000009520
    -0.680454501982580     0.178064923223045     0.673922494013578
    -0.781162285850623     0.206506231966851     0.867394500000000
41 63
     0.264145981990885    -0.064532738589526     0.085408500001632
    -0.264166796616202     0.140186771135447    -0.153341633419595
    -0.096220279908142     0.072983586482666    -0.051647000000000
41 64
    -0.316786424238069     0.190036818084188     0.024310500004619
     0.235567707666210     0.115505920563131    -0.559436533708076
     0.023840385935149    -0.444771240288784    -0.021533500000000
41 65
    -4.643138284120941     5.170524585715353     2.718406000077972
     5.208586240794023   -18.278629667881610    -8.111894257666039
     2.673917929261949    -7.897574291306357    -7.138278500000001
41 66
     0.526018994006959     0.055313623351575     0.185710500003444
     0.000071178786692    -0.065297428424640    -0.320420450469086
     0.019516252451945    -0.021184859180310    -0.576187000000000
41 67
     0.108981938550312    -1.199419745352639     1.072823000013787
    -0.522603512091324     1.619475278358137    -1.092471994309604
     0.055379061149393     0.449319347585023    -0.762139000000000
41 68
     0.067051160271176     0.300024016297822    -0.038565999999935
     0.321889666645344     0.273666914305090    -0.030306847680233
    -0.034385420685906    -0.033995295666881    -0.331820500000000
41 69
    -0.258413582849140    -0.000341454850821    -0.162891000001684
     0.056330927960301    -0.171849009751303     0.115083806507383
     0.164631710013219    -0.043856513723693     0.565454500000000
41 70
     0.328044438474753     0.008944634568221    -0.125568000001161
    -0.063556476048150    -0.009417984778248     0.071684964122904
    -0.256023282490887    -0.022918333189278     0.343893500000000
41 71
     0.045116770879901    -0.102527460569231    -0.120777000002537
    -0.304193137304958     0.075800656375360     0.245228949486449
    -0.287127841131642     0.025997990898597     0.443839500000000
41 72
    -0.043689783977359     0.059423074383249    -0.079085000002163
     0.198612906503044     0.073688784963469     0.222860090657027
     0.153226142173153     0.048091463288384     0.366160000000000
49 1
   -10.410561500096819     8.474532500078812    -5.494442000051098
     8.558684557736106   -12.543877122420234     6.253376028367891
    -5.694752000000001     6.403757000000001    -7.119792500000000
49 2
     0.496633000004619     0.054825500000510    -0.047852500000445
     0.078638570764999    -0.150569774777708    -0.013103830384622
    -0.047086000000000    -0.016874500000000    -0.330588000000000
49 3
     0.497280500004625    -1.420355000013209     0.415214000003861
    -0.752598303871711     1.229232416675942    -0.172533622393286
    -0.412978000000000     1.469517500000000    -0.758950000000000
49 4
     0.104061500000968     0.294570000002739    -0.006206500000058
     0.244373605063463     0.355558276527984     0.028459038143942
    -0.186649000000000     0.319435000000000    -0.575615500000000
49 5
    -0.172225500001602    -0.055589500000517     0.046129000000429
     0.006384627951814    -0.264524284158657     0.162716358416016
     0.014368500000000    -0.200002500000000     0.567175000000000
49 6
     0.157530000001465    -0.059180000000550     0.119233000001109
     0.084201917958893    -0.127350190326646     0.108180429338802
     0.157413000000000    -0.179616000000000     0.365855000000000
49 7
    -0.109200500001016    -0.016888500000157    -0.120856000001124
    -0.219303324324520     0.229516650586453    -0.260117658229081
     0.151589000000000    -0.226318500000000     0.444694000000000
49 8
     0.051359500000478     0.165227500001537    -0.146793000001365
     0.096152779855946     0.269028770958861    -0.209266955920093
     0.004998000000000    -0.145374000000000     0.342215000000000
49 9
   -10.002431000093024    -5.135458000047760    -8.443274500078521
    -5.311471210757586    -6.771243631372115    -6.049300894743471
    -8.484215000000001    -5.998256500000001   -12.998918500000002
49 10
     0.506005500004706    -0.037540000000349     0.003074000000029
    -0.104881161225528    -0.255390314224971    -0.015594808121033
    -0.111746000000000     0.011508000000000    -0.303260500000000
49 11
     0.042019000000391    -0.246724000002295    -0.035617000000331
    -0.137881636586901     0.350452190747287     0.083714634331698
    -0.233543500000000    -0.207574500000000    -0.515978500000000
49 12
     0.608730500005661     1.231308000011451     0.142237000001323
     0.769880706829580     1.405653915781939     0.241607808598919
    -0.274240000000000    -0.796596500000000    -0.213288500000000
49 13
    -0.100424500000934     0.172252000001602    -0.025530500000237
     0.026996609912089    -0.375040384011459    -0.164645574340507
     0.080938500000000     0.097172500000000     0.676593000000000
49 14
     0.180308000001677     0.065181500000606     0.122375500001138
    -0.173735088303466    -0.208186444891308    -0.173536191135731
     0.155591000000000     0.103633500000000     0.282553500000000
49 15
     0.023085500000215    -0.170275500001584    -0.112959500001051
    -0.031563450541365     0.265896645748517     0.113241770473637
     0.058582000000000     0.194703000000000     0.429484500000000
49 16
    -0.171177000001592     0.001412500000013    -0.039760000000370
     0.159835957923038     0.237219080527688     0.176249448725779
     0.217726000000000     0.239278500000000     0.400252000000000
49 17
    -0.704065000006548     0.724292000006736     0.976151000009078
    -0.312713690401824     0.423828791158908     0.701873752596540
    -0.531215500000000     0.686464500000000     1.045498500000000
49 18
     0.302926000002817     0.009213500000086    -0.120311000001119
     0.012088559936255     0.078596135520213     0.037788152468613
     0.134290500000000     0.014989000000000    -0.021513000000000
49 19
    -0.039450500000367    -0.203581000001893     0.122538000001140
    -0.212645898370515    -0.088910786754389    -0.006550038803936
     0.297527500000000    -0.187990500000000    -0.007839500000000
49 20
     0.698667500006498     0.296984000002762    -0.791722500007363
     1.044092062479805     0.333836050000061    -1.202857035653500
    -0.596656500000000    -0.166458000000000     0.617991000000000
49 21
    -1.076985000010016    -0.337944500003143     0.961392000008941
     0.943056631397337     0.485681768872674    -1.285852002874655
    -0.493563000000000    -0.467998500000000     0.766302000000000
49 22
     0.313126500002912    -0.030935500000288    -0.108985500001014
    -0.236716208443225     0.090237248997848     0.046687140842740
     0.177631000000000     0.006508500000000    -0.049926000000000
49 23
     0.781238500007265    -0.365100500003396    -0.566090500005265
    -0.762471570825092     0.324027157601694     0.572596078396211
    -1.021506000000000     0.424655000000000     0.864804000000000
49 24
    -0.177073000001647     0.279167000002596     0.398475000003706
     0.320039110617279    -0.023600924303860     0.203775200159578
     0.499688500000000     0.266021500000000    -0.019067500000000
49 25
    -0.177073000001647    -0.279167000002596    -0.398475000003706
    -0.320039110617279    -0.023600924303860     0.203775200159578
    -0.499688500000000     0.266021500000000    -0.019067500000000
49 26
     0.781238500007265     0.365100500003395     0.566090500005265
     0.762471570825092     0.324027157601694     0.572596078396211
     1.021506000000000     0.424655000000000     0.864804000000000
49 27
    -1.076985000010016     0.337944500003143    -0.961392000008941
    -0.943056631397337     0.485681768872674    -1.285852002874655
     0.493563000000000    -0.467998500000000     0.766302000000000
49 28
     0.313126500002912     0.030935500000288     0.108985500001014
     0.236716208443225     0.090237248997848     0.046687140842740
    -0.177631000000000     0.006508500000000    -0.049926000000000
49 29
     0.698667500006498    -0.296984000002762     0.791722500007363
    -1.044092062479805     0.333836050000061    -1.202857035653499
     0.596656500000000    -0.166458000000000     0.617991000000000
49 30
    -0.039450500000367     0.203581000001893    -0.122538000001140
     0.212645898370515    -0.088910786754389    -0.006550038803936
    -0.297527500000000    -0.187990500000000    -0.007839500000000
49 31
    -0.704065000006548    -0.724292000006736    -0.976151000009078
     0.312713690401824     0.423828791158908     0.701873752596540
     0.531215500000000     0.686464500000000     1.045498500000000
49 32
     0.302926000002817    -0.009213500000086     0.120311000001119
    -0.012088559936255     0.078596135520213     0.037788152468613
    -0.134290500000000     0.014989000000000    -0.021513000000000
49 33
     0.104061500000968    -0.294570000002739     0.006206500000058
    -0.244373605063463     0.355558276527984     0.028459038143942
     0.186649000000000     0.319435000000000    -0.575615500000000
49 34
     0.497280500004625     1.420355000013209    -0.415214000003861
     0.752598303871711     1.229232416675942    -0.172533622393286
     0.412978000000000     1.469517500000000    -0.758950000000000
49 35
   -10.410561500096819    -8.474532500078812     5.494442000051098
    -8.558684557736107   -12.543877122420236     6.253376028367892
     5.694752000000001     6.403757000000001    -7.119792500000001
49 36
     0.496633000004619    -0.054825500000510     0.047852500000445
    -0.078638570764999    -0.150569774777708    -0.013103830384622
     0.047086000000000    -0.016874500000000    -0.330588000000000
49 37
     0.051359500000478    -0.165227500001537     0.146793000001365
    -0.096152779855946     0.269028770958861    -0.209266955920093
    -0.004998000000000    -0.145374000000000     0.342215000000000
49 38
    -0.109200500001016     0.016888500000157     0.120856000001124
     0.219303324324520     0.229516650586453    -0.260117658229081
    -0.151589000000000    -0.226318500000000     0.444694000000000
49 39
    -0.172225500001602     0.055589500000517    -0.046129000000429
    -0.006384627951814    -0.264524284158657     0.162716358416016
    -0.014368500000000    -0.200002500000000     0.567175000000000
49 40
     0.157530000001465     0.059180000000550    -0.119233000001109
    -0.084201917958893    -0.127350190326646     0.108180429338802
    -0.157413000000000    -0.179616000000000     0.365855000000000
49 41
     0.608730500005661    -1.231308000011451    -0.142237000001323
    -0.769880706829580     1.405653915781939     0.241607808598919
     0.274240000000000    -0.796596500000000    -0.213288500000000
49 42
     0.042019000000391     0.246724000002295     0.035617000000331
     0.137881636586901     0.350452190747287     0.083714634331698
     0.233543500000000    -0.207574500000000    -0.515978500000000
49 43
   -10.002431000093022     5.135458000047760     8.443274500078521
     5.311471210757584    -6.771243631372115    -6.049300894743470
     8.484215000000001    -5.998256500000001   -12.998918500000002
49 44
     0.506005500004706     0.037540000000349    -0.003074000000029
     0.104881161225528    -0.255390314224971    -0.015594808121033
     0.111746000000000     0.011508000000000    -0.303260500000000
49 45
    -0.171177000001592    -0.001412500000013     0.039760000000370
    -0.159835957923038     0.237219080527688     0.176249448725779
    -0.217726000000000     0.239278500000000     0.400252000000000
49 46
     0.023085500000215     0.170275500001584     0.112959500001051
     0.031563450541365     0.265896645748517     0.113241770473637
    -0.058582000000000     0.194703000000000     0.429484500000000
49 47
    -0.100424500000934    -0.172252000001602     0.025530500000237
    -0.026996609912089    -0.375040384011459    -0.164645574340507
    -0.080938500000000     0.097172500000000     0.676593000000000
49 48
     0.180308000001677    -0.065181500000606    -0.122375500001138
     0.173735088303466    -0.208186444891308    -0.173536191135731
    -0.155591000000000     0.103633500000000     0.282553500000000
49 49
    43.570746000405208     0.000000000000000     0.000000000000000
     0.000000000000003    46.897130641197059    -0.756020547592322
    -0.000000000000000    -0.751376000000000    45.913006000000010
49 50
    -1.379435000012829    -0.000000000000000    -0.000000000000000
    -0.000000000000000     0.507531878485222     0.036708507465232
    -0.000000000000000     0.037194000000000     0.646463000000000
49 51
    -0.664790500006183     1.201087500011170     0.095365500000887
     1.201698293663239    -1.650951281276103    -0.196642326258897
     0.095844500000000    -0.197705000000000     1.393658000000000
49 52
    -0.664790500006183    -1.201087500011170    -0.095365500000887
    -1.201698293663240    -1.650951281276103    -0.196642326258897
    -0.095844500000000    -0.197705000000000     1.393658000000000
49 53
     0.187777000001746    -0.000000000000000     0.000000000000000
    -0.000000000000000     0.595296624955273     0.030159046011565
    -0.000000000000000     0.026269000000000    -1.396113000000000
49 54
    -0.292921000002724    -0.000000000000000    -0.000000000000000
    -0.000000000000000     0.380220370626612     0.122261425054024
    -0.000000000000000     0.121322000000000    -0.604853000000000
49 55
     0.105578500000982     0.132502500001232    -0.016862000000157
     0.133078948372662    -0.536311923378832     0.015587879917802
    -0.016353000000000     0.014411000000000    -0.773322500000000
49 56
     0.105578500000982    -0.132502500001232     0.016862000000157
    -0.133078948372662    -0.536311923378832     0.015587879917802
     0.016353000000000     0.014411000000000    -0.773322500000000
49 57
    -0.499544000004646     0.363524500003381     0.400503000003725
     0.524347205075318     0.011970491806206    -0.077530635598427
     0.268051000000000    -0.309399500000000     0.753174500000000
49 58
    -1.441197000013403    -3.340351500031065    -1.893807000017613
    -1.974091051514055    -3.124206562726977    -2.349173004744896
    -1.878914500000000    -3.903212500000001    -2.304629000000000
49 59
    -0.401240500003731    -2.739954500025481     2.441188500022703
    -1.374119910104303    -4.164216470128489     3.577420750536738
     1.087171000000000     2.815198000000001    -2.305792500000000
49 60
    -0.378162000003517     0.364926500003394    -0.259987000002418
     0.056155396582286    -0.136321924834690    -0.097375319050952
    -0.045436000000000     0.273224000000000     0.566098000000000
49 61
    -0.696448000006477     0.169851000001580    -0.319419000002971
     0.873849654629791    -0.094819389409257     0.480291915434671
    -0.574425500000000     0.035691500000000    -0.559038000000000
49 62
     0.617612500005744    -0.545477500005073    -0.199492000001855
    -0.837719940809420     0.489543087473002     0.873862356335713
     0.624446000000000     0.296233000000000    -1.063866000000000
49 63
     1.120755500010423    -0.255404500002375     0.056795000000528
    -0.546818543577512    -0.014009692956978    -0.688275999056628
    -0.856196500000000    -0.263055500000000    -1.065855500000000
49 64
    -0.605025500005627     0.259973500002418     0.391764500003643
     0.373212204384075    -0.240836757314419    -0.431625617869155
     0.568964000000000    -0.122675000000000    -0.808357500000000
49 65
    -0.401240500003732     2.739954500025482    -2.441188500022703
     1.374119910104303    -4.164216470128489     3.577420750536738
    -1.087171000000000     2.815198000000001    -2.305792500000000
49 66
    -0.378162000003517    -0.364926500003394     0.259987000002418
    -0.056155396582286    -0.136321924834690    -0.097375319050952
     0.045436000000000     0.273224000000000     0.566098000000000
49 67
    -1.441197000013403     3.340351500031065     1.893807000017612
     1.974091051514055    -3.124206562726976    -2.349173004744896
     1.878914500000000    -3.903212500000000    -2.304629000000000
49 68
    -0.499544000004646    -0.363524500003381    -0.400503000003725
    -0.524347205075318     0.011970491806206    -0.077530635598427
    -0.268051000000000    -0.309399500000000     0.753174500000000
49 69
     1.120755500010423     0.255404500002375    -0.056795000000528
     0.546818543577512    -0.014009692956977    -0.688275999056628
     0.856196500000000    -0.263055500000000    -1.065855500000000
49 70
    -0.605025500005627    -0.259973500002418    -0.391764500003643
    -0.373212204384075    -0.240836757314419    -0.431625617869155
    -0.568964000000000    -0.122675000000000    -0.808357500000000
49 71
     0.617612500005744     0.545477500005073     0.199492000001855
     0.837719940809420     0.489543087473002     0.873862356335713
    -0.624446000000000     0.296233000000000    -1.063866000000000
49 72
    -0.696448000006477    -0.169851000001580     0.319419000002971
    -0.873849654629791    -0.094819389409257     0.480291915434671
     0.574425500000000     0.035691500000000    -0.559038000000000
57 1
     0.197494913724311    -0.103782224800482    -0.375712000003494
    -0.062910114185799    -0.398168838020532     0.243201872692146
    -0.480225626955698     0.299732184973576    -0.019067500000000
57 2
     0.357036315627040    -0.115124038800885     0.632884500005886
     1.165877092599595    -0.948339546728829     1.475515896429878
     0.652080089938036    -0.193438846362760     0.766302000000000
57 3
    -0.049923035764589     0.282600234413098    -0.212837500001980
    -0.114770836408599     1.155188693352942    -0.776546793037622
     0.142990982151360    -1.096977646107260     0.864804000000000
57 4
     0.030062972310161     0.073289404534076     0.014060500000131
    -0.132491303908861     0.373300776683581    -0.117727782065227
    -0.094452026340601     0.150578708497727    -0.049926000000000
57 5
     1.005746881773631    -0.866799698756164     1.437566000013370
    -0.119691636279121     0.026756668240541    -0.084223279918852
     0.442485106664937    -0.433490686326705     0.617991000000000
57 6
     0.320073979259889     0.904000605761560    -1.095916000010192
    -0.133005084647000    -0.600310188082138     0.494434687628696
    -0.328887945803553    -0.803278367878350     1.045498500000000
57 7
    -0.256777248934225     0.087172241373001    -0.055596500000517
     0.078107343004379     0.128415962174082     0.109396040330577
     0.014040798672157     0.351661623321281    -0.007839500000000
57 8
     0.143902664171345    -0.103900725684850     0.027430000000255
    -0.101025665748680     0.237619471347743    -0.123086458588694
    -0.080126104777486     0.108804484485472    -0.021513000000000
57 9
     0.526053509002984    -0.000736405073298    -0.021543000000200
    -0.050932800012575    -0.066433732463570    -0.019604505740542
    -0.183314324861311    -0.321360275588958    -0.575615500000000
57 10
    -4.634948876860122    -5.224133055016734    -2.668361500024817
    -5.139980997359441   -18.319489745513735    -7.885014365789390
    -2.698440241731174    -8.133678400191105    -7.119792500000000
57 11
     0.105328056318472     0.526304455002784    -0.058188500000541
     1.194061151144282     1.621184860352378     0.445852683202482
    -1.066150486321575    -1.092408189199657    -0.758950000000000
57 12
     0.069022556803498    -0.325519575252401     0.035274500000328
    -0.301706504487912     0.277040668412812    -0.034889565442156
     0.038156745676342    -0.032340422162089    -0.330588000000000
57 13
     0.327792434428104     0.063445849246743     0.254627000002368
    -0.005628870898847    -0.007404163461912    -0.022492989137289
     0.123398577051320     0.077015394968061     0.342215000000000
57 14
    -0.262755922716646    -0.058652391875547    -0.163981000001525
     0.003321736076783    -0.173993861445857    -0.041409293356959
     0.166022995822544     0.112444736014122     0.567175000000000
57 15
     0.042563302926905     0.306924196797110     0.285696500002657
     0.104509372472747     0.077752847662295     0.025394462915092
     0.120203070348818     0.244439174932652     0.444694000000000
57 16
    -0.045295334445185    -0.201303179398690    -0.153303500001426
    -0.057921261439247     0.075475144114975     0.049168592299709
     0.076845518928074     0.226131656884230     0.365855000000000
57 17
     2.072963190820180     0.075494431357953    -0.280357000002607
    -0.385932861823918    -0.058578774996278     0.002376951058246
     0.826992805574323     0.160799443269100    -0.213288500000000
57 18
   -12.102693517781901     4.098884080816063     9.460485500087984
     3.922870870106237    -4.670981113735309    -4.287439760730977
     9.436750007479530    -4.348417471077909   -12.998918500000002
57 19
     0.106804767202550     0.175285716720261    -0.054690500000509
     0.284128080135654     0.285666423546734    -0.072702543972344
     0.296536540180081    -0.098467353886224    -0.515978500000000
57 20
    -0.126711532502110    -0.260418187808615     0.011968500000111
    -0.327759349033794     0.377326718266158     0.010459566151741
     0.045906779653125    -0.102528874770096    -0.303260500000000
57 21
     0.204942690841858     0.057316846830255    -0.132756500001235
     0.215740304753280    -0.138900610306438    -0.122557894417252
    -0.316084259582004     0.068916997062033     0.400252000000000
57 22
    -0.220109234087736    -0.096096623354136     0.155352500001445
    -0.241352013443649    -0.255355649927624     0.060212725599003
    -0.124623103550287     0.021508547143338     0.676593000000000
57 23
     0.117795029993610     0.086244023177196    -0.041590500000387
     0.224956072637415     0.171187115757470    -0.154446681835304
    -0.197908744195132    -0.046617999796129     0.429484500000000
57 24
    -0.158067916243632    -0.021626338025628     0.089099000000829
    -0.260542926329700     0.130189471345612     0.192748387368360
    -0.167544743684207     0.082929008598554     0.282553500000000
57 25
   -19.386147557285138     3.376627531548019    -8.162803500075917
     3.292475473890724    -3.568291065454447     1.631638337421498
    -8.393192241731175     1.729921400191103    -7.119792500000001
57 26
     1.987160818743468     0.107584499201822     0.357025500003320
    -0.560172196939676    -0.260647902025963    -0.273319060809195
    -1.479128486321575    -0.377109310800344    -0.758950000000000
57 27
    -0.046560718973350    -0.234974469105158    -0.012578000000117
    -0.258787539869646     0.392623944186793     0.047993395826777
    -0.008929254323658     0.049214922162089    -0.330588000000000
57 28
     0.059314655802699     0.218539002520527    -0.027749500000258
     0.268735397459803     0.400305120725144    -0.008854532403399
    -0.369963324861312     0.001925275588958    -0.575615500000000
57 29
    -0.220143253531978    -0.021280699947568    -0.117852000001096
    -0.083254827899899    -0.216606530629469    -0.121307065059057
     0.180391495822544     0.087557763985878     0.567175000000000
57 30
     0.247111422960802    -0.013586539689591     0.164840500001533
     0.188828284634771    -0.126795272366531     0.234723195313989
     0.271792070348818    -0.018120674932652     0.444694000000000
57 31
    -0.066964951048788    -0.045410302460076    -0.034070500000317
    -0.188792220419519     0.097144760718041    -0.157349021638511
     0.234258518928074    -0.046515656884230     0.365855000000000
57 32
     0.101430472020431     0.125061269029894     0.107834000001003
     0.194135989175485     0.218957798940149     0.231759945057382
     0.128396577051320     0.068358605031939     0.342215000000000
57 33
    -3.055387429574600    -1.300593735296435     1.017211000009461
    -1.124580524586611   -13.718287201718301    10.336740655474447
     0.952535007479529    10.346673971077909   -12.998918500000002
57 34
     0.439883018931609     0.091825261841056    -0.090307500000840
    -0.017017101574337    -0.047411828174067    -0.011012090359354
     0.062993040180081     0.306041853886224    -0.515978500000000
57 35
    -0.003371188842492    -0.398969929646732     0.015042500000140
    -0.331628768421553     0.253986374609598     0.005135241969291
    -0.065839220346875     0.091020874770096    -0.303260500000000
57 36
     0.339882932907834     0.614661491596597    -0.138120000001285
     1.076088784778468     1.674501482873100    -0.243984759657165
     0.552752805574323     0.635797056730900    -0.213288500000000
57 37
    -0.392663591943867    -0.141727708486804     0.129822000001207
     0.003527681602709    -0.082801292075771     0.104432848741504
    -0.043684603550287    -0.118681047143338     0.676593000000000
57 38
     0.292592688639161     0.124036597365941    -0.154550000001437
    -0.014675452094278    -0.003610542883748     0.041204911361667
    -0.139326744195132    -0.148085000203871     0.429484500000000
57 39
    -0.064057751100233    -0.314819720481130     0.211474500001967
    -0.075903132177058     0.036179306204544    -0.019212196232629
    -0.011953743684207    -0.186562508598554     0.282553500000000
57 40
     0.065297429957699     0.296364533714805    -0.172516500001604
     0.137941075791781     0.000744650574260    -0.053691554308527
    -0.098358259582004    -0.308195497062033     0.400252000000000
57 41
    -0.036363292509040     0.072784070155456    -0.119765000001114
     1.109789760564016    -0.243872916322046    -1.196308440225236
    -0.860103445803552     0.116813867878350     1.045498500000000
57 42
     0.103685818799152    -0.130006106181825     0.066941500000623
    -0.120941207813203    -0.232047105550359    -0.102846001526641
     0.311568298672157    -0.163671123321281    -0.007839500000000
57 43
     0.125454539113307    -0.090374635780510    -0.092881000000864
    -0.093249695716679     0.256067596405324     0.085298306120080
     0.054164395222514    -0.123793484485472    -0.021513000000000
57 44
    -0.155659056757876     0.550846394962162     0.645843500006007
    -0.196261667514881     1.188162606743254     1.287080315572352
    -0.154171393335063     0.599948686326705     0.617991000000000
57 45
    -0.167006162304975     1.468433158296693     1.594276500014827
     0.187432026896212    -0.424297068809806    -0.189663893555224
     0.158517089938036     0.661437346362760     0.766302000000000
57 46
     0.926583022182813    -0.678556871822842    -0.778928000007244
    -0.281185801001146     0.178682635429750     0.203950714641411
    -0.878515017848640     0.672322646107261     0.864804000000000
57 47
     0.261856151191422    -0.266317158130618    -0.094925000000883
    -0.060536449687680     0.141507597808066     0.071040641222487
     0.083178973659399    -0.157087208497727    -0.049926000000000
57 48
    -0.321432800181803     0.236692941124139     0.022763000000212
     0.195820830509456     0.120758875872716    -0.446977072851725
     0.019462873044302    -0.565753684973576    -0.019067500000000
57 49
    -0.500367857100829     0.523871550959068     0.267395000002487
     0.363048845887131     0.012794348902369    -0.308080454491591
     0.401973326921525    -0.077439225506945     0.753174500000000
57 50
    -1.442026001536711    -1.975017699575579    -1.877543000017462
    -3.340852289496758    -3.123430968621313    -3.902841631688251
    -1.894447484713367    -2.349116704246061    -2.305792500000000
57 51
    -0.402233043782617    -1.374244931713328     1.087540000010115
    -2.740505380230338    -4.163170518932004     2.814671474232166
     2.440823931410872     3.578793938518766    -2.304629000000000
57 52
    -0.379115753390157     0.055604746807775    -0.045664000000425
     0.364375850228883    -0.135368171448074     0.273843006178483
    -0.259336924926533    -0.097263269754138     0.566098000000000
57 53
    -0.697162182494535     0.873437321178065    -0.575654500005354
     0.169438666549854    -0.094105206921216     0.036479010733230
    -0.318122495699556     0.479621325575411    -0.559038000000000
57 54
     0.617054372909645    -0.837630524896660     0.624462000005808
    -0.546216481321522     0.489691434131312     0.294952086720529
    -0.200285504391959     0.873015669622132    -1.065855500000000
57 55
     1.120502501720202    -0.547376262950405    -0.856533000007966
    -0.255133822146059    -0.013346914228988    -0.264166038316626
     0.055677696557544    -0.688902599284874    -1.063866000000000
57 56
    -0.606061395651021     0.372614129754362     0.569681000005298
     0.259375425372704    -0.239800861669050    -0.123465200365281
     0.390721666410573    -0.431399777832701    -0.808357500000000
57 57
    46.065534481871133     1.440366801327670     0.654733000006089
     1.440366801327674    44.402342159792994     0.378010273796161
     0.650710703802003     0.375688000000000    45.913006000000010
57 58
    -2.444847854589416     0.173981700834377     0.217980000002027
     0.173370907182307     0.129106073262998     0.015732217485099
     0.219139802457325     0.015848728188011     1.393658000000000
57 59
     0.035790158870147     0.817080626434888    -0.031790500000296
     0.817080626434888    -0.907693280362666    -0.018354253732616
    -0.032210948868758    -0.018597000000000     0.646463000000000
57 60
    -0.363974317389227    -1.028021989654897     0.122614500001140
    -1.027411196002828    -1.951767463885600     0.180910108773798
     0.123295302457325     0.181856271811989     1.393658000000000
57 61
     0.493416718727961     0.176461173879434    -0.026118500000243
     0.176461173879434     0.289656906236636    -0.015079523005783
    -0.022749621332295    -0.013134500000000    -1.396113000000000
57 62
    -0.490839458078106    -0.211263120269557    -0.021930500000204
    -0.211839568640987     0.060106034685469     0.006808980399667
    -0.020656792094092     0.006956613427911    -0.773322500000000
57 63
     0.211935027976348     0.291478763652109    -0.105881500000985
     0.291478763652109    -0.124635657339943    -0.061130712527012
    -0.105067934039238    -0.060661000000000    -0.604853000000000
57 64
    -0.260839177009596    -0.344630292827934    -0.005068500000047
    -0.344053844456505    -0.169894246377338    -0.022396860317469
    -0.004303792094092    -0.021367613427911    -0.773322500000000
57 65
    -0.077691162340421    -0.145104959531579     0.567667000005279
    -0.436519003106716     1.184436969364153     0.393323912336099
     0.655910995608042    -0.609960169622131    -1.065855500000000
57 66
    -0.077381620489621     0.436464898261188    -0.657041000006111
     0.144222457456841     1.184537207951136    -0.609696318019087
    -0.568768303442456     0.392669599284874    -1.063866000000000
57 67
    -0.057706490332377    -0.057217426820542     0.177916500001655
     0.056021277561115    -0.788155766974099     0.555090818234436
    -0.178242333589427     0.554074777832701    -0.808357500000000
57 68
     0.206709098373885    -0.352411660765832    -0.256235500002383
     0.351586993862380    -0.997976487767227    -0.516770926167900
     0.256303004300445    -0.515312825575411    -0.559038000000000
57 69
    -5.004918953812751    -1.283815084431866    -4.318731500040165
     0.082019505489312     0.439461983566393     0.325420881151513
    -2.981618484713367    -0.466081295753940    -2.305792500000000
57 70
    -5.004675300430735    -0.083284104457778     2.981347000027727
     1.282976344059232     0.439271737602008    -0.465498469487271
     4.319738431410872     0.324418561481235    -2.304629000000000
57 71
    -0.014448133868706     0.153834901936044     0.214323000001993
    -0.154936201485064    -0.500035790960483    -0.176467687127532
    -0.213900924926533    -0.175960730245862     0.566098000000000
57 72
     0.268551594808261    -0.080887006652218    -0.133108000001238
     0.079935698419719    -0.756125102987657     0.385611090090019
     0.133922326921525     0.386838725506945     0.753174500000000
65 1
    -3.055387429574600     1.300593735296435    -1.017211000009462
     1.124580524586609   -13.718287201718301    10.336740655474447
    -0.952535007479529    10.346673971077909   -12.998918500000002
65 2
     0.439883018931609    -0.091825261841056     0.090307500000840
     0.017017101574337    -0.047411828174067    -0.011012090359354
    -0.062993040180081     0.306041853886224    -0.515978500000000
65 3
     0.339882932907834    -0.614661491596597     0.138120000001285
    -1.076088784778469     1.674501482873101    -0.243984759657165
    -0.552752805574323     0.635797056730900    -0.213288500000000
65 4
    -0.003371188842492     0.398969929646732    -0.015042500000140
     0.331628768421553     0.253986374609598     0.005135241969291
     0.065839220346875     0.091020874770096    -0.303260500000000
65 5
    -0.392663591943867     0.141727708486804    -0.129822000001207
    -0.003527681602709    -0.082801292075771     0.104432848741504
     0.043684603550287    -0.118681047143338     0.676593000000000
65 6
     0.292592688639161    -0.124036597365941     0.154550000001437
     0.014675452094278    -0.003610542883748     0.041204911361667
     0.139326744195132    -0.148085000203871     0.429484500000000
65 7
     0.065297429957699    -0.296364533714805     0.172516500001604
    -0.137941075791781     0.000744650574260    -0.053691554308527
     0.098358259582004    -0.308195497062033     0.400252000000000
65 8
    -0.064057751100233     0.314819720481130    -0.211474500001967
     0.075903132177058     0.036179306204544    -0.019212196232629
     0.011953743684207    -0.186562508598554     0.282553500000000
65 9
    -0.036363292509040    -0.072784070155456     0.119765000001114
    -1.109789760564016    -0.243872916322046    -1.196308440225236
     0.860103445803553     0.116813867878349     1.045498500000000
65 10
     0.103685818799152     0.130006106181825    -0.066941500000623
     0.120941207813203    -0.232047105550359    -0.102846001526641
    -0.311568298672157    -0.163671123321280    -0.007839500000000
65 11
    -0.155659056757876    -0.550846394962162    -0.645843500006007
     0.196261667514881     1.188162606743253     1.287080315572352
     0.154171393335063     0.599948686326705     0.617991000000000
65 12
     0.125454539113307     0.090374635780510     0.092881000000864
     0.093249695716679     0.256067596405324     0.085298306120080
    -0.054164395222514    -0.123793484485472    -0.021513000000000
65 13
    -0.167006162304975    -1.468433158296692    -1.594276500014827
    -0.187432026896212    -0.424297068809806    -0.189663893555224
    -0.158517089938036     0.661437346362760     0.766302000000000
65 14
     0.926583022182813     0.678556871822842     0.778928000007244
     0.281185801001146     0.178682635429750     0.203950714641411
     0.878515017848640     0.672322646107260     0.864804000000000
65 15
    -0.321432800181803    -0.236692941124139    -0.022763000000212
    -0.195820830509456     0.120758875872716    -0.446977072851725
    -0.019462873044302    -0.565753684973576    -0.019067500000000
65 16
     0.261856151191422     0.266317158130618     0.094925000000883
     0.060536449687680     0.141507597808066     0.071040641222487
    -0.083178973659399    -0.157087208497727    -0.049926000000000
65 17
    -0.220143253531978     0.021280699947568     0.117852000001096
     0.083254827899899    -0.216606530629469    -0.121307065059057
    -0.180391495822544     0.087557763985878     0.567175000000000
65 18
     0.247111422960802     0.013586539689591    -0.164840500001533
    -0.188828284634771    -0.126795272366531     0.234723195313989
    -0.271792070348818    -0.018120674932652     0.444694000000000
65 19
     0.101430472020431    -0.125061269029894    -0.107834000001003
    -0.194135989175485     0.218957798940148     0.231759945057382
    -0.128396577051320     0.068358605031939     0.342215000000000
65 20
    -0.066964951048788     0.045410302460076     0.034070500000317
     0.188792220419519     0.097144760718041    -0.157349021638511
    -0.234258518928074    -0.046515656884230     0.365855000000000
65 21
   -19.386147557285135    -3.376627531548016     8.162803500075915
    -3.292475473890723    -3.568291065454446     1.631638337421499
     8.393192241731175     1.729921400191103    -7.119792500000000
65 22
     1.987160818743468    -0.107584499201823    -0.357025500003320
     0.560172196939676    -0.260647902025962    -0.273319060809195
     1.479128486321575    -0.377109310800344    -0.758950000000000
65 23
     0.059314655802699    -0.218539002520527     0.027749500000258
    -0.268735397459803     0.400305120725144    -0.008854532403399
     0.369963324861312     0.001925275588958    -0.575615500000000
65 24
    -0.046560718973349     0.234974469105157     0.012578000000117
     0.258787539869646     0.392623944186793     0.047993395826777
     0.008929254323658     0.049214922162089    -0.330588000000000
65 25
    -0.220109234087736     0.096096623354136    -0.155352500001445
     0.241352013443649    -0.255355649927624     0.060212725599003
     0.124623103550287     0.021508547143338     0.676593000000000
65 26
     0.204942690841858    -0.057316846830255     0.132756500001235
    -0.215740304753280    -0.138900610306438    -0.122557894417252
     0.316084259582004     0.068916997062033     0.400252000000000
65 27
     0.117795029993610    -0.086244023177196     0.041590500000387
    -0.224956072637415     0.171187115757469    -0.154446681835304
     0.197908744195132    -0.046617999796129     0.429484500000000
65 28
    -0.158067916243632     0.021626338025628    -0.089099000000829
     0.260542926329700     0.130189471345612     0.192748387368360
     0.167544743684207     0.082929008598554     0.282553500000000
65 29
   -12.102693517781898    -4.098884080816060    -9.460485500087984
    -3.922870870106237    -4.670981113735307    -4.287439760730976
    -9.436750007479530    -4.348417471077907   -12.998918500000002
65 30
     2.072963190820180    -0.075494431357953     0.280357000002607
     0.385932861823918    -0.058578774996278     0.002376951058246
    -0.826992805574323     0.160799443269100    -0.213288500000000
65 31
     0.106804767202550    -0.175285716720261     0.054690500000509
    -0.284128080135654     0.285666423546734    -0.072702543972344
    -0.296536540180081    -0.098467353886224    -0.515978500000000
65 32
    -0.126711532502110     0.260418187808615    -0.011968500000111
     0.327759349033794     0.377326718266158     0.010459566151741
    -0.045906779653125    -0.102528874770096    -0.303260500000000
65 33
     0.357036315627040     0.115124038800885    -0.632884500005886
    -1.165877092599595    -0.948339546728829     1.475515896429878
    -0.652080089938036    -0.193438846362760     0.766302000000000
65 34
     0.197494913724311     0.103782224800482     0.375712000003494
     0.062910114185799    -0.398168838020531     0.243201872692146
     0.480225626955698     0.299732184973576    -0.019067500000000
65 35
    -0.049923035764589    -0.282600234413098     0.212837500001980
     0.114770836408599     1.155188693352942    -0.776546793037622
    -0.142990982151360    -1.096977646107260     0.864804000000000
65 36
     0.030062972310161    -0.073289404534076    -0.014060500000131
     0.132491303908861     0.373300776683581    -0.117727782065227
     0.094452026340601     0.150578708497727    -0.049926000000000
65 37
     0.320073979259889    -0.904000605761560     1.095916000010192
     0.133005084647000    -0.600310188082138     0.494434687628696
     0.328887945803552    -0.803278367878349     1.045498500000000
65 38
     1.005746881773631     0.866799698756164    -1.437566000013370
     0.119691636279121     0.026756668240541    -0.084223279918852
    -0.442485106664937    -0.433490686326704     0.617991000000000
65 39
    -0.256777248934225    -0.087172241373001     0.055596500000517
    -0.078107343004379     0.128415962174082     0.109396040330577
    -0.014040798672157     0.351661623321280    -0.007839500000000
65 40
     0.143902664171345     0.103900725684850    -0.027430000000255
     0.101025665748680     0.237619471347743    -0.123086458588694
     0.080126104777486     0.108804484485472    -0.021513000000000
65 41
    -4.634948876860123     5.224133055016736     2.668361500024818
     5.139980997359441   -18.319489745513735    -7.885014365789391
     2.698440241731173    -8.133678400191105    -7.119792500000001
65 42
     0.526053509002984     0.000736405073298     0.021543000000200
     0.050932800012575    -0.066433732463570    -0.019604505740542
     0.183314324861311    -0.321360275588958    -0.575615500000000
65 43
     0.105328056318472    -0.526304455002784     0.058188500000541
    -1.194061151144283     1.621184860352377     0.445852683202482
     1.066150486321575    -1.092408189199656    -0.758950000000000
65 44
     0.069022556803498     0.325519575252400    -0.035274500000328
     0.301706504487912     0.277040668412811    -0.034889565442156
    -0.038156745676342    -0.032340422162089    -0.330588000000000
65 45
    -0.262755922716646     0.058652391875547     0.163981000001525
    -0.003321736076783    -0.173993861445857    -0.041409293356959
    -0.166022995822544     0.112444736014122     0.567175000000000
65 46
     0.327792434428104    -0.063445849246743    -0.254627000002368
     0.005628870898847    -0.007404163461912    -0.022492989137289
    -0.123398577051320     0.077015394968061     0.342215000000000
65 47
     0.042563302926905    -0.306924196797110    -0.285696500002657
    -0.104509372472747     0.077752847662295     0.025394462915093
    -0.120203070348818     0.244439174932652     0.444694000000000
65 48
    -0.045295334445185     0.201303179398690     0.153303500001426
     0.057921261439247     0.075475144114975     0.049168592299709
    -0.076845518928074     0.226131656884230     0.365855000000000
65 49
    -0.402233043782617     1.374244931713329    -1.087540000010115
     2.740505380230338    -4.163170518932004     2.814671474232166
    -2.440823931410872     3.578793938518766    -2.304629000000000
65 50
    -0.379115753390157    -0.055604746807775     0.045664000000425
    -0.364375850228883    -0.135368171448073     0.273843006178483
     0.259336924926533    -0.097263269754138     0.566098000000000
65 51
    -1.442026001536711     1.975017699575579     1.877543000017462
     3.340852289496758    -3.123430968621312    -3.902841631688251
     1.894447484713367    -2.349116704246061    -2.305792500000000
65 52
    -0.500367857100829    -0.523871550959068    -0.267395000002487
    -0.363048845887131     0.012794348902369    -0.308080454491591
    -0.401973326921525    -0.077439225506945     0.753174500000000
65 53
     1.120502501720201     0.547376262950405     0.856533000007966
     0.255133822146058    -0.013346914228988    -0.264166038316626
    -0.055677696557544    -0.688902599284874    -1.063866000000000
65 54
    -0.606061395651021    -0.372614129754362    -0.569681000005298
    -0.259375425372704    -0.239800861669050    -0.123465200365281
    -0.390721666410573    -0.431399777832701    -0.808357500000000
65 55
     0.617054372909645     0.837630524896659    -0.624462000005808
     0.546216481321522     0.489691434131312     0.294952086720529
     0.200285504391959     0.873015669622131    -1.065855500000000
65 56
    -0.697162182494535    -0.873437321178065     0.575654500005354
    -0.169438666549854    -0.094105206921216     0.036479010733230
     0.318122495699555     0.479621325575411    -0.559038000000000
65 57
    -0.077381620489621    -0.436464898261188     0.657041000006111
    -0.144222457456841     1.184537207951136    -0.609696318019087
     0.568768303442456     0.392669599284874    -1.063866000000000
65 58
    -0.077691162340421     0.145104959531578    -0.567667000005279
     0.436519003106716     1.184436969364153     0.393323912336099
    -0.655910995608042    -0.609960169622131    -1.065855500000000
65 59
    -0.057706490332377     0.057217426820542    -0.177916500001655
    -0.056021277561115    -0.788155766974099     0.555090818234436
     0.178242333589427     0.554074777832701    -0.808357500000000
65 60
     0.206709098373885     0.352411660765832     0.256235500002383
    -0.351586993862380    -0.997976487767227    -0.516770926167900
    -0.256303004300445    -0.515312825575411    -0.559038000000000
65 61
    -5.004675300430735     0.083284104457778    -2.981347000027727
    -1.282976344059232     0.439271737602008    -0.465498469487270
    -4.319738431410872     0.324418561481235    -2.304629000000000
65 62
    -5.004918953812751     1.283815084431866     4.318731500040165
    -0.082019505489312     0.439461983566393     0.325420881151512
     2.981618484713367    -0.466081295753940    -2.305792500000000
65 63
    -0.014448133868706    -0.153834901936043    -0.214323000001993
     0.154936201485064    -0.500035790960483    -0.176467687127532
     0.213900924926533    -0.175960730245862     0.566098000000000
65 64
     0.268551594808261     0.080887006652218     0.133108000001238
    -0.079935698419719    -0.756125102987657     0.385611090090019
    -0.133922326921525     0.386838725506945     0.753174500000000
65 65
    46.065534481871126    -1.440366801327677    -0.654733000006089
    -1.440366801327674    44.402342159792987     0.378010273796161
    -0.650710703802003     0.375688000000000    45.913006000000010
65 66
    -2.444847854589415    -0.173981700834376    -0.217980000002027
    -0.173370907182307     0.129106073262998     0.015732217485099
    -0.219139802457325     0.015848728188011     1.393658000000000
65 67
    -0.363974317389227     1.028021989654898    -0.122614500001140
     1.027411196002828    -1.951767463885600     0.180910108773798
    -0.123295302457325     0.181856271811989     1.393658000000000
65 68
     0.035790158870147    -0.817080626434888     0.031790500000296
    -0.817080626434888    -0.907693280362666    -0.018354253732616
     0.032210948868758    -0.018597000000000     0.646463000000000
65 69
     0.493416718727961    -0.176461173879434     0.026118500000243
    -0.176461173879434     0.289656906236636    -0.015079523005783
     0.022749621332295    -0.013134500000000    -1.396113000000000
65 70
    -0.490839458078106     0.211263120269557     0.021930500000204
     0.211839568640987     0.060106034685469     0.006808980399667
     0.020656792094092     0.006956613427911    -0.773322500000000
65 71
    -0.260839177009597     0.344630292827934     0.005068500000047
     0.344053844456505    -0.169894246377338    -0.022396860317469
     0.004303792094092    -0.021367613427911    -0.773322500000000
65 72
     0.211935027976348    -0.291478763652109     0.105881500000985
    -0.291478763652109    -0.124635657339943    -0.061130712527012
     0.105067934039238    -0.060661000000000    -0.604853000000000