Time (ns),non-Water after lsq fit to non-Water
0.0000000,0.0000000
0.0000820,0.0291521
0.0001640,0.2059020
0.0002460,0.2471117
0.0003280,0.2277550
0.0004100,0.2775550
0.0004920,0.2779983
0.0005740,0.2992732
0.0006560,0.2602021
0.0007380,0.2921653
0.0008200,0.2879128
0.0009020,0.2529402
0.0009840,0.2535017
0.0010660,0.2271933
0.0011480,0.2635702
0.0012300,0.2387185
0.0013120,0.2268100
0.0013940,0.2270098
0.0014760,0.2325068
0.0015580,0.2269884
0.0016400,0.2704782
0.0017220,0.2201827
0.0018040,0.2463113
0.0018860,0.2467394
0.0019680,0.2411415
0.0020500,0.2656357
0.0021320,0.2468421
0.0022140,0.2623207
0.0022960,0.2628765
0.0023780,0.2202748
0.0024600,0.2578338
0.0025420,0.2679853
0.0026240,0.2401656
0.0027060,0.2462518
0.0027880,0.2469130
0.0028700,0.2577644
0.0029520,0.2581891
0.0030340,0.2457490
0.0031160,0.2535135
0.0031980,0.2541132
0.0032800,0.2829118
0.0033620,0.2758295
0.0034440,0.2636161
0.0035260,0.2971966
0.0036080,0.2751518
0.0036900,0.2754332
0.0037720,0.2652697
0.0038540,0.2765835
0.0039360,0.2468296
0.0040180,0.2752920
0.0041000,0.2712412
0.0041820,0.2716719
0.0042640,0.2341898
0.0043460,0.2519158
0.0044280,0.2757620
0.0045100,0.2338812
0.0045920,0.2340030
0.0046740,0.2655295
0.0047560,0.2934219
0.0048380,0.2755947
0.0049200,0.2819963
0.0050020,0.2468913
0.0050840,0.2472136
0.0051660,0.2713860
0.0052480,0.2470131
0.0053300,0.2533350
0.0054120,0.2529538
0.0054940,0.2536469
0.0055760,0.2476575
0.0056580,0.2460456
0.0057400,0.2581431
0.0058220,0.2595281
0.0059040,0.1897668
0.0059860,0.1898245
0.0060680,0.2201835
0.0061500,0.2529232
0.0062320,0.2338985
0.0063140,0.2466931
0.0063960,0.2473886
0.0064780,0.2768939
0.0065600,0.2769136
0.0066420,0.2535004
0.0067240,0.2710912
0.0068060,0.2916470
0.0068880,0.2923462
0.0069700,0.2472203
0.0070520,0.2598383
0.0071340,0.2867329
0.0072160,0.2972634
0.0072980,0.2979118
0.0073800,0.2342877
0.0074620,0.2596541
0.0075440,0.2391659
0.0076260,0.2055139
0.0077080,0.2408723
0.0077900,0.2411770
0.0078720,0.2533321
0.0079540,0.2712535
0.0080360,0.2466953
0.0081180,0.2129459
0.0082000,0.2692062
0.0082820,0.2697758
0.0083640,0.2205638
0.0084460,0.2273128
0.0085280,0.2599070
0.0086100,0.2471017
0.0086920,0.2475806
0.0087740,0.2344381
0.0088560,0.2472083
0.0089380,0.2501537
0.0090200,0.2271431
0.0091020,0.2402768
0.0091840,0.2405490
0.0092660,0.2596293
0.0093480,0.2405103
0.0094300,0.2404127
0.0095120,0.2875371
0.0095940,0.2884202
0.0096760,0.3219637
0.0097580,0.2828875
0.0098400,0.2713874
0.0099220,0.2598506
0.0100040,0.2771316
0.0100860,0.2776089
0.0101680,0.2473538
0.0102500,0.2471293
0.0103320,0.2826011
0.0104140,0.2467852
0.0104960,0.2471058
0.0105780,0.2596077
0.0106600,0.2638525
0.0107420,0.2754923
0.0108240,0.2699224
0.0109060,0.2458623
0.0109880,0.2462116
0.0110700,0.2828517
0.0111520,0.3137744
0.0112340,0.2858510
0.0113160,0.2698427
0.0113980,0.2702706
0.0114800,0.2974957
0.0115620,0.2713452
0.0116440,0.2402692
0.0117260,0.2404731
0.0118080,0.2197562
0.0118900,0.2200884
0.0119720,0.2800461
0.0120540,0.2455351
0.0121360,0.2652348
0.0122180,0.2623190
0.0123000,0.2591751
0.0123820,0.2595708
0.0124640,0.2925072
0.0125460,0.2756755
0.0126280,0.2711772
0.0127100,0.2773593
0.0127920,0.2777715
0.0128740,0.2832393
0.0129560,0.2460770
0.0130380,0.2272693
0.0131200,0.2592427
0.0132020,0.2588632
0.0132840,0.2590960
0.0133660,0.2637493
0.0134480,0.2336514
0.0135300,0.2863589
0.0136120,0.2652202
0.0136940,0.2656894
0.0137760,0.2831931
0.0138580,0.2715687
0.0139400,0.2203112
0.0140220,0.2532800
0.0141040,0.2593274
0.0141860,0.2597076
0.0142680,0.2520923
0.0143500,0.2535775
0.0144320,0.2468934
0.0145140,0.2056555
0.0145960,0.2056404
0.0146780,0.2410922
0.0147600,0.2339327
0.0148420,0.2594708
0.0149240,0.2454801
0.0150060,0.2952756
0.0150880,0.2960390
0.0151700,0.2810553
0.0152520,0.2807079
0.0153340,0.2274282
0.0154160,0.2470550
0.0154980,0.2472682
0.0155800,0.2342212
0.0156620,0.2595917
0.0157440,0.2628413
0.0158260,0.2654311
0.0159080,0.2405057
0.0159900,0.2409537
0.0160720,0.2710919
0.0161540,0.2453564
0.0162360,0.2339803
0.0163180,0.2692850
0.0164000,0.2797504
0.0164820,0.2803197
0.0165640,0.2657254
0.0166460,0.2390893
0.0167280,0.2534269
0.0168100,0.2916818
0.0168920,0.2924349
0.0169740,0.2660031
0.0170560,0.2341170
0.0171380,0.2594735
0.0172200,0.2130467
0.0173020,0.2877103
0.0173840,0.2882220
0.0174660,0.2824408
0.0175480,0.2594000
0.0176300,0.2696746
0.0177120,0.2764719
0.0177940,0.2771244
0.0178760,0.2701369
0.0179580,0.3081156
0.0180400,0.2531581
0.0181220,0.2535188
0.0182040,0.2466191
0.0182860,0.2468343
0.0183680,0.2408310
0.0184500,0.2977421
0.0185320,0.2456620
0.0186140,0.2129656
0.0186960,0.2131767
0.0187780,0.2476353
0.0188600,0.2188613
0.0189420,0.2641815
0.0190240,0.2327664
0.0191060,0.2917034
0.0191880,0.2923631
0.0192700,0.2701276
0.0193520,0.2404166
0.0194340,0.2654766
0.0195160,0.2467411
0.0195980,0.2470101
0.0196800,0.2595536
0.0197620,0.2453470
0.0198440,0.2577421
0.0199260,0.2765131
0.0200080,0.2337117
0.0200900,0.2343350
0.0201720,0.2205571
0.0202540,0.2471274
0.0203360,0.2855390
0.0204180,0.2757076
0.0205000,0.2535187
0.0205820,0.2536730
0.0206640,0.2654373
0.0207460,0.3025960
0.0208280,0.2865368
0.0209100,0.2638438
0.0209920,0.2643212
0.0210740,0.2884169
0.0211560,0.2129990
0.0212380,0.2531753
0.0213200,0.2655919
0.0214020,0.2863839
0.0214840,0.2867565
0.0215660,0.2378657
0.0216480,0.2404258
0.0217300,0.2134410
0.0218120,0.2473283
0.0218940,0.2474537
0.0219760,0.2714583
0.0220580,0.2878472
0.0221400,0.2591545
0.0222220,0.2596527
0.0223040,0.2273127
0.0223860,0.2274235
0.0224680,0.2409881
0.0225500,0.2272740
0.0226320,0.2653683
0.0227140,0.2566080
0.0227960,0.2570719
0.0228780,0.2275101
0.0229600,0.2532369
0.0230420,0.2792116
0.0231240,0.2866512
0.0232060,0.2392704
0.0232880,0.2396092
0.0233700,0.2409742
0.0234520,0.2770990
0.0235340,0.2696754
0.0236160,0.2274146
0.0236980,0.2277008
0.0237800,0.2768529
0.0238620,0.2988618
0.0239440,0.2771028
0.0240260,0.2755665
0.0241080,0.2880505
0.0241900,0.2888161
0.0242720,0.2540297
0.0243540,0.2826948
0.0244360,0.2581794
0.0245180,0.2276677
0.0246000,0.2699724
0.0246820,0.2702361
0.0247640,0.2276543
0.0248460,0.2470678
0.0249280,0.2470791
0.0250100,0.2268333
0.0250920,0.2273144
0.0251740,0.2536400
0.0252560,0.2473850
0.0253380,0.2391241
0.0254200,0.2130421
0.0255020,0.2054179
0.0255840,0.2056720
0.0256660,0.2205665
0.0257480,0.2533774
0.0258300,0.2893895
0.0259120,0.2636094
0.0259940,0.2639807
0.0260760,0.2898945
0.0261580,0.2473762
0.0262400,0.2923534
0.0263220,0.2405595
0.0264040,0.2593824
0.0264860,0.2599103
0.0265680,0.2593294
0.0266500,0.2595954
0.0267320,0.2652263
0.0268140,0.2796828
0.0268960,0.2803692
0.0269780,0.2409422
0.0270600,0.2534480
0.0271420,0.2867629
0.0272240,0.2472807
0.0273060,0.2270815
0.0273880,0.2272905
0.0274700,0.2581318
0.0275520,0.2713912
0.0276340,0.2341193
0.0277160,0.2597828
0.0277980,0.2601557
0.0278800,0.2522691
0.0279620,0.2866550
0.0280440,0.2908563
0.0281260,0.2881978
0.0282080,0.3036019
0.0282900,0.3040196
0.0283720,0.2827822
0.0284540,0.2717687
0.0285360,0.2339949
0.0286180,0.2455025
0.0287000,0.2405807
0.0287820,0.2408719
0.0288640,0.2659368
0.0289460,0.2337115
0.0290280,0.2532859
0.0291100,0.2573545
0.0291920,0.2577889
0.0292740,0.2751620
0.0293560,0.2699254
0.0294380,0.2052372
0.0295200,0.2518864
0.0296020,0.2408152
0.0296840,0.2410411
0.0297660,0.2686393
0.0298480,0.2694099
0.0299300,0.2582053
0.0300120,0.2472702
0.0300940,0.2473358
0.0301760,0.2339883
0.0302580,0.2699905
0.0303400,0.2404536
0.0304220,0.2338033
0.0305040,0.2406130
0.0305860,0.2410063
0.0306680,0.2659209
0.0307500,0.2657556
0.0308320,0.2520779
0.0309140,0.2273199
0.0309960,0.2276228
0.0310780,0.2204841
0.0311600,0.2274117
0.0312420,0.2518755
0.0313240,0.2639554
0.0314060,0.2864656
0.0314880,0.2869714
0.0315700,0.2756155
0.0316520,0.2988343
0.0317340,0.2595116
0.0318160,0.2442168
0.0318980,0.2445294
0.0319800,0.2535845
0.0320620,0.2755051
0.0321440,0.2504116
0.0322260,0.2407562
0.0323080,0.2056807
0.0323900,0.2061890
0.0324720,0.2599803
0.0325540,0.2412747
0.0326360,0.2408735
0.0327180,0.2594871
0.0328000,0.2920559
0.0328820,0.2923612
0.0329640,0.2595577
0.0330460,0.2271052
0.0331280,0.2641036
0.0332100,0.2641220
0.0332920,0.2645647
0.0333740,0.2412595
0.0334560,0.2522466
0.0335380,0.2711130
0.0336200,0.2678669
0.0337020,0.2753337
0.0337840,0.2758380
0.0338660,0.2580046
0.0339480,0.2797821
0.0340300,0.2683462
0.0341120,0.2591762
0.0341940,0.2596933
0.0342760,0.2457281
0.0343580,0.2581200
0.0344400,0.2855104
0.0345220,0.2851604
0.0346040,0.2712719
0.0346860,0.2717944
0.0347680,0.2478508
0.0348500,0.2964090
0.0349320,0.2583786
0.0350140,0.2743585
0.0350960,0.2749938
0.0351780,0.2278029
0.0352600,0.2599932
0.0353420,0.2869919
0.0354240,0.2594008
0.0355060,0.2533090
0.0355880,0.2538612
0.0356700,0.2474329
0.0357520,0.2343587
0.0358340,0.2643072
0.0359160,0.2906490
0.0359980,0.2912779
0.0360800,0.2534341
0.0361620,0.2341777
0.0362440,0.2532310
0.0363260,0.2741493
0.0364080,0.2971966
0.0364900,0.2978101
0.0365720,0.2854048
0.0366540,0.2537900
0.0367360,0.2709176
0.0368180,0.2561404
0.0369000,0.2574641
0.0369820,0.2580451
0.0370640,0.2525657
0.0371460,0.2521751
0.0372280,0.2579889
0.0373100,0.2456705
0.0373920,0.2462789
0.0374740,0.2136782
0.0375560,0.2541422
0.0376380,0.2345609
0.0377200,0.2407407
0.0378020,0.2340318
0.0378840,0.2343530
0.0379660,0.2791407
0.0380480,0.2475015
0.0381300,0.2536644
0.0382120,0.2640660
0.0382940,0.2647217
0.0383760,0.2274545
0.0384580,0.2278412
0.0385400,0.2658414
0.0386220,0.2707378
0.0387040,0.2575704
0.0387860,0.2581746
0.0388680,0.2473901
0.0389500,0.2325846
0.0390320,0.2471521
0.0391140,0.2532492
0.0391960,0.2536599
0.0392780,0.2346224
0.0393600,0.2346006
0.0394420,0.2204505
0.0395240,0.2186722
0.0396060,0.2268545
0.0396880,0.2272109
0.0397700,0.2581378
0.0398520,0.2646704
0.0399340,0.2455018
0.0400160,0.2626535
0.0400980,0.2633125
0.0401800,0.2209047
0.0402620,0.2703548
0.0403440,0.2533754
0.0404260,0.2272621
0.0405080,0.2404213
0.0405900,0.2408498
0.0406720,0.2270915
0.0407540,0.2343787
0.0408360,0.2274750
0.0409180,0.2469082
0.0410000,0.2709066
0.0410820,0.2716593
0.0411640,0.2601005
0.0412460,0.2651889
0.0413280,0.2711737
0.0414100,0.2743152
0.0414920,0.2745469
0.0415740,0.2858665
0.0416560,0.2817824
0.0417380,0.2535397
0.0418200,0.2697869
0.0419020,0.2654654
0.0419840,0.2659926
0.0420660,0.2410724
0.0421480,0.2342226
0.0422300,0.2342878
0.0423120,0.2589516
0.0423940,0.2594100
0.0424760,0.2337317
0.0425580,0.2517069
0.0426400,0.2593024
0.0427220,0.2593147
0.0428040,0.2592643
0.0428860,0.2596849
0.0429680,0.2656993
0.0430500,0.2716940
0.0431320,0.2698545
0.0432140,0.2741050
0.0432960,0.2747247
0.0433780,0.2583250
0.0434600,0.2407047
0.0435420,0.2273461
0.0436240,0.2655694
0.0437060,0.2275368
0.0437880,0.2277081
0.0438700,0.2407409
0.0439520,0.2472994
0.0440340,0.2404362
0.0441160,0.2578792
0.0441980,0.2582098
0.0442800,0.2412986
0.0443620,0.2476496
0.0444440,0.2208876
0.0445260,0.2346855
0.0446080,0.2715054
0.0446900,0.2718673
0.0447720,0.2342093
0.0448540,0.2343368
0.0449360,0.2342107
0.0450180,0.2403973
0.0451000,0.2336965
0.0451820,0.2340436
0.0452640,0.2204117
0.0453460,0.2659013
0.0454280,0.2272892
0.0455100,0.2468868
0.0455920,0.2471581
0.0456740,0.2655275
0.0457560,0.2885286
0.0458380,0.2406015
0.0459200,0.2472755
0.0460020,0.2400990
0.0460840,0.2409830
0.0461660,0.2342142
0.0462480,0.2199968
0.0463300,0.2470237
0.0464120,0.2712121
0.0464940,0.2717750
0.0465760,0.2828103
0.0466580,0.2598034
0.0467400,0.2755505
0.0468220,0.2472893
0.0469040,0.2518668
0.0469860,0.2521842
0.0470680,0.2408366
0.0471500,0.2699984
0.0472320,0.2339569
0.0473140,0.2578118
0.0473960,0.2581830
0.0474780,0.2758993
0.0475600,0.2326242
0.0476420,0.2411005
0.0477240,0.2343009
0.0478060,0.1895773
0.0478880,0.1897839
0.0479700,0.2815735
0.0480520,0.2756302
0.0481340,0.2454775
0.0482160,0.2812734
0.0482980,0.2816379
0.0483800,0.2810528
0.0484620,0.2515798
0.0485440,0.2266945
0.0486260,0.2621793
0.0487080,0.2382575
0.0487900,0.2387346
0.0488720,0.2472963
0.0489540,0.2474110
0.0490360,0.2534239
0.0491180,0.2595382
0.0492000,0.2405516
0.0492820,0.2407918
0.0493640,0.2410567
0.0494460,0.2274553
0.0495280,0.2655256
0.0496100,0.2457121
0.0496920,0.2458832
0.0497740,0.2505473
0.0498560,0.2596743
0.0499380,0.2698762
0.0500200,0.2406197
0.0501020,0.2534357
0.0501840,0.2541328
0.0502660,0.2275493
0.0503480,0.2827480
0.0504300,0.2715764
0.0505120,0.2708990
0.0505940,0.2716050
0.0506760,0.2403260
0.0507580,0.2655386
0.0508400,0.2518659
0.0509220,0.2457188
0.0510040,0.2132527
0.0510860,0.2130664
0.0511680,0.2520006
0.0512500,0.2537192
0.0513320,0.2715219
0.0514140,0.2516771
0.0514960,0.2519686
0.0515780,0.2410301
0.0516600,0.2826173
0.0517420,0.2597289
0.0518240,0.2581043
0.0519060,0.2876818
0.0519880,0.2880233
0.0520700,0.2797020
0.0521520,0.2695918
0.0522340,0.2810863
0.0523160,0.2469281
0.0523980,0.2473974
0.0524800,0.2342099
0.0525620,0.2206857
0.0526440,0.2474094
0.0527260,0.2394357
0.0528080,0.2597146
0.0528900,0.2600490
0.0529720,0.2505968
0.0530540,0.2521710
0.0531360,0.2857189
0.0532180,0.2756009
0.0533000,0.2822142
0.0533820,0.2831052
0.0534640,0.2535709
0.0535460,0.2343195
0.0536280,0.2133091
0.0537100,0.2324017
0.0537920,0.2327610
0.0538740,0.2274935
0.0539560,0.2626589
0.0540380,0.2520330
0.0541200,0.2625013
0.0542020,0.2391910
0.0542840,0.2396432
0.0543660,0.2645392
0.0544480,0.2277368
0.0545300,0.2130146
0.0546120,0.2202352
0.0546940,0.2204862
0.0547760,0.2568852
0.0548580,0.2628970
0.0549400,0.2911653
0.0550220,0.2822404
0.0551040,0.2932341
0.0551860,0.2939984
0.0552680,0.2524320
0.0553500,0.2133638
0.0554320,0.2343121
0.0555140,0.2275770
0.0555960,0.2278387
0.0556780,0.2458363
0.0557600,0.2658752
0.0558420,0.2388106
0.0559240,0.2559333
0.0560060,0.2556012
0.0560880,0.2560244
0.0561700,0.2457513
0.0562520,0.2326784
0.0563340,0.2128149
0.0564160,0.2340592
0.0564980,0.2342449
0.0565800,0.2206608
0.0566620,0.2699719
0.0567440,0.2135489
0.0568260,0.2133575
0.0569080,0.2133360
0.0569900,0.2136723
0.0570720,0.2347493
0.0571540,0.2774141
0.0572360,0.2467561
0.0573180,0.2810599
0.0574000,0.2812106
0.0574820,0.2817411
0.0575640,0.2472255
0.0576460,0.2576984
0.0577280,0.2797463
0.0578100,0.2468058
0.0578920,0.2472556
0.0579740,0.2473604
0.0580560,0.2459518
0.0581380,0.2407677
0.0582200,0.2812781
0.0583020,0.2823400
0.0583840,0.2829862
0.0584660,0.2582164
0.0585480,0.2657352
0.0586300,0.2932668
0.0587120,0.2877578
0.0587940,0.2883730
0.0588760,0.2814583
0.0589580,0.2640655
0.0590400,0.2654650
0.0591220,0.2534992
0.0592040,0.2656265
0.0592860,0.2664578
0.0593680,0.2519405
0.0594500,0.2757592
0.0595320,0.2576870
0.0596140,0.2751439
0.0596960,0.2755255
0.0597780,0.2407654
0.0598600,0.2456621
0.0599420,0.2641488
0.0600240,0.2341861
0.0601060,0.2338981
0.0601880,0.2342337
0.0602700,0.2759225
0.0603520,0.2879050
0.0604340,0.2472922
0.0605160,0.2634806
0.0605980,0.2638878
0.0606800,0.2583522
0.0607620,0.2203826
0.0608440,0.2716552
0.0609260,0.2711091
0.0610080,0.2534990
0.0610900,0.2539619
0.0611720,0.2477907
0.0612540,0.2346205
0.0613360,0.2276368
0.0614180,0.2795891
0.0615000,0.2919454
0.0615820,0.2926950
0.0616640,0.2474573
0.0617460,0.2270815
0.0618280,0.2529026
0.0619100,0.2453609
0.0619920,0.2455675
0.0620740,0.2390093
0.0621560,0.2471753
0.0622380,0.2202733
0.0623200,0.2741252
0.0624020,0.2503082
0.0624840,0.2510561
0.0625660,0.2346646
0.0626480,0.2404058
0.0627300,0.2199668
0.0628120,0.2790867
0.0628940,0.2795288
0.0629760,0.2454843
0.0630580,0.2867267
0.0631400,0.2641901
0.0632220,0.2590980
0.0633040,0.2339080
0.0633860,0.2343481
0.0634680,0.2275423
0.0635500,0.2581105
0.0636320,0.2385965
0.0637140,0.2306587
0.0637960,0.2310860
0.0638780,0.2342988
0.0639600,0.2754776
0.0640420,0.2625262
0.0641240,0.2169367
0.0642060,0.2434840
0.0642880,0.2438041
0.0643700,0.2115130
0.0644520,0.2273138
0.0645340,0.2756566
0.0646160,0.2696331
0.0646980,0.2701473
0.0647800,0.2773319
0.0648620,0.2533642
0.0649440,0.2970235
0.0650260,0.2709952
0.0651080,0.2534777
0.0651900,0.2539230
0.0652720,0.2406363
0.0653540,0.2275788
0.0654360,0.2337305
0.0655180,0.2325168
0.0656000,0.2185757
0.0656820,0.2187227
0.0657640,0.2346028
0.0658460,0.2341869
0.0659280,0.2534762
0.0660100,0.2273764
0.0660920,0.2279077
0.0661740,0.2411666
0.0662560,0.2597766
0.0663380,0.2713822
0.0664200,0.2866824
0.0665020,0.3110145
0.0665840,0.3116420
0.0666660,0.2405524
0.0667480,0.2746274
0.0668300,0.2519726
0.0669120,0.2531868
0.0669940,0.2539417
0.0670760,0.2534672
0.0671580,0.2533373
0.0672400,0.2580098
0.0673220,0.2395688
0.0674040,0.2276103
0.0674860,0.2278121
0.0675680,0.2255682
0.0676500,0.2259286
0.0677320,0.2276337
0.0678140,0.2405915
0.0678960,0.2408219
0.0679780,0.2470171
0.0680600,0.2642186
0.0681420,0.2407806
0.0682240,0.2198432
0.0683060,0.2468235
0.0683880,0.2473190
0.0684700,0.2758090
0.0685520,0.2342522
0.0686340,0.2338537
0.0687160,0.2593424
0.0687980,0.2598589
0.0688800,0.2344150
0.0689620,0.2273855
0.0690440,0.2337843
0.0691260,0.2694858
0.0692080,0.2693587
0.0692900,0.2697876
0.0693720,0.2340494
0.0694540,0.2270520
0.0695360,0.2516545
0.0696180,0.2765867
0.0697000,0.2649659
0.0697820,0.2655906
0.0698640,0.2711687
0.0699460,0.2656198
0.0700280,0.2713293
0.0701100,0.2408912
0.0701920,0.2410514
0.0702740,0.2659859
0.0703560,0.2597098
0.0704380,0.2410094
0.0705200,0.2580550
0.0706020,0.2395849
0.0706840,0.2400756
0.0707660,0.2538124
0.0708480,0.2645217
0.0709300,0.2253799
0.0710120,0.2406991
0.0710940,0.2410689
0.0711760,0.2455719
0.0712580,0.2597256
0.0713400,0.2934200
0.0714220,0.2534648
0.0715040,0.2706150
0.0715860,0.2708205
0.0716680,0.3036782
0.0717500,0.2652009
0.0718320,0.2697639
0.0719140,0.2908047
0.0719960,0.2913728
0.0720780,0.2579722
0.0721600,0.2595094
0.0722420,0.2866629
0.0723240,0.2405849
0.0724060,0.2454074
0.0724880,0.2456679
0.0725700,0.2256063
0.0726520,0.1899452
0.0727340,0.2343379
0.0728160,0.2517547
0.0728980,0.2523274
0.0729800,0.2409888
0.0730620,0.2408148
0.0731440,0.2532114
0.0732260,0.2770495
0.0733080,0.2708621
0.0733900,0.2716192
0.0734720,0.2539940
0.0735540,0.2409426
0.0736360,0.2657211
0.0737180,0.2518264
0.0738000,0.2343544
0.0738820,0.2348702
0.0739640,0.2415665
0.0740460,0.2207063
0.0741280,0.2457634
0.0742100,0.2533457
0.0742920,0.2537271
0.0743740,0.2410568
0.0744560,0.2274828
0.0745380,0.2344424
0.0746200,0.2695252
0.0747020,0.2769043
0.0747840,0.2774507
0.0748660,0.2818200
0.0749480,0.2504752
0.0750300,0.2503271
0.0751120,0.2469684
0.0751940,0.2474310
0.0752760,0.2271752
0.0753580,0.2581256
0.0754400,0.2406081
0.0755220,0.2340048
0.0756040,0.2698035
0.0756860,0.2701246
0.0757680,0.2580327
0.0758500,0.2926281
0.0759320,0.2460601
0.0760140,0.2704242
0.0760960,0.2708313
0.0761780,0.2925217
0.0762600,0.2598091
0.0763420,0.2711453
0.0764240,0.2533468
0.0765060,0.2707702
0.0765880,0.2711621
0.0766700,0.2341154
0.0767520,0.2407677
0.0768340,0.2533424
0.0769160,0.2848673
0.0769980,0.2858192
0.0770800,0.2642314
0.0771620,0.2339389
0.0772440,0.2516209
0.0773260,0.2696267
0.0774080,0.2334579
0.0774900,0.2340978
0.0775720,0.2408835
0.0776540,0.2657175
0.0777360,0.2538106
0.0778180,0.2876838
0.0779000,0.2454537
0.0779820,0.2460424
0.0780640,0.2690356
0.0781460,0.2414883
0.0782280,0.2208177
0.0783100,0.2579450
0.0783920,0.2582831
0.0784740,0.2827620
0.0785560,0.2650830
0.0786380,0.2519914
0.0787200,0.2863701
0.0788020,0.2697917
0.0788840,0.2704941
0.0789660,0.2653921
0.0790480,0.2341508
0.0791300,0.2714119
0.0792120,0.2710015
0.0792940,0.2712830
0.0793760,0.2989659
0.0794580,0.2713692
0.0795400,0.2342529
0.0796220,0.2473185
0.0797040,0.2454948
0.0797860,0.2457868
0.0798680,0.2134210
0.0799500,0.2344330
0.0800320,0.2471721
0.0801140,0.2866957
0.0801960,0.2869595
0.0802780,0.2576101
0.0803600,0.2657391
0.0804420,0.2459545
0.0805240,0.2654327
0.0806060,0.2769145
0.0806880,0.2769801
0.0807700,0.2717836
0.0808520,0.2825958
0.0809340,0.2655712
0.0810160,0.2518023
0.0810980,0.2522225
0.0811800,0.2701924
0.0812620,0.2476471
0.0813440,0.2409259
0.0814260,0.2273204
0.0815080,0.2471012
0.0815900,0.2475539
0.0816720,0.2408041
0.0817540,0.2409625
0.0818360,0.2341032
0.0819180,0.2453621
0.0820000,0.2453181
0.0820820,0.2455758
0.0821640,0.2405679
0.0822460,0.2339848
0.0823280,0.2596835
0.0824100,0.2537784
0.0824920,0.2544389
0.0825740,0.2343872
0.0826560,0.2409335
0.0827380,0.2712897
0.0828200,0.2406867
0.0829020,0.2564330
0.0829840,0.2565652
0.0830660,0.2473061
0.0831480,0.2257585
0.0832300,0.2581603
0.0833120,0.2435585
0.0833940,0.2441429
0.0834760,0.2476567
0.0835580,0.2456758
0.0836400,0.2470735
0.0837220,0.2595871
0.0838040,0.2653994
0.0838860,0.2658228
0.0839680,0.2713174
0.0840500,0.2712355
0.0841320,0.2825863
0.0842140,0.2695520
0.0842960,0.2701899
0.0843780,0.2412086
0.0844600,0.2521944
0.0845420,0.2408895
0.0846240,0.2521529
0.0847060,0.2458313
0.0847880,0.2466278
0.0848700,0.2279237
0.0849520,0.2277184
0.0850340,0.2340469
0.0851160,0.2698441
0.0851980,0.2704373
0.0852800,0.2521967
0.0853620,0.2659526
0.0854440,0.2595838
0.0855260,0.2650957
0.0856080,0.2919128
0.0856900,0.2925411
0.0857720,0.2537394
0.0858540,0.2275201
0.0859360,0.2471652
0.0860180,0.2269863
0.0861000,0.2339675
0.0861820,0.2340329
0.0862640,0.2472160
0.0863460,0.2800259
0.0864280,0.2133333
0.0865100,0.2342512
0.0865920,0.2348933
0.0866740,0.2776368
0.0867560,0.2833570
0.0868380,0.2596405
0.0869200,0.2394803
0.0870020,0.2702206
0.0870840,0.2706791
0.0871660,0.2276158
0.0872480,0.2520473
0.0873300,0.2452426
0.0874120,0.2404700
0.0874940,0.2407849
0.0875760,0.2660503
0.0876580,0.2701070
0.0877400,0.2275661
0.0878220,0.2742307
0.0879040,0.2742984
0.0879860,0.2748994
0.0880680,0.2328967
0.0881500,0.2458445
0.0882320,0.2581892
0.0883140,0.2406839
0.0883960,0.2409311
0.0884780,0.2473817
0.0885600,0.2339250
0.0886420,0.2654866
0.0887240,0.2785458
0.0888060,0.2533265
0.0888880,0.2540379
0.0889700,0.2478422
0.0890520,0.2866377
0.0891340,0.2477196
0.0892160,0.2470591
0.0892980,0.2472530
0.0893800,0.2345732
0.0894620,0.2055249
0.0895440,0.2533561
0.0896260,0.2200130
0.0897080,0.2593718
0.0897900,0.2599977
0.0898720,0.2703260
0.0899540,0.2461357
0.0900360,0.2991259
0.0901180,0.2698100
0.0902000,0.2695895
0.0902820,0.2698902
0.0903640,0.2410182
0.0904460,0.2475188
0.0905280,0.2772391
0.0906100,0.2529987
0.0906920,0.2536617
0.0907740,0.2345294
0.0908560,0.2460510
0.0909380,0.2504461
0.0910200,0.2644466
0.0911020,0.2442258
0.0911840,0.2442571
0.0912660,0.2647335
0.0913480,0.2583422
0.0914300,0.2206344
0.0915120,0.2472498
0.0915940,0.2474858
0.0916760,0.2278182
0.0917580,0.2655168
0.0918400,0.2654338
0.0919220,0.2755552
0.0920040,0.2808604
0.0920860,0.2813919
0.0921680,0.2475164
0.0922500,0.2395518
0.0923320,0.2345975
0.0924140,0.2277042
0.0924960,0.2280686
0.0925780,0.2329342
0.0926600,0.2346638
0.0927420,0.2275725
0.0928240,0.2335294
0.0929060,0.2341920
0.0929880,0.2344121
0.0930700,0.2341171
0.0931520,0.2408267
0.0932340,0.2517662
0.0933160,0.2516238
0.0933980,0.2520933
0.0934800,0.2395003
0.0935620,0.2645056
0.0936440,0.2534281
0.0937260,0.2517588
0.0938080,0.2395297
0.0938900,0.2398928
0.0939720,0.2524570
0.0940540,0.2345434
0.0941360,0.2272461
0.0942180,0.2710838
0.0943000,0.2516924
0.0943820,0.2516031
0.0944640,0.2870426
0.0945460,0.2800515
0.0946280,0.2579544
0.0947100,0.2260149
0.0947920,0.2262169
0.0948740,0.2258374
0.0949560,0.2654583
0.0950380,0.2272788
0.0951200,0.2641681
0.0952020,0.2340508
0.0952840,0.2347073
0.0953660,0.2272168
0.0954480,0.2328132
0.0955300,0.2207328
0.0956120,0.2206925
0.0956940,0.2208777
0.0957760,0.2206894
0.0958580,0.2408938
0.0959400,0.2531401
0.0960220,0.2472193
0.0961040,0.2404733
0.0961860,0.2408203
0.0962680,0.2323306
0.0963500,0.2908748
0.0964320,0.2642367
0.0965140,0.2534933
0.0965960,0.2539636
0.0966780,0.2828108
0.0967600,0.2718343
0.0968420,0.2522165
0.0969240,0.2205838
0.0970060,0.2866628
0.0970880,0.2872295
0.0971700,0.2760951
0.0972520,0.3030534
0.0973340,0.2593431
0.0974160,0.2338932
0.0974980,0.2344061
0.0975800,0.2521738
0.0976620,0.2457261
0.0977440,0.2208023
0.0978260,0.2701100
0.0979080,0.3049841
0.0979900,0.3057106
0.0980720,0.2692030
0.0981540,0.2277181
0.0982360,0.2343851
0.0983180,0.2756202
0.0984000,0.2326925
0.0984820,0.2330029
0.0985640,0.2595187
0.0986460,0.2760636
0.0987280,0.2623861
0.0988100,0.2577062
0.0988920,0.2580217
0.0989740,0.2410699
0.0990560,0.2594713
0.0991380,0.2982491
0.0992200,0.3188349
0.0993020,0.3039684
0.0993840,0.3043343
0.0994660,0.3409118
0.0995480,0.2855878
0.0996300,0.2756971
0.0997120,0.2807320
0.0997940,0.2812253
0.0998760,0.2533600
0.0999580,0.2207420
0.1000400,0.2630158
0.1001220,0.2473609
0.1002040,0.2473952
0.1002860,0.2479106
0.1003680,0.2704044
0.1004500,0.2680533
0.1005320,0.2625862
0.1006140,0.2823878
0.1006960,0.2830588
0.1007780,0.2407220
0.1008600,0.2308834
0.1009420,0.2642723
0.1010240,0.2715366
0.1011060,0.2534610
0.1011880,0.2538282
0.1012700,0.2594155
0.1013520,0.2716280
0.1014340,0.2342332
0.1015160,0.2768886
0.1015980,0.2770951
0.1016800,0.2772379
0.1017620,0.2826593
0.1018440,0.2656829
0.1019260,0.2516440
0.1020080,0.2204813
0.1020900,0.2207060
0.1021720,0.2535777
0.1022540,0.2201356
0.1023360,0.2595379
0.1024180,0.2274243
0.1025000,0.2344142
0.1025820,0.2344061
0.1026640,0.2471957
0.1027460,0.2639001
0.1028280,0.2595225
0.1029100,0.2593892
0.1029920,0.2596465
0.1030740,0.2703524
0.1031560,0.2581556
0.1032380,0.2597832
0.1033200,0.2594878
0.1034020,0.2651295
0.1034840,0.2656425
0.1035660,0.2770898
0.1036480,0.2756255
0.1037300,0.2714479
0.1038120,0.2581229
0.1038940,0.2586005
0.1039760,0.2762643
0.1040580,0.2059305
0.1041400,0.2761796
0.1042220,0.2271094
0.1043040,0.2471731
0.1043860,0.2474371
0.1044680,0.2582519
0.1045500,0.2345179
0.1046320,0.2391111
0.1047140,0.2202652
0.1047960,0.2205534
0.1048780,0.2348372
0.1049600,0.2344654
0.1050420,0.2410357
0.1051240,0.2653112
0.1052060,0.2647988
0.1052880,0.2654641
0.1053700,0.2474899
0.1054520,0.2532345
0.1055340,0.2532653
0.1056160,0.2575418
0.1056980,0.2579754
0.1057800,0.2540275
0.1058620,0.2326103
0.1059440,0.2343235
0.1060260,0.2275981
0.1061080,0.2409427
0.1061900,0.2413379
0.1062720,0.1977742
0.1063540,0.2279231
0.1064360,0.2203660
0.1065180,0.2057915
0.1066000,0.2407990
0.1066820,0.2410414
0.1067640,0.2659648
0.1068460,0.2538965
0.1069280,0.2187094
0.1070100,0.2392791
0.1070920,0.2396283
0.1071740,0.2598872
0.1072560,0.2345196
0.1073380,0.2594732
0.1074200,0.2451339
0.1075020,0.2528668
0.1075840,0.2532288
0.1076660,0.2639600
0.1077480,0.2957514
0.1078300,0.2501781
0.1079120,0.2700404
0.1079940,0.2705816
0.1080760,0.2343025
0.1081580,0.2395790
0.1082400,0.2816798
0.1083220,0.2396773
0.1084040,0.2337512
0.1084860,0.2341068
0.1085680,0.2712427
0.1086500,0.2701738
0.1087320,0.2566327
0.1088140,0.2580700
0.1088960,0.2585283
0.1089780,0.2410196
0.1090600,0.2342111
0.1091420,0.2395744
0.1092240,0.2771477
0.1093060,0.2692569
0.1093880,0.2698732
0.1094700,0.2327292
0.1095520,0.2274448
0.1096340,0.2129664
0.1097160,0.2410511
0.1097980,0.2411674
0.1098800,0.2396008
0.1099620,0.2761213
0.1100440,0.2988667
0.1101260,0.2655657
0.1102080,0.2409519
0.1102900,0.2412516
0.1103720,0.2770878
0.1104540,0.2624094
0.1105360,0.2755352
0.1106180,0.2596559
0.1107000,0.2533849
0.1107820,0.2537239
0.1108640,0.2458254
0.1109460,0.2342492
0.1110280,0.2409485
0.1111100,0.2134795
0.1111920,0.2135463
0.1112740,0.2276498
0.1113560,0.2626924
0.1114380,0.2580403
0.1115200,0.2711432
0.1116020,0.2768583
0.1116840,0.2771823
0.1117660,0.2700598
0.1118480,0.2578148
0.1119300,0.2904574
0.1120120,0.2578007
0.1120940,0.2583478
0.1121760,0.2204725
0.1122580,0.2458460
0.1123400,0.2475460
0.1124220,0.2274953
0.1125040,0.2322127
0.1125860,0.2325134
0.1126680,0.2598991
0.1127500,0.2581902
0.1128320,0.2758864
0.1129140,0.2203080
0.1129960,0.2207055
0.1130780,0.2454041
0.1131600,0.2593809
0.1132420,0.2655705
0.1133240,0.2918954
0.1134060,0.2471327
0.1134880,0.2474411
0.1135700,0.2475071
0.1136520,0.2458090
0.1137340,0.2474458
0.1138160,0.2344960
0.1138980,0.2348495
0.1139800,0.2208031
0.1140620,0.2132225
0.1141440,0.2204336
0.1142260,0.2581533
0.1143080,0.2682892
0.1143900,0.2688869
0.1144720,0.2760037
0.1145540,0.2474933
0.1146360,0.2131444
0.1147180,0.2276718
0.1148000,0.2059320
0.1148820,0.2058907
0.1149640,0.2407192
0.1150460,0.2406676
0.1151280,0.2201978
0.1152100,0.2470699
0.1152920,0.2474623
0.1153740,0.2392740
0.1154560,0.2710721
0.1155380,0.2595719
0.1156200,0.2593191
0.1157020,0.2711486
0.1157840,0.2718404
0.1158660,0.2412726
0.1159480,0.2760259
0.1160300,0.2519413
0.1161120,0.2058404
0.1161940,0.2060139
0.1162760,0.2688455
0.1163580,0.2629362
0.1164400,0.2274444
0.1165220,0.2580292
0.1166040,0.2770325
0.1166860,0.2773349
0.1167680,0.2475618
0.1168500,0.2456048
0.1169320,0.2336106
0.1170140,0.2828569
0.1170960,0.2831389
0.1171780,0.2601407
0.1172600,0.2456873
0.1173420,0.2274458
0.1174240,0.2534661
0.1175060,0.2640226
0.1175880,0.2643693
0.1176700,0.2541369
0.1177520,0.2476285
0.1178340,0.2258377
0.1179160,0.2798664
0.1179980,0.2798502
0.1180800,0.2467331
0.1181620,0.3027148
0.1182440,0.2652232
0.1183260,0.2594513
0.1184080,0.2652235
0.1184900,0.2658068
0.1185720,0.3069319
0.1186540,0.2965400
0.1187360,0.2474689
0.1188180,0.2470687
0.1189000,0.2595100
0.1189820,0.2598115
0.1190640,0.2271774
0.1191460,0.2640340
0.1192280,0.2642104
0.1193100,0.2810778
0.1193920,0.2817018
0.1194740,0.2476182
0.1195560,0.2455326
0.1196380,0.2535693
0.1197200,0.2456476
0.1198020,0.2687019
0.1198840,0.2692375
0.1199660,0.2455599
0.1200480,0.2701185
0.1201300,0.2597025
0.1202120,0.2471746
0.1202940,0.2475835
0.1203760,0.2599460
0.1204580,0.2535161
0.1205400,0.2505629
0.1206220,0.2204862
0.1207040,0.2341161
0.1207860,0.2341503
0.1208680,0.2392944
0.1209500,0.1974868
0.1210320,0.2130785
0.1211140,0.2271211
0.1211960,0.2274986
0.1212780,0.2691247
0.1213600,0.3042172
0.1214420,0.2871794
0.1215240,0.2857476
0.1216060,0.2912071
0.1216880,0.2917002
0.1217700,0.2758897
0.1218520,0.3015762
0.1219340,0.2599480
0.1220160,0.2687048
0.1220980,0.2691068
0.1221800,0.2413666
0.1222620,0.2443471
0.1223440,0.2474184
0.1224260,0.2522923
0.1225080,0.2473531
0.1225900,0.2478579
0.1226720,0.2641533
0.1227540,0.2475095
0.1228360,0.2506782
0.1229180,0.2061984
0.1230000,0.2394468
0.1230820,0.2394973
0.1231640,0.2524878
0.1232460,0.2697304
0.1233280,0.2866540
0.1234100,0.2893641
0.1234920,0.2899603
0.1235740,0.2273319
0.1236560,0.2641699
0.1237380,0.2657286
0.1238200,0.2411656
0.1239020,0.2274244
0.1239840,0.2276534
0.1240660,0.2474526
0.1241480,0.2344651
0.1242300,0.2769548
0.1243120,0.2577910
0.1243940,0.2581680
0.1244760,0.2326059
0.1245580,0.2472184
0.1246400,0.2854452
0.1247220,0.2650355
0.1248040,0.2704464
0.1248860,0.2709320
0.1249680,0.2342913
0.1250500,0.2205722
0.1251320,0.2472824
0.1252140,0.2473222
0.1252960,0.2477548
0.1253780,0.2641023
0.1254600,0.2406053
0.1255420,0.2716969
0.1256240,0.2657292
0.1257060,0.2640185
0.1257880,0.2641627
0.1258700,0.2599086
0.1259520,0.2534549
0.1260340,0.2409227
0.1261160,0.2408122
0.1261980,0.2412002
0.1262800,0.2409825
0.1263620,0.2595972
0.1264440,0.2596426
0.1265260,0.2654176
0.1266080,0.2653027
0.1266900,0.2657497
0.1267720,0.2656971
0.1268540,0.2596303
0.1269360,0.2469724
0.1270180,0.2271668
0.1271000,0.2956407
0.1271820,0.2964310
0.1272640,0.2612816
0.1273460,0.2393195
0.1274280,0.2566848
0.1275100,0.2469871
0.1275920,0.2475582
0.1276740,0.2327091
0.1277560,0.2582358
0.1278380,0.2337222
0.1279200,0.2323327
0.1280020,0.2405919
0.1280840,0.2409864
0.1281660,0.2590838
0.1282480,0.2641535
0.1283300,0.2326038
0.1284120,0.2516509
0.1284940,0.2520046
0.1285760,0.2741991
0.1286580,0.2732349
0.1287400,0.2810776
0.1288220,0.2653369
0.1289040,0.2771175
0.1289860,0.2774279
0.1290680,0.2831450
0.1291500,0.2871516
0.1292320,0.2202324
0.1293140,0.2204223
0.1293960,0.2205428
0.1294780,0.2534176
0.1295600,0.2886162
0.1296420,0.2656578
0.1297240,0.2391627
0.1298060,0.2392400
0.1298880,0.2396764
0.1299700,0.2521169
0.1300520,0.2774439
0.1301340,0.2517099
0.1302160,0.2337177
0.1302980,0.2340922
0.1303800,0.2321627
0.1304620,0.2500775
0.1305440,0.2682497
0.1306260,0.2457316
0.1307080,0.2672468
0.1307900,0.2678280
0.1308720,0.2597536
0.1309540,0.2409097
0.1310360,0.2596665
0.1311180,0.2771793
0.1312000,0.2593972
0.1312820,0.2597796
0.1313640,0.2472218
0.1314460,0.2715469
0.1315280,0.2274409
0.1316100,0.2340676
0.1316920,0.2345404
0.1317740,0.2277376
0.1318560,0.2443631
0.1319380,0.2258787
0.1320200,0.2456437
0.1321020,0.2517122
0.1321840,0.2522016
0.1322660,0.2815371
0.1323480,0.2518919
0.1324300,0.2641295
0.1325120,0.2526877
0.1325940,0.2529441
0.1326760,0.2776360
0.1327580,0.2658152
0.1328400,0.2716584
0.1329220,0.2757446
0.1330040,0.2698967
0.1330860,0.2700934
0.1331680,0.2643861
0.1332500,0.2474002
0.1333320,0.2468752
0.1334140,0.2454585
0.1334960,0.2459449
0.1335780,0.2595360
0.1336600,0.2598141
0.1337420,0.2594406
0.1338240,0.2341442
0.1339060,0.2562232
0.1339880,0.2563476
0.1340700,0.2935074
0.1341520,0.2802775
0.1342340,0.2952633
0.1343160,0.3042245
0.1343980,0.3047347
0.1344800,0.3058604
0.1345620,0.2772687
0.1346440,0.3028046
0.1347260,0.2867274
0.1348080,0.2403988
0.1348900,0.2404901
0.1349720,0.2596142
0.1350540,0.2471833
0.1351360,0.2757895
0.1352180,0.2259632
0.1353000,0.2207127
0.1353820,0.2207523
0.1354640,0.2307885
0.1355460,0.2507186
0.1356280,0.2580213
0.1357100,0.2515495
0.1357920,0.2520342
0.1358740,0.3058481
0.1359560,0.2344474
0.1360380,0.2343000
0.1361200,0.2855300
0.1362020,0.2656197
0.1362840,0.2658846
0.1363660,0.2664641
0.1364480,0.2583249
0.1365300,0.2518338
0.1366120,0.2532066
0.1366940,0.2537004
0.1367760,0.2719406
0.1368580,0.2871514
0.1369400,0.2827183
0.1370220,0.2270996
0.1371040,0.2457184
0.1371860,0.2458389
0.1372680,0.2690742
0.1373500,0.2208081
0.1374320,0.2744962
0.1375140,0.2205621
0.1375960,0.2207009
0.1376780,0.2744461
0.1377600,0.2324588
0.1378420,0.2271826
0.1379240,0.2799484
0.1380060,0.2973376
0.1380880,0.2978395
0.1381700,0.3093277
0.1382520,0.2598371
0.1383340,0.2599153
0.1384160,0.2824047
0.1384980,0.2830554
0.1385800,0.2761185
0.1386620,0.2757606
0.1387440,0.2756608
0.1388260,0.2639784
0.1389080,0.2577449
0.1389900,0.2580951
0.1390720,0.2410760
0.1391540,0.2501551
0.1392360,0.2519812
0.1393180,0.2970629
0.1394000,0.2549796
0.1394820,0.2556841
0.1395640,0.2412751
0.1396460,0.2519268
0.1397280,0.2459321
0.1398100,0.2654195
0.1398920,0.2656192
0.1399740,0.2715194
0.1400560,0.2201890
0.1401380,0.2754303
0.1402200,0.2973543
0.1403020,0.2811899
0.1403840,0.2816794
0.1404660,0.2885498
0.1405480,0.2712866
0.1406300,0.2468130
0.1407120,0.2515946
0.1407940,0.2518744
0.1408760,0.2516361
0.1409580,0.2800819
0.1410400,0.2535480
0.1411220,0.2641257
0.1412040,0.2457525
0.1412860,0.2461748
0.1413680,0.2274136
0.1414500,0.2745511
0.1415320,0.2592687
0.1416140,0.2338030
0.1416960,0.2341694
0.1417780,0.2535828
0.1418600,0.2520973
0.1419420,0.2716501
0.1420240,0.2639846
0.1421060,0.2643285
0.1421880,0.2645359
0.1422700,0.2599020
0.1423520,0.2883301
0.1424340,0.2593851
0.1425160,0.2862362
0.1425980,0.2868036
0.1426800,0.2272896
0.1427620,0.2471333
0.1428440,0.2566002
0.1429260,0.2593512
0.1430080,0.2272258
0.1430900,0.2278150
0.1431720,0.2324663
0.1432540,0.2519570
0.1433360,0.2964312
0.1434180,0.2402140
0.1435000,0.2577540
0.1435820,0.2582659
0.1436640,0.2697315
0.1437460,0.2580898
0.1438280,0.2453213
0.1439100,0.2408838
0.1439920,0.2411334
0.1440740,0.2537855
0.1441560,0.2757236
0.1442380,0.2591935
0.1443200,0.2270939
0.1444020,0.2404798
0.1444840,0.2408653
0.1445660,0.2272377
0.1446480,0.2344991
0.1447300,0.2715672
0.1448120,0.2597385
0.1448940,0.2601390
0.1449760,0.2259355
0.1450580,0.2516587
0.1451400,0.2410136
0.1452220,0.2475175
0.1453040,0.2133697
0.1453860,0.2134580
0.1454680,0.2206571
0.1455500,0.2539318
0.1456320,0.2473299
0.1457140,0.2701915
0.1457960,0.2706732
0.1458780,0.2204298
0.1459600,0.2346197
0.1460420,0.2518762
0.1461240,0.2796574
0.1462060,0.2780435
0.1462880,0.2783965
0.1463700,0.3013320
0.1464520,0.2473218
0.1465340,0.2593460
0.1466160,0.2593918
0.1466980,0.2598929
0.1467800,0.2599380
0.1468620,0.2540871
0.1469440,0.2659619
0.1470260,0.2711464
0.1471080,0.2769966
0.1471900,0.2776170
0.1472720,0.2460961
0.1473540,0.2397852
0.1474360,0.2758050
0.1475180,0.2963101
0.1476000,0.2533333
0.1476820,0.2535431
0.1477640,0.2807174
0.1478460,0.2971781
0.1479280,0.2712562
0.1480100,0.2867549
0.1480920,0.2872578
0.1481740,0.2475599
0.1482560,0.2058181
0.1483380,0.2322840
0.1484200,0.2579228
0.1485020,0.2849390
0.1485840,0.2856590
0.1486660,0.2628726
0.1487480,0.2657273
0.1488300,0.2628556
0.1489120,0.2699029
0.1489940,0.2705151
0.1490760,0.2394844
0.1491580,0.2816189
0.1492400,0.2703510
0.1493220,0.2523197
0.1494040,0.2327237
0.1494860,0.2329569
0.1495680,0.2522744
0.1496500,0.2338967
0.1497320,0.2454720
0.1498140,0.2741516
0.1498960,0.2746544
0.1499780,0.2817149
0.1500600,0.2640090
0.1501420,0.2061018
0.1502240,0.2712280
0.1503060,0.2453605
0.1503880,0.2456320
0.1504700,0.2776102
0.1505520,0.2758684
0.1506340,0.2759648
0.1507160,0.2394219
0.1507980,0.2395952
0.1508800,0.2407334
0.1509620,0.2532478
0.1510440,0.2405540
0.1511260,0.2469011
0.1512080,0.2754609
0.1512900,0.2760576
0.1513720,0.2524944
0.1514540,0.3001826
0.1515360,0.2521734
0.1516180,0.2520342
0.1517000,0.2473392
0.1517820,0.2476675
0.1518640,0.2133244
0.1519460,0.2471460
0.1520280,0.2767509
0.1521100,0.2711854
0.1521920,0.2718878
0.1522740,0.2643506
0.1523560,0.2392245
0.1524380,0.2521571
0.1525200,0.2774762
0.1526020,0.2456551
0.1526840,0.2460520
0.1527660,0.2344274
0.1528480,0.2406100
0.1529300,0.2582132
0.1530120,0.2698860
0.1530940,0.2706273
0.1531760,0.2687726
0.1532580,0.2743265
0.1533400,0.2406118
0.1534220,0.2656242
0.1535040,0.2642134
0.1535860,0.2646622
0.1536680,0.2873994
0.1537500,0.2706406
0.1538320,0.2460227
0.1539140,0.2458163
0.1539960,0.2460747
0.1540780,0.2698493
0.1541600,0.2407184
0.1542420,0.2256989
0.1543240,0.2408063
0.1544060,0.2827740
0.1544880,0.2832416
0.1545700,0.2412021
0.1546520,0.2800774
0.1547340,0.2870599
0.1548160,0.2643815
0.1548980,0.2648489
0.1549800,0.2715654
0.1550620,0.2700475
0.1551440,0.2340753
0.1552260,0.2697185
0.1553080,0.2576942
0.1553900,0.2581255
0.1554720,0.2458331
0.1555540,0.2277071
0.1556360,0.2567740
0.1557180,0.2407189
0.1558000,0.2457131
0.1558820,0.2460356
0.1559640,0.2539391
0.1560460,0.2208062
0.1561280,0.2584336
0.1562100,0.2457265
0.1562920,0.2460285
0.1563740,0.2412825
0.1564560,0.2474738
0.1565380,0.2597161
0.1566200,0.2531689
0.1567020,0.2531018
0.1567840,0.2535281
0.1568660,0.2474977
0.1569480,0.2391624
0.1570300,0.2203706
0.1571120,0.2753375
0.1571940,0.2757656
0.1572760,0.2788670
0.1573580,0.2134212
0.1574400,0.2408368
0.1575220,0.2531469
0.1576040,0.2388586
0.1576860,0.2393363
0.1577680,0.2585217
0.1578500,0.2701073
0.1579320,0.2519254
0.1580140,0.2534892
0.1580960,0.2537406
0.1581780,0.2814925
0.1582600,0.2455815
0.1583420,0.2865742
0.1584240,0.2340339
0.1585060,0.2469278
0.1585880,0.2473739
0.1586700,0.2475461
0.1587520,0.2409103
0.1588340,0.2342584
0.1589160,0.2798771
0.1589980,0.2805441
0.1590800,0.2479208
0.1591620,0.2646529
0.1592440,0.2203337
0.1593260,0.2410759
0.1594080,0.2710877
0.1594900,0.2715284
0.1595720,0.2770211
0.1596540,0.2455616
0.1597360,0.2821572
0.1598180,0.2470339
0.1599000,0.2405776
0.1599820,0.2406379
0.1600640,0.2520043
0.1601460,0.2743976
0.1602280,0.2583319
0.1603100,0.2273624
0.1603920,0.2278718
0.1604740,0.2277370
0.1605560,0.2523571
0.1606380,0.2687473
0.1607200,0.2440448
0.1608020,0.2638720
0.1608840,0.2643373
0.1609660,0.2609033
0.1610480,0.2582492
0.1611300,0.2772021
0.1612120,0.2519894
0.1612940,0.2522892
0.1613760,0.2325897
0.1614580,0.2460050
0.1615400,0.2699413
0.1616220,0.2934814
0.1617040,0.2642086
0.1617860,0.2647439
0.1618680,0.2539902
0.1619500,0.2599519
0.1620320,0.2343682
0.1621140,0.2869373
0.1621960,0.2876747
0.1622780,0.2137046
0.1623600,0.2613662
0.1624420,0.2256708
0.1625240,0.2713826
0.1626060,0.2651833
0.1626880,0.2657421
0.1627700,0.2410210
0.1628520,0.2410886
0.1629340,0.2523657
0.1630160,0.2341795
0.1630980,0.2344249
0.1631800,0.2773142
0.1632620,0.2474253
0.1633440,0.2598879
0.1634260,0.2597489
0.1635080,0.2696595
0.1635900,0.2704233
0.1636720,0.2344822
0.1637540,0.2471855
0.1638360,0.2470288
0.1639180,0.2469318
0.1640000,0.2593451
0.1640820,0.2597322
0.1641640,0.2409052
0.1642460,0.2800109
0.1643280,0.3025677
0.1644100,0.2986513
0.1644920,0.2993898
0.1645740,0.2472447
0.1646560,0.2596572
0.1647380,0.2130995
0.1648200,0.2855600
0.1649020,0.2341378
0.1649840,0.2344666
0.1650660,0.2469072
0.1651480,0.2456448
0.1652300,0.2582406
0.1653120,0.2519033
0.1653940,0.2519146
0.1654760,0.2699167
0.1655580,0.2469434
0.1656400,0.2741339
0.1657220,0.2128669
0.1658040,0.2517461
0.1658860,0.2522204
0.1659680,0.2760321
0.1660500,0.2645673
0.1661320,0.2712409
0.1662140,0.2407681
0.1662960,0.2411825
0.1663780,0.2819309
0.1664600,0.2525564
0.1665420,0.2538474
0.1666240,0.2475033
0.1667060,0.2341752
0.1667880,0.2342330
0.1668700,0.2345878
0.1669520,0.2329989
0.1670340,0.2343822
0.1671160,0.2472670
0.1671980,0.2476371
0.1672800,0.2584953
0.1673620,0.2456338
0.1674440,0.2726868
0.1675260,0.2203250
0.1676080,0.2838086
0.1676900,0.2839230
0.1677720,0.2609702
0.1678540,0.2513838
0.1679360,0.2769637
0.1680180,0.2811973
0.1681000,0.2596714
0.1681820,0.2599295
0.1682640,0.2520881
0.1683460,0.2260479
0.1684280,0.2392500
0.1685100,0.2781980
0.1685920,0.2784786
0.1686740,0.2340975
0.1687560,0.2531913
0.1688380,0.2638311
0.1689200,0.2392136
0.1690020,0.2640277
0.1690840,0.2644934
0.1691660,0.2571160
0.1692480,0.2393502
0.1693300,0.2395940
0.1694120,0.2628190
0.1694940,0.2633826
0.1695760,0.2477277
0.1696580,0.2134148
0.1697400,0.2455805
0.1698220,0.2474679
0.1699040,0.2534961
0.1699860,0.2541417
0.1700680,0.2537502
0.1701500,0.2537199
0.1702320,0.2537019
0.1703140,0.2972072
0.1703960,0.2978626
0.1704780,0.3045291
0.1705600,0.2537282
0.1706420,0.2472835
0.1707240,0.2653737
0.1708060,0.2650779
0.1708880,0.2654093
0.1709700,0.2700087
0.1710520,0.3066177
0.1711340,0.2628186
0.1712160,0.2454836
0.1712980,0.2458309
0.1713800,0.2395375
0.1714620,0.2459417
0.1715440,0.2275572
0.1716260,0.2132737
0.1717080,0.2405001
0.1717900,0.2407165
0.1718720,0.2468277
0.1719540,0.2710990
0.1720360,0.2409731
0.1721180,0.2471435
0.1722000,0.2406263
0.1722820,0.2412263
0.1723640,0.2843200
0.1724460,0.2744089
0.1725280,0.2816399
0.1726100,0.2241982
0.1726920,0.2245375
0.1727740,0.2415549
0.1728560,0.2629088
0.1729380,0.2642071
0.1730200,0.2811508
0.1731020,0.2440089
0.1731840,0.2444156
0.1732660,0.2457521
0.1733480,0.2395238
0.1734300,0.2411090
0.1735120,0.2519626
0.1735940,0.2521353
0.1736760,0.2473708
0.1737580,0.2391775
0.1738400,0.2536668
0.1739220,0.2408611
0.1740040,0.3023507
0.1740860,0.3031283
0.1741680,0.2596484
0.1742500,0.2391471
0.1743320,0.2324362
0.1744140,0.2592172
0.1744960,0.2597287
0.1745780,0.2831559
0.1746600,0.2660040
0.1747420,0.2699545
0.1748240,0.2961373
0.1749060,0.2751443
0.1749880,0.2755906
0.1750700,0.2597151
0.1751520,0.2712695
0.1752340,0.2338980
0.1753160,0.2270207
0.1753980,0.2274109
0.1754800,0.2345876
0.1755620,0.2348212
0.1756440,0.2331179
0.1757260,0.2812923
0.1758080,0.2565927
0.1758900,0.2569273
0.1759720,0.2747862
0.1760540,0.2260279
0.1761360,0.2336703
0.1762180,0.2406744
0.1763000,0.2652364
0.1763820,0.2658992
0.1764640,0.2887958
0.1765460,0.2758097
0.1766280,0.2655478
0.1767100,0.2825485
0.1767920,0.2830951
0.1768740,0.2718551
0.1769560,0.2343253
0.1770380,0.2406723
0.1771200,0.2577361
0.1772020,0.2468374
0.1772840,0.2471491
0.1773660,0.2457876
0.1774480,0.2202611
0.1775300,0.2057883
0.1776120,0.2681913
0.1776940,0.2686203
0.1777760,0.2641925
0.1778580,0.2657056
0.1779400,0.2924758
0.1780220,0.2684260
0.1781040,0.2624126
0.1781860,0.2629720
0.1782680,0.2342464
0.1783500,0.2597159
0.1784320,0.2411772
0.1785140,0.2344040
0.1785960,0.2344590
0.1786780,0.2586106
0.1787600,0.2412428
0.1788420,0.2799789
0.1789240,0.2598212
0.1790060,0.2655058
0.1790880,0.2657172
0.1791700,0.2700426
0.1792520,0.2529083
0.1793340,0.2713939
0.1794160,0.2596409
0.1794980,0.2601047
0.1795800,0.2345283
0.1796620,0.2641088
0.1797440,0.2579193
0.1798260,0.2594590
0.1799080,0.2338138
0.1799900,0.2340391
0.1800720,0.2473183
0.1801540,0.2598176
0.1802360,0.2755325
0.1803180,0.2536991
0.1804000,0.2208357
0.1804820,0.2208232
0.1805640,0.2204499
0.1806460,0.2800001
0.1807280,0.2535993
0.1808100,0.2274699
0.1808920,0.2278665
0.1809740,0.2521187
0.1810560,0.2524990
0.1811380,0.2963617
0.1812200,0.2809962
0.1813020,0.2973122
0.1813840,0.2979619
0.1814660,0.2733116
0.1815480,0.2803993
0.1816300,0.3001924
0.1817120,0.2453202
0.1817940,0.2455152
0.1818760,0.2643434
0.1819580,0.2522626
0.1820400,0.2473503
0.1821220,0.2648059
0.1822040,0.2471651
0.1822860,0.2474083
0.1823680,0.2757558
0.1824500,0.2582765
0.1825320,0.2477368
0.1826140,0.2408730
0.1826960,0.2413587
0.1827780,0.2281321
0.1828600,0.2479368
0.1829420,0.2759347
0.1830240,0.2472158
0.1831060,0.2389351
0.1831880,0.2390638
0.1832700,0.2584758
0.1833520,0.2408290
0.1834340,0.2375107
0.1835160,0.2406165
0.1835980,0.2409603
0.1836800,0.2319604
0.1837620,0.2580288
0.1838440,0.2343646
0.1839260,0.2389548
0.1840080,0.2824569
0.1840900,0.2830523
0.1841720,0.2645756
0.1842540,0.2244003
0.1843360,0.2657149
0.1844180,0.2456540
0.1845000,0.2528431
0.1845820,0.2533200
0.1846640,0.2342289
0.1847460,0.2712610
0.1848280,0.2454650
0.1849100,0.2406760
0.1849920,0.2409357
0.1850740,0.2059221
0.1851560,0.2342999
0.1852380,0.2320617
0.1853200,0.2590674
0.1854020,0.2184896
0.1854840,0.2189976
0.1855660,0.2457763
0.1856480,0.2344834
0.1857300,0.2454741
0.1858120,0.2518301
0.1858940,0.2525112
0.1859760,0.2409135
0.1860580,0.2522400
0.1861400,0.2344524
0.1862220,0.2257603
0.1863040,0.2916955
0.1863860,0.2924343
0.1864680,0.2475512
0.1865500,0.2644007
0.1866320,0.2472514
0.1867140,0.2642765
0.1867960,0.2649461
0.1868780,0.2207646
0.1869600,0.2686792
0.1870420,0.2252489
0.1871240,0.2697915
0.1872060,0.2579526
0.1872880,0.2582950
0.1873700,0.2673520
0.1874520,0.2474241
0.1875340,0.2503806
0.1876160,0.2712591
0.1876980,0.2717893
0.1877800,0.2925005
0.1878620,0.2870094
0.1879440,0.2408055
0.1880260,0.2593371
0.1881080,0.2342537
0.1881900,0.2346090
0.1882720,0.2343153
0.1883540,0.2455742
0.1884360,0.2921463
0.1885180,0.2809359
0.1886000,0.2708481
0.1886820,0.2713310
0.1887640,0.2536034
0.1888460,0.2473986
0.1889280,0.2345787
0.1890100,0.2535592
0.1890920,0.2538545
0.1891740,0.2538109
0.1892560,0.2522233
0.1893380,0.2327670
0.1894200,0.2407011
0.1895020,0.2473809
0.1895840,0.2475389
0.1896660,0.2530849
0.1897480,0.2342899
0.1898300,0.2131387
0.1899120,0.2532116
0.1899940,0.2537545
0.1900760,0.2909837
0.1901580,0.2718483
0.1902400,0.2473047
0.1903220,0.2472821
0.1904040,0.2407032
0.1904860,0.2410392
0.1905680,0.2700749
0.1906500,0.2816721
0.1907320,0.2583555
0.1908140,0.2564160
0.1908960,0.2565039
0.1909780,0.2950433
0.1910600,0.3103155
0.1911420,0.2716331
0.1912240,0.2753813
0.1913060,0.2340203
0.1913880,0.2343659
0.1914700,0.2273780
0.1915520,0.2591508
0.1916340,0.2656744
0.1917160,0.2655166
0.1917980,0.2663027
0.1918800,0.2278235
0.1919620,0.2396557
0.1920440,0.2342631
0.1921260,0.2521454
0.1922080,0.2386955
0.1922900,0.2391132
0.1923720,0.2645028
0.1924540,0.2912192
0.1925360,0.2534685
0.1926180,0.2595317
0.1927000,0.2469871
0.1927820,0.2475385
0.1928640,0.2395945
0.1929460,0.2539264
0.1930280,0.2703647
0.1931100,0.2408946
0.1931920,0.2412919
0.1932740,0.2277181
0.1933560,0.2877364
0.1934380,0.2842752
0.1935200,0.2455712
0.1936020,0.2453801
0.1936840,0.2454594
0.1937660,0.2538304
0.1938480,0.2392986
0.1939300,0.2391650
0.1940120,0.2181772
0.1940940,0.2181933
0.1941760,0.2504047
0.1942580,0.2342365
0.1943400,0.2592930
0.1944220,0.2391090
0.1945040,0.2622353
0.1945860,0.2625003
0.1946680,0.2393177
0.1947500,0.2869553
0.1948320,0.2656086
0.1949140,0.2882754
0.1949960,0.2886597
0.1950780,0.2700213
0.1951600,0.2869962
0.1952420,0.2820694
0.1953240,0.2205360
0.1954060,0.2204846
0.1954880,0.2206361
0.1955700,0.2411112
0.1956520,0.2611612
0.1957340,0.2409901
0.1958160,0.2637961
0.1958980,0.2640888
0.1959800,0.2646052
0.1960620,0.2391037
0.1961440,0.2404051
0.1962260,0.2537661
0.1963080,0.2533485
0.1963900,0.2537748
0.1964720,0.2470979
0.1965540,0.2598445
0.1966360,0.2407192
0.1967180,0.2274876
0.1968000,0.2339617
0.1968820,0.2343821
0.1969640,0.2477022
0.1970460,0.2453840
0.1971280,0.2642000
0.1972100,0.2578872
0.1972920,0.2582106
0.1973740,0.2909894
0.1974560,0.2669973
0.1975380,0.2454026
0.1976200,0.2340315
0.1977020,0.2574630
0.1977840,0.2580899
0.1978660,0.2345653
0.1979480,0.2347719
0.1980300,0.2273943
0.1981120,0.2775221
0.1981940,0.2776490
0.1982760,0.2538591
0.1983580,0.2656183
0.1984400,0.2405092
0.1985220,0.2709501
0.1986040,0.2813218
0.1986860,0.2817614
0.1987680,0.2642561
0.1988500,0.2813924
0.1989320,0.2924955
0.1990140,0.2456111
0.1990960,0.2461027
0.1991780,0.2564787
0.1992600,0.2521113
0.1993420,0.2411583
0.1994240,0.2280022
0.1995060,0.2655588
0.1995880,0.2660868
0.1996700,0.2271465
0.1997520,0.2535553
0.1998340,0.2798049
0.1999160,0.2767744
0.1999980,0.2769965
0.2000800,0.2598330
0.2001620,0.2132795
0.2002440,0.2206200
0.2003260,0.2536601
0.2004080,0.2059496
0.2004900,0.2061062
0.2005720,0.2344634
0.2006540,0.2760142
0.2007360,0.2637893
0.2008180,0.2593106
0.2009000,0.2590285
0.2009820,0.2600114
0.2010640,0.2461283
0.2011460,0.2134585
0.2012280,0.2756951
0.2013100,0.3051324
0.2013920,0.3057609
0.2014740,0.2744221
0.2015560,0.2408135
0.2016380,0.2884024
0.2017200,0.2275738
0.2018020,0.2134191
0.2018840,0.2136502
0.2019660,0.2328625
0.2020480,0.2660073
0.2021300,0.2342575
0.2022120,0.2863806
0.2022940,0.2869369
0.2023760,0.3133244
0.2024580,0.2405321
0.2025400,0.2457675
0.2026220,0.2403930
0.2027040,0.2326687
0.2027860,0.2330573
0.2028680,0.2207870
0.2029500,0.2275514
0.2030320,0.2728383
0.2031140,0.2568917
0.2031960,0.2570190
0.2032780,0.2056666
0.2033600,0.2260167
0.2034420,0.2474684
0.2035240,0.2536226
0.2036060,0.2771565
0.2036880,0.2779759
0.2037700,0.2938639
0.2038520,0.2767894
0.2039340,0.2652312
0.2040160,0.2534803
0.2040980,0.2536788
0.2041800,0.2889841
0.2042620,0.2645477
0.2043440,0.2818081
0.2044260,0.3078288
0.2045080,0.2948979
0.2045900,0.2957040
0.2046720,0.2659356
0.2047540,0.2745254
0.2048360,0.2275593
0.2049180,0.2441797
0.2050000,0.2471656
0.2050820,0.2474739
0.2051640,0.2459745
0.2052460,0.2131846
0.2053280,0.2714784
0.2054100,0.2710660
0.2054920,0.2715736
0.2055740,0.2926562
0.2056560,0.2759210
0.2057380,0.2657980
0.2058200,0.2814069
0.2059020,0.2868423
0.2059840,0.2873216
0.2060660,0.2473647
0.2061480,0.2536193
0.2062300,0.2520172
0.2063120,0.2882932
0.2063940,0.2887329
0.2064760,0.2908565
0.2065580,0.2960547
0.2066400,0.2799553
0.2067220,0.2404664
0.2068040,0.2455460
0.2068860,0.2457456
0.2069680,0.2786331
0.2070500,0.2755375
0.2071320,0.2273487
0.2072140,0.2472971
0.2072960,0.2479229
0.2073780,0.2345899
0.2074600,0.2390230
0.2075420,0.2258385
0.2076240,0.2593564
0.2077060,0.2470473
0.2077880,0.2474616
0.2078700,0.2656880
0.2079520,0.2774292
0.2080340,0.2777012
0.2081160,0.2535733
0.2081980,0.2540679
0.2082800,0.2480738
0.2083620,0.2408377
0.2084440,0.2535613
0.2085260,0.2531381
0.2086080,0.2407323
0.2086900,0.2411664
0.2087720,0.2815066
0.2088540,0.2524025
0.2089360,0.2534377
0.2090180,0.2698643
0.2091000,0.2345657
0.2091820,0.2346943
0.2092640,0.2653643
0.2093460,0.2527009
0.2094280,0.2340506
0.2095100,0.2327342
0.2095920,0.2328471
0.2096740,0.2829301
0.2097560,0.3005598
0.2098380,0.2716256
0.2099200,0.2923676
0.2100020,0.2207728
0.2100840,0.2211769
0.2101660,0.2137095
0.2102480,0.2276841
0.2103300,0.2339306
0.2104120,0.2339473
0.2104940,0.2343795
0.2105760,0.2689429
0.2106580,0.2772573
0.2107400,0.2540061
0.2108220,0.2459657
0.2109040,0.2460940
0.2109860,0.2461331
0.2110680,0.2817877
0.2111500,0.2602618
0.2112320,0.2642004
0.2113140,0.2814678
0.2113960,0.2818021
0.2114780,0.2521430
0.2115600,0.2812340
0.2116420,0.2752697
0.2117240,0.2390988
0.2118060,0.2475362
0.2118880,0.2476446
0.2119700,0.2410646
0.2120520,0.2280034
0.2121340,0.2348037
0.2122160,0.2586751
0.2122980,0.2590486
0.2123800,0.2750608
0.2124620,0.2755400
0.2125440,0.2346659
0.2126260,0.2719599
0.2127080,0.2347420
0.2127900,0.2350383
0.2128720,0.2409525
0.2129540,0.2536544
0.2130360,0.2340551
0.2131180,0.2454359
0.2132000,0.2864067
0.2132820,0.2870797
0.2133640,0.2762818
0.2134460,0.2276172
0.2135280,0.2565714
0.2136100,0.2324559
0.2136920,0.2327875
0.2137740,0.2506682
0.2138560,0.2460132
0.2139380,0.2597987
0.2140200,0.2719162
0.2141020,0.2598073
0.2141840,0.2602367
0.2142660,0.2209869
0.2143480,0.2602219
0.2144300,0.2522871
0.2145120,0.2280131
0.2145940,0.2279477
0.2146760,0.2718871
0.2147580,0.2719446
0.2148400,0.2656810
0.2149220,0.2340693
0.2150040,0.2259606
0.2150860,0.2263959
0.2151680,0.2348571
0.2152500,0.2329567
0.2153320,0.2276804
0.2154140,0.2450390
0.2154960,0.2459052
0.2155780,0.2275630
0.2156600,0.2540548
0.2157420,0.2326313
0.2158240,0.2924859
0.2159060,0.2507606
0.2159880,0.2511492
0.2160700,0.2362666
0.2161520,0.2804412
0.2162340,0.2343707
0.2163160,0.2270278
0.2163980,0.2275478
0.2164800,0.2190281
0.2165620,0.2275524
0.2166440,0.2206885
0.2167260,0.2209650
0.2168080,0.2689090
0.2168900,0.2693108
0.2169720,0.2537610
0.2170540,0.2776745
0.2171360,0.2923474
0.2172180,0.2686291
0.2173000,0.2410090
0.2173820,0.2413248
0.2174640,0.2656753
0.2175460,0.2535681
0.2176280,0.2596623
0.2177100,0.2537203
0.2177920,0.2540751
0.2178740,0.2477067
0.2179560,0.2343444
0.2180380,0.2470292
0.2181200,0.2059796
0.2182020,0.2344386
0.2182840,0.2345094
0.2183660,0.2278438
0.2184480,0.2343444
0.2185300,0.2594211
0.2186120,0.2656558
0.2186940,0.2658272
0.2187760,0.2410521
0.2188580,0.2800409
0.2189400,0.2758301
0.2190220,0.2659745
0.2191040,0.2595757
0.2191860,0.2597567
0.2192680,0.2642580
0.2193500,0.2342395
0.2194320,0.2582174
0.2195140,0.2409152
0.2195960,0.2413958
0.2196780,0.2284368
0.2197600,0.2346273
0.2198420,0.2207095
0.2199240,0.2475450
0.2200060,0.2407522
0.2200880,0.2411640
0.2201700,0.2342348
0.2202520,0.2456169
0.2203340,0.2058764
0.2204160,0.2455956
0.2204980,0.2458094
0.2205800,0.2647473
0.2206620,0.2473211
0.2207440,0.2273438
0.2208260,0.2474620
0.2209080,0.2597035
0.2209900,0.2603216
0.2210720,0.2414476
0.2211540,0.2463847
0.2212360,0.2661551
0.2213180,0.2642721
0.2214000,0.2534880
0.2214820,0.2537691
0.2215640,0.2712754
0.2216460,0.2642019
0.2217280,0.2390861
0.2218100,0.2577657
0.2218920,0.2582453
0.2219740,0.2703772
0.2220560,0.2206611
0.2221380,0.2410409
0.2222200,0.2064242
0.2223020,0.2475218
0.2223840,0.2476973
0.2224660,0.2349155
0.2225480,0.2327161
0.2226300,0.2409659
0.2227120,0.2205968
0.2227940,0.2208773
0.2228760,0.2582866
0.2229580,0.2774391
0.2230400,0.2538747
0.2231220,0.2597319
0.2232040,0.2278101
0.2232860,0.2281819
0.2233680,0.2412652
0.2234500,0.2345839
0.2235320,0.2471273
0.2236140,0.2055602
0.2236960,0.2062224
0.2237780,0.2136215
0.2238600,0.2712054
0.2239420,0.2640761
0.2240240,0.2963316
0.2241060,0.2740682
0.2241880,0.2745766
0.2242700,0.2477041
0.2243520,0.2761556
0.2244340,0.2803121
0.2245160,0.2884582
0.2245980,0.2889470
0.2246800,0.2474997
0.2247620,0.2582774
0.2248440,0.2058803
0.2249260,0.2698304
0.2250080,0.2671715
0.2250900,0.2676331
0.2251720,0.2705016
0.2252540,0.2766403
0.2253360,0.2479916
0.2254180,0.2208933
0.2255000,0.2504705
0.2255820,0.2503659
0.2256640,0.2271316
0.2257460,0.2457155
0.2258280,0.2652217
0.2259100,0.2562329
0.2259920,0.2565494
0.2260740,0.2911900
0.2261560,0.2474068
0.2262380,0.2394265
0.2263200,0.2580675
0.2264020,0.2655947
0.2264840,0.2660310
0.2265660,0.2602311
0.2266480,0.2539059
0.2267300,0.2280340
0.2268120,0.2189719
0.2268940,0.2191650
0.2269760,0.2475181
0.2270580,0.2341647
0.2271400,0.2568451
0.2272220,0.2257598
0.2273040,0.2325750
0.2273860,0.2329942
0.2274680,0.2701845
0.2275500,0.2062629
0.2276320,0.2473816
0.2277140,0.2654151
0.2277960,0.2660878
0.2278780,0.2588147
0.2279600,0.2347102
0.2280420,0.2277581
0.2281240,0.2740668
0.2282060,0.2409059
0.2282880,0.2412864
0.2283700,0.2583921
0.2284520,0.2657573
0.2285340,0.2817836
0.2286160,0.2771701
0.2286980,0.2776724
0.2287800,0.2939995
0.2288620,0.2536606
0.2289440,0.2409853
0.2290260,0.2475022
0.2291080,0.2276482
0.2291900,0.2279243
0.2292720,0.2643575
0.2293540,0.2685624
0.2294360,0.2566791
0.2295180,0.2866423
0.2296000,0.2472730
0.2296820,0.2475579
0.2297640,0.2569479
0.2298460,0.2540508
0.2299280,0.2704579
0.2300100,0.2537388
0.2300920,0.2540581
0.2301740,0.2541256
0.2302560,0.2409989
0.2303380,0.2518698
0.2304200,0.2816836
0.2305020,0.2893175
0.2305840,0.2898461
0.2306660,0.2393694
0.2307480,0.2583078
0.2308300,0.2684922
0.2309120,0.2801751
0.2309940,0.2807636
0.2310760,0.2346557
0.2311580,0.2212219
0.2312400,0.2640011
0.2313220,0.2059995
0.2314040,0.2544997
0.2314860,0.2546722
0.2315680,0.2454821
0.2316500,0.2204406
0.2317320,0.2345164
0.2318140,0.2344171
0.2318960,0.2348199
0.2319780,0.2603169
0.2320600,0.2909558
0.2321420,0.2936905
0.2322240,0.2719509
0.2323060,0.2869040
0.2323880,0.2871825
0.2324700,0.2699326
0.2325520,0.2518360
0.2326340,0.2771076
0.2327160,0.2521484
0.2327980,0.2527881
0.2328800,0.2412333
0.2329620,0.2412155
0.2330440,0.2657575
0.2331260,0.2341824
0.2332080,0.2002392
0.2332900,0.2003187
0.2333720,0.2348075
0.2334540,0.2478999
0.2335360,0.2536061
0.2336180,0.2455768
0.2337000,0.2471340
0.2337820,0.2477856
0.2338640,0.2262067
0.2339460,0.2345558
0.2340280,0.2518703
0.2341100,0.2686335
0.2341920,0.2690668
0.2342740,0.2748183
0.2343560,0.2704384
0.2344380,0.2598270
0.2345200,0.2674436
0.2346020,0.2378133
0.2346840,0.2381622
0.2347660,0.2277364
0.2348480,0.2763957
0.2349300,0.2717480
0.2350120,0.2518413
0.2350940,0.2523471
0.2351760,0.2538092
0.2352580,0.2477120
0.2353400,0.2539120
0.2354220,0.2641036
0.2355040,0.2059809
0.2355860,0.2062954
0.2356680,0.2475882
0.2357500,0.2760577
0.2358320,0.2855190
0.2359140,0.2518935
0.2359960,0.2524912
0.2360780,0.2329440
0.2361600,0.2460966
0.2362420,0.2461266
0.2363240,0.2274010
0.2364060,0.2055488
0.2364880,0.2058158
0.2365700,0.2410265
0.2366520,0.2413852
0.2367340,0.2061911
0.2368160,0.2134533
0.2368980,0.2134650
0.2369800,0.2462155
0.2370620,0.2458053
0.2371440,0.2409270
0.2372260,0.2342405
0.2373080,0.2342392
0.2373900,0.2347063
0.2374720,0.2393869
0.2375540,0.2717588
0.2376360,0.2275285
0.2377180,0.2803372
0.2378000,0.2638843
0.2378820,0.2642996
0.2379640,0.2643545
0.2380460,0.2407457
0.2381280,0.2755841
0.2382100,0.2342089
0.2382920,0.2349293
0.2383740,0.2527898
0.2384560,0.2416842
0.2385380,0.2831020
0.2386200,0.2539134
0.2387020,0.2761072
0.2387840,0.2765848
0.2388660,0.2774453
0.2389480,0.2658875
0.2390300,0.2645684
0.2391120,0.2800277
0.2391940,0.2804000
0.2392760,0.2475684
0.2393580,0.2703223
0.2394400,0.2911826
0.2395220,0.2134341
0.2396040,0.1981547
0.2396860,0.1982631
0.2397680,0.2330569
0.2398500,0.2515053
0.2399320,0.2803803
0.2400140,0.2567229
0.2400960,0.2570817
0.2401780,0.2276871
0.2402600,0.2967398
0.2403420,0.2625954
0.2404240,0.2411468
0.2405060,0.2473534
0.2405880,0.2475387
0.2406700,0.2476905
0.2407520,0.2276366
0.2408340,0.2343518
0.2409160,0.2534506
0.2409980,0.2536640
0.2410800,0.2639178
0.2411620,0.2594267
0.2412440,0.2404548
0.2413260,0.2581962
0.2414080,0.2410423
0.2414900,0.2413294
0.2415720,0.2919059
0.2416540,0.2521621
0.2417360,0.2505852
0.2418180,0.2209051
0.2419000,0.2410100
0.2419820,0.2415769
0.2420640,0.2719590
0.2421460,0.2346147
0.2422280,0.2976388
0.2423100,0.2698742
0.2423920,0.2703328
0.2424740,0.2701081
0.2425560,0.2732189
0.2426380,0.2344267
0.2427200,0.2459058
0.2428020,0.2409998
0.2428840,0.2413306
0.2429660,0.2588420
0.2430480,0.2347463
0.2431300,0.2206279
0.2432120,0.2457900
0.2432940,0.2458176
0.2433760,0.2629141
0.2434580,0.2326613
0.2435400,0.2713865
0.2436220,0.2741630
0.2437040,0.2472479
0.2437860,0.2478040
0.2438680,0.2541504
0.2439500,0.2327911
0.2440320,0.2537838
0.2441140,0.2277908
0.2441960,0.2279294
0.2442780,0.2393744
0.2443600,0.2539269
0.2444420,0.2596100
0.2445240,0.2517847
0.2446060,0.2342923
0.2446880,0.2347223
0.2447700,0.2597854
0.2448520,0.2519510
0.2449340,0.2688949
0.2450160,0.2656592
0.2450980,0.2662247
0.2451800,0.2706380
0.2452620,0.2343838
0.2453440,0.2461515
0.2454260,0.2814693
0.2455080,0.2598929
0.2455900,0.2602786
0.2456720,0.2914062
0.2457540,0.2537452
0.2458360,0.2341155
0.2459180,0.2625131
0.2460000,0.2856717
0.2460820,0.2859649
0.2461640,0.2461379
0.2462460,0.2405221
0.2463280,0.2886617
0.2464100,0.2458759
0.2464920,0.2463739
0.2465740,0.2350069
0.2466560,0.2529099
0.2467380,0.2829962
0.2468200,0.2975395
0.2469020,0.2700204
0.2469840,0.2704683
0.2470660,0.2476993
0.2471480,0.3143290
0.2472300,0.3114563
0.2473120,0.2533740
0.2473940,0.2537947
0.2474760,0.2341656
0.2475580,0.2413660
0.2476400,0.2541304
0.2477220,0.2536248
0.2478040,0.2626668
0.2478860,0.2631209
0.2479680,0.2715025
0.2480500,0.2345420
0.2481320,0.2598988
0.2482140,0.2714736
0.2482960,0.2718302
0.2483780,0.2413848
0.2484600,0.2522889
0.2485420,0.2750614
0.2486240,0.2785664
0.2487060,0.2911003
0.2487880,0.2914757
0.2488700,0.2477248
0.2489520,0.2538192
0.2490340,0.2686259
0.2491160,0.2535442
0.2491980,0.2541187
0.2492800,0.2477172
0.2493620,0.2686779
0.2494440,0.2538743
0.2495260,0.2135836
0.2496080,0.2570298
0.2496900,0.2574018
0.2497720,0.2475541
0.2498540,0.2527447
0.2499360,0.2647273
0.2500180,0.2458084
0.2501000,0.2330598
0.2501820,0.2331307
0.2502640,0.2457557
0.2503460,0.2812265
0.2504280,0.2814849
0.2505100,0.2699653
0.2505920,0.2704320
0.2506740,0.2332169
0.2507560,0.2461004
0.2508380,0.2646516
0.2509200,0.2411140
0.2510020,0.2770885
0.2510840,0.2780757
0.2511660,0.3009528
0.2512480,0.2456511
0.2513300,0.2376096
0.2514120,0.2520876
0.2514940,0.2524461
0.2515760,0.2277951
0.2516580,0.2952545
0.2517400,0.2427806
0.2518220,0.2135940
0.2519040,0.2458788
0.2519860,0.2461471
0.2520680,0.2745195
0.2521500,0.2593848
0.2522320,0.2275644
0.2523140,0.2345726
0.2523960,0.2349721
0.2524780,0.2210026
0.2525600,0.2411742
0.2526420,0.2279267
0.2527240,0.2470143
0.2528060,0.2276402
0.2528880,0.2278582
0.2529700,0.2136413
0.2530520,0.2764613
0.2531340,0.2394982
0.2532160,0.2327683
0.2532980,0.2329972
0.2533800,0.2967447
0.2534620,0.2809563
0.2535440,0.2343711
0.2536260,0.2800411
0.2537080,0.2653000
0.2537900,0.2657575
0.2538720,0.2472015
0.2539540,0.2951215
0.2540360,0.2816531
0.2541180,0.2597587
0.2542000,0.2598114
0.2542820,0.2601368
0.2543640,0.2833382
0.2544460,0.2599488
0.2545280,0.2757729
0.2546100,0.2687168
0.2546920,0.2692136
0.2547740,0.2279511
0.2548560,0.2415019
0.2549380,0.2412020
0.2550200,0.2579842
0.2551020,0.2739791
0.2551840,0.2745736
0.2552660,0.2803983
0.2553480,0.2474067
0.2554300,0.2699758
0.2555120,0.2406146
0.2555940,0.2410965
0.2556760,0.2633382
0.2557580,0.2350077
0.2558400,0.2525786
0.2559220,0.2409492
0.2560040,0.2655735
0.2560860,0.2657951
0.2561680,0.2810741
0.2562500,0.2409315
0.2563320,0.2408019
0.2564140,0.2274545
0.2564960,0.2279948
0.2565780,0.2280478
0.2566600,0.2474440
0.2567420,0.2582857
0.2568240,0.2698128
0.2569060,0.2409971
0.2569880,0.2413843
0.2570700,0.2702166
0.2571520,0.2811741
0.2572340,0.2615140
0.2573160,0.2802176
0.2573980,0.2807774
0.2574800,0.2849177
0.2575620,0.2570053
0.2576440,0.2613978
0.2577260,0.2961137
0.2578080,0.2655764
0.2578900,0.2661937
0.2579720,0.2537423
0.2580540,0.2801077
0.2581360,0.2538141
0.2582180,0.2597239
0.2583000,0.2476298
0.2583820,0.2479679
0.2584640,0.2871942
0.2585460,0.2703106
0.2586280,0.2537975
0.2587100,0.2686918
0.2587920,0.2692651
0.2588740,0.2661831
0.2589560,0.2647943
0.2590380,0.2537347
0.2591200,0.2869866
0.2592020,0.2344623
0.2592840,0.2348430
0.2593660,0.2341151
0.2594480,0.3093331
0.2595300,0.2953014
0.2596120,0.2698559
0.2596940,0.2703168
0.2597760,0.2536240
0.2598580,0.2343068
0.2599400,0.2410962
0.2600220,0.2535093
0.2601040,0.2533748
0.2601860,0.2537095
0.2602680,0.2831415
0.2603500,0.2800681
0.2604320,0.2756257
0.2605140,0.2256953
0.2605960,0.2259968
0.2606780,0.2408429
0.2607600,0.2760405
0.2608420,0.2661029
0.2609240,0.2585167
0.2610060,0.2757986
0.2610880,0.2765118
0.2611700,0.2401235
0.2612520,0.2680893
0.2613340,0.2566136
0.2614160,0.2408879
0.2614980,0.2415228
0.2615800,0.2398643
0.2616620,0.2600993
0.2617440,0.2980577
0.2618260,0.2408351
0.2619080,0.2272978
0.2619900,0.2276133
0.2620720,0.2647957
0.2621540,0.2475536
0.2622360,0.2457076
0.2623180,0.2519849
0.2624000,0.2274983
0.2624820,0.2276861
0.2625640,0.2470165
0.2626460,0.2411249
0.2627280,0.2594486
0.2628100,0.2521836
0.2628920,0.2525806
0.2629740,0.1980745
0.2630560,0.2899198
0.2631380,0.2703346
0.2632200,0.2476348
0.2633020,0.2506244
0.2633840,0.2506787
0.2634660,0.2208938
0.2635480,0.2688504
0.2636300,0.2460506
0.2637120,0.2642008
0.2637940,0.2647185
0.2638760,0.2774020
0.2639580,0.2717283
0.2640400,0.2743279
0.2641220,0.2410721
0.2642040,0.2582020
0.2642860,0.2587978
0.2643680,0.2464375
0.2644500,0.2586040
0.2645320,0.2344909
0.2646140,0.2577200
0.2646960,0.2581867
0.2647780,0.2787431
0.2648600,0.2867682
0.2649420,0.2564827
0.2650240,0.2325997
0.2651060,0.2472379
0.2651880,0.2475199
0.2652700,0.2278463
0.2653520,0.2857527
0.2654340,0.2521403
0.2655160,0.3056329
0.2655980,0.3060899
0.2656800,0.2847652
0.2657620,0.2863406
0.2658440,0.2644556
0.2659260,0.2461681
0.2660080,0.2342753
0.2660900,0.2343694
0.2661720,0.2704973
0.2662540,0.2594399
0.2663360,0.2798737
0.2664180,0.2324434
0.2665000,0.2406871
0.2665820,0.2412662
0.2666640,0.2541493
0.2667460,0.2342995
0.2668280,0.2646115
0.2669100,0.2582403
0.2669920,0.2586141
0.2670740,0.2763779
0.2671560,0.2762016
0.2672380,0.2763149
0.2673200,0.2869787
0.2674020,0.2869464
0.2674840,0.2875205
0.2675660,0.2656846
0.2676480,0.2408670
0.2677300,0.2410463
0.2678120,0.2768358
0.2678940,0.2772600
0.2679760,0.2414625
0.2680580,0.2278694
0.2681400,0.2536657
0.2682220,0.2411409
0.2683040,0.2058527
0.2683860,0.2059686
0.2684680,0.2568252
0.2685500,0.2453934
0.2686320,0.2772698
0.2687140,0.2597171
0.2687960,0.2600120
0.2688780,0.2677743
0.2689600,0.2599070
0.2690420,0.2410721
0.2691240,0.2716311
0.2692060,0.2755816
0.2692880,0.2759009
0.2693700,0.2390986
0.2694520,0.2542063
0.2695340,0.2716657
0.2696160,0.2714215
0.2696980,0.2719103
0.2697800,0.2701569
0.2698620,0.2470401
0.2699440,0.2581414
0.2700260,0.2613817
0.2701080,0.2537827
0.2701900,0.2542781
0.2702720,0.2326228
0.2703540,0.2327698
0.2704360,0.2136169
0.2705180,0.2277346
0.2706000,0.2276230
0.2706820,0.2278697
0.2707640,0.2745081
0.2708460,0.2872614
0.2709280,0.2882560
0.2710100,0.2535487
0.2710920,0.2540864
0.2711740,0.2833089
0.2712560,0.2776125
0.2713380,0.2716612
0.2714200,0.2657051
0.2715020,0.2597313
0.2715840,0.2604203
0.2716660,0.2720108
0.2717480,0.2343886
0.2718300,0.2535507
0.2719120,0.2756734
0.2719940,0.2763484
0.2720760,0.2205117
0.2721580,0.2337707
0.2722400,0.2467455
0.2723220,0.2345650
0.2724040,0.2207420
0.2724860,0.2205887
0.2725680,0.2275762
0.2726500,0.2208772
0.2727320,0.2532183
0.2728140,0.2459722
0.2728960,0.2465929
0.2729780,0.2348145
0.2730600,0.2878896
0.2731420,0.2397707
0.2732240,0.2410456
0.2733060,0.2883394
0.2733880,0.2885013
0.2734700,0.2717194
0.2735520,0.2760014
0.2736340,0.2638990
0.2737160,0.2473859
0.2737980,0.2479523
0.2738800,0.2478271
0.2739620,0.2398084
0.2740440,0.2620053
0.2741260,0.2803387
0.2742080,0.2940387
0.2742900,0.2943605
0.2743720,0.2749339
0.2744540,0.2135062
0.2745360,0.2062911
0.2746180,0.2132941
0.2747000,0.2337850
0.2747820,0.2342069
0.2748640,0.2816047
0.2749460,0.2476621
0.2750280,0.2815940
0.2751100,0.2823506
0.2751920,0.2830495
0.2752740,0.2775060
0.2753560,0.2761234
0.2754380,0.2716440
0.2755200,0.2273245
0.2756020,0.2325292
0.2756840,0.2329485
0.2757660,0.2394654
0.2758480,0.2394234
0.2759300,0.2039099
0.2760120,0.2208184
0.2760940,0.2211235
0.2761760,0.2477466
0.2762580,0.2348129
0.2763400,0.2884037
0.2764220,0.2519804
0.2765040,0.2596696
0.2765860,0.2600704
0.2766680,0.2703478
0.2767500,0.2585986
0.2768320,0.2345252
0.2769140,0.2521502
0.2769960,0.2525518
0.2770780,0.2523454
0.2771600,0.2643298
0.2772420,0.2594731
0.2773240,0.2582858
0.2774060,0.2277882
0.2774880,0.2279248
0.2775700,0.2718630
0.2776520,0.2721118
0.2777340,0.2810352
0.2778160,0.2407364
0.2778980,0.2413683
0.2779800,0.2477151
0.2780620,0.2344290
0.2781440,0.2654795
0.2782260,0.2975391
0.2783080,0.2711379
0.2783900,0.2717499
0.2784720,0.2776584
0.2785540,0.2815411
0.2786360,0.2659483
0.2787180,0.2406941
0.2788000,0.2206321
0.2788820,0.2206125
0.2789640,0.2459367
0.2790460,0.2658354
0.2791280,0.2408239
0.2792100,0.2798626
0.2792920,0.2801531
0.2793740,0.2805639
0.2794560,0.2731277
0.2795380,0.2818585
0.2796200,0.2658096
0.2797020,0.2657042
0.2797840,0.2659996
0.2798660,0.2659602
0.2799480,0.2475980
0.2800300,0.2522258
0.2801120,0.2596099
0.2801940,0.2600226
0.2802760,0.2940753
0.2803580,0.2759376
0.2804400,0.2393244
0.2805220,0.2630895
0.2806040,0.2473477
0.2806860,0.2479369
0.2807680,0.2137356
0.2808500,0.2477871
0.2809320,0.2258819
0.2810140,0.2505140
0.2810960,0.2510110
0.2811780,0.2410395
0.2812600,0.2349245
0.2813420,0.2519287
0.2814240,0.2279925
0.2815060,0.2397189
0.2815880,0.2400494
0.2816700,0.2527256
0.2817520,0.2344048
0.2818340,0.2585812
0.2819160,0.2405708
0.2819980,0.2410171
0.2820800,0.2596005
0.2821620,0.2411552
0.2822440,0.2657102
0.2823260,0.2475184
0.2824080,0.2538899
0.2824900,0.2543580
0.2825720,0.2605732
0.2826540,0.2931973
0.2827360,0.2414683
0.2828180,0.2475479
0.2829000,0.2393641
0.2829820,0.2395090
0.2830640,0.2475403
0.2831460,0.2345671
0.2832280,0.2473689
0.2833100,0.2202902
0.2833920,0.2207067
0.2834740,0.2643247
0.2835560,0.2412996
0.2836380,0.2915766
0.2837200,0.2815759
0.2838020,0.2963796
0.2838840,0.2969542
0.2839660,0.3242953
0.2840480,0.2833493
0.2841300,0.2716246
0.2842120,0.2832919
0.2842940,0.2834740
0.2843760,0.2601491
0.2844580,0.3418480
0.2845400,0.2758199
0.2846220,0.2490346
0.2847040,0.2318244
0.2847860,0.2322390
0.2848680,0.2474383
0.2849500,0.2601046
0.2850320,0.2748849
0.2851140,0.2344344
0.2851960,0.2348467
0.2852780,0.2691898
0.2853600,0.2508064
0.2854420,0.2743573
0.2855240,0.2684048
0.2856060,0.2698666
0.2856880,0.2703349
0.2857700,0.2458546
0.2858520,0.2409697
0.2859340,0.2206869
0.2860160,0.2410142
0.2860980,0.2412674
0.2861800,0.2411739
0.2862620,0.2412050
0.2863440,0.2345042
0.2864260,0.2470091
0.2865080,0.2656899
0.2865900,0.2664117
0.2866720,0.2878063
0.2867540,0.2481175
0.2868360,0.2820128
0.2869180,0.2648065
0.2870000,0.2732632
0.2870820,0.2734113
0.2871640,0.2968821
0.2872460,0.2396355
0.2873280,0.2209819
0.2874100,0.2135791
0.2874920,0.2139484
0.2875740,0.2209634
0.2876560,0.2761327
0.2877380,0.2585961
0.2878200,0.2538060
0.2879020,0.2408657
0.2879840,0.2410520
0.2880660,0.2347069
0.2881480,0.2866748
0.2882300,0.2751638
0.2883120,0.2342527
0.2883940,0.2344846
0.2884760,0.2598785
0.2885580,0.2647123
0.2886400,0.2536074
0.2887220,0.2410788
0.2888040,0.2523463
0.2888860,0.2525268
0.2889680,0.2278551
0.2890500,0.2277336
0.2891320,0.2696332
0.2892140,0.2823549
0.2892960,0.2828362
0.2893780,0.2537914
0.2894600,0.2332256
0.2895420,0.2635144
0.2896240,0.2704369
0.2897060,0.2409659
0.2897880,0.2412158
0.2898700,0.2209906
0.2899520,0.2347227
0.2900340,0.2275126
0.2901160,0.2207157
0.2901980,0.2209555
0.2902800,0.2398957
0.2903620,0.2343761
0.2904440,0.2570768
0.2905260,0.2671000
0.2906080,0.2475785
0.2906900,0.2478020
0.2907720,0.2751577
0.2908540,0.2393805
0.2909360,0.2816522
0.2910180,0.2640785
0.2911000,0.2656396
0.2911820,0.2659942
0.2912640,0.2522921
0.2913460,0.2475187
0.2914280,0.2696728
0.2915100,0.2472479
0.2915920,0.2478625
0.2916740,0.2398555
0.2917560,0.2328023
0.2918380,0.2459244
0.2919200,0.2521329
0.2920020,0.2456611
0.2920840,0.2461990
0.2921660,0.2276166
0.2922480,0.2413905
0.2923300,0.2426167
0.2924120,0.2608893
0.2924940,0.2616276
0.2925760,0.2524669
0.2926580,0.2475978
0.2927400,0.2657689
0.2928220,0.2599376
0.2929040,0.2686870
0.2929860,0.2690728
0.2930680,0.2643870
0.2931500,0.3083951
0.2932320,0.3160026
0.2933140,0.2904450
0.2933960,0.2911846
0.2934780,0.2528408
0.2935600,0.2985156
0.2936420,0.2662580
0.2937240,0.2280130
0.2938060,0.2715312
0.2938880,0.2718439
0.2939700,0.2492225
0.2940520,0.2537381
0.2941340,0.2276878
0.2942160,0.2851865
0.2942980,0.2857928
0.2943800,0.2479080
0.2944620,0.2059573
0.2945440,0.2978928
0.2946260,0.2856235
0.2947080,0.3016698
0.2947900,0.3020138
0.2948720,0.3066074
0.2949540,0.3060109
0.2950360,0.2964831
0.2951180,0.2599082
0.2952000,0.2613711
0.2952820,0.2612121
0.2953640,0.2685947
0.2954460,0.2409184
0.2955280,0.2412350
0.2956100,0.2395973
0.2956920,0.2399753
0.2957740,0.2479305
0.2958560,0.2705166
0.2959380,0.2475012
0.2960200,0.2539738
0.2961020,0.2643516
0.2961840,0.2645231
0.2962660,0.2633703
0.2963480,0.2596617
0.2964300,0.2599378
0.2965120,0.2534267
0.2965940,0.2539425
0.2966760,0.2474396
0.2967580,0.2688212
0.2968400,0.2644252
0.2969220,0.2523912
0.2970040,0.2473549
0.2970860,0.2477703
0.2971680,0.2542920
0.2972500,0.2280721
0.2973320,0.2347795
0.2974140,0.2642348
0.2974960,0.2648938
0.2975780,0.2346997
0.2976600,0.2414944
0.2977420,0.2413292
0.2978240,0.2885281
0.2979060,0.2937552
0.2979880,0.2942160
0.2980700,0.1981032
0.2981520,0.2523690
0.2982340,0.2760155
0.2983160,0.2641068
0.2983980,0.2646601
0.2984800,0.2540505
0.2985620,0.2208426
0.2986440,0.2601987
0.2987260,0.2472556
0.2988080,0.2475863
0.2988900,0.2479217
0.2989720,0.2763372
0.2990540,0.2777577
0.2991360,0.2277837
0.2992180,0.2815463
0.2993000,0.2653826
0.2993820,0.2658878
0.2994640,0.2523757
0.2995460,0.2968070
0.2996280,0.2412242
0.2997100,0.2657671
0.2997920,0.2660389
0.2998740,0.2398378
0.2999560,0.2979040
0.3000380,0.2713669
0.3001200,0.2535706
0.3002020,0.2346733
0.3002840,0.2350114
0.3003660,0.2599995
0.3004480,0.2412334
0.3005300,0.2412147
0.3006120,0.2641535
0.3006940,0.2646275
0.3007760,0.2415899
0.3008580,0.2530710
0.3009400,0.2477805
0.3010220,0.2204623
0.3011040,0.2581408
0.3011860,0.2586871
0.3012680,0.2706638
0.3013500,0.2348457
0.3014320,0.2205825
0.3015140,0.2871952
0.3015960,0.2874509
0.3016780,0.2602326
0.3017600,0.2278732
0.3018420,0.2600109
0.3019240,0.2459091
0.3020060,0.2654433
0.3020880,0.2658659
0.3021700,0.2860453
0.3022520,0.2818240
0.3023340,0.2583939
0.3024160,0.2714197
0.3024980,0.2720191
0.3025800,0.2402353
0.3026620,0.2602846
0.3027440,0.2207454
0.3028260,0.2345638
0.3029080,0.2600037
0.3029900,0.2600605
0.3030720,0.2647468
0.3031540,0.2472521
0.3032360,0.2979913
0.3033180,0.2346843
0.3034000,0.2412251
0.3034820,0.2413807
0.3035640,0.2410421
0.3036460,0.2658021
0.3037280,0.2471981
0.3038100,0.2409725
0.3038920,0.2413714
0.3039740,0.2409685
0.3040560,0.2539249
0.3041380,0.2477636
0.3042200,0.2534600
0.3043020,0.2260309
0.3043840,0.2263671
0.3044660,0.2889594
0.3045480,0.2408240
0.3046300,0.2410651
0.3047120,0.2816386
0.3047940,0.2823365
0.3048760,0.2587463
0.3049580,0.2659657
0.3050400,0.2871730
0.3051220,0.2643739
0.3052040,0.2537903
0.3052860,0.2540947
0.3053680,0.2344977
0.3054500,0.2273670
0.3055320,0.2274161
0.3056140,0.2697786
0.3056960,0.2701890
0.3057780,0.2804677
0.3058600,0.2883912
0.3059420,0.2583312
0.3060240,0.2522155
0.3061060,0.2700535
0.3061880,0.2708301
0.3062700,0.2525984
0.3063520,0.2978207
0.3064340,0.2647472
0.3065160,0.2644008
0.3065980,0.2647747
0.3066800,0.2876339
0.3067620,0.2347368
0.3068440,0.2586720
0.3069260,0.2412261
0.3070080,0.2341711
0.3070900,0.2344998
0.3071720,0.2820610
0.3072540,0.2462232
0.3073360,0.2464398
0.3074180,0.2583851
0.3075000,0.2645431
0.3075820,0.2646957
0.3076640,0.2478778
0.3077460,0.2344041
0.3078280,0.2655986
0.3079100,0.2825299
0.3079920,0.2833082
0.3080740,0.2714544
0.3081560,0.2659440
0.3082380,0.2407467
0.3083200,0.2656319
0.3084020,0.2471290
0.3084840,0.2476436
0.3085660,0.2647550
0.3086480,0.2762427
0.3087300,0.2602471
0.3088120,0.2704457
0.3088940,0.2709877
0.3089760,0.2531827
0.3090580,0.2691407
0.3091400,0.2836598
0.3092220,0.2770754
0.3093040,0.2991902
0.3093860,0.2995914
0.3094680,0.3098425
0.3095500,0.2886286
0.3096320,0.2658736
0.3097140,0.2534454
0.3097960,0.2540193
0.3098780,0.2476589
0.3099600,0.2345009
0.3100420,0.2344645
0.3101240,0.2460807
0.3102060,0.2503886
0.3102880,0.2509964
0.3103700,0.2700635
0.3104520,0.2815497
0.3105340,0.2857860
0.3106160,0.2412208
0.3106980,0.2417524
0.3107800,0.2480868
0.3108620,0.2478010
0.3109440,0.2210632
0.3110260,0.2655861
0.3111080,0.2918945
0.3111900,0.2923602
0.3112720,0.2408685
0.3113540,0.2411082
0.3114360,0.2702156
0.3115180,0.2569852
0.3116000,0.2471252
0.3116820,0.2477746
0.3117640,0.2210107
0.3118460,0.2659930
0.3119280,0.2690186
0.3120100,0.2344645
0.3120920,0.2349602
0.3121740,0.2279764
0.3122560,0.2538006
0.3123380,0.2477323
0.3124200,0.2537445
0.3125020,0.2340640
0.3125840,0.2342704
0.3126660,0.2645374
0.3127480,0.2412815
0.3128300,0.2349295
0.3129120,0.2061937
0.3129940,0.2063576
0.3130760,0.2063429
0.3131580,0.2543397
0.3132400,0.2772804
0.3133220,0.2204519
0.3134040,0.2580398
0.3134860,0.2585249
0.3135680,0.2478193
0.3136500,0.2410959
0.3137320,0.2660118
0.3138140,0.2136106
0.3138960,0.2139523
0.3139780,0.2278732
0.3140600,0.2540103
0.3141420,0.2204621
0.3142240,0.2276775
0.3143060,0.2059446
0.3143880,0.2062471
0.3144700,0.2135348
0.3145520,0.2586398
0.3146340,0.2409416
0.3147160,0.2409646
0.3147980,0.2411851
0.3148800,0.2411063
0.3149620,0.2134560
0.3150440,0.2413668
0.3151260,0.2474414
0.3152080,0.2275968
0.3152900,0.2279254
0.3153720,0.2940171
0.3154540,0.2540668
0.3155360,0.1983471
0.3156180,0.2411849
0.3157000,0.2407479
0.3157820,0.2409659
0.3158640,0.2140378
0.3159460,0.2647534
0.3160280,0.2281093
0.3161100,0.2538091
0.3161920,0.2543996
0.3162740,0.1987253
0.3163560,0.2526616
0.3164380,0.2586336
0.3165200,0.2659593
0.3166020,0.2744085
0.3166840,0.2748395
0.3167660,0.2970885
0.3168480,0.2704467
0.3169300,0.2521966
0.3170120,0.2533219
0.3170940,0.2540182
0.3171760,0.2523508
0.3172580,0.2478396
0.3173400,0.2720644
0.3174220,0.2829128
0.3175040,0.2883333
0.3175860,0.2889569
0.3176680,0.2210118
0.3177500,0.2278016
0.3178320,0.2759726
0.3179140,0.2582526
0.3179960,0.2588641
0.3180780,0.2831753
0.3181600,0.2780542
0.3182420,0.2541607
0.3183240,0.2344615
0.3184060,0.2343224
0.3184880,0.2343416
0.3185700,0.2538663
0.3186520,0.2645230
0.3187340,0.2539413
0.3188160,0.2344204
0.3188980,0.2345491
0.3189800,0.2346972
0.3190620,0.2760049
0.3191440,0.2601800
0.3192260,0.2207560
0.3193080,0.2280314
0.3193900,0.2281820
0.3194720,0.2541139
0.3195540,0.2777769
0.3196360,0.2830248
0.3197180,0.2770617
0.3198000,0.2345642
0.3198820,0.2350258
0.3199640,0.2653793
0.3200460,0.2742858
0.3201280,0.2772487
0.3202100,0.2538245
0.3202920,0.2542500
0.3203740,0.2702405
0.3204560,0.2278861
0.3205380,0.2395126
0.3206200,0.2395759
0.3207020,0.2797721
0.3207840,0.2805799
0.3208660,0.2647209
0.3209480,0.2345190
0.3210300,0.2747330
0.3211120,0.2337783
0.3211940,0.2342250
0.3212760,0.3032964
0.3213580,0.2912466
0.3214400,0.2910255
0.3215220,0.2601060
0.3216040,0.2979743
0.3216860,0.2984547
0.3217680,0.2701043
0.3218500,0.2632147
0.3219320,0.2922621
0.3220140,0.2880242
0.3220960,0.2890490
0.3221780,0.2411510
0.3222600,0.2717088
0.3223420,0.2474581
0.3224240,0.2342438
0.3225060,0.2532360
0.3225880,0.2537158
0.3226700,0.2345430
0.3227520,0.2462348
0.3228340,0.2409924
0.3229160,0.2392079
0.3229980,0.2394093
0.3230800,0.2347447
0.3231620,0.2572249
0.3232440,0.2412369
0.3233260,0.2476791
0.3234080,0.2474334
0.3234900,0.2479252
0.3235720,0.2831774
0.3236540,0.2477182
0.3237360,0.2539915
0.3238180,0.2408590
0.3239000,0.2591315
0.3239820,0.2599206
0.3240640,0.2656396
0.3241460,0.2654153
0.3242280,0.2456022
0.3243100,0.2471183
0.3243920,0.2474455
0.3244740,0.2261892
0.3245560,0.2628454
0.3246380,0.2536861
0.3247200,0.2771898
0.3248020,0.2770547
0.3248840,0.2774934
0.3249660,0.2543062
0.3250480,0.2584553
0.3251300,0.2480047
0.3252120,0.2537510
0.3252940,0.2542250
0.3253760,0.2479149
0.3254580,0.2277367
0.3255400,0.2582936
0.3256220,0.2867423
0.3257040,0.2531583
0.3257860,0.2533370
0.3258680,0.2473320
0.3259500,0.2412759
0.3260320,0.2344953
0.3261140,0.2343719
0.3261960,0.2343628
0.3262780,0.2479347
0.3263600,0.2203690
0.3264420,0.2341419
0.3265240,0.2535581
0.3266060,0.2406968
0.3266880,0.2412194
0.3267700,0.2476645
0.3268520,0.2480252
0.3269340,0.2597627
0.3270160,0.2409649
0.3270980,0.2413858
0.3271800,0.2779616
0.3272620,0.3045530
0.3273440,0.3093773
0.3274260,0.2811281
0.3275080,0.2766273
0.3275900,0.2773487
0.3276720,0.2844006
0.3277540,0.2701230
0.3278360,0.2473636
0.3279180,0.2536057
0.3280000,0.2475482
0.3280820,0.2479767
0.3281640,0.2209112
0.3282460,0.2394636
0.3283280,0.2279435
0.3284100,0.2657671
0.3284920,0.2663953
0.3285740,0.2703689
0.3286560,0.2644962
0.3287380,0.2827887
0.3288200,0.2654787
0.3289020,0.2756082
0.3289840,0.2758888
0.3290660,0.2758262
0.3291480,0.2473106
0.3292300,0.2341041
0.3293120,0.2345982
0.3293940,0.2353654
0.3294760,0.2334285
0.3295580,0.2003463
0.3296400,0.2279413
0.3297220,0.2474255
0.3298040,0.2473340
0.3298860,0.2476280
0.3299680,0.2597985
0.3300500,0.2520514
0.3301320,0.2708801
0.3302140,0.2767692
0.3302960,0.2772467
0.3303780,0.2885001
0.3304600,0.2644849
0.3305420,0.2478940
0.3306240,0.2598486
0.3307060,0.2699950
0.3307880,0.2705382
0.3308700,0.2772565
0.3309520,0.2871360
0.3310340,0.2583182
0.3311160,0.2326149
0.3311980,0.2331243
0.3312800,0.2135882
0.3313620,0.2658293
0.3314440,0.2657403
0.3315260,0.2471325
0.3316080,0.2595383
0.3316900,0.2601148
0.3317720,0.2656197
0.3318540,0.2414649
0.3319360,0.2542966
0.3320180,0.2705595
0.3321000,0.2658056
0.3321820,0.2658892
0.3322640,0.2537162
0.3323460,0.2533486
0.3324280,0.2346119
0.3325100,0.2458537
0.3325920,0.2462930
0.3326740,0.2519766
0.3327560,0.2532666
0.3328380,0.2810234
0.3329200,0.2343089
0.3330020,0.2814809
0.3330840,0.2820452
0.3331660,0.2279613
0.3332480,0.2206878
0.3333300,0.2471234
0.3334120,0.2753673
0.3334940,0.2761394
0.3335760,0.2410227
0.3336580,0.2924984
0.3337400,0.3047812
0.3338220,0.2761452
0.3339040,0.2714902
0.3339860,0.2720903
0.3340680,0.2580949
0.3341500,0.2769532
0.3342320,0.2656466
0.3343140,0.2533023
0.3343960,0.2537204
0.3344780,0.2474198
0.3345600,0.2541009
0.3346420,0.2134994
0.3347240,0.2735501
0.3348060,0.2753923
0.3348880,0.2760334
0.3349700,0.2410281
0.3350520,0.2475012
0.3351340,0.2630150
0.3352160,0.2323231
0.3352980,0.2328261
0.3353800,0.2600339
0.3354620,0.2521501
0.3355440,0.2411246
0.3356260,0.2533360
0.3357080,0.2530216
0.3357900,0.2534837
0.3358720,0.2472929
0.3359540,0.2410616
0.3360360,0.2771391
0.3361180,0.2538645
0.3362000,0.2758284
0.3362820,0.2761013
0.3363640,0.2718098
0.3364460,0.2458506
0.3365280,0.2534893
0.3366100,0.2327505
0.3366920,0.2330431
0.3367740,0.2476877
0.3368560,0.2598560
0.3369380,0.2687768
0.3370200,0.2661687
0.3371020,0.2884099
0.3371840,0.2891675
0.3372660,0.2477207
0.3373480,0.2600315
0.3374300,0.2410490
0.3375120,0.2473339
0.3375940,0.2476536
0.3376760,0.2520390
0.3377580,0.2348159
0.3378400,0.2601283
0.3379220,0.2939260
0.3380040,0.2472396
0.3380860,0.2478897
0.3381680,0.2413580
0.3382500,0.2408366
0.3383320,0.2717941
0.3384140,0.2410277
0.3384960,0.2410763
0.3385780,0.2594704
0.3386600,0.2597535
0.3387420,0.2715172
0.3388240,0.2934050
0.3389060,0.2770475
0.3389880,0.2778419
0.3390700,0.2413599
0.3391520,0.2701815
0.3392340,0.2641486
0.3393160,0.2404005
0.3393980,0.2407881
0.3394800,0.2598555
0.3395620,0.2829924
0.3396440,0.2536411
0.3397260,0.2601891
0.3398080,0.2746551
0.3398900,0.2750604
0.3399720,0.2394815
0.3400540,0.2410630
0.3401360,0.2642466
0.3402180,0.2205684
0.3403000,0.2408115
0.3403820,0.2412319
0.3404640,0.2598542
0.3405460,0.2687334
0.3406280,0.2764204
0.3407100,0.2346885
0.3407920,0.2345785
0.3408740,0.2581295
0.3409560,0.2276067
0.3410380,0.2406386
0.3411200,0.2406800
0.3412020,0.2345338
0.3412840,0.2349616
0.3413660,0.2280413
0.3414480,0.2138072
0.3415300,0.2263261
0.3416120,0.2477752
0.3416940,0.2478348
0.3417760,0.2646167
0.3418580,0.2476716
0.3419400,0.2408132
0.3420220,0.2472684
0.3421040,0.2699931
0.3421860,0.2705233
0.3422680,0.2702809
0.3423500,0.2474301
0.3424320,0.2541984
0.3425140,0.2802957
0.3425960,0.2807580
0.3426780,0.2707817
0.3427600,0.2540275
0.3428420,0.2977666
0.3429240,0.2825389
0.3430060,0.2656982
0.3430880,0.2660213
0.3431700,0.2477950
0.3432520,0.2715754
0.3433340,0.2908806
0.3434160,0.2635599
0.3434980,0.2642702
0.3435800,0.2602063
0.3436620,0.2478383
0.3437440,0.2480831
0.3438260,0.2583803
0.3439080,0.2535121
0.3439900,0.2540037
0.3440720,0.2855667
0.3441540,0.2863017
0.3442360,0.2349213
0.3443180,0.2137714
0.3444000,0.2642376
0.3444820,0.2646498
0.3445640,0.2719679
0.3446460,0.2644883
0.3447280,0.2583242
0.3448100,0.2811283
0.3448920,0.2816259
0.3449740,0.2761956
0.3450560,0.2536717
0.3451380,0.2770103
0.3452200,0.2536476
0.3453020,0.2475119
0.3453840,0.2478475
0.3454660,0.2646166
0.3455480,0.2134665
0.3456300,0.2762094
0.3457120,0.2720240
0.3457940,0.2725377
0.3458760,0.2821508
0.3459580,0.2831573
0.3460400,0.3069486
0.3461220,0.2699193
0.3462040,0.2578862
0.3462860,0.2583462
0.3463680,0.2720869
0.3464500,0.2345888
0.3465320,0.1983188
0.3466140,0.2273979
0.3466960,0.2278186
0.3467780,0.2889746
0.3468600,0.2599337
0.3469420,0.2658609
0.3470240,0.3041213
0.3471060,0.2475224
0.3471880,0.2481051
0.3472700,0.2279250
0.3473520,0.2658761
0.3474340,0.2280360
0.3475160,0.2658132
0.3475980,0.2662959
0.3476800,0.2480829
0.3477620,0.2278802
0.3478440,0.2412588
0.3479260,0.2534914
0.3480080,0.2770333
0.3480900,0.2775890
0.3481720,0.2597257
0.3482540,0.2205674
0.3483360,0.2275869
0.3484180,0.2537102
0.3485000,0.2475497
0.3485820,0.2477273
0.3486640,0.2135201
0.3487460,0.2344324
0.3488280,0.3088598
0.3489100,0.2771462
0.3489920,0.2774755
0.3490740,0.2761573
0.3491560,0.2598028
0.3492380,0.2701152
0.3493200,0.2518028
0.3494020,0.2824186
0.3494840,0.2830361
0.3495660,0.2887708
0.3496480,0.2941620
0.3497300,0.2346865
0.3498120,0.2206519
0.3498940,0.2207873
0.3499760,0.2541612
0.3500580,0.2809957
0.3501400,0.2755561
0.3502220,0.2564563
0.3503040,0.2861236
0.3503860,0.2867366
0.3504680,0.2656691
0.3505500,0.2659546
0.3506320,0.2415530
0.3507140,0.2658124
0.3507960,0.2661694
0.3508780,0.2588197
0.3509600,0.2659424
0.3510420,0.2641998
0.3511240,0.2470940
0.3512060,0.2654006
0.3512880,0.2658536
0.3513700,0.2712100
0.3514520,0.2538553
0.3515340,0.2856504
0.3516160,0.2522697
0.3516980,0.2527077
0.3517800,0.2344960
0.3518620,0.2700374
0.3519440,0.2205350
0.3520260,0.2473778
0.3521080,0.2686671
0.3521900,0.2691268
0.3522720,0.2410839
0.3523540,0.2523609
0.3524360,0.2413373
0.3525180,0.2742013
0.3526000,0.2530243
0.3526820,0.2532277
0.3527640,0.2518065
0.3528460,0.1979068
0.3529280,0.2454733
0.3530100,0.2624159
0.3530920,0.2629614
0.3531740,0.2393776
0.3532560,0.2410267
0.3533380,0.2771897
0.3534200,0.2411804
0.3535020,0.2656743
0.3535840,0.2661666
0.3536660,0.2408766
0.3537480,0.2921884
0.3538300,0.2712919
0.3539120,0.2341969
0.3539940,0.2346622
0.3540760,0.2407776
0.3541580,0.2131754
0.3542400,0.2522931
0.3543220,0.2457744
0.3544040,0.2391433
0.3544860,0.2395731
0.3545680,0.2584155
0.3546500,0.2132173
0.3547320,0.2343082
0.3548140,0.2658679
0.3548960,0.2662398
0.3549780,0.2598973
0.3550600,0.2882867
0.3551420,0.2470433
0.3552240,0.2582346
0.3553060,0.2409431
0.3553880,0.2416686
0.3554700,0.2210128
0.3555520,0.2328659
0.3556340,0.2923008
0.3557160,0.2809855
0.3557980,0.2814410
0.3558800,0.2588625
0.3559620,0.2516582
0.3560440,0.2537792
0.3561260,0.2333087
0.3562080,0.2135700
0.3562900,0.2138510
0.3563720,0.2332793
0.3564540,0.2807526
0.3565360,0.2345232
0.3566180,0.2411247
0.3567000,0.2054839
0.3567820,0.2055922
0.3568640,0.2203585
0.3569460,0.2472738
0.3570280,0.2342243
0.3571100,0.2656189
0.3571920,0.2658186
0.3572740,0.2349516
0.3573560,0.2412781
0.3574380,0.2683804
0.3575200,0.2534404
0.3576020,0.3002312
0.3576840,0.3003842
0.3577660,0.2908118
0.3578480,0.2924326
0.3579300,0.2658432
0.3580120,0.2457768
0.3580940,0.2460959
0.3581760,0.2524461
0.3582580,0.2627630
0.3583400,0.2597730
0.3584220,0.2594309
0.3585040,0.2200233
0.3585860,0.2203120
0.3586680,0.2340649
0.3587500,0.2409816
0.3588320,0.2584825
0.3589140,0.2673104
0.3589960,0.2677332
0.3590780,0.2661617
0.3591600,0.2834858
0.3592420,0.2537250
0.3593240,0.2713251
0.3594060,0.2752069
0.3594880,0.2757863
0.3595700,0.2411361
0.3596520,0.2411569
0.3597340,0.2275784
0.3598160,0.2709315
0.3598980,0.2713077
0.3599800,0.2472263
0.3600620,0.2717550
0.3601440,0.2534101
0.3602260,0.2276303
0.3603080,0.2206518
0.3603900,0.2210243
0.3604720,0.2407525
0.3605540,0.2412330
0.3606360,0.2206769
0.3607180,0.2712736
0.3608000,0.2715218
0.3608820,0.2718483
0.3609640,0.2136597
0.3610460,0.2276148
0.3611280,0.2700879
0.3612100,0.2534843
0.3612920,0.2538420
0.3613740,0.2475774
0.3614560,0.2662161
0.3615380,0.2347289
0.3616200,0.2582594
0.3617020,0.2471051
0.3617840,0.2475664
0.3618660,0.2476274
0.3619480,0.2536911
0.3620300,0.2406084
0.3621120,0.2204632
0.3621940,0.2205797
0.3622760,0.2585962
0.3623580,0.2701775
0.3624400,0.2343389
0.3625220,0.2472596
0.3626040,0.3089299
0.3626860,0.3096793
0.3627680,0.3037920
0.3628500,0.2802872
0.3629320,0.2424601
0.3630140,0.2326725
0.3630960,0.2328241
0.3631780,0.2659338
0.3632600,0.2347555
0.3633420,0.2472706
0.3634240,0.2526122
0.3635060,0.2208135
0.3635880,0.2208248
0.3636700,0.2345779
0.3637520,0.2455720
0.3638340,0.2277602
0.3639160,0.2277622
0.3639980,0.2281192
0.3640800,0.2474057
0.3641620,0.2655572
0.3642440,0.2654660
0.3643260,0.2796228
0.3644080,0.2850632
0.3644900,0.2858984
0.3645720,0.2275962
0.3646540,0.2597559
0.3647360,0.2597526
0.3648180,0.2471077
0.3649000,0.2636754
0.3649820,0.2639495
0.3650640,0.2535787
0.3651460,0.2474475
0.3652280,0.2536662
0.3653100,0.2343548
0.3653920,0.2345482
0.3654740,0.2648571
0.3655560,0.1899469
0.3656380,0.2641604
0.3657200,0.2584175
0.3658020,0.2410507
0.3658840,0.2414234
0.3659660,0.2658253
0.3660480,0.2599372
0.3661300,0.2658387
0.3662120,0.2714142
0.3662940,0.2721296
0.3663760,0.2411555
0.3664580,0.2659291
0.3665400,0.2341699
0.3666220,0.2712977
0.3667040,0.2273323
0.3667860,0.2278053
0.3668680,0.2346525
0.3669500,0.2537510
0.3670320,0.2536917
0.3671140,0.2344605
0.3671960,0.2350723
0.3672780,0.2062003
0.3673600,0.2274560
0.3674420,0.2475841
0.3675240,0.2761283
0.3676060,0.2473055
0.3676880,0.2476484
0.3677700,0.2597837
0.3678520,0.2537087
0.3679340,0.2343814
0.3680160,0.2935175
0.3680980,0.2942354
0.3681800,0.2719468
0.3682620,0.2135411
0.3683440,0.2344907
0.3684260,0.2471360
0.3685080,0.2700676
0.3685900,0.2705867
0.3686720,0.2590860
0.3687540,0.2275973
0.3688360,0.2212642
0.3689180,0.2209227
0.3690000,0.2539168
0.3690820,0.2541007
0.3691640,0.2345080
0.3692460,0.2473907
0.3693280,0.2461574
0.3694100,0.2473268
0.3694920,0.2475560
0.3695740,0.2701770
0.3696560,0.2470957
0.3697380,0.2533512
0.3698200,0.2713333
0.3699020,0.2933760
0.3699840,0.2939191
0.3700660,0.2936477
0.3701480,0.2336864
0.3702300,0.2715886
0.3703120,0.2342389
0.3703940,0.2344023
0.3704760,0.2410723
0.3705580,0.2830121
0.3706400,0.2638078
0.3707220,0.2240113
0.3708040,0.2473707
0.3708860,0.2480932
0.3709680,0.2141958
0.3710500,0.1909247
0.3711320,0.2521306
0.3712140,0.2577174
0.3712960,0.2580950
0.3713780,0.2474974
0.3714600,0.2456722
0.3715420,0.2920297
0.3716240,0.2711635
0.3717060,0.2683268
0.3717880,0.2688949
0.3718700,0.2760113
0.3719520,0.2775232
0.3720340,0.2343627
0.3721160,0.2469958
0.3721980,0.2472636
0.3722800,0.2345266
0.3723620,0.2469344
0.3724440,0.2341545
0.3725260,0.2595471
0.3726080,0.2645746
0.3726900,0.2650319
0.3727720,0.2871430
0.3728540,0.2658434
0.3729360,0.2595359
0.3730180,0.2407150
0.3731000,0.2521549
0.3731820,0.2525530
0.3732640,0.2413513
0.3733460,0.2427956
0.3734280,0.2184566
0.3735100,0.2406297
0.3735920,0.2408410
0.3736740,0.2343536
0.3737560,0.2344327
0.3738380,0.2521140
0.3739200,0.2329601
0.3740020,0.2459610
0.3740840,0.2459007
0.3741660,0.2859162
0.3742480,0.2409866
0.3743300,0.2655370
0.3744120,0.2710195
0.3744940,0.2715481
0.3745760,0.2537645
0.3746580,0.2406306
0.3747400,0.2409579
0.3748220,0.2597537
0.3749040,0.2771427
0.3749860,0.2776800
0.3750680,0.2534860
0.3751500,0.2583095
0.3752320,0.2406238
0.3753140,0.2535148
0.3753960,0.2538443
0.3754780,0.2471446
0.3755600,0.2597762
0.3756420,0.2871478
0.3757240,0.2582084
0.3758060,0.2187788
0.3758880,0.2192070
0.3759700,0.2541866
0.3760520,0.2476375
0.3761340,0.2393306
0.3762160,0.2599415
0.3762980,0.2602210
0.3763800,0.2206907
0.3764620,0.2785452
0.3765440,0.2647108
0.3766260,0.2345238
0.3767080,0.2275688
0.3767900,0.2280705
0.3768720,0.2276550
0.3769540,0.2344449
0.3770360,0.2534914
0.3771180,0.2710096
0.3772000,0.2921247
0.3772820,0.2925836
0.3773640,0.2716840
0.3774460,0.2517379
0.3775280,0.2656996
0.3776100,0.2932324
0.3776920,0.2939603
0.3777740,0.2721915
0.3778560,0.2481763
0.3779380,0.2882667
0.3780200,0.2739116
0.3781020,0.2770616
0.3781840,0.2774686
0.3782660,0.3046472
0.3783480,0.2657267
0.3784300,0.2758000
0.3785120,0.2810831
0.3785940,0.2816215
0.3786760,0.2598152
0.3787580,0.2273033
0.3788400,0.2655254
0.3789220,0.2470593
0.3790040,0.2640499
0.3790860,0.2647165
0.3791680,0.2330252
0.3792500,0.2476668
0.3793320,0.2653982
0.3794140,0.2752283
0.3794960,0.2757452
0.3795780,0.2534006
0.3796600,0.2936095
0.3797420,0.2712765
0.3798240,0.2595540
0.3799060,0.2276644
0.3799880,0.2280692
0.3800700,0.2210339
0.3801520,0.2138672
0.3802340,0.2475365
0.3803160,0.2345314
0.3803980,0.2348400
0.3804800,0.2657418
0.3805620,0.2804583
0.3806440,0.2535317
0.3807260,0.2657657
0.3808080,0.2474244
0.3808900,0.2475690
0.3809720,0.2412184
0.3810540,0.2409726
0.3811360,0.2701082
0.3812180,0.2534981
0.3813000,0.2769744
0.3813820,0.2775789
0.3814640,0.2718582
0.3815460,0.2828179
0.3816280,0.2773420
0.3817100,0.2682146
0.3817920,0.2689736
0.3818740,0.2476091
0.3819560,0.2275901
0.3820380,0.2345107
0.3821200,0.2657349
0.3822020,0.2878876
0.3822840,0.2887244
0.3823660,0.2746205
0.3824480,0.2831335
0.3825300,0.2760510
0.3826120,0.2276278
0.3826940,0.2278276
0.3827760,0.2582692
0.3828580,0.2410039
0.3829400,0.2654787
0.3830220,0.2595734
0.3831040,0.2879417
0.3831860,0.2882330
0.3832680,0.2597318
0.3833500,0.2655992
0.3834320,0.2770571
0.3835140,0.2532026
0.3835960,0.2535571
0.3836780,0.2475518
0.3837600,0.2885869
0.3838420,0.2408472
0.3839240,0.2342161
0.3840060,0.2597949
0.3840880,0.2601601
0.3841700,0.2645410
0.3842520,0.2719587
0.3843340,0.2598043
0.3844160,0.2595665
0.3844980,0.2599524
0.3845800,0.2601764
0.3846620,0.2642979
0.3847440,0.2537851
0.3848260,0.2410394
0.3849080,0.2799427
0.3849900,0.2804269
0.3850720,0.2461472
0.3851540,0.2778383
0.3852360,0.2455859
0.3853180,0.2576910
0.3854000,0.2948320
0.3854820,0.2954133
0.3855640,0.2873875
0.3856460,0.2828887
0.3857280,0.1984756
0.3858100,0.2596422
0.3858920,0.2604682
0.3859740,0.2544573
0.3860560,0.2944052
0.3861380,0.2719322
0.3862200,0.2596717
0.3863020,0.2473744
0.3863840,0.2478321
0.3864660,0.2277047
0.3865480,0.2533810
0.3866300,0.2817403
0.3867120,0.2519874
0.3867940,0.2522367
0.3868760,0.2689622
0.3869580,0.2585813
0.3870400,0.2648869
0.3871220,0.2277822
0.3872040,0.2132792
0.3872860,0.2132070
0.3873680,0.2344045
0.3874500,0.2397469
0.3875320,0.2647209
0.3876140,0.2138701
0.3876960,0.2139965
0.3877780,0.2397190
0.3878600,0.2460293
0.3879420,0.2538378
0.3880240,0.2825831
0.3881060,0.2411267
0.3881880,0.2415001
0.3882700,0.2474895
0.3883520,0.2760699
0.3884340,0.2411015
0.3885160,0.2207619
0.3885980,0.2211391
0.3886800,0.2717873
0.3887620,0.2661615
0.3888440,0.2760560
0.3889260,0.2703624
0.3890080,0.2412764
0.3890900,0.2415511
0.3891720,0.2415060
0.3892540,0.2660780
0.3893360,0.2477766
0.3894180,0.2660185
0.3895000,0.2208896
0.3895820,0.2209885
0.3896640,0.2346776
0.3897460,0.2459815
0.3898280,0.2506486
0.3899100,0.2473699
0.3899920,0.2474404
0.3900740,0.2277282
0.3901560,0.2507646
0.3902380,0.2459250
0.3903200,0.2601202
0.3904020,0.2596092
0.3904840,0.2600536
0.3905660,0.2412015
0.3906480,0.2776139
0.3907300,0.2718071
0.3908120,0.2473097
0.3908940,0.2477997
0.3909760,0.2285144
0.3910580,0.2721287
0.3911400,0.2776706
0.3912220,0.2279585
0.3913040,0.2208156
0.3913860,0.2210979
0.3914680,0.2062201
0.3915500,0.2209801
0.3916320,0.2581783
0.3917140,0.2534927
0.3917960,0.2537529
0.3918780,0.2975604
0.3919600,0.2867607
0.3920420,0.2980816
0.3921240,0.2712645
0.3922060,0.2343588
0.3922880,0.2346790
0.3923700,0.2398015
0.3924520,0.2748829
0.3925340,0.2415984
0.3926160,0.2532738
0.3926980,0.2537619
0.3927800,0.2604008
0.3928620,0.2413833
0.3929440,0.2477317
0.3930260,0.2537588
0.3931080,0.2058063
0.3931900,0.2059016
0.3932720,0.2543490
0.3933540,0.2686443
0.3934360,0.2535507
0.3935180,0.2475267
0.3936000,0.2058976
0.3936820,0.2062118
0.3937640,0.2541511
0.3938460,0.2411540
0.3939280,0.2132416
0.3940100,0.2582786
0.3940920,0.2585857
0.3941740,0.2759419
0.3942560,0.2773178
0.3943380,0.3040417
0.3944200,0.2532970
0.3945020,0.2593496
0.3945840,0.2597905
0.3946660,0.2776365
0.3947480,0.2477194
0.3948300,0.2538715
0.3949120,0.2524218
0.3949940,0.2529495
0.3950760,0.2139803
0.3951580,0.2410073
0.3952400,0.2978241
0.3953220,0.2523827
0.3954040,0.2474755
0.3954860,0.2480086
0.3955680,0.2345015
0.3956500,0.2412902
0.3957320,0.2473529
0.3958140,0.2642172
0.3958960,0.2645226
0.3959780,0.2412873
0.3960600,0.2413372
0.3961420,0.2936137
0.3962240,0.2714456
0.3963060,0.2882391
0.3963880,0.2891152
0.3964700,0.2724113
0.3965520,0.2348892
0.3966340,0.2473785
0.3967160,0.2601215
0.3967980,0.2602993
0.3968800,0.2412692
0.3969620,0.2539518
0.3970440,0.2775181
0.3971260,0.2976613
0.3972080,0.2658102
0.3972900,0.2661310
0.3973720,0.2477513
0.3974540,0.2703689
0.3975360,0.2646443
0.3976180,0.2396921
0.3977000,0.2600194
0.3977820,0.2604771
0.3978640,0.2477208
0.3979460,0.2409809
0.3980280,0.2714732
0.3981100,0.2715338
0.3981920,0.2718922
0.3982740,0.2601787
0.3983560,0.2581875
0.3984380,0.2812923
0.3985200,0.2938580
0.3986020,0.3131014
0.3986840,0.3137870
0.3987660,0.2598052
0.3988480,0.2758148
0.3989300,0.2714924
0.3990120,0.2717184
0.3990940,0.2722804
0.3991760,0.2415317
0.3992580,0.2658857
0.3993400,0.2599357
0.3994220,0.2475310
0.3995040,0.2472197
0.3995860,0.2478893
0.3996680,0.2284874
0.3997500,0.2281443
0.3998320,0.2414043
0.3999140,0.2477424
0.3999960,0.2480004
0.4000780,0.2138315
0.4001600,0.3099898
0.4002420,0.2938914
0.4003240,0.2599840
0.4004060,0.2774852
0.4004880,0.2779070
0.4005700,0.2760345
0.4006520,0.2538226
0.4007340,0.2340749
0.4008160,0.2597161
0.4008980,0.2601252
0.4009800,0.2932516
0.4010620,0.2748003
0.4011440,0.2476810
0.4012260,0.2539294
0.4013080,0.2276031
0.4013900,0.2281246
0.4014720,0.2396013
0.4015540,0.2659310
0.4016360,0.2656923
0.4017180,0.2646110
0.4018000,0.2390615
0.4018820,0.2393276
0.4019640,0.2540224
0.4020460,0.2540549
0.4021280,0.2537160
0.4022100,0.2472551
0.4022920,0.2473806
0.4023740,0.2473889
0.4024560,0.2539741
0.4025380,0.2134029
0.4026200,0.2711289
0.4027020,0.2056742
0.4027840,0.2060450
0.4028660,0.2626825
0.4029480,0.2703164
0.4030300,0.2598080
0.4031120,0.2394452
0.4031940,0.2399960
0.4032760,0.2524514
0.4033580,0.2649789
0.4034400,0.2719403
0.4035220,0.2541576
0.4036040,0.2715876
0.4036860,0.2718110
0.4037680,0.2875691
0.4038500,0.2924274
0.4039320,0.2538755
0.4040140,0.2597228
0.4040960,0.2601906
0.4041780,0.2538912
0.4042600,0.2940137
0.4043420,0.3067873
0.4044240,0.2870770
0.4045060,0.2826143
0.4045880,0.2833754
0.4046700,0.2475297
0.4047520,0.2133368
0.4048340,0.2524450
0.4049160,0.2410003
0.4049980,0.2413313
0.4050800,0.2413130
0.4051620,0.2346410
0.4052440,0.2641997
0.4053260,0.2924135
0.4054080,0.2718638
0.4054900,0.2721686
0.4055720,0.2536974
0.4056540,0.2598324
0.4057360,0.2536992
0.4058180,0.2771261
0.4059000,0.2343475
0.4059820,0.2344224
0.4060640,0.2598571
0.4061460,0.2831475
0.4062280,0.2830322
0.4063100,0.2536649
0.4063920,0.2540754
0.4064740,0.2661535
0.4065560,0.2719221
0.4066380,0.2770123
0.4067200,0.2598745
0.4068020,0.2871291
0.4068840,0.2876285
0.4069660,0.2706716
0.4070480,0.2346517
0.4071300,0.1986004
0.4072120,0.2141573
0.4072940,0.2140557
0.4073760,0.2873385
0.4074580,0.2713955
0.4075400,0.2599643
0.4076220,0.2274452
0.4077040,0.2519060
0.4077860,0.2526192
0.4078680,0.2412889
0.4079500,0.2346966
0.4080320,0.2600402
0.4081140,0.2758803
0.4081960,0.2762038
0.4082780,0.2349315
0.4083600,0.2911852
0.4084420,0.2599583
0.4085240,0.2459299
0.4086060,0.2521006
0.4086880,0.2524436
0.4087700,0.2347778
0.4088520,0.2457773
0.4089340,0.2641070
0.4090160,0.2457694
0.4090980,0.2462943
0.4091800,0.2509342
0.4092620,0.2762565
0.4093440,0.2478792
0.4094260,0.2586669
0.4095080,0.2775334
0.4095900,0.2777675
0.4096720,0.2349196
0.4097540,0.2717967
0.4098360,0.2775301
0.4099180,0.2410490
0.4100000,0.2638161
