Time (ns),Water after lsq fit to Water
0.0000000,0.0000000
0.0000820,0.0596927
0.0001640,0.4877948
0.0002460,0.5950995
0.0003280,0.6822053
0.0004100,0.7624745
0.0004920,0.7657644
0.0005740,0.8048273
0.0006560,0.7720568
0.0007380,0.7360559
0.0008200,0.8039167
0.0009020,0.8698628
0.0009840,0.8724839
0.0010660,0.8758497
0.0011480,0.9676381
0.0012300,1.0238715
0.0013120,0.8821905
0.0013940,0.8852956
0.0014760,0.7914765
0.0015580,0.9192729
0.0016400,0.9223758
0.0017220,0.9246208
0.0018040,1.0105522
0.0018860,1.0154011
0.0019680,1.0252779
0.0020500,0.9692257
0.0021320,1.0544267
0.0022140,1.0543482
0.0022960,1.0572805
0.0023780,1.1553052
0.0024600,1.1316271
0.0025420,1.1567072
0.0026240,1.1093002
0.0027060,1.1087452
0.0027880,1.1095751
0.0028700,1.1372259
0.0029520,1.1332071
0.0030340,1.1778490
0.0031160,1.1792642
0.0031980,1.1807309
0.0032800,1.1145582
0.0033620,1.1584117
0.0034440,1.1977146
0.0035260,1.2672683
0.0036080,1.2254624
0.0036900,1.2259199
0.0037720,1.2282093
0.0038540,1.2522645
0.0039360,1.2320621
0.0040180,1.2309460
0.0041000,1.0949448
0.0041820,1.0958918
0.0042640,1.1691368
0.0043460,1.2145603
0.0044280,1.2761668
0.0045100,1.2764382
0.0045920,1.2778567
0.0046740,1.3163112
0.0047560,1.2777825
0.0048380,1.2584083
0.0049200,1.2988827
0.0050020,1.2941458
0.0050840,1.2957886
0.0051660,1.3189415
0.0052480,1.3208405
0.0053300,1.3222746
0.0054120,1.3855907
0.0054940,1.3858501
0.0055760,1.3519890
0.0056580,1.3708985
0.0057400,1.4055774
0.0058220,1.3331619
0.0059040,1.3176373
0.0059860,1.3217846
0.0060680,1.3263016
0.0061500,1.3484758
0.0062320,1.3667469
0.0063140,1.3055462
0.0063960,1.3077575
0.0064780,1.3283436
0.0065600,1.2881610
0.0066420,1.3061921
0.0067240,1.3436881
0.0068060,1.4274669
0.0068880,1.4292032
0.0069700,1.3917171
0.0070520,1.3114365
0.0071340,1.3514313
0.0072160,1.3924051
0.0072980,1.3954246
0.0073800,1.3356950
0.0074620,1.3923868
0.0075440,1.4092385
0.0076260,1.4675992
0.0077080,1.4699389
0.0077900,1.4713669
0.0078720,1.5223336
0.0079540,1.5189474
0.0080360,1.6319513
0.0081180,1.5733117
0.0082000,1.5395041
0.0082820,1.5410102
0.0083640,1.5578250
0.0084460,1.5755570
0.0085280,1.5919118
0.0086100,1.6234864
0.0086920,1.6254924
0.0087740,1.5770953
0.0088560,1.6130506
0.0089380,1.6438574
0.0090200,1.5952321
0.0091020,1.6305991
0.0091840,1.6317782
0.0092660,1.6171194
0.0093480,1.5997186
0.0094300,1.6330074
0.0095120,1.6340758
0.0095940,1.6346993
0.0096760,1.6332687
0.0097580,1.5847550
0.0098400,1.5854793
0.0099220,1.6009192
0.0100040,1.5691332
0.0100860,1.5712814
0.0101680,1.5544454
0.0102500,1.5720335
0.0103320,1.6228150
0.0104140,1.6552470
0.0104960,1.6558140
0.0105780,1.6361053
0.0106600,1.5874068
0.0107420,1.6408692
0.0108240,1.6445726
0.0109060,1.6433311
0.0109880,1.6453906
0.0110700,1.6183017
0.0111520,1.6062252
0.0112340,1.6275851
0.0113160,1.6235773
0.0113980,1.6270042
0.0114800,1.6933941
0.0115620,1.6814598
0.0116440,1.6971257
0.0117260,1.6829246
0.0118080,1.6832920
0.0118900,1.6847831
0.0119720,1.7052180
0.0120540,1.7118089
0.0121360,1.7133656
0.0122180,1.7094749
0.0123000,1.6901618
0.0123820,1.6891230
0.0124640,1.6938531
0.0125460,1.6824555
0.0126280,1.6955165
0.0127100,1.6987626
0.0127920,1.7002109
0.0128740,1.7627728
0.0129560,1.7342055
0.0130380,1.7452517
0.0131200,1.7567004
0.0132020,1.7553643
0.0132840,1.7551316
0.0133660,1.7174802
0.0134480,1.7307876
0.0135300,1.7615474
0.0136120,1.7464549
0.0136940,1.7468501
0.0137760,1.7637075
0.0138580,1.7465471
0.0139400,1.7581265
0.0140220,1.7647217
0.0141040,1.7453627
0.0141860,1.7474189
0.0142680,1.8026097
0.0143500,1.8527843
0.0144320,1.8654911
0.0145140,1.8593155
0.0145960,1.8598156
0.0146780,1.8607748
0.0147600,1.8605288
0.0148420,1.8483365
0.0149240,1.8086213
0.0150060,1.8483215
0.0150880,1.8511424
0.0151700,1.8720173
0.0152520,1.8595607
0.0153340,1.8292735
0.0154160,1.8350160
0.0154980,1.8391437
0.0155800,1.8442404
0.0156620,1.8538684
0.0157440,1.8719575
0.0158260,1.8464642
0.0159080,1.8479868
0.0159900,1.8485577
0.0160720,1.8764505
0.0161540,1.8481658
0.0162360,1.8638833
0.0163180,1.8117674
0.0164000,1.8372884
0.0164820,1.8372708
0.0165640,1.8407687
0.0166460,1.8734249
0.0167280,1.9084422
0.0168100,1.9169688
0.0168920,1.9180025
0.0169740,1.9029128
0.0170560,1.8972957
0.0171380,1.9013488
0.0172200,1.9169626
0.0173020,1.8813018
0.0173840,1.8828407
0.0174660,1.8530655
0.0175480,1.8708658
0.0176300,1.8586995
0.0177120,1.9097513
0.0177940,1.9115214
0.0178760,1.8886417
0.0179580,1.9059852
0.0180400,1.8591170
0.0181220,1.8745236
0.0182040,1.9192737
0.0182860,1.9200597
0.0183680,1.9569705
0.0184500,1.9500615
0.0185320,1.9696700
0.0186140,1.9835520
0.0186960,1.9825726
0.0187780,1.9898900
0.0188600,1.9544762
0.0189420,1.9555593
0.0190240,1.9473516
0.0191060,1.9717650
0.0191880,1.9741224
0.0192700,1.9924100
0.0193520,1.9678413
0.0194340,1.9876343
0.0195160,2.0293617
0.0195980,2.0307156
0.0196800,2.0426423
0.0197620,2.0302434
0.0198440,2.0405886
0.0199260,2.0173769
0.0200080,2.0253771
0.0200900,2.0253121
0.0201720,2.0534297
0.0202540,2.0403116
0.0203360,2.0594549
0.0204180,2.0854490
0.0205000,2.0947943
0.0205820,2.0961529
0.0206640,2.0721987
0.0207460,2.0882418
0.0208280,2.1352874
0.0209100,2.0993338
0.0209920,2.1003695
0.0210740,2.1002080
0.0211560,2.0622066
0.0212380,2.0940880
0.0213200,2.0838718
0.0214020,2.0744123
0.0214840,2.0752729
0.0215660,2.0705462
0.0216480,2.0922955
0.0217300,2.0502470
0.0218120,2.0571099
0.0218940,2.0594065
0.0219760,2.0601059
0.0220580,2.0639799
0.0221400,2.0898613
0.0222220,2.0892799
0.0223040,2.0999955
0.0223860,2.1028854
0.0224680,2.0708901
0.0225500,2.0654525
0.0226320,2.0705037
0.0227140,2.0942151
0.0227960,2.0958969
0.0228780,2.1086689
0.0229600,2.1198890
0.0230420,2.0932408
0.0231240,2.1053155
0.0232060,2.1189516
0.0232880,2.1205083
0.0233700,2.1411069
0.0234520,2.1357477
0.0235340,2.1468350
0.0236160,2.1354149
0.0236980,2.1362137
0.0237800,2.1381298
0.0238620,2.1185180
0.0239440,2.1290467
0.0240260,2.1306114
0.0241080,2.1411091
0.0241900,2.1424630
0.0242720,2.1178471
0.0243540,2.1026291
0.0244360,2.1285912
0.0245180,2.1386030
0.0246000,2.1462426
0.0246820,2.1467510
0.0247640,2.1798815
0.0248460,2.1573742
0.0249280,2.1652077
0.0250100,2.1542219
0.0250920,2.1549519
0.0251740,2.1559186
0.0252560,2.1681342
0.0253380,2.1323875
0.0254200,2.1172529
0.0255020,2.1011352
0.0255840,2.1040935
0.0256660,2.1332879
0.0257480,2.1164745
0.0258300,2.1313922
0.0259120,2.1359354
0.0259940,2.1383324
0.0260760,2.1591637
0.0261580,2.1558626
0.0262400,2.1508050
0.0263220,2.1512641
0.0264040,2.1640106
0.0264860,2.1666762
0.0265680,2.1450653
0.0266500,2.1354673
0.0267320,2.1157370
0.0268140,2.1281857
0.0268960,2.1308782
0.0269780,2.1501292
0.0270600,2.0973435
0.0271420,2.1270386
0.0272240,2.1060597
0.0273060,2.1238054
0.0273880,2.1254243
0.0274700,2.0843215
0.0275520,2.0974129
0.0276340,2.0860325
0.0277160,2.1004749
0.0277980,2.1011367
0.0278800,2.1211497
0.0279620,2.1324140
0.0280440,2.1502270
0.0281260,2.1629533
0.0282080,2.1645780
0.0282900,2.1655579
0.0283720,2.1475401
0.0284540,2.1347686
0.0285360,2.1480459
0.0286180,2.1643254
0.0287000,2.1633863
0.0287820,2.1635732
0.0288640,2.1843491
0.0289460,2.1759673
0.0290280,2.2034162
0.0291100,2.1726744
0.0291920,2.1742379
0.0292740,2.1963549
0.0293560,2.1882781
0.0294380,2.2078740
0.0295200,2.1929499
0.0296020,2.1987385
0.0296840,2.2005044
0.0297660,2.1897004
0.0298480,2.1844225
0.0299300,2.1891322
0.0300120,2.1832725
0.0300940,2.1838840
0.0301760,2.1728830
0.0302580,2.1864846
0.0303400,2.1943395
0.0304220,2.1408549
0.0305040,2.1404835
0.0305860,2.1403056
0.0306680,2.1490331
0.0307500,2.1848635
0.0308320,2.1568714
0.0309140,2.1325601
0.0309960,2.1323742
0.0310780,2.1554208
0.0311600,2.1678905
0.0312420,2.1788072
0.0313240,2.1921577
0.0314060,2.1840835
0.0314880,2.1855796
0.0315700,2.1723974
0.0316520,2.1963879
0.0317340,2.1876193
0.0318160,2.1778473
0.0318980,2.1790375
0.0319800,2.1636217
0.0320620,2.1701209
0.0321440,2.1589706
0.0322260,2.1708043
0.0323080,2.1594684
0.0323900,2.1600847
0.0324720,2.2107768
0.0325540,2.2174948
0.0326360,2.2001803
0.0327180,2.1978520
0.0328000,2.1689565
0.0328820,2.1691111
0.0329640,2.1608194
0.0330460,2.2045320
0.0331280,2.2002551
0.0332100,2.1841740
0.0332920,2.1858359
0.0333740,2.2287095
0.0334560,2.2111408
0.0335380,2.2592314
0.0336200,2.2564742
0.0337020,2.2376254
0.0337840,2.2387037
0.0338660,2.2426967
0.0339480,2.2137683
0.0340300,2.2320827
0.0341120,2.2473104
0.0341940,2.2494503
0.0342760,2.2389391
0.0343580,2.2623457
0.0344400,2.2484034
0.0345220,2.2510275
0.0346040,2.2284902
0.0346860,2.2302378
0.0347680,2.2212172
0.0348500,2.2350727
0.0349320,2.2609973
0.0350140,2.2813718
0.0350960,2.2830595
0.0351780,2.2713649
0.0352600,2.2632952
0.0353420,2.2738516
0.0354240,2.2615538
0.0355060,2.2539975
0.0355880,2.2549963
0.0356700,2.2629092
0.0357520,2.2830761
0.0358340,2.2706564
0.0359160,2.2755071
0.0359980,2.2771180
0.0360800,2.2791218
0.0361620,2.2989776
0.0362440,2.3273628
0.0363260,2.3088311
0.0364080,2.3043028
0.0364900,2.3041875
0.0365720,2.2919720
0.0366540,2.2689009
0.0367360,2.2960854
0.0368180,2.3167398
0.0369000,2.3324911
0.0369820,2.3324221
0.0370640,2.3094497
0.0371460,2.3295893
0.0372280,2.3297398
0.0373100,2.3747084
0.0373920,2.3757955
0.0374740,2.3948798
0.0375560,2.4056928
0.0376380,2.4042482
0.0377200,2.4110909
0.0378020,2.4042463
0.0378840,2.4049903
0.0379660,2.3839898
0.0380480,2.3739655
0.0381300,2.3689915
0.0382120,2.3949381
0.0382940,2.3968834
0.0383760,2.4000691
0.0384580,2.4187632
0.0385400,2.3865289
0.0386220,2.3933542
0.0387040,2.4031654
0.0387860,2.4047895
0.0388680,2.4228406
0.0389500,2.4012479
0.0390320,2.4322501
0.0391140,2.4234191
0.0391960,2.4234900
0.0392780,2.4277196
0.0393600,2.4200820
0.0394420,2.4335491
0.0395240,2.4434152
0.0396060,2.4546380
0.0396880,2.4538663
0.0397700,2.4215102
0.0398520,2.4406240
0.0399340,2.4409407
0.0400160,2.4295175
0.0400980,2.4295040
0.0401800,2.4294541
0.0402620,2.4009268
0.0403440,2.4300531
0.0404260,2.4370950
0.0405080,2.4022430
0.0405900,2.4019084
0.0406720,2.3982258
0.0407540,2.4197193
0.0408360,2.3921022
0.0409180,2.3975335
0.0410000,2.4161420
0.0410820,2.4177657
0.0411640,2.4301416
0.0412460,2.4299646
0.0413280,2.4217850
0.0414100,2.4063218
0.0414920,2.4077839
0.0415740,2.4011010
0.0416560,2.4318601
0.0417380,2.4442800
0.0418200,2.4363491
0.0419020,2.4236056
0.0419840,2.4248201
0.0420660,2.4396094
0.0421480,2.4531079
0.0422300,2.4498135
0.0423120,2.4312513
0.0423940,2.4339588
0.0424760,2.4495216
0.0425580,2.4430866
0.0426400,2.4255505
0.0427220,2.4360541
0.0428040,2.4474551
0.0428860,2.4477584
0.0429680,2.4643362
0.0430500,2.4699925
0.0431320,2.4516735
0.0432140,2.4519095
0.0432960,2.4520353
0.0433780,2.4521892
0.0434600,2.4300446
0.0435420,2.4295563
0.0436240,2.4392060
0.0437060,2.4353523
0.0437880,2.4359851
0.0438700,2.4456764
0.0439520,2.4776976
0.0440340,2.4402085
0.0441160,2.4437499
0.0441980,2.4437870
0.0442800,2.4547436
0.0443620,2.4780364
0.0444440,2.4683045
0.0445260,2.4520899
0.0446080,2.4524528
0.0446900,2.4517477
0.0447720,2.4315461
0.0448540,2.4439126
0.0449360,2.4520055
0.0450180,2.4781768
0.0451000,2.4881179
0.0451820,2.4889792
0.0452640,2.5003409
0.0453460,2.5067959
0.0454280,2.5204773
0.0455100,2.4871839
0.0455920,2.4891231
0.0456740,2.5324944
0.0457560,2.5279231
0.0458380,2.5313420
0.0459200,2.5177768
0.0460020,2.5251842
0.0460840,2.5279765
0.0461660,2.5175132
0.0462480,2.5281678
0.0463300,2.5362102
0.0464120,2.5412450
0.0464940,2.5412302
0.0465760,2.5248535
0.0466580,2.5157309
0.0467400,2.5217514
0.0468220,2.5483613
0.0469040,2.5313873
0.0469860,2.5322020
0.0470680,2.5424309
0.0471500,2.5603540
0.0472320,2.5543914
0.0473140,2.5456431
0.0473960,2.5456202
0.0474780,2.5625949
0.0475600,2.5565886
0.0476420,2.5591517
0.0477240,2.5582614
0.0478060,2.5595393
0.0478880,2.5583532
0.0479700,2.5574067
0.0480520,2.5474604
0.0481340,2.5631312
0.0482160,2.5691848
0.0482980,2.5694413
0.0483800,2.5710664
0.0484620,2.5463883
0.0485440,2.5566746
0.0486260,2.5962016
0.0487080,2.6013700
0.0487900,2.6022186
0.0488720,2.6201866
0.0489540,2.5924530
0.0490360,2.6139543
0.0491180,2.5979091
0.0492000,2.5869843
0.0492820,2.5895025
0.0493640,2.6217620
0.0494460,2.6040499
0.0495280,2.5973695
0.0496100,2.6054933
0.0496920,2.6062272
0.0497740,2.5766749
0.0498560,2.5805249
0.0499380,2.6161647
0.0500200,2.6237126
0.0501020,2.6064660
0.0501840,2.6109115
0.0502660,2.6098543
0.0503480,2.6188111
0.0504300,2.6131884
0.0505120,2.6245373
0.0505940,2.6254722
0.0506760,2.6214361
0.0507580,2.6347085
0.0508400,2.6202312
0.0509220,2.6205426
0.0510040,2.6230346
0.0510860,2.6248318
0.0511680,2.6373742
0.0512500,2.6046794
0.0513320,2.5974786
0.0514140,2.6114497
0.0514960,2.6125796
0.0515780,2.6241399
0.0516600,2.6135199
0.0517420,2.6109806
0.0518240,2.6413481
0.0519060,2.6633762
0.0519880,2.6632068
0.0520700,2.6520725
0.0521520,2.6656993
0.0522340,2.6577800
0.0523160,2.6377159
0.0523980,2.6380828
0.0524800,2.6306692
0.0525620,2.6158357
0.0526440,2.6135059
0.0527260,2.6046734
0.0528080,2.6063080
0.0528900,2.6066768
0.0529720,2.6394911
0.0530540,2.6370249
0.0531360,2.6630750
0.0532180,2.6644546
0.0533000,2.6707462
0.0533820,2.6723478
0.0534640,2.6811746
0.0535460,2.6589718
0.0536280,2.6626699
0.0537100,2.6622887
0.0537920,2.6629302
0.0538740,2.6654541
0.0539560,2.6802162
0.0540380,2.6621473
0.0541200,2.6762319
0.0542020,2.6935981
0.0542840,2.6946050
0.0543660,2.6876086
0.0544480,2.7046559
0.0545300,2.7306284
0.0546120,2.7217054
0.0546940,2.7221218
0.0547760,2.7084158
0.0548580,2.7229010
0.0549400,2.7193801
0.0550220,2.7187156
0.0551040,2.7037409
0.0551860,2.7036836
0.0552680,2.7011763
0.0553500,2.6862632
0.0554320,2.6981762
0.0555140,2.6990274
0.0555960,2.6983622
0.0556780,2.6993701
0.0557600,2.7239555
0.0558420,2.7085243
0.0559240,2.7029307
0.0560060,2.7297840
0.0560880,2.7297027
0.0561700,2.7088914
0.0562520,2.6940931
0.0563340,2.7025103
0.0564160,2.7207889
0.0564980,2.7212959
0.0565800,2.7075927
0.0566620,2.7110541
0.0567440,2.6953823
0.0568260,2.7055606
0.0569080,2.7062216
0.0569900,2.7081088
0.0570720,2.7113807
0.0571540,2.7099145
0.0572360,2.6978977
0.0573180,2.6866231
0.0574000,2.7096597
0.0574820,2.7087031
0.0575640,2.7302685
0.0576460,2.7192371
0.0577280,2.7287818
0.0578100,2.7265332
0.0578920,2.7266483
0.0579740,2.7188677
0.0580560,2.7189955
0.0581380,2.7099777
0.0582200,2.7188974
0.0583020,2.7287072
0.0583840,2.7287341
0.0584660,2.7460960
0.0585480,2.7288745
0.0586300,2.6972129
0.0587120,2.6979421
0.0587940,2.6990311
0.0588760,2.6819719
0.0589580,2.7001213
0.0590400,2.7116257
0.0591220,2.7298253
0.0592040,2.7078608
0.0592860,2.7099311
0.0593680,2.7210025
0.0594500,2.7378137
0.0595320,2.7189964
0.0596140,2.7279177
0.0596960,2.7295928
0.0597780,2.7265773
0.0598600,2.7435679
0.0599420,2.7434593
0.0600240,2.7230005
0.0601060,2.7327265
0.0601880,2.7344925
0.0602700,2.7299505
0.0603520,2.7399126
0.0604340,2.7525868
0.0605160,2.7314682
0.0605980,2.7327628
0.0606800,2.7469671
0.0607620,2.7409458
0.0608440,2.7611022
0.0609260,2.7558366
0.0610080,2.7692842
0.0610900,2.7674832
0.0611720,2.7591244
0.0612540,2.7430140
0.0613360,2.7168585
0.0614180,2.7319227
0.0615000,2.7630234
0.0615820,2.7639124
0.0616640,2.7902285
0.0617460,2.7925700
0.0618280,2.7767479
0.0619100,2.7760887
0.0619920,2.7787892
0.0620740,2.7862912
0.0621560,2.8027363
0.0622380,2.8013483
0.0623200,2.7909163
0.0624020,2.8085203
0.0624840,2.8087574
0.0625660,2.8223233
0.0626480,2.8283624
0.0627300,2.8162298
0.0628120,2.8226312
0.0628940,2.8224784
0.0629760,2.8106603
0.0630580,2.8187012
0.0631400,2.8035260
0.0632220,2.8104187
0.0633040,2.8263321
0.0633860,2.8268505
0.0634680,2.8240616
0.0635500,2.8059344
0.0636320,2.8193870
0.0637140,2.8066315
0.0637960,2.8065213
0.0638780,2.8010840
0.0639600,2.7868711
0.0640420,2.7976852
0.0641240,2.8030289
0.0642060,2.8130986
0.0642880,2.8151003
0.0643700,2.7993397
0.0644520,2.7975167
0.0645340,2.7811334
0.0646160,2.7866479
0.0646980,2.7873330
0.0647800,2.7823544
0.0648620,2.7954224
0.0649440,2.7924649
0.0650260,2.7840754
0.0651080,2.7860951
0.0651900,2.7853538
0.0652720,2.7579051
0.0653540,2.7773517
0.0654360,2.7751273
0.0655180,2.7758221
0.0656000,2.7603418
0.0656820,2.7613637
0.0657640,2.7408290
0.0658460,2.7558283
0.0659280,2.7499507
0.0660100,2.7886550
0.0660920,2.7890832
0.0661740,2.7788529
0.0662560,2.7783988
0.0663380,2.7460534
0.0664200,2.7696996
0.0665020,2.7768067
0.0665840,2.7767590
0.0666660,2.7861348
0.0667480,2.7891161
0.0668300,2.7900354
0.0669120,2.7957679
0.0669940,2.7971935
0.0670760,2.8062648
0.0671580,2.7941740
0.0672400,2.7807370
0.0673220,2.7804186
0.0674040,2.8056387
0.0674860,2.8077865
0.0675680,2.8157328
0.0676500,2.8266527
0.0677320,2.7940471
0.0678140,2.8005030
0.0678960,2.7990987
0.0679780,2.7963008
0.0680600,2.7933361
0.0681420,2.8178553
0.0682240,2.8422031
0.0683060,2.8083097
0.0683880,2.8081750
0.0684700,2.8277996
0.0685520,2.8314900
0.0686340,2.8428023
0.0687160,2.8396625
0.0687980,2.8431520
0.0688800,2.8547460
0.0689620,2.8275781
0.0690440,2.8200837
0.0691260,2.8232659
0.0692080,2.8291903
0.0692900,2.8303076
0.0693720,2.8556057
0.0694540,2.8619802
0.0695360,2.8779720
0.0696180,2.8581444
0.0697000,2.8605210
0.0697820,2.8594010
0.0698640,2.8677395
0.0699460,2.8548824
0.0700280,2.8535970
0.0701100,2.8860915
0.0701920,2.8880116
0.0702740,2.8899301
0.0703560,2.8910975
0.0704380,2.8942383
0.0705200,2.8800344
0.0706020,2.8779794
0.0706840,2.8773772
0.0707660,2.8843620
0.0708480,2.8666324
0.0709300,2.8767010
0.0710120,2.8835211
0.0710940,2.8830159
0.0711760,2.8916323
0.0712580,2.8740313
0.0713400,2.8655236
0.0714220,2.8768269
0.0715040,2.8712659
0.0715860,2.8712085
0.0716680,2.8821614
0.0717500,2.8961299
0.0718320,2.8880480
0.0719140,2.8811316
0.0719960,2.8835652
0.0720780,2.8904979
0.0721600,2.8873687
0.0722420,2.8887545
0.0723240,2.8849664
0.0724060,2.8904487
0.0724880,2.8905930
0.0725700,2.9069222
0.0726520,2.8952112
0.0727340,2.8846737
0.0728160,2.8656165
0.0728980,2.8626161
0.0729800,2.8469698
0.0730620,2.8414347
0.0731440,2.8511335
0.0732260,2.8283707
0.0733080,2.8315546
0.0733900,2.8327537
0.0734720,2.8503481
0.0735540,2.8433295
0.0736360,2.8503502
0.0737180,2.8444662
0.0738000,2.8631772
0.0738820,2.8620515
0.0739640,2.8597254
0.0740460,2.8535939
0.0741280,2.8451409
0.0742100,2.8563839
0.0742920,2.8547920
0.0743740,2.8681535
0.0744560,2.8637279
0.0745380,2.8745899
0.0746200,2.8755303
0.0747020,2.8888760
0.0747840,2.8883291
0.0748660,2.8975926
0.0749480,2.8803304
0.0750300,2.8660590
0.0751120,2.8824610
0.0751940,2.8841575
0.0752760,2.8782011
0.0753580,2.8472455
0.0754400,2.8553158
0.0755220,2.8649965
0.0756040,2.8580947
0.0756860,2.8581409
0.0757680,2.8734387
0.0758500,2.8563389
0.0759320,2.8684832
0.0760140,2.8764685
0.0760960,2.8760474
0.0761780,2.8493518
0.0762600,2.8592324
0.0763420,2.8939338
0.0764240,2.8779502
0.0765060,2.8827563
0.0765880,2.8831052
0.0766700,2.8867228
0.0767520,2.9055696
0.0768340,2.9202874
0.0769160,2.8981901
0.0769980,2.9000439
0.0770800,2.8897419
0.0771620,2.8940122
0.0772440,2.9033930
0.0773260,2.9098373
0.0774080,2.9209640
0.0774900,2.9210049
0.0775720,2.9217191
0.0776540,2.9184311
0.0777360,2.9386238
0.0778180,2.9272645
0.0779000,2.9001596
0.0779820,2.8999222
0.0780640,2.9041074
0.0781460,2.9225918
0.0782280,2.9122760
0.0783100,2.9362059
0.0783920,2.9381151
0.0784740,2.9329587
0.0785560,2.9292939
0.0786380,2.9134329
0.0787200,2.9134220
0.0788020,2.8925722
0.0788840,2.8912444
0.0789660,2.9188252
0.0790480,2.9189983
0.0791300,2.9156989
0.0792120,2.9309147
0.0792940,2.9306639
0.0793760,2.9212281
0.0794580,2.9301108
0.0795400,2.8977684
0.0796220,2.9071492
0.0797040,2.9139730
0.0797860,2.9134669
0.0798680,2.9275499
0.0799500,2.9222078
0.0800320,2.9226931
0.0801140,2.9380481
0.0801960,2.9390336
0.0802780,2.9394955
0.0803600,2.9375858
0.0804420,2.9438805
0.0805240,2.9346969
0.0806060,2.9413167
0.0806880,2.9420586
0.0807700,2.9382791
0.0808520,2.9391838
0.0809340,2.9383046
0.0810160,2.9462717
0.0810980,2.9486587
0.0811800,2.9480759
0.0812620,2.9366455
0.0813440,2.9471414
0.0814260,2.9467864
0.0815080,2.9599873
0.0815900,2.9609972
0.0816720,2.9626289
0.0817540,2.9584791
0.0818360,2.9589124
0.0819180,2.9644109
0.0820000,2.9567574
0.0820820,2.9561325
0.0821640,2.9447196
0.0822460,2.9416213
0.0823280,2.9383694
0.0824100,2.9453578
0.0824920,2.9454981
0.0825740,2.9562243
0.0826560,2.9819535
0.0827380,2.9754183
0.0828200,2.9980992
0.0829020,3.0017303
0.0829840,3.0002610
0.0830660,2.9927285
0.0831480,3.0027283
0.0832300,2.9930426
0.0833120,2.9840280
0.0833940,2.9837890
0.0834760,2.9836109
0.0835580,2.9990475
0.0836400,2.9919961
0.0837220,3.0127804
0.0838040,3.0211762
0.0838860,3.0223744
0.0839680,3.0154088
0.0840500,2.9731297
0.0841320,2.9760292
0.0842140,2.9745421
0.0842960,2.9746425
0.0843780,2.9604150
0.0844600,2.9536492
0.0845420,2.9686913
0.0846240,2.9796298
0.0847060,2.9891042
0.0847880,2.9899094
0.0848700,2.9931468
0.0849520,2.9863261
0.0850340,2.9650627
0.0851160,2.9715632
0.0851980,2.9721429
0.0852800,2.9802374
0.0853620,2.9843317
0.0854440,2.9743667
0.0855260,2.9883926
0.0856080,3.0052888
0.0856900,3.0056819
0.0857720,3.0157941
0.0858540,3.0050718
0.0859360,2.9960482
0.0860180,3.0071847
0.0861000,3.0064633
0.0861820,3.0070835
0.0862640,2.9847371
0.0863460,2.9786764
0.0864280,2.9712061
0.0865100,2.9722133
0.0865920,2.9716771
0.0866740,2.9707834
0.0867560,2.9558983
0.0868380,2.9494859
0.0869200,2.9671794
0.0870020,2.9722227
0.0870840,2.9710592
0.0871660,2.9885284
0.0872480,2.9752563
0.0873300,2.9766511
0.0874120,2.9767589
0.0874940,2.9780742
0.0875760,2.9680199
0.0876580,2.9640311
0.0877400,2.9747136
0.0878220,2.9894004
0.0879040,3.0016791
0.0879860,3.0016692
0.0880680,3.0013407
0.0881500,2.9951625
0.0882320,2.9992460
0.0883140,2.9968611
0.0883960,2.9946208
0.0884780,3.0002097
0.0885600,2.9869492
0.0886420,2.9805240
0.0887240,2.9713229
0.0888060,2.9831036
0.0888880,2.9827673
0.0889700,2.9905456
0.0890520,2.9915283
0.0891340,3.0035581
0.0892160,2.9927279
0.0892980,2.9921439
0.0893800,3.0009266
0.0894620,2.9971190
0.0895440,2.9894619
0.0896260,2.9767604
0.0897080,2.9650630
0.0897900,2.9634014
0.0898720,2.9673834
0.0899540,2.9676784
0.0900360,2.9836397
0.0901180,2.9879176
0.0902000,2.9871156
0.0902820,2.9860273
0.0903640,2.9866626
0.0904460,2.9886230
0.0905280,2.9869310
0.0906100,2.9908592
0.0906920,2.9913222
0.0907740,2.9945135
0.0908560,2.9967479
0.0909380,2.9820180
0.0910200,2.9761890
0.0911020,2.9853669
0.0911840,2.9864855
0.0912660,2.9954282
0.0913480,2.9988831
0.0914300,2.9990557
0.0915120,2.9808875
0.0915940,2.9825432
0.0916760,2.9921791
0.0917580,2.9904692
0.0918400,2.9922737
0.0919220,2.9883643
0.0920040,2.9957981
0.0920860,2.9963537
0.0921680,3.0074027
0.0922500,2.9886685
0.0923320,2.9928029
0.0924140,3.0050420
0.0924960,3.0044992
0.0925780,3.0065816
0.0926600,3.0015801
0.0927420,3.0014926
0.0928240,3.0092302
0.0929060,2.9991015
0.0929880,2.9994299
0.0930700,3.0080960
0.0931520,2.9959095
0.0932340,3.0032487
0.0933160,2.9978887
0.0933980,2.9975456
0.0934800,2.9918852
0.0935620,3.0027206
0.0936440,2.9989252
0.0937260,2.9975012
0.0938080,2.9941910
0.0938900,2.9944162
0.0939720,2.9915690
0.0940540,2.9947191
0.0941360,2.9992415
0.0942180,2.9864716
0.0943000,2.9780622
0.0943820,2.9792063
0.0944640,2.9739861
0.0945460,2.9866820
0.0946280,2.9790805
0.0947100,2.9712384
0.0947920,2.9725635
0.0948740,2.9937377
0.0949560,2.9891279
0.0950380,2.9807550
0.0951200,2.9835279
0.0952020,2.9881856
0.0952840,2.9901891
0.0953660,3.0037357
0.0954480,2.9992419
0.0955300,2.9963589
0.0956120,3.0023183
0.0956940,3.0012158
0.0957760,2.9906058
0.0958580,2.9783714
0.0959400,2.9853484
0.0960220,2.9813968
0.0961040,2.9844050
0.0961860,2.9840748
0.0962680,2.9682077
0.0963500,2.9716345
0.0964320,2.9695738
0.0965140,2.9700497
0.0965960,2.9686856
0.0966780,2.9739037
0.0967600,2.9773978
0.0968420,2.9790796
0.0969240,2.9954664
0.0970060,2.9890233
0.0970880,2.9903764
0.0971700,3.0041506
0.0972520,3.0107182
0.0973340,3.0220337
0.0974160,3.0257087
0.0974980,3.0283376
0.0975800,3.0321601
0.0976620,3.0333152
0.0977440,3.0472371
0.0978260,3.0209397
0.0979080,3.0201011
0.0979900,3.0209310
0.0980720,3.0203226
0.0981540,3.0170664
0.0982360,3.0189757
0.0983180,3.0164275
0.0984000,3.0092765
0.0984820,3.0115610
0.0985640,3.0105463
0.0986460,3.0104699
0.0987280,3.0080275
0.0988100,3.0037944
0.0988920,3.0056682
0.0989740,3.0280324
0.0990560,3.0244499
0.0991380,3.0278725
0.0992200,3.0203220
0.0993020,3.0344201
0.0993840,3.0348951
0.0994660,3.0246439
0.0995480,3.0334469
0.0996300,3.0387762
0.0997120,3.0457458
0.0997940,3.0481943
0.0998760,3.0511609
0.0999580,3.0254280
0.1000400,3.0345881
0.1001220,3.0434277
0.1002040,3.0416873
0.1002860,3.0401059
0.1003680,3.0466994
0.1004500,3.0418839
0.1005320,3.0635145
0.1006140,3.0462335
0.1006960,3.0455027
0.1007780,3.0269943
0.1008600,3.0211323
0.1009420,3.0304936
0.1010240,3.0551703
0.1011060,3.0497231
0.1011880,3.0475386
0.1012700,3.0547494
0.1013520,3.0488352
0.1014340,3.0485259
0.1015160,3.0371939
0.1015980,3.0395972
0.1016800,3.0491533
0.1017620,3.0371878
0.1018440,3.0461524
0.1019260,3.0483356
0.1020080,3.0277265
0.1020900,3.0286143
0.1021720,3.0262410
0.1022540,3.0289328
0.1023360,3.0404796
0.1024180,3.0421070
0.1025000,3.0357968
0.1025820,3.0368073
0.1026640,3.0405309
0.1027460,3.0355674
0.1028280,3.0384956
0.1029100,3.0285110
0.1029920,3.0295505
0.1030740,3.0301190
0.1031560,3.0180744
0.1032380,3.0178825
0.1033200,3.0416935
0.1034020,3.0237397
0.1034840,3.0232213
0.1035660,3.0258607
0.1036480,3.0214134
0.1037300,3.0373417
0.1038120,3.0241437
0.1038940,3.0259451
0.1039760,3.0351456
0.1040580,3.0175883
0.1041400,3.0446789
0.1042220,3.0515860
0.1043040,3.0702660
0.1043860,3.0718676
0.1044680,3.0477280
0.1045500,3.0580700
0.1046320,3.0276408
0.1047140,3.0399726
0.1047960,3.0402121
0.1048780,3.0258500
0.1049600,3.0351150
0.1050420,3.0353856
0.1051240,3.0512877
0.1052060,3.0603880
0.1052880,3.0606971
0.1053700,3.0506164
0.1054520,3.0592139
0.1055340,3.0667623
0.1056160,3.0512684
0.1056980,3.0531664
0.1057800,3.0622031
0.1058620,3.0780470
0.1059440,3.0721568
0.1060260,3.0585765
0.1061080,3.0665088
0.1061900,3.0663659
0.1062720,3.0705499
0.1063540,3.0672023
0.1064360,3.0648880
0.1065180,3.0601232
0.1066000,3.0529628
0.1066820,3.0519693
0.1067640,3.0383717
0.1068460,3.0779858
0.1069280,3.0896179
0.1070100,3.0972704
0.1070920,3.0981096
0.1071740,3.1126205
0.1072560,3.0960360
0.1073380,3.0948890
0.1074200,3.1042773
0.1075020,3.1011757
0.1075840,3.1032074
0.1076660,3.1022342
0.1077480,3.1094315
0.1078300,3.1092802
0.1079120,3.1089998
0.1079940,3.1093895
0.1080760,3.1064921
0.1081580,3.1063688
0.1082400,3.1156243
0.1083220,3.1051308
0.1084040,3.0798034
0.1084860,3.0814489
0.1085680,3.1080247
0.1086500,3.1118184
0.1087320,3.1058233
0.1088140,3.1044964
0.1088960,3.1058162
0.1089780,3.0977800
0.1090600,3.1089933
0.1091420,3.1075822
0.1092240,3.1246715
0.1093060,3.1144393
0.1093880,3.1136772
0.1094700,3.1353023
0.1095520,3.1359860
0.1096340,3.1307838
0.1097160,3.1251348
0.1097980,3.1260931
0.1098800,3.1185284
0.1099620,3.1296093
0.1100440,3.1110663
0.1101260,3.1101607
0.1102080,3.1269898
0.1102900,3.1290963
0.1103720,3.1311237
0.1104540,3.1299921
0.1105360,3.1431457
0.1106180,3.1501290
0.1107000,3.1657328
0.1107820,3.1659085
0.1108640,3.1464714
0.1109460,3.1459741
0.1110280,3.1401436
0.1111100,3.1406509
0.1111920,3.1433017
0.1112740,3.1496862
0.1113560,3.1493262
0.1114380,3.1418083
0.1115200,3.1475183
0.1116020,3.1423049
0.1116840,3.1430737
0.1117660,3.1365406
0.1118480,3.1585106
0.1119300,3.1464536
0.1120120,3.1421226
0.1120940,3.1420139
0.1121760,3.1292269
0.1122580,3.1450265
0.1123400,3.1647720
0.1124220,3.1594950
0.1125040,3.1488505
0.1125860,3.1477748
0.1126680,3.1685886
0.1127500,3.1606606
0.1128320,3.1510479
0.1129140,3.1523562
0.1129960,3.1524173
0.1130780,3.1522571
0.1131600,3.1529493
0.1132420,3.1540799
0.1133240,3.1518761
0.1134060,3.1682532
0.1134880,3.1683172
0.1135700,3.1614387
0.1136520,3.1590323
0.1137340,3.1570060
0.1138160,3.1616466
0.1138980,3.1602357
0.1139800,3.1614282
0.1140620,3.1673667
0.1141440,3.1799552
0.1142260,3.1701006
0.1143080,3.1726446
0.1143900,3.1711313
0.1144720,3.1766350
0.1145540,3.1764192
0.1146360,3.1769054
0.1147180,3.1724967
0.1148000,3.1625053
0.1148820,3.1628383
0.1149640,3.1701636
0.1150460,3.1617305
0.1151280,3.1632295
0.1152100,3.1651697
0.1152920,3.1658187
0.1153740,3.1646223
0.1154560,3.1652594
0.1155380,3.1666605
0.1156200,3.1655487
0.1157020,3.1719543
0.1157840,3.1708411
0.1158660,3.1695969
0.1159480,3.1708119
0.1160300,3.1580666
0.1161120,3.1708518
0.1161940,3.1731095
0.1162760,3.1866944
0.1163580,3.1808616
0.1164400,3.1748214
0.1165220,3.1612821
0.1166040,3.1792583
0.1166860,3.1780730
0.1167680,3.1702473
0.1168500,3.1690423
0.1169320,3.1572686
0.1170140,3.1572739
0.1170960,3.1586251
0.1171780,3.1590678
0.1172600,3.1579959
0.1173420,3.1605461
0.1174240,3.1645910
0.1175060,3.1520157
0.1175880,3.1518797
0.1176700,3.1490325
0.1177520,3.1469549
0.1178340,3.1527644
0.1179160,3.1627621
0.1179980,3.1638527
0.1180800,3.1617167
0.1181620,3.1629846
0.1182440,3.1576726
0.1183260,3.1562980
0.1184080,3.1696210
0.1184900,3.1704500
0.1185720,3.1840470
0.1186540,3.1761457
0.1187360,3.1763116
0.1188180,3.1826579
0.1189000,3.1781089
0.1189820,3.1774914
0.1190640,3.1837172
0.1191460,3.1901620
0.1192280,3.1908073
0.1193100,3.1836713
0.1193920,3.1840274
0.1194740,3.1967861
0.1195560,3.1888654
0.1196380,3.1835336
0.1197200,3.1894894
0.1198020,3.2006912
0.1198840,3.2016539
0.1199660,3.2023603
0.1200480,3.2037951
0.1201300,3.1984697
0.1202120,3.1925136
0.1202940,3.1917301
0.1203760,3.2052686
0.1204580,3.1903451
0.1205400,3.1934468
0.1206220,3.2031380
0.1207040,3.1825557
0.1207860,3.1837723
0.1208680,3.1732558
0.1209500,3.1741051
0.1210320,3.1963686
0.1211140,3.1974520
0.1211960,3.1978233
0.1212780,3.1894660
0.1213600,3.1888304
0.1214420,3.1744166
0.1215240,3.1826789
0.1216060,3.1830690
0.1216880,3.1820690
0.1217700,3.1707733
0.1218520,3.1796693
0.1219340,3.1984155
0.1220160,3.1881505
0.1220980,3.1881328
0.1221800,3.2030174
0.1222620,3.2110531
0.1223440,3.1937906
0.1224260,3.1896509
0.1225080,3.1834311
0.1225900,3.1865644
0.1226720,3.1982543
0.1227540,3.1882514
0.1228360,3.1980382
0.1229180,3.2223438
0.1230000,3.2172338
0.1230820,3.2187112
0.1231640,3.2167410
0.1232460,3.2166981
0.1233280,3.2169789
0.1234100,3.2172987
0.1234920,3.2174270
0.1235740,3.2206491
0.1236560,3.2176294
0.1237380,3.2277692
0.1238200,3.2218714
0.1239020,3.2181766
0.1239840,3.2189243
0.1240660,3.2190602
0.1241480,3.2268318
0.1242300,3.2308471
0.1243120,3.2147687
0.1243940,3.2153349
0.1244760,3.2053511
0.1245580,3.1992009
0.1246400,3.1979633
0.1247220,3.2080335
0.1248040,3.2115381
0.1248860,3.2125937
0.1249680,3.2064436
0.1250500,3.2078064
0.1251320,3.2061182
0.1252140,3.2101644
0.1252960,3.2099394
0.1253780,3.2116948
0.1254600,3.2043278
0.1255420,3.1955262
0.1256240,3.1861872
0.1257060,3.1867471
0.1257880,3.1877696
0.1258700,3.2109171
0.1259520,3.2046288
0.1260340,3.2221646
0.1261160,3.2173070
0.1261980,3.2175469
0.1262800,3.2118724
0.1263620,3.2129537
0.1264440,3.2249794
0.1265260,3.2201510
0.1266080,3.2408140
0.1266900,3.2437290
0.1267720,3.2522384
0.1268540,3.2454213
0.1269360,3.2364601
0.1270180,3.2317336
0.1271000,3.2206079
0.1271820,3.2242835
0.1272640,3.2156888
0.1273460,3.2243528
0.1274280,3.2176178
0.1275100,3.2081698
0.1275920,3.2093165
0.1276740,3.2174917
0.1277560,3.2321398
0.1278380,3.2214673
0.1279200,3.2228581
0.1280020,3.2343574
0.1280840,3.2338932
0.1281660,3.2265392
0.1282480,3.2136597
0.1283300,3.2115264
0.1284120,3.2147301
0.1284940,3.2157146
0.1285760,3.2208796
0.1286580,3.2179639
0.1287400,3.2141285
0.1288220,3.2080485
0.1289040,3.2149971
0.1289860,3.2148849
0.1290680,3.2053640
0.1291500,3.2027050
0.1292320,3.2085332
0.1293140,3.2146232
0.1293960,3.2176817
0.1294780,3.2156685
0.1295600,3.2414376
0.1296420,3.2328654
0.1297240,3.2336122
0.1298060,3.2476326
0.1298880,3.2487613
0.1299700,3.2408765
0.1300520,3.2434712
0.1301340,3.2493669
0.1302160,3.2577602
0.1302980,3.2564323
0.1303800,3.2542510
0.1304620,3.2565420
0.1305440,3.2546932
0.1306260,3.2672924
0.1307080,3.2524038
0.1307900,3.2524073
0.1308720,3.2423285
0.1309540,3.2292752
0.1310360,3.2255788
0.1311180,3.2352132
0.1312000,3.2297692
0.1312820,3.2287387
0.1313640,3.2274223
0.1314460,3.2343990
0.1315280,3.2565314
0.1316100,3.2611378
0.1316920,3.2643219
0.1317740,3.2610801
0.1318560,3.2604520
0.1319380,3.2492264
0.1320200,3.2353984
0.1321020,3.2469488
0.1321840,3.2477750
0.1322660,3.2439800
0.1323480,3.2439029
0.1324300,3.2586239
0.1325120,3.2545949
0.1325940,3.2573920
0.1326760,3.2554220
0.1327580,3.2740794
0.1328400,3.2612242
0.1329220,3.2663323
0.1330040,3.2604944
0.1330860,3.2593716
0.1331680,3.2649134
0.1332500,3.2531989
0.1333320,3.2542758
0.1334140,3.2668979
0.1334960,3.2664680
0.1335780,3.2604639
0.1336600,3.2848370
0.1337420,3.2826036
0.1338240,3.2944934
0.1339060,3.2809647
0.1339880,3.2795502
0.1340700,3.2799159
0.1341520,3.2786312
0.1342340,3.2705020
0.1343160,3.2627450
0.1343980,3.2625388
0.1344800,3.2760772
0.1345620,3.2647420
0.1346440,3.2599856
0.1347260,3.2492799
0.1348080,3.2713030
0.1348900,3.2699971
0.1349720,3.2757322
0.1350540,3.2580093
0.1351360,3.2786075
0.1352180,3.2624638
0.1353000,3.2665166
0.1353820,3.2683221
0.1354640,3.2736111
0.1355460,3.2793952
0.1356280,3.2712879
0.1357100,3.2701508
0.1357920,3.2691934
0.1358740,3.2750054
0.1359560,3.2686736
0.1360380,3.2609009
0.1361200,3.2485341
0.1362020,3.2528448
0.1362840,3.2531679
0.1363660,3.2539511
0.1364480,3.2676437
0.1365300,3.2696662
0.1366120,3.2852143
0.1366940,3.2861844
0.1367760,3.2897059
0.1368580,3.2710365
0.1369400,3.2730287
0.1370220,3.2770761
0.1371040,3.2790210
0.1371860,3.2801721
0.1372680,3.2759383
0.1373500,3.2844546
0.1374320,3.2799401
0.1375140,3.2846747
0.1375960,3.2847387
0.1376780,3.2724736
0.1377600,3.2778338
0.1378420,3.2898721
0.1379240,3.2960514
0.1380060,3.2907374
0.1380880,3.2892762
0.1381700,3.2856713
0.1382520,3.2789380
0.1383340,3.2915317
0.1384160,3.2936612
0.1384980,3.2944690
0.1385800,3.2856593
0.1386620,3.2779701
0.1387440,3.2755226
0.1388260,3.2659286
0.1389080,3.2910922
0.1389900,3.2897966
0.1390720,3.2966172
0.1391540,3.2918268
0.1392360,3.2772965
0.1393180,3.2818609
0.1394000,3.2750253
0.1394820,3.2765899
0.1395640,3.2899133
0.1396460,3.2890486
0.1397280,3.2988744
0.1398100,3.3098419
0.1398920,3.3112147
0.1399740,3.3066906
0.1400560,3.3109566
0.1401380,3.3036024
0.1402200,3.3154898
0.1403020,3.3091988
0.1403840,3.3093702
0.1404660,3.3000967
0.1405480,3.3084178
0.1406300,3.3059618
0.1407120,3.3009449
0.1407940,3.3002181
0.1408760,3.3056441
0.1409580,3.2869599
0.1410400,3.2974815
0.1411220,3.2842690
0.1412040,3.3097297
0.1412860,3.3087419
0.1413680,3.2987315
0.1414500,3.2905565
0.1415320,3.3105341
0.1416140,3.3030722
0.1416960,3.3051295
0.1417780,3.3010339
0.1418600,3.2979808
0.1419420,3.3102916
0.1420240,3.3189431
0.1421060,3.3301825
0.1421880,3.3322200
0.1422700,3.3302100
0.1423520,3.3227535
0.1424340,3.3226854
0.1425160,3.3270342
0.1425980,3.3289299
0.1426800,3.3185484
0.1427620,3.3266493
0.1428440,3.3293346
0.1429260,3.3181433
0.1430080,3.3130722
0.1430900,3.3120041
0.1431720,3.2955659
0.1432540,3.2919064
0.1433360,3.3044865
0.1434180,3.2855065
0.1435000,3.2950316
0.1435820,3.2933121
0.1436640,3.2895451
0.1437460,3.2786998
0.1438280,3.2956785
0.1439100,3.2961541
0.1439920,3.2976728
0.1440740,3.2993467
0.1441560,3.3165750
0.1442380,3.3179343
0.1443200,3.3050002
0.1444020,3.3018604
0.1444840,3.3025759
0.1445660,3.3166255
0.1446480,3.3127431
0.1447300,3.3125514
0.1448120,3.3400811
0.1448940,3.3399174
0.1449760,3.3143162
0.1450580,3.3284626
0.1451400,3.3191918
0.1452220,3.3271480
0.1453040,3.3224130
0.1453860,3.3231070
0.1454680,3.3212826
0.1455500,3.3247473
0.1456320,3.3199154
0.1457140,3.3155814
0.1457960,3.3157381
0.1458780,3.3291588
0.1459600,3.3150607
0.1460420,3.3151877
0.1461240,3.3117251
0.1462060,3.3185822
0.1462880,3.3184240
0.1463700,3.3077830
0.1464520,3.3251133
0.1465340,3.3337006
0.1466160,3.3312260
0.1466980,3.3308702
0.1467800,3.3359270
0.1468620,3.3362448
0.1469440,3.3346524
0.1470260,3.3286453
0.1471080,3.3122572
0.1471900,3.3115105
0.1472720,3.3066128
0.1473540,3.3178365
0.1474360,3.3198000
0.1475180,3.3378406
0.1476000,3.3490350
0.1476820,3.3480914
0.1477640,3.3406741
0.1478460,3.3383518
0.1479280,3.3026900
0.1480100,3.3093923
0.1480920,3.3086569
0.1481740,3.3085133
0.1482560,3.3010206
0.1483380,3.3272449
0.1484200,3.2980482
0.1485020,3.3003013
0.1485840,3.3015134
0.1486660,3.3147445
0.1487480,3.3226348
0.1488300,3.3320031
0.1489120,3.3259573
0.1489940,3.3253099
0.1490760,3.3141287
0.1491580,3.3188245
0.1492400,3.3071161
0.1493220,3.3099786
0.1494040,3.2990966
0.1494860,3.2985790
0.1495680,3.2954980
0.1496500,3.2968965
0.1497320,3.2923565
0.1498140,3.2967570
0.1498960,3.2958543
0.1499780,3.2796418
0.1500600,3.2755694
0.1501420,3.2968295
0.1502240,3.2885960
0.1503060,3.2817060
0.1503880,3.2791717
0.1504700,3.2857140
0.1505520,3.2721498
0.1506340,3.2579296
0.1507160,3.2676083
0.1507980,3.2677586
0.1508800,3.2746204
0.1509620,3.2809507
0.1510440,3.2951820
0.1511260,3.2951399
0.1512080,3.2956221
0.1512900,3.2960726
0.1513720,3.2984560
0.1514540,3.3079997
0.1515360,3.3113955
0.1516180,3.3152425
0.1517000,3.3210866
0.1517820,3.3218404
0.1518640,3.3162341
0.1519460,3.3096621
0.1520280,3.3215305
0.1521100,3.3082284
0.1521920,3.3085533
0.1522740,3.2999185
0.1523560,3.3135763
0.1524380,3.3065640
0.1525200,3.2975482
0.1526020,3.2985835
0.1526840,3.2969558
0.1527660,3.2962801
0.1528480,3.2926056
0.1529300,3.2853439
0.1530120,3.2948962
0.1530940,3.2957394
0.1531760,3.3108627
0.1532580,3.3142226
0.1533400,3.3065832
0.1534220,3.3124490
0.1535040,3.3189890
0.1535860,3.3198249
0.1536680,3.3090643
0.1537500,3.3245603
0.1538320,3.3330573
0.1539140,3.3260365
0.1539960,3.3259034
0.1540780,3.3235999
0.1541600,3.3185629
0.1542420,3.3210877
0.1543240,3.3093841
0.1544060,3.3004859
0.1544880,3.3021176
0.1545700,3.3084453
0.1546520,3.2994320
0.1547340,3.3103868
0.1548160,3.3169480
0.1548980,3.3190533
0.1549800,3.3152276
0.1550620,3.3204031
0.1551440,3.3148487
0.1552260,3.3220356
0.1553080,3.3329633
0.1553900,3.3354971
0.1554720,3.3107797
0.1555540,3.3133737
0.1556360,3.3058746
0.1557180,3.3063014
0.1558000,3.3035010
0.1558820,3.3028274
0.1559640,3.3236425
0.1560460,3.3179955
0.1561280,3.3022861
0.1562100,3.3092433
0.1562920,3.3085405
0.1563740,3.3153489
0.1564560,3.3031561
0.1565380,3.3066573
0.1566200,3.3124390
0.1567020,3.3170107
0.1567840,3.3188986
0.1568660,3.3176856
0.1569480,3.3150542
0.1570300,3.3188078
0.1571120,3.3252923
0.1571940,3.3254908
0.1572760,3.3209396
0.1573580,3.3200812
0.1574400,3.3380782
0.1575220,3.3354587
0.1576040,3.3615742
0.1576860,3.3614625
0.1577680,3.3532879
0.1578500,3.3410159
0.1579320,3.3465181
0.1580140,3.3534666
0.1580960,3.3542471
0.1581780,3.3614121
0.1582600,3.3553239
0.1583420,3.3579124
0.1584240,3.3640001
0.1585060,3.3514904
0.1585880,3.3513595
0.1586700,3.3549078
0.1587520,3.3490474
0.1588340,3.3631886
0.1589160,3.3545131
0.1589980,3.3549737
0.1590800,3.3610828
0.1591620,3.3702167
0.1592440,3.3601490
0.1593260,3.3817075
0.1594080,3.3764196
0.1594900,3.3784580
0.1595720,3.3732358
0.1596540,3.3730656
0.1597360,3.3703317
0.1598180,3.3855450
0.1599000,3.3783506
0.1599820,3.3801885
0.1600640,3.3669937
0.1601460,3.3662633
0.1602280,3.3847924
0.1603100,3.3840492
0.1603920,3.3842736
0.1604740,3.3720699
0.1605560,3.3460607
0.1606380,3.3461762
0.1607200,3.3480554
0.1608020,3.3520313
0.1608840,3.3536786
0.1609660,3.3413815
0.1610480,3.3424772
0.1611300,3.3619157
0.1612120,3.3490814
0.1612940,3.3493276
0.1613760,3.3611758
0.1614580,3.3683025
0.1615400,3.3612464
0.1616220,3.3637761
0.1617040,3.3646185
0.1617860,3.3646334
0.1618680,3.3668473
0.1619500,3.3700897
0.1620320,3.3653864
0.1621140,3.3815247
0.1621960,3.3810831
0.1622780,3.3828291
0.1623600,3.3599148
0.1624420,3.3622102
0.1625240,3.3633125
0.1626060,3.3653697
0.1626880,3.3651981
0.1627700,3.3467596
0.1628520,3.3620152
0.1629340,3.3568594
0.1630160,3.3586503
0.1630980,3.3590140
0.1631800,3.3630241
0.1632620,3.3528535
0.1633440,3.3544813
0.1634260,3.3811890
0.1635080,3.3762465
0.1635900,3.3778428
0.1636720,3.3865559
0.1637540,3.3863423
0.1638360,3.3839466
0.1639180,3.3675656
0.1640000,3.3676785
0.1640820,3.3686958
0.1641640,3.3682232
0.1642460,3.3759819
0.1643280,3.3649453
0.1644100,3.3649787
0.1644920,3.3632312
0.1645740,3.3628956
0.1646560,3.3643770
0.1647380,3.3631853
0.1648200,3.3352155
0.1649020,3.3335610
0.1649840,3.3336941
0.1650660,3.3390135
0.1651480,3.3425329
0.1652300,3.3422372
0.1653120,3.3515558
0.1653940,3.3508624
0.1654760,3.3465806
0.1655580,3.3431567
0.1656400,3.3551066
0.1657220,3.3567386
0.1658040,3.3437333
0.1658860,3.3450385
0.1659680,3.3405596
0.1660500,3.3502359
0.1661320,3.3540058
0.1662140,3.3613356
0.1662960,3.3604925
0.1663780,3.3599909
0.1664600,3.3477366
0.1665420,3.3559667
0.1666240,3.3741203
0.1667060,3.3538336
0.1667880,3.3521628
0.1668700,3.3605923
0.1669520,3.3512873
0.1670340,3.3533354
0.1671160,3.3619846
0.1671980,3.3609826
0.1672800,3.3489832
0.1673620,3.3536181
0.1674440,3.3457265
0.1675260,3.3420091
0.1676080,3.3589620
0.1676900,3.3586381
0.1677720,3.3615510
0.1678540,3.3615946
0.1679360,3.3690159
0.1680180,3.3735888
0.1681000,3.3757199
0.1681820,3.3754744
0.1682640,3.3739364
0.1683460,3.3823362
0.1684280,3.3699324
0.1685100,3.3674542
0.1685920,3.3681432
0.1686740,3.3629459
0.1687560,3.3736737
0.1688380,3.3728017
0.1689200,3.3728334
0.1690020,3.3933988
0.1690840,3.3942208
0.1691660,3.3807429
0.1692480,3.3599995
0.1693300,3.3534000
0.1694120,3.3664743
0.1694940,3.3679813
0.1695760,3.3678323
0.1696580,3.3667009
0.1697400,3.3625628
0.1698220,3.3536929
0.1699040,3.3475917
0.1699860,3.3469433
0.1700680,3.3454191
0.1701500,3.3420140
0.1702320,3.3386785
0.1703140,3.3430896
0.1703960,3.3435071
0.1704780,3.3241920
0.1705600,3.3394735
0.1706420,3.3314625
0.1707240,3.3325281
0.1708060,3.3220211
0.1708880,3.3206913
0.1709700,3.3117341
0.1710520,3.3059732
0.1711340,3.2985251
0.1712160,3.3087501
0.1712980,3.3080899
0.1713800,3.3250097
0.1714620,3.3363311
0.1715440,3.3119140
0.1716260,3.3089413
0.1717080,3.3273438
0.1717900,3.3274785
0.1718720,3.3372085
0.1719540,3.3228183
0.1720360,3.3312874
0.1721180,3.3210200
0.1722000,3.3362210
0.1722820,3.3379321
0.1723640,3.3377192
0.1724460,3.3463550
0.1725280,3.3621285
0.1726100,3.3372828
0.1726920,3.3371931
0.1727740,3.3338860
0.1728560,3.3273338
0.1729380,3.3327987
0.1730200,3.3397871
0.1731020,3.3379782
0.1731840,3.3366007
0.1732660,3.3290770
0.1733480,3.3314763
0.1734300,3.3382437
0.1735120,3.3372517
0.1735940,3.3369338
0.1736760,3.3468563
0.1737580,3.3442770
0.1738400,3.3262226
0.1739220,3.3255891
0.1740040,3.3414938
0.1740860,3.3426932
0.1741680,3.3305147
0.1742500,3.3341408
0.1743320,3.3347664
0.1744140,3.3261180
0.1744960,3.3262883
0.1745780,3.3169067
0.1746600,3.3258984
0.1747420,3.3380388
0.1748240,3.3537655
0.1749060,3.3349104
0.1749880,3.3361868
0.1750700,3.3227719
0.1751520,3.3149667
0.1752340,3.3359824
0.1753160,3.3370681
0.1753980,3.3372433
0.1754800,3.3455504
0.1755620,3.3439953
0.1756440,3.3464064
0.1757260,3.3550406
0.1758080,3.3584527
0.1758900,3.3593810
0.1759720,3.3550409
0.1760540,3.3573530
0.1761360,3.3524707
0.1762180,3.3390602
0.1763000,3.3346644
0.1763820,3.3357612
0.1764640,3.3667930
0.1765460,3.3641786
0.1766280,3.3604283
0.1767100,3.3661785
0.1767920,3.3660173
0.1768740,3.3596280
0.1769560,3.3437475
0.1770380,3.3446227
0.1771200,3.3387397
0.1772020,3.3476131
0.1772840,3.3470702
0.1773660,3.3392913
0.1774480,3.3494178
0.1775300,3.3434211
0.1776120,3.3454966
0.1776940,3.3445974
0.1777760,3.3232559
0.1778580,3.3422673
0.1779400,3.3344170
0.1780220,3.3374975
0.1781040,3.3418861
0.1781860,3.3405748
0.1782680,3.3424364
0.1783500,3.3401635
0.1784320,3.3266062
0.1785140,3.3512385
0.1785960,3.3529113
0.1786780,3.3647262
0.1787600,3.3546387
0.1788420,3.3595637
0.1789240,3.3640418
0.1790060,3.3507512
0.1790880,3.3521554
0.1791700,3.3662309
0.1792520,3.3646998
0.1793340,3.3717784
0.1794160,3.3564410
0.1794980,3.3571241
0.1795800,3.3563292
0.1796620,3.3417342
0.1797440,3.3463691
0.1798260,3.3501899
0.1799080,3.3458650
0.1799900,3.3448800
0.1800720,3.3476513
0.1801540,3.3327509
0.1802360,3.3357964
0.1803180,3.3604362
0.1804000,3.3607628
0.1804820,3.3608893
0.1805640,3.3486504
0.1806460,3.3524178
0.1807280,3.3487450
0.1808100,3.3476459
0.1808920,3.3465356
0.1809740,3.3455582
0.1810560,3.3542371
0.1811380,3.3525227
0.1812200,3.3455185
0.1813020,3.3469316
0.1813840,3.3463903
0.1814660,3.3424839
0.1815480,3.3481648
0.1816300,3.3404036
0.1817120,3.3396177
0.1817940,3.3403674
0.1818760,3.3563385
0.1819580,3.3437225
0.1820400,3.3391969
0.1821220,3.3383430
0.1822040,3.3324311
0.1822860,3.3328087
0.1823680,3.3509627
0.1824500,3.3499752
0.1825320,3.3643090
0.1826140,3.3580379
0.1826960,3.3582293
0.1827780,3.3620541
0.1828600,3.3540818
0.1829420,3.3503221
0.1830240,3.3563136
0.1831060,3.3508491
0.1831880,3.3500733
0.1832700,3.3484909
0.1833520,3.3609476
0.1834340,3.3644452
0.1835160,3.3598579
0.1835980,3.3590358
0.1836800,3.3544182
0.1837620,3.3618973
0.1838440,3.3560455
0.1839260,3.3565609
0.1840080,3.3477078
0.1840900,3.3471663
0.1841720,3.3416301
0.1842540,3.3492530
0.1843360,3.3437301
0.1844180,3.3504926
0.1845000,3.3410621
0.1845820,3.3418694
0.1846640,3.3465042
0.1847460,3.3517411
0.1848280,3.3438430
0.1849100,3.3441131
0.1849920,3.3443899
0.1850740,3.3529204
0.1851560,3.3487238
0.1852380,3.3372475
0.1853200,3.3462119
0.1854020,3.3519616
0.1854840,3.3544707
0.1855660,3.3542787
0.1856480,3.3589240
0.1857300,3.3412456
0.1858120,3.3364847
0.1858940,3.3365445
0.1859760,3.3476231
0.1860580,3.3597955
0.1861400,3.3599554
0.1862220,3.3655842
0.1863040,3.3636603
0.1863860,3.3656708
0.1864680,3.3523463
0.1865500,3.3704156
0.1866320,3.3534560
0.1867140,3.3662209
0.1867960,3.3625180
0.1868780,3.3440586
0.1869600,3.3663540
0.1870420,3.3655674
0.1871240,3.3655267
0.1872060,3.3664347
0.1872880,3.3668889
0.1873700,3.3637923
0.1874520,3.3609637
0.1875340,3.3597639
0.1876160,3.3827372
0.1876980,3.3814677
0.1877800,3.3833474
0.1878620,3.3777129
0.1879440,3.3759493
0.1880260,3.3747087
0.1881080,3.3688813
0.1881900,3.3701955
0.1882720,3.3697439
0.1883540,3.3711524
0.1884360,3.3644935
0.1885180,3.3641294
0.1886000,3.3681978
0.1886820,3.3682694
0.1887640,3.3673541
0.1888460,3.3717376
0.1889280,3.3753659
0.1890100,3.3706760
0.1890920,3.3706866
0.1891740,3.3701438
0.1892560,3.3768271
0.1893380,3.3765162
0.1894200,3.3829726
0.1895020,3.3818197
0.1895840,3.3804246
0.1896660,3.3782213
0.1897480,3.3695266
0.1898300,3.3674991
0.1899120,3.3734878
0.1899940,3.3747601
0.1900760,3.3743597
0.1901580,3.3775867
0.1902400,3.3643299
0.1903220,3.3656231
0.1904040,3.3612780
0.1904860,3.3611408
0.1905680,3.3784898
0.1906500,3.3778605
0.1907320,3.3776865
0.1908140,3.3784610
0.1908960,3.3797433
0.1909780,3.3788743
0.1910600,3.3940673
0.1911420,3.3789339
0.1912240,3.3811931
0.1913060,3.4033663
0.1913880,3.4048793
0.1914700,3.4131980
0.1915520,3.4073396
0.1916340,3.4151400
0.1917160,3.4136965
0.1917980,3.4147377
0.1918800,3.4077362
0.1919620,3.4148246
0.1920440,3.3980512
0.1921260,3.3878408
0.1922080,3.3997880
0.1922900,3.3991758
0.1923720,3.4009936
0.1924540,3.4025109
0.1925360,3.4015751
0.1926180,3.3957428
0.1927000,3.4015206
0.1927820,3.4023624
0.1928640,3.4066702
0.1929460,3.4082112
0.1930280,3.4102174
0.1931100,3.4039879
0.1931920,3.4050388
0.1932740,3.4018666
0.1933560,3.4061658
0.1934380,3.3989236
0.1935200,3.3931123
0.1936020,3.3884430
0.1936840,3.3922471
0.1937660,3.4058617
0.1938480,3.3900200
0.1939300,3.3807243
0.1940120,3.3868168
0.1940940,3.3874431
0.1941760,3.3927041
0.1942580,3.3791778
0.1943400,3.3751791
0.1944220,3.3754388
0.1945040,3.3845282
0.1945860,3.3835744
0.1946680,3.3792611
0.1947500,3.3765073
0.1948320,3.3796878
0.1949140,3.3810832
0.1949960,3.3820389
0.1950780,3.3693757
0.1951600,3.3876448
0.1952420,3.3798232
0.1953240,3.3855691
0.1954060,3.3855545
0.1954880,3.3862661
0.1955700,3.3919314
0.1956520,3.3638914
0.1957340,3.3688076
0.1958160,3.3736480
0.1958980,3.3733899
0.1959800,3.3617376
0.1960620,3.3785951
0.1961440,3.3812193
0.1962260,3.3905435
0.1963080,3.3895952
0.1963900,3.3896432
0.1964720,3.3856365
0.1965540,3.3766453
0.1966360,3.3763597
0.1967180,3.3700416
0.1968000,3.3812302
0.1968820,3.3817680
0.1969640,3.3860991
0.1970460,3.3654832
0.1971280,3.3724529
0.1972100,3.3620681
0.1972920,3.3622121
0.1973740,3.3672016
0.1974560,3.3707394
0.1975380,3.3619055
0.1976200,3.3709349
0.1977020,3.3716165
0.1977840,3.3711345
0.1978660,3.3715818
0.1979480,3.3742134
0.1980300,3.3709569
0.1981120,3.3733467
0.1981940,3.3740978
0.1982760,3.3819721
0.1983580,3.3855697
0.1984400,3.3859759
0.1985220,3.3864146
0.1986040,3.3988467
0.1986860,3.3990907
0.1987680,3.3919588
0.1988500,3.3951882
0.1989320,3.3863591
0.1990140,3.3876205
0.1990960,3.3902091
0.1991780,3.3920408
0.1992600,3.3907103
0.1993420,3.4125286
0.1994240,3.4240613
0.1995060,3.4218285
0.1995880,3.4246335
0.1996700,3.4143473
0.1997520,3.4191599
0.1998340,3.4220784
0.1999160,3.4163008
0.1999980,3.4158385
0.2000800,3.4014726
0.2001620,3.3989700
0.2002440,3.4220088
0.2003260,3.4206289
0.2004080,3.4184808
0.2004900,3.4190369
0.2005720,3.4117441
0.2006540,3.4197370
0.2007360,3.4060077
0.2008180,3.4088008
0.2009000,3.4083670
0.2009820,3.4098305
0.2010640,3.3990937
0.2011460,3.3991602
0.2012280,3.4048962
0.2013100,3.4240377
0.2013920,3.4270564
0.2014740,3.4312672
0.2015560,3.4353007
0.2016380,3.4243433
0.2017200,3.4134434
0.2018020,3.4143164
0.2018840,3.4151193
0.2019660,3.4239081
0.2020480,3.4164626
0.2021300,3.4219218
0.2022120,3.4222674
0.2022940,3.4216658
0.2023760,3.4199980
0.2024580,3.4330348
0.2025400,3.4126077
0.2026220,3.4174617
0.2027040,3.4270872
0.2027860,3.4277224
0.2028680,3.4293668
0.2029500,3.4084102
0.2030320,3.4073595
0.2031140,3.4302464
0.2031960,3.4298864
0.2032780,3.4289150
0.2033600,3.4293004
0.2034420,3.4257409
0.2035240,3.4154258
0.2036060,3.4165259
0.2036880,3.4167967
0.2037700,3.4272298
0.2038520,3.4219823
0.2039340,3.4230945
0.2040160,3.4139348
0.2040980,3.4139520
0.2041800,3.4149366
0.2042620,3.4234650
0.2043440,3.4203939
0.2044260,3.4147485
0.2045080,3.4214977
0.2045900,3.4213177
0.2046720,3.4204751
0.2047540,3.4308439
0.2048360,3.4367792
0.2049180,3.4213383
0.2050000,3.4220178
0.2050820,3.4222603
0.2051640,3.4315733
0.2052460,3.4126363
0.2053280,3.4098340
0.2054100,3.4093236
0.2054920,3.4109470
0.2055740,3.4172234
0.2056560,3.4121386
0.2057380,3.4097449
0.2058200,3.4097396
0.2059020,3.4094725
0.2059840,3.4087284
0.2060660,3.4109909
0.2061480,3.4093256
0.2062300,3.4151748
0.2063120,3.4161016
0.2063940,3.4160352
0.2064760,3.4182828
0.2065580,3.4018852
0.2066400,3.4106332
0.2067220,3.4138205
0.2068040,3.4048518
0.2068860,3.4054776
0.2069680,3.3940516
0.2070500,3.4063581
0.2071320,3.4108215
0.2072140,3.4097510
0.2072960,3.4113963
0.2073780,3.3957563
0.2074600,3.3952690
0.2075420,3.4136525
0.2076240,3.4058079
0.2077060,3.4061698
0.2077880,3.4065831
0.2078700,3.4151904
0.2079520,3.4171368
0.2080340,3.4232401
0.2081160,3.4222215
0.2081980,3.4238048
0.2082800,3.4346117
0.2083620,3.4226309
0.2084440,3.4154149
0.2085260,3.4039578
0.2086080,3.4149209
0.2086900,3.4146948
0.2087720,3.4190080
0.2088540,3.4278353
0.2089360,3.4328313
0.2090180,3.4169632
0.2091000,3.4376589
0.2091820,3.4371840
0.2092640,3.4340702
0.2093460,3.4344758
0.2094280,3.4172512
0.2095100,3.4067238
0.2095920,3.4054614
0.2096740,3.4081633
0.2097560,3.3945273
0.2098380,3.3960623
0.2099200,3.3913832
0.2100020,3.4104903
0.2100840,3.4089226
0.2101660,3.4121044
0.2102480,3.4060337
0.2103300,3.4157049
0.2104120,3.4162075
0.2104940,3.4149407
0.2105760,3.4231889
0.2106580,3.4173265
0.2107400,3.4101472
0.2108220,3.4133664
0.2109040,3.4012543
0.2109860,3.4021027
0.2110680,3.3981704
0.2111500,3.3904449
0.2112320,3.3925414
0.2113140,3.3832690
0.2113960,3.3836588
0.2114780,3.3894028
0.2115600,3.3906678
0.2116420,3.3939549
0.2117240,3.4105779
0.2118060,3.4125178
0.2118880,3.4119292
0.2119700,3.4138477
0.2120520,3.4089726
0.2121340,3.4083394
0.2122160,3.4023348
0.2122980,3.4014022
0.2123800,3.4001275
0.2124620,3.3967391
0.2125440,3.4350650
0.2126260,3.4213307
0.2127080,3.4369354
0.2127900,3.4390214
0.2128720,3.4354862
0.2129540,3.4323879
0.2130360,3.4278130
0.2131180,3.4277338
0.2132000,3.4311174
0.2132820,3.4320197
0.2133640,3.4329908
0.2134460,3.4294647
0.2135280,3.4151276
0.2136100,3.4024519
0.2136920,3.4035557
0.2137740,3.4161215
0.2138560,3.4091455
0.2139380,3.4238258
0.2140200,3.4180433
0.2141020,3.4121774
0.2141840,3.4112889
0.2142660,3.4005037
0.2143480,3.4002372
0.2144300,3.4123537
0.2145120,3.4134103
0.2145940,3.4140243
0.2146760,3.4153105
0.2147580,3.4111552
0.2148400,3.4186508
0.2149220,3.4070532
0.2150040,3.4151062
0.2150860,3.4164404
0.2151680,3.4083735
0.2152500,3.4091773
0.2153320,3.4055826
0.2154140,3.4098638
0.2154960,3.4097608
0.2155780,3.4085937
0.2156600,3.4255673
0.2157420,3.4122036
0.2158240,3.4189836
0.2159060,3.4173526
0.2159880,3.4174368
0.2160700,3.4087346
0.2161520,3.4084268
0.2162340,3.3992290
0.2163160,3.4005721
0.2163980,3.4005741
0.2164800,3.3931908
0.2165620,3.4120877
0.2166440,3.4023505
0.2167260,3.4054829
0.2168080,3.4162328
0.2168900,3.4163076
0.2169720,3.4091261
0.2170540,3.4110640
0.2171360,3.4354007
0.2172180,3.4346582
0.2173000,3.4414991
0.2173820,3.4425309
0.2174640,3.4347833
0.2175460,3.4351955
0.2176280,3.4297737
0.2177100,3.4225318
0.2177920,3.4204093
0.2178740,3.4265496
0.2179560,3.4213224
0.2180380,3.4158020
0.2181200,3.4142890
0.2182020,3.4166374
0.2182840,3.4145888
0.2183660,3.4158910
0.2184480,3.4102640
0.2185300,3.4054847
0.2186120,3.4049449
0.2186940,3.4049871
0.2187760,3.4100436
0.2188580,3.4115910
0.2189400,3.4014994
0.2190220,3.3988287
0.2191040,3.3906638
0.2191860,3.3900343
0.2192680,3.4013948
0.2193500,3.3954192
0.2194320,3.3900172
0.2195140,3.3931802
0.2195960,3.3947364
0.2196780,3.3942537
0.2197600,3.3966621
0.2198420,3.4007751
0.2199240,3.3954942
0.2200060,3.4005250
0.2200880,3.3986291
0.2201700,3.3973263
0.2202520,3.3965726
0.2203340,3.3977360
0.2204160,3.4073128
0.2204980,3.4086806
0.2205800,3.4173812
0.2206620,3.4101475
0.2207440,3.4090641
0.2208260,3.4212562
0.2209080,3.4108786
0.2209900,3.4108872
0.2210720,3.4020891
0.2211540,3.4035349
0.2212360,3.3965687
0.2213180,3.3973715
0.2214000,3.3907698
0.2214820,3.3920470
0.2215640,3.3808643
0.2216460,3.3892239
0.2217280,3.3955034
0.2218100,3.4134725
0.2218920,3.4128452
0.2219740,3.4101721
0.2220560,3.4146574
0.2221380,3.4056093
0.2222200,3.4006558
0.2223020,3.4016052
0.2223840,3.4030777
0.2224660,3.4054849
0.2225480,3.3980540
0.2226300,3.3997898
0.2227120,3.3989713
0.2227940,3.3986804
0.2228760,3.3889907
0.2229580,3.3877140
0.2230400,3.3874045
0.2231220,3.3817311
0.2232040,3.3805678
0.2232860,3.3811955
0.2233680,3.3829129
0.2234500,3.3884114
0.2235320,3.3777712
0.2236140,3.3899043
0.2236960,3.3894209
0.2237780,3.3797339
0.2238600,3.3918150
0.2239420,3.4003730
0.2240240,3.4080666
0.2241060,3.4084874
0.2241880,3.4094900
0.2242700,3.3983089
0.2243520,3.4051501
0.2244340,3.4045854
0.2245160,3.4083767
0.2245980,3.4097047
0.2246800,3.4112970
0.2247620,3.4225056
0.2248440,3.4280545
0.2249260,3.4059833
0.2250080,3.4134495
0.2250900,3.4144457
0.2251720,3.4083008
0.2252540,3.4123260
0.2253360,3.4145118
0.2254180,3.4372315
0.2255000,3.4096782
0.2255820,3.4092430
0.2256640,3.4165031
0.2257460,3.4162179
0.2258280,3.4162243
0.2259100,3.4114713
0.2259920,3.4101824
0.2260740,3.4063017
0.2261560,3.4014938
0.2262380,3.4175621
0.2263200,3.4046527
0.2264020,3.4123260
0.2264840,3.4113205
0.2265660,3.3981597
0.2266480,3.4015446
0.2267300,3.4082055
0.2268120,3.4031547
0.2268940,3.4029018
0.2269760,3.3948373
0.2270580,3.3921521
0.2271400,3.3962397
0.2272220,3.4013638
0.2273040,3.4028433
0.2273860,3.4032940
0.2274680,3.4210849
0.2275500,3.4147691
0.2276320,3.4109556
0.2277140,3.4156580
0.2277960,3.4201566
0.2278780,3.4247581
0.2279600,3.4303935
0.2280420,3.4316059
0.2281240,3.4279495
0.2282060,3.4225651
0.2282880,3.4236153
0.2283700,3.4263608
0.2284520,3.4212674
0.2285340,3.4245229
0.2286160,3.4241481
0.2286980,3.4246905
0.2287800,3.4216015
0.2288620,3.4209548
0.2289440,3.4225327
0.2290260,3.4342359
0.2291080,3.4474082
0.2291900,3.4474271
0.2292720,3.4367174
0.2293540,3.4327132
0.2294360,3.4398786
0.2295180,3.4395820
0.2296000,3.4347140
0.2296820,3.4334045
0.2297640,3.4261067
0.2298460,3.4268199
0.2299280,3.4312725
0.2300100,3.4285301
0.2300920,3.4308248
0.2301740,3.4364637
0.2302560,3.4381423
0.2303380,3.4262952
0.2304200,3.4348887
0.2305020,3.4315446
0.2305840,3.4312094
0.2306660,3.4222569
0.2307480,3.4291434
0.2308300,3.4353587
0.2309120,3.4202189
0.2309940,3.4213665
0.2310760,3.4185948
0.2311580,3.4262995
0.2312400,3.4291780
0.2313220,3.4442230
0.2314040,3.4420973
0.2314860,3.4415693
0.2315680,3.4403402
0.2316500,3.4411854
0.2317320,3.4349900
0.2318140,3.4422073
0.2318960,3.4427227
0.2319780,3.4388541
0.2320600,3.4357594
0.2321420,3.4388557
0.2322240,3.4379230
0.2323060,3.4330463
0.2323880,3.4344043
0.2324700,3.4382744
0.2325520,3.4319648
0.2326340,3.4423725
0.2327160,3.4380267
0.2327980,3.4374492
0.2328800,3.4366886
0.2329620,3.4227676
0.2330440,3.4305345
0.2331260,3.4251172
0.2332080,3.4383033
0.2332900,3.4393139
0.2333720,3.4391732
0.2334540,3.4340848
0.2335360,3.4361789
0.2336180,3.4277490
0.2337000,3.4335562
0.2337820,3.4335496
0.2338640,3.4380138
0.2339460,3.4357069
0.2340280,3.4425541
0.2341100,3.4443421
0.2341920,3.4436362
0.2342740,3.4466037
0.2343560,3.4372084
0.2344380,3.4327855
0.2345200,3.4199707
0.2346020,3.4155406
0.2346840,3.4136068
0.2347660,3.4133923
0.2348480,3.4172018
0.2349300,3.4195441
0.2350120,3.4273658
0.2350940,3.4279583
0.2351760,3.4225462
0.2352580,3.4243440
0.2353400,3.4151068
0.2354220,3.4139842
0.2355040,3.4120117
0.2355860,3.4142656
0.2356680,3.4250783
0.2357500,3.4129664
0.2358320,3.4026865
0.2359140,3.4080556
0.2359960,3.4091790
0.2360780,3.4120526
0.2361600,3.4144210
0.2362420,3.4231284
0.2363240,3.4338984
0.2364060,3.4268707
0.2364880,3.4265888
0.2365700,3.4154905
0.2366520,3.4167082
0.2367340,3.4117048
0.2368160,3.4141293
0.2368980,3.4130716
0.2369800,3.4019842
0.2370620,3.4178224
0.2371440,3.4144725
0.2372260,3.4239340
0.2373080,3.4200658
0.2373900,3.4232008
0.2374720,3.4185715
0.2375540,3.4246836
0.2376360,3.4210880
0.2377180,3.4190878
0.2378000,3.4153391
0.2378820,3.4146672
0.2379640,3.4107812
0.2380460,3.4059977
0.2381280,3.3978045
0.2382100,3.4000301
0.2382920,3.4008402
0.2383740,3.4075748
0.2384560,3.4128026
0.2385380,3.4128657
0.2386200,3.4122159
0.2387020,3.4273693
0.2387840,3.4275690
0.2388660,3.4166671
0.2389480,3.4161992
0.2390300,3.4167739
0.2391120,3.4223426
0.2391940,3.4236233
0.2392760,3.4072519
0.2393580,3.4096606
0.2394400,3.3994897
0.2395220,3.3989170
0.2396040,3.4177537
0.2396860,3.4183998
0.2397680,3.4208382
0.2398500,3.4091298
0.2399320,3.4252657
0.2400140,3.4257755
0.2400960,3.4265560
0.2401780,3.4290885
0.2402600,3.4328193
0.2403420,3.4364174
0.2404240,3.4372620
0.2405060,3.4309774
0.2405880,3.4311432
0.2406700,3.4192321
0.2407520,3.4265041
0.2408340,3.4271201
0.2409160,3.4338689
0.2409980,3.4345563
0.2410800,3.4346872
0.2411620,3.4357893
0.2412440,3.4368163
0.2413260,3.4411378
0.2414080,3.4355959
0.2414900,3.4357014
0.2415720,3.4329758
0.2416540,3.4366779
0.2417360,3.4483132
0.2418180,3.4405217
0.2419000,3.4291880
0.2419820,3.4306163
0.2420640,3.4404427
0.2421460,3.4448758
0.2422280,3.4445665
0.2423100,3.4406717
0.2423920,3.4400429
0.2424740,3.4410261
0.2425560,3.4432724
0.2426380,3.4356701
0.2427200,3.4333800
0.2428020,3.4504042
0.2428840,3.4491326
0.2429660,3.4402367
0.2430480,3.4288127
0.2431300,3.4273502
0.2432120,3.4105622
0.2432940,3.4107886
0.2433760,3.4141135
0.2434580,3.4107403
0.2435400,3.4175571
0.2436220,3.4163566
0.2437040,3.4190644
0.2437860,3.4189128
0.2438680,3.4102815
0.2439500,3.3982567
0.2440320,3.4038752
0.2441140,3.4074513
0.2441960,3.4089929
0.2442780,3.4023748
0.2443600,3.3967841
0.2444420,3.4006962
0.2445240,3.4007149
0.2446060,3.3911666
0.2446880,3.3933530
0.2447700,3.4029210
0.2448520,3.4115609
0.2449340,3.4163856
0.2450160,3.4129219
0.2450980,3.4133676
0.2451800,3.4185533
0.2452620,3.4189777
0.2453440,3.4212712
0.2454260,3.4244206
0.2455080,3.4210100
0.2455900,3.4231911
0.2456720,3.4292330
0.2457540,3.4321723
0.2458360,3.4380674
0.2459180,3.4370415
0.2460000,3.4382409
0.2460820,3.4379258
0.2461640,3.4418130
0.2462460,3.4396312
0.2463280,3.4330889
0.2464100,3.4404091
0.2464920,3.4403652
0.2465740,3.4543974
0.2466560,3.4459503
0.2467380,3.4464778
0.2468200,3.4475966
0.2469020,3.4409826
0.2469840,3.4416581
0.2470660,3.4453401
0.2471480,3.4525507
0.2472300,3.4432765
0.2473120,3.4460083
0.2473940,3.4465211
0.2474760,3.4423865
0.2475580,3.4381227
0.2476400,3.4508964
0.2477220,3.4582939
0.2478040,3.4501074
0.2478860,3.4501467
0.2479680,3.4582287
0.2480500,3.4520428
0.2481320,3.4498296
0.2482140,3.4557099
0.2482960,3.4568434
0.2483780,3.4558610
0.2484600,3.4462734
0.2485420,3.4465516
0.2486240,3.4535895
0.2487060,3.4666480
0.2487880,3.4685001
0.2488700,3.4595735
0.2489520,3.4521692
0.2490340,3.4503882
0.2491160,3.4595820
0.2491980,3.4587573
0.2492800,3.4541803
0.2493620,3.4565730
0.2494440,3.4643498
0.2495260,3.4609353
0.2496080,3.4606883
0.2496900,3.4615484
0.2497720,3.4737728
0.2498540,3.4682477
0.2499360,3.4633948
0.2500180,3.4632469
0.2501000,3.4645094
0.2501820,3.4655105
0.2502640,3.4543790
0.2503460,3.4522359
0.2504280,3.4658132
0.2505100,3.4712541
0.2505920,3.4734609
0.2506740,3.4725932
0.2507560,3.4848394
0.2508380,3.4608683
0.2509200,3.4589767
0.2510020,3.4647960
0.2510840,3.4629588
0.2511660,3.4652910
0.2512480,3.4610888
0.2513300,3.4800453
0.2514120,3.4694606
0.2514940,3.4699208
0.2515760,3.4778487
0.2516580,3.4889584
0.2517400,3.4904415
0.2518220,3.4878016
0.2519040,3.4798229
0.2519860,3.4799980
0.2520680,3.4759723
0.2521500,3.4836341
0.2522320,3.4856247
0.2523140,3.4742012
0.2523960,3.4749966
0.2524780,3.4759325
0.2525600,3.4769382
0.2526420,3.4853974
0.2527240,3.4848023
0.2528060,3.4892942
0.2528880,3.4894169
0.2529700,3.4933892
0.2530520,3.5055177
0.2531340,3.4947581
0.2532160,3.4991589
0.2532980,3.5009689
0.2533800,3.4947123
0.2534620,3.4991406
0.2535440,3.4967125
0.2536260,3.5054516
0.2537080,3.4955998
0.2537900,3.4964010
0.2538720,3.4924116
0.2539540,3.4847016
0.2540360,3.4932242
0.2541180,3.4890089
0.2542000,3.4999742
0.2542820,3.4955171
0.2543640,3.4909201
0.2544460,3.4908618
0.2545280,3.4933257
0.2546100,3.4974618
0.2546920,3.4981196
0.2547740,3.4955724
0.2548560,3.4839042
0.2549380,3.4939581
0.2550200,3.4862219
0.2551020,3.4981838
0.2551840,3.4991462
0.2552660,3.4866150
0.2553480,3.5054132
0.2554300,3.5209136
0.2555120,3.5151130
0.2555940,3.5163213
0.2556760,3.5213783
0.2557580,3.5201463
0.2558400,3.5117551
0.2559220,3.5156247
0.2560040,3.5121326
0.2560860,3.5131846
0.2561680,3.5004952
0.2562500,3.4996439
0.2563320,3.5056746
0.2564140,3.5091185
0.2564960,3.5104753
0.2565780,3.5056151
0.2566600,3.4975062
0.2567420,3.5110891
0.2568240,3.5076852
0.2569060,3.5074578
0.2569880,3.5093496
0.2570700,3.4879045
0.2571520,3.4816506
0.2572340,3.4933861
0.2573160,3.4859669
0.2573980,3.4862022
0.2574800,3.4850068
0.2575620,3.5067063
0.2576440,3.5014106
0.2577260,3.4944403
0.2578080,3.5022053
0.2578900,3.5039406
0.2579720,3.5096920
0.2580540,3.5163080
0.2581360,3.5194520
0.2582180,3.5114387
0.2583000,3.5100173
0.2583820,3.5097681
0.2584640,3.5136832
0.2585460,3.4874197
0.2586280,3.4915156
0.2587100,3.5079017
0.2587920,3.5086136
0.2588740,3.4969603
0.2589560,3.5031891
0.2590380,3.4872474
0.2591200,3.4884550
0.2592020,3.4921015
0.2592840,3.4923643
0.2593660,3.4952335
0.2594480,3.4920829
0.2595300,3.4832636
0.2596120,3.4931351
0.2596940,3.4930483
0.2597760,3.5007809
0.2598580,3.4978272
0.2599400,3.5019967
0.2600220,3.5092291
0.2601040,3.5033474
0.2601860,3.5038142
0.2602680,3.5030922
0.2603500,3.4877935
0.2604320,3.4995671
0.2605140,3.4925212
0.2605960,3.4909154
0.2606780,3.4982407
0.2607600,3.4889762
0.2608420,3.4886742
0.2609240,3.4842205
0.2610060,3.4856650
0.2610880,3.4847207
0.2611700,3.4880739
0.2612520,3.4987390
0.2613340,3.4991096
0.2614160,3.4907609
0.2614980,3.4913124
0.2615800,3.4851129
0.2616620,3.4807402
0.2617440,3.4910087
0.2618260,3.4865457
0.2619080,3.4644309
0.2619900,3.4639634
0.2620720,3.4708903
0.2621540,3.4688610
0.2622360,3.4733008
0.2623180,3.4650783
0.2624000,3.4639419
0.2624820,3.4628865
0.2625640,3.4807211
0.2626460,3.4755016
0.2627280,3.4708698
0.2628100,3.4693734
0.2628920,3.4674554
0.2629740,3.4748441
0.2630560,3.4669973
0.2631380,3.4728133
0.2632200,3.4707591
0.2633020,3.4693522
0.2633840,3.4708733
0.2634660,3.4777942
0.2635480,3.4803836
0.2636300,3.4747846
0.2637120,3.4917792
0.2637940,3.4918461
0.2638760,3.4875436
0.2639580,3.4848457
0.2640400,3.4863587
0.2641220,3.4793781
0.2642040,3.4855072
0.2642860,3.4843793
0.2643680,3.4928397
0.2644500,3.4981617
0.2645320,3.4847142
0.2646140,3.4833035
0.2646960,3.4857143
0.2647780,3.4781836
0.2648600,3.4885724
0.2649420,3.4814142
0.2650240,3.4891321
0.2651060,3.4923778
0.2651880,3.4935492
0.2652700,3.4959583
0.2653520,3.4870922
0.2654340,3.4822941
0.2655160,3.4990275
0.2655980,3.4976275
0.2656800,3.4927022
0.2657620,3.4885873
0.2658440,3.4944300
0.2659260,3.4934087
0.2660080,3.4906796
0.2660900,3.4928676
0.2661720,3.4930594
0.2662540,3.4926294
0.2663360,3.4974776
0.2664180,3.4967274
0.2665000,3.4949151
0.2665820,3.4943176
0.2666640,3.4932898
0.2667460,3.5040624
0.2668280,3.5094116
0.2669100,3.5066777
0.2669920,3.5062958
0.2670740,3.5032951
0.2671560,3.4947813
0.2672380,3.5035197
0.2673200,3.4916602
0.2674020,3.4887259
0.2674840,3.4884138
0.2675660,3.4795303
0.2676480,3.4866531
0.2677300,3.4972269
0.2678120,3.4834592
0.2678940,3.4843133
0.2679760,3.4787660
0.2680580,3.4766532
0.2681400,3.4936458
0.2682220,3.5027911
0.2683040,3.5028183
0.2683860,3.5041576
0.2684680,3.5175201
0.2685500,3.5100604
0.2686320,3.5158572
0.2687140,3.5154677
0.2687960,3.5152768
0.2688780,3.5230196
0.2689600,3.5272558
0.2690420,3.5243685
0.2691240,3.5349289
0.2692060,3.5333156
0.2692880,3.5333894
0.2693700,3.5412456
0.2694520,3.5414076
0.2695340,3.5429439
0.2696160,3.5378173
0.2696980,3.5375844
0.2697800,3.5348962
0.2698620,3.5357350
0.2699440,3.5265224
0.2700260,3.5262691
0.2701080,3.5201309
0.2701900,3.5208645
0.2702720,3.5210670
0.2703540,3.5223532
0.2704360,3.5183304
0.2705180,3.5141014
0.2706000,3.5166210
0.2706820,3.5156802
0.2707640,3.5162221
0.2708460,3.5180972
0.2709280,3.5214620
0.2710100,3.5258906
0.2710920,3.5268110
0.2711740,3.5219609
0.2712560,3.5243825
0.2713380,3.5277107
0.2714200,3.5150996
0.2715020,3.5268291
0.2715840,3.5301540
0.2716660,3.5311924
0.2717480,3.5297272
0.2718300,3.5246354
0.2719120,3.5347600
0.2719940,3.5336235
0.2720760,3.5188135
0.2721580,3.5133249
0.2722400,3.5052476
0.2723220,3.5117208
0.2724040,3.5094876
0.2724860,3.5094420
0.2725680,3.4769938
0.2726500,3.4814444
0.2727320,3.5039077
0.2728140,3.4988945
0.2728960,3.4985307
0.2729780,3.5079601
0.2730600,3.4903944
0.2731420,3.5005438
0.2732240,3.5093165
0.2733060,3.5052024
0.2733880,3.5066731
0.2734700,3.5099532
0.2735520,3.5186438
0.2736340,3.5223409
0.2737160,3.5366224
0.2737980,3.5373636
0.2738800,3.5301501
0.2739620,3.5236758
0.2740440,3.5139429
0.2741260,3.5248558
0.2742080,3.5200618
0.2742900,3.5200800
0.2743720,3.5326380
0.2744540,3.5240945
0.2745360,3.5149535
0.2746180,3.5221813
0.2747000,3.5190053
0.2747820,3.5218233
0.2748640,3.5371747
0.2749460,3.5218612
0.2750280,3.5313794
0.2751100,3.5387490
0.2751920,3.5389301
0.2752740,3.5305884
0.2753560,3.5341999
0.2754380,3.5173537
0.2755200,3.5202444
0.2756020,3.5172478
0.2756840,3.5182614
0.2757660,3.5280052
0.2758480,3.5251327
0.2759300,3.5192268
0.2760120,3.5183882
0.2760940,3.5163134
0.2761760,3.5111852
0.2762580,3.5031232
0.2763400,3.5068396
0.2764220,3.5157440
0.2765040,3.5176464
0.2765860,3.5174516
0.2766680,3.5033933
0.2767500,3.5026989
0.2768320,3.4998217
0.2769140,3.4976107
0.2769960,3.4978473
0.2770780,3.5006036
0.2771600,3.5007103
0.2772420,3.4985285
0.2773240,3.4956140
0.2774060,3.4986307
0.2774880,3.4970724
0.2775700,3.5017500
0.2776520,3.4972241
0.2777340,3.5071241
0.2778160,3.5035641
0.2778980,3.5036201
0.2779800,3.4897471
0.2780620,3.5012968
0.2781440,3.5097661
0.2782260,3.5223060
0.2783080,3.5252331
0.2783900,3.5259191
0.2784720,3.5276692
0.2785540,3.5314609
0.2786360,3.5193876
0.2787180,3.5162913
0.2788000,3.5118498
0.2788820,3.5113697
0.2789640,3.5188840
0.2790460,3.5238541
0.2791280,3.5254007
0.2792100,3.5389230
0.2792920,3.5384878
0.2793740,3.5318579
0.2794560,3.5161274
0.2795380,3.5222050
0.2796200,3.5125747
0.2797020,3.5181875
0.2797840,3.5203352
0.2798660,3.5271682
0.2799480,3.5123875
0.2800300,3.5166305
0.2801120,3.5277225
0.2801940,3.5288397
0.2802760,3.5349316
0.2803580,3.5213876
0.2804400,3.5242882
0.2805220,3.5103413
0.2806040,3.5214498
0.2806860,3.5208802
0.2807680,3.5360046
0.2808500,3.5351144
0.2809320,3.5379468
0.2810140,3.5324034
0.2810960,3.5355770
0.2811780,3.5349564
0.2812600,3.5370836
0.2813420,3.5418155
0.2814240,3.5275831
0.2815060,3.5358471
0.2815880,3.5367376
0.2816700,3.5495650
0.2817520,3.5486215
0.2818340,3.5533141
0.2819160,3.5537939
0.2819980,3.5551355
0.2820800,3.5500291
0.2821620,3.5488030
0.2822440,3.5380633
0.2823260,3.5430146
0.2824080,3.5246800
0.2824900,3.5247714
0.2825720,3.5286622
0.2826540,3.5224108
0.2827360,3.5355269
0.2828180,3.5378711
0.2829000,3.5467277
0.2829820,3.5463555
0.2830640,3.5337824
0.2831460,3.5426152
0.2832280,3.5420875
0.2833100,3.5339148
0.2833920,3.5338464
0.2834740,3.5484699
0.2835560,3.5435647
0.2836380,3.5550347
0.2837200,3.5300079
0.2838020,3.5356267
0.2838840,3.5344459
0.2839660,3.5459088
0.2840480,3.5491556
0.2841300,3.5400702
0.2842120,3.5408643
0.2842940,3.5420162
0.2843760,3.5354811
0.2844580,3.5360504
0.2845400,3.5353220
0.2846220,3.5288802
0.2847040,3.5258484
0.2847860,3.5254557
0.2848680,3.5445834
0.2849500,3.5381244
0.2850320,3.5406690
0.2851140,3.5462274
0.2851960,3.5454292
0.2852780,3.5385218
0.2853600,3.5360002
0.2854420,3.5255407
0.2855240,3.5242356
0.2856060,3.5250090
0.2856880,3.5261702
0.2857700,3.5256365
0.2858520,3.5147899
0.2859340,3.5133676
0.2860160,3.5210417
0.2860980,3.5209848
0.2861800,3.5171596
0.2862620,3.5213109
0.2863440,3.5258105
0.2864260,3.5351796
0.2865080,3.5359444
0.2865900,3.5365961
0.2866720,3.5380839
0.2867540,3.5316294
0.2868360,3.5406480
0.2869180,3.5351985
0.2870000,3.5410026
0.2870820,3.5426686
0.2871640,3.5435761
0.2872460,3.5375049
0.2873280,3.5281878
0.2874100,3.5180419
0.2874920,3.5181421
0.2875740,3.5164314
0.2876560,3.5171798
0.2877380,3.5153450
0.2878200,3.5216492
0.2879020,3.5126660
0.2879840,3.5131398
0.2880660,3.5142064
0.2881480,3.5127768
0.2882300,3.5185300
0.2883120,3.5182017
0.2883940,3.5167394
0.2884760,3.5230365
0.2885580,3.5209455
0.2886400,3.5138580
0.2887220,3.5161448
0.2888040,3.5228785
0.2888860,3.5238839
0.2889680,3.5358047
0.2890500,3.5275137
0.2891320,3.5276811
0.2892140,3.5286334
0.2892960,3.5296282
0.2893780,3.5446377
0.2894600,3.5400385
0.2895420,3.5400524
0.2896240,3.5479847
0.2897060,3.5428939
0.2897880,3.5428673
0.2898700,3.5384600
0.2899520,3.5441246
0.2900340,3.5337097
0.2901160,3.5421412
0.2901980,3.5431406
0.2902800,3.5306302
0.2903620,3.5345014
0.2904440,3.5308670
0.2905260,3.5352745
0.2906080,3.5345533
0.2906900,3.5368011
0.2907720,3.5283444
0.2908540,3.5401402
0.2909360,3.5453356
0.2910180,3.5360370
0.2911000,3.5313293
0.2911820,3.5340683
0.2912640,3.5291622
0.2913460,3.5359202
0.2914280,3.5258766
0.2915100,3.5324824
0.2915920,3.5331153
0.2916740,3.5297900
0.2917560,3.5378869
0.2918380,3.5432750
0.2919200,3.5380351
0.2920020,3.5342496
0.2920840,3.5349137
0.2921660,3.5428954
0.2922480,3.5419116
0.2923300,3.5375970
0.2924120,3.5405242
0.2924940,3.5405160
0.2925760,3.5428944
0.2926580,3.5395025
0.2927400,3.5415987
0.2928220,3.5397255
0.2929040,3.5497623
0.2929860,3.5503261
0.2930680,3.5409600
0.2931500,3.5431401
0.2932320,3.5427168
0.2933140,3.5390591
0.2933960,3.5397314
0.2934780,3.5359790
0.2935600,3.5260873
0.2936420,3.5204284
0.2937240,3.5268412
0.2938060,3.5218508
0.2938880,3.5214032
0.2939700,3.5326016
0.2940520,3.5436771
0.2941340,3.5513133
0.2942160,3.5489597
0.2942980,3.5493557
0.2943800,3.5438564
0.2944620,3.5418514
0.2945440,3.5428093
0.2946260,3.5436343
0.2947080,3.5461348
0.2947900,3.5464660
0.2948720,3.5288132
0.2949540,3.5304918
0.2950360,3.5241285
0.2951180,3.5184044
0.2952000,3.5226610
0.2952820,3.5235821
0.2953640,3.5231335
0.2954460,3.5242608
0.2955280,3.5308053
0.2956100,3.5262731
0.2956920,3.5273894
0.2957740,3.5332015
0.2958560,3.5319351
0.2959380,3.5386707
0.2960200,3.5235383
0.2961020,3.5282347
0.2961840,3.5283393
0.2962660,3.5344578
0.2963480,3.5344694
0.2964300,3.5341701
0.2965120,3.5322732
0.2965940,3.5299318
0.2966760,3.5287793
0.2967580,3.5243775
0.2968400,3.5238456
0.2969220,3.5277264
0.2970040,3.5269310
0.2970860,3.5269817
0.2971680,3.5131462
0.2972500,3.5198219
0.2973320,3.5172081
0.2974140,3.5104928
0.2974960,3.5111928
0.2975780,3.5172136
0.2976600,3.5241165
0.2977420,3.5196053
0.2978240,3.5169109
0.2979060,3.5175772
0.2979880,3.5164451
0.2980700,3.5161645
0.2981520,3.5220717
0.2982340,3.5313152
0.2983160,3.5283103
0.2983980,3.5299345
0.2984800,3.5316139
0.2985620,3.5181306
0.2986440,3.5193788
0.2987260,3.5201472
0.2988080,3.5214833
0.2988900,3.5221146
0.2989720,3.5258805
0.2990540,3.5295981
0.2991360,3.5281320
0.2992180,3.5225192
0.2993000,3.5207989
0.2993820,3.5209555
0.2994640,3.5254824
0.2995460,3.5327555
0.2996280,3.5332296
0.2997100,3.5338404
0.2997920,3.5336883
0.2998740,3.5410083
0.2999560,3.5318553
0.3000380,3.5267790
0.3001200,3.5375708
0.3002020,3.5410980
0.3002840,3.5405887
0.3003660,3.5355679
0.3004480,3.5348176
0.3005300,3.5360340
0.3006120,3.5256214
0.3006940,3.5274142
0.3007760,3.5256540
0.3008580,3.5150615
0.3009400,3.5193190
0.3010220,3.5247063
0.3011040,3.5199039
0.3011860,3.5190249
0.3012680,3.5236019
0.3013500,3.5203349
0.3014320,3.5191246
0.3015140,3.5171601
0.3015960,3.5166983
0.3016780,3.5153966
0.3017600,3.5093373
0.3018420,3.5123064
0.3019240,3.5148402
0.3020060,3.5180319
0.3020880,3.5180604
0.3021700,3.5130520
0.3022520,3.5005632
0.3023340,3.4950555
0.3024160,3.4972466
0.3024980,3.4970490
0.3025800,3.4994929
0.3026620,3.5076733
0.3027440,3.5073659
0.3028260,3.5160883
0.3029080,3.5181706
0.3029900,3.5206928
0.3030720,3.5170428
0.3031540,3.5153420
0.3032360,3.5129369
0.3033180,3.5177974
0.3034000,3.5305633
0.3034820,3.5309697
0.3035640,3.5267177
0.3036460,3.5223223
0.3037280,3.5312765
0.3038100,3.5190558
0.3038920,3.5185452
0.3039740,3.5166831
0.3040560,3.5170832
0.3041380,3.5041076
0.3042200,3.5041492
0.3043020,3.5079874
0.3043840,3.5088972
0.3044660,3.5134450
0.3045480,3.5147851
0.3046300,3.5108414
0.3047120,3.5097086
0.3047940,3.5085049
0.3048760,3.5094184
0.3049580,3.5134039
0.3050400,3.5112163
0.3051220,3.5123695
0.3052040,3.5144510
0.3052860,3.5160746
0.3053680,3.5155023
0.3054500,3.5196542
0.3055320,3.5254018
0.3056140,3.5219493
0.3056960,3.5223095
0.3057780,3.5268762
0.3058600,3.5271794
0.3059420,3.5171024
0.3060240,3.5178336
0.3061060,3.5180582
0.3061880,3.5183024
0.3062700,3.5242274
0.3063520,3.5226007
0.3064340,3.5309898
0.3065160,3.5254599
0.3065980,3.5259415
0.3066800,3.5230800
0.3067620,3.5188034
0.3068440,3.5223471
0.3069260,3.5232898
0.3070080,3.5223268
0.3070900,3.5206510
0.3071720,3.5267678
0.3072540,3.5231640
0.3073360,3.5283646
0.3074180,3.5224463
0.3075000,3.5115937
0.3075820,3.5099060
0.3076640,3.5109824
0.3077460,3.5109905
0.3078280,3.5104937
0.3079100,3.5141022
0.3079920,3.5144232
0.3080740,3.5105266
0.3081560,3.5075774
0.3082380,3.5217025
0.3083200,3.5224194
0.3084020,3.5224321
0.3084840,3.5243221
0.3085660,3.5295547
0.3086480,3.5266080
0.3087300,3.5243364
0.3088120,3.5268141
0.3088940,3.5282224
0.3089760,3.5343156
0.3090580,3.5314890
0.3091400,3.5336816
0.3092220,3.5377297
0.3093040,3.5401918
0.3093860,3.5417607
0.3094680,3.5449265
0.3095500,3.5454104
0.3096320,3.5461261
0.3097140,3.5444772
0.3097960,3.5461775
0.3098780,3.5415250
0.3099600,3.5429237
0.3100420,3.5384268
0.3101240,3.5382168
0.3102060,3.5340176
0.3102880,3.5356066
0.3103700,3.5333463
0.3104520,3.5297136
0.3105340,3.5290319
0.3106160,3.5294115
0.3106980,3.5305609
0.3107800,3.5325755
0.3108620,3.5409403
0.3109440,3.5405818
0.3110260,3.5455888
0.3111080,3.5512782
0.3111900,3.5543367
0.3112720,3.5477576
0.3113540,3.5402193
0.3114360,3.5435488
0.3115180,3.5466178
0.3116000,3.5506020
0.3116820,3.5518365
0.3117640,3.5360066
0.3118460,3.5391806
0.3119280,3.5419042
0.3120100,3.5425084
0.3120920,3.5417693
0.3121740,3.5411949
0.3122560,3.5337609
0.3123380,3.5343094
0.3124200,3.5391150
0.3125020,3.5374200
0.3125840,3.5381646
0.3126660,3.5473239
0.3127480,3.5298312
0.3128300,3.5295485
0.3129120,3.5192770
0.3129940,3.5195040
0.3130760,3.5297809
0.3131580,3.5300856
0.3132400,3.5308964
0.3133220,3.5331672
0.3134040,3.5346503
0.3134860,3.5331772
0.3135680,3.5344667
0.3136500,3.5364338
0.3137320,3.5345433
0.3138140,3.5375216
0.3138960,3.5392787
0.3139780,3.5502296
0.3140600,3.5473258
0.3141420,3.5508692
0.3142240,3.5512723
0.3143060,3.5490806
0.3143880,3.5501404
0.3144700,3.5371736
0.3145520,3.5485303
0.3146340,3.5437808
0.3147160,3.5470501
0.3147980,3.5480738
0.3148800,3.5536840
0.3149620,3.5514923
0.3150440,3.5509064
0.3151260,3.5479788
0.3152080,3.5393803
0.3152900,3.5402069
0.3153720,3.5409526
0.3154540,3.5417247
0.3155360,3.5333604
0.3156180,3.5421774
0.3157000,3.5365926
0.3157820,3.5355265
0.3158640,3.5407743
0.3159460,3.5454242
0.3160280,3.5418943
0.3161100,3.5479799
0.3161920,3.5479162
0.3162740,3.5429095
0.3163560,3.5459490
0.3164380,3.5408086
0.3165200,3.5414769
0.3166020,3.5346702
0.3166840,3.5349031
0.3167660,3.5354215
0.3168480,3.5277623
0.3169300,3.5216989
0.3170120,3.5275107
0.3170940,3.5283352
0.3171760,3.5276929
0.3172580,3.5252590
0.3173400,3.5231305
0.3174220,3.5226669
0.3175040,3.5263443
0.3175860,3.5256986
0.3176680,3.5310530
0.3177500,3.5305166
0.3178320,3.5249322
0.3179140,3.5263793
0.3179960,3.5270519
0.3180780,3.5262644
0.3181600,3.5255150
0.3182420,3.5265496
0.3183240,3.5416497
0.3184060,3.5337048
0.3184880,3.5348726
0.3185700,3.5406152
0.3186520,3.5406286
0.3187340,3.5336499
0.3188160,3.5302906
0.3188980,3.5300972
0.3189800,3.5353081
0.3190620,3.5328514
0.3191440,3.5338255
0.3192260,3.5237747
0.3193080,3.5279849
0.3193900,3.5285722
0.3194720,3.5305706
0.3195540,3.5318528
0.3196360,3.5303786
0.3197180,3.5236974
0.3198000,3.5279443
0.3198820,3.5283137
0.3199640,3.5322746
0.3200460,3.5266827
0.3201280,3.5238171
0.3202100,3.5136368
0.3202920,3.5139947
0.3203740,3.5180889
0.3204560,3.5137027
0.3205380,3.5122659
0.3206200,3.5190196
0.3207020,3.5185229
0.3207840,3.5190497
0.3208660,3.5088533
0.3209480,3.5247679
0.3210300,3.5248633
0.3211120,3.5237381
0.3211940,3.5241698
0.3212760,3.5208937
0.3213580,3.5329184
0.3214400,3.5355103
0.3215220,3.5253467
0.3216040,3.5327919
0.3216860,3.5324373
0.3217680,3.5260330
0.3218500,3.5238739
0.3219320,3.5062444
0.3220140,3.5085443
0.3220960,3.5099350
0.3221780,3.5187363
0.3222600,3.5181951
0.3223420,3.5194582
0.3224240,3.5236450
0.3225060,3.5229086
0.3225880,3.5223233
0.3226700,3.5133417
0.3227520,3.5189324
0.3228340,3.5361813
0.3229160,3.5353906
0.3229980,3.5349878
0.3230800,3.5308854
0.3231620,3.5216624
0.3232440,3.5102094
0.3233260,3.5227238
0.3234080,3.5070603
0.3234900,3.5068420
0.3235720,3.5104763
0.3236540,3.5123252
0.3237360,3.5252701
0.3238180,3.5288121
0.3239000,3.5267270
0.3239820,3.5276934
0.3240640,3.5182222
0.3241460,3.5185708
0.3242280,3.5235985
0.3243100,3.5191679
0.3243920,3.5190322
0.3244740,3.5149878
0.3245560,3.5216028
0.3246380,3.5269704
0.3247200,3.5162354
0.3248020,3.5199261
0.3248840,3.5203778
0.3249660,3.5203733
0.3250480,3.5249396
0.3251300,3.5142151
0.3252120,3.5130157
0.3252940,3.5132811
0.3253760,3.5166300
0.3254580,3.5142570
0.3255400,3.5172076
0.3256220,3.5209954
0.3257040,3.5272636
0.3257860,3.5286664
0.3258680,3.5262906
0.3259500,3.5254915
0.3260320,3.5218903
0.3261140,3.5185753
0.3261960,3.5213561
0.3262780,3.5332912
0.3263600,3.5273903
0.3264420,3.5321008
0.3265240,3.5260159
0.3266060,3.5249459
0.3266880,3.5257244
0.3267700,3.5275129
0.3268520,3.5163967
0.3269340,3.5190660
0.3270160,3.5218294
0.3270980,3.5213043
0.3271800,3.5244652
0.3272620,3.5074591
0.3273440,3.5077841
0.3274260,3.5079585
0.3275080,3.5089179
0.3275900,3.5095791
0.3276720,3.5140754
0.3277540,3.5253577
0.3278360,3.5079520
0.3279180,3.5203491
0.3280000,3.5111380
0.3280820,3.5117014
0.3281640,3.5255856
0.3282460,3.5102492
0.3283280,3.5202489
0.3284100,3.5156795
0.3284920,3.5165963
0.3285740,3.5190699
0.3286560,3.5181995
0.3287380,3.5204909
0.3288200,3.5130468
0.3289020,3.5160010
0.3289840,3.5138057
0.3290660,3.5239405
0.3291480,3.5172513
0.3292300,3.5168693
0.3293120,3.5206757
0.3293940,3.5211367
0.3294760,3.5248798
0.3295580,3.5187969
0.3296400,3.5142940
0.3297220,3.5290074
0.3298040,3.5127576
0.3298860,3.5114754
0.3299680,3.5212361
0.3300500,3.5304810
0.3301320,3.5237024
0.3302140,3.5249386
0.3302960,3.5262646
0.3303780,3.5269974
0.3304600,3.5378225
0.3305420,3.5292660
0.3306240,3.5314060
0.3307060,3.5231651
0.3307880,3.5222616
0.3308700,3.5239173
0.3309520,3.5220625
0.3310340,3.5270834
0.3311160,3.5322570
0.3311980,3.5318705
0.3312800,3.5295180
0.3313620,3.5315213
0.3314440,3.5295252
0.3315260,3.5214659
0.3316080,3.5242478
0.3316900,3.5242412
0.3317720,3.5250760
0.3318540,3.5372235
0.3319360,3.5385705
0.3320180,3.5310790
0.3321000,3.5314687
0.3321820,3.5296669
0.3322640,3.5291687
0.3323460,3.5205026
0.3324280,3.5222884
0.3325100,3.5230432
0.3325920,3.5229230
0.3326740,3.5188769
0.3327560,3.5161722
0.3328380,3.5181543
0.3329200,3.5187729
0.3330020,3.5290791
0.3330840,3.5293700
0.3331660,3.5269815
0.3332480,3.5366029
0.3333300,3.5313214
0.3334120,3.5287348
0.3334940,3.5287475
0.3335760,3.5304991
0.3336580,3.5297431
0.3337400,3.5314396
0.3338220,3.5250043
0.3339040,3.5254518
0.3339860,3.5237590
0.3340680,3.5155867
0.3341500,3.5164033
0.3342320,3.5216653
0.3343140,3.5263042
0.3343960,3.5265986
0.3344780,3.5331301
0.3345600,3.5402326
0.3346420,3.5398830
0.3347240,3.5390685
0.3348060,3.5403915
0.3348880,3.5398956
0.3349700,3.5513931
0.3350520,3.5455451
0.3351340,3.5351382
0.3352160,3.5316635
0.3352980,3.5318923
0.3353800,3.5322030
0.3354620,3.5281280
0.3355440,3.5331725
0.3356260,3.5405560
0.3357080,3.5414735
0.3357900,3.5429563
0.3358720,3.5501139
0.3359540,3.5574681
0.3360360,3.5500224
0.3361180,3.5539027
0.3362000,3.5569981
0.3362820,3.5557503
0.3363640,3.5517827
0.3364460,3.5540652
0.3365280,3.5470411
0.3366100,3.5294861
0.3366920,3.5273009
0.3367740,3.5292558
0.3368560,3.5292574
0.3369380,3.5307399
0.3370200,3.5292406
0.3371020,3.5224413
0.3371840,3.5223837
0.3372660,3.5342599
0.3373480,3.5314934
0.3374300,3.5333558
0.3375120,3.5364380
0.3375940,3.5378204
0.3376760,3.5310715
0.3377580,3.5345687
0.3378400,3.5447711
0.3379220,3.5449160
0.3380040,3.5479901
0.3380860,3.5470119
0.3381680,3.5482057
0.3382500,3.5527119
0.3383320,3.5478895
0.3384140,3.5394827
0.3384960,3.5403587
0.3385780,3.5483157
0.3386600,3.5395662
0.3387420,3.5391983
0.3388240,3.5435958
0.3389060,3.5485712
0.3389880,3.5519118
0.3390700,3.5510920
0.3391520,3.5573012
0.3392340,3.5585901
0.3393160,3.5449061
0.3393980,3.5473491
0.3394800,3.5607083
0.3395620,3.5688135
0.3396440,3.5644850
0.3397260,3.5626031
0.3398080,3.5624252
0.3398900,3.5623437
0.3399720,3.5657630
0.3400540,3.5710644
0.3401360,3.5860307
0.3402180,3.5909600
0.3403000,3.5809142
0.3403820,3.5799314
0.3404640,3.5832117
0.3405460,3.5845981
0.3406280,3.5938264
0.3407100,3.5913275
0.3407920,3.5920127
0.3408740,3.5808851
0.3409560,3.5795410
0.3410380,3.5766677
0.3411200,3.5781616
0.3412020,3.5875398
0.3412840,3.5869221
0.3413660,3.5917828
0.3414480,3.5858277
0.3415300,3.5739712
0.3416120,3.5922329
0.3416940,3.5910820
0.3417760,3.5979993
0.3418580,3.5882507
0.3419400,3.5951907
0.3420220,3.5961159
0.3421040,3.5772708
0.3421860,3.5766313
0.3422680,3.5765356
0.3423500,3.5776374
0.3424320,3.5835776
0.3425140,3.5763880
0.3425960,3.5770194
0.3426780,3.5780837
0.3427600,3.5810752
0.3428420,3.5778554
0.3429240,3.5808489
0.3430060,3.5823575
0.3430880,3.5827608
0.3431700,3.5757158
0.3432520,3.5856024
0.3433340,3.5804032
0.3434160,3.5792259
0.3434980,3.5786170
0.3435800,3.5771104
0.3436620,3.5842358
0.3437440,3.5803641
0.3438260,3.5753736
0.3439080,3.5723438
0.3439900,3.5720706
0.3440720,3.5775114
0.3441540,3.5749089
0.3442360,3.5784683
0.3443180,3.5697640
0.3444000,3.5798509
0.3444820,3.5799001
0.3445640,3.5765803
0.3446460,3.5756124
0.3447280,3.5734723
0.3448100,3.5719230
0.3448920,3.5692618
0.3449740,3.5629101
0.3450560,3.5715788
0.3451380,3.5683982
0.3452200,3.5748153
0.3453020,3.5717309
0.3453840,3.5746974
0.3454660,3.5762355
0.3455480,3.5778557
0.3456300,3.5700408
0.3457120,3.5708510
0.3457940,3.5708781
0.3458760,3.5640056
0.3459580,3.5643267
0.3460400,3.5749190
0.3461220,3.5729868
0.3462040,3.5730806
0.3462860,3.5722936
0.3463680,3.5679702
0.3464500,3.5686852
0.3465320,3.5531937
0.3466140,3.5544179
0.3466960,3.5532558
0.3467780,3.5584488
0.3468600,3.5658362
0.3469420,3.5675133
0.3470240,3.5609123
0.3471060,3.5554661
0.3471880,3.5571173
0.3472700,3.5488010
0.3473520,3.5445247
0.3474340,3.5516046
0.3475160,3.5596817
0.3475980,3.5600586
0.3476800,3.5638830
0.3477620,3.5646442
0.3478440,3.5659228
0.3479260,3.5658976
0.3480080,3.5653168
0.3480900,3.5666752
0.3481720,3.5841882
0.3482540,3.5865808
0.3483360,3.5799766
0.3484180,3.5834908
0.3485000,3.5808536
0.3485820,3.5811051
0.3486640,3.5745941
0.3487460,3.5630399
0.3488280,3.5598958
0.3489100,3.5512226
0.3489920,3.5504194
0.3490740,3.5499623
0.3491560,3.5477026
0.3492380,3.5381665
0.3493200,3.5365018
0.3494020,3.5359722
0.3494840,3.5350310
0.3495660,3.5413268
0.3496480,3.5314827
0.3497300,3.5315808
0.3498120,3.5354567
0.3498940,3.5345473
0.3499760,3.5391796
0.3500580,3.5387866
0.3501400,3.5407796
0.3502220,3.5397745
0.3503040,3.5343570
0.3503860,3.5364675
0.3504680,3.5298556
0.3505500,3.5197879
0.3506320,3.5165299
0.3507140,3.5245092
0.3507960,3.5228637
0.3508780,3.5275875
0.3509600,3.5196468
0.3510420,3.5277934
0.3511240,3.5284036
0.3512060,3.5359499
0.3512880,3.5372237
0.3513700,3.5246599
0.3514520,3.5313153
0.3515340,3.5345997
0.3516160,3.5306345
0.3516980,3.5304232
0.3517800,3.5211473
0.3518620,3.5268745
0.3519440,3.5291442
0.3520260,3.5305682
0.3521080,3.5323108
0.3521900,3.5354032
0.3522720,3.5314642
0.3523540,3.5390341
0.3524360,3.5425647
0.3525180,3.5341490
0.3526000,3.5313931
0.3526820,3.5322719
0.3527640,3.5327472
0.3528460,3.5344666
0.3529280,3.5336949
0.3530100,3.5230947
0.3530920,3.5220597
0.3531740,3.5243748
0.3532560,3.5283388
0.3533380,3.5264427
0.3534200,3.5193582
0.3535020,3.5205938
0.3535840,3.5209479
0.3536660,3.5231374
0.3537480,3.5375642
0.3538300,3.5294087
0.3539120,3.5350898
0.3539940,3.5320464
0.3540760,3.5335579
0.3541580,3.5406769
0.3542400,3.5338797
0.3543220,3.5432774
0.3544040,3.5419279
0.3544860,3.5424212
0.3545680,3.5345753
0.3546500,3.5330970
0.3547320,3.5305042
0.3548140,3.5286218
0.3548960,3.5298208
0.3549780,3.5293283
0.3550600,3.5174357
0.3551420,3.5182308
0.3552240,3.5191116
0.3553060,3.5068815
0.3553880,3.5083613
0.3554700,3.5193598
0.3555520,3.5219961
0.3556340,3.5170888
0.3557160,3.5201881
0.3557980,3.5200326
0.3558800,3.5204172
0.3559620,3.5211730
0.3560440,3.5085955
0.3561260,3.5211500
0.3562080,3.5137899
0.3562900,3.5120403
0.3563720,3.5111991
0.3564540,3.5171804
0.3565360,3.5123164
0.3566180,3.5033354
0.3567000,3.5037903
0.3567820,3.5028551
0.3568640,3.5106969
0.3569460,3.5182576
0.3570280,3.5174604
0.3571100,3.5169868
0.3571920,3.5186912
0.3572740,3.5237593
0.3573560,3.5250769
0.3574380,3.5167658
0.3575200,3.5213306
0.3576020,3.5226134
0.3576840,3.5213947
0.3577660,3.5235297
0.3578480,3.5237584
0.3579300,3.5241408
0.3580120,3.5121608
0.3580940,3.5111080
0.3581760,3.5132411
0.3582580,3.5102108
0.3583400,3.5267358
0.3584220,3.5268189
0.3585040,3.5224688
0.3585860,3.5218316
0.3586680,3.5252926
0.3587500,3.5238626
0.3588320,3.5192364
0.3589140,3.5163468
0.3589960,3.5173549
0.3590780,3.5084070
0.3591600,3.5048695
0.3592420,3.5189550
0.3593240,3.5218894
0.3594060,3.5120261
0.3594880,3.5116937
0.3595700,3.5139715
0.3596520,3.5148768
0.3597340,3.5194284
0.3598160,3.5231592
0.3598980,3.5229417
0.3599800,3.5107169
0.3600620,3.5069582
0.3601440,3.5127027
0.3602260,3.5250112
0.3603080,3.5217771
0.3603900,3.5188236
0.3604720,3.5099651
0.3605540,3.5083868
0.3606360,3.5061758
0.3607180,3.5071887
0.3608000,3.5052008
0.3608820,3.5028170
0.3609640,3.4977277
0.3610460,3.4945931
0.3611280,3.4810115
0.3612100,3.4835120
0.3612920,3.4830106
0.3613740,3.4947193
0.3614560,3.5034752
0.3615380,3.4974352
0.3616200,3.4935272
0.3617020,3.4933539
0.3617840,3.4938929
0.3618660,3.5003538
0.3619480,3.5046226
0.3620300,3.5070450
0.3621120,3.5210714
0.3621940,3.5230355
0.3622760,3.5103990
0.3623580,3.5011669
0.3624400,3.5013308
0.3625220,3.4966135
0.3626040,3.4947981
0.3626860,3.4936508
0.3627680,3.4984454
0.3628500,3.5078777
0.3629320,3.5121773
0.3630140,3.5061661
0.3630960,3.5072797
0.3631780,3.5064443
0.3632600,3.4939870
0.3633420,3.5000415
0.3634240,3.5005324
0.3635060,3.5008476
0.3635880,3.5019523
0.3636700,3.5015984
0.3637520,3.4960385
0.3638340,3.4973721
0.3639160,3.4972341
0.3639980,3.4963007
0.3640800,3.5038798
0.3641620,3.5047305
0.3642440,3.4988226
0.3643260,3.4969074
0.3644080,3.4895461
0.3644900,3.4904443
0.3645720,3.4928875
0.3646540,3.4936314
0.3647360,3.4985270
0.3648180,3.4954564
0.3649000,3.4961906
0.3649820,3.4974595
0.3650640,3.5050563
0.3651460,3.5117305
0.3652280,3.5180456
0.3653100,3.5189168
0.3653920,3.5201531
0.3654740,3.5122274
0.3655560,3.5056891
0.3656380,3.5120844
0.3657200,3.5114018
0.3658020,3.5125259
0.3658840,3.5130485
0.3659660,3.5124912
0.3660480,3.5087105
0.3661300,3.5087391
0.3662120,3.5162737
0.3662940,3.5168302
0.3663760,3.5128680
0.3664580,3.5123485
0.3665400,3.5117786
0.3666220,3.5120274
0.3667040,3.5115191
0.3667860,3.5129651
0.3668680,3.5048836
0.3669500,3.5048767
0.3670320,3.5039120
0.3671140,3.5086741
0.3671960,3.5095028
0.3672780,3.5048404
0.3673600,3.5012710
0.3674420,3.5043888
0.3675240,3.5021246
0.3676060,3.5141108
0.3676880,3.5160050
0.3677700,3.5168064
0.3678520,3.5162759
0.3679340,3.5188955
0.3680160,3.5188106
0.3680980,3.5185291
0.3681800,3.5209182
0.3682620,3.5107542
0.3683440,3.5112027
0.3684260,3.5112845
0.3685080,3.5153046
0.3685900,3.5150428
0.3686720,3.5116940
0.3687540,3.5137024
0.3688360,3.5104762
0.3689180,3.5102376
0.3690000,3.5086893
0.3690820,3.5104961
0.3691640,3.5177949
0.3692460,3.5206659
0.3693280,3.5190553
0.3694100,3.5188209
0.3694920,3.5197256
0.3695740,3.5187704
0.3696560,3.5250164
0.3697380,3.5274918
0.3698200,3.5152102
0.3699020,3.5164412
0.3699840,3.5168662
0.3700660,3.5085743
0.3701480,3.5198313
0.3702300,3.5131695
0.3703120,3.5118590
0.3703940,3.5123225
0.3704760,3.5071222
0.3705580,3.5131066
0.3706400,3.5199041
0.3707220,3.5225778
0.3708040,3.5171842
0.3708860,3.5164915
0.3709680,3.5131755
0.3710500,3.5111768
0.3711320,3.5087359
0.3712140,3.5139194
0.3712960,3.5138491
0.3713780,3.5220687
0.3714600,3.5235818
0.3715420,3.5251179
0.3716240,3.5274909
0.3717060,3.5094443
0.3717880,3.5088639
0.3718700,3.5139740
0.3719520,3.5165863
0.3720340,3.5209990
0.3721160,3.5160009
0.3721980,3.5151279
0.3722800,3.5196768
0.3723620,3.5084399
0.3724440,3.5179421
0.3725260,3.5168757
0.3726080,3.5166891
0.3726900,3.5181340
0.3727720,3.5130232
0.3728540,3.5065795
0.3729360,3.5032929
0.3730180,3.5030673
0.3731000,3.5049290
0.3731820,3.5029403
0.3732640,3.5125597
0.3733460,3.5178749
0.3734280,3.5197254
0.3735100,3.5216120
0.3735920,3.5232630
0.3736740,3.5116102
0.3737560,3.5222344
0.3738380,3.5258927
0.3739200,3.5357243
0.3740020,3.5261654
0.3740840,3.5260391
0.3741660,3.5210664
0.3742480,3.5326250
0.3743300,3.5282902
0.3744120,3.5170242
0.3744940,3.5155235
0.3745760,3.5135218
0.3746580,3.5025578
0.3747400,3.5183695
0.3748220,3.5183346
0.3749040,3.5088939
0.3749860,3.5064192
0.3750680,3.5146878
0.3751500,3.5125759
0.3752320,3.5018716
0.3753140,3.4980522
0.3753960,3.4982690
0.3754780,3.4951269
0.3755600,3.4943485
0.3756420,3.4976221
0.3757240,3.5029098
0.3758060,3.4971390
0.3758880,3.4979864
0.3759700,3.5006917
0.3760520,3.5153713
0.3761340,3.5225404
0.3762160,3.5177681
0.3762980,3.5183057
0.3763800,3.5133454
0.3764620,3.5080137
0.3765440,3.5051183
0.3766260,3.4963273
0.3767080,3.4890049
0.3767900,3.4882805
0.3768720,3.4963740
0.3769540,3.5042071
0.3770360,3.5062906
0.3771180,3.5072109
0.3772000,3.5027114
0.3772820,3.5031857
0.3773640,3.5108108
0.3774460,3.5091823
0.3775280,3.5059154
0.3776100,3.5135182
0.3776920,3.5125071
0.3777740,3.5106598
0.3778560,3.5170186
0.3779380,3.5244535
0.3780200,3.5240264
0.3781020,3.5062043
0.3781840,3.5069026
0.3782660,3.5148317
0.3783480,3.5091131
0.3784300,3.5141561
0.3785120,3.5164163
0.3785940,3.5177531
0.3786760,3.5074524
0.3787580,3.5098903
0.3788400,3.5169836
0.3789220,3.5206685
0.3790040,3.5216777
0.3790860,3.5236019
0.3791680,3.5163708
0.3792500,3.4949133
0.3793320,3.5182209
0.3794140,3.5247854
0.3794960,3.5259512
0.3795780,3.5301580
0.3796600,3.5223138
0.3797420,3.5164551
0.3798240,3.5293558
0.3799060,3.5240594
0.3799880,3.5229426
0.3800700,3.5224002
0.3801520,3.5163614
0.3802340,3.5105627
0.3803160,3.5253242
0.3803980,3.5269716
0.3804800,3.5207414
0.3805620,3.5166782
0.3806440,3.5243274
0.3807260,3.5311352
0.3808080,3.5341680
0.3808900,3.5330061
0.3809720,3.5367870
0.3810540,3.5275027
0.3811360,3.5250087
0.3812180,3.5278120
0.3813000,3.5188820
0.3813820,3.5198057
0.3814640,3.5279243
0.3815460,3.5237614
0.3816280,3.5198954
0.3817100,3.5132255
0.3817920,3.5123966
0.3818740,3.5138605
0.3819560,3.5092929
0.3820380,3.5057858
0.3821200,3.5095365
0.3822020,3.4977199
0.3822840,3.4971911
0.3823660,3.5049208
0.3824480,3.5013831
0.3825300,3.5095677
0.3826120,3.5099487
0.3826940,3.5087548
0.3827760,3.5017485
0.3828580,3.4942897
0.3829400,3.4925539
0.3830220,3.4853113
0.3831040,3.5053589
0.3831860,3.5084585
0.3832680,3.5113206
0.3833500,3.5161986
0.3834320,3.5175926
0.3835140,3.5199937
0.3835960,3.5207230
0.3836780,3.5223522
0.3837600,3.5219835
0.3838420,3.5158308
0.3839240,3.5185452
0.3840060,3.5244126
0.3840880,3.5271167
0.3841700,3.5366193
0.3842520,3.5506164
0.3843340,3.5465174
0.3844160,3.5485944
0.3844980,3.5490911
0.3845800,3.5380293
0.3846620,3.5523033
0.3847440,3.5393933
0.3848260,3.5308721
0.3849080,3.5230680
0.3849900,3.5212761
0.3850720,3.5264243
0.3851540,3.5250411
0.3852360,3.5292019
0.3853180,3.5167056
0.3854000,3.5243887
0.3854820,3.5249897
0.3855640,3.5270616
0.3856460,3.5222489
0.3857280,3.5251510
0.3858100,3.5253632
0.3858920,3.5248059
0.3859740,3.5180264
0.3860560,3.5229058
0.3861380,3.5208504
0.3862200,3.5068155
0.3863020,3.5096190
0.3863840,3.5102915
0.3864660,3.5186097
0.3865480,3.5167316
0.3866300,3.5134142
0.3867120,3.5188424
0.3867940,3.5186302
0.3868760,3.5261796
0.3869580,3.5235772
0.3870400,3.5262799
0.3871220,3.5414187
0.3872040,3.5469464
0.3872860,3.5454973
0.3873680,3.5393501
0.3874500,3.5237337
0.3875320,3.5222077
0.3876140,3.5113253
0.3876960,3.5117082
0.3877780,3.5026730
0.3878600,3.5022156
0.3879420,3.5194674
0.3880240,3.5134095
0.3881060,3.5071918
0.3881880,3.5060546
0.3882700,3.5059432
0.3883520,3.5083597
0.3884340,3.5000991
0.3885160,3.5011844
0.3885980,3.4984810
0.3886800,3.4932295
0.3887620,3.4874836
0.3888440,3.5014647
0.3889260,3.4950363
0.3890080,3.4879729
0.3890900,3.4851102
0.3891720,3.4899379
0.3892540,3.4873956
0.3893360,3.4978123
0.3894180,3.4997474
0.3895000,3.4998951
0.3895820,3.4984673
0.3896640,3.4831246
0.3897460,3.4890594
0.3898280,3.4827193
0.3899100,3.4895255
0.3899920,3.4887792
0.3900740,3.4975509
0.3901560,3.4909842
0.3902380,3.4940883
0.3903200,3.4983455
0.3904020,3.4968713
0.3904840,3.4962410
0.3905660,3.4908541
0.3906480,3.4955295
0.3907300,3.4867639
0.3908120,3.4876776
0.3908940,3.4848318
0.3909760,3.4839935
0.3910580,3.4818278
0.3911400,3.4942035
0.3912220,3.4904191
0.3913040,3.4914420
0.3913860,3.4912432
0.3914680,3.4922179
0.3915500,3.5003701
0.3916320,3.4999916
0.3917140,3.5040779
0.3917960,3.5044730
0.3918780,3.5200779
0.3919600,3.5205677
0.3920420,3.5182708
0.3921240,3.5187576
0.3922060,3.5192274
0.3922880,3.5197506
0.3923700,3.5115611
0.3924520,3.5036615
0.3925340,3.5035588
0.3926160,3.5028712
0.3926980,3.5047580
0.3927800,3.5049840
0.3928620,3.5048250
0.3929440,3.4958849
0.3930260,3.5073423
0.3931080,3.5015338
0.3931900,3.5025129
0.3932720,3.4959577
0.3933540,3.4908658
0.3934360,3.4924822
0.3935180,3.5094298
0.3936000,3.5058629
0.3936820,3.5066802
0.3937640,3.5057768
0.3938460,3.5115858
0.3939280,3.5009449
0.3940100,3.5036081
0.3940920,3.5047290
0.3941740,3.4998638
0.3942560,3.5084292
0.3943380,3.5074640
0.3944200,3.5091570
0.3945020,3.5120811
0.3945840,3.5111271
0.3946660,3.5136124
0.3947480,3.5097330
0.3948300,3.5079046
0.3949120,3.5067587
0.3949940,3.5050463
0.3950760,3.5065090
0.3951580,3.5023341
0.3952400,3.5036627
0.3953220,3.5109730
0.3954040,3.5044803
0.3954860,3.5059741
0.3955680,3.5000701
0.3956500,3.5032552
0.3957320,3.5012849
0.3958140,3.4951754
0.3958960,3.4957275
0.3959780,3.5084255
0.3960600,3.5127772
0.3961420,3.5027320
0.3962240,3.4975877
0.3963060,3.5043962
0.3963880,3.5040827
0.3964700,3.4924080
0.3965520,3.4997773
0.3966340,3.4924804
0.3967160,3.4980573
0.3967980,3.4973909
0.3968800,3.5030853
0.3969620,3.4990739
0.3970440,3.5001902
0.3971260,3.5022058
0.3972080,3.5022013
0.3972900,3.5022493
0.3973720,3.5073336
0.3974540,3.5114137
0.3975360,3.5143097
0.3976180,3.5118238
0.3977000,3.5061114
0.3977820,3.5083245
0.3978640,3.5255996
0.3979460,3.5233359
0.3980280,3.5259765
0.3981100,3.5248179
0.3981920,3.5245662
0.3982740,3.5235506
0.3983560,3.5302869
0.3984380,3.5343262
0.3985200,3.5248840
0.3986020,3.5257301
0.3986840,3.5257483
0.3987660,3.5259038
0.3988480,3.5157399
0.3989300,3.5089321
0.3990120,3.5126680
0.3990940,3.5135364
0.3991760,3.5218230
0.3992580,3.5224582
0.3993400,3.5176221
0.3994220,3.5184687
0.3995040,3.5116391
0.3995860,3.5088545
0.3996680,3.5010507
0.3997500,3.5038719
0.3998320,3.5061322
0.3999140,3.5073189
0.3999960,3.5089624
0.4000780,3.5030684
0.4001600,3.5064483
0.4002420,3.5004731
0.4003240,3.5174613
0.4004060,3.5184341
0.4004880,3.5185090
0.4005700,3.5172986
0.4006520,3.5131046
0.4007340,3.5087866
0.4008160,3.5033790
0.4008980,3.5021927
0.4009800,3.5046963
0.4010620,3.5037667
0.4011440,3.5098155
0.4012260,3.5054400
0.4013080,3.5082157
0.4013900,3.5073798
0.4014720,3.5077605
0.4015540,3.5071294
0.4016360,3.5055621
0.4017180,3.5169726
0.4018000,3.5061819
0.4018820,3.5054606
0.4019640,3.5125991
0.4020460,3.5206514
0.4021280,3.5197086
0.4022100,3.5217906
0.4022920,3.5220820
0.4023740,3.5305456
0.4024560,3.5337490
0.4025380,3.5426760
0.4026200,3.5396785
0.4027020,3.5377268
0.4027840,3.5397835
0.4028660,3.5464844
0.4029480,3.5477542
0.4030300,3.5433776
0.4031120,3.5308986
0.4031940,3.5308991
0.4032760,3.5333986
0.4033580,3.5337349
0.4034400,3.5332962
0.4035220,3.5413678
0.4036040,3.5380466
0.4036860,3.5382133
0.4037680,3.5435068
0.4038500,3.5433113
0.4039320,3.5408508
0.4040140,3.5349149
0.4040960,3.5352906
0.4041780,3.5273406
0.4042600,3.5256409
0.4043420,3.5283334
0.4044240,3.5226386
0.4045060,3.5166793
0.4045880,3.5163980
0.4046700,3.5253693
0.4047520,3.5199279
0.4048340,3.5197395
0.4049160,3.5218716
0.4049980,3.5235926
0.4050800,3.5328899
0.4051620,3.5275314
0.4052440,3.5322432
0.4053260,3.5312794
0.4054080,3.5348822
0.4054900,3.5364237
0.4055720,3.5333567
0.4056540,3.5424088
0.4057360,3.5356727
0.4058180,3.5273318
0.4059000,3.5201085
0.4059820,3.5183923
0.4060640,3.5319730
0.4061460,3.5291720
0.4062280,3.5356790
0.4063100,3.5465282
0.4063920,3.5440395
0.4064740,3.5368322
0.4065560,3.5305245
0.4066380,3.5241513
0.4067200,3.5340931
0.4068020,3.5302943
0.4068840,3.5295364
0.4069660,3.5294793
0.4070480,3.5260998
0.4071300,3.5219144
0.4072120,3.5343622
0.4072940,3.5347783
0.4073760,3.5328084
0.4074580,3.5345057
0.4075400,3.5325373
0.4076220,3.5384084
0.4077040,3.5357337
0.4077860,3.5354934
0.4078680,3.5362576
0.4079500,3.5242234
0.4080320,3.5224882
0.4081140,3.5212915
0.4081960,3.5214081
0.4082780,3.5343287
0.4083600,3.5334640
0.4084420,3.5347380
0.4085240,3.5374611
0.4086060,3.5462214
0.4086880,3.5463128
0.4087700,3.5427025
0.4088520,3.5390564
0.4089340,3.5354326
0.4090160,3.5367081
0.4090980,3.5360667
0.4091800,3.5352931
0.4092620,3.5285005
0.4093440,3.5283112
0.4094260,3.5258384
0.4095080,3.5315895
0.4095900,3.5317367
0.4096720,3.5412435
0.4097540,3.5404643
0.4098360,3.5383185
0.4099180,3.5360766
0.4100000,3.5292570
