Time (ns),non-Water after lsq fit to non-Water
0.0000000,0.0000000
0.0000050,0.0021691
0.0000100,0.0042294
0.0000150,0.0061435
0.0000200,0.0078649
0.0000250,0.0093775
0.0000300,0.0107083
0.0000350,0.0118873
0.0000400,0.0129637
0.0000450,0.0139657
0.0000500,0.0149008
0.0000550,0.0157673
0.0000600,0.0165420
0.0000650,0.0172144
0.0000700,0.0177860
0.0000750,0.0182825
0.0000800,0.0187462
0.0000850,0.0192045
0.0000900,0.0196847
0.0000950,0.0201924
0.0001000,0.1554944
0.0001050,0.1555640
0.0001100,0.1556345
0.0001150,0.1557018
0.0001200,0.1557644
0.0001250,0.1558238
0.0001300,0.1558844
0.0001350,0.1559500
0.0001400,0.1560212
0.0001450,0.1560931
0.0001500,0.1561608
0.0001550,0.1562209
0.0001600,0.1562716
0.0001650,0.1563149
0.0001700,0.1563538
0.0001750,0.1563927
0.0001800,0.1564357
0.0001850,0.1564835
0.0001900,0.1565345
0.0001950,0.1565844
0.0002000,0.1967291
0.0002050,0.1967443
0.0002100,0.1967573
0.0002150,0.1967712
0.0002200,0.1967880
0.0002250,0.1968099
0.0002300,0.1968382
0.0002350,0.1968718
0.0002400,0.1969084
0.0002450,0.1969437
0.0002500,0.1969759
0.0002550,0.1970059
0.0002600,0.1970358
0.0002650,0.1970692
0.0002700,0.1971072
0.0002750,0.1971488
0.0002800,0.1971903
0.0002850,0.1972276
0.0002900,0.1972586
0.0002950,0.1972833
0.0003000,0.2216821
0.0003050,0.2216844
0.0003100,0.2216899
0.0003150,0.2217006
0.0003200,0.2217166
0.0003250,0.2217381
0.0003300,0.2217648
0.0003350,0.2217960
0.0003400,0.2218307
0.0003450,0.2218671
0.0003500,0.2219040
0.0003550,0.2219403
0.0003600,0.2219742
0.0003650,0.2220049
0.0003700,0.2220316
0.0003750,0.2220546
0.0003800,0.2220738
0.0003850,0.2220887
0.0003900,0.2221002
0.0003950,0.2221094
0.0004000,0.2072104
0.0004050,0.2072152
0.0004100,0.2072231
0.0004150,0.2072361
0.0004200,0.2072551
0.0004250,0.2072799
0.0004300,0.2073079
0.0004350,0.2073356
0.0004400,0.2073605
0.0004450,0.2073817
0.0004500,0.2073999
0.0004550,0.2074157
0.0004600,0.2074299
0.0004650,0.2074426
0.0004700,0.2074527
0.0004750,0.2074596
0.0004800,0.2074625
0.0004850,0.2074619
0.0004900,0.2074584
0.0004950,0.2074517
0.0005000,0.2163706
0.0005050,0.2163617
0.0005100,0.2163612
0.0005150,0.2163692
0.0005200,0.2163821
0.0005250,0.2163951
0.0005300,0.2164032
0.0005350,0.2164058
0.0005400,0.2164048
0.0005450,0.2164036
0.0005500,0.2164066
0.0005550,0.2164167
0.0005600,0.2164342
0.0005650,0.2164568
0.0005700,0.2164793
0.0005750,0.2164968
0.0005800,0.2165044
0.0005850,0.2165006
0.0005900,0.2164884
0.0005950,0.2164747
0.0006000,0.2011572
0.0006050,0.2011531
0.0006100,0.2011552
0.0006150,0.2011577
0.0006200,0.2011553
0.0006250,0.2011461
0.0006300,0.2011302
0.0006350,0.2011107
0.0006400,0.2010922
0.0006450,0.2010789
0.0006500,0.2010723
0.0006550,0.2010701
0.0006600,0.2010682
0.0006650,0.2010627
0.0006700,0.2010516
0.0006750,0.2010365
0.0006800,0.2010204
0.0006850,0.2010073
0.0006900,0.2009997
0.0006950,0.2009977
0.0007000,0.2142296
0.0007050,0.2142195
0.0007100,0.2142113
0.0007150,0.2142033
0.0007200,0.2141951
0.0007250,0.2141875
0.0007300,0.2141816
0.0007350,0.2141792
0.0007400,0.2141806
0.0007450,0.2141834
0.0007500,0.2141849
0.0007550,0.2141825
0.0007600,0.2141763
0.0007650,0.2141669
0.0007700,0.2141557
0.0007750,0.2141432
0.0007800,0.2141287
0.0007850,0.2141133
0.0007900,0.2140982
0.0007950,0.2140838
0.0008000,0.2402085
0.0008050,0.2401966
0.0008100,0.2401891
0.0008150,0.2401883
0.0008200,0.2401957
0.0008250,0.2402122
0.0008300,0.2402369
0.0008350,0.2402676
0.0008400,0.2403007
0.0008450,0.2403325
0.0008500,0.2403614
0.0008550,0.2403869
0.0008600,0.2404098
0.0008650,0.2404306
0.0008700,0.2404498
0.0008750,0.2404674
0.0008800,0.2404826
0.0008850,0.2404946
0.0008900,0.2405026
0.0008950,0.2405069
0.0009000,0.2066839
0.0009050,0.2066848
0.0009100,0.2066881
0.0009150,0.2066933
0.0009200,0.2066995
0.0009250,0.2067050
0.0009300,0.2067082
0.0009350,0.2067082
0.0009400,0.2067045
0.0009450,0.2066982
0.0009500,0.2066908
0.0009550,0.2066846
0.0009600,0.2066820
0.0009650,0.2066838
0.0009700,0.2066902
0.0009750,0.2067006
0.0009800,0.2067136
0.0009850,0.2067273
0.0009900,0.2067404
0.0009950,0.2067527
0.0010000,0.2214100
0.0010050,0.2214175
0.0010100,0.2214286
0.0010150,0.2214429
0.0010200,0.2214590
0.0010250,0.2214746
0.0010300,0.2214881
0.0010350,0.2214997
0.0010400,0.2215110
0.0010450,0.2215252
0.0010500,0.2215449
0.0010550,0.2215709
0.0010600,0.2216021
0.0010650,0.2216349
0.0010700,0.2216646
0.0010750,0.2216871
0.0010800,0.2217012
0.0010850,0.2217086
0.0010900,0.2217120
0.0010950,0.2217136
0.0011000,0.2403934
0.0011050,0.2403854
0.0011100,0.2403789
0.0011150,0.2403731
0.0011200,0.2403684
0.0011250,0.2403654
0.0011300,0.2403645
0.0011350,0.2403656
0.0011400,0.2403681
0.0011450,0.2403726
0.0011500,0.2403796
0.0011550,0.2403890
0.0011600,0.2403998
0.0011650,0.2404106
0.0011700,0.2404214
0.0011750,0.2404330
0.0011800,0.2404466
0.0011850,0.2404625
0.0011900,0.2404797
0.0011950,0.2404972
0.0012000,0.2284497
0.0012050,0.2284803
0.0012100,0.2285130
0.0012150,0.2285461
0.0012200,0.2285762
0.0012250,0.2286004
0.0012300,0.2286185
0.0012350,0.2286326
0.0012400,0.2286460
0.0012450,0.2286613
0.0012500,0.2286785
0.0012550,0.2286966
0.0012600,0.2287144
0.0012650,0.2287295
0.0012700,0.2287390
0.0012750,0.2287403
0.0012800,0.2287336
0.0012850,0.2287208
0.0012900,0.2287066
0.0012950,0.2286966
0.0013000,0.2142007
0.0013050,0.2141951
0.0013100,0.2141984
0.0013150,0.2142068
0.0013200,0.2142160
0.0013250,0.2142237
0.0013300,0.2142319
0.0013350,0.2142456
0.0013400,0.2142682
0.0013450,0.2142997
0.0013500,0.2143362
0.0013550,0.2143716
0.0013600,0.2143991
0.0013650,0.2144146
0.0013700,0.2144179
0.0013750,0.2144120
0.0013800,0.2144028
0.0013850,0.2143950
0.0013900,0.2143903
0.0013950,0.2143880
0.0014000,0.1908802
0.0014050,0.1908783
0.0014100,0.1908739
0.0014150,0.1908680
0.0014200,0.1908620
0.0014250,0.1908569
0.0014300,0.1908537
0.0014350,0.1908525
0.0014400,0.1908527
0.0014450,0.1908531
0.0014500,0.1908526
0.0014550,0.1908514
0.0014600,0.1908501
0.0014650,0.1908512
0.0014700,0.1908575
0.0014750,0.1908716
0.0014800,0.1908940
0.0014850,0.1909217
0.0014900,0.1909509
0.0014950,0.1909768
0.0015000,0.1845659
0.0015050,0.1845840
0.0015100,0.1845973
0.0015150,0.1846061
0.0015200,0.1846123
0.0015250,0.1846189
0.0015300,0.1846279
0.0015350,0.1846376
0.0015400,0.1846452
0.0015450,0.1846480
0.0015500,0.1846449
0.0015550,0.1846381
0.0015600,0.1846314
0.0015650,0.1846286
0.0015700,0.1846290
0.0015750,0.1846293
0.0015800,0.1846262
0.0015850,0.1846175
0.0015900,0.1846035
0.0015950,0.1845852
0.0016000,0.2142115
0.0016050,0.2141962
0.0016100,0.2141879
0.0016150,0.2141853
0.0016200,0.2141848
0.0016250,0.2141828
0.0016300,0.2141765
0.0016350,0.2141642
0.0016400,0.2141480
0.0016450,0.2141325
0.0016500,0.2141226
0.0016550,0.2141206
0.0016600,0.2141253
0.0016650,0.2141346
0.0016700,0.2141464
0.0016750,0.2141596
0.0016800,0.2141733
0.0016850,0.2141870
0.0016900,0.2142003
0.0016950,0.2142130
0.0017000,0.2141145
0.0017050,0.2141199
0.0017100,0.2141279
0.0017150,0.2141362
0.0017200,0.2141415
0.0017250,0.2141413
0.0017300,0.2141351
0.0017350,0.2141252
0.0017400,0.2141160
0.0017450,0.2141123
0.0017500,0.2141167
0.0017550,0.2141283
0.0017600,0.2141436
0.0017650,0.2141589
0.0017700,0.2141702
0.0017750,0.2141758
0.0017800,0.2141759
0.0017850,0.2141727
0.0017900,0.2141688
0.0017950,0.2141656
0.0018000,0.2158675
0.0018050,0.2158605
0.0018100,0.2158480
0.0018150,0.2158317
0.0018200,0.2158156
0.0018250,0.2158049
0.0018300,0.2158034
0.0018350,0.2158127
0.0018400,0.2158322
0.0018450,0.2158589
0.0018500,0.2158891
0.0018550,0.2159193
0.0018600,0.2159472
0.0018650,0.2159715
0.0018700,0.2159914
0.0018750,0.2160072
0.0018800,0.2160191
0.0018850,0.2160265
0.0018900,0.2160285
0.0018950,0.2160244
0.0019000,0.1988383
0.0019050,0.1988286
0.0019100,0.1988201
0.0019150,0.1988151
0.0019200,0.1988152
0.0019250,0.1988213
0.0019300,0.1988327
0.0019350,0.1988476
0.0019400,0.1988641
0.0019450,0.1988805
0.0019500,0.1988958
0.0019550,0.1989089
0.0019600,0.1989193
0.0019650,0.1989268
0.0019700,0.1989317
0.0019750,0.1989350
0.0019800,0.1989382
0.0019850,0.1989426
0.0019900,0.1989489
0.0019950,0.1989575
0.0020000,0.1927443
0.0020050,0.1927502
0.0020100,0.1927636
0.0020150,0.1927826
0.0020200,0.1928034
0.0020250,0.1928216
0.0020300,0.1928336
0.0020350,0.1928380
0.0020400,0.1928358
0.0020450,0.1928294
0.0020500,0.1928219
0.0020550,0.1928161
0.0020600,0.1928135
0.0020650,0.1928139
0.0020700,0.1928158
0.0020750,0.1928186
0.0020800,0.1928230
0.0020850,0.1928312
0.0020900,0.1928448
0.0020950,0.1928640
0.0021000,0.1928327
0.0021050,0.1928387
0.0021100,0.1928484
0.0021150,0.1928626
0.0021200,0.1928824
0.0021250,0.1929081
0.0021300,0.1929386
0.0021350,0.1929722
0.0021400,0.1930066
0.0021450,0.1930396
0.0021500,0.1930689
0.0021550,0.1930939
0.0021600,0.1931153
0.0021650,0.1931347
0.0021700,0.1931530
0.0021750,0.1931696
0.0021800,0.1931836
0.0021850,0.1931949
0.0021900,0.1932029
0.0021950,0.1932075
0.0022000,0.2025817
0.0022050,0.2025714
0.0022100,0.2025662
0.0022150,0.2025647
0.0022200,0.2025663
0.0022250,0.2025711
0.0022300,0.2025799
0.0022350,0.2025935
0.0022400,0.2026110
0.0022450,0.2026300
0.0022500,0.2026485
0.0022550,0.2026654
0.0022600,0.2026817
0.0022650,0.2026985
0.0022700,0.2027167
0.0022750,0.2027369
0.0022800,0.2027588
0.0022850,0.2027818
0.0022900,0.2028041
0.0022950,0.2028239
0.0023000,0.2009420
0.0023050,0.2009427
0.0023100,0.2009493
0.0023150,0.2009638
0.0023200,0.2009860
0.0023250,0.2010118
0.0023300,0.2010353
0.0023350,0.2010524
0.0023400,0.2010630
0.0023450,0.2010710
0.0023500,0.2010809
0.0023550,0.2010960
0.0023600,0.2011171
0.0023650,0.2011422
0.0023700,0.2011682
0.0023750,0.2011914
0.0023800,0.2012097
0.0023850,0.2012228
0.0023900,0.2012319
0.0023950,0.2012406
0.0024000,0.1592776
0.0024050,0.1592830
0.0024100,0.1592888
0.0024150,0.1592943
0.0024200,0.1592990
0.0024250,0.1593024
0.0024300,0.1593046
0.0024350,0.1593059
0.0024400,0.1593064
0.0024450,0.1593070
0.0024500,0.1593088
0.0024550,0.1593129
0.0024600,0.1593198
0.0024650,0.1593300
0.0024700,0.1593435
0.0024750,0.1593595
0.0024800,0.1593767
0.0024850,0.1593932
0.0024900,0.1594078
0.0024950,0.1594201
0.0025000,0.2127770
0.0025050,0.2127774
0.0025100,0.2127770
0.0025150,0.2127768
0.0025200,0.2127787
0.0025250,0.2127845
0.0025300,0.2127954
0.0025350,0.2128110
0.0025400,0.2128293
0.0025450,0.2128478
0.0025500,0.2128646
0.0025550,0.2128796
0.0025600,0.2128936
0.0025650,0.2129072
0.0025700,0.2129202
0.0025750,0.2129320
0.0025800,0.2129416
0.0025850,0.2129473
0.0025900,0.2129481
0.0025950,0.2129448
0.0026000,0.2319579
0.0026050,0.2319581
0.0026100,0.2319710
0.0026150,0.2319953
0.0026200,0.2320277
0.0026250,0.2320631
0.0026300,0.2320962
0.0026350,0.2321227
0.0026400,0.2321403
0.0026450,0.2321495
0.0026500,0.2321532
0.0026550,0.2321545
0.0026600,0.2321557
0.0026650,0.2321582
0.0026700,0.2321628
0.0026750,0.2321699
0.0026800,0.2321804
0.0026850,0.2321954
0.0026900,0.2322158
0.0026950,0.2322409
0.0027000,0.1929690
0.0027050,0.1929777
0.0027100,0.1929862
0.0027150,0.1929945
0.0027200,0.1930024
0.0027250,0.1930096
0.0027300,0.1930151
0.0027350,0.1930185
0.0027400,0.1930200
0.0027450,0.1930208
0.0027500,0.1930213
0.0027550,0.1930218
0.0027600,0.1930226
0.0027650,0.1930246
0.0027700,0.1930286
0.0027750,0.1930348
0.0027800,0.1930429
0.0027850,0.1930520
0.0027900,0.1930607
0.0027950,0.1930679
0.0028000,0.1929592
0.0028050,0.1929690
0.0028100,0.1929807
0.0028150,0.1929930
0.0028200,0.1930047
0.0028250,0.1930158
0.0028300,0.1930265
0.0028350,0.1930366
0.0028400,0.1930455
0.0028450,0.1930534
0.0028500,0.1930607
0.0028550,0.1930685
0.0028600,0.1930763
0.0028650,0.1930831
0.0028700,0.1930883
0.0028750,0.1930915
0.0028800,0.1930932
0.0028850,0.1930937
0.0028900,0.1930945
0.0028950,0.1930976
0.0029000,0.2010236
0.0029050,0.2010226
0.0029100,0.2010248
0.0029150,0.2010281
0.0029200,0.2010309
0.0029250,0.2010322
0.0029300,0.2010321
0.0029350,0.2010320
0.0029400,0.2010338
0.0029450,0.2010386
0.0029500,0.2010458
0.0029550,0.2010540
0.0029600,0.2010609
0.0029650,0.2010648
0.0029700,0.2010643
0.0029750,0.2010601
0.0029800,0.2010537
0.0029850,0.2010479
0.0029900,0.2010445
0.0029950,0.2010443
0.0030000,0.1758808
0.0030050,0.1758735
0.0030100,0.1758677
0.0030150,0.1758653
0.0030200,0.1758682
0.0030250,0.1758779
0.0030300,0.1758942
0.0030350,0.1759156
0.0030400,0.1759398
0.0030450,0.1759647
0.0030500,0.1759885
0.0030550,0.1760100
0.0030600,0.1760282
0.0030650,0.1760423
0.0030700,0.1760509
0.0030750,0.1760536
0.0030800,0.1760511
0.0030850,0.1760446
0.0030900,0.1760355
0.0030950,0.1760249
0.0031000,0.2067266
0.0031050,0.2067257
0.0031100,0.2067292
0.0031150,0.2067374
0.0031200,0.2067499
0.0031250,0.2067656
0.0031300,0.2067814
0.0031350,0.2067943
0.0031400,0.2068029
0.0031450,0.2068072
0.0031500,0.2068084
0.0031550,0.2068080
0.0031600,0.2068074
0.0031650,0.2068073
0.0031700,0.2068074
0.0031750,0.2068070
0.0031800,0.2068054
0.0031850,0.2068016
0.0031900,0.2067950
0.0031950,0.2067861
0.0032000,0.1844323
0.0032050,0.1844240
0.0032100,0.1844154
0.0032150,0.1844057
0.0032200,0.1843937
0.0032250,0.1843793
0.0032300,0.1843638
0.0032350,0.1843498
0.0032400,0.1843403
0.0032450,0.1843373
0.0032500,0.1843419
0.0032550,0.1843536
0.0032600,0.1843709
0.0032650,0.1843910
0.0032700,0.1844102
0.0032750,0.1844258
0.0032800,0.1844361
0.0032850,0.1844412
0.0032900,0.1844424
0.0032950,0.1844412
0.0033000,0.1845110
0.0033050,0.1845049
0.0033100,0.1845017
0.0033150,0.1845007
0.0033200,0.1845009
0.0033250,0.1845021
0.0033300,0.1845044
0.0033350,0.1845083
0.0033400,0.1845145
0.0033450,0.1845223
0.0033500,0.1845299
0.0033550,0.1845352
0.0033600,0.1845378
0.0033650,0.1845384
0.0033700,0.1845377
0.0033750,0.1845357
0.0033800,0.1845321
0.0033850,0.1845265
0.0033900,0.1845188
0.0033950,0.1845083
0.0034000,0.1927348
0.0034050,0.1927331
0.0034100,0.1927337
0.0034150,0.1927366
0.0034200,0.1927419
0.0034250,0.1927499
0.0034300,0.1927601
0.0034350,0.1927713
0.0034400,0.1927826
0.0034450,0.1927940
0.0034500,0.1928066
0.0034550,0.1928206
0.0034600,0.1928349
0.0034650,0.1928477
0.0034700,0.1928574
0.0034750,0.1928637
0.0034800,0.1928670
0.0034850,0.1928681
0.0034900,0.1928675
0.0034950,0.1928665
0.0035000,0.1756308
0.0035050,0.1756244
0.0035100,0.1756192
0.0035150,0.1756169
0.0035200,0.1756181
0.0035250,0.1756224
0.0035300,0.1756281
0.0035350,0.1756333
0.0035400,0.1756357
0.0035450,0.1756344
0.0035500,0.1756299
0.0035550,0.1756238
0.0035600,0.1756172
0.0035650,0.1756111
0.0035700,0.1756058
0.0035750,0.1756012
0.0035800,0.1755965
0.0035850,0.1755915
0.0035900,0.1755858
0.0035950,0.1755798
0.0036000,0.2082716
0.0036050,0.2082645
0.0036100,0.2082622
0.0036150,0.2082630
0.0036200,0.2082643
0.0036250,0.2082639
0.0036300,0.2082620
0.0036350,0.2082612
0.0036400,0.2082644
0.0036450,0.2082725
0.0036500,0.2082837
0.0036550,0.2082953
0.0036600,0.2083047
0.0036650,0.2083100
0.0036700,0.2083110
0.0036750,0.2083092
0.0036800,0.2083075
0.0036850,0.2083077
0.0036900,0.2083102
0.0036950,0.2083149
0.0037000,0.1926451
0.0037050,0.1926558
0.0037100,0.1926689
0.0037150,0.1926845
0.0037200,0.1927028
0.0037250,0.1927231
0.0037300,0.1927443
0.0037350,0.1927656
0.0037400,0.1927866
0.0037450,0.1928066
0.0037500,0.1928254
0.0037550,0.1928431
0.0037600,0.1928599
0.0037650,0.1928759
0.0037700,0.1928904
0.0037750,0.1929021
0.0037800,0.1929098
0.0037850,0.1929137
0.0037900,0.1929156
0.0037950,0.1929180
0.0038000,0.1986323
0.0038050,0.1986176
0.0038100,0.1986055
0.0038150,0.1985948
0.0038200,0.1985842
0.0038250,0.1985748
0.0038300,0.1985694
0.0038350,0.1985703
0.0038400,0.1985781
0.0038450,0.1985915
0.0038500,0.1986084
0.0038550,0.1986263
0.0038600,0.1986432
0.0038650,0.1986588
0.0038700,0.1986740
0.0038750,0.1986905
0.0038800,0.1987096
0.0038850,0.1987318
0.0038900,0.1987569
0.0038950,0.1987830
0.0039000,0.1986577
0.0039050,0.1986567
0.0039100,0.1986599
0.0039150,0.1986639
0.0039200,0.1986661
0.0039250,0.1986671
0.0039300,0.1986694
0.0039350,0.1986750
0.0039400,0.1986849
0.0039450,0.1986995
0.0039500,0.1987183
0.0039550,0.1987399
0.0039600,0.1987626
0.0039650,0.1987855
0.0039700,0.1988087
0.0039750,0.1988320
0.0039800,0.1988549
0.0039850,0.1988763
0.0039900,0.1988957
0.0039950,0.1989127
0.0040000,0.1927559
0.0040050,0.1927620
0.0040100,0.1927667
0.0040150,0.1927717
0.0040200,0.1927789
0.0040250,0.1927900
0.0040300,0.1928061
0.0040350,0.1928274
0.0040400,0.1928523
0.0040450,0.1928775
0.0040500,0.1929001
0.0040550,0.1929187
0.0040600,0.1929332
0.0040650,0.1929448
0.0040700,0.1929543
0.0040750,0.1929623
0.0040800,0.1929694
0.0040850,0.1929762
0.0040900,0.1929826
0.0040950,0.1929882
0.0041000,0.2213813
0.0041050,0.2213698
0.0041100,0.2213626
0.0041150,0.2213599
0.0041200,0.2213610
0.0041250,0.2213655
0.0041300,0.2213746
0.0041350,0.2213904
0.0041400,0.2214127
0.0041450,0.2214385
0.0041500,0.2214633
0.0041550,0.2214849
0.0041600,0.2215030
0.0041650,0.2215191
0.0041700,0.2215342
0.0041750,0.2215486
0.0041800,0.2215614
0.0041850,0.2215710
0.0041900,0.2215768
0.0041950,0.2215789
0.0042000,0.1780861
0.0042050,0.1780778
0.0042100,0.1780719
0.0042150,0.1780699
0.0042200,0.1780708
0.0042250,0.1780718
0.0042300,0.1780695
0.0042350,0.1780621
0.0042400,0.1780503
0.0042450,0.1780362
0.0042500,0.1780228
0.0042550,0.1780120
0.0042600,0.1780056
0.0042650,0.1780046
0.0042700,0.1780085
0.0042750,0.1780152
0.0042800,0.1780212
0.0042850,0.1780249
0.0042900,0.1780267
0.0042950,0.1780296
0.0043000,0.1845896
0.0043050,0.1845952
0.0043100,0.1846077
0.0043150,0.1846244
0.0043200,0.1846430
0.0043250,0.1846608
0.0043300,0.1846748
0.0043350,0.1846827
0.0043400,0.1846839
0.0043450,0.1846811
0.0043500,0.1846789
0.0043550,0.1846816
0.0043600,0.1846902
0.0043650,0.1847010
0.0043700,0.1847092
0.0043750,0.1847130
0.0043800,0.1847145
0.0043850,0.1847180
0.0043900,0.1847265
0.0043950,0.1847405
0.0044000,0.2269158
0.0044050,0.2269238
0.0044100,0.2269292
0.0044150,0.2269316
0.0044200,0.2269316
0.0044250,0.2269305
0.0044300,0.2269305
0.0044350,0.2269342
0.0044400,0.2269420
0.0044450,0.2269507
0.0044500,0.2269557
0.0044550,0.2269534
0.0044600,0.2269438
0.0044650,0.2269299
0.0044700,0.2269160
0.0044750,0.2269050
0.0044800,0.2268986
0.0044850,0.2268972
0.0044900,0.2269000
0.0044950,0.2269065
0.0045000,0.2141931
0.0045050,0.2141845
0.0045100,0.2141759
0.0045150,0.2141694
0.0045200,0.2141672
0.0045250,0.2141705
0.0045300,0.2141790
0.0045350,0.2141894
0.0045400,0.2141973
0.0045450,0.2141997
0.0045500,0.2141964
0.0045550,0.2141896
0.0045600,0.2141827
0.0045650,0.2141781
0.0045700,0.2141764
0.0045750,0.2141770
0.0045800,0.2141784
0.0045850,0.2141781
0.0045900,0.2141746
0.0045950,0.2141691
0.0046000,0.2065666
0.0046050,0.2065573
0.0046100,0.2065573
0.0046150,0.2065654
0.0046200,0.2065788
0.0046250,0.2065941
0.0046300,0.2066078
0.0046350,0.2066174
0.0046400,0.2066222
0.0046450,0.2066226
0.0046500,0.2066196
0.0046550,0.2066140
0.0046600,0.2066066
0.0046650,0.2065979
0.0046700,0.2065886
0.0046750,0.2065789
0.0046800,0.2065684
0.0046850,0.2065563
0.0046900,0.2065426
0.0046950,0.2065284
0.0047000,0.2333196
0.0047050,0.2333124
0.0047100,0.2333114
0.0047150,0.2333180
0.0047200,0.2333318
0.0047250,0.2333501
0.0047300,0.2333702
0.0047350,0.2333902
0.0047400,0.2334099
0.0047450,0.2334293
0.0047500,0.2334490
0.0047550,0.2334696
0.0047600,0.2334919
0.0047650,0.2335156
0.0047700,0.2335395
0.0047750,0.2335619
0.0047800,0.2335810
0.0047850,0.2335951
0.0047900,0.2336041
0.0047950,0.2336103
0.0048000,0.1986903
0.0048050,0.1986933
0.0048100,0.1986962
0.0048150,0.1986958
0.0048200,0.1986912
0.0048250,0.1986843
0.0048300,0.1986785
0.0048350,0.1986770
0.0048400,0.1986817
0.0048450,0.1986936
0.0048500,0.1987127
0.0048550,0.1987371
0.0048600,0.1987642
0.0048650,0.1987920
0.0048700,0.1988200
0.0048750,0.1988483
0.0048800,0.1988766
0.0048850,0.1989050
0.0048900,0.1989330
0.0048950,0.1989599
0.0049000,0.1988444
0.0049050,0.1988608
0.0049100,0.1988733
0.0049150,0.1988811
0.0049200,0.1988852
0.0049250,0.1988880
0.0049300,0.1988920
0.0049350,0.1988976
0.0049400,0.1989040
0.0049450,0.1989101
0.0049500,0.1989160
0.0049550,0.1989225
0.0049600,0.1989315
0.0049650,0.1989449
0.0049700,0.1989642
0.0049750,0.1989891
0.0049800,0.1990177
0.0049850,0.1990477
0.0049900,0.1990762
0.0049950,0.1991002
0.0050000,0.2213594
0.0050050,0.2213667
0.0050100,0.2213728
0.0050150,0.2213760
0.0050200,0.2213768
0.0050250,0.2213776
0.0050300,0.2213820
0.0050350,0.2213919
0.0050400,0.2214082
0.0050450,0.2214302
0.0050500,0.2214565
0.0050550,0.2214846
0.0050600,0.2215121
0.0050650,0.2215358
0.0050700,0.2215534
0.0050750,0.2215648
0.0050800,0.2215723
0.0050850,0.2215791
0.0050900,0.2215881
0.0050950,0.2216000
0.0051000,0.1929219
0.0051050,0.1929242
0.0051100,0.1929250
0.0051150,0.1929234
0.0051200,0.1929207
0.0051250,0.1929198
0.0051300,0.1929237
0.0051350,0.1929350
0.0051400,0.1929540
0.0051450,0.1929789
0.0051500,0.1930055
0.0051550,0.1930292
0.0051600,0.1930461
0.0051650,0.1930544
0.0051700,0.1930556
0.0051750,0.1930534
0.0051800,0.1930518
0.0051850,0.1930549
0.0051900,0.1930653
0.0051950,0.1930829
0.0052000,0.1688052
0.0052050,0.1688212
0.0052100,0.1688376
0.0052150,0.1688510
0.0052200,0.1688589
0.0052250,0.1688599
0.0052300,0.1688539
0.0052350,0.1688407
0.0052400,0.1688210
0.0052450,0.1687964
0.0052500,0.1687689
0.0052550,0.1687405
0.0052600,0.1687135
0.0052650,0.1686908
0.0052700,0.1686754
0.0052750,0.1686687
0.0052800,0.1686695
0.0052850,0.1686753
0.0052900,0.1686838
0.0052950,0.1686933
0.0053000,0.2083902
0.0053050,0.2083877
0.0053100,0.2083899
0.0053150,0.2083974
0.0053200,0.2084096
0.0053250,0.2084241
0.0053300,0.2084385
0.0053350,0.2084516
0.0053400,0.2084636
0.0053450,0.2084757
0.0053500,0.2084885
0.0053550,0.2085035
0.0053600,0.2085222
0.0053650,0.2085458
0.0053700,0.2085735
0.0053750,0.2086025
0.0053800,0.2086306
0.0053850,0.2086564
0.0053900,0.2086798
0.0053950,0.2087013
0.0054000,0.1989600
0.0054050,0.1989787
0.0054100,0.1989948
0.0054150,0.1990064
0.0054200,0.1990127
0.0054250,0.1990155
0.0054300,0.1990178
0.0054350,0.1990224
0.0054400,0.1990302
0.0054450,0.1990410
0.0054500,0.1990548
0.0054550,0.1990708
0.0054600,0.1990887
0.0054650,0.1991074
0.0054700,0.1991269
0.0054750,0.1991471
0.0054800,0.1991685
0.0054850,0.1991905
0.0054900,0.1992126
0.0054950,0.1992337
0.0055000,0.2214894
0.0055050,0.2214897
0.0055100,0.2214937
0.0055150,0.2215029
0.0055200,0.2215150
0.0055250,0.2215255
0.0055300,0.2215298
0.0055350,0.2215255
0.0055400,0.2215145
0.0055450,0.2215012
0.0055500,0.2214901
0.0055550,0.2214849
0.0055600,0.2214884
0.0055650,0.2215029
0.0055700,0.2215289
0.0055750,0.2215639
0.0055800,0.2216015
0.0055850,0.2216348
0.0055900,0.2216606
0.0055950,0.2216810
0.0056000,0.2085710
0.0056050,0.2085676
0.0056100,0.2085757
0.0056150,0.2085958
0.0056200,0.2086253
0.0056250,0.2086584
0.0056300,0.2086882
0.0056350,0.2087100
0.0056400,0.2087257
0.0056450,0.2087415
0.0056500,0.2087635
0.0056550,0.2087928
0.0056600,0.2088251
0.0056650,0.2088539
0.0056700,0.2088745
0.0056750,0.2088862
0.0056800,0.2088906
0.0056850,0.2088901
0.0056900,0.2088860
0.0056950,0.2088789
0.0057000,0.2270009
0.0057050,0.2269931
0.0057100,0.2269891
0.0057150,0.2269893
0.0057200,0.2269920
0.0057250,0.2269954
0.0057300,0.2270008
0.0057350,0.2270112
0.0057400,0.2270278
0.0057450,0.2270499
0.0057500,0.2270766
0.0057550,0.2271064
0.0057600,0.2271373
0.0057650,0.2271663
0.0057700,0.2271906
0.0057750,0.2272086
0.0057800,0.2272204
0.0057850,0.2272282
0.0057900,0.2272347
0.0057950,0.2272421
0.0058000,0.2088933
0.0058050,0.2088995
0.0058100,0.2089076
0.0058150,0.2089170
0.0058200,0.2089271
0.0058250,0.2089372
0.0058300,0.2089460
0.0058350,0.2089524
0.0058400,0.2089560
0.0058450,0.2089567
0.0058500,0.2089555
0.0058550,0.2089535
0.0058600,0.2089515
0.0058650,0.2089497
0.0058700,0.2089477
0.0058750,0.2089466
0.0058800,0.2089482
0.0058850,0.2089550
0.0058900,0.2089677
0.0058950,0.2089855
0.0059000,0.2049845
0.0059050,0.2049936
0.0059100,0.2050098
0.0059150,0.2050307
0.0059200,0.2050529
0.0059250,0.2050732
0.0059300,0.2050892
0.0059350,0.2051007
0.0059400,0.2051091
0.0059450,0.2051159
0.0059500,0.2051224
0.0059550,0.2051291
0.0059600,0.2051370
0.0059650,0.2051470
0.0059700,0.2051605
0.0059750,0.2051774
0.0059800,0.2051958
0.0059850,0.2052140
0.0059900,0.2052321
0.0059950,0.2052504
0.0060000,0.2483000
0.0060050,0.2483271
0.0060100,0.2483552
0.0060150,0.2483812
0.0060200,0.2484032
0.0060250,0.2484202
0.0060300,0.2484319
0.0060350,0.2484395
0.0060400,0.2484450
0.0060450,0.2484505
0.0060500,0.2484567
0.0060550,0.2484624
0.0060600,0.2484665
0.0060650,0.2484682
0.0060700,0.2484686
0.0060750,0.2484699
0.0060800,0.2484746
0.0060850,0.2484850
0.0060900,0.2485016
0.0060950,0.2485227
0.0061000,0.2009830
0.0061050,0.2010027
0.0061100,0.2010231
0.0061150,0.2010423
0.0061200,0.2010595
0.0061250,0.2010755
0.0061300,0.2010918
0.0061350,0.2011085
0.0061400,0.2011240
0.0061450,0.2011350
0.0061500,0.2011388
0.0061550,0.2011342
0.0061600,0.2011229
0.0061650,0.2011088
0.0061700,0.2010951
0.0061750,0.2010833
0.0061800,0.2010727
0.0061850,0.2010626
0.0061900,0.2010530
0.0061950,0.2010441
0.0062000,0.2160184
0.0062050,0.2160108
0.0062100,0.2160068
0.0062150,0.2160097
0.0062200,0.2160211
0.0062250,0.2160404
0.0062300,0.2160638
0.0062350,0.2160863
0.0062400,0.2161048
0.0062450,0.2161199
0.0062500,0.2161344
0.0062550,0.2161516
0.0062600,0.2161726
0.0062650,0.2161962
0.0062700,0.2162189
0.0062750,0.2162371
0.0062800,0.2162477
0.0062850,0.2162496
0.0062900,0.2162451
0.0062950,0.2162390
0.0063000,0.2141115
0.0063050,0.2140969
0.0063100,0.2140970
0.0063150,0.2141116
0.0063200,0.2141352
0.0063250,0.2141603
0.0063300,0.2141804
0.0063350,0.2141933
0.0063400,0.2142011
0.0063450,0.2142084
0.0063500,0.2142187
0.0063550,0.2142335
0.0063600,0.2142518
0.0063650,0.2142716
0.0063700,0.2142896
0.0063750,0.2143017
0.0063800,0.2143057
0.0063850,0.2143035
0.0063900,0.2143014
0.0063950,0.2143074
0.0064000,0.2067655
0.0064050,0.2067838
0.0064100,0.2068112
0.0064150,0.2068431
0.0064200,0.2068740
0.0064250,0.2069002
0.0064300,0.2069216
0.0064350,0.2069402
0.0064400,0.2069586
0.0064450,0.2069793
0.0064500,0.2070028
0.0064550,0.2070267
0.0064600,0.2070457
0.0064650,0.2070552
0.0064700,0.2070557
0.0064750,0.2070526
0.0064800,0.2070526
0.0064850,0.2070611
0.0064900,0.2070789
0.0064950,0.2071027
0.0065000,0.1971863
0.0065050,0.1971970
0.0065100,0.1972042
0.0065150,0.1972060
0.0065200,0.1972024
0.0065250,0.1971941
0.0065300,0.1971833
0.0065350,0.1971730
0.0065400,0.1971658
0.0065450,0.1971633
0.0065500,0.1971662
0.0065550,0.1971745
0.0065600,0.1971884
0.0065650,0.1972089
0.0065700,0.1972361
0.0065750,0.1972667
0.0065800,0.1972959
0.0065850,0.1973203
0.0065900,0.1973383
0.0065950,0.1973494
0.0066000,0.2122397
0.0066050,0.2122263
0.0066100,0.2122107
0.0066150,0.2121962
0.0066200,0.2121864
0.0066250,0.2121841
0.0066300,0.2121905
0.0066350,0.2122050
0.0066400,0.2122256
0.0066450,0.2122496
0.0066500,0.2122745
0.0066550,0.2122985
0.0066600,0.2123205
0.0066650,0.2123389
0.0066700,0.2123528
0.0066750,0.2123623
0.0066800,0.2123684
0.0066850,0.2123718
0.0066900,0.2123726
0.0066950,0.2123714
0.0067000,0.2267198
0.0067050,0.2267269
0.0067100,0.2267447
0.0067150,0.2267713
0.0067200,0.2268044
0.0067250,0.2268408
0.0067300,0.2268763
0.0067350,0.2269074
0.0067400,0.2269318
0.0067450,0.2269490
0.0067500,0.2269581
0.0067550,0.2269580
0.0067600,0.2269496
0.0067650,0.2269357
0.0067700,0.2269200
0.0067750,0.2269050
0.0067800,0.2268916
0.0067850,0.2268798
0.0067900,0.2268698
0.0067950,0.2268619
0.0068000,0.2213734
0.0068050,0.2213666
0.0068100,0.2213636
0.0068150,0.2213616
0.0068200,0.2213591
0.0068250,0.2213569
0.0068300,0.2213574
0.0068350,0.2213613
0.0068400,0.2213674
0.0068450,0.2213738
0.0068500,0.2213821
0.0068550,0.2213976
0.0068600,0.2214244
0.0068650,0.2214602
0.0068700,0.2214987
0.0068750,0.2215348
0.0068800,0.2215680
0.0068850,0.2216004
0.0068900,0.2216332
0.0068950,0.2216659
0.0069000,0.1666960
0.0069050,0.1667065
0.0069100,0.1667127
0.0069150,0.1667154
0.0069200,0.1667154
0.0069250,0.1667133
0.0069300,0.1667096
0.0069350,0.1667052
0.0069400,0.1667017
0.0069450,0.1667014
0.0069500,0.1667054
0.0069550,0.1667122
0.0069600,0.1667179
0.0069650,0.1667191
0.0069700,0.1667139
0.0069750,0.1667029
0.0069800,0.1666885
0.0069850,0.1666735
0.0069900,0.1666615
0.0069950,0.1666553
0.0070000,0.2249229
0.0070050,0.2249218
0.0070100,0.2249285
0.0070150,0.2249421
0.0070200,0.2249621
0.0070250,0.2249872
0.0070300,0.2250164
0.0070350,0.2250486
0.0070400,0.2250821
0.0070450,0.2251145
0.0070500,0.2251436
0.0070550,0.2251671
0.0070600,0.2251840
0.0070650,0.2251953
0.0070700,0.2252032
0.0070750,0.2252107
0.0070800,0.2252205
0.0070850,0.2252344
0.0070900,0.2252529
0.0070950,0.2252751
0.0071000,0.2319324
0.0071050,0.2319347
0.0071100,0.2319340
0.0071150,0.2319306
0.0071200,0.2319255
0.0071250,0.2319204
0.0071300,0.2319167
0.0071350,0.2319151
0.0071400,0.2319154
0.0071450,0.2319166
0.0071500,0.2319175
0.0071550,0.2319167
0.0071600,0.2319140
0.0071650,0.2319101
0.0071700,0.2319064
0.0071750,0.2319039
0.0071800,0.2319029
0.0071850,0.2319023
0.0071900,0.2318988
0.0071950,0.2318902
0.0072000,0.2319426
0.0072050,0.2319339
0.0072100,0.2319279
0.0072150,0.2319261
0.0072200,0.2319299
0.0072250,0.2319396
0.0072300,0.2319539
0.0072350,0.2319697
0.0072400,0.2319846
0.0072450,0.2319972
0.0072500,0.2320071
0.0072550,0.2320142
0.0072600,0.2320186
0.0072650,0.2320209
0.0072700,0.2320213
0.0072750,0.2320196
0.0072800,0.2320156
0.0072850,0.2320104
0.0072900,0.2320043
0.0072950,0.2319967
0.0073000,0.2248973
0.0073050,0.2248820
0.0073100,0.2248714
0.0073150,0.2248659
0.0073200,0.2248640
0.0073250,0.2248642
0.0073300,0.2248664
0.0073350,0.2248714
0.0073400,0.2248795
0.0073450,0.2248909
0.0073500,0.2249056
0.0073550,0.2249239
0.0073600,0.2249448
0.0073650,0.2249665
0.0073700,0.2249874
0.0073750,0.2250069
0.0073800,0.2250247
0.0073850,0.2250416
0.0073900,0.2250595
0.0073950,0.2250807
0.0074000,0.2194276
0.0074050,0.2194353
0.0074100,0.2194463
0.0074150,0.2194637
0.0074200,0.2194888
0.0074250,0.2195200
0.0074300,0.2195526
0.0074350,0.2195813
0.0074400,0.2196016
0.0074450,0.2196121
0.0074500,0.2196150
0.0074550,0.2196146
0.0074600,0.2196152
0.0074650,0.2196190
0.0074700,0.2196250
0.0074750,0.2196306
0.0074800,0.2196334
0.0074850,0.2196326
0.0074900,0.2196300
0.0074950,0.2196295
0.0075000,0.1843069
0.0075050,0.1843103
0.0075100,0.1843182
0.0075150,0.1843281
0.0075200,0.1843374
0.0075250,0.1843439
0.0075300,0.1843455
0.0075350,0.1843412
0.0075400,0.1843324
0.0075450,0.1843225
0.0075500,0.1843156
0.0075550,0.1843142
0.0075600,0.1843175
0.0075650,0.1843228
0.0075700,0.1843273
0.0075750,0.1843290
0.0075800,0.1843277
0.0075850,0.1843251
0.0075900,0.1843235
0.0075950,0.1843237
0.0076000,0.2067331
0.0076050,0.2067349
0.0076100,0.2067396
0.0076150,0.2067464
0.0076200,0.2067550
0.0076250,0.2067655
0.0076300,0.2067775
0.0076350,0.2067911
0.0076400,0.2068060
0.0076450,0.2068228
0.0076500,0.2068417
0.0076550,0.2068619
0.0076600,0.2068816
0.0076650,0.2068985
0.0076700,0.2069104
0.0076750,0.2069166
0.0076800,0.2069184
0.0076850,0.2069185
0.0076900,0.2069196
0.0076950,0.2069244
0.0077000,0.2007145
0.0077050,0.2007120
0.0077100,0.2007115
0.0077150,0.2007124
0.0077200,0.2007155
0.0077250,0.2007218
0.0077300,0.2007314
0.0077350,0.2007435
0.0077400,0.2007563
0.0077450,0.2007679
0.0077500,0.2007767
0.0077550,0.2007813
0.0077600,0.2007809
0.0077650,0.2007755
0.0077700,0.2007675
0.0077750,0.2007605
0.0077800,0.2007564
0.0077850,0.2007554
0.0077900,0.2007555
0.0077950,0.2007539
0.0078000,0.2006397
0.0078050,0.2006311
0.0078100,0.2006224
0.0078150,0.2006149
0.0078200,0.2006094
0.0078250,0.2006059
0.0078300,0.2006048
0.0078350,0.2006065
0.0078400,0.2006108
0.0078450,0.2006183
0.0078500,0.2006297
0.0078550,0.2006457
0.0078600,0.2006666
0.0078650,0.2006920
0.0078700,0.2007202
0.0078750,0.2007480
0.0078800,0.2007725
0.0078850,0.2007932
0.0078900,0.2008122
0.0078950,0.2008309
0.0079000,0.1926114
0.0079050,0.1926305
0.0079100,0.1926453
0.0079150,0.1926574
0.0079200,0.1926703
0.0079250,0.1926875
0.0079300,0.1927099
0.0079350,0.1927355
0.0079400,0.1927607
0.0079450,0.1927829
0.0079500,0.1928003
0.0079550,0.1928134
0.0079600,0.1928245
0.0079650,0.1928357
0.0079700,0.1928476
0.0079750,0.1928599
0.0079800,0.1928718
0.0079850,0.1928830
0.0079900,0.1928931
0.0079950,0.1929017
0.0080000,0.2007118
0.0080050,0.2007151
0.0080100,0.2007256
0.0080150,0.2007443
0.0080200,0.2007704
0.0080250,0.2008019
0.0080300,0.2008369
0.0080350,0.2008740
0.0080400,0.2009111
0.0080450,0.2009457
0.0080500,0.2009767
0.0080550,0.2010046
0.0080600,0.2010307
0.0080650,0.2010553
0.0080700,0.2010778
0.0080750,0.2010970
0.0080800,0.2011117
0.0080850,0.2011203
0.0080900,0.2011223
0.0080950,0.2011197
0.0081000,0.2068538
0.0081050,0.2068464
0.0081100,0.2068405
0.0081150,0.2068377
0.0081200,0.2068390
0.0081250,0.2068446
0.0081300,0.2068532
0.0081350,0.2068622
0.0081400,0.2068695
0.0081450,0.2068760
0.0081500,0.2068845
0.0081550,0.2068977
0.0081600,0.2069162
0.0081650,0.2069389
0.0081700,0.2069636
0.0081750,0.2069885
0.0081800,0.2070127
0.0081850,0.2070364
0.0081900,0.2070599
0.0081950,0.2070839
0.0082000,0.2068182
0.0082050,0.2068231
0.0082100,0.2068309
0.0082150,0.2068411
0.0082200,0.2068531
0.0082250,0.2068665
0.0082300,0.2068810
0.0082350,0.2068956
0.0082400,0.2069085
0.0082450,0.2069189
0.0082500,0.2069284
0.0082550,0.2069388
0.0082600,0.2069509
0.0082650,0.2069647
0.0082700,0.2069795
0.0082750,0.2069945
0.0082800,0.2070084
0.0082850,0.2070204
0.0082900,0.2070298
0.0082950,0.2070368
0.0083000,0.1846582
0.0083050,0.1846665
0.0083100,0.1846767
0.0083150,0.1846887
0.0083200,0.1847025
0.0083250,0.1847171
0.0083300,0.1847309
0.0083350,0.1847434
0.0083400,0.1847557
0.0083450,0.1847696
0.0083500,0.1847852
0.0083550,0.1848008
0.0083600,0.1848145
0.0083650,0.1848255
0.0083700,0.1848332
0.0083750,0.1848370
0.0083800,0.1848370
0.0083850,0.1848347
0.0083900,0.1848330
0.0083950,0.1848343
0.0084000,0.1780084
0.0084050,0.1780237
0.0084100,0.1780461
0.0084150,0.1780720
0.0084200,0.1780974
0.0084250,0.1781191
0.0084300,0.1781364
0.0084350,0.1781507
0.0084400,0.1781640
0.0084450,0.1781789
0.0084500,0.1781969
0.0084550,0.1782174
0.0084600,0.1782380
0.0084650,0.1782557
0.0084700,0.1782685
0.0084750,0.1782758
0.0084800,0.1782783
0.0084850,0.1782783
0.0084900,0.1782781
0.0084950,0.1782782
0.0085000,0.1910162
0.0085050,0.1910034
0.0085100,0.1909924
0.0085150,0.1909824
0.0085200,0.1909735
0.0085250,0.1909665
0.0085300,0.1909632
0.0085350,0.1909656
0.0085400,0.1909751
0.0085450,0.1909917
0.0085500,0.1910136
0.0085550,0.1910381
0.0085600,0.1910621
0.0085650,0.1910825
0.0085700,0.1910976
0.0085750,0.1911069
0.0085800,0.1911118
0.0085850,0.1911146
0.0085900,0.1911174
0.0085950,0.1911214
0.0086000,0.2067853
0.0086050,0.2067628
0.0086100,0.2067420
0.0086150,0.2067241
0.0086200,0.2067112
0.0086250,0.2067058
0.0086300,0.2067088
0.0086350,0.2067194
0.0086400,0.2067351
0.0086450,0.2067520
0.0086500,0.2067661
0.0086550,0.2067738
0.0086600,0.2067734
0.0086650,0.2067652
0.0086700,0.2067511
0.0086750,0.2067343
0.0086800,0.2067182
0.0086850,0.2067049
0.0086900,0.2066943
0.0086950,0.2066854
0.0087000,0.1926405
0.0087050,0.1926303
0.0087100,0.1926219
0.0087150,0.1926167
0.0087200,0.1926163
0.0087250,0.1926214
0.0087300,0.1926320
0.0087350,0.1926461
0.0087400,0.1926611
0.0087450,0.1926740
0.0087500,0.1926828
0.0087550,0.1926874
0.0087600,0.1926895
0.0087650,0.1926925
0.0087700,0.1926995
0.0087750,0.1927108
0.0087800,0.1927240
0.0087850,0.1927352
0.0087900,0.1927425
0.0087950,0.1927463
0.0088000,0.2213296
0.0088050,0.2213400
0.0088100,0.2213610
0.0088150,0.2213917
0.0088200,0.2214280
0.0088250,0.2214645
0.0088300,0.2214961
0.0088350,0.2215206
0.0088400,0.2215394
0.0088450,0.2215551
0.0088500,0.2215699
0.0088550,0.2215849
0.0088600,0.2216002
0.0088650,0.2216151
0.0088700,0.2216287
0.0088750,0.2216398
0.0088800,0.2216483
0.0088850,0.2216549
0.0088900,0.2216614
0.0088950,0.2216695
0.0089000,0.1775887
0.0089050,0.1775933
0.0089100,0.1775981
0.0089150,0.1775997
0.0089200,0.1775968
0.0089250,0.1775914
0.0089300,0.1775877
0.0089350,0.1775894
0.0089400,0.1775977
0.0089450,0.1776102
0.0089500,0.1776246
0.0089550,0.1776385
0.0089600,0.1776504
0.0089650,0.1776600
0.0089700,0.1776680
0.0089750,0.1776763
0.0089800,0.1776856
0.0089850,0.1776954
0.0089900,0.1777034
0.0089950,0.1777063
0.0090000,0.1685611
0.0090050,0.1685582
0.0090100,0.1685554
0.0090150,0.1685539
0.0090200,0.1685552
0.0090250,0.1685606
0.0090300,0.1685704
0.0090350,0.1685844
0.0090400,0.1686013
0.0090450,0.1686199
0.0090500,0.1686394
0.0090550,0.1686591
0.0090600,0.1686782
0.0090650,0.1686953
0.0090700,0.1687090
0.0090750,0.1687182
0.0090800,0.1687228
0.0090850,0.1687237
0.0090900,0.1687222
0.0090950,0.1687186
0.0091000,0.2066291
0.0091050,0.2066097
0.0091100,0.2065927
0.0091150,0.2065792
0.0091200,0.2065703
0.0091250,0.2065676
0.0091300,0.2065714
0.0091350,0.2065799
0.0091400,0.2065907
0.0091450,0.2066017
0.0091500,0.2066108
0.0091550,0.2066161
0.0091600,0.2066161
0.0091650,0.2066105
0.0091700,0.2066009
0.0091750,0.2065905
0.0091800,0.2065833
0.0091850,0.2065820
0.0091900,0.2065874
0.0091950,0.2065982
0.0092000,0.1987540
0.0092050,0.1987662
0.0092100,0.1987834
0.0092150,0.1988029
0.0092200,0.1988222
0.0092250,0.1988393
0.0092300,0.1988534
0.0092350,0.1988644
0.0092400,0.1988720
0.0092450,0.1988757
0.0092500,0.1988746
0.0092550,0.1988688
0.0092600,0.1988597
0.0092650,0.1988504
0.0092700,0.1988456
0.0092750,0.1988486
0.0092800,0.1988601
0.0092850,0.1988780
0.0092900,0.1988982
0.0092950,0.1989175
0.0093000,0.1755665
0.0093050,0.1755722
0.0093100,0.1755770
0.0093150,0.1755824
0.0093200,0.1755895
0.0093250,0.1755975
0.0093300,0.1756051
0.0093350,0.1756110
0.0093400,0.1756153
0.0093450,0.1756187
0.0093500,0.1756218
0.0093550,0.1756252
0.0093600,0.1756294
0.0093650,0.1756345
0.0093700,0.1756401
0.0093750,0.1756455
0.0093800,0.1756491
0.0093850,0.1756494
0.0093900,0.1756458
0.0093950,0.1756398
0.0094000,0.1926910
0.0094050,0.1926837
0.0094100,0.1926802
0.0094150,0.1926796
0.0094200,0.1926801
0.0094250,0.1926805
0.0094300,0.1926815
0.0094350,0.1926847
0.0094400,0.1926912
0.0094450,0.1927011
0.0094500,0.1927149
0.0094550,0.1927334
0.0094600,0.1927573
0.0094650,0.1927867
0.0094700,0.1928203
0.0094750,0.1928563
0.0094800,0.1928928
0.0094850,0.1929282
0.0094900,0.1929608
0.0094950,0.1929901
0.0095000,0.1756278
0.0095050,0.1756457
0.0095100,0.1756607
0.0095150,0.1756727
0.0095200,0.1756819
0.0095250,0.1756895
0.0095300,0.1756969
0.0095350,0.1757060
0.0095400,0.1757179
0.0095450,0.1757331
0.0095500,0.1757518
0.0095550,0.1757738
0.0095600,0.1757986
0.0095650,0.1758249
0.0095700,0.1758522
0.0095750,0.1758802
0.0095800,0.1759079
0.0095850,0.1759342
0.0095900,0.1759589
0.0095950,0.1759822
0.0096000,0.2141790
0.0096050,0.2142096
0.0096100,0.2142428
0.0096150,0.2142742
0.0096200,0.2143001
0.0096250,0.2143186
0.0096300,0.2143301
0.0096350,0.2143362
0.0096400,0.2143382
0.0096450,0.2143363
0.0096500,0.2143299
0.0096550,0.2143187
0.0096600,0.2143028
0.0096650,0.2142840
0.0096700,0.2142657
0.0096750,0.2142526
0.0096800,0.2142487
0.0096850,0.2142560
0.0096900,0.2142752
0.0096950,0.2143051
0.0097000,0.1929303
0.0097050,0.1929551
0.0097100,0.1929826
0.0097150,0.1930123
0.0097200,0.1930427
0.0097250,0.1930714
0.0097300,0.1930961
0.0097350,0.1931151
0.0097400,0.1931284
0.0097450,0.1931373
0.0097500,0.1931439
0.0097550,0.1931500
0.0097600,0.1931562
0.0097650,0.1931620
0.0097700,0.1931670
0.0097750,0.1931702
0.0097800,0.1931709
0.0097850,0.1931684
0.0097900,0.1931627
0.0097950,0.1931542
0.0098000,0.1948785
0.0098050,0.1948707
0.0098100,0.1948696
0.0098150,0.1948761
0.0098200,0.1948891
0.0098250,0.1949068
0.0098300,0.1949269
0.0098350,0.1949477
0.0098400,0.1949677
0.0098450,0.1949860
0.0098500,0.1950020
0.0098550,0.1950158
0.0098600,0.1950267
0.0098650,0.1950335
0.0098700,0.1950355
0.0098750,0.1950332
0.0098800,0.1950268
0.0098850,0.1950165
0.0098900,0.1950025
0.0098950,0.1949860
0.0099000,0.1845758
0.0099050,0.1845590
0.0099100,0.1845443
0.0099150,0.1845328
0.0099200,0.1845252
0.0099250,0.1845218
0.0099300,0.1845221
0.0099350,0.1845250
0.0099400,0.1845289
0.0099450,0.1845324
0.0099500,0.1845352
0.0099550,0.1845373
0.0099600,0.1845394
0.0099650,0.1845417
0.0099700,0.1845440
0.0099750,0.1845459
0.0099800,0.1845468
0.0099850,0.1845464
0.0099900,0.1845445
0.0099950,0.1845410
0.0100000,0.1663200
0.0100050,0.1663153
0.0100100,0.1663119
0.0100150,0.1663089
0.0100200,0.1663053
0.0100250,0.1662997
0.0100300,0.1662914
0.0100350,0.1662806
0.0100400,0.1662688
0.0100450,0.1662580
0.0100500,0.1662499
0.0100550,0.1662460
0.0100600,0.1662464
0.0100650,0.1662506
0.0100700,0.1662569
0.0100750,0.1662648
0.0100800,0.1662746
0.0100850,0.1662870
0.0100900,0.1663017
0.0100950,0.1663173
0.0101000,0.2157702
0.0101050,0.2157748
0.0101100,0.2157833
0.0101150,0.2157945
0.0101200,0.2158074
0.0101250,0.2158217
0.0101300,0.2158376
0.0101350,0.2158551
0.0101400,0.2158748
0.0101450,0.2158961
0.0101500,0.2159176
0.0101550,0.2159375
0.0101600,0.2159551
0.0101650,0.2159712
0.0101700,0.2159871
0.0101750,0.2160040
0.0101800,0.2160221
0.0101850,0.2160406
0.0101900,0.2160583
0.0101950,0.2160731
0.0102000,0.1926262
0.0102050,0.1926268
0.0102100,0.1926275
0.0102150,0.1926296
0.0102200,0.1926350
0.0102250,0.1926453
0.0102300,0.1926599
0.0102350,0.1926766
0.0102400,0.1926933
0.0102450,0.1927093
0.0102500,0.1927253
0.0102550,0.1927434
0.0102600,0.1927656
0.0102650,0.1927931
0.0102700,0.1928251
0.0102750,0.1928590
0.0102800,0.1928922
0.0102850,0.1929220
0.0102900,0.1929467
0.0102950,0.1929656
0.0103000,0.1845784
0.0103050,0.1845807
0.0103100,0.1845875
0.0103150,0.1845962
0.0103200,0.1846032
0.0103250,0.1846055
0.0103300,0.1846017
0.0103350,0.1845928
0.0103400,0.1845817
0.0103450,0.1845726
0.0103500,0.1845687
0.0103550,0.1845713
0.0103600,0.1845784
0.0103650,0.1845867
0.0103700,0.1845921
0.0103750,0.1845923
0.0103800,0.1845883
0.0103850,0.1845839
0.0103900,0.1845835
0.0103950,0.1845894
0.0104000,0.2084449
0.0104050,0.2084607
0.0104100,0.2084792
0.0104150,0.2084952
0.0104200,0.2085050
0.0104250,0.2085085
0.0104300,0.2085090
0.0104350,0.2085115
0.0104400,0.2085194
0.0104450,0.2085331
0.0104500,0.2085498
0.0104550,0.2085648
0.0104600,0.2085740
0.0104650,0.2085752
0.0104700,0.2085695
0.0104750,0.2085601
0.0104800,0.2085510
0.0104850,0.2085451
0.0104900,0.2085442
0.0104950,0.2085481
0.0105000,0.1926936
0.0105050,0.1926980
0.0105100,0.1927016
0.0105150,0.1927030
0.0105200,0.1927025
0.0105250,0.1927022
0.0105300,0.1927048
0.0105350,0.1927127
0.0105400,0.1927260
0.0105450,0.1927424
0.0105500,0.1927582
0.0105550,0.1927704
0.0105600,0.1927793
0.0105650,0.1927884
0.0105700,0.1928020
0.0105750,0.1928223
0.0105800,0.1928481
0.0105850,0.1928754
0.0105900,0.1928997
0.0105950,0.1929177
0.0106000,0.2085572
0.0106050,0.2085700
0.0106100,0.2085818
0.0106150,0.2085934
0.0106200,0.2086050
0.0106250,0.2086173
0.0106300,0.2086307
0.0106350,0.2086456
0.0106400,0.2086624
0.0106450,0.2086804
0.0106500,0.2086995
0.0106550,0.2087191
0.0106600,0.2087388
0.0106650,0.2087580
0.0106700,0.2087757
0.0106750,0.2087905
0.0106800,0.2088014
0.0106850,0.2088083
0.0106900,0.2088123
0.0106950,0.2088151
0.0107000,0.1666428
0.0107050,0.1666382
0.0107100,0.1666383
0.0107150,0.1666422
0.0107200,0.1666474
0.0107250,0.1666518
0.0107300,0.1666542
0.0107350,0.1666550
0.0107400,0.1666555
0.0107450,0.1666570
0.0107500,0.1666605
0.0107550,0.1666660
0.0107600,0.1666728
0.0107650,0.1666807
0.0107700,0.1666895
0.0107750,0.1666994
0.0107800,0.1667103
0.0107850,0.1667224
0.0107900,0.1667364
0.0107950,0.1667527
0.0108000,0.1845057
0.0108050,0.1845138
0.0108100,0.1845232
0.0108150,0.1845328
0.0108200,0.1845422
0.0108250,0.1845522
0.0108300,0.1845631
0.0108350,0.1845753
0.0108400,0.1845886
0.0108450,0.1846027
0.0108500,0.1846169
0.0108550,0.1846303
0.0108600,0.1846417
0.0108650,0.1846499
0.0108700,0.1846537
0.0108750,0.1846528
0.0108800,0.1846485
0.0108850,0.1846426
0.0108900,0.1846359
0.0108950,0.1846285
0.0109000,0.1846282
0.0109050,0.1846127
0.0109100,0.1846035
0.0109150,0.1846012
0.0109200,0.1846051
0.0109250,0.1846146
0.0109300,0.1846289
0.0109350,0.1846476
0.0109400,0.1846702
0.0109450,0.1846962
0.0109500,0.1847230
0.0109550,0.1847478
0.0109600,0.1847694
0.0109650,0.1847880
0.0109700,0.1848049
0.0109750,0.1848208
0.0109800,0.1848363
0.0109850,0.1848516
0.0109900,0.1848677
0.0109950,0.1848862
0.0110000,0.1667562
0.0110050,0.1667706
0.0110100,0.1667854
0.0110150,0.1667984
0.0110200,0.1668086
0.0110250,0.1668161
0.0110300,0.1668219
0.0110350,0.1668265
0.0110400,0.1668291
0.0110450,0.1668291
0.0110500,0.1668260
0.0110550,0.1668205
0.0110600,0.1668135
0.0110650,0.1668061
0.0110700,0.1667993
0.0110750,0.1667944
0.0110800,0.1667926
0.0110850,0.1667934
0.0110900,0.1667937
0.0110950,0.1667901
0.0111000,0.1909363
0.0111050,0.1909223
0.0111100,0.1909163
0.0111150,0.1909172
0.0111200,0.1909220
0.0111250,0.1909279
0.0111300,0.1909335
0.0111350,0.1909391
0.0111400,0.1909456
0.0111450,0.1909534
0.0111500,0.1909615
0.0111550,0.1909678
0.0111600,0.1909699
0.0111650,0.1909656
0.0111700,0.1909534
0.0111750,0.1909335
0.0111800,0.1909080
0.0111850,0.1908806
0.0111900,0.1908562
0.0111950,0.1908390
0.0112000,0.2230794
0.0112050,0.2230822
0.0112100,0.2230926
0.0112150,0.2231061
0.0112200,0.2231176
0.0112250,0.2231236
0.0112300,0.2231241
0.0112350,0.2231219
0.0112400,0.2231218
0.0112450,0.2231277
0.0112500,0.2231392
0.0112550,0.2231525
0.0112600,0.2231633
0.0112650,0.2231696
0.0112700,0.2231721
0.0112750,0.2231724
0.0112800,0.2231715
0.0112850,0.2231718
0.0112900,0.2231761
0.0112950,0.2231868
0.0113000,0.2065216
0.0113050,0.2065208
0.0113100,0.2065247
0.0113150,0.2065340
0.0113200,0.2065479
0.0113250,0.2065650
0.0113300,0.2065843
0.0113350,0.2066038
0.0113400,0.2066204
0.0113450,0.2066318
0.0113500,0.2066381
0.0113550,0.2066420
0.0113600,0.2066457
0.0113650,0.2066488
0.0113700,0.2066506
0.0113750,0.2066510
0.0113800,0.2066518
0.0113850,0.2066545
0.0113900,0.2066590
0.0113950,0.2066656
0.0114000,0.2006456
0.0114050,0.2006596
0.0114100,0.2006794
0.0114150,0.2007027
0.0114200,0.2007280
0.0114250,0.2007546
0.0114300,0.2007821
0.0114350,0.2008094
0.0114400,0.2008348
0.0114450,0.2008569
0.0114500,0.2008742
0.0114550,0.2008860
0.0114600,0.2008927
0.0114650,0.2008960
0.0114700,0.2008986
0.0114750,0.2009022
0.0114800,0.2009077
0.0114850,0.2009155
0.0114900,0.2009260
0.0114950,0.2009399
0.0115000,0.2142510
0.0115050,0.2142601
0.0115100,0.2142696
0.0115150,0.2142792
0.0115200,0.2142892
0.0115250,0.2142996
0.0115300,0.2143102
0.0115350,0.2143210
0.0115400,0.2143318
0.0115450,0.2143429
0.0115500,0.2143553
0.0115550,0.2143704
0.0115600,0.2143883
0.0115650,0.2144079
0.0115700,0.2144276
0.0115750,0.2144459
0.0115800,0.2144622
0.0115850,0.2144760
0.0115900,0.2144872
0.0115950,0.2144961
0.0116000,0.2066178
0.0116050,0.2066041
0.0116100,0.2065964
0.0116150,0.2065962
0.0116200,0.2066034
0.0116250,0.2066162
0.0116300,0.2066325
0.0116350,0.2066505
0.0116400,0.2066688
0.0116450,0.2066856
0.0116500,0.2066996
0.0116550,0.2067103
0.0116600,0.2067173
0.0116650,0.2067208
0.0116700,0.2067218
0.0116750,0.2067225
0.0116800,0.2067251
0.0116850,0.2067317
0.0116900,0.2067446
0.0116950,0.2067650
0.0117000,0.1929101
0.0117050,0.1929313
0.0117100,0.1929602
0.0117150,0.1929956
0.0117200,0.1930345
0.0117250,0.1930727
0.0117300,0.1931054
0.0117350,0.1931288
0.0117400,0.1931415
0.0117450,0.1931451
0.0117500,0.1931432
0.0117550,0.1931402
0.0117600,0.1931376
0.0117650,0.1931345
0.0117700,0.1931294
0.0117750,0.1931221
0.0117800,0.1931143
0.0117850,0.1931084
0.0117900,0.1931067
0.0117950,0.1931107
0.0118000,0.1928825
0.0118050,0.1928980
0.0118100,0.1929145
0.0118150,0.1929289
0.0118200,0.1929394
0.0118250,0.1929461
0.0118300,0.1929505
0.0118350,0.1929548
0.0118400,0.1929611
0.0118450,0.1929698
0.0118500,0.1929794
0.0118550,0.1929875
0.0118600,0.1929940
0.0118650,0.1930016
0.0118700,0.1930138
0.0118750,0.1930316
0.0118800,0.1930541
0.0118850,0.1930790
0.0118900,0.1931042
0.0118950,0.1931278
0.0119000,0.2140634
0.0119050,0.2140734
0.0119100,0.2140856
0.0119150,0.2140997
0.0119200,0.2141152
0.0119250,0.2141312
0.0119300,0.2141470
0.0119350,0.2141617
0.0119400,0.2141753
0.0119450,0.2141879
0.0119500,0.2142006
0.0119550,0.2142153
0.0119600,0.2142336
0.0119650,0.2142560
0.0119700,0.2142817
0.0119750,0.2143086
0.0119800,0.2143342
0.0119850,0.2143565
0.0119900,0.2143749
0.0119950,0.2143895
0.0120000,0.1845751
0.0120050,0.1845731
0.0120100,0.1845746
0.0120150,0.1845814
0.0120200,0.1845929
0.0120250,0.1846063
0.0120300,0.1846175
0.0120350,0.1846244
0.0120400,0.1846287
0.0120450,0.1846339
0.0120500,0.1846434
0.0120550,0.1846594
0.0120600,0.1846813
0.0120650,0.1847056
0.0120700,0.1847277
0.0120750,0.1847434
0.0120800,0.1847509
0.0120850,0.1847516
0.0120900,0.1847483
0.0120950,0.1847430
0.0121000,0.1989801
0.0121050,0.1989761
0.0121100,0.1989727
0.0121150,0.1989717
0.0121200,0.1989737
0.0121250,0.1989781
0.0121300,0.1989840
0.0121350,0.1989908
0.0121400,0.1989981
0.0121450,0.1990044
0.0121500,0.1990083
0.0121550,0.1990096
0.0121600,0.1990086
0.0121650,0.1990060
0.0121700,0.1990024
0.0121750,0.1989989
0.0121800,0.1989956
0.0121850,0.1989925
0.0121900,0.1989896
0.0121950,0.1989880
0.0122000,0.2066999
0.0122050,0.2067047
0.0122100,0.2067116
0.0122150,0.2067209
0.0122200,0.2067335
0.0122250,0.2067500
0.0122300,0.2067694
0.0122350,0.2067891
0.0122400,0.2068060
0.0122450,0.2068181
0.0122500,0.2068249
0.0122550,0.2068271
0.0122600,0.2068262
0.0122650,0.2068240
0.0122700,0.2068222
0.0122750,0.2068209
0.0122800,0.2068186
0.0122850,0.2068141
0.0122900,0.2068081
0.0122950,0.2068025
0.0123000,0.2402179
0.0123050,0.2402167
0.0123100,0.2402249
0.0123150,0.2402422
0.0123200,0.2402667
0.0123250,0.2402945
0.0123300,0.2403214
0.0123350,0.2403443
0.0123400,0.2403618
0.0123450,0.2403747
0.0123500,0.2403850
0.0123550,0.2403955
0.0123600,0.2404077
0.0123650,0.2404218
0.0123700,0.2404367
0.0123750,0.2404523
0.0123800,0.2404701
0.0123850,0.2404917
0.0123900,0.2405177
0.0123950,0.2405466
0.0124000,0.2142280
0.0124050,0.2142575
0.0124100,0.2142889
0.0124150,0.2143202
0.0124200,0.2143487
0.0124250,0.2143725
0.0124300,0.2143899
0.0124350,0.2144010
0.0124400,0.2144069
0.0124450,0.2144096
0.0124500,0.2144115
0.0124550,0.2144145
0.0124600,0.2144191
0.0124650,0.2144242
0.0124700,0.2144278
0.0124750,0.2144294
0.0124800,0.2144291
0.0124850,0.2144279
0.0124900,0.2144266
0.0124950,0.2144255
0.0125000,0.1907653
0.0125050,0.1907535
0.0125100,0.1907404
0.0125150,0.1907270
0.0125200,0.1907153
0.0125250,0.1907062
0.0125300,0.1906995
0.0125350,0.1906941
0.0125400,0.1906892
0.0125450,0.1906852
0.0125500,0.1906832
0.0125550,0.1906837
0.0125600,0.1906872
0.0125650,0.1906943
0.0125700,0.1907055
0.0125750,0.1907211
0.0125800,0.1907401
0.0125850,0.1907614
0.0125900,0.1907837
0.0125950,0.1908073
0.0126000,0.2158976
0.0126050,0.2159091
0.0126100,0.2159315
0.0126150,0.2159624
0.0126200,0.2159966
0.0126250,0.2160282
0.0126300,0.2160529
0.0126350,0.2160711
0.0126400,0.2160854
0.0126450,0.2160987
0.0126500,0.2161138
0.0126550,0.2161327
0.0126600,0.2161559
0.0126650,0.2161821
0.0126700,0.2162079
0.0126750,0.2162294
0.0126800,0.2162436
0.0126850,0.2162507
0.0126900,0.2162547
0.0126950,0.2162607
0.0127000,0.1928591
0.0127050,0.1928633
0.0127100,0.1928666
0.0127150,0.1928693
0.0127200,0.1928710
0.0127250,0.1928718
0.0127300,0.1928712
0.0127350,0.1928699
0.0127400,0.1928697
0.0127450,0.1928732
0.0127500,0.1928829
0.0127550,0.1928986
0.0127600,0.1929188
0.0127650,0.1929406
0.0127700,0.1929608
0.0127750,0.1929769
0.0127800,0.1929873
0.0127850,0.1929920
0.0127900,0.1929922
0.0127950,0.1929891
0.0128000,0.2334097
0.0128050,0.2334057
0.0128100,0.2334049
0.0128150,0.2334089
0.0128200,0.2334181
0.0128250,0.2334314
0.0128300,0.2334470
0.0128350,0.2334619
0.0128400,0.2334730
0.0128450,0.2334797
0.0128500,0.2334837
0.0128550,0.2334870
0.0128600,0.2334921
0.0128650,0.2334999
0.0128700,0.2335099
0.0128750,0.2335202
0.0128800,0.2335287
0.0128850,0.2335344
0.0128900,0.2335381
0.0128950,0.2335416
0.0129000,0.1843182
0.0129050,0.1843104
0.0129100,0.1843062
0.0129150,0.1843057
0.0129200,0.1843082
0.0129250,0.1843135
0.0129300,0.1843208
0.0129350,0.1843281
0.0129400,0.1843348
0.0129450,0.1843415
0.0129500,0.1843489
0.0129550,0.1843563
0.0129600,0.1843627
0.0129650,0.1843668
0.0129700,0.1843689
0.0129750,0.1843702
0.0129800,0.1843717
0.0129850,0.1843743
0.0129900,0.1843792
0.0129950,0.1843872
0.0130000,0.2007870
0.0130050,0.2008067
0.0130100,0.2008345
0.0130150,0.2008667
0.0130200,0.2008990
0.0130250,0.2009274
0.0130300,0.2009496
0.0130350,0.2009664
0.0130400,0.2009804
0.0130450,0.2009940
0.0130500,0.2010063
0.0130550,0.2010149
0.0130600,0.2010184
0.0130650,0.2010165
0.0130700,0.2010098
0.0130750,0.2010005
0.0130800,0.2009931
0.0130850,0.2009923
0.0130900,0.2010002
0.0130950,0.2010149
0.0131000,0.2008922
0.0131050,0.2009015
0.0131100,0.2009118
0.0131150,0.2009219
0.0131200,0.2009306
0.0131250,0.2009382
0.0131300,0.2009461
0.0131350,0.2009561
0.0131400,0.2009691
0.0131450,0.2009845
0.0131500,0.2009992
0.0131550,0.2010095
0.0131600,0.2010137
0.0131650,0.2010126
0.0131700,0.2010092
0.0131750,0.2010058
0.0131800,0.2010040
0.0131850,0.2010056
0.0131900,0.2010115
0.0131950,0.2010217
0.0132000,0.2216143
0.0132050,0.2216147
0.0132100,0.2216195
0.0132150,0.2216283
0.0132200,0.2216415
0.0132250,0.2216600
0.0132300,0.2216843
0.0132350,0.2217123
0.0132400,0.2217395
0.0132450,0.2217625
0.0132500,0.2217804
0.0132550,0.2217947
0.0132600,0.2218077
0.0132650,0.2218207
0.0132700,0.2218336
0.0132750,0.2218462
0.0132800,0.2218589
0.0132850,0.2218726
0.0132900,0.2218872
0.0132950,0.2219019
0.0133000,0.1930120
0.0133050,0.1930088
0.0133100,0.1930106
0.0133150,0.1930156
0.0133200,0.1930208
0.0133250,0.1930234
0.0133300,0.1930222
0.0133350,0.1930176
0.0133400,0.1930105
0.0133450,0.1930023
0.0133500,0.1929942
0.0133550,0.1929876
0.0133600,0.1929833
0.0133650,0.1929822
0.0133700,0.1929845
0.0133750,0.1929898
0.0133800,0.1929972
0.0133850,0.1930065
0.0133900,0.1930177
0.0133950,0.1930309
0.0134000,0.2007814
0.0134050,0.2007806
0.0134100,0.2007840
0.0134150,0.2007883
0.0134200,0.2007909
0.0134250,0.2007905
0.0134300,0.2007876
0.0134350,0.2007834
0.0134400,0.2007798
0.0134450,0.2007779
0.0134500,0.2007785
0.0134550,0.2007811
0.0134600,0.2007845
0.0134650,0.2007872
0.0134700,0.2007891
0.0134750,0.2007907
0.0134800,0.2007929
0.0134850,0.2007968
0.0134900,0.2008027
0.0134950,0.2008113
0.0135000,0.1987392
0.0135050,0.1987388
0.0135100,0.1987478
0.0135150,0.1987630
0.0135200,0.1987818
0.0135250,0.1988028
0.0135300,0.1988254
0.0135350,0.1988506
0.0135400,0.1988797
0.0135450,0.1989121
0.0135500,0.1989446
0.0135550,0.1989734
0.0135600,0.1989960
0.0135650,0.1990114
0.0135700,0.1990203
0.0135750,0.1990246
0.0135800,0.1990279
0.0135850,0.1990329
0.0135900,0.1990398
0.0135950,0.1990462
0.0136000,0.1988876
0.0136050,0.1988793
0.0136100,0.1988789
0.0136150,0.1988838
0.0136200,0.1988917
0.0136250,0.1989009
0.0136300,0.1989113
0.0136350,0.1989232
0.0136400,0.1989372
0.0136450,0.1989543
0.0136500,0.1989751
0.0136550,0.1989991
0.0136600,0.1990246
0.0136650,0.1990490
0.0136700,0.1990693
0.0136750,0.1990832
0.0136800,0.1990901
0.0136850,0.1990914
0.0136900,0.1990892
0.0136950,0.1990857
0.0137000,0.1823735
0.0137050,0.1823619
0.0137100,0.1823507
0.0137150,0.1823414
0.0137200,0.1823347
0.0137250,0.1823303
0.0137300,0.1823278
0.0137350,0.1823271
0.0137400,0.1823278
0.0137450,0.1823283
0.0137500,0.1823267
0.0137550,0.1823215
0.0137600,0.1823130
0.0137650,0.1823033
0.0137700,0.1822952
0.0137750,0.1822909
0.0137800,0.1822919
0.0137850,0.1822983
0.0137900,0.1823092
0.0137950,0.1823227
0.0138000,0.2195492
0.0138050,0.2195487
0.0138100,0.2195512
0.0138150,0.2195603
0.0138200,0.2195783
0.0138250,0.2196029
0.0138300,0.2196272
0.0138350,0.2196457
0.0138400,0.2196576
0.0138450,0.2196655
0.0138500,0.2196728
0.0138550,0.2196823
0.0138600,0.2196954
0.0138650,0.2197133
0.0138700,0.2197353
0.0138750,0.2197591
0.0138800,0.2197813
0.0138850,0.2197992
0.0138900,0.2198126
0.0138950,0.2198233
0.0139000,0.1987890
0.0139050,0.1987885
0.0139100,0.1987974
0.0139150,0.1988145
0.0139200,0.1988364
0.0139250,0.1988578
0.0139300,0.1988740
0.0139350,0.1988831
0.0139400,0.1988871
0.0139450,0.1988904
0.0139500,0.1988983
0.0139550,0.1989147
0.0139600,0.1989388
0.0139650,0.1989651
0.0139700,0.1989862
0.0139750,0.1989982
0.0139800,0.1990028
0.0139850,0.1990049
0.0139900,0.1990098
0.0139950,0.1990210
0.0140000,0.2197671
0.0140050,0.2197840
0.0140100,0.2198006
0.0140150,0.2198130
0.0140200,0.2198195
0.0140250,0.2198212
0.0140300,0.2198204
0.0140350,0.2198200
0.0140400,0.2198213
0.0140450,0.2198248
0.0140500,0.2198308
0.0140550,0.2198389
0.0140600,0.2198476
0.0140650,0.2198553
0.0140700,0.2198613
0.0140750,0.2198662
0.0140800,0.2198701
0.0140850,0.2198722
0.0140900,0.2198716
0.0140950,0.2198685
0.0141000,0.1664476
0.0141050,0.1664270
0.0141100,0.1664079
0.0141150,0.1663906
0.0141200,0.1663757
0.0141250,0.1663633
0.0141300,0.1663530
0.0141350,0.1663449
0.0141400,0.1663396
0.0141450,0.1663379
0.0141500,0.1663397
0.0141550,0.1663450
0.0141600,0.1663537
0.0141650,0.1663651
0.0141700,0.1663787
0.0141750,0.1663935
0.0141800,0.1664088
0.0141850,0.1664231
0.0141900,0.1664344
0.0141950,0.1664405
0.0142000,0.1844096
0.0142050,0.1844068
0.0142100,0.1844023
0.0142150,0.1843970
0.0142200,0.1843913
0.0142250,0.1843859
0.0142300,0.1843820
0.0142350,0.1843808
0.0142400,0.1843839
0.0142450,0.1843930
0.0142500,0.1844095
0.0142550,0.1844326
0.0142600,0.1844604
0.0142650,0.1844898
0.0142700,0.1845182
0.0142750,0.1845432
0.0142800,0.1845629
0.0142850,0.1845768
0.0142900,0.1845860
0.0142950,0.1845925
0.0143000,0.1929470
0.0143050,0.1929366
0.0143100,0.1929255
0.0143150,0.1929162
0.0143200,0.1929104
0.0143250,0.1929086
0.0143300,0.1929091
0.0143350,0.1929106
0.0143400,0.1929118
0.0143450,0.1929128
0.0143500,0.1929141
0.0143550,0.1929162
0.0143600,0.1929193
0.0143650,0.1929234
0.0143700,0.1929277
0.0143750,0.1929311
0.0143800,0.1929339
0.0143850,0.1929380
0.0143900,0.1929452
0.0143950,0.1929557
0.0144000,0.2300335
0.0144050,0.2300321
0.0144100,0.2300358
0.0144150,0.2300447
0.0144200,0.2300574
0.0144250,0.2300720
0.0144300,0.2300868
0.0144350,0.2301011
0.0144400,0.2301152
0.0144450,0.2301309
0.0144500,0.2301506
0.0144550,0.2301770
0.0144600,0.2302112
0.0144650,0.2302528
0.0144700,0.2302994
0.0144750,0.2303469
0.0144800,0.2303911
0.0144850,0.2304296
0.0144900,0.2304621
0.0144950,0.2304896
0.0145000,0.2009905
0.0145050,0.2010046
0.0145100,0.2010135
0.0145150,0.2010169
0.0145200,0.2010176
0.0145250,0.2010206
0.0145300,0.2010306
0.0145350,0.2010495
0.0145400,0.2010763
0.0145450,0.2011082
0.0145500,0.2011416
0.0145550,0.2011724
0.0145600,0.2011972
0.0145650,0.2012137
0.0145700,0.2012221
0.0145750,0.2012244
0.0145800,0.2012226
0.0145850,0.2012173
0.0145900,0.2012081
0.0145950,0.2011949
0.0146000,0.2086232
0.0146050,0.2086244
0.0146100,0.2086343
0.0146150,0.2086544
0.0146200,0.2086831
0.0146250,0.2087165
0.0146300,0.2087501
0.0146350,0.2087796
0.0146400,0.2088021
0.0146450,0.2088171
0.0146500,0.2088269
0.0146550,0.2088349
0.0146600,0.2088445
0.0146650,0.2088570
0.0146700,0.2088713
0.0146750,0.2088852
0.0146800,0.2088974
0.0146850,0.2089092
0.0146900,0.2089234
0.0146950,0.2089422
0.0147000,0.2087633
0.0147050,0.2087731
0.0147100,0.2087860
0.0147150,0.2088004
0.0147200,0.2088146
0.0147250,0.2088269
0.0147300,0.2088362
0.0147350,0.2088422
0.0147400,0.2088468
0.0147450,0.2088523
0.0147500,0.2088612
0.0147550,0.2088747
0.0147600,0.2088918
0.0147650,0.2089100
0.0147700,0.2089271
0.0147750,0.2089415
0.0147800,0.2089519
0.0147850,0.2089572
0.0147900,0.2089573
0.0147950,0.2089530
0.0148000,0.1971254
0.0148050,0.1971179
0.0148100,0.1971131
0.0148150,0.1971109
0.0148200,0.1971101
0.0148250,0.1971099
0.0148300,0.1971102
0.0148350,0.1971117
0.0148400,0.1971153
0.0148450,0.1971218
0.0148500,0.1971318
0.0148550,0.1971453
0.0148600,0.1971621
0.0148650,0.1971807
0.0148700,0.1971993
0.0148750,0.1972156
0.0148800,0.1972278
0.0148850,0.1972353
0.0148900,0.1972390
0.0148950,0.1972404
0.0149000,0.1909255
0.0149050,0.1909315
0.0149100,0.1909416
0.0149150,0.1909555
0.0149200,0.1909728
0.0149250,0.1909926
0.0149300,0.1910138
0.0149350,0.1910352
0.0149400,0.1910563
0.0149450,0.1910777
0.0149500,0.1911002
0.0149550,0.1911238
0.0149600,0.1911467
0.0149650,0.1911664
0.0149700,0.1911808
0.0149750,0.1911904
0.0149800,0.1911972
0.0149850,0.1912044
0.0149900,0.1912148
0.0149950,0.1912306
0.0150000,0.1867408
0.0150050,0.1867522
0.0150100,0.1867637
0.0150150,0.1867765
0.0150200,0.1867925
0.0150250,0.1868132
0.0150300,0.1868381
0.0150350,0.1868655
0.0150400,0.1868925
0.0150450,0.1869169
0.0150500,0.1869375
0.0150550,0.1869550
0.0150600,0.1869705
0.0150650,0.1869844
0.0150700,0.1869953
0.0150750,0.1870012
0.0150800,0.1870007
0.0150850,0.1869934
0.0150900,0.1869793
0.0150950,0.1869589
0.0151000,0.1757218
0.0151050,0.1757209
0.0151100,0.1757296
0.0151150,0.1757447
0.0151200,0.1757621
0.0151250,0.1757781
0.0151300,0.1757913
0.0151350,0.1758034
0.0151400,0.1758177
0.0151450,0.1758362
0.0151500,0.1758572
0.0151550,0.1758756
0.0151600,0.1758845
0.0151650,0.1758790
0.0151700,0.1758584
0.0151750,0.1758262
0.0151800,0.1757899
0.0151850,0.1757573
0.0151900,0.1757354
0.0151950,0.1757276
0.0152000,0.2069359
0.0152050,0.2069358
0.0152100,0.2069342
0.0152150,0.2069303
0.0152200,0.2069263
0.0152250,0.2069241
0.0152300,0.2069234
0.0152350,0.2069219
0.0152400,0.2069173
0.0152450,0.2069076
0.0152500,0.2068917
0.0152550,0.2068690
0.0152600,0.2068397
0.0152650,0.2068058
0.0152700,0.2067724
0.0152750,0.2067465
0.0152800,0.2067330
0.0152850,0.2067311
0.0152900,0.2067358
0.0152950,0.2067410
0.0153000,0.1755163
0.0153050,0.1755197
0.0153100,0.1755241
0.0153150,0.1755296
0.0153200,0.1755361
0.0153250,0.1755426
0.0153300,0.1755473
0.0153350,0.1755490
0.0153400,0.1755473
0.0153450,0.1755427
0.0153500,0.1755365
0.0153550,0.1755303
0.0153600,0.1755257
0.0153650,0.1755240
0.0153700,0.1755253
0.0153750,0.1755284
0.0153800,0.1755317
0.0153850,0.1755344
0.0153900,0.1755370
0.0153950,0.1755410
0.0154000,0.1842607
0.0154050,0.1842777
0.0154100,0.1842994
0.0154150,0.1843256
0.0154200,0.1843560
0.0154250,0.1843897
0.0154300,0.1844253
0.0154350,0.1844612
0.0154400,0.1844948
0.0154450,0.1845236
0.0154500,0.1845464
0.0154550,0.1845635
0.0154600,0.1845756
0.0154650,0.1845837
0.0154700,0.1845888
0.0154750,0.1845920
0.0154800,0.1845946
0.0154850,0.1845982
0.0154900,0.1846040
0.0154950,0.1846135
0.0155000,0.1665255
0.0155050,0.1665443
0.0155100,0.1665643
0.0155150,0.1665832
0.0155200,0.1665994
0.0155250,0.1666120
0.0155300,0.1666205
0.0155350,0.1666253
0.0155400,0.1666271
0.0155450,0.1666272
0.0155500,0.1666266
0.0155550,0.1666261
0.0155600,0.1666259
0.0155650,0.1666259
0.0155700,0.1666265
0.0155750,0.1666280
0.0155800,0.1666312
0.0155850,0.1666366
0.0155900,0.1666440
0.0155950,0.1666522
0.0156000,0.1990304
0.0156050,0.1990367
0.0156100,0.1990432
0.0156150,0.1990498
0.0156200,0.1990576
0.0156250,0.1990676
0.0156300,0.1990796
0.0156350,0.1990928
0.0156400,0.1991064
0.0156450,0.1991206
0.0156500,0.1991354
0.0156550,0.1991510
0.0156600,0.1991670
0.0156650,0.1991825
0.0156700,0.1991966
0.0156750,0.1992086
0.0156800,0.1992185
0.0156850,0.1992265
0.0156900,0.1992333
0.0156950,0.1992404
0.0157000,0.2068121
0.0157050,0.2068268
0.0157100,0.2068453
0.0157150,0.2068662
0.0157200,0.2068873
0.0157250,0.2069064
0.0157300,0.2069215
0.0157350,0.2069310
0.0157400,0.2069335
0.0157450,0.2069288
0.0157500,0.2069175
0.0157550,0.2069014
0.0157600,0.2068832
0.0157650,0.2068659
0.0157700,0.2068521
0.0157750,0.2068423
0.0157800,0.2068366
0.0157850,0.2068346
0.0157900,0.2068359
0.0157950,0.2068392
0.0158000,0.1907863
0.0158050,0.1907973
0.0158100,0.1908066
0.0158150,0.1908135
0.0158200,0.1908179
0.0158250,0.1908186
0.0158300,0.1908146
0.0158350,0.1908045
0.0158400,0.1907889
0.0158450,0.1907692
0.0158500,0.1907482
0.0158550,0.1907292
0.0158600,0.1907147
0.0158650,0.1907055
0.0158700,0.1907009
0.0158750,0.1906993
0.0158800,0.1906994
0.0158850,0.1907000
0.0158900,0.1907003
0.0158950,0.1907003
0.0159000,0.2317747
0.0159050,0.2317654
0.0159100,0.2317586
0.0159150,0.2317557
0.0159200,0.2317580
0.0159250,0.2317659
0.0159300,0.2317787
0.0159350,0.2317950
0.0159400,0.2318134
0.0159450,0.2318320
0.0159500,0.2318493
0.0159550,0.2318644
0.0159600,0.2318768
0.0159650,0.2318862
0.0159700,0.2318919
0.0159750,0.2318942
0.0159800,0.2318946
0.0159850,0.2318960
0.0159900,0.2319013
0.0159950,0.2319122
0.0160000,0.2318934
0.0160050,0.2319164
0.0160100,0.2319493
0.0160150,0.2319881
0.0160200,0.2320278
0.0160250,0.2320639
0.0160300,0.2320928
0.0160350,0.2321128
0.0160400,0.2321238
0.0160450,0.2321273
0.0160500,0.2321252
0.0160550,0.2321202
0.0160600,0.2321136
0.0160650,0.2321060
0.0160700,0.2320985
0.0160750,0.2320935
0.0160800,0.2320933
0.0160850,0.2320995
0.0160900,0.2321126
0.0160950,0.2321316
0.0161000,0.1757336
0.0161050,0.1757421
0.0161100,0.1757529
0.0161150,0.1757650
0.0161200,0.1757767
0.0161250,0.1757870
0.0161300,0.1757957
0.0161350,0.1758032
0.0161400,0.1758105
0.0161450,0.1758180
0.0161500,0.1758263
0.0161550,0.1758357
0.0161600,0.1758463
0.0161650,0.1758586
0.0161700,0.1758717
0.0161750,0.1758840
0.0161800,0.1758938
0.0161850,0.1759003
0.0161900,0.1759034
0.0161950,0.1759033
0.0162000,0.1844816
0.0162050,0.1844805
0.0162100,0.1844822
0.0162150,0.1844859
0.0162200,0.1844902
0.0162250,0.1844942
0.0162300,0.1844976
0.0162350,0.1845010
0.0162400,0.1845055
0.0162450,0.1845121
0.0162500,0.1845207
0.0162550,0.1845301
0.0162600,0.1845383
0.0162650,0.1845436
0.0162700,0.1845456
0.0162750,0.1845450
0.0162800,0.1845433
0.0162850,0.1845420
0.0162900,0.1845427
0.0162950,0.1845463
0.0163000,0.1844282
0.0163050,0.1844360
0.0163100,0.1844466
0.0163150,0.1844591
0.0163200,0.1844725
0.0163250,0.1844860
0.0163300,0.1844985
0.0163350,0.1845093
0.0163400,0.1845182
0.0163450,0.1845264
0.0163500,0.1845341
0.0163550,0.1845399
0.0163600,0.1845418
0.0163650,0.1845392
0.0163700,0.1845332
0.0163750,0.1845250
0.0163800,0.1845157
0.0163850,0.1845066
0.0163900,0.1844994
0.0163950,0.1844947
0.0164000,0.2120571
0.0164050,0.2120564
0.0164100,0.2120602
0.0164150,0.2120690
0.0164200,0.2120831
0.0164250,0.2121013
0.0164300,0.2121224
0.0164350,0.2121445
0.0164400,0.2121648
0.0164450,0.2121800
0.0164500,0.2121878
0.0164550,0.2121877
0.0164600,0.2121809
0.0164650,0.2121695
0.0164700,0.2121558
0.0164750,0.2121412
0.0164800,0.2121262
0.0164850,0.2121111
0.0164900,0.2120966
0.0164950,0.2120840
0.0165000,0.1986360
0.0165050,0.1986246
0.0165100,0.1986230
0.0165150,0.1986328
0.0165200,0.1986524
0.0165250,0.1986773
0.0165300,0.1987014
0.0165350,0.1987199
0.0165400,0.1987319
0.0165450,0.1987399
0.0165500,0.1987482
0.0165550,0.1987607
0.0165600,0.1987791
0.0165650,0.1988031
0.0165700,0.1988298
0.0165750,0.1988551
0.0165800,0.1988752
0.0165850,0.1988880
0.0165900,0.1988932
0.0165950,0.1988926
0.0166000,0.1927536
0.0166050,0.1927446
0.0166100,0.1927372
0.0166150,0.1927320
0.0166200,0.1927292
0.0166250,0.1927281
0.0166300,0.1927274
0.0166350,0.1927269
0.0166400,0.1927285
0.0166450,0.1927347
0.0166500,0.1927468
0.0166550,0.1927633
0.0166600,0.1927812
0.0166650,0.1927971
0.0166700,0.1928093
0.0166750,0.1928175
0.0166800,0.1928230
0.0166850,0.1928272
0.0166900,0.1928324
0.0166950,0.1928411
0.0167000,0.2158379
0.0167050,0.2158454
0.0167100,0.2158613
0.0167150,0.2158837
0.0167200,0.2159105
0.0167250,0.2159409
0.0167300,0.2159750
0.0167350,0.2160126
0.0167400,0.2160522
0.0167450,0.2160906
0.0167500,0.2161245
0.0167550,0.2161524
0.0167600,0.2161735
0.0167650,0.2161878
0.0167700,0.2161958
0.0167750,0.2161986
0.0167800,0.2161977
0.0167850,0.2161946
0.0167900,0.2161911
0.0167950,0.2161885
0.0168000,0.2067116
0.0168050,0.2067047
0.0168100,0.2067060
0.0168150,0.2067146
0.0168200,0.2067279
0.0168250,0.2067432
0.0168300,0.2067580
0.0168350,0.2067715
0.0168400,0.2067830
0.0168450,0.2067919
0.0168500,0.2067984
0.0168550,0.2068033
0.0168600,0.2068078
0.0168650,0.2068128
0.0168700,0.2068181
0.0168750,0.2068226
0.0168800,0.2068240
0.0168850,0.2068211
0.0168900,0.2068148
0.0168950,0.2068091
0.0169000,0.2214214
0.0169050,0.2214123
0.0169100,0.2214122
0.0169150,0.2214169
0.0169200,0.2214206
0.0169250,0.2214189
0.0169300,0.2214110
0.0169350,0.2214003
0.0169400,0.2213916
0.0169450,0.2213888
0.0169500,0.2213929
0.0169550,0.2214019
0.0169600,0.2214123
0.0169650,0.2214200
0.0169700,0.2214227
0.0169750,0.2214210
0.0169800,0.2214188
0.0169850,0.2214204
0.0169900,0.2214284
0.0169950,0.2214431
0.0170000,0.2621646
0.0170050,0.2621733
0.0170100,0.2621867
0.0170150,0.2622030
0.0170200,0.2622191
0.0170250,0.2622321
0.0170300,0.2622413
0.0170350,0.2622487
0.0170400,0.2622572
0.0170450,0.2622688
0.0170500,0.2622844
0.0170550,0.2623037
0.0170600,0.2623266
0.0170650,0.2623539
0.0170700,0.2623870
0.0170750,0.2624259
0.0170800,0.2624681
0.0170850,0.2625090
0.0170900,0.2625446
0.0170950,0.2625733
0.0171000,0.2214852
0.0171050,0.2214897
0.0171100,0.2214984
0.0171150,0.2215118
0.0171200,0.2215301
0.0171250,0.2215528
0.0171300,0.2215797
0.0171350,0.2216110
0.0171400,0.2216465
0.0171450,0.2216843
0.0171500,0.2217217
0.0171550,0.2217563
0.0171600,0.2217869
0.0171650,0.2218130
0.0171700,0.2218352
0.0171750,0.2218540
0.0171800,0.2218709
0.0171850,0.2218874
0.0171900,0.2219045
0.0171950,0.2219224
0.0172000,0.1759074
0.0172050,0.1759036
0.0172100,0.1759003
0.0172150,0.1759005
0.0172200,0.1759069
0.0172250,0.1759206
0.0172300,0.1759404
0.0172350,0.1759632
0.0172400,0.1759855
0.0172450,0.1760043
0.0172500,0.1760184
0.0172550,0.1760291
0.0172600,0.1760384
0.0172650,0.1760474
0.0172700,0.1760559
0.0172750,0.1760641
0.0172800,0.1760718
0.0172850,0.1760772
0.0172900,0.1760781
0.0172950,0.1760741
0.0173000,0.1846768
0.0173050,0.1846610
0.0173100,0.1846489
0.0173150,0.1846400
0.0173200,0.1846324
0.0173250,0.1846252
0.0173300,0.1846191
0.0173350,0.1846157
0.0173400,0.1846161
0.0173450,0.1846210
0.0173500,0.1846309
0.0173550,0.1846459
0.0173600,0.1846656
0.0173650,0.1846884
0.0173700,0.1847115
0.0173750,0.1847321
0.0173800,0.1847495
0.0173850,0.1847643
0.0173900,0.1847780
0.0173950,0.1847916
0.0174000,0.1929265
0.0174050,0.1929315
0.0174100,0.1929409
0.0174150,0.1929530
0.0174200,0.1929643
0.0174250,0.1929722
0.0174300,0.1929772
0.0174350,0.1929823
0.0174400,0.1929912
0.0174450,0.1930054
0.0174500,0.1930234
0.0174550,0.1930412
0.0174600,0.1930545
0.0174650,0.1930607
0.0174700,0.1930602
0.0174750,0.1930559
0.0174800,0.1930520
0.0174850,0.1930522
0.0174900,0.1930583
0.0174950,0.1930696
0.0175000,0.1928547
0.0175050,0.1928595
0.0175100,0.1928657
0.0175150,0.1928735
0.0175200,0.1928826
0.0175250,0.1928918
0.0175300,0.1928994
0.0175350,0.1929035
0.0175400,0.1929030
0.0175450,0.1928974
0.0175500,0.1928870
0.0175550,0.1928730
0.0175600,0.1928585
0.0175650,0.1928466
0.0175700,0.1928387
0.0175750,0.1928346
0.0175800,0.1928333
0.0175850,0.1928348
0.0175900,0.1928391
0.0175950,0.1928457
0.0176000,0.2065785
0.0176050,0.2065736
0.0176100,0.2065717
0.0176150,0.2065736
0.0176200,0.2065788
0.0176250,0.2065864
0.0176300,0.2065952
0.0176350,0.2066039
0.0176400,0.2066114
0.0176450,0.2066163
0.0176500,0.2066177
0.0176550,0.2066157
0.0176600,0.2066116
0.0176650,0.2066070
0.0176700,0.2066029
0.0176750,0.2065994
0.0176800,0.2065964
0.0176850,0.2065931
0.0176900,0.2065900
0.0176950,0.2065897
0.0177000,0.2083366
0.0177050,0.2083448
0.0177100,0.2083595
0.0177150,0.2083781
0.0177200,0.2083981
0.0177250,0.2084183
0.0177300,0.2084381
0.0177350,0.2084578
0.0177400,0.2084778
0.0177450,0.2084983
0.0177500,0.2085188
0.0177550,0.2085384
0.0177600,0.2085562
0.0177650,0.2085717
0.0177700,0.2085844
0.0177750,0.2085944
0.0177800,0.2086025
0.0177850,0.2086093
0.0177900,0.2086151
0.0177950,0.2086201
0.0178000,0.2068471
0.0178050,0.2068491
0.0178100,0.2068543
0.0178150,0.2068609
0.0178200,0.2068675
0.0178250,0.2068736
0.0178300,0.2068791
0.0178350,0.2068846
0.0178400,0.2068910
0.0178450,0.2069000
0.0178500,0.2069129
0.0178550,0.2069280
0.0178600,0.2069410
0.0178650,0.2069477
0.0178700,0.2069471
0.0178750,0.2069412
0.0178800,0.2069328
0.0178850,0.2069250
0.0178900,0.2069207
0.0178950,0.2069224
0.0179000,0.1990211
0.0179050,0.1990310
0.0179100,0.1990439
0.0179150,0.1990587
0.0179200,0.1990738
0.0179250,0.1990874
0.0179300,0.1990989
0.0179350,0.1991091
0.0179400,0.1991185
0.0179450,0.1991265
0.0179500,0.1991326
0.0179550,0.1991368
0.0179600,0.1991392
0.0179650,0.1991394
0.0179700,0.1991385
0.0179750,0.1991387
0.0179800,0.1991422
0.0179850,0.1991505
0.0179900,0.1991631
0.0179950,0.1991782
0.0180000,0.2215676
0.0180050,0.2215613
0.0180100,0.2215547
0.0180150,0.2215494
0.0180200,0.2215469
0.0180250,0.2215485
0.0180300,0.2215545
0.0180350,0.2215643
0.0180400,0.2215772
0.0180450,0.2215927
0.0180500,0.2216103
0.0180550,0.2216288
0.0180600,0.2216468
0.0180650,0.2216633
0.0180700,0.2216775
0.0180750,0.2216886
0.0180800,0.2216951
0.0180850,0.2216953
0.0180900,0.2216888
0.0180950,0.2216776
0.0181000,0.2197927
0.0181050,0.2197800
0.0181100,0.2197713
0.0181150,0.2197666
0.0181200,0.2197652
0.0181250,0.2197664
0.0181300,0.2197685
0.0181350,0.2197708
0.0181400,0.2197756
0.0181450,0.2197855
0.0181500,0.2198002
0.0181550,0.2198169
0.0181600,0.2198332
0.0181650,0.2198475
0.0181700,0.2198589
0.0181750,0.2198665
0.0181800,0.2198701
0.0181850,0.2198710
0.0181900,0.2198715
0.0181950,0.2198733
0.0182000,0.2009089
0.0182050,0.2009076
0.0182100,0.2009072
0.0182150,0.2009081
0.0182200,0.2009113
0.0182250,0.2009176
0.0182300,0.2009272
0.0182350,0.2009381
0.0182400,0.2009477
0.0182450,0.2009541
0.0182500,0.2009560
0.0182550,0.2009535
0.0182600,0.2009482
0.0182650,0.2009418
0.0182700,0.2009358
0.0182750,0.2009320
0.0182800,0.2009320
0.0182850,0.2009351
0.0182900,0.2009387
0.0182950,0.2009398
0.0183000,0.1988212
0.0183050,0.1988096
0.0183100,0.1987996
0.0183150,0.1987934
0.0183200,0.1987918
0.0183250,0.1987953
0.0183300,0.1988037
0.0183350,0.1988171
0.0183400,0.1988341
0.0183450,0.1988532
0.0183500,0.1988737
0.0183550,0.1988962
0.0183600,0.1989216
0.0183650,0.1989492
0.0183700,0.1989774
0.0183750,0.1990036
0.0183800,0.1990245
0.0183850,0.1990381
0.0183900,0.1990466
0.0183950,0.1990545
0.0184000,0.2214250
0.0184050,0.2214350
0.0184100,0.2214499
0.0184150,0.2214695
0.0184200,0.2214933
0.0184250,0.2215194
0.0184300,0.2215448
0.0184350,0.2215671
0.0184400,0.2215843
0.0184450,0.2215955
0.0184500,0.2216011
0.0184550,0.2216042
0.0184600,0.2216074
0.0184650,0.2216103
0.0184700,0.2216106
0.0184750,0.2216063
0.0184800,0.2215972
0.0184850,0.2215850
0.0184900,0.2215723
0.0184950,0.2215623
0.0185000,0.2266932
0.0185050,0.2266957
0.0185100,0.2267066
0.0185150,0.2267249
0.0185200,0.2267470
0.0185250,0.2267687
0.0185300,0.2267881
0.0185350,0.2268064
0.0185400,0.2268260
0.0185450,0.2268481
0.0185500,0.2268713
0.0185550,0.2268930
0.0185600,0.2269105
0.0185650,0.2269225
0.0185700,0.2269295
0.0185750,0.2269329
0.0185800,0.2269340
0.0185850,0.2269330
0.0185900,0.2269301
0.0185950,0.2269282
0.0186000,0.2066038
0.0186050,0.2066068
0.0186100,0.2066146
0.0186150,0.2066248
0.0186200,0.2066372
0.0186250,0.2066528
0.0186300,0.2066716
0.0186350,0.2066920
0.0186400,0.2067124
0.0186450,0.2067318
0.0186500,0.2067491
0.0186550,0.2067633
0.0186600,0.2067729
0.0186650,0.2067777
0.0186700,0.2067795
0.0186750,0.2067827
0.0186800,0.2067935
0.0186850,0.2068152
0.0186900,0.2068455
0.0186950,0.2068791
0.0187000,0.1665179
0.0187050,0.1665372
0.0187100,0.1665484
0.0187150,0.1665519
0.0187200,0.1665499
0.0187250,0.1665456
0.0187300,0.1665414
0.0187350,0.1665373
0.0187400,0.1665329
0.0187450,0.1665285
0.0187500,0.1665235
0.0187550,0.1665169
0.0187600,0.1665088
0.0187650,0.1665029
0.0187700,0.1665039
0.0187750,0.1665137
0.0187800,0.1665295
0.0187850,0.1665465
0.0187900,0.1665607
0.0187950,0.1665693
0.0188000,0.2283883
0.0188050,0.2283767
0.0188100,0.2283714
0.0188150,0.2283764
0.0188200,0.2283931
0.0188250,0.2284203
0.0188300,0.2284547
0.0188350,0.2284920
0.0188400,0.2285272
0.0188450,0.2285570
0.0188500,0.2285806
0.0188550,0.2286000
0.0188600,0.2286175
0.0188650,0.2286339
0.0188700,0.2286473
0.0188750,0.2286550
0.0188800,0.2286557
0.0188850,0.2286505
0.0188900,0.2286423
0.0188950,0.2286348
0.0189000,0.2299686
0.0189050,0.2299697
0.0189100,0.2299796
0.0189150,0.2299948
0.0189200,0.2300114
0.0189250,0.2300253
0.0189300,0.2300339
0.0189350,0.2300353
0.0189400,0.2300291
0.0189450,0.2300159
0.0189500,0.2299974
0.0189550,0.2299765
0.0189600,0.2299563
0.0189650,0.2299395
0.0189700,0.2299276
0.0189750,0.2299212
0.0189800,0.2299207
0.0189850,0.2299262
0.0189900,0.2299374
0.0189950,0.2299532
0.0190000,0.2513647
0.0190050,0.2513744
0.0190100,0.2513900
0.0190150,0.2514072
0.0190200,0.2514219
0.0190250,0.2514314
0.0190300,0.2514354
0.0190350,0.2514363
0.0190400,0.2514376
0.0190450,0.2514421
0.0190500,0.2514490
0.0190550,0.2514558
0.0190600,0.2514599
0.0190650,0.2514610
0.0190700,0.2514607
0.0190750,0.2514615
0.0190800,0.2514663
0.0190850,0.2514771
0.0190900,0.2514947
0.0190950,0.2515185
0.0191000,0.2046660
0.0191050,0.2046742
0.0191100,0.2046871
0.0191150,0.2047049
0.0191200,0.2047259
0.0191250,0.2047477
0.0191300,0.2047685
0.0191350,0.2047869
0.0191400,0.2048015
0.0191450,0.2048116
0.0191500,0.2048182
0.0191550,0.2048240
0.0191600,0.2048306
0.0191650,0.2048374
0.0191700,0.2048429
0.0191750,0.2048464
0.0191800,0.2048479
0.0191850,0.2048483
0.0191900,0.2048490
0.0191950,0.2048527
0.0192000,0.1989091
0.0192050,0.1989332
0.0192100,0.1989667
0.0192150,0.1990043
0.0192200,0.1990406
0.0192250,0.1990727
0.0192300,0.1991005
0.0192350,0.1991240
0.0192400,0.1991436
0.0192450,0.1991608
0.0192500,0.1991765
0.0192550,0.1991908
0.0192600,0.1992027
0.0192650,0.1992112
0.0192700,0.1992152
0.0192750,0.1992142
0.0192800,0.1992087
0.0192850,0.1992014
0.0192900,0.1991961
0.0192950,0.1991965
0.0193000,0.2268451
0.0193050,0.2268463
0.0193100,0.2268535
0.0193150,0.2268633
0.0193200,0.2268744
0.0193250,0.2268869
0.0193300,0.2269012
0.0193350,0.2269164
0.0193400,0.2269311
0.0193450,0.2269450
0.0193500,0.2269584
0.0193550,0.2269707
0.0193600,0.2269801
0.0193650,0.2269865
0.0193700,0.2269928
0.0193750,0.2270040
0.0193800,0.2270238
0.0193850,0.2270534
0.0193900,0.2270907
0.0193950,0.2271315
0.0194000,0.2068702
0.0194050,0.2068744
0.0194100,0.2068777
0.0194150,0.2068803
0.0194200,0.2068825
0.0194250,0.2068844
0.0194300,0.2068857
0.0194350,0.2068867
0.0194400,0.2068882
0.0194450,0.2068908
0.0194500,0.2068937
0.0194550,0.2068953
0.0194600,0.2068951
0.0194650,0.2068931
0.0194700,0.2068896
0.0194750,0.2068855
0.0194800,0.2068825
0.0194850,0.2068813
0.0194900,0.2068797
0.0194950,0.2068755
0.0195000,0.2318994
0.0195050,0.2318802
0.0195100,0.2318670
0.0195150,0.2318612
0.0195200,0.2318642
0.0195250,0.2318762
0.0195300,0.2318956
0.0195350,0.2319182
0.0195400,0.2319388
0.0195450,0.2319532
0.0195500,0.2319603
0.0195550,0.2319619
0.0195600,0.2319607
0.0195650,0.2319605
0.0195700,0.2319656
0.0195750,0.2319772
0.0195800,0.2319914
0.0195850,0.2320035
0.0195900,0.2320116
0.0195950,0.2320176
0.0196000,0.1756120
0.0196050,0.1756133
0.0196100,0.1756282
0.0196150,0.1756522
0.0196200,0.1756795
0.0196250,0.1757051
0.0196300,0.1757264
0.0196350,0.1757422
0.0196400,0.1757530
0.0196450,0.1757615
0.0196500,0.1757710
0.0196550,0.1757834
0.0196600,0.1757989
0.0196650,0.1758165
0.0196700,0.1758357
0.0196750,0.1758567
0.0196800,0.1758792
0.0196850,0.1759017
0.0196900,0.1759221
0.0196950,0.1759394
0.0197000,0.1866694
0.0197050,0.1866756
0.0197100,0.1866894
0.0197150,0.1867094
0.0197200,0.1867324
0.0197250,0.1867541
0.0197300,0.1867701
0.0197350,0.1867789
0.0197400,0.1867831
0.0197450,0.1867880
0.0197500,0.1867960
0.0197550,0.1868065
0.0197600,0.1868175
0.0197650,0.1868272
0.0197700,0.1868343
0.0197750,0.1868380
0.0197800,0.1868387
0.0197850,0.1868386
0.0197900,0.1868410
0.0197950,0.1868475
0.0198000,0.2231480
0.0198050,0.2231618
0.0198100,0.2231847
0.0198150,0.2232122
0.0198200,0.2232397
0.0198250,0.2232645
0.0198300,0.2232860
0.0198350,0.2233047
0.0198400,0.2233211
0.0198450,0.2233354
0.0198500,0.2233469
0.0198550,0.2233558
0.0198600,0.2233617
0.0198650,0.2233636
0.0198700,0.2233608
0.0198750,0.2233548
0.0198800,0.2233482
0.0198850,0.2233431
0.0198900,0.2233406
0.0198950,0.2233409
0.0199000,0.2231926
0.0199050,0.2231904
0.0199100,0.2231884
0.0199150,0.2231854
0.0199200,0.2231813
0.0199250,0.2231769
0.0199300,0.2231736
0.0199350,0.2231723
0.0199400,0.2231738
0.0199450,0.2231780
0.0199500,0.2231847
0.0199550,0.2231935
0.0199600,0.2232043
0.0199650,0.2232161
0.0199700,0.2232284
0.0199750,0.2232411
0.0199800,0.2232543
0.0199850,0.2232683
0.0199900,0.2232825
0.0199950,0.2232961
0.0200000,0.2006165
0.0200050,0.2006045
0.0200100,0.2005947
0.0200150,0.2005899
0.0200200,0.2005927
0.0200250,0.2006038
0.0200300,0.2006226
0.0200350,0.2006480
0.0200400,0.2006777
0.0200450,0.2007098
0.0200500,0.2007427
0.0200550,0.2007751
0.0200600,0.2008054
0.0200650,0.2008318
0.0200700,0.2008529
0.0200750,0.2008670
0.0200800,0.2008727
0.0200850,0.2008698
0.0200900,0.2008596
0.0200950,0.2008442
0.0201000,0.1845225
0.0201050,0.1844973
0.0201100,0.1844789
0.0201150,0.1844657
0.0201200,0.1844548
0.0201250,0.1844435
0.0201300,0.1844298
0.0201350,0.1844145
0.0201400,0.1844011
0.0201450,0.1843947
0.0201500,0.1843987
0.0201550,0.1844126
0.0201600,0.1844329
0.0201650,0.1844545
0.0201700,0.1844741
0.0201750,0.1844915
0.0201800,0.1845082
0.0201850,0.1845262
0.0201900,0.1845454
0.0201950,0.1845650
0.0202000,0.2482279
0.0202050,0.2482321
0.0202100,0.2482408
0.0202150,0.2482505
0.0202200,0.2482584
0.0202250,0.2482635
0.0202300,0.2482673
0.0202350,0.2482720
0.0202400,0.2482796
0.0202450,0.2482922
0.0202500,0.2483115
0.0202550,0.2483367
0.0202600,0.2483651
0.0202650,0.2483932
0.0202700,0.2484184
0.0202750,0.2484393
0.0202800,0.2484564
0.0202850,0.2484718
0.0202900,0.2484873
0.0202950,0.2485036
0.0203000,0.2068491
0.0203050,0.2068604
0.0203100,0.2068758
0.0203150,0.2068945
0.0203200,0.2069157
0.0203250,0.2069387
0.0203300,0.2069616
0.0203350,0.2069820
0.0203400,0.2069981
0.0203450,0.2070092
0.0203500,0.2070147
0.0203550,0.2070141
0.0203600,0.2070086
0.0203650,0.2070012
0.0203700,0.2069947
0.0203750,0.2069908
0.0203800,0.2069903
0.0203850,0.2069930
0.0203900,0.2069983
0.0203950,0.2070051
0.0204000,0.1757800
0.0204050,0.1757866
0.0204100,0.1757975
0.0204150,0.1758099
0.0204200,0.1758224
0.0204250,0.1758345
0.0204300,0.1758468
0.0204350,0.1758598
0.0204400,0.1758731
0.0204450,0.1758861
0.0204500,0.1758981
0.0204550,0.1759086
0.0204600,0.1759170
0.0204650,0.1759222
0.0204700,0.1759233
0.0204750,0.1759199
0.0204800,0.1759129
0.0204850,0.1759035
0.0204900,0.1758930
0.0204950,0.1758823
0.0205000,0.1928791
0.0205050,0.1928793
0.0205100,0.1928827
0.0205150,0.1928873
0.0205200,0.1928916
0.0205250,0.1928955
0.0205300,0.1929001
0.0205350,0.1929065
0.0205400,0.1929163
0.0205450,0.1929304
0.0205500,0.1929499
0.0205550,0.1929751
0.0205600,0.1930042
0.0205650,0.1930342
0.0205700,0.1930621
0.0205750,0.1930863
0.0205800,0.1931063
0.0205850,0.1931226
0.0205900,0.1931361
0.0205950,0.1931473
0.0206000,0.2050208
0.0206050,0.2050172
0.0206100,0.2050150
0.0206150,0.2050150
0.0206200,0.2050176
0.0206250,0.2050232
0.0206300,0.2050316
0.0206350,0.2050421
0.0206400,0.2050527
0.0206450,0.2050609
0.0206500,0.2050652
0.0206550,0.2050655
0.0206600,0.2050627
0.0206650,0.2050577
0.0206700,0.2050521
0.0206750,0.2050475
0.0206800,0.2050447
0.0206850,0.2050423
0.0206900,0.2050398
0.0206950,0.2050380
0.0207000,0.2318288
0.0207050,0.2318228
0.0207100,0.2318193
0.0207150,0.2318172
0.0207200,0.2318167
0.0207250,0.2318193
0.0207300,0.2318268
0.0207350,0.2318393
0.0207400,0.2318556
0.0207450,0.2318730
0.0207500,0.2318888
0.0207550,0.2319006
0.0207600,0.2319074
0.0207650,0.2319098
0.0207700,0.2319100
0.0207750,0.2319104
0.0207800,0.2319119
0.0207850,0.2319138
0.0207900,0.2319158
0.0207950,0.2319175
0.0208000,0.2086499
0.0208050,0.2086433
0.0208100,0.2086355
0.0208150,0.2086313
0.0208200,0.2086346
0.0208250,0.2086448
0.0208300,0.2086585
0.0208350,0.2086711
0.0208400,0.2086792
0.0208450,0.2086818
0.0208500,0.2086808
0.0208550,0.2086798
0.0208600,0.2086821
0.0208650,0.2086894
0.0208700,0.2087010
0.0208750,0.2087139
0.0208800,0.2087245
0.0208850,0.2087296
0.0208900,0.2087286
0.0208950,0.2087242
0.0209000,0.2282435
0.0209050,0.2282441
0.0209100,0.2282550
0.0209150,0.2282748
0.0209200,0.2283003
0.0209250,0.2283280
0.0209300,0.2283549
0.0209350,0.2283799
0.0209400,0.2284045
0.0209450,0.2284303
0.0209500,0.2284578
0.0209550,0.2284867
0.0209600,0.2285167
0.0209650,0.2285474
0.0209700,0.2285782
0.0209750,0.2286084
0.0209800,0.2286367
0.0209850,0.2286618
0.0209900,0.2286833
0.0209950,0.2287017
0.0210000,0.2085209
0.0210050,0.2085341
0.0210100,0.2085472
0.0210150,0.2085607
0.0210200,0.2085752
0.0210250,0.2085906
0.0210300,0.2086063
0.0210350,0.2086218
0.0210400,0.2086369
0.0210450,0.2086506
0.0210500,0.2086626
0.0210550,0.2086735
0.0210600,0.2086843
0.0210650,0.2086960
0.0210700,0.2087093
0.0210750,0.2087245
0.0210800,0.2087410
0.0210850,0.2087576
0.0210900,0.2087731
0.0210950,0.2087868
0.0211000,0.2215174
0.0211050,0.2215258
0.0211100,0.2215403
0.0211150,0.2215593
0.0211200,0.2215803
0.0211250,0.2216014
0.0211300,0.2216225
0.0211350,0.2216436
0.0211400,0.2216644
0.0211450,0.2216845
0.0211500,0.2217043
0.0211550,0.2217252
0.0211600,0.2217472
0.0211650,0.2217692
0.0211700,0.2217901
0.0211750,0.2218089
0.0211800,0.2218247
0.0211850,0.2218373
0.0211900,0.2218469
0.0211950,0.2218545
0.0212000,0.2286013
0.0212050,0.2286007
0.0212100,0.2285985
0.0212150,0.2285940
0.0212200,0.2285874
0.0212250,0.2285795
0.0212300,0.2285722
0.0212350,0.2285677
0.0212400,0.2285672
0.0212450,0.2285708
0.0212500,0.2285781
0.0212550,0.2285888
0.0212600,0.2286027
0.0212650,0.2286197
0.0212700,0.2286394
0.0212750,0.2286605
0.0212800,0.2286808
0.0212850,0.2286985
0.0212900,0.2287128
0.0212950,0.2287245
0.0213000,0.1929565
0.0213050,0.1929706
0.0213100,0.1929843
0.0213150,0.1929960
0.0213200,0.1930044
0.0213250,0.1930090
0.0213300,0.1930098
0.0213350,0.1930078
0.0213400,0.1930051
0.0213450,0.1930032
0.0213500,0.1930027
0.0213550,0.1930027
0.0213600,0.1930024
0.0213650,0.1930013
0.0213700,0.1929996
0.0213750,0.1929980
0.0213800,0.1929973
0.0213850,0.1929983
0.0213900,0.1930020
0.0213950,0.1930078
0.0214000,0.1758379
0.0214050,0.1758371
0.0214100,0.1758379
0.0214150,0.1758409
0.0214200,0.1758464
0.0214250,0.1758551
0.0214300,0.1758673
0.0214350,0.1758824
0.0214400,0.1758994
0.0214450,0.1759161
0.0214500,0.1759302
0.0214550,0.1759387
0.0214600,0.1759401
0.0214650,0.1759348
0.0214700,0.1759248
0.0214750,0.1759129
0.0214800,0.1759013
0.0214850,0.1758901
0.0214900,0.1758783
0.0214950,0.1758643
0.0215000,0.2009055
0.0215050,0.2008950
0.0215100,0.2008898
0.0215150,0.2008866
0.0215200,0.2008821
0.0215250,0.2008743
0.0215300,0.2008635
0.0215350,0.2008515
0.0215400,0.2008409
0.0215450,0.2008337
0.0215500,0.2008306
0.0215550,0.2008316
0.0215600,0.2008356
0.0215650,0.2008396
0.0215700,0.2008411
0.0215750,0.2008398
0.0215800,0.2008382
0.0215850,0.2008397
0.0215900,0.2008459
0.0215950,0.2008561
0.0216000,0.2416140
0.0216050,0.2416337
0.0216100,0.2416506
0.0216150,0.2416615
0.0216200,0.2416672
0.0216250,0.2416719
0.0216300,0.2416816
0.0216350,0.2417016
0.0216400,0.2417327
0.0216450,0.2417711
0.0216500,0.2418109
0.0216550,0.2418468
0.0216600,0.2418759
0.0216650,0.2418973
0.0216700,0.2419127
0.0216750,0.2419255
0.0216800,0.2419399
0.0216850,0.2419589
0.0216900,0.2419826
0.0216950,0.2420089
0.0217000,0.2467011
0.0217050,0.2467194
0.0217100,0.2467433
0.0217150,0.2467678
0.0217200,0.2467894
0.0217250,0.2468069
0.0217300,0.2468212
0.0217350,0.2468339
0.0217400,0.2468467
0.0217450,0.2468600
0.0217500,0.2468723
0.0217550,0.2468806
0.0217600,0.2468823
0.0217650,0.2468782
0.0217700,0.2468733
0.0217750,0.2468741
0.0217800,0.2468846
0.0217850,0.2469048
0.0217900,0.2469317
0.0217950,0.2469615
0.0218000,0.2161154
0.0218050,0.2161279
0.0218100,0.2161376
0.0218150,0.2161438
0.0218200,0.2161481
0.0218250,0.2161534
0.0218300,0.2161627
0.0218350,0.2161762
0.0218400,0.2161910
0.0218450,0.2162041
0.0218500,0.2162140
0.0218550,0.2162213
0.0218600,0.2162274
0.0218650,0.2162331
0.0218700,0.2162390
0.0218750,0.2162452
0.0218800,0.2162510
0.0218850,0.2162552
0.0218900,0.2162567
0.0218950,0.2162552
0.0219000,0.1929038
0.0219050,0.1928998
0.0219100,0.1929003
0.0219150,0.1929064
0.0219200,0.1929186
0.0219250,0.1929348
0.0219300,0.1929519
0.0219350,0.1929682
0.0219400,0.1929830
0.0219450,0.1929963
0.0219500,0.1930078
0.0219550,0.1930173
0.0219600,0.1930256
0.0219650,0.1930339
0.0219700,0.1930424
0.0219750,0.1930498
0.0219800,0.1930546
0.0219850,0.1930569
0.0219900,0.1930585
0.0219950,0.1930630
0.0220000,0.2009522
0.0220050,0.2009696
0.0220100,0.2009893
0.0220150,0.2010073
0.0220200,0.2010213
0.0220250,0.2010331
0.0220300,0.2010453
0.0220350,0.2010594
0.0220400,0.2010748
0.0220450,0.2010907
0.0220500,0.2011069
0.0220550,0.2011238
0.0220600,0.2011411
0.0220650,0.2011564
0.0220700,0.2011676
0.0220750,0.2011742
0.0220800,0.2011783
0.0220850,0.2011823
0.0220900,0.2011872
0.0220950,0.2011926
0.0221000,0.2214289
0.0221050,0.2214173
0.0221100,0.2214152
0.0221150,0.2214212
0.0221200,0.2214319
0.0221250,0.2214428
0.0221300,0.2214496
0.0221350,0.2214498
0.0221400,0.2214456
0.0221450,0.2214431
0.0221500,0.2214482
0.0221550,0.2214618
0.0221600,0.2214801
0.0221650,0.2214976
0.0221700,0.2215092
0.0221750,0.2215127
0.0221800,0.2215098
0.0221850,0.2215056
0.0221900,0.2215055
0.0221950,0.2215124
0.0222000,0.2159334
0.0222050,0.2159395
0.0222100,0.2159530
0.0222150,0.2159694
0.0222200,0.2159845
0.0222250,0.2159972
0.0222300,0.2160104
0.0222350,0.2160280
0.0222400,0.2160513
0.0222450,0.2160787
0.0222500,0.2161079
0.0222550,0.2161364
0.0222600,0.2161617
0.0222650,0.2161823
0.0222700,0.2161979
0.0222750,0.2162100
0.0222800,0.2162212
0.0222850,0.2162334
0.0222900,0.2162476
0.0222950,0.2162640
0.0223000,0.1990736
0.0223050,0.1991015
0.0223100,0.1991298
0.0223150,0.1991561
0.0223200,0.1991798
0.0223250,0.1992002
0.0223300,0.1992154
0.0223350,0.1992243
0.0223400,0.1992284
0.0223450,0.1992298
0.0223500,0.1992295
0.0223550,0.1992266
0.0223600,0.1992202
0.0223650,0.1992103
0.0223700,0.1991978
0.0223750,0.1991833
0.0223800,0.1991683
0.0223850,0.1991545
0.0223900,0.1991438
0.0223950,0.1991364
0.0224000,0.2068137
0.0224050,0.2068022
0.0224100,0.2067935
0.0224150,0.2067886
0.0224200,0.2067869
0.0224250,0.2067878
0.0224300,0.2067917
0.0224350,0.2067991
0.0224400,0.2068089
0.0224450,0.2068186
0.0224500,0.2068260
0.0224550,0.2068306
0.0224600,0.2068328
0.0224650,0.2068337
0.0224700,0.2068347
0.0224750,0.2068378
0.0224800,0.2068438
0.0224850,0.2068519
0.0224900,0.2068605
0.0224950,0.2068690
0.0225000,0.2143464
0.0225050,0.2143490
0.0225100,0.2143606
0.0225150,0.2143783
0.0225200,0.2143987
0.0225250,0.2144188
0.0225300,0.2144367
0.0225350,0.2144508
0.0225400,0.2144610
0.0225450,0.2144691
0.0225500,0.2144780
0.0225550,0.2144897
0.0225600,0.2145044
0.0225650,0.2145205
0.0225700,0.2145366
0.0225750,0.2145517
0.0225800,0.2145649
0.0225850,0.2145751
0.0225900,0.2145823
0.0225950,0.2145881
0.0226000,0.1987516
0.0226050,0.1987587
0.0226100,0.1987749
0.0226150,0.1987981
0.0226200,0.1988250
0.0226250,0.1988519
0.0226300,0.1988742
0.0226350,0.1988879
0.0226400,0.1988921
0.0226450,0.1988913
0.0226500,0.1988924
0.0226550,0.1989007
0.0226600,0.1989166
0.0226650,0.1989367
0.0226700,0.1989561
0.0226750,0.1989697
0.0226800,0.1989743
0.0226850,0.1989694
0.0226900,0.1989592
0.0226950,0.1989518
0.0227000,0.2351389
0.0227050,0.2351416
0.0227100,0.2351503
0.0227150,0.2351627
0.0227200,0.2351770
0.0227250,0.2351917
0.0227300,0.2352063
0.0227350,0.2352211
0.0227400,0.2352375
0.0227450,0.2352567
0.0227500,0.2352781
0.0227550,0.2352998
0.0227600,0.2353202
0.0227650,0.2353387
0.0227700,0.2353547
0.0227750,0.2353682
0.0227800,0.2353802
0.0227850,0.2353915
0.0227900,0.2354019
0.0227950,0.2354102
0.0228000,0.2048546
0.0228050,0.2048631
0.0228100,0.2048741
0.0228150,0.2048863
0.0228200,0.2048991
0.0228250,0.2049125
0.0228300,0.2049252
0.0228350,0.2049352
0.0228400,0.2049400
0.0228450,0.2049381
0.0228500,0.2049300
0.0228550,0.2049191
0.0228600,0.2049094
0.0228650,0.2049037
0.0228700,0.2049032
0.0228750,0.2049085
0.0228800,0.2049194
0.0228850,0.2049343
0.0228900,0.2049504
0.0228950,0.2049642
0.0229000,0.2141878
0.0229050,0.2141767
0.0229100,0.2141668
0.0229150,0.2141588
0.0229200,0.2141527
0.0229250,0.2141476
0.0229300,0.2141415
0.0229350,0.2141328
0.0229400,0.2141205
0.0229450,0.2141048
0.0229500,0.2140868
0.0229550,0.2140679
0.0229600,0.2140501
0.0229650,0.2140351
0.0229700,0.2140240
0.0229750,0.2140173
0.0229800,0.2140148
0.0229850,0.2140162
0.0229900,0.2140213
0.0229950,0.2140294
0.0230000,0.2063772
0.0230050,0.2063802
0.0230100,0.2063826
0.0230150,0.2063842
0.0230200,0.2063862
0.0230250,0.2063908
0.0230300,0.2063985
0.0230350,0.2064086
0.0230400,0.2064204
0.0230450,0.2064329
0.0230500,0.2064453
0.0230550,0.2064568
0.0230600,0.2064681
0.0230650,0.2064805
0.0230700,0.2064949
0.0230750,0.2065117
0.0230800,0.2065310
0.0230850,0.2065525
0.0230900,0.2065742
0.0230950,0.2065936
0.0231000,0.2138925
0.0231050,0.2139107
0.0231100,0.2139377
0.0231150,0.2139702
0.0231200,0.2140048
0.0231250,0.2140392
0.0231300,0.2140717
0.0231350,0.2141013
0.0231400,0.2141270
0.0231450,0.2141477
0.0231500,0.2141631
0.0231550,0.2141740
0.0231600,0.2141821
0.0231650,0.2141887
0.0231700,0.2141939
0.0231750,0.2141976
0.0231800,0.2142006
0.0231850,0.2142050
0.0231900,0.2142142
0.0231950,0.2142302
0.0232000,0.2084784
0.0232050,0.2085022
0.0232100,0.2085304
0.0232150,0.2085599
0.0232200,0.2085868
0.0232250,0.2086073
0.0232300,0.2086194
0.0232350,0.2086233
0.0232400,0.2086225
0.0232450,0.2086211
0.0232500,0.2086220
0.0232550,0.2086250
0.0232600,0.2086288
0.0232650,0.2086317
0.0232700,0.2086330
0.0232750,0.2086328
0.0232800,0.2086318
0.0232850,0.2086311
0.0232900,0.2086325
0.0232950,0.2086387
0.0233000,0.2264984
0.0233050,0.2265142
0.0233100,0.2265334
0.0233150,0.2265526
0.0233200,0.2265710
0.0233250,0.2265898
0.0233300,0.2266119
0.0233350,0.2266390
0.0233400,0.2266698
0.0233450,0.2267016
0.0233500,0.2267310
0.0233550,0.2267553
0.0233600,0.2267734
0.0233650,0.2267860
0.0233700,0.2267957
0.0233750,0.2268061
0.0233800,0.2268193
0.0233850,0.2268353
0.0233900,0.2268526
0.0233950,0.2268689
0.0234000,0.1845241
0.0234050,0.1845276
0.0234100,0.1845329
0.0234150,0.1845395
0.0234200,0.1845476
0.0234250,0.1845581
0.0234300,0.1845728
0.0234350,0.1845935
0.0234400,0.1846210
0.0234450,0.1846540
0.0234500,0.1846891
0.0234550,0.1847217
0.0234600,0.1847485
0.0234650,0.1847682
0.0234700,0.1847828
0.0234750,0.1847960
0.0234800,0.1848114
0.0234850,0.1848311
0.0234900,0.1848543
0.0234950,0.1848778
0.0235000,0.2143805
0.0235050,0.2143887
0.0235100,0.2143967
0.0235150,0.2144027
0.0235200,0.2144060
0.0235250,0.2144078
0.0235300,0.2144106
0.0235350,0.2144161
0.0235400,0.2144243
0.0235450,0.2144343
0.0235500,0.2144443
0.0235550,0.2144523
0.0235600,0.2144572
0.0235650,0.2144596
0.0235700,0.2144608
0.0235750,0.2144620
0.0235800,0.2144637
0.0235850,0.2144660
0.0235900,0.2144693
0.0235950,0.2144741
0.0236000,0.1930848
0.0236050,0.1930863
0.0236100,0.1930908
0.0236150,0.1930998
0.0236200,0.1931147
0.0236250,0.1931361
0.0236300,0.1931633
0.0236350,0.1931943
0.0236400,0.1932268
0.0236450,0.1932587
0.0236500,0.1932888
0.0236550,0.1933169
0.0236600,0.1933426
0.0236650,0.1933656
0.0236700,0.1933852
0.0236750,0.1934018
0.0236800,0.1934164
0.0236850,0.1934295
0.0236900,0.1934410
0.0236950,0.1934499
0.0237000,0.1846447
0.0237050,0.1846509
0.0237100,0.1846660
0.0237150,0.1846913
0.0237200,0.1847243
0.0237250,0.1847605
0.0237300,0.1847956
0.0237350,0.1848264
0.0237400,0.1848518
0.0237450,0.1848715
0.0237500,0.1848867
0.0237550,0.1848988
0.0237600,0.1849087
0.0237650,0.1849161
0.0237700,0.1849199
0.0237750,0.1849196
0.0237800,0.1849154
0.0237850,0.1849085
0.0237900,0.1849006
0.0237950,0.1848929
0.0238000,0.2284766
0.0238050,0.2284589
0.0238100,0.2284529
0.0238150,0.2284590
0.0238200,0.2284742
0.0238250,0.2284937
0.0238300,0.2285130
0.0238350,0.2285295
0.0238400,0.2285420
0.0238450,0.2285513
0.0238500,0.2285599
0.0238550,0.2285711
0.0238600,0.2285873
0.0238650,0.2286085
0.0238700,0.2286304
0.0238750,0.2286482
0.0238800,0.2286583
0.0238850,0.2286593
0.0238900,0.2286520
0.0238950,0.2286385
0.0239000,0.1988782
0.0239050,0.1988537
0.0239100,0.1988339
0.0239150,0.1988191
0.0239200,0.1988079
0.0239250,0.1987990
0.0239300,0.1987913
0.0239350,0.1987849
0.0239400,0.1987815
0.0239450,0.1987839
0.0239500,0.1987934
0.0239550,0.1988086
0.0239600,0.1988257
0.0239650,0.1988412
0.0239700,0.1988527
0.0239750,0.1988591
0.0239800,0.1988610
0.0239850,0.1988612
0.0239900,0.1988630
0.0239950,0.1988674
0.0240000,0.2159037
0.0240050,0.2159084
0.0240100,0.2159148
0.0240150,0.2159221
0.0240200,0.2159287
0.0240250,0.2159319
0.0240300,0.2159294
0.0240350,0.2159218
0.0240400,0.2159115
0.0240450,0.2159004
0.0240500,0.2158899
0.0240550,0.2158812
0.0240600,0.2158758
0.0240650,0.2158738
0.0240700,0.2158745
0.0240750,0.2158773
0.0240800,0.2158823
0.0240850,0.2158893
0.0240900,0.2158971
0.0240950,0.2159039
0.0241000,0.1924937
0.0241050,0.1925043
0.0241100,0.1925170
0.0241150,0.1925284
0.0241200,0.1925347
0.0241250,0.1925348
0.0241300,0.1925306
0.0241350,0.1925254
0.0241400,0.1925218
0.0241450,0.1925219
0.0241500,0.1925265
0.0241550,0.1925349
0.0241600,0.1925457
0.0241650,0.1925572
0.0241700,0.1925679
0.0241750,0.1925766
0.0241800,0.1925839
0.0241850,0.1925917
0.0241900,0.1926031
0.0241950,0.1926199
0.0242000,0.2006720
0.0242050,0.2006899
0.0242100,0.2007101
0.0242150,0.2007291
0.0242200,0.2007463
0.0242250,0.2007632
0.0242300,0.2007818
0.0242350,0.2008038
0.0242400,0.2008294
0.0242450,0.2008579
0.0242500,0.2008873
0.0242550,0.2009149
0.0242600,0.2009388
0.0242650,0.2009580
0.0242700,0.2009719
0.0242750,0.2009797
0.0242800,0.2009817
0.0242850,0.2009800
0.0242900,0.2009786
0.0242950,0.2009791
0.0243000,0.1926874
0.0243050,0.1926670
0.0243100,0.1926492
0.0243150,0.1926361
0.0243200,0.1926289
0.0243250,0.1926276
0.0243300,0.1926317
0.0243350,0.1926404
0.0243400,0.1926527
0.0243450,0.1926676
0.0243500,0.1926845
0.0243550,0.1927025
0.0243600,0.1927215
0.0243650,0.1927412
0.0243700,0.1927611
0.0243750,0.1927804
0.0243800,0.1927981
0.0243850,0.1928137
0.0243900,0.1928273
0.0243950,0.1928406
0.0244000,0.1844218
0.0244050,0.1844113
0.0244100,0.1844036
0.0244150,0.1843973
0.0244200,0.1843910
0.0244250,0.1843843
0.0244300,0.1843781
0.0244350,0.1843738
0.0244400,0.1843722
0.0244450,0.1843742
0.0244500,0.1843807
0.0244550,0.1843907
0.0244600,0.1844021
0.0244650,0.1844120
0.0244700,0.1844191
0.0244750,0.1844234
0.0244800,0.1844256
0.0244850,0.1844282
0.0244900,0.1844339
0.0244950,0.1844445
0.0245000,0.2007953
0.0245050,0.2008115
0.0245100,0.2008265
0.0245150,0.2008389
0.0245200,0.2008489
0.0245250,0.2008575
0.0245300,0.2008663
0.0245350,0.2008769
0.0245400,0.2008898
0.0245450,0.2009050
0.0245500,0.2009214
0.0245550,0.2009380
0.0245600,0.2009544
0.0245650,0.2009705
0.0245700,0.2009876
0.0245750,0.2010072
0.0245800,0.2010303
0.0245850,0.2010562
0.0245900,0.2010829
0.0245950,0.2011084
0.0246000,0.1929356
0.0246050,0.1929356
0.0246100,0.1929374
0.0246150,0.1929418
0.0246200,0.1929502
0.0246250,0.1929635
0.0246300,0.1929813
0.0246350,0.1930014
0.0246400,0.1930216
0.0246450,0.1930403
0.0246500,0.1930568
0.0246550,0.1930718
0.0246600,0.1930868
0.0246650,0.1931027
0.0246700,0.1931185
0.0246750,0.1931326
0.0246800,0.1931438
0.0246850,0.1931524
0.0246900,0.1931590
0.0246950,0.1931648
0.0247000,0.2160397
0.0247050,0.2160305
0.0247100,0.2160307
0.0247150,0.2160397
0.0247200,0.2160562
0.0247250,0.2160777
0.0247300,0.2161016
0.0247350,0.2161260
0.0247400,0.2161501
0.0247450,0.2161733
0.0247500,0.2161942
0.0247550,0.2162108
0.0247600,0.2162212
0.0247650,0.2162245
0.0247700,0.2162208
0.0247750,0.2162114
0.0247800,0.2161983
0.0247850,0.2161841
0.0247900,0.2161711
0.0247950,0.2161613
0.0248000,0.2140701
0.0248050,0.2140739
0.0248100,0.2140808
0.0248150,0.2140898
0.0248200,0.2141003
0.0248250,0.2141122
0.0248300,0.2141249
0.0248350,0.2141372
0.0248400,0.2141472
0.0248450,0.2141537
0.0248500,0.2141561
0.0248550,0.2141557
0.0248600,0.2141539
0.0248650,0.2141525
0.0248700,0.2141529
0.0248750,0.2141560
0.0248800,0.2141623
0.0248850,0.2141716
0.0248900,0.2141835
0.0248950,0.2141977
0.0249000,0.2450962
0.0249050,0.2451219
0.0249100,0.2451488
0.0249150,0.2451751
0.0249200,0.2452006
0.0249250,0.2452253
0.0249300,0.2452493
0.0249350,0.2452716
0.0249400,0.2452907
0.0249450,0.2453054
0.0249500,0.2453154
0.0249550,0.2453229
0.0249600,0.2453307
0.0249650,0.2453417
0.0249700,0.2453581
0.0249750,0.2453801
0.0249800,0.2454049
0.0249850,0.2454279
0.0249900,0.2454448
0.0249950,0.2454534
0.0250000,0.2123323
0.0250050,0.2123426
0.0250100,0.2123552
0.0250150,0.2123670
0.0250200,0.2123753
0.0250250,0.2123789
0.0250300,0.2123792
0.0250350,0.2123797
0.0250400,0.2123833
0.0250450,0.2123908
0.0250500,0.2124004
0.0250550,0.2124094
0.0250600,0.2124158
0.0250650,0.2124186
0.0250700,0.2124184
0.0250750,0.2124174
0.0250800,0.2124177
0.0250850,0.2124197
0.0250900,0.2124224
0.0250950,0.2124242
0.0251000,0.1823280
0.0251050,0.1823212
0.0251100,0.1823143
0.0251150,0.1823081
0.0251200,0.1823038
0.0251250,0.1823035
0.0251300,0.1823081
0.0251350,0.1823165
0.0251400,0.1823264
0.0251450,0.1823352
0.0251500,0.1823404
0.0251550,0.1823403
0.0251600,0.1823345
0.0251650,0.1823244
0.0251700,0.1823122
0.0251750,0.1822992
0.0251800,0.1822864
0.0251850,0.1822741
0.0251900,0.1822623
0.0251950,0.1822511
0.0252000,0.2064572
0.0252050,0.2064574
0.0252100,0.2064632
0.0252150,0.2064737
0.0252200,0.2064872
0.0252250,0.2065006
0.0252300,0.2065112
0.0252350,0.2065156
0.0252400,0.2065112
0.0252450,0.2064965
0.0252500,0.2064728
0.0252550,0.2064440
0.0252600,0.2064151
0.0252650,0.2063913
0.0252700,0.2063767
0.0252750,0.2063739
0.0252800,0.2063831
0.0252850,0.2064027
0.0252900,0.2064300
0.0252950,0.2064625
0.0253000,0.2280415
0.0253050,0.2280618
0.0253100,0.2280893
0.0253150,0.2281201
0.0253200,0.2281498
0.0253250,0.2281749
0.0253300,0.2281948
0.0253350,0.2282108
0.0253400,0.2282247
0.0253450,0.2282379
0.0253500,0.2282505
0.0253550,0.2282621
0.0253600,0.2282730
0.0253650,0.2282843
0.0253700,0.2282965
0.0253750,0.2283103
0.0253800,0.2283265
0.0253850,0.2283461
0.0253900,0.2283695
0.0253950,0.2283953
0.0254000,0.2399796
0.0254050,0.2399760
0.0254100,0.2399734
0.0254150,0.2399712
0.0254200,0.2399694
0.0254250,0.2399691
0.0254300,0.2399717
0.0254350,0.2399782
0.0254400,0.2399895
0.0254450,0.2400052
0.0254500,0.2400240
0.0254550,0.2400444
0.0254600,0.2400644
0.0254650,0.2400832
0.0254700,0.2400995
0.0254750,0.2401132
0.0254800,0.2401244
0.0254850,0.2401345
0.0254900,0.2401443
0.0254950,0.2401535
0.0255000,0.2332271
0.0255050,0.2332475
0.0255100,0.2332732
0.0255150,0.2333017
0.0255200,0.2333309
0.0255250,0.2333604
0.0255300,0.2333910
0.0255350,0.2334239
0.0255400,0.2334588
0.0255450,0.2334942
0.0255500,0.2335269
0.0255550,0.2335530
0.0255600,0.2335702
0.0255650,0.2335796
0.0255700,0.2335846
0.0255750,0.2335888
0.0255800,0.2335942
0.0255850,0.2336023
0.0255900,0.2336138
0.0255950,0.2336281
0.0256000,0.1988598
0.0256050,0.1988611
0.0256100,0.1988676
0.0256150,0.1988756
0.0256200,0.1988820
0.0256250,0.1988862
0.0256300,0.1988899
0.0256350,0.1988969
0.0256400,0.1989115
0.0256450,0.1989351
0.0256500,0.1989650
0.0256550,0.1989959
0.0256600,0.1990227
0.0256650,0.1990427
0.0256700,0.1990569
0.0256750,0.1990694
0.0256800,0.1990853
0.0256850,0.1991068
0.0256900,0.1991321
0.0256950,0.1991571
0.0257000,0.1990306
0.0257050,0.1990549
0.0257100,0.1990761
0.0257150,0.1990905
0.0257200,0.1990955
0.0257250,0.1990905
0.0257300,0.1990784
0.0257350,0.1990639
0.0257400,0.1990514
0.0257450,0.1990430
0.0257500,0.1990395
0.0257550,0.1990398
0.0257600,0.1990424
0.0257650,0.1990459
0.0257700,0.1990513
0.0257750,0.1990618
0.0257800,0.1990793
0.0257850,0.1991041
0.0257900,0.1991348
0.0257950,0.1991668
0.0258000,0.1846073
0.0258050,0.1846111
0.0258100,0.1846114
0.0258150,0.1846117
0.0258200,0.1846139
0.0258250,0.1846178
0.0258300,0.1846214
0.0258350,0.1846238
0.0258400,0.1846252
0.0258450,0.1846270
0.0258500,0.1846318
0.0258550,0.1846415
0.0258600,0.1846576
0.0258650,0.1846793
0.0258700,0.1847037
0.0258750,0.1847272
0.0258800,0.1847465
0.0258850,0.1847606
0.0258900,0.1847700
0.0258950,0.1847773
0.0259000,0.1758454
0.0259050,0.1758660
0.0259100,0.1758912
0.0259150,0.1759201
0.0259200,0.1759509
0.0259250,0.1759801
0.0259300,0.1760035
0.0259350,0.1760175
0.0259400,0.1760215
0.0259450,0.1760176
0.0259500,0.1760086
0.0259550,0.1759965
0.0259600,0.1759826
0.0259650,0.1759671
0.0259700,0.1759498
0.0259750,0.1759297
0.0259800,0.1759065
0.0259850,0.1758819
0.0259900,0.1758591
0.0259950,0.1758420
0.0260000,0.2283081
0.0260050,0.2282978
0.0260100,0.2282974
0.0260150,0.2283034
0.0260200,0.2283120
0.0260250,0.2283204
0.0260300,0.2283277
0.0260350,0.2283353
0.0260400,0.2283452
0.0260450,0.2283593
0.0260500,0.2283777
0.0260550,0.2283995
0.0260600,0.2284227
0.0260650,0.2284450
0.0260700,0.2284651
0.0260750,0.2284823
0.0260800,0.2284965
0.0260850,0.2285091
0.0260900,0.2285218
0.0260950,0.2285353
0.0261000,0.2214997
0.0261050,0.2214965
0.0261100,0.2214964
0.0261150,0.2214970
0.0261200,0.2214971
0.0261250,0.2214966
0.0261300,0.2214974
0.0261350,0.2215018
0.0261400,0.2215121
0.0261450,0.2215302
0.0261500,0.2215549
0.0261550,0.2215831
0.0261600,0.2216110
0.0261650,0.2216363
0.0261700,0.2216574
0.0261750,0.2216732
0.0261800,0.2216834
0.0261850,0.2216884
0.0261900,0.2216887
0.0261950,0.2216860
0.0262000,0.2267765
0.0262050,0.2267752
0.0262100,0.2267772
0.0262150,0.2267816
0.0262200,0.2267877
0.0262250,0.2267958
0.0262300,0.2268072
0.0262350,0.2268237
0.0262400,0.2268455
0.0262450,0.2268709
0.0262500,0.2268972
0.0262550,0.2269221
0.0262600,0.2269441
0.0262650,0.2269627
0.0262700,0.2269784
0.0262750,0.2269916
0.0262800,0.2270040
0.0262850,0.2270177
0.0262900,0.2270346
0.0262950,0.2270540
0.0263000,0.1846357
0.0263050,0.1846547
0.0263100,0.1846702
0.0263150,0.1846818
0.0263200,0.1846896
0.0263250,0.1846932
0.0263300,0.1846921
0.0263350,0.1846868
0.0263400,0.1846778
0.0263450,0.1846651
0.0263500,0.1846489
0.0263550,0.1846304
0.0263600,0.1846113
0.0263650,0.1845939
0.0263700,0.1845823
0.0263750,0.1845809
0.0263800,0.1845916
0.0263850,0.1846125
0.0263900,0.1846399
0.0263950,0.1846694
0.0264000,0.1757449
0.0264050,0.1757644
0.0264100,0.1757770
0.0264150,0.1757828
0.0264200,0.1757836
0.0264250,0.1757821
0.0264300,0.1757809
0.0264350,0.1757810
0.0264400,0.1757811
0.0264450,0.1757791
0.0264500,0.1757745
0.0264550,0.1757694
0.0264600,0.1757665
0.0264650,0.1757677
0.0264700,0.1757739
0.0264750,0.1757847
0.0264800,0.1757976
0.0264850,0.1758088
0.0264900,0.1758153
0.0264950,0.1758163
0.0265000,0.1845462
0.0265050,0.1845337
0.0265100,0.1845223
0.0265150,0.1845137
0.0265200,0.1845096
0.0265250,0.1845100
0.0265300,0.1845126
0.0265350,0.1845133
0.0265400,0.1845100
0.0265450,0.1845037
0.0265500,0.1844974
0.0265550,0.1844939
0.0265600,0.1844946
0.0265650,0.1845005
0.0265700,0.1845117
0.0265750,0.1845276
0.0265800,0.1845469
0.0265850,0.1845673
0.0265900,0.1845874
0.0265950,0.1846069
0.0266000,0.2123714
0.0266050,0.2123933
0.0266100,0.2124148
0.0266150,0.2124342
0.0266200,0.2124502
0.0266250,0.2124618
0.0266300,0.2124687
0.0266350,0.2124709
0.0266400,0.2124690
0.0266450,0.2124635
0.0266500,0.2124556
0.0266550,0.2124476
0.0266600,0.2124429
0.0266650,0.2124459
0.0266700,0.2124600
0.0266750,0.2124860
0.0266800,0.2125206
0.0266850,0.2125580
0.0266900,0.2125931
0.0266950,0.2126218
0.0267000,0.2010188
0.0267050,0.2010296
0.0267100,0.2010450
0.0267150,0.2010633
0.0267200,0.2010811
0.0267250,0.2010958
0.0267300,0.2011066
0.0267350,0.2011137
0.0267400,0.2011186
0.0267450,0.2011232
0.0267500,0.2011293
0.0267550,0.2011384
0.0267600,0.2011510
0.0267650,0.2011660
0.0267700,0.2011803
0.0267750,0.2011904
0.0267800,0.2011945
0.0267850,0.2011933
0.0267900,0.2011889
0.0267950,0.2011853
0.0268000,0.1757373
0.0268050,0.1757278
0.0268100,0.1757225
0.0268150,0.1757194
0.0268200,0.1757161
0.0268250,0.1757118
0.0268300,0.1757074
0.0268350,0.1757046
0.0268400,0.1757057
0.0268450,0.1757116
0.0268500,0.1757219
0.0268550,0.1757344
0.0268600,0.1757461
0.0268650,0.1757538
0.0268700,0.1757557
0.0268750,0.1757517
0.0268800,0.1757435
0.0268850,0.1757334
0.0268900,0.1757235
0.0268950,0.1757149
0.0269000,0.1824489
0.0269050,0.1824389
0.0269100,0.1824305
0.0269150,0.1824234
0.0269200,0.1824175
0.0269250,0.1824136
0.0269300,0.1824128
0.0269350,0.1824163
0.0269400,0.1824249
0.0269450,0.1824386
0.0269500,0.1824558
0.0269550,0.1824755
0.0269600,0.1824963
0.0269650,0.1825167
0.0269700,0.1825356
0.0269750,0.1825523
0.0269800,0.1825665
0.0269850,0.1825787
0.0269900,0.1825897
0.0269950,0.1826000
0.0270000,0.2161676
0.0270050,0.2161875
0.0270100,0.2162119
0.0270150,0.2162416
0.0270200,0.2162779
0.0270250,0.2163214
0.0270300,0.2163703
0.0270350,0.2164204
0.0270400,0.2164676
0.0270450,0.2165090
0.0270500,0.2165429
0.0270550,0.2165682
0.0270600,0.2165852
0.0270650,0.2165949
0.0270700,0.2165983
0.0270750,0.2165965
0.0270800,0.2165902
0.0270850,0.2165801
0.0270900,0.2165669
0.0270950,0.2165522
0.0271000,0.1760105
0.0271050,0.1759919
0.0271100,0.1759802
0.0271150,0.1759773
0.0271200,0.1759814
0.0271250,0.1759886
0.0271300,0.1759944
0.0271350,0.1759958
0.0271400,0.1759917
0.0271450,0.1759832
0.0271500,0.1759743
0.0271550,0.1759691
0.0271600,0.1759700
0.0271650,0.1759754
0.0271700,0.1759810
0.0271750,0.1759826
0.0271800,0.1759781
0.0271850,0.1759675
0.0271900,0.1759531
0.0271950,0.1759384
0.0272000,0.1929802
0.0272050,0.1929684
0.0272100,0.1929569
0.0272150,0.1929431
0.0272200,0.1929256
0.0272250,0.1929051
0.0272300,0.1928848
0.0272350,0.1928693
0.0272400,0.1928623
0.0272450,0.1928635
0.0272500,0.1928695
0.0272550,0.1928753
0.0272600,0.1928780
0.0272650,0.1928789
0.0272700,0.1928814
0.0272750,0.1928878
0.0272800,0.1928976
0.0272850,0.1929090
0.0272900,0.1929209
0.0272950,0.1929316
0.0273000,0.2084086
0.0273050,0.2084050
0.0273100,0.2083989
0.0273150,0.2083936
0.0273200,0.2083936
0.0273250,0.2084012
0.0273300,0.2084153
0.0273350,0.2084325
0.0273400,0.2084486
0.0273450,0.2084611
0.0273500,0.2084699
0.0273550,0.2084771
0.0273600,0.2084864
0.0273650,0.2085013
0.0273700,0.2085225
0.0273750,0.2085481
0.0273800,0.2085750
0.0273850,0.2086006
0.0273900,0.2086221
0.0273950,0.2086377
0.0274000,0.2142104
0.0274050,0.2142188
0.0274100,0.2142328
0.0274150,0.2142533
0.0274200,0.2142793
0.0274250,0.2143075
0.0274300,0.2143333
0.0274350,0.2143532
0.0274400,0.2143663
0.0274450,0.2143739
0.0274500,0.2143799
0.0274550,0.2143882
0.0274600,0.2143998
0.0274650,0.2144117
0.0274700,0.2144184
0.0274750,0.2144165
0.0274800,0.2144061
0.0274850,0.2143902
0.0274900,0.2143737
0.0274950,0.2143625
0.0275000,0.1846005
0.0275050,0.1846098
0.0275100,0.1846246
0.0275150,0.1846373
0.0275200,0.1846427
0.0275250,0.1846400
0.0275300,0.1846321
0.0275350,0.1846239
0.0275400,0.1846199
0.0275450,0.1846225
0.0275500,0.1846311
0.0275550,0.1846420
0.0275600,0.1846508
0.0275650,0.1846548
0.0275700,0.1846546
0.0275750,0.1846550
0.0275800,0.1846614
0.0275850,0.1846772
0.0275900,0.1847006
0.0275950,0.1847256
0.0276000,0.1757533
0.0276050,0.1757668
0.0276100,0.1757758
0.0276150,0.1757804
0.0276200,0.1757826
0.0276250,0.1757857
0.0276300,0.1757925
0.0276350,0.1758037
0.0276400,0.1758177
0.0276450,0.1758323
0.0276500,0.1758457
0.0276550,0.1758575
0.0276600,0.1758685
0.0276650,0.1758803
0.0276700,0.1758949
0.0276750,0.1759123
0.0276800,0.1759296
0.0276850,0.1759447
0.0276900,0.1759566
0.0276950,0.1759640
0.0277000,0.1758785
0.0277050,0.1758738
0.0277100,0.1758631
0.0277150,0.1758481
0.0277200,0.1758326
0.0277250,0.1758212
0.0277300,0.1758158
0.0277350,0.1758148
0.0277400,0.1758145
0.0277450,0.1758120
0.0277500,0.1758067
0.0277550,0.1758001
0.0277600,0.1757956
0.0277650,0.1757967
0.0277700,0.1758053
0.0277750,0.1758215
0.0277800,0.1758418
0.0277850,0.1758614
0.0277900,0.1758768
0.0277950,0.1758860
0.0278000,0.1845709
0.0278050,0.1845780
0.0278100,0.1845859
0.0278150,0.1845961
0.0278200,0.1846084
0.0278250,0.1846206
0.0278300,0.1846295
0.0278350,0.1846334
0.0278400,0.1846319
0.0278450,0.1846254
0.0278500,0.1846159
0.0278550,0.1846073
0.0278600,0.1846033
0.0278650,0.1846057
0.0278700,0.1846128
0.0278750,0.1846225
0.0278800,0.1846335
0.0278850,0.1846454
0.0278900,0.1846589
0.0278950,0.1846752
0.0279000,0.2068012
0.0279050,0.2068107
0.0279100,0.2068219
0.0279150,0.2068330
0.0279200,0.2068426
0.0279250,0.2068506
0.0279300,0.2068563
0.0279350,0.2068580
0.0279400,0.2068533
0.0279450,0.2068416
0.0279500,0.2068237
0.0279550,0.2068012
0.0279600,0.2067759
0.0279650,0.2067495
0.0279700,0.2067235
0.0279750,0.2066999
0.0279800,0.2066799
0.0279850,0.2066632
0.0279900,0.2066496
0.0279950,0.2066398
0.0280000,0.2333997
0.0280050,0.2333957
0.0280100,0.2333992
0.0280150,0.2334109
0.0280200,0.2334279
0.0280250,0.2334452
0.0280300,0.2334593
0.0280350,0.2334696
0.0280400,0.2334780
0.0280450,0.2334882
0.0280500,0.2335035
0.0280550,0.2335251
0.0280600,0.2335510
0.0280650,0.2335781
0.0280700,0.2336030
0.0280750,0.2336235
0.0280800,0.2336391
0.0280850,0.2336515
0.0280900,0.2336636
0.0280950,0.2336784
0.0281000,0.2739271
0.0281050,0.2739451
0.0281100,0.2739716
0.0281150,0.2740017
0.0281200,0.2740322
0.0281250,0.2740626
0.0281300,0.2740938
0.0281350,0.2741270
0.0281400,0.2741621
0.0281450,0.2741980
0.0281500,0.2742330
0.0281550,0.2742651
0.0281600,0.2742922
0.0281650,0.2743135
0.0281700,0.2743308
0.0281750,0.2743467
0.0281800,0.2743627
0.0281850,0.2743795
0.0281900,0.2743977
0.0281950,0.2744172
0.0282000,0.1755626
0.0282050,0.1755484
0.0282100,0.1755384
0.0282150,0.1755341
0.0282200,0.1755364
0.0282250,0.1755458
0.0282300,0.1755616
0.0282350,0.1755833
0.0282400,0.1756093
0.0282450,0.1756370
0.0282500,0.1756632
0.0282550,0.1756859
0.0282600,0.1757042
0.0282650,0.1757186
0.0282700,0.1757298
0.0282750,0.1757380
0.0282800,0.1757426
0.0282850,0.1757431
0.0282900,0.1757404
0.0282950,0.1757353
0.0283000,0.1989938
0.0283050,0.1989804
0.0283100,0.1989732
0.0283150,0.1989696
0.0283200,0.1989664
0.0283250,0.1989611
0.0283300,0.1989541
0.0283350,0.1989479
0.0283400,0.1989462
0.0283450,0.1989510
0.0283500,0.1989617
0.0283550,0.1989761
0.0283600,0.1989913
0.0283650,0.1990048
0.0283700,0.1990156
0.0283750,0.1990244
0.0283800,0.1990338
0.0283850,0.1990461
0.0283900,0.1990624
0.0283950,0.1990813
0.0284000,0.1926097
0.0284050,0.1926015
0.0284100,0.1925916
0.0284150,0.1925789
0.0284200,0.1925640
0.0284250,0.1925483
0.0284300,0.1925333
0.0284350,0.1925203
0.0284400,0.1925102
0.0284450,0.1925039
0.0284500,0.1925015
0.0284550,0.1925030
0.0284600,0.1925080
0.0284650,0.1925170
0.0284700,0.1925307
0.0284750,0.1925495
0.0284800,0.1925721
0.0284850,0.1925959
0.0284900,0.1926181
0.0284950,0.1926371
0.0285000,0.2140153
0.0285050,0.2140376
0.0285100,0.2140585
0.0285150,0.2140757
0.0285200,0.2140878
0.0285250,0.2140950
0.0285300,0.2140993
0.0285350,0.2141028
0.0285400,0.2141075
0.0285450,0.2141138
0.0285500,0.2141219
0.0285550,0.2141329
0.0285600,0.2141478
0.0285650,0.2141661
0.0285700,0.2141862
0.0285750,0.2142057
0.0285800,0.2142225
0.0285850,0.2142358
0.0285900,0.2142461
0.0285950,0.2142541
0.0286000,0.2212887
0.0286050,0.2212883
0.0286100,0.2212935
0.0286150,0.2213037
0.0286200,0.2213176
0.0286250,0.2213343
0.0286300,0.2213526
0.0286350,0.2213708
0.0286400,0.2213876
0.0286450,0.2214013
0.0286500,0.2214109
0.0286550,0.2214163
0.0286600,0.2214191
0.0286650,0.2214211
0.0286700,0.2214235
0.0286750,0.2214283
0.0286800,0.2214384
0.0286850,0.2214571
0.0286900,0.2214865
0.0286950,0.2215262
0.0287000,0.1757479
0.0287050,0.1757843
0.0287100,0.1758227
0.0287150,0.1758598
0.0287200,0.1758927
0.0287250,0.1759197
0.0287300,0.1759402
0.0287350,0.1759536
0.0287400,0.1759602
0.0287450,0.1759617
0.0287500,0.1759607
0.0287550,0.1759595
0.0287600,0.1759588
0.0287650,0.1759591
0.0287700,0.1759604
0.0287750,0.1759631
0.0287800,0.1759666
0.0287850,0.1759697
0.0287900,0.1759712
0.0287950,0.1759694
0.0288000,0.2067540
0.0288050,0.2067536
0.0288100,0.2067573
0.0288150,0.2067623
0.0288200,0.2067655
0.0288250,0.2067651
0.0288300,0.2067625
0.0288350,0.2067616
0.0288400,0.2067681
0.0288450,0.2067860
0.0288500,0.2068144
0.0288550,0.2068482
0.0288600,0.2068810
0.0288650,0.2069085
0.0288700,0.2069297
0.0288750,0.2069455
0.0288800,0.2069577
0.0288850,0.2069678
0.0288900,0.2069776
0.0288950,0.2069883
0.0289000,0.2125707
0.0289050,0.2125826
0.0289100,0.2126016
0.0289150,0.2126251
0.0289200,0.2126502
0.0289250,0.2126745
0.0289300,0.2126964
0.0289350,0.2127157
0.0289400,0.2127333
0.0289450,0.2127503
0.0289500,0.2127661
0.0289550,0.2127793
0.0289600,0.2127881
0.0289650,0.2127921
0.0289700,0.2127921
0.0289750,0.2127907
0.0289800,0.2127912
0.0289850,0.2127965
0.0289900,0.2128074
0.0289950,0.2128230
0.0290000,0.2140701
0.0290050,0.2140830
0.0290100,0.2140942
0.0290150,0.2141041
0.0290200,0.2141138
0.0290250,0.2141238
0.0290300,0.2141324
0.0290350,0.2141366
0.0290400,0.2141345
0.0290450,0.2141266
0.0290500,0.2141155
0.0290550,0.2141042
0.0290600,0.2140956
0.0290650,0.2140926
0.0290700,0.2140977
0.0290750,0.2141119
0.0290800,0.2141332
0.0290850,0.2141576
0.0290900,0.2141808
0.0290950,0.2142000
0.0291000,0.2318053
0.0291050,0.2318036
0.0291100,0.2318042
0.0291150,0.2318090
0.0291200,0.2318174
0.0291250,0.2318266
0.0291300,0.2318352
0.0291350,0.2318427
0.0291400,0.2318496
0.0291450,0.2318567
0.0291500,0.2318647
0.0291550,0.2318750
0.0291600,0.2318888
0.0291650,0.2319065
0.0291700,0.2319264
0.0291750,0.2319446
0.0291800,0.2319569
0.0291850,0.2319617
0.0291900,0.2319624
0.0291950,0.2319655
0.0292000,0.2333931
0.0292050,0.2334182
0.0292100,0.2334490
0.0292150,0.2334815
0.0292200,0.2335134
0.0292250,0.2335432
0.0292300,0.2335704
0.0292350,0.2335950
0.0292400,0.2336186
0.0292450,0.2336443
0.0292500,0.2336743
0.0292550,0.2337086
0.0292600,0.2337454
0.0292650,0.2337827
0.0292700,0.2338204
0.0292750,0.2338593
0.0292800,0.2338995
0.0292850,0.2339401
0.0292900,0.2339785
0.0292950,0.2340121
0.0293000,0.1992837
0.0293050,0.1992752
0.0293100,0.1992634
0.0293150,0.1992502
0.0293200,0.1992379
0.0293250,0.1992292
0.0293300,0.1992269
0.0293350,0.1992340
0.0293400,0.1992519
0.0293450,0.1992793
0.0293500,0.1993128
0.0293550,0.1993487
0.0293600,0.1993836
0.0293650,0.1994144
0.0293700,0.1994389
0.0293750,0.1994552
0.0293800,0.1994627
0.0293850,0.1994613
0.0293900,0.1994519
0.0293950,0.1994370
0.0294000,0.1929539
0.0294050,0.1929505
0.0294100,0.1929540
0.0294150,0.1929636
0.0294200,0.1929769
0.0294250,0.1929916
0.0294300,0.1930059
0.0294350,0.1930173
0.0294400,0.1930234
0.0294450,0.1930225
0.0294500,0.1930146
0.0294550,0.1930007
0.0294600,0.1929818
0.0294650,0.1929599
0.0294700,0.1929373
0.0294750,0.1929165
0.0294800,0.1929002
0.0294850,0.1928902
0.0294900,0.1928885
0.0294950,0.1928954
0.0295000,0.2352016
0.0295050,0.2352090
0.0295100,0.2352217
0.0295150,0.2352368
0.0295200,0.2352511
0.0295250,0.2352618
0.0295300,0.2352683
0.0295350,0.2352716
0.0295400,0.2352730
0.0295450,0.2352740
0.0295500,0.2352759
0.0295550,0.2352798
0.0295600,0.2352863
0.0295650,0.2352962
0.0295700,0.2353109
0.0295750,0.2353314
0.0295800,0.2353574
0.0295850,0.2353862
0.0295900,0.2354136
0.0295950,0.2354362
0.0296000,0.2401957
0.0296050,0.2402079
0.0296100,0.2402203
0.0296150,0.2402340
0.0296200,0.2402499
0.0296250,0.2402684
0.0296300,0.2402887
0.0296350,0.2403093
0.0296400,0.2403290
0.0296450,0.2403473
0.0296500,0.2403640
0.0296550,0.2403798
0.0296600,0.2403972
0.0296650,0.2404187
0.0296700,0.2404441
0.0296750,0.2404694
0.0296800,0.2404902
0.0296850,0.2405042
0.0296900,0.2405128
0.0296950,0.2405179
0.0297000,0.2197441
0.0297050,0.2197419
0.0297100,0.2197487
0.0297150,0.2197648
0.0297200,0.2197882
0.0297250,0.2198155
0.0297300,0.2198430
0.0297350,0.2198676
0.0297400,0.2198873
0.0297450,0.2199016
0.0297500,0.2199104
0.0297550,0.2199134
0.0297600,0.2199114
0.0297650,0.2199059
0.0297700,0.2198989
0.0297750,0.2198916
0.0297800,0.2198854
0.0297850,0.2198817
0.0297900,0.2198822
0.0297950,0.2198883
0.0298000,0.2009237
0.0298050,0.2009213
0.0298100,0.2009232
0.0298150,0.2009282
0.0298200,0.2009346
0.0298250,0.2009412
0.0298300,0.2009476
0.0298350,0.2009547
0.0298400,0.2009638
0.0298450,0.2009762
0.0298500,0.2009922
0.0298550,0.2010112
0.0298600,0.2010309
0.0298650,0.2010482
0.0298700,0.2010604
0.0298750,0.2010668
0.0298800,0.2010682
0.0298850,0.2010669
0.0298900,0.2010655
0.0298950,0.2010662
0.0299000,0.1844184
0.0299050,0.1844220
0.0299100,0.1844288
0.0299150,0.1844360
0.0299200,0.1844413
0.0299250,0.1844434
0.0299300,0.1844416
0.0299350,0.1844361
0.0299400,0.1844279
0.0299450,0.1844191
0.0299500,0.1844113
0.0299550,0.1844052
0.0299600,0.1844013
0.0299650,0.1844005
0.0299700,0.1844039
0.0299750,0.1844128
0.0299800,0.1844281
0.0299850,0.1844506
0.0299900,0.1844804
0.0299950,0.1845159
0.0300000,0.1989445
0.0300050,0.1989656
0.0300100,0.1989895
0.0300150,0.1990135
0.0300200,0.1990342
0.0300250,0.1990502
0.0300300,0.1990618
0.0300350,0.1990714
0.0300400,0.1990810
0.0300450,0.1990911
0.0300500,0.1991011
0.0300550,0.1991103
0.0300600,0.1991173
0.0300650,0.1991205
0.0300700,0.1991197
0.0300750,0.1991163
0.0300800,0.1991128
0.0300850,0.1991121
0.0300900,0.1991168
0.0300950,0.1991286
0.0301000,0.2143392
0.0301050,0.2143487
0.0301100,0.2143625
0.0301150,0.2143787
0.0301200,0.2143955
0.0301250,0.2144126
0.0301300,0.2144300
0.0301350,0.2144474
0.0301400,0.2144643
0.0301450,0.2144802
0.0301500,0.2144947
0.0301550,0.2145073
0.0301600,0.2145184
0.0301650,0.2145285
0.0301700,0.2145379
0.0301750,0.2145478
0.0301800,0.2145598
0.0301850,0.2145762
0.0301900,0.2145968
0.0301950,0.2146171
0.0302000,0.2012646
0.0302050,0.2012599
0.0302100,0.2012523
0.0302150,0.2012447
0.0302200,0.2012375
0.0302250,0.2012294
0.0302300,0.2012186
0.0302350,0.2012037
0.0302400,0.2011842
0.0302450,0.2011613
0.0302500,0.2011376
0.0302550,0.2011168
0.0302600,0.2011029
0.0302650,0.2010985
0.0302700,0.2011024
0.0302750,0.2011111
0.0302800,0.2011206
0.0302850,0.2011288
0.0302900,0.2011343
0.0302950,0.2011374
0.0303000,0.2286189
0.0303050,0.2286122
0.0303100,0.2286130
0.0303150,0.2286219
0.0303200,0.2286368
0.0303250,0.2286540
0.0303300,0.2286692
0.0303350,0.2286801
0.0303400,0.2286872
0.0303450,0.2286935
0.0303500,0.2287025
0.0303550,0.2287158
0.0303600,0.2287312
0.0303650,0.2287443
0.0303700,0.2287517
0.0303750,0.2287529
0.0303800,0.2287500
0.0303850,0.2287455
0.0303900,0.2287415
0.0303950,0.2287408
0.0304000,0.2158876
0.0304050,0.2158851
0.0304100,0.2158877
0.0304150,0.2158950
0.0304200,0.2159078
0.0304250,0.2159266
0.0304300,0.2159511
0.0304350,0.2159800
0.0304400,0.2160124
0.0304450,0.2160473
0.0304500,0.2160823
0.0304550,0.2161145
0.0304600,0.2161407
0.0304650,0.2161587
0.0304700,0.2161684
0.0304750,0.2161721
0.0304800,0.2161730
0.0304850,0.2161747
0.0304900,0.2161802
0.0304950,0.2161909
0.0305000,0.2232682
0.0305050,0.2232840
0.0305100,0.2233017
0.0305150,0.2233215
0.0305200,0.2233423
0.0305250,0.2233609
0.0305300,0.2233743
0.0305350,0.2233803
0.0305400,0.2233795
0.0305450,0.2233735
0.0305500,0.2233643
0.0305550,0.2233538
0.0305600,0.2233433
0.0305650,0.2233334
0.0305700,0.2233242
0.0305750,0.2233157
0.0305800,0.2233084
0.0305850,0.2233033
0.0305900,0.2233010
0.0305950,0.2233018
0.0306000,0.2007113
0.0306050,0.2007222
0.0306100,0.2007350
0.0306150,0.2007489
0.0306200,0.2007632
0.0306250,0.2007778
0.0306300,0.2007932
0.0306350,0.2008090
0.0306400,0.2008235
0.0306450,0.2008348
0.0306500,0.2008417
0.0306550,0.2008452
0.0306600,0.2008461
0.0306650,0.2008449
0.0306700,0.2008424
0.0306750,0.2008392
0.0306800,0.2008358
0.0306850,0.2008307
0.0306900,0.2008230
0.0306950,0.2008135
0.0307000,0.2229446
0.0307050,0.2229226
0.0307100,0.2229079
0.0307150,0.2229011
0.0307200,0.2229032
0.0307250,0.2229144
0.0307300,0.2229331
0.0307350,0.2229564
0.0307400,0.2229808
0.0307450,0.2230028
0.0307500,0.2230197
0.0307550,0.2230312
0.0307600,0.2230387
0.0307650,0.2230447
0.0307700,0.2230512
0.0307750,0.2230584
0.0307800,0.2230659
0.0307850,0.2230730
0.0307900,0.2230798
0.0307950,0.2230871
0.0308000,0.2065136
0.0308050,0.2065191
0.0308100,0.2065371
0.0308150,0.2065658
0.0308200,0.2066002
0.0308250,0.2066340
0.0308300,0.2066622
0.0308350,0.2066822
0.0308400,0.2066946
0.0308450,0.2067017
0.0308500,0.2067065
0.0308550,0.2067107
0.0308600,0.2067142
0.0308650,0.2067150
0.0308700,0.2067111
0.0308750,0.2067014
0.0308800,0.2066885
0.0308850,0.2066767
0.0308900,0.2066708
0.0308950,0.2066733
0.0309000,0.2066844
0.0309050,0.2066841
0.0309100,0.2066870
0.0309150,0.2066923
0.0309200,0.2066990
0.0309250,0.2067061
0.0309300,0.2067146
0.0309350,0.2067266
0.0309400,0.2067441
0.0309450,0.2067683
0.0309500,0.2067984
0.0309550,0.2068325
0.0309600,0.2068681
0.0309650,0.2069020
0.0309700,0.2069311
0.0309750,0.2069531
0.0309800,0.2069676
0.0309850,0.2069754
0.0309900,0.2069773
0.0309950,0.2069753
0.0310000,0.1664449
0.0310050,0.1664349
0.0310100,0.1664269
0.0310150,0.1664237
0.0310200,0.1664272
0.0310250,0.1664382
0.0310300,0.1664568
0.0310350,0.1664817
0.0310400,0.1665091
0.0310450,0.1665341
0.0310500,0.1665527
0.0310550,0.1665632
0.0310600,0.1665664
0.0310650,0.1665639
0.0310700,0.1665581
0.0310750,0.1665510
0.0310800,0.1665447
0.0310850,0.1665404
0.0310900,0.1665389
0.0310950,0.1665402
0.0311000,0.2212830
0.0311050,0.2212914
0.0311100,0.2213087
0.0311150,0.2213334
0.0311200,0.2213626
0.0311250,0.2213923
0.0311300,0.2214184
0.0311350,0.2214384
0.0311400,0.2214517
0.0311450,0.2214601
0.0311500,0.2214656
0.0311550,0.2214696
0.0311600,0.2214720
0.0311650,0.2214730
0.0311700,0.2214736
0.0311750,0.2214752
0.0311800,0.2214788
0.0311850,0.2214843
0.0311900,0.2214909
0.0311950,0.2214983
0.0312000,0.2009155
0.0312050,0.2009184
0.0312100,0.2009270
0.0312150,0.2009428
0.0312200,0.2009647
0.0312250,0.2009902
0.0312300,0.2010167
0.0312350,0.2010427
0.0312400,0.2010680
0.0312450,0.2010930
0.0312500,0.2011188
0.0312550,0.2011460
0.0312600,0.2011749
0.0312650,0.2012049
0.0312700,0.2012334
0.0312750,0.2012573
0.0312800,0.2012740
0.0312850,0.2012824
0.0312900,0.2012832
0.0312950,0.2012789
0.0313000,0.1909285
0.0313050,0.1909133
0.0313100,0.1909078
0.0313150,0.1909117
0.0313200,0.1909200
0.0313250,0.1909278
0.0313300,0.1909321
0.0313350,0.1909327
0.0313400,0.1909305
0.0313450,0.1909277
0.0313500,0.1909270
0.0313550,0.1909301
0.0313600,0.1909372
0.0313650,0.1909460
0.0313700,0.1909532
0.0313750,0.1909564
0.0313800,0.1909556
0.0313850,0.1909531
0.0313900,0.1909519
0.0313950,0.1909552
0.0314000,0.2268311
0.0314050,0.2268290
0.0314100,0.2268308
0.0314150,0.2268363
0.0314200,0.2268453
0.0314250,0.2268578
0.0314300,0.2268733
0.0314350,0.2268914
0.0314400,0.2269108
0.0314450,0.2269298
0.0314500,0.2269467
0.0314550,0.2269605
0.0314600,0.2269707
0.0314650,0.2269771
0.0314700,0.2269806
0.0314750,0.2269831
0.0314800,0.2269864
0.0314850,0.2269917
0.0314900,0.2269991
0.0314950,0.2270079
0.0315000,0.2269012
0.0315050,0.2269165
0.0315100,0.2269319
0.0315150,0.2269465
0.0315200,0.2269600
0.0315250,0.2269730
0.0315300,0.2269877
0.0315350,0.2270052
0.0315400,0.2270230
0.0315450,0.2270377
0.0315500,0.2270478
0.0315550,0.2270540
0.0315600,0.2270588
0.0315650,0.2270640
0.0315700,0.2270711
0.0315750,0.2270799
0.0315800,0.2270897
0.0315850,0.2271001
0.0315900,0.2271106
0.0315950,0.2271214
0.0316000,0.1924882
0.0316050,0.1924942
0.0316100,0.1925043
0.0316150,0.1925177
0.0316200,0.1925346
0.0316250,0.1925541
0.0316300,0.1925741
0.0316350,0.1925928
0.0316400,0.1926090
0.0316450,0.1926228
0.0316500,0.1926340
0.0316550,0.1926426
0.0316600,0.1926490
0.0316650,0.1926553
0.0316700,0.1926647
0.0316750,0.1926778
0.0316800,0.1926919
0.0316850,0.1927045
0.0316900,0.1927138
0.0316950,0.1927183
0.0317000,0.1843337
0.0317050,0.1843260
0.0317100,0.1843160
0.0317150,0.1843050
0.0317200,0.1842948
0.0317250,0.1842862
0.0317300,0.1842795
0.0317350,0.1842749
0.0317400,0.1842724
0.0317450,0.1842723
0.0317500,0.1842743
0.0317550,0.1842793
0.0317600,0.1842896
0.0317650,0.1843063
0.0317700,0.1843268
0.0317750,0.1843478
0.0317800,0.1843677
0.0317850,0.1843851
0.0317900,0.1843983
0.0317950,0.1844068
0.0318000,0.2158290
0.0318050,0.2158375
0.0318100,0.2158500
0.0318150,0.2158679
0.0318200,0.2158908
0.0318250,0.2159169
0.0318300,0.2159436
0.0318350,0.2159687
0.0318400,0.2159910
0.0318450,0.2160120
0.0318500,0.2160340
0.0318550,0.2160579
0.0318600,0.2160824
0.0318650,0.2161060
0.0318700,0.2161280
0.0318750,0.2161480
0.0318800,0.2161661
0.0318850,0.2161827
0.0318900,0.2161988
0.0318950,0.2162157
0.0319000,0.1929386
0.0319050,0.1929417
0.0319100,0.1929536
0.0319150,0.1929729
0.0319200,0.1929977
0.0319250,0.1930247
0.0319300,0.1930512
0.0319350,0.1930763
0.0319400,0.1931003
0.0319450,0.1931226
0.0319500,0.1931421
0.0319550,0.1931576
0.0319600,0.1931684
0.0319650,0.1931742
0.0319700,0.1931752
0.0319750,0.1931725
0.0319800,0.1931685
0.0319850,0.1931658
0.0319900,0.1931652
0.0319950,0.1931661
0.0320000,0.2048127
0.0320050,0.2048068
0.0320100,0.2048034
0.0320150,0.2047997
0.0320200,0.2047936
0.0320250,0.2047854
0.0320300,0.2047768
0.0320350,0.2047696
0.0320400,0.2047650
0.0320450,0.2047638
0.0320500,0.2047660
0.0320550,0.2047705
0.0320600,0.2047758
0.0320650,0.2047806
0.0320700,0.2047843
0.0320750,0.2047868
0.0320800,0.2047897
0.0320850,0.2047954
0.0320900,0.2048050
0.0320950,0.2048174
0.0321000,0.1968492
0.0321050,0.1968480
0.0321100,0.1968454
0.0321150,0.1968415
0.0321200,0.1968390
0.0321250,0.1968404
0.0321300,0.1968469
0.0321350,0.1968586
0.0321400,0.1968749
0.0321450,0.1968936
0.0321500,0.1969122
0.0321550,0.1969286
0.0321600,0.1969413
0.0321650,0.1969499
0.0321700,0.1969560
0.0321750,0.1969629
0.0321800,0.1969736
0.0321850,0.1969896
0.0321900,0.1970101
0.0321950,0.1970329
0.0322000,0.1845375
0.0322050,0.1845515
0.0322100,0.1845654
0.0322150,0.1845769
0.0322200,0.1845851
0.0322250,0.1845898
0.0322300,0.1845921
0.0322350,0.1845937
0.0322400,0.1845969
0.0322450,0.1846036
0.0322500,0.1846141
0.0322550,0.1846277
0.0322600,0.1846426
0.0322650,0.1846571
0.0322700,0.1846697
0.0322750,0.1846799
0.0322800,0.1846879
0.0322850,0.1846942
0.0322900,0.1846988
0.0322950,0.1847012
0.0323000,0.1928668
0.0323050,0.1928398
0.0323100,0.1928149
0.0323150,0.1927953
0.0323200,0.1927833
0.0323250,0.1927804
0.0323300,0.1927867
0.0323350,0.1928010
0.0323400,0.1928220
0.0323450,0.1928492
0.0323500,0.1928819
0.0323550,0.1929182
0.0323600,0.1929552
0.0323650,0.1929891
0.0323700,0.1930164
0.0323750,0.1930354
0.0323800,0.1930457
0.0323850,0.1930479
0.0323900,0.1930436
0.0323950,0.1930350
0.0324000,0.1929698
0.0324050,0.1929516
0.0324100,0.1929356
0.0324150,0.1929238
0.0324200,0.1929178
0.0324250,0.1929176
0.0324300,0.1929220
0.0324350,0.1929299
0.0324400,0.1929412
0.0324450,0.1929558
0.0324500,0.1929730
0.0324550,0.1929908
0.0324600,0.1930072
0.0324650,0.1930202
0.0324700,0.1930287
0.0324750,0.1930330
0.0324800,0.1930355
0.0324850,0.1930397
0.0324900,0.1930476
0.0324950,0.1930593
0.0325000,0.1930017
0.0325050,0.1930105
0.0325100,0.1930236
0.0325150,0.1930395
0.0325200,0.1930571
0.0325250,0.1930763
0.0325300,0.1930977
0.0325350,0.1931206
0.0325400,0.1931427
0.0325450,0.1931613
0.0325500,0.1931739
0.0325550,0.1931785
0.0325600,0.1931747
0.0325650,0.1931648
0.0325700,0.1931523
0.0325750,0.1931397
0.0325800,0.1931282
0.0325850,0.1931182
0.0325900,0.1931103
0.0325950,0.1931045
0.0326000,0.2050400
0.0326050,0.2050476
0.0326100,0.2050553
0.0326150,0.2050612
0.0326200,0.2050637
0.0326250,0.2050615
0.0326300,0.2050548
0.0326350,0.2050451
0.0326400,0.2050354
0.0326450,0.2050288
0.0326500,0.2050275
0.0326550,0.2050326
0.0326600,0.2050440
0.0326650,0.2050617
0.0326700,0.2050861
0.0326750,0.2051168
0.0326800,0.2051515
0.0326850,0.2051864
0.0326900,0.2052170
0.0326950,0.2052392
0.0327000,0.2049978
0.0327050,0.2049967
0.0327100,0.2049909
0.0327150,0.2049821
0.0327200,0.2049723
0.0327250,0.2049635
0.0327300,0.2049576
0.0327350,0.2049552
0.0327400,0.2049564
0.0327450,0.2049608
0.0327500,0.2049690
0.0327550,0.2049802
0.0327600,0.2049925
0.0327650,0.2050037
0.0327700,0.2050126
0.0327750,0.2050189
0.0327800,0.2050222
0.0327850,0.2050224
0.0327900,0.2050197
0.0327950,0.2050151
0.0328000,0.2198384
0.0328050,0.2198419
0.0328100,0.2198486
0.0328150,0.2198580
0.0328200,0.2198696
0.0328250,0.2198818
0.0328300,0.2198932
0.0328350,0.2199033
0.0328400,0.2199126
0.0328450,0.2199214
0.0328500,0.2199289
0.0328550,0.2199344
0.0328600,0.2199370
0.0328650,0.2199360
0.0328700,0.2199317
0.0328750,0.2199258
0.0328800,0.2199197
0.0328850,0.2199142
0.0328900,0.2199096
0.0328950,0.2199069
0.0329000,0.2065938
0.0329050,0.2065935
0.0329100,0.2066002
0.0329150,0.2066148
0.0329200,0.2066357
0.0329250,0.2066592
0.0329300,0.2066817
0.0329350,0.2067019
0.0329400,0.2067200
0.0329450,0.2067372
0.0329500,0.2067551
0.0329550,0.2067754
0.0329600,0.2067987
0.0329650,0.2068236
0.0329700,0.2068472
0.0329750,0.2068670
0.0329800,0.2068818
0.0329850,0.2068914
0.0329900,0.2068976
0.0329950,0.2069034
0.0330000,0.2049572
0.0330050,0.2049493
0.0330100,0.2049491
0.0330150,0.2049553
0.0330200,0.2049665
0.0330250,0.2049805
0.0330300,0.2049957
0.0330350,0.2050119
0.0330400,0.2050293
0.0330450,0.2050475
0.0330500,0.2050652
0.0330550,0.2050807
0.0330600,0.2050933
0.0330650,0.2051033
0.0330700,0.2051121
0.0330750,0.2051213
0.0330800,0.2051331
0.0330850,0.2051485
0.0330900,0.2051677
0.0330950,0.2051894
0.0331000,0.1759205
0.0331050,0.1759178
0.0331100,0.1759143
0.0331150,0.1759102
0.0331200,0.1759055
0.0331250,0.1759001
0.0331300,0.1758951
0.0331350,0.1758916
0.0331400,0.1758910
0.0331450,0.1758935
0.0331500,0.1758987
0.0331550,0.1759061
0.0331600,0.1759153
0.0331650,0.1759262
0.0331700,0.1759377
0.0331750,0.1759489
0.0331800,0.1759589
0.0331850,0.1759671
0.0331900,0.1759731
0.0331950,0.1759762
0.0332000,0.1931523
0.0332050,0.1931465
0.0332100,0.1931394
0.0332150,0.1931320
0.0332200,0.1931256
0.0332250,0.1931215
0.0332300,0.1931212
0.0332350,0.1931256
0.0332400,0.1931350
0.0332450,0.1931483
0.0332500,0.1931635
0.0332550,0.1931784
0.0332600,0.1931912
0.0332650,0.1932010
0.0332700,0.1932078
0.0332750,0.1932114
0.0332800,0.1932114
0.0332850,0.1932071
0.0332900,0.1931986
0.0332950,0.1931871
0.0333000,0.1757914
0.0333050,0.1757738
0.0333100,0.1757615
0.0333150,0.1757548
0.0333200,0.1757537
0.0333250,0.1757579
0.0333300,0.1757666
0.0333350,0.1757775
0.0333400,0.1757888
0.0333450,0.1757992
0.0333500,0.1758085
0.0333550,0.1758165
0.0333600,0.1758230
0.0333650,0.1758283
0.0333700,0.1758327
0.0333750,0.1758366
0.0333800,0.1758404
0.0333850,0.1758439
0.0333900,0.1758471
0.0333950,0.1758498
0.0334000,0.1907883
0.0334050,0.1907917
0.0334100,0.1907964
0.0334150,0.1908002
0.0334200,0.1908001
0.0334250,0.1907929
0.0334300,0.1907760
0.0334350,0.1907493
0.0334400,0.1907166
0.0334450,0.1906835
0.0334500,0.1906556
0.0334550,0.1906368
0.0334600,0.1906276
0.0334650,0.1906263
0.0334700,0.1906304
0.0334750,0.1906377
0.0334800,0.1906456
0.0334850,0.1906525
0.0334900,0.1906586
0.0334950,0.1906653
0.0335000,0.1987009
0.0335050,0.1986953
0.0335100,0.1986948
0.0335150,0.1987002
0.0335200,0.1987115
0.0335250,0.1987284
0.0335300,0.1987493
0.0335350,0.1987726
0.0335400,0.1987973
0.0335450,0.1988213
0.0335500,0.1988419
0.0335550,0.1988558
0.0335600,0.1988611
0.0335650,0.1988573
0.0335700,0.1988456
0.0335750,0.1988278
0.0335800,0.1988053
0.0335850,0.1987799
0.0335900,0.1987549
0.0335950,0.1987353
0.0336000,0.2123033
0.0336050,0.2123080
0.0336100,0.2123209
0.0336150,0.2123374
0.0336200,0.2123541
0.0336250,0.2123695
0.0336300,0.2123838
0.0336350,0.2123969
0.0336400,0.2124089
0.0336450,0.2124196
0.0336500,0.2124286
0.0336550,0.2124354
0.0336600,0.2124396
0.0336650,0.2124418
0.0336700,0.2124439
0.0336750,0.2124490
0.0336800,0.2124604
0.0336850,0.2124788
0.0336900,0.2125006
0.0336950,0.2125211
0.0337000,0.1841432
0.0337050,0.1841483
0.0337100,0.1841534
0.0337150,0.1841618
0.0337200,0.1841747
0.0337250,0.1841917
0.0337300,0.1842114
0.0337350,0.1842313
0.0337400,0.1842475
0.0337450,0.1842559
0.0337500,0.1842549
0.0337550,0.1842474
0.0337600,0.1842387
0.0337650,0.1842342
0.0337700,0.1842365
0.0337750,0.1842445
0.0337800,0.1842544
0.0337850,0.1842632
0.0337900,0.1842692
0.0337950,0.1842731
0.0338000,0.1842423
0.0338050,0.1842511
0.0338100,0.1842689
0.0338150,0.1842953
0.0338200,0.1843279
0.0338250,0.1843631
0.0338300,0.1843963
0.0338350,0.1844245
0.0338400,0.1844499
0.0338450,0.1844768
0.0338500,0.1845064
0.0338550,0.1845360
0.0338600,0.1845621
0.0338650,0.1845822
0.0338700,0.1845950
0.0338750,0.1846003
0.0338800,0.1845985
0.0338850,0.1845920
0.0338900,0.1845842
0.0338950,0.1845794
0.0339000,0.1757879
0.0339050,0.1757806
0.0339100,0.1757821
0.0339150,0.1757934
0.0339200,0.1758121
0.0339250,0.1758336
0.0339300,0.1758539
0.0339350,0.1758703
0.0339400,0.1758824
0.0339450,0.1758913
0.0339500,0.1758986
0.0339550,0.1759046
0.0339600,0.1759089
0.0339650,0.1759104
0.0339700,0.1759085
0.0339750,0.1759035
0.0339800,0.1758962
0.0339850,0.1758873
0.0339900,0.1758778
0.0339950,0.1758697
0.0340000,0.2267618
0.0340050,0.2267490
0.0340100,0.2267419
0.0340150,0.2267382
0.0340200,0.2267368
0.0340250,0.2267378
0.0340300,0.2267422
0.0340350,0.2267509
0.0340400,0.2267650
0.0340450,0.2267846
0.0340500,0.2268077
0.0340550,0.2268299
0.0340600,0.2268464
0.0340650,0.2268537
0.0340700,0.2268521
0.0340750,0.2268444
0.0340800,0.2268334
0.0340850,0.2268213
0.0340900,0.2268102
0.0340950,0.2268013
0.0341000,0.2450783
0.0341050,0.2450742
0.0341100,0.2450762
0.0341150,0.2450834
0.0341200,0.2450939
0.0341250,0.2451063
0.0341300,0.2451213
0.0341350,0.2451415
0.0341400,0.2451692
0.0341450,0.2452043
0.0341500,0.2452444
0.0341550,0.2452852
0.0341600,0.2453234
0.0341650,0.2453567
0.0341700,0.2453839
0.0341750,0.2454046
0.0341800,0.2454183
0.0341850,0.2454257
0.0341900,0.2454281
0.0341950,0.2454273
0.0342000,0.2197246
0.0342050,0.2197099
0.0342100,0.2197022
0.0342150,0.2197022
0.0342200,0.2197099
0.0342250,0.2197249
0.0342300,0.2197467
0.0342350,0.2197746
0.0342400,0.2198068
0.0342450,0.2198403
0.0342500,0.2198709
0.0342550,0.2198945
0.0342600,0.2199091
0.0342650,0.2199156
0.0342700,0.2199160
0.0342750,0.2199119
0.0342800,0.2199050
0.0342850,0.2198979
0.0342900,0.2198925
0.0342950,0.2198900
0.0343000,0.2066680
0.0343050,0.2066595
0.0343100,0.2066518
0.0343150,0.2066456
0.0343200,0.2066415
0.0343250,0.2066395
0.0343300,0.2066390
0.0343350,0.2066393
0.0343400,0.2066397
0.0343450,0.2066394
0.0343500,0.2066381
0.0343550,0.2066380
0.0343600,0.2066442
0.0343650,0.2066611
0.0343700,0.2066896
0.0343750,0.2067263
0.0343800,0.2067659
0.0343850,0.2068032
0.0343900,0.2068352
0.0343950,0.2068613
0.0344000,0.1867138
0.0344050,0.1867288
0.0344100,0.1867412
0.0344150,0.1867492
0.0344200,0.1867512
0.0344250,0.1867464
0.0344300,0.1867360
0.0344350,0.1867225
0.0344400,0.1867100
0.0344450,0.1867022
0.0344500,0.1867003
0.0344550,0.1867028
0.0344600,0.1867064
0.0344650,0.1867086
0.0344700,0.1867083
0.0344750,0.1867069
0.0344800,0.1867065
0.0344850,0.1867085
0.0344900,0.1867131
0.0344950,0.1867189
0.0345000,0.1568486
0.0345050,0.1568371
0.0345100,0.1568285
0.0345150,0.1568270
0.0345200,0.1568358
0.0345250,0.1568529
0.0345300,0.1568733
0.0345350,0.1568930
0.0345400,0.1569104
0.0345450,0.1569241
0.0345500,0.1569329
0.0345550,0.1569363
0.0345600,0.1569338
0.0345650,0.1569250
0.0345700,0.1569101
0.0345750,0.1568905
0.0345800,0.1568690
0.0345850,0.1568483
0.0345900,0.1568301
0.0345950,0.1568158
0.0346000,0.1845210
0.0346050,0.1845101
0.0346100,0.1845038
0.0346150,0.1844987
0.0346200,0.1844927
0.0346250,0.1844854
0.0346300,0.1844775
0.0346350,0.1844700
0.0346400,0.1844648
0.0346450,0.1844638
0.0346500,0.1844690
0.0346550,0.1844810
0.0346600,0.1844986
0.0346650,0.1845200
0.0346700,0.1845429
0.0346750,0.1845654
0.0346800,0.1845864
0.0346850,0.1846058
0.0346900,0.1846238
0.0346950,0.1846396
0.0347000,0.2101309
0.0347050,0.2101440
0.0347100,0.2101613
0.0347150,0.2101815
0.0347200,0.2102035
0.0347250,0.2102263
0.0347300,0.2102489
0.0347350,0.2102710
0.0347400,0.2102936
0.0347450,0.2103170
0.0347500,0.2103395
0.0347550,0.2103578
0.0347600,0.2103694
0.0347650,0.2103741
0.0347700,0.2103737
0.0347750,0.2103701
0.0347800,0.2103657
0.0347850,0.2103626
0.0347900,0.2103628
0.0347950,0.2103672
0.0348000,0.1844235
0.0348050,0.1844149
0.0348100,0.1844084
0.0348150,0.1844045
0.0348200,0.1844035
0.0348250,0.1844065
0.0348300,0.1844149
0.0348350,0.1844296
0.0348400,0.1844488
0.0348450,0.1844700
0.0348500,0.1844913
0.0348550,0.1845117
0.0348600,0.1845302
0.0348650,0.1845460
0.0348700,0.1845588
0.0348750,0.1845690
0.0348800,0.1845757
0.0348850,0.1845769
0.0348900,0.1845722
0.0348950,0.1845619
0.0349000,0.1663951
0.0349050,0.1663837
0.0349100,0.1663713
0.0349150,0.1663598
0.0349200,0.1663516
0.0349250,0.1663475
0.0349300,0.1663462
0.0349350,0.1663463
0.0349400,0.1663462
0.0349450,0.1663450
0.0349500,0.1663425
0.0349550,0.1663396
0.0349600,0.1663380
0.0349650,0.1663396
0.0349700,0.1663445
0.0349750,0.1663503
0.0349800,0.1663540
0.0349850,0.1663538
0.0349900,0.1663487
0.0349950,0.1663388
0.0350000,0.1755390
0.0350050,0.1755264
0.0350100,0.1755145
0.0350150,0.1755045
0.0350200,0.1754963
0.0350250,0.1754903
0.0350300,0.1754872
0.0350350,0.1754875
0.0350400,0.1754923
0.0350450,0.1755038
0.0350500,0.1755246
0.0350550,0.1755550
0.0350600,0.1755924
0.0350650,0.1756328
0.0350700,0.1756740
0.0350750,0.1757142
0.0350800,0.1757512
0.0350850,0.1757828
0.0350900,0.1758077
0.0350950,0.1758267
0.0351000,0.1565085
0.0351050,0.1565195
0.0351100,0.1565275
0.0351150,0.1565318
0.0351200,0.1565319
0.0351250,0.1565286
0.0351300,0.1565229
0.0351350,0.1565165
0.0351400,0.1565101
0.0351450,0.1565053
0.0351500,0.1565028
0.0351550,0.1565016
0.0351600,0.1565008
0.0351650,0.1564998
0.0351700,0.1564989
0.0351750,0.1564983
0.0351800,0.1564994
0.0351850,0.1565044
0.0351900,0.1565151
0.0351950,0.1565317
0.0352000,0.1843283
0.0352050,0.1843518
0.0352100,0.1843783
0.0352150,0.1844069
0.0352200,0.1844375
0.0352250,0.1844688
0.0352300,0.1844992
0.0352350,0.1845272
0.0352400,0.1845517
0.0352450,0.1845721
0.0352500,0.1845882
0.0352550,0.1846001
0.0352600,0.1846077
0.0352650,0.1846107
0.0352700,0.1846094
0.0352750,0.1846041
0.0352800,0.1845961
0.0352850,0.1845867
0.0352900,0.1845758
0.0352950,0.1845626
0.0353000,0.2008793
0.0353050,0.2008667
0.0353100,0.2008612
0.0353150,0.2008618
0.0353200,0.2008662
0.0353250,0.2008730
0.0353300,0.2008828
0.0353350,0.2008964
0.0353400,0.2009136
0.0353450,0.2009333
0.0353500,0.2009540
0.0353550,0.2009735
0.0353600,0.2009894
0.0353650,0.2010011
0.0353700,0.2010093
0.0353750,0.2010157
0.0353800,0.2010219
0.0353850,0.2010295
0.0353900,0.2010404
0.0353950,0.2010554
0.0354000,0.1845408
0.0354050,0.1845493
0.0354100,0.1845570
0.0354150,0.1845642
0.0354200,0.1845715
0.0354250,0.1845789
0.0354300,0.1845857
0.0354350,0.1845908
0.0354400,0.1845931
0.0354450,0.1845928
0.0354500,0.1845906
0.0354550,0.1845871
0.0354600,0.1845834
0.0354650,0.1845804
0.0354700,0.1845790
0.0354750,0.1845800
0.0354800,0.1845839
0.0354850,0.1845905
0.0354900,0.1845981
0.0354950,0.1846050
0.0355000,0.1948429
0.0355050,0.1948422
0.0355100,0.1948457
0.0355150,0.1948524
0.0355200,0.1948618
0.0355250,0.1948734
0.0355300,0.1948870
0.0355350,0.1949023
0.0355400,0.1949196
0.0355450,0.1949386
0.0355500,0.1949587
0.0355550,0.1949792
0.0355600,0.1949991
0.0355650,0.1950171
0.0355700,0.1950324
0.0355750,0.1950446
0.0355800,0.1950540
0.0355850,0.1950612
0.0355900,0.1950668
0.0355950,0.1950716
0.0356000,0.2009220
0.0356050,0.2009348
0.0356100,0.2009491
0.0356150,0.2009670
0.0356200,0.2009902
0.0356250,0.2010186
0.0356300,0.2010512
0.0356350,0.2010864
0.0356400,0.2011219
0.0356450,0.2011554
0.0356500,0.2011849
0.0356550,0.2012100
0.0356600,0.2012313
0.0356650,0.2012508
0.0356700,0.2012696
0.0356750,0.2012875
0.0356800,0.2013033
0.0356850,0.2013156
0.0356900,0.2013234
0.0356950,0.2013267
0.0357000,0.2161107
0.0357050,0.2161035
0.0357100,0.2160984
0.0357150,0.2160962
0.0357200,0.2160970
0.0357250,0.2161002
0.0357300,0.2161049
0.0357350,0.2161103
0.0357400,0.2161165
0.0357450,0.2161240
0.0357500,0.2161329
0.0357550,0.2161422
0.0357600,0.2161501
0.0357650,0.2161554
0.0357700,0.2161585
0.0357750,0.2161601
0.0357800,0.2161613
0.0357850,0.2161634
0.0357900,0.2161668
0.0357950,0.2161713
0.0358000,0.2159798
0.0358050,0.2159783
0.0358100,0.2159793
0.0358150,0.2159820
0.0358200,0.2159847
0.0358250,0.2159861
0.0358300,0.2159859
0.0358350,0.2159842
0.0358400,0.2159823
0.0358450,0.2159817
0.0358500,0.2159839
0.0358550,0.2159891
0.0358600,0.2159963
0.0358650,0.2160037
0.0358700,0.2160095
0.0358750,0.2160131
0.0358800,0.2160152
0.0358850,0.2160178
0.0358900,0.2160223
0.0358950,0.2160302
0.0359000,0.2008648
0.0359050,0.2008785
0.0359100,0.2008978
0.0359150,0.2009226
0.0359200,0.2009519
0.0359250,0.2009836
0.0359300,0.2010152
0.0359350,0.2010440
0.0359400,0.2010685
0.0359450,0.2010896
0.0359500,0.2011094
0.0359550,0.2011298
0.0359600,0.2011497
0.0359650,0.2011666
0.0359700,0.2011797
0.0359750,0.2011892
0.0359800,0.2011962
0.0359850,0.2012014
0.0359900,0.2012058
0.0359950,0.2012107
0.0360000,0.2007536
0.0360050,0.2007509
0.0360100,0.2007501
0.0360150,0.2007518
0.0360200,0.2007565
0.0360250,0.2007648
0.0360300,0.2007776
0.0360350,0.2007960
0.0360400,0.2008209
0.0360450,0.2008508
0.0360500,0.2008820
0.0360550,0.2009109
0.0360600,0.2009346
0.0360650,0.2009519
0.0360700,0.2009629
0.0360750,0.2009697
0.0360800,0.2009755
0.0360850,0.2009838
0.0360900,0.2009964
0.0360950,0.2010122
0.0361000,0.2577965
0.0361050,0.2578023
0.0361100,0.2578144
0.0361150,0.2578296
0.0361200,0.2578445
0.0361250,0.2578575
0.0361300,0.2578695
0.0361350,0.2578825
0.0361400,0.2578982
0.0361450,0.2579174
0.0361500,0.2579388
0.0361550,0.2579595
0.0361600,0.2579763
0.0361650,0.2579871
0.0361700,0.2579919
0.0361750,0.2579937
0.0361800,0.2579971
0.0361850,0.2580055
0.0361900,0.2580183
0.0361950,0.2580326
0.0362000,0.2197789
0.0362050,0.2197737
0.0362100,0.2197693
0.0362150,0.2197661
0.0362200,0.2197648
0.0362250,0.2197660
0.0362300,0.2197686
0.0362350,0.2197703
0.0362400,0.2197702
0.0362450,0.2197687
0.0362500,0.2197673
0.0362550,0.2197676
0.0362600,0.2197710
0.0362650,0.2197777
0.0362700,0.2197860
0.0362750,0.2197932
0.0362800,0.2197973
0.0362850,0.2197973
0.0362900,0.2197933
0.0362950,0.2197864
0.0363000,0.2368931
0.0363050,0.2368760
0.0363100,0.2368657
0.0363150,0.2368651
0.0363200,0.2368748
0.0363250,0.2368935
0.0363300,0.2369187
0.0363350,0.2369464
0.0363400,0.2369721
0.0363450,0.2369936
0.0363500,0.2370119
0.0363550,0.2370295
0.0363600,0.2370489
0.0363650,0.2370717
0.0363700,0.2370981
0.0363750,0.2371263
0.0363800,0.2371526
0.0363850,0.2371741
0.0363900,0.2371896
0.0363950,0.2371992
0.0364000,0.2086667
0.0364050,0.2086510
0.0364100,0.2086464
0.0364150,0.2086522
0.0364200,0.2086638
0.0364250,0.2086755
0.0364300,0.2086824
0.0364350,0.2086819
0.0364400,0.2086738
0.0364450,0.2086605
0.0364500,0.2086473
0.0364550,0.2086399
0.0364600,0.2086423
0.0364650,0.2086540
0.0364700,0.2086712
0.0364750,0.2086890
0.0364800,0.2087037
0.0364850,0.2087144
0.0364900,0.2087226
0.0364950,0.2087318
0.0365000,0.2142149
0.0365050,0.2142220
0.0365100,0.2142299
0.0365150,0.2142378
0.0365200,0.2142448
0.0365250,0.2142501
0.0365300,0.2142530
0.0365350,0.2142534
0.0365400,0.2142525
0.0365450,0.2142536
0.0365500,0.2142595
0.0365550,0.2142709
0.0365600,0.2142855
0.0365650,0.2142994
0.0365700,0.2143093
0.0365750,0.2143152
0.0365800,0.2143183
0.0365850,0.2143203
0.0365900,0.2143232
0.0365950,0.2143290
0.0366000,0.1843489
0.0366050,0.1843479
0.0366100,0.1843542
0.0366150,0.1843688
0.0366200,0.1843920
0.0366250,0.1844234
0.0366300,0.1844609
0.0366350,0.1845010
0.0366400,0.1845394
0.0366450,0.1845723
0.0366500,0.1845967
0.0366550,0.1846103
0.0366600,0.1846128
0.0366650,0.1846055
0.0366700,0.1845910
0.0366750,0.1845727
0.0366800,0.1845545
0.0366850,0.1845398
0.0366900,0.1845305
0.0366950,0.1845267
0.0367000,0.1844423
0.0367050,0.1844352
0.0367100,0.1844343
0.0367150,0.1844400
0.0367200,0.1844517
0.0367250,0.1844677
0.0367300,0.1844862
0.0367350,0.1845062
0.0367400,0.1845266
0.0367450,0.1845464
0.0367500,0.1845647
0.0367550,0.1845827
0.0367600,0.1846022
0.0367650,0.1846247
0.0367700,0.1846497
0.0367750,0.1846750
0.0367800,0.1846974
0.0367850,0.1847134
0.0367900,0.1847207
0.0367950,0.1847197
0.0368000,0.2336124
0.0368050,0.2335903
0.0368100,0.2335703
0.0368150,0.2335542
0.0368200,0.2335427
0.0368250,0.2335358
0.0368300,0.2335333
0.0368350,0.2335353
0.0368400,0.2335419
0.0368450,0.2335536
0.0368500,0.2335705
0.0368550,0.2335919
0.0368600,0.2336161
0.0368650,0.2336409
0.0368700,0.2336635
0.0368750,0.2336826
0.0368800,0.2336981
0.0368850,0.2337114
0.0368900,0.2337249
0.0368950,0.2337406
0.0369000,0.2282677
0.0369050,0.2282766
0.0369100,0.2282903
0.0369150,0.2283083
0.0369200,0.2283302
0.0369250,0.2283545
0.0369300,0.2283797
0.0369350,0.2284045
0.0369400,0.2284279
0.0369450,0.2284481
0.0369500,0.2284627
0.0369550,0.2284695
0.0369600,0.2284670
0.0369650,0.2284553
0.0369700,0.2284358
0.0369750,0.2284115
0.0369800,0.2283858
0.0369850,0.2283613
0.0369900,0.2283391
0.0369950,0.2283197
0.0370000,0.2333986
0.0370050,0.2333906
0.0370100,0.2333910
0.0370150,0.2333986
0.0370200,0.2334125
0.0370250,0.2334318
0.0370300,0.2334541
0.0370350,0.2334770
0.0370400,0.2334988
0.0370450,0.2335199
0.0370500,0.2335406
0.0370550,0.2335613
0.0370600,0.2335817
0.0370650,0.2336001
0.0370700,0.2336154
0.0370750,0.2336271
0.0370800,0.2336360
0.0370850,0.2336424
0.0370900,0.2336462
0.0370950,0.2336475
0.0371000,0.2065764
0.0371050,0.2065753
0.0371100,0.2065818
0.0371150,0.2065941
0.0371200,0.2066089
0.0371250,0.2066230
0.0371300,0.2066345
0.0371350,0.2066435
0.0371400,0.2066521
0.0371450,0.2066645
0.0371500,0.2066837
0.0371550,0.2067089
0.0371600,0.2067359
0.0371650,0.2067602
0.0371700,0.2067797
0.0371750,0.2067945
0.0371800,0.2068068
0.0371850,0.2068184
0.0371900,0.2068306
0.0371950,0.2068434
0.0372000,0.2480720
0.0372050,0.2480676
0.0372100,0.2480663
0.0372150,0.2480689
0.0372200,0.2480750
0.0372250,0.2480834
0.0372300,0.2480932
0.0372350,0.2481032
0.0372400,0.2481137
0.0372450,0.2481267
0.0372500,0.2481454
0.0372550,0.2481705
0.0372600,0.2482004
0.0372650,0.2482334
0.0372700,0.2482689
0.0372750,0.2483067
0.0372800,0.2483460
0.0372850,0.2483859
0.0372900,0.2484255
0.0372950,0.2484633
0.0373000,0.2214524
0.0373050,0.2214658
0.0373100,0.2214783
0.0373150,0.2214902
0.0373200,0.2215014
0.0373250,0.2215115
0.0373300,0.2215193
0.0373350,0.2215241
0.0373400,0.2215257
0.0373450,0.2215245
0.0373500,0.2215210
0.0373550,0.2215161
0.0373600,0.2215108
0.0373650,0.2215063
0.0373700,0.2215036
0.0373750,0.2215038
0.0373800,0.2215078
0.0373850,0.2215156
0.0373900,0.2215270
0.0373950,0.2215406
0.0374000,0.2317581
0.0374050,0.2317685
0.0374100,0.2317788
0.0374150,0.2317877
0.0374200,0.2317950
0.0374250,0.2318007
0.0374300,0.2318056
0.0374350,0.2318104
0.0374400,0.2318160
0.0374450,0.2318228
0.0374500,0.2318305
0.0374550,0.2318381
0.0374600,0.2318449
0.0374650,0.2318512
0.0374700,0.2318578
0.0374750,0.2318652
0.0374800,0.2318733
0.0374850,0.2318822
0.0374900,0.2318925
0.0374950,0.2319050
0.0375000,0.2514922
0.0375050,0.2515002
0.0375100,0.2515119
0.0375150,0.2515254
0.0375200,0.2515398
0.0375250,0.2515554
0.0375300,0.2515735
0.0375350,0.2515946
0.0375400,0.2516183
0.0375450,0.2516439
0.0375500,0.2516709
0.0375550,0.2516980
0.0375600,0.2517242
0.0375650,0.2517497
0.0375700,0.2517754
0.0375750,0.2518019
0.0375800,0.2518283
0.0375850,0.2518529
0.0375900,0.2518748
0.0375950,0.2518948
0.0376000,0.1759146
0.0376050,0.1759029
0.0376100,0.1758957
0.0376150,0.1758957
0.0376200,0.1759037
0.0376250,0.1759188
0.0376300,0.1759382
0.0376350,0.1759583
0.0376400,0.1759756
0.0376450,0.1759889
0.0376500,0.1759978
0.0376550,0.1760028
0.0376600,0.1760045
0.0376650,0.1760021
0.0376700,0.1759949
0.0376750,0.1759828
0.0376800,0.1759672
0.0376850,0.1759494
0.0376900,0.1759298
0.0376950,0.1759083
0.0377000,0.1845829
0.0377050,0.1845563
0.0377100,0.1845339
0.0377150,0.1845158
0.0377200,0.1845024
0.0377250,0.1844935
0.0377300,0.1844889
0.0377350,0.1844876
0.0377400,0.1844887
0.0377450,0.1844923
0.0377500,0.1844986
0.0377550,0.1845073
0.0377600,0.1845181
0.0377650,0.1845306
0.0377700,0.1845439
0.0377750,0.1845558
0.0377800,0.1845630
0.0377850,0.1845629
0.0377900,0.1845551
0.0377950,0.1845416
0.0378000,0.1756978
0.0378050,0.1756810
0.0378100,0.1756645
0.0378150,0.1756485
0.0378200,0.1756330
0.0378250,0.1756178
0.0378300,0.1756039
0.0378350,0.1755920
0.0378400,0.1755829
0.0378450,0.1755772
0.0378500,0.1755744
0.0378550,0.1755739
0.0378600,0.1755742
0.0378650,0.1755730
0.0378700,0.1755680
0.0378750,0.1755582
0.0378800,0.1755442
0.0378850,0.1755275
0.0378900,0.1755091
0.0378950,0.1754906
0.0379000,0.2227822
0.0379050,0.2227683
0.0379100,0.2227611
0.0379150,0.2227611
0.0379200,0.2227678
0.0379250,0.2227801
0.0379300,0.2227969
0.0379350,0.2228170
0.0379400,0.2228397
0.0379450,0.2228640
0.0379500,0.2228883
0.0379550,0.2229111
0.0379600,0.2229315
0.0379650,0.2229492
0.0379700,0.2229645
0.0379750,0.2229784
0.0379800,0.2229919
0.0379850,0.2230060
0.0379900,0.2230210
0.0379950,0.2230368
0.0380000,0.1842822
0.0380050,0.1843010
0.0380100,0.1843220
0.0380150,0.1843437
0.0380200,0.1843642
0.0380250,0.1843814
0.0380300,0.1843947
0.0380350,0.1844048
0.0380400,0.1844128
0.0380450,0.1844189
0.0380500,0.1844219
0.0380550,0.1844207
0.0380600,0.1844152
0.0380650,0.1844064
0.0380700,0.1843965
0.0380750,0.1843873
0.0380800,0.1843803
0.0380850,0.1843764
0.0380900,0.1843768
0.0380950,0.1843817
0.0381000,0.2212659
0.0381050,0.2212778
0.0381100,0.2213007
0.0381150,0.2213313
0.0381200,0.2213665
0.0381250,0.2214033
0.0381300,0.2214387
0.0381350,0.2214706
0.0381400,0.2214977
0.0381450,0.2215196
0.0381500,0.2215370
0.0381550,0.2215510
0.0381600,0.2215629
0.0381650,0.2215739
0.0381700,0.2215850
0.0381750,0.2215968
0.0381800,0.2216097
0.0381850,0.2216236
0.0381900,0.2216384
0.0381950,0.2216535
0.0382000,0.1843663
0.0382050,0.1843663
0.0382100,0.1843690
0.0382150,0.1843747
0.0382200,0.1843832
0.0382250,0.1843942
0.0382300,0.1844068
0.0382350,0.1844205
0.0382400,0.1844349
0.0382450,0.1844503
0.0382500,0.1844669
0.0382550,0.1844853
0.0382600,0.1845063
0.0382650,0.1845299
0.0382700,0.1845547
0.0382750,0.1845789
0.0382800,0.1846010
0.0382850,0.1846202
0.0382900,0.1846353
0.0382950,0.1846460
0.0383000,0.1846301
0.0383050,0.1846298
0.0383100,0.1846282
0.0383150,0.1846266
0.0383200,0.1846252
0.0383250,0.1846236
0.0383300,0.1846211
0.0383350,0.1846174
0.0383400,0.1846116
0.0383450,0.1846040
0.0383500,0.1845957
0.0383550,0.1845880
0.0383600,0.1845817
0.0383650,0.1845769
0.0383700,0.1845736
0.0383750,0.1845716
0.0383800,0.1845696
0.0383850,0.1845676
0.0383900,0.1845660
0.0383950,0.1845670
0.0384000,0.2283146
0.0384050,0.2283304
0.0384100,0.2283565
0.0384150,0.2283880
0.0384200,0.2284204
0.0384250,0.2284498
0.0384300,0.2284735
0.0384350,0.2284911
0.0384400,0.2285040
0.0384450,0.2285155
0.0384500,0.2285295
0.0384550,0.2285492
0.0384600,0.2285749
0.0384650,0.2286025
0.0384700,0.2286265
0.0384750,0.2286437
0.0384800,0.2286560
0.0384850,0.2286690
0.0384900,0.2286881
0.0384950,0.2287162
0.0385000,0.1666054
0.0385050,0.1666300
0.0385100,0.1666539
0.0385150,0.1666754
0.0385200,0.1666942
0.0385250,0.1667109
0.0385300,0.1667266
0.0385350,0.1667424
0.0385400,0.1667583
0.0385450,0.1667737
0.0385500,0.1667871
0.0385550,0.1667964
0.0385600,0.1667990
0.0385650,0.1667929
0.0385700,0.1667780
0.0385750,0.1667560
0.0385800,0.1667313
0.0385850,0.1667090
0.0385900,0.1666936
0.0385950,0.1666871
0.0386000,0.1990370
0.0386050,0.1990257
0.0386100,0.1990165
0.0386150,0.1990112
0.0386200,0.1990137
0.0386250,0.1990264
0.0386300,0.1990488
0.0386350,0.1990779
0.0386400,0.1991087
0.0386450,0.1991358
0.0386500,0.1991549
0.0386550,0.1991643
0.0386600,0.1991654
0.0386650,0.1991620
0.0386700,0.1991598
0.0386750,0.1991629
0.0386800,0.1991713
0.0386850,0.1991813
0.0386900,0.1991885
0.0386950,0.1991900
0.0387000,0.1909360
0.0387050,0.1909182
0.0387100,0.1909115
0.0387150,0.1909164
0.0387200,0.1909286
0.0387250,0.1909407
0.0387300,0.1909459
0.0387350,0.1909396
0.0387400,0.1909221
0.0387450,0.1908980
0.0387500,0.1908730
0.0387550,0.1908517
0.0387600,0.1908358
0.0387650,0.1908245
0.0387700,0.1908146
0.0387750,0.1908029
0.0387800,0.1907882
0.0387850,0.1907723
0.0387900,0.1907584
0.0387950,0.1907506
0.0388000,0.1906858
0.0388050,0.1906864
0.0388100,0.1906958
0.0388150,0.1907104
0.0388200,0.1907264
0.0388250,0.1907417
0.0388300,0.1907551
0.0388350,0.1907665
0.0388400,0.1907775
0.0388450,0.1907913
0.0388500,0.1908100
0.0388550,0.1908330
0.0388600,0.1908579
0.0388650,0.1908814
0.0388700,0.1909014
0.0388750,0.1909169
0.0388800,0.1909283
0.0388850,0.1909373
0.0388900,0.1909454
0.0388950,0.1909534
0.0389000,0.2065958
0.0389050,0.2065913
0.0389100,0.2065879
0.0389150,0.2065861
0.0389200,0.2065861
0.0389250,0.2065883
0.0389300,0.2065927
0.0389350,0.2065989
0.0389400,0.2066078
0.0389450,0.2066211
0.0389500,0.2066392
0.0389550,0.2066614
0.0389600,0.2066862
0.0389650,0.2067124
0.0389700,0.2067392
0.0389750,0.2067649
0.0389800,0.2067880
0.0389850,0.2068071
0.0389900,0.2068222
0.0389950,0.2068334
0.0390000,0.2530581
0.0390050,0.2530557
0.0390100,0.2530526
0.0390150,0.2530534
0.0390200,0.2530616
0.0390250,0.2530779
0.0390300,0.2531003
0.0390350,0.2531253
0.0390400,0.2531491
0.0390450,0.2531699
0.0390500,0.2531880
0.0390550,0.2532052
0.0390600,0.2532221
0.0390650,0.2532374
0.0390700,0.2532500
0.0390750,0.2532604
0.0390800,0.2532704
0.0390850,0.2532814
0.0390900,0.2532937
0.0390950,0.2533072
0.0391000,0.1928923
0.0391050,0.1929055
0.0391100,0.1929199
0.0391150,0.1929357
0.0391200,0.1929536
0.0391250,0.1929735
0.0391300,0.1929945
0.0391350,0.1930149
0.0391400,0.1930319
0.0391450,0.1930430
0.0391500,0.1930480
0.0391550,0.1930488
0.0391600,0.1930477
0.0391650,0.1930456
0.0391700,0.1930425
0.0391750,0.1930383
0.0391800,0.1930330
0.0391850,0.1930264
0.0391900,0.1930181
0.0391950,0.1930077
0.0392000,0.2066678
0.0392050,0.2066507
0.0392100,0.2066399
0.0392150,0.2066347
0.0392200,0.2066340
0.0392250,0.2066365
0.0392300,0.2066415
0.0392350,0.2066493
0.0392400,0.2066598
0.0392450,0.2066721
0.0392500,0.2066836
0.0392550,0.2066930
0.0392600,0.2067002
0.0392650,0.2067050
0.0392700,0.2067069
0.0392750,0.2067060
0.0392800,0.2067033
0.0392850,0.2067000
0.0392900,0.2066971
0.0392950,0.2066947
0.0393000,0.1843883
0.0393050,0.1843802
0.0393100,0.1843751
0.0393150,0.1843713
0.0393200,0.1843685
0.0393250,0.1843677
0.0393300,0.1843710
0.0393350,0.1843798
0.0393400,0.1843955
0.0393450,0.1844183
0.0393500,0.1844475
0.0393550,0.1844810
0.0393600,0.1845145
0.0393650,0.1845435
0.0393700,0.1845635
0.0393750,0.1845733
0.0393800,0.1845765
0.0393850,0.1845784
0.0393900,0.1845826
0.0393950,0.1845894
0.0394000,0.1845589
0.0394050,0.1845560
0.0394100,0.1845552
0.0394150,0.1845561
0.0394200,0.1845587
0.0394250,0.1845630
0.0394300,0.1845697
0.0394350,0.1845785
0.0394400,0.1845884
0.0394450,0.1845972
0.0394500,0.1846027
0.0394550,0.1846030
0.0394600,0.1845971
0.0394650,0.1845852
0.0394700,0.1845695
0.0394750,0.1845538
0.0394800,0.1845423
0.0394850,0.1845374
0.0394900,0.1845394
0.0394950,0.1845473
0.0395000,0.2008427
0.0395050,0.2008646
0.0395100,0.2008918
0.0395150,0.2009218
0.0395200,0.2009518
0.0395250,0.2009793
0.0395300,0.2010040
0.0395350,0.2010278
0.0395400,0.2010527
0.0395450,0.2010798
0.0395500,0.2011080
0.0395550,0.2011354
0.0395600,0.2011593
0.0395650,0.2011779
0.0395700,0.2011906
0.0395750,0.2011980
0.0395800,0.2012021
0.0395850,0.2012050
0.0395900,0.2012091
0.0395950,0.2012140
0.0396000,0.1570079
0.0396050,0.1569948
0.0396100,0.1569826
0.0396150,0.1569730
0.0396200,0.1569673
0.0396250,0.1569660
0.0396300,0.1569684
0.0396350,0.1569725
0.0396400,0.1569766
0.0396450,0.1569796
0.0396500,0.1569811
0.0396550,0.1569807
0.0396600,0.1569780
0.0396650,0.1569732
0.0396700,0.1569673
0.0396750,0.1569608
0.0396800,0.1569538
0.0396850,0.1569459
0.0396900,0.1569365
0.0396950,0.1569250
0.0397000,0.1758282
0.0397050,0.1758137
0.0397100,0.1758009
0.0397150,0.1757921
0.0397200,0.1757887
0.0397250,0.1757910
0.0397300,0.1757983
0.0397350,0.1758091
0.0397400,0.1758219
0.0397450,0.1758349
0.0397500,0.1758465
0.0397550,0.1758557
0.0397600,0.1758620
0.0397650,0.1758650
0.0397700,0.1758640
0.0397750,0.1758580
0.0397800,0.1758466
0.0397850,0.1758296
0.0397900,0.1758082
0.0397950,0.1757837
0.0398000,0.1566514
0.0398050,0.1566280
0.0398100,0.1566070
0.0398150,0.1565905
0.0398200,0.1565786
0.0398250,0.1565698
0.0398300,0.1565620
0.0398350,0.1565531
0.0398400,0.1565427
0.0398450,0.1565309
0.0398500,0.1565183
0.0398550,0.1565057
0.0398600,0.1564935
0.0398650,0.1564815
0.0398700,0.1564689
0.0398750,0.1564555
0.0398800,0.1564420
0.0398850,0.1564297
0.0398900,0.1564202
0.0398950,0.1564145
0.0399000,0.1753905
0.0399050,0.1753810
0.0399100,0.1753778
0.0399150,0.1753805
0.0399200,0.1753881
0.0399250,0.1753997
0.0399300,0.1754144
0.0399350,0.1754316
0.0399400,0.1754503
0.0399450,0.1754691
0.0399500,0.1754862
0.0399550,0.1755000
0.0399600,0.1755096
0.0399650,0.1755148
0.0399700,0.1755156
0.0399750,0.1755139
0.0399800,0.1755126
0.0399850,0.1755146
0.0399900,0.1755215
0.0399950,0.1755326
0.0400000,0.2006721
0.0400050,0.2006822
0.0400100,0.2006990
0.0400150,0.2007211
0.0400200,0.2007470
0.0400250,0.2007754
0.0400300,0.2008050
0.0400350,0.2008348
0.0400400,0.2008635
0.0400450,0.2008890
0.0400500,0.2009099
0.0400550,0.2009252
0.0400600,0.2009343
0.0400650,0.2009371
0.0400700,0.2009348
0.0400750,0.2009299
0.0400800,0.2009244
0.0400850,0.2009201
0.0400900,0.2009183
0.0400950,0.2009200
0.0401000,0.1989143
0.0401050,0.1989100
0.0401100,0.1989102
0.0401150,0.1989145
0.0401200,0.1989213
0.0401250,0.1989282
0.0401300,0.1989325
0.0401350,0.1989338
0.0401400,0.1989326
0.0401450,0.1989297
0.0401500,0.1989263
0.0401550,0.1989245
0.0401600,0.1989258
0.0401650,0.1989302
0.0401700,0.1989366
0.0401750,0.1989437
0.0401800,0.1989502
0.0401850,0.1989553
0.0401900,0.1989590
0.0401950,0.1989615
0.0402000,0.2006430
0.0402050,0.2006407
0.0402100,0.2006471
0.0402150,0.2006628
0.0402200,0.2006859
0.0402250,0.2007139
0.0402300,0.2007439
0.0402350,0.2007730
0.0402400,0.2007991
0.0402450,0.2008222
0.0402500,0.2008433
0.0402550,0.2008631
0.0402600,0.2008807
0.0402650,0.2008940
0.0402700,0.2009014
0.0402750,0.2009024
0.0402800,0.2008986
0.0402850,0.2008936
0.0402900,0.2008916
0.0402950,0.2008959
0.0403000,0.2350806
0.0403050,0.2350842
0.0403100,0.2350997
0.0403150,0.2351242
0.0403200,0.2351539
0.0403250,0.2351859
0.0403300,0.2352187
0.0403350,0.2352526
0.0403400,0.2352890
0.0403450,0.2353293
0.0403500,0.2353730
0.0403550,0.2354171
0.0403600,0.2354567
0.0403650,0.2354875
0.0403700,0.2355089
0.0403750,0.2355222
0.0403800,0.2355301
0.0403850,0.2355357
0.0403900,0.2355424
0.0403950,0.2355527
0.0404000,0.2010069
0.0404050,0.2010176
0.0404100,0.2010278
0.0404150,0.2010355
0.0404200,0.2010407
0.0404250,0.2010452
0.0404300,0.2010520
0.0404350,0.2010640
0.0404400,0.2010831
0.0404450,0.2011090
0.0404500,0.2011389
0.0404550,0.2011684
0.0404600,0.2011927
0.0404650,0.2012089
0.0404700,0.2012179
0.0404750,0.2012228
0.0404800,0.2012274
0.0404850,0.2012338
0.0404900,0.2012415
0.0404950,0.2012479
0.0405000,0.1667207
0.0405050,0.1667182
0.0405100,0.1667171
0.0405150,0.1667194
0.0405200,0.1667271
0.0405250,0.1667421
0.0405300,0.1667655
0.0405350,0.1667960
0.0405400,0.1668300
0.0405450,0.1668633
0.0405500,0.1668931
0.0405550,0.1669175
0.0405600,0.1669361
0.0405650,0.1669493
0.0405700,0.1669575
0.0405750,0.1669606
0.0405800,0.1669580
0.0405850,0.1669486
0.0405900,0.1669313
0.0405950,0.1669058
0.0406000,0.2270201
0.0406050,0.2269953
0.0406100,0.2269742
0.0406150,0.2269612
0.0406200,0.2269592
0.0406250,0.2269682
0.0406300,0.2269849
0.0406350,0.2270043
0.0406400,0.2270221
0.0406450,0.2270359
0.0406500,0.2270460
0.0406550,0.2270541
0.0406600,0.2270631
0.0406650,0.2270768
0.0406700,0.2270972
0.0406750,0.2271214
0.0406800,0.2271439
0.0406850,0.2271602
0.0406900,0.2271682
0.0406950,0.2271689
0.0407000,0.2162187
0.0407050,0.2162070
0.0407100,0.2162000
0.0407150,0.2161976
0.0407200,0.2161968
0.0407250,0.2161937
0.0407300,0.2161860
0.0407350,0.2161743
0.0407400,0.2161611
0.0407450,0.2161506
0.0407500,0.2161475
0.0407550,0.2161558
0.0407600,0.2161752
0.0407650,0.2161998
0.0407700,0.2162225
0.0407750,0.2162389
0.0407800,0.2162475
0.0407850,0.2162485
0.0407900,0.2162429
0.0407950,0.2162325
0.0408000,0.1845854
0.0408050,0.1845647
0.0408100,0.1845477
0.0408150,0.1845341
0.0408200,0.1845224
0.0408250,0.1845112
0.0408300,0.1844999
0.0408350,0.1844907
0.0408400,0.1844876
0.0408450,0.1844937
0.0408500,0.1845095
0.0408550,0.1845332
0.0408600,0.1845600
0.0408650,0.1845837
0.0408700,0.1846007
0.0408750,0.1846103
0.0408800,0.1846147
0.0408850,0.1846166
0.0408900,0.1846173
0.0408950,0.1846166
0.0409000,0.2159689
0.0409050,0.2159585
0.0409100,0.2159481
0.0409150,0.2159386
0.0409200,0.2159324
0.0409250,0.2159325
0.0409300,0.2159411
0.0409350,0.2159584
0.0409400,0.2159818
0.0409450,0.2160071
0.0409500,0.2160296
0.0409550,0.2160462
0.0409600,0.2160548
0.0409650,0.2160558
0.0409700,0.2160516
0.0409750,0.2160454
0.0409800,0.2160402
0.0409850,0.2160380
0.0409900,0.2160391
0.0409950,0.2160423
0.0410000,0.2085736
0.0410050,0.2085678
0.0410100,0.2085677
0.0410150,0.2085729
0.0410200,0.2085820
0.0410250,0.2085940
0.0410300,0.2086082
0.0410350,0.2086233
0.0410400,0.2086383
0.0410450,0.2086528
0.0410500,0.2086665
0.0410550,0.2086791
0.0410600,0.2086905
0.0410650,0.2087015
0.0410700,0.2087124
0.0410750,0.2087223
0.0410800,0.2087296
0.0410850,0.2087333
0.0410900,0.2087346
0.0410950,0.2087367
0.0411000,0.2335217
0.0411050,0.2335112
0.0411100,0.2335111
0.0411150,0.2335214
0.0411200,0.2335404
0.0411250,0.2335646
0.0411300,0.2335894
0.0411350,0.2336105
0.0411400,0.2336261
0.0411450,0.2336361
0.0411500,0.2336423
0.0411550,0.2336469
0.0411600,0.2336526
0.0411650,0.2336623
0.0411700,0.2336773
0.0411750,0.2336970
0.0411800,0.2337194
0.0411850,0.2337431
0.0411900,0.2337677
0.0411950,0.2337932
0.0412000,0.1753846
0.0412050,0.1753947
0.0412100,0.1754117
0.0412150,0.1754342
0.0412200,0.1754599
0.0412250,0.1754870
0.0412300,0.1755141
0.0412350,0.1755408
0.0412400,0.1755673
0.0412450,0.1755940
0.0412500,0.1756220
0.0412550,0.1756516
0.0412600,0.1756818
0.0412650,0.1757105
0.0412700,0.1757356
0.0412750,0.1757562
0.0412800,0.1757724
0.0412850,0.1757851
0.0412900,0.1757954
0.0412950,0.1758050
0.0413000,0.1824112
0.0413050,0.1824110
0.0413100,0.1824170
0.0413150,0.1824279
0.0413200,0.1824412
0.0413250,0.1824555
0.0413300,0.1824697
0.0413350,0.1824828
0.0413400,0.1824931
0.0413450,0.1824983
0.0413500,0.1824973
0.0413550,0.1824898
0.0413600,0.1824778
0.0413650,0.1824648
0.0413700,0.1824545
0.0413750,0.1824498
0.0413800,0.1824520
0.0413850,0.1824615
0.0413900,0.1824779
0.0413950,0.1825001
0.0414000,0.2008442
0.0414050,0.2008488
0.0414100,0.2008539
0.0414150,0.2008589
0.0414200,0.2008631
0.0414250,0.2008662
0.0414300,0.2008685
0.0414350,0.2008710
0.0414400,0.2008749
0.0414450,0.2008807
0.0414500,0.2008894
0.0414550,0.2009016
0.0414600,0.2009173
0.0414650,0.2009358
0.0414700,0.2009563
0.0414750,0.2009777
0.0414800,0.2009988
0.0414850,0.2010182
0.0414900,0.2010349
0.0414950,0.2010483
0.0415000,0.2400558
0.0415050,0.2400550
0.0415100,0.2400604
0.0415150,0.2400708
0.0415200,0.2400854
0.0415250,0.2401032
0.0415300,0.2401239
0.0415350,0.2401481
0.0415400,0.2401758
0.0415450,0.2402051
0.0415500,0.2402329
0.0415550,0.2402558
0.0415600,0.2402710
0.0415650,0.2402773
0.0415700,0.2402758
0.0415750,0.2402691
0.0415800,0.2402598
0.0415850,0.2402507
0.0415900,0.2402440
0.0415950,0.2402413
0.0416000,0.2266852
0.0416050,0.2266860
0.0416100,0.2266907
0.0416150,0.2266960
0.0416200,0.2266999
0.0416250,0.2267020
0.0416300,0.2267035
0.0416350,0.2267067
0.0416400,0.2267141
0.0416450,0.2267273
0.0416500,0.2267462
0.0416550,0.2267687
0.0416600,0.2267933
0.0416650,0.2268180
0.0416700,0.2268404
0.0416750,0.2268594
0.0416800,0.2268760
0.0416850,0.2268926
0.0416900,0.2269104
0.0416950,0.2269283
0.0417000,0.1847131
0.0417050,0.1847011
0.0417100,0.1846845
0.0417150,0.1846666
0.0417200,0.1846493
0.0417250,0.1846328
0.0417300,0.1846163
0.0417350,0.1845992
0.0417400,0.1845822
0.0417450,0.1845673
0.0417500,0.1845573
0.0417550,0.1845538
0.0417600,0.1845573
0.0417650,0.1845664
0.0417700,0.1845787
0.0417750,0.1845908
0.0417800,0.1845997
0.0417850,0.1846049
0.0417900,0.1846079
0.0417950,0.1846116
0.0418000,0.2068571
0.0418050,0.2068654
0.0418100,0.2068833
0.0418150,0.2069073
0.0418200,0.2069343
0.0418250,0.2069619
0.0418300,0.2069889
0.0418350,0.2070145
0.0418400,0.2070381
0.0418450,0.2070592
0.0418500,0.2070772
0.0418550,0.2070916
0.0418600,0.2071014
0.0418650,0.2071053
0.0418700,0.2071035
0.0418750,0.2070980
0.0418800,0.2070930
0.0418850,0.2070928
0.0418900,0.2070992
0.0418950,0.2071118
0.0419000,0.1931150
0.0419050,0.1931360
0.0419100,0.1931526
0.0419150,0.1931620
0.0419200,0.1931654
0.0419250,0.1931652
0.0419300,0.1931637
0.0419350,0.1931611
0.0419400,0.1931558
0.0419450,0.1931452
0.0419500,0.1931274
0.0419550,0.1931031
0.0419600,0.1930746
0.0419650,0.1930451
0.0419700,0.1930180
0.0419750,0.1929956
0.0419800,0.1929801
0.0419850,0.1929719
0.0419900,0.1929696
0.0419950,0.1929710
0.0420000,0.2087103
0.0420050,0.2087137
0.0420100,0.2087162
0.0420150,0.2087174
0.0420200,0.2087186
0.0420250,0.2087224
0.0420300,0.2087315
0.0420350,0.2087473
0.0420400,0.2087689
0.0420450,0.2087933
0.0420500,0.2088166
0.0420550,0.2088358
0.0420600,0.2088505
0.0420650,0.2088633
0.0420700,0.2088779
0.0420750,0.2088968
0.0420800,0.2089191
0.0420850,0.2089412
0.0420900,0.2089590
0.0420950,0.2089689
0.0421000,0.1689732
0.0421050,0.1689634
0.0421100,0.1689548
0.0421150,0.1689521
0.0421200,0.1689587
0.0421250,0.1689752
0.0421300,0.1689990
0.0421350,0.1690242
0.0421400,0.1690445
0.0421450,0.1690562
0.0421500,0.1690606
0.0421550,0.1690628
0.0421600,0.1690698
0.0421650,0.1690884
0.0421700,0.1691209
0.0421750,0.1691643
0.0421800,0.1692120
0.0421850,0.1692569
0.0421900,0.1692952
0.0421950,0.1693275
0.0422000,0.1931558
0.0422050,0.1931770
0.0422100,0.1931991
0.0422150,0.1932221
0.0422200,0.1932445
0.0422250,0.1932636
0.0422300,0.1932769
0.0422350,0.1932829
0.0422400,0.1932821
0.0422450,0.1932764
0.0422500,0.1932688
0.0422550,0.1932632
0.0422600,0.1932621
0.0422650,0.1932662
0.0422700,0.1932738
0.0422750,0.1932812
0.0422800,0.1932852
0.0422850,0.1932841
0.0422900,0.1932797
0.0422950,0.1932759
0.0423000,0.2369316
0.0423050,0.2369427
0.0423100,0.2369655
0.0423150,0.2369955
0.0423200,0.2370261
0.0423250,0.2370513
0.0423300,0.2370672
0.0423350,0.2370741
0.0423400,0.2370753
0.0423450,0.2370757
0.0423500,0.2370800
0.0423550,0.2370902
0.0423600,0.2371050
0.0423650,0.2371213
0.0423700,0.2371360
0.0423750,0.2371470
0.0423800,0.2371539
0.0423850,0.2371586
0.0423900,0.2371638
0.0423950,0.2371716
0.0424000,0.2231988
0.0424050,0.2231892
0.0424100,0.2231866
0.0424150,0.2231891
0.0424200,0.2231931
0.0424250,0.2231955
0.0424300,0.2231956
0.0424350,0.2231953
0.0424400,0.2231983
0.0424450,0.2232087
0.0424500,0.2232292
0.0424550,0.2232594
0.0424600,0.2232960
0.0424650,0.2233347
0.0424700,0.2233704
0.0424750,0.2233998
0.0424800,0.2234214
0.0424850,0.2234363
0.0424900,0.2234475
0.0424950,0.2234577
0.0425000,0.1666235
0.0425050,0.1666301
0.0425100,0.1666373
0.0425150,0.1666433
0.0425200,0.1666465
0.0425250,0.1666485
0.0425300,0.1666528
0.0425350,0.1666625
0.0425400,0.1666789
0.0425450,0.1667018
0.0425500,0.1667313
0.0425550,0.1667669
0.0425600,0.1668056
0.0425650,0.1668419
0.0425700,0.1668705
0.0425750,0.1668887
0.0425800,0.1668974
0.0425850,0.1668988
0.0425900,0.1668953
0.0425950,0.1668889
0.0426000,0.1466428
0.0426050,0.1466265
0.0426100,0.1466106
0.0426150,0.1465983
0.0426200,0.1465931
0.0426250,0.1465971
0.0426300,0.1466094
0.0426350,0.1466273
0.0426400,0.1466476
0.0426450,0.1466672
0.0426500,0.1466843
0.0426550,0.1466982
0.0426600,0.1467097
0.0426650,0.1467204
0.0426700,0.1467312
0.0426750,0.1467426
0.0426800,0.1467551
0.0426850,0.1467697
0.0426900,0.1467862
0.0426950,0.1468033
0.0427000,0.2144542
0.0427050,0.2144686
0.0427100,0.2144842
0.0427150,0.2145008
0.0427200,0.2145179
0.0427250,0.2145354
0.0427300,0.2145527
0.0427350,0.2145690
0.0427400,0.2145828
0.0427450,0.2145929
0.0427500,0.2145988
0.0427550,0.2146001
0.0427600,0.2145966
0.0427650,0.2145888
0.0427700,0.2145789
0.0427750,0.2145708
0.0427800,0.2145671
0.0427850,0.2145679
0.0427900,0.2145723
0.0427950,0.2145795
0.0428000,0.1931446
0.0428050,0.1931440
0.0428100,0.1931483
0.0428150,0.1931552
0.0428200,0.1931615
0.0428250,0.1931653
0.0428300,0.1931666
0.0428350,0.1931663
0.0428400,0.1931653
0.0428450,0.1931639
0.0428500,0.1931620
0.0428550,0.1931594
0.0428600,0.1931569
0.0428650,0.1931558
0.0428700,0.1931572
0.0428750,0.1931603
0.0428800,0.1931630
0.0428850,0.1931637
0.0428900,0.1931613
0.0428950,0.1931560
0.0429000,0.1910222
0.0429050,0.1910251
0.0429100,0.1910314
0.0429150,0.1910403
0.0429200,0.1910479
0.0429250,0.1910506
0.0429300,0.1910470
0.0429350,0.1910380
0.0429400,0.1910263
0.0429450,0.1910151
0.0429500,0.1910078
0.0429550,0.1910052
0.0429600,0.1910056
0.0429650,0.1910062
0.0429700,0.1910057
0.0429750,0.1910045
0.0429800,0.1910042
0.0429850,0.1910064
0.0429900,0.1910121
0.0429950,0.1910213
0.0430000,0.1844724
0.0430050,0.1844859
0.0430100,0.1844947
0.0430150,0.1844958
0.0430200,0.1844894
0.0430250,0.1844777
0.0430300,0.1844638
0.0430350,0.1844515
0.0430400,0.1844449
0.0430450,0.1844467
0.0430500,0.1844560
0.0430550,0.1844699
0.0430600,0.1844867
0.0430650,0.1845056
0.0430700,0.1845263
0.0430750,0.1845481
0.0430800,0.1845710
0.0430850,0.1845954
0.0430900,0.1846203
0.0430950,0.1846425
0.0431000,0.1909128
0.0431050,0.1909202
0.0431100,0.1909257
0.0431150,0.1909305
0.0431200,0.1909366
0.0431250,0.1909468
0.0431300,0.1909636
0.0431350,0.1909865
0.0431400,0.1910103
0.0431450,0.1910287
0.0431500,0.1910394
0.0431550,0.1910450
0.0431600,0.1910490
0.0431650,0.1910538
0.0431700,0.1910619
0.0431750,0.1910757
0.0431800,0.1910968
0.0431850,0.1911233
0.0431900,0.1911514
0.0431950,0.1911781
0.0432000,0.1825502
0.0432050,0.1825490
0.0432100,0.1825559
0.0432150,0.1825697
0.0432200,0.1825859
0.0432250,0.1825995
0.0432300,0.1826071
0.0432350,0.1826071
0.0432400,0.1826002
0.0432450,0.1825895
0.0432500,0.1825783
0.0432550,0.1825675
0.0432600,0.1825557
0.0432650,0.1825409
0.0432700,0.1825237
0.0432750,0.1825078
0.0432800,0.1824978
0.0432850,0.1824960
0.0432900,0.1825021
0.0432950,0.1825141
0.0433000,0.1844029
0.0433050,0.1843954
0.0433100,0.1843849
0.0433150,0.1843762
0.0433200,0.1843738
0.0433250,0.1843802
0.0433300,0.1843944
0.0433350,0.1844120
0.0433400,0.1844266
0.0433450,0.1844338
0.0433500,0.1844332
0.0433550,0.1844285
0.0433600,0.1844253
0.0433650,0.1844282
0.0433700,0.1844391
0.0433750,0.1844545
0.0433800,0.1844681
0.0433850,0.1844735
0.0433900,0.1844673
0.0433950,0.1844508
0.0434000,0.1844356
0.0434050,0.1844177
0.0434100,0.1844073
0.0434150,0.1844071
0.0434200,0.1844162
0.0434250,0.1844309
0.0434300,0.1844486
0.0434350,0.1844677
0.0434400,0.1844871
0.0434450,0.1845063
0.0434500,0.1845249
0.0434550,0.1845431
0.0434600,0.1845607
0.0434650,0.1845775
0.0434700,0.1845930
0.0434750,0.1846066
0.0434800,0.1846182
0.0434850,0.1846283
0.0434900,0.1846386
0.0434950,0.1846519
0.0435000,0.1757424
0.0435050,0.1757625
0.0435100,0.1757947
0.0435150,0.1758328
0.0435200,0.1758694
0.0435250,0.1758981
0.0435300,0.1759143
0.0435350,0.1759161
0.0435400,0.1759044
0.0435450,0.1758829
0.0435500,0.1758566
0.0435550,0.1758312
0.0435600,0.1758102
0.0435650,0.1757930
0.0435700,0.1757766
0.0435750,0.1757587
0.0435800,0.1757397
0.0435850,0.1757229
0.0435900,0.1757138
0.0435950,0.1757169
0.0436000,0.1927280
0.0436050,0.1927488
0.0436100,0.1927695
0.0436150,0.1927877
0.0436200,0.1928020
0.0436250,0.1928118
0.0436300,0.1928178
0.0436350,0.1928211
0.0436400,0.1928233
0.0436450,0.1928259
0.0436500,0.1928304
0.0436550,0.1928368
0.0436600,0.1928438
0.0436650,0.1928502
0.0436700,0.1928551
0.0436750,0.1928588
0.0436800,0.1928628
0.0436850,0.1928686
0.0436900,0.1928775
0.0436950,0.1928890
0.0437000,0.1863805
0.0437050,0.1863939
0.0437100,0.1864069
0.0437150,0.1864174
0.0437200,0.1864243
0.0437250,0.1864276
0.0437300,0.1864271
0.0437350,0.1864231
0.0437400,0.1864162
0.0437450,0.1864078
0.0437500,0.1863987
0.0437550,0.1863891
0.0437600,0.1863793
0.0437650,0.1863709
0.0437700,0.1863650
0.0437750,0.1863629
0.0437800,0.1863656
0.0437850,0.1863734
0.0437900,0.1863861
0.0437950,0.1864022
0.0438000,0.2157194
0.0438050,0.2157249
0.0438100,0.2157360
0.0438150,0.2157512
0.0438200,0.2157673
0.0438250,0.2157822
0.0438300,0.2157954
0.0438350,0.2158084
0.0438400,0.2158236
0.0438450,0.2158433
0.0438500,0.2158689
0.0438550,0.2158990
0.0438600,0.2159297
0.0438650,0.2159563
0.0438700,0.2159754
0.0438750,0.2159875
0.0438800,0.2159952
0.0438850,0.2160019
0.0438900,0.2160095
0.0438950,0.2160187
0.0439000,0.2085065
0.0439050,0.2085209
0.0439100,0.2085352
0.0439150,0.2085490
0.0439200,0.2085614
0.0439250,0.2085727
0.0439300,0.2085831
0.0439350,0.2085935
0.0439400,0.2086042
0.0439450,0.2086147
0.0439500,0.2086237
0.0439550,0.2086289
0.0439600,0.2086282
0.0439650,0.2086213
0.0439700,0.2086106
0.0439750,0.2086000
0.0439800,0.2085917
0.0439850,0.2085868
0.0439900,0.2085866
0.0439950,0.2085925
0.0440000,0.2266900
0.0440050,0.2266928
0.0440100,0.2267080
0.0440150,0.2267356
0.0440200,0.2267714
0.0440250,0.2268081
0.0440300,0.2268387
0.0440350,0.2268584
0.0440400,0.2268666
0.0440450,0.2268659
0.0440500,0.2268614
0.0440550,0.2268577
0.0440600,0.2268571
0.0440650,0.2268590
0.0440700,0.2268616
0.0440750,0.2268644
0.0440800,0.2268686
0.0440850,0.2268749
0.0440900,0.2268834
0.0440950,0.2268939
0.0441000,0.2084619
0.0441050,0.2084755
0.0441100,0.2084913
0.0441150,0.2085089
0.0441200,0.2085274
0.0441250,0.2085460
0.0441300,0.2085640
0.0441350,0.2085815
0.0441400,0.2085995
0.0441450,0.2086198
0.0441500,0.2086436
0.0441550,0.2086708
0.0441600,0.2087000
0.0441650,0.2087290
0.0441700,0.2087556
0.0441750,0.2087782
0.0441800,0.2087954
0.0441850,0.2088060
0.0441900,0.2088095
0.0441950,0.2088064
0.0442000,0.1927448
0.0442050,0.1927197
0.0442100,0.1926911
0.0442150,0.1926572
0.0442200,0.1926184
0.0442250,0.1925778
0.0442300,0.1925382
0.0442350,0.1925029
0.0442400,0.1924755
0.0442450,0.1924581
0.0442500,0.1924502
0.0442550,0.1924503
0.0442600,0.1924583
0.0442650,0.1924726
0.0442700,0.1924906
0.0442750,0.1925096
0.0442800,0.1925289
0.0442850,0.1925489
0.0442900,0.1925699
0.0442950,0.1925915
0.0443000,0.2139966
0.0443050,0.2139939
0.0443100,0.2139944
0.0443150,0.2139986
0.0443200,0.2140058
0.0443250,0.2140165
0.0443300,0.2140325
0.0443350,0.2140561
0.0443400,0.2140878
0.0443450,0.2141260
0.0443500,0.2141670
0.0443550,0.2142060
0.0443600,0.2142378
0.0443650,0.2142588
0.0443700,0.2142686
0.0443750,0.2142696
0.0443800,0.2142657
0.0443850,0.2142608
0.0443900,0.2142586
0.0443950,0.2142618
0.0444000,0.2065563
0.0444050,0.2065550
0.0444100,0.2065608
0.0444150,0.2065731
0.0444200,0.2065912
0.0444250,0.2066134
0.0444300,0.2066379
0.0444350,0.2066638
0.0444400,0.2066910
0.0444450,0.2067193
0.0444500,0.2067475
0.0444550,0.2067747
0.0444600,0.2068007
0.0444650,0.2068262
0.0444700,0.2068527
0.0444750,0.2068814
0.0444800,0.2069122
0.0444850,0.2069432
0.0444900,0.2069722
0.0444950,0.2069975
0.0445000,0.2066760
0.0445050,0.2066809
0.0445100,0.2066925
0.0445150,0.2067103
0.0445200,0.2067330
0.0445250,0.2067593
0.0445300,0.2067886
0.0445350,0.2068194
0.0445400,0.2068501
0.0445450,0.2068792
0.0445500,0.2069065
0.0445550,0.2069324
0.0445600,0.2069566
0.0445650,0.2069773
0.0445700,0.2069919
0.0445750,0.2069991
0.0445800,0.2070000
0.0445850,0.2069975
0.0445900,0.2069957
0.0445950,0.2069986
0.0446000,0.2218325
0.0446050,0.2218263
0.0446100,0.2218292
0.0446150,0.2218422
0.0446200,0.2218626
0.0446250,0.2218853
0.0446300,0.2219061
0.0446350,0.2219228
0.0446400,0.2219351
0.0446450,0.2219437
0.0446500,0.2219494
0.0446550,0.2219524
0.0446600,0.2219525
0.0446650,0.2219500
0.0446700,0.2219459
0.0446750,0.2219412
0.0446800,0.2219364
0.0446850,0.2219317
0.0446900,0.2219279
0.0446950,0.2219263
0.0447000,0.1930788
0.0447050,0.1930888
0.0447100,0.1931076
0.0447150,0.1931300
0.0447200,0.1931501
0.0447250,0.1931639
0.0447300,0.1931717
0.0447350,0.1931768
0.0447400,0.1931833
0.0447450,0.1931942
0.0447500,0.1932103
0.0447550,0.1932298
0.0447600,0.1932497
0.0447650,0.1932665
0.0447700,0.1932783
0.0447750,0.1932854
0.0447800,0.1932906
0.0447850,0.1932968
0.0447900,0.1933064
0.0447950,0.1933194
0.0448000,0.2011251
0.0448050,0.2011247
0.0448100,0.2011265
0.0448150,0.2011293
0.0448200,0.2011319
0.0448250,0.2011333
0.0448300,0.2011325
0.0448350,0.2011294
0.0448400,0.2011246
0.0448450,0.2011188
0.0448500,0.2011128
0.0448550,0.2011066
0.0448600,0.2011005
0.0448650,0.2010947
0.0448700,0.2010880
0.0448750,0.2010790
0.0448800,0.2010682
0.0448850,0.2010587
0.0448900,0.2010533
0.0448950,0.2010527
0.0449000,0.2141148
0.0449050,0.2141055
0.0449100,0.2140997
0.0449150,0.2140987
0.0449200,0.2141029
0.0449250,0.2141124
0.0449300,0.2141270
0.0449350,0.2141460
0.0449400,0.2141677
0.0449450,0.2141901
0.0449500,0.2142122
0.0449550,0.2142333
0.0449600,0.2142529
0.0449650,0.2142705
0.0449700,0.2142857
0.0449750,0.2142991
0.0449800,0.2143112
0.0449850,0.2143223
0.0449900,0.2143326
0.0449950,0.2143418
0.0450000,0.2337343
0.0450050,0.2337443
0.0450100,0.2337536
0.0450150,0.2337610
0.0450200,0.2337662
0.0450250,0.2337711
0.0450300,0.2337777
0.0450350,0.2337880
0.0450400,0.2338024
0.0450450,0.2338200
0.0450500,0.2338392
0.0450550,0.2338585
0.0450600,0.2338768
0.0450650,0.2338940
0.0450700,0.2339106
0.0450750,0.2339268
0.0450800,0.2339422
0.0450850,0.2339559
0.0450900,0.2339669
0.0450950,0.2339753
0.0451000,0.1929085
0.0451050,0.1929041
0.0451100,0.1929007
0.0451150,0.1928992
0.0451200,0.1929004
0.0451250,0.1929045
0.0451300,0.1929113
0.0451350,0.1929202
0.0451400,0.1929308
0.0451450,0.1929421
0.0451500,0.1929527
0.0451550,0.1929607
0.0451600,0.1929642
0.0451650,0.1929614
0.0451700,0.1929515
0.0451750,0.1929354
0.0451800,0.1929153
0.0451850,0.1928940
0.0451900,0.1928749
0.0451950,0.1928600
0.0452000,0.1756997
0.0452050,0.1756818
0.0452100,0.1756698
0.0452150,0.1756642
0.0452200,0.1756637
0.0452250,0.1756664
0.0452300,0.1756702
0.0452350,0.1756733
0.0452400,0.1756752
0.0452450,0.1756760
0.0452500,0.1756767
0.0452550,0.1756786
0.0452600,0.1756821
0.0452650,0.1756875
0.0452700,0.1756937
0.0452750,0.1756997
0.0452800,0.1757039
0.0452850,0.1757055
0.0452900,0.1757042
0.0452950,0.1757001
0.0453000,0.2085533
0.0453050,0.2085562
0.0453100,0.2085590
0.0453150,0.2085612
0.0453200,0.2085625
0.0453250,0.2085640
0.0453300,0.2085670
0.0453350,0.2085723
0.0453400,0.2085807
0.0453450,0.2085934
0.0453500,0.2086110
0.0453550,0.2086331
0.0453600,0.2086580
0.0453650,0.2086846
0.0453700,0.2087112
0.0453750,0.2087361
0.0453800,0.2087578
0.0453850,0.2087752
0.0453900,0.2087885
0.0453950,0.2087982
0.0454000,0.1844413
0.0454050,0.1844404
0.0454100,0.1844387
0.0454150,0.1844390
0.0454200,0.1844431
0.0454250,0.1844513
0.0454300,0.1844627
0.0454350,0.1844765
0.0454400,0.1844921
0.0454450,0.1845082
0.0454500,0.1845219
0.0454550,0.1845296
0.0454600,0.1845292
0.0454650,0.1845219
0.0454700,0.1845104
0.0454750,0.1844977
0.0454800,0.1844853
0.0454850,0.1844734
0.0454900,0.1844623
0.0454950,0.1844521
0.0455000,0.1907760
0.0455050,0.1907761
0.0455100,0.1907795
0.0455150,0.1907829
0.0455200,0.1907841
0.0455250,0.1907827
0.0455300,0.1907805
0.0455350,0.1907799
0.0455400,0.1907818
0.0455450,0.1907851
0.0455500,0.1907882
0.0455550,0.1907900
0.0455600,0.1907898
0.0455650,0.1907868
0.0455700,0.1907811
0.0455750,0.1907741
0.0455800,0.1907676
0.0455850,0.1907634
0.0455900,0.1907623
0.0455950,0.1907639
0.0456000,0.1754198
0.0456050,0.1754233
0.0456100,0.1754316
0.0456150,0.1754449
0.0456200,0.1754632
0.0456250,0.1754856
0.0456300,0.1755100
0.0456350,0.1755338
0.0456400,0.1755549
0.0456450,0.1755723
0.0456500,0.1755859
0.0456550,0.1755960
0.0456600,0.1756032
0.0456650,0.1756079
0.0456700,0.1756119
0.0456750,0.1756181
0.0456800,0.1756294
0.0456850,0.1756467
0.0456900,0.1756676
0.0456950,0.1756889
0.0457000,0.1845257
0.0457050,0.1845427
0.0457100,0.1845573
0.0457150,0.1845707
0.0457200,0.1845845
0.0457250,0.1845989
0.0457300,0.1846131
0.0457350,0.1846256
0.0457400,0.1846350
0.0457450,0.1846409
0.0457500,0.1846439
0.0457550,0.1846449
0.0457600,0.1846460
0.0457650,0.1846485
0.0457700,0.1846528
0.0457750,0.1846577
0.0457800,0.1846624
0.0457850,0.1846661
0.0457900,0.1846684
0.0457950,0.1846694
0.0458000,0.1757281
0.0458050,0.1757238
0.0458100,0.1757201
0.0458150,0.1757198
0.0458200,0.1757255
0.0458250,0.1757393
0.0458300,0.1757619
0.0458350,0.1757917
0.0458400,0.1758248
0.0458450,0.1758566
0.0458500,0.1758842
0.0458550,0.1759067
0.0458600,0.1759252
0.0458650,0.1759413
0.0458700,0.1759565
0.0458750,0.1759705
0.0458800,0.1759812
0.0458850,0.1759849
0.0458900,0.1759784
0.0458950,0.1759610
0.0459000,0.1930147
0.0459050,0.1929975
0.0459100,0.1929877
0.0459150,0.1929891
0.0459200,0.1930005
0.0459250,0.1930168
0.0459300,0.1930318
0.0459350,0.1930413
0.0459400,0.1930445
0.0459450,0.1930438
0.0459500,0.1930435
0.0459550,0.1930487
0.0459600,0.1930620
0.0459650,0.1930812
0.0459700,0.1931008
0.0459750,0.1931150
0.0459800,0.1931222
0.0459850,0.1931255
0.0459900,0.1931301
0.0459950,0.1931411
0.0460000,0.2198004
0.0460050,0.2198173
0.0460100,0.2198414
0.0460150,0.2198669
0.0460200,0.2198894
0.0460250,0.2199064
0.0460300,0.2199167
0.0460350,0.2199203
0.0460400,0.2199182
0.0460450,0.2199132
0.0460500,0.2199088
0.0460550,0.2199060
0.0460600,0.2199017
0.0460650,0.2198906
0.0460700,0.2198700
0.0460750,0.2198435
0.0460800,0.2198190
0.0460850,0.2198036
0.0460900,0.2198000
0.0460950,0.2198061
0.0461000,0.2637992
0.0461050,0.2638122
0.0461100,0.2638254
0.0461150,0.2638367
0.0461200,0.2638461
0.0461250,0.2638557
0.0461300,0.2638700
0.0461350,0.2638924
0.0461400,0.2639226
0.0461450,0.2639563
0.0461500,0.2639882
0.0461550,0.2640155
0.0461600,0.2640383
0.0461650,0.2640576
0.0461700,0.2640751
0.0461750,0.2640937
0.0461800,0.2641153
0.0461850,0.2641385
0.0461900,0.2641605
0.0461950,0.2641789
0.0462000,0.2230208
0.0462050,0.2230135
0.0462100,0.2230106
0.0462150,0.2230128
0.0462200,0.2230202
0.0462250,0.2230329
0.0462300,0.2230501
0.0462350,0.2230703
0.0462400,0.2230914
0.0462450,0.2231116
0.0462500,0.2231293
0.0462550,0.2231445
0.0462600,0.2231571
0.0462650,0.2231675
0.0462700,0.2231759
0.0462750,0.2231826
0.0462800,0.2231880
0.0462850,0.2231926
0.0462900,0.2231975
0.0462950,0.2232032
0.0463000,0.2213705
0.0463050,0.2213768
0.0463100,0.2213932
0.0463150,0.2214178
0.0463200,0.2214460
0.0463250,0.2214722
0.0463300,0.2214922
0.0463350,0.2215048
0.0463400,0.2215124
0.0463450,0.2215197
0.0463500,0.2215310
0.0463550,0.2215478
0.0463600,0.2215671
0.0463650,0.2215846
0.0463700,0.2215967
0.0463750,0.2216028
0.0463800,0.2216045
0.0463850,0.2216049
0.0463900,0.2216068
0.0463950,0.2216116
0.0464000,0.2067843
0.0464050,0.2067828
0.0464100,0.2067831
0.0464150,0.2067857
0.0464200,0.2067901
0.0464250,0.2067949
0.0464300,0.2067989
0.0464350,0.2068032
0.0464400,0.2068097
0.0464450,0.2068197
0.0464500,0.2068325
0.0464550,0.2068468
0.0464600,0.2068620
0.0464650,0.2068785
0.0464700,0.2068968
0.0464750,0.2069173
0.0464800,0.2069390
0.0464850,0.2069604
0.0464900,0.2069803
0.0464950,0.2069984
0.0465000,0.1757369
0.0465050,0.1757350
0.0465100,0.1757340
0.0465150,0.1757356
0.0465200,0.1757402
0.0465250,0.1757473
0.0465300,0.1757562
0.0465350,0.1757665
0.0465400,0.1757778
0.0465450,0.1757904
0.0465500,0.1758055
0.0465550,0.1758247
0.0465600,0.1758483
0.0465650,0.1758744
0.0465700,0.1758997
0.0465750,0.1759204
0.0465800,0.1759337
0.0465850,0.1759389
0.0465900,0.1759373
0.0465950,0.1759308
0.0466000,0.1687383
0.0466050,0.1687265
0.0466100,0.1687186
0.0466150,0.1687166
0.0466200,0.1687209
0.0466250,0.1687304
0.0466300,0.1687433
0.0466350,0.1687576
0.0466400,0.1687720
0.0466450,0.1687866
0.0466500,0.1688025
0.0466550,0.1688204
0.0466600,0.1688394
0.0466650,0.1688578
0.0466700,0.1688738
0.0466750,0.1688862
0.0466800,0.1688950
0.0466850,0.1689008
0.0466900,0.1689051
0.0466950,0.1689094
0.0467000,0.1824171
0.0467050,0.1824119
0.0467100,0.1824115
0.0467150,0.1824142
0.0467200,0.1824179
0.0467250,0.1824204
0.0467300,0.1824208
0.0467350,0.1824194
0.0467400,0.1824182
0.0467450,0.1824194
0.0467500,0.1824243
0.0467550,0.1824320
0.0467600,0.1824410
0.0467650,0.1824506
0.0467700,0.1824612
0.0467750,0.1824746
0.0467800,0.1824917
0.0467850,0.1825114
0.0467900,0.1825312
0.0467950,0.1825482
0.0468000,0.1845688
0.0468050,0.1845720
0.0468100,0.1845717
0.0468150,0.1845695
0.0468200,0.1845691
0.0468250,0.1845739
0.0468300,0.1845847
0.0468350,0.1845995
0.0468400,0.1846151
0.0468450,0.1846284
0.0468500,0.1846368
0.0468550,0.1846386
0.0468600,0.1846338
0.0468650,0.1846248
0.0468700,0.1846149
0.0468750,0.1846075
0.0468800,0.1846047
0.0468850,0.1846074
0.0468900,0.1846149
0.0468950,0.1846262
0.0469000,0.2196895
0.0469050,0.2197039
0.0469100,0.2197263
0.0469150,0.2197535
0.0469200,0.2197838
0.0469250,0.2198152
0.0469300,0.2198463
0.0469350,0.2198755
0.0469400,0.2199014
0.0469450,0.2199224
0.0469500,0.2199381
0.0469550,0.2199498
0.0469600,0.2199598
0.0469650,0.2199703
0.0469700,0.2199830
0.0469750,0.2199976
0.0469800,0.2200120
0.0469850,0.2200238
0.0469900,0.2200312
0.0469950,0.2200338
0.0470000,0.2143224
0.0470050,0.2143119
0.0470100,0.2143103
0.0470150,0.2143166
0.0470200,0.2143279
0.0470250,0.2143400
0.0470300,0.2143498
0.0470350,0.2143556
0.0470400,0.2143578
0.0470450,0.2143585
0.0470500,0.2143608
0.0470550,0.2143676
0.0470600,0.2143791
0.0470650,0.2143941
0.0470700,0.2144111
0.0470750,0.2144294
0.0470800,0.2144485
0.0470850,0.2144676
0.0470900,0.2144870
0.0470950,0.2145081
0.0471000,0.2159331
0.0471050,0.2159456
0.0471100,0.2159615
0.0471150,0.2159781
0.0471200,0.2159923
0.0471250,0.2160006
0.0471300,0.2160014
0.0471350,0.2159960
0.0471400,0.2159877
0.0471450,0.2159803
0.0471500,0.2159762
0.0471550,0.2159756
0.0471600,0.2159772
0.0471650,0.2159785
0.0471700,0.2159785
0.0471750,0.2159784
0.0471800,0.2159811
0.0471850,0.2159887
0.0471900,0.2160008
0.0471950,0.2160152
0.0472000,0.2121547
0.0472050,0.2121493
0.0472100,0.2121440
0.0472150,0.2121383
0.0472200,0.2121344
0.0472250,0.2121358
0.0472300,0.2121453
0.0472350,0.2121643
0.0472400,0.2121916
0.0472450,0.2122242
0.0472500,0.2122581
0.0472550,0.2122902
0.0472600,0.2123200
0.0472650,0.2123489
0.0472700,0.2123789
0.0472750,0.2124109
0.0472800,0.2124437
0.0472850,0.2124739
0.0472900,0.2124972
0.0472950,0.2125105
0.0473000,0.1926979
0.0473050,0.1926880
0.0473100,0.1926733
0.0473150,0.1926582
0.0473200,0.1926474
0.0473250,0.1926443
0.0473300,0.1926496
0.0473350,0.1926611
0.0473400,0.1926753
0.0473450,0.1926893
0.0473500,0.1927027
0.0473550,0.1927172
0.0473600,0.1927347
0.0473650,0.1927563
0.0473700,0.1927825
0.0473750,0.1928136
0.0473800,0.1928479
0.0473850,0.1928816
0.0473900,0.1929110
0.0473950,0.1929341
0.0474000,0.1969259
0.0474050,0.1969210
0.0474100,0.1969241
0.0474150,0.1969394
0.0474200,0.1969650
0.0474250,0.1969930
0.0474300,0.1970152
0.0474350,0.1970262
0.0474400,0.1970248
0.0474450,0.1970132
0.0474500,0.1969961
0.0474550,0.1969799
0.0474600,0.1969702
0.0474650,0.1969687
0.0474700,0.1969727
0.0474750,0.1969791
0.0474800,0.1969861
0.0474850,0.1969945
0.0474900,0.1970066
0.0474950,0.1970248
0.0475000,0.2403464
0.0475050,0.2403653
0.0475100,0.2403904
0.0475150,0.2404194
0.0475200,0.2404503
0.0475250,0.2404809
0.0475300,0.2405072
0.0475350,0.2405252
0.0475400,0.2405335
0.0475450,0.2405356
0.0475500,0.2405370
0.0475550,0.2405423
0.0475600,0.2405530
0.0475650,0.2405680
0.0475700,0.2405835
0.0475750,0.2405956
0.0475800,0.2406013
0.0475850,0.2406009
0.0475900,0.2405986
0.0475950,0.2406009
0.0476000,0.1989000
0.0476050,0.1989049
0.0476100,0.1989172
0.0476150,0.1989347
0.0476200,0.1989548
0.0476250,0.1989753
0.0476300,0.1989954
0.0476350,0.1990148
0.0476400,0.1990331
0.0476450,0.1990493
0.0476500,0.1990622
0.0476550,0.1990725
0.0476600,0.1990812
0.0476650,0.1990888
0.0476700,0.1990941
0.0476750,0.1990956
0.0476800,0.1990930
0.0476850,0.1990876
0.0476900,0.1990809
0.0476950,0.1990739
0.0477000,0.1845642
0.0477050,0.1845630
0.0477100,0.1845612
0.0477150,0.1845586
0.0477200,0.1845561
0.0477250,0.1845555
0.0477300,0.1845591
0.0477350,0.1845692
0.0477400,0.1845873
0.0477450,0.1846120
0.0477500,0.1846387
0.0477550,0.1846621
0.0477600,0.1846766
0.0477650,0.1846801
0.0477700,0.1846751
0.0477750,0.1846660
0.0477800,0.1846572
0.0477850,0.1846509
0.0477900,0.1846480
0.0477950,0.1846473
0.0478000,0.1846024
0.0478050,0.1845972
0.0478100,0.1845936
0.0478150,0.1845917
0.0478200,0.1845915
0.0478250,0.1845928
0.0478300,0.1845952
0.0478350,0.1845978
0.0478400,0.1846000
0.0478450,0.1846016
0.0478500,0.1846032
0.0478550,0.1846057
0.0478600,0.1846098
0.0478650,0.1846161
0.0478700,0.1846241
0.0478750,0.1846328
0.0478800,0.1846411
0.0478850,0.1846478
0.0478900,0.1846530
0.0478950,0.1846567
0.0479000,0.1844484
0.0479050,0.1844458
0.0479100,0.1844429
0.0479150,0.1844393
0.0479200,0.1844347
0.0479250,0.1844290
0.0479300,0.1844224
0.0479350,0.1844166
0.0479400,0.1844136
0.0479450,0.1844139
0.0479500,0.1844163
0.0479550,0.1844194
0.0479600,0.1844226
0.0479650,0.1844262
0.0479700,0.1844314
0.0479750,0.1844391
0.0479800,0.1844501
0.0479850,0.1844639
0.0479900,0.1844793
0.0479950,0.1844948
0.0480000,0.1822543
0.0480050,0.1822652
0.0480100,0.1822745
0.0480150,0.1822834
0.0480200,0.1822945
0.0480250,0.1823086
0.0480300,0.1823237
0.0480350,0.1823366
0.0480400,0.1823449
0.0480450,0.1823476
0.0480500,0.1823456
0.0480550,0.1823409
0.0480600,0.1823370
0.0480650,0.1823366
0.0480700,0.1823401
0.0480750,0.1823464
0.0480800,0.1823546
0.0480850,0.1823640
0.0480900,0.1823738
0.0480950,0.1823835
0.0481000,0.1844709
0.0481050,0.1844867
0.0481100,0.1845078
0.0481150,0.1845314
0.0481200,0.1845528
0.0481250,0.1845672
0.0481300,0.1845721
0.0481350,0.1845688
0.0481400,0.1845618
0.0481450,0.1845553
0.0481500,0.1845534
0.0481550,0.1845579
0.0481600,0.1845684
0.0481650,0.1845830
0.0481700,0.1846002
0.0481750,0.1846191
0.0481800,0.1846385
0.0481850,0.1846572
0.0481900,0.1846751
0.0481950,0.1846935
0.0482000,0.1930088
0.0482050,0.1930147
0.0482100,0.1930244
0.0482150,0.1930369
0.0482200,0.1930514
0.0482250,0.1930669
0.0482300,0.1930824
0.0482350,0.1930971
0.0482400,0.1931105
0.0482450,0.1931225
0.0482500,0.1931336
0.0482550,0.1931443
0.0482600,0.1931544
0.0482650,0.1931632
0.0482700,0.1931700
0.0482750,0.1931747
0.0482800,0.1931774
0.0482850,0.1931784
0.0482900,0.1931780
0.0482950,0.1931760
0.0483000,0.1845509
0.0483050,0.1845424
0.0483100,0.1845330
0.0483150,0.1845232
0.0483200,0.1845137
0.0483250,0.1845054
0.0483300,0.1844993
0.0483350,0.1844959
0.0483400,0.1844948
0.0483450,0.1844959
0.0483500,0.1844998
0.0483550,0.1845072
0.0483600,0.1845173
0.0483650,0.1845282
0.0483700,0.1845381
0.0483750,0.1845459
0.0483800,0.1845513
0.0483850,0.1845550
0.0483900,0.1845586
0.0483950,0.1845636
0.0484000,0.2141111
0.0484050,0.2141335
0.0484100,0.2141576
0.0484150,0.2141807
0.0484200,0.2142006
0.0484250,0.2142161
0.0484300,0.2142268
0.0484350,0.2142330
0.0484400,0.2142347
0.0484450,0.2142318
0.0484500,0.2142252
0.0484550,0.2142163
0.0484600,0.2142061
0.0484650,0.2141955
0.0484700,0.2141846
0.0484750,0.2141744
0.0484800,0.2141675
0.0484850,0.2141666
0.0484900,0.2141721
0.0484950,0.2141817
0.0485000,0.1925538
0.0485050,0.1925544
0.0485100,0.1925579
0.0485150,0.1925646
0.0485200,0.1925744
0.0485250,0.1925878
0.0485300,0.1926055
0.0485350,0.1926261
0.0485400,0.1926459
0.0485450,0.1926613
0.0485500,0.1926697
0.0485550,0.1926710
0.0485600,0.1926682
0.0485650,0.1926659
0.0485700,0.1926669
0.0485750,0.1926705
0.0485800,0.1926741
0.0485850,0.1926756
0.0485900,0.1926748
0.0485950,0.1926727
0.0486000,0.1842552
0.0486050,0.1842416
0.0486100,0.1842325
0.0486150,0.1842297
0.0486200,0.1842337
0.0486250,0.1842432
0.0486300,0.1842573
0.0486350,0.1842762
0.0486400,0.1843006
0.0486450,0.1843292
0.0486500,0.1843596
0.0486550,0.1843897
0.0486600,0.1844186
0.0486650,0.1844460
0.0486700,0.1844707
0.0486750,0.1844912
0.0486800,0.1845063
0.0486850,0.1845165
0.0486900,0.1845249
0.0486950,0.1845351
0.0487000,0.1909272
0.0487050,0.1909381
0.0487100,0.1909516
0.0487150,0.1909631
0.0487200,0.1909687
0.0487250,0.1909675
0.0487300,0.1909611
0.0487350,0.1909534
0.0487400,0.1909490
0.0487450,0.1909525
0.0487500,0.1909663
0.0487550,0.1909883
0.0487600,0.1910141
0.0487650,0.1910398
0.0487700,0.1910637
0.0487750,0.1910859
0.0487800,0.1911066
0.0487850,0.1911264
0.0487900,0.1911469
0.0487950,0.1911691
0.0488000,0.2068895
0.0488050,0.2068972
0.0488100,0.2069055
0.0488150,0.2069129
0.0488200,0.2069176
0.0488250,0.2069187
0.0488300,0.2069173
0.0488350,0.2069158
0.0488400,0.2069168
0.0488450,0.2069228
0.0488500,0.2069349
0.0488550,0.2069533
0.0488600,0.2069763
0.0488650,0.2070013
0.0488700,0.2070252
0.0488750,0.2070464
0.0488800,0.2070650
0.0488850,0.2070819
0.0488900,0.2070986
0.0488950,0.2071158
0.0489000,0.1593621
0.0489050,0.1593696
0.0489100,0.1593739
0.0489150,0.1593755
0.0489200,0.1593752
0.0489250,0.1593749
0.0489300,0.1593768
0.0489350,0.1593818
0.0489400,0.1593890
0.0489450,0.1593964
0.0489500,0.1594014
0.0489550,0.1594026
0.0489600,0.1594006
0.0489650,0.1593986
0.0489700,0.1593998
0.0489750,0.1594066
0.0489800,0.1594190
0.0489850,0.1594351
0.0489900,0.1594524
0.0489950,0.1594679
0.0490000,0.1758890
0.0490050,0.1758852
0.0490100,0.1758838
0.0490150,0.1758851
0.0490200,0.1758892
0.0490250,0.1758962
0.0490300,0.1759055
0.0490350,0.1759149
0.0490400,0.1759211
0.0490450,0.1759215
0.0490500,0.1759158
0.0490550,0.1759047
0.0490600,0.1758894
0.0490650,0.1758713
0.0490700,0.1758517
0.0490750,0.1758321
0.0490800,0.1758141
0.0490850,0.1757988
0.0490900,0.1757873
0.0490950,0.1757801
0.0491000,0.1906754
0.0491050,0.1906773
0.0491100,0.1906814
0.0491150,0.1906877
0.0491200,0.1906966
0.0491250,0.1907087
0.0491300,0.1907231
0.0491350,0.1907386
0.0491400,0.1907544
0.0491450,0.1907706
0.0491500,0.1907882
0.0491550,0.1908089
0.0491600,0.1908343
0.0491650,0.1908640
0.0491700,0.1908953
0.0491750,0.1909249
0.0491800,0.1909500
0.0491850,0.1909692
0.0491900,0.1909820
0.0491950,0.1909892
0.0492000,0.2197059
0.0492050,0.2196762
0.0492100,0.2196465
0.0492150,0.2196192
0.0492200,0.2195964
0.0492250,0.2195790
0.0492300,0.2195666
0.0492350,0.2195578
0.0492400,0.2195506
0.0492450,0.2195438
0.0492500,0.2195365
0.0492550,0.2195285
0.0492600,0.2195208
0.0492650,0.2195150
0.0492700,0.2195133
0.0492750,0.2195169
0.0492800,0.2195262
0.0492850,0.2195411
0.0492900,0.2195611
0.0492950,0.2195856
0.0493000,0.2139898
0.0493050,0.2140057
0.0493100,0.2140246
0.0493150,0.2140457
0.0493200,0.2140692
0.0493250,0.2140947
0.0493300,0.2141203
0.0493350,0.2141433
0.0493400,0.2141610
0.0493450,0.2141723
0.0493500,0.2141772
0.0493550,0.2141766
0.0493600,0.2141724
0.0493650,0.2141670
0.0493700,0.2141627
0.0493750,0.2141604
0.0493800,0.2141604
0.0493850,0.2141627
0.0493900,0.2141662
0.0493950,0.2141689
0.0494000,0.2336073
0.0494050,0.2336004
0.0494100,0.2335969
0.0494150,0.2335949
0.0494200,0.2335920
0.0494250,0.2335867
0.0494300,0.2335791
0.0494350,0.2335710
0.0494400,0.2335651
0.0494450,0.2335640
0.0494500,0.2335691
0.0494550,0.2335795
0.0494600,0.2335919
0.0494650,0.2336023
0.0494700,0.2336078
0.0494750,0.2336079
0.0494800,0.2336043
0.0494850,0.2336004
0.0494900,0.2335997
0.0494950,0.2336042
0.0495000,0.2498375
0.0495050,0.2498517
0.0495100,0.2498717
0.0495150,0.2498942
0.0495200,0.2499157
0.0495250,0.2499343
0.0495300,0.2499501
0.0495350,0.2499641
0.0495400,0.2499767
0.0495450,0.2499884
0.0495500,0.2499997
0.0495550,0.2500105
0.0495600,0.2500195
0.0495650,0.2500253
0.0495700,0.2500281
0.0495750,0.2500298
0.0495800,0.2500337
0.0495850,0.2500425
0.0495900,0.2500571
0.0495950,0.2500768
0.0496000,0.1989178
0.0496050,0.1989334
0.0496100,0.1989555
0.0496150,0.1989826
0.0496200,0.1990123
0.0496250,0.1990420
0.0496300,0.1990703
0.0496350,0.1990970
0.0496400,0.1991221
0.0496450,0.1991440
0.0496500,0.1991600
0.0496550,0.1991680
0.0496600,0.1991676
0.0496650,0.1991602
0.0496700,0.1991492
0.0496750,0.1991392
0.0496800,0.1991336
0.0496850,0.1991334
0.0496900,0.1991370
0.0496950,0.1991416
0.0497000,0.2194957
0.0497050,0.2194956
0.0497100,0.2194984
0.0497150,0.2195055
0.0497200,0.2195188
0.0497250,0.2195387
0.0497300,0.2195632
0.0497350,0.2195889
0.0497400,0.2196128
0.0497450,0.2196341
0.0497500,0.2196538
0.0497550,0.2196738
0.0497600,0.2196961
0.0497650,0.2197211
0.0497700,0.2197479
0.0497750,0.2197745
0.0497800,0.2197990
0.0497850,0.2198203
0.0497900,0.2198377
0.0497950,0.2198517
0.0498000,0.2142949
0.0498050,0.2143019
0.0498100,0.2143140
0.0498150,0.2143304
0.0498200,0.2143484
0.0498250,0.2143649
0.0498300,0.2143783
0.0498350,0.2143886
0.0498400,0.2143964
0.0498450,0.2144037
0.0498500,0.2144126
0.0498550,0.2144239
0.0498600,0.2144355
0.0498650,0.2144436
0.0498700,0.2144459
0.0498750,0.2144422
0.0498800,0.2144344
0.0498850,0.2144255
0.0498900,0.2144185
0.0498950,0.2144148
0.0499000,0.2233273
0.0499050,0.2233391
0.0499100,0.2233542
0.0499150,0.2233673
0.0499200,0.2233748
0.0499250,0.2233753
0.0499300,0.2233701
0.0499350,0.2233628
0.0499400,0.2233573
0.0499450,0.2233562
0.0499500,0.2233591
0.0499550,0.2233626
0.0499600,0.2233628
0.0499650,0.2233573
0.0499700,0.2233464
0.0499750,0.2233322
0.0499800,0.2233191
0.0499850,0.2233132
0.0499900,0.2233199
0.0499950,0.2233394
0.0500000,0.1756235
