Time (ns),System after lsq fit to System
0.0000000,0.0000000
0.0000050,0.0026105
0.0000100,0.0050699
0.0000150,0.0073420
0.0000200,0.0093937
0.0000250,0.0112154
0.0000300,0.0128326
0.0000350,0.0142782
0.0000400,0.0156115
0.0000450,0.0168673
0.0000500,0.0180484
0.0000550,0.0191508
0.0000600,0.0201563
0.0000650,0.0210586
0.0000700,0.0218530
0.0000750,0.0225550
0.0000800,0.0232061
0.0000850,0.0238379
0.0000900,0.0244770
0.0000950,0.0251310
0.0001000,0.2925819
0.0001050,0.2926171
0.0001100,0.2926606
0.0001150,0.2927080
0.0001200,0.2927531
0.0001250,0.2927914
0.0001300,0.2928245
0.0001350,0.2928568
0.0001400,0.2928941
0.0001450,0.2929391
0.0001500,0.2929907
0.0001550,0.2930460
0.0001600,0.2931001
0.0001650,0.2931494
0.0001700,0.2931905
0.0001750,0.2932227
0.0001800,0.2932484
0.0001850,0.2932701
0.0001900,0.2932912
0.0001950,0.2933141
0.0002000,0.2835798
0.0002050,0.2836032
0.0002100,0.2836281
0.0002150,0.2836520
0.0002200,0.2836765
0.0002250,0.2837065
0.0002300,0.2837472
0.0002350,0.2837996
0.0002400,0.2838607
0.0002450,0.2839249
0.0002500,0.2839868
0.0002550,0.2840434
0.0002600,0.2840952
0.0002650,0.2841454
0.0002700,0.2841960
0.0002750,0.2842464
0.0002800,0.2842944
0.0002850,0.2843380
0.0002900,0.2843759
0.0002950,0.2844052
0.0003000,0.3067341
0.0003050,0.3067483
0.0003100,0.3067624
0.0003150,0.3067784
0.0003200,0.3067973
0.0003250,0.3068183
0.0003300,0.3068396
0.0003350,0.3068591
0.0003400,0.3068762
0.0003450,0.3068912
0.0003500,0.3069070
0.0003550,0.3069258
0.0003600,0.3069473
0.0003650,0.3069704
0.0003700,0.3069943
0.0003750,0.3070211
0.0003800,0.3070533
0.0003850,0.3070917
0.0003900,0.3071348
0.0003950,0.3071779
0.0004000,0.2996387
0.0004050,0.2996601
0.0004100,0.2996742
0.0004150,0.2996811
0.0004200,0.2996842
0.0004250,0.2996887
0.0004300,0.2996979
0.0004350,0.2997119
0.0004400,0.2997281
0.0004450,0.2997427
0.0004500,0.2997547
0.0004550,0.2997649
0.0004600,0.2997752
0.0004650,0.2997868
0.0004700,0.2997986
0.0004750,0.2998103
0.0004800,0.2998212
0.0004850,0.2998296
0.0004900,0.2998346
0.0004950,0.2998366
0.0005000,0.3061761
0.0005050,0.3061722
0.0005100,0.3061755
0.0005150,0.3061890
0.0005200,0.3062132
0.0005250,0.3062460
0.0005300,0.3062831
0.0005350,0.3063212
0.0005400,0.3063599
0.0005450,0.3063999
0.0005500,0.3064404
0.0005550,0.3064787
0.0005600,0.3065125
0.0005650,0.3065414
0.0005700,0.3065645
0.0005750,0.3065820
0.0005800,0.3065950
0.0005850,0.3066070
0.0005900,0.3066215
0.0005950,0.3066400
0.0006000,0.2999945
0.0006050,0.2999959
0.0006100,0.3000023
0.0006150,0.3000123
0.0006200,0.3000236
0.0006250,0.3000346
0.0006300,0.3000437
0.0006350,0.3000510
0.0006400,0.3000569
0.0006450,0.3000619
0.0006500,0.3000669
0.0006550,0.3000721
0.0006600,0.3000785
0.0006650,0.3000882
0.0006700,0.3001019
0.0006750,0.3001183
0.0006800,0.3001357
0.0006850,0.3001531
0.0006900,0.3001687
0.0006950,0.3001801
0.0007000,0.3116890
0.0007050,0.3116858
0.0007100,0.3116824
0.0007150,0.3116813
0.0007200,0.3116833
0.0007250,0.3116886
0.0007300,0.3116960
0.0007350,0.3117036
0.0007400,0.3117094
0.0007450,0.3117129
0.0007500,0.3117165
0.0007550,0.3117228
0.0007600,0.3117331
0.0007650,0.3117461
0.0007700,0.3117594
0.0007750,0.3117715
0.0007800,0.3117804
0.0007850,0.3117866
0.0007900,0.3117922
0.0007950,0.3117999
0.0008000,0.3299155
0.0008050,0.3299210
0.0008100,0.3299318
0.0008150,0.3299437
0.0008200,0.3299536
0.0008250,0.3299600
0.0008300,0.3299624
0.0008350,0.3299614
0.0008400,0.3299597
0.0008450,0.3299609
0.0008500,0.3299671
0.0008550,0.3299765
0.0008600,0.3299868
0.0008650,0.3299972
0.0008700,0.3300072
0.0008750,0.3300163
0.0008800,0.3300245
0.0008850,0.3300345
0.0008900,0.3300488
0.0008950,0.3300675
0.0009000,0.3229613
0.0009050,0.3229758
0.0009100,0.3229904
0.0009150,0.3230015
0.0009200,0.3230065
0.0009250,0.3230064
0.0009300,0.3230050
0.0009350,0.3230070
0.0009400,0.3230158
0.0009450,0.3230323
0.0009500,0.3230524
0.0009550,0.3230683
0.0009600,0.3230731
0.0009650,0.3230640
0.0009700,0.3230448
0.0009750,0.3230233
0.0009800,0.3230074
0.0009850,0.3230024
0.0009900,0.3230087
0.0009950,0.3230227
0.0010000,0.3158702
0.0010050,0.3158730
0.0010100,0.3158735
0.0010150,0.3158691
0.0010200,0.3158615
0.0010250,0.3158547
0.0010300,0.3158524
0.0010350,0.3158566
0.0010400,0.3158666
0.0010450,0.3158800
0.0010500,0.3158928
0.0010550,0.3159014
0.0010600,0.3159033
0.0010650,0.3158979
0.0010700,0.3158897
0.0010750,0.3158873
0.0010800,0.3158983
0.0010850,0.3159233
0.0010900,0.3159560
0.0010950,0.3159877
0.0011000,0.3011304
0.0011050,0.3011315
0.0011100,0.3011256
0.0011150,0.3011174
0.0011200,0.3011124
0.0011250,0.3011131
0.0011300,0.3011195
0.0011350,0.3011294
0.0011400,0.3011386
0.0011450,0.3011444
0.0011500,0.3011462
0.0011550,0.3011462
0.0011600,0.3011487
0.0011650,0.3011564
0.0011700,0.3011705
0.0011750,0.3011897
0.0011800,0.3012105
0.0011850,0.3012283
0.0011900,0.3012392
0.0011950,0.3012435
0.0012000,0.3229691
0.0012050,0.3229592
0.0012100,0.3229605
0.0012150,0.3229740
0.0012200,0.3229980
0.0012250,0.3230281
0.0012300,0.3230591
0.0012350,0.3230860
0.0012400,0.3231059
0.0012450,0.3231189
0.0012500,0.3231284
0.0012550,0.3231382
0.0012600,0.3231508
0.0012650,0.3231665
0.0012700,0.3231855
0.0012750,0.3232067
0.0012800,0.3232286
0.0012850,0.3232504
0.0012900,0.3232723
0.0012950,0.3232953
0.0013000,0.3119684
0.0013050,0.3120000
0.0013100,0.3120318
0.0013150,0.3120602
0.0013200,0.3120816
0.0013250,0.3120933
0.0013300,0.3120958
0.0013350,0.3120924
0.0013400,0.3120860
0.0013450,0.3120799
0.0013500,0.3120771
0.0013550,0.3120819
0.0013600,0.3120970
0.0013650,0.3121217
0.0013700,0.3121536
0.0013750,0.3121897
0.0013800,0.3122285
0.0013850,0.3122688
0.0013900,0.3123084
0.0013950,0.3123450
0.0014000,0.3089610
0.0014050,0.3089804
0.0014100,0.3089988
0.0014150,0.3090142
0.0014200,0.3090248
0.0014250,0.3090296
0.0014300,0.3090308
0.0014350,0.3090327
0.0014400,0.3090385
0.0014450,0.3090504
0.0014500,0.3090698
0.0014550,0.3090977
0.0014600,0.3091322
0.0014650,0.3091689
0.0014700,0.3092026
0.0014750,0.3092305
0.0014800,0.3092523
0.0014850,0.3092701
0.0014900,0.3092883
0.0014950,0.3093108
0.0015000,0.3364958
0.0015050,0.3365012
0.0015100,0.3365149
0.0015150,0.3365366
0.0015200,0.3365660
0.0015250,0.3366015
0.0015300,0.3366425
0.0015350,0.3366880
0.0015400,0.3367375
0.0015450,0.3367889
0.0015500,0.3368385
0.0015550,0.3368812
0.0015600,0.3369123
0.0015650,0.3369302
0.0015700,0.3369382
0.0015750,0.3369412
0.0015800,0.3369436
0.0015850,0.3369489
0.0015900,0.3369601
0.0015950,0.3369775
0.0016000,0.3445757
0.0016050,0.3445752
0.0016100,0.3445812
0.0016150,0.3445912
0.0016200,0.3446035
0.0016250,0.3446179
0.0016300,0.3446354
0.0016350,0.3446565
0.0016400,0.3446805
0.0016450,0.3447048
0.0016500,0.3447268
0.0016550,0.3447447
0.0016600,0.3447582
0.0016650,0.3447689
0.0016700,0.3447794
0.0016750,0.3447916
0.0016800,0.3448069
0.0016850,0.3448258
0.0016900,0.3448481
0.0016950,0.3448730
0.0017000,0.3352996
0.0017050,0.3353371
0.0017100,0.3353755
0.0017150,0.3354139
0.0017200,0.3354513
0.0017250,0.3354865
0.0017300,0.3355183
0.0017350,0.3355464
0.0017400,0.3355703
0.0017450,0.3355887
0.0017500,0.3355991
0.0017550,0.3356012
0.0017600,0.3355975
0.0017650,0.3355930
0.0017700,0.3355920
0.0017750,0.3355975
0.0017800,0.3356101
0.0017850,0.3356287
0.0017900,0.3356507
0.0017950,0.3356717
0.0018000,0.2998393
0.0018050,0.2998403
0.0018100,0.2998407
0.0018150,0.2998421
0.0018200,0.2998476
0.0018250,0.2998600
0.0018300,0.2998798
0.0018350,0.2999046
0.0018400,0.2999315
0.0018450,0.2999581
0.0018500,0.2999846
0.0018550,0.3000126
0.0018600,0.3000435
0.0018650,0.3000774
0.0018700,0.3001120
0.0018750,0.3001436
0.0018800,0.3001700
0.0018850,0.3001901
0.0018900,0.3002032
0.0018950,0.3002093
0.0019000,0.3054526
0.0019050,0.3054450
0.0019100,0.3054427
0.0019150,0.3054462
0.0019200,0.3054552
0.0019250,0.3054676
0.0019300,0.3054800
0.0019350,0.3054879
0.0019400,0.3054887
0.0019450,0.3054823
0.0019500,0.3054712
0.0019550,0.3054598
0.0019600,0.3054516
0.0019650,0.3054470
0.0019700,0.3054435
0.0019750,0.3054382
0.0019800,0.3054300
0.0019850,0.3054203
0.0019900,0.3054135
0.0019950,0.3054131
0.0020000,0.3302141
0.0020050,0.3302044
0.0020100,0.3302045
0.0020150,0.3302109
0.0020200,0.3302193
0.0020250,0.3302283
0.0020300,0.3302385
0.0020350,0.3302513
0.0020400,0.3302673
0.0020450,0.3302864
0.0020500,0.3303084
0.0020550,0.3303329
0.0020600,0.3303584
0.0020650,0.3303825
0.0020700,0.3304037
0.0020750,0.3304224
0.0020800,0.3304391
0.0020850,0.3304544
0.0020900,0.3304698
0.0020950,0.3304862
0.0021000,0.3202248
0.0021050,0.3202397
0.0021100,0.3202567
0.0021150,0.3202716
0.0021200,0.3202805
0.0021250,0.3202829
0.0021300,0.3202819
0.0021350,0.3202830
0.0021400,0.3202908
0.0021450,0.3203063
0.0021500,0.3203266
0.0021550,0.3203480
0.0021600,0.3203677
0.0021650,0.3203846
0.0021700,0.3203986
0.0021750,0.3204115
0.0021800,0.3204262
0.0021850,0.3204451
0.0021900,0.3204685
0.0021950,0.3204941
0.0022000,0.3413838
0.0022050,0.3413860
0.0022100,0.3413900
0.0022150,0.3413988
0.0022200,0.3414145
0.0022250,0.3414374
0.0022300,0.3414676
0.0022350,0.3415054
0.0022400,0.3415499
0.0022450,0.3415988
0.0022500,0.3416500
0.0022550,0.3417014
0.0022600,0.3417515
0.0022650,0.3417993
0.0022700,0.3418425
0.0022750,0.3418786
0.0022800,0.3419052
0.0022850,0.3419222
0.0022900,0.3419309
0.0022950,0.3419337
0.0023000,0.3235297
0.0023050,0.3235065
0.0023100,0.3234926
0.0023150,0.3234917
0.0023200,0.3235051
0.0023250,0.3235323
0.0023300,0.3235701
0.0023350,0.3236133
0.0023400,0.3236560
0.0023450,0.3236944
0.0023500,0.3237287
0.0023550,0.3237611
0.0023600,0.3237934
0.0023650,0.3238252
0.0023700,0.3238542
0.0023750,0.3238784
0.0023800,0.3238976
0.0023850,0.3239136
0.0023900,0.3239293
0.0023950,0.3239480
0.0024000,0.3153565
0.0024050,0.3153712
0.0024100,0.3153995
0.0024150,0.3154373
0.0024200,0.3154790
0.0024250,0.3155187
0.0024300,0.3155528
0.0024350,0.3155812
0.0024400,0.3156060
0.0024450,0.3156290
0.0024500,0.3156502
0.0024550,0.3156690
0.0024600,0.3156859
0.0024650,0.3157011
0.0024700,0.3157137
0.0024750,0.3157227
0.0024800,0.3157273
0.0024850,0.3157290
0.0024900,0.3157298
0.0024950,0.3157306
0.0025000,0.3401872
0.0025050,0.3401886
0.0025100,0.3401961
0.0025150,0.3402104
0.0025200,0.3402311
0.0025250,0.3402577
0.0025300,0.3402884
0.0025350,0.3403210
0.0025400,0.3403532
0.0025450,0.3403839
0.0025500,0.3404129
0.0025550,0.3404392
0.0025600,0.3404625
0.0025650,0.3404827
0.0025700,0.3405004
0.0025750,0.3405158
0.0025800,0.3405296
0.0025850,0.3405431
0.0025900,0.3405567
0.0025950,0.3405706
0.0026000,0.3000764
0.0026050,0.3000744
0.0026100,0.3000799
0.0026150,0.3000955
0.0026200,0.3001223
0.0026250,0.3001581
0.0026300,0.3001985
0.0026350,0.3002377
0.0026400,0.3002708
0.0026450,0.3002954
0.0026500,0.3003121
0.0026550,0.3003238
0.0026600,0.3003347
0.0026650,0.3003472
0.0026700,0.3003623
0.0026750,0.3003783
0.0026800,0.3003926
0.0026850,0.3004024
0.0026900,0.3004051
0.0026950,0.3004001
0.0027000,0.2892803
0.0027050,0.2892617
0.0027100,0.2892503
0.0027150,0.2892449
0.0027200,0.2892419
0.0027250,0.2892370
0.0027300,0.2892276
0.0027350,0.2892140
0.0027400,0.2891991
0.0027450,0.2891874
0.0027500,0.2891828
0.0027550,0.2891879
0.0027600,0.2892028
0.0027650,0.2892245
0.0027700,0.2892474
0.0027750,0.2892661
0.0027800,0.2892779
0.0027850,0.2892835
0.0027900,0.2892854
0.0027950,0.2892874
0.0028000,0.3059620
0.0028050,0.3059665
0.0028100,0.3059798
0.0028150,0.3059959
0.0028200,0.3060107
0.0028250,0.3060240
0.0028300,0.3060382
0.0028350,0.3060560
0.0028400,0.3060788
0.0028450,0.3061064
0.0028500,0.3061363
0.0028550,0.3061640
0.0028600,0.3061839
0.0028650,0.3061922
0.0028700,0.3061894
0.0028750,0.3061797
0.0028800,0.3061694
0.0028850,0.3061645
0.0028900,0.3061674
0.0028950,0.3061776
0.0029000,0.3294955
0.0029050,0.3294901
0.0029100,0.3294876
0.0029150,0.3294877
0.0029200,0.3294929
0.0029250,0.3295046
0.0029300,0.3295233
0.0029350,0.3295481
0.0029400,0.3295766
0.0029450,0.3296041
0.0029500,0.3296250
0.0029550,0.3296371
0.0029600,0.3296422
0.0029650,0.3296446
0.0029700,0.3296496
0.0029750,0.3296611
0.0029800,0.3296814
0.0029850,0.3297097
0.0029900,0.3297410
0.0029950,0.3297688
0.0030000,0.3386976
0.0030050,0.3387028
0.0030100,0.3387078
0.0030150,0.3387109
0.0030200,0.3387116
0.0030250,0.3387125
0.0030300,0.3387179
0.0030350,0.3387297
0.0030400,0.3387479
0.0030450,0.3387714
0.0030500,0.3387991
0.0030550,0.3388293
0.0030600,0.3388608
0.0030650,0.3388931
0.0030700,0.3389282
0.0030750,0.3389681
0.0030800,0.3390143
0.0030850,0.3390654
0.0030900,0.3391180
0.0030950,0.3391676
0.0031000,0.3309184
0.0031050,0.3309349
0.0031100,0.3309546
0.0031150,0.3309805
0.0031200,0.3310141
0.0031250,0.3310538
0.0031300,0.3310968
0.0031350,0.3311389
0.0031400,0.3311763
0.0031450,0.3312052
0.0031500,0.3312239
0.0031550,0.3312336
0.0031600,0.3312377
0.0031650,0.3312400
0.0031700,0.3312433
0.0031750,0.3312480
0.0031800,0.3312540
0.0031850,0.3312622
0.0031900,0.3312741
0.0031950,0.3312901
0.0032000,0.2759971
0.0032050,0.2760159
0.0032100,0.2760403
0.0032150,0.2760682
0.0032200,0.2760979
0.0032250,0.2761286
0.0032300,0.2761595
0.0032350,0.2761881
0.0032400,0.2762121
0.0032450,0.2762311
0.0032500,0.2762450
0.0032550,0.2762536
0.0032600,0.2762569
0.0032650,0.2762550
0.0032700,0.2762485
0.0032750,0.2762404
0.0032800,0.2762356
0.0032850,0.2762375
0.0032900,0.2762445
0.0032950,0.2762500
0.0033000,0.3237467
0.0033050,0.3237482
0.0033100,0.3237481
0.0033150,0.3237489
0.0033200,0.3237528
0.0033250,0.3237598
0.0033300,0.3237689
0.0033350,0.3237787
0.0033400,0.3237885
0.0033450,0.3237986
0.0033500,0.3238099
0.0033550,0.3238229
0.0033600,0.3238373
0.0033650,0.3238518
0.0033700,0.3238649
0.0033750,0.3238754
0.0033800,0.3238851
0.0033850,0.3238967
0.0033900,0.3239128
0.0033950,0.3239330
0.0034000,0.3357175
0.0034050,0.3357201
0.0034100,0.3357322
0.0034150,0.3357549
0.0034200,0.3357864
0.0034250,0.3358211
0.0034300,0.3358521
0.0034350,0.3358751
0.0034400,0.3358899
0.0034450,0.3358991
0.0034500,0.3359064
0.0034550,0.3359143
0.0034600,0.3359247
0.0034650,0.3359391
0.0034700,0.3359583
0.0034750,0.3359825
0.0034800,0.3360102
0.0034850,0.3360384
0.0034900,0.3360644
0.0034950,0.3360869
0.0035000,0.3114785
0.0035050,0.3114754
0.0035100,0.3114754
0.0035150,0.3114796
0.0035200,0.3114889
0.0035250,0.3115039
0.0035300,0.3115243
0.0035350,0.3115495
0.0035400,0.3115790
0.0035450,0.3116124
0.0035500,0.3116500
0.0035550,0.3116905
0.0035600,0.3117321
0.0035650,0.3117732
0.0035700,0.3118109
0.0035750,0.3118420
0.0035800,0.3118649
0.0035850,0.3118801
0.0035900,0.3118891
0.0035950,0.3118932
0.0036000,0.3221088
0.0036050,0.3221116
0.0036100,0.3221159
0.0036150,0.3221205
0.0036200,0.3221245
0.0036250,0.3221301
0.0036300,0.3221404
0.0036350,0.3221578
0.0036400,0.3221822
0.0036450,0.3222110
0.0036500,0.3222406
0.0036550,0.3222670
0.0036600,0.3222883
0.0036650,0.3223046
0.0036700,0.3223167
0.0036750,0.3223262
0.0036800,0.3223352
0.0036850,0.3223454
0.0036900,0.3223572
0.0036950,0.3223700
0.0037000,0.3117414
0.0037050,0.3117520
0.0037100,0.3117701
0.0037150,0.3117929
0.0037200,0.3118176
0.0037250,0.3118426
0.0037300,0.3118663
0.0037350,0.3118886
0.0037400,0.3119096
0.0037450,0.3119292
0.0037500,0.3119464
0.0037550,0.3119601
0.0037600,0.3119702
0.0037650,0.3119771
0.0037700,0.3119822
0.0037750,0.3119880
0.0037800,0.3119963
0.0037850,0.3120073
0.0037900,0.3120196
0.0037950,0.3120317
0.0038000,0.2954799
0.0038050,0.2954820
0.0038100,0.2954949
0.0038150,0.2955169
0.0038200,0.2955436
0.0038250,0.2955716
0.0038300,0.2955978
0.0038350,0.2956198
0.0038400,0.2956349
0.0038450,0.2956431
0.0038500,0.2956483
0.0038550,0.2956546
0.0038600,0.2956642
0.0038650,0.2956771
0.0038700,0.2956913
0.0038750,0.2957046
0.0038800,0.2957148
0.0038850,0.2957210
0.0038900,0.2957226
0.0038950,0.2957190
0.0039000,0.3024238
0.0039050,0.3023900
0.0039100,0.3023627
0.0039150,0.3023438
0.0039200,0.3023324
0.0039250,0.3023258
0.0039300,0.3023210
0.0039350,0.3023169
0.0039400,0.3023146
0.0039450,0.3023146
0.0039500,0.3023160
0.0039550,0.3023175
0.0039600,0.3023189
0.0039650,0.3023210
0.0039700,0.3023251
0.0039750,0.3023314
0.0039800,0.3023388
0.0039850,0.3023460
0.0039900,0.3023518
0.0039950,0.3023562
0.0040000,0.3142989
0.0040050,0.3143031
0.0040100,0.3143139
0.0040150,0.3143304
0.0040200,0.3143494
0.0040250,0.3143671
0.0040300,0.3143819
0.0040350,0.3143949
0.0040400,0.3144088
0.0040450,0.3144260
0.0040500,0.3144477
0.0040550,0.3144733
0.0040600,0.3145016
0.0040650,0.3145314
0.0040700,0.3145611
0.0040750,0.3145878
0.0040800,0.3146087
0.0040850,0.3146236
0.0040900,0.3146343
0.0040950,0.3146434
0.0041000,0.2858761
0.0041050,0.2858851
0.0041100,0.2858979
0.0041150,0.2859145
0.0041200,0.2859320
0.0041250,0.2859469
0.0041300,0.2859575
0.0041350,0.2859643
0.0041400,0.2859681
0.0041450,0.2859704
0.0041500,0.2859728
0.0041550,0.2859756
0.0041600,0.2859781
0.0041650,0.2859794
0.0041700,0.2859804
0.0041750,0.2859827
0.0041800,0.2859884
0.0041850,0.2859985
0.0041900,0.2860132
0.0041950,0.2860330
0.0042000,0.2815556
0.0042050,0.2815732
0.0042100,0.2815988
0.0042150,0.2816277
0.0042200,0.2816564
0.0042250,0.2816824
0.0042300,0.2817049
0.0042350,0.2817244
0.0042400,0.2817422
0.0042450,0.2817603
0.0042500,0.2817802
0.0042550,0.2818020
0.0042600,0.2818246
0.0042650,0.2818460
0.0042700,0.2818650
0.0042750,0.2818817
0.0042800,0.2818964
0.0042850,0.2819093
0.0042900,0.2819203
0.0042950,0.2819297
0.0043000,0.2805178
0.0043050,0.2805195
0.0043100,0.2805208
0.0043150,0.2805222
0.0043200,0.2805255
0.0043250,0.2805325
0.0043300,0.2805443
0.0043350,0.2805614
0.0043400,0.2805828
0.0043450,0.2806079
0.0043500,0.2806358
0.0043550,0.2806655
0.0043600,0.2806966
0.0043650,0.2807285
0.0043700,0.2807610
0.0043750,0.2807922
0.0043800,0.2808196
0.0043850,0.2808420
0.0043900,0.2808597
0.0043950,0.2808747
0.0044000,0.2998112
0.0044050,0.2998085
0.0044100,0.2998139
0.0044150,0.2998250
0.0044200,0.2998394
0.0044250,0.2998548
0.0044300,0.2998684
0.0044350,0.2998781
0.0044400,0.2998823
0.0044450,0.2998797
0.0044500,0.2998703
0.0044550,0.2998572
0.0044600,0.2998445
0.0044650,0.2998349
0.0044700,0.2998286
0.0044750,0.2998240
0.0044800,0.2998198
0.0044850,0.2998158
0.0044900,0.2998136
0.0044950,0.2998167
0.0045000,0.3103176
0.0045050,0.3103403
0.0045100,0.3103708
0.0045150,0.3104019
0.0045200,0.3104271
0.0045250,0.3104426
0.0045300,0.3104488
0.0045350,0.3104497
0.0045400,0.3104513
0.0045450,0.3104589
0.0045500,0.3104727
0.0045550,0.3104888
0.0045600,0.3105025
0.0045650,0.3105115
0.0045700,0.3105162
0.0045750,0.3105184
0.0045800,0.3105203
0.0045850,0.3105244
0.0045900,0.3105335
0.0045950,0.3105498
0.0046000,0.2768175
0.0046050,0.2768269
0.0046100,0.2768449
0.0046150,0.2768680
0.0046200,0.2768918
0.0046250,0.2769129
0.0046300,0.2769316
0.0046350,0.2769489
0.0046400,0.2769663
0.0046450,0.2769837
0.0046500,0.2769998
0.0046550,0.2770129
0.0046600,0.2770223
0.0046650,0.2770280
0.0046700,0.2770300
0.0046750,0.2770292
0.0046800,0.2770278
0.0046850,0.2770267
0.0046900,0.2770250
0.0046950,0.2770219
0.0047000,0.3012850
0.0047050,0.3012924
0.0047100,0.3013016
0.0047150,0.3013097
0.0047200,0.3013146
0.0047250,0.3013158
0.0047300,0.3013131
0.0047350,0.3013068
0.0047400,0.3012993
0.0047450,0.3012938
0.0047500,0.3012926
0.0047550,0.3012948
0.0047600,0.3012967
0.0047650,0.3012952
0.0047700,0.3012908
0.0047750,0.3012859
0.0047800,0.3012818
0.0047850,0.3012773
0.0047900,0.3012705
0.0047950,0.3012607
0.0048000,0.3436091
0.0048050,0.3435927
0.0048100,0.3435889
0.0048150,0.3436002
0.0048200,0.3436251
0.0048250,0.3436593
0.0048300,0.3436980
0.0048350,0.3437375
0.0048400,0.3437762
0.0048450,0.3438124
0.0048500,0.3438444
0.0048550,0.3438716
0.0048600,0.3438950
0.0048650,0.3439153
0.0048700,0.3439320
0.0048750,0.3439441
0.0048800,0.3439518
0.0048850,0.3439563
0.0048900,0.3439599
0.0048950,0.3439654
0.0049000,0.3361629
0.0049050,0.3361675
0.0049100,0.3361821
0.0049150,0.3362028
0.0049200,0.3362241
0.0049250,0.3362425
0.0049300,0.3362557
0.0049350,0.3362627
0.0049400,0.3362641
0.0049450,0.3362609
0.0049500,0.3362552
0.0049550,0.3362496
0.0049600,0.3362465
0.0049650,0.3362471
0.0049700,0.3362509
0.0049750,0.3362571
0.0049800,0.3362648
0.0049850,0.3362733
0.0049900,0.3362833
0.0049950,0.3362964
0.0050000,0.3186233
0.0050050,0.3186279
0.0050100,0.3186338
0.0050150,0.3186380
0.0050200,0.3186392
0.0050250,0.3186383
0.0050300,0.3186363
0.0050350,0.3186344
0.0050400,0.3186338
0.0050450,0.3186346
0.0050500,0.3186365
0.0050550,0.3186390
0.0050600,0.3186422
0.0050650,0.3186453
0.0050700,0.3186467
0.0050750,0.3186447
0.0050800,0.3186378
0.0050850,0.3186259
0.0050900,0.3186106
0.0050950,0.3185951
0.0051000,0.3324056
0.0051050,0.3323952
0.0051100,0.3323910
0.0051150,0.3323931
0.0051200,0.3324017
0.0051250,0.3324169
0.0051300,0.3324386
0.0051350,0.3324661
0.0051400,0.3324981
0.0051450,0.3325320
0.0051500,0.3325658
0.0051550,0.3325995
0.0051600,0.3326331
0.0051650,0.3326655
0.0051700,0.3326944
0.0051750,0.3327197
0.0051800,0.3327431
0.0051850,0.3327663
0.0051900,0.3327897
0.0051950,0.3328121
0.0052000,0.3451057
0.0052050,0.3451065
0.0052100,0.3451153
0.0052150,0.3451292
0.0052200,0.3451424
0.0052250,0.3451501
0.0052300,0.3451509
0.0052350,0.3451475
0.0052400,0.3451460
0.0052450,0.3451526
0.0052500,0.3451714
0.0052550,0.3452026
0.0052600,0.3452433
0.0052650,0.3452894
0.0052700,0.3453372
0.0052750,0.3453844
0.0052800,0.3454287
0.0052850,0.3454687
0.0052900,0.3455057
0.0052950,0.3455416
0.0053000,0.3333916
0.0053050,0.3334205
0.0053100,0.3334462
0.0053150,0.3334638
0.0053200,0.3334721
0.0053250,0.3334742
0.0053300,0.3334746
0.0053350,0.3334781
0.0053400,0.3334875
0.0053450,0.3335028
0.0053500,0.3335218
0.0053550,0.3335403
0.0053600,0.3335538
0.0053650,0.3335597
0.0053700,0.3335586
0.0053750,0.3335548
0.0053800,0.3335531
0.0053850,0.3335567
0.0053900,0.3335657
0.0053950,0.3335784
0.0054000,0.3491306
0.0054050,0.3491209
0.0054100,0.3491207
0.0054150,0.3491300
0.0054200,0.3491477
0.0054250,0.3491728
0.0054300,0.3492042
0.0054350,0.3492404
0.0054400,0.3492782
0.0054450,0.3493133
0.0054500,0.3493415
0.0054550,0.3493589
0.0054600,0.3493644
0.0054650,0.3493611
0.0054700,0.3493551
0.0054750,0.3493532
0.0054800,0.3493600
0.0054850,0.3493766
0.0054900,0.3494016
0.0054950,0.3494323
0.0055000,0.3429080
0.0055050,0.3429153
0.0055100,0.3429294
0.0055150,0.3429504
0.0055200,0.3429758
0.0055250,0.3430014
0.0055300,0.3430234
0.0055350,0.3430397
0.0055400,0.3430518
0.0055450,0.3430638
0.0055500,0.3430796
0.0055550,0.3431009
0.0055600,0.3431273
0.0055650,0.3431561
0.0055700,0.3431844
0.0055750,0.3432095
0.0055800,0.3432309
0.0055850,0.3432502
0.0055900,0.3432703
0.0055950,0.3432936
0.0056000,0.3012025
0.0056050,0.3012327
0.0056100,0.3012629
0.0056150,0.3012885
0.0056200,0.3013055
0.0056250,0.3013118
0.0056300,0.3013086
0.0056350,0.3012990
0.0056400,0.3012863
0.0056450,0.3012731
0.0056500,0.3012603
0.0056550,0.3012476
0.0056600,0.3012344
0.0056650,0.3012214
0.0056700,0.3012110
0.0056750,0.3012066
0.0056800,0.3012102
0.0056850,0.3012222
0.0056900,0.3012421
0.0056950,0.3012699
0.0057000,0.3206786
0.0057050,0.3207122
0.0057100,0.3207498
0.0057150,0.3207863
0.0057200,0.3208181
0.0057250,0.3208426
0.0057300,0.3208588
0.0057350,0.3208687
0.0057400,0.3208775
0.0057450,0.3208904
0.0057500,0.3209102
0.0057550,0.3209366
0.0057600,0.3209660
0.0057650,0.3209932
0.0057700,0.3210141
0.0057750,0.3210277
0.0057800,0.3210362
0.0057850,0.3210429
0.0057900,0.3210505
0.0057950,0.3210595
0.0058000,0.3134378
0.0058050,0.3134290
0.0058100,0.3134190
0.0058150,0.3134094
0.0058200,0.3134018
0.0058250,0.3133985
0.0058300,0.3134025
0.0058350,0.3134166
0.0058400,0.3134405
0.0058450,0.3134699
0.0058500,0.3134994
0.0058550,0.3135242
0.0058600,0.3135424
0.0058650,0.3135550
0.0058700,0.3135649
0.0058750,0.3135766
0.0058800,0.3135925
0.0058850,0.3136112
0.0058900,0.3136291
0.0058950,0.3136441
0.0059000,0.3382518
0.0059050,0.3382468
0.0059100,0.3382454
0.0059150,0.3382487
0.0059200,0.3382585
0.0059250,0.3382753
0.0059300,0.3382961
0.0059350,0.3383160
0.0059400,0.3383314
0.0059450,0.3383414
0.0059500,0.3383476
0.0059550,0.3383525
0.0059600,0.3383600
0.0059650,0.3383738
0.0059700,0.3383956
0.0059750,0.3384240
0.0059800,0.3384568
0.0059850,0.3384913
0.0059900,0.3385244
0.0059950,0.3385533
0.0060000,0.3226609
0.0060050,0.3226715
0.0060100,0.3226833
0.0060150,0.3226976
0.0060200,0.3227149
0.0060250,0.3227331
0.0060300,0.3227485
0.0060350,0.3227568
0.0060400,0.3227555
0.0060450,0.3227450
0.0060500,0.3227302
0.0060550,0.3227193
0.0060600,0.3227182
0.0060650,0.3227280
0.0060700,0.3227455
0.0060750,0.3227668
0.0060800,0.3227884
0.0060850,0.3228075
0.0060900,0.3228233
0.0060950,0.3228377
0.0061000,0.2882926
0.0061050,0.2883023
0.0061100,0.2883249
0.0061150,0.2883573
0.0061200,0.2883938
0.0061250,0.2884291
0.0061300,0.2884595
0.0061350,0.2884837
0.0061400,0.2885025
0.0061450,0.2885166
0.0061500,0.2885262
0.0061550,0.2885311
0.0061600,0.2885316
0.0061650,0.2885292
0.0061700,0.2885240
0.0061750,0.2885164
0.0061800,0.2885079
0.0061850,0.2885026
0.0061900,0.2885046
0.0061950,0.2885145
0.0062000,0.3084891
0.0062050,0.3084926
0.0062100,0.3084963
0.0062150,0.3084970
0.0062200,0.3084937
0.0062250,0.3084881
0.0062300,0.3084824
0.0062350,0.3084782
0.0062400,0.3084768
0.0062450,0.3084793
0.0062500,0.3084847
0.0062550,0.3084905
0.0062600,0.3084951
0.0062650,0.3084985
0.0062700,0.3085023
0.0062750,0.3085081
0.0062800,0.3085172
0.0062850,0.3085306
0.0062900,0.3085476
0.0062950,0.3085655
0.0063000,0.3476634
0.0063050,0.3476619
0.0063100,0.3476691
0.0063150,0.3476850
0.0063200,0.3477074
0.0063250,0.3477332
0.0063300,0.3477592
0.0063350,0.3477824
0.0063400,0.3477996
0.0063450,0.3478095
0.0063500,0.3478147
0.0063550,0.3478205
0.0063600,0.3478323
0.0063650,0.3478523
0.0063700,0.3478784
0.0063750,0.3479078
0.0063800,0.3479391
0.0063850,0.3479720
0.0063900,0.3480064
0.0063950,0.3480425
0.0064000,0.3769948
0.0064050,0.3770218
0.0064100,0.3770545
0.0064150,0.3770886
0.0064200,0.3771197
0.0064250,0.3771446
0.0064300,0.3771620
0.0064350,0.3771729
0.0064400,0.3771800
0.0064450,0.3771875
0.0064500,0.3771994
0.0064550,0.3772170
0.0064600,0.3772390
0.0064650,0.3772623
0.0064700,0.3772842
0.0064750,0.3773038
0.0064800,0.3773238
0.0064850,0.3773493
0.0064900,0.3773829
0.0064950,0.3774227
0.0065000,0.3196428
0.0065050,0.3196521
0.0065100,0.3196617
0.0065150,0.3196733
0.0065200,0.3196871
0.0065250,0.3197040
0.0065300,0.3197267
0.0065350,0.3197569
0.0065400,0.3197941
0.0065450,0.3198362
0.0065500,0.3198803
0.0065550,0.3199232
0.0065600,0.3199619
0.0065650,0.3199938
0.0065700,0.3200182
0.0065750,0.3200362
0.0065800,0.3200503
0.0065850,0.3200644
0.0065900,0.3200821
0.0065950,0.3201034
0.0066000,0.2868244
0.0066050,0.2868492
0.0066100,0.2868746
0.0066150,0.2868979
0.0066200,0.2869181
0.0066250,0.2869382
0.0066300,0.2869633
0.0066350,0.2869963
0.0066400,0.2870351
0.0066450,0.2870766
0.0066500,0.2871195
0.0066550,0.2871621
0.0066600,0.2872017
0.0066650,0.2872353
0.0066700,0.2872631
0.0066750,0.2872876
0.0066800,0.2873102
0.0066850,0.2873300
0.0066900,0.2873440
0.0066950,0.2873486
0.0067000,0.2798881
0.0067050,0.2798725
0.0067100,0.2798531
0.0067150,0.2798348
0.0067200,0.2798210
0.0067250,0.2798133
0.0067300,0.2798133
0.0067350,0.2798220
0.0067400,0.2798367
0.0067450,0.2798523
0.0067500,0.2798668
0.0067550,0.2798813
0.0067600,0.2798968
0.0067650,0.2799129
0.0067700,0.2799269
0.0067750,0.2799357
0.0067800,0.2799389
0.0067850,0.2799395
0.0067900,0.2799403
0.0067950,0.2799424
0.0068000,0.2747954
0.0068050,0.2748026
0.0068100,0.2748131
0.0068150,0.2748250
0.0068200,0.2748363
0.0068250,0.2748451
0.0068300,0.2748488
0.0068350,0.2748468
0.0068400,0.2748417
0.0068450,0.2748374
0.0068500,0.2748362
0.0068550,0.2748383
0.0068600,0.2748422
0.0068650,0.2748469
0.0068700,0.2748538
0.0068750,0.2748649
0.0068800,0.2748810
0.0068850,0.2749019
0.0068900,0.2749266
0.0068950,0.2749522
0.0069000,0.3232458
0.0069050,0.3232456
0.0069100,0.3232495
0.0069150,0.3232562
0.0069200,0.3232647
0.0069250,0.3232731
0.0069300,0.3232801
0.0069350,0.3232852
0.0069400,0.3232887
0.0069450,0.3232917
0.0069500,0.3232947
0.0069550,0.3232982
0.0069600,0.3233024
0.0069650,0.3233067
0.0069700,0.3233097
0.0069750,0.3233108
0.0069800,0.3233122
0.0069850,0.3233185
0.0069900,0.3233337
0.0069950,0.3233599
0.0070000,0.3240427
0.0070050,0.3240478
0.0070100,0.3240675
0.0070150,0.3241015
0.0070200,0.3241471
0.0070250,0.3241986
0.0070300,0.3242509
0.0070350,0.3243000
0.0070400,0.3243433
0.0070450,0.3243792
0.0070500,0.3244061
0.0070550,0.3244244
0.0070600,0.3244363
0.0070650,0.3244446
0.0070700,0.3244519
0.0070750,0.3244596
0.0070800,0.3244692
0.0070850,0.3244808
0.0070900,0.3244953
0.0070950,0.3245145
0.0071000,0.3464536
0.0071050,0.3464629
0.0071100,0.3464833
0.0071150,0.3465109
0.0071200,0.3465404
0.0071250,0.3465677
0.0071300,0.3465925
0.0071350,0.3466169
0.0071400,0.3466452
0.0071450,0.3466817
0.0071500,0.3467274
0.0071550,0.3467808
0.0071600,0.3468371
0.0071650,0.3468897
0.0071700,0.3469323
0.0071750,0.3469622
0.0071800,0.3469800
0.0071850,0.3469883
0.0071900,0.3469911
0.0071950,0.3469917
0.0072000,0.3422182
0.0072050,0.3421978
0.0072100,0.3421870
0.0072150,0.3421861
0.0072200,0.3421929
0.0072250,0.3422055
0.0072300,0.3422236
0.0072350,0.3422477
0.0072400,0.3422778
0.0072450,0.3423130
0.0072500,0.3423509
0.0072550,0.3423883
0.0072600,0.3424226
0.0072650,0.3424542
0.0072700,0.3424839
0.0072750,0.3425111
0.0072800,0.3425339
0.0072850,0.3425518
0.0072900,0.3425673
0.0072950,0.3425840
0.0073000,0.2905704
0.0073050,0.2905744
0.0073100,0.2905906
0.0073150,0.2906202
0.0073200,0.2906608
0.0073250,0.2907071
0.0073300,0.2907537
0.0073350,0.2907961
0.0073400,0.2908309
0.0073450,0.2908567
0.0073500,0.2908744
0.0073550,0.2908869
0.0073600,0.2908970
0.0073650,0.2909060
0.0073700,0.2909123
0.0073750,0.2909122
0.0073800,0.2909038
0.0073850,0.2908895
0.0073900,0.2908760
0.0073950,0.2908688
0.0074000,0.2963240
0.0074050,0.2963106
0.0074100,0.2963069
0.0074150,0.2963113
0.0074200,0.2963212
0.0074250,0.2963340
0.0074300,0.2963473
0.0074350,0.2963596
0.0074400,0.2963724
0.0074450,0.2963901
0.0074500,0.2964165
0.0074550,0.2964504
0.0074600,0.2964847
0.0074650,0.2965114
0.0074700,0.2965251
0.0074750,0.2965256
0.0074800,0.2965163
0.0074850,0.2965020
0.0074900,0.2964875
0.0074950,0.2964753
0.0075000,0.3418554
0.0075050,0.3418550
0.0075100,0.3418605
0.0075150,0.3418710
0.0075200,0.3418856
0.0075250,0.3419041
0.0075300,0.3419261
0.0075350,0.3419507
0.0075400,0.3419775
0.0075450,0.3420044
0.0075500,0.3420284
0.0075550,0.3420465
0.0075600,0.3420578
0.0075650,0.3420639
0.0075700,0.3420681
0.0075750,0.3420748
0.0075800,0.3420886
0.0075850,0.3421120
0.0075900,0.3421436
0.0075950,0.3421775
0.0076000,0.3318188
0.0076050,0.3318224
0.0076100,0.3318199
0.0076150,0.3318139
0.0076200,0.3318076
0.0076250,0.3318043
0.0076300,0.3318063
0.0076350,0.3318143
0.0076400,0.3318278
0.0076450,0.3318448
0.0076500,0.3318640
0.0076550,0.3318849
0.0076600,0.3319076
0.0076650,0.3319335
0.0076700,0.3319634
0.0076750,0.3319981
0.0076800,0.3320359
0.0076850,0.3320730
0.0076900,0.3321053
0.0076950,0.3321301
0.0077000,0.3278057
0.0077050,0.3278173
0.0077100,0.3278368
0.0077150,0.3278630
0.0077200,0.3278943
0.0077250,0.3279294
0.0077300,0.3279669
0.0077350,0.3280046
0.0077400,0.3280406
0.0077450,0.3280728
0.0077500,0.3281006
0.0077550,0.3281230
0.0077600,0.3281384
0.0077650,0.3281454
0.0077700,0.3281446
0.0077750,0.3281393
0.0077800,0.3281338
0.0077850,0.3281337
0.0077900,0.3281440
0.0077950,0.3281656
0.0078000,0.3557096
0.0078050,0.3557099
0.0078100,0.3557107
0.0078150,0.3557160
0.0078200,0.3557306
0.0078250,0.3557569
0.0078300,0.3557923
0.0078350,0.3558314
0.0078400,0.3558684
0.0078450,0.3558986
0.0078500,0.3559202
0.0078550,0.3559335
0.0078600,0.3559415
0.0078650,0.3559492
0.0078700,0.3559593
0.0078750,0.3559711
0.0078800,0.3559810
0.0078850,0.3559867
0.0078900,0.3559892
0.0078950,0.3559904
0.0079000,0.3599023
0.0079050,0.3598825
0.0079100,0.3598736
0.0079150,0.3598771
0.0079200,0.3598886
0.0079250,0.3599025
0.0079300,0.3599168
0.0079350,0.3599316
0.0079400,0.3599481
0.0079450,0.3599668
0.0079500,0.3599880
0.0079550,0.3600103
0.0079600,0.3600312
0.0079650,0.3600492
0.0079700,0.3600656
0.0079750,0.3600830
0.0079800,0.3601031
0.0079850,0.3601253
0.0079900,0.3601477
0.0079950,0.3601696
0.0080000,0.3427236
0.0080050,0.3427324
0.0080100,0.3427482
0.0080150,0.3427705
0.0080200,0.3427972
0.0080250,0.3428260
0.0080300,0.3428537
0.0080350,0.3428766
0.0080400,0.3428914
0.0080450,0.3428976
0.0080500,0.3428987
0.0080550,0.3429005
0.0080600,0.3429089
0.0080650,0.3429282
0.0080700,0.3429571
0.0080750,0.3429897
0.0080800,0.3430210
0.0080850,0.3430494
0.0080900,0.3430759
0.0080950,0.3431019
0.0081000,0.3223849
0.0081050,0.3223897
0.0081100,0.3223993
0.0081150,0.3224069
0.0081200,0.3224061
0.0081250,0.3223940
0.0081300,0.3223719
0.0081350,0.3223460
0.0081400,0.3223247
0.0081450,0.3223146
0.0081500,0.3223190
0.0081550,0.3223357
0.0081600,0.3223596
0.0081650,0.3223864
0.0081700,0.3224125
0.0081750,0.3224352
0.0081800,0.3224518
0.0081850,0.3224611
0.0081900,0.3224640
0.0081950,0.3224638
0.0082000,0.3338052
0.0082050,0.3338035
0.0082100,0.3338058
0.0082150,0.3338089
0.0082200,0.3338119
0.0082250,0.3338154
0.0082300,0.3338220
0.0082350,0.3338355
0.0082400,0.3338594
0.0082450,0.3338938
0.0082500,0.3339340
0.0082550,0.3339736
0.0082600,0.3340087
0.0082650,0.3340375
0.0082700,0.3340611
0.0082750,0.3340836
0.0082800,0.3341101
0.0082850,0.3341448
0.0082900,0.3341881
0.0082950,0.3342377
0.0083000,0.3216179
0.0083050,0.3216426
0.0083100,0.3216693
0.0083150,0.3216951
0.0083200,0.3217170
0.0083250,0.3217336
0.0083300,0.3217458
0.0083350,0.3217578
0.0083400,0.3217729
0.0083450,0.3217912
0.0083500,0.3218095
0.0083550,0.3218257
0.0083600,0.3218395
0.0083650,0.3218509
0.0083700,0.3218613
0.0083750,0.3218730
0.0083800,0.3218892
0.0083850,0.3219130
0.0083900,0.3219452
0.0083950,0.3219842
0.0084000,0.3178771
0.0084050,0.3178933
0.0084100,0.3179127
0.0084150,0.3179346
0.0084200,0.3179597
0.0084250,0.3179892
0.0084300,0.3180227
0.0084350,0.3180583
0.0084400,0.3180943
0.0084450,0.3181293
0.0084500,0.3181616
0.0084550,0.3181884
0.0084600,0.3182075
0.0084650,0.3182199
0.0084700,0.3182285
0.0084750,0.3182368
0.0084800,0.3182463
0.0084850,0.3182560
0.0084900,0.3182641
0.0084950,0.3182697
0.0085000,0.3238443
0.0085050,0.3238386
0.0085100,0.3238357
0.0085150,0.3238343
0.0085200,0.3238339
0.0085250,0.3238337
0.0085300,0.3238340
0.0085350,0.3238363
0.0085400,0.3238418
0.0085450,0.3238506
0.0085500,0.3238614
0.0085550,0.3238719
0.0085600,0.3238802
0.0085650,0.3238852
0.0085700,0.3238868
0.0085750,0.3238846
0.0085800,0.3238796
0.0085850,0.3238740
0.0085900,0.3238694
0.0085950,0.3238662
0.0086000,0.2958417
0.0086050,0.2958383
0.0086100,0.2958379
0.0086150,0.2958391
0.0086200,0.2958399
0.0086250,0.2958394
0.0086300,0.2958378
0.0086350,0.2958359
0.0086400,0.2958339
0.0086450,0.2958316
0.0086500,0.2958297
0.0086550,0.2958284
0.0086600,0.2958269
0.0086650,0.2958240
0.0086700,0.2958215
0.0086750,0.2958234
0.0086800,0.2958338
0.0086850,0.2958538
0.0086900,0.2958798
0.0086950,0.2959057
0.0087000,0.3309183
0.0087050,0.3309380
0.0087100,0.3309577
0.0087150,0.3309777
0.0087200,0.3309972
0.0087250,0.3310153
0.0087300,0.3310316
0.0087350,0.3310461
0.0087400,0.3310592
0.0087450,0.3310720
0.0087500,0.3310866
0.0087550,0.3311044
0.0087600,0.3311257
0.0087650,0.3311483
0.0087700,0.3311697
0.0087750,0.3311870
0.0087800,0.3311990
0.0087850,0.3312079
0.0087900,0.3312175
0.0087950,0.3312306
0.0088000,0.3363716
0.0088050,0.3363807
0.0088100,0.3363990
0.0088150,0.3364271
0.0088200,0.3364649
0.0088250,0.3365099
0.0088300,0.3365586
0.0088350,0.3366086
0.0088400,0.3366580
0.0088450,0.3367047
0.0088500,0.3367453
0.0088550,0.3367764
0.0088600,0.3367953
0.0088650,0.3368008
0.0088700,0.3367957
0.0088750,0.3367856
0.0088800,0.3367764
0.0088850,0.3367721
0.0088900,0.3367736
0.0088950,0.3367800
0.0089000,0.3196839
0.0089050,0.3196764
0.0089100,0.3196737
0.0089150,0.3196756
0.0089200,0.3196820
0.0089250,0.3196917
0.0089300,0.3197041
0.0089350,0.3197201
0.0089400,0.3197407
0.0089450,0.3197644
0.0089500,0.3197878
0.0089550,0.3198098
0.0089600,0.3198320
0.0089650,0.3198566
0.0089700,0.3198852
0.0089750,0.3199179
0.0089800,0.3199520
0.0089850,0.3199826
0.0089900,0.3200054
0.0089950,0.3200178
0.0090000,0.2951158
0.0090050,0.2951129
0.0090100,0.2951077
0.0090150,0.2951027
0.0090200,0.2951010
0.0090250,0.2951045
0.0090300,0.2951134
0.0090350,0.2951267
0.0090400,0.2951415
0.0090450,0.2951550
0.0090500,0.2951643
0.0090550,0.2951679
0.0090600,0.2951658
0.0090650,0.2951596
0.0090700,0.2951515
0.0090750,0.2951423
0.0090800,0.2951313
0.0090850,0.2951174
0.0090900,0.2951010
0.0090950,0.2950849
0.0091000,0.3318548
0.0091050,0.3318572
0.0091100,0.3318703
0.0091150,0.3318932
0.0091200,0.3319235
0.0091250,0.3319587
0.0091300,0.3319966
0.0091350,0.3320351
0.0091400,0.3320722
0.0091450,0.3321067
0.0091500,0.3321383
0.0091550,0.3321677
0.0091600,0.3321946
0.0091650,0.3322179
0.0091700,0.3322360
0.0091750,0.3322472
0.0091800,0.3322499
0.0091850,0.3322439
0.0091900,0.3322307
0.0091950,0.3322129
0.0092000,0.2981373
0.0092050,0.2981051
0.0092100,0.2980838
0.0092150,0.2980740
0.0092200,0.2980718
0.0092250,0.2980722
0.0092300,0.2980727
0.0092350,0.2980744
0.0092400,0.2980799
0.0092450,0.2980910
0.0092500,0.2981082
0.0092550,0.2981318
0.0092600,0.2981612
0.0092650,0.2981934
0.0092700,0.2982242
0.0092750,0.2982498
0.0092800,0.2982692
0.0092850,0.2982838
0.0092900,0.2982962
0.0092950,0.2983088
0.0093000,0.2980202
0.0093050,0.2980228
0.0093100,0.2980261
0.0093150,0.2980269
0.0093200,0.2980250
0.0093250,0.2980216
0.0093300,0.2980172
0.0093350,0.2980116
0.0093400,0.2980055
0.0093450,0.2980007
0.0093500,0.2979991
0.0093550,0.2980009
0.0093600,0.2980044
0.0093650,0.2980081
0.0093700,0.2980111
0.0093750,0.2980131
0.0093800,0.2980142
0.0093850,0.2980154
0.0093900,0.2980177
0.0093950,0.2980215
0.0094000,0.3243579
0.0094050,0.3243662
0.0094100,0.3243717
0.0094150,0.3243731
0.0094200,0.3243719
0.0094250,0.3243713
0.0094300,0.3243745
0.0094350,0.3243840
0.0094400,0.3244010
0.0094450,0.3244251
0.0094500,0.3244540
0.0094550,0.3244862
0.0094600,0.3245208
0.0094650,0.3245574
0.0094700,0.3245948
0.0094750,0.3246334
0.0094800,0.3246741
0.0094850,0.3247180
0.0094900,0.3247645
0.0094950,0.3248117
0.0095000,0.2877622
0.0095050,0.2877882
0.0095100,0.2878114
0.0095150,0.2878316
0.0095200,0.2878503
0.0095250,0.2878698
0.0095300,0.2878918
0.0095350,0.2879163
0.0095400,0.2879431
0.0095450,0.2879709
0.0095500,0.2879957
0.0095550,0.2880110
0.0095600,0.2880112
0.0095650,0.2879957
0.0095700,0.2879678
0.0095750,0.2879325
0.0095800,0.2878942
0.0095850,0.2878559
0.0095900,0.2878188
0.0095950,0.2877828
0.0096000,0.3010199
0.0096050,0.3009895
0.0096100,0.3009648
0.0096150,0.3009489
0.0096200,0.3009447
0.0096250,0.3009538
0.0096300,0.3009746
0.0096350,0.3010033
0.0096400,0.3010348
0.0096450,0.3010636
0.0096500,0.3010849
0.0096550,0.3010978
0.0096600,0.3011043
0.0096650,0.3011081
0.0096700,0.3011124
0.0096750,0.3011201
0.0096800,0.3011328
0.0096850,0.3011493
0.0096900,0.3011659
0.0096950,0.3011794
0.0097000,0.3158718
0.0097050,0.3158880
0.0097100,0.3159109
0.0097150,0.3159396
0.0097200,0.3159725
0.0097250,0.3160077
0.0097300,0.3160416
0.0097350,0.3160698
0.0097400,0.3160890
0.0097450,0.3160996
0.0097500,0.3161047
0.0097550,0.3161081
0.0097600,0.3161129
0.0097650,0.3161217
0.0097700,0.3161366
0.0097750,0.3161584
0.0097800,0.3161855
0.0097850,0.3162158
0.0097900,0.3162466
0.0097950,0.3162742
0.0098000,0.3059793
0.0098050,0.3059878
0.0098100,0.3060006
0.0098150,0.3060206
0.0098200,0.3060470
0.0098250,0.3060756
0.0098300,0.3061005
0.0098350,0.3061170
0.0098400,0.3061240
0.0098450,0.3061246
0.0098500,0.3061248
0.0098550,0.3061305
0.0098600,0.3061460
0.0098650,0.3061711
0.0098700,0.3062022
0.0098750,0.3062341
0.0098800,0.3062628
0.0098850,0.3062865
0.0098900,0.3063057
0.0098950,0.3063228
0.0099000,0.3195605
0.0099050,0.3195641
0.0099100,0.3195797
0.0099150,0.3196023
0.0099200,0.3196280
0.0099250,0.3196551
0.0099300,0.3196830
0.0099350,0.3197128
0.0099400,0.3197462
0.0099450,0.3197837
0.0099500,0.3198235
0.0099550,0.3198631
0.0099600,0.3199003
0.0099650,0.3199328
0.0099700,0.3199601
0.0099750,0.3199818
0.0099800,0.3199984
0.0099850,0.3200115
0.0099900,0.3200242
0.0099950,0.3200381
0.0100000,0.3073263
0.0100050,0.3073343
0.0100100,0.3073541
0.0100150,0.3073845
0.0100200,0.3074221
0.0100250,0.3074622
0.0100300,0.3075024
0.0100350,0.3075426
0.0100400,0.3075837
0.0100450,0.3076256
0.0100500,0.3076663
0.0100550,0.3077033
0.0100600,0.3077349
0.0100650,0.3077591
0.0100700,0.3077750
0.0100750,0.3077836
0.0100800,0.3077876
0.0100850,0.3077891
0.0100900,0.3077893
0.0100950,0.3077888
0.0101000,0.3302526
0.0101050,0.3302493
0.0101100,0.3302510
0.0101150,0.3302576
0.0101200,0.3302690
0.0101250,0.3302853
0.0101300,0.3303069
0.0101350,0.3303342
0.0101400,0.3303671
0.0101450,0.3304037
0.0101500,0.3304400
0.0101550,0.3304717
0.0101600,0.3304962
0.0101650,0.3305125
0.0101700,0.3305203
0.0101750,0.3305194
0.0101800,0.3305111
0.0101850,0.3304978
0.0101900,0.3304825
0.0101950,0.3304669
0.0102000,0.3560589
0.0102050,0.3560489
0.0102100,0.3560433
0.0102150,0.3560425
0.0102200,0.3560467
0.0102250,0.3560551
0.0102300,0.3560652
0.0102350,0.3560754
0.0102400,0.3560863
0.0102450,0.3561005
0.0102500,0.3561189
0.0102550,0.3561404
0.0102600,0.3561625
0.0102650,0.3561836
0.0102700,0.3562029
0.0102750,0.3562211
0.0102800,0.3562399
0.0102850,0.3562604
0.0102900,0.3562826
0.0102950,0.3563060
0.0103000,0.3340307
0.0103050,0.3340416
0.0103100,0.3340562
0.0103150,0.3340699
0.0103200,0.3340802
0.0103250,0.3340888
0.0103300,0.3340988
0.0103350,0.3341120
0.0103400,0.3341278
0.0103450,0.3341455
0.0103500,0.3341648
0.0103550,0.3341854
0.0103600,0.3342062
0.0103650,0.3342266
0.0103700,0.3342462
0.0103750,0.3342645
0.0103800,0.3342816
0.0103850,0.3342986
0.0103900,0.3343169
0.0103950,0.3343374
0.0104000,0.3198707
0.0104050,0.3198856
0.0104100,0.3199041
0.0104150,0.3199240
0.0104200,0.3199430
0.0104250,0.3199598
0.0104300,0.3199742
0.0104350,0.3199876
0.0104400,0.3200026
0.0104450,0.3200221
0.0104500,0.3200461
0.0104550,0.3200719
0.0104600,0.3200973
0.0104650,0.3201214
0.0104700,0.3201447
0.0104750,0.3201681
0.0104800,0.3201925
0.0104850,0.3202186
0.0104900,0.3202450
0.0104950,0.3202691
0.0105000,0.2918073
0.0105050,0.2918075
0.0105100,0.2918155
0.0105150,0.2918296
0.0105200,0.2918458
0.0105250,0.2918599
0.0105300,0.2918693
0.0105350,0.2918741
0.0105400,0.2918748
0.0105450,0.2918722
0.0105500,0.2918666
0.0105550,0.2918589
0.0105600,0.2918510
0.0105650,0.2918449
0.0105700,0.2918425
0.0105750,0.2918452
0.0105800,0.2918542
0.0105850,0.2918692
0.0105900,0.2918879
0.0105950,0.2919092
0.0106000,0.3237378
0.0106050,0.3237514
0.0106100,0.3237703
0.0106150,0.3237907
0.0106200,0.3238094
0.0106250,0.3238248
0.0106300,0.3238369
0.0106350,0.3238472
0.0106400,0.3238584
0.0106450,0.3238744
0.0106500,0.3238973
0.0106550,0.3239265
0.0106600,0.3239588
0.0106650,0.3239903
0.0106700,0.3240184
0.0106750,0.3240418
0.0106800,0.3240611
0.0106850,0.3240787
0.0106900,0.3240973
0.0106950,0.3241188
0.0107000,0.3251282
0.0107050,0.3251307
0.0107100,0.3251410
0.0107150,0.3251561
0.0107200,0.3251733
0.0107250,0.3251917
0.0107300,0.3252117
0.0107350,0.3252338
0.0107400,0.3252574
0.0107450,0.3252793
0.0107500,0.3252960
0.0107550,0.3253038
0.0107600,0.3253011
0.0107650,0.3252888
0.0107700,0.3252697
0.0107750,0.3252471
0.0107800,0.3252251
0.0107850,0.3252071
0.0107900,0.3251952
0.0107950,0.3251891
0.0108000,0.3163723
0.0108050,0.3163685
0.0108100,0.3163688
0.0108150,0.3163765
0.0108200,0.3163928
0.0108250,0.3164168
0.0108300,0.3164467
0.0108350,0.3164802
0.0108400,0.3165154
0.0108450,0.3165504
0.0108500,0.3165838
0.0108550,0.3166146
0.0108600,0.3166424
0.0108650,0.3166684
0.0108700,0.3166945
0.0108750,0.3167217
0.0108800,0.3167488
0.0108850,0.3167725
0.0108900,0.3167896
0.0108950,0.3167986
0.0109000,0.3164546
0.0109050,0.3164552
0.0109100,0.3164689
0.0109150,0.3164947
0.0109200,0.3165275
0.0109250,0.3165600
0.0109300,0.3165848
0.0109350,0.3165990
0.0109400,0.3166064
0.0109450,0.3166141
0.0109500,0.3166278
0.0109550,0.3166495
0.0109600,0.3166769
0.0109650,0.3167044
0.0109700,0.3167245
0.0109750,0.3167330
0.0109800,0.3167323
0.0109850,0.3167286
0.0109900,0.3167273
0.0109950,0.3167320
0.0110000,0.3327774
0.0110050,0.3327938
0.0110100,0.3328209
0.0110150,0.3328546
0.0110200,0.3328889
0.0110250,0.3329190
0.0110300,0.3329417
0.0110350,0.3329558
0.0110400,0.3329640
0.0110450,0.3329715
0.0110500,0.3329827
0.0110550,0.3329985
0.0110600,0.3330171
0.0110650,0.3330360
0.0110700,0.3330522
0.0110750,0.3330636
0.0110800,0.3330698
0.0110850,0.3330738
0.0110900,0.3330808
0.0110950,0.3330941
0.0111000,0.3253233
0.0111050,0.3253323
0.0111100,0.3253447
0.0111150,0.3253534
0.0111200,0.3253541
0.0111250,0.3253481
0.0111300,0.3253398
0.0111350,0.3253341
0.0111400,0.3253343
0.0111450,0.3253409
0.0111500,0.3253517
0.0111550,0.3253618
0.0111600,0.3253665
0.0111650,0.3253640
0.0111700,0.3253549
0.0111750,0.3253406
0.0111800,0.3253237
0.0111850,0.3253088
0.0111900,0.3252993
0.0111950,0.3252963
0.0112000,0.3371315
0.0112050,0.3371202
0.0112100,0.3371224
0.0112150,0.3371327
0.0112200,0.3371453
0.0112250,0.3371578
0.0112300,0.3371716
0.0112350,0.3371908
0.0112400,0.3372173
0.0112450,0.3372486
0.0112500,0.3372804
0.0112550,0.3373091
0.0112600,0.3373329
0.0112650,0.3373516
0.0112700,0.3373666
0.0112750,0.3373798
0.0112800,0.3373941
0.0112850,0.3374117
0.0112900,0.3374339
0.0112950,0.3374588
0.0113000,0.2966976
0.0113050,0.2967165
0.0113100,0.2967257
0.0113150,0.2967253
0.0113200,0.2967185
0.0113250,0.2967091
0.0113300,0.2966998
0.0113350,0.2966945
0.0113400,0.2966947
0.0113450,0.2966985
0.0113500,0.2967026
0.0113550,0.2967040
0.0113600,0.2967034
0.0113650,0.2967044
0.0113700,0.2967114
0.0113750,0.2967258
0.0113800,0.2967454
0.0113850,0.2967669
0.0113900,0.2967867
0.0113950,0.2968016
0.0114000,0.3085381
0.0114050,0.3085306
0.0114100,0.3085246
0.0114150,0.3085230
0.0114200,0.3085265
0.0114250,0.3085340
0.0114300,0.3085428
0.0114350,0.3085508
0.0114400,0.3085566
0.0114450,0.3085599
0.0114500,0.3085613
0.0114550,0.3085631
0.0114600,0.3085675
0.0114650,0.3085752
0.0114700,0.3085854
0.0114750,0.3085961
0.0114800,0.3086051
0.0114850,0.3086110
0.0114900,0.3086140
0.0114950,0.3086168
0.0115000,0.3384195
0.0115050,0.3384187
0.0115100,0.3384294
0.0115150,0.3384527
0.0115200,0.3384866
0.0115250,0.3385258
0.0115300,0.3385633
0.0115350,0.3385941
0.0115400,0.3386175
0.0115450,0.3386371
0.0115500,0.3386584
0.0115550,0.3386858
0.0115600,0.3387203
0.0115650,0.3387590
0.0115700,0.3387978
0.0115750,0.3388337
0.0115800,0.3388654
0.0115850,0.3388936
0.0115900,0.3389203
0.0115950,0.3389479
0.0116000,0.3175523
0.0116050,0.3175592
0.0116100,0.3175717
0.0116150,0.3175871
0.0116200,0.3176029
0.0116250,0.3176179
0.0116300,0.3176325
0.0116350,0.3176481
0.0116400,0.3176666
0.0116450,0.3176898
0.0116500,0.3177178
0.0116550,0.3177484
0.0116600,0.3177769
0.0116650,0.3177996
0.0116700,0.3178154
0.0116750,0.3178265
0.0116800,0.3178355
0.0116850,0.3178440
0.0116900,0.3178517
0.0116950,0.3178578
0.0117000,0.3069541
0.0117050,0.3069510
0.0117100,0.3069458
0.0117150,0.3069386
0.0117200,0.3069315
0.0117250,0.3069268
0.0117300,0.3069269
0.0117350,0.3069328
0.0117400,0.3069440
0.0117450,0.3069608
0.0117500,0.3069832
0.0117550,0.3070109
0.0117600,0.3070421
0.0117650,0.3070742
0.0117700,0.3071061
0.0117750,0.3071369
0.0117800,0.3071658
0.0117850,0.3071935
0.0117900,0.3072214
0.0117950,0.3072484
0.0118000,0.3018161
0.0118050,0.3018322
0.0118100,0.3018496
0.0118150,0.3018689
0.0118200,0.3018896
0.0118250,0.3019109
0.0118300,0.3019325
0.0118350,0.3019549
0.0118400,0.3019784
0.0118450,0.3020031
0.0118500,0.3020285
0.0118550,0.3020527
0.0118600,0.3020721
0.0118650,0.3020849
0.0118700,0.3020926
0.0118750,0.3020992
0.0118800,0.3021089
0.0118850,0.3021242
0.0118900,0.3021462
0.0118950,0.3021736
0.0119000,0.3262503
0.0119050,0.3262543
0.0119100,0.3262672
0.0119150,0.3262877
0.0119200,0.3263132
0.0119250,0.3263417
0.0119300,0.3263718
0.0119350,0.3264014
0.0119400,0.3264273
0.0119450,0.3264478
0.0119500,0.3264653
0.0119550,0.3264837
0.0119600,0.3265041
0.0119650,0.3265250
0.0119700,0.3265451
0.0119750,0.3265639
0.0119800,0.3265816
0.0119850,0.3265993
0.0119900,0.3266199
0.0119950,0.3266454
0.0120000,0.3193200
0.0120050,0.3193209
0.0120100,0.3193262
0.0120150,0.3193346
0.0120200,0.3193446
0.0120250,0.3193561
0.0120300,0.3193711
0.0120350,0.3193913
0.0120400,0.3194160
0.0120450,0.3194426
0.0120500,0.3194686
0.0120550,0.3194909
0.0120600,0.3195080
0.0120650,0.3195212
0.0120700,0.3195333
0.0120750,0.3195467
0.0120800,0.3195633
0.0120850,0.3195847
0.0120900,0.3196118
0.0120950,0.3196415
0.0121000,0.2871079
0.0121050,0.2871006
0.0121100,0.2870931
0.0121150,0.2870899
0.0121200,0.2870927
0.0121250,0.2871014
0.0121300,0.2871148
0.0121350,0.2871304
0.0121400,0.2871448
0.0121450,0.2871548
0.0121500,0.2871602
0.0121550,0.2871633
0.0121600,0.2871657
0.0121650,0.2871686
0.0121700,0.2871730
0.0121750,0.2871789
0.0121800,0.2871833
0.0121850,0.2871825
0.0121900,0.2871750
0.0121950,0.2871630
0.0122000,0.2871543
0.0122050,0.2871333
0.0122100,0.2871228
0.0122150,0.2871189
0.0122200,0.2871185
0.0122250,0.2871211
0.0122300,0.2871262
0.0122350,0.2871326
0.0122400,0.2871384
0.0122450,0.2871424
0.0122500,0.2871444
0.0122550,0.2871447
0.0122600,0.2871436
0.0122650,0.2871412
0.0122700,0.2871384
0.0122750,0.2871385
0.0122800,0.2871445
0.0122850,0.2871564
0.0122900,0.2871703
0.0122950,0.2871818
0.0123000,0.3363252
0.0123050,0.3363285
0.0123100,0.3363311
0.0123150,0.3363332
0.0123200,0.3363333
0.0123250,0.3363291
0.0123300,0.3363197
0.0123350,0.3363060
0.0123400,0.3362908
0.0123450,0.3362772
0.0123500,0.3362686
0.0123550,0.3362685
0.0123600,0.3362799
0.0123650,0.3363045
0.0123700,0.3363424
0.0123750,0.3363899
0.0123800,0.3364390
0.0123850,0.3364812
0.0123900,0.3365113
0.0123950,0.3365294
0.0124000,0.3246473
0.0124050,0.3246513
0.0124100,0.3246554
0.0124150,0.3246610
0.0124200,0.3246683
0.0124250,0.3246763
0.0124300,0.3246856
0.0124350,0.3246980
0.0124400,0.3247149
0.0124450,0.3247355
0.0124500,0.3247577
0.0124550,0.3247795
0.0124600,0.3248008
0.0124650,0.3248235
0.0124700,0.3248493
0.0124750,0.3248777
0.0124800,0.3249051
0.0124850,0.3249280
0.0124900,0.3249456
0.0124950,0.3249601
0.0125000,0.3431701
0.0125050,0.3431799
0.0125100,0.3431985
0.0125150,0.3432255
0.0125200,0.3432588
0.0125250,0.3432955
0.0125300,0.3433333
0.0125350,0.3433713
0.0125400,0.3434097
0.0125450,0.3434487
0.0125500,0.3434878
0.0125550,0.3435255
0.0125600,0.3435599
0.0125650,0.3435901
0.0125700,0.3436168
0.0125750,0.3436424
0.0125800,0.3436697
0.0125850,0.3437002
0.0125900,0.3437345
0.0125950,0.3437727
0.0126000,0.3203808
0.0126050,0.3204013
0.0126100,0.3204220
0.0126150,0.3204406
0.0126200,0.3204574
0.0126250,0.3204745
0.0126300,0.3204957
0.0126350,0.3205237
0.0126400,0.3205576
0.0126450,0.3205929
0.0126500,0.3206238
0.0126550,0.3206469
0.0126600,0.3206637
0.0126650,0.3206800
0.0126700,0.3207030
0.0126750,0.3207369
0.0126800,0.3207813
0.0126850,0.3208303
0.0126900,0.3208759
0.0126950,0.3209118
0.0127000,0.3027841
0.0127050,0.3027737
0.0127100,0.3027638
0.0127150,0.3027589
0.0127200,0.3027626
0.0127250,0.3027750
0.0127300,0.3027924
0.0127350,0.3028096
0.0127400,0.3028227
0.0127450,0.3028307
0.0127500,0.3028347
0.0127550,0.3028379
0.0127600,0.3028443
0.0127650,0.3028586
0.0127700,0.3028848
0.0127750,0.3029229
0.0127800,0.3029678
0.0127850,0.3030125
0.0127900,0.3030522
0.0127950,0.3030849
0.0128000,0.3346941
0.0128050,0.3346996
0.0128100,0.3347185
0.0128150,0.3347467
0.0128200,0.3347777
0.0128250,0.3348048
0.0128300,0.3348233
0.0128350,0.3348322
0.0128400,0.3348343
0.0128450,0.3348348
0.0128500,0.3348395
0.0128550,0.3348520
0.0128600,0.3348721
0.0128650,0.3348961
0.0128700,0.3349197
0.0128750,0.3349417
0.0128800,0.3349628
0.0128850,0.3349837
0.0128900,0.3350037
0.0128950,0.3350234
0.0129000,0.3040958
0.0129050,0.3041188
0.0129100,0.3041497
0.0129150,0.3041805
0.0129200,0.3042043
0.0129250,0.3042195
0.0129300,0.3042293
0.0129350,0.3042409
0.0129400,0.3042616
0.0129450,0.3042950
0.0129500,0.3043400
0.0129550,0.3043910
0.0129600,0.3044404
0.0129650,0.3044812
0.0129700,0.3045102
0.0129750,0.3045282
0.0129800,0.3045363
0.0129850,0.3045353
0.0129900,0.3045270
0.0129950,0.3045125
0.0130000,0.3350970
0.0130050,0.3350689
0.0130100,0.3350437
0.0130150,0.3350210
0.0130200,0.3350015
0.0130250,0.3349866
0.0130300,0.3349766
0.0130350,0.3349713
0.0130400,0.3349715
0.0130450,0.3349794
0.0130500,0.3349956
0.0130550,0.3350188
0.0130600,0.3350458
0.0130650,0.3350720
0.0130700,0.3350933
0.0130750,0.3351089
0.0130800,0.3351210
0.0130850,0.3351340
0.0130900,0.3351505
0.0130950,0.3351703
0.0131000,0.3448896
0.0131050,0.3448887
0.0131100,0.3448831
0.0131150,0.3448732
0.0131200,0.3448616
0.0131250,0.3448520
0.0131300,0.3448480
0.0131350,0.3448507
0.0131400,0.3448595
0.0131450,0.3448731
0.0131500,0.3448908
0.0131550,0.3449112
0.0131600,0.3449316
0.0131650,0.3449500
0.0131700,0.3449676
0.0131750,0.3449881
0.0131800,0.3450141
0.0131850,0.3450452
0.0131900,0.3450772
0.0131950,0.3451062
0.0132000,0.3437798
0.0132050,0.3437886
0.0132100,0.3438047
0.0132150,0.3438279
0.0132200,0.3438561
0.0132250,0.3438861
0.0132300,0.3439140
0.0132350,0.3439382
0.0132400,0.3439592
0.0132450,0.3439786
0.0132500,0.3439968
0.0132550,0.3440145
0.0132600,0.3440331
0.0132650,0.3440529
0.0132700,0.3440733
0.0132750,0.3440919
0.0132800,0.3441043
0.0132850,0.3441078
0.0132900,0.3441036
0.0132950,0.3440960
0.0133000,0.3156121
0.0133050,0.3155980
0.0133100,0.3155908
0.0133150,0.3155889
0.0133200,0.3155908
0.0133250,0.3155971
0.0133300,0.3156091
0.0133350,0.3156261
0.0133400,0.3156463
0.0133450,0.3156682
0.0133500,0.3156900
0.0133550,0.3157076
0.0133600,0.3157176
0.0133650,0.3157218
0.0133700,0.3157246
0.0133750,0.3157287
0.0133800,0.3157340
0.0133850,0.3157406
0.0133900,0.3157492
0.0133950,0.3157615
0.0134000,0.3410307
0.0134050,0.3410424
0.0134100,0.3410647
0.0134150,0.3410946
0.0134200,0.3411278
0.0134250,0.3411590
0.0134300,0.3411842
0.0134350,0.3412028
0.0134400,0.3412177
0.0134450,0.3412318
0.0134500,0.3412470
0.0134550,0.3412629
0.0134600,0.3412779
0.0134650,0.3412908
0.0134700,0.3413018
0.0134750,0.3413113
0.0134800,0.3413198
0.0134850,0.3413276
0.0134900,0.3413358
0.0134950,0.3413449
0.0135000,0.3509784
0.0135050,0.3509892
0.0135100,0.3510018
0.0135150,0.3510168
0.0135200,0.3510355
0.0135250,0.3510589
0.0135300,0.3510874
0.0135350,0.3511202
0.0135400,0.3511565
0.0135450,0.3511955
0.0135500,0.3512371
0.0135550,0.3512817
0.0135600,0.3513279
0.0135650,0.3513732
0.0135700,0.3514146
0.0135750,0.3514509
0.0135800,0.3514823
0.0135850,0.3515096
0.0135900,0.3515339
0.0135950,0.3515573
0.0136000,0.3072486
0.0136050,0.3072558
0.0136100,0.3072728
0.0136150,0.3072990
0.0136200,0.3073313
0.0136250,0.3073661
0.0136300,0.3074020
0.0136350,0.3074383
0.0136400,0.3074736
0.0136450,0.3075070
0.0136500,0.3075396
0.0136550,0.3075723
0.0136600,0.3076049
0.0136650,0.3076367
0.0136700,0.3076668
0.0136750,0.3076956
0.0136800,0.3077239
0.0136850,0.3077523
0.0136900,0.3077814
0.0136950,0.3078130
0.0137000,0.2928135
0.0137050,0.2928468
0.0137100,0.2928796
0.0137150,0.2929075
0.0137200,0.2929262
0.0137250,0.2929324
0.0137300,0.2929247
0.0137350,0.2929053
0.0137400,0.2928796
0.0137450,0.2928531
0.0137500,0.2928308
0.0137550,0.2928164
0.0137600,0.2928107
0.0137650,0.2928129
0.0137700,0.2928221
0.0137750,0.2928377
0.0137800,0.2928576
0.0137850,0.2928777
0.0137900,0.2928940
0.0137950,0.2929036
0.0138000,0.3102681
0.0138050,0.3102601
0.0138100,0.3102447
0.0138150,0.3102240
0.0138200,0.3102026
0.0138250,0.3101846
0.0138300,0.3101725
0.0138350,0.3101676
0.0138400,0.3101697
0.0138450,0.3101763
0.0138500,0.3101841
0.0138550,0.3101905
0.0138600,0.3101951
0.0138650,0.3101998
0.0138700,0.3102081
0.0138750,0.3102221
0.0138800,0.3102391
0.0138850,0.3102534
0.0138900,0.3102605
0.0138950,0.3102601
0.0139000,0.3280510
0.0139050,0.3280259
0.0139100,0.3280031
0.0139150,0.3279863
0.0139200,0.3279774
0.0139250,0.3279753
0.0139300,0.3279768
0.0139350,0.3279782
0.0139400,0.3279764
0.0139450,0.3279695
0.0139500,0.3279596
0.0139550,0.3279516
0.0139600,0.3279500
0.0139650,0.3279560
0.0139700,0.3279679
0.0139750,0.3279826
0.0139800,0.3279959
0.0139850,0.3280050
0.0139900,0.3280092
0.0139950,0.3280101
0.0140000,0.3089240
0.0140050,0.3089215
0.0140100,0.3089251
0.0140150,0.3089329
0.0140200,0.3089411
0.0140250,0.3089466
0.0140300,0.3089481
0.0140350,0.3089460
0.0140400,0.3089417
0.0140450,0.3089377
0.0140500,0.3089371
0.0140550,0.3089411
0.0140600,0.3089482
0.0140650,0.3089554
0.0140700,0.3089612
0.0140750,0.3089664
0.0140800,0.3089729
0.0140850,0.3089827
0.0140900,0.3089973
0.0140950,0.3090171
0.0141000,0.3176681
0.0141050,0.3176816
0.0141100,0.3177043
0.0141150,0.3177335
0.0141200,0.3177644
0.0141250,0.3177909
0.0141300,0.3178105
0.0141350,0.3178252
0.0141400,0.3178392
0.0141450,0.3178560
0.0141500,0.3178768
0.0141550,0.3179009
0.0141600,0.3179265
0.0141650,0.3179516
0.0141700,0.3179744
0.0141750,0.3179938
0.0141800,0.3180098
0.0141850,0.3180237
0.0141900,0.3180387
0.0141950,0.3180575
0.0142000,0.3344557
0.0142050,0.3344737
0.0142100,0.3345011
0.0142150,0.3345302
0.0142200,0.3345523
0.0142250,0.3345632
0.0142300,0.3345659
0.0142350,0.3345671
0.0142400,0.3345729
0.0142450,0.3345876
0.0142500,0.3346121
0.0142550,0.3346445
0.0142600,0.3346787
0.0142650,0.3347066
0.0142700,0.3347232
0.0142750,0.3347305
0.0142800,0.3347356
0.0142850,0.3347455
0.0142900,0.3347640
0.0142950,0.3347900
0.0143000,0.3372746
0.0143050,0.3372863
0.0143100,0.3372988
0.0143150,0.3373105
0.0143200,0.3373219
0.0143250,0.3373341
0.0143300,0.3373481
0.0143350,0.3373652
0.0143400,0.3373878
0.0143450,0.3374187
0.0143500,0.3374582
0.0143550,0.3375025
0.0143600,0.3375454
0.0143650,0.3375822
0.0143700,0.3376128
0.0143750,0.3376408
0.0143800,0.3376701
0.0143850,0.3377005
0.0143900,0.3377296
0.0143950,0.3377539
0.0144000,0.3150728
0.0144050,0.3150812
0.0144100,0.3150862
0.0144150,0.3150916
0.0144200,0.3151005
0.0144250,0.3151134
0.0144300,0.3151283
0.0144350,0.3151421
0.0144400,0.3151519
0.0144450,0.3151560
0.0144500,0.3151560
0.0144550,0.3151574
0.0144600,0.3151665
0.0144650,0.3151854
0.0144700,0.3152097
0.0144750,0.3152311
0.0144800,0.3152433
0.0144850,0.3152441
0.0144900,0.3152357
0.0144950,0.3152231
0.0145000,0.3301560
0.0145050,0.3301640
0.0145100,0.3301896
0.0145150,0.3302284
0.0145200,0.3302725
0.0145250,0.3303138
0.0145300,0.3303468
0.0145350,0.3303711
0.0145400,0.3303920
0.0145450,0.3304157
0.0145500,0.3304461
0.0145550,0.3304820
0.0145600,0.3305177
0.0145650,0.3305469
0.0145700,0.3305646
0.0145750,0.3305692
0.0145800,0.3305622
0.0145850,0.3305487
0.0145900,0.3305359
0.0145950,0.3305295
0.0146000,0.3234573
0.0146050,0.3234512
0.0146100,0.3234573
0.0146150,0.3234720
0.0146200,0.3234903
0.0146250,0.3235081
0.0146300,0.3235221
0.0146350,0.3235315
0.0146400,0.3235394
0.0146450,0.3235500
0.0146500,0.3235666
0.0146550,0.3235887
0.0146600,0.3236127
0.0146650,0.3236349
0.0146700,0.3236533
0.0146750,0.3236692
0.0146800,0.3236854
0.0146850,0.3237054
0.0146900,0.3237307
0.0146950,0.3237596
0.0147000,0.3616128
0.0147050,0.3616204
0.0147100,0.3616270
0.0147150,0.3616326
0.0147200,0.3616378
0.0147250,0.3616420
0.0147300,0.3616447
0.0147350,0.3616475
0.0147400,0.3616515
0.0147450,0.3616576
0.0147500,0.3616667
0.0147550,0.3616786
0.0147600,0.3616934
0.0147650,0.3617117
0.0147700,0.3617333
0.0147750,0.3617564
0.0147800,0.3617789
0.0147850,0.3617991
0.0147900,0.3618176
0.0147950,0.3618361
0.0148000,0.3553665
0.0148050,0.3553747
0.0148100,0.3553931
0.0148150,0.3554233
0.0148200,0.3554650
0.0148250,0.3555166
0.0148300,0.3555753
0.0148350,0.3556375
0.0148400,0.3556991
0.0148450,0.3557549
0.0148500,0.3558004
0.0148550,0.3558335
0.0148600,0.3558549
0.0148650,0.3558675
0.0148700,0.3558747
0.0148750,0.3558788
0.0148800,0.3558803
0.0148850,0.3558783
0.0148900,0.3558737
0.0148950,0.3558708
0.0149000,0.3695890
0.0149050,0.3695893
0.0149100,0.3696054
0.0149150,0.3696313
0.0149200,0.3696599
0.0149250,0.3696862
0.0149300,0.3697095
0.0149350,0.3697313
0.0149400,0.3697527
0.0149450,0.3697735
0.0149500,0.3697939
0.0149550,0.3698151
0.0149600,0.3698382
0.0149650,0.3698631
0.0149700,0.3698889
0.0149750,0.3699160
0.0149800,0.3699457
0.0149850,0.3699783
0.0149900,0.3700127
0.0149950,0.3700473
0.0150000,0.3206528
0.0150050,0.3206566
0.0150100,0.3206615
0.0150150,0.3206676
0.0150200,0.3206763
0.0150250,0.3206895
0.0150300,0.3207075
0.0150350,0.3207304
0.0150400,0.3207578
0.0150450,0.3207880
0.0150500,0.3208183
0.0150550,0.3208465
0.0150600,0.3208724
0.0150650,0.3208966
0.0150700,0.3209205
0.0150750,0.3209461
0.0150800,0.3209749
0.0150850,0.3210060
0.0150900,0.3210361
0.0150950,0.3210611
0.0151000,0.3189820
0.0151050,0.3189794
0.0151100,0.3189729
0.0151150,0.3189681
0.0151200,0.3189717
0.0151250,0.3189865
0.0151300,0.3190105
0.0151350,0.3190372
0.0151400,0.3190594
0.0151450,0.3190725
0.0151500,0.3190751
0.0151550,0.3190694
0.0151600,0.3190606
0.0151650,0.3190546
0.0151700,0.3190553
0.0151750,0.3190629
0.0151800,0.3190749
0.0151850,0.3190874
0.0151900,0.3190981
0.0151950,0.3191083
0.0152000,0.3385662
0.0152050,0.3385580
0.0152100,0.3385542
0.0152150,0.3385576
0.0152200,0.3385680
0.0152250,0.3385824
0.0152300,0.3385958
0.0152350,0.3386030
0.0152400,0.3386006
0.0152450,0.3385898
0.0152500,0.3385761
0.0152550,0.3385658
0.0152600,0.3385635
0.0152650,0.3385700
0.0152700,0.3385832
0.0152750,0.3385990
0.0152800,0.3386131
0.0152850,0.3386220
0.0152900,0.3386244
0.0152950,0.3386212
0.0153000,0.3249412
0.0153050,0.3249272
0.0153100,0.3249155
0.0153150,0.3249047
0.0153200,0.3248925
0.0153250,0.3248783
0.0153300,0.3248630
0.0153350,0.3248484
0.0153400,0.3248358
0.0153450,0.3248272
0.0153500,0.3248245
0.0153550,0.3248280
0.0153600,0.3248368
0.0153650,0.3248492
0.0153700,0.3248643
0.0153750,0.3248830
0.0153800,0.3249066
0.0153850,0.3249377
0.0153900,0.3249782
0.0153950,0.3250270
0.0154000,0.3318420
0.0154050,0.3318648
0.0154100,0.3318807
0.0154150,0.3318893
0.0154200,0.3318917
0.0154250,0.3318905
0.0154300,0.3318897
0.0154350,0.3318936
0.0154400,0.3319026
0.0154450,0.3319130
0.0154500,0.3319204
0.0154550,0.3319238
0.0154600,0.3319249
0.0154650,0.3319273
0.0154700,0.3319345
0.0154750,0.3319486
0.0154800,0.3319693
0.0154850,0.3319956
0.0154900,0.3320250
0.0154950,0.3320535
0.0155000,0.3085204
0.0155050,0.3085407
0.0155100,0.3085629
0.0155150,0.3085847
0.0155200,0.3086045
0.0155250,0.3086215
0.0155300,0.3086363
0.0155350,0.3086500
0.0155400,0.3086624
0.0155450,0.3086729
0.0155500,0.3086806
0.0155550,0.3086851
0.0155600,0.3086864
0.0155650,0.3086852
0.0155700,0.3086841
0.0155750,0.3086858
0.0155800,0.3086921
0.0155850,0.3087035
0.0155900,0.3087196
0.0155950,0.3087401
0.0156000,0.3490863
0.0156050,0.3490960
0.0156100,0.3491141
0.0156150,0.3491415
0.0156200,0.3491792
0.0156250,0.3492267
0.0156300,0.3492798
0.0156350,0.3493324
0.0156400,0.3493799
0.0156450,0.3494213
0.0156500,0.3494573
0.0156550,0.3494882
0.0156600,0.3495134
0.0156650,0.3495320
0.0156700,0.3495446
0.0156750,0.3495525
0.0156800,0.3495561
0.0156850,0.3495566
0.0156900,0.3495558
0.0156950,0.3495559
0.0157000,0.3316093
0.0157050,0.3316055
0.0157100,0.3316034
0.0157150,0.3316051
0.0157200,0.3316102
0.0157250,0.3316167
0.0157300,0.3316226
0.0157350,0.3316277
0.0157400,0.3316336
0.0157450,0.3316432
0.0157500,0.3316589
0.0157550,0.3316809
0.0157600,0.3317076
0.0157650,0.3317361
0.0157700,0.3317644
0.0157750,0.3317907
0.0157800,0.3318141
0.0157850,0.3318340
0.0157900,0.3318508
0.0157950,0.3318649
0.0158000,0.3422223
0.0158050,0.3422411
0.0158100,0.3422624
0.0158150,0.3422835
0.0158200,0.3423034
0.0158250,0.3423224
0.0158300,0.3423423
0.0158350,0.3423638
0.0158400,0.3423861
0.0158450,0.3424065
0.0158500,0.3424228
0.0158550,0.3424355
0.0158600,0.3424454
0.0158650,0.3424525
0.0158700,0.3424572
0.0158750,0.3424608
0.0158800,0.3424662
0.0158850,0.3424752
0.0158900,0.3424882
0.0158950,0.3425028
0.0159000,0.3111807
0.0159050,0.3111715
0.0159100,0.3111649
0.0159150,0.3111620
0.0159200,0.3111634
0.0159250,0.3111666
0.0159300,0.3111691
0.0159350,0.3111697
0.0159400,0.3111689
0.0159450,0.3111670
0.0159500,0.3111646
0.0159550,0.3111635
0.0159600,0.3111652
0.0159650,0.3111712
0.0159700,0.3111810
0.0159750,0.3111931
0.0159800,0.3112058
0.0159850,0.3112172
0.0159900,0.3112266
0.0159950,0.3112337
0.0160000,0.3189721
0.0160050,0.3189720
0.0160100,0.3189793
0.0160150,0.3189939
0.0160200,0.3190139
0.0160250,0.3190357
0.0160300,0.3190562
0.0160350,0.3190735
0.0160400,0.3190881
0.0160450,0.3191019
0.0160500,0.3191183
0.0160550,0.3191404
0.0160600,0.3191692
0.0160650,0.3192029
0.0160700,0.3192373
0.0160750,0.3192674
0.0160800,0.3192901
0.0160850,0.3193049
0.0160900,0.3193159
0.0160950,0.3193284
0.0161000,0.3265545
0.0161050,0.3265699
0.0161100,0.3265965
0.0161150,0.3266304
0.0161200,0.3266652
0.0161250,0.3266949
0.0161300,0.3267159
0.0161350,0.3267269
0.0161400,0.3267312
0.0161450,0.3267336
0.0161500,0.3267378
0.0161550,0.3267451
0.0161600,0.3267548
0.0161650,0.3267656
0.0161700,0.3267754
0.0161750,0.3267840
0.0161800,0.3267933
0.0161850,0.3268062
0.0161900,0.3268255
0.0161950,0.3268529
0.0162000,0.3331819
0.0162050,0.3331873
0.0162100,0.3332039
0.0162150,0.3332286
0.0162200,0.3332568
0.0162250,0.3332830
0.0162300,0.3333021
0.0162350,0.3333122
0.0162400,0.3333165
0.0162450,0.3333197
0.0162500,0.3333247
0.0162550,0.3333327
0.0162600,0.3333439
0.0162650,0.3333565
0.0162700,0.3333658
0.0162750,0.3333676
0.0162800,0.3333618
0.0162850,0.3333531
0.0162900,0.3333486
0.0162950,0.3333546
0.0163000,0.3479435
0.0163050,0.3479565
0.0163100,0.3479746
0.0163150,0.3479929
0.0163200,0.3480092
0.0163250,0.3480234
0.0163300,0.3480355
0.0163350,0.3480463
0.0163400,0.3480578
0.0163450,0.3480712
0.0163500,0.3480880
0.0163550,0.3481084
0.0163600,0.3481310
0.0163650,0.3481523
0.0163700,0.3481680
0.0163750,0.3481758
0.0163800,0.3481753
0.0163850,0.3481676
0.0163900,0.3481562
0.0163950,0.3481457
0.0164000,0.3398891
0.0164050,0.3398795
0.0164100,0.3398791
0.0164150,0.3398839
0.0164200,0.3398906
0.0164250,0.3398972
0.0164300,0.3399036
0.0164350,0.3399130
0.0164400,0.3399291
0.0164450,0.3399518
0.0164500,0.3399777
0.0164550,0.3400015
0.0164600,0.3400199
0.0164650,0.3400332
0.0164700,0.3400439
0.0164750,0.3400551
0.0164800,0.3400681
0.0164850,0.3400843
0.0164900,0.3401044
0.0164950,0.3401292
0.0165000,0.3243690
0.0165050,0.3243740
0.0165100,0.3243834
0.0165150,0.3243957
0.0165200,0.3244100
0.0165250,0.3244265
0.0165300,0.3244450
0.0165350,0.3244647
0.0165400,0.3244840
0.0165450,0.3244990
0.0165500,0.3245065
0.0165550,0.3245075
0.0165600,0.3245084
0.0165650,0.3245159
0.0165700,0.3245326
0.0165750,0.3245578
0.0165800,0.3245882
0.0165850,0.3246201
0.0165900,0.3246509
0.0165950,0.3246790
0.0166000,0.3248251
0.0166050,0.3248336
0.0166100,0.3248443
0.0166150,0.3248585
0.0166200,0.3248763
0.0166250,0.3248980
0.0166300,0.3249234
0.0166350,0.3249512
0.0166400,0.3249792
0.0166450,0.3250056
0.0166500,0.3250315
0.0166550,0.3250608
0.0166600,0.3250964
0.0166650,0.3251368
0.0166700,0.3251780
0.0166750,0.3252170
0.0166800,0.3252522
0.0166850,0.3252826
0.0166900,0.3253059
0.0166950,0.3253193
0.0167000,0.3195427
0.0167050,0.3195403
0.0167100,0.3195373
0.0167150,0.3195299
0.0167200,0.3195190
0.0167250,0.3195102
0.0167300,0.3195086
0.0167350,0.3195160
0.0167400,0.3195312
0.0167450,0.3195526
0.0167500,0.3195773
0.0167550,0.3196013
0.0167600,0.3196202
0.0167650,0.3196307
0.0167700,0.3196345
0.0167750,0.3196377
0.0167800,0.3196475
0.0167850,0.3196689
0.0167900,0.3197005
0.0167950,0.3197360
0.0168000,0.2942851
0.0168050,0.2942782
0.0168100,0.2942779
0.0168150,0.2942871
0.0168200,0.2943068
0.0168250,0.2943351
0.0168300,0.2943685
0.0168350,0.2944021
0.0168400,0.2944305
0.0168450,0.2944511
0.0168500,0.2944642
0.0168550,0.2944721
0.0168600,0.2944766
0.0168650,0.2944778
0.0168700,0.2944768
0.0168750,0.2944748
0.0168800,0.2944724
0.0168850,0.2944681
0.0168900,0.2944607
0.0168950,0.2944514
0.0169000,0.3250952
0.0169050,0.3250972
0.0169100,0.3251034
0.0169150,0.3251127
0.0169200,0.3251250
0.0169250,0.3251386
0.0169300,0.3251495
0.0169350,0.3251537
0.0169400,0.3251512
0.0169450,0.3251448
0.0169500,0.3251356
0.0169550,0.3251245
0.0169600,0.3251135
0.0169650,0.3251046
0.0169700,0.3250999
0.0169750,0.3251003
0.0169800,0.3251056
0.0169850,0.3251136
0.0169900,0.3251222
0.0169950,0.3251306
0.0170000,0.3135165
0.0170050,0.3135209
0.0170100,0.3135292
0.0170150,0.3135399
0.0170200,0.3135515
0.0170250,0.3135636
0.0170300,0.3135761
0.0170350,0.3135888
0.0170400,0.3136023
0.0170450,0.3136183
0.0170500,0.3136385
0.0170550,0.3136638
0.0170600,0.3136929
0.0170650,0.3137225
0.0170700,0.3137490
0.0170750,0.3137701
0.0170800,0.3137854
0.0170850,0.3137950
0.0170900,0.3138002
0.0170950,0.3138039
0.0171000,0.3345025
0.0171050,0.3345007
0.0171100,0.3345054
0.0171150,0.3345153
0.0171200,0.3345298
0.0171250,0.3345464
0.0171300,0.3345616
0.0171350,0.3345738
0.0171400,0.3345846
0.0171450,0.3345956
0.0171500,0.3346062
0.0171550,0.3346155
0.0171600,0.3346228
0.0171650,0.3346267
0.0171700,0.3346252
0.0171750,0.3346173
0.0171800,0.3346045
0.0171850,0.3345904
0.0171900,0.3345774
0.0171950,0.3345662
0.0172000,0.3356231
0.0172050,0.3356035
0.0172100,0.3355885
0.0172150,0.3355761
0.0172200,0.3355670
0.0172250,0.3355632
0.0172300,0.3355669
0.0172350,0.3355791
0.0172400,0.3355994
0.0172450,0.3356258
0.0172500,0.3356555
0.0172550,0.3356855
0.0172600,0.3357133
0.0172650,0.3357362
0.0172700,0.3357534
0.0172750,0.3357674
0.0172800,0.3357833
0.0172850,0.3358059
0.0172900,0.3358382
0.0172950,0.3358786
0.0173000,0.3278390
0.0173050,0.3278597
0.0173100,0.3278789
0.0173150,0.3278952
0.0173200,0.3279090
0.0173250,0.3279215
0.0173300,0.3279341
0.0173350,0.3279466
0.0173400,0.3279578
0.0173450,0.3279657
0.0173500,0.3279687
0.0173550,0.3279653
0.0173600,0.3279549
0.0173650,0.3279398
0.0173700,0.3279245
0.0173750,0.3279148
0.0173800,0.3279153
0.0173850,0.3279274
0.0173900,0.3279482
0.0173950,0.3279734
0.0174000,0.3292369
0.0174050,0.3292520
0.0174100,0.3292619
0.0174150,0.3292646
0.0174200,0.3292630
0.0174250,0.3292624
0.0174300,0.3292680
0.0174350,0.3292827
0.0174400,0.3293054
0.0174450,0.3293301
0.0174500,0.3293492
0.0174550,0.3293584
0.0174600,0.3293602
0.0174650,0.3293606
0.0174700,0.3293654
0.0174750,0.3293771
0.0174800,0.3293961
0.0174850,0.3294198
0.0174900,0.3294428
0.0174950,0.3294587
0.0175000,0.3148935
0.0175050,0.3148700
0.0175100,0.3148477
0.0175150,0.3148295
0.0175200,0.3148178
0.0175250,0.3148137
0.0175300,0.3148169
0.0175350,0.3148261
0.0175400,0.3148401
0.0175450,0.3148581
0.0175500,0.3148784
0.0175550,0.3148992
0.0175600,0.3149189
0.0175650,0.3149379
0.0175700,0.3149571
0.0175750,0.3149771
0.0175800,0.3149977
0.0175850,0.3150172
0.0175900,0.3150340
0.0175950,0.3150495
0.0176000,0.3292002
0.0176050,0.3292146
0.0176100,0.3292347
0.0176150,0.3292619
0.0176200,0.3292975
0.0176250,0.3293408
0.0176300,0.3293880
0.0176350,0.3294326
0.0176400,0.3294690
0.0176450,0.3294957
0.0176500,0.3295146
0.0176550,0.3295296
0.0176600,0.3295429
0.0176650,0.3295555
0.0176700,0.3295669
0.0176750,0.3295752
0.0176800,0.3295798
0.0176850,0.3295809
0.0176900,0.3295798
0.0176950,0.3295776
0.0177000,0.3086516
0.0177050,0.3086588
0.0177100,0.3086738
0.0177150,0.3086929
0.0177200,0.3087121
0.0177250,0.3087277
0.0177300,0.3087381
0.0177350,0.3087442
0.0177400,0.3087478
0.0177450,0.3087502
0.0177500,0.3087518
0.0177550,0.3087520
0.0177600,0.3087495
0.0177650,0.3087435
0.0177700,0.3087328
0.0177750,0.3087175
0.0177800,0.3086996
0.0177850,0.3086829
0.0177900,0.3086713
0.0177950,0.3086667
0.0178000,0.3341897
0.0178050,0.3341813
0.0178100,0.3341803
0.0178150,0.3341863
0.0178200,0.3341987
0.0178250,0.3342173
0.0178300,0.3342413
0.0178350,0.3342702
0.0178400,0.3343032
0.0178450,0.3343387
0.0178500,0.3343755
0.0178550,0.3344116
0.0178600,0.3344450
0.0178650,0.3344734
0.0178700,0.3344946
0.0178750,0.3345084
0.0178800,0.3345160
0.0178850,0.3345183
0.0178900,0.3345154
0.0178950,0.3345073
0.0179000,0.3579797
0.0179050,0.3579669
0.0179100,0.3579576
0.0179150,0.3579490
0.0179200,0.3579376
0.0179250,0.3579228
0.0179300,0.3579067
0.0179350,0.3578925
0.0179400,0.3578822
0.0179450,0.3578775
0.0179500,0.3578795
0.0179550,0.3578880
0.0179600,0.3579021
0.0179650,0.3579191
0.0179700,0.3579357
0.0179750,0.3579502
0.0179800,0.3579626
0.0179850,0.3579750
0.0179900,0.3579913
0.0179950,0.3580142
0.0180000,0.3472727
0.0180050,0.3472761
0.0180100,0.3472784
0.0180150,0.3472782
0.0180200,0.3472765
0.0180250,0.3472762
0.0180300,0.3472807
0.0180350,0.3472929
0.0180400,0.3473127
0.0180450,0.3473382
0.0180500,0.3473664
0.0180550,0.3473944
0.0180600,0.3474199
0.0180650,0.3474417
0.0180700,0.3474609
0.0180750,0.3474808
0.0180800,0.3475045
0.0180850,0.3475339
0.0180900,0.3475677
0.0180950,0.3476024
0.0181000,0.2915842
0.0181050,0.2915954
0.0181100,0.2916072
0.0181150,0.2916197
0.0181200,0.2916321
0.0181250,0.2916439
0.0181300,0.2916548
0.0181350,0.2916638
0.0181400,0.2916695
0.0181450,0.2916717
0.0181500,0.2916719
0.0181550,0.2916727
0.0181600,0.2916765
0.0181650,0.2916846
0.0181700,0.2916980
0.0181750,0.2917166
0.0181800,0.2917383
0.0181850,0.2917606
0.0181900,0.2917808
0.0181950,0.2917982
0.0182000,0.3227242
0.0182050,0.3227342
0.0182100,0.3227493
0.0182150,0.3227708
0.0182200,0.3227980
0.0182250,0.3228276
0.0182300,0.3228564
0.0182350,0.3228818
0.0182400,0.3229028
0.0182450,0.3229210
0.0182500,0.3229387
0.0182550,0.3229571
0.0182600,0.3229753
0.0182650,0.3229912
0.0182700,0.3230020
0.0182750,0.3230055
0.0182800,0.3230009
0.0182850,0.3229898
0.0182900,0.3229760
0.0182950,0.3229645
0.0183000,0.3209852
0.0183050,0.3209747
0.0183100,0.3209836
0.0183150,0.3210077
0.0183200,0.3210390
0.0183250,0.3210701
0.0183300,0.3210986
0.0183350,0.3211257
0.0183400,0.3211524
0.0183450,0.3211783
0.0183500,0.3212031
0.0183550,0.3212271
0.0183600,0.3212503
0.0183650,0.3212716
0.0183700,0.3212891
0.0183750,0.3213017
0.0183800,0.3213123
0.0183850,0.3213261
0.0183900,0.3213479
0.0183950,0.3213798
0.0184000,0.3491007
0.0184050,0.3491341
0.0184100,0.3491723
0.0184150,0.3492091
0.0184200,0.3492400
0.0184250,0.3492625
0.0184300,0.3492783
0.0184350,0.3492927
0.0184400,0.3493123
0.0184450,0.3493414
0.0184500,0.3493785
0.0184550,0.3494179
0.0184600,0.3494528
0.0184650,0.3494783
0.0184700,0.3494913
0.0184750,0.3494908
0.0184800,0.3494788
0.0184850,0.3494592
0.0184900,0.3494370
0.0184950,0.3494164
0.0185000,0.3297811
0.0185050,0.3297576
0.0185100,0.3297384
0.0185150,0.3297222
0.0185200,0.3297105
0.0185250,0.3297069
0.0185300,0.3297162
0.0185350,0.3297403
0.0185400,0.3297782
0.0185450,0.3298258
0.0185500,0.3298765
0.0185550,0.3299234
0.0185600,0.3299618
0.0185650,0.3299915
0.0185700,0.3300138
0.0185750,0.3300297
0.0185800,0.3300405
0.0185850,0.3300479
0.0185900,0.3300542
0.0185950,0.3300608
0.0186000,0.3167649
0.0186050,0.3167677
0.0186100,0.3167707
0.0186150,0.3167742
0.0186200,0.3167795
0.0186250,0.3167889
0.0186300,0.3168045
0.0186350,0.3168269
0.0186400,0.3168556
0.0186450,0.3168885
0.0186500,0.3169226
0.0186550,0.3169558
0.0186600,0.3169873
0.0186650,0.3170176
0.0186700,0.3170463
0.0186750,0.3170732
0.0186800,0.3170987
0.0186850,0.3171226
0.0186900,0.3171427
0.0186950,0.3171552
0.0187000,0.3265822
0.0187050,0.3265675
0.0187100,0.3265553
0.0187150,0.3265481
0.0187200,0.3265464
0.0187250,0.3265495
0.0187300,0.3265556
0.0187350,0.3265633
0.0187400,0.3265724
0.0187450,0.3265814
0.0187500,0.3265897
0.0187550,0.3265975
0.0187600,0.3266063
0.0187650,0.3266167
0.0187700,0.3266267
0.0187750,0.3266335
0.0187800,0.3266359
0.0187850,0.3266348
0.0187900,0.3266327
0.0187950,0.3266311
0.0188000,0.3334287
0.0188050,0.3334284
0.0188100,0.3334340
0.0188150,0.3334425
0.0188200,0.3334517
0.0188250,0.3334602
0.0188300,0.3334684
0.0188350,0.3334777
0.0188400,0.3334897
0.0188450,0.3335040
0.0188500,0.3335179
0.0188550,0.3335285
0.0188600,0.3335344
0.0188650,0.3335375
0.0188700,0.3335394
0.0188750,0.3335409
0.0188800,0.3335427
0.0188850,0.3335457
0.0188900,0.3335505
0.0188950,0.3335550
0.0189000,0.3322143
0.0189050,0.3322129
0.0189100,0.3322129
0.0189150,0.3322145
0.0189200,0.3322178
0.0189250,0.3322234
0.0189300,0.3322307
0.0189350,0.3322372
0.0189400,0.3322415
0.0189450,0.3322439
0.0189500,0.3322471
0.0189550,0.3322534
0.0189600,0.3322638
0.0189650,0.3322792
0.0189700,0.3322983
0.0189750,0.3323190
0.0189800,0.3323387
0.0189850,0.3323560
0.0189900,0.3323711
0.0189950,0.3323857
0.0190000,0.3220598
0.0190050,0.3220717
0.0190100,0.3220906
0.0190150,0.3221132
0.0190200,0.3221356
0.0190250,0.3221567
0.0190300,0.3221764
0.0190350,0.3221956
0.0190400,0.3222154
0.0190450,0.3222364
0.0190500,0.3222583
0.0190550,0.3222793
0.0190600,0.3222972
0.0190650,0.3223104
0.0190700,0.3223187
0.0190750,0.3223248
0.0190800,0.3223333
0.0190850,0.3223483
0.0190900,0.3223712
0.0190950,0.3224008
0.0191000,0.3712575
0.0191050,0.3712783
0.0191100,0.3713109
0.0191150,0.3713520
0.0191200,0.3713990
0.0191250,0.3714507
0.0191300,0.3715037
0.0191350,0.3715540
0.0191400,0.3715997
0.0191450,0.3716415
0.0191500,0.3716800
0.0191550,0.3717149
0.0191600,0.3717455
0.0191650,0.3717711
0.0191700,0.3717925
0.0191750,0.3718106
0.0191800,0.3718265
0.0191850,0.3718419
0.0191900,0.3718599
0.0191950,0.3718829
0.0192000,0.3109482
0.0192050,0.3109468
0.0192100,0.3109509
0.0192150,0.3109567
0.0192200,0.3109591
0.0192250,0.3109543
0.0192300,0.3109428
0.0192350,0.3109284
0.0192400,0.3109162
0.0192450,0.3109099
0.0192500,0.3109116
0.0192550,0.3109217
0.0192600,0.3109400
0.0192650,0.3109636
0.0192700,0.3109884
0.0192750,0.3110117
0.0192800,0.3110332
0.0192850,0.3110539
0.0192900,0.3110744
0.0192950,0.3110944
0.0193000,0.3076790
0.0193050,0.3076909
0.0193100,0.3077051
0.0193150,0.3077159
0.0193200,0.3077188
0.0193250,0.3077136
0.0193300,0.3077038
0.0193350,0.3076942
0.0193400,0.3076883
0.0193450,0.3076879
0.0193500,0.3076932
0.0193550,0.3077034
0.0193600,0.3077170
0.0193650,0.3077321
0.0193700,0.3077467
0.0193750,0.3077582
0.0193800,0.3077641
0.0193850,0.3077658
0.0193900,0.3077688
0.0193950,0.3077788
0.0194000,0.3158678
0.0194050,0.3158814
0.0194100,0.3158907
0.0194150,0.3158945
0.0194200,0.3158963
0.0194250,0.3159017
0.0194300,0.3159143
0.0194350,0.3159333
0.0194400,0.3159553
0.0194450,0.3159773
0.0194500,0.3159972
0.0194550,0.3160131
0.0194600,0.3160240
0.0194650,0.3160312
0.0194700,0.3160374
0.0194750,0.3160456
0.0194800,0.3160579
0.0194850,0.3160750
0.0194900,0.3160952
0.0194950,0.3161145
0.0195000,0.3062160
0.0195050,0.3062335
0.0195100,0.3062548
0.0195150,0.3062833
0.0195200,0.3063192
0.0195250,0.3063591
0.0195300,0.3063989
0.0195350,0.3064352
0.0195400,0.3064658
0.0195450,0.3064898
0.0195500,0.3065072
0.0195550,0.3065184
0.0195600,0.3065246
0.0195650,0.3065272
0.0195700,0.3065290
0.0195750,0.3065331
0.0195800,0.3065403
0.0195850,0.3065494
0.0195900,0.3065592
0.0195950,0.3065698
0.0196000,0.3078903
0.0196050,0.3078981
0.0196100,0.3079084
0.0196150,0.3079211
0.0196200,0.3079367
0.0196250,0.3079548
0.0196300,0.3079722
0.0196350,0.3079853
0.0196400,0.3079916
0.0196450,0.3079920
0.0196500,0.3079898
0.0196550,0.3079891
0.0196600,0.3079931
0.0196650,0.3080022
0.0196700,0.3080151
0.0196750,0.3080308
0.0196800,0.3080486
0.0196850,0.3080673
0.0196900,0.3080859
0.0196950,0.3081044
0.0197000,0.3112804
0.0197050,0.3112945
0.0197100,0.3113159
0.0197150,0.3113442
0.0197200,0.3113746
0.0197250,0.3114014
0.0197300,0.3114226
0.0197350,0.3114403
0.0197400,0.3114570
0.0197450,0.3114739
0.0197500,0.3114918
0.0197550,0.3115104
0.0197600,0.3115292
0.0197650,0.3115471
0.0197700,0.3115631
0.0197750,0.3115768
0.0197800,0.3115876
0.0197850,0.3115944
0.0197900,0.3115938
0.0197950,0.3115839
0.0198000,0.3059268
0.0198050,0.3059140
0.0198100,0.3059092
0.0198150,0.3059135
0.0198200,0.3059246
0.0198250,0.3059393
0.0198300,0.3059531
0.0198350,0.3059624
0.0198400,0.3059654
0.0198450,0.3059645
0.0198500,0.3059643
0.0198550,0.3059681
0.0198600,0.3059775
0.0198650,0.3059915
0.0198700,0.3060078
0.0198750,0.3060223
0.0198800,0.3060306
0.0198850,0.3060290
0.0198900,0.3060174
0.0198950,0.3059999
0.0199000,0.3037243
0.0199050,0.3037087
0.0199100,0.3037014
0.0199150,0.3037017
0.0199200,0.3037078
0.0199250,0.3037172
0.0199300,0.3037280
0.0199350,0.3037410
0.0199400,0.3037587
0.0199450,0.3037831
0.0199500,0.3038130
0.0199550,0.3038450
0.0199600,0.3038756
0.0199650,0.3039007
0.0199700,0.3039175
0.0199750,0.3039259
0.0199800,0.3039282
0.0199850,0.3039278
0.0199900,0.3039256
0.0199950,0.3039214
0.0200000,0.3376057
0.0200050,0.3376162
0.0200100,0.3376293
0.0200150,0.3376420
0.0200200,0.3376540
0.0200250,0.3376663
0.0200300,0.3376810
0.0200350,0.3377010
0.0200400,0.3377272
0.0200450,0.3377577
0.0200500,0.3377875
0.0200550,0.3378118
0.0200600,0.3378274
0.0200650,0.3378324
0.0200700,0.3378292
0.0200750,0.3378230
0.0200800,0.3378215
0.0200850,0.3378299
0.0200900,0.3378489
0.0200950,0.3378755
0.0201000,0.3253263
0.0201050,0.3253270
0.0201100,0.3253246
0.0201150,0.3253214
0.0201200,0.3253228
0.0201250,0.3253335
0.0201300,0.3253543
0.0201350,0.3253822
0.0201400,0.3254112
0.0201450,0.3254345
0.0201500,0.3254460
0.0201550,0.3254430
0.0201600,0.3254281
0.0201650,0.3254073
0.0201700,0.3253875
0.0201750,0.3253736
0.0201800,0.3253673
0.0201850,0.3253679
0.0201900,0.3253724
0.0201950,0.3253778
0.0202000,0.3426999
0.0202050,0.3426854
0.0202100,0.3426741
0.0202150,0.3426673
0.0202200,0.3426673
0.0202250,0.3426747
0.0202300,0.3426885
0.0202350,0.3427068
0.0202400,0.3427271
0.0202450,0.3427474
0.0202500,0.3427653
0.0202550,0.3427800
0.0202600,0.3427914
0.0202650,0.3428003
0.0202700,0.3428083
0.0202750,0.3428167
0.0202800,0.3428264
0.0202850,0.3428371
0.0202900,0.3428470
0.0202950,0.3428555
0.0203000,0.3079000
0.0203050,0.3078919
0.0203100,0.3078907
0.0203150,0.3078955
0.0203200,0.3079061
0.0203250,0.3079218
0.0203300,0.3079411
0.0203350,0.3079611
0.0203400,0.3079797
0.0203450,0.3079971
0.0203500,0.3080136
0.0203550,0.3080285
0.0203600,0.3080398
0.0203650,0.3080470
0.0203700,0.3080517
0.0203750,0.3080546
0.0203800,0.3080556
0.0203850,0.3080549
0.0203900,0.3080544
0.0203950,0.3080571
0.0204000,0.3267106
0.0204050,0.3267100
0.0204100,0.3267126
0.0204150,0.3267191
0.0204200,0.3267299
0.0204250,0.3267443
0.0204300,0.3267611
0.0204350,0.3267791
0.0204400,0.3267961
0.0204450,0.3268086
0.0204500,0.3268128
0.0204550,0.3268086
0.0204600,0.3268005
0.0204650,0.3267951
0.0204700,0.3267958
0.0204750,0.3268007
0.0204800,0.3268061
0.0204850,0.3268094
0.0204900,0.3268100
0.0204950,0.3268095
0.0205000,0.3236121
0.0205050,0.3236175
0.0205100,0.3236319
0.0205150,0.3236514
0.0205200,0.3236719
0.0205250,0.3236908
0.0205300,0.3237064
0.0205350,0.3237190
0.0205400,0.3237309
0.0205450,0.3237465
0.0205500,0.3237706
0.0205550,0.3238054
0.0205600,0.3238486
0.0205650,0.3238960
0.0205700,0.3239431
0.0205750,0.3239853
0.0205800,0.3240201
0.0205850,0.3240481
0.0205900,0.3240710
0.0205950,0.3240906
0.0206000,0.3178569
0.0206050,0.3178689
0.0206100,0.3178865
0.0206150,0.3179034
0.0206200,0.3179137
0.0206250,0.3179143
0.0206300,0.3179063
0.0206350,0.3178933
0.0206400,0.3178810
0.0206450,0.3178753
0.0206500,0.3178796
0.0206550,0.3178928
0.0206600,0.3179112
0.0206650,0.3179303
0.0206700,0.3179459
0.0206750,0.3179553
0.0206800,0.3179600
0.0206850,0.3179651
0.0206900,0.3179766
0.0206950,0.3179972
0.0207000,0.3083323
0.0207050,0.3083550
0.0207100,0.3083833
0.0207150,0.3084143
0.0207200,0.3084442
0.0207250,0.3084701
0.0207300,0.3084911
0.0207350,0.3085094
0.0207400,0.3085288
0.0207450,0.3085502
0.0207500,0.3085718
0.0207550,0.3085912
0.0207600,0.3086063
0.0207650,0.3086174
0.0207700,0.3086266
0.0207750,0.3086374
0.0207800,0.3086521
0.0207850,0.3086708
0.0207900,0.3086917
0.0207950,0.3087115
0.0208000,0.3020458
0.0208050,0.3020484
0.0208100,0.3020464
0.0208150,0.3020416
0.0208200,0.3020362
0.0208250,0.3020315
0.0208300,0.3020286
0.0208350,0.3020285
0.0208400,0.3020333
0.0208450,0.3020449
0.0208500,0.3020635
0.0208550,0.3020864
0.0208600,0.3021095
0.0208650,0.3021309
0.0208700,0.3021504
0.0208750,0.3021681
0.0208800,0.3021833
0.0208850,0.3021935
0.0208900,0.3021968
0.0208950,0.3021923
0.0209000,0.3142094
0.0209050,0.3141884
0.0209100,0.3141722
0.0209150,0.3141648
0.0209200,0.3141681
0.0209250,0.3141809
0.0209300,0.3142006
0.0209350,0.3142255
0.0209400,0.3142551
0.0209450,0.3142886
0.0209500,0.3143246
0.0209550,0.3143607
0.0209600,0.3143944
0.0209650,0.3144231
0.0209700,0.3144458
0.0209750,0.3144636
0.0209800,0.3144792
0.0209850,0.3144947
0.0209900,0.3145116
0.0209950,0.3145306
0.0210000,0.3125336
0.0210050,0.3125385
0.0210100,0.3125503
0.0210150,0.3125676
0.0210200,0.3125882
0.0210250,0.3126099
0.0210300,0.3126309
0.0210350,0.3126508
0.0210400,0.3126705
0.0210450,0.3126916
0.0210500,0.3127155
0.0210550,0.3127427
0.0210600,0.3127717
0.0210650,0.3127998
0.0210700,0.3128246
0.0210750,0.3128466
0.0210800,0.3128688
0.0210850,0.3128959
0.0210900,0.3129310
0.0210950,0.3129715
0.0211000,0.3052290
0.0211050,0.3052414
0.0211100,0.3052540
0.0211150,0.3052650
0.0211200,0.3052727
0.0211250,0.3052762
0.0211300,0.3052762
0.0211350,0.3052745
0.0211400,0.3052727
0.0211450,0.3052721
0.0211500,0.3052734
0.0211550,0.3052767
0.0211600,0.3052818
0.0211650,0.3052896
0.0211700,0.3053008
0.0211750,0.3053150
0.0211800,0.3053312
0.0211850,0.3053480
0.0211900,0.3053652
0.0211950,0.3053832
0.0212000,0.3115295
0.0212050,0.3115418
0.0212100,0.3115598
0.0212150,0.3115813
0.0212200,0.3116034
0.0212250,0.3116229
0.0212300,0.3116394
0.0212350,0.3116538
0.0212400,0.3116672
0.0212450,0.3116792
0.0212500,0.3116894
0.0212550,0.3116986
0.0212600,0.3117074
0.0212650,0.3117174
0.0212700,0.3117306
0.0212750,0.3117487
0.0212800,0.3117715
0.0212850,0.3117962
0.0212900,0.3118196
0.0212950,0.3118389
0.0213000,0.3512400
0.0213050,0.3512524
0.0213100,0.3512709
0.0213150,0.3512924
0.0213200,0.3513139
0.0213250,0.3513327
0.0213300,0.3513471
0.0213350,0.3513581
0.0213400,0.3513701
0.0213450,0.3513876
0.0213500,0.3514117
0.0213550,0.3514389
0.0213600,0.3514644
0.0213650,0.3514848
0.0213700,0.3514994
0.0213750,0.3515099
0.0213800,0.3515189
0.0213850,0.3515295
0.0213900,0.3515452
0.0213950,0.3515681
0.0214000,0.3257648
0.0214050,0.3257811
0.0214100,0.3258063
0.0214150,0.3258351
0.0214200,0.3258618
0.0214250,0.3258834
0.0214300,0.3258999
0.0214350,0.3259151
0.0214400,0.3259332
0.0214450,0.3259551
0.0214500,0.3259786
0.0214550,0.3260000
0.0214600,0.3260156
0.0214650,0.3260221
0.0214700,0.3260195
0.0214750,0.3260133
0.0214800,0.3260118
0.0214850,0.3260225
0.0214900,0.3260480
0.0214950,0.3260850
0.0215000,0.3111559
0.0215050,0.3111567
0.0215100,0.3111488
0.0215150,0.3111329
0.0215200,0.3111144
0.0215250,0.3110993
0.0215300,0.3110916
0.0215350,0.3110918
0.0215400,0.3110959
0.0215450,0.3110994
0.0215500,0.3111011
0.0215550,0.3111029
0.0215600,0.3111062
0.0215650,0.3111119
0.0215700,0.3111229
0.0215750,0.3111432
0.0215800,0.3111728
0.0215850,0.3112054
0.0215900,0.3112333
0.0215950,0.3112512
0.0216000,0.3767144
0.0216050,0.3767025
0.0216100,0.3766947
0.0216150,0.3766892
0.0216200,0.3766845
0.0216250,0.3766810
0.0216300,0.3766808
0.0216350,0.3766865
0.0216400,0.3766993
0.0216450,0.3767179
0.0216500,0.3767398
0.0216550,0.3767620
0.0216600,0.3767815
0.0216650,0.3767961
0.0216700,0.3768049
0.0216750,0.3768084
0.0216800,0.3768083
0.0216850,0.3768074
0.0216900,0.3768088
0.0216950,0.3768153
0.0217000,0.3311419
0.0217050,0.3311438
0.0217100,0.3311562
0.0217150,0.3311785
0.0217200,0.3312072
0.0217250,0.3312386
0.0217300,0.3312703
0.0217350,0.3313011
0.0217400,0.3313299
0.0217450,0.3313555
0.0217500,0.3313750
0.0217550,0.3313866
0.0217600,0.3313908
0.0217650,0.3313905
0.0217700,0.3313891
0.0217750,0.3313894
0.0217800,0.3313926
0.0217850,0.3313979
0.0217900,0.3314054
0.0217950,0.3314170
0.0218000,0.3228183
0.0218050,0.3228208
0.0218100,0.3228281
0.0218150,0.3228398
0.0218200,0.3228572
0.0218250,0.3228803
0.0218300,0.3229073
0.0218350,0.3229352
0.0218400,0.3229623
0.0218450,0.3229880
0.0218500,0.3230123
0.0218550,0.3230363
0.0218600,0.3230622
0.0218650,0.3230918
0.0218700,0.3231241
0.0218750,0.3231548
0.0218800,0.3231811
0.0218850,0.3232016
0.0218900,0.3232167
0.0218950,0.3232275
0.0219000,0.3033083
0.0219050,0.3033014
0.0219100,0.3032918
0.0219150,0.3032802
0.0219200,0.3032670
0.0219250,0.3032523
0.0219300,0.3032378
0.0219350,0.3032251
0.0219400,0.3032157
0.0219450,0.3032101
0.0219500,0.3032076
0.0219550,0.3032071
0.0219600,0.3032074
0.0219650,0.3032081
0.0219700,0.3032095
0.0219750,0.3032126
0.0219800,0.3032189
0.0219850,0.3032287
0.0219900,0.3032409
0.0219950,0.3032543
0.0220000,0.3187887
0.0220050,0.3187922
0.0220100,0.3187990
0.0220150,0.3188081
0.0220200,0.3188212
0.0220250,0.3188414
0.0220300,0.3188689
0.0220350,0.3189013
0.0220400,0.3189367
0.0220450,0.3189741
0.0220500,0.3190133
0.0220550,0.3190531
0.0220600,0.3190921
0.0220650,0.3191300
0.0220700,0.3191667
0.0220750,0.3192020
0.0220800,0.3192344
0.0220850,0.3192622
0.0220900,0.3192855
0.0220950,0.3193055
0.0221000,0.3252470
0.0221050,0.3252543
0.0221100,0.3252666
0.0221150,0.3252851
0.0221200,0.3253099
0.0221250,0.3253393
0.0221300,0.3253700
0.0221350,0.3253988
0.0221400,0.3254233
0.0221450,0.3254415
0.0221500,0.3254535
0.0221550,0.3254620
0.0221600,0.3254699
0.0221650,0.3254790
0.0221700,0.3254892
0.0221750,0.3254992
0.0221800,0.3255079
0.0221850,0.3255137
0.0221900,0.3255151
0.0221950,0.3255112
0.0222000,0.3272820
0.0222050,0.3272841
0.0222100,0.3272916
0.0222150,0.3273041
0.0222200,0.3273199
0.0222250,0.3273367
0.0222300,0.3273537
0.0222350,0.3273717
0.0222400,0.3273923
0.0222450,0.3274154
0.0222500,0.3274389
0.0222550,0.3274599
0.0222600,0.3274758
0.0222650,0.3274862
0.0222700,0.3274934
0.0222750,0.3275009
0.0222800,0.3275111
0.0222850,0.3275229
0.0222900,0.3275346
0.0222950,0.3275465
0.0223000,0.3179495
0.0223050,0.3179538
0.0223100,0.3179684
0.0223150,0.3179891
0.0223200,0.3180087
0.0223250,0.3180202
0.0223300,0.3180186
0.0223350,0.3180033
0.0223400,0.3179765
0.0223450,0.3179422
0.0223500,0.3179040
0.0223550,0.3178646
0.0223600,0.3178254
0.0223650,0.3177869
0.0223700,0.3177496
0.0223750,0.3177146
0.0223800,0.3176834
0.0223850,0.3176588
0.0223900,0.3176445
0.0223950,0.3176435
0.0224000,0.3188350
0.0224050,0.3188558
0.0224100,0.3188816
0.0224150,0.3189078
0.0224200,0.3189309
0.0224250,0.3189489
0.0224300,0.3189616
0.0224350,0.3189711
0.0224400,0.3189791
0.0224450,0.3189867
0.0224500,0.3189939
0.0224550,0.3190000
0.0224600,0.3190048
0.0224650,0.3190085
0.0224700,0.3190114
0.0224750,0.3190123
0.0224800,0.3190101
0.0224850,0.3190066
0.0224900,0.3190057
0.0224950,0.3190119
0.0225000,0.3276491
0.0225050,0.3276637
0.0225100,0.3276865
0.0225150,0.3277142
0.0225200,0.3277453
0.0225250,0.3277812
0.0225300,0.3278223
0.0225350,0.3278642
0.0225400,0.3279023
0.0225450,0.3279353
0.0225500,0.3279630
0.0225550,0.3279851
0.0225600,0.3280017
0.0225650,0.3280140
0.0225700,0.3280236
0.0225750,0.3280323
0.0225800,0.3280416
0.0225850,0.3280526
0.0225900,0.3280661
0.0225950,0.3280822
0.0226000,0.2924909
0.0226050,0.2924922
0.0226100,0.2925052
0.0226150,0.2925319
0.0226200,0.2925710
0.0226250,0.2926172
0.0226300,0.2926639
0.0226350,0.2927054
0.0226400,0.2927369
0.0226450,0.2927564
0.0226500,0.2927658
0.0226550,0.2927699
0.0226600,0.2927744
0.0226650,0.2927821
0.0226700,0.2927914
0.0226750,0.2927979
0.0226800,0.2927989
0.0226850,0.2927949
0.0226900,0.2927894
0.0226950,0.2927867
0.0227000,0.3209303
0.0227050,0.3209380
0.0227100,0.3209582
0.0227150,0.3209872
0.0227200,0.3210201
0.0227250,0.3210528
0.0227300,0.3210827
0.0227350,0.3211099
0.0227400,0.3211371
0.0227450,0.3211676
0.0227500,0.3212041
0.0227550,0.3212469
0.0227600,0.3212934
0.0227650,0.3213387
0.0227700,0.3213778
0.0227750,0.3214069
0.0227800,0.3214254
0.0227850,0.3214363
0.0227900,0.3214439
0.0227950,0.3214523
0.0228000,0.2933921
0.0228050,0.2933798
0.0228100,0.2933718
0.0228150,0.2933699
0.0228200,0.2933745
0.0228250,0.2933854
0.0228300,0.2934013
0.0228350,0.2934202
0.0228400,0.2934408
0.0228450,0.2934621
0.0228500,0.2934838
0.0228550,0.2935047
0.0228600,0.2935236
0.0228650,0.2935400
0.0228700,0.2935542
0.0228750,0.2935662
0.0228800,0.2935763
0.0228850,0.2935836
0.0228900,0.2935878
0.0228950,0.2935893
0.0229000,0.3178452
0.0229050,0.3178475
0.0229100,0.3178592
0.0229150,0.3178758
0.0229200,0.3178930
0.0229250,0.3179089
0.0229300,0.3179235
0.0229350,0.3179373
0.0229400,0.3179513
0.0229450,0.3179674
0.0229500,0.3179867
0.0229550,0.3180068
0.0229600,0.3180234
0.0229650,0.3180330
0.0229700,0.3180344
0.0229750,0.3180297
0.0229800,0.3180231
0.0229850,0.3180178
0.0229900,0.3180148
0.0229950,0.3180131
0.0230000,0.3211456
0.0230050,0.3211388
0.0230100,0.3211412
0.0230150,0.3211491
0.0230200,0.3211557
0.0230250,0.3211571
0.0230300,0.3211554
0.0230350,0.3211559
0.0230400,0.3211642
0.0230450,0.3211835
0.0230500,0.3212139
0.0230550,0.3212509
0.0230600,0.3212883
0.0230650,0.3213207
0.0230700,0.3213443
0.0230750,0.3213583
0.0230800,0.3213646
0.0230850,0.3213673
0.0230900,0.3213710
0.0230950,0.3213771
0.0231000,0.3095860
0.0231050,0.3095829
0.0231100,0.3095852
0.0231150,0.3095918
0.0231200,0.3096023
0.0231250,0.3096152
0.0231300,0.3096287
0.0231350,0.3096414
0.0231400,0.3096530
0.0231450,0.3096645
0.0231500,0.3096783
0.0231550,0.3096962
0.0231600,0.3097176
0.0231650,0.3097389
0.0231700,0.3097571
0.0231750,0.3097722
0.0231800,0.3097872
0.0231850,0.3098061
0.0231900,0.3098305
0.0231950,0.3098586
0.0232000,0.3006504
0.0232050,0.3006512
0.0232100,0.3006518
0.0232150,0.3006504
0.0232200,0.3006468
0.0232250,0.3006420
0.0232300,0.3006379
0.0232350,0.3006373
0.0232400,0.3006424
0.0232450,0.3006534
0.0232500,0.3006675
0.0232550,0.3006805
0.0232600,0.3006903
0.0232650,0.3006983
0.0232700,0.3007067
0.0232750,0.3007177
0.0232800,0.3007322
0.0232850,0.3007499
0.0232900,0.3007678
0.0232950,0.3007820
0.0233000,0.2970944
0.0233050,0.2970786
0.0233100,0.2970648
0.0233150,0.2970533
0.0233200,0.2970451
0.0233250,0.2970414
0.0233300,0.2970422
0.0233350,0.2970468
0.0233400,0.2970551
0.0233450,0.2970667
0.0233500,0.2970803
0.0233550,0.2970940
0.0233600,0.2971072
0.0233650,0.2971198
0.0233700,0.2971326
0.0233750,0.2971473
0.0233800,0.2971650
0.0233850,0.2971859
0.0233900,0.2972078
0.0233950,0.2972270
0.0234000,0.3426416
0.0234050,0.3426362
0.0234100,0.3426397
0.0234150,0.3426521
0.0234200,0.3426717
0.0234250,0.3426967
0.0234300,0.3427260
0.0234350,0.3427586
0.0234400,0.3427935
0.0234450,0.3428310
0.0234500,0.3428718
0.0234550,0.3429162
0.0234600,0.3429626
0.0234650,0.3430079
0.0234700,0.3430475
0.0234750,0.3430779
0.0234800,0.3430985
0.0234850,0.3431114
0.0234900,0.3431204
0.0234950,0.3431283
0.0235000,0.2929411
0.0235050,0.2929432
0.0235100,0.2929496
0.0235150,0.2929607
0.0235200,0.2929771
0.0235250,0.2929988
0.0235300,0.2930241
0.0235350,0.2930503
0.0235400,0.2930744
0.0235450,0.2930947
0.0235500,0.2931132
0.0235550,0.2931322
0.0235600,0.2931528
0.0235650,0.2931745
0.0235700,0.2931953
0.0235750,0.2932123
0.0235800,0.2932231
0.0235850,0.2932275
0.0235900,0.2932277
0.0235950,0.2932274
0.0236000,0.2889463
0.0236050,0.2889435
0.0236100,0.2889487
0.0236150,0.2889589
0.0236200,0.2889701
0.0236250,0.2889792
0.0236300,0.2889851
0.0236350,0.2889881
0.0236400,0.2889911
0.0236450,0.2889980
0.0236500,0.2890110
0.0236550,0.2890295
0.0236600,0.2890518
0.0236650,0.2890757
0.0236700,0.2890997
0.0236750,0.2891231
0.0236800,0.2891455
0.0236850,0.2891662
0.0236900,0.2891849
0.0236950,0.2892014
0.0237000,0.3311698
0.0237050,0.3311620
0.0237100,0.3311530
0.0237150,0.3311433
0.0237200,0.3311337
0.0237250,0.3311251
0.0237300,0.3311184
0.0237350,0.3311137
0.0237400,0.3311105
0.0237450,0.3311105
0.0237500,0.3311167
0.0237550,0.3311316
0.0237600,0.3311547
0.0237650,0.3311827
0.0237700,0.3312123
0.0237750,0.3312411
0.0237800,0.3312681
0.0237850,0.3312940
0.0237900,0.3313205
0.0237950,0.3313495
0.0238000,0.3529749
0.0238050,0.3530061
0.0238100,0.3530448
0.0238150,0.3530858
0.0238200,0.3531250
0.0238250,0.3531603
0.0238300,0.3531916
0.0238350,0.3532205
0.0238400,0.3532488
0.0238450,0.3532778
0.0238500,0.3533073
0.0238550,0.3533360
0.0238600,0.3533620
0.0238650,0.3533824
0.0238700,0.3533946
0.0238750,0.3533996
0.0238800,0.3534021
0.0238850,0.3534067
0.0238900,0.3534141
0.0238950,0.3534221
0.0239000,0.3127626
0.0239050,0.3127527
0.0239100,0.3127433
0.0239150,0.3127335
0.0239200,0.3127231
0.0239250,0.3127125
0.0239300,0.3127027
0.0239350,0.3126963
0.0239400,0.3126969
0.0239450,0.3127068
0.0239500,0.3127255
0.0239550,0.3127491
0.0239600,0.3127721
0.0239650,0.3127906
0.0239700,0.3128041
0.0239750,0.3128145
0.0239800,0.3128244
0.0239850,0.3128360
0.0239900,0.3128497
0.0239950,0.3128650
0.0240000,0.3174224
0.0240050,0.3174207
0.0240100,0.3174206
0.0240150,0.3174233
0.0240200,0.3174301
0.0240250,0.3174422
0.0240300,0.3174590
0.0240350,0.3174784
0.0240400,0.3174961
0.0240450,0.3175088
0.0240500,0.3175161
0.0240550,0.3175198
0.0240600,0.3175218
0.0240650,0.3175238
0.0240700,0.3175272
0.0240750,0.3175329
0.0240800,0.3175416
0.0240850,0.3175531
0.0240900,0.3175674
0.0240950,0.3175843
0.0241000,0.3261400
0.0241050,0.3261522
0.0241100,0.3261655
0.0241150,0.3261787
0.0241200,0.3261897
0.0241250,0.3261964
0.0241300,0.3261976
0.0241350,0.3261940
0.0241400,0.3261870
0.0241450,0.3261770
0.0241500,0.3261646
0.0241550,0.3261518
0.0241600,0.3261424
0.0241650,0.3261398
0.0241700,0.3261435
0.0241750,0.3261508
0.0241800,0.3261593
0.0241850,0.3261680
0.0241900,0.3261777
0.0241950,0.3261910
0.0242000,0.3127798
0.0242050,0.3127959
0.0242100,0.3128178
0.0242150,0.3128449
0.0242200,0.3128748
0.0242250,0.3129044
0.0242300,0.3129301
0.0242350,0.3129501
0.0242400,0.3129651
0.0242450,0.3129780
0.0242500,0.3129919
0.0242550,0.3130094
0.0242600,0.3130309
0.0242650,0.3130548
0.0242700,0.3130789
0.0242750,0.3130998
0.0242800,0.3131141
0.0242850,0.3131215
0.0242900,0.3131248
0.0242950,0.3131278
0.0243000,0.3023360
0.0243050,0.3023528
0.0243100,0.3023723
0.0243150,0.3023875
0.0243200,0.3023947
0.0243250,0.3023949
0.0243300,0.3023912
0.0243350,0.3023872
0.0243400,0.3023846
0.0243450,0.3023816
0.0243500,0.3023774
0.0243550,0.3023734
0.0243600,0.3023697
0.0243650,0.3023654
0.0243700,0.3023595
0.0243750,0.3023530
0.0243800,0.3023489
0.0243850,0.3023500
0.0243900,0.3023588
0.0243950,0.3023746
0.0244000,0.3264551
0.0244050,0.3264549
0.0244100,0.3264606
0.0244150,0.3264697
0.0244200,0.3264799
0.0244250,0.3264908
0.0244300,0.3265032
0.0244350,0.3265189
0.0244400,0.3265390
0.0244450,0.3265634
0.0244500,0.3265894
0.0244550,0.3266143
0.0244600,0.3266366
0.0244650,0.3266569
0.0244700,0.3266757
0.0244750,0.3266920
0.0244800,0.3267053
0.0244850,0.3267155
0.0244900,0.3267221
0.0244950,0.3267230
0.0245000,0.3104358
0.0245050,0.3104153
0.0245100,0.3103921
0.0245150,0.3103720
0.0245200,0.3103604
0.0245250,0.3103607
0.0245300,0.3103704
0.0245350,0.3103826
0.0245400,0.3103893
0.0245450,0.3103874
0.0245500,0.3103811
0.0245550,0.3103771
0.0245600,0.3103798
0.0245650,0.3103909
0.0245700,0.3104097
0.0245750,0.3104340
0.0245800,0.3104594
0.0245850,0.3104810
0.0245900,0.3104972
0.0245950,0.3105099
0.0246000,0.3051041
0.0246050,0.3051214
0.0246100,0.3051493
0.0246150,0.3051858
0.0246200,0.3052263
0.0246250,0.3052646
0.0246300,0.3052953
0.0246350,0.3053169
0.0246400,0.3053310
0.0246450,0.3053412
0.0246500,0.3053505
0.0246550,0.3053601
0.0246600,0.3053700
0.0246650,0.3053786
0.0246700,0.3053840
0.0246750,0.3053866
0.0246800,0.3053887
0.0246850,0.3053937
0.0246900,0.3054042
0.0246950,0.3054210
0.0247000,0.3313065
0.0247050,0.3313236
0.0247100,0.3313455
0.0247150,0.3313679
0.0247200,0.3313863
0.0247250,0.3313980
0.0247300,0.3314024
0.0247350,0.3314000
0.0247400,0.3313925
0.0247450,0.3313828
0.0247500,0.3313741
0.0247550,0.3313696
0.0247600,0.3313722
0.0247650,0.3313827
0.0247700,0.3313989
0.0247750,0.3314188
0.0247800,0.3314420
0.0247850,0.3314688
0.0247900,0.3314990
0.0247950,0.3315310
0.0248000,0.3387401
0.0248050,0.3387601
0.0248100,0.3387809
0.0248150,0.3387997
0.0248200,0.3388152
0.0248250,0.3388296
0.0248300,0.3388463
0.0248350,0.3388668
0.0248400,0.3388906
0.0248450,0.3389164
0.0248500,0.3389428
0.0248550,0.3389683
0.0248600,0.3389921
0.0248650,0.3390149
0.0248700,0.3390393
0.0248750,0.3390669
0.0248800,0.3390959
0.0248850,0.3391223
0.0248900,0.3391438
0.0248950,0.3391603
0.0249000,0.3227750
0.0249050,0.3227790
0.0249100,0.3227922
0.0249150,0.3228134
0.0249200,0.3228416
0.0249250,0.3228755
0.0249300,0.3229128
0.0249350,0.3229505
0.0249400,0.3229857
0.0249450,0.3230164
0.0249500,0.3230422
0.0249550,0.3230633
0.0249600,0.3230804
0.0249650,0.3230937
0.0249700,0.3231037
0.0249750,0.3231113
0.0249800,0.3231163
0.0249850,0.3231190
0.0249900,0.3231205
0.0249950,0.3231221
0.0250000,0.3381727
0.0250050,0.3381783
0.0250100,0.3381867
0.0250150,0.3381946
0.0250200,0.3381988
0.0250250,0.3381977
0.0250300,0.3381923
0.0250350,0.3381871
0.0250400,0.3381858
0.0250450,0.3381901
0.0250500,0.3381992
0.0250550,0.3382127
0.0250600,0.3382301
0.0250650,0.3382506
0.0250700,0.3382733
0.0250750,0.3382988
0.0250800,0.3383266
0.0250850,0.3383543
0.0250900,0.3383781
0.0250950,0.3383954
0.0251000,0.3366965
0.0251050,0.3366706
0.0251100,0.3366442
0.0251150,0.3366220
0.0251200,0.3366074
0.0251250,0.3366004
0.0251300,0.3365982
0.0251350,0.3365970
0.0251400,0.3365932
0.0251450,0.3365856
0.0251500,0.3365757
0.0251550,0.3365674
0.0251600,0.3365649
0.0251650,0.3365695
0.0251700,0.3365794
0.0251750,0.3365902
0.0251800,0.3365987
0.0251850,0.3366040
0.0251900,0.3366078
0.0251950,0.3366130
0.0252000,0.3710047
0.0252050,0.3710123
0.0252100,0.3710289
0.0252150,0.3710530
0.0252200,0.3710819
0.0252250,0.3711115
0.0252300,0.3711382
0.0252350,0.3711603
0.0252400,0.3711790
0.0252450,0.3711972
0.0252500,0.3712181
0.0252550,0.3712432
0.0252600,0.3712717
0.0252650,0.3713018
0.0252700,0.3713316
0.0252750,0.3713591
0.0252800,0.3713834
0.0252850,0.3714059
0.0252900,0.3714291
0.0252950,0.3714555
0.0253000,0.3378500
0.0253050,0.3378793
0.0253100,0.3379174
0.0253150,0.3379610
0.0253200,0.3380054
0.0253250,0.3380451
0.0253300,0.3380772
0.0253350,0.3381019
0.0253400,0.3381220
0.0253450,0.3381406
0.0253500,0.3381593
0.0253550,0.3381782
0.0253600,0.3381954
0.0253650,0.3382085
0.0253700,0.3382157
0.0253750,0.3382177
0.0253800,0.3382179
0.0253850,0.3382216
0.0253900,0.3382340
0.0253950,0.3382569
0.0254000,0.3238010
0.0254050,0.3238245
0.0254100,0.3238535
0.0254150,0.3238811
0.0254200,0.3239032
0.0254250,0.3239200
0.0254300,0.3239347
0.0254350,0.3239498
0.0254400,0.3239666
0.0254450,0.3239850
0.0254500,0.3240034
0.0254550,0.3240194
0.0254600,0.3240297
0.0254650,0.3240335
0.0254700,0.3240338
0.0254750,0.3240353
0.0254800,0.3240426
0.0254850,0.3240576
0.0254900,0.3240794
0.0254950,0.3241039
0.0255000,0.3276435
0.0255050,0.3276372
0.0255100,0.3276325
0.0255150,0.3276299
0.0255200,0.3276307
0.0255250,0.3276357
0.0255300,0.3276453
0.0255350,0.3276597
0.0255400,0.3276804
0.0255450,0.3277084
0.0255500,0.3277430
0.0255550,0.3277812
0.0255600,0.3278192
0.0255650,0.3278556
0.0255700,0.3278906
0.0255750,0.3279239
0.0255800,0.3279558
0.0255850,0.3279868
0.0255900,0.3280170
0.0255950,0.3280444
0.0256000,0.3317768
0.0256050,0.3317785
0.0256100,0.3317791
0.0256150,0.3317809
0.0256200,0.3317856
0.0256250,0.3317932
0.0256300,0.3318024
0.0256350,0.3318108
0.0256400,0.3318169
0.0256450,0.3318192
0.0256500,0.3318169
0.0256550,0.3318094
0.0256600,0.3317971
0.0256650,0.3317809
0.0256700,0.3317616
0.0256750,0.3317401
0.0256800,0.3317188
0.0256850,0.3317006
0.0256900,0.3316884
0.0256950,0.3316834
0.0257000,0.3683755
0.0257050,0.3683621
0.0257100,0.3683554
0.0257150,0.3683587
0.0257200,0.3683740
0.0257250,0.3683991
0.0257300,0.3684281
0.0257350,0.3684545
0.0257400,0.3684737
0.0257450,0.3684834
0.0257500,0.3684845
0.0257550,0.3684810
0.0257600,0.3684770
0.0257650,0.3684762
0.0257700,0.3684815
0.0257750,0.3684945
0.0257800,0.3685149
0.0257850,0.3685382
0.0257900,0.3685590
0.0257950,0.3685750
0.0258000,0.3487891
0.0258050,0.3487898
0.0258100,0.3487988
0.0258150,0.3488174
0.0258200,0.3488440
0.0258250,0.3488745
0.0258300,0.3489050
0.0258350,0.3489332
0.0258400,0.3489606
0.0258450,0.3489904
0.0258500,0.3490254
0.0258550,0.3490669
0.0258600,0.3491134
0.0258650,0.3491617
0.0258700,0.3492068
0.0258750,0.3492435
0.0258800,0.3492693
0.0258850,0.3492863
0.0258900,0.3492989
0.0258950,0.3493102
0.0259000,0.3003186
0.0259050,0.3003139
0.0259100,0.3003191
0.0259150,0.3003341
0.0259200,0.3003563
0.0259250,0.3003803
0.0259300,0.3004007
0.0259350,0.3004152
0.0259400,0.3004261
0.0259450,0.3004367
0.0259500,0.3004491
0.0259550,0.3004637
0.0259600,0.3004790
0.0259650,0.3004934
0.0259700,0.3005058
0.0259750,0.3005159
0.0259800,0.3005248
0.0259850,0.3005331
0.0259900,0.3005416
0.0259950,0.3005510
0.0260000,0.2946495
0.0260050,0.2946608
0.0260100,0.2946737
0.0260150,0.2946863
0.0260200,0.2946966
0.0260250,0.2947037
0.0260300,0.2947087
0.0260350,0.2947147
0.0260400,0.2947256
0.0260450,0.2947419
0.0260500,0.2947634
0.0260550,0.2947900
0.0260600,0.2948213
0.0260650,0.2948555
0.0260700,0.2948892
0.0260750,0.2949205
0.0260800,0.2949481
0.0260850,0.2949707
0.0260900,0.2949881
0.0260950,0.2950008
0.0261000,0.2942935
0.0261050,0.2942975
0.0261100,0.2943073
0.0261150,0.2943251
0.0261200,0.2943503
0.0261250,0.2943801
0.0261300,0.2944113
0.0261350,0.2944430
0.0261400,0.2944758
0.0261450,0.2945086
0.0261500,0.2945401
0.0261550,0.2945702
0.0261600,0.2945983
0.0261650,0.2946229
0.0261700,0.2946413
0.0261750,0.2946522
0.0261800,0.2946556
0.0261850,0.2946528
0.0261900,0.2946459
0.0261950,0.2946367
0.0262000,0.3092546
0.0262050,0.3092392
0.0262100,0.3092257
0.0262150,0.3092145
0.0262200,0.3092056
0.0262250,0.3092009
0.0262300,0.3092030
0.0262350,0.3092139
0.0262400,0.3092330
0.0262450,0.3092576
0.0262500,0.3092852
0.0262550,0.3093135
0.0262600,0.3093411
0.0262650,0.3093672
0.0262700,0.3093902
0.0262750,0.3094098
0.0262800,0.3094252
0.0262850,0.3094362
0.0262900,0.3094432
0.0262950,0.3094472
0.0263000,0.2983552
0.0263050,0.2983401
0.0263100,0.2983282
0.0263150,0.2983235
0.0263200,0.2983289
0.0263250,0.2983454
0.0263300,0.2983706
0.0263350,0.2984006
0.0263400,0.2984311
0.0263450,0.2984581
0.0263500,0.2984784
0.0263550,0.2984906
0.0263600,0.2984952
0.0263650,0.2984932
0.0263700,0.2984849
0.0263750,0.2984715
0.0263800,0.2984553
0.0263850,0.2984391
0.0263900,0.2984254
0.0263950,0.2984163
0.0264000,0.3160729
0.0264050,0.3160864
0.0264100,0.3161131
0.0264150,0.3161477
0.0264200,0.3161835
0.0264250,0.3162146
0.0264300,0.3162370
0.0264350,0.3162507
0.0264400,0.3162583
0.0264450,0.3162632
0.0264500,0.3162679
0.0264550,0.3162746
0.0264600,0.3162839
0.0264650,0.3162942
0.0264700,0.3163036
0.0264750,0.3163120
0.0264800,0.3163222
0.0264850,0.3163366
0.0264900,0.3163549
0.0264950,0.3163752
0.0265000,0.3043883
0.0265050,0.3043897
0.0265100,0.3043953
0.0265150,0.3044025
0.0265200,0.3044088
0.0265250,0.3044134
0.0265300,0.3044170
0.0265350,0.3044230
0.0265400,0.3044351
0.0265450,0.3044550
0.0265500,0.3044809
0.0265550,0.3045093
0.0265600,0.3045373
0.0265650,0.3045618
0.0265700,0.3045825
0.0265750,0.3046007
0.0265800,0.3046175
0.0265850,0.3046337
0.0265900,0.3046483
0.0265950,0.3046606
0.0266000,0.3216873
0.0266050,0.3217059
0.0266100,0.3217276
0.0266150,0.3217505
0.0266200,0.3217749
0.0266250,0.3218021
0.0266300,0.3218334
0.0266350,0.3218697
0.0266400,0.3219089
0.0266450,0.3219469
0.0266500,0.3219794
0.0266550,0.3220043
0.0266600,0.3220219
0.0266650,0.3220334
0.0266700,0.3220402
0.0266750,0.3220429
0.0266800,0.3220419
0.0266850,0.3220372
0.0266900,0.3220287
0.0266950,0.3220180
0.0267000,0.3437865
0.0267050,0.3437633
0.0267100,0.3437450
0.0267150,0.3437339
0.0267200,0.3437303
0.0267250,0.3437323
0.0267300,0.3437384
0.0267350,0.3437478
0.0267400,0.3437599
0.0267450,0.3437742
0.0267500,0.3437895
0.0267550,0.3438050
0.0267600,0.3438210
0.0267650,0.3438379
0.0267700,0.3438572
0.0267750,0.3438809
0.0267800,0.3439090
0.0267850,0.3439393
0.0267900,0.3439692
0.0267950,0.3439975
0.0268000,0.3283915
0.0268050,0.3283949
0.0268100,0.3284026
0.0268150,0.3284119
0.0268200,0.3284190
0.0268250,0.3284189
0.0268300,0.3284089
0.0268350,0.3283902
0.0268400,0.3283685
0.0268450,0.3283513
0.0268500,0.3283448
0.0268550,0.3283518
0.0268600,0.3283703
0.0268650,0.3283943
0.0268700,0.3284189
0.0268750,0.3284429
0.0268800,0.3284661
0.0268850,0.3284885
0.0268900,0.3285101
0.0268950,0.3285313
0.0269000,0.3203830
0.0269050,0.3203806
0.0269100,0.3203775
0.0269150,0.3203761
0.0269200,0.3203790
0.0269250,0.3203880
0.0269300,0.3204034
0.0269350,0.3204245
0.0269400,0.3204509
0.0269450,0.3204824
0.0269500,0.3205183
0.0269550,0.3205563
0.0269600,0.3205918
0.0269650,0.3206211
0.0269700,0.3206431
0.0269750,0.3206583
0.0269800,0.3206672
0.0269850,0.3206702
0.0269900,0.3206685
0.0269950,0.3206648
0.0270000,0.3057494
0.0270050,0.3057477
0.0270100,0.3057459
0.0270150,0.3057432
0.0270200,0.3057409
0.0270250,0.3057413
0.0270300,0.3057478
0.0270350,0.3057623
0.0270400,0.3057840
0.0270450,0.3058101
0.0270500,0.3058362
0.0270550,0.3058597
0.0270600,0.3058796
0.0270650,0.3058965
0.0270700,0.3059119
0.0270750,0.3059272
0.0270800,0.3059434
0.0270850,0.3059606
0.0270900,0.3059790
0.0270950,0.3059967
0.0271000,0.3153033
0.0271050,0.3153112
0.0271100,0.3153228
0.0271150,0.3153353
0.0271200,0.3153463
0.0271250,0.3153556
0.0271300,0.3153661
0.0271350,0.3153812
0.0271400,0.3154019
0.0271450,0.3154275
0.0271500,0.3154564
0.0271550,0.3154857
0.0271600,0.3155120
0.0271650,0.3155345
0.0271700,0.3155555
0.0271750,0.3155783
0.0271800,0.3156065
0.0271850,0.3156411
0.0271900,0.3156814
0.0271950,0.3157243
0.0272000,0.3142331
0.0272050,0.3142332
0.0272100,0.3142407
0.0272150,0.3142569
0.0272200,0.3142788
0.0272250,0.3143036
0.0272300,0.3143315
0.0272350,0.3143632
0.0272400,0.3143976
0.0272450,0.3144327
0.0272500,0.3144688
0.0272550,0.3145078
0.0272600,0.3145501
0.0272650,0.3145927
0.0272700,0.3146291
0.0272750,0.3146534
0.0272800,0.3146650
0.0272850,0.3146677
0.0272900,0.3146676
0.0272950,0.3146691
0.0273000,0.3409977
0.0273050,0.3410016
0.0273100,0.3410082
0.0273150,0.3410149
0.0273200,0.3410213
0.0273250,0.3410273
0.0273300,0.3410331
0.0273350,0.3410402
0.0273400,0.3410496
0.0273450,0.3410614
0.0273500,0.3410769
0.0273550,0.3410968
0.0273600,0.3411195
0.0273650,0.3411428
0.0273700,0.3411659
0.0273750,0.3411905
0.0273800,0.3412185
0.0273850,0.3412506
0.0273900,0.3412865
0.0273950,0.3413246
0.0274000,0.3278039
0.0274050,0.3278191
0.0274100,0.3278350
0.0274150,0.3278499
0.0274200,0.3278626
0.0274250,0.3278729
0.0274300,0.3278805
0.0274350,0.3278854
0.0274400,0.3278902
0.0274450,0.3278973
0.0274500,0.3279076
0.0274550,0.3279200
0.0274600,0.3279320
0.0274650,0.3279411
0.0274700,0.3279457
0.0274750,0.3279464
0.0274800,0.3279452
0.0274850,0.3279452
0.0274900,0.3279493
0.0274950,0.3279585
0.0275000,0.3266811
0.0275050,0.3266816
0.0275100,0.3266830
0.0275150,0.3266854
0.0275200,0.3266894
0.0275250,0.3266961
0.0275300,0.3267066
0.0275350,0.3267220
0.0275400,0.3267420
0.0275450,0.3267641
0.0275500,0.3267857
0.0275550,0.3268032
0.0275600,0.3268141
0.0275650,0.3268175
0.0275700,0.3268151
0.0275750,0.3268102
0.0275800,0.3268063
0.0275850,0.3268054
0.0275900,0.3268078
0.0275950,0.3268114
0.0276000,0.3187109
0.0276050,0.3187040
0.0276100,0.3186958
0.0276150,0.3186887
0.0276200,0.3186854
0.0276250,0.3186875
0.0276300,0.3186959
0.0276350,0.3187108
0.0276400,0.3187314
0.0276450,0.3187556
0.0276500,0.3187811
0.0276550,0.3188051
0.0276600,0.3188265
0.0276650,0.3188465
0.0276700,0.3188678
0.0276750,0.3188928
0.0276800,0.3189212
0.0276850,0.3189511
0.0276900,0.3189798
0.0276950,0.3190058
0.0277000,0.3410518
0.0277050,0.3410739
0.0277100,0.3410968
0.0277150,0.3411182
0.0277200,0.3411364
0.0277250,0.3411509
0.0277300,0.3411632
0.0277350,0.3411761
0.0277400,0.3411924
0.0277450,0.3412121
0.0277500,0.3412329
0.0277550,0.3412532
0.0277600,0.3412725
0.0277650,0.3412906
0.0277700,0.3413071
0.0277750,0.3413224
0.0277800,0.3413394
0.0277850,0.3413618
0.0277900,0.3413915
0.0277950,0.3414262
0.0278000,0.3128816
0.0278050,0.3128913
0.0278100,0.3129053
0.0278150,0.3129206
0.0278200,0.3129351
0.0278250,0.3129478
0.0278300,0.3129588
0.0278350,0.3129691
0.0278400,0.3129804
0.0278450,0.3129942
0.0278500,0.3130098
0.0278550,0.3130252
0.0278600,0.3130395
0.0278650,0.3130540
0.0278700,0.3130706
0.0278750,0.3130901
0.0278800,0.3131115
0.0278850,0.3131337
0.0278900,0.3131548
0.0278950,0.3131725
0.0279000,0.3219474
0.0279050,0.3219443
0.0279100,0.3219450
0.0279150,0.3219499
0.0279200,0.3219587
0.0279250,0.3219698
0.0279300,0.3219815
0.0279350,0.3219939
0.0279400,0.3220080
0.0279450,0.3220231
0.0279500,0.3220362
0.0279550,0.3220439
0.0279600,0.3220462
0.0279650,0.3220451
0.0279700,0.3220446
0.0279750,0.3220488
0.0279800,0.3220593
0.0279850,0.3220748
0.0279900,0.3220928
0.0279950,0.3221109
0.0280000,0.3288098
0.0280050,0.3288181
0.0280100,0.3288255
0.0280150,0.3288345
0.0280200,0.3288467
0.0280250,0.3288622
0.0280300,0.3288800
0.0280350,0.3288971
0.0280400,0.3289095
0.0280450,0.3289151
0.0280500,0.3289163
0.0280550,0.3289162
0.0280600,0.3289170
0.0280650,0.3289192
0.0280700,0.3289247
0.0280750,0.3289353
0.0280800,0.3289508
0.0280850,0.3289689
0.0280900,0.3289859
0.0280950,0.3289998
0.0281000,0.3571755
0.0281050,0.3571806
0.0281100,0.3571945
0.0281150,0.3572155
0.0281200,0.3572415
0.0281250,0.3572711
0.0281300,0.3573038
0.0281350,0.3573385
0.0281400,0.3573724
0.0281450,0.3574011
0.0281500,0.3574224
0.0281550,0.3574359
0.0281600,0.3574425
0.0281650,0.3574439
0.0281700,0.3574435
0.0281750,0.3574442
0.0281800,0.3574472
0.0281850,0.3574523
0.0281900,0.3574582
0.0281950,0.3574638
0.0282000,0.3399390
0.0282050,0.3399371
0.0282100,0.3399437
0.0282150,0.3399582
0.0282200,0.3399774
0.0282250,0.3399985
0.0282300,0.3400204
0.0282350,0.3400432
0.0282400,0.3400669
0.0282450,0.3400910
0.0282500,0.3401159
0.0282550,0.3401432
0.0282600,0.3401739
0.0282650,0.3402079
0.0282700,0.3402443
0.0282750,0.3402812
0.0282800,0.3403155
0.0282850,0.3403444
0.0282900,0.3403672
0.0282950,0.3403863
0.0283000,0.3251612
0.0283050,0.3251715
0.0283100,0.3251866
0.0283150,0.3252030
0.0283200,0.3252170
0.0283250,0.3252262
0.0283300,0.3252297
0.0283350,0.3252275
0.0283400,0.3252203
0.0283450,0.3252104
0.0283500,0.3252017
0.0283550,0.3251988
0.0283600,0.3252038
0.0283650,0.3252158
0.0283700,0.3252321
0.0283750,0.3252494
0.0283800,0.3252646
0.0283850,0.3252749
0.0283900,0.3252804
0.0283950,0.3252863
0.0284000,0.3632205
0.0284050,0.3632117
0.0284100,0.3632101
0.0284150,0.3632118
0.0284200,0.3632126
0.0284250,0.3632100
0.0284300,0.3632043
0.0284350,0.3631980
0.0284400,0.3631954
0.0284450,0.3632004
0.0284500,0.3632135
0.0284550,0.3632319
0.0284600,0.3632521
0.0284650,0.3632724
0.0284700,0.3632931
0.0284750,0.3633146
0.0284800,0.3633370
0.0284850,0.3633603
0.0284900,0.3633850
0.0284950,0.3634112
0.0285000,0.3584577
0.0285050,0.3584768
0.0285100,0.3584986
0.0285150,0.3585240
0.0285200,0.3585538
0.0285250,0.3585876
0.0285300,0.3586233
0.0285350,0.3586561
0.0285400,0.3586812
0.0285450,0.3586972
0.0285500,0.3587072
0.0285550,0.3587165
0.0285600,0.3587281
0.0285650,0.3587416
0.0285700,0.3587547
0.0285750,0.3587650
0.0285800,0.3587710
0.0285850,0.3587713
0.0285900,0.3587655
0.0285950,0.3587564
0.0286000,0.3326465
0.0286050,0.3326256
0.0286100,0.3326138
0.0286150,0.3326119
0.0286200,0.3326190
0.0286250,0.3326326
0.0286300,0.3326498
0.0286350,0.3326674
0.0286400,0.3326848
0.0286450,0.3327043
0.0286500,0.3327280
0.0286550,0.3327555
0.0286600,0.3327847
0.0286650,0.3328120
0.0286700,0.3328324
0.0286750,0.3328416
0.0286800,0.3328390
0.0286850,0.3328277
0.0286900,0.3328126
0.0286950,0.3327979
0.0287000,0.2988475
0.0287050,0.2988492
0.0287100,0.2988593
0.0287150,0.2988713
0.0287200,0.2988789
0.0287250,0.2988808
0.0287300,0.2988807
0.0287350,0.2988825
0.0287400,0.2988887
0.0287450,0.2989007
0.0287500,0.2989181
0.0287550,0.2989381
0.0287600,0.2989551
0.0287650,0.2989654
0.0287700,0.2989692
0.0287750,0.2989703
0.0287800,0.2989731
0.0287850,0.2989800
0.0287900,0.2989921
0.0287950,0.2990083
0.0288000,0.3267369
0.0288050,0.3267392
0.0288100,0.3267365
0.0288150,0.3267312
0.0288200,0.3267276
0.0288250,0.3267289
0.0288300,0.3267368
0.0288350,0.3267523
0.0288400,0.3267742
0.0288450,0.3267994
0.0288500,0.3268242
0.0288550,0.3268441
0.0288600,0.3268551
0.0288650,0.3268569
0.0288700,0.3268529
0.0288750,0.3268480
0.0288800,0.3268453
0.0288850,0.3268459
0.0288900,0.3268501
0.0288950,0.3268560
0.0289000,0.3429113
0.0289050,0.3429053
0.0289100,0.3429029
0.0289150,0.3429086
0.0289200,0.3429255
0.0289250,0.3429551
0.0289300,0.3429963
0.0289350,0.3430446
0.0289400,0.3430935
0.0289450,0.3431379
0.0289500,0.3431770
0.0289550,0.3432129
0.0289600,0.3432464
0.0289650,0.3432758
0.0289700,0.3432983
0.0289750,0.3433120
0.0289800,0.3433187
0.0289850,0.3433238
0.0289900,0.3433317
0.0289950,0.3433434
0.0290000,0.3180840
0.0290050,0.3180919
0.0290100,0.3181028
0.0290150,0.3181159
0.0290200,0.3181291
0.0290250,0.3181399
0.0290300,0.3181471
0.0290350,0.3181521
0.0290400,0.3181579
0.0290450,0.3181685
0.0290500,0.3181875
0.0290550,0.3182151
0.0290600,0.3182481
0.0290650,0.3182813
0.0290700,0.3183106
0.0290750,0.3183353
0.0290800,0.3183562
0.0290850,0.3183733
0.0290900,0.3183873
0.0290950,0.3183996
0.0291000,0.3276337
0.0291050,0.3276225
0.0291100,0.3276105
0.0291150,0.3275969
0.0291200,0.3275823
0.0291250,0.3275686
0.0291300,0.3275600
0.0291350,0.3275605
0.0291400,0.3275724
0.0291450,0.3275938
0.0291500,0.3276205
0.0291550,0.3276477
0.0291600,0.3276717
0.0291650,0.3276907
0.0291700,0.3277056
0.0291750,0.3277191
0.0291800,0.3277343
0.0291850,0.3277539
0.0291900,0.3277796
0.0291950,0.3278110
0.0292000,0.3227316
0.0292050,0.3227473
0.0292100,0.3227672
0.0292150,0.3227904
0.0292200,0.3228160
0.0292250,0.3228426
0.0292300,0.3228674
0.0292350,0.3228867
0.0292400,0.3228981
0.0292450,0.3229003
0.0292500,0.3228934
0.0292550,0.3228800
0.0292600,0.3228635
0.0292650,0.3228471
0.0292700,0.3228330
0.0292750,0.3228232
0.0292800,0.3228190
0.0292850,0.3228202
0.0292900,0.3228250
0.0292950,0.3228307
0.0293000,0.3326858
0.0293050,0.3326869
0.0293100,0.3326969
0.0293150,0.3327151
0.0293200,0.3327395
0.0293250,0.3327673
0.0293300,0.3327940
0.0293350,0.3328155
0.0293400,0.3328305
0.0293450,0.3328409
0.0293500,0.3328493
0.0293550,0.3328567
0.0293600,0.3328642
0.0293650,0.3328729
0.0293700,0.3328833
0.0293750,0.3328952
0.0293800,0.3329083
0.0293850,0.3329235
0.0293900,0.3329416
0.0293950,0.3329633
0.0294000,0.3289691
0.0294050,0.3289837
0.0294100,0.3290080
0.0294150,0.3290403
0.0294200,0.3290777
0.0294250,0.3291181
0.0294300,0.3291599
0.0294350,0.3292016
0.0294400,0.3292405
0.0294450,0.3292737
0.0294500,0.3292995
0.0294550,0.3293171
0.0294600,0.3293264
0.0294650,0.3293280
0.0294700,0.3293232
0.0294750,0.3293138
0.0294800,0.3293026
0.0294850,0.3292948
0.0294900,0.3292942
0.0294950,0.3293017
0.0295000,0.3339435
0.0295050,0.3339623
0.0295100,0.3339863
0.0295150,0.3340109
0.0295200,0.3340310
0.0295250,0.3340452
0.0295300,0.3340553
0.0295350,0.3340657
0.0295400,0.3340800
0.0295450,0.3340995
0.0295500,0.3341224
0.0295550,0.3341453
0.0295600,0.3341651
0.0295650,0.3341795
0.0295700,0.3341882
0.0295750,0.3341933
0.0295800,0.3341983
0.0295850,0.3342062
0.0295900,0.3342159
0.0295950,0.3342239
0.0296000,0.3424429
0.0296050,0.3424454
0.0296100,0.3424461
0.0296150,0.3424459
0.0296200,0.3424469
0.0296250,0.3424523
0.0296300,0.3424646
0.0296350,0.3424845
0.0296400,0.3425110
0.0296450,0.3425417
0.0296500,0.3425722
0.0296550,0.3425989
0.0296600,0.3426203
0.0296650,0.3426378
0.0296700,0.3426528
0.0296750,0.3426662
0.0296800,0.3426787
0.0296850,0.3426929
0.0296900,0.3427100
0.0296950,0.3427291
0.0297000,0.3167919
0.0297050,0.3167913
0.0297100,0.3167968
0.0297150,0.3168075
0.0297200,0.3168229
0.0297250,0.3168423
0.0297300,0.3168649
0.0297350,0.3168893
0.0297400,0.3169130
0.0297450,0.3169339
0.0297500,0.3169497
0.0297550,0.3169583
0.0297600,0.3169614
0.0297650,0.3169640
0.0297700,0.3169717
0.0297750,0.3169876
0.0297800,0.3170129
0.0297850,0.3170467
0.0297900,0.3170846
0.0297950,0.3171216
0.0298000,0.2949044
0.0298050,0.2949086
0.0298100,0.2949128
0.0298150,0.2949150
0.0298200,0.2949132
0.0298250,0.2949065
0.0298300,0.2948935
0.0298350,0.2948737
0.0298400,0.2948485
0.0298450,0.2948221
0.0298500,0.2947982
0.0298550,0.2947792
0.0298600,0.2947671
0.0298650,0.2947636
0.0298700,0.2947701
0.0298750,0.2947869
0.0298800,0.2948126
0.0298850,0.2948452
0.0298900,0.2948814
0.0298950,0.2949180
0.0299000,0.3051286
0.0299050,0.3051527
0.0299100,0.3051856
0.0299150,0.3052234
0.0299200,0.3052617
0.0299250,0.3052970
0.0299300,0.3053268
0.0299350,0.3053500
0.0299400,0.3053674
0.0299450,0.3053824
0.0299500,0.3053987
0.0299550,0.3054182
0.0299600,0.3054407
0.0299650,0.3054638
0.0299700,0.3054837
0.0299750,0.3054986
0.0299800,0.3055104
0.0299850,0.3055230
0.0299900,0.3055377
0.0299950,0.3055532
0.0300000,0.3130482
0.0300050,0.3130456
0.0300100,0.3130457
0.0300150,0.3130478
0.0300200,0.3130507
0.0300250,0.3130537
0.0300300,0.3130572
0.0300350,0.3130620
0.0300400,0.3130693
0.0300450,0.3130802
0.0300500,0.3130936
0.0300550,0.3131070
0.0300600,0.3131174
0.0300650,0.3131228
0.0300700,0.3131234
0.0300750,0.3131216
0.0300800,0.3131199
0.0300850,0.3131202
0.0300900,0.3131236
0.0300950,0.3131313
0.0301000,0.3474255
0.0301050,0.3474337
0.0301100,0.3474534
0.0301150,0.3474797
0.0301200,0.3475073
0.0301250,0.3475346
0.0301300,0.3475636
0.0301350,0.3475944
0.0301400,0.3476237
0.0301450,0.3476479
0.0301500,0.3476642
0.0301550,0.3476721
0.0301600,0.3476728
0.0301650,0.3476691
0.0301700,0.3476636
0.0301750,0.3476593
0.0301800,0.3476598
0.0301850,0.3476671
0.0301900,0.3476799
0.0301950,0.3476939
0.0302000,0.3444321
0.0302050,0.3444314
0.0302100,0.3444278
0.0302150,0.3444238
0.0302200,0.3444234
0.0302250,0.3444298
0.0302300,0.3444437
0.0302350,0.3444628
0.0302400,0.3444841
0.0302450,0.3445050
0.0302500,0.3445236
0.0302550,0.3445408
0.0302600,0.3445610
0.0302650,0.3445900
0.0302700,0.3446310
0.0302750,0.3446819
0.0302800,0.3447359
0.0302850,0.3447854
0.0302900,0.3448253
0.0302950,0.3448537
0.0303000,0.3288125
0.0303050,0.3288131
0.0303100,0.3288228
0.0303150,0.3288438
0.0303200,0.3288735
0.0303250,0.3289073
0.0303300,0.3289408
0.0303350,0.3289711
0.0303400,0.3289976
0.0303450,0.3290215
0.0303500,0.3290448
0.0303550,0.3290690
0.0303600,0.3290942
0.0303650,0.3291192
0.0303700,0.3291407
0.0303750,0.3291547
0.0303800,0.3291587
0.0303850,0.3291529
0.0303900,0.3291393
0.0303950,0.3291219
0.0304000,0.3002047
0.0304050,0.3001800
0.0304100,0.3001694
0.0304150,0.3001704
0.0304200,0.3001781
0.0304250,0.3001868
0.0304300,0.3001918
0.0304350,0.3001920
0.0304400,0.3001888
0.0304450,0.3001864
0.0304500,0.3001887
0.0304550,0.3001976
0.0304600,0.3002116
0.0304650,0.3002276
0.0304700,0.3002421
0.0304750,0.3002533
0.0304800,0.3002606
0.0304850,0.3002661
0.0304900,0.3002727
0.0304950,0.3002838
0.0305000,0.3222029
0.0305050,0.3222165
0.0305100,0.3222454
0.0305150,0.3222829
0.0305200,0.3223212
0.0305250,0.3223554
0.0305300,0.3223844
0.0305350,0.3224089
0.0305400,0.3224298
0.0305450,0.3224491
0.0305500,0.3224680
0.0305550,0.3224851
0.0305600,0.3224977
0.0305650,0.3225024
0.0305700,0.3224985
0.0305750,0.3224879
0.0305800,0.3224734
0.0305850,0.3224588
0.0305900,0.3224487
0.0305950,0.3224484
0.0306000,0.2875477
0.0306050,0.2875473
0.0306100,0.2875525
0.0306150,0.2875612
0.0306200,0.2875730
0.0306250,0.2875866
0.0306300,0.2876019
0.0306350,0.2876202
0.0306400,0.2876438
0.0306450,0.2876758
0.0306500,0.2877161
0.0306550,0.2877599
0.0306600,0.2877984
0.0306650,0.2878242
0.0306700,0.2878371
0.0306750,0.2878420
0.0306800,0.2878459
0.0306850,0.2878536
0.0306900,0.2878648
0.0306950,0.2878778
0.0307000,0.3144225
0.0307050,0.3144250
0.0307100,0.3144288
0.0307150,0.3144324
0.0307200,0.3144361
0.0307250,0.3144414
0.0307300,0.3144506
0.0307350,0.3144662
0.0307400,0.3144880
0.0307450,0.3145134
0.0307500,0.3145372
0.0307550,0.3145552
0.0307600,0.3145658
0.0307650,0.3145705
0.0307700,0.3145729
0.0307750,0.3145758
0.0307800,0.3145816
0.0307850,0.3145915
0.0307900,0.3146051
0.0307950,0.3146195
0.0308000,0.3129635
0.0308050,0.3129661
0.0308100,0.3129735
0.0308150,0.3129852
0.0308200,0.3130000
0.0308250,0.3130158
0.0308300,0.3130314
0.0308350,0.3130450
0.0308400,0.3130550
0.0308450,0.3130614
0.0308500,0.3130665
0.0308550,0.3130731
0.0308600,0.3130830
0.0308650,0.3130969
0.0308700,0.3131156
0.0308750,0.3131392
0.0308800,0.3131670
0.0308850,0.3131975
0.0308900,0.3132293
0.0308950,0.3132612
0.0309000,0.3220562
0.0309050,0.3220730
0.0309100,0.3220897
0.0309150,0.3221085
0.0309200,0.3221314
0.0309250,0.3221588
0.0309300,0.3221904
0.0309350,0.3222246
0.0309400,0.3222585
0.0309450,0.3222886
0.0309500,0.3223123
0.0309550,0.3223289
0.0309600,0.3223392
0.0309650,0.3223450
0.0309700,0.3223491
0.0309750,0.3223539
0.0309800,0.3223608
0.0309850,0.3223697
0.0309900,0.3223800
0.0309950,0.3223909
0.0310000,0.3260686
0.0310050,0.3260636
0.0310100,0.3260688
0.0310150,0.3260834
0.0310200,0.3261047
0.0310250,0.3261286
0.0310300,0.3261516
0.0310350,0.3261716
0.0310400,0.3261888
0.0310450,0.3262055
0.0310500,0.3262231
0.0310550,0.3262424
0.0310600,0.3262638
0.0310650,0.3262876
0.0310700,0.3263123
0.0310750,0.3263346
0.0310800,0.3263530
0.0310850,0.3263686
0.0310900,0.3263831
0.0310950,0.3263972
0.0311000,0.3371312
0.0311050,0.3371306
0.0311100,0.3371378
0.0311150,0.3371513
0.0311200,0.3371674
0.0311250,0.3371811
0.0311300,0.3371891
0.0311350,0.3371910
0.0311400,0.3371893
0.0311450,0.3371873
0.0311500,0.3371879
0.0311550,0.3371937
0.0311600,0.3372058
0.0311650,0.3372225
0.0311700,0.3372405
0.0311750,0.3372556
0.0311800,0.3372660
0.0311850,0.3372718
0.0311900,0.3372741
0.0311950,0.3372745
0.0312000,0.3496627
0.0312050,0.3496568
0.0312100,0.3496602
0.0312150,0.3496705
0.0312200,0.3496830
0.0312250,0.3496929
0.0312300,0.3496975
0.0312350,0.3496976
0.0312400,0.3496969
0.0312450,0.3496995
0.0312500,0.3497075
0.0312550,0.3497218
0.0312600,0.3497413
0.0312650,0.3497625
0.0312700,0.3497786
0.0312750,0.3497856
0.0312800,0.3497842
0.0312850,0.3497793
0.0312900,0.3497777
0.0312950,0.3497856
0.0313000,0.3349164
0.0313050,0.3349269
0.0313100,0.3349409
0.0313150,0.3349524
0.0313200,0.3349597
0.0313250,0.3349649
0.0313300,0.3349713
0.0313350,0.3349823
0.0313400,0.3350007
0.0313450,0.3350262
0.0313500,0.3350558
0.0313550,0.3350851
0.0313600,0.3351099
0.0313650,0.3351272
0.0313700,0.3351361
0.0313750,0.3351390
0.0313800,0.3351394
0.0313850,0.3351393
0.0313900,0.3351379
0.0313950,0.3351325
0.0314000,0.3508401
0.0314050,0.3508060
0.0314100,0.3507778
0.0314150,0.3507557
0.0314200,0.3507381
0.0314250,0.3507240
0.0314300,0.3507136
0.0314350,0.3507082
0.0314400,0.3507099
0.0314450,0.3507188
0.0314500,0.3507335
0.0314550,0.3507518
0.0314600,0.3507721
0.0314650,0.3507933
0.0314700,0.3508133
0.0314750,0.3508306
0.0314800,0.3508443
0.0314850,0.3508551
0.0314900,0.3508649
0.0314950,0.3508754
0.0315000,0.3358196
0.0315050,0.3358331
0.0315100,0.3358543
0.0315150,0.3358820
0.0315200,0.3359131
0.0315250,0.3359434
0.0315300,0.3359685
0.0315350,0.3359859
0.0315400,0.3359975
0.0315450,0.3360078
0.0315500,0.3360197
0.0315550,0.3360311
0.0315600,0.3360384
0.0315650,0.3360417
0.0315700,0.3360441
0.0315750,0.3360492
0.0315800,0.3360588
0.0315850,0.3360725
0.0315900,0.3360898
0.0315950,0.3361091
0.0316000,0.3136887
0.0316050,0.3136861
0.0316100,0.3136883
0.0316150,0.3136952
0.0316200,0.3137020
0.0316250,0.3137050
0.0316300,0.3137034
0.0316350,0.3136983
0.0316400,0.3136924
0.0316450,0.3136892
0.0316500,0.3136923
0.0316550,0.3137030
0.0316600,0.3137201
0.0316650,0.3137413
0.0316700,0.3137628
0.0316750,0.3137812
0.0316800,0.3137936
0.0316850,0.3137994
0.0316900,0.3138004
0.0316950,0.3137991
0.0317000,0.3187311
0.0317050,0.3187271
0.0317100,0.3187314
0.0317150,0.3187433
0.0317200,0.3187619
0.0317250,0.3187872
0.0317300,0.3188185
0.0317350,0.3188550
0.0317400,0.3188959
0.0317450,0.3189401
0.0317500,0.3189860
0.0317550,0.3190303
0.0317600,0.3190702
0.0317650,0.3191050
0.0317700,0.3191348
0.0317750,0.3191593
0.0317800,0.3191786
0.0317850,0.3191930
0.0317900,0.3192040
0.0317950,0.3192138
0.0318000,0.3142799
0.0318050,0.3142837
0.0318100,0.3142923
0.0318150,0.3143032
0.0318200,0.3143124
0.0318250,0.3143176
0.0318300,0.3143196
0.0318350,0.3143207
0.0318400,0.3143236
0.0318450,0.3143304
0.0318500,0.3143424
0.0318550,0.3143587
0.0318600,0.3143770
0.0318650,0.3143950
0.0318700,0.3144119
0.0318750,0.3144279
0.0318800,0.3144437
0.0318850,0.3144606
0.0318900,0.3144802
0.0318950,0.3145031
0.0319000,0.3028534
0.0319050,0.3028676
0.0319100,0.3028842
0.0319150,0.3029001
0.0319200,0.3029138
0.0319250,0.3029255
0.0319300,0.3029361
0.0319350,0.3029464
0.0319400,0.3029558
0.0319450,0.3029635
0.0319500,0.3029686
0.0319550,0.3029706
0.0319600,0.3029698
0.0319650,0.3029680
0.0319700,0.3029663
0.0319750,0.3029660
0.0319800,0.3029686
0.0319850,0.3029768
0.0319900,0.3029933
0.0319950,0.3030172
0.0320000,0.3129610
0.0320050,0.3129708
0.0320100,0.3129784
0.0320150,0.3129855
0.0320200,0.3129931
0.0320250,0.3130011
0.0320300,0.3130088
0.0320350,0.3130148
0.0320400,0.3130175
0.0320450,0.3130157
0.0320500,0.3130097
0.0320550,0.3130015
0.0320600,0.3129954
0.0320650,0.3129963
0.0320700,0.3130077
0.0320750,0.3130300
0.0320800,0.3130605
0.0320850,0.3130946
0.0320900,0.3131263
0.0320950,0.3131516
0.0321000,0.3198737
0.0321050,0.3198738
0.0321100,0.3198785
0.0321150,0.3198882
0.0321200,0.3199028
0.0321250,0.3199210
0.0321300,0.3199406
0.0321350,0.3199586
0.0321400,0.3199721
0.0321450,0.3199822
0.0321500,0.3199924
0.0321550,0.3200060
0.0321600,0.3200235
0.0321650,0.3200428
0.0321700,0.3200615
0.0321750,0.3200767
0.0321800,0.3200863
0.0321850,0.3200892
0.0321900,0.3200846
0.0321950,0.3200733
0.0322000,0.3578146
0.0322050,0.3577943
0.0322100,0.3577836
0.0322150,0.3577827
0.0322200,0.3577884
0.0322250,0.3577948
0.0322300,0.3577985
0.0322350,0.3578007
0.0322400,0.3578049
0.0322450,0.3578145
0.0322500,0.3578303
0.0322550,0.3578503
0.0322600,0.3578715
0.0322650,0.3578910
0.0322700,0.3579072
0.0322750,0.3579199
0.0322800,0.3579304
0.0322850,0.3579408
0.0322900,0.3579540
0.0322950,0.3579719
0.0323000,0.3372501
0.0323050,0.3372707
0.0323100,0.3372957
0.0323150,0.3373218
0.0323200,0.3373477
0.0323250,0.3373737
0.0323300,0.3374008
0.0323350,0.3374295
0.0323400,0.3374592
0.0323450,0.3374878
0.0323500,0.3375131
0.0323550,0.3375355
0.0323600,0.3375571
0.0323650,0.3375805
0.0323700,0.3376067
0.0323750,0.3376363
0.0323800,0.3376694
0.0323850,0.3377053
0.0323900,0.3377425
0.0323950,0.3377781
0.0324000,0.3537792
0.0324050,0.3538076
0.0324100,0.3538361
0.0324150,0.3538589
0.0324200,0.3538729
0.0324250,0.3538798
0.0324300,0.3538852
0.0324350,0.3538943
0.0324400,0.3539088
0.0324450,0.3539272
0.0324500,0.3539466
0.0324550,0.3539650
0.0324600,0.3539815
0.0324650,0.3539966
0.0324700,0.3540117
0.0324750,0.3540263
0.0324800,0.3540381
0.0324850,0.3540445
0.0324900,0.3540448
0.0324950,0.3540406
0.0325000,0.3560292
0.0325050,0.3560056
0.0325100,0.3559882
0.0325150,0.3559778
0.0325200,0.3559761
0.0325250,0.3559853
0.0325300,0.3560054
0.0325350,0.3560324
0.0325400,0.3560607
0.0325450,0.3560860
0.0325500,0.3561069
0.0325550,0.3561250
0.0325600,0.3561423
0.0325650,0.3561601
0.0325700,0.3561800
0.0325750,0.3562039
0.0325800,0.3562326
0.0325850,0.3562645
0.0325900,0.3562972
0.0325950,0.3563284
0.0326000,0.3143465
0.0326050,0.3143633
0.0326100,0.3143860
0.0326150,0.3144098
0.0326200,0.3144294
0.0326250,0.3144413
0.0326300,0.3144455
0.0326350,0.3144449
0.0326400,0.3144442
0.0326450,0.3144462
0.0326500,0.3144522
0.0326550,0.3144626
0.0326600,0.3144766
0.0326650,0.3144924
0.0326700,0.3145074
0.0326750,0.3145204
0.0326800,0.3145328
0.0326850,0.3145466
0.0326900,0.3145639
0.0326950,0.3145853
0.0327000,0.3251195
0.0327050,0.3251213
0.0327100,0.3251294
0.0327150,0.3251430
0.0327200,0.3251613
0.0327250,0.3251837
0.0327300,0.3252086
0.0327350,0.3252336
0.0327400,0.3252573
0.0327450,0.3252786
0.0327500,0.3252961
0.0327550,0.3253076
0.0327600,0.3253115
0.0327650,0.3253072
0.0327700,0.3252952
0.0327750,0.3252781
0.0327800,0.3252601
0.0327850,0.3252452
0.0327900,0.3252355
0.0327950,0.3252317
0.0328000,0.3256828
0.0328050,0.3256843
0.0328100,0.3256933
0.0328150,0.3257096
0.0328200,0.3257321
0.0328250,0.3257581
0.0328300,0.3257849
0.0328350,0.3258106
0.0328400,0.3258344
0.0328450,0.3258561
0.0328500,0.3258762
0.0328550,0.3258951
0.0328600,0.3259126
0.0328650,0.3259275
0.0328700,0.3259385
0.0328750,0.3259442
0.0328800,0.3259445
0.0328850,0.3259411
0.0328900,0.3259358
0.0328950,0.3259311
0.0329000,0.3205232
0.0329050,0.3205188
0.0329100,0.3205270
0.0329150,0.3205448
0.0329200,0.3205689
0.0329250,0.3205966
0.0329300,0.3206260
0.0329350,0.3206563
0.0329400,0.3206870
0.0329450,0.3207176
0.0329500,0.3207481
0.0329550,0.3207787
0.0329600,0.3208100
0.0329650,0.3208417
0.0329700,0.3208732
0.0329750,0.3209045
0.0329800,0.3209361
0.0329850,0.3209689
0.0329900,0.3210025
0.0329950,0.3210353
0.0330000,0.3131975
0.0330050,0.3132052
0.0330100,0.3132124
0.0330150,0.3132188
0.0330200,0.3132247
0.0330250,0.3132291
0.0330300,0.3132291
0.0330350,0.3132228
0.0330400,0.3132115
0.0330450,0.3131994
0.0330500,0.3131908
0.0330550,0.3131889
0.0330600,0.3131953
0.0330650,0.3132089
0.0330700,0.3132251
0.0330750,0.3132399
0.0330800,0.3132531
0.0330850,0.3132680
0.0330900,0.3132869
0.0330950,0.3133091
0.0331000,0.3333792
0.0331050,0.3333973
0.0331100,0.3334156
0.0331150,0.3334312
0.0331200,0.3334433
0.0331250,0.3334534
0.0331300,0.3334642
0.0331350,0.3334769
0.0331400,0.3334909
0.0331450,0.3335045
0.0331500,0.3335161
0.0331550,0.3335249
0.0331600,0.3335315
0.0331650,0.3335378
0.0331700,0.3335468
0.0331750,0.3335594
0.0331800,0.3335759
0.0331850,0.3335971
0.0331900,0.3336240
0.0331950,0.3336549
0.0332000,0.2951519
0.0332050,0.2951627
0.0332100,0.2951703
0.0332150,0.2951759
0.0332200,0.2951817
0.0332250,0.2951894
0.0332300,0.2951995
0.0332350,0.2952116
0.0332400,0.2952238
0.0332450,0.2952330
0.0332500,0.2952365
0.0332550,0.2952340
0.0332600,0.2952288
0.0332650,0.2952269
0.0332700,0.2952327
0.0332750,0.2952452
0.0332800,0.2952612
0.0332850,0.2952777
0.0332900,0.2952913
0.0332950,0.2952985
0.0333000,0.2920307
0.0333050,0.2920230
0.0333100,0.2920174
0.0333150,0.2920175
0.0333200,0.2920250
0.0333250,0.2920390
0.0333300,0.2920571
0.0333350,0.2920759
0.0333400,0.2920916
0.0333450,0.2921032
0.0333500,0.2921128
0.0333550,0.2921250
0.0333600,0.2921432
0.0333650,0.2921670
0.0333700,0.2921931
0.0333750,0.2922181
0.0333800,0.2922398
0.0333850,0.2922577
0.0333900,0.2922719
0.0333950,0.2922845
0.0334000,0.3240903
0.0334050,0.3240997
0.0334100,0.3241162
0.0334150,0.3241370
0.0334200,0.3241595
0.0334250,0.3241805
0.0334300,0.3241973
0.0334350,0.3242088
0.0334400,0.3242171
0.0334450,0.3242271
0.0334500,0.3242417
0.0334550,0.3242614
0.0334600,0.3242846
0.0334650,0.3243090
0.0334700,0.3243318
0.0334750,0.3243508
0.0334800,0.3243669
0.0334850,0.3243838
0.0334900,0.3244047
0.0334950,0.3244314
0.0335000,0.3277289
0.0335050,0.3277372
0.0335100,0.3277536
0.0335150,0.3277752
0.0335200,0.3277978
0.0335250,0.3278176
0.0335300,0.3278321
0.0335350,0.3278417
0.0335400,0.3278491
0.0335450,0.3278584
0.0335500,0.3278728
0.0335550,0.3278924
0.0335600,0.3279139
0.0335650,0.3279331
0.0335700,0.3279473
0.0335750,0.3279559
0.0335800,0.3279609
0.0335850,0.3279660
0.0335900,0.3279746
0.0335950,0.3279897
0.0336000,0.3137836
0.0336050,0.3138065
0.0336100,0.3138312
0.0336150,0.3138508
0.0336200,0.3138608
0.0336250,0.3138602
0.0336300,0.3138527
0.0336350,0.3138437
0.0336400,0.3138370
0.0336450,0.3138348
0.0336500,0.3138371
0.0336550,0.3138431
0.0336600,0.3138501
0.0336650,0.3138548
0.0336700,0.3138556
0.0336750,0.3138528
0.0336800,0.3138498
0.0336850,0.3138512
0.0336900,0.3138591
0.0336950,0.3138728
0.0337000,0.3258775
0.0337050,0.3258797
0.0337100,0.3258832
0.0337150,0.3258886
0.0337200,0.3258971
0.0337250,0.3259086
0.0337300,0.3259222
0.0337350,0.3259362
0.0337400,0.3259489
0.0337450,0.3259595
0.0337500,0.3259670
0.0337550,0.3259713
0.0337600,0.3259736
0.0337650,0.3259763
0.0337700,0.3259814
0.0337750,0.3259893
0.0337800,0.3259984
0.0337850,0.3260074
0.0337900,0.3260161
0.0337950,0.3260251
0.0338000,0.2958414
0.0338050,0.2958466
0.0338100,0.2958582
0.0338150,0.2958773
0.0338200,0.2959037
0.0338250,0.2959351
0.0338300,0.2959677
0.0338350,0.2959975
0.0338400,0.2960228
0.0338450,0.2960446
0.0338500,0.2960648
0.0338550,0.2960849
0.0338600,0.2961042
0.0338650,0.2961206
0.0338700,0.2961312
0.0338750,0.2961349
0.0338800,0.2961336
0.0338850,0.2961308
0.0338900,0.2961298
0.0338950,0.2961325
0.0339000,0.3107015
0.0339050,0.3107032
0.0339100,0.3107113
0.0339150,0.3107236
0.0339200,0.3107394
0.0339250,0.3107600
0.0339300,0.3107886
0.0339350,0.3108254
0.0339400,0.3108674
0.0339450,0.3109088
0.0339500,0.3109444
0.0339550,0.3109711
0.0339600,0.3109882
0.0339650,0.3109962
0.0339700,0.3109965
0.0339750,0.3109913
0.0339800,0.3109827
0.0339850,0.3109717
0.0339900,0.3109598
0.0339950,0.3109497
0.0340000,0.3049142
0.0340050,0.3049217
0.0340100,0.3049363
0.0340150,0.3049535
0.0340200,0.3049692
0.0340250,0.3049803
0.0340300,0.3049865
0.0340350,0.3049892
0.0340400,0.3049920
0.0340450,0.3049968
0.0340500,0.3050011
0.0340550,0.3050017
0.0340600,0.3049974
0.0340650,0.3049897
0.0340700,0.3049822
0.0340750,0.3049780
0.0340800,0.3049793
0.0340850,0.3049859
0.0340900,0.3049954
0.0340950,0.3050044
0.0341000,0.2951873
0.0341050,0.2951757
0.0341100,0.2951601
0.0341150,0.2951406
0.0341200,0.2951194
0.0341250,0.2951012
0.0341300,0.2950918
0.0341350,0.2950949
0.0341400,0.2951103
0.0341450,0.2951350
0.0341500,0.2951641
0.0341550,0.2951940
0.0341600,0.2952220
0.0341650,0.2952463
0.0341700,0.2952668
0.0341750,0.2952840
0.0341800,0.2952978
0.0341850,0.2953068
0.0341900,0.2953100
0.0341950,0.2953075
0.0342000,0.3244786
0.0342050,0.3244587
0.0342100,0.3244428
0.0342150,0.3244340
0.0342200,0.3244339
0.0342250,0.3244421
0.0342300,0.3244577
0.0342350,0.3244787
0.0342400,0.3245015
0.0342450,0.3245217
0.0342500,0.3245357
0.0342550,0.3245430
0.0342600,0.3245465
0.0342650,0.3245504
0.0342700,0.3245582
0.0342750,0.3245707
0.0342800,0.3245860
0.0342850,0.3246005
0.0342900,0.3246119
0.0342950,0.3246203
0.0343000,0.3049340
0.0343050,0.3049274
0.0343100,0.3049193
0.0343150,0.3049104
0.0343200,0.3049001
0.0343250,0.3048880
0.0343300,0.3048748
0.0343350,0.3048612
0.0343400,0.3048475
0.0343450,0.3048353
0.0343500,0.3048268
0.0343550,0.3048240
0.0343600,0.3048276
0.0343650,0.3048382
0.0343700,0.3048560
0.0343750,0.3048797
0.0343800,0.3049067
0.0343850,0.3049338
0.0343900,0.3049585
0.0343950,0.3049797
0.0344000,0.3663104
0.0344050,0.3663155
0.0344100,0.3663278
0.0344150,0.3663451
0.0344200,0.3663640
0.0344250,0.3663817
0.0344300,0.3663965
0.0344350,0.3664080
0.0344400,0.3664170
0.0344450,0.3664255
0.0344500,0.3664359
0.0344550,0.3664484
0.0344600,0.3664610
0.0344650,0.3664713
0.0344700,0.3664783
0.0344750,0.3664828
0.0344800,0.3664860
0.0344850,0.3664884
0.0344900,0.3664910
0.0344950,0.3664945
0.0345000,0.3388599
0.0345050,0.3388668
0.0345100,0.3388742
0.0345150,0.3388816
0.0345200,0.3388884
0.0345250,0.3388953
0.0345300,0.3389030
0.0345350,0.3389118
0.0345400,0.3389211
0.0345450,0.3389292
0.0345500,0.3389347
0.0345550,0.3389379
0.0345600,0.3389411
0.0345650,0.3389470
0.0345700,0.3389561
0.0345750,0.3389673
0.0345800,0.3389791
0.0345850,0.3389908
0.0345900,0.3390041
0.0345950,0.3390206
0.0346000,0.3273531
0.0346050,0.3273834
0.0346100,0.3274187
0.0346150,0.3274553
0.0346200,0.3274906
0.0346250,0.3275232
0.0346300,0.3275523
0.0346350,0.3275776
0.0346400,0.3275995
0.0346450,0.3276196
0.0346500,0.3276394
0.0346550,0.3276592
0.0346600,0.3276779
0.0346650,0.3276947
0.0346700,0.3277104
0.0346750,0.3277268
0.0346800,0.3277458
0.0346850,0.3277682
0.0346900,0.3277931
0.0346950,0.3278182
0.0347000,0.3004079
0.0347050,0.3004335
0.0347100,0.3004564
0.0347150,0.3004763
0.0347200,0.3004935
0.0347250,0.3005097
0.0347300,0.3005258
0.0347350,0.3005418
0.0347400,0.3005569
0.0347450,0.3005699
0.0347500,0.3005802
0.0347550,0.3005875
0.0347600,0.3005935
0.0347650,0.3006027
0.0347700,0.3006181
0.0347750,0.3006406
0.0347800,0.3006686
0.0347850,0.3006998
0.0347900,0.3007306
0.0347950,0.3007568
0.0348000,0.3234837
0.0348050,0.3234624
0.0348100,0.3234412
0.0348150,0.3234237
0.0348200,0.3234118
0.0348250,0.3234057
0.0348300,0.3234034
0.0348350,0.3234029
0.0348400,0.3234040
0.0348450,0.3234083
0.0348500,0.3234182
0.0348550,0.3234349
0.0348600,0.3234582
0.0348650,0.3234863
0.0348700,0.3235147
0.0348750,0.3235381
0.0348800,0.3235529
0.0348850,0.3235592
0.0348900,0.3235590
0.0348950,0.3235552
0.0349000,0.3295466
0.0349050,0.3295455
0.0349100,0.3295546
0.0349150,0.3295709
0.0349200,0.3295904
0.0349250,0.3296096
0.0349300,0.3296278
0.0349350,0.3296448
0.0349400,0.3296608
0.0349450,0.3296754
0.0349500,0.3296881
0.0349550,0.3296991
0.0349600,0.3297090
0.0349650,0.3297189
0.0349700,0.3297289
0.0349750,0.3297389
0.0349800,0.3297502
0.0349850,0.3297662
0.0349900,0.3297895
0.0349950,0.3298189
0.0350000,0.3437442
0.0350050,0.3437533
0.0350100,0.3437694
0.0350150,0.3437892
0.0350200,0.3438100
0.0350250,0.3438303
0.0350300,0.3438493
0.0350350,0.3438665
0.0350400,0.3438812
0.0350450,0.3438925
0.0350500,0.3438990
0.0350550,0.3439024
0.0350600,0.3439054
0.0350650,0.3439110
0.0350700,0.3439230
0.0350750,0.3439453
0.0350800,0.3439785
0.0350850,0.3440187
0.0350900,0.3440588
0.0350950,0.3440929
0.0351000,0.3242477
0.0351050,0.3242608
0.0351100,0.3242788
0.0351150,0.3243010
0.0351200,0.3243237
0.0351250,0.3243420
0.0351300,0.3243529
0.0351350,0.3243561
0.0351400,0.3243556
0.0351450,0.3243562
0.0351500,0.3243594
0.0351550,0.3243643
0.0351600,0.3243686
0.0351650,0.3243706
0.0351700,0.3243701
0.0351750,0.3243693
0.0351800,0.3243695
0.0351850,0.3243697
0.0351900,0.3243679
0.0351950,0.3243625
0.0352000,0.3077885
0.0352050,0.3077806
0.0352100,0.3077808
0.0352150,0.3077876
0.0352200,0.3077976
0.0352250,0.3078075
0.0352300,0.3078156
0.0352350,0.3078225
0.0352400,0.3078304
0.0352450,0.3078401
0.0352500,0.3078509
0.0352550,0.3078616
0.0352600,0.3078708
0.0352650,0.3078784
0.0352700,0.3078863
0.0352750,0.3078980
0.0352800,0.3079168
0.0352850,0.3079453
0.0352900,0.3079848
0.0352950,0.3080340
0.0353000,0.3300757
0.0353050,0.3301226
0.0353100,0.3301682
0.0353150,0.3302063
0.0353200,0.3302335
0.0353250,0.3302499
0.0353300,0.3302580
0.0353350,0.3302610
0.0353400,0.3302624
0.0353450,0.3302646
0.0353500,0.3302696
0.0353550,0.3302776
0.0353600,0.3302877
0.0353650,0.3302991
0.0353700,0.3303108
0.0353750,0.3303235
0.0353800,0.3303397
0.0353850,0.3303623
0.0353900,0.3303919
0.0353950,0.3304263
0.0354000,0.3262509
0.0354050,0.3262721
0.0354100,0.3262981
0.0354150,0.3263270
0.0354200,0.3263563
0.0354250,0.3263841
0.0354300,0.3264092
0.0354350,0.3264325
0.0354400,0.3264560
0.0354450,0.3264811
0.0354500,0.3265083
0.0354550,0.3265359
0.0354600,0.3265601
0.0354650,0.3265784
0.0354700,0.3265907
0.0354750,0.3265982
0.0354800,0.3266020
0.0354850,0.3266038
0.0354900,0.3266059
0.0354950,0.3266110
0.0355000,0.3102686
0.0355050,0.3102516
0.0355100,0.3102446
0.0355150,0.3102487
0.0355200,0.3102644
0.0355250,0.3102909
0.0355300,0.3103259
0.0355350,0.3103668
0.0355400,0.3104103
0.0355450,0.3104508
0.0355500,0.3104829
0.0355550,0.3105044
0.0355600,0.3105173
0.0355650,0.3105243
0.0355700,0.3105275
0.0355750,0.3105283
0.0355800,0.3105267
0.0355850,0.3105225
0.0355900,0.3105156
0.0355950,0.3105074
0.0356000,0.2795035
0.0356050,0.2794958
0.0356100,0.2794913
0.0356150,0.2794890
0.0356200,0.2794869
0.0356250,0.2794826
0.0356300,0.2794748
0.0356350,0.2794645
0.0356400,0.2794511
0.0356450,0.2794331
0.0356500,0.2794107
0.0356550,0.2793857
0.0356600,0.2793605
0.0356650,0.2793364
0.0356700,0.2793142
0.0356750,0.2792952
0.0356800,0.2792798
0.0356850,0.2792669
0.0356900,0.2792551
0.0356950,0.2792446
0.0357000,0.3001934
0.0357050,0.3001778
0.0357100,0.3001639
0.0357150,0.3001525
0.0357200,0.3001446
0.0357250,0.3001398
0.0357300,0.3001368
0.0357350,0.3001358
0.0357400,0.3001376
0.0357450,0.3001417
0.0357500,0.3001474
0.0357550,0.3001542
0.0357600,0.3001632
0.0357650,0.3001754
0.0357700,0.3001912
0.0357750,0.3002103
0.0357800,0.3002332
0.0357850,0.3002587
0.0357900,0.3002828
0.0357950,0.3003020
0.0358000,0.3238508
0.0358050,0.3238609
0.0358100,0.3238719
0.0358150,0.3238867
0.0358200,0.3239077
0.0358250,0.3239344
0.0358300,0.3239643
0.0358350,0.3239945
0.0358400,0.3240231
0.0358450,0.3240503
0.0358500,0.3240778
0.0358550,0.3241048
0.0358600,0.3241278
0.0358650,0.3241427
0.0358700,0.3241482
0.0358750,0.3241462
0.0358800,0.3241408
0.0358850,0.3241361
0.0358900,0.3241349
0.0358950,0.3241388
0.0359000,0.3104793
0.0359050,0.3104814
0.0359100,0.3104896
0.0359150,0.3105013
0.0359200,0.3105142
0.0359250,0.3105274
0.0359300,0.3105396
0.0359350,0.3105514
0.0359400,0.3105627
0.0359450,0.3105723
0.0359500,0.3105790
0.0359550,0.3105829
0.0359600,0.3105857
0.0359650,0.3105884
0.0359700,0.3105929
0.0359750,0.3106004
0.0359800,0.3106112
0.0359850,0.3106259
0.0359900,0.3106458
0.0359950,0.3106708
0.0360000,0.3131764
0.0360050,0.3131865
0.0360100,0.3131990
0.0360150,0.3132142
0.0360200,0.3132330
0.0360250,0.3132550
0.0360300,0.3132783
0.0360350,0.3133008
0.0360400,0.3133209
0.0360450,0.3133394
0.0360500,0.3133588
0.0360550,0.3133812
0.0360600,0.3134072
0.0360650,0.3134336
0.0360700,0.3134574
0.0360750,0.3134773
0.0360800,0.3134925
0.0360850,0.3135028
0.0360900,0.3135075
0.0360950,0.3135077
0.0361000,0.3087362
0.0361050,0.3087294
0.0361100,0.3087249
0.0361150,0.3087235
0.0361200,0.3087256
0.0361250,0.3087303
0.0361300,0.3087363
0.0361350,0.3087422
0.0361400,0.3087480
0.0361450,0.3087548
0.0361500,0.3087623
0.0361550,0.3087701
0.0361600,0.3087780
0.0361650,0.3087862
0.0361700,0.3087948
0.0361750,0.3088036
0.0361800,0.3088132
0.0361850,0.3088246
0.0361900,0.3088389
0.0361950,0.3088572
0.0362000,0.2848877
0.0362050,0.2849104
0.0362100,0.2849301
0.0362150,0.2849424
0.0362200,0.2849476
0.0362250,0.2849496
0.0362300,0.2849518
0.0362350,0.2849555
0.0362400,0.2849621
0.0362450,0.2849729
0.0362500,0.2849861
0.0362550,0.2849987
0.0362600,0.2850090
0.0362650,0.2850172
0.0362700,0.2850246
0.0362750,0.2850329
0.0362800,0.2850441
0.0362850,0.2850600
0.0362900,0.2850798
0.0362950,0.2851006
0.0363000,0.3042100
0.0363050,0.3042163
0.0363100,0.3042218
0.0363150,0.3042262
0.0363200,0.3042307
0.0363250,0.3042390
0.0363300,0.3042548
0.0363350,0.3042790
0.0363400,0.3043098
0.0363450,0.3043437
0.0363500,0.3043756
0.0363550,0.3044019
0.0363600,0.3044215
0.0363650,0.3044354
0.0363700,0.3044461
0.0363750,0.3044553
0.0363800,0.3044643
0.0363850,0.3044728
0.0363900,0.3044782
0.0363950,0.3044776
0.0364000,0.2985907
0.0364050,0.2985891
0.0364100,0.2985898
0.0364150,0.2985938
0.0364200,0.2986004
0.0364250,0.2986079
0.0364300,0.2986149
0.0364350,0.2986201
0.0364400,0.2986240
0.0364450,0.2986282
0.0364500,0.2986319
0.0364550,0.2986338
0.0364600,0.2986348
0.0364650,0.2986386
0.0364700,0.2986479
0.0364750,0.2986625
0.0364800,0.2986815
0.0364850,0.2987037
0.0364900,0.2987264
0.0364950,0.2987465
0.0365000,0.3135091
0.0365050,0.3135102
0.0365100,0.3135168
0.0365150,0.3135272
0.0365200,0.3135398
0.0365250,0.3135528
0.0365300,0.3135633
0.0365350,0.3135699
0.0365400,0.3135741
0.0365450,0.3135797
0.0365500,0.3135894
0.0365550,0.3136037
0.0365600,0.3136207
0.0365650,0.3136376
0.0365700,0.3136513
0.0365750,0.3136580
0.0365800,0.3136565
0.0365850,0.3136486
0.0365900,0.3136380
0.0365950,0.3136290
0.0366000,0.3105868
0.0366050,0.3105696
0.0366100,0.3105610
0.0366150,0.3105605
0.0366200,0.3105653
0.0366250,0.3105720
0.0366300,0.3105789
0.0366350,0.3105860
0.0366400,0.3105945
0.0366450,0.3106060
0.0366500,0.3106201
0.0366550,0.3106353
0.0366600,0.3106494
0.0366650,0.3106609
0.0366700,0.3106688
0.0366750,0.3106724
0.0366800,0.3106710
0.0366850,0.3106651
0.0366900,0.3106556
0.0366950,0.3106436
0.0367000,0.3199011
0.0367050,0.3198947
0.0367100,0.3198948
0.0367150,0.3198986
0.0367200,0.3199031
0.0367250,0.3199064
0.0367300,0.3199084
0.0367350,0.3199104
0.0367400,0.3199147
0.0367450,0.3199231
0.0367500,0.3199353
0.0367550,0.3199491
0.0367600,0.3199617
0.0367650,0.3199713
0.0367700,0.3199780
0.0367750,0.3199839
0.0367800,0.3199911
0.0367850,0.3200006
0.0367900,0.3200119
0.0367950,0.3200235
0.0368000,0.3129060
0.0368050,0.3128993
0.0368100,0.3128990
0.0368150,0.3129055
0.0368200,0.3129165
0.0368250,0.3129292
0.0368300,0.3129425
0.0368350,0.3129563
0.0368400,0.3129698
0.0368450,0.3129802
0.0368500,0.3129858
0.0368550,0.3129872
0.0368600,0.3129850
0.0368650,0.3129798
0.0368700,0.3129725
0.0368750,0.3129650
0.0368800,0.3129592
0.0368850,0.3129555
0.0368900,0.3129556
0.0368950,0.3129608
0.0369000,0.3318754
0.0369050,0.3318863
0.0369100,0.3319046
0.0369150,0.3319289
0.0369200,0.3319565
0.0369250,0.3319840
0.0369300,0.3320092
0.0369350,0.3320313
0.0369400,0.3320506
0.0369450,0.3320678
0.0369500,0.3320847
0.0369550,0.3321033
0.0369600,0.3321243
0.0369650,0.3321465
0.0369700,0.3321677
0.0369750,0.3321869
0.0369800,0.3322039
0.0369850,0.3322198
0.0369900,0.3322366
0.0369950,0.3322555
0.0370000,0.3071014
0.0370050,0.3070992
0.0370100,0.3071017
0.0370150,0.3071103
0.0370200,0.3071252
0.0370250,0.3071436
0.0370300,0.3071616
0.0370350,0.3071768
0.0370400,0.3071885
0.0370450,0.3071965
0.0370500,0.3072010
0.0370550,0.3072020
0.0370600,0.3071992
0.0370650,0.3071910
0.0370700,0.3071764
0.0370750,0.3071564
0.0370800,0.3071328
0.0370850,0.3071078
0.0370900,0.3070845
0.0370950,0.3070664
0.0371000,0.3049655
0.0371050,0.3049581
0.0371100,0.3049573
0.0371150,0.3049632
0.0371200,0.3049733
0.0371250,0.3049846
0.0371300,0.3049963
0.0371350,0.3050099
0.0371400,0.3050264
0.0371450,0.3050442
0.0371500,0.3050615
0.0371550,0.3050762
0.0371600,0.3050869
0.0371650,0.3050939
0.0371700,0.3050993
0.0371750,0.3051061
0.0371800,0.3051157
0.0371850,0.3051273
0.0371900,0.3051400
0.0371950,0.3051537
0.0372000,0.3179633
0.0372050,0.3179766
0.0372100,0.3179878
0.0372150,0.3179972
0.0372200,0.3180074
0.0372250,0.3180207
0.0372300,0.3180391
0.0372350,0.3180626
0.0372400,0.3180897
0.0372450,0.3181171
0.0372500,0.3181422
0.0372550,0.3181627
0.0372600,0.3181768
0.0372650,0.3181843
0.0372700,0.3181856
0.0372750,0.3181830
0.0372800,0.3181796
0.0372850,0.3181790
0.0372900,0.3181824
0.0372950,0.3181882
0.0373000,0.3570715
0.0373050,0.3570685
0.0373100,0.3570735
0.0373150,0.3570860
0.0373200,0.3571034
0.0373250,0.3571228
0.0373300,0.3571435
0.0373350,0.3571668
0.0373400,0.3571925
0.0373450,0.3572207
0.0373500,0.3572522
0.0373550,0.3572862
0.0373600,0.3573192
0.0373650,0.3573488
0.0373700,0.3573750
0.0373750,0.3574002
0.0373800,0.3574284
0.0373850,0.3574630
0.0373900,0.3575052
0.0373950,0.3575535
0.0374000,0.3097292
0.0374050,0.3097598
0.0374100,0.3097919
0.0374150,0.3098233
0.0374200,0.3098531
0.0374250,0.3098829
0.0374300,0.3099150
0.0374350,0.3099501
0.0374400,0.3099853
0.0374450,0.3100154
0.0374500,0.3100370
0.0374550,0.3100492
0.0374600,0.3100547
0.0374650,0.3100584
0.0374700,0.3100649
0.0374750,0.3100767
0.0374800,0.3100928
0.0374850,0.3101096
0.0374900,0.3101233
0.0374950,0.3101320
0.0375000,0.3344485
0.0375050,0.3344378
0.0375100,0.3344300
0.0375150,0.3344277
0.0375200,0.3344321
0.0375250,0.3344420
0.0375300,0.3344547
0.0375350,0.3344687
0.0375400,0.3344827
0.0375450,0.3344965
0.0375500,0.3345104
0.0375550,0.3345245
0.0375600,0.3345387
0.0375650,0.3345525
0.0375700,0.3345669
0.0375750,0.3345834
0.0375800,0.3346020
0.0375850,0.3346212
0.0375900,0.3346395
0.0375950,0.3346571
0.0376000,0.3330602
0.0376050,0.3330668
0.0376100,0.3330867
0.0376150,0.3331176
0.0376200,0.3331554
0.0376250,0.3331940
0.0376300,0.3332273
0.0376350,0.3332530
0.0376400,0.3332725
0.0376450,0.3332884
0.0376500,0.3333020
0.0376550,0.3333130
0.0376600,0.3333208
0.0376650,0.3333250
0.0376700,0.3333255
0.0376750,0.3333220
0.0376800,0.3333154
0.0376850,0.3333077
0.0376900,0.3333007
0.0376950,0.3332953
0.0377000,0.3390986
0.0377050,0.3390703
0.0377100,0.3390471
0.0377150,0.3390303
0.0377200,0.3390218
0.0377250,0.3390232
0.0377300,0.3390349
0.0377350,0.3390555
0.0377400,0.3390815
0.0377450,0.3391091
0.0377500,0.3391360
0.0377550,0.3391621
0.0377600,0.3391876
0.0377650,0.3392116
0.0377700,0.3392323
0.0377750,0.3392480
0.0377800,0.3392584
0.0377850,0.3392651
0.0377900,0.3392715
0.0377950,0.3392833
0.0378000,0.2950936
0.0378050,0.2951125
0.0378100,0.2951384
0.0378150,0.2951678
0.0378200,0.2951978
0.0378250,0.2952264
0.0378300,0.2952532
0.0378350,0.2952788
0.0378400,0.2953035
0.0378450,0.2953268
0.0378500,0.2953466
0.0378550,0.2953613
0.0378600,0.2953709
0.0378650,0.2953757
0.0378700,0.2953760
0.0378750,0.2953724
0.0378800,0.2953672
0.0378850,0.2953622
0.0378900,0.2953587
0.0378950,0.2953575
0.0379000,0.3142893
0.0379050,0.3142824
0.0379100,0.3142765
0.0379150,0.3142717
0.0379200,0.3142696
0.0379250,0.3142719
0.0379300,0.3142799
0.0379350,0.3142926
0.0379400,0.3143076
0.0379450,0.3143212
0.0379500,0.3143316
0.0379550,0.3143396
0.0379600,0.3143481
0.0379650,0.3143596
0.0379700,0.3143750
0.0379750,0.3143938
0.0379800,0.3144150
0.0379850,0.3144371
0.0379900,0.3144578
0.0379950,0.3144759
0.0380000,0.3188506
0.0380050,0.3188678
0.0380100,0.3188872
0.0380150,0.3189087
0.0380200,0.3189306
0.0380250,0.3189496
0.0380300,0.3189636
0.0380350,0.3189726
0.0380400,0.3189778
0.0380450,0.3189803
0.0380500,0.3189807
0.0380550,0.3189791
0.0380600,0.3189740
0.0380650,0.3189637
0.0380700,0.3189493
0.0380750,0.3189332
0.0380800,0.3189184
0.0380850,0.3189065
0.0380900,0.3188988
0.0380950,0.3188966
0.0381000,0.3432712
0.0381050,0.3432742
0.0381100,0.3432876
0.0381150,0.3433097
0.0381200,0.3433393
0.0381250,0.3433746
0.0381300,0.3434135
0.0381350,0.3434539
0.0381400,0.3434947
0.0381450,0.3435347
0.0381500,0.3435718
0.0381550,0.3436032
0.0381600,0.3436265
0.0381650,0.3436415
0.0381700,0.3436492
0.0381750,0.3436520
0.0381800,0.3436536
0.0381850,0.3436566
0.0381900,0.3436621
0.0381950,0.3436702
0.0382000,0.3179550
0.0382050,0.3179609
0.0382100,0.3179709
0.0382150,0.3179829
0.0382200,0.3179950
0.0382250,0.3180057
0.0382300,0.3180144
0.0382350,0.3180220
0.0382400,0.3180297
0.0382450,0.3180380
0.0382500,0.3180466
0.0382550,0.3180554
0.0382600,0.3180641
0.0382650,0.3180710
0.0382700,0.3180742
0.0382750,0.3180720
0.0382800,0.3180647
0.0382850,0.3180546
0.0382900,0.3180448
0.0382950,0.3180368
0.0383000,0.3053025
0.0383050,0.3052967
0.0383100,0.3052913
0.0383150,0.3052865
0.0383200,0.3052834
0.0383250,0.3052845
0.0383300,0.3052918
0.0383350,0.3053049
0.0383400,0.3053215
0.0383450,0.3053404
0.0383500,0.3053624
0.0383550,0.3053885
0.0383600,0.3054191
0.0383650,0.3054535
0.0383700,0.3054902
0.0383750,0.3055265
0.0383800,0.3055602
0.0383850,0.3055905
0.0383900,0.3056192
0.0383950,0.3056480
0.0384000,0.3147239
0.0384050,0.3147405
0.0384100,0.3147633
0.0384150,0.3147899
0.0384200,0.3148185
0.0384250,0.3148486
0.0384300,0.3148802
0.0384350,0.3149127
0.0384400,0.3149448
0.0384450,0.3149759
0.0384500,0.3150061
0.0384550,0.3150336
0.0384600,0.3150573
0.0384650,0.3150781
0.0384700,0.3150986
0.0384750,0.3151217
0.0384800,0.3151492
0.0384850,0.3151819
0.0384900,0.3152173
0.0384950,0.3152511
0.0385000,0.3024013
0.0385050,0.3024242
0.0385100,0.3024481
0.0385150,0.3024721
0.0385200,0.3024958
0.0385250,0.3025197
0.0385300,0.3025432
0.0385350,0.3025650
0.0385400,0.3025844
0.0385450,0.3026018
0.0385500,0.3026182
0.0385550,0.3026347
0.0385600,0.3026535
0.0385650,0.3026769
0.0385700,0.3027042
0.0385750,0.3027323
0.0385800,0.3027586
0.0385850,0.3027812
0.0385900,0.3027981
0.0385950,0.3028079
0.0386000,0.2985784
0.0386050,0.2985835
0.0386100,0.2985923
0.0386150,0.2986071
0.0386200,0.2986299
0.0386250,0.2986606
0.0386300,0.2986963
0.0386350,0.2987320
0.0386400,0.2987639
0.0386450,0.2987912
0.0386500,0.2988157
0.0386550,0.2988401
0.0386600,0.2988648
0.0386650,0.2988879
0.0386700,0.2989071
0.0386750,0.2989231
0.0386800,0.2989387
0.0386850,0.2989567
0.0386900,0.2989777
0.0386950,0.2990019
0.0387000,0.3479879
0.0387050,0.3480032
0.0387100,0.3480319
0.0387150,0.3480702
0.0387200,0.3481127
0.0387250,0.3481532
0.0387300,0.3481872
0.0387350,0.3482132
0.0387400,0.3482318
0.0387450,0.3482447
0.0387500,0.3482534
0.0387550,0.3482589
0.0387600,0.3482630
0.0387650,0.3482684
0.0387700,0.3482769
0.0387750,0.3482880
0.0387800,0.3482999
0.0387850,0.3483110
0.0387900,0.3483216
0.0387950,0.3483328
0.0388000,0.3251081
0.0388050,0.3250986
0.0388100,0.3250932
0.0388150,0.3250914
0.0388200,0.3250931
0.0388250,0.3250975
0.0388300,0.3251033
0.0388350,0.3251104
0.0388400,0.3251204
0.0388450,0.3251349
0.0388500,0.3251544
0.0388550,0.3251761
0.0388600,0.3251953
0.0388650,0.3252083
0.0388700,0.3252149
0.0388750,0.3252179
0.0388800,0.3252198
0.0388850,0.3252217
0.0388900,0.3252232
0.0388950,0.3252241
0.0389000,0.3080180
0.0389050,0.3080086
0.0389100,0.3080092
0.0389150,0.3080197
0.0389200,0.3080378
0.0389250,0.3080597
0.0389300,0.3080814
0.0389350,0.3080996
0.0389400,0.3081129
0.0389450,0.3081211
0.0389500,0.3081243
0.0389550,0.3081222
0.0389600,0.3081147
0.0389650,0.3081028
0.0389700,0.3080888
0.0389750,0.3080746
0.0389800,0.3080613
0.0389850,0.3080489
0.0389900,0.3080371
0.0389950,0.3080261
0.0390000,0.3077211
0.0390050,0.3076988
0.0390100,0.3076844
0.0390150,0.3076794
0.0390200,0.3076827
0.0390250,0.3076920
0.0390300,0.3077044
0.0390350,0.3077176
0.0390400,0.3077306
0.0390450,0.3077422
0.0390500,0.3077513
0.0390550,0.3077580
0.0390600,0.3077634
0.0390650,0.3077679
0.0390700,0.3077712
0.0390750,0.3077737
0.0390800,0.3077763
0.0390850,0.3077799
0.0390900,0.3077848
0.0390950,0.3077911
0.0391000,0.3388241
0.0391050,0.3388232
0.0391100,0.3388300
0.0391150,0.3388422
0.0391200,0.3388569
0.0391250,0.3388720
0.0391300,0.3388864
0.0391350,0.3389007
0.0391400,0.3389157
0.0391450,0.3389310
0.0391500,0.3389447
0.0391550,0.3389549
0.0391600,0.3389619
0.0391650,0.3389668
0.0391700,0.3389696
0.0391750,0.3389689
0.0391800,0.3389645
0.0391850,0.3389588
0.0391900,0.3389549
0.0391950,0.3389547
0.0392000,0.3446727
0.0392050,0.3446817
0.0392100,0.3447068
0.0392150,0.3447434
0.0392200,0.3447860
0.0392250,0.3448290
0.0392300,0.3448678
0.0392350,0.3449007
0.0392400,0.3449288
0.0392450,0.3449548
0.0392500,0.3449807
0.0392550,0.3450066
0.0392600,0.3450304
0.0392650,0.3450494
0.0392700,0.3450627
0.0392750,0.3450719
0.0392800,0.3450796
0.0392850,0.3450889
0.0392900,0.3451011
0.0392950,0.3451148
0.0393000,0.3102770
0.0393050,0.3102714
0.0393100,0.3102715
0.0393150,0.3102736
0.0393200,0.3102734
0.0393250,0.3102691
0.0393300,0.3102619
0.0393350,0.3102546
0.0393400,0.3102499
0.0393450,0.3102513
0.0393500,0.3102612
0.0393550,0.3102777
0.0393600,0.3102940
0.0393650,0.3103026
0.0393700,0.3103011
0.0393750,0.3102917
0.0393800,0.3102793
0.0393850,0.3102684
0.0393900,0.3102619
0.0393950,0.3102595
0.0394000,0.3295783
0.0394050,0.3295625
0.0394100,0.3295501
0.0394150,0.3295422
0.0394200,0.3295405
0.0394250,0.3295477
0.0394300,0.3295652
0.0394350,0.3295910
0.0394400,0.3296209
0.0394450,0.3296517
0.0394500,0.3296837
0.0394550,0.3297180
0.0394600,0.3297551
0.0394650,0.3297955
0.0394700,0.3298392
0.0394750,0.3298858
0.0394800,0.3299329
0.0394850,0.3299770
0.0394900,0.3300143
0.0394950,0.3300425
0.0395000,0.3301009
0.0395050,0.3301051
0.0395100,0.3301137
0.0395150,0.3301251
0.0395200,0.3301375
0.0395250,0.3301503
0.0395300,0.3301648
0.0395350,0.3301830
0.0395400,0.3302049
0.0395450,0.3302291
0.0395500,0.3302544
0.0395550,0.3302789
0.0395600,0.3303003
0.0395650,0.3303157
0.0395700,0.3303225
0.0395750,0.3303196
0.0395800,0.3303085
0.0395850,0.3302926
0.0395900,0.3302757
0.0395950,0.3302605
0.0396000,0.3131897
0.0396050,0.3131730
0.0396100,0.3131610
0.0396150,0.3131540
0.0396200,0.3131538
0.0396250,0.3131622
0.0396300,0.3131804
0.0396350,0.3132081
0.0396400,0.3132438
0.0396450,0.3132854
0.0396500,0.3133294
0.0396550,0.3133718
0.0396600,0.3134085
0.0396650,0.3134376
0.0396700,0.3134592
0.0396750,0.3134748
0.0396800,0.3134876
0.0396850,0.3135006
0.0396900,0.3135136
0.0396950,0.3135247
0.0397000,0.3166054
0.0397050,0.3166120
0.0397100,0.3166186
0.0397150,0.3166268
0.0397200,0.3166393
0.0397250,0.3166583
0.0397300,0.3166835
0.0397350,0.3167134
0.0397400,0.3167459
0.0397450,0.3167786
0.0397500,0.3168078
0.0397550,0.3168306
0.0397600,0.3168479
0.0397650,0.3168654
0.0397700,0.3168874
0.0397750,0.3169140
0.0397800,0.3169437
0.0397850,0.3169731
0.0397900,0.3169971
0.0397950,0.3170102
0.0398000,0.3213011
0.0398050,0.3213006
0.0398100,0.3213020
0.0398150,0.3213086
0.0398200,0.3213217
0.0398250,0.3213402
0.0398300,0.3213599
0.0398350,0.3213749
0.0398400,0.3213805
0.0398450,0.3213759
0.0398500,0.3213626
0.0398550,0.3213437
0.0398600,0.3213226
0.0398650,0.3213043
0.0398700,0.3212931
0.0398750,0.3212906
0.0398800,0.3212962
0.0398850,0.3213078
0.0398900,0.3213230
0.0398950,0.3213399
0.0399000,0.3225553
0.0399050,0.3225801
0.0399100,0.3226089
0.0399150,0.3226402
0.0399200,0.3226719
0.0399250,0.3227017
0.0399300,0.3227271
0.0399350,0.3227451
0.0399400,0.3227530
0.0399450,0.3227503
0.0399500,0.3227385
0.0399550,0.3227205
0.0399600,0.3226990
0.0399650,0.3226776
0.0399700,0.3226590
0.0399750,0.3226449
0.0399800,0.3226353
0.0399850,0.3226300
0.0399900,0.3226283
0.0399950,0.3226295
0.0400000,0.3325985
0.0400050,0.3326113
0.0400100,0.3326363
0.0400150,0.3326697
0.0400200,0.3327066
0.0400250,0.3327438
0.0400300,0.3327799
0.0400350,0.3328115
0.0400400,0.3328351
0.0400450,0.3328488
0.0400500,0.3328546
0.0400550,0.3328585
0.0400600,0.3328667
0.0400650,0.3328828
0.0400700,0.3329036
0.0400750,0.3329224
0.0400800,0.3329363
0.0400850,0.3329474
0.0400900,0.3329592
0.0400950,0.3329722
0.0401000,0.3069873
0.0401050,0.3069979
0.0401100,0.3070112
0.0401150,0.3070259
0.0401200,0.3070402
0.0401250,0.3070523
0.0401300,0.3070613
0.0401350,0.3070671
0.0401400,0.3070722
0.0401450,0.3070812
0.0401500,0.3070983
0.0401550,0.3071242
0.0401600,0.3071566
0.0401650,0.3071931
0.0401700,0.3072314
0.0401750,0.3072674
0.0401800,0.3072969
0.0401850,0.3073166
0.0401900,0.3073271
0.0401950,0.3073316
0.0402000,0.2844339
0.0402050,0.2844296
0.0402100,0.2844281
0.0402150,0.2844265
0.0402200,0.2844229
0.0402250,0.2844181
0.0402300,0.2844144
0.0402350,0.2844153
0.0402400,0.2844246
0.0402450,0.2844432
0.0402500,0.2844682
0.0402550,0.2844947
0.0402600,0.2845176
0.0402650,0.2845337
0.0402700,0.2845415
0.0402750,0.2845412
0.0402800,0.2845356
0.0402850,0.2845300
0.0402900,0.2845303
0.0402950,0.2845402
0.0403000,0.3241910
0.0403050,0.3242132
0.0403100,0.3242351
0.0403150,0.3242516
0.0403200,0.3242614
0.0403250,0.3242663
0.0403300,0.3242704
0.0403350,0.3242778
0.0403400,0.3242902
0.0403450,0.3243059
0.0403500,0.3243214
0.0403550,0.3243333
0.0403600,0.3243397
0.0403650,0.3243423
0.0403700,0.3243463
0.0403750,0.3243589
0.0403800,0.3243841
0.0403850,0.3244225
0.0403900,0.3244706
0.0403950,0.3245206
0.0404000,0.3320961
0.0404050,0.3321106
0.0404100,0.3321174
0.0404150,0.3321179
0.0404200,0.3321143
0.0404250,0.3321088
0.0404300,0.3321035
0.0404350,0.3321002
0.0404400,0.3320998
0.0404450,0.3321013
0.0404500,0.3321040
0.0404550,0.3321080
0.0404600,0.3321148
0.0404650,0.3321264
0.0404700,0.3321430
0.0404750,0.3321637
0.0404800,0.3321851
0.0404850,0.3322040
0.0404900,0.3322194
0.0404950,0.3322329
0.0405000,0.3300302
0.0405050,0.3300361
0.0405100,0.3300466
0.0405150,0.3300607
0.0405200,0.3300786
0.0405250,0.3301023
0.0405300,0.3301336
0.0405350,0.3301728
0.0405400,0.3302169
0.0405450,0.3302605
0.0405500,0.3302984
0.0405550,0.3303270
0.0405600,0.3303439
0.0405650,0.3303485
0.0405700,0.3303434
0.0405750,0.3303337
0.0405800,0.3303238
0.0405850,0.3303158
0.0405900,0.3303101
0.0405950,0.3303059
0.0406000,0.3510213
0.0406050,0.3510068
0.0406100,0.3509981
0.0406150,0.3509945
0.0406200,0.3509955
0.0406250,0.3510012
0.0406300,0.3510116
0.0406350,0.3510263
0.0406400,0.3510442
0.0406450,0.3510630
0.0406500,0.3510809
0.0406550,0.3510980
0.0406600,0.3511168
0.0406650,0.3511384
0.0406700,0.3511620
0.0406750,0.3511866
0.0406800,0.3512116
0.0406850,0.3512364
0.0406900,0.3512600
0.0406950,0.3512814
0.0407000,0.3358069
0.0407050,0.3358052
0.0407100,0.3358047
0.0407150,0.3358072
0.0407200,0.3358128
0.0407250,0.3358197
0.0407300,0.3358257
0.0407350,0.3358298
0.0407400,0.3358323
0.0407450,0.3358352
0.0407500,0.3358422
0.0407550,0.3358556
0.0407600,0.3358747
0.0407650,0.3358970
0.0407700,0.3359196
0.0407750,0.3359407
0.0407800,0.3359600
0.0407850,0.3359793
0.0407900,0.3360018
0.0407950,0.3360301
0.0408000,0.3585823
0.0408050,0.3585977
0.0408100,0.3586203
0.0408150,0.3586441
0.0408200,0.3586642
0.0408250,0.3586788
0.0408300,0.3586910
0.0408350,0.3587066
0.0408400,0.3587301
0.0408450,0.3587618
0.0408500,0.3587980
0.0408550,0.3588334
0.0408600,0.3588621
0.0408650,0.3588802
0.0408700,0.3588888
0.0408750,0.3588937
0.0408800,0.3589019
0.0408850,0.3589182
0.0408900,0.3589431
0.0408950,0.3589717
0.0409000,0.3399044
0.0409050,0.3399130
0.0409100,0.3399208
0.0409150,0.3399279
0.0409200,0.3399356
0.0409250,0.3399462
0.0409300,0.3399621
0.0409350,0.3399843
0.0409400,0.3400113
0.0409450,0.3400399
0.0409500,0.3400667
0.0409550,0.3400898
0.0409600,0.3401088
0.0409650,0.3401248
0.0409700,0.3401411
0.0409750,0.3401614
0.0409800,0.3401871
0.0409850,0.3402163
0.0409900,0.3402445
0.0409950,0.3402673
0.0410000,0.3197249
0.0410050,0.3197187
0.0410100,0.3197160
0.0410150,0.3197192
0.0410200,0.3197297
0.0410250,0.3197463
0.0410300,0.3197656
0.0410350,0.3197833
0.0410400,0.3197961
0.0410450,0.3198035
0.0410500,0.3198070
0.0410550,0.3198089
0.0410600,0.3198103
0.0410650,0.3198109
0.0410700,0.3198095
0.0410750,0.3198048
0.0410800,0.3197969
0.0410850,0.3197888
0.0410900,0.3197847
0.0410950,0.3197879
0.0411000,0.3190143
0.0411050,0.3190309
0.0411100,0.3190534
0.0411150,0.3190759
0.0411200,0.3190937
0.0411250,0.3191052
0.0411300,0.3191122
0.0411350,0.3191174
0.0411400,0.3191224
0.0411450,0.3191278
0.0411500,0.3191330
0.0411550,0.3191364
0.0411600,0.3191373
0.0411650,0.3191372
0.0411700,0.3191387
0.0411750,0.3191435
0.0411800,0.3191525
0.0411850,0.3191659
0.0411900,0.3191834
0.0411950,0.3192031
0.0412000,0.3112417
0.0412050,0.3112508
0.0412100,0.3112597
0.0412150,0.3112664
0.0412200,0.3112702
0.0412250,0.3112724
0.0412300,0.3112750
0.0412350,0.3112803
0.0412400,0.3112902
0.0412450,0.3113070
0.0412500,0.3113322
0.0412550,0.3113646
0.0412600,0.3113995
0.0412650,0.3114311
0.0412700,0.3114570
0.0412750,0.3114781
0.0412800,0.3114960
0.0412850,0.3115127
0.0412900,0.3115290
0.0412950,0.3115432
0.0413000,0.3233191
0.0413050,0.3233245
0.0413100,0.3233321
0.0413150,0.3233407
0.0413200,0.3233486
0.0413250,0.3233553
0.0413300,0.3233620
0.0413350,0.3233714
0.0413400,0.3233857
0.0413450,0.3234058
0.0413500,0.3234293
0.0413550,0.3234514
0.0413600,0.3234678
0.0413650,0.3234767
0.0413700,0.3234788
0.0413750,0.3234760
0.0413800,0.3234711
0.0413850,0.3234671
0.0413900,0.3234657
0.0413950,0.3234667
0.0414000,0.3417149
0.0414050,0.3417000
0.0414100,0.3416863
0.0414150,0.3416740
0.0414200,0.3416620
0.0414250,0.3416498
0.0414300,0.3416378
0.0414350,0.3416284
0.0414400,0.3416235
0.0414450,0.3416248
0.0414500,0.3416326
0.0414550,0.3416455
0.0414600,0.3416604
0.0414650,0.3416742
0.0414700,0.3416857
0.0414750,0.3416948
0.0414800,0.3417028
0.0414850,0.3417122
0.0414900,0.3417245
0.0414950,0.3417395
0.0415000,0.3231394
0.0415050,0.3231228
0.0415100,0.3231081
0.0415150,0.3230960
0.0415200,0.3230879
0.0415250,0.3230856
0.0415300,0.3230892
0.0415350,0.3230974
0.0415400,0.3231086
0.0415450,0.3231230
0.0415500,0.3231416
0.0415550,0.3231642
0.0415600,0.3231899
0.0415650,0.3232174
0.0415700,0.3232458
0.0415750,0.3232740
0.0415800,0.3233025
0.0415850,0.3233335
0.0415900,0.3233676
0.0415950,0.3234028
0.0416000,0.3636950
0.0416050,0.3637193
0.0416100,0.3637539
0.0416150,0.3637965
0.0416200,0.3638447
0.0416250,0.3638941
0.0416300,0.3639389
0.0416350,0.3639755
0.0416400,0.3640029
0.0416450,0.3640231
0.0416500,0.3640390
0.0416550,0.3640525
0.0416600,0.3640660
0.0416650,0.3640812
0.0416700,0.3640985
0.0416750,0.3641152
0.0416800,0.3641283
0.0416850,0.3641373
0.0416900,0.3641458
0.0416950,0.3641584
0.0417000,0.3412060
0.0417050,0.3412092
0.0417100,0.3412212
0.0417150,0.3412385
0.0417200,0.3412588
0.0417250,0.3412809
0.0417300,0.3413033
0.0417350,0.3413238
0.0417400,0.3413402
0.0417450,0.3413519
0.0417500,0.3413606
0.0417550,0.3413694
0.0417600,0.3413795
0.0417650,0.3413891
0.0417700,0.3413952
0.0417750,0.3413949
0.0417800,0.3413874
0.0417850,0.3413733
0.0417900,0.3413554
0.0417950,0.3413389
0.0418000,0.3220288
0.0418050,0.3220232
0.0418100,0.3220266
0.0418150,0.3220337
0.0418200,0.3220407
0.0418250,0.3220458
0.0418300,0.3220494
0.0418350,0.3220529
0.0418400,0.3220582
0.0418450,0.3220671
0.0418500,0.3220800
0.0418550,0.3220968
0.0418600,0.3221152
0.0418650,0.3221308
0.0418700,0.3221408
0.0418750,0.3221466
0.0418800,0.3221540
0.0418850,0.3221693
0.0418900,0.3221939
0.0418950,0.3222246
0.0419000,0.3337966
0.0419050,0.3338015
0.0419100,0.3338050
0.0419150,0.3338096
0.0419200,0.3338178
0.0419250,0.3338290
0.0419300,0.3338419
0.0419350,0.3338565
0.0419400,0.3338747
0.0419450,0.3338980
0.0419500,0.3339250
0.0419550,0.3339522
0.0419600,0.3339774
0.0419650,0.3339986
0.0419700,0.3340149
0.0419750,0.3340270
0.0419800,0.3340365
0.0419850,0.3340437
0.0419900,0.3340480
0.0419950,0.3340500
0.0420000,0.3159866
0.0420050,0.3159816
0.0420100,0.3159796
0.0420150,0.3159784
0.0420200,0.3159770
0.0420250,0.3159768
0.0420300,0.3159807
0.0420350,0.3159903
0.0420400,0.3160051
0.0420450,0.3160223
0.0420500,0.3160384
0.0420550,0.3160521
0.0420600,0.3160626
0.0420650,0.3160699
0.0420700,0.3160749
0.0420750,0.3160796
0.0420800,0.3160866
0.0420850,0.3160973
0.0420900,0.3161116
0.0420950,0.3161291
0.0421000,0.3414281
0.0421050,0.3414419
0.0421100,0.3414563
0.0421150,0.3414725
0.0421200,0.3414930
0.0421250,0.3415195
0.0421300,0.3415514
0.0421350,0.3415850
0.0421400,0.3416158
0.0421450,0.3416394
0.0421500,0.3416527
0.0421550,0.3416575
0.0421600,0.3416585
0.0421650,0.3416609
0.0421700,0.3416693
0.0421750,0.3416854
0.0421800,0.3417065
0.0421850,0.3417262
0.0421900,0.3417381
0.0421950,0.3417389
0.0422000,0.3288760
0.0422050,0.3288574
0.0422100,0.3288411
0.0422150,0.3288299
0.0422200,0.3288246
0.0422250,0.3288231
0.0422300,0.3288227
0.0422350,0.3288210
0.0422400,0.3288176
0.0422450,0.3288150
0.0422500,0.3288175
0.0422550,0.3288286
0.0422600,0.3288483
0.0422650,0.3288744
0.0422700,0.3289038
0.0422750,0.3289314
0.0422800,0.3289524
0.0422850,0.3289646
0.0422900,0.3289695
0.0422950,0.3289704
0.0423000,0.3521008
0.0423050,0.3521062
0.0423100,0.3521232
0.0423150,0.3521467
0.0423200,0.3521707
0.0423250,0.3521909
0.0423300,0.3522071
0.0423350,0.3522223
0.0423400,0.3522413
0.0423450,0.3522678
0.0423500,0.3523018
0.0423550,0.3523387
0.0423600,0.3523716
0.0423650,0.3523953
0.0423700,0.3524072
0.0423750,0.3524065
0.0423800,0.3523952
0.0423850,0.3523779
0.0423900,0.3523617
0.0423950,0.3523533
0.0424000,0.3390084
0.0424050,0.3390248
0.0424100,0.3390528
0.0424150,0.3390824
0.0424200,0.3391071
0.0424250,0.3391264
0.0424300,0.3391448
0.0424350,0.3391670
0.0424400,0.3391950
0.0424450,0.3392266
0.0424500,0.3392567
0.0424550,0.3392791
0.0424600,0.3392894
0.0424650,0.3392866
0.0424700,0.3392740
0.0424750,0.3392569
0.0424800,0.3392418
0.0424850,0.3392338
0.0424900,0.3392342
0.0424950,0.3392392
0.0425000,0.3145457
0.0425050,0.3145166
0.0425100,0.3144835
0.0425150,0.3144482
0.0425200,0.3144145
0.0425250,0.3143886
0.0425300,0.3143768
0.0425350,0.3143811
0.0425400,0.3143998
0.0425450,0.3144287
0.0425500,0.3144609
0.0425550,0.3144909
0.0425600,0.3145169
0.0425650,0.3145408
0.0425700,0.3145664
0.0425750,0.3145962
0.0425800,0.3146304
0.0425850,0.3146663
0.0425900,0.3146991
0.0425950,0.3147231
0.0426000,0.3242832
0.0426050,0.3242688
0.0426100,0.3242482
0.0426150,0.3242277
0.0426200,0.3242131
0.0426250,0.3242072
0.0426300,0.3242084
0.0426350,0.3242114
0.0426400,0.3242119
0.0426450,0.3242083
0.0426500,0.3242007
0.0426550,0.3241912
0.0426600,0.3241826
0.0426650,0.3241784
0.0426700,0.3241812
0.0426750,0.3241926
0.0426800,0.3242127
0.0426850,0.3242388
0.0426900,0.3242673
0.0426950,0.3242948
0.0427000,0.3455211
0.0427050,0.3455447
0.0427100,0.3455760
0.0427150,0.3456136
0.0427200,0.3456551
0.0427250,0.3456985
0.0427300,0.3457417
0.0427350,0.3457822
0.0427400,0.3458186
0.0427450,0.3458502
0.0427500,0.3458764
0.0427550,0.3458972
0.0427600,0.3459134
0.0427650,0.3459265
0.0427700,0.3459364
0.0427750,0.3459427
0.0427800,0.3459484
0.0427850,0.3459564
0.0427900,0.3459673
0.0427950,0.3459796
0.0428000,0.3239588
0.0428050,0.3239732
0.0428100,0.3239946
0.0428150,0.3240229
0.0428200,0.3240563
0.0428250,0.3240911
0.0428300,0.3241230
0.0428350,0.3241486
0.0428400,0.3241688
0.0428450,0.3241868
0.0428500,0.3242062
0.0428550,0.3242288
0.0428600,0.3242538
0.0428650,0.3242788
0.0428700,0.3243008
0.0428750,0.3243178
0.0428800,0.3243308
0.0428850,0.3243414
0.0428900,0.3243506
0.0428950,0.3243593
0.0429000,0.3463989
0.0429050,0.3463991
0.0429100,0.3464053
0.0429150,0.3464158
0.0429200,0.3464295
0.0429250,0.3464459
0.0429300,0.3464648
0.0429350,0.3464869
0.0429400,0.3465128
0.0429450,0.3465399
0.0429500,0.3465639
0.0429550,0.3465808
0.0429600,0.3465902
0.0429650,0.3465948
0.0429700,0.3465982
0.0429750,0.3466043
0.0429800,0.3466161
0.0429850,0.3466338
0.0429900,0.3466552
0.0429950,0.3466773
0.0430000,0.3200316
0.0430050,0.3200383
0.0430100,0.3200423
0.0430150,0.3200440
0.0430200,0.3200444
0.0430250,0.3200435
0.0430300,0.3200409
0.0430350,0.3200375
0.0430400,0.3200356
0.0430450,0.3200354
0.0430500,0.3200374
0.0430550,0.3200424
0.0430600,0.3200513
0.0430650,0.3200629
0.0430700,0.3200739
0.0430750,0.3200825
0.0430800,0.3200890
0.0430850,0.3200931
0.0430900,0.3200952
0.0430950,0.3200989
0.0431000,0.3417125
0.0431050,0.3417340
0.0431100,0.3417659
0.0431150,0.3418070
0.0431200,0.3418527
0.0431250,0.3418973
0.0431300,0.3419366
0.0431350,0.3419700
0.0431400,0.3419997
0.0431450,0.3420273
0.0431500,0.3420532
0.0431550,0.3420762
0.0431600,0.3420938
0.0431650,0.3421041
0.0431700,0.3421069
0.0431750,0.3421051
0.0431800,0.3421021
0.0431850,0.3421005
0.0431900,0.3421023
0.0431950,0.3421082
0.0432000,0.3240566
0.0432050,0.3240449
0.0432100,0.3240397
0.0432150,0.3240398
0.0432200,0.3240435
0.0432250,0.3240482
0.0432300,0.3240503
0.0432350,0.3240470
0.0432400,0.3240382
0.0432450,0.3240280
0.0432500,0.3240235
0.0432550,0.3240301
0.0432600,0.3240458
0.0432650,0.3240634
0.0432700,0.3240739
0.0432750,0.3240720
0.0432800,0.3240581
0.0432850,0.3240385
0.0432900,0.3240221
0.0432950,0.3240163
0.0433000,0.3275925
0.0433050,0.3275927
0.0433100,0.3276071
0.0433150,0.3276345
0.0433200,0.3276714
0.0433250,0.3277118
0.0433300,0.3277511
0.0433350,0.3277895
0.0433400,0.3278304
0.0433450,0.3278753
0.0433500,0.3279218
0.0433550,0.3279660
0.0433600,0.3280055
0.0433650,0.3280402
0.0433700,0.3280717
0.0433750,0.3281013
0.0433800,0.3281274
0.0433850,0.3281481
0.0433900,0.3281635
0.0433950,0.3281758
0.0434000,0.3090487
0.0434050,0.3090422
0.0434100,0.3090363
0.0434150,0.3090301
0.0434200,0.3090231
0.0434250,0.3090151
0.0434300,0.3090053
0.0434350,0.3089924
0.0434400,0.3089768
0.0434450,0.3089628
0.0434500,0.3089575
0.0434550,0.3089644
0.0434600,0.3089817
0.0434650,0.3090022
0.0434700,0.3090190
0.0434750,0.3090295
0.0434800,0.3090353
0.0434850,0.3090409
0.0434900,0.3090504
0.0434950,0.3090657
0.0435000,0.3536690
0.0435050,0.3536793
0.0435100,0.3536972
0.0435150,0.3537197
0.0435200,0.3537427
0.0435250,0.3537628
0.0435300,0.3537778
0.0435350,0.3537880
0.0435400,0.3537944
0.0435450,0.3537977
0.0435500,0.3537978
0.0435550,0.3537932
0.0435600,0.3537831
0.0435650,0.3537686
0.0435700,0.3537521
0.0435750,0.3537364
0.0435800,0.3537248
0.0435850,0.3537210
0.0435900,0.3537281
0.0435950,0.3537473
0.0436000,0.3681663
0.0436050,0.3682009
0.0436100,0.3682342
0.0436150,0.3682637
0.0436200,0.3682890
0.0436250,0.3683125
0.0436300,0.3683384
0.0436350,0.3683690
0.0436400,0.3684022
0.0436450,0.3684323
0.0436500,0.3684527
0.0436550,0.3684595
0.0436600,0.3684546
0.0436650,0.3684450
0.0436700,0.3684389
0.0436750,0.3684413
0.0436800,0.3684526
0.0436850,0.3684708
0.0436900,0.3684909
0.0436950,0.3685067
0.0437000,0.3659604
0.0437050,0.3659557
0.0437100,0.3659552
0.0437150,0.3659617
0.0437200,0.3659781
0.0437250,0.3660060
0.0437300,0.3660433
0.0437350,0.3660840
0.0437400,0.3661220
0.0437450,0.3661557
0.0437500,0.3661866
0.0437550,0.3662164
0.0437600,0.3662462
0.0437650,0.3662755
0.0437700,0.3663031
0.0437750,0.3663265
0.0437800,0.3663421
0.0437850,0.3663474
0.0437900,0.3663417
0.0437950,0.3663275
0.0438000,0.3289427
0.0438050,0.3289196
0.0438100,0.3289057
0.0438150,0.3289014
0.0438200,0.3289040
0.0438250,0.3289106
0.0438300,0.3289203
0.0438350,0.3289334
0.0438400,0.3289485
0.0438450,0.3289641
0.0438500,0.3289797
0.0438550,0.3289964
0.0438600,0.3290148
0.0438650,0.3290346
0.0438700,0.3290546
0.0438750,0.3290718
0.0438800,0.3290835
0.0438850,0.3290908
0.0438900,0.3290963
0.0438950,0.3291032
0.0439000,0.3571206
0.0439050,0.3571153
0.0439100,0.3571192
0.0439150,0.3571298
0.0439200,0.3571428
0.0439250,0.3571543
0.0439300,0.3571614
0.0439350,0.3571619
0.0439400,0.3571549
0.0439450,0.3571437
0.0439500,0.3571338
0.0439550,0.3571305
0.0439600,0.3571362
0.0439650,0.3571499
0.0439700,0.3571693
0.0439750,0.3571924
0.0439800,0.3572177
0.0439850,0.3572436
0.0439900,0.3572688
0.0439950,0.3572935
0.0440000,0.3576253
0.0440050,0.3576386
0.0440100,0.3576553
0.0440150,0.3576728
0.0440200,0.3576888
0.0440250,0.3577016
0.0440300,0.3577115
0.0440350,0.3577196
0.0440400,0.3577275
0.0440450,0.3577378
0.0440500,0.3577536
0.0440550,0.3577759
0.0440600,0.3578020
0.0440650,0.3578264
0.0440700,0.3578440
0.0440750,0.3578523
0.0440800,0.3578521
0.0440850,0.3578470
0.0440900,0.3578407
0.0440950,0.3578357
0.0441000,0.3526751
0.0441050,0.3526679
0.0441100,0.3526697
0.0441150,0.3526789
0.0441200,0.3526922
0.0441250,0.3527053
0.0441300,0.3527148
0.0441350,0.3527192
0.0441400,0.3527191
0.0441450,0.3527162
0.0441500,0.3527111
0.0441550,0.3527035
0.0441600,0.3526926
0.0441650,0.3526779
0.0441700,0.3526611
0.0441750,0.3526460
0.0441800,0.3526372
0.0441850,0.3526389
0.0441900,0.3526531
0.0441950,0.3526789
0.0442000,0.3664241
0.0442050,0.3664492
0.0442100,0.3664778
0.0442150,0.3665065
0.0442200,0.3665314
0.0442250,0.3665488
0.0442300,0.3665591
0.0442350,0.3665656
0.0442400,0.3665720
0.0442450,0.3665810
0.0442500,0.3665925
0.0442550,0.3666052
0.0442600,0.3666166
0.0442650,0.3666255
0.0442700,0.3666334
0.0442750,0.3666428
0.0442800,0.3666548
0.0442850,0.3666682
0.0442900,0.3666806
0.0442950,0.3666885
0.0443000,0.3331075
0.0443050,0.3331019
0.0443100,0.3330916
0.0443150,0.3330775
0.0443200,0.3330614
0.0443250,0.3330466
0.0443300,0.3330371
0.0443350,0.3330353
0.0443400,0.3330413
0.0443450,0.3330532
0.0443500,0.3330680
0.0443550,0.3330816
0.0443600,0.3330901
0.0443650,0.3330923
0.0443700,0.3330901
0.0443750,0.3330864
0.0443800,0.3330827
0.0443850,0.3330796
0.0443900,0.3330767
0.0443950,0.3330721
0.0444000,0.3498246
0.0444050,0.3498058
0.0444100,0.3497923
0.0444150,0.3497868
0.0444200,0.3497896
0.0444250,0.3497996
0.0444300,0.3498146
0.0444350,0.3498312
0.0444400,0.3498459
0.0444450,0.3498555
0.0444500,0.3498589
0.0444550,0.3498578
0.0444600,0.3498545
0.0444650,0.3498514
0.0444700,0.3498501
0.0444750,0.3498510
0.0444800,0.3498545
0.0444850,0.3498614
0.0444900,0.3498720
0.0444950,0.3498863
0.0445000,0.3388009
0.0445050,0.3388078
0.0445100,0.3388237
0.0445150,0.3388469
0.0445200,0.3388752
0.0445250,0.3389064
0.0445300,0.3389379
0.0445350,0.3389666
0.0445400,0.3389912
0.0445450,0.3390127
0.0445500,0.3390327
0.0445550,0.3390517
0.0445600,0.3390694
0.0445650,0.3390862
0.0445700,0.3391027
0.0445750,0.3391203
0.0445800,0.3391415
0.0445850,0.3391684
0.0445900,0.3392011
0.0445950,0.3392374
0.0446000,0.3350397
0.0446050,0.3350662
0.0446100,0.3350951
0.0446150,0.3351258
0.0446200,0.3351581
0.0446250,0.3351928
0.0446300,0.3352306
0.0446350,0.3352715
0.0446400,0.3353152
0.0446450,0.3353608
0.0446500,0.3354062
0.0446550,0.3354502
0.0446600,0.3354932
0.0446650,0.3355362
0.0446700,0.3355776
0.0446750,0.3356134
0.0446800,0.3356407
0.0446850,0.3356586
0.0446900,0.3356672
0.0446950,0.3356679
0.0447000,0.3260149
0.0447050,0.3260111
0.0447100,0.3260142
0.0447150,0.3260260
0.0447200,0.3260477
0.0447250,0.3260787
0.0447300,0.3261166
0.0447350,0.3261577
0.0447400,0.3261978
0.0447450,0.3262343
0.0447500,0.3262666
0.0447550,0.3262961
0.0447600,0.3263247
0.0447650,0.3263528
0.0447700,0.3263775
0.0447750,0.3263938
0.0447800,0.3263977
0.0447850,0.3263892
0.0447900,0.3263722
0.0447950,0.3263521
0.0448000,0.3048129
0.0448050,0.3047918
0.0448100,0.3047751
0.0448150,0.3047613
0.0448200,0.3047481
0.0448250,0.3047340
0.0448300,0.3047193
0.0448350,0.3047063
0.0448400,0.3046971
0.0448450,0.3046936
0.0448500,0.3046963
0.0448550,0.3047047
0.0448600,0.3047163
0.0448650,0.3047276
0.0448700,0.3047363
0.0448750,0.3047415
0.0448800,0.3047439
0.0448850,0.3047456
0.0448900,0.3047491
0.0448950,0.3047564
0.0449000,0.3122721
0.0449050,0.3122747
0.0449100,0.3122764
0.0449150,0.3122751
0.0449200,0.3122705
0.0449250,0.3122639
0.0449300,0.3122569
0.0449350,0.3122502
0.0449400,0.3122435
0.0449450,0.3122363
0.0449500,0.3122290
0.0449550,0.3122222
0.0449600,0.3122152
0.0449650,0.3122075
0.0449700,0.3122007
0.0449750,0.3121977
0.0449800,0.3122009
0.0449850,0.3122110
0.0449900,0.3122270
0.0449950,0.3122460
0.0450000,0.3337389
0.0450050,0.3337700
0.0450100,0.3337991
0.0450150,0.3338199
0.0450200,0.3338285
0.0450250,0.3338254
0.0450300,0.3338149
0.0450350,0.3338024
0.0450400,0.3337929
0.0450450,0.3337891
0.0450500,0.3337900
0.0450550,0.3337914
0.0450600,0.3337898
0.0450650,0.3337850
0.0450700,0.3337802
0.0450750,0.3337783
0.0450800,0.3337811
0.0450850,0.3337892
0.0450900,0.3338023
0.0450950,0.3338180
0.0451000,0.3570692
0.0451050,0.3570500
0.0451100,0.3570309
0.0451150,0.3570153
0.0451200,0.3570066
0.0451250,0.3570085
0.0451300,0.3570231
0.0451350,0.3570482
0.0451400,0.3570783
0.0451450,0.3571075
0.0451500,0.3571322
0.0451550,0.3571510
0.0451600,0.3571635
0.0451650,0.3571703
0.0451700,0.3571741
0.0451750,0.3571768
0.0451800,0.3571795
0.0451850,0.3571823
0.0451900,0.3571860
0.0451950,0.3571904
0.0452000,0.3571337
0.0452050,0.3571285
0.0452100,0.3571253
0.0452150,0.3571241
0.0452200,0.3571240
0.0452250,0.3571244
0.0452300,0.3571271
0.0452350,0.3571344
0.0452400,0.3571464
0.0452450,0.3571604
0.0452500,0.3571737
0.0452550,0.3571856
0.0452600,0.3571965
0.0452650,0.3572072
0.0452700,0.3572193
0.0452750,0.3572343
0.0452800,0.3572522
0.0452850,0.3572710
0.0452900,0.3572880
0.0452950,0.3573007
0.0453000,0.3435998
0.0453050,0.3435963
0.0453100,0.3435902
0.0453150,0.3435844
0.0453200,0.3435819
0.0453250,0.3435848
0.0453300,0.3435942
0.0453350,0.3436095
0.0453400,0.3436305
0.0453450,0.3436566
0.0453500,0.3436868
0.0453550,0.3437203
0.0453600,0.3437553
0.0453650,0.3437902
0.0453700,0.3438235
0.0453750,0.3438547
0.0453800,0.3438838
0.0453850,0.3439100
0.0453900,0.3439328
0.0453950,0.3439520
0.0454000,0.3557104
0.0454050,0.3557143
0.0454100,0.3557151
0.0454150,0.3557147
0.0454200,0.3557160
0.0454250,0.3557218
0.0454300,0.3557339
0.0454350,0.3557517
0.0454400,0.3557722
0.0454450,0.3557907
0.0454500,0.3558053
0.0454550,0.3558183
0.0454600,0.3558337
0.0454650,0.3558543
0.0454700,0.3558809
0.0454750,0.3559132
0.0454800,0.3559487
0.0454850,0.3559827
0.0454900,0.3560118
0.0454950,0.3560355
0.0455000,0.3520892
0.0455050,0.3520986
0.0455100,0.3521077
0.0455150,0.3521172
0.0455200,0.3521270
0.0455250,0.3521363
0.0455300,0.3521439
0.0455350,0.3521484
0.0455400,0.3521489
0.0455450,0.3521457
0.0455500,0.3521409
0.0455550,0.3521370
0.0455600,0.3521359
0.0455650,0.3521384
0.0455700,0.3521440
0.0455750,0.3521507
0.0455800,0.3521549
0.0455850,0.3521531
0.0455900,0.3521437
0.0455950,0.3521268
0.0456000,0.3499034
0.0456050,0.3498847
0.0456100,0.3498751
0.0456150,0.3498715
0.0456200,0.3498674
0.0456250,0.3498579
0.0456300,0.3498437
0.0456350,0.3498294
0.0456400,0.3498194
0.0456450,0.3498161
0.0456500,0.3498211
0.0456550,0.3498335
0.0456600,0.3498498
0.0456650,0.3498657
0.0456700,0.3498784
0.0456750,0.3498868
0.0456800,0.3498906
0.0456850,0.3498925
0.0456900,0.3498976
0.0456950,0.3499103
0.0457000,0.3467868
0.0457050,0.3468007
0.0457100,0.3468207
0.0457150,0.3468434
0.0457200,0.3468656
0.0457250,0.3468865
0.0457300,0.3469073
0.0457350,0.3469302
0.0457400,0.3469559
0.0457450,0.3469851
0.0457500,0.3470183
0.0457550,0.3470543
0.0457600,0.3470902
0.0457650,0.3471212
0.0457700,0.3471437
0.0457750,0.3471589
0.0457800,0.3471718
0.0457850,0.3471886
0.0457900,0.3472131
0.0457950,0.3472448
0.0458000,0.3491445
0.0458050,0.3491587
0.0458100,0.3491714
0.0458150,0.3491810
0.0458200,0.3491869
0.0458250,0.3491908
0.0458300,0.3491949
0.0458350,0.3492011
0.0458400,0.3492097
0.0458450,0.3492202
0.0458500,0.3492306
0.0458550,0.3492372
0.0458600,0.3492383
0.0458650,0.3492341
0.0458700,0.3492266
0.0458750,0.3492176
0.0458800,0.3492088
0.0458850,0.3492028
0.0458900,0.3492022
0.0458950,0.3492074
0.0459000,0.3390608
0.0459050,0.3390540
0.0459100,0.3390502
0.0459150,0.3390497
0.0459200,0.3390542
0.0459250,0.3390651
0.0459300,0.3390815
0.0459350,0.3390998
0.0459400,0.3391156
0.0459450,0.3391264
0.0459500,0.3391304
0.0459550,0.3391283
0.0459600,0.3391232
0.0459650,0.3391192
0.0459700,0.3391192
0.0459750,0.3391249
0.0459800,0.3391375
0.0459850,0.3391569
0.0459900,0.3391812
0.0459950,0.3392078
0.0460000,0.3587305
0.0460050,0.3587384
0.0460100,0.3587566
0.0460150,0.3587883
0.0460200,0.3588330
0.0460250,0.3588866
0.0460300,0.3589414
0.0460350,0.3589889
0.0460400,0.3590237
0.0460450,0.3590464
0.0460500,0.3590617
0.0460550,0.3590751
0.0460600,0.3590899
0.0460650,0.3591068
0.0460700,0.3591250
0.0460750,0.3591426
0.0460800,0.3591581
0.0460850,0.3591707
0.0460900,0.3591811
0.0460950,0.3591908
0.0461000,0.3580304
0.0461050,0.3580293
0.0461100,0.3580371
0.0461150,0.3580524
0.0461200,0.3580709
0.0461250,0.3580877
0.0461300,0.3580995
0.0461350,0.3581063
0.0461400,0.3581104
0.0461450,0.3581147
0.0461500,0.3581218
0.0461550,0.3581332
0.0461600,0.3581491
0.0461650,0.3581691
0.0461700,0.3581922
0.0461750,0.3582161
0.0461800,0.3582388
0.0461850,0.3582595
0.0461900,0.3582806
0.0461950,0.3583046
0.0462000,0.3638690
0.0462050,0.3638788
0.0462100,0.3638892
0.0462150,0.3638969
0.0462200,0.3639004
0.0462250,0.3639010
0.0462300,0.3639013
0.0462350,0.3639040
0.0462400,0.3639104
0.0462450,0.3639205
0.0462500,0.3639337
0.0462550,0.3639485
0.0462600,0.3639625
0.0462650,0.3639734
0.0462700,0.3639800
0.0462750,0.3639831
0.0462800,0.3639847
0.0462850,0.3639872
0.0462900,0.3639923
0.0462950,0.3640004
0.0463000,0.3992133
0.0463050,0.3992215
0.0463100,0.3992334
0.0463150,0.3992487
0.0463200,0.3992681
0.0463250,0.3992917
0.0463300,0.3993187
0.0463350,0.3993465
0.0463400,0.3993716
0.0463450,0.3993901
0.0463500,0.3994011
0.0463550,0.3994051
0.0463600,0.3994034
0.0463650,0.3993989
0.0463700,0.3993952
0.0463750,0.3993955
0.0463800,0.3994008
0.0463850,0.3994107
0.0463900,0.3994243
0.0463950,0.3994408
0.0464000,0.3721740
0.0464050,0.3721762
0.0464100,0.3721878
0.0464150,0.3722053
0.0464200,0.3722246
0.0464250,0.3722427
0.0464300,0.3722594
0.0464350,0.3722763
0.0464400,0.3722952
0.0464450,0.3723169
0.0464500,0.3723409
0.0464550,0.3723658
0.0464600,0.3723883
0.0464650,0.3724043
0.0464700,0.3724118
0.0464750,0.3724120
0.0464800,0.3724091
0.0464850,0.3724079
0.0464900,0.3724121
0.0464950,0.3724225
0.0465000,0.3454003
0.0465050,0.3454200
0.0465100,0.3454440
0.0465150,0.3454713
0.0465200,0.3455006
0.0465250,0.3455308
0.0465300,0.3455609
0.0465350,0.3455898
0.0465400,0.3456159
0.0465450,0.3456375
0.0465500,0.3456551
0.0465550,0.3456706
0.0465600,0.3456860
0.0465650,0.3457013
0.0465700,0.3457155
0.0465750,0.3457267
0.0465800,0.3457328
0.0465850,0.3457321
0.0465900,0.3457252
0.0465950,0.3457155
0.0466000,0.3240531
0.0466050,0.3240500
0.0466100,0.3240479
0.0466150,0.3240432
0.0466200,0.3240337
0.0466250,0.3240207
0.0466300,0.3240076
0.0466350,0.3239968
0.0466400,0.3239878
0.0466450,0.3239791
0.0466500,0.3239697
0.0466550,0.3239590
0.0466600,0.3239465
0.0466650,0.3239317
0.0466700,0.3239176
0.0466750,0.3239116
0.0466800,0.3239199
0.0466850,0.3239433
0.0466900,0.3239777
0.0466950,0.3240175
0.0467000,0.3571732
0.0467050,0.3571934
0.0467100,0.3572061
0.0467150,0.3572091
0.0467200,0.3572037
0.0467250,0.3571927
0.0467300,0.3571797
0.0467350,0.3571674
0.0467400,0.3571565
0.0467450,0.3571452
0.0467500,0.3571299
0.0467550,0.3571086
0.0467600,0.3570837
0.0467650,0.3570610
0.0467700,0.3570455
0.0467750,0.3570384
0.0467800,0.3570371
0.0467850,0.3570385
0.0467900,0.3570410
0.0467950,0.3570435
0.0468000,0.3502282
0.0468050,0.3502222
0.0468100,0.3502225
0.0468150,0.3502314
0.0468200,0.3502493
0.0468250,0.3502725
0.0468300,0.3502966
0.0468350,0.3503198
0.0468400,0.3503436
0.0468450,0.3503706
0.0468500,0.3504028
0.0468550,0.3504406
0.0468600,0.3504822
0.0468650,0.3505237
0.0468700,0.3505619
0.0468750,0.3505960
0.0468800,0.3506274
0.0468850,0.3506579
0.0468900,0.3506897
0.0468950,0.3507256
0.0469000,0.3404423
0.0469050,0.3404633
0.0469100,0.3404883
0.0469150,0.3405162
0.0469200,0.3405450
0.0469250,0.3405716
0.0469300,0.3405930
0.0469350,0.3406084
0.0469400,0.3406187
0.0469450,0.3406261
0.0469500,0.3406326
0.0469550,0.3406396
0.0469600,0.3406477
0.0469650,0.3406570
0.0469700,0.3406659
0.0469750,0.3406719
0.0469800,0.3406726
0.0469850,0.3406668
0.0469900,0.3406546
0.0469950,0.3406368
0.0470000,0.3746663
0.0470050,0.3746335
0.0470100,0.3746098
0.0470150,0.3745962
0.0470200,0.3745914
0.0470250,0.3745930
0.0470300,0.3745984
0.0470350,0.3746055
0.0470400,0.3746145
0.0470450,0.3746271
0.0470500,0.3746452
0.0470550,0.3746693
0.0470600,0.3746968
0.0470650,0.3747242
0.0470700,0.3747493
0.0470750,0.3747716
0.0470800,0.3747914
0.0470850,0.3748090
0.0470900,0.3748249
0.0470950,0.3748388
0.0471000,0.3512964
0.0471050,0.3513038
0.0471100,0.3513143
0.0471150,0.3513272
0.0471200,0.3513413
0.0471250,0.3513550
0.0471300,0.3513676
0.0471350,0.3513792
0.0471400,0.3513915
0.0471450,0.3514063
0.0471500,0.3514246
0.0471550,0.3514456
0.0471600,0.3514681
0.0471650,0.3514901
0.0471700,0.3515090
0.0471750,0.3515219
0.0471800,0.3515279
0.0471850,0.3515294
0.0471900,0.3515296
0.0471950,0.3515325
0.0472000,0.3650053
0.0472050,0.3650177
0.0472100,0.3650420
0.0472150,0.3650698
0.0472200,0.3650953
0.0472250,0.3651179
0.0472300,0.3651389
0.0472350,0.3651601
0.0472400,0.3651836
0.0472450,0.3652105
0.0472500,0.3652402
0.0472550,0.3652696
0.0472600,0.3652953
0.0472650,0.3653132
0.0472700,0.3653204
0.0472750,0.3653162
0.0472800,0.3653036
0.0472850,0.3652891
0.0472900,0.3652789
0.0472950,0.3652762
0.0473000,0.3552398
0.0473050,0.3552425
0.0473100,0.3552448
0.0473150,0.3552429
0.0473200,0.3552376
0.0473250,0.3552326
0.0473300,0.3552330
0.0473350,0.3552440
0.0473400,0.3552674
0.0473450,0.3553003
0.0473500,0.3553366
0.0473550,0.3553704
0.0473600,0.3553989
0.0473650,0.3554223
0.0473700,0.3554435
0.0473750,0.3554673
0.0473800,0.3554971
0.0473850,0.3555319
0.0473900,0.3555673
0.0473950,0.3555994
0.0474000,0.3369030
0.0474050,0.3369204
0.0474100,0.3369386
0.0474150,0.3369584
0.0474200,0.3369824
0.0474250,0.3370122
0.0474300,0.3370462
0.0474350,0.3370815
0.0474400,0.3371146
0.0474450,0.3371431
0.0474500,0.3371655
0.0474550,0.3371820
0.0474600,0.3371952
0.0474650,0.3372073
0.0474700,0.3372196
0.0474750,0.3372323
0.0474800,0.3372449
0.0474850,0.3372557
0.0474900,0.3372629
0.0474950,0.3372659
0.0475000,0.3468249
0.0475050,0.3468217
0.0475100,0.3468294
0.0475150,0.3468510
0.0475200,0.3468824
0.0475250,0.3469166
0.0475300,0.3469479
0.0475350,0.3469737
0.0475400,0.3469924
0.0475450,0.3470044
0.0475500,0.3470118
0.0475550,0.3470173
0.0475600,0.3470224
0.0475650,0.3470271
0.0475700,0.3470311
0.0475750,0.3470329
0.0475800,0.3470313
0.0475850,0.3470262
0.0475900,0.3470194
0.0475950,0.3470145
0.0476000,0.3700465
0.0476050,0.3700474
0.0476100,0.3700588
0.0476150,0.3700791
0.0476200,0.3701046
0.0476250,0.3701318
0.0476300,0.3701580
0.0476350,0.3701822
0.0476400,0.3702045
0.0476450,0.3702256
0.0476500,0.3702456
0.0476550,0.3702666
0.0476600,0.3702911
0.0476650,0.3703187
0.0476700,0.3703462
0.0476750,0.3703690
0.0476800,0.3703830
0.0476850,0.3703872
0.0476900,0.3703834
0.0476950,0.3703754
0.0477000,0.3425652
0.0477050,0.3425314
0.0477100,0.3425002
0.0477150,0.3424759
0.0477200,0.3424622
0.0477250,0.3424597
0.0477300,0.3424658
0.0477350,0.3424769
0.0477400,0.3424916
0.0477450,0.3425110
0.0477500,0.3425363
0.0477550,0.3425676
0.0477600,0.3426040
0.0477650,0.3426437
0.0477700,0.3426834
0.0477750,0.3427180
0.0477800,0.3427448
0.0477850,0.3427650
0.0477900,0.3427815
0.0477950,0.3427977
0.0478000,0.3591123
0.0478050,0.3591201
0.0478100,0.3591402
0.0478150,0.3591702
0.0478200,0.3592042
0.0478250,0.3592364
0.0478300,0.3592637
0.0478350,0.3592861
0.0478400,0.3593062
0.0478450,0.3593268
0.0478500,0.3593485
0.0478550,0.3593695
0.0478600,0.3593872
0.0478650,0.3593989
0.0478700,0.3594035
0.0478750,0.3594016
0.0478800,0.3593963
0.0478850,0.3593919
0.0478900,0.3593909
0.0478950,0.3593933
0.0479000,0.3515150
0.0479050,0.3515118
0.0479100,0.3515102
0.0479150,0.3515078
0.0479200,0.3515027
0.0479250,0.3514949
0.0479300,0.3514867
0.0479350,0.3514814
0.0479400,0.3514819
0.0479450,0.3514906
0.0479500,0.3515083
0.0479550,0.3515339
0.0479600,0.3515637
0.0479650,0.3515935
0.0479700,0.3516194
0.0479750,0.3516388
0.0479800,0.3516525
0.0479850,0.3516639
0.0479900,0.3516751
0.0479950,0.3516839
0.0480000,0.3536937
0.0480050,0.3536781
0.0480100,0.3536656
0.0480150,0.3536566
0.0480200,0.3536522
0.0480250,0.3536551
0.0480300,0.3536681
0.0480350,0.3536909
0.0480400,0.3537195
0.0480450,0.3537495
0.0480500,0.3537785
0.0480550,0.3538061
0.0480600,0.3538323
0.0480650,0.3538573
0.0480700,0.3538791
0.0480750,0.3538959
0.0480800,0.3539077
0.0480850,0.3539164
0.0480900,0.3539240
0.0480950,0.3539315
0.0481000,0.3394091
0.0481050,0.3393967
0.0481100,0.3393867
0.0481150,0.3393804
0.0481200,0.3393802
0.0481250,0.3393872
0.0481300,0.3393991
0.0481350,0.3394116
0.0481400,0.3394205
0.0481450,0.3394222
0.0481500,0.3394153
0.0481550,0.3394032
0.0481600,0.3393927
0.0481650,0.3393903
0.0481700,0.3393988
0.0481750,0.3394164
0.0481800,0.3394400
0.0481850,0.3394667
0.0481900,0.3394941
0.0481950,0.3395199
0.0482000,0.3255530
0.0482050,0.3255619
0.0482100,0.3255703
0.0482150,0.3255754
0.0482200,0.3255757
0.0482250,0.3255714
0.0482300,0.3255639
0.0482350,0.3255535
0.0482400,0.3255411
0.0482450,0.3255291
0.0482500,0.3255202
0.0482550,0.3255151
0.0482600,0.3255137
0.0482650,0.3255162
0.0482700,0.3255227
0.0482750,0.3255325
0.0482800,0.3255453
0.0482850,0.3255603
0.0482900,0.3255763
0.0482950,0.3255918
0.0483000,0.3639751
0.0483050,0.3639818
0.0483100,0.3639958
0.0483150,0.3640140
0.0483200,0.3640323
0.0483250,0.3640482
0.0483300,0.3640632
0.0483350,0.3640809
0.0483400,0.3641050
0.0483450,0.3641369
0.0483500,0.3641731
0.0483550,0.3642077
0.0483600,0.3642356
0.0483650,0.3642538
0.0483700,0.3642618
0.0483750,0.3642615
0.0483800,0.3642576
0.0483850,0.3642563
0.0483900,0.3642623
0.0483950,0.3642757
0.0484000,0.3501644
0.0484050,0.3501665
0.0484100,0.3501676
0.0484150,0.3501682
0.0484200,0.3501713
0.0484250,0.3501801
0.0484300,0.3501961
0.0484350,0.3502191
0.0484400,0.3502482
0.0484450,0.3502820
0.0484500,0.3503182
0.0484550,0.3503531
0.0484600,0.3503837
0.0484650,0.3504096
0.0484700,0.3504336
0.0484750,0.3504604
0.0484800,0.3504938
0.0484850,0.3505324
0.0484900,0.3505699
0.0484950,0.3506005
0.0485000,0.3203636
0.0485050,0.3203729
0.0485100,0.3203856
0.0485150,0.3204012
0.0485200,0.3204191
0.0485250,0.3204383
0.0485300,0.3204574
0.0485350,0.3204754
0.0485400,0.3204918
0.0485450,0.3205064
0.0485500,0.3205176
0.0485550,0.3205234
0.0485600,0.3205222
0.0485650,0.3205132
0.0485700,0.3204975
0.0485750,0.3204770
0.0485800,0.3204542
0.0485850,0.3204321
0.0485900,0.3204128
0.0485950,0.3203972
0.0486000,0.3646979
0.0486050,0.3646934
0.0486100,0.3646966
0.0486150,0.3647072
0.0486200,0.3647229
0.0486250,0.3647411
0.0486300,0.3647605
0.0486350,0.3647804
0.0486400,0.3648004
0.0486450,0.3648203
0.0486500,0.3648404
0.0486550,0.3648622
0.0486600,0.3648881
0.0486650,0.3649199
0.0486700,0.3649578
0.0486750,0.3650009
0.0486800,0.3650473
0.0486850,0.3650945
0.0486900,0.3651406
0.0486950,0.3651850
0.0487000,0.3433393
0.0487050,0.3433630
0.0487100,0.3433877
0.0487150,0.3434147
0.0487200,0.3434453
0.0487250,0.3434796
0.0487300,0.3435174
0.0487350,0.3435569
0.0487400,0.3435962
0.0487450,0.3436326
0.0487500,0.3436641
0.0487550,0.3436898
0.0487600,0.3437104
0.0487650,0.3437275
0.0487700,0.3437440
0.0487750,0.3437619
0.0487800,0.3437820
0.0487850,0.3438024
0.0487900,0.3438205
0.0487950,0.3438343
0.0488000,0.3303018
0.0488050,0.3302946
0.0488100,0.3302935
0.0488150,0.3302967
0.0488200,0.3303018
0.0488250,0.3303057
0.0488300,0.3303043
0.0488350,0.3302953
0.0488400,0.3302817
0.0488450,0.3302697
0.0488500,0.3302643
0.0488550,0.3302683
0.0488600,0.3302812
0.0488650,0.3302988
0.0488700,0.3303162
0.0488750,0.3303306
0.0488800,0.3303443
0.0488850,0.3303608
0.0488900,0.3303819
0.0488950,0.3304065
0.0489000,0.3693017
0.0489050,0.3693099
0.0489100,0.3693209
0.0489150,0.3693348
0.0489200,0.3693521
0.0489250,0.3693738
0.0489300,0.3694005
0.0489350,0.3694311
0.0489400,0.3694633
0.0489450,0.3694935
0.0489500,0.3695187
0.0489550,0.3695385
0.0489600,0.3695542
0.0489650,0.3695677
0.0489700,0.3695804
0.0489750,0.3695936
0.0489800,0.3696090
0.0489850,0.3696270
0.0489900,0.3696472
0.0489950,0.3696677
0.0490000,0.3338509
0.0490050,0.3338655
0.0490100,0.3338815
0.0490150,0.3338977
0.0490200,0.3339138
0.0490250,0.3339302
0.0490300,0.3339471
0.0490350,0.3339639
0.0490400,0.3339783
0.0490450,0.3339871
0.0490500,0.3339885
0.0490550,0.3339835
0.0490600,0.3339755
0.0490650,0.3339688
0.0490700,0.3339643
0.0490750,0.3339596
0.0490800,0.3339537
0.0490850,0.3339502
0.0490900,0.3339538
0.0490950,0.3339668
0.0491000,0.3135730
0.0491050,0.3135855
0.0491100,0.3136036
0.0491150,0.3136253
0.0491200,0.3136487
0.0491250,0.3136719
0.0491300,0.3136934
0.0491350,0.3137130
0.0491400,0.3137311
0.0491450,0.3137489
0.0491500,0.3137686
0.0491550,0.3137906
0.0491600,0.3138135
0.0491650,0.3138352
0.0491700,0.3138531
0.0491750,0.3138663
0.0491800,0.3138758
0.0491850,0.3138839
0.0491900,0.3138936
0.0491950,0.3139063
0.0492000,0.3570594
0.0492050,0.3570696
0.0492100,0.3570803
0.0492150,0.3570893
0.0492200,0.3570954
0.0492250,0.3571000
0.0492300,0.3571054
0.0492350,0.3571134
0.0492400,0.3571257
0.0492450,0.3571422
0.0492500,0.3571609
0.0492550,0.3571785
0.0492600,0.3571921
0.0492650,0.3572021
0.0492700,0.3572102
0.0492750,0.3572188
0.0492800,0.3572294
0.0492850,0.3572442
0.0492900,0.3572644
0.0492950,0.3572892
0.0493000,0.3169286
0.0493050,0.3169242
0.0493100,0.3169277
0.0493150,0.3169390
0.0493200,0.3169554
0.0493250,0.3169750
0.0493300,0.3169967
0.0493350,0.3170192
0.0493400,0.3170403
0.0493450,0.3170586
0.0493500,0.3170747
0.0493550,0.3170900
0.0493600,0.3171057
0.0493650,0.3171218
0.0493700,0.3171377
0.0493750,0.3171522
0.0493800,0.3171649
0.0493850,0.3171774
0.0493900,0.3171922
0.0493950,0.3172104
0.0494000,0.3124013
0.0494050,0.3124036
0.0494100,0.3124105
0.0494150,0.3124197
0.0494200,0.3124278
0.0494250,0.3124336
0.0494300,0.3124368
0.0494350,0.3124382
0.0494400,0.3124385
0.0494450,0.3124391
0.0494500,0.3124420
0.0494550,0.3124468
0.0494600,0.3124528
0.0494650,0.3124600
0.0494700,0.3124684
0.0494750,0.3124774
0.0494800,0.3124857
0.0494850,0.3124939
0.0494900,0.3125030
0.0494950,0.3125138
0.0495000,0.3320490
0.0495050,0.3320517
0.0495100,0.3320589
0.0495150,0.3320693
0.0495200,0.3320806
0.0495250,0.3320909
0.0495300,0.3321001
0.0495350,0.3321088
0.0495400,0.3321162
0.0495450,0.3321212
0.0495500,0.3321226
0.0495550,0.3321198
0.0495600,0.3321143
0.0495650,0.3321082
0.0495700,0.3321038
0.0495750,0.3321023
0.0495800,0.3321037
0.0495850,0.3321073
0.0495900,0.3321118
0.0495950,0.3321167
0.0496000,0.3345793
0.0496050,0.3345861
0.0496100,0.3346010
0.0496150,0.3346239
0.0496200,0.3346532
0.0496250,0.3346864
0.0496300,0.3347194
0.0496350,0.3347488
0.0496400,0.3347726
0.0496450,0.3347905
0.0496500,0.3348036
0.0496550,0.3348129
0.0496600,0.3348195
0.0496650,0.3348239
0.0496700,0.3348265
0.0496750,0.3348276
0.0496800,0.3348281
0.0496850,0.3348305
0.0496900,0.3348366
0.0496950,0.3348479
0.0497000,0.3654395
0.0497050,0.3654506
0.0497100,0.3654693
0.0497150,0.3654897
0.0497200,0.3655086
0.0497250,0.3655258
0.0497300,0.3655427
0.0497350,0.3655608
0.0497400,0.3655800
0.0497450,0.3655993
0.0497500,0.3656172
0.0497550,0.3656337
0.0497600,0.3656512
0.0497650,0.3656709
0.0497700,0.3656927
0.0497750,0.3657156
0.0497800,0.3657388
0.0497850,0.3657632
0.0497900,0.3657894
0.0497950,0.3658174
0.0498000,0.3581404
0.0498050,0.3581528
0.0498100,0.3581724
0.0498150,0.3581971
0.0498200,0.3582246
0.0498250,0.3582512
0.0498300,0.3582720
0.0498350,0.3582849
0.0498400,0.3582924
0.0498450,0.3583003
0.0498500,0.3583125
0.0498550,0.3583296
0.0498600,0.3583501
0.0498650,0.3583703
0.0498700,0.3583868
0.0498750,0.3583976
0.0498800,0.3584043
0.0498850,0.3584114
0.0498900,0.3584228
0.0498950,0.3584407
0.0499000,0.3425413
0.0499050,0.3425662
0.0499100,0.3425932
0.0499150,0.3426165
0.0499200,0.3426336
0.0499250,0.3426443
0.0499300,0.3426515
0.0499350,0.3426586
0.0499400,0.3426689
0.0499450,0.3426839
0.0499500,0.3427025
0.0499550,0.3427219
0.0499600,0.3427402
0.0499650,0.3427569
0.0499700,0.3427733
0.0499750,0.3427928
0.0499800,0.3428191
0.0499850,0.3428530
0.0499900,0.3428907
0.0499950,0.3429270
0.0500000,0.3388953
