,Energy Transfer (meV),IPR,PPR,1/N
0,0.04136006262249528,0.003091534312605994,0.09025222718866101,0.00027901785714285713
1,0.08272012524499056,0.0030724836789557124,0.09081182726988181,0.00027901785714285713
2,0.12408018786748584,0.003041146645126795,0.09174758395487502,0.00027901785714285713
3,0.16544025048998112,0.002998124876507342,0.09306412128766908,0.00027901785714285713
4,0.2068003131124764,0.002944223495214469,0.09476789299330429,0.00027901785714285713
5,0.24816037573497168,0.002880417250029302,0.09686716642875914,0.00027901785714285713
6,0.28952043835746694,0.002807811409371088,0.09937200775366654,0.00027901785714285713
7,0.33088050097996224,0.002727599978451896,0.10229427311449801,0.00027901785714285713
8,0.37224056360245755,0.002641023790010387,0.10564761218669665,0.00027901785714285713
9,0.4136006262249528,0.0025493307467443376,0.1094474922483798,0.00027901785714285713
10,0.4549606888474481,0.002453740061249088,0.11371125309859503,0.00027901785714285713
11,0.49632075146994337,0.0023554118160601296,0.11845820558443455,0.00027901785714285713
12,0.5376808140924386,0.002255422621490944,0.12370978923604693,0.00027901785714285713
13,0.5790408767149339,0.0021547476413538184,0.12948980743171923,0.00027901785714285713
14,0.6204009393374292,0.0020542488288344467,0.13582476145363956,0.00027901785714285713
15,0.6617610019599245,0.00195466889097931,0.14274430745304706,0.00027901785714285713
16,0.7031210645824197,0.0018566302875793685,0.15028186225844356,0.00027901785714285713
17,0.7444811272049151,0.0017606384620750199,0.1584753844432193,0.00027901785714285713
18,0.7858411898274104,0.0016670884824826443,0.16736835511414552,0.00027901785714285713
19,0.8272012524499056,0.0015762743179530004,0.17701097706470187,0.00027901785714285713
20,0.868561315072401,0.0014884000683160151,0.18746159925841688,0.00027901785714285713
21,0.9099213776948962,0.0014035925771401121,0.19878835332071187,0.00027901785714285713
22,0.9512814403173915,0.0013219149724522142,0.21107095611850582,0.00027901785714285713
23,0.9926415029398867,0.001243380774528183,0.22440258274761737,0.00027901785714285713
24,1.034001565562382,0.0011679682706077442,0.23889164129233761,0.00027901785714285713
25,1.0753616281848772,0.0010956348683982542,0.25466317766133423,0.00027901785714285713
26,1.1167216908073725,0.0010263310944037484,0.27185949900987244,0.00027901785714285713
27,1.1580817534298677,0.0009600137971629578,0.29063942410766747,0.00027901785714285713
28,1.1994418160523632,0.0008966579587349074,0.31117535334936725,0.00027901785714285713
29,1.2408018786748585,0.0008362663367834804,0.3336471227767455,0.00027901785714285713
30,1.2821619412973537,0.0007788760026846228,0.3582314208951629,0.00027901785714285713
31,1.323522003919849,0.0007245607783323888,0.38508551040401334,0.00027901785714285713
32,1.3648820665423442,0.0006734286884289745,0.4143242810070524,0.00027901785714285713
33,1.4062421291648395,0.0006256139089662958,0.44599049532622986,0.00027901785714285713
34,1.447602191787335,0.0005812633350562765,0.4800197093385278,0.00027901785714285713
35,1.4889622544098302,0.000540518759205083,0.5162038363907968,0.00027901785714285713
36,1.5303223170323255,0.0005034965879943591,0.5541603732694671,0.00027901785714285713
37,1.5716823796548207,0.0004702677869701227,0.593316967212521,0.00027901785714285713
38,1.613042442277316,0.0004408410648446525,0.6329216567907074,0.00027901785714285713
39,1.6544025048998112,0.00041515200392239617,0.6720860179083071,0.00027901785714285713
40,1.6957625675223067,0.0003930599052076197,0.709860897654967,0.00027901785714285713
41,1.737122630144802,0.0003743527467698303,0.7453340720761706,0.00027901785714285713
42,1.7784826927672972,0.00035875921066463753,0.7777301567420345,0.00027901785714285713
43,1.8198427553897925,0.00034596559976522034,0.8064901751278295,0.00027901785714285713
44,1.8612028180122877,0.00033563490620904435,0.8313135850330053,0.00027901785714285713
45,1.902562880634783,0.00032742537034038613,0.8521571094286148,0.00027901785714285713
46,1.9439229432572784,0.00032100645071432994,0.8691970411247615,0.00027901785714285713
47,1.9852830058797735,0.0003160709668282402,0.8827696512045711,0.00027901785714285713
48,2.0266430685022687,0.0003123430241567798,0.8933058706725105,0.00027901785714285713
49,2.068003131124764,0.00030958200454961706,0.9012728551479439,0.00027901785714285713
50,2.1093631937472592,0.00030758332380914725,0.9071293387673555,0.00027901785714285713
51,2.1507232563697545,0.0003061768293605794,0.9112964482830358,0.00027901785714285713
52,2.1920833189922497,0.0003052236935159925,0.9141421949545923,0.00027901785714285713
53,2.233443381614745,0.00030461252720693295,0.9159763050496982,0.00027901785714285713
54,2.2748034442372402,0.00030425526187547055,0.9170518709288819,0.00027901785714285713
55,2.3161635068597355,0.0003040831703105149,0.9175708634513963,0.00027901785714285713
56,2.357523569482231,0.00030404324668522383,0.9176913487959314,0.00027901785714285713
57,2.3988836321047264,0.00030409505169770227,0.9175350127703686,0.00027901785714285713
58,2.4402436947272217,0.00030420804998464596,0.9171941937662064,0.00027901785714285713
59,2.481603757349717,0.00030435941809850057,0.9167380424303411,0.00027901785714285713
60,2.522963819972212,0.00030453227490232843,0.9162176890194826,0.00027901785714285713
61,2.5643238825947074,0.0003047142752293588,0.9156704487600393,0.00027901785714285713
62,2.6056839452172027,0.0003048965063605014,0.9151231690826721,0.00027901785714285713
63,2.647044007839698,0.0003050726310786236,0.9145948496145115,0.00027901785714285713
64,2.6884040704621937,0.0003052382278957659,0.9140986666917009,0.00027901785714285713
65,2.7297641330846885,0.0003053902867121439,0.9136435220215601,0.00027901785714285713
66,2.771124195707184,0.0003055268256107347,0.9132352178408973,0.00027901785714285713
67,2.812484258329679,0.00030564660118771037,0.9128773428483198,0.00027901785714285713
68,2.8538443209521747,0.00030574889055751966,0.9125719365132622,0.00027901785714285713
69,2.89520438357467,0.00030583332792890396,0.9123199849812296,0.00027901785714285713
70,2.936564446197165,0.00030589978250023073,0.9121217898958351,0.00027901785714285713
71,2.9779245088196604,0.00030594826748672836,0.9119772418876685,0.00027901785714285713
72,3.019284571442156,0.0003059788724988132,0.9118860229277411,0.00027901785714285713
73,3.060644634064651,0.00030599171336137505,0.9118477558682712,0.00027901785714285713
74,3.1020046966871466,0.0003059868949082999,0.9118621149656588,0.00027901785714285713
75,3.1433647593096414,0.0003059644833958581,0.9119289077152877,0.00027901785714285713
76,3.184724821932137,0.00030592448602880483,0.912048135684653,0.00027901785714285713
77,3.226084884554632,0.00030586683574405086,0.9122200400187848,0.00027901785714285713
78,3.2674449471771276,0.000305791379897485,0.9124451357536516,0.00027901785714285713
79,3.3088050097996224,0.00030569787188665403,0.912724237891688,0.00027901785714285713
80,3.350165072422118,0.00030558596504591605,0.9130584812719822,0.00027901785714285713
81,3.3915251350446134,0.000305455208393477,0.9134493355354276,0.00027901785714285713
82,3.4328851976671086,0.0003053050440098588,0.9138986158834873,0.00027901785714285713
83,3.474245260289604,0.00030513480599820333,0.9144084898151542,0.00027901785714285713
84,3.5156053229120996,0.0003049437211294499,0.9149814795642665,0.00027901785714285713
85,3.5569653855345944,0.00030473091141769594,0.9156204595220936,0.00027901785714285713
86,3.59832544815709,0.00030449539900925967,0.9163286474958272,0.00027901785714285713
87,3.639685510779585,0.0003042361139065683,0.917109588208007,0.00027901785714285713
88,3.6810455734020806,0.0003039519051868557,0.9179671269746763,0.00027901785714285713
89,3.7224056360245754,0.00030364155651456555,0.9189053710092966,0.00027901785714285713
90,3.763765698647071,0.0003033038068812196,0.9199286352911706,0.00027901785714285713
91,3.805125761269566,0.0003029373776286368,0.921041369430807,0.00027901785714285713
92,3.8464858238920616,0.0003025410069078264,0.9222480614929137,0.00027901785714285713
93,3.887845886514557,0.00030211349277603706,0.9235531143579172,0.00027901785714285713
94,3.929205949137052,0.00030165374611169357,0.9249606899943652,0.00027901785714285713
95,3.970566011759547,0.00030116085439490294,0.9264745170930802,0.00027901785714285713
96,4.011926074382043,0.0003006341571162654,0.928097658028098,0.00027901785714285713
97,4.053286137004537,0.00030007333308734084,0.9298322322485244,0.00027901785714285713
98,4.094646199627033,0.0002994784991781404,0.9316790951890255,0.00027901785714285713
99,4.136006262249528,0.0002988503189495989,0.9336374748521298,0.00027901785714285713
100,4.177366324872024,0.00029819011824702745,0.9357045725831613,0.00027901785714285713
101,4.2187263874945184,0.00029750000307050644,0.9378751403801866,0.00027901785714285713
102,4.260086450117014,0.000296782972990489,0.9401410543582595,0.00027901785714285713
103,4.301446512739509,0.00029604302115943386,0.9424909124697527,0.00027901785714285713
104,4.342806575362005,0.00029528520981273566,0.9449096936477279,0.00027901785714285713
105,4.3841666379844995,0.00029451570839932994,0.9473785240838174,0.00027901785714285713
106,4.425526700606995,0.0002937417805878478,0.9498746027360339,0.00027901785714285713
107,4.46688676322949,0.00029297170688426537,0.95237134025737,0.00027901785714285713
108,4.508246825851986,0.0002922146319867537,0.9548387609676754,0.00027901785714285713
109,4.5496068884744805,0.0002914803306737268,0.9572442040872401,0.00027901785714285713
110,4.590966951096976,0.00029077889305753434,0.9595533369323677,0.00027901785714285713
111,4.632327013719471,0.00029012033907277625,0.9617314595543264,0.00027901785714285713
112,4.673687076341967,0.0002895141821826318,0.9637450401889004,0.00027901785714285713
113,4.715047138964462,0.00028896897201378014,0.9655633793428573,0.00027901785714285713
114,4.756407201586957,0.0002884918531424612,0.9671602650251422,0.00027901785714285713
115,4.797767264209453,0.00028808818071224734,0.9685154609711325,0.00027901785714285713
116,4.839127326831948,0.0002877612315885266,0.9696158707779937,0.00027901785714285713
117,4.880487389454443,0.0002875120418807217,0.9704562470416858,0.00027901785714285713
118,4.921847452076939,0.0002873393886291251,0.9710393638478548,0.00027901785714285713
119,4.963207514699434,0.00028723991717901764,0.9713756356814564,0.00027901785714285713
120,5.00456757732193,0.0002872083989855161,0.9714822342536298,0.00027901785714285713
121,5.045927639944424,0.0002872380902236098,0.9713818140402153,0.00027901785714285713
122,5.08728770256692,0.00028732115200726224,0.9711009968935554,0.00027901785714285713
123,5.128647765189415,0.0002874490895564794,0.9706687802468559,0.00027901785714285713
124,5.170007827811911,0.00028761317028616113,0.9701150224283815,0.00027901785714285713
125,5.211367890434405,0.00028780478834742576,0.969469127824373,0.00027901785714285713
126,5.252727953056901,0.0002880157537062778,0.9687590124927791,0.00027901785714285713
127,5.294088015679396,0.00028823849527074983,0.968010386262836,0.00027901785714285713
128,5.335448078301891,0.00028846617803666893,0.9672463477066253,0.00027901785714285713
129,5.376808140924387,0.00028869274247161154,0.9664872582319739,0.00027901785714285713
130,5.418168203546882,0.0002889128798450433,0.9657508425810117,0.00027901785714285713
131,5.459528266169377,0.0002891219599951197,0.965052454499018,0.00027901785714285713
132,5.500888328791872,0.00028931592857224167,0.9644054460457641,0.00027901785714285713
133,5.542248391414368,0.00028949118979181997,0.9638215841508184,0.00027901785714285713
134,5.583608454036863,0.0002896444888567551,0.9633114658737615,0.00027901785714285713
135,5.624968516659358,0.0002897728060582843,0.9628848922653427,0.00027901785714285713
136,5.666328579281854,0.000289873272538871,0.9625511683055976,0.00027901785714285713
137,5.707688641904349,0.0002899431160137516,0.9623193024166289,0.00027901785714285713
138,5.749048704526844,0.00028997964341908586,0.9621980834689611,0.00027901785714285713
139,5.79040876714934,0.00028998026633656105,0.9621960165352059,0.00027901785714285713
140,5.831768829771835,0.0002899425738453973,0.9623211018732095,0.00027901785714285713
141,5.87312889239433,0.00028986445576704615,0.9625804461071762,0.00027901785714285713
142,5.914488955016826,0.0002897442766180792,0.9629797019619448,0.00027901785714285713
143,5.955849017639321,0.00028958109649457537,0.9635223449334647,0.00027901785714285713
144,5.997209080261816,0.0002893749292119243,0.964208813468142,0.00027901785714285713
145,6.038569142884312,0.0002891270202391022,0.9650355643416344,0.00027901785714285713
146,6.079929205506807,0.0002888401177225475,0.965994126241406,0.00027901785714285713
147,6.121289268129302,0.00028851870034972107,0.9670702689449672,0.00027901785714285713
148,6.162649330751797,0.00028816911798600927,0.9682434366766657,0.00027901785714285713
149,6.204009393374293,0.0002877995977483835,0.9694866126491114,0.00027901785714285713
150,6.245369455996788,0.0002874200726093421,0.9707667756458154,0.00027901785714285713
151,6.286729518619283,0.0002870418043385182,0.9720460675957913,0.00027901785714285713
152,6.328089581241778,0.0002866767983535979,0.9732837074547837,0.00027901785714285713
153,6.369449643864274,0.000286337042589992,0.9744385658909832,0.00027901785714285713
154,6.410809706486769,0.00028603363991160357,0.9754721760317612,0.00027901785714285713
155,6.452169769109264,0.0002857759350430265,0.9763518299777345,0.00027901785714285713
156,6.49352983173176,0.0002855707529681622,0.9770533370200009,0.00027901785714285713
157,6.534889894354255,0.00028542185923759395,0.9775630285926842,0.00027901785714285713
158,6.57624995697675,0.00028532972232750284,0.977878697202807,0.00027901785714285713
159,6.617610019599245,0.00028529160977762403,0.9780093335389111,0.00027901785714285713
160,6.658970082221741,0.0002853019947001931,0.9779737342392592,0.00027901785714285713
161,6.700330144844236,0.0002853532008402337,0.9777982385383382,0.00027901785714285713
162,6.741690207466731,0.00028543618366995167,0.9775139702171887,0.00027901785714285713
163,6.783050270089227,0.0002855413371745235,0.9771539907453778,0.00027901785714285713
164,6.824410332711722,0.00028565922944051244,0.976750716892071,0.00027901785714285713
165,6.865770395334217,0.000285781198135615,0.9763338489834856,0.00027901785714285713
166,6.907130457956713,0.0002858997705738219,0.9759289298583476,0.00027901785714285713
167,6.948490520579208,0.00028600890425898245,0.9755565403313636,0.00027901785714285713
168,6.989850583201703,0.0002861040673287735,0.9752320536646781,0.00027901785714285713
169,7.031210645824199,0.0002861821921820433,0.9749658251460005,0.00027901785714285713
170,7.072570708446694,0.0002862415404311243,0.9747636793828487,0.00027901785714285713
171,7.113930771069189,0.00028628151539808125,0.9746275680945595,0.00027901785714285713
172,7.155290833691684,0.00028630245236338465,0.9745562947142288,0.00027901785714285713
173,7.19665089631418,0.0002863054090834267,0.9745462303213208,0.00027901785714285713
174,7.238010958936675,0.0002862919714683027,0.974591972355568,0.00027901785714285713
175,7.27937102155917,0.0002862640827838507,0.9746869199568254,0.00027901785714285713
176,7.320731084181665,0.00028622389974599147,0.9748237564734137,0.00027901785714285713
177,7.362091146804161,0.00028617367543394936,0.9749948408768164,0.00027901785714285713
178,7.403451209426656,0.00028611566685518016,0.9751925164031103,0.00027901785714285713
179,7.444811272049151,0.0002860520639471458,0.9754093478396005,0.00027901785714285713
180,7.4861713346716465,0.00028598493649309464,0.9756382995703491,0.00027901785714285713
181,7.527531397294142,0.000285916195593879,0.9758728656951621,0.00027901785714285713
182,7.568891459916637,0.00028584756676692174,0.9761071619349011,0.00027901785714285713
183,7.610251522539132,0.00028578057228597297,0.976335987121096,0.00027901785714285713
184,7.6516115851616275,0.0002857165209296514,0.976554860163499,0.00027901785714285713
185,7.692971647784123,0.00028565650381005435,0.9767600366921402,0.00027901785714285713
186,7.734331710406618,0.0002856013953700454,0.97694850818688,0.00027901785714285713
187,7.775691773029114,0.0002855518589538392,0.9771179853812884,0.00027901785714285713
188,7.8170518356516085,0.000285508356567434,0.9772668670626321,0.00027901785714285713
189,7.858411898274104,0.0002854711625602065,0.9773941950581845,0.00027901785714285713
190,7.8997719608966,0.00028544038098783447,0.9774995961582218,0.00027901785714285713
191,7.941132023519094,0.0002854159663760975,0.9775832119188124,0.00027901785714285713
192,7.982492086141589,0.00028539774751245537,0.9776456176504343,0.00027901785714285713
193,8.023852148764085,0.00028538545376758436,0.977687732361044,0.00027901785714285713
194,8.06521221138658,0.00028537874331140383,0.9777107219173444,0.00027901785714285713
195,8.106572274009075,0.00028537723245633095,0.9777158981508908,0.00027901785714285713
196,8.14793233663157,0.00028538052525149877,0.9777046170090464,0.00027901785714285713
197,8.189292399254066,0.0002853882423789224,0.9776781790904792,0.00027901785714285713
198,8.230652461876561,0.00028540004837648175,0.9776377359782166,0.00027901785714285713
199,8.272012524499056,0.0002854156762385939,0.9775842056748542,0.00027901785714285713
200,8.313372587121552,0.0002854349485249504,0.977518200152942,0.00027901785714285713
201,8.354732649744047,0.0002854577942373196,0.9774399675732499,0.00027901785714285713
202,8.396092712366544,0.00028548426089743904,0.9773493511192024,0.00027901785714285713
203,8.437452774989037,0.0002855145214651726,0.9772457656830322,0.00027901785714285713
204,8.478812837611533,0.00028554887596354687,0.9771281928578719,0.00027901785714285713
205,8.520172900234028,0.0002855877479126981,0.9769951938839851,0.00027901785714285713
206,8.561532962856525,0.00028563167590543487,0.9768449394080249,0.00027901785714285713
207,8.602893025479018,0.0002856813008699962,0.9766752541841324,0.00027901785714285713
208,8.644253088101514,0.00028573734974960037,0.9764836742111883,0.00027901785714285713
209,8.68561315072401,0.00028580061647288105,0.9762675132974477,0.00027901785714285713
210,8.726973213346506,0.0002858719411848514,0.9760239357049657,0.00027901785714285713
211,8.768333275968999,0.0002859521887458264,0.975750031383278,0.00027901785714285713
212,8.809693338591496,0.0002860422274771588,0.9754428903863064,0.00027901785714285713
213,8.85105340121399,0.0002861429090297851,0.9750996734076457,0.00027901785714285713
214,8.892413463836487,0.0002862550500677417,0.9747176759914912,0.00027901785714285713
215,8.93377352645898,0.0002863794161905639,0.9742943848910978,0.00027901785714285713
216,8.975133589081477,0.00028651670816872473,0.9738275262416751,0.00027901785714285713
217,9.016493651703971,0.00028666755014849875,0.9733151066394542,0.00027901785714285713
218,9.057853714326468,0.0002868324790263936,0.9727554497661426,0.00027901785714285713
219,9.099213776948961,0.0002870119337478777,0.9721472326929694,0.00027901785714285713
220,9.140573839571458,0.0002872062429234418,0.9714895271870277,0.00027901785714285713
221,9.181933902193952,0.0002874156089689796,0.9707818519103852,0.00027901785714285713
222,9.223293964816449,0.00028764008706970814,0.9700242410065694,0.00027901785714285713
223,9.264654027438942,0.0002878795577296998,0.9692173329126645,0.00027901785714285713
224,9.306014090061439,0.00028813369255754895,0.9683624801605903,0.00027901785714285713
225,9.347374152683933,0.0002884019142366651,0.9674618765321118,0.00027901785714285713
226,9.38873421530643,0.0002886833532221062,0.966518692638946,0.00027901785714285713
227,9.430094277928925,0.00028897680536995007,0.9655372056094834,0.00027901785714285713
228,9.47145434055142,0.0002892806961225482,0.9645229041645302,0.00027901785714285713
229,9.512814403173914,0.000289593057685293,0.9634825481419926,0.00027901785714285713
230,9.554174465796411,0.00028991152552156757,0.9624241624781489,0.00027901785714285713
231,9.595534528418906,0.00029023335928292837,0.9613569502562316,0.00027901785714285713
232,9.6368945910414,0.0002905554910173693,0.9602911174243737,0.00027901785714285713
233,9.678254653663895,0.0002908746004391394,0.9592376120899457,0.00027901785714285713
234,9.719614716286392,0.00029118721368684024,0.9582077921969792,0.00027901785714285713
235,9.760974778908887,0.00029148981893330444,0.9572130449149547,0.00027901785714285713
236,9.802334841531382,0.00029177898999809736,0.9562643874553016,0.00027901785714285713
237,9.843694904153878,0.0002920515081364921,0.9553720811893784,0.00027901785714285713
238,9.885054966776373,0.0002923044725667501,0.954545288660067,0.00027901785714285713
239,9.926415029398868,0.0002925353919044495,0.9537917970417488,0.00027901785714285713
240,9.967775092021364,0.00029274225113806035,0.9531178231299088,0.00027901785714285713
241,10.00913515464386,0.00029292355162858927,0.952527905631283,0.00027901785714285713
242,10.050495217266354,0.000293078324377032,0.9520248818671193,0.00027901785714285713
243,10.091855279888849,0.00029320611910150184,0.9516099391031706,0.00027901785714285713
244,10.133215342511345,0.00029330697327618416,0.9512827261700592,0.00027901785714285713
245,10.17457540513384,0.0002933813661400412,0.9510415089200728,0.00027901785714285713
246,10.215935467756335,0.00029343016284710767,0.9508833530799624,0.00027901785714285713
247,10.25729553037883,0.00029345455355162664,0.9508043196670667,0.00027901785714285713
248,10.298655593001326,0.00029345599148419696,0.9507996607316933,0.00027901785714285713
249,10.340015655623821,0.0002934361331605629,0.9508640062067055,0.00027901785714285713
250,10.381375718246318,0.0002933967829231752,0.9509915356362884,0.00027901785714285713
251,10.42273578086881,0.0002933398431544141,0.9511761312150907,0.00027901785714285713
252,10.464095843491307,0.0002932672707841192,0.9514115107247977,0.00027901785714285713
253,10.505455906113802,0.0002931810401688216,0.9516913405525509,0.00027901785714285713
254,10.546815968736297,0.00029308311204485926,0.9520093300365621,0.00027901785714285713
255,10.588176031358792,0.0002929754080323245,0.9523593089836148,0.00027901785714285713
256,10.629536093981287,0.00029285979006337255,0.9527352904353306,0.00027901785714285713
257,10.670896156603781,0.00029273804409417825,0.9531315207294782,0.00027901785714285713
258,10.712256219226276,0.0002926118675052711,0.9535425187012654,0.00027901785714285713
259,10.753616281848775,0.0002924828596735263,0.9539631055792499,0.00027901785714285713
260,10.794976344471268,0.00029235251529047284,0.9543884268128605,0.00027901785714285713
261,10.836336407093764,0.0002922222200900786,0.9548139667710717,0.00027901785714285713
262,10.877696469716259,0.0002920932487254057,0.9552355570024126,0.00027901785714285713
263,10.919056532338754,0.00029196676459133117,0.9556493785633486,0.00027901785714285713
264,10.960416594961249,0.0002918438214282824,0.95605195880915,0.00027901785714285713
265,11.001776657583743,0.0002917253665605635,0.9564401629946425,0.00027901785714285713
266,11.04313672020624,0.0002916122456248756,0.9568111810427206,0.00027901785714285713
267,11.084496782828737,0.0002915052086341033,0.9571625098921637,0.00027901785714285713
268,11.12585684545123,0.0002914049172029589,0.9574919319172833,0.00027901785714285713
269,11.167216908073726,0.00029131195273959,0.9577974900064509,0.00027901785714285713
270,11.208576970696221,0.0002912268253849159,0.9580774599801303,0.00027901785714285713
271,11.249937033318716,0.00029114998346164756,0.9583303211130406,0.00027901785714285713
272,11.291297095941212,0.00029108182317951544,0.958554725592679,0.00027901785714285713
273,11.332657158563707,0.0002910226983330952,0.9587494677940973,0.00027901785714285713
274,11.374017221186202,0.00029097292972251265,0.9589134542823056,0.00027901785714285713
275,11.415377283808699,0.0002909328140256575,0.9590456754673621,0.00027901785714285713
276,11.456737346431192,0.000290902631851117,0.9591451798403032,0.00027901785714285713
277,11.498097409053688,0.00029088265470428044,0.9592110517092008,0.00027901785714285713
278,11.539457471676185,0.0002908731506055785,0.9592423933318032,0.00027901785714285713
279,11.58081753429868,0.0002908743881112503,0.9592383122990586,0.00027901785714285713
280,11.622177596921174,0.0002908866385085314,0.9591979149453915,0.00027901785714285713
281,11.66353765954367,0.00029091017599315236,0.959120306432405,0.00027901785714285713
282,11.704897722166164,0.0002909452756951644,0.9590045979478143,0.00027901785714285713
283,11.74625778478866,0.00029099220950514637,0.9588499211623139,0.00027901785714285713
284,11.787617847411154,0.00029105123977169557,0.9586554496786285,0.00027901785714285713
285,11.828977910033652,0.0002911226110941186,0.9584204266863076,0.00027901785714285713
286,11.870337972656147,0.0002912065406166549,0.9581441974208847,0.00027901785714285713
287,11.911698035278642,0.0002913032074319688,0.9578262443540695,0.00027901785714285713
288,11.953058097901136,0.0002914127419031355,0.957466222378161,0.00027901785714285713
289,11.994418160523631,0.00029153521589046473,0.9570639906764794,0.00027901785714285713
290,12.035778223146126,0.00029167063499224027,0.9566196375932059,0.00027901785714285713
291,12.077138285768624,0.00029181893394711014,0.9561334947287106,0.00027901785714285713
292,12.118498348391116,0.00029197997627306065,0.9556061367780875,0.00027901785714285713
293,12.159858411013614,0.00029215355901655106,0.9550383643522559,0.00027901785714285713
294,12.201218473636109,0.00029233942315109627,0.9544311681789361,0.00027901785714285713
295,12.242578536258604,0.0002925372697100586,0.9537856746232681,0.00027901785714285713
296,12.283938598881099,0.00029274678119492324,0.953103074281371,0.00027901785714285713
297,12.325298661503593,0.0002929676472145604,0.952384537322352,0.00027901785714285713
298,12.366658724126088,0.0002931995927428726,0.9516311210825849,0.00027901785714285713
299,12.408018786748586,0.00029344240689581624,0.9508436769397124,0.00027901785714285713
300,12.449378849371078,0.00029369596978703975,0.9500227645111176,0.00027901785714285713
301,12.490738911993576,0.0002939602748752456,0.949168581575419,0.00027901785714285713
302,12.532098974616071,0.0002942354443004814,0.9482809177058776,0.00027901785714285713
303,12.573459037238566,0.0002945217350320818,0.9473591384094765,0.00027901785714285713
304,12.61481909986106,0.0002948195342051119,0.946402204640683,0.00027901785714285713
305,12.656179162483555,0.00029512934276718875,0.9454087300392863,0.00027901785714285713
306,12.69753922510605,0.000295451747435733,0.9443770753244553,0.00027901785714285713
307,12.738899287728549,0.0002957873819031051,0.9433054762094571,0.00027901785714285713
308,12.780259350351042,0.00029613687914185617,0.9421921982543802,0.00027901785714285713
309,12.821619412973538,0.00029650081747155036,0.9410357095208659,0.00027901785714285713
310,12.862979475596033,0.0002968796636763312,0.9398348599823678,0.00027901785714285713
311,12.904339538218528,0.0002972737168477665,0.9385890555731231,0.00027901785714285713
312,12.945699600841023,0.0002976830567290847,0.9372984146584655,0.00027901785714285713
313,12.98705966346352,0.0002981075001396159,0.9359638956154465,0.00027901785714285713
314,13.028419726086014,0.00029854656857339053,0.9345873860689418,0.00027901785714285713
315,13.06977978870851,0.000298999469332037,0.9331717469806263,0.00027901785714285713
316,13.111139851331004,0.00029946509163193447,0.9317208079991889,0.00027901785714285713
317,13.1524999139535,0.0002999420180984608,0.9302393139572229,0.00027901785714285713
318,13.193859976575995,0.0003004285510165329,0.9287328258208805,0.00027901785714285713
319,13.23522003919849,0.00030092275173601476,0.9272075824550026,0.00027901785714285713
320,13.276580101820986,0.00030142249081382933,0.9256703319965257,0.00027901785714285713
321,13.317940164443481,0.0003019255058751252,0.9241281432455644,0.00027901785714285713
322,13.359300227065976,0.00030242946383243324,0.9225882081960515,0.00027901785714285713
323,13.400660289688473,0.00030293202402743077,0.9210576466408577,0.00027901785714285713
324,13.442020352310966,0.0003034308990401093,0.9195433227977711,0.00027901785714285713
325,13.483380414933462,0.0003039239103077956,0.9180516822789127,0.00027901785714285713
326,13.524740477555959,0.0003044090362573287,0.9165886156775996,0.00027901785714285713
327,13.566100540178454,0.0003048844513138231,0.9151593527990675,0.00027901785714285713
328,13.607460602800948,0.0003053485548429333,0.9137683893293018,0.00027901785714285713
329,13.648820665423443,0.0003057999897503938,0.9124194456991406,0.00027901785714285713
330,13.690180728045938,0.00030623765105320614,0.9111154561931387,0.00027901785714285713
331,13.731540790668435,0.0003066606852159426,0.9098585850559223,0.00027901785714285713
332,13.772900853290928,0.0003070684813946305,0.9086502654900489,0.00027901785714285713
333,13.814260915913426,0.00030746065594514424,0.9074912570037523,0.00027901785714285713
334,13.85562097853592,0.0003078370316421439,0.9063817165025531,0.00027901785714285713
335,13.896981041158416,0.0003081976130379309,0.9053212787488965,0.00027901785714285713
336,13.93834110378091,0.00030854255929228515,0.904309142255286,0.00027901785714285713
337,13.979701166403405,0.0003088721556530664,0.9033441572384969,0.00027901785714285713
338,14.0210612290259,0.0003091867845887099,0.9024249128694668,0.00027901785714285713
339,14.062421291648398,0.00030948689739166313,0.90154982163834,0.00027901785714285713
340,14.10378135427089,0.0003097729869032954,0.9007171991725691,0.00027901785714285713
341,14.145141416893388,0.00031004556186740764,0.8999253382707035,0.00027901785714285713
342,14.186501479515883,0.00031030512330606076,0.8991725762376657,0.00027901785714285713
343,14.227861542138378,0.00031055214322672786,0.8984573548383203,0.00027901785714285713
344,14.269221604760872,0.00031078704590886973,0.8977782723436676,0.00027901785714285713
345,14.310581667383367,0.00031101019197200044,0.8971341272570788,0.00027901785714285713
346,14.351941730005862,0.0003112218653876201,0.8965239534032946,0.00027901785714285713
347,14.39330179262836,0.0003114222635548323,0.8959470461678483,0.00027901785714285713
348,14.434661855250853,0.0003116114905085796,0.8954029798049921,0.00027901785714285713
349,14.47602191787335,0.0003117895532662762,0.89489161589891,0.00027901785714285713
350,14.517381980495845,0.00031195636124441655,0.8944131032617341,0.00027901785714285713
351,14.55874204311834,0.0003121117285948737,0.8939678697721323,0.00027901785714285713
352,14.600102105740834,0.0003122553792274945,0.8935566068809911,0.00027901785714285713
353,14.64146216836333,0.0003123869542095863,0.8931802477118133,0.00027901785714285713
354,14.682822230985824,0.0003125060211716361,0.8928399398410746,0.00027901785714285713
355,14.724182293608322,0.00031261208530961623,0.8925370139369795,0.00027901785714285713
356,14.765542356230815,0.0003127046015624578,0.8922729494504344,0.00027901785714285713
357,14.806902418853312,0.0003127829875610805,0.8920493384838276,0.00027901785714285713
358,14.848262481475807,0.00031284663699200264,0.891867848814337,0.00027901785714285713
359,14.889622544098302,0.00031289493309048967,0.8917301868297265,0.00027901785714285713
360,14.930982606720796,0.00031292726206922944,0.8916380608638999,0.00027901785714285713
361,14.972342669343293,0.0003129430263910088,0.8915931451184868,0.00027901785714285713
362,15.013702731965788,0.00031294165789839354,0.8915970440517356,0.00027901785714285713
363,15.055062794588284,0.00031292263091177593,0.891651256829431,0.00027901785714285713
364,15.096422857210777,0.00031288547548948237,0.8917571411915423,0.00027901785714285713
365,15.137782919833274,0.00031282979110310743,0.8919158759112362,0.00027901785714285713
366,15.179142982455769,0.0003127552610109078,0.8921284209288681,0.00027901785714285713
367,15.220503045078264,0.00031266166760689603,0.8923954742468186,0.00027901785714285713
368,15.26186310770076,0.0003125489089801118,0.8927174247810659,0.00027901785714285713
369,15.303223170323255,0.0003124170168354856,0.8930943005892154,0.00027901785714285713
370,15.34458323294575,0.0003122661758052031,0.8935257122337618,0.00027901785714285713
371,15.385943295568246,0.0003120967440193003,0.8940107914922766,0.00027901785714285713
372,15.42730335819074,0.0003119092746115609,0.894548126182957,0.00027901785714285713
373,15.468663420813236,0.0003117045376180204,0.8951356925216812,0.00027901785714285713
374,15.510023483435733,0.0003114835414917966,0.895770787138702,0.00027901785714285713
375,15.551383546058227,0.00031124755322253555,0.8964499616270563,0.00027901785714285713
376,15.592743608680722,0.0003109981158294949,0.8971689632223657,0.00027901785714285713
377,15.634103671303217,0.00031073706181466125,0.8979226858664094,0.00027901785714285713
378,15.675463733925712,0.0003104665210401989,0.898705136412213,0.00027901785714285713
379,15.716823796548208,0.00031018892145739273,0.8995094210067809,0.00027901785714285713
380,15.758183859170702,0.00030990698118634505,0.900327756653812,0.00027901785714285713
381,15.7995439217932,0.00030962369064677694,0.9011515125345,0.00027901785714285713
382,15.840903984415695,0.0003093422837830961,0.9019712847872368,0.00027901785714285713
383,15.882264047038188,0.00030906619791274564,0.9027770070851564,0.00027901785714285713
384,15.923624109660684,0.00030879902234258564,0.9035580975166142,0.00027901785714285713
385,15.964984172283177,0.0003085444366135042,0.9043036400373237,0.00027901785714285713
386,16.006344234905676,0.00030830614000111194,0.9050025962566001,0.00027901785714285713
387,16.04770429752817,0.00030808777465694045,0.9056440407398411,0.00027901785714285713
388,16.089064360150665,0.00030789284544679903,0.9062174105993275,0.00027901785714285713
389,16.13042442277316,0.00030772464005372806,0.9067127581793295,0.00027901785714285713
390,16.171784485395655,0.00030758615319258247,0.9071209943841704,0.00027901785714285713
391,16.21314454801815,0.00030748001877815167,0.9074341098703063,0.00027901785714285713
392,16.254504610640648,0.0003074084535725838,0.9076453620589091,0.00027901785714285713
393,16.29586467326314,0.0003073732152162784,0.9077494177445832,0.00027901785714285713
394,16.337224735885638,0.000307375576661268,0.9077424438648182,0.00027901785714285713
395,16.378584798508133,0.0003074163179507417,0.9076221425160815,0.00027901785714285713
396,16.419944861130627,0.000307495735121136,0.9073877302166151,0.00027901785714285713
397,16.461304923753122,0.00030761366485453697,0.9070398653284727,0.00027901785714285713
398,16.50266498637562,0.00030776952248781744,0.9065805310657479,0.00027901785714285713
399,16.54402504899811,0.00030796235018534183,0.9060128842858065,0.00027901785714285713
400,16.58538511162061,0.0003081908715710397,0.905341082039615,0.00027901785714285713
401,16.626745174243105,0.00030845354892849606,0.9045700985192343,0.00027901785714285713
402,16.668105236865596,0.00030874863921350105,0.9037055445932347,0.00027901785714285713
403,16.709465299488095,0.0003090742455502314,0.9027535006876223,0.00027901785714285713
404,16.75082536211059,0.0003094283615421054,0.9017203715661657,0.00027901785714285713
405,16.792185424733088,0.0003098089065470579,0.900612768860072,0.00027901785714285713
406,16.83354548735558,0.00031021375096367356,0.8994374242795268,0.00027901785714285713
407,16.874905549978074,0.0003106407314689682,0.8982011335842157,0.00027901785714285713
408,16.916265612600572,0.00031108765697034427,0.8969107288286133,0.00027901785714285713
409,16.957625675223067,0.00031155230672500725,0.8955730743124724,0.00027901785714285713
410,16.998985737845558,0.0003120324225983753,0.8941950801759726,0.00027901785714285713
411,17.040345800468057,0.00031252569775487273,0.8927837267375779,0.00027901785714285713
412,17.08170586309055,0.0003130297641914507,0.8913460924827848,0.00027901785714285713
413,17.12306592571305,0.00031354218144511283,0.8898893790202855,0.00027901785714285713
414,17.16442598833554,0.0003140604285514993,0.8884209272391798,0.00027901785714285713
415,17.205786050958036,0.00031458190093575507,0.8869482202024047,0.00027901785714285713
416,17.247146113580534,0.000315103913419691,0.8854788698584953,0.00027901785714285713
417,17.28850617620303,0.00031562370997763697,0.8840205862944408,0.00027901785714285713
418,17.32986623882552,0.0003161384803135404,0.8825811298457951,0.00027901785714285713
419,17.37122630144802,0.0003166453828092279,0.881168247796493,0.00027901785714285713
420,17.412586364070513,0.00031714157294617006,0.8797895985406371,0.00027901785714285713
421,17.45394642669301,0.0003176242359604621,0.8784526668726543,0.00027901785714285713
422,17.495306489315503,0.0003180906222706452,0.8771646744915879,0.00027901785714285713
423,17.536666551937998,0.00031853808412681396,0.8759324898550489,0.00027901785714285713
424,17.578026614560496,0.00031896411196132934,0.8747625412375069,0.00027901785714285713
425,17.61938667718299,0.0003193663690603466,0.8736607363004296,0.00027901785714285713
426,17.660746739805482,0.00031974272339776793,0.8726323907479576,0.00027901785714285713
427,17.70210680242798,0.0003200912757510805,0.8716821678071471,0.00027901785714285713
428,17.743466865050475,0.00032041038352186626,0.8708140294205406,0.00027901785714285713
429,17.784826927672974,0.00032069867998485684,0.8700311992429535,0.00027901785714285713
430,17.826186990295465,0.00032095508896378615,0.8693361368522784,0.00027901785714285713
431,17.86754705291796,0.0003211788351610091,0.868730522056298,0.00027901785714285713
432,17.908907115540458,0.0003213694505384344,0.8682152478257662,0.00027901785714285713
433,17.950267178162953,0.0003215267772527474,0.8677904202159976,0.00027901785714285713
434,17.991627240785444,0.00032165096768755036,0.8674553636471359,0.00027901785714285713
435,18.032987303407943,0.00032174248210199686,0.8672086300820064,0.00027901785714285713
436,18.074347366030437,0.0003218020843377245,0.8670480109446208,0.00027901785714285713
437,18.115707428652936,0.0003218308359028639,0.8669705510353,0.00027901785714285713
438,18.157067491275427,0.00032183008859605367,0.8669725641876435,0.00027901785714285713
439,18.198427553897922,0.00032180147565833003,0.867049650944118,0.00027901785714285713
440,18.23978761652042,0.000321746901261042,0.8671967190648476,0.00027901785714285713
441,18.281147679142915,0.00032166852796995047,0.8674080081869942,0.00027901785714285713
442,18.32250774176541,0.0003215687616853815,0.8676771203785162,0.00027901785714285713
443,18.363867804387905,0.0003214502334630875,0.8679970586330188,0.00027901785714285713
444,18.4052278670104,0.0003213157775860709,0.8683602754866795,0.00027901785714285713
445,18.446587929632898,0.0003211684052981192,0.8687587338607091,0.00027901785714285713
446,18.48794799225539,0.0003210112737352604,0.8691839819088865,0.00027901785714285713
447,18.529308054877884,0.0003208476498052048,0.8696272430614853,0.00027901785714285713
448,18.570668117500382,0.000320680869062899,0.87007952160729,0.00027901785714285713
449,18.612028180122877,0.00032051428999773583,0.87053172307802,0.00027901785714285713
450,18.653388242745372,0.00032035124456004937,0.870974787458819,0.00027901785714285713
451,18.694748305367867,0.00032019498617636647,0.8713998319423135,0.00027901785714285713
452,18.73610836799036,0.000320048636893446,0.8717982986934286,0.00027901785714285713
453,18.77746843061286,0.000319915135605879,0.8721621020350676,0.00027901785714285713
454,18.81882849323535,0.00031979718952033023,0.872483768732806,0.00027901785714285713
455,18.86018855585785,0.00031969723105853296,0.8727565647629025,0.00027901785714285713
456,18.901548618480344,0.0003196173822834541,0.8729746021616838,0.00027901785714285713
457,18.94290868110284,0.00031955942864745967,0.8731329202953098,0.00027901785714285713
458,18.984268743725334,0.00031952480342617857,0.8732275371145641,0.00027901785714285713
459,19.02562880634783,0.0003195145836522317,0.873255467570606,0.00027901785714285713
460,19.066988868970324,0.0003195294977458165,0.87321470822332,0.00027901785714285713
461,19.108348931592822,0.0003195699444084174,0.8731041890042893,0.00027901785714285713
462,19.149708994215317,0.0003196360217537435,0.8729236949326703,0.00027901785714285713
463,19.19106905683781,0.0003197275651419206,0.8726737621731389,0.00027901785714285713
464,19.232429119460306,0.0003198441917922237,0.8723555540571202,0.00027901785714285713
465,19.2737891820828,0.0003199853499941487,0.871970723497058,0.00027901785714285713
466,19.315149244705296,0.00032015037061974984,0.8715212685924179,0.00027901785714285713
467,19.35650930732779,0.00032033851865160596,0.8710093881851018,0.00027901785714285713
468,19.39786936995029,0.0003205490425605277,0.870437343733983,0.00027901785714285713
469,19.439229432572784,0.00032078121956910337,0.8698073332274695,0.00027901785714285713
470,19.48058949519528,0.00032103439509492215,0.8691213820262413,0.00027901785714285713
471,19.521949557817774,0.00032130801495503875,0.8683812546098505,0.00027901785714285713
472,19.56330962044027,0.0003216016492118518,0.8675883902543577,0.00027901785714285713
473,19.604669683062763,0.0003219150068361172,0.8667438647397433,0.00027901785714285713
474,19.646029745685258,0.00032224794064993035,0.865848379294887,0.00027901785714285713
475,19.687389808307756,0.00032260044229087545,0.8649022771372343,0.00027901785714285713
476,19.72874987093025,0.00032297262721484585,0.863905587135874,0.00027901785714285713
477,19.770109933552746,0.00032336471003840977,0.8628580932956937,0.00027901785714285713
478,19.81146999617524,0.0003237769708221706,0.8617594278998406,0.00027901785714285713
479,19.852830058797736,0.0003242097132240922,0.8606091852343775,0.00027901785714285713
480,19.89419012142023,0.00032466321580984985,0.8594070518486872,0.00027901785714285713
481,19.93555018404273,0.0003251376781938314,0.858152948292016,0.00027901785714285713
482,19.97691024666522,0.0003256331640867867,0.8568471762553466,0.00027901785714285713
483,20.01827030928772,0.00032614954372061435,0.855490564113341,0.00027901785714285713
484,20.059630371910213,0.0003266864384715213,0.854084603108434,0.00027901785714285713
485,20.100990434532708,0.00032724317076383077,0.8526315659745959,0.00027901785714285713
486,20.142350497155203,0.00032781872245464267,0.8511345997984063,0.00027901785714285713
487,20.183710559777698,0.00032841170482112434,0.8495977854834057,0.00027901785714285713
488,20.225070622400196,0.0003290203429514343,0.848026157410097,0.00027901785714285713
489,20.26643068502269,0.0003296424767502431,0.8464256787945984,0.00027901785714285713
490,20.307790747645182,0.00033027557991143733,0.8448031707874835,0.00027901785714285713
491,20.34915081026768,0.0003309167971205529,0.8431661963693279,0.00027901785714285713
492,20.390510872890175,0.0003315629985040033,0.841522903344983,0.00027901785714285713
493,20.43187093551267,0.00033221084905214363,0.8398818338983945,0.00027901785714285713
494,20.473230998135165,0.000332856889543077,0.8382517108955554,0.00027901785714285713
495,20.51459106075766,0.0003334976245248615,0.8366412130832344,0.00027901785714285713
496,20.555951123380158,0.000334129612299379,0.8350587522690388,0.00027901785714285713
497,20.597311186002653,0.00033474955167771703,0.8335122653472108,0.00027901785714285713
498,20.638671248625144,0.00033535436057736744,0.8320090326616961,0.00027901785714285713
499,20.680031311247642,0.00033594124227507416,0.8305555318343224,0.00027901785714285713
500,20.721391373870137,0.0003365077362289199,0.8291573331111964,0.00027901785714285713
501,20.762751436492636,0.0003370517517069485,0.8278190388562371,0.00027901785714285713
502,20.804111499115127,0.0003375715838537155,0.8265442664266663,0.00027901785714285713
503,20.84547156173762,0.00033806591313872617,0.8253356706458645,0.00027901785714285713
504,20.88683162436012,0.00033853379023405557,0.8241949997072662,0.00027901785714285713
505,20.928191686982615,0.00033897460917416453,0.823123176755396,0.00027901785714285713
506,20.969551749605106,0.000339388072117895,0.8221203986389163,0.00027901785714285713
507,21.010911812227604,0.00033977414916387796,0.8211862433603883,0.00027901785714285713
508,21.0522718748501,0.0003401330365067719,0.8203197784267627,0.00027901785714285713
509,21.093631937472594,0.0003404651158279449,0.8195196634590302,0.00027901785714285713
510,21.13499200009509,0.00034077091726643106,0.8187842418627161,0.00027901785714285713
511,21.176352062717584,0.00034105108769059804,0.8181116179168515,0.00027901785714285713
512,21.21771212534008,0.0003413063653540774,0.8174997171629043,0.00027901785714285713
513,21.259072187962573,0.00034153756142350116,0.8169463293581329,0.00027901785714285713
514,21.300432250585068,0.0003417455483455687,0.8164491344323757,0.00027901785714285713
515,21.341792313207563,0.00034193125459664885,0.816005712820824,0.00027901785714285713
516,21.383152375830065,0.0003420956650356568,0.8156135422346699,0.00027901785714285713
517,21.424512438452552,0.0003422398258564299,0.815269983394351,0.00027901785714285713
518,21.465872501075047,0.0003423648529989868,0.8149722575164071,0.00027901785714285713
519,21.50723256369755,0.0003424719428160139,0.8147174184506958,0.00027901785714285713
520,21.548592626320044,0.0003425623837873025,0.8145023223451755,0.00027901785714285713
521,21.589952688942535,0.00034263756811677717,0.8143235976031757,0.00027901785714285713
522,21.631312751565034,0.00034269900212315416,0.8141776177176839,0.00027901785714285713
523,21.67267281418753,0.00034274831443688916,0.8140604793382089,0.00027901785714285713
524,21.714032876810023,0.0003427872611372139,0.8139679876585888,0.00027901785714285713
525,21.755392939432518,0.00034281772709987985,0.8138956509141237,0.00027901785714285713
526,21.796753002055013,0.0003428417229767449,0.8138386854443123,0.00027901785714285713
527,21.838113064677508,0.0003428613773921266,0.813792032410077,0.00027901785714285713
528,21.879473127300002,0.00034287892411769217,0.8137503868481724,0.00027901785714285713
529,21.920833189922497,0.00034289668417658906,0.8137082392991738,0.00027901785714285713
530,21.962193252544992,0.0003429170430273394,0.8136599297591989,0.00027901785714285713
531,22.003553315167487,0.0003429424231853845,0.8135997131857564,0.00027901785714285713
532,22.04491337778999,0.00034297525284954694,0.8135218352481367,0.00027901785714285713
533,22.08627344041248,0.0003430179313050818,0.8134206164712051,0.00027901785714285713
534,22.127633503034975,0.00034307279206482756,0.8132905424051625,0.00027901785714285713
535,22.168993565657473,0.00034314206487403995,0.8131263569952538,0.00027901785714285713
536,22.210353628279968,0.0003432278378314128,0.812923155958887,0.00027901785714285713
537,22.25171369090246,0.00034333202095619003,0.8126764767404566,0.00027901785714285713
538,22.293073753524958,0.0003434563125496115,0.8123823815366725,0.00027901785714285713
539,22.334433816147452,0.0003436021696498533,0.8120375299934498,0.00027901785714285713
540,22.375793878769947,0.00034377078376006257,0.8116392384804865,0.00027901785714285713
541,22.417153941392442,0.00034396306283971534,0.8111855233504469,0.00027901785714285713
542,22.458514004014937,0.0003441796202976317,0.8106751262656823,0.00027901785714285713
543,22.49987406663743,0.0003444207714222287,0.8101075204921556,0.00027901785714285713
544,22.54123412925993,0.0003446865373488987,0.8094828979654335,0.00027901785714285713
545,22.582594191882425,0.00034497665631646866,0.8088021378666752,0.00027901785714285713
546,22.62395425450492,0.0003452906016276318,0.8080667583410088,0.00027901785714285713
547,22.665314317127415,0.00034562760542606913,0.8072788537793459,0.00027901785714285713
548,22.706674379749913,0.0003459866871555166,0.806441020713153,0.00027901785714285713
549,22.748034442372404,0.0003463666853918202,0.8055562757925865,0.00027901785714285713
550,22.7893945049949,0.00034676629164777237,0.8046279695094163,0.00027901785714285713
551,22.830754567617397,0.0003471840847477732,0.8036596992790199,0.00027901785714285713
552,22.872114630239892,0.000347618564451549,0.8026552252267488,0.00027901785714285713
553,22.913474692862383,0.00034806818316440925,0.801618391563999,0.00027901785714285713
554,22.95483475548488,0.0003485313747907545,0.8005530558342682,0.00027901785714285713
555,22.996194818107377,0.00034900658004861674,0.7994630276139488,0.00027901785714285713
556,23.03755488072987,0.0003494922678454756,0.7983520175222361,0.00027901785714285713
557,23.07891494335237,0.00034998695259778916,0.7972235966850717,0.00027901785714285713
558,23.120275005974865,0.00035048920763944145,0.7960811661564513,0.00027901785714285713
559,23.16163506859736,0.00035099767509091484,0.7949279352650596,0.00027901785714285713
560,23.202995131219854,0.00035151107273884147,0.7937669074514649,0.00027901785714285713
561,23.24435519384235,0.0003520281985965292,0.7926008719052887,0.00027901785714285713
562,23.285715256464844,0.00035254793387637834,0.7914323992058775,0.00027901785714285713
563,23.32707531908734,0.0003530692451053959,0.7902638392068574,0.00027901785714285713
564,23.368435381709837,0.00035359118605951485,0.7890973195691992,0.00027901785714285713
565,23.409795444332328,0.00035411290008814476,0.7879347436182212,0.00027901785714285713
566,23.451155506954823,0.0003546336232572064,0.7867777865509747,0.00027901785714285713
567,23.49251556957732,0.00035515268856720593,0.7856278894255316,0.00027901785714285713
568,23.533875632199816,0.00035566953131519396,0.784486250793273,0.00027901785714285713
569,23.575235694822307,0.00035618369547735603,0.7833538162630339,0.00027901785714285713
570,23.61659575744481,0.00035669484080473764,0.7822312666854564,0.00027901785714285713
571,23.657955820067304,0.0003572027501597784,0.7811190059932382,0.00027901785714285713
572,23.6993158826898,0.00035770733648563175,0.7800171500090678,0.00027901785714285713
573,23.740675945312294,0.00035820864870372653,0.778925517718675,0.00027901785714285713
574,23.78203600793479,0.00035870687578376336,0.7778436265912434,0.00027901785714285713
575,23.823396070557283,0.0003592023482307711,0.7767706935022621,0.00027901785714285713
576,23.864756133179778,0.0003596955362871784,0.7757056426746738,0.00027901785714285713
577,23.906116195802273,0.0003601870442554358,0.7746471218020394,0.00027901785714285713
578,23.947476258424768,0.0003606776005037948,0.7735935271642175,0.00027901785714285713
579,23.988836321047263,0.00036116804291896144,0.7725430381044619,0.00027901785714285713
580,24.03019638366976,0.0003616592998041534,0.7714936607297298,0.00027901785714285713
581,24.071556446292252,0.00036215236647734524,0.7704432801499072,0.00027901785714285713
582,24.112916508914747,0.0003626482780870563,0.7693897200192328,0.00027901785714285713
583,24.15427657153725,0.00036314807941577727,0.7683308076191218,0.00027901785714285713
584,24.195636634159744,0.0003636527926671407,0.7672644422622329,0.00027901785714285713
585,24.23699669678223,0.00036416338441624404,0.766188664437322,0.00027901785714285713
586,24.278356759404733,0.00036468073302962895,0.7651017228820475,0.00027901785714285713
587,24.319716822027228,0.0003652055979216058,0.7640021366889083,0.00027901785714285713
588,24.361076884649723,0.0003657385920010287,0.762888749629332,0.00027901785714285713
589,24.402436947272218,0.00036628015857652195,0.7617607741222098,0.00027901785714285713
590,24.443797009894713,0.0003668305538322202,0.7606178226649939,0.00027901785714285713
591,24.485157072517207,0.0003673898357699808,0.7594599250632167,0.00027901785714285713
592,24.526517135139702,0.0003679578602503478,0.7582875304063936,0.00027901785714285713
593,24.567877197762197,0.0003685342844693847,0.7571014934053878,0.00027901785714285713
594,24.609237260384692,0.00036911857789889707,0.7559030453874396,0.00027901785714285713
595,24.650597323007187,0.0003697100404106036,0.7546937508999679,0.00027901785714285713
596,24.69195738562969,0.0003703078270156466,0.7534754514682938,0.00027901785714285713
597,24.733317448252176,0.0003709109783929619,0.7522501985564081,0.00027901785714285713
598,24.77467751087467,0.0003715184561624967,0.751020178176071,0.00027901785714285713
599,24.816037573497173,0.0003721291816891986,0.7497876298663732,0.00027901785714285713
600,24.857397636119668,0.00037274207708453907,0.7485547629214262,0.00027901785714285713
601,24.898757698742155,0.0003733561070047693,0.7473236727832416,0.00027901785714285713
602,24.940117761364657,0.00037397031982885963,0.7460962604480065,0.00027901785714285713
603,24.981477823987152,0.00037458388683175387,0.7448741575693546,0.00027901785714285713
604,25.022837886609647,0.0003751961380472387,0.7436586596947532,0.00027901785714285713
605,25.064197949232142,0.00037580659363651664,0.7424506697525526,0.00027901785714285713
606,25.105558011854637,0.0003764149897387164,0.7412506535314489,0.00027901785714285713
607,25.14691807447713,0.000377021297973901,0.7400586084719595,0.00027901785714285713
608,25.188278137099626,0.0003776257379918062,0.7388740466332072,0.00027901785714285713
609,25.22963819972212,0.000378228782703175,0.7376959922212577,0.00027901785714285713
610,25.270998262344616,0.0003788311560870605,0.7365229935806418,0.00027901785714285713
611,25.31235832496711,0.00037943382372666835,0.735353149074692,0.00027901785714285713
612,25.353718387589613,0.0003800379764772199,0.7341841458299153,0.00027901785714285713
613,25.3950784502121,0.0003806450079002903,0.7330133099130139,0.00027901785714285713
614,25.4364385128346,0.00038125648629832746,0.7318376661650547,0.00027901785714285713
615,25.477798575457097,0.0003818741223400294,0.7306540056527142,0.00027901785714285713
616,25.519158638079592,0.0003824997333730313,0.7294589585262432,0.00027901785714285713
617,25.560518700702083,0.0003831352055685341,0.728249070008648,0.00027901785714285713
618,25.60187876332458,0.0003837824550309023,0.727020877284217,0.00027901785714285713
619,25.643238825947076,0.00038444338893398446,0.7257709852067954,0.00027901785714285713
620,25.68459888856957,0.0003851198676214381,0.7244961389972323,0.00027901785714285713
621,25.725958951192066,0.0003858136684384304,0.723193292430965,0.00027901785714285713
622,25.76731901381456,0.0003865264518603164,0.7218596704054011,0.00027901785714285713
623,25.808679076437055,0.00038725973026451806,0.7204928251958286,0.00027901785714285713
624,25.85003913905955,0.0003880148394715896,0.7190906861264176,0.00027901785714285713
625,25.891399201682045,0.000388792912977324,0.7176516027675911,0.00027901785714285713
626,25.93275926430454,0.00038959485862486115,0.7161743820945081,0.00027901785714285713
627,25.97411932692704,0.00039042133733815893,0.7146583202782,0.00027901785714285713
628,26.015479389549537,0.0003912727434657058,0.7131032299143845,0.00027901785714285713
629,26.056839452172028,0.0003921491862722508,0.7115094635161326,0.00027901785714285713
630,26.098199514794523,0.0003930504721687246,0.7098779340050844,0.00027901785714285713
631,26.13955957741702,0.0003939760873830712,0.7082101327423007,0.00027901785714285713
632,26.180919640039516,0.0003949251809411594,0.7065081453603955,0.00027901785714285713
633,26.222279702662007,0.0003958965480354936,0.7047746653194918,0.00027901785714285713
634,26.263639765284506,0.0003968886140971075,0.7030130047383756,0.00027901785714285713
635,26.304999827907,0.0003978994201354471,0.7012271016828272,0.00027901785714285713
636,26.346359890529495,0.0003989266101554025,0.6994215227561914,0.00027901785714285713
637,26.38771995315199,0.0003999674216804769,0.6976014595652666,0.00027901785714285713
638,26.429080015774485,0.0004010186805890118,0.6957727174530592,0.00027901785714285713
639,26.47044007839698,0.00040207680158843193,0.6939416948219295,0.00027901785714285713
640,26.511800141019478,0.00040313779569553336,0.6921153514308125,0.00027901785714285713
641,26.553160203641973,0.0004041972860458511,0.6903011642468231,0.00027901785714285713
642,26.594520266264468,0.00040525053321254433,0.6885070697649616,0.00027901785714285713
643,26.635880328886962,0.00040629247097051307,0.6867413921709296,0.00027901785714285713
644,26.677240391509457,0.00040731775309491567,0.6850127572952577,0.00027901785714285713
645,26.718600454131952,0.0004083208113423534,0.6833299929670174,0.00027901785714285713
646,26.759960516754447,0.0004092959242426739,0.6817020170897814,0.00027901785714285713
647,26.801320579376945,0.0004102372957521174,0.6801377154929654,0.00027901785714285713
648,26.842680641999436,0.00041113914221558516,0.6786458123137086,0.00027901785714285713
649,26.88404070462193,0.00041199578549467344,0.6772347362918946,0.00027901785714285713
650,26.92540076724443,0.000412801749581487,0.6759124868674499,0.00027901785714285713
651,26.966760829866924,0.00041355185758175893,0.6746865043102739,0.00027901785714285713
652,27.008120892489416,0.00041424132565627975,0.6735635482548995,0.00027901785714285713
653,27.049480955111918,0.0004148658503948849,0.6725495889268241,0.00027901785714285713
654,27.090841017734412,0.00041542168618656733,0.6716497150260693,0.00027901785714285713
655,27.132201080356907,0.0004159057094534873,0.6708680616803627,0.00027901785714285713
656,27.173561142979402,0.00041631546712744887,0.6702077611193819,0.00027901785714285713
657,27.214921205601897,0.0004166492074382765,0.6696709177928571,0.00027901785714285713
658,27.25628126822439,0.0004169058919098696,0.6692586086146696,0.00027901785714285713
659,27.297641330846886,0.00041708518836367555,0.668970907927732,0.00027901785714285713
660,27.33900139346938,0.0004171874456446118,0.6688069357210313,0.00027901785714285713
661,27.380361456091876,0.00041721365164372145,0.6687649266595037,0.00027901785714285713
662,27.42172151871437,0.00041716537693360043,0.6688423166701775,0.00027901785714285713
663,27.46308158133687,0.00041704470690781325,0.6690358432112492,0.00027901785714285713
664,27.50444164395936,0.0004168541656916403,0.669341654964425,0.00027901785714285713
665,27.545801706581855,0.0004165966352555742,0.6697554265451159,0.00027901785714285713
666,27.587161769204357,0.00041627527312094483,0.6702724739112504,0.00027901785714285713
667,27.628521831826852,0.00041589343182113546,0.6708878664447271,0.00027901785714285713
668,27.66988189444934,0.000415454582907143,0.6715965321418047,0.00027901785714285713
669,27.71124195707184,0.0004149622478047394,0.6723933529349616,0.00027901785714285713
670,27.752602019694336,0.000414419937286892,0.6732732478304981,0.00027901785714285713
671,27.79396208231683,0.0004138311007610058,0.6742312422381094,0.00027901785714285713
672,27.835322144939326,0.00041319908602283317,0.6752625225493329,0.00027901785714285713
673,27.87668220756182,0.0004125271096253897,0.6763624756594288,0.00027901785714285713
674,27.918042270184316,0.0004118182375717329,0.6775267136979483,0.00027901785714285713
675,27.95940233280681,0.0004110753756760628,0.6787510847225494,0.00027901785714285713
676,28.000762395429305,0.00041030126865223643,0.6800316705317023,0.00027901785714285713
677,28.0421224580518,0.0004094985067801019,0.6813647730654314,0.00027901785714285713
678,28.083482520674295,0.0004086695388630102,0.6827468910923319,0.00027901785714285713
679,28.124842583296797,0.00040781669011495046,0.6841746890354363,0.00027901785714285713
680,28.166202645919284,0.000406942183595598,0.6856449598750207,0.00027901785714285713
681,28.20756270854178,0.00040604816383527363,0.6871545840952248,0.00027901785714285713
682,28.24892277116428,0.0004051367213528324,0.6887004866188402,0.00027901785714285713
683,28.290282833786776,0.00040420991685972117,0.6902795936094975,0.00027901785714285713
684,28.331642896409267,0.0004032698040573211,0.6918887909177482,0.00027901785714285713
685,28.373002959031766,0.0004023184500671428,0.693524885811953,0.00027901785714285713
686,28.41436302165426,0.00040135795268045435,0.6951845734697584,0.00027901785714285713
687,28.455723084276755,0.0004003904537714434,0.6968644095149434,0.00027901785714285713
688,28.49708314689925,0.0003994181483825416,0.6985607896705499,0.00027901785714285713
689,28.538443209521745,0.00039844328915829806,0.7002699373661826,0.00027901785714285713
690,28.57980327214424,0.00039746818597136585,0.7019878998893209,0.00027901785714285713
691,28.621163334766734,0.00039649520074616445,0.703710553413442,0.00027901785714285713
692,28.66252339738923,0.00039552673763886833,0.7054336169748695,0.00027901785714285713
693,28.703883460011724,0.00039456522887157527,0.7071526752137427,0.00027901785714285713
694,28.74524352263422,0.0003936131166402651,0.7088632094490387,0.00027901785714285713
695,28.78660358525672,0.0003926728316165297,0.710560636431644,0.00027901785714285713
696,28.82796364787921,0.0003917467686394421,0.7122403539202159,0.00027901785714285713
697,28.869323710501707,0.0003908372602446649,0.7138977920584937,0.00027901785714285713
698,28.910683773124205,0.00038994654870221605,0.7155284694055083,0.00027901785714285713
699,28.9520438357467,0.0003890767572334259,0.717128052384432,0.00027901785714285713
700,28.99340389836919,0.000388229861053642,0.7186924168728615,0.00027901785714285713
701,29.03476396099169,0.00038740765884374,0.7202177106555303,0.00027901785714285713
702,29.076124023614184,0.0003866117451955976,0.7217004154948637,0.00027901785714285713
703,29.11748408623668,0.0003858434845098623,0.7231374076389913,0.00027901785714285713
704,29.158844148859174,0.00038510398675534554,0.7245260156709716,0.00027901785714285713
705,29.20020421148167,0.00038439408543469576,0.7258640746964853,0.00027901785714285713
706,29.241564274104164,0.0003837143180474179,0.7271499759578354,0.00027901785714285713
707,29.28292433672666,0.00038306490930452845,0.7283827110382588,0.00027901785714285713
708,29.324284399349153,0.0003824457573337434,0.7295619098720206,0.00027901785714285713
709,29.365644461971648,0.00038185642312327424,0.7306878717941119,0.00027901785714285713
710,29.407004524594146,0.0003812961234860755,0.7317615888456483,0.00027901785714285713
711,29.448364587216645,0.00038076372788244345,0.7327847604985126,0.00027901785714285713
712,29.489724649839136,0.00038025775951184827,0.7337597988823246,0.00027901785714285713
713,29.53108471246163,0.00037977640116451964,0.7346898235048213,0.00027901785714285713
714,29.57244477508413,0.0003793175063973766,0.7355786443733378,0.00027901785714285713
715,29.613804837706624,0.00037887861665131305,0.7364307323779133,0.00027901785714285713
716,29.655164900329115,0.00037845698493894805,0.7372511758182182,0.00027901785714285713
717,29.696524962951614,0.0003780496066859406,0.7380456220779706,0.00027901785714285713
718,29.73788502557411,0.00037765325818742206,0.73882020370227,0.00027901785714285713
719,29.779245088196603,0.0003772645429318741,0.7395814485360788,0.00027901785714285713
720,29.820605150819098,0.0003768799457421286,0.74033617414541,0.00027901785714285713
721,29.861965213441593,0.0003764958942922593,0.7410913674566297,0.00027901785714285713
722,29.903325276064088,0.0003761088270956068,0.7418540513858529,0.00027901785714285713
723,29.944685338686586,0.000375715266552249,0.7426311411385127,0.00027901785714285713
724,29.98604540130908,0.00037531189513398486,0.7434292937697827,0.00027901785714285713
725,30.027405463931576,0.0003748956323198571,0.744254755426977,0.00027901785714285713
726,30.06876552655407,0.00037446370952785786,0.7451132113567333,0.00027901785714285713
727,30.11012558917657,0.00037401374006801926,0.7460096441700621,0.00027901785714285713
728,30.15148565179906,0.00037354378110861843,0.7469482059499869,0.00027901785714285713
729,30.192845714421555,0.00037305238482439123,0.7479321095191512,0.00027901785714285713
730,30.234205777044053,0.0003725386362866824,0.7489635435508023,0.00027901785714285713
731,30.275565839666548,0.00037200217624058687,0.7500436152352145,0.00027901785714285713
732,30.31692590228904,0.00037144320765212206,0.751172322968343,0.00027901785714285713
733,30.358285964911538,0.0003708624857402724,0.7523485601028485,0.00027901785714285713
734,30.399646027534033,0.0003702612920658569,0.7535701493021025,0.00027901785714285713
735,30.441006090156527,0.00036964139405974066,0.7548339055819134,0.00027901785714285713
736,30.482366152779026,0.00036900499207258053,0.7561357248196154,0.00027901785714285713
737,30.52372621540152,0.00036835465656578914,0.7574706934457439,0.00027901785714285713
738,30.565086278024015,0.00036769325840593125,0.7588332142734666,0.00027901785714285713
739,30.60644634064651,0.00036702389536061764,0.7602171429974863,0.00027901785714285713
740,30.647806403269005,0.0003663498178308327,0.7616159298097362,0.00027901785714285713
741,30.6891664658915,0.0003656743566174438,0.7630227608077976,0.00027901785714285713
742,30.730526528513995,0.00036500085514485915,0.7644306943667909,0.00027901785714285713
743,30.771886591136493,0.00036433260809558786,0.7658327883450191,0.00027901785714285713
744,30.813246653758984,0.00036367280789049576,0.7672222148290813,0.00027901785714285713
745,30.85460671638148,0.0003630244999212794,0.7685923600290372,0.00027901785714285713
746,30.895966779003977,0.00036239054693953937,0.7699369078449169,0.00027901785714285713
747,30.937326841626472,0.00036177360255622835,0.7712499064922544,0.00027901785714285713
748,30.978686904248963,0.00036117609342446136,0.7725258183546212,0.00027901785714285713
749,31.020046966871465,0.00036060020937615247,0.7737595538992202,0.00027901785714285713
750,31.06140702949396,0.0003600479005610996,0.7749464910308739,0.00027901785714285713
751,31.102767092116455,0.0003595208804921614,0.7760824816653189,0.00027901785714285713
752,31.14412715473895,0.0003590206338252538,0.7771638475761355,0.00027901785714285713
753,31.185487217361445,0.0003585484276879382,0.7781873677206574,0.00027901785714285713
754,31.22684727998394,0.000358105325405833,0.7791502592893649,0.00027901785714285713
755,31.268207342606434,0.00035769220155143093,0.7800501546655566,0.00027901785714285713
756,31.30956740522893,0.0003573097573460603,0.7808850763418246,0.00027901785714285713
757,31.350927467851424,0.00035695853557462674,0.7816534116314048,0.00027901785714285713
758,31.39228753047392,0.0003566389343175982,0.7823538887495187,0.00027901785714285713
759,31.433647593096417,0.00035635121895950605,0.7829855555357685,0.00027901785714285713
760,31.47500765571891,0.0003560955320934216,0.7835477617552834,0.00027901785714285713
761,31.516367718341403,0.00035587190110163787,0.7840401455667864,0.00027901785714285713
762,31.557727780963905,0.00035568024335007114,0.7844626243922113,0.00027901785714285713
763,31.5990878435864,0.0003555203690834705,0.7848153900778276,0.00027901785714285713
764,31.640447906208887,0.00035539198224560477,0.7850989079152413,0.00027901785714285713
765,31.68180796883139,0.000355294679568639,0.7853139188056825,0.00027901785714285713
766,31.723168031453884,0.00035522794837428,0.7854614436161274,0.00027901785714285713
767,31.764528094076375,0.00035519116360079083,0.7855427886051046,0.00027901785714285713
768,31.805888156698874,0.00035518358461168135,0.7855595506979991,0.00027901785714285713
769,31.84724821932137,0.00035520435234991744,0.7855136213758784,0.00027901785714285713
770,31.888608281943863,0.0003552524873753753,0.7854071880094528,0.00027901785714285713
771,31.929968344566355,0.00035532688926366823,0.7852427316183594,0.00027901785714285713
772,31.971328407188853,0.000355426337754091,0.7850230202577203,0.00027901785714285713
773,32.01268846981135,0.000355549495919369,0.7847510975128267,0.00027901785714285713
774,32.054048532433846,0.0003556949154975813,0.7844302658994698,0.00027901785714285713
775,32.09540859505634,0.0003558610443864231,0.7840640652981299,0.00027901785714285713
776,32.136768657678836,0.00035604623616286595,0.7836562468679663,0.00027901785714285713
777,32.17812872030133,0.0003562487613675928,0.783210743166499,0.00027901785714285713
778,32.219488782923825,0.0003564668201935327,0.7827316354194563,0.00027901785714285713
779,32.26084884554632,0.000356698556149208,0.7822231190253073,0.00027901785714285713
780,32.302208908168815,0.00035694207023611625,0.7816894684291139,0.00027901785714285713
781,32.34356897079131,0.0003571954351865583,0.7811350024591718,0.00027901785714285713
782,32.384929033413805,0.0003574567093529569,0.7805640510928323,0.00027901785714285713
783,32.4262890960363,0.0003577239499162933,0.7799809244199242,0.00027901785714285713
784,32.4676491586588,0.0003579952251818321,0.7793898843235662,0.00027901785714285713
785,32.509009221281296,0.00035826862584416476,0.778795119124444,0.00027901785714285713
786,32.55036928390379,0.00035854227521955304,0.7782007211618235,0.00027901785714285713
787,32.59172934652628,0.00035881433854981323,0.7776106670389422,0.00027901785714285713
788,32.63308940914878,0.0003590830315689248,0.7770288000626412,0.00027901785714285713
789,32.674449471771275,0.0003593466285830008,0.7764588142738355,0.00027901785714285713
790,32.71580953439377,0.000359603470341613,0.7759042394051374,0.00027901785714285713
791,32.757169597016265,0.00035985197197255545,0.7753684261153272,0.00027901785714285713
792,32.79852965963876,0.00036009063121463186,0.7748545309320993,0.00027901785714285713
793,32.839889722261255,0.00036031803711908546,0.7743655004721329,0.00027901785714285713
794,32.88124978488375,0.00036053287930721867,0.7739040546842869,0.00027901785714285713
795,32.922609847506244,0.00036073395777754533,0.7734726690602268,0.00027901785714285713
796,32.96396991012874,0.00036092019316017295,0.7730735559565427,0.00027901785714285713
797,33.00532997275124,0.0003610906372265556,0.7727086453581893,0.00027901785714285713
798,33.046690035373736,0.0003612444833871809,0.7723795655691897,0.00027901785714285713
799,33.08805009799622,0.00036138107685275303,0.7720876244345929,0.00027901785714285713
800,33.129410160618725,0.0003614999240995636,0.7718337917714488,0.00027901785714285713
801,33.17077022324122,0.00036160070126791614,0.77161868371524,0.00027901785714285713
802,33.212130285863715,0.0003616832611327197,0.7714425496746213,0.00027901785714285713
803,33.25349034848621,0.0003617476383155072,0.7713052625363783,0.00027901785714285713
804,33.294850411108705,0.0003617940524530664,0.7712063126826902,0.00027901785714285713
805,33.33621047373119,0.00036182290909649023,0.7711448062799395,0.00027901785714285713
806,33.37757053635369,0.0003618347981803318,0.7711194681828247,0.00027901785714285713
807,33.41893059897619,0.00036183048997192696,0.771128649673788,0.00027901785714285713
808,33.460290661598684,0.0003618109284815813,0.7711703411331897,0.00027901785714285713
809,33.50165072422118,0.0003617772223830341,0.7712421896131567,0.00027901785714285713
810,33.54301078684368,0.0003617306335584379,0.7713415211702869,0.00027901785714285713
811,33.584370849466175,0.0003616725634416947,0.771465367700853,0.00027901785714285713
812,33.62573091208867,0.0003616045373875853,0.7716104979174867,0.00027901785714285713
813,33.66709097471116,0.00036152818734185645,0.7717734520075509,0.00027901785714285713
814,33.70845103733365,0.0003614452331284739,0.7719505794220327,0.00027901785714285713
815,33.74981109995615,0.0003613574627048176,0.7721380791595239,0.00027901785714285713
816,33.79117116257864,0.0003612667117631076,0.7723320418345566,0.00027901785714285713
817,33.832531225201144,0.0003611748430760847,0.7725284927557359,0.00027901785714285713
818,33.87389128782364,0.00036108372599600745,0.7727234351900487,0.00027901785714285713
819,33.915251350446134,0.00036099521651699316,0.7729128929599622,0.00027901785714285713
820,33.95661141306863,0.000360911138300383,0.7730929515138244,0.00027901785714285713
821,33.997971475691116,0.00036083326503972624,0.773259796632493,0.00027901785714285713
822,34.03933153831361,0.0003607633045052327,0.7734097499897197,0.00027901785714285713
823,34.08069160093611,0.0003607028845565585,0.7735393008732839,0.00027901785714285713
824,34.12205166355861,0.0003606535413481817,0.7736451334980461,0.00027901785714285713
825,34.1634117261811,0.0003606167098743878,0.7737241494994681,0.00027901785714285713
826,34.204771788803605,0.00036059371691404027,0.7737734853804192,0.00027901785714285713
827,34.2461318514261,0.0003605857763419503,0.7737905248882009,0.00027901785714285713
828,34.287491914048594,0.0003605939866792402,0.7737729065100922,0.00027901785714285713
829,34.32885197667108,0.00036061933066480723,0.7737185264818818,0.00027901785714285713
830,34.37021203929358,0.0003606626765497922,0.7736255378904909,0.00027901785714285713
831,34.41157210191607,0.00036072478075328384,0.7734923466034074,0.00027901785714285713
832,34.452932164538566,0.0003608062914750013,0.7733176048627441,0.00027901785714285713
833,34.49429222716107,0.00036090775284386455,0.7731002034294495,0.00027901785714285713
834,34.53565228978356,0.0003610296091921201,0.7728392631485779,0.00027901785714285713
835,34.57701235240606,0.0003611722090829772,0.7725341267294307,0.00027901785714285713
836,34.61837241502856,0.00036133580878331436,0.7721843513997763,0.00027901785714285713
837,34.65973247765104,0.000361520574957108,0.7717897029123744,0.00027901785714285713
838,34.701092540273535,0.00036172658645293774,0.7713501511704852,0.00027901785714285713
839,34.74245260289604,0.0003619538351626765,0.7708658675144452,0.00027901785714285713
840,34.78381266551853,0.0003622022260290512,0.7703372234948052,0.00027901785714285713
841,34.82517272814103,0.00036247157636925105,0.7697647907669888,0.00027901785714285713
842,34.86653279076353,0.0003627616147526175,0.769149341594841,0.00027901785714285713
843,34.90789285338602,0.00036307197971737387,0.7684918493574002,0.00027901785714285713
844,34.94925291600852,0.0003634022186313379,0.7677934884209211,0.00027901785714285713
845,34.990612978631006,0.00036375178699397644,0.7670556327671801,0.00027901785714285713
846,35.0319730412535,0.0003641200484442869,0.7662798528533893,0.00027901785714285713
847,35.073333103875996,0.00036450627568513586,0.7654679103080122,0.00027901785714285713
848,35.11469316649849,0.000364909652465742,0.764621750226384,0.00027901785714285713
849,35.15605322912099,0.00036532927668721883,0.7637434910034372,0.00027901785714285713
850,35.19741329174349,0.0003657641646185837,0.7628354118119116,0.00027901785714285713
851,35.23877335436598,0.0003662132561395012,0.7618999379874201,0.00027901785714285713
852,35.280133416988484,0.00036667542086672467,0.7609396247049557,0.00027901785714285713
853,35.321493479610965,0.000367149464978606,0.7599571394149128,0.00027901785714285713
854,35.36285354223346,0.0003676341385279613,0.7589552435474808,0.00027901785714285713
855,35.40421360485596,0.00036812814302912474,0.7579367739911763,0.00027901785714285713
856,35.445573667478456,0.000368630139118899,0.7569046248083962,0.00027901785714285713
857,35.48693373010095,0.0003691387541201868,0.7558617295761163,0.00027901785714285713
858,35.52829379272345,0.0003696525893774067,0.7548110446427481,0.00027901785714285713
859,35.56965385534595,0.0003701702272796606,0.753755533483414,0.00027901785714285713
860,35.61101391796844,0.0003706902379348719,0.7526981522288669,0.00027901785714285713
861,35.65237398059093,0.0003712111855011876,0.7516418363475325,0.00027901785714285713
862,35.693734043213425,0.00037173163421566093,0.7505894883860875,0.00027901785714285713
863,35.73509410583592,0.0003722501541806551,0.7495439666290862,0.00027901785714285713
864,35.776454168458415,0.0003727653269733202,0.7485080745260064,0.00027901785714285713
865,35.817814231080916,0.00037327575113166447,0.7474845507562584,0.00027901785714285713
866,35.85917429370341,0.0003737800475429615,0.7464760598565322,0.00027901785714285713
867,35.900534356325906,0.0003742768647190196,0.7454851834144862,0.00027901785714285713
868,35.94189441894841,0.0003747648838920319,0.7445144119299101,0.00027901785714285713
869,35.98325448157089,0.0003752428238097146,0.7435661375481678,0.00027901785714285713
870,36.02461454419338,0.00037570944505530327,0.7426426479690619,0.00027901785714285713
871,36.065974606815885,0.00037616355367313663,0.7417461219151146,0.00027901785714285713
872,36.10733466943838,0.00037660400385020363,0.7408786265953722,0.00027901785714285713
873,36.148694732060875,0.0003770296993935089,0.7400421176148354,0.00027901785714285713
874,36.19005479468338,0.00037743959375596744,0.7392384417498483,0.00027901785714285713
875,36.23141485730587,0.0003778326884022657,0.7384693429325423,0.00027901785714285713
876,36.272774919928366,0.00037820802936953013,0.7377364716660768,0.00027901785714285713
877,36.314134982550854,0.00037856470196404805,0.7370413979308489,0.00027901785714285713
878,36.35549504517335,0.0003789018236391063,0.7363856274511206,0.00027901785714285713
879,36.396855107795844,0.000379218535214079,0.7357706209833443,0.00027901785714285713
880,36.43821517041834,0.0003795139907131296,0.7351978160767297,0.00027901785714285713
881,36.47957523304084,0.0003797873462148966,0.7346686505584084,0.00027901785714285713
882,36.520935295663335,0.000380037748203986,0.7341845868245007,0.00027901785714285713
883,36.56229535828583,0.0003802643219937173,0.733747135886882,0.00027901785714285713
884,36.60365542090833,0.0003804661608415107,0.733357880043073,0.00027901785714285713
885,36.64501548353082,0.0003806423163999145,0.7330184930088341,0.00027901785714285713
886,36.686375546153315,0.0003807917911359263,0.7327307563814047,0.00027901785714285713
887,36.72773560877581,0.00038091353331005554,0.7324965713826254,0.00027901785714285713
888,36.769095671398304,0.0003810064350369955,0.732317964959738,0.00027901785714285713
889,36.8104557340208,0.0003810693338568106,0.7321970894873949,0.00027901785714285713
890,36.851815796643294,0.0003811010181343625,0.7321362155072635,0.00027901785714285713
891,36.893175859265796,0.0003811002364818985,0.7321377171491467,0.00027901785714285713
892,36.93453592188829,0.00038106571127088966,0.7322040500896987,0.00027901785714285713
893,36.97589598451078,0.0003809961561700628,0.7323377221115945,0.00027901785714285713
894,37.01725604713327,0.00038089029752151426,0.7325412565204475,0.00027901785714285713
895,37.05861610975577,0.0003807468992487616,0.732817148854994,0.00027901785714285713
896,37.09997617237826,0.00038056479088203565,0.7331678174856296,0.00027901785714285713
897,37.141336235000765,0.0003803428981871631,0.733595548839603,0.00027901785714285713
898,37.18269629762326,0.0003800802757956446,0.7341024381198749,0.00027901785714285713
899,37.224056360245754,0.00037977614115356395,0.7346903265048321,0.00027901785714285713
900,37.26541642286825,0.00037942990903550185,0.735360735931733,0.00027901785714285713
901,37.306776485490744,0.0003790412258054388,0.7361148026839606,0.00027901785714285713
902,37.34813654811324,0.00037861000255008756,0.7369532111237471,0.00027901785714285713
903,37.38949661073573,0.0003781364461617015,0.7378761290403133,0.00027901785714285713
904,37.43085667335823,0.00037762108740923075,0.7388831462171058,0.00027901785714285713
905,37.47221673598072,0.0003770648050117731,0.7399732179569116,0.00027901785714285713
906,37.51357679860322,0.00037646884472120843,0.7411446154315425,0.00027901785714285713
907,37.55493686122572,0.000375834832436785,0.7423948848322558,0.00027901785714285713
908,37.59629692384821,0.00037516478041938416,0.7437208173724421,0.00027901785714285713
909,37.6376569864707,0.0003744610857536949,0.7451184322164349,0.00027901785714285713
910,37.6790170490932,0.0003737265203277765,0.7465829743582147,0.00027901785714285713
911,37.7203771117157,0.00037296421176645646,0.7481089293295871,0.00027901785714285713
912,37.761737174338194,0.000372177614969783,0.7496900563606184,0.00027901785714285713
913,37.80309723696069,0.00037137047416947126,0.7513194412314268,0.00027901785714285713
914,37.84445729958318,0.00037054677572066416,0.752989569536004,0.00027901785714285713
915,37.88581736220568,0.00036971069218451384,0.7546924204280409,0.00027901785714285713
916,37.92717742482817,0.00036886651861490257,0.7564195801521156,0.00027901785714285713
917,37.96853748745067,0.0003680186023231196,0.7581623738081588,0.00027901785714285713
918,38.00989755007316,0.0003671712677347759,0.7599120128985803,0.00027901785714285713
919,38.05125761269566,0.0003663287382508198,0.7616597553201457,0.00027901785714285713
920,38.09261767531815,0.0003654950572544835,0.763397073653407,0.00027901785714285713
921,38.13397773794065,0.0003646740105471215,0.7651158269388209,0.00027901785714285713
922,38.17533780056314,0.0003638690525303067,0.7668084306774555,0.00027901785714285713
923,38.216697863185644,0.0003630832383700498,0.7684680196073543,0.00027901785714285713
924,38.25805792580813,0.0003623191641799941,0.7700885979198322,0.00027901785714285713
925,38.29941798843063,0.0003615789169531684,0.7716651720017057,0.00027901785714285713
926,38.34077805105313,0.00036086403557525034,0.773193861499878,0.00027901785714285713
927,38.38213811367562,0.00036017548379368704,0.7746719854555175,0.00027901785714285713
928,38.42349817629812,0.0003595136355293586,0.7760981213745146,0.00027901785714285713
929,38.46485823892061,0.0003588782724370526,0.7774721362987975,0.00027901785714285713
930,38.50621830154311,0.00035826859318174197,0.7787951901251846,0.00027901785714285713
931,38.5475783641656,0.0003576832335291332,0.7800697124936141,0.00027901785714285713
932,38.5889384267881,0.0003571202960727163,0.7812993554587666,0.00027901785714285713
933,38.63029848941059,0.00035657738824651367,0.7824889248164074,0.00027901785714285713
934,38.67165855203309,0.00035605166720426604,0.7836442933513502,0.00027901785714285713
935,38.71301861465558,0.00035553989017234815,0.7847722994109131,0.00027901785714285713
936,38.75437867727808,0.00035503846898878353,0.7858806341114318,0.00027901785714285713
937,38.79573873990058,0.000354543527701544,0.7869777202017784,0.00027901785714285713
938,38.83709880252307,0.000354050962292028,0.7880725851910492,0.00027901785714285713
939,38.87845886514557,0.0003535565017894684,0.7891747308581625,0.00027901785714285713
940,38.919818927768056,0.000353055770228868,0.7902940007523008,0.00027901785714285713
941,38.96117899039056,0.00035254434906214035,0.7914404468122017,0.00027901785714285713
942,39.00253905301305,0.0003520178397490988,0.7926241958127108,0.00027901785714285713
943,39.04389911563555,0.00035147192632644677,0.7938553160109455,0.00027901785714285713
944,39.08525917825804,0.0003509024377792187,0.7951436841211403,0.00027901785714285713
945,39.12661924088054,0.0003503054100239976,0.7964988525976322,0.00027901785714285713
946,39.16797930350303,0.00034967714726347177,0.7979299171433275,0.00027901785714285713
947,39.209339366125526,0.0003490142823960467,0.7994453843761026,0.00027901785714285713
948,39.25069942874802,0.00034831383607036365,0.8010530396687777,0.00027901785714285713
949,39.292059491370516,0.0003475732738715672,0.8027598153187055,0.00027901785714285713
950,39.33341955399301,0.00034679056102058153,0.8045716593950141,0.00027901785714285713
951,39.37477961661551,0.0003459642138652254,0.8064934058513692,0.00027901785714285713
952,39.41613967923801,0.0003450933473474631,0.8085286467777754,0.00027901785714285713
953,39.4574997418605,0.00034417771754735474,0.8106796079977712,0.00027901785714285713
954,39.498859804483,0.00034321775833411446,0.8129470295975764,0.00027901785714285713
955,39.54021986710549,0.00034221461110067405,0.815330053399662,0.00027901785714285713
956,39.58157992972798,0.00034117014652310193,0.8178261198594168,0.00027901785714285713
957,39.62293999235048,0.00034008697727384466,0.8204308773581369,0.00027901785714285713
958,39.664300054972976,0.0003389684606331549,0.8231381073675209,0.00027901785714285713
959,39.70566011759547,0.000337818689992462,0.8259396694394945,0.00027901785714285713
960,39.747020180217966,0.0003366424743345315,0.8288254703878778,0.00027901785714285713
961,39.78838024284046,0.00033544530491609777,0.8317834623222574,0.00027901785714285713
962,39.82974030546296,0.00033423330857800784,0.8347996743051606,0.00027901785714285713
963,39.87110036808546,0.00033301318737250445,0.837858282263012,0.00027901785714285713
964,39.912460430707945,0.0003317921445321705,0.8409417213185517,0.00027901785714285713
965,39.95382049333044,0.00033057779721021714,0.8440308438664662,0.00027901785714285713
966,39.995180555952935,0.0003293780768924481,0.8471051254390708,0.00027901785714285713
967,40.03654061857544,0.00032820111890414995,0.8501429186910949,0.00027901785714285713
968,40.07790068119793,0.0003270551429900379,0.8531217536956941,0.00027901785714285713
969,40.119260743820426,0.00032594832750246856,0.8560186802638036,0.00027901785714285713
970,40.16062080644292,0.00032488868025603034,0.8588106453046489,0.00027901785714285713
971,40.201980869065416,0.00032388390955213875,0.8614748955225296,0.00027901785714285713
972,40.243340931687904,0.0003229412992010922,0.8639893932213222,0.00027901785714285713
973,40.284700994310406,0.0003220675915277187,0.8663332309200801,0.00027901785714285713
974,40.3260610569329,0.00032126888230478494,0.8684870291239578,0.00027901785714285713
975,40.367421119555395,0.00032055053129186804,0.8704333011658791,0.00027901785714285713
976,40.40878118217789,0.0003199170915601847,0.872156769687207,0.00027901785714285713
977,40.45014124480039,0.00031937226006971333,0.8736446211137826,0.00027901785714285713
978,40.49150130742289,0.0003189188510688921,0.8748866873428701,0.00027901785714285713
979,40.53286137004538,0.000318558792865137,0.8758755475978348,0.00027901785714285713
980,40.57422143266787,0.0003182931474371856,0.8766065477357493,0.00027901785714285713
981,40.615581495290364,0.000318122151308502,0.8770777388345927,0.00027901785714285713
982,40.65694155791286,0.0003180452751558127,0.877289741236257,0.00027901785714285713
983,40.69830162053536,0.0003180612988610894,0.877245543994071,0.00027901785714285713
984,40.739661683157856,0.00031816839818488217,0.8769502525537584,0.00027901785714285713
985,40.78102174578035,0.00031836423897704406,0.8764107992762842,0.00027901785714285713
986,40.822381808402845,0.00031864607485272646,0.8756356320152857,0.00027901785714285713
987,40.86374187102534,0.0003190108445266947,0.874634395444538,0.00027901785714285713
988,40.90510193364783,0.00031945526547182276,0.8734176183659356,0.00027901785714285713
989,40.94646199627033,0.00031997592118616826,0.871996418069593,0.00027901785714285713
990,40.987822058892824,0.0003205693400454212,0.8703822302635783,0.00027901785714285713
991,41.02918212151532,0.00032123206441200916,0.8685865704395919,0.00027901785714285713
992,41.070542184137814,0.00032196070930528317,0.8666208300538076,0.00027901785714285713
993,41.111902246760316,0.0003227520104607124,0.8644961087758154,0.00027901785714285713
994,41.15326230938281,0.00032360286199098503,0.8622230824109031,0.00027901785714285713
995,41.194622372005306,0.00032451034410100325,0.8598119049666206,0.00027901785714285713
996,41.23598243462779,0.0003254717414140254,0.8572721426771264,0.00027901785714285713
997,41.27734249725029,0.0003264845524664914,0.8546127375245236,0.00027901785714285713
998,41.31870255987278,0.0003275464908633906,0.8518419977798717,0.00027901785714285713
999,41.360062622495285,0.0003286554784990063,0.8489676131892041,0.00027901785714285713
1000,41.40142268511778,0.0003298096311812817,0.8459966925268275,0.00027901785714285713
1001,41.442782747740274,0.0003310072369870626,0.842935821230285,0.00027901785714285713
1002,41.48414281036277,0.0003322467277435367,0.8397911366586364,0.00027901785714285713
1003,41.52550287298527,0.0003335266441864246,0.8365684181648174,0.00027901785714285713
1004,41.56686293560775,0.0003348455955827107,0.8332731886686456,0.00027901785714285713
1005,41.608222998230254,0.00033620221490345264,0.8299108238266153,0.00027901785714285713
1006,41.64958306085275,0.00033759511095979506,0.8264866643050586,0.00027901785714285713
1007,41.69094312347524,0.0003390228192331977,0.8230061261774064,0.00027901785714285713
1008,41.73230318609774,0.0003404837533976601,0.8194748041824619,0.00027901785714285713
1009,41.77366324872024,0.0003419761597083467,0.8158985625805514,0.00027901785714285713
1010,41.815023311342735,0.00034349807648525733,0.8122836086822522,0.00027901785714285713
1011,41.85638337396523,0.0003450473008317393,0.8086365448165579,0.00027901785714285713
1012,41.89774343658772,0.00034662136448843724,0.8049643955289569,0.00027901785714285713
1013,41.93910349921021,0.0003482175203413709,0.8012746080935998,0.00027901785714285713
1014,41.98046356183271,0.0003498327406008348,0.7975750258927918,0.00027901785714285713
1015,42.02182362445521,0.0003514637270798483,0.7938738357471172,0.00027901785714285713
1016,42.063183687077704,0.00035310693337111537,0.7901794917450952,0.00027901785714285713
1017,42.1045437497002,0.00035475859809755786,0.7865006194046573,0.00027901785714285713
1018,42.1459038123227,0.0003564147878417203,0.7828459049986607,0.00027901785714285713
1019,42.18726387494519,0.0003580714478861864,0.7792239755221796,0.00027901785714285713
1020,42.228623937567676,0.0003597244585541439,0.7756432750342462,0.00027901785714285713
1021,42.26998400019018,0.0003613696947478783,0.7721119429716521,0.00027901785714285713
1022,42.311344062812665,0.00036300308625007276,0.7686376995446309,0.00027901785714285713
1023,42.35270412543517,0.0003646206764720961,0.7652277425474252,0.00027901785714285713
1024,42.39406418805767,0.0003662186775854562,0.7618886589358869,0.00027901785714285713
1025,42.43542425068016,0.00036779352032797065,0.7586263534334428,0.00027901785714285713
1026,42.47678431330266,0.0003693418971995081,0.7554459953189105,0.00027901785714285713
1027,42.51814437592515,0.000370860798214717,0.7523519835097653,0.00027901785714285713
1028,42.55950443854764,0.0003723475388255366,0.7493479291495759,0.00027901785714285713
1029,42.600864501170136,0.00037379978003182436,0.7464366541871755,0.00027901785714285713
1030,42.64222456379264,0.0003752155410394277,0.7436202039231042,0.00027901785714285713
1031,42.683584626415126,0.00037659320508503884,0.7408998712014783,0.00027901785714285713
1032,42.72494468903763,0.00037793151921965905,0.7382762298285265,0.00027901785714285713
1033,42.76630475166013,0.0003792295889289395,0.7357491748755391,0.00027901785714285713
1034,42.80766481428262,0.00038048686847878523,0.7333179677353683,0.00027901785714285713
1035,42.849024876905105,0.0003817031478232487,0.7309812841052572,0.00027901785714285713
1036,42.89038493952761,0.00038287853681707567,0.7287372634213782,0.00027901785714285713
1037,42.931745002150095,0.00038401344735683506,0.7265835586314421,0.00027901785714285713
1038,42.9731050647726,0.00038510857395066515,0.7245173855272334,0.00027901785714285713
1039,43.0144651273951,0.00038616487310289785,0.7225355711432349,0.00027901785714285713
1040,43.055825190017586,0.00038718354180792387,0.7206346009440501,0.00027901785714285713
1041,43.09718525264009,0.0003881659953849384,0.7188106646646347,0.00027901785714285713
1042,43.138545315262576,0.0003891138448532977,0.7170597007363011,0.00027901785714285713
1043,43.17990537788507,0.000390028874045992,0.7153774392353206,0.00027901785714285713
1044,43.221265440507565,0.0003909130166792764,0.7137594432466204,0.00027901785714285713
1045,43.26262550313007,0.00039176833363203874,0.7122011484596394,0.00027901785714285713
1046,43.303985565752555,0.00039259699072866284,0.7106979007276597,0.00027901785714285713
1047,43.34534562837506,0.00039340123735355324,0.7092449912456713,0.00027901785714285713
1048,43.386705690997545,0.0003941833862451636,0.7078376889515102,0.00027901785714285713
1049,43.42806575362005,0.00039494579481412007,0.7064712697451963,0.00027901785714285713
1050,43.46942581624255,0.0003956908482998995,0.7051410421587151,0.00027901785714285713
1051,43.510785878865036,0.0003964209450208098,0.7038423691972439,0.00027901785714285713
1052,43.55214594148753,0.00039713848388509953,0.7025706862082468,0.00027901785714285713
1053,43.593506004110026,0.00039784585422093154,0.7013215148093842,0.00027901785714285713
1054,43.63486606673252,0.00039854542785720625,0.7000904731061818,0.00027901785714285713
1055,43.676226129355015,0.000399239553254955,0.6988732826395984,0.00027901785714285713
1056,43.71758619197752,0.00039993055136039934,0.6976657727041685,0.00027901785714285713
1057,43.758946254600005,0.0004006207127363987,0.6964638828508248,0.00027901785714285713
1058,43.80030631722251,0.000401312295438309,0.695263664518718,0.00027901785714285713
1059,43.841666379844995,0.0004020075230413334,0.6940612828137777,0.00027901785714285713
1060,43.88302644246749,0.00040270858220519795,0.6928530194588333,0.00027901785714285713
1061,43.924386505089984,0.0004034176191807257,0.6916352778777887,0.00027901785714285713
1062,43.965746567712486,0.00040413673472241706,0.6904045912443512,0.00027901785714285713
1063,44.007106630334974,0.0004048679769675638,0.6891576341322021,0.00027901785714285713
1064,44.048466692957476,0.00040561333197063277,0.6878912381584603,0.00027901785714285713
1065,44.08982675557998,0.0004063747117333851,0.6866024117315538,0.00027901785714285713
1066,44.131186818202465,0.0004071539397369739,0.6852883637159594,0.00027901785714285713
1067,44.17254688082496,0.0004079527341518427,0.6839465305287177,0.00027901785714285713
1068,44.213906943447455,0.0004087726890639097,0.6825746059058119,0.00027901785714285713
1069,44.25526700606995,0.00040961525420165045,0.6811705723378622,0.00027901785714285713
1070,44.296627068692445,0.0004104817137693039,0.6797327329900714,0.00027901785714285713
1071,44.33798713131495,0.0004113731650799648,0.6782597428021836,0.00027901785714285713
1072,44.379347193937434,0.0004122904977336406,0.6767506374185612,0.00027901785714285713
1073,44.420707256559936,0.00041323437409752597,0.6752048586282591,0.00027901785714285713
1074,44.462067319182424,0.00041420521181799176,0.6736222750993823,0.00027901785714285713
1075,44.50342738180492,0.0004152031690295201,0.6720031973624448,0.00027901785714285713
1076,44.54478744442742,0.0004162281328284053,0.6703483862247374,0.00027901785714285713
1077,44.586147507049915,0.0004172797114560493,0.6686590540653333,0.00027901785714285713
1078,44.62750756967241,0.0004183572304951277,0.6669368587525981,0.00027901785714285713
1079,44.668867632294905,0.0004194597332310887,0.6651838902237147,0.00027901785714285713
1080,44.7102276949174,0.00042058598518096395,0.6634026500497994,0.00027901785714285713
1081,44.751587757539895,0.00042173448264986896,0.6615960245643523,0.00027901785714285713
1082,44.7929478201624,0.0004229034650521577,0.6597672523407799,0.00027901785714285713
1083,44.834307882784884,0.0004240909306354611,0.6579198869562588,0.00027901785714285713
1084,44.87566794540738,0.0004252946551772505,0.6560577560669569,0.00027901785714285713
1085,44.917028008029874,0.0004265122131880872,0.6541849178415282,0.00027901785714285713
1086,44.95838807065237,0.00042774100115324827,0.6523056157595059,0.00027901785714285713
1087,44.99974813327486,0.0004289782623727083,0.6504242326862675,0.00027901785714285713
1088,45.041108195897365,0.00043022111301288746,0.6485452449993988,0.00027901785714285713
1089,45.08246825851986,0.0004314665690549512,0.6466731773773223,0.00027901785714285713
1090,45.123828321142355,0.0004327115739041877,0.6448125586875061,0.00027901785714285713
1091,45.16518838376485,0.00043395302650308965,0.6429678792454985,0.00027901785714285713
1092,45.20654844638734,0.00043518780985704034,0.641143549573493,0.00027901785714285713
1093,45.24790850900984,0.0004364128199268654,0.6393438606813047,0.00027901785714285713
1094,45.289268571632334,0.0004376249948597207,0.6375729458329852,0.00027901785714285713
1095,45.33062863425483,0.00043882134451480567,0.6358347437528604,0.00027901785714285713
1096,45.371988696877324,0.00043999898019223677,0.6341329632649455,0.00027901785714285713
1097,45.413348759499826,0.00044115514439478605,0.6324710494436996,0.00027901785714285713
1098,45.45470882212231,0.0004422872403496004,0.6308521514713176,0.00027901785714285713
1099,45.49606888474481,0.0004433928608997353,0.6292790925335886,0.00027901785714285713
1100,45.5374289473673,0.0004444698162551421,0.6277543422266734,0.00027901785714285713
1101,45.5787890099898,0.0004455161599823072,0.6262799920746709,0.00027901785714285713
1102,45.6201490726123,0.00044653021252412075,0.6248577348565975,0.00027901785714285713
1103,45.661509135234795,0.0004475105814877358,0.6234888484988902,0.00027901785714285713
1104,45.70286919785729,0.0004484561779279168,0.6221741852951025,0.00027901785714285713
1105,45.744229260479784,0.0004493662278919547,0.6209141671633231,0.00027901785714285713
1106,45.78558932310228,0.000450240278581429,0.6197087875433047,0.00027901785714285713
1107,45.82694938572477,0.0004510781986242677,0.6185576203723143,0.00027901785714285713
1108,45.86830944834727,0.00045188017213072037,0.6174598363703875,0.00027901785714285713
1109,45.90966951096976,0.0004526466864200227,0.6164142266225476,0.00027901785714285713
1110,45.95102957359226,0.00045337851353790176,0.6154192331823676,0.00027901785714285713
1111,45.99238963621475,0.0004540766859255625,0.6144729861523808,0.00027901785714285713
1112,46.03374969883725,0.00045474246683297576,0.6135733464394887,0.00027901785714285713
1113,46.07510976145974,0.0004553773162803333,0.612717953151386,0.00027901785714285713
1114,46.116469824082245,0.00045598285354861776,0.611904274407344,0.00027901785714285713
1115,46.15782988670474,0.0004565608173137425,0.6111296601940324,0.00027901785714285713
1116,46.19918994932723,0.00045711302462135713,0.6103913958128354,0.00027901785714285713
1117,46.24055001194973,0.0004576413299282444,0.6096867544428419,0.00027901785714285713
1118,46.28191007457222,0.00045814758541010315,0.6090130473853724,0.00027901785714285713
1119,46.32327013719472,0.00045863360365832316,0.6083676706574739,0.00027901785714285713
1120,46.36463019981721,0.00045910112376498666,0.6077481467583731,0.00027901785714285713
1121,46.40599026243971,0.00045955178163491585,0.6071521606340301,0.00027901785714285713
1122,46.4473503250622,0.0004599870851749203,0.6065775891006905,0.00027901785714285713
1123,46.4887103876847,0.0004604083948049915,0.6060225232449046,0.00027901785714285713
1124,46.530070450307186,0.00046081690952442394,0.6054852835821746,0.00027901785714285713
1125,46.57143051292969,0.00046121365855855836,0.6049644280155927,0.00027901785714285713
1126,46.61279057555218,0.0004615994984177108,0.6044587528783842,0.00027901785714285713
1127,46.65415063817468,0.00046197511502760126,0.6039672875587397,0.00027901785714285713
1128,46.69551070079718,0.0004623410304450896,0.6034892833851462,0.00027901785714285713
1129,46.736870763419674,0.00046269761355858765,0.6030241975897448,0.00027901785714285713
1130,46.77823082604217,0.0004630450940912362,0.6025716732631677,0.00027901785714285713
1131,46.819590888664656,0.00046338357917588026,0.6021315162679818,0.00027901785714285713
1132,46.86095095128716,0.0004637130717535908,0.6017036700900302,0.00027901785714285713
1133,46.902311013909646,0.0004640334900580303,0.6012881895829635,0.00027901785714285713
1134,46.94367107653215,0.00046434468748347526,0.6008852145051979,0.00027901785714285713
1135,46.98503113915464,0.00046464647219014976,0.6004949436669201,0.00027901785714285713
1136,47.02639120177714,0.0004649386258724319,0.6001176104035137,0.00027901785714285713
1137,47.06775126439963,0.0004652209211994562,0.5997534599765616,0.00027901785714285713
1138,47.10911132702213,0.00046549313752916507,0.5994027293804638,0.00027901785714285713
1139,47.150471389644615,0.00046575507459285196,0.5990656299059447,0.00027901785714285713
1140,47.19183145226712,0.00046600656394368996,0.598742332686482,0.00027901785714285713
1141,47.23319151488962,0.0004662474780572246,0.5984329573330411,0.00027901785714285713
1142,47.274551577512106,0.0004664777370613199,0.5981375636500728,0.00027901785714285713
1143,47.31591164013461,0.00046669731315494254,0.597856146324596,0.00027901785714285713
1144,47.357271702757096,0.00046690623284780983,0.5975886323920724,0.00027901785714285713
1145,47.3986317653796,0.0004671045772133877,0.5973348812109653,0.00027901785714285713
1146,47.43999182800209,0.00046729248039575655,0.5970946866222906,0.00027901785714285713
1147,47.48135189062459,0.0004674701266436262,0.5968677809342996,0.00027901785714285713
1148,47.522711953247075,0.00046763774616323794,0.5966538403541544,0.00027901785714285713
1149,47.56407201586958,0.00046779561008462487,0.5964524914895684,0.00027901785714285713
1150,47.605432078492065,0.00046794402482445616,0.5962633185615043,0.00027901785714285713
1151,47.64679214111457,0.00046808332610413864,0.5960858710031931,0.00027901785714285713
1152,47.68815220373706,0.0004682138728464944,0.5959196711677404,0.00027901785714285713
1153,47.729512266359556,0.00046833604113102764,0.5957642219228555,0.00027901785714285713
1154,47.770872328982044,0.0004684502183397325,0.595619013972806,0.00027901785714285713
1155,47.812232391604546,0.0004685567975760125,0.5954835328103268,0.00027901785714285713
1156,47.853592454227034,0.0004686561723931173,0.5953572652592994,0.00027901785714285713
1157,47.894952516849536,0.0004687487318280021,0.5952397056195922,0.00027901785714285713
1158,47.93631257947204,0.0004688348557058177,0.5951303614634276,0.00027901785714285713
1159,47.977672642094525,0.0004689149101608411,0.5950287591562232,0.00027901785714285713
1160,48.01903270471703,0.00046898924331387795,0.5949344491812157,0.00027901785714285713
1161,48.06039276733952,0.00046905818105336176,0.5948470113372035,0.00027901785714285713
1162,48.101752829962,0.00046912202288752324,0.5947660598525226,0.00027901785714285713
1163,48.143112892584504,0.00046918103786567836,0.5946912484189889,0.00027901785714285713
1164,48.184472955207006,0.0004692354606047818,0.5946222751009492,0.00027901785714285713
1165,48.225833017829494,0.00046928548749943216,0.5945588870211861,0.00027901785714285713
1166,48.267193080451996,0.0004693312732346379,0.5945008846733397,0.00027901785714285713
1167,48.3085531430745,0.0004693729277570006,0.5944481256646053,0.00027901785714285713
1168,48.349913205696986,0.0004694105138866809,0.5944005276588544,0.00027901785714285713
1169,48.39127326831949,0.00046944404576669074,0.59435807027261,0.00027901785714285713
1170,48.432633330941975,0.00046947348834470184,0.5943207956782294,0.00027901785714285713
1171,48.47399339356446,0.00046949875806492143,0.5942888076911058,0.00027901785714285713
1172,48.515353456186965,0.00046951972491332127,0.5942622691610391,0.00027901785714285713
1173,48.55671351880947,0.0004695362159107605,0.5942413975493787,0.00027901785714285713
1174,48.598073581431954,0.00046954802008775267,0.5942264586499847,0.00027901785714285713
1175,48.639433644054456,0.00046955489490584307,0.5942177584983048,0.00027901785714285713
1176,48.680793706676944,0.00046955657401843954,0.5942156336030769,0.00027901785714285713
1177,48.722153769299446,0.00046955277619296725,0.5942204397236746,0.00027901785714285713
1178,48.763513831921934,0.0004695432151510505,0.5942325394971324,0.00027901785714285713
1179,48.804873894544436,0.00046952761002847415,0.5942522892869629,0.00027901785714285713
1180,48.84623395716692,0.0004695056961141559,0.5942800256783606,0.00027901785714285713
1181,48.887594019789425,0.0004694772355005531,0.5943160520773076,0.00027901785714285713
1182,48.92895408241191,0.0004694420272666457,0.5943606258848517,0.00027901785714285713
1183,48.970314145034415,0.0004693999168196784,0.5944139467115475,0.00027901785714285713
1184,49.01167420765692,0.0004693508040415666,0.5944761460729208,0.00027901785714285713
1185,49.053034270279404,0.00046929464991896384,0.5945472789665022,0.00027901785714285713
1186,49.09439433290189,0.00046923148138032744,0.5946273176771447,0.00027901785714285713
1187,49.135754395524394,0.0004691613941163939,0.5947161480930289,0.00027901785714285713
1188,49.17711445814688,0.000469084553220718,0.5948135687417767,0.00027901785714285713
1189,49.218474520769384,0.0004690011915519249,0.594919292677247,0.00027901785714285713
1190,49.259834583391886,0.0004689116057879737,0.5950329522639707,0.00027901785714285713
1191,49.30119464601437,0.0004688161502136314,0.5951541068193013,0.00027901785714285713
1192,49.342554708636875,0.00046871522835466317,0.5952822529839642,0.00027901785714285713
1193,49.38391477125938,0.0004686092826450032,0.5954168376007785,0.00027901785714285713
1194,49.42527483388186,0.00046849878238569364,0.5955572727895683,0.00027901785714285713
1195,49.46663489650435,0.0004683842103250169,0.5957029528156886,0.00027901785714285713
1196,49.507994959126854,0.00046826604825663686,0.5958532722618813,0.00027901785714285713
1197,49.54935502174934,0.0004681447620943921,0.5960076449314171,0.00027901785714285713
1198,49.590715084371844,0.00046802078693527295,0.5961655228391494,0.00027901785714285713
1199,49.632075146994346,0.00046789451266321657,0.5963264145901407,0.00027901785714285713
1200,49.673435209616834,0.0004677662706710489,0.5964899024091311,0.00027901785714285713
1201,49.714795272239336,0.00046763632228262,0.5966556570732552,0.00027901785714285713
1202,49.75615533486182,0.0004675048494376661,0.5968234500208313,0.00027901785714285713
1203,49.79751539748431,0.0004673719481551176,0.5969931619649818,0.00027901785714285713
1204,49.83887546010681,0.00046723762521457473,0.5971647874349174,0.00027901785714285713
1205,49.880235522729315,0.00046710179838969077,0.5973384348010579,0.00027901785714285713
1206,49.9215955853518,0.00046696430043325845,0.5975143215101861,0.00027901785714285713
1207,49.962955647974304,0.0004668248868554522,0.5976927644589186,0.00027901785714285713
1208,50.00431571059679,0.00046668324736053106,0.5978741656593148,0.00027901785714285713
1209,50.045675773219294,0.00046653902062190433,0.598058993588407,0.00027901785714285713
1210,50.08703583584178,0.0004663918118908191,0.5982477608508581,0.00027901785714285713
1211,50.128395898464284,0.0004662412127625868,0.5984409990048112,0.00027901785714285713
1212,50.16975596108677,0.0004660868222774118,0.598639231591035,0.00027901785714285713
1213,50.21111602370927,0.0004659282684225091,0.5988429465495331,0.00027901785714285713
1214,50.25247608633176,0.0004657652290380875,0.5990525692935329,0.00027901785714285713
1215,50.29383614895426,0.00046559745111891116,0.5992684377294786,0.00027901785714285713
1216,50.335196211576765,0.00046542476754967056,0.599490780458047,0.00027901785714285713
1217,50.37655627419925,0.00046524711041566366,0.5997196992659997,0.00027901785714285713
1218,50.41791633682175,0.0004650645201866602,0.5999551568261311,0.00027901785714285713
1219,50.45927639944424,0.00046487715027205797,0.6001969702739074,0.00027901785714285713
1220,50.50063646206674,0.00046468526667874506,0.6004448110375598,0.00027901785714285713
1221,50.54199652468923,0.00046448924275456423,0.6006982109815834,0.00027901785714285713
1222,50.583356587311734,0.0004642895492543354,0.6009565746008481,0.00027901785714285713
1223,50.62471664993422,0.00046408674020656716,0.6012191966929825,0.00027901785714285713
1224,50.66607671255672,0.00046388143527166086,0.6014852846599846,0.00027901785714285713
1225,50.707436775179225,0.0004636742994547908,0.6017539843613048,0.00027901785714285713
1226,50.748796837801706,0.00046346602115822426,0.6020244082739395,0.00027901785714285713
1227,50.7901569004242,0.00046325728962344547,0.6022956646179368,0.00027901785714285713
1228,50.8315169630467,0.0004630487728201034,0.6025668860832007,0.00027901785714285713
1229,50.8728770256692,0.0004628410967891309,0.602837256843631,0.00027901785714285713
1230,50.91423708829169,0.00046263482734588447,0.6031060366630204,0.00027901785714285713
1231,50.955597150914194,0.00046243045490440045,0.6033725810739244,0.00027901785714285713
1232,50.99695721353668,0.00046222838300582396,0.6036363568338935,0.00027901785714285713
1233,51.038317276159184,0.00046202892093437684,0.603896952118473,0.00027901785714285713
1234,51.07967733878167,0.00046183228059484073,0.6041540811817695,0.00027901785714285713
1235,51.121037401404166,0.00046163857761788863,0.6044075834879817,0.00027901785714285713
1236,51.16239746402666,0.00046144783646434346,0.6046574175766389,0.00027901785714285713
1237,51.20375752664916,0.00046125999912555616,0.6049036501578533,0.00027901785714285713
1238,51.24511758927165,0.00046107493687168766,0.6051464411315527,0.00027901785714285713
1239,51.28647765189415,0.0004608924643876803,0.6053860253791455,0.00027901785714285713
1240,51.32783771451664,0.0004607123555610585,0.6056226922828396,0.00027901785714285713
1241,51.36919777713914,0.0004605343601473599,0.6058567639851631,0.00027901785714285713
1242,51.41055783976164,0.000460358220537077,0.6060885734099435,0.00027901785714285713
1243,51.45191790238413,0.00046018368787967463,0.6063184430296726,0.00027901785714285713
1244,51.49327796500663,0.00046001053688271223,0.6065466652864903,0.00027901785714285713
1245,51.53463802762912,0.0004598385786915272,0.6067734854626676,0.00027901785714285713
1246,51.575998090251616,0.00045966767136345797,0.6069990876566094,0.00027901785714285713
1247,51.61735815287411,0.00045949772757323935,0.6072235843612186,0.00027901785714285713
1248,51.65871821549661,0.0004593287193186554,0.6074470099686732,0.00027901785714285713
1249,51.7000782781191,0.0004591606795307111,0.607669318348491,0.00027901785714285713
1250,51.741438340741595,0.00045899370062630376,0.6078903844696194,0.00027901785714285713
1251,51.78279840336409,0.00045882793016762617,0.608110009869979,0.00027901785714285713
1252,51.824158465986585,0.00045866356390732524,0.6083279316236111,0.00027901785714285713
1253,51.86551852860908,0.000458500836597322,0.6085438343221702,0.00027901785714285713
1254,51.90687859123158,0.00045834001101941385,0.6087573644776973,0.00027901785714285713
1255,51.94823865385408,0.0004581813657540809,0.6089681466718881,0.00027901785714285713
1256,51.98959871647657,0.00045802518223939846,0.6091758007249073,0.00027901785714285713
1257,52.03095877909907,0.00045787173168360313,0.6093799591359421,0.00027901785714285713
1258,52.072318841721554,0.00045772126238278316,0.6095802840583798,0.00027901785714285713
1259,52.113678904344056,0.0004575739879611265,0.6097764831128496,0.00027901785714285713
1260,52.15503896696655,0.00045743007699687306,0.6099683234094913,0.00027901785714285713
1261,52.196399029589045,0.0004572896444261054,0.6101556432423091,0.00027901785714285713
1262,52.23775909221154,0.00045715274503206437,0.610338361029172,0.00027901785714285713
1263,52.27911915483404,0.0004570193692345789,0.6105164811945702,0.00027901785714285713
1264,52.32047921745653,0.00045688944129633973,0.6106900968234138,0.00027901785714285713
1265,52.36183928007903,0.00045676281996545663,0.6108593890456283,0.00027901785714285713
1266,52.40319934270152,0.0004566393014804787,0.6110246232381843,0.00027901785714285713
1267,52.444559405324014,0.0004565186247795241,0.6111861422468995,0.00027901785714285713
1268,52.485919467946516,0.00045640047868177893,0.6113443569313165,0.00027901785714285713
1269,52.52727953056901,0.00045628451075048064,0.6114997344177614,0.00027901785714285713
1270,52.568639593191506,0.00045617033750245214,0.6116527845069657,0.00027901785714285713
1271,52.609999655814,0.00045605755560128796,0.611804044721914,0.00027901785714285713
1272,52.651359718436495,0.0004559457536590018,0.6119540644993754,0.00027901785714285713
1273,52.69271978105899,0.00045583452427299363,0.6121033890266653,0.00027901785714285713
1274,52.734079843681485,0.000455723475940346,0.612252543205346,0.00027901785714285713
1275,52.77543990630398,0.0004556122445169994,0.612402016189551,0.00027901785714285713
1276,52.816799968926475,0.00045550050392339895,0.6125522469010908,0.00027901785714285713
1277,52.85816003154897,0.00045538797583764867,0.6127036108707675,0.00027901785714285713
1278,52.899520094171464,0.0004552744381600149,0.6128564086982432,0.00027901785714285713
1279,52.94088015679396,0.0004551597320764586,0.6130108563645679,0.00027901785714285713
1280,52.98224021941646,0.00045504376759137195,0.6131670775753035,0.00027901785714285713
1281,53.023600282038956,0.00045492652744008637,0.6133250982590891,0.00027901785714285713
1282,53.06496034466144,0.00045480806932790416,0.6134848432992356,0.00027901785714285713
1283,53.106320407283945,0.00045468852647462233,0.6136461355341238,0.00027901785714285713
1284,53.14768046990643,0.00045456810647085094,0.6138086970268978,0.00027901785714285713
1285,53.189040532528935,0.00045444708847564583,0.6139721525750514,0.00027901785714285713
1286,53.23040059515143,0.0004543258188044002,0.6141360354054235,0.00027901785714285713
1287,53.271760657773925,0.00045420470497280815,0.6142997949780399,0.00027901785714285713
1288,53.31312072039642,0.0004540842082782185,0.6144628068014694,0.00027901785714285713
1289,53.354480783018914,0.00045396483501551475,0.614624384140506,0.00027901785714285713
1290,53.3958408456414,0.0004538471264420198,0.6147837914723526,0.00027901785714285713
1291,53.437200908263904,0.00045373164762647385,0.6149402595177875,0.00027901785714285713
1292,53.4785609708864,0.0004536189753416474,0.6150930016380206,0.00027901785714285713
1293,53.51992103350889,0.00045350968518928134,0.6152412313452655,0.00027901785714285713
1294,53.561281096131395,0.0004534043381792614,0.6153841806263056,0.00027901785714285713
1295,53.60264115875389,0.00045330346702142463,0.6155211187247986,0.00027901785714285713
1296,53.644001221376385,0.0004532075624258414,0.6156513709731244,0.00027901785714285713
1297,53.68536128399887,0.00045311705974315243,0.6157743372121485,0.00027901785714285713
1298,53.726721346621375,0.0004530323263068274,0.6158895092927328,0.00027901785714285713
1299,53.76808140924386,0.00045295364986038564,0.6159964871214949,0.00027901785714285713
1300,53.809441471866364,0.0004528812284603898,0.6160949927012945,0.00027901785714285713
1301,53.85080153448886,0.00045281516223686237,0.6161848816292643,0.00027901785714285713
1302,53.892161597111354,0.00045275544736402224,0.6162661515555936,0.00027901785714285713
1303,53.93352165973385,0.0004527019725442968,0.6163389471768985,0.00027901785714285713
1304,53.97488172235634,0.0004526545182370339,0.6164035614392092,0.00027901785714285713
1305,54.01624178497883,0.0004526127587722434,0.6164604327543053,0.00027901785714285713
1306,54.05760184760133,0.0004525762673822977,0.6165101381844371,0.00027901785714285713
1307,54.098961910223835,0.00045254452406538997,0.6165533827176323,0.00027901785714285713
1308,54.14032197284632,0.0004525169260702589,0.6165909849293374,0.00027901785714285713
1309,54.181682035468825,0.0004524928006689741,0.6166238594964423,0.00027901785714285713
1310,54.22304209809131,0.0004524714197711138,0.6166529971859892,0.00027901785714285713
1311,54.264402160713814,0.0004524520158353847,0.6166794430735214,0.00027901785714285713
1312,54.30576222333631,0.0004524337984605178,0.6167042738457259,0.00027901785714285713
1313,54.347122285958804,0.0004524159709913222,0.6167285751019806,0.00027901785714285713
1314,54.38848234858129,0.0004523977464623518,0.6167534195842348,0.00027901785714285713
1315,54.42984241120379,0.00045237836222258783,0.616779847232325,0.00027901785714285713
1316,54.47120247382628,0.00045235709264045804,0.6168088478820997,0.00027901785714285713
1317,54.51256253644878,0.00045233325937757456,0.6168413472995439,0.00027901785714285713
1318,54.55392259907128,0.00045230623883808866,0.6168781970808427,0.00027901785714285713
1319,54.59528266169377,0.00045227546654336636,0.6169201687531808,0.00027901785714285713
1320,54.636642724316275,0.0004522404383415106,0.6169679521939523,0.00027901785714285713
1321,54.67800278693876,0.00045220070853007374,0.6170221582576335,0.00027901785714285713
1322,54.71936284956125,0.0004521558851386977,0.6170833252723651,0.00027901785714285713
1323,54.76072291218375,0.0004521056227771967,0.6171519288543789,0.00027901785714285713
1324,54.802082974806254,0.00045204961359322993,0.6172283943017086,0.00027901785714285713
1325,54.84344303742874,0.000451987576994555,0.6173131106791867,0.00027901785714285713
1326,54.88480310005124,0.0004519192488645748,0.6174064456069883,0.00027901785714285713
1327,54.92616316267374,0.0004518443710321951,0.6175087597206703,0.00027901785714285713
1328,54.96752322529623,0.00045176268174305554,0.617620419788351,0.00027901785714285713
1329,55.00888328791872,0.00045167390781932154,0.6177418095500654,0.00027901785714285713
1330,55.05024335054122,0.0004515777590916986,0.6178733374825022,0.00027901785714285713
1331,55.09160341316371,0.0004514739255458297,0.6180154408818316,0.00027901785714285713
1332,55.13296347578621,0.00045136207745493387,0.6181685858859413,0.00027901785714285713
1333,55.174323538408714,0.0004512418685821107,0.6183332633108387,0.00027901785714285713
1334,55.2156836010312,0.0004511129423424608,0.618509980436433,0.00027901785714285713
1335,55.257043663653704,0.00045097494063019205,0.6186992491266983,0.00027901785714285713
1336,55.29840372627619,0.00045082751485230657,0.6189015708907316,0.00027901785714285713
1337,55.33976378889868,0.0004506703385789608,0.6191174196701014,0.00027901785714285713
1338,55.38112385152118,0.0004505031211306258,0.619347223261422,0.00027901785714285713
1339,55.42248391414368,0.00045032562137772153,0.6195913443459709,0.00027901785714285713
1340,55.46384397676617,0.0004501376610315657,0.6198500620975393,0.00027901785714285713
1341,55.50520403938867,0.00044993913675316804,0.6201235552797076,0.00027901785714285713
1342,55.54656410201116,0.00044973003049269584,0.620411887632193,0.00027901785714285713
1343,55.58792416463366,0.0004495104175884778,0.6207149961945824,0.00027901785714285713
1344,55.62928422725616,0.00044928047228988725,0.6210326830381973,0.00027901785714285713
1345,55.67064428987865,0.0004490404705115115,0.6213646106887025,0.00027901785714285713
1346,55.71200435250114,0.0004487907897670428,0.6217103013359276,0.00027901785714285713
1347,55.75336441512364,0.0004485319063600485,0.6220691397567648,0.00027901785714285713
1348,55.79472447774613,0.00044826439001886337,0.6224403797301763,0.00027901785714285713
1349,55.83608454036863,0.00044798889624953885,0.622823153606554,0.00027901785714285713
1350,55.87744460299113,0.00044770615674231067,0.623216484609242,0.00027901785714285713
1351,55.91880466561362,0.000447416968204447,0.6236193013926107,0.00027901785714285713
1352,55.96016472823612,0.00044712218000749626,0.6240304543562998,0.00027901785714285713
1353,56.00152479085861,0.0004468226810351162,0.6244487332121998,0.00027901785714285713
1354,56.0428848534811,0.0004465193861022826,0.6248728853150926,0.00027901785714285713
1355,56.0842449161036,0.0004462132222933052,0.625301634292345,0.00027901785714285713
1356,56.1256049787261,0.0004459051155387267,0.6257336985375413,0.00027901785714285713
1357,56.16696504134859,0.0004455959777225439,0.6261678091640926,0.00027901785714285713
1358,56.20832510397109,0.00044528669458403084,0.6266027270442126,0.00027901785714285713
1359,56.24968516659359,0.00044497811465299506,0.6270372585861715,0.00027901785714285713
1360,56.29104522921608,0.00044467103943332363,0.6274702699290462,0.00027901785714285713
1361,56.33240529183857,0.00044436621502622737,0.6279006992608315,0.00027901785714285713
1362,56.37376535446107,0.00044406432535991656,0.6283275669954159,0.00027901785714285713
1363,56.41512541708356,0.00044376598716433074,0.6287499835798236,0.00027901785714285713
1364,56.45648547970606,0.00044347174679719843,0.629167154746508,0.00027901785714285713
1365,56.49784554232856,0.0004431820789889871,0.6295783840794489,0.00027901785714285713
1366,56.53920560495105,0.0004428973875298512,0.6299830728264375,0.00027901785714285713
1367,56.58056566757355,0.0004426180078713262,0.6303807169634422,0.00027901785714285713
1368,56.62192573019604,0.00044234421156084594,0.6307709015979229,0.00027901785714285713
1369,56.663285792818535,0.00044207621237097477,0.631153292882258,0.00027901785714285713
1370,56.70464585544103,0.0004418141739294519,0.6315276276931084,0.00027901785714285713
1371,56.74600591806353,0.0004415582186051691,0.6318937014109759,0.00027901785714285713
1372,56.78736598068602,0.0004413084373617696,0.6322513542022489,0.00027901785714285713
1373,56.82872604330852,0.00044106490025780723,0.6326004562588593,0.00027901785714285713
1374,56.87008610593101,0.00044082766725351907,0.6329408924834896,0.00027901785714285713
1375,56.91144616855351,0.0004405967989797464,0.6332725471200784,0.00027901785714285713
1376,56.95280623117601,0.00044037236713623555,0.6335952888173362,0.00027901785714285713
1377,56.9941662937985,0.00044015446421246247,0.6339089565797867,0.00027901785714285713
1378,57.03552635642099,0.0004399432122633771,0.6342133470076584,0.00027901785714285713
1379,57.07688641904349,0.00043973877052132617,0.6345082031590515,0.00027901785714285713
1380,57.11824648166598,0.0004395413416807516,0.6347932052896946,0.00027901785714285713
1381,57.15960654428848,0.0004393511767491987,0.6350679636443378,0.00027901785714285713
1382,57.20096660691098,0.00043916857841305317,0.6353320133947089,0.00027901785714285713
1383,57.24232666953347,0.00043899390291508514,0.6355848117481206,0.00027901785714285713
1384,57.28368673215597,0.000438827560480095,0.6358257371929885,0.00027901785714285713
1385,57.32504679477846,0.0004386700143530361,0.6360540908052745,0.00027901785714285713
1386,57.36640685740095,0.00043852177852976153,0.6362690995150216,0.00027901785714285713
1387,57.40776692002345,0.00043838341426509123,0.6364699212231933,0.00027901785714285713
1388,57.44912698264595,0.00043825552543764307,0.6366556516640132,0.00027901785714285713
1389,57.49048704526844,0.0004381387528391531,0.6368253329220768,0.00027901785714285713
1390,57.53184710789094,0.00043803376744158337,0.6369779635312414,0.00027901785714285713
1391,57.57320717051344,0.0004379412626822769,0.6371125100976898,0.00027901785714285713
1392,57.61456723313593,0.0004378619457999943,0.6372279203964126,0.00027901785714285713
1393,57.65592729575842,0.00043779652825646435,0.6373231378833741,0.00027901785714285713
1394,57.69728735838092,0.000437745715291941,0.637397117540659,0.00027901785714285713
1395,57.738647421003414,0.00043771019469007803,0.6374488429277196,0.00027901785714285713
1396,57.78000748362591,0.0004376906248676845,0.637477344247904,0.00027901785714285713
1397,57.82136754624841,0.00043768762245580074,0.6374817171601268,0.00027901785714285713
1398,57.8627276088709,0.0004377017495975495,0.6374611419748806,0.00027901785714285713
1399,57.9040876714934,0.0004377335012489474,0.6374149027816227,0.00027901785714285713
1400,57.94544773411589,0.00043778329282667276,0.637342405968256,0.00027901785714285713
1401,57.98680779673838,0.0004378514485937267,0.6372431975250858,0.00027901785714285713
1402,58.02816785936088,0.0004379381912042274,0.6371169784841634,0.00027901785714285713
1403,58.06952792198338,0.000438043632836204,0.6369636178393883,0.00027901785714285713
1404,58.11088798460587,0.00043816776832179106,0.636783162329608,0.00027901785714285713
1405,58.15224804722837,0.0004383104706356971,0.636575842548748,0.00027901785714285713
1406,58.19360810985086,0.00043847148902560155,0.6363420749725549,0.00027901785714285713
1407,58.23496817247336,0.00043865044996512615,0.6360824596556091,0.00027901785714285713
1408,58.27632823509585,0.0004388468609876697,0.6357977735442815,0.00027901785714285713
1409,58.31768829771835,0.00043906011732538786,0.6354889595587585,0.00027901785714285713
1410,58.35904836034084,0.0004392895111423676,0.6351571118037266,0.00027901785714285713
1411,58.40040842296334,0.00043953424302517686,0.6348034574563848,0.00027901785714285713
1412,58.44176848558583,0.0004397934352878754,0.6344293360364066,0.00027901785714285713
1413,58.48312854820833,0.00044006614657112625,0.6340361768722432,0.00027901785714285713
1414,58.52448861083083,0.00044035138717296216,0.6336254756324043,0.00027901785714285713
1415,58.56584867345332,0.0004406481345447919,0.6331987707858888,0.00027901785714285713
1416,58.60720873607581,0.00044095534841965064,0.6327576207950198,0.00027901785714285713
1417,58.64856879869831,0.00044127198510650643,0.6323035827337028,0.00027901785714285713
1418,58.6899288613208,0.0004415970105756926,0.6318381928788706,0.00027901785714285713
1419,58.731288923943296,0.00044192941206705504,0.6313629496570395,0.00027901785714285713
1420,58.7726489865658,0.00044226820806122336,0.6308792991610027,0.00027901785714285713
1421,58.81400904918829,0.00044261245655526364,0.630388623298991,0.00027901785714285713
1422,58.85536911181079,0.0004429612616658149,0.6298922305159897,0.00027901785714285713
1423,58.89672917443329,0.00044331377863941843,0.6293913489429438,0.00027901785714285713
1424,58.93808923705577,0.0004436692173771924,0.6288871217893075,0.00027901785714285713
1425,58.97944929967827,0.00044402684458046837,0.6283806047953759,0.00027901785714285713
1426,59.02080936230077,0.0004443859846001184,0.6278727655957285,0.00027901785714285713
1427,59.06216942492326,0.0004447460190334759,0.6273644849013377,0.00027901785714285713
1428,59.10352948754576,0.00044510638506946765,0.6268565594701835,0.00027901785714285713
1429,59.14488955016826,0.00044546657254609435,0.626349706888469,0.00027901785714285713
1430,59.186249612790746,0.00044582611966565415,0.6258445722114838,0.00027901785714285713
1431,59.22760967541325,0.00044618460732041246,0.625341736503451,0.00027901785714285713
1432,59.268969738035736,0.00044654165201991116,0.6248417272626917,0.00027901785714285713
1433,59.31032980065823,0.0004468968974816068,0.624345030621612,0.00027901785714285713
1434,59.35168986328073,0.0004472500050457161,0.6238521050756323,0.00027901785714285713
1435,59.39304992590323,0.00044760064319415997,0.6233633963341401,0.00027901785714285713
1436,59.43440998852572,0.0004479484765819906,0.6228793527145458,0.00027901785714285713
1437,59.47577005114822,0.00044829315511269433,0.622400440338457,0.00027901785714285713
1438,59.51713011377071,0.0004486343036921059,0.6219271572562245,0.00027901785714285713
1439,59.55849017639321,0.0004489715133648533,0.6214600455421666,0.00027901785714285713
1440,59.5998502390157,0.00044930433456067114,0.6209997003827711,0.00027901785714285713
1441,59.641210301638196,0.0004496322731467097,0.6205467752351863,0.00027901785714285713
1442,59.68257036426069,0.00044995478989268644,0.6201019822667129,0.00027901785714285713
1443,59.723930426883186,0.0004502713038091393,0.6196660874953893,0.00027901785714285713
1444,59.76529048950568,0.00045058119962184605,0.6192399003265675,0.00027901785714285713
1445,59.806650552128175,0.0004508838394079294,0.6188242575055358,0.00027901785714285713
1446,59.84801061475068,0.0004511785781576147,0.618420001858743,0.00027901785714285713
1447,59.88937067737317,0.0004514647827559488,0.6180279565542272,0.00027901785714285713
1448,59.93073073999566,0.0004517418536220827,0.6176488959472799,0.00027901785714285713
1449,59.97209080261816,0.0004520092480177937,0.6172835143671073,0.00027901785714285713
1450,60.01345086524065,0.00045226650386014886,0.6169323944210023,0.00027901785714285713
1451,60.05481092786315,0.0004525132627598365,0.6165959765270813,0.00027901785714285713
1452,60.096170990485646,0.00045274929096800166,0.6162745314217994,0.00027901785714285713
1453,60.13753105310814,0.0004529744969555826,0.6159681373192558,0.00027901785714285713
1454,60.178891115730636,0.00045318894447078667,0.6156766632263755,0.00027901785714285713
1455,60.22025117835314,0.00045339286011746873,0.6153997596489873,0.00027901785714285713
1456,60.26161124097562,0.00045358663475860767,0.6151368575737388,0.00027901785714285713
1457,60.30297130359812,0.0004537708183602388,0.6148871761986047,0.00027901785714285713
1458,60.344331366220615,0.0004539461082331447,0.6146497394346089,0.00027901785714285713
1459,60.38569142884311,0.00045411333098080995,0.6144234007405697,0.00027901785714285713
1460,60.42705149146561,0.0004542734188013803,0.6142068754078933,0.00027901785714285713
1461,60.46841155408811,0.000454427381096928,0.6139987790113894,0.00027901785714285713
1462,60.5097716167106,0.00045457627259679344,0.6137976704084254,0.00027901785714285713
1463,60.551131679333096,0.0004547211593878573,0.6136020974226694,0.00027901785714285713
1464,60.59249174195559,0.0004548630843532098,0.6134106432039987,0.00027901785714285713
1465,60.63385180457808,0.0004550030335466213,0.6132219712206994,0.00027901785714285713
1466,60.67521186720058,0.0004551419049747913,0.6130348669132344,0.00027901785714285713
1467,60.716571929823075,0.00045528048112782017,0.6128482742147753,0.00027901785714285713
1468,60.75793199244557,0.0004554194064022663,0.6126613254078245,0.00027901785714285713
1469,60.799292055068065,0.00045555917031412735,0.6124733631208927,0.00027901785714285713
1470,60.84065211769056,0.00045570009711758754,0.6122839536522201,0.00027901785714285713
1471,60.882012180313055,0.0004558423421469691,0.6120928912147842,0.00027901785714285713
1472,60.92337224293555,0.00045598589489982634,0.6119001931060903,0.00027901785714285713
1473,60.96473230555805,0.00045613058859432,0.6117060861950087,0.00027901785714285713
1474,61.00609236818054,0.0004562761156749579,0.6115109854700875,0.00027901785714285713
1475,61.04745243080304,0.00045642204851796097,0.611315465694198,0.00027901785714285713
1476,61.08881249342553,0.00045656786440549944,0.6111202274522068,0.00027901785714285713
1477,61.13017255604803,0.0004567129737009369,0.6109260590559938,0.00027901785714285713
1478,61.171532618670525,0.00045685675006487,0.610733795885119,0.00027901785714285713
1479,61.21289268129302,0.0004569985615032984,0.6105442787938477,0.00027901785714285713
1480,61.25425274391551,0.0004571378010323082,0.6103583132105445,0.00027901785714285713
1481,61.29561280653801,0.0004572739157755569,0.6101766304986594,0.00027901785714285713
1482,61.3369728691605,0.00045740643337930596,0.6099998530442193,0.00027901785714285713
1483,61.378332931783,0.0004575349847321826,0.6098284643876573,0.00027901785714285713
1484,61.419692994405494,0.0004576593221118139,0.6096627855308677,0.00027901785714285713
1485,61.46105305702799,0.000457779332046115,0.6095029583265457,0.00027901785714285713
1486,61.50241311965049,0.0004578950423709382,0.6093489365993754,0.00027901785714285713
1487,61.543773182272986,0.0004580066231852463,0.6092004853606778,0.00027901785714285713
1488,61.58513324489547,0.0004581143816449349,0.6090571881655357,0.00027901785714285713
1489,61.62649330751797,0.00045821875079032627,0.6089184623318293,0.00027901785714285713
1490,61.66785337014047,0.0004583202728610531,0.6087835814049747,0.00027901785714285713
1491,61.70921343276296,0.00045841957780432034,0.6086517039242986,0.00027901785714285713
1492,61.75057349538546,0.0004585173579151272,0.6085219072437037,0.00027901785714285713
1493,61.791933558007955,0.00045861433974631825,0.6083932248982782,0.00027901785714285713
1494,61.83329362063045,0.0004587112545775903,0.608264685809364,0.00027901785714285713
1495,61.874653683252944,0.0004588088088242218,0.6081353534991829,0.00027901785714285713
1496,61.91601374587544,0.00045890765578771015,0.6080043634572319,0.00027901785714285713
1497,61.95737380849793,0.00045900837009658213,0.6078709568719797,0.00027901785714285713
1498,61.99873387112043,0.00045911142605547644,0.6077345091148793,0.00027901785714285713
1499,62.04009393374293,0.00045921718091925803,0.6075945516331096,0.00027901785714285713
1500,62.08145399636542,0.000459325863846547,0.6074507862593871,0.00027901785714285713
1501,62.12281405898792,0.00045943757097954,0.6073030913601155,0.00027901785714285713
1502,62.16417412161041,0.00045955226676328286,0.6071515196911874,0.00027901785714285713
1503,62.20553418423291,0.00045966979127942784,0.6069962882839205,0.00027901785714285713
1504,62.2468942468554,0.000459789873049291,0.606837761111249,0.00027901785714285713
1505,62.2882543094779,0.00045991214647918586,0.6066764256583612,0.00027901785714285713
1506,62.32961437210039,0.00046003617289578676,0.6065128648178364,0.00027901785714285713
1507,62.37097443472289,0.00046016146396328375,0.6063477257302884,0.00027901785714285713
1508,62.41233449734538,0.000460287506195544,0.6061816872872537,0.00027901785714285713
1509,62.45369455996788,0.00046041378527692705,0.6060154280025197,0.00027901785714285713
1510,62.49505462259038,0.00046053980898055934,0.6058495958481523,0.00027901785714285713
1511,62.53641468521287,0.00046066512761411797,0.6056847814549141,0.00027901785714285713
1512,62.577774747835356,0.0004607893511166371,0.6055214958130204,0.00027901785714285713
1513,62.61913481045786,0.0004609121621599117,0.6053601532997799,0.00027901785714285713
1514,62.660494873080346,0.00046103332485730324,0.6052010605290136,0.00027901785714285713
1515,62.70185493570285,0.00046115268893420845,0.6050444111856061,0.00027901785714285713
1516,62.74321499832535,0.0004612701894523879,0.6048902866974828,0.00027901785714285713
1517,62.78457506094784,0.00046138584239214636,0.6047386623226967,0.00027901785714285713
1518,62.82593512357034,0.00046149973657207344,0.6045894180034539,0.00027901785714285713
1519,62.867295186192834,0.000461612022519573,0.6044423531690543,0.00027901785714285713
1520,62.908655248815315,0.0004617228989948567,0.6042972045576739,0.00027901785714285713
1521,62.95001531143782,0.00046183259791669437,0.6041536660718491,0.00027901785714285713
1522,62.99137537406032,0.00046194136844415567,0.604011409678689,0.00027901785714285713
1523,63.032735436682806,0.00046204946094055647,0.6038701064056718,0.00027901785714285713
1524,63.07409549930531,0.0004621571114902825,0.6037294465579676,0.00027901785714285713
1525,63.11545556192781,0.00046226452756392483,0.6035891583835032,0.00027901785714285713
1526,63.1568156245503,0.00046237187533882036,0.6034490245290034,0.00027901785714285713
1527,63.1981756871728,0.00046247926908656235,0.6033088957564351,0.00027901785714285713
1528,63.23953574979529,0.00046258676294130596,0.6031687015182913,0.00027901785714285713
1529,63.280895812417775,0.00046269434526593687,0.6030284571178186,0.00027901785714285713
1530,63.32225587504028,0.00046280193573912533,0.602888267304343,0.00027901785714285713
1531,63.36361593766278,0.0004629093851961182,0.6027483262726402,0.00027901785714285713
1532,63.40497600028527,0.0004630164781697624,0.6026089141487462,0.00027901785714285713
1533,63.44633606290777,0.0004631229379955066,0.6024703901527855,0.00027901785714285713
1534,63.487696125530256,0.00046322843426515757,0.6023331827319217,0.00027901785714285713
1535,63.52905618815275,0.00046333259233928407,0.6021977770528627,0.00027901785714285713
1536,63.570416250775246,0.00046343500455893043,0.602064700331408,0.00027901785714285713
1537,63.61177631339775,0.00046353524273560023,0.6019345055538926,0.00027901785714285713
1538,63.653136376020235,0.00046363287144736556,0.601807754208241,0.00027901785714285713
1539,63.69449643864274,0.0004637274616320558,0.6016849986862405,0.00027901785714285713
1540,63.735856501265225,0.00046381860394898,0.601566765039785,0.00027901785714285713
1541,63.77721656388773,0.0004639059213822981,0.60145353676769,0.00027901785714285713
1542,63.81857662651023,0.00046398908058438134,0.6013457402735468,0.00027901785714285713
1543,63.85993668913271,0.00046406780150734875,0.6012437325678988,0.00027901785714285713
1544,63.901296751755204,0.0004641418649458677,0.6011477916895057,0.00027901785714285713
1545,63.942656814377706,0.0004642111177113868,0.6010581101944448,0.00027901785714285713
1546,63.984016877000194,0.00046427547527401393,0.600974791912456,0.00027901785714285713
1547,64.0253769396227,0.00046433492183695015,0.6008978520052675,0.00027901785714285713
1548,64.06673700224519,0.00046438950794301084,0.6008272201901207,0.00027901785714285713
1549,64.10809706486769,0.00046443934584430093,0.6007627468246313,0.00027901785714285713
1550,64.14945712749018,0.00046448460298649877,0.6007042113965775,0.00027901785714285713
1551,64.19081719011268,0.0004645254940588051,0.6006513328362895,0.00027901785714285713
1552,64.23217725273517,0.0004645622721324965,0.6006037809787517,0.00027901785714285713
1553,64.27353731535767,0.0004645952194482976,0.6005611884560246,0.00027901785714285713
1554,64.31489737798016,0.0004646246384116862,0.6005231623029643,0.00027901785714285713
1555,64.35625744060266,0.0004646508433148143,0.6004892946117275,0.00027901785714285713
1556,64.39761750322516,0.00046467415322522856,0.6004591716716737,0.00027901785714285713
1557,64.43897756584765,0.00046469488637094185,0.6004323811735076,0.00027901785714285713
1558,64.48033762847015,0.00046471335621576544,0.6004085172308018,0.00027901785714285713
1559,64.52169769109264,0.00046472986926959726,0.6003871831638057,0.00027901785714285713
1560,64.56305775371514,0.0004647447245270019,0.6003679921850217,0.00027901785714285713
1561,64.60441781633763,0.00046475821428787055,0.6003505663055024,0.00027901785714285713
1562,64.64577787896013,0.0004647706259974812,0.6003345339306561,0.00027901785714285713
1563,64.68713794158262,0.0004647822446617848,0.6003195267192152,0.00027901785714285713
1564,64.72849800420512,0.000464793355354349,0.6003051763296823,0.00027901785714285713
1565,64.76985806682761,0.00046480424533835914,0.6002911116694796,0.00027901785714285713
1566,64.81121812945011,0.000464815205379705,0.6002769571940508,0.00027901785714285713
1567,64.8525781920726,0.00046482652992089335,0.6002623326821339,0.00027901785714285713
1568,64.8939382546951,0.00046483851591016016,0.6002468547524217,0.00027901785714285713
1569,64.9352983173176,0.0004648514602236203,0.6002301402014172,0.00027901785714285713
1570,64.97665837994009,0.00046486565576517254,0.60021181105236,0.00027901785714285713
1571,65.01801844256259,0.00046488138646407667,0.6001915010301623,0.00027901785714285713
1572,65.05937850518508,0.0004648989214993914,0.6001688630357953,0.00027901785714285713
1573,65.10073856780758,0.00046491850915246957,0.6001435771002043,0.00027901785714285713
1574,65.14209863043007,0.00046494037071701796,0.6001153582610252,0.00027901785714285713
1575,65.18345869305256,0.0004649646948784353,0.6000839638282777,0.00027901785714285713
1576,65.22481875567506,0.00046499163291462424,0.6000491995822359,0.00027901785714285713
1577,65.26617881829756,0.0004650212949769213,0.6000109245678837,0.00027901785714285713
1578,65.30753888092005,0.00046505374759541954,0.5999690542986289,0.00027901785714285713
1579,65.34889894354255,0.0004650890124315891,0.5999235623393672,0.00027901785714285713
1580,65.39025900616505,0.00046512706618784966,0.5998744803859059,0.00027901785714285713
1581,65.43161906878754,0.0004651678414923302,0.599821897076386,0.00027901785714285713
1582,65.47297913141004,0.00046521122851675325,0.599765955848611,0.00027901785714285713
1583,65.51433919403253,0.00046525707706302096,0.5997068521862873,0.00027901785714285713
1584,65.55569925665502,0.0004653051988693391,0.599644830577548,0.00027901785714285713
1585,65.59705931927752,0.00046535536993621933,0.5995801814452013,0.00027901785714285713
1586,65.63841938190002,0.00046540733274762664,0.5995132382113935,0.00027901785714285713
1587,65.67977944452251,0.00046546079835184053,0.5994443745441873,0.00027901785714285713
1588,65.72113950714501,0.00046551544835723524,0.59937400171678,0.00027901785714285713
1589,65.7624995697675,0.00046557093697813,0.5993025659072956,0.00027901785714285713
1590,65.80385963239,0.0004656268933239888,0.5992305451925715,0.00027901785714285713
1591,65.84521969501249,0.00046568292415447656,0.5991584459521673,0.00027901785714285713
1592,65.88657975763499,0.00046573861731898905,0.5990867984042539,0.00027901785714285713
1593,65.92793982025748,0.0004657935460632104,0.5990161510417173,0.00027901785714285713
1594,65.96929988287998,0.0004658472743207088,0.5989470638198251,0.00027901785714285713
1595,66.01065994550248,0.0004658993630225806,0.5988801000557153,0.00027901785714285713
1596,66.05202000812497,0.00046594937736176863,0.5988158171230357,0.00027901785714285713
1597,66.09338007074747,0.00046599689485184046,0.5987547561482537,0.00027901785714285713
1598,66.13474013336996,0.0004660415139325054,0.5986974310259966,0.00027901785714285713
1599,66.17610019599245,0.00046608286280507553,0.5986443171577145,0.00027901785714285713
1600,66.21746025861495,0.00046612060813636325,0.5985958403736371,0.00027901785714285713
1601,66.25882032123745,0.0004661544632531298,0.5985523665175028,0.00027901785714285713
1602,66.30018038385994,0.0004661841954612082,0.5985141921570667,0.00027901785714285713
1603,66.34154044648244,0.00046620963216159676,0.5984815368339376,0.00027901785714285713
1604,66.38290050910493,0.0004662306654953667,0.5984545371900896,0.00027901785714285713
1605,66.42426057172743,0.00046624725532343767,0.5984332432140567,0.00027901785714285713
1606,66.46562063434992,0.00046625943042909765,0.598417616746277,0.00027901785714285713
1607,66.50698069697242,0.00046626728791323305,0.5984075322795949,0.00027901785714285713
1608,66.54834075959491,0.0004662709908280548,0.5984027799956991,0.00027901785714285713
1609,66.58970082221741,0.00046627076416008104,0.5984030708969438,0.00027901785714285713
1610,66.6310608848399,0.00046626688932370806,0.5984080438299096,0.00027901785714285713
1611,66.67242094746238,0.00046625969736257265,0.5984172741524503,0.00027901785714285713
1612,66.7137810100849,0.0004662495610772096,0.5984302837695381,0.00027901785714285713
1613,66.75514107270737,0.00046623688630755217,0.598446552250702,0.00027901785714285713
1614,66.79650113532989,0.00046622210260056343,0.5984655287394347,0.00027901785714285713
1615,66.83786119795238,0.0004662056534912869,0.5984866443668553,0.00027901785714285713
1616,66.87922126057488,0.0004661879866232192,0.5985093248839206,0.00027901785714285713
1617,66.92058132319737,0.00046616954393467557,0.5985330032241574,0.00027901785714285713
1618,66.96194138581987,0.0004661507521428202,0.5985571317009718,0.00027901785714285713
1619,67.00330144844236,0.000466132013766944,0.5985811935293509,0.00027901785714285713
1620,67.04466151106485,0.00046611369894518253,0.5986047133441387,0.00027901785714285713
1621,67.08602157368736,0.0004660961383111061,0.5986272663701422,0.00027901785714285713
1622,67.12738163630983,0.0004660796172043267,0.5986484858884898,0.00027901785714285713
1623,67.16874169893235,0.00046606437148653584,0.5986680686466456,0.00027901785714285713
1624,67.21010176155484,0.0004660505852170003,0.598685777881691,0.00027901785714285713
1625,67.25146182417734,0.0004660383904046069,0.5987014436742398,0.00027901785714285713
1626,67.29282188679983,0.0004660278689940661,0.5987149604274199,0.00027901785714285713
1627,67.33418194942232,0.00046601905716215047,0.5987262813713076,0.00027901785714285713
1628,67.37554201204482,0.0004660119518960647,0.5987354101276074,0.00027901785714285713
1629,67.4169020746673,0.0004660065197060079,0.5987423895246845,0.00027901785714285713
1630,67.45826213728981,0.0004660027071941591,0.5987472880208073,0.00027901785714285713
1631,67.4996221999123,0.0004660004530711541,0.5987501842627042,0.00027901785714285713
1632,67.54098226253481,0.0004659997010903586,0.5987511504621219,0.00027901785714285713
1633,67.58234232515728,0.0004660004132692801,0.5987502354029579,0.00027901785714285713
1634,67.6237023877798,0.00046600258269813196,0.5987474479805617,0.00027901785714285713
1635,67.66506245040229,0.00046600624520539596,0.5987427422134178,0.00027901785714285713
1636,67.70642251302478,0.0004660114891667197,0.5987360046460916,0.00027901785714285713
1637,67.74778257564728,0.0004660184628083094,0.5987270449789615,0.00027901785714285713
1638,67.78914263826977,0.0004660273784694869,0.5987155906144381,0.00027901785714285713
1639,67.83050270089227,0.00046603851344537156,0.5987012856085836,0.00027901785714285713
1640,67.87186276351476,0.00046605220722170085,0.5986836942714627,0.00027901785714285713
1641,67.91322282613726,0.000466068855127139,0.5986623093850453,0.00027901785714285713
1642,67.95458288875975,0.00046608889865000323,0.5986365647219116,0.00027901785714285713
1643,67.99594295138223,0.0004661128128802277,0.5986058512717898,0.00027901785714285713
1644,68.03730301400475,0.0004661410917276037,0.5985695363366619,0.00027901785714285713
1645,68.07866307662722,0.0004661742317196721,0.5985269844572639,0.00027901785714285713
1646,68.12002313924974,0.00046621271528450564,0.5984775790007935,0.00027901785714285713
1647,68.16138320187223,0.00046625699446677994,0.5984207431825169,0.00027901785714285713
1648,68.20274326449473,0.00046630747600491523,0.5983559593196744,0.00027901785714285713
1649,68.24410332711722,0.00046636450861409543,0.5982827852231295,0.00027901785714285713
1650,68.28546338973972,0.00046642837317863796,0.5982008668156124,0.00027901785714285713
1651,68.3268234523622,0.0004664992763679932,0.5981099463115924,0.00027901785714285713
1652,68.3681835149847,0.0004665773479664421,0.5980098655859416,0.00027901785714285713
1653,68.40954357760721,0.00046666264196376097,0.5979005646749938,0.00027901785714285713
1654,68.45090364022968,0.0004667551412100632,0.5977820756714175,0.00027901785714285713
1655,68.4922637028522,0.00046685476521024597,0.5976545125703123,0.00027901785714285713
1656,68.53362376547469,0.00046696138043867763,0.597518057876091,0.00027901785714285713
1657,68.57498382809719,0.0004670748124053833,0.5973729469716987,0.00027901785714285713
1658,68.61634389071968,0.0004671948586124091,0.5972194513688645,0.00027901785714285713
1659,68.65770395334216,0.00046732130150678317,0.5970578619960623,0.00027901785714285713
1660,68.69906401596467,0.0004674539205663368,0.5968884736378235,0.00027901785714285713
1661,68.74042407858715,0.00046759250274162195,0.5967115715219975,0.00027901785714285713
1662,68.78178414120966,0.0004677368506128867,0.5965274208719142,0.00027901785714285713
1663,68.82314420383214,0.0004678867877935476,0.59633626001419,0.00027901785714285713
1664,68.86450426645466,0.0004680421613069971,0.5961382973783945,0.00027901785714285713
1665,68.90586432907713,0.0004682028408664296,0.5959337124621511,0.00027901785714285713
1666,68.94722439169962,0.0004683687151836714,0.595722660582571,0.00027901785714285713
1667,68.98858445432214,0.0004685396856091018,0.5955052810097267,0.00027901785714285713
1668,69.02994451694462,0.000468715657550998,0.5952817078923781,0.00027901785714285713
1669,69.07130457956713,0.00046889653023149776,0.5950520832498034,0.00027901785714285713
1670,69.11266464218961,0.0004690821854043823,0.5948165712205077,0.00027901785714285713
1671,69.15402470481212,0.0004692724756872417,0.5945753727282644,0.00027901785714285713
1672,69.1953847674346,0.00046946721315017345,0.5943287397443978,0.00027901785714285713
1673,69.23674483005712,0.00046966615875997407,0.59407698838581,0.00027901785714285713
1674,69.2781048926796,0.00046986901321079805,0.5938205101805276,0.00027901785714285713
1675,69.31946495530208,0.0004700754095859024,0.5935597809480161,0.00027901785714285713
1676,69.3608250179246,0.0004702849081984797,0.5932953668696084,0.00027901785714285713
1677,69.40218508054707,0.00047049699385954494,0.5930279274561123,0.00027901785714285713
1678,69.44354514316959,0.00047071107572147083,0.5927582152495549,0.00027901785714285713
1679,69.48490520579207,0.000470926489752397,0.5924870722170645,0.00027901785714285713
1680,69.52626526841458,0.0004711425038096649,0.592215422906477,0.00027901785714285713
1681,69.56762533103706,0.00047135832520185753,0.5919442645324419,0.00027901785714285713
1682,69.60898539365955,0.00047157311055759984,0.5916746542501956,0.00027901785714285713
1683,69.65034545628205,0.0004717859777546984,0.5914076939521301,0.00027901785714285713
1684,69.69170551890454,0.0004719960196043863,0.5911445129912791,0.00027901785714285713
1685,69.73306558152706,0.00047220231893174144,0.5908862492968616,0.00027901785714285713
1686,69.77442564414953,0.00047240396464515063,0.5906340293999084,0.00027901785714285713
1687,69.81578570677205,0.00047260006834564197,0.5903889479313277,0.00027901785714285713
1688,69.85714576939453,0.0004727897809934457,0.5901520471880191,0.00027901785714285713
1689,69.89850583201704,0.00047297230912640454,0.5899242973826784,0.00027901785714285713
1690,69.93986589463952,0.00047314693011629494,0.5897065781960737,0.00027901785714285713
1691,69.98122595726201,0.00047331300595836813,0.5894996622328167,0.00027901785714285713
1692,70.02258601988451,0.00047346999511818974,0.589304200941408,0.00027901785714285713
1693,70.063946082507,0.00047361746201167134,0.5891207134925724,0.00027901785714285713
1694,70.1053061451295,0.00047375508376841654,0.5889495790176008,0.00027901785714285713
1695,70.14666620775199,0.00047388265402482856,0.5887910324910063,0.00027901785714285713
1696,70.18802627037451,0.0004740000836088773,0.5886451644027338,0.00027901785714285713
1697,70.22938633299698,0.0004741073981079036,0.588511924210376,0.00027901785714285713
1698,70.27074639561947,0.0004742047324483099,0.5883911273982724,0.00027901785714285713
1699,70.31210645824198,0.0004742923227527591,0.588282465808127,0.00027901785714285713
1700,70.35346652086447,0.00047437049586853466,0.5881855207541895,0.00027901785714285713
1701,70.39482658348697,0.00047443965707033114,0.5880997783064652,0.00027901785714285713
1702,70.43618664610946,0.0004745002765239154,0.5880246460273544,0.00027901785714285713
1703,70.47754670873196,0.00047455287514661256,0.5879594703891635,0.00027901785714285713
1704,70.51890677135445,0.00047459801051178254,0.5879035540877602,0.00027901785714285713
1705,70.56026683397697,0.0004746362634147441,0.5878561725045591,0.00027901785714285713
1706,70.60162689659944,0.00047466822564853943,0.5878165886533376,0.00027901785714285713
1707,70.64298695922193,0.00047469448943303675,0.5877840660760758,0.00027901785714285713
1708,70.68434702184445,0.00047471563880795327,0.5877578793137972,0.00027901785714285713
1709,70.72570708446692,0.0004747322431485269,0.5877373217634226,0.00027901785714285713
1710,70.76706714708943,0.0004747448528040769,0.5877217109250163,0.00027901785714285713
1711,70.80842720971192,0.0004747539967064245,0.5877103912310917,0.00027901785714285713
1712,70.84978727233442,0.0004747601816592265,0.5877027348159763,0.00027901785714285713
1713,70.89114733495691,0.00047476389291221325,0.5876981407144398,0.00027901785714285713
1714,70.9325073975794,0.000474765595553647,0.5876960330654983,0.00027901785714285713
1715,70.9738674602019,0.0004747657362265414,0.587695858931403,0.00027901785714285713
1716,71.01522752282439,0.00047476474468979575,0.5876970863225391,0.00027901785714285713
1717,71.0565875854469,0.00047476303480399086,0.5876992029466902,0.00027901785714285713
1718,71.09794764806938,0.00047476100461550067,0.587701716085187,0.00027901785714285713
1719,71.1393077106919,0.0004747590353348603,0.5877041538473478,0.00027901785714285713
1720,71.18066777331438,0.00047475748914338896,0.5877060678838214,0.00027901785714285713
1721,71.22202783593688,0.00047475670590399645,0.587707037463688,0.00027901785714285713
1722,71.26338789855937,0.000474756998985228,0.5877066746551297,0.00027901785714285713
1723,71.30474796118186,0.00047475865051968227,0.5877046302103974,0.00027901785714285713
1724,71.34610802380436,0.0004747619064994282,0.5877005996545622,0.00027901785714285713
1725,71.38746808642685,0.0004747669721549936,0.587694329022888,0.00027901785714285713
1726,71.42882814904935,0.000474774008066649,0.5876856196889542,0.00027901785714285713
1727,71.47018821167184,0.0004747831274179607,0.5876743317738677,0.00027901785714285713
1728,71.51154827429436,0.00047479439472431227,0.5876603857231042,0.00027901785714285713
1729,71.55290833691683,0.0004748078262614955,0.5876437617715066,0.00027901785714285713
1730,71.59426839953932,0.0004748233922895333,0.5876244971787749,0.00027901785714285713
1731,71.63562846216183,0.0004748410210266498,0.5876026812923512,0.00027901785714285713
1732,71.67698852478432,0.0004748606041894073,0.5875784486673599,0.00027901785714285713
1733,71.71834858740682,0.00047488200378872225,0.587551970630148,0.00027901785714285713
1734,71.75970865002931,0.0004749050597686886,0.587523445799373,0.00027901785714285713
1735,71.80106871265181,0.0004749295980036531,0.5874930901668314,0.00027901785714285713
1736,71.8424287752743,0.00047495543813491214,0.5874611273818103,0.00027901785714285713
1737,71.88378883789682,0.00047498240073379704,0.5874277798752214,0.00027901785714285713
1738,71.92514890051929,0.0004750103133224326,0.5873932614037001,0.00027901785714285713
1739,71.96650896314178,0.0004750390148631189,0.5873577714943168,0.00027901785714285713
1740,72.0078690257643,0.0004750683584355029,0.5873214921358264,0.00027901785714285713
1741,72.04922908838677,0.000475098211949526,0.5872845869024229,0.00027901785714285713
1742,72.09058915100928,0.00047512845688045833,0.5872472025245536,0.00027901785714285713
1743,72.13194921363177,0.00047515898515133203,0.5872094727494073,0.00027901785714285713
1744,72.17330927625427,0.00047518969441619056,0.5871715241755262,0.00027901785714285713
1745,72.21466933887676,0.00047522048210675783,0.5871334836114578,0.00027901785714285713
1746,72.25602940149925,0.0004752512386879587,0.5870954864066228,0.00027901785714285713
1747,72.29738946412175,0.0004752818406189687,0.5870576851400146,0.00027901785714285713
1748,72.33874952674424,0.00047531214353407935,0.5870202580314506,0.00027901785714285713
1749,72.38010958936675,0.0004753419761416162,0.5869834164608487,0.00027901785714285713
1750,72.42146965198923,0.00047537113529188613,0.5869474110402925,0.00027901785714285713
1751,72.46282971461174,0.00047539938259156183,0.5869125357753664,0.00027901785714285713
1752,72.50418977723423,0.00047542644284819977,0.5868791299686827,0.00027901785714285713
1753,72.54554983985673,0.00047545200452195634,0.5868475776506525,0.00027901785714285713
1754,72.58690990247922,0.00047547572224967364,0.5868183044608618,0.00027901785714285713
1755,72.62826996510171,0.0004754972213970406,0.5867917720382997,0.00027901785714285713
1756,72.66963002772421,0.0004755161044937663,0.5867684701023935,0.00027901785714285713
1757,72.7109900903467,0.00047553195932030913,0.58674890651233,0.00027901785714285713
1758,72.7523501529692,0.0004755443683467213,0.5867335956745556,0.00027901785714285713
1759,72.79371021559169,0.0004755529191763078,0.5867230457256709,0.00027901785714285713
1760,72.8350702782142,0.000475557215620285,0.5867177449487859,0.00027901785714285713
1761,72.87643034083668,0.00047555688902270444,0.5867181478881616,0.00027901785714285713
1762,72.91779040345918,0.0004755516094657765,0.5867246616120156,0.00027901785714285713
1763,72.95915046608168,0.0004755410965107939,0.5867376325413423,0.00027901785714285713
1764,73.00051052870417,0.00047552512916515754,0.586757334218503,0.00027901785714285713
1765,73.04187059132667,0.00047550355480783217,0.586783956337862,0.00027901785714285713
1766,73.08323065394916,0.0004754762968494962,0.5868175953073332,0.00027901785714285713
1767,73.12459071657166,0.0004754433609472122,0.5868582465574402,0.00027901785714285713
1768,73.16595077919415,0.00047540483963321725,0.5869057987674758,0.00027901785714285713
1769,73.20731084181666,0.0004753609152530741,0.5869600301369177,0.00027901785714285713
1770,73.24867090443914,0.0004753118611386711,0.5870206067957862,0.00027901785714285713
1771,73.29003096706164,0.00047525804096751486,0.5870870834186028,0.00027901785714285713
1772,73.33139102968414,0.00047519990628309115,0.587158906080755,0.00027901785714285713
1773,73.37275109230663,0.0004751379921735837,0.587235417370966,0.00027901785714285713
1774,73.41411115492913,0.0004750729111305912,0.5873158637457205,0.00027901785714285713
1775,73.45547121755162,0.00047500534513818206,0.5873994050776188,0.00027901785714285713
1776,73.49683128017412,0.0004749360360772326,0.5874851263075859,0.00027901785714285713
1777,73.53819134279661,0.0004748657745721143,0.5875720510585772,0.00027901785714285713
1778,73.5795514054191,0.00047479538745591064,0.5876591570063782,0.00027901785714285713
1779,73.6209114680416,0.0004747257240854635,0.5877453927325547,0.00027901785714285713
1780,73.66227153066409,0.00047465764179603295,0.5878296957088811,0.00027901785714285713
1781,73.70363159328659,0.0004745919908428861,0.5879110109871747,0.00027901785714285713
1782,73.74499165590908,0.0004745295992293419,0.5879883100990857,0.00027901785714285713
1783,73.78635171853159,0.00047447125786160297,0.5880606096149306,0.00027901785714285713
1784,73.82771178115408,0.0004744177064951869,0.5881269887756347,0.00027901785714285713
1785,73.86907184377658,0.0004743696209401351,0.5881866056048914,0.00027901785714285713
1786,73.91043190639907,0.0004743276019696338,0.5882387109336297,0.00027901785714285713
1787,73.95179196902156,0.0004742921663264224,0.5882826598296134,0.00027901785714285713
1788,73.99315203164406,0.0004742637401439717,0.5883179200209486,0.00027901785714285713
1789,74.03451209426655,0.0004742426549976199,0.5883440770300543,0.00027901785714285713
1790,74.07587215688905,0.0004742291466797533,0.5883608358877987,0.00027901785714285713
1791,74.11723221951154,0.00047422335665996856,0.5883680194666598,0.00027901785714285713
1792,74.15859228213405,0.0004742253360553465,0.588365563644818,0.00027901785714285713
1793,74.19995234475653,0.000474235051807274,0.5883535096774082,0.00027901785714285713
1794,74.24131240737903,0.0004742523946500667,0.5883319942933216,0.00027901785714285713
1795,74.28267247000153,0.00047427718837187544,0.5883012381444801,0.00027901785714285713
1796,74.32403253262402,0.000474309199818032,0.5882615332991684,0.00027901785714285713
1797,74.36539259524652,0.00047434814907490187,0.588213230486958,0.00027901785714285713
1798,74.406752657869,0.0004743937193012107,0.5881567267666502,0.00027901785714285713
1799,74.44811272049151,0.00047444556574084213,0.588092454204253,0.00027901785714285713
1800,74.489472783114,0.0004745033235513747,0.588020870021678,0.00027901785714285713
1801,74.5308328457365,0.0004745666142078875,0.587942448519211,0.00027901785714285713
1802,74.57219290835899,0.0004746350503808412,0.5878576748998556,0.00027901785714285713
1803,74.61355297098149,0.00047470823932847344,0.5877670409461574,0.00027901785714285713
1804,74.65491303360399,0.0004747857849758447,0.5876710423355503,0.00027901785714285713
1805,74.69627309622648,0.00047486728896297396,0.5875701772429571,0.00027901785714285713
1806,74.73763315884898,0.0004749523510243974,0.5874649457804758,0.00027901785714285713
1807,74.77899322147147,0.000475040569104863,0.5873558497722018,0.00027901785714285713
1808,74.82035328409397,0.00047513153961860577,0.5872433923599943,0.00027901785714285713
1809,74.86171334671646,0.000475224858221945,0.5871280769840264,0.00027901785714285713
1810,74.90307340933896,0.0004753201213963253,0.5870104053731192,0.00027901785714285713
1811,74.94443347196145,0.0004754169290376571,0.5868908743061535,0.00027901785714285713
1812,74.98579353458395,0.0004755148881282498,0.586769971054206,0.00027901785714285713
1813,75.02715359720644,0.00047561361744031155,0.5866481675703351,0.00027901785714285713
1814,75.06851365982894,0.0004757127530974599,0.586525913644561,0.00027901785714285713
1815,75.10987372245144,0.0004758119547126464,0.58640362937363,0.00027901785714285713
1816,75.15123378507393,0.00047591091173793956,0.5862816973957058,0.00027901785714285713
1817,75.19259384769641,0.00047600934960969753,0.5861604554020567,0.00027901785714285713
1818,75.23395391031892,0.0004761070352564275,0.5860401894556763,0.00027901785714285713
1819,75.2753139729414,0.00047620378155644307,0.5859211286204076,0.00027901785714285713
1820,75.3166740355639,0.00047629945038650637,0.5858034413359923,0.00027901785714285713
1821,75.3580340981864,0.00047639395398547116,0.5856872338714998,0.00027901785714285713
1822,75.3993941608089,0.00047648725446170035,0.585572551060302,0.00027901785714285713
1823,75.4407542234314,0.0004765793613906986,0.585459379375262,0.00027901785714285713
1824,75.4821142860539,0.00047667032757105774,0.5853476522539861,0.00027901785714285713
1825,75.52347434867639,0.00047676024312275496,0.5852372574426605,0.00027901785714285713
1826,75.56483441129888,0.00047684922821411845,0.5851280460027722,0.00027901785714285713
1827,75.60619447392138,0.0004769374247856861,0.5850198425259562,0.00027901785714285713
1828,75.64755453654386,0.00047702498769506077,0.5849124560351541,0.00027901785714285713
1829,75.68891459916637,0.00047711207573480934,0.5848056910174333,0.00027901785714285713
1830,75.73027466178885,0.00047719884297415334,0.5846993580367287,0.00027901785714285713
1831,75.77163472441136,0.00047728543084617697,0.5845932834115379,0.00027901785714285713
1832,75.81299478703384,0.0004773719613490172,0.5844873175089164,0.00027901785714285713
1833,75.85435484965635,0.0004774585316560514,0.5843813412969951,0.00027901785714285713
1834,75.89571491227883,0.00047754521034287025,0.5842752709058197,0.00027901785714285713
1835,75.93707497490134,0.00047763203534344185,0.5841690600636305,0.00027901785714285713
1836,75.97843503752384,0.0004777190136510586,0.5840627003945478,0.00027901785714285713
1837,76.01979510014633,0.00047780612268785065,0.5839562196760268,0.00027901785714285713
1838,76.06115516276883,0.00047789331318485957,0.5838496782542905,0.00027901785714285713
1839,76.10251522539131,0.00047798051334816864,0.5837431638967593,0.00027901785714285713
1840,76.14387528801382,0.00047806763403823575,0.5836367854188208,0.00027901785714285713
1841,76.1852353506363,0.00047815457466191024,0.583530665455084,0.00027901785714285713
1842,76.2265954132588,0.0004782412294695219,0.5834249327527685,0.00027901785714285713
1843,76.2679554758813,0.0004783274939626552,0.5833197143475117,0.00027901785714285713
1844,76.3093155385038,0.0004784132711484855,0.5832151279437608,0.00027901785714285713
1845,76.35067560112628,0.0004784984774211948,0.5831112747664058,0.00027901785714285713
1846,76.39203566374879,0.0004785830479045111,0.5830082330841938,0.00027901785714285713
1847,76.43339572637129,0.0004786669411477319,0.5829060525338083,0.00027901785714285713
1848,76.47475578899378,0.00047875014312508563,0.5828047493031383,0.00027901785714285713
1849,76.51611585161626,0.0004788326705404443,0.5827043021687262,0.00027901785714285713
1850,76.55747591423876,0.00047891457348232764,0.5826046493303323,0.00027901785714285713
1851,76.59883597686127,0.0004789959375052922,0.582505685948066,0.00027901785714285713
1852,76.64019603948375,0.00047907688523098985,0.5824072622671557,0.00027901785714285713
1853,76.68155610210626,0.00047915757756642125,0.5823091822108969,0.00027901785714285713
1854,76.72291616472874,0.0004792382146282973,0.5822112023334087,0.00027901785714285713
1855,76.76427622735125,0.0004793190364442622,0.5821130310464998,0.00027901785714285713
1856,76.80563628997375,0.00047940032347666375,0.5820143280659242,0.00027901785714285713
1857,76.84699635259624,0.0004794823969864736,0.581914704056859,0.00027901785714285713
1858,76.88835641521872,0.00047956561922752374,0.581813720492087,0.00027901785714285713
1859,76.92971647784123,0.0004796503934380284,0.5817108897647693,0.00027901785714285713
1860,76.97107654046371,0.0004797371635797227,0.5816056756180199,0.00027901785714285713
1861,77.01243660308621,0.00047982641376759,0.5814974939624791,0.00027901785714285713
1862,77.05379666570872,0.00047991866733532233,0.5813857141504052,0.00027901785714285713
1863,77.0951567283312,0.0004800144854938685,0.5812696607598964,0.00027901785714285713
1864,77.1365167909537,0.00048011446556168205,0.5811486159169071,0.00027901785714285713
1865,77.1778768535762,0.00048021923877376047,0.5810218221480028,0.00027901785714285713
1866,77.2192369161987,0.00048032946771004006,0.5808884857159993,0.00027901785714285713
1867,77.26059697882118,0.00048044584341980305,0.5807477803467174,0.00027901785714285713
1868,77.30195704144369,0.00048056908235364124,0.5805988512126826,0.00027901785714285713
1869,77.34331710406617,0.0004806999232462112,0.5804408190012256,0.00027901785714285713
1870,77.38467716668868,0.0004808391241173504,0.5802727838651538,0.00027901785714285713
1871,77.42603722931116,0.0004809874595740938,0.5800938290364632,0.00027901785714285713
1872,77.46739729193366,0.00048114571859877054,0.5799030238810694,0.00027901785714285713
1873,77.50875735455617,0.00048131470299642306,0.5796994261879648,0.00027901785714285713
1874,77.55011741717865,0.00048149522664746574,0.5794820835205173,0.00027901785714285713
1875,77.59147747980116,0.0004816881156674879,0.5792500335122754,0.00027901785714285713
1876,77.63283754242364,0.000481894209516886,0.5790023030627018,0.00027901785714285713
1877,77.67419760504615,0.0004821143630295822,0.578737906478295,0.00027901785714285713
1878,77.71555766766863,0.00048234944924663726,0.578455842706246,0.00027901785714285713
1879,77.75691773029114,0.00048260036285159466,0.5781550919153753,0.00027901785714285713
1880,77.79827779291362,0.00048286802391622264,0.5778346117846614,0.00027901785714285713
1881,77.83963785553611,0.0004831533815854422,0.577493333953857,0.00027901785714285713
1882,77.88099791815861,0.0004834574172664106,0.5771301611639222,0.00027901785714285713
1883,77.92235798078111,0.00048378114684683593,0.5767439656576646,0.00027901785714285713
1884,77.9637180434036,0.0004841256214580098,0.5763335894154024,0.00027901785714285713
1885,78.0050781060261,0.00048449192632404344,0.575897846760487,0.00027901785714285713
1886,78.0464381686486,0.0004848811773013198,0.5754355297843765,0.00027901785714285713
1887,78.0877982312711,0.00048529451481091486,0.5749454169115651,0.00027901785714285713
1888,78.1291582938936,0.00048573309499512935,0.5744262847596476,0.00027901785714285713
1889,78.17051835651608,0.00048619807807890843,0.5738769232600163,0.00027901785714285713
1890,78.21187841913857,0.00048669061407576546,0.5732961538054668,0.00027901785714285713
1891,78.25323848176107,0.00048721182613109716,0.5726828500008126,0.00027901785714285713
1892,78.29459854438358,0.000487762791929719,0.5720359604286102,0.00027901785714285713
1893,78.33595860700606,0.0004883445236949203,0.571354532721587,0.00027901785714285713
1894,78.37731866962856,0.0004889579473634473,0.5706377381682282,0.00027901785714285713
1895,78.41867873225105,0.000489603881528391,0.5698848960752725,0.00027901785714285713
1896,78.46003879487355,0.0004902830166997757,0.5690954971701854,0.00027901785714285713
1897,78.50139885749604,0.0004909958953461354,0.5682692254405897,0.00027901785714285713
1898,78.54275892011854,0.0004917428930606894,0.5674059779617834,0.00027901785714285713
1899,78.58411898274103,0.0004925242010582093,0.56650588243862,0.00027901785714285713
1900,78.62547904536353,0.0004933398100711464,0.5655693123622415,0.00027901785714285713
1901,78.66683910798602,0.0004941894955945088,0.5645968998333307,0.00027901785714285713
1902,78.70819917060852,0.0004950728043437324,0.5635895462137588,0.00027901785714285713
1903,78.74955923323103,0.0004959890417513003,0.5625484308235237,0.00027901785714285713
1904,78.79091929585351,0.0004969372603405058,0.5614750178959647,0.00027901785714285713
1905,78.83227935847601,0.0004979162488795206,0.5603710619421266,0.00027901785714285713
1906,78.8736394210985,0.0004989245223263445,0.5592386115676886,0.00027901785714285713
1907,78.914999483721,0.0004999603127136466,0.5580800116481751,0.00027901785714285713
1908,78.95635954634349,0.000501021561273061,0.5568979036229342,0.00027901785714285713
1909,78.997719608966,0.0005021059122426116,0.5556952235368999,0.00027901785714285713
1910,79.03907967158848,0.0005032107089193088,0.554475197362301,0.00027901785714285713
1911,79.08043973421098,0.0005043329925954256,0.5532413330862224,0.00027901785714285713
1912,79.12179979683349,0.0005054695050402925,0.5519974090635117,0.00027901785714285713
1913,79.16315985945596,0.0005066166951542407,0.5507474582098197,0.00027901785714285713
1914,79.20451992207848,0.0005077707303282456,0.5494957477412838,0.00027901785714285713
1915,79.24587998470096,0.0005089275128991918,0.5482467543430393,0.00027901785714285713
1916,79.28724004732346,0.0005100827019082301,0.5470051348517514,0.00027901785714285713
1917,79.32860010994595,0.0005112317401635459,0.5457756927486501,0.00027901785714285713
1918,79.36996017256845,0.0005123698863953738,0.5445633409601888,0.00027901785714285713
1919,79.41132023519094,0.0005134922520863417,0.5433730616366562,0.00027901785714285713
1920,79.45268029781343,0.0005145938423775144,0.5422098637126037,0.00027901785714285713
1921,79.49404036043593,0.0005156696003001043,0.5410787391393193,0.00027901785714285713
1922,79.53540042305842,0.0005167144534703766,0.5399846187171795,0.00027901785714285713
1923,79.57676048568092,0.0005177233623134891,0.5389323284466884,0.00027901785714285713
1924,79.61812054830342,0.0005186913688480468,0.5379265472693778,0.00027901785714285713
1925,79.65948061092593,0.000519613645064052,0.5369717669913442,0.00027901785714285713
1926,79.70084067354841,0.0005204855399560062,0.5360722550840529,0.00027901785714285713
1927,79.74220073617091,0.0005213026243249715,0.535232020947821,0.00027901785714285713
1928,79.7835607987934,0.0005220607325323885,0.534454786111589,0.00027901785714285713
1929,79.82492086141589,0.0005227560004708541,0.533743958733217,0.00027901785714285713
1930,79.86628092403839,0.0005233848991104014,0.5331026126605956,0.00027901785714285713
1931,79.90764098666088,0.0005239442630813324,0.5325334712168515,0.00027901785714285713
1932,79.94900104928338,0.0005244313138676617,0.5320388957804801,0.00027901785714285713
1933,79.99036111190587,0.0005248436773072901,0.5316208791432107,0.00027901785714285713
1934,80.03172117452837,0.0005251793952278046,0.5312810435409959,0.00027901785714285713
1935,80.07308123715087,0.0005254369311879878,0.5310206431664616,0.00027901785714285713
1936,80.11444129977336,0.0005256151704429176,0.5308405708833299,0.00027901785714285713
1937,80.15580136239586,0.0005257134144007362,0.530741368775821,0.00027901785714285713
1938,80.19716142501835,0.000525731369985701,0.5307232420816851,0.00027901785714285713
1939,80.23852148764085,0.0005256691344592128,0.530786075978951,0.00027901785714285713
1940,80.27988155026334,0.0005255271763692519,0.5309294546297839,0.00027901785714285713
1941,80.32124161288584,0.0005253063133933443,0.531152681833335,0.00027901785714285713
1942,80.36260167550833,0.0005250076879033551,0.5314548026089467,0.00027901785714285713
1943,80.40396173813083,0.0005246327411077973,0.531834625024912,0.00027901785714285713
1944,80.44532180075333,0.0005241831866162997,0.5322907416088057,0.00027901785714285713
1945,80.48668186337581,0.0005236609842210828,0.5328215497243527,0.00027901785714285713
1946,80.52804192599832,0.0005230683146043519,0.533425270375832,0.00027901785714285713
1947,80.56940198862081,0.0005224075555636612,0.5340999650010914,0.00027901785714285713
1948,80.61076205124331,0.0005216812602061858,0.5348435499342645,0.00027901785714285713
1949,80.6521221138658,0.0005208921374066838,0.5356538083526791,0.00027901785714285713
1950,80.6934821764883,0.0005200430346623603,0.5365283996621749,0.00027901785714285713
1951,80.73484223911079,0.000519136923320917,0.5374648664132401,0.00027901785714285713
1952,80.77620230173328,0.0005181768860152209,0.5384606389692598,0.00027901785714285713
1953,80.81756236435578,0.000517166106017966,0.5395130382600214,0.00027901785714285713
1954,80.85892242697827,0.0005161078581387187,0.5406192770424029,0.00027901785714285713
1955,80.90028248960078,0.0005150055007287973,0.5417764601504487,0.00027901785714285713
1956,80.94164255222327,0.0005138624683381427,0.542981584246102,0.00027901785714285713
1957,80.98300261484577,0.0005126822645823519,0.544231537578454,0.00027901785714285713
1958,81.02436267746826,0.0005114684548246391,0.545523100224276,0.00027901785714285713
1959,81.06572274009076,0.0005102246583503552,0.5468529452201903,0.00027901785714285713
1960,81.10708280271325,0.0005089545398054006,0.5482176409106007,0.00027901785714285713
1961,81.14844286533574,0.0005076617997740033,0.5496136547344473,0.00027901785714285713
1962,81.18980292795824,0.0005063501644787108,0.5510373585641213,0.00027901785714285713
1963,81.23116299058073,0.0005050233746854777,0.5524850356018195,0.00027901785714285713
1964,81.27252305320324,0.0005036851739827382,0.5539528887392254,0.00027901785714285713
1965,81.31388311582572,0.0005023392966667299,0.5554370502054664,0.00027901785714285713
1966,81.35524317844823,0.0005009894555035695,0.5569335922697263,0.00027901785714285713
1967,81.39660324107072,0.0004996393296467353,0.5584385387357992,0.00027901785714285713
1968,81.43796330369321,0.0004982925529693456,0.5599478769654059,0.00027901785714285713
1969,81.47932336631571,0.0004969527030249988,0.5614575701962151,0.00027901785714285713
1970,81.5206834289382,0.0004956232907852443,0.5629635699742706,0.00027901785714285713
1971,81.5620434915607,0.0004943077512225283,0.5644618285931924,0.00027901785714285713
1972,81.60340355418319,0.0004930094347234571,0.5659483115153082,0.00027901785714285713
1973,81.64476361680569,0.0004917315992368272,0.5674190098336083,0.00027901785714285713
1974,81.68612367942818,0.0004904774029928666,0.5688699529077288,0.00027901785714285713
1975,81.72748374205068,0.0004892498975809997,0.5702972213635736,0.00027901785714285713
1976,81.76884380467318,0.0004880520211492714,0.5716969606760816,0.00027901785714285713
1977,81.81020386729566,0.0004868865914907179,0.5730653955545958,0.00027901785714285713
1978,81.85156392991817,0.0004857562988113705,0.5743988453173012,0.00027901785714285713
1979,81.89292399254066,0.00048466369802771764,0.5756937403776841,0.00027901785714285713
1980,81.93428405516316,0.0004836112005127523,0.5769466398772949,0.00027901785714285713
1981,81.97564411778565,0.00048260106529241767,0.578154250392702,0.00027901785714285713
1982,82.01700418040815,0.0004816353897790201,0.579313445531637,0.00027901785714285713
1983,82.05836424303064,0.00048071610020705864,0.5804212861243381,0.00027901785714285713
1984,82.09972430565313,0.0004798449420010794,0.5814750406230801,0.00027901785714285713
1985,82.14108436827563,0.0004790234703485733,0.5824722052550428,0.00027901785714285713
1986,82.18244443089812,0.0004782530412691972,0.5834105234383751,0.00027901785714285713
1987,82.22380449352063,0.0004775348034626882,0.5842880039730088,0.00027901785714285713
1988,82.26516455614312,0.00047686969118384393,0.5851029375555125,0.00027901785714285713
1989,82.30652461876562,0.00047625841833716853,0.585853911238007,0.00027901785714285713
1990,82.34788468138811,0.000475701473913081,0.5865398205468638,0.00027901785714285713
1991,82.38924474401061,0.0004751991188100032,0.5871598790872666,0.00027901785714285713
1992,82.4306048066331,0.0004747513840112108,0.5877136255726395,0.00027901785714285713
1993,82.47196486925559,0.0004743580700206791,0.5882009283212862,0.00027901785714285713
1994,82.51332493187809,0.0004740187474168663,0.5886219873440586,0.00027901785714285713
1995,82.55468499450058,0.0004737327583626799,0.588977334198297,0.00027901785714285713
1996,82.59604505712309,0.00047349921891780066,0.5892678297982463,0.00027901785714285713
1997,82.63740511974557,0.0004733170220369936,0.5894946603484919,0.00027901785714285713
1998,82.67876518236808,0.00047318484120118583,0.5896593315089441,0.00027901785714285713
1999,82.72012524499057,0.0004731011347130776,0.589763660812341,0.00027901785714285713
2000,82.76148530761306,0.0004730641507861645,0.5898097682506054,0.00027901785714285713
2001,82.80284537023556,0.0004730719336564738,0.5898000648363741,0.00027901785714285713
2002,82.84420543285805,0.0004731223310379811,0.5897372388462854,0.00027901785714285713
2003,82.88556549548055,0.0004732130033153424,0.589624239376456,0.00027901785714285713
2004,82.92692555810304,0.0004733414349106266,0.5894642568013079,0.00027901785714285713
2005,82.96828562072554,0.00047350494826640683,0.5892606997337525,0.00027901785714285713
2006,83.00964568334803,0.00047370072085035,0.5890171681436043,0.00027901785714285713
2007,83.05100574597054,0.0004739258055049866,0.5887374224021261,0.00027901785714285713
2008,83.09236580859303,0.00047417715434243455,0.5884253481798071,0.00027901785714285713
2009,83.1337258712155,0.0004744516462233405,0.5880849173226684,0.00027901785714285713
2010,83.17508593383802,0.00047474611767196046,0.5877201450558309,0.00027901785714285713
2011,83.21644599646051,0.00047505739687717487,0.5873350440957278,0.00027901785714285713
2012,83.25780605908301,0.00047538234022625044,0.5869335764767012,0.00027901785714285713
2013,83.2991661217055,0.0004757178706303773,0.5865196040946044,0.00027901785714285713
2014,83.340526184328,0.0004760610167414999,0.5860968391250637,0.00027901785714285713
2015,83.38188624695049,0.0004764089520428078,0.5856687955724769,0.00027901785714285713
2016,83.42324630957297,0.00047675903272958423,0.5852387432397425,0.00027901785714285713
2017,83.46460637219548,0.00047710883328894724,0.5848096653743529,0.00027901785714285713
2018,83.50596643481796,0.00047745617873775904,0.5843842211456785,0.00027901785714285713
2019,83.54732649744048,0.00047779917258437463,0.5839647139480665,0.00027901785714285713
2020,83.58868656006297,0.0004781362197332079,0.5835530663176792,0.00027901785714285713
2021,83.63004662268547,0.00047846604374030834,0.5831508020123922,0.00027901785714285713
2022,83.67140668530796,0.0004787876980374303,0.5827590355528397,0.00027901785714285713
2023,83.71276674793046,0.0004791005709557105,0.5823784692768617,0.00027901785714285713
2024,83.75412681055295,0.00047940438458196887,0.5820093977366418,0.00027901785714285713
2025,83.79548687317543,0.00047969918765635426,0.5816517190826249,0.00027901785714285713
2026,83.83684693579794,0.0004799853428591692,0.5813049529404541,0.00027901785714285713
2027,83.87820699842042,0.0004802635089311446,0.5809682642011011,0.00027901785714285713
2028,83.91956706104294,0.0004805346181246088,0.5806404921081133,0.00027901785714285713
2029,83.96092712366541,0.00048079984949798835,0.5803201840312235,0.00027901785714285713
2030,84.00228718628793,0.00048106059855287697,0.5800056333488892,0.00027901785714285713
2031,84.04364724891042,0.00048131844368546565,0.5796949209060251,0.00027901785714285713
2032,84.0850073115329,0.00048157510989777484,0.5793859595486257,0.00027901785714285713
2033,84.12636737415541,0.00048183243020463875,0.5790765412455854,0.00027901785714285713
2034,84.1677274367779,0.00048209230519221947,0.5787643862757929,0.00027901785714285713
2035,84.2090874994004,0.0004823566612410817,0.5784471938771549,0.00027901785714285713
2036,84.2504475620229,0.00048262740802272787,0.578122693623976,0.00027901785714285713
2037,84.2918076246454,0.0004829063960071671,0.5777886966291415,0.00027901785714285713
2038,84.33316768726787,0.0004831953748671596,0.5774431454762267,0.00027901785714285713
2039,84.37452774989038,0.00048349595381269416,0.5770841615997233,0.00027901785714285713
2040,84.41588781251288,0.0004838095650137828,0.5767100886790207,0.00027901785714285713
2041,84.45724787513535,0.0004841374313455471,0.5763195305254379,0.00027901785714285713
2042,84.49860793775785,0.00048448053969504063,0.575911381948358,0.00027901785714285713
2043,84.53996800038036,0.00048483962098657746,0.5754848512072853,0.00027901785714285713
2044,84.58132806300286,0.0004852151379032216,0.5750394728997688,0.00027901785714285713
2045,84.62268812562533,0.00048560728100789885,0.5745751104961678,0.00027901785714285713
2046,84.66404818824786,0.00048601597361033863,0.5740919481929592,0.00027901785714285713
2047,84.70540825087033,0.000486440885308511,0.5735904722850304,0.00027901785714285713
2048,84.74676831349284,0.00048688145368587667,0.5730714428134128,0.00027901785714285713
2049,84.78812837611534,0.0004873369132038289,0.5725358567824264,0.00027901785714285713
2050,84.82948843873781,0.00048780632992906613,0.5719849047129631,0.00027901785714285713
2051,84.87084850136031,0.0004882886404119926,0.5714199226658977,0.00027901785714285713
2052,84.91220856398282,0.0004887826928115562,0.5708423421007438,0.00027901785714285713
2053,84.95356862660532,0.0004892872882619755,0.5702536400117239,0.00027901785714285713
2054,84.99492868922779,0.0004898012205045044,0.5696552917027514,0.00027901785714285713
2055,85.0362887518503,0.0004903233119572776,0.569048728336148,0.00027901785714285713
2056,85.0776488144728,0.0004908524446541774,0.5684353010392663,0.00027901785714285713
2057,85.11900887709528,0.0004913875848249581,0.5678162529121462,0.00027901785714285713
2058,85.1603689397178,0.0004919278002861637,0.5671926997834787,0.00027901785714285713
2059,85.20172900234027,0.0004924722702332838,0.5665656200514326,0.00027901785714285713
2060,85.24308906496277,0.0004930202874408077,0.5659358534538118,0.00027901785714285713
2061,85.28444912758528,0.0004935712532615396,0.5653041081689734,0.00027901785714285713
2062,85.32580919020778,0.0004941246661492987,0.5646709752768192,0.00027901785714285713
2063,85.36716925283025,0.0004946801046971694,0.5640369493203387,0.00027901785714285713
2064,85.40852931545275,0.0004952372063789873,0.5634024535089853,0.00027901785714285713
2065,85.44988937807526,0.0004957956433046467,0.5627678679931679,0.00027901785714285713
2066,85.49124944069774,0.0004963550963537624,0.5621335596078889,0.00027901785714285713
2067,85.53260950332026,0.0004969152290447516,0.5614999115225932,0.00027901785714285713
2068,85.57396956594273,0.0004974756624362411,0.5608673513322221,0.00027901785714285713
2069,85.61532962856523,0.0004980359522542234,0.5602363762695428,0.00027901785714285713
2070,85.65668969118774,0.0004985955693000609,0.5596075744005274,0.00027901785714285713
2071,85.69804975381021,0.0004991538840282214,0.5589816408742637,0.00027901785714285713
2072,85.73940981643271,0.0004997101559948876,0.5583593885286409,0.00027901785714285713
2073,85.78076987905521,0.0005002635286734172,0.5577417523974769,0.00027901785714285713
2074,85.82212994167772,0.0005008130299147722,0.5571297879177387,0.00027901785714285713
2075,85.86349000430019,0.0005013575781044081,0.5565246628919039,0.00027901785714285713
2076,85.90485006692272,0.0005018959938368626,0.555927643514026,0.00027901785714285713
2077,85.9462101295452,0.0005024270167014939,0.5553400750115903,0.00027901785714285713
2078,85.9875701921677,0.0005029493265543747,0.5547633576813071,0.00027901785714285713
2079,86.0289302547902,0.0005034615684512488,0.5541989192962103,0.00027901785714285713
2080,86.07029031741267,0.0005039623802430931,0.5536481850257733,0.00027901785714285713
2081,86.11165038003517,0.0005044504216988977,0.5531125461312442,0.00027901785714285713
2082,86.15301044265767,0.0005049244039278621,0.55259332876832,0.00027901785714285713
2083,86.19437050528018,0.0005053831178322459,0.5520917642434443,0.00027901785714285713
2084,86.23573056790265,0.000505825460337852,0.5516089620251518,0.00027901785714285713
2085,86.27709063052515,0.0005062504572227784,0.5511458867089453,0.00027901785714285713
2086,86.31845069314765,0.000506657281496517,0.550703339975141,0.00027901785714285713
2087,86.35981075577014,0.0005070452664653544,0.5502819483710178,0.00027901785714285713
2088,86.40117081839266,0.0005074139128498955,0.5498821574988957,0.00027901785714285713
2089,86.44253088101513,0.0005077628895853428,0.5495042329121631,0.00027901785714285713
2090,86.48389094363763,0.0005080920282229509,0.5491482677237046,0.00027901785714285713
2091,86.52525100626013,0.0005084013111478681,0.5488141966292157,0.00027901785714285713
2092,86.56661106888264,0.00050869085411907,0.5485018157561509,0.00027901785714285713
2093,86.60797113150511,0.0005089608839067931,0.5482108074811387,0.00027901785714285713
2094,86.64933119412761,0.0005092117120379052,0.5479407691276499,0.00027901785714285713
2095,86.69069125675011,0.0005094437058466554,0.5476912442742843,0.00027901785714285713
2096,86.7320513193726,0.0005096572581579395,0.5474617552810193,0.00027901785714285713
2097,86.77341138199509,0.0005098527569942497,0.5472518355843744,0.00027901785714285713
2098,86.81477144461759,0.0005100305566923603,0.5470610603261461,0.00027901785714285713
2099,86.8561315072401,0.0005101909517406742,0.5468890739651525,0.00027901785714285713
2100,86.8974915698626,0.0005103341545063886,0.5467356136740095,0.00027901785714285713
2101,86.9388516324851,0.0005104602778205632,0.5466005275359298,0.00027901785714285713
2102,86.98021169510757,0.0005105693231389114,0.5464837868195703,0.00027901785714285713
2103,87.02157175773007,0.0005106611747104353,0.5463854919087419,0.00027901785714285713
2104,87.06293182035257,0.0005107355998808787,0.546305871781669,0.00027901785714285713
2105,87.10429188297506,0.0005107922553496869,0.5462452772543358,0.00027901785714285713
2106,87.14565194559755,0.0005108306989064335,0.546204168504688,0.00027901785714285713
2107,87.18701200822005,0.0005108504059107736,0.546183097663215,0.00027901785714285713
2108,87.22837207084255,0.0005108507895651009,0.546182687473952,0.00027901785714285713
2109,87.26973213346504,0.000510831223872186,0.5462036071872334,0.00027901785714285713
2110,87.31109219608756,0.000510791068080189,0.5462465469326769,0.00027901785714285713
2111,87.35245225871003,0.000510729691398228,0.5463121918347612,0.00027901785714285713
2112,87.39381232133253,0.0005106464968173634,0.5464011970744019,0.00027901785714285713
2113,87.43517238395503,0.000510540942988671,0.5465141649747152,0.00027901785714285713
2114,87.47653244657751,0.000510412563284139,0.5466516250062052,0.00027901785714285713
2115,87.51789250920001,0.0005102609813838889,0.5468140173801401,0.00027901785714285713
2116,87.55925257182251,0.0005100859229804665,0.547001680643404,0.00027901785714285713
2117,87.60061263444501,0.0005098872234502595,0.547214843421304,0.00027901785714285713
2118,87.6419726970675,0.0005096648315972853,0.5474536201927402,0.00027901785714285713
2119,87.68333275968999,0.000509418809808292,0.5477180107422006,0.00027901785714285713
2120,87.72469282231249,0.0005091493311568953,0.5480079027283987,0.00027901785714285713
2121,87.76605288493498,0.0005088566741459204,0.5483230766525146,0.00027901785714285713
2122,87.8074129475575,0.0005085412158730439,0.5486632124081626,0.00027901785714285713
2123,87.84877301017997,0.0005082034244413251,0.5490278965545838,0.00027901785714285713
2124,87.89013307280247,0.0005078438514124523,0.5494166294754429,0.00027901785714285713
2125,87.93149313542497,0.0005074631250203989,0.5498288316646481,0.00027901785714285713
2126,87.97285319804747,0.00050706194473446,0.550263848510608,0.00027901785714285713
2127,88.01421326066995,0.0005066410775923232,0.5507209531228995,0.00027901785714285713
2128,88.05557332329245,0.0005062013565301241,0.5511993469465402,0.00027901785714285713
2129,88.09693338591495,0.0005057436807291022,0.5516981581274784,0.00027901785714285713
2130,88.13829344853744,0.0005052690177934644,0.5522164378123606,0.00027901785714285713
2131,88.17965351115996,0.00050477840738302,0.5527531547741931,0.00027901785714285713
2132,88.22101357378243,0.000504272965761283,0.5533071889381058,0.00027901785714285713
2133,88.26237363640493,0.0005037538905928852,0.5538773245293878,0.00027901785714285713
2134,88.30373369902743,0.000503222465242699,0.5544622436684931,0.00027901785714285713
2135,88.34509376164992,0.0005026800617966398,0.5550605212898505,0.00027901785714285713
2136,88.38645382427241,0.0005021281420423612,0.555670622259842,0.00027901785714285713
2137,88.42781388689491,0.0005015682557162074,0.5562909015133692,0.00027901785714285713
2138,88.46917394951741,0.0005010020354360161,0.5569196079214155,0.00027901785714285713
2139,88.5105340121399,0.000500431187892032,0.5575548924481806,0.00027901785714285713
2140,88.55189407476242,0.0004998574810511902,0.558194820963944,0.00027901785714285713
2141,88.59325413738489,0.0004992827273341848,0.5588373918573437,0.00027901785714285713
2142,88.63461420000739,0.0004987087629389843,0.5594805583494313,0.00027901785714285713
2143,88.6759742626299,0.0004981374236978688,0.5601222551632409,0.00027901785714285713
2144,88.71733432525238,0.00049757051805665,0.560760428959117,0.00027901785714285713
2145,88.75869438787487,0.000497009797944504,0.5613930717197093,0.00027901785714285713
2146,88.80005445049737,0.0004964569284512106,0.56201825607169,0.00027901785714285713
2147,88.84141451311987,0.0004959134573382371,0.5626341713742876,0.00027901785714285713
2148,88.88277457574236,0.000495380785475036,0.5632391592970208,0.00027901785714285713
2149,88.92413463836485,0.0004948601393086426,0.5638317475573328,0.00027901785714285713
2150,88.96549470098735,0.000494352546441236,0.5644106804980809,0.00027901785714285713
2151,89.00685476360984,0.0004938588153085227,0.5649749452554563,0.00027901785714285713
2152,89.04821482623235,0.0004933795198241461,0.5655237923988143,0.00027901785714285713
2153,89.08957488885484,0.0004929149896879478,0.5660567501091748,0.00027901785714285713
2154,89.13093495147733,0.0004924653068557515,0.5665736311950692,0.00027901785714285713
2155,89.17229501409983,0.0004920303084451038,0.567074532511217,0.00027901785714285713
2156,89.21365507672233,0.0004916095961143573,0.5675598266351833,0.00027901785714285713
2157,89.25501513934482,0.0004912025517132244,0.5680301459544418,0.00027901785714285713
2158,89.29637520196731,0.0004908083587711565,0.5684863596077254,0.00027901785714285713
2159,89.33773526458981,0.0004904260291765256,0.5689295439953627,0.00027901785714285713
2160,89.3790953272123,0.0004900544342129504,0.5693609478117925,0.00027901785714285713
2161,89.4204553898348,0.000489692338966908,0.569781952749137,0.00027901785714285713
2162,89.46181545245729,0.0004893384390086753,0.5701940311660465,0.00027901785714285713
2163,89.50317551507979,0.0004889913981797876,0.5705987021069655,0.00027901785714285713
2164,89.54453557770229,0.0004886498862964903,0.5709974870915286,0.00027901785714285713
2165,89.5858956403248,0.0004883126155993551,0.5713918670734945,0.00027901785714285713
2166,89.62725570294728,0.0004879783748413804,0.5717832418978672,0.00027901785714285713
2167,89.66861576556977,0.00048764606000742725,0.572172893468282,0.00027901785714285713
2168,89.70997582819227,0.00048731470079038506,0.5725619536827284,0.00027901785714285713
2169,89.75133589081476,0.00048698348210869446,0.5729513780111756,0.00027901785714285713
2170,89.79269595343726,0.0004866517601283837,0.5733419253826378,0.00027901785714285713
2171,89.83405601605975,0.0004863190724440402,0.5737341448292945,0.00027901785714285713
2172,89.87541607868225,0.00048598514227050563,0.5741283691087663,0.00027901785714285713
2173,89.91677614130474,0.00048564987669324545,0.5745247153003916,0.00027901785714285713
2174,89.95813620392725,0.00048531335921603275,0.5749230921513844,0.00027901785714285713
2175,89.99949626654973,0.00048497583702266685,0.5753232137415052,0.00027901785714285713
2176,90.04085632917223,0.00048463770353213484,0.5757246188427358,0.00027901785714285713
2177,90.08221639179473,0.0004842994769689701,0.5761266951785997,0.00027901785714285713
2178,90.12357645441722,0.0004839617757898172,0.5765287076391619,0.00027901785714285713
2179,90.16493651703972,0.0004836252919002504,0.5769298293861886,0.00027901785714285713
2180,90.20629657966221,0.0004832907626607063,0.5773291746913468,0.00027901785714285713
2181,90.24765664228471,0.00048295894271417817,0.5777258322929198,0.00027901785714285713
2182,90.2890167049072,0.00048263057666985976,0.5781188980359971,0.00027901785714285713
2183,90.3303767675297,0.00048230637364397557,0.5785075055815455,0.00027901785714285713
2184,90.37173683015219,0.0004819869845911308,0.578890854033222,0.00027901785714285713
2185,90.41309689277467,0.0004816729832561564,0.5792682314392416,0.00027901785714285713
2186,90.45445695539719,0.0004813648514383333,0.5796390332803548,0.00027901785714285713
2187,90.49581701801968,0.0004810629690902187,0.580002775251092,0.00027901785714285713
2188,90.53717708064217,0.00048076760957526933,0.5803590998764526,0.00027901785714285713
2189,90.57853714326467,0.0004804789401896882,0.5807077767710355,0.00027901785714285713
2190,90.61989720588716,0.00048019702782174276,0.5810486966329855,0.00027901785714285713
2191,90.66125726850966,0.00047992184938750945,0.5813818593567849,0.00027901785714285713
2192,90.70261733113216,0.000479653306456816,0.5817073569323504,0.00027901785714285713
2193,90.74397739375465,0.0004793912432801751,0.5820253520563122,0.00027901785714285713
2194,90.78533745637714,0.00047913546725864963,0.5823360535992969,0.00027901785714285713
2195,90.82669751899965,0.0004788857707758194,0.5826396902351765,0.00027901785714285713
2196,90.86805758162214,0.0004786419532424323,0.5829364836340089,0.00027901785714285713
2197,90.90941764424463,0.0004784038421968439,0.5832266226408201,0.00027901785714285713
2198,90.95077770686713,0.0004781713123589236,0.5835102398058994,0.00027901785714285713
2199,90.99213776948962,0.000477944301650606,0.5837873914999179,0.00027901785714285713
2200,91.03349783211212,0.00047772282336555784,0.5840580426473577,0.00027901785714285713
2201,91.0748578947346,0.00047750697388427546,0.584322056855399,0.00027901785714285713
2202,91.11621795735711,0.00047729693557611695,0.5845791924183866,0.00027901785714285713
2203,91.1575780199796,0.0004770929747916477,0.5848291043579245,0.00027901785714285713
2204,91.19893808260211,0.00047689543511232927,0.5850713523335288,0.00027901785714285713
2205,91.2402981452246,0.0004767047262745298,0.5853054139475289,0.00027901785714285713
2206,91.28165820784707,0.00047652130940829845,0.5855307026863428,0.00027901785714285713
2207,91.32301827046959,0.00047634567941669677,0.585746589503079,0.00027901785714285713
2208,91.36437833309208,0.00047617834546037207,0.5859524268645627,0.00027901785714285713
2209,91.40573839571458,0.0004760198105987153,0.5861475739673977,0.00027901785714285713
2210,91.44709845833707,0.0004758705516707586,0.5863314217768654,0.00027901785714285713
2211,91.48845852095957,0.00047573100047460236,0.5865034165620934,0.00027901785714285713
2212,91.52981858358206,0.00047560152722714186,0.5866630806877149,0.00027901785714285713
2213,91.57117864620456,0.00047548242715803176,0.586810029574705,0.00027901785714285713
2214,91.61253870882705,0.00047537391092099864,0.5869439839520906,0.00027901785714285713
2215,91.65389877144953,0.000475276099297611,0.5870647767796551,0.00027901785714285713
2216,91.69525883407205,0.0004751890224338841,0.5871723545164147,0.00027901785714285713
2217,91.73661889669454,0.0004751126235991162,0.5872667727268869,0.00027901785714285713
2218,91.77797895931704,0.00047504676720141125,0.587348186340901,0.00027901785714285713
2219,91.81933902193953,0.000474991250550257,0.587416835193547,0.00027901785714285713
2220,91.86069908456203,0.00047494581863650066,0.5874730257524452,0.00027901785714285713
2221,91.90205914718452,0.00047491018101958343,0.5875171101698313,0.00027901785714285713
2222,91.94341920980702,0.00047488402978350706,0.5875494639608273,0.00027901785714285713
2223,91.9847792724295,0.0004748670574577153,0.5875704636927829,0.00027901785714285713
2224,92.026139335052,0.00047485897380406667,0.5875804660648232,0.00027901785714285713
2225,92.0674993976745,0.0004748595204491238,0.5875797896585522,0.00027901785714285713
2226,92.108859460297,0.000474868482488867,0.5875687004546538,0.00027901785714285713
2227,92.15021952291949,0.0004748856964032037,0.5875474019456587,0.00027901785714285713
2228,92.19157958554199,0.0004749110538757876,0.5875160303508832,0.00027901785714285713
2229,92.23293964816449,0.00047494450140334857,0.5874746550774362,0.00027901785714285713
2230,92.27429971078698,0.00047498603587624034,0.58742328419852,0.00027901785714285713
2231,92.31565977340948,0.0004750356965962355,0.5873618743645975,0.00027901785714285713
2232,92.35701983603197,0.00047509355444599763,0.5872903442527596,0.00027901785714285713
2233,92.39837989865445,0.00047515969911829256,0.5872085904183443,0.00027901785714285713
2234,92.43973996127696,0.0004752342254362205,0.5871165042600728,0.00027901785714285713
2235,92.48110002389946,0.00047531721983901906,0.5870139887575612,0.00027901785714285713
2236,92.52246008652195,0.00047540874806829164,0.5869009736917519,0.00027901785714285713
2237,92.56382014914443,0.00047550884497063375,0.5867774282097499,0.00027901785714285713
2238,92.60518021176694,0.0004756175071443744,0.5866433698332321,0.00027901785714285713
2239,92.64654027438944,0.0004757346889166188,0.5864988693136063,0.00027901785714285713
2240,92.68790033701192,0.0004758603018613464,0.5863440510827815,0.00027901785714285713
2241,92.72926039963443,0.00047599421778212755,0.5861790894076983,0.00027901785714285713
2242,92.77062046225691,0.00047613627480744866,0.5860042007000896,0.00027901785714285713
2243,92.81198052487942,0.0004762862860027973,0.5858196327349606,0.00027901785714285713
2244,92.85334058750192,0.0004764440497115663,0.5856256517670255,0.00027901785714285713
2245,92.8947006501244,0.0004766093607094681,0.5854225286878935,0.00027901785714285713
2246,92.9360607127469,0.00047678202120364754,0.585210525427259,0.00027901785714285713
2247,92.9774207753694,0.0004769618507315368,0.5849898827650797,0.00027901785714285713
2248,93.0187808379919,0.0004771486941119671,0.5847608105941566,0.00027901785714285713
2249,93.06014090061437,0.00047734242676416964,0.5845234814643986,0.00027901785714285713
2250,93.10150096323689,0.0004775429569258105,0.5842780279684963,0.00027901785714285713
2251,93.14286102585937,0.00047775022455193004,0.5840245442156328,0.00027901785714285713
2252,93.18422108848188,0.00047796419694345297,0.5837630913092581,0.00027901785714285713
2253,93.22558115110436,0.00047818486141671,0.5834937064218549,0.00027901785714285713
2254,93.26694121372685,0.00047841221556442097,0.5832164147683344,0.00027901785714285713
2255,93.30830127634935,0.00047864625585668165,0.582931243541163,0.00027901785714285713
2256,93.34966133897186,0.00047888696547295536,0.5826382367022566,0.00027901785714285713
2257,93.39102140159436,0.0004791343023337915,0.5823374694397853,0.00027901785714285713
2258,93.43238146421683,0.0004793881883078772,0.5820290610991518,0.00027901785714285713
2259,93.47374152683935,0.0004796485005072913,0.5817131854842851,0.00027901785714285713
2260,93.51510158946184,0.0004799150654554626,0.5813900775922833,0.00027901785714285713
2261,93.55646165208434,0.0004801876567285996,0.5810600360778475,0.00027901785714285713
2262,93.59782171470682,0.00048046599644471186,0.5807234210277027,0.00027901785714285713
2263,93.63918177732931,0.00048074976072021836,0.5803806469395978,0.00027901785714285713
2264,93.68054183995181,0.00048103858894980346,0.5800321711237448,0.00027901785714285713
2265,93.72190190257432,0.0004813320965063889,0.5796784780571009,0.00027901785714285713
2266,93.7632619651968,0.00048162989022143896,0.5793200605024184,0.00027901785714285713
2267,93.80462202781929,0.0004819315858046622,0.5789573984386021,0.00027901785714285713
2268,93.84598209044181,0.0004822368262076506,0.5785909370237775,0.00027901785714285713
2269,93.8873421530643,0.00048254529983656516,0.5782210649183789,0.00027901785714285713
2270,93.92870221568677,0.00048285675747996876,0.5778480943272957,0.00027901785714285713
2271,93.97006227830929,0.00048317102684106595,0.5774722440769139,0.00027901785714285713
2272,94.01142234093177,0.00048348802364906964,0.5770936269258591,0.00027901785714285713
2273,94.05278240355427,0.0004838077584681663,0.5767122421233681,0.00027901785714285713
2274,94.09414246617678,0.0004841303385198469,0.5763279739830203,0.00027901785714285713
2275,94.13550252879926,0.0004844559640766556,0.5759405969429,0.00027901785714285713
2276,94.17686259142175,0.0004847849192631538,0.5755497872478146,0.00027901785714285713
2277,94.21822265404425,0.0004851175574005793,0.5751551410299955,0.00027901785714285713
2278,94.25958271666676,0.0004854542813413874,0.5747561981982864,0.00027901785714285713
2279,94.30094277928923,0.00048579551954245666,0.5743524711912705,0.00027901785714285713
2280,94.34230284191175,0.00048614169890409263,0.5739434773273842,0.00027901785714285713
2281,94.38366290453423,0.0004864932156382349,0.573528773215904,0.00027901785714285713
2282,94.42502296715674,0.0004868504056064236,0.5731079894969193,0.00027901785714285713
2283,94.46638302977924,0.00048721351567041713,0.5726808640743927,0.00027901785714285713
2284,94.50774309240172,0.00048758267761422316,0.5722472720075115,0.00027901785714285713
2285,94.54910315502421,0.00048795788611832343,0.5718072503396306,0.00027901785714285713
2286,94.59046321764671,0.0004883389820935217,0.5713610163716615,0.00027901785714285713
2287,94.63182328026922,0.000488725642419604,0.5709089782182974,0.00027901785714285713
2288,94.67318334289169,0.000489117376794969,0.5704517369044884,0.00027901785714285713
2289,94.71454340551419,0.0004895135320079071,0.5699900797397163,0.00027901785714285713
2290,94.7559034681367,0.0004899133035133624,0.5695249652171304,0.00027901785714285713
2291,94.7972635307592,0.0004903157537702727,0.5690575001870839,0.00027901785714285713
2292,94.83862359338168,0.000490719836394386,0.5685889105135209,0.00027901785714285713
2293,94.87998365600419,0.0004911244248397311,0.5681205068021391,0.00027901785714285713
2294,94.92134371862667,0.0004915283440642234,0.5676536470629261,0.00027901785714285713
2295,94.96270378124917,0.0004919304034808091,0.5671896983162213,0.00027901785714285713
2296,95.00406384387168,0.0004923294294568858,0.5667299991606357,0.00027901785714285713
2297,95.04542390649415,0.0004927242957032273,0.5662758251947706,0.00027901785714285713
2298,95.08678396911665,0.0004931139500831115,0.5658283589337318,0.00027901785714285713
2299,95.12814403173915,0.0004934974366559457,0.5653886655086752,0.00027901785714285713
2300,95.16950409436166,0.0004938739121252348,0.5649576750109951,0.00027901785714285713
2301,95.21086415698413,0.0004942426562592252,0.5645361718769072,0.00027901785714285713
2302,95.25222421960663,0.0004946030762630999,0.5641247912385323,0.00027901785714285713
2303,95.29358428222913,0.0004949547054732778,0.5637240217285319,0.00027901785714285713
2304,95.33494434485164,0.0004952971970885592,0.5633342138477088,0.00027901785714285713
2305,95.37630440747412,0.0004956303139254341,0.562955592713876,0.00027901785714285713
2306,95.41766447009661,0.0004959539153695068,0.5625882738217258,0.00027901785714285713
2307,95.45902453271911,0.0004962679427812327,0.5622322803668485,0.00027901785714285713
2308,95.50038459534161,0.0004965724046012502,0.5618875607211997,0.00027901785714285713
2309,95.54174465796409,0.000496867362294519,0.5615540047838135,0.00027901785714285713
2310,95.58310472058659,0.0004971529180871473,0.5612314581525746,0.00027901785714285713
2311,95.62446478320909,0.0004974292052033344,0.5609197333493976,0.00027901785714285713
2312,95.6658248458316,0.0004976963810261454,0.5606186176551675,0.00027901785714285713
2313,95.70718490845407,0.0004979546233086434,0.5603278774458043,0.00027901785714285713
2314,95.74854497107658,0.0004982041292763488,0.5600472592391718,0.00027901785714285713
2315,95.78990503369907,0.0004984451172101398,0.5597764879402476,0.00027901785714285713
2316,95.83126509632157,0.0004986778298993913,0.5595152629888304,0.00027901785714285713
2317,95.87262515894407,0.000498902539221573,0.5592632532562428,0.00027901785714285713
2318,95.91398522156655,0.0004991195510441656,0.5590200915975894,0.00027901785714285713
2319,95.95534528418905,0.0004993292096584702,0.5587853699440074,0.00027901785714285713
2320,95.99670534681155,0.0004995319010370942,0.5585586357219212,0.00027901785714285713
2321,96.03806540943405,0.0004997280543466717,0.5583393902262224,0.00027901785714285713
2322,96.07942547205653,0.0004999181413289659,0.5581270893693221,0.00027901785714285713
2323,96.12078553467904,0.0005001026733682189,0.5579211469989884,0.00027901785714285713
2324,96.16214559730153,0.0005002821962707254,0.557720940746546,0.00027901785714285713
2325,96.203505659924,0.0005004572829747239,0.5575258201546629,0.00027901785714285713
2326,96.24486572254654,0.0005006285245679781,0.5573351166588802,0.00027901785714285713
2327,96.28622578516901,0.0005007965201036647,0.5571481548735612,0.00027901785714285713
2328,96.32758584779151,0.0005009618657649325,0.5569642645689549,0.00027901785714285713
2329,96.36894591041401,0.0005011251439315899,0.5567827927248183,0.00027901785714285713
2330,96.41030597303651,0.0005012869126530342,0.5566031151026266,0.00027901785714285713
2331,96.45166603565899,0.0005014476959377907,0.5564246468837538,0.00027901785714285713
2332,96.4930260982815,0.0005016079751444856,0.556246852061089,0.00027901785714285713
2333,96.53438616090399,0.0005017681816175551,0.5560692514287863,0.00027901785714285713
2334,96.57574622352647,0.0005019286905691852,0.5558914291718451,0.00027901785714285713
2335,96.617106286149,0.0005020898160831166,0.5557130381960748,0.00027901785714285713
2336,96.65846634877147,0.0005022518070190467,0.5555338044453786,0.00027901785714285713
2337,96.69982641139397,0.0005024148435384425,0.5553535305162773,0.00027901785714285713
2338,96.74118647401647,0.0005025790339587855,0.5551720988936802,0.00027901785714285713
2339,96.78254653663897,0.0005027444116750935,0.554989475095701,0.00027901785714285713
2340,96.82390659926145,0.0005029109319602168,0.554805710934375,0.00027901785714285713
2341,96.86526666188395,0.0005030784685620382,0.5546209479812977,0.00027901785714285713
2342,96.90662672450645,0.0005032468101454777,0.554435421184685,0.00027901785714285713
2343,96.94798678712893,0.0005034156567668791,0.5542494624319249,0.00027901785714285713
2344,96.98934684975144,0.0005035846167060043,0.5540635037025952,0.00027901785714285713
2345,97.03070691237393,0.0005037532041020144,0.5538780793270223,0.00027901785714285713
2346,97.07206697499643,0.0005039208379345254,0.5536938267655247,0.00027901785714285713
2347,97.11342703761893,0.0005040868429484784,0.5535114852648018,0.00027901785714285713
2348,97.15478710024144,0.0005042504531358509,0.5533318917369153,0.00027901785714285713
2349,97.19614716286391,0.0005044108183536233,0.5531559732472834,0.00027901785714285713
2350,97.23750722548641,0.0005045670145749108,0.5529847355914159,0.00027901785714285713
2351,97.27886728810891,0.0005047180581398789,0.5528192475838251,0.00027901785714285713
2352,97.32022735073139,0.0005048629241996835,0.5526606208708246,0.00027901785714285713
2353,97.36158741335389,0.0005050005693368303,0.5525099853041058,0.00027901785714285713
2354,97.40294747597639,0.0005051299581082457,0.5523684601638013,0.00027901785714285713
2355,97.44430753859889,0.0005052500930051133,0.5522371217852173,0.00027901785714285713
2356,97.4856676012214,0.0005053600470689038,0.5521169684092857,0.00027901785714285713
2357,97.52702766384387,0.0005054589981612294,0.5520088833275791,0.00027901785714285713
2358,97.56838772646637,0.0005055462636721186,0.5519135976125409,0.00027901785714285713
2359,97.60974778908887,0.0005056213342819278,0.551831653897896,0.00027901785714285713
2360,97.65110785171137,0.0005056839052816125,0.5517633727881327,0.00027901785714285713
2361,97.69246791433385,0.0005057339039162266,0.5517088235181394,0.00027901785714285713
2362,97.73382797695635,0.0005057715112568455,0.5516678004450981,0.00027901785714285713
2363,97.77518803957885,0.0005057971772302093,0.5516398068308406,0.00027901785714285713
2364,97.81654810220135,0.0005058116276439337,0.5516240471626166,0.00027901785714285713
2365,97.85790816482383,0.0005058158623301392,0.5516194289706675,0.00027901785714285713
2366,97.89926822744633,0.0005058111438807306,0.5516245747417717,0.00027901785714285713
2367,97.94062829006883,0.0005057989768454303,0.5516378441155361,0.00027901785714285713
2368,97.9819883526913,0.0005057810776871811,0.5516573661053924,0.00027901785714285713
2369,98.02334841531383,0.000505759336214609,0.5516810806325113,0.00027901785714285713
2370,98.0647084779363,0.0005057357696121304,0.5517067882243082,0.00027901785714285713
2371,98.10606854055881,0.0005057124705413369,0.5517322063349243,0.00027901785714285713
2372,98.14742860318131,0.000505691551070445,0.5517550304177196,0.00027901785714285713
2373,98.18878866580378,0.0005056750843867498,0.5517729976378648,0.00027901785714285713
2374,98.23014872842629,0.0005056650463488165,0.5517839509721338,0.00027901785714285713
2375,98.27150879104879,0.0005056632589380476,0.5517859014096209,0.00027901785714285713
2376,98.31286885367129,0.0005056713375768138,0.55177708604153,0.00027901785714285713
2377,98.35422891629376,0.0005056906441018329,0.5517560200039419,0.00027901785714285713
2378,98.3955889789163,0.0005057222469330784,0.5517215404996396,0.00027901785714285713
2379,98.43694904153877,0.0005057668896773506,0.5516728414563753,0.00027901785714285713
2380,98.47830910416127,0.0005058249690730511,0.5516094977560538,0.00027901785714285713
2381,98.51966916678377,0.0005058965228374366,0.5515314783701646,0.00027901785714285713
2382,98.56102922940624,0.0005059812276377167,0.5514391481389787,0.00027901785714285713
2383,98.60238929202875,0.0005060784070872028,0.5513332583161947,0.00027901785714285713
2384,98.64374935465125,0.0005061870493766992,0.551214926352679,0.00027901785714285713
2385,98.68510941727375,0.0005063058338960415,0.5510856057016068,0.00027901785714285713
2386,98.72646947989622,0.0005064331659820835,0.5509470466883447,0.00027901785714285713
2387,98.76782954251875,0.0005065672187462017,0.5508012497007817,0.00027901785714285713
2388,98.80918960514123,0.0005067059807834343,0.5506504121215596,0.00027901785714285713
2389,98.85054966776372,0.0005068473084417137,0.5504968705480332,0.00027901785714285713
2390,98.89190973038623,0.0005069889812307551,0.5503430399325833,0.00027901785714285713
2391,98.9332697930087,0.0005071287588730583,0.5501913513303618,0.00027901785714285713
2392,98.9746298556312,0.0005072644384453754,0.5500441899652366,0.00027901785714285713
2393,99.01598991825371,0.0005073939100302802,0.5499038353184136,0.00027901785714285713
2394,99.05734998087621,0.0005075152092995411,0.5497724049057567,0.00027901785714285713
2395,99.09871004349868,0.0005076265654903692,0.5496518033356367,0.00027901785714285713
2396,99.1400701061212,0.0005077264433199522,0.5495436781239882,0.00027901785714285713
2397,99.18143016874369,0.0005078135775188339,0.54944938358311,0.00027901785714285713
2398,99.22279023136618,0.0005078869988549787,0.5493699538911164,0.00027901785714285713
2399,99.26415029398869,0.0005079460507682728,0.5493060861893506,0.00027901785714285713
2400,99.30551035661117,0.0005079903960376171,0.5492581342466869,0.00027901785714285713
2401,99.34687041923367,0.0005080200132515064,0.5492261128789886,0.00027901785714285713
2402,99.38823048185617,0.0005080351832360861,0.5492097129288708,0.00027901785714285713
2403,99.42959054447867,0.0005080364659952303,0.5492083262099471,0.00027901785714285713
2404,99.47095060710114,0.0005080246691149116,0.5492210794191674,0.00027901785714285713
2405,99.51231066972365,0.0005080008089564589,0.5492468756418298,0.00027901785714285713
2406,99.55367073234615,0.0005079660662870595,0.5492844417390271,0.00027901785714285713
2407,99.59503079496862,0.0005079217382492652,0.5493323796390217,0.00027901785714285713
2408,99.63639085759115,0.0005078691887346778,0.5493892193736176,0.00027901785714285713
2409,99.67775092021363,0.000507809799287326,0.5494534716235062,0.00027901785714285713
2410,99.71911098283613,0.0005077449226099195,0.5495236775754341,0.00027901785714285713
2411,99.76047104545863,0.0005076758405819933,0.5495984540509049,0.00027901785714285713
2412,99.80183110808113,0.0005076037284283795,0.5496765321380519,0.00027901785714285713
2413,99.8431911707036,0.0005075296263149821,0.5497567879312203,0.00027901785714285713
2414,99.8845512333261,0.0005074544192174126,0.549838264435954,0.00027901785714285713
2415,99.92591129594861,0.0005073788254336219,0.5499201842024047,0.00027901785714285713
2416,99.96727135857108,0.0005073033936250571,0.5500019527743915,0.00027901785714285713
2417,100.00863142119358,0.000507228507804284,0.5500831535488484,0.00027901785714285713
2418,100.04999148381609,0.0005071543992708778,0.5501635350969915,0.00027901785714285713
2419,100.09135154643859,0.0005070811641604907,0.5502429923714308,0.00027901785714285713
2420,100.13271160906109,0.0005070087850353195,0.5503215434884823,0.00027901785714285713
2421,100.17407167168356,0.0005069371548226128,0.5503993039146854,0.00027901785714285713
2422,100.21543173430607,0.0005068661014071987,0.5504764598938997,0.00027901785714285713
2423,100.25679179692857,0.0005067954113003104,0.5505532428302123,0.00027901785714285713
2424,100.29815185955107,0.0005067248510281174,0.5506299061053449,0.00027901785714285713
2425,100.33951192217354,0.0005066541851881351,0.5507067054804845,0.00027901785714285713
2426,100.38087198479604,0.0005065831904838657,0.5507838838401877,0.00027901785714285713
2427,100.42223204741855,0.0005065116654366182,0.5508616606141558,0.00027901785714285713
2428,100.46359211004105,0.0005064394358559247,0.5509402257967801,0.00027901785714285713
2429,100.50495217266352,0.0005063663564962867,0.551019738107153,0.00027901785714285713
2430,100.54631223528602,0.0005062923096108502,0.5511003265234617,0.00027901785714285713
2431,100.58767229790853,0.0005062172013117772,0.551182094207445,0.00027901785714285713
2432,100.62903236053101,0.0005061409567493941,0.5512651237212709,0.00027901785714285713
2433,100.67039242315353,0.0005060635151246685,0.5513494824342775,0.00027901785714285713
2434,100.711752485776,0.0005059848254555414,0.5514352271170495,0.00027901785714285713
2435,100.7531125483985,0.0005059048438419048,0.5515224069094903,0.00027901785714285713
2436,100.794472611021,0.0005058235327349362,0.5516110641081408,0.00027901785714285713
2437,100.8358326736435,0.0005057408624396368,0.5517012325183821,0.00027901785714285713
2438,100.87719273626598,0.0005056568147911144,0.551792933430787,0.00027901785714285713
2439,100.91855279888848,0.0005055713886730415,0.5518861695777271,0.00027901785714285713
2440,100.95991286151099,0.0005054846068142756,0.5519809176807899,0.00027901785714285713
2441,101.00127292413347,0.0005053965231277417,0.5520771203887642,0.00027901785714285713
2442,101.04263298675599,0.0005053072297573068,0.5521746785156155,0.00027901785714285713
2443,101.08399304937846,0.0005052168629801813,0.5522734445105062,0.00027901785714285713
2444,101.12535311200095,0.0005051256071742556,0.5523732180273392,0.00027901785714285713
2445,101.16671317462347,0.0005050336961928238,0.5524737443188881,0.00027901785714285713
2446,101.20807323724596,0.0005049414116809948,0.5525747159734471,0.00027901785714285713
2447,101.24943329986844,0.0005048490781000428,0.5526757782601435,0.00027901785714285713
2448,101.29079336249094,0.0005047570544775582,0.5527765380746401,0.00027901785714285713
2449,101.33215342511345,0.0005046657231515532,0.552876576202634,0.00027901785714285713
2450,101.37351348773593,0.000504575476005679,0.5529754623661431,0.00027901785714285713
2451,101.41487355035845,0.0005044866988826418,0.5530727723066585,0.00027901785714285713
2452,101.45623361298092,0.0005043997550013218,0.5531681060037906,0.00027901785714285713
2453,101.49759367560341,0.0005043149682808343,0.5532611060385629,0.00027901785714285713
2454,101.53895373822593,0.0005042326074885753,0.5533514750911445,0.00027901785714285713
2455,101.5803138008484,0.0005041528720809403,0.5534389916121744,0.00027901785714285713
2456,101.6216738634709,0.0005040758805002399,0.5535235228195458,0.00027901785714285713
2457,101.6630339260934,0.0005040016615398351,0.5536050343373803,0.00027901785714285713
2458,101.7043939887159,0.0005039301492028872,0.5536835959987816,0.00027901785714285713
2459,101.7457540513384,0.0005038611812736847,0.553759383561842,0.00027901785714285713
2460,101.78711411396088,0.0005037945016077331,0.5538326763242591,0.00027901785714285713
2461,101.82847417658338,0.0005037297659429605,0.553903850848575,0.00027901785714285713
2462,101.86983423920587,0.0005036665508520508,0.5539733712132436,0.00027901785714285713
2463,101.91119430182839,0.000503604365306739,0.5540417763712412,0.00027901785714285713
2464,101.95255436445086,0.0005035426642171928,0.5541096653182669,0.00027901785714285713
2465,101.99391442707336,0.0005034808632493849,0.5541776808399838,0.00027901785714285713
2466,102.03527448969587,0.0005034183542124695,0.5542464926201254,0.00027901785714285713
2467,102.07663455231837,0.0005033545203459753,0.5543167804494479,0.00027901785714285713
2468,102.11799461494084,0.0005032887509173811,0.554389218185924,0.00027901785714285713
2469,102.15935467756334,0.0005032204546577128,0.5544644589867541,0.00027901785714285713
2470,102.20071474018584,0.0005031490717036082,0.5545431221767595,0.00027901785714285713
2471,102.24207480280833,0.0005030740838677198,0.5546257819478992,0.00027901785714285713
2472,102.28343486543085,0.0005029950232098172,0.5547129579182115,0.00027901785714285713
2473,102.32479492805332,0.0005029114790159267,0.5548051074292956,0.00027901785714285713
2474,102.36615499067582,0.0005028231033985979,0.5549026193445892,0.00027901785714285713
2475,102.40751505329833,0.0005027296157990016,0.55500580903595,0.00027901785714285713
2476,102.44887511592081,0.0005026308066939174,0.5551149142212609,0.00027901785714285713
2477,102.4902351785433,0.0005025265407867008,0.5552300913421552,0.00027901785714285713
2478,102.5315952411658,0.0005024167598939786,0.5553514122453564,0.00027901785714285713
2479,102.5729553037883,0.0005023014856368191,0.5554788610452099,0.00027901785714285713
2480,102.61431536641079,0.0005021808219195533,0.5556123311844718,0.00027901785714285713
2481,102.65567542903328,0.0005020549570448626,0.5557516228605321,0.00027901785714285713
2482,102.69703549165578,0.0005019241651885977,0.5558964411247591,0.00027901785714285713
2483,102.73839555427828,0.0005017888068564492,0.5560463950776766,0.00027901785714285713
2484,102.77975561690079,0.0005016493278822586,0.5562009986552698,0.00027901785714285713
2485,102.82111567952327,0.0005015062565138697,0.556359673521123,0.00027901785714285713
2486,102.86247574214576,0.0005013601981722703,0.556521754539009,0.00027901785714285713
2487,102.90383580476826,0.0005012118275628022,0.5566864982009946,0.00027901785714285713
2488,102.94519586739077,0.0005010618779568662,0.5568530942337552,0.00027901785714285713
2489,102.98655593001325,0.0005009111276379549,0.5570206804120426,0.00027901785714285713
2490,103.02791599263574,0.0005007603837013384,0.557188360390082,0.00027901785714285713
2491,103.06927605525824,0.000500610463595528,0.5573552241374877,0.00027901785714285713
2492,103.11063611788073,0.0005004621749780424,0.5575203703558596,0.00027901785714285713
2493,103.15199618050323,0.0005003162946119989,0.5576829300737421,0.00027901785714285713
2494,103.19335624312572,0.0005001735471407693,0.557842090486105,0.00027901785714285713
2495,103.23471630574822,0.0005000345846370789,0.557997118030078,0.00027901785714285713
2496,103.27607636837071,0.0004998999678261973,0.5581473796770972,0.00027901785714285713
2497,103.31743643099323,0.0004997701498317196,0.5582923614721824,0.00027901785714285713
2498,103.35879649361571,0.0004996454631922643,0.5584316834584979,0.00027901785714285713
2499,103.4001565562382,0.00049952611075643,0.5585651102809056,0.00027901785714285713
2500,103.4415166188607,0.0004994121608928825,0.5586925569533796,0.00027901785714285713
2501,103.48287668148319,0.000499303547263559,0.5588140894892875,0.00027901785714285713
2502,103.52423674410569,0.0004992000732120396,0.5589299203174233,0.00027901785714285713
2503,103.56559680672818,0.0004991014206260476,0.5590403986285417,0.00027901785714285713
2504,103.60695686935068,0.0004990071629508091,0.5591459960071997,0.00027901785714285713
2505,103.64831693197317,0.0004989167818643079,0.5592472878948831,0.00027901785714285713
2506,103.68967699459569,0.0004988296869817776,0.5593449315959612,0.00027901785714285713
2507,103.73103705721816,0.0004987452378364958,0.559439641675993,0.00027901785714285713
2508,103.77239711984065,0.0004986627672909135,0.5595321637079066,0.00027901785714285713
2509,103.81375718246316,0.0004985816054677592,0.5596232473941517,0.00027901785714285713
2510,103.85511724508565,0.0004985011032571588,0.5597136201299877,0.00027901785714285713
2511,103.89647730770815,0.00049842065445663,0.5598039620710298,0.00027901785714285713
2512,103.93783737033064,0.0004983397156375522,0.5598948837258433,0.00027901785714285713
2513,103.97919743295314,0.000498257822908027,0.5599869070081029,0.00027901785714285713
2514,104.02055749557563,0.0004981746048581901,0.5600804505526372,0.00027901785714285713
2515,104.06191755819815,0.0004980897911303035,0.560175819925336,0.00027901785714285713
2516,104.10327762082062,0.0004980032162485051,0.5602732031425804,0.00027901785714285713
2517,104.14463768344311,0.0004979148185662271,0.5603726716676244,0.00027901785714285713
2518,104.18599774606562,0.0004978246344327396,0.5604741867802343,0.00027901785714285713
2519,104.22735780868811,0.0004977327879316289,0.5605776109352564,0.00027901785714285713
2520,104.2687178713106,0.000497639476787606,0.5606827234527112,0.00027901785714285713
2521,104.3100779339331,0.0004975449552574268,0.5607892396346276,0.00027901785714285713
2522,104.3514379965556,0.0004974495149982975,0.5608968322017804,0.00027901785714285713
2523,104.39279805917809,0.0004973534650283779,0.5610051538033157,0.00027901785714285713
2524,104.43415812180059,0.0004972571119461875,0.5611138592886572,0.00027901785714285713
2525,104.47551818442308,0.0004971607415512592,0.5612226264532783,0.00027901785714285713
2526,104.51687824704557,0.000497064602905816,0.5613311740802545,0.00027901785714285713
2527,104.55823830966808,0.0004969688957003964,0.5614392762943988,0.00027901785714285713
2528,104.59959837229057,0.0004968737615473641,0.561546772512076,0.00027901785714285713
2529,104.64095843491306,0.0004967792795404802,0.5616535725905236,0.00027901785714285713
2530,104.68231849753556,0.0004966854661089347,0.5617596571300961,0.00027901785714285713
2531,104.72367856015806,0.0004965922788838374,0.5618650732347067,0.00027901785714285713
2532,104.76503862278055,0.0004964996240096301,0.5619699263608009,0.00027901785714285713
2533,104.80639868540304,0.0004964073660954799,0.5620743691567025,0.00027901785714285713
2534,104.84775874802554,0.000496315339831734,0.5621785883898988,0.00027901785714285713
2535,104.88911881064803,0.000496223362208475,0.5622827911629749,0.00027901785714285713
2536,104.93047887327054,0.0004961312442731666,0.5623871916222872,0.00027901785714285713
2537,104.97183893589303,0.000496038801451455,0.5624919992678503,0.00027901785714285713
2538,105.01319899851552,0.0004959458616205765,0.5625974097880866,0.00027901785714285713
2539,105.05455906113802,0.0004958522703526401,0.5627035990869322,0.00027901785714285713
2540,105.09591912376051,0.0004957578930140761,0.5628107208672015,0.00027901785714285713
2541,105.13727918638301,0.0004956626136938758,0.5629189078101021,0.00027901785714285713
2542,105.1786392490055,0.0004955663312111985,0.5630282760754108,0.00027901785714285713
2543,105.219999311628,0.000495468952699444,0.5631389325661984,0.00027901785714285713
2544,105.26135937425049,0.0004953703854592085,0.5632509841786516,0.00027901785714285713
2545,105.30271943687299,0.0004952705279022857,0.5633645481079502,0.00027901785714285713
2546,105.34407949949548,0.000495169260466001,0.5634797622135812,0.00027901785714285713
2547,105.38543956211798,0.0004950664373609771,0.5635967944629855,0.00027901785714285713
2548,105.42679962474047,0.0004949618799321544,0.5637158505642955,0.00027901785714285713
2549,105.46815968736297,0.0004948553722745092,0.5638371790537593,0.00027901785714285713
2550,105.50951974998547,0.0004947466595666168,0.5639610733042005,0.00027901785714285713
2551,105.55087981260796,0.0004946354493853907,0.5640878701466925,0.00027901785714285713
2552,105.59223987523046,0.0004945214160610011,0.5642179450291779,0.00027901785714285713
2553,105.63359993785295,0.0004944042079389583,0.5643517038538356,0.00027901785714285713
2554,105.67496000047545,0.0004942834572486259,0.5644895718258085,0.00027901785714285713
2555,105.71632006309794,0.0004941587921432774,0.5646319797988298,0.00027901785714285713
2556,105.75768012572043,0.0004940298503797399,0.5647793487142282,0.00027901785714285713
2557,105.79904018834293,0.0004938962940460673,0.5649320727983277,0.00027901785714285713
2558,105.84040025096543,0.0004937578247192324,0.5650905022143522,0.00027901785714285713
2559,105.88176031358792,0.0004936141984362643,0.5652549258647065,0.00027901785714285713
2560,105.9231203762104,0.0004934652398837992,0.5654255550169248,0.00027901785714285713
2561,105.96448043883292,0.0004933108552467379,0.5656025083885526,0.00027901785714285713
2562,106.00584050145541,0.0004931510432011198,0.5657857992790789,0.00027901785714285713
2563,106.04720056407791,0.0004929859035863814,0.5659753252842602,0.00027901785714285713
2564,106.0885606267004,0.00049281564334785,0.5661708610696731,0.00027901785714285713
2565,106.12992068932289,0.0004926405794033475,0.5663720546139022,0.00027901785714285713
2566,106.17128075194539,0.0004924611381613051,0.5665784272534112,0.00027901785714285713
2567,106.21264081456789,0.0004922778515064701,0.5667893777650282,0.00027901785714285713
2568,106.25400087719038,0.000492091349175917,0.5670041906042763,0.00027901785714285713
2569,106.29536093981287,0.0004919023475745635,0.5672220482756755,0.00027901785714285713
2570,106.33672100243538,0.0004917116352243004,0.567442047645628,0.00027901785714285713
2571,106.37808106505787,0.0004915200551996468,0.5676632198243162,0.00027901785714285713
2572,106.41944112768034,0.000491328485067197,0.5678845530494675,0.00027901785714285713
2573,106.46080119030286,0.0004911378150053454,0.5681050178142368,0.00027901785714285713
2574,106.50216125292535,0.0004909489249206682,0.5683235933105328,0.00027901785714285713
2575,106.54352131554785,0.0004907626614850361,0.5685392941234685,0.00027901785714285713
2576,106.58488137817035,0.0004905798160788514,0.5687511960296595,0.00027901785714285713
2577,106.62624144079284,0.0004904011046307396,0.5689584597346103,0.00027901785714285713
2578,106.66760150341533,0.0004902271502852605,0.5691603514421798,0.00027901785714285713
2579,106.70896156603783,0.0004900584697069999,0.5693562592840781,0.00027901785714285713
2580,106.75032162866033,0.0004898954636448014,0.5695457048468588,0.00027901785714285713
2581,106.7916816912828,0.0004897384121452475,0.569728349305191,0.00027901785714285713
2582,106.83304175390532,0.0004895874745337397,0.5699039939871435,0.00027901785714285713
2583,106.87440181652781,0.0004894426939952064,0.5700725755354514,0.00027901785714285713
2584,106.91576187915031,0.0004893040063059411,0.5702341561626191,0.00027901785714285713
2585,106.9571219417728,0.0004891712520156335,0.5703889098003249,0.00027901785714285713
2586,106.9984820043953,0.0004890441911759865,0.5705371051886194,0.00027901785714285713
2587,107.03984206701779,0.0004889225195760071,0.5706790871175683,0.00027901785714285713
2588,107.08120212964029,0.0004888058853868244,0.570815257107741,0.00027901785714285713
2589,107.12256219226279,0.0004886939051459781,0.5709460547896776,0.00027901785714285713
2590,107.16392225488526,0.0004885861781212669,0.5710719411174277,0.00027901785714285713
2591,107.20528231750778,0.0004884822982780343,0.5711933843384552,0.00027901785714285713
2592,107.24664238013027,0.0004883818633163455,0.5713108493591326,0.00027901785714285713
2593,107.28800244275277,0.000488284480524452,0.5714247908169686,0.00027901785714285713
2594,107.32936250537526,0.00048818976948845916,0.5715356498257245,0.00027901785714285713
2595,107.37072256799775,0.0004880973619796598,0.5716438540278046,0.00027901785714285713
2596,107.41208263062025,0.00048800689958530786,0.5717498202995844,0.00027901785714285713
2597,107.45344269324275,0.00048791802983571913,0.5718539592332791,0.00027901785714285713
2598,107.49480275586524,0.00048783040169300484,0.5719566803842723,0.00027901785714285713
2599,107.53616281848772,0.0004877436612963956,0.5720583972352263,0.00027901785714285713
2600,107.57752288111024,0.00048765744880345724,0.5721595308909369,0.00027901785714285713
2601,107.61888294373273,0.0004875713970319452,0.5722605116734856,0.00027901785714285713
2602,107.66024300635523,0.0004874851324070278,0.572361778020114,0.00027901785714285713
2603,107.70160306897772,0.0004873982784711525,0.5724637723753702,0.00027901785714285713
2604,107.7429631316002,0.00048731046194387553,0.5725669340852201,0.00027901785714285713
2605,107.78432319422271,0.00048722132104949713,0.5726716896170304,0.00027901785714285713
2606,107.82568325684521,0.0004871305155878882,0.5727784407144509,0.00027901785714285713
2607,107.8670433194677,0.0004870377380286847,0.5728875513265135,0.00027901785714285713
2608,107.90840338209019,0.00048694272477957173,0.5729993343039725,0.00027901785714285713
2609,107.94976344471269,0.0004868452667256932,0.5731140389212539,0.00027901785714285713
2610,107.99112350733519,0.00048674521816327744,0.5732318402545895,0.00027901785714285713
2611,108.03248356995766,0.00048664250335364595,0.5733528313290244,0.00027901785714285713
2612,108.07384363258016,0.0004865371200925251,0.5734770187520247,0.00027901785714285713
2613,108.11520369520267,0.00048642913990896687,0.5736043222967154,0.00027901785714285713
2614,108.15656375782517,0.00048631870475813424,0.5737345786064796,0.00027901785714285713
2615,108.19792382044767,0.0004862060203306455,0.5738675488903046,0.00027901785714285713
2616,108.23928388307016,0.00048609134634643023,0.5740029301900084,0.00027901785714285713
2617,108.28064394569265,0.0004859749844129333,0.574140369549918,0.00027901785714285713
2618,108.32200400831515,0.0004858572641905848,0.5742794802248922,0.00027901785714285713
2619,108.36336407093765,0.00048573852871012374,0.574419858938898,0.00027901785714285713
2620,108.40472413356012,0.0004856191197231417,0.5745611031582306,0.00027901785714285713
2621,108.44608419618262,0.00048549936393713,0.5747028273738144,0.00027901785714285713
2622,108.48744425880513,0.0004853795608972771,0.5748446774871653,0.00027901785714285713
2623,108.52880432142763,0.0004852599731382038,0.5749863425545545,0.00027901785714285713
2624,108.5701643840501,0.0004851408190539683,0.575127563347372,0.00027901785714285713
2625,108.61152444667262,0.00048502226873951474,0.5752681374155751,0.00027901785714285713
2626,108.6528845092951,0.0004849044428569482,0.5754079205769832,0.00027901785714285713
2627,108.69424457191761,0.00048478741439035556,0.575546824980463,0.00027901785714285713
2628,108.73560463454011,0.000484671212986326,0.5756848140901016,0.00027901785714285713
2629,108.77696469716258,0.0004845558314424365,0.5758218950998291,0.00027901785714285713
2630,108.81832475978509,0.00048444123381017414,0.5759581094044296,0.00027901785714285713
2631,108.85968482240759,0.0004843273645230066,0.5760935218220633,0.00027901785714285713
2632,108.90104488503009,0.0004842141579449196,0.5762282092846117,0.00027901785714285713
2633,108.94240494765256,0.00048410154775574036,0.5763622496898919,0.00027901785714285713
2634,108.98376501027508,0.00048398947564110077,0.5764957115508872,0.00027901785714285713
2635,109.02512507289757,0.0004838778988306684,0.5766286449890091,0.00027901785714285713
2636,109.06648513552004,0.00048376679612056254,0.5767610745102096,0.00027901785714285713
2637,109.10784519814256,0.0004836561721177345,0.5768929938827224,0.00027901785714285713
2638,109.14920526076504,0.0004835460595490926,0.5770243633109982,0.00027901785714285713
2639,109.19056532338755,0.00048343651958087557,0.5771551089784382,0.00027901785714285713
2640,109.23192538601005,0.00048332764019000087,0.5772851249168628,0.00027901785714285713
2641,109.27328544863255,0.00048321953271609965,0.5774142770565222,0.00027901785714285713
2642,109.31464551125502,0.00048311232679808355,0.5775424092200248,0.00027901785714285713
2643,109.35600557387752,0.0004830061639621957,0.5776693507470342,0.00027901785714285713
2644,109.39736563650003,0.0004829011901780468,0.5777949253758986,0.00027901785714285713
2645,109.4387256991225,0.00048279754773576655,0.5779189609628312,0.00027901785714285713
2646,109.48008576174502,0.0004826953668206223,0.5780412995895708,0.00027901785714285713
2647,109.5214458243675,0.0004825947571716071,0.5781618075963483,0.00027901785714285713
2648,109.56280588699,0.00048249580020732114,0.5782803850789321,0.00027901785714285713
2649,109.60416594961251,0.000482398541986541,0.5783969744059504,0.00027901785714285713
2650,109.645526012235,0.0004823029873417651,0.5785115673462377,0.00027901785714285713
2651,109.68688607485748,0.00048220909548243786,0.578624210444863,0.00027901785714285713
2652,109.72824613747999,0.000482116777311485,0.5787350083496262,0.00027901785714285713
2653,109.76960620010249,0.00048202589463476256,0.578844124866513,0.00027901785714285713
2654,109.81096626272496,0.00048193626137071265,0.5789517816096273,0.00027901785714285713
2655,109.85232632534748,0.0004818476467887948,0.5790582542061418,0.00027901785714285713
2656,109.89368638796996,0.00048175978072345594,0.5791638661157177,0.00027901785714285713
2657,109.93504645059247,0.0004816723606290346,0.5792689802223173,0.00027901785714285713
2658,109.97640651321497,0.0004815850602638138,0.5793739884497461,0.00027901785714285713
2659,110.01776657583744,0.00048149753972252004,0.5794792997356768,0.00027901785714285713
2660,110.05912663845994,0.000481409456479171,0.5795853267683563,0.00027901785714285713
2661,110.10048670108245,0.00048132047705958897,0.5796924719417533,0.00027901785714285713
2662,110.14184676370495,0.0004812302889370774,0.5798011130162668,0.00027901785714285713
2663,110.18320682632742,0.00048113861223704154,0.5799115889817507,0.00027901785714285713
2664,110.22456688894992,0.0004810452108459405,0.5800241866085543,0.00027901785714285713
2665,110.26592695157242,0.0004809499025465582,0.5801391281409958,0.00027901785714285713
2666,110.30728701419493,0.00048085256784171314,0.5802565605404111,0.00027901785714285713
2667,110.34864707681743,0.00048075315717977055,0.5803765466245758,0.00027901785714285713
2668,110.3900071394399,0.0004806516963537208,0.5804990583816073,0.00027901785714285713
2669,110.4313672020624,0.0004805482899071337,0.5806239726641782,0.00027901785714285713
2670,110.4727272646849,0.00048044312244212723,0.5807510693973288,0.00027901785714285713
2671,110.51408732730741,0.00048033645778318407,0.5808800323643166,0.00027901785714285713
2672,110.55544738992988,0.00048022863600492296,0.5810104525711725,0.00027901785714285713
2673,110.59680745255238,0.0004801200683807276,0.5811418341330411,0.00027901785714285713
2674,110.63816751517489,0.00048001123035266546,0.5812736025735523,0.00027901785714285713
2675,110.67952757779736,0.0004799026526627654,0.5814051153806126,0.00027901785714285713
2676,110.72088764041986,0.0004797949108229299,0.5815356746162523,0.00027901785714285713
2677,110.76224770304236,0.0004796886131371106,0.5816645413325765,0.00027901785714285713
2678,110.80360776566486,0.00047958438752652315,0.5817909514984497,0.00027901785714285713
2679,110.84496782828737,0.0004794828674471532,0.581914133091751,0.00027901785714285713
2680,110.88632789090987,0.0004793846772279023,0.5820333239608542,0.00027901785714285713
2681,110.92768795353234,0.00047929041719585994,0.5821477900085736,0.00027901785714285713
2682,110.96904801615484,0.000479200648989565,0.5822568432058468,0.00027901785714285713
2683,111.01040807877735,0.0004791158814871234,0.5823598589068185,0.00027901785714285713
2684,111.05176814139982,0.0004790365577902458,0.5824562919163047,0.00027901785714285713
2685,111.09312820402232,0.00047896304370191633,0.5825456907621134,0.00027901785714285713
2686,111.13448826664482,0.0004788956181119026,0.5826277096518757,0.00027901785714285713
2687,111.17584832926732,0.00047883446565766334,0.5827021176506902,0.00027901785714285713
2688,111.2172083918898,0.0004787796719578325,0.5827688047027841,0.00027901785714285713
2689,111.25856845451231,0.0004787312216234769,0.5828277842348567,0.00027901785714285713
2690,111.2999285171348,0.00047868899914235106,0.582879192216163,0.00027901785714285713
2691,111.3412885797573,0.0004786527926097093,0.5829232827026807,0.00027901785714285713
2692,111.3826486423798,0.0004786223001537739,0.5829604200498244,0.00027901785714285713
2693,111.42400870500228,0.00047859713878289445,0.5829910681296984,0.00027901785714285713
2694,111.46536876762478,0.00047857685527459613,0.5830157770224038,0.00027901785714285713
2695,111.50672883024728,0.0004785609386408062,0.5830351677579765,0.00027901785714285713
2696,111.54808889286979,0.0004785488336462507,0.5830499157565822,0.00027901785714285713
2697,111.58944895549226,0.00047853995483144925,0.5830607336458091,0.00027901785714285713
2698,111.63080901811476,0.0004785337004998807,0.5830683541230065,0.00027901785714285713
2699,111.67216908073726,0.0004785294661688277,0.583073513480188,0.00027901785714285713
2700,111.71352914335974,0.00047852665705118766,0.5830769363241781,0.00027901785714285713
2701,111.75488920598227,0.00047852469922469884,0.5830793219136216,0.00027901785714285713
2702,111.79624926860474,0.00047852304924721006,0.5830813324076968,0.00027901785714285713
2703,111.83760933122724,0.00047852120208375764,0.5830835831889001,0.00027901785714285713
2704,111.87896939384974,0.0004785186973140036,0.5830866352956023,0.00027901785714285713
2705,111.92032945647225,0.00047851512368021364,0.5830909898875457,0.00027901785714285713
2706,111.96168951909472,0.00047851012210951203,0.5830970845774522,0.00027901785714285713
2707,112.00304958171722,0.0004785033873969451,0.5831052913976477,0.00027901785714285713
2708,112.04440964433972,0.0004784946687651748,0.5831159161352902,0.00027901785714285713
2709,112.0857697069622,0.0004784837695243836,0.5831291987609171,0.00027901785714285713
2710,112.12712976958473,0.00047847054604376044,0.5831453146905692,0.00027901785714285713
2711,112.1684898322072,0.00047845490621910227,0.5831643766551419,0.00027901785714285713
2712,112.2098498948297,0.0004784368075840384,0.5831864369963783,0.00027901785714285713
2713,112.2512099574522,0.0004784162551708969,0.5832114902600626,0.00027901785714285713
2714,112.29257002007468,0.0004783932991865296,0.5832394760070954,0.00027901785714285713
2715,112.33393008269718,0.00047836803253250345,0.5832702818073422,0.00027901785714285713
2716,112.37529014531968,0.00047834058817128365,0.583303746415403,0.00027901785714285713
2717,112.41665020794218,0.000478311136321597,0.5833396631502572,0.00027901785714285713
2718,112.45801027056466,0.0004782798814578833,0.5833777835111115,0.00027901785714285713
2719,112.49937033318719,0.0004782470590891329,0.5834178210615101,0.00027901785714285713
2720,112.54073039580966,0.0004782129322996734,0.5834594556050396,0.00027901785714285713
2721,112.58209045843216,0.0004781777880463115,0.5835023376615609,0.00027901785714285713
2722,112.62345052105466,0.00047814193321968834,0.5835460932364175,0.00027901785714285713
2723,112.66481058367714,0.00047810569049046227,0.5835903288593535,0.00027901785714285713
2724,112.70617064629964,0.0004780693939712659,0.5836346368569818,0.00027901785714285713
2725,112.74753070892214,0.0004780333847317641,0.5836786008145032,0.00027901785714285713
2726,112.78889077154464,0.0004779980062063457,0.5837218011792473,0.00027901785714285713
2727,112.83025083416712,0.0004779635995325954,0.58376382095982,0.00027901785714285713
2728,112.87161089678962,0.00047793049885432607,0.583804251479465,0.00027901785714285713
2729,112.91297095941212,0.00047789902661751093,0.5838426981483906,0.00027901785714285713
2730,112.95433102203461,0.00047786948888239704,0.5838787862255065,0.00027901785714285713
2731,112.99569108465712,0.0004778421706720854,0.5839121665432297,0.00027901785714285713
2732,113.0370511472796,0.00047781733137859027,0.5839425211677435,0.00027901785714285713
2733,113.0784112099021,0.00047779520025228225,0.5839695689607849,0.00027901785714285713
2734,113.1197712725246,0.0004777759720105729,0.5839930709966358,0.00027901785714285713
2735,113.1611313351471,0.0004777598026160725,0.5840128357702703,0.00027901785714285713
2736,113.20249139776958,0.00047774680529225197,0.5840287241108261,0.00027901785714285713
2737,113.24385146039208,0.00047773704686460616,0.5840406536902562,0.00027901785714285713
2738,113.28521152301458,0.0004777305445346151,0.5840486029936909,0.00027901785714285713
2739,113.32657158563707,0.0004777272632111954,0.5840526145971868,0.00027901785714285713
2740,113.36793164825956,0.00047772711353574705,0.5840527975852033,0.00027901785714285713
2741,113.40929171088206,0.0004777299507414522,0.5840493289353378,0.00027901785714285713
2742,113.45065177350456,0.00047773557448232723,0.5840424537050648,0.00027901785714285713
2743,113.49201183612706,0.0004777437297515297,0.584032483875763,0.00027901785714285713
2744,113.53337189874956,0.00047775410898174284,0.5840197957429178,0.00027901785714285713
2745,113.57473196137204,0.00047776635538316156,0.5840048257878874,0.00027901785714285713
2746,113.61609202399454,0.00047778006752918306,0.583988065022856,0.00027901785714285713
2747,113.65745208661704,0.00047779480514863117,0.5839700518637095,0.00027901785714285713
2748,113.69881214923952,0.0004778100960304009,0.5839513636503497,0.00027901785714285713
2749,113.74017221186202,0.00047782544389572224,0.5839326069955963,0.00027901785714285713
2750,113.78153227448452,0.0004778403370487921,0.5839144071974123,0.00027901785714285713
2751,113.82289233710702,0.00047785425758246225,0.5838973969897248,0.00027901785714285713
2752,113.86425239972951,0.0004778666908943445,0.5838822049318091,0.00027901785714285713
2753,113.90561246235202,0.00047787713526175354,0.5838694437431647,0.00027901785714285713
2754,113.9469725249745,0.0004778851112313772,0.5838596988801464,0.00027901785714285713
2755,113.988332587597,0.0004778901705995604,0.583853517624775,0.00027901785714285713
2756,114.0296926502195,0.00047789190478864373,0.5838513989188785,0.00027901785714285713
2757,114.07105271284198,0.00047788995246005533,0.5838537841328209,0.00027901785714285713
2758,114.11241277546448,0.00047788400624073106,0.5838610489138313,0.00027901785714285713
2759,114.15377283808698,0.0004778738184724603,0.5838734962186192,0.00027901785714285713
2760,114.19513290070948,0.0004778592059193494,0.5838913506041115,0.00027901785714285713
2761,114.23649296333195,0.00047784005338569386,0.5839147538300746,0.00027901785714285713
2762,114.27785302595446,0.0004778163162038138,0.583943761819639,0.00027901785714285713
2763,114.31921308857696,0.00047778802155127806,0.5839783430253114,0.00027901785714285713
2764,114.36057315119945,0.0004777552685513197,0.5840183782565351,0.00027901785714285713
2765,114.40193321382196,0.0004777182271049144,0.5840636620331016,0.00027901785714285713
2766,114.44329327644444,0.0004776771354015875,0.584113905532205,0.00027901785714285713
2767,114.48465333906694,0.0004776322960642556,0.5841687411885587,0.00027901785714285713
2768,114.52601340168944,0.00047758407090419704,0.5842277289830881,0.00027901785714285713
2769,114.56737346431194,0.0004775328742985697,0.5842903644124944,0.00027901785714285713
2770,114.60873352693442,0.0004774791652535186,0.5843560880707999,0.00027901785714285713
2771,114.65009358955692,0.0004774234382795451,0.5844242966963097,0.00027901785714285713
2772,114.69145365217942,0.0004773662132766528,0.5844943554502361,0.00027901785714285713
2773,114.7328137148019,0.00047730802469907185,0.5845656111035833,0.00027901785714285713
2774,114.77417377742442,0.0004772494103354344,0.5846374057261792,0.00027901785714285713
2775,114.8155338400469,0.000477190900091855,0.5847090904062686,0.00027901785714285713
2776,114.8568939026694,0.00047713300519632403,0.5847800384885359,0.00027901785714285713
2777,114.8982539652919,0.0004770762082470556,0.5848496578105752,0.00027901785714285713
2778,114.93961402791439,0.00047702095450227733,0.5849174014461981,0.00027901785714285713
2779,114.98097409053688,0.00047696764475438813,0.5849827765288689,0.00027901785714285713
2780,115.02233415315938,0.00047691663004963077,0.585045350827504,0.00027901785714285713
2781,115.06369421578188,0.00047686820841153545,0.5851047568725022,0.00027901785714285713
2782,115.10505427840437,0.0004768226236094473,0.5851606935735357,0.00027901785714285713
2783,115.14641434102688,0.0004767800658920097,0.5852129254205324,0.00027901785714285713
2784,115.18777440364936,0.0004767406744890489,0.585261279503573,0.00027901785714285713
2785,115.22913446627186,0.0004767045415832938,0.5853056407143644,0.00027901785714285713
2786,115.27049452889436,0.0004766717173736415,0.5853459455916231,0.00027901785714285713
2787,115.31185459151683,0.0004766422158010877,0.5853821753365146,0.00027901785714285713
2788,115.35321465413934,0.00047661602048949077,0.5854143485489687,0.00027901785714285713
2789,115.39457471676184,0.0004765930904679619,0.5854425142187697,0.00027901785714285713
2790,115.43593477938434,0.0004765733652877648,0.5854667454493191,0.00027901785714285713
2791,115.47729484200683,0.00047655676921921404,0.5854871343030071,0.00027901785714285713
2792,115.51865490462932,0.0004765432143079335,0.5855037880416883,0.00027901785714285713
2793,115.56001496725182,0.00047653260217650196,0.5855168269043474,0.00027901785714285713
2794,115.6013750298743,0.00047652482456843516,0.5855263834272427,0.00027901785714285713
2795,115.64273509249682,0.0004765197627387099,0.5855326031794635,0.00027901785714285713
2796,115.6840951551193,0.00047651728588997476,0.5855356466696591,0.00027901785714285713
2797,115.7254552177418,0.00047651724893013397,0.5855356920852328,0.00027901785714285713
2798,115.7668152803643,0.00047651948987932906,0.5855329384607415,0.00027901785714285713
2799,115.8081753429868,0.0004765238272800053,0.5855276088406516,0.00027901785714285713
2800,115.84953540560927,0.0004765300579610399,0.5855199530050821,0.00027901785714285713
2801,115.89089546823178,0.0004765379554771384,0.5855102493640568,0.00027901785714285713
2802,115.93225553085428,0.00047654726949101193,0.5854988056921804,0.00027901785714285713
2803,115.97361559347677,0.00047655772629247474,0.5854859584662725,0.00027901785714285713
2804,116.01497565609927,0.0004765690305622014,0.5854720706750581,0.00027901785714285713
2805,116.05633571872175,0.0004765808683951307,0.5854575280842472,0.00027901785714285713
2806,116.09769578134426,0.0004765929115066269,0.5854427340532895,0.00027901785714285713
2807,116.13905584396676,0.00047660482246123545,0.585428103102232,0.00027901785714285713
2808,116.18041590658926,0.0004766162606944189,0.5854140535120109,0.00027901785714285713
2809,116.22177596921173,0.00047662688904833513,0.5854009993014928,0.00027901785714285713
2810,116.26313603183424,0.0004766363805156006,0.5853893419571331,0.00027901785714285713
2811,116.30449609445674,0.0004766444248818008,0.5853794622942428,0.00027901785714285713
2812,116.34585615707923,0.00047665073497704403,0.5853717128041246,0.00027901785714285713
2813,116.38721621970171,0.0004766550522859742,0.5853664107927202,0.00027901785714285713
2814,116.42857628232422,0.00047665715171930635,0.5853638325501619,0.00027901785714285713
2815,116.46993634494672,0.00047665684541226276,0.5853642087139926,0.00027901785714285713
2816,116.5112964075692,0.0004766539854788415,0.5853677209109219,0.00027901785714285713
2817,116.5526564701917,0.000476648465709824,0.585374499689922,0.00027901785714285713
2818,116.5940165328142,0.0004766402222503592,0.5853846237011461,0.00027901785714285713
2819,116.6353765954367,0.0004766292333259167,0.5853981200352982,0.00027901785714285713
2820,116.6767366580592,0.0004766155181017865,0.5854149656186179,0.00027901785714285713
2821,116.71809672068169,0.0004765991347607152,0.5854350895599986,0.00027901785714285713
2822,116.75945678330417,0.0004765801778688928,0.5854583763649838,0.00027901785714285713
2823,116.80081684592668,0.00047655877507711455,0.5854846699606103,0.00027901785714285713
2824,116.84217690854918,0.000476535083177108,0.5855137785084293,0.00027901785714285713
2825,116.88353697117167,0.0004765092835103989,0.585545480011132,0.00027901785714285713
2826,116.92489703379415,0.00047648157671446607,0.5855795287339304,0.00027901785714285713
2827,116.96625709641665,0.00047645217679374564,0.5856156624584862,0.00027901785714285713
2828,117.00761715903914,0.0004764213045251902,0.5856536105599459,0.00027901785714285713
2829,117.04897722166166,0.00047638918024930975,0.5856931028467903,0.00027901785714285713
2830,117.09033728428415,0.00047635601615650706,0.5857338790304806,0.00027901785714285713
2831,117.13169734690663,0.00047632200824975754,0.58577569860378,0.00027901785714285713
2832,117.17305740952914,0.00047628732824096283,0.5858183508121734,0.00027901785714285713
2833,117.21441747215162,0.00047625211571070266,0.5858616643129946,0.00027901785714285713
2834,117.25577753477413,0.000476216470919914,0.5859055160437321,0.00027901785714285713
2835,117.29713759739661,0.00047618044869850905,0.585949838775333,0.00027901785714285713
2836,117.33849766001912,0.0004761440538421474,0.5859946268180384,0.00027901785714285713
2837,117.3798577226416,0.00047610723841996685,0.5860399393817655,0.00027901785714285713
2838,117.42121778526412,0.0004760699013312997,0.5860859011724983,0.00027901785714285713
2839,117.46257784788659,0.0004760318903502509,0.5861326999280734,0.00027901785714285713
2840,117.5039379105091,0.00047599300676978284,0.5861805807533764,0.00027901785714285713
2841,117.5452979731316,0.0004759530126097248,0.5862298372962461,0.00027901785714285713
2842,117.58665803575408,0.0004759116401977712,0.5862807999966291,0.00027901785714285713
2843,117.62801809837659,0.0004758686037809337,0.5863338218280589,0.00027901785714285713
2844,117.66937816099907,0.00047582361268930354,0.5863892621172758,0.00027901785714285713
2845,117.71073822362158,0.00047577638546523175,0.5864474691614279,0.00027901785714285713
2846,117.75209828624406,0.0004757266642978867,0.5865087624521799,0.00027901785714285713
2847,117.79345834886658,0.00047567422907029256,0.5865734153565536,0.00027901785714285713
2848,117.83481841148905,0.0004756189103354582,0.5866416390930785,0.00027901785714285713
2849,117.87617847411154,0.0004755606005879582,0.5867135687815477,0.00027901785714285713
2850,117.91753853673406,0.0004754992632822405,0.5867892522416832,0.00027901785714285713
2851,117.95889859935654,0.0004754349391613895,0.5868686420796321,0.00027901785714285713
2852,118.00025866197903,0.00047536774959093124,0.5869515914425426,0.00027901785714285713
2853,118.04161872460153,0.00047529789673230095,0.5870378536516154,0.00027901785714285713
2854,118.08297878722404,0.00047522566053107126,0.587127085753431,0.00027901785714285713
2855,118.12433884984652,0.00047515139262787714,0.5872188558676387,0.00027901785714285713
2856,118.16569891246903,0.00047507550742062016,0.5873126540615818,0.00027901785714285713
2857,118.20705897509151,0.00047499847061107455,0.5874079063536922,0.00027901785714285713
2858,118.248419037714,0.00047492078565589433,0.5875039913393485,0.00027901785714285713
2859,118.28977910033652,0.0004748429786120281,0.5876002588443654,0.00027901785714285713
2860,118.331139162959,0.0004747655819198171,0.5876960499423488,0.00027901785714285713
2861,118.37249922558149,0.0004746891177056289,0.5877907176205496,0.00027901785714285713
2862,118.413859288204,0.0004746140812097586,0.587883647344933,0.00027901785714285713
2863,118.4552193508265,0.0004745409249547446,0.5879742767590933,0.00027901785714285713
2864,118.49657941344898,0.0004744700442627121,0.5880621137556287,0.00027901785714285713
2865,118.53793947607147,0.0004744017647057246,0.5881467521857434,0.00027901785714285713
2866,118.57929953869397,0.00047433633202725373,0.5882278845273563,0.00027901785714285713
2867,118.62065960131646,0.00047427390500327056,0.5883053109171863,0.00027901785714285713
2868,118.66201966393896,0.0004742145516161596,0.5883789440706593,0.00027901785714285713
2869,118.70337972656147,0.0004741582487932002,0.5884488097655098,0.00027901785714285713
2870,118.74473978918395,0.0004741048858162053,0.5885150427473618,0.00027901785714285713
2871,118.78609985180645,0.0004740542713447284,0.5885778781222238,0.00027901785714285713
2872,118.82745991442896,0.0004740061438193947,0.588637638522188,0.00027901785714285713
2873,118.86881997705144,0.0004739601848348754,0.5886947175532585,0.00027901785714285713
2874,118.91018003967393,0.000473916034905123,0.588749560243759,0.00027901785714285713
2875,118.95154010229643,0.0004738733108993034,0.588802641392369,0.00027901785714285713
2876,118.99290016491892,0.00047383162431724886,0.588854442851716,0.00027901785714285713
2877,119.03426022754142,0.0004737905995082976,0.5889054308642327,0.00027901785714285713
2878,119.07562029016391,0.0004737498909243426,0.5889560345828471,0.00027901785714285713
2879,119.11698035278641,0.0004737091985400475,0.5890066268562629,0.00027901785714285713
2880,119.1583404154089,0.0004736682806697783,0.5890575082382954,0.00027901785714285713
2881,119.1997004780314,0.0004736269635562043,0.5891088950001191,0.00027901785714285713
2882,119.2410605406539,0.00047358514729072416,0.589160911694669,0.00027901785714285713
2883,119.28242060327639,0.00047354280783782623,0.5892135885599008,0.00027901785714285713
2884,119.3237806658989,0.0004734999951594868,0.5892668637702454,0.00027901785714285713
2885,119.36514072852138,0.0004734568276560795,0.5893205902725657,0.00027901785714285713
2886,119.40650079114388,0.00047341348334128036,0.5893745466934983,0.00027901785714285713
2887,119.44786085376637,0.0004733701883373143,0.5894284515949164,0.00027901785714285713
2888,119.48922091638887,0.00047332720340200347,0.5894819801977098,0.00027901785714285713
2889,119.53058097901136,0.0004732848092746149,0.5895347825984462,0.00027901785714285713
2890,119.57194104163386,0.0004732432916496875,0.5895865024736509,0.00027901785714285713
2891,119.61330110425635,0.000473202926559144,0.5896367952998779,0.00027901785714285713
2892,119.65466116687884,0.0004731639668677992,0.5896853452089136,0.00027901785714285713
2893,119.69602122950135,0.00047312663047491304,0.5897318797354226,0.00027901785714285713
2894,119.73738129212384,0.00047309109067514456,0.5897761818863952,0.00027901785714285713
2895,119.77874135474634,0.000473057468978763,0.5898180991523106,0.00027901785714285713
2896,119.82010141736883,0.00047302583053500353,0.5898575492743837,0.00027901785714285713
2897,119.86146147999132,0.0004729961821555404,0.5898945227661578,0.00027901785714285713
2898,119.90282154261382,0.00047296847280644736,0.5899290823492996,0.00027901785714285713
2899,119.94418160523632,0.00047294259633358626,0.5899613595939541,0.00027901785714285713
2900,119.98554166785881,0.0004729183961116342,0.5899915491487752,0.00027901785714285713
2901,120.0269017304813,0.0004728956712623973,0.5900199010027256,0.00027901785714285713
2902,120.06826179310382,0.0004728741840708515,0.5900467112432837,0.00027901785714285713
2903,120.1096218557263,0.0004728536682341639,0.590072311767884,0.00027901785714285713
2904,120.15098191834879,0.00047283383760334566,0.5900970593752677,0.00027901785714285713
2905,120.19234198097129,0.0004728143951130793,0.5901213246185676,0.00027901785714285713
2906,120.23370204359378,0.00047279504163597356,0.5901454807508022,0.00027901785714285713
2907,120.27506210621628,0.0004727754845374308,0.590169893043104,0.00027901785714285713
2908,120.31642216883878,0.0004727554457424628,0.590194908711542,0.00027901785714285713
2909,120.35778223146127,0.0004727346691530733,0.590220847653782,0.00027901785714285713
2910,120.39914229408376,0.00047271292727467027,0.5902479941715949,0.00027901785714285713
2911,120.44050235670628,0.0004726900269224486,0.5902765898393577,0.00027901785714285713
2912,120.48186241932876,0.0004726658138872223,0.5903068276679526,0.00027901785714285713
2913,120.52322248195124,0.0004726401764480071,0.5903388477038422,0.00027901785714285713
2914,120.56458254457375,0.0004726130476294512,0.5903727341899775,0.00027901785714285713
2915,120.60594260719624,0.00047258440611992573,0.5904085143936213,0.00027901785714285713
2916,120.64730266981874,0.0004725542757929308,0.5904461591733017,0.00027901785714285713
2917,120.68866273244123,0.0004725227238121295,0.5904855853107965,0.00027901785714285713
2918,120.73002279506373,0.00047248985734842547,0.5905266595746258,0.00027901785714285713
2919,120.77138285768622,0.0004724558189943283,0.5905692044110619,0.00027901785714285713
2920,120.81274292030872,0.00047242078102285845,0.5906130050814946,0.00027901785714285713
2921,120.85410298293122,0.00047238493870096517,0.5906578179866239,0.00027901785714285713
2922,120.8954630455537,0.00047234850292545945,0.5907033798451321,0.00027901785714285713
2923,120.93682310817621,0.00047231169249737997,0.5907494173339884,0.00027901785714285713
2924,120.9781831707987,0.0004722747263828205,0.5907956567565474,0.00027901785714285713
2925,121.0195432334212,0.00047223781632108703,0.5908418332875431,0.00027901785714285713
2926,121.06090329604369,0.00047220116013086403,0.5908876993557813,0.00027901785714285713
2927,121.10226335866619,0.0004721649360315657,0.5909330317662639,0.00027901785714285713
2928,121.14362342128868,0.00047212929824063787,0.5909776372332766,0.00027901785714285713
2929,121.18498348391118,0.0004720943740316933,0.5910213560903942,0.00027901785714285713
2930,121.22634354653367,0.00047206026234752175,0.5910640640568249,0.00027901785714285713
2931,121.26770360915616,0.0004720270339632277,0.5911056720632519,0.00027901785714285713
2932,121.30906367177866,0.000471994733094748,0.5911461242658554,0.00027901785714285713
2933,121.35042373440116,0.0004719633802556865,0.5911853944933164,0.00027901785714285713
2934,121.39178379702366,0.0004719329760877419,0.5912234814695002,0.00027901785714285713
2935,121.43314385964615,0.00047190350583406097,0.5912604032252524,0.00027901785714285713
2936,121.47450392226865,0.00047187494409546863,0.5912961911501852,0.00027901785714285713
2937,121.51586398489114,0.0004718472595101403,0.5913308841351042,0.00027901785714285713
2938,121.55722404751364,0.0004718204190271998,0.5913645232186785,0.00027901785714285713
2939,121.59858411013613,0.0004717943915025645,0.5913971470797793,0.00027901785714285713
2940,121.63994417275862,0.0004717691504254736,0.5914287886166779,0.00027901785714285713
2941,121.68130423538112,0.00047174467567924965,0.5914594727351369,0.00027901785714285713
2942,121.72266429800362,0.0004717209543414704,0.5914892153399679,0.00027901785714285713
2943,121.76402436062611,0.0004716979806266422,0.5915180234017262,0.00027901785714285713
2944,121.8053844232486,0.0004716757551592616,0.5915458958636672,0.00027901785714285713
2945,121.8467444858711,0.00047165428382828033,0.5915728250746511,0.00027901785714285713
2946,121.8881045484936,0.00047163357650863543,0.591598798389937,0.00027901785714285713
2947,121.9294646111161,0.0004716136459380262,0.5916237995783572,0.00027901785714285713
2948,121.97082467373859,0.00047159450700616154,0.5916478097129568,0.00027901785714285713
2949,122.01218473636108,0.0004715761766528697,0.591670807298317,0.00027901785714285713
2950,122.05354479898358,0.00047155867448516305,0.5916927674959694,0.00027901785714285713
2951,122.09490486160608,0.00047154202412142646,0.591713660437203,0.00027901785714285713
2952,122.13626492422856,0.00047152625516268867,0.5917334487484452,0.00027901785714285713
2953,122.17762498685106,0.00047151140558847565,0.5917520845431627,0.00027901785714285713
2954,122.21898504947356,0.0004714975242886467,0.5917695062425075,0.00027901785714285713
2955,122.26034511209606,0.00047148467338306495,0.5917856356619355,0.00027901785714285713
2956,122.30170517471853,0.00047147292995538973,0.5918003758333644,0.00027901785714285713
2957,122.34306523734105,0.00047146238683975296,0.5918136100169822,0.00027901785714285713
2958,122.38442529996354,0.0004714531521510678,0.5918252022916827,0.00027901785714285713
2959,122.42578536258604,0.0004714453473373605,0.5918350000030764,0.00027901785714285713
2960,122.46714542520854,0.0004714391036499077,0.5918428382004917,0.00027901785714285713
2961,122.50850548783102,0.0004714345570641895,0.5918485460217688,0.00027901785714285713
2962,122.54986555045352,0.0004714318418296669,0.5918519548021304,0.00027901785714285713
2963,122.59122561307602,0.00047143108296667603,0.591852907506695,0.00027901785714285713
2964,122.63258567569852,0.0004714323881506782,0.5918512689324987,0.00027901785714285713
2965,122.673945738321,0.0004714358395163264,0.5918469360096125,0.00027901785714285713
2966,122.71530580094351,0.0004714414859664473,0.5918398474645801,0.00027901785714285713
2967,122.756665863566,0.0004714493365778824,0.5918299921008883,0.00027901785714285713
2968,122.79802592618847,0.00047145935565428735,0.591817415004181,0.00027901785714285713
2969,122.83938598881099,0.00047147145988720503,0.5918022210922576,0.00027901785714285713
2970,122.88074605143348,0.0004714855179564518,0.5917845755945961,0.00027901785714285713
2971,122.92210611405598,0.00047150135273812054,0.5917647012517229,0.00027901785714285713
2972,122.96346617667848,0.0004715187461058283,0.5917428722552507,0.00027901785714285713
2973,123.00482623930098,0.0004715374461220485,0.5917194051872577,0.00027901785714285713
2974,123.04618630192346,0.00047155717623656093,0.5916946474437392,0.00027901785714285713
2975,123.08754636454597,0.0004715776459528533,0.5916689638226668,0.00027901785714285713
2976,123.12890642716846,0.00047159856230329935,0.5916427221069692,0.00027901785714285713
2977,123.17026648979093,0.00047161964140067514,0.5916162785633672,0.00027901785714285713
2978,123.21162655241345,0.0004716406193128219,0.5915899643024488,0.00027901785714285713
2979,123.25298661503594,0.0004716612615420781,0.5915640734000904,0.00027901785714285713
2980,123.29434667765844,0.0004716813704784092,0.5915388535694329,0.00027901785714285713
2981,123.33570674028094,0.0004717007903292149,0.5915145000035336,0.00027901785714285713
2982,123.37706680290343,0.00047171940919874206,0.5914911527952478,0.00027901785714285713
2983,123.41842686552592,0.0004717371581835224,0.5914688980983546,0.00027901785714285713
2984,123.45978692814842,0.00047175400755181547,0.5914477729417296,0.00027901785714285713
2985,123.50114699077092,0.00047176996027019764,0.5914277733644905,0.00027901785714285713
2986,123.5425070533934,0.0004717850433143362,0.5914088653229219,0.00027901785714285713
2987,123.58386711601591,0.0004717992973414648,0.5913909976447421,0.00027901785714285713
2988,123.6252271786384,0.00047181276540008343,0.5913741161841142,0.00027901785714285713
2989,123.6665872412609,0.0004718254814019438,0.5913581782692325,0.00027901785714285713
2990,123.7079473038834,0.0004718374590809462,0.591343166535216,0.00027901785714285713
2991,123.74930736650589,0.00047184868211575003,0.5913291012952555,0.00027901785714285713
2992,123.79066742912838,0.00047185909600333065,0.5913160507154612,0.00027901785714285713
2993,123.83202749175088,0.000471868602147753,0.5913041382132269,0.00027901785714285713
2994,123.87338755437338,0.00047187705448392523,0.5912935466803081,0.00027901785714285713
2995,123.91474761699585,0.0004718842587998267,0.5912845193278984,0.00027901785714285713
2996,123.95610767961836,0.0004718899747657532,0.5912773571453005,0.00027901785714285713
2997,123.99746774224086,0.0004718939205346796,0.5912724131447081,0.00027901785714285713
2998,124.03882780486336,0.00047189577965313275,0.5912700837204973,0.00027901785714285713
2999,124.08018786748586,0.0004718952099225509,0.5912707975752721,0.00027901785714285713
3000,124.12154793010833,0.0004718918537811376,0.5912750027515097,0.00027901785714285713
3001,124.16290799273084,0.0004718853497364173,0.5912831523562009,0.00027901785714285713
3002,124.20426805535334,0.0004718753443671987,0.5912956895788438,0.00027901785714285713
3003,124.24562811797584,0.0004718615044281259,0.5913130325836047,0.00027901785714285713
3004,124.28698818059831,0.0004718435286244951,0.5913355598120464,0.00027901785714285713
3005,124.32834824322082,0.00047182115867492935,0.5913635961694802,0.00027901785714285713
3006,124.36970830584332,0.0004717941893387239,0.5913974004934951,0.00027901785714285713
3007,124.41106836846582,0.000471762477147609,0.5914371546246474,0.00027901785714285713
3008,124.4524284310883,0.00047172594764449775,0.5914829543214584,0.00027901785714285713
3009,124.4937884937108,0.0004716846009901444,0.591534802190176,0.00027901785714285713
3010,124.5351485563333,0.000471638515850928,0.5915926027361323,0.00027901785714285713
3011,124.5765086189558,0.0004715878515256798,0.5916561595897334,0.00027901785714285713
3012,124.6178686815783,0.0004715328483070058,0.5917251749154792,0.00027901785714285713
3013,124.65922874420077,0.0004714738261031572,0.5917992509764662,0.00027901785714285713
3014,124.70058880682328,0.0004714111813719855,0.5918778937971079,0.00027901785714285713
3015,124.74194886944578,0.0004713453824402685,0.5919605188414375,0.00027901785714285713
3016,124.78330893206825,0.0004712769633008456,0.5920464586017598,0.00027901785714285713
3017,124.82466899469075,0.00047120651599815106,0.592134971970447,0.00027901785714285713
3018,124.86602905731326,0.00047113468173042516,0.5922252552456034,0.00027901785714285713
3019,124.90738911993576,0.0004710621408140806,0.5923164545990977,0.00027901785714285713
3020,124.94874918255823,0.00047098960167267864,0.5924076798127803,0.00027901785714285713
3021,124.99010924518076,0.00047091778902888114,0.5924980190666468,0.00027901785714285713
3022,125.03146930780323,0.00047084743149199604,0.5925865545421377,0.00027901785714285713
3023,125.07282937042574,0.0004707792487459485,0.5926723785852899,0.00027901785714285713
3024,125.11418943304824,0.00047071393855193565,0.5927546101592062,0.00027901785714285713
3025,125.15554949567071,0.00047065216378702166,0.592832411303048,0.00027901785714285713
3026,125.19690955829321,0.0004705945397440608,0.5929050033062533,0.00027901785714285713
3027,125.23826962091572,0.0004705416219212511,0.59297168230009,0.00027901785714285713
3028,125.27962968353822,0.00047049389453035435,0.5930318339653949,0.00027901785714285713
3029,125.32098974616069,0.0004704517599534757,0.5930849470527011,0.00027901785714285713
3030,125.36234980878321,0.0004704155293780947,0.5931306254105349,0.00027901785714285713
3031,125.4037098714057,0.0004703854148394433,0.5931685982187487,0.00027901785714285713
3032,125.44506993402818,0.0004703615228970992,0.5931987281278911,0.00027901785714285713
3033,125.4864299966507,0.00047034385016716927,0.5932210170148686,0.00027901785714285713
3034,125.52779005927317,0.00047033228092078236,0.5932356090817672,0.00027901785714285713
3035,125.56915012189567,0.00047032658694067523,0.5932427910524462,0.00027901785714285713
3036,125.61051018451818,0.0004703264297982227,0.5932429892629255,0.00027901785714285713
3037,125.65187024714068,0.00047033136567066003,0.5932367634997019,0.00027901785714285713
3038,125.69323030976315,0.0004703408527607039,0.5932247975168202,0.00027901785714285713
3039,125.73459037238567,0.00047035426130833183,0.5932078862573592,0.00027901785714285713
3040,125.77595043500816,0.00047037088609764324,0.593186919916928,0.00027901785714285713
3041,125.81731049763063,0.0004703899612637103,0.5931628651114729,0.00027901785714285713
3042,125.85867056025316,0.0004704106770996358,0.5931367435432583,0.00027901785714285713
3043,125.90003062287563,0.0004704321984585825,0.5931096086898106,0.00027901785714285713
3044,125.94139068549813,0.00047045368424668065,0.5930825211617541,0.00027901785714285713
3045,125.98275074812064,0.00047047430741837143,0.5930565234771454,0.00027901785714285713
3046,126.02411081074314,0.0004704932748229422,0.5930326150737397,0.00027901785714285713
3047,126.06547087336561,0.00047050984621716863,0.593011728417844,0.00027901785714285713
3048,126.10683093598811,0.0004705233517586178,0.5929947070639663,0.00027901785714285713
3049,126.14819099861062,0.00047053320732991336,0.592982286470643,0.00027901785714285713
3050,126.18955106123309,0.00047053892711702893,0.592975078283931,0.00027901785714285713
3051,126.23091112385562,0.00047054013297070745,0.5929735586660934,0.00027901785714285713
3052,126.2722711864781,0.00047053656021486595,0.5929780610787105,0.00027901785714285713
3053,126.3136312491006,0.0004705280597207774,0.5929887737373899,0.00027901785714285713
3054,126.3549913117231,0.00047051459623215805,0.5930057417500096,0.00027901785714285713
3055,126.3963513743456,0.00047049624309267315,0.5930288737457554,0.00027901785714285713
3056,126.43771143696807,0.00047047317368393985,0.5930579526098531,0.00027901785714285713
3057,126.47907149959057,0.0004704456500185607,0.5930926497712306,0.00027901785714285713
3058,126.52043156221308,0.00047041400904141334,0.5931325423565214,0.00027901785714285713
3059,126.56179162483555,0.00047037864726704826,0.5931771324314605,0.00027901785714285713
3060,126.60315168745805,0.00047034000441937104,0.593225867502598,0.00027901785714285713
3061,126.64451175008055,0.0004702985467407583,0.5932781614497729,0.00027901785714285713
3062,126.68587181270306,0.0004702547506052473,0.5933334150983987,0.00027901785714285713
3063,126.72723187532556,0.00047020908700867183,0.5933910357153761,0.00027901785714285713
3064,126.76859193794803,0.00047016200742530493,0.5934504548140993,0.00027901785714285713
3065,126.80995200057053,0.000470113931423276,0.5935111437734402,0.00027901785714285713
3066,126.85131206319303,0.00047006523632832196,0.5935726269023098,0.00027901785714285713
3067,126.89267212581554,0.00047001624912439025,0.5936344917067213,0.00027901785714285713
3068,126.93403218843801,0.0004699672406867585,0.5936963962320674,0.00027901785714285713
3069,126.97539225106051,0.0004699184223626155,0.5937580734546117,0.00027901785714285713
3070,127.01675231368301,0.00046986994484731463,0.5938193327805307,0.00027901785714285713
3071,127.0581123763055,0.00046982189925165923,0.5938800587781919,0.00027901785714285713
3072,127.09947243892799,0.00046977432021467737,0.5939402073220001,0.00027901785714285713
3073,127.14083250155049,0.00046972719088333754,0.5939997993689802,0.00027901785714285713
3074,127.182192564173,0.00046968044955201084,0.594058912626636,0.00027901785714285713
3075,127.2235526267955,0.00046963399772620814,0.5941176714074302,0.00027901785714285713
3076,127.264912689418,0.0004695877093438785,0.5941762350056158,0.00027901785714285713
3077,127.30627275204047,0.00046954144085261426,0.594234784977028,0.00027901785714285713
3078,127.34763281466297,0.000469495041802611,0.5942935117516409,0.00027901785714285713
3079,127.38899287728547,0.0004694483655761896,0.5943526010584728,0.00027901785714285713
3080,127.43035293990795,0.0004694012798394698,0.5944122206873366,0.00027901785714285713
3081,127.47171300253045,0.00046935367627670027,0.5944725081440854,0.00027901785714285713
3082,127.51307306515295,0.0004693054791585554,0.5945335597682009,0.00027901785714285713
3083,127.55443312777545,0.0004692566523090872,0.594595421865379,0.00027901785714285713
3084,127.59579319039794,0.0004692072040763363,0.59465808435768,0.00027901785714285713
3085,127.63715325302046,0.0004691571899810756,0.594721477366918,0.00027901785714285713
3086,127.67851331564293,0.00046910671281708244,0.5947854710227817,0.00027901785714285713
3087,127.71987337826542,0.0004690559201003097,0.5948498786310765,0.00027901785714285713
3088,127.76123344088793,0.00046900499890770045,0.594914463156431,0.00027901785714285713
3089,127.80259350351041,0.0004689541682992027,0.5949789467802274,0.00027901785714285713
3090,127.84395356613291,0.00046890366966843654,0.5950430231014222,0.00027901785714285713
3091,127.88531362875541,0.00046885375550636323,0.595106371370572,0.00027901785714285713
3092,127.92667369137791,0.0004688046771767925,0.5951686720003345,0.00027901785714285713
3093,127.96803375400039,0.00046875667238305084,0.5952296224913337,0.00027901785714285713
3094,128.00939381662292,0.0004687099530438808,0.595288952860652,0.00027901785714285713
3095,128.0507538792454,0.0004686646942892714,0.5953464396672484,0.00027901785714285713
3096,128.09211394186786,0.0004686210252334993,0.5954019177945147,0.00027901785714285713
3097,128.13347400449038,0.000468579022085193,0.5954552892726993,0.00027901785714285713
3098,128.17483406711287,0.00046853870401951153,0.5955065285945682,0.00027901785714285713
3099,128.21619412973538,0.00046850003207448104,0.5955556841850964,0.00027901785714285713
3100,128.25755419235787,0.0004684629111528404,0.5956028759165204,0.00027901785714285713
3101,128.29891425498036,0.00046842719502410385,0.5956482887986462,0.00027901785714285713
3102,128.34027431760285,0.00046839269404139785,0.5956921632048274,0.00027901785714285713
3103,128.38163438022536,0.0004683591851244969,0.5957347822028728,0.00027901785714285713
3104,128.42299444284785,0.00046832642342463143,0.5957764567340497,0.00027901785714285713
3105,128.46435450547034,0.00046829415498599513,0.5958175095121602,0.00027901785714285713
3106,128.50571456809286,0.0004682621296585513,0.5958582585918536,0.00027901785714285713
3107,128.54707463071534,0.0004682301135006439,0.5958990015760134,0.00027901785714285713
3108,128.58843469333783,0.0004681978999386291,0.5959400013956289,0.00027901785714285713
3109,128.62979475596032,0.0004681653190226188,0.5959814745042589,0.00027901785714285713
3110,128.67115481858283,0.00046813224422855677,0.5960235821880963,0.00027901785714285713
3111,128.71251488120532,0.0004680985964022804,0.5960664255080811,0.00027901785714285713
3112,128.7538749438278,0.0004680643446115111,0.5961100441744591,0.00027901785714285713
3113,128.79523500645033,0.00046802950385928065,0.5961544194161478,0.00027901785714285713
3114,128.83659506907279,0.00046799412980547237,0.5961994806619356,0.00027901785714285713
3115,128.8779551316953,0.00046795831083047804,0.5962451156123046,0.00027901785714285713
3116,128.9193151943178,0.0004679221579456943,0.596291183063058,0.00027901785714285713
3117,128.9606752569403,0.00046788579319737564,0.5963375276606329,0.00027901785714285713
3118,129.0020353195628,0.00046784933731418846,0.5963839956355013,0.00027901785714285713
3119,129.04339538218528,0.00046781289740609433,0.5964304504855285,0.00027901785714285713
3120,129.08475544480777,0.00046777655552830585,0.5964767875716537,0.00027901785714285713
3121,129.12611550743028,0.00046774035887647977,0.5965229466472868,0.00027901785714285713
3122,129.16747557005277,0.00046770431228095516,0.5965689214668777,0.00027901785714285713
3123,129.20883563267526,0.00046766837352357424,0.5966147658021874,0.00027901785714285713
3124,129.25019569529775,0.0004676324518206732,0.5966605954238915,0.00027901785714285713
3125,129.29155575792026,0.0004675964096122589,0.5967065858658427,0.00027901785714285713
3126,129.33291582054275,0.0004675600675846963,0.5967529660610171,0.00027901785714285713
3127,129.37427588316524,0.000467523212648072,0.5968000082017056,0.00027901785714285713
3128,129.41563594578773,0.0004674856084042352,0.596848014413291,0.00027901785714285713
3129,129.45699600841024,0.0004674470074912513,0.5968973010231096,0.00027901785714285713
3130,129.49835607103273,0.00046740716508371583,0.5969481813418139,0.00027901785714285713
3131,129.53971613365522,0.000467365852773595,0.597000947944781,0.00027901785714285713
3132,129.5810761962777,0.0004673228720545083,0.5970558554435843,0.00027901785714285713
3133,129.62243625890022,0.0004672780666809018,0.5971131046760534,0.00027901785714285713
3134,129.6637963215227,0.0004672313332670855,0.5971728291247987,0.00027901785714285713
3135,129.7051563841452,0.00046718262961893084,0.5972350842120243,0.00027901785714285713
3136,129.74651644676769,0.000467131980442452,0.5972998399265677,0.00027901785714285713
3137,129.7878765093902,0.0004670794802348871,0.597366977034708,0.00027901785714285713
3138,129.8292365720127,0.00046702529332402233,0.5974362869234888,0.00027901785714285713
3139,129.8705966346352,0.0004669696511686686,0.5975074749388294,0.00027901785714285713
3140,129.9119566972577,0.00046691284715934126,0.5975801669206116,0.00027901785714285713
3141,129.95331675988018,0.0004668552292577801,0.5976539185101296,0.00027901785714285713
3142,129.99467682250267,0.0004667971908839077,0.5977282267155904,0.00027901785714285713
3143,130.03603688512518,0.00046673916049977946,0.5978025431679821,0.00027901785714285713
3144,130.07739694774764,0.00046668159035456627,0.5978762884794114,0.00027901785714285713
3145,130.11875701037016,0.00046662494484608924,0.5979488671247267,0.00027901785714285713
3146,130.16011707299265,0.0004665696889289255,0.5980196822973666,0.00027901785714285713
3147,130.20147713561516,0.000466516276960467,0.598088150237256,0.00027901785714285713
3148,130.24283719823762,0.00046646514232947226,0.5981537135861313,0.00027901785714285713
3149,130.28419726086014,0.0004664166881600271,0.5982158533897192,0.00027901785714285713
3150,130.32555732348263,0.00046637127932915246,0.598274099434699,0.00027901785714285713
3151,130.36691738610511,0.000466329235979757,0.5983280386798848,0.00027901785714285713
3152,130.40827744872763,0.0004662908286524238,0.5983773216153879,0.00027901785714285713
3153,130.44963751135012,0.00046625627509961514,0.5984216664606717,0.00027901785714285713
3154,130.4909975739726,0.0004662257387833024,0.5984608611935562,0.00027901785714285713
3155,130.53235763659512,0.0004661993289932848,0.5984947634853335,0.00027901785714285713
3156,130.5737176992176,0.0004661771024585778,0.5985232987020193,0.00027901785714285713
3157,130.6150777618401,0.0004661590662611976,0.5985464562144078,0.00027901785714285713
3158,130.6564378244626,0.00046614518180306463,0.5985642843364959,0.00027901785714285713
3159,130.6977978870851,0.0004661353695266525,0.5985768842776124,0.00027901785714285713
3160,130.73915794970756,0.00046612951405261815,0.5985844035427474,0.00027901785714285713
3161,130.7805180123301,0.00046612746937661455,0.5985870292433261,0.00027901785714285713
3162,130.82187807495256,0.00046612906376675877,0.5985849817819381,0.00027901785714285713
3163,130.86323813757508,0.0004661341040243876,0.5985785093472998,0.00027901785714285713
3164,130.90459820019757,0.0004661423788146911,0.5985678835988802,0.00027901785714285713
3165,130.94595826282008,0.00046615366083955,0.5985533968355877,0.00027901785714285713
3166,130.98731832544254,0.00046616770770967745,0.5985353608333279,0.00027901785714285713
3167,131.02867838806506,0.00046618426147157613,0.5985141074091563,0.00027901785714285713
3168,131.07003845068755,0.0004662030468526642,0.5984899906307051,0.00027901785714285713
3169,131.11139851331004,0.00046622376839654185,0.5984633904497579,0.00027901785714285713
3170,131.15275857593255,0.00046624610676376094,0.5984347174060819,0.00027901785714285713
3171,131.19411863855504,0.0004662697145643119,0.5984044179313143,0.00027901785714285713
3172,131.23547870117753,0.00046629421215924803,0.5983729796919878,0.00027901785714285713
3173,131.27683876380004,0.00046631918391549506,0.5983409363519128,0.00027901785714285713
3174,131.31819882642253,0.00046634417541590467,0.5983088711122374,0.00027901785714285713
3175,131.35955888904502,0.0004663686921129043,0.5982774184063562,0.00027901785714285713
3176,131.4009189516675,0.00046639219986890256,0.5982472631859749,0.00027901785714285713
3177,131.44227901429002,0.00046641412775044717,0.5982191373331307,0.00027901785714285713
3178,131.48363907691248,0.0004664338733392092,0.5981938128664689,0.00027901785714285713
3179,131.524999139535,0.000466450810695427,0.5981720917729183,0.00027901785714285713
3180,131.56635920215749,0.00046646430096507647,0.5981547924794931,0.00027901785714285713
3181,131.60771926478,0.00046647370546655737,0.5981427331767591,0.00027901785714285713
3182,131.6490793274025,0.0004664784009352938,0.5981367124038832,0.00027901785714285713
3183,131.69043939002498,0.00046647779645277285,0.5981374874958394,0.00027901785714285713
3184,131.73179945264746,0.0004664713514489847,0.5981457516654627,0.00027901785714285713
3185,131.77315951526998,0.0004664585940522813,0.5981621106365218,0.00027901785714285713
3186,131.81451957789247,0.00046643913897632754,0.598187059849233,0.00027901785714285713
3187,131.85587964051496,0.00046641270408579106,0.5982209633199338,0.00027901785714285713
3188,131.89723970313744,0.00046637912477675956,0.5982640352447461,0.00027901785714285713
3189,131.93859976575996,0.0004663383653481155,0.5983163253886992,0.00027901785714285713
3190,131.97995982838245,0.0004662905266261825,0.5983777091970415,0.00027901785714285713
3191,132.02131989100496,0.00046623584923703574,0.5984478834037569,0.00027901785714285713
3192,132.06267995362742,0.0004661747120944627,0.5985263676986381,0.00027901785714285713
3193,132.10404001624994,0.0004661076258795558,0.5986125127567781,0.00027901785714285713
3194,132.14540007887243,0.0004660352215222429,0.5987055146421808,0.00027901785714285713
3195,132.18676014149494,0.0004659582339432998,0.5988044352850936,0.00027901785714285713
3196,132.2281202041174,0.00046587748156486016,0.5989082284158691,0.00027901785714285713
3197,132.26948026673992,0.0004657938423334788,0.5990157700348003,0.00027901785714285713
3198,132.3108403293624,0.00046570822720851443,0.5991258922250707,0.00027901785714285713
3199,132.3522003919849,0.00046562155223487463,0.5992374188944576,0.00027901785714285713
3200,132.39356045460738,0.0004655347104322175,0.5993492018754261,0.00027901785714285713
3201,132.4349205172299,0.00046544854478186814,0.5994601557377701,0.00027901785714285713
3202,132.47628057985239,0.0004653638235721272,0.599569289682037,0.00027901785714285713
3203,132.5176406424749,0.00046528121927070923,0.5996757349892504,0.00027901785714285713
3204,132.55900070509736,0.00046520129193171426,0.5997787667017345,0.00027901785714285713
3205,132.60036076771988,0.0004651244779209988,0.5998778184928125,0.00027901785714285713
3206,132.64172083034236,0.00046505108446983723,0.5999724900350253,0.00027901785714285713
3207,132.68308089296488,0.0004649812902571058,0.6000625465781163,0.00027901785714285713
3208,132.72444095558734,0.0004649151518929788,0.6001479108753283,0.00027901785714285713
3209,132.76580101820986,0.00046485261585220585,0.6002286480228551,0.00027901785714285713
3210,132.80716108083237,0.00046479353510269015,0.6003049441752922,0.00027901785714285713
3211,132.84852114345486,0.00046473768941399443,0.6003770804444147,0.00027901785714285713
3212,132.88988120607732,0.0004646848081284719,0.6004454035556006,0.00027901785714285713
3213,132.93124126869984,0.00046463459404783415,0.600510295008581,0.00027901785714285713
3214,132.97260133132232,0.0004645867470394957,0.6005721405547049,0.00027901785714285713
3215,133.01396139394484,0.0004645409860037675,0.6006313017568579,0.00027901785714285713
3216,133.05532145656733,0.0004644970679637737,0.6006880912424142,0.00027901785714285713
3217,133.09668151918981,0.000464454803236988,0.6007427530047273,0.00027901785714285713
3218,133.1380415818123,0.00046441406590886226,0.6007954487700902,0.00027901785714285713
3219,133.17940164443482,0.0004643747991382388,0.6008462510468766,0.00027901785714285713
3220,133.2207617070573,0.0004643370151605305,0.6008951430382847,0.00027901785714285713
3221,133.2621217696798,0.0004643007901965888,0.6009420251572665,0.00027901785714285713
3222,133.30348183230228,0.0004642662547990258,0.6009867274623264,0.00027901785714285713
3223,133.34484189492477,0.00046423358045224523,0.6010290269632038,0.00027901785714285713
3224,133.38620195754729,0.00046420296346782954,0.6010686684515184,0.00027901785714285713
3225,133.4275620201698,0.0004641746073681682,0.6011053873129024,0.00027901785714285713
3226,133.46892208279226,0.0004641487050179445,0.6011389326876825,0.00027901785714285713
3227,133.51028214541475,0.0004641254217409843,0.6011690893729355,0.00027901785714285713
3228,133.55164220803726,0.00046410488055215096,0.6011956969961324,0.00027901785714285713
3229,133.59300227065978,0.0004640871504480198,0.6012186652302252,0.00027901785714285713
3230,133.63436233328224,0.0004640722384518526,0.6012379841415685,0.00027901785714285713
3231,133.67572239590476,0.00046406008581624286,0.6012537291417512,0.00027901785714285713
3232,133.71708245852724,0.00046405056847433816,0.6012660604213584,0.00027901785714285713
3233,133.75844252114976,0.00046404350152064264,0.6012752171478157,0.00027901785714285713
3234,133.79980258377225,0.00046403864722038374,0.6012815070774579,0.00027901785714285713
3235,133.84116264639474,0.0004640357258117408,0.6012852925381323,0.00027901785714285713
3236,133.88252270901722,0.00046403442819599363,0.601286973959201,0.00027901785714285713
3237,133.92388277163974,0.00046403442951777453,0.6012869722464624,0.00027901785714285713
3238,133.96524283426223,0.00046403540262579914,0.6012857113142697,0.00027901785714285713
3239,134.00660289688471,0.0004640370304718167,0.6012836019986627,0.00027901785714285713
3240,134.0479629595072,0.00046403901664321975,0.6012810283954686,0.00027901785714285713
3241,134.0893230221297,0.00046404109341877456,0.6012783374145209,0.00027901785714285713
3242,134.1306830847522,0.00046404302696822965,0.6012758320403765,0.00027901785714285713
3243,134.17204314737472,0.00046404461956462095,0.6012737684678666,0.00027901785714285713
3244,134.21340320999718,0.0004640457089211048,0.6012723569657976,0.00027901785714285713
3245,134.25476327261967,0.00046404616498174725,0.6012717660404153,0.00027901785714285713
3246,134.29612333524216,0.00046404588467160546,0.6012721292428046,0.00027901785714285713
3247,134.3374833978647,0.00046404478523260896,0.6012735538079488,0.00027901785714285713
3248,134.37884346048716,0.0004640427968321116,0.6012761302354714,0.00027901785714285713
3249,134.42020352310968,0.00046403985512911294,0.6012799419248679,0.00027901785714285713
3250,134.46156358573216,0.00046403589442433295,0.6012850740544482,0.00027901785714285713
3251,134.50292364835468,0.0004640308419137194,0.6012916210313817,0.00027901785714285713
3252,134.54428371097714,0.00046402461342459335,0.6012996920220465,0.00027901785714285713
3253,134.58564377359966,0.0004640171108548233,0.6013094142775119,0.00027901785714285713
3254,134.62700383622214,0.0004640082213739953,0.6013209341779441,0.00027901785714285713
3255,134.66836389884463,0.0004639978182975045,0.601334416111322,0.00027901785714285713
3256,134.70972396146715,0.0004639857634214535,0.6013500394610515,0.00027901785714285713
3257,134.75108402408964,0.0004639719105181941,0.6013679940909177,0.00027901785714285713
3258,134.79244408671212,0.0004639561096430388,0.6013884747794991,0.00027901785714285713
3259,134.8338041493346,0.00046393821189369226,0.6014116750676098,0.00027901785714285713
3260,134.87516421195713,0.0004639180742898596,0.601437780948635,0.00027901785714285713
3261,134.91652427457961,0.0004638955644955409,0.6014669647602098,0.00027901785714285713
3262,134.9578843372021,0.00046387056517966095,0.6014993795409096,0.00027901785714285713
3263,134.9992443998246,0.00046384297789132077,0.6015351540111739,0.00027901785714285713
3264,135.04060446244708,0.00046381272640327485,0.6015743882375865,0.00027901785714285713
3265,135.08196452506962,0.00046377975954125513,0.6016171499567939,0.00027901785714285713
3266,135.12332458769208,0.0004637440535602401,0.6016634714791289,0.00027901785714285713
3267,135.16468465031457,0.00046370561414731495,0.6017133470681159,0.00027901785714285713
3268,135.20604471293706,0.00046366447812400856,0.6017667307009723,0.00027901785714285713
3269,135.2474047755596,0.00046362071489037686,0.6018235341551357,0.00027901785714285713
3270,135.28876483818206,0.0004635744276055385,0.6018836254278398,0.00027901785714285713
3271,135.33012490080458,0.0004635257540412696,0.6019468275715594,0.00027901785714285713
3272,135.37148496342704,0.00046347486698705405,0.6020129181042535,0.00027901785714285713
3273,135.41284502604955,0.00046342197403484664,0.6020816292191544,0.00027901785714285713
3274,135.45420508867207,0.000463367316539329,0.6021526490618919,0.00027901785714285713
3275,135.49556515129456,0.0004633111675411327,0.60222562435447,0.00027901785714285713
3276,135.53692521391704,0.00046325382846000503,0.6023001646211891,0.00027901785714285713
3277,135.57828527653953,0.00046319562441474285,0.6023758482075514,0.00027901785714285713
3278,135.61964533916202,0.00046313689810297204,0.6024522301844787,0.00027901785714285713
3279,135.66100540178454,0.0004630780022732004,0.6025288521009167,0.00027901785714285713
3280,135.70236546440702,0.000463019290934349,0.6026052534005949,0.00027901785714285713
3281,135.7437255270295,0.000462961109565681,0.602680984164335,0.00027901785714285713
3282,135.785085589652,0.0004629037847010359,0.6027556186931144,0.00027901785714285713
3283,135.82644565227451,0.00046284761335535615,0.6028287693224816,0.00027901785714285713
3284,135.867805714897,0.00046279285282872855,0.6029000997690791,0.00027901785714285713
3285,135.9091657775195,0.0004627397114560726,0.6029693372649821,0.00027901785714285713
3286,135.95052584014198,0.00046268834086515034,0.6030362827408621,0.00027901785714285713
3287,135.99188590276447,0.00046263883025871835,0.6031008183788289,0.00027901785714285713
3288,136.03324596538698,0.00046259120315279785,0.6031629119646168,0.00027901785714285713
3289,136.0746060280095,0.0004625454168850142,0.6032226176229072,0.00027901785714285713
3290,136.11596609063196,0.00046250136506460196,0.6032800727061294,0.00027901785714285713
3291,136.15732615325444,0.0004624588829778443,0.6033354908142708,0.00027901785714285713
3292,136.19868621587696,0.0004624177558008618,0.6033891511359156,0.00027901785714285713
3293,136.24004627849948,0.00046237772931671014,0.6034413845043587,0.00027901785714285713
3294,136.28140634112194,0.0004623385226955736,0.6034925567441332,0.00027901785714285713
3295,136.32276640374445,0.0004622998427842788,0.6035430500309605,0.00027901785714285713
3296,136.36412646636694,0.0004622613992696318,0.603593243095146,0.00027901785714285713
3297,136.40548652898946,0.0004622229200336636,0.6036434911590631,0.00027901785714285713
3298,136.44684659161194,0.00046218416600752894,0.6036941065140513,0.00027901785714285713
3299,136.48820665423443,0.000462144944853629,0.6037453406121924,0.00027901785714285713
3300,136.52956671685692,0.0004621051228589686,0.6037973684788851,0.00027901785714285713
3301,136.57092677947944,0.000462064634501193,0.6038502761503526,0.00027901785714285713
3302,136.61228684210192,0.000462023489248337,0.6039040517112874,0.00027901785714285713
3303,136.6536469047244,0.0004619817752664205,0.6039585803616392,0.00027901785714285713
3304,136.6950069673469,0.0004619396598321405,0.6040136437824943,0.00027901785714285713
3305,136.7363670299694,0.00046189738637556567,0.6040689239059465,0.00027901785714285713
3306,136.7777270925919,0.0004618552682062163,0.6041240110273614,0.00027901785714285713
3307,136.81908715521442,0.0004618136791024991,0.6041784160337299,0.00027901785714285713
3308,136.86044721783688,0.0004617730410656725,0.6042315863631713,0.00027901785714285713
3309,136.90180728045937,0.00046173380965345515,0.6042829251604258,0.00027901785714285713
3310,136.94316734308188,0.0004616964574115919,0.6043318129558856,0.00027901785714285713
3311,136.9845274057044,0.00046166145601144983,0.6043776310750472,0.00027901785714285713
3312,137.02588746832686,0.00046162925777366604,0.6044197858872669,0.00027901785714285713
3313,137.06724753094937,0.00046160027730849566,0.6044577329323928,0.00027901785714285713
3314,137.10860759357186,0.00046157487402758384,0.6044909999286118,0.00027901785714285713
3315,137.14996765619438,0.0004615533362764836,0.6045192076690298,0.00027901785714285713
3316,137.19132771881684,0.0004615358677979459,0.6045420878643549,0.00027901785714285713
3317,137.23268778143935,0.00046152257716208594,0.604559497085809,0.00027901785714285713
3318,137.27404784406184,0.00046151347069039273,0.6045714261069464,0.00027901785714285713
3319,137.31540790668433,0.0004615084492592699,0.6045780041312055,0.00027901785714285713
3320,137.35676796930684,0.0004615073092002778,0.6045794976169561,0.00027901785714285713
3321,137.39812803192933,0.0004615097473258274,0.6045763036633538,0.00027901785714285713
3322,137.43948809455182,0.00046151536991129833,0.604568938183973,0.00027901785714285713
3323,137.4808481571743,0.0004615237052674007,0.6045580193572027,0.00027901785714285713
3324,137.52220821979682,0.0004615342193535387,0.6045442470845859,0.00027901785714285713
3325,137.5635682824193,0.0004615463337247824,0.6045283793961063,0.00027901785714285713
3326,137.6049283450418,0.00046155944498284035,0.6045112069004034,0.00027901785714285713
3327,137.6462884076643,0.0004615729448243574,0.6044935264761498,0.00027901785714285713
3328,137.6876484702868,0.00046158623975273155,0.604476115432568,0.00027901785714285713
3329,137.72900853290932,0.0004615987695464883,0.6044597073276142,0.00027901785714285713
3330,137.77036859553178,0.0004616100236557253,0.6044449705254933,0.00027901785714285713
3331,137.81172865815427,0.00046161955482467527,0.6044324904061508,0.00027901785714285713
3332,137.85308872077678,0.00046162698940458986,0.604422755919745,0.00027901785714285713
3333,137.89444878339924,0.0004616320340168795,0.6044161509221756,0.00027901785714285713
3334,137.93580884602176,0.00046163447843877936,0.604412950450493,0.00027901785714285713
3335,137.97716890864427,0.00046163419479954254,0.6044133218164576,0.00027901785714285713
3336,138.01852897126676,0.00046163113338022006,0.6044173301306469,0.00027901785714285713
3337,138.05988903388925,0.0004616253154917038,0.6044249476345531,0.00027901785714285713
3338,138.10124909651176,0.0004616168240526162,0.6044360660283343,0.00027901785714285713
3339,138.14260915913425,0.00046160579259162994,0.6044505108489759,0.00027901785714285713
3340,138.18396922175674,0.00046159239345254483,0.6044680568843521,0.00027901785714285713
3341,138.22532928437923,0.000461576825981611,0.6044884436073771,0.00027901785714285713
3342,138.26668934700172,0.0004615593054272231,0.6045113896785071,0.00027901785714285713
3343,138.30804940962423,0.0004615400531855512,0.6045366056901775,0.00027901785714285713
3344,138.34940947224672,0.00046151928889028737,0.6045638045026227,0.00027901785714285713
3345,138.3907695348692,0.000461497224680164,0.6045927087345491,0.00027901785714285713
3346,138.4321295974917,0.0004614740617963642,0.6046230552086371,0.00027901785714285713
3347,138.47348966011424,0.0004614499894767852,0.6046545963934714,0.00027901785714285713
3348,138.5148497227367,0.00046142518593777826,0.6046870991140085,0.00027901785714285713
3349,138.5562097853592,0.0004613998210797389,0.6047203410047214,0.00027901785714285713
3350,138.59756984798167,0.0004613740604306618,0.6047541053400632,0.00027901785714285713
3351,138.63892991060416,0.00046134806976028835,0.604788174984306,0.00027901785714285713
3352,138.68028997322668,0.00046132201976145046,0.6048223262508415,0.00027901785714285713
3353,138.7216500358492,0.000461296090206609,0.604856323447026,0.00027901785714285713
3354,138.76301009847168,0.00046127047304467353,0.6048899148067398,0.00027901785714285713
3355,138.80437016109414,0.00046124537400032257,0.6049228303862881,0.00027901785714285713
3356,138.84573022371666,0.0004612210123681736,0.6049547823292335,0.00027901785714285713
3357,138.88709028633917,0.0004611976188452787,0.6049854677078489,0.00027901785714285713
3358,138.92845034896166,0.0004611754314078873,0.6050145739357033,0.00027901785714285713
3359,138.96981041158415,0.0004611546893976224,0.6050417865365757,0.00027901785714285713
3360,139.01117047420664,0.00046113562612819903,0.6050667988625285,0.00027901785714285713
3361,139.05253053682915,0.0004611184604449593,0.6050893231939078,0.00027901785714285713
3362,139.09389059945164,0.00046110338775767594,0.6051091025370857,0.00027901785714285713
3363,139.13525066207413,0.0004610905711167494,0.6051259223694015,0.00027901785714285713
3364,139.17661072469662,0.00046108013291127676,0.6051396215688761,0.00027901785714285713
3365,139.2179707873191,0.0004610721477355472,0.605150101807691,0.00027901785714285713
3366,139.25933084994162,0.0004610666369008688,0.6051573347798902,0.00027901785714285713
3367,139.3006909125641,0.0004610635649703376,0.6051613667647057,0.00027901785714285713
3368,139.3420509751866,0.00046106283857077845,0.605162320189951,0.00027901785714285713
3369,139.38341103780908,0.0004610643076012911,0.6051603920382836,0.00027901785714285713
3370,139.4247711004316,0.0004610677688186255,0.6051558491233789,0.00027901785714285713
3371,139.46613116305411,0.00046107297164783796,0.6051490204374149,0.00027901785714285713
3372,139.50749122567657,0.00046107962594962355,0.6051402869259331,0.00027901785714285713
3373,139.54885128829906,0.0004610874113807768,0.6051300691712828,0.00027901785714285713
3374,139.59021135092158,0.00046109598791628715,0.6051188135549628,0.00027901785714285713
3375,139.6315714135441,0.00046110500706249605,0.6051069775198523,0.00027901785714285713
3376,139.67293147616655,0.0004611141232815399,0.6050950145643202,0.00027901785714285713
3377,139.71429153878907,0.00046112300516463757,0.6050833595761237,0.00027901785714285713
3378,139.75565160141156,0.00046113134593349587,0.6050724150578498,0.00027901785714285713
3379,139.79701166403407,0.00046113887290818854,0.6050625387168538,0.00027901785714285713
3380,139.83837172665656,0.0004611453556519418,0.6050540327970931,0.00027901785714285713
3381,139.87973178927905,0.0004611506125812329,0.6050471354273814,0.00027901785714285713
3382,139.92109185190154,0.00046115451590802954,0.6050420141575782,0.00027901785714285713
3383,139.96245191452402,0.0004611569948551658,0.6050387617572351,0.00027901785714285713
3384,140.00381197714654,0.0004611580371511089,0.6050373942662753,0.00027901785714285713
3385,140.04517203976903,0.0004611576888652193,0.6050378512162347,0.00027901785714285713
3386,140.08653210239152,0.0004611560526864676,0.6050399978866954,0.00027901785714285713
3387,140.127892165014,0.00046115328477921237,0.6050436294223586,0.00027901785714285713
3388,140.16925222763652,0.0004611495903683121,0.6050484766125682,0.00027901785714285713
3389,140.210612290259,0.0004611452182161945,0.6050542131221834,0.00027901785714285713
3390,140.2519723528815,0.000461140454157624,0.6050604639589592,0.00027901785714285713
3391,140.29333241550398,0.000461135613857324,0.60506681496343,0.00027901785714285713
3392,140.3346924781265,0.0004611310349532388,0.6050728231101407,0.00027901785714285713
3393,140.37605254074901,0.0004611270687460788,0.6050780274113539,0.00027901785714285713
3394,140.41741260337147,0.0004611240715956554,0.6050819602137769,0.00027901785714285713
3395,140.45877266599396,0.00046112239618643805,0.605084158675404,0.00027901785714285713
3396,140.50013272861648,0.00046112238282944805,0.6050841762024279,0.00027901785714285713
3397,140.54149279123894,0.0004611243509735318,0.605081593617407,0.00027901785714285713
3398,140.58285285386145,0.0004611285911056325,0.6050760298203706,0.00027901785714285713
3399,140.62421291648397,0.0004611353572246859,0.605067151697299,0.00027901785714285713
3400,140.66557297910646,0.0004611448600757535,0.605054683027416,0.00027901785714285713
3401,140.70693304172894,0.00046115726132810636,0.6050384121444858,0.00027901785714285713
3402,140.74829310435146,0.00046117266887159123,0.6050181981199471,0.00027901785714285713
3403,140.78965316697395,0.0004611911333889829,0.6049939752582468,0.00027901785714285713
3404,140.83101322959644,0.00046121264633701246,0.6049657557285976,0.00027901785714285713
3405,140.87237329221892,0.00046123713943655153,0.6049336302009549,0.00027901785714285713
3406,140.9137333548414,0.0004612644857327231,0.6048977664075624,0.00027901785714285713
3407,140.95509341746393,0.0004612945022403006,0.6048584056124504,0.00027901785714285713
3408,140.99645348008642,0.00046132695414051423,0.6048158570372021,0.00027901785714285713
3409,141.0378135427089,0.0004613615604438855,0.6047704903598997,0.00027901785714285713
3410,141.07917360533142,0.00046139800098293006,0.6047227264714129,0.00027901785714285713
3411,141.12053366795394,0.00046143592454937,0.6046730267378747,0.00027901785714285713
3412,141.1618937305764,0.00046147495794686275,0.60462188107504,0.00027901785714285713
3413,141.20325379319888,0.0004615147156913086,0.6045697951904152,0.00027901785714285713
3414,141.2446138558214,0.0004615548100611922,0.6045172773865478,0.00027901785714285713
3415,141.28597391844386,0.0004615948611783061,0.6044648253462194,0.00027901785714285713
3416,141.32733398106637,0.0004616345067878002,0.6044129133334338,0.00027901785714285713
3417,141.3686940436889,0.0004616734114053939,0.6043619802437625,0.00027901785714285713
3418,141.41005410631138,0.0004617112745098483,0.604312418922544,0.00027901785714285713
3419,141.45141416893384,0.0004617478374807358,0.6042645671394137,0.00027901785714285713
3420,141.49277423155635,0.00046178288901556363,0.6042187005622317,0.00027901785714285713
3421,141.53413429417887,0.0004618162688066516,0.6041750280124354,0.00027901785714285713
3422,141.57549435680136,0.000461847869316008,0.6041336892082663,0.00027901785714285713
3423,141.61685441942385,0.00046187763555575247,0.6040947551122062,0.00027901785714285713
3424,141.65821448204633,0.00046190556286009656,0.6040582308972255,0.00027901785714285713
3425,141.69957454466885,0.00046193169272052515,0.6040240614355653,0.00027901785714285713
3426,141.74093460729134,0.0004619561068449442,0.6039921390984222,0.00027901785714285713
3427,141.78229466991382,0.00046197891969001207,0.6039623135403628,0.00027901785714285713
3428,141.8236547325363,0.0004620002697985881,0.6039344030350821,0.00027901785714285713
3429,141.8650147951588,0.00046202031034497834,0.6039082068373183,0.00027901785714285713
3430,141.90637485778132,0.0004620391993451071,0.6038835179749601,0.00027901785714285713
3431,141.9477349204038,0.00046205709001978854,0.6038601358349628,0.00027901785714285713
3432,141.98909498302632,0.0004620741218047335,0.6038378778995256,0.00027901785714285713
3433,142.03045504564878,0.0004620904124766978,0.6038165900205242,0.00027901785714285713
3434,142.0718151082713,0.0004621060518113008,0.603796154690467,0.00027901785714285713
3435,142.1131751708938,0.0004621210971061561,0.6037764968751527,0.00027901785714285713
3436,142.1545352335163,0.00046213557079699427,0.6037575871116473,0.00027901785714285713
3437,142.19589529613876,0.00046214946027058957,0.6037394417370769,0.00027901785714285713
3438,142.23725535876127,0.0004621627198446224,0.6037221202884172,0.00027901785714285713
3439,142.2786154213838,0.0004621752747505666,0.603705720288567,0.00027901785714285713
3440,142.31997548400628,0.0004621870268300948,0.6036903697979114,0.00027901785714285713
3441,142.36133554662877,0.0004621978615486925,0.6036762182497952,0.00027901785714285713
3442,142.40269560925125,0.00046220765584943435,0.6036634261933301,0.00027901785714285713
3443,142.44405567187377,0.00046221628632137405,0.6036521546297463,0.00027901785714285713
3444,142.48541573449626,0.00046222363714480425,0.6036425546438404,0.00027901785714285713
3445,142.52677579711875,0.0004622296073000168,0.6036347579997328,0.00027901785714285713
3446,142.56813585974123,0.0004622341165858613,0.6036288692918858,0.00027901785714285713
3447,142.60949592236372,0.00046223711008377993,0.6036249601255198,0.00027901785714285713
3448,142.65085598498624,0.00046223856081651266,0.6036230656524875,0.00027901785714285713
3449,142.69221604760872,0.00046223847047791315,0.6036231836228985,0.00027901785714285713
3450,142.7335761102312,0.00046223686824409396,0.6036252759386468,0.00027901785714285713
3451,142.7749361728537,0.000462233807805015,0.603629272527283,0.00027901785714285713
3452,142.81629623547622,0.00046222936287134607,0.603635077204122,0.00027901785714285713
3453,142.8576562980987,0.0004622236215069774,0.603642575066115,0.00027901785714285713
3454,142.89901636072122,0.00046221667970555074,0.6036516408724192,0.00027901785714285713
3455,142.94037642334368,0.00046220863466814435,0.6036621478159659,0.00027901785714285713
3456,142.9817364859662,0.0004621995782454135,0.6036739760820539,0.00027901785714285713
3457,143.0230965485887,0.000462189590984244,0.6036870206200053,0.00027901785714285713
3458,143.0644566112112,0.0004621787371673445,0.6037011976209349,0.00027901785714285713
3459,143.10581667383366,0.00046216706116080286,0.6037164492901362,0.00027901785714285713
3460,143.14717673645617,0.00046215458529471194,0.6037327466196832,0.00027901785714285713
3461,143.18853679907863,0.0004621413094020651,0.6037500899970626,0.00027901785714285713
3462,143.22989686170118,0.0004621272120390793,0.6037685076187685,0.00027901785714285713
3463,143.27125692432367,0.00046211225331129624,0.6037880518067548,0.00027901785714285713
3464,143.31261698694615,0.0004620963791406,0.6038087934421179,0.00027901785714285713
3465,143.35397704956864,0.0004620795267322356,0.6038308148297199,0.00027901785714285713
3466,143.39533711219116,0.00046206163094192527,0.6038542013845027,0.00027901785714285713
3467,143.43669717481365,0.000462042631201119,0.6038790325852109,0.00027901785714285713
3468,143.47805723743613,0.0004620224786352415,0.6039053726715682,0.00027901785714285713
3469,143.51941730005862,0.0004620011430030221,0.6039332615699438,0.00027901785714285713
3470,143.5607773626811,0.0004619786190938846,0.6039627065211742,0.00027901785714285713
3471,143.60213742530362,0.00046195493224221906,0.6039936748560536,0.00027901785714285713
3472,143.6434974879261,0.0004619301426511515,0.6040260883203951,0.00027901785714285713
3473,143.6848575505486,0.0004619043482612878,0.6040598192962315,0.00027901785714285713
3474,143.72621761317112,0.0004618776859513034,0.6040946891993274,0.00027901785714285713
3475,143.76757767579363,0.00046185033091685173,0.6041304692560446,0.00027901785714285713
3476,143.8089377384161,0.00046182249413991694,0.6041668837774801,0.00027901785714285713
3477,143.85029780103858,0.00046179441793428187,0.604203615953115,0.00027901785714285713
3478,143.8916578636611,0.00046176636963178656,0.6042403160831018,0.00027901785714285713
3479,143.93301792628355,0.00046173863355786676,0.6042766120584745,0.00027901785714285713
3480,143.9743779889061,0.00046171150153128673,0.6043121217848851,0.00027901785714285713
3481,144.0157380515286,0.00046168526220826257,0.6043464671328287,0.00027901785714285713
3482,144.05709811415107,0.00046166018967098993,0.6043792888914766,0.00027901785714285713
3483,144.09845817677353,0.00046163653172898704,0.6044102621121418,0.00027901785714285713
3484,144.13981823939605,0.0004616144984537027,0.6044391111576861,0.00027901785714285713
3485,144.18117830201857,0.00046159425149459865,0.604465623736482,0.00027901785714285713
3486,144.22253836464105,0.00046157589472556576,0.6044896631977495,0.00027901785714285713
3487,144.26389842726354,0.0004615594667388812,0.6045111784061974,0.00027901785714285713
3488,144.30525848988603,0.0004615449356387489,0.6045302105995685,0.00027901785714285713
3489,144.34661855250855,0.00046153219648975883,0.6045468967603183,0.00027901785714285713
3490,144.38797861513103,0.00046152107165068257,0.604561469197751,0.00027901785714285713
3491,144.42933867775352,0.00046151131407842473,0.6045742512293936,0.00027901785714285713
3492,144.470698740376,0.0004615026135292123,0.6045856490587258,0.00027901785714285713
3493,144.5120588029985,0.0004614946054265035,0.6045961401542165,0.00027901785714285713
3494,144.553418865621,0.00046148688201740783,0.6046062586288905,0.00027901785714285713
3495,144.5947789282435,0.00046147900531435734,0.6046165782835374,0.00027901785714285713
3496,144.63613899086602,0.0004614705212255114,0.6046276940981604,0.00027901785714285713
3497,144.67749905348848,0.0004614609742223144,0.6046402030270861,0.00027901785714285713
3498,144.718859116111,0.0004614499218807952,0.6046546849669527,0.00027901785714285713
3499,144.7602191787335,0.0004614369486642716,0.604671684724282,0.00027901785714285713
3500,144.801579241356,0.0004614216783853389,0.6046916957157915,0.00027901785714285713
3501,144.84293930397845,0.0004614037848882432,0.6047151459982891,0.00027901785714285713
3502,144.88429936660097,0.00046138300061976145,0.6047423870581732,0.00027901785714285713
3503,144.9256594292235,0.0004613591228953761,0.6047736856091841,0.00027901785714285713
3504,144.96701949184597,0.00046133201780794165,0.6048092184640343,0.00027901785714285713
3505,145.00837955446846,0.00046130162185648466,0.6048490703760462,0.00027901785714285713
3506,145.04973961709095,0.00046126794148350055,0.6048932346035099,0.00027901785714285713
3507,145.09109967971347,0.00046123105079439906,0.6049416158393761,0.00027901785714285713
3508,145.13245974233595,0.00046119108778767124,0.6049940350783942,0.00027901785714285713
3509,145.17381980495844,0.00046114824944838457,0.6050502359634069,0.00027901785714285713
3510,145.21517986758093,0.00046110278605216603,0.6051098921603371,0.00027901785714285713
3511,145.25653993020342,0.00046105499499801906,0.605172615349403,0.00027901785714285713
3512,145.29789999282593,0.00046100521443880646,0.6052379634848877,0.00027901785714285713
3513,145.33926005544842,0.00046095381691934874,0.6053054490525583,0.00027901785714285713
3514,145.38062011807094,0.00046090120316784995,0.6053745471374806,0.00027901785714285713
3515,145.4219801806934,0.00046084779612447826,0.6054447031954395,0.00027901785714285713
3516,145.46334024331588,0.00046079403523694796,0.6055153404912924,0.00027901785714285713
3517,145.5047003059384,0.0004607403710106533,0.6055858672224007,0.00027901785714285713
3518,145.54606036856092,0.00046068725977166657,0.6056556833830147,0.00027901785714285713
3519,145.58742043118338,0.00046063515858573237,0.6057241874448169,0.00027901785714285713
3520,145.6287804938059,0.00046058452027429727,0.6057907829309817,0.00027901785714285713
3521,145.6701405564284,0.0004605357884762975,0.6058548849504177,0.00027901785714285713
3522,145.7115006190509,0.00046048939272049053,0.6059159267371363,0.00027901785714285713
3523,145.75286068167335,0.000460445743493774,0.6059733662118866,0.00027901785714285713
3524,145.79422074429587,0.00046040522731332126,0.606026692553115,0.00027901785714285713
3525,145.83558080691836,0.0004603682018326766,0.6060754327343132,0.00027901785714285713
3526,145.87694086954087,0.00046033499103257427,0.6061191579571088,0.00027901785714285713
3527,145.91830093216336,0.0004603058805647823,0.6061574898858779,0.00027901785714285713
3528,145.95966099478585,0.00046028111333171055,0.6061901065703243,0.00027901785714285713
3529,146.00102105740834,0.0004602608853967176,0.6062167479262556,0.00027901785714285713
3530,146.04238112003085,0.00046024534232807753,0.6062372206343032,0.00027901785714285713
3531,146.08374118265334,0.0004602345760863361,0.6062514023077565,0.00027901785714285713
3532,146.12510124527583,0.00046022862256811796,0.6062592447768934,0.00027901785714285713
3533,146.16646130789832,0.0004602274599194022,0.6062607763381186,0.00027901785714285713
3534,146.2078213705208,0.00046023100772734634,0.6062561028225093,0.00027901785714285713
3535,146.24918143314332,0.00046023912719033355,0.6062454073520531,0.00027901785714285713
3536,146.29054149576584,0.0004602516223496575,0.6062289486746983,0.00027901785714285713
3537,146.3319015583883,0.00046026824244186477,0.6062070580029192,0.00027901785714285713
3538,146.3732616210108,0.0004602886853986454,0.6061801343241932,0.00027901785714285713
3539,146.41462168363333,0.00046031260247902727,0.6061486382084655,0.00027901785714285713
3540,146.45598174625582,0.00046033960397012287,0.6061130842024317,0.00027901785714285713
3541,146.49734180887828,0.0004603692658381601,0.6060740319727254,0.00027901785714285713
3542,146.5387018715008,0.0004604011371544131,0.6060320764352888,0.00027901785714285713
3543,146.58006193412328,0.0004604347480657544,0.6059878371799402,0.00027901785714285713
3544,146.6214219967458,0.00046046961803116897,0.6059419475618271,0.00027901785714285713
3545,146.66278205936828,0.0004605052640089327,0.6058950438782494,0.00027901785714285713
3546,146.70414212199077,0.0004605412082589475,0.6058477550742308,0.00027901785714285713
3547,146.74550218461326,0.0004605769854260003,0.6058006934167278,0.00027901785714285713
3548,146.78686224723575,0.0004606121485937706,0.605754446543989,0.00027901785714285713
3549,146.82822230985826,0.0004606462740486831,0.605709571230287,0.00027901785714285713
3550,146.86958237248075,0.000460678964566184,0.6056665891085454,0.00027901785714285713
3551,146.91094243510324,0.00046070985112493774,0.6056259844706285,0.00027901785714285713
3552,146.95230249772573,0.00046073859306373596,0.6055882041213322,0.00027901785714285713
3553,146.99366256034824,0.0004607648768121204,0.605553659109803,0.00027901785714285713
3554,147.03502262297073,0.00046078841344160556,0.6055227280106432,0.00027901785714285713
3555,147.07638268559322,0.00046080893538878016,0.6054957612908535,0.00027901785714285713
3556,147.1177427482157,0.0004608261927870881,0.60547308618755,0.00027901785714285713
3557,147.1591028108382,0.00046083994989914827,0.6054550114501105,0.00027901785714285713
3558,147.20046287346074,0.00046084998216163814,0.6054418312747046,0.00027901785714285713
3559,147.2418229360832,0.00046085607433418865,0.6054338277866075,0.00027901785714285713
3560,147.2831829987057,0.0004608580201804889,0.6054312715087035,0.00027901785714285713
3561,147.32454306132817,0.0004608556240068379,0.6054344193892647,0.00027901785714285713
3562,147.36590312395072,0.00046084870424538616,0.6054435101422997,0.00027901785714285713
3563,147.40726318657318,0.00046083709910433554,0.605458756869065,0.00027901785714285713
3564,147.4486232491957,0.000460820674127198,0.6054803371643895,0.00027901785714285713
3565,147.48998331181815,0.00046079933132153967,0.6055083811485876,0.00027901785714285713
3566,147.53134337444067,0.0004607730193460819,0.6055429580899346,0.00027901785714285713
3567,147.57270343706318,0.00046074174410074925,0.6055840624717629,0.00027901785714285713
3568,147.61406349968567,0.0004607055789579773,0.6056316004983899,0.00027901785714285713
3569,147.65542356230816,0.00046066467381539997,0.6056853781122941,0.00027901785714285713
3570,147.69678362493065,0.0004606192621490921,0.6057450915991988,0.00027901785714285713
3571,147.73814368755316,0.0004605696653046252,0.605810321785548,0.00027901785714285713
3572,147.77950375017565,0.0004605162933802426,0.6058805326839447,0.00027901785714285713
3573,147.82086381279814,0.00046045964222657013,0.6059550752236519,0.00027901785714285713
3574,147.86222387542063,0.0004604002863031084,0.6060331964241295,0.00027901785714285713
3575,147.9035839380431,0.000460338867376742,0.6061140540507706,0.00027901785714285713
3576,147.94494400066563,0.00046027607930983124,0.6061967364483403,0.00027901785714285713
3577,147.98630406328812,0.0004602126494450571,0.6062802869049951,0.00027901785714285713
3578,148.02766412591063,0.0004601493173330714,0.606363731581709,0.00027901785714285713
3579,148.0690241885331,0.000460086811750761,0.6064461097702734,0.00027901785714285713
3580,148.11038425115558,0.00046002582710683905,0.6065265050391538,0.00027901785714285713
3581,148.1517443137781,0.00045996700041433484,0.6066040757087355,0.00027901785714285713
3582,148.1931043764006,0.00045991089001987085,0.6066780830756191,0.00027901785714285713
3583,148.23446443902307,0.00045985795721451635,0.6067479158845995,0.00027901785714285713
3584,148.2758245016456,0.0004598085517116252,0.6068131097262557,0.00027901785714285713
3585,148.3171845642681,0.00045976290177312623,0.6068733603054837,0.00027901785714285713
3586,148.3585446268906,0.00045972110951039203,0.6069285298645828,0.00027901785714285713
3587,148.39990468951305,0.0004596831515938657,0.6069786464337765,0.00027901785714285713
3588,148.44126475213557,0.000459648885299998,0.6070238959912874,0.00027901785714285713
3589,148.48262481475805,0.0004596180595242412,0.607064608017521,0.00027901785714285713
3590,148.52398487738057,0.000459590330115837,0.607101235294773,0.00027901785714285713
3591,148.56534494000306,0.0004595652786624616,0.6071343291097243,0.00027901785714285713
3592,148.60670500262555,0.00045954243368701947,0.6071645112383415,0.00027901785714285713
3593,148.64806506524803,0.0004595212931221484,0.6071924442219254,0.00027901785714285713
3594,148.68942512787055,0.00045950134690714593,0.6072188014701073,0.00027901785714285713
3595,148.73078519049304,0.0004594820986053787,0.6072442386541999,0.00027901785714285713
3596,148.77214525311553,0.00045946308505798704,0.6072693676960867,0.00027901785714285713
3597,148.813505315738,0.0004594438932629059,0.6072947344262464,0.00027901785714285713
3598,148.8548653783605,0.0004594241738795625,0.6073208007030152,0.00027901785714285713
3599,148.89622544098302,0.0004594036509905697,0.6073479314786391,0.00027901785714285713
3600,148.93758550360553,0.00045938212798525183,0.6073763869886876,0.00027901785714285713
3601,148.978945566228,0.00045935948964957073,0.6074063199515266,0.00027901785714285713
3602,149.0203056288505,0.00045933570073572314,0.6074377774162799,0.00027901785714285713
3603,149.061665691473,0.0004593108014353574,0.6074707066999504,0.00027901785714285713
3604,149.1030257540955,0.0004592849002851262,0.6075049647171975,0.00027901785714285713
3605,149.14438581671797,0.0004592581650898432,0.6075403299324549,0.00027901785714285713
3606,149.1857458793405,0.00045923081246116847,0.6075765161477492,0.00027901785714285713
3607,149.22710594196298,0.00045920309654429604,0.6076131873730566,0.00027901785714285713
3608,149.2684660045855,0.00045917529744900323,0.6076499730995336,0.00027901785714285713
3609,149.30982606720798,0.00045914770982602264,0.607686483394594,0.00027901785714285713
3610,149.35118612983047,0.00045912063194649886,0.6077223233465382,0.00027901785714285713
3611,149.39254619245295,0.00045909435555646785,0.6077571064986409,0.00027901785714285713
3612,149.43390625507544,0.00045906915670270587,0.6077904670113782,0.00027901785714285713
3613,149.47526631769796,0.00045904528766322147,0.6078220703739334,0.00027901785714285713
3614,149.51662638032045,0.0004590229700670753,0.6078516225497066,0.00027901785714285713
3615,149.55798644294293,0.00045900238925649826,0.6078788774821328,0.00027901785714285713
3616,149.59934650556542,0.00045898368992613753,0.607903642911055,0.00027901785714285713
3617,149.64070656818794,0.0004589669730643642,0.6079257844632069,0.00027901785714285713
3618,149.68206663081045,0.0004589522942170703,0.6079452279867901,0.00027901785714285713
3619,149.7234266934329,0.00045893966308983034,0.6079619601068207,0.00027901785714285713
3620,149.7647867560554,0.0004589290444930896,0.6079760269935552,0.00027901785714285713
3621,149.80614681867792,0.0004589203606162672,0.6079875313620307,0.00027901785714285713
3622,149.84750688130043,0.0004589134945878297,0.6079966277597815,0.00027901785714285713
3623,149.8888669439229,0.0004589082952376469,0.608003516254521,0.00027901785714285713
3624,149.9302270065454,0.00045890458293009487,0.608008434697546,0.00027901785714285713
3625,149.9715870691679,0.0004589021562830012,0.6080116498097017,0.00027901785714285713
