,Energy Transfer (meV),PPR
0,0.04136006262249528,0.06534038099853193
1,0.08272012524499056,0.06564343955459198
2,0.12408018786748584,0.06614991488763551
3,0.16544025048998112,0.06686188490095155
4,0.2068003131124764,0.06778228279138157
5,0.24816037573497168,0.06891492488458842
6,0.28952043835746694,0.07026455197202025
7,0.33088050097996224,0.07183688877314104
8,0.37224056360245755,0.07363872770782459
9,0.4136006262249528,0.07567804506878414
10,0.4549606888474481,0.07796416001893915
11,0.49632075146994337,0.08050794968948335
12,0.5376808140924386,0.08332213711889412
13,0.5790408767149339,0.08642167294068664
14,0.6204009393374292,0.08982423668526841
15,0.6617610019599245,0.09355088936937582
16,0.7031210645824197,0.0976269157219182
17,0.7444811272049151,0.10208290186958942
18,0.7858411898274104,0.10695610235951349
19,0.8272012524499056,0.11229215855058422
20,0.868561315072401,0.11814723772693791
21,0.9099213776948962,0.1245906670757513
22,0.9512814403173915,0.13170813593723374
23,0.9926415029398867,0.13960552835066503
24,1.034001565562382,0.1484134173347009
25,1.0753616281848772,0.15829218866309042
26,1.1167216908073725,0.16943764337488917
27,1.1580817534298677,0.18208672242776805
28,1.1994418160523632,0.19652265876026584
29,1.2408018786748585,0.21307833648238403
30,1.2821619412973537,0.2321358726453325
31,1.323522003919849,0.2541194243803573
32,1.3648820665423442,0.2794770748516419
33,1.4062421291648395,0.30864673402187354
34,1.447602191787335,0.3420011012398981
35,1.4889622544098302,0.37976919084274197
36,1.5303223170323255,0.4219382755399202
37,1.5716823796548207,0.4681510941789647
38,1.613042442277316,0.5176267474979255
39,1.6544025048998112,0.5691431862398056
40,1.6957625675223067,0.6211143937165813
41,1.737122630144802,0.671769348934771
42,1.7784826927672972,0.7193987329016505
43,1.8198427553897925,0.762600709888072
44,1.8612028180122877,0.8004526993480922
45,1.902562880634783,0.8325670814653974
46,1.9439229432572784,0.8590358440378072
47,1.9852830058797735,0.8803046743011058
48,2.0266430685022687,0.897026499023711
49,2.068003131124764,0.909932527939726
50,2.1093631937472592,0.9197391094841657
51,2.1507232563697545,0.9270922436178927
52,2.1920833189922497,0.9325425395872722
53,2.233443381614745,0.9365407713830095
54,2.2748034442372402,0.9394452400127219
55,2.3161635068597355,0.9415345466408169
56,2.357523569482231,0.9430217582453774
57,2.3988836321047264,0.9440677748753795
58,2.4402436947272217,0.9447929168685409
59,2.481603757349717,0.9452864614996379
60,2.522963819972212,0.9456142281617673
61,2.5643238825947074,0.945824471226129
62,2.6056839452172027,0.9459523830114122
63,2.647044007839698,0.9460234943995646
64,2.6884040704621937,0.9460562215191946
65,2.7297641330846885,0.9460637616967316
66,2.771124195707184,0.946055499245826
67,2.812484258329679,0.9460380450909996
68,2.8538443209521747,0.94601600447625
69,2.89520438357467,0.9459925436129666
70,2.936564446197165,0.9459698081247224
71,2.9779245088196604,0.9459492325106579
72,3.019284571442156,0.945931769625618
73,3.060644634064651,0.9459180615650089
74,3.1020046966871466,0.9459085677036346
75,3.1433647593096414,0.9459036614717654
76,3.184724821932137,0.9459037043754249
77,3.226084884554632,0.9459091034947634
78,3.2674449471771276,0.9459203570076892
79,3.3088050097996224,0.9459380910251031
80,3.350165072422118,0.9459630900691679
81,3.3915251350446134,0.9459963227870372
82,3.4328851976671086,0.9460389639002695
83,3.474245260289604,0.9460924128930077
84,3.5156053229120996,0.9461583094978339
85,3.5569653855345944,0.9462385456128782
86,3.59832544815709,0.9463352728495248
87,3.639685510779585,0.9464509044423405
88,3.6810455734020806,0.9465881097315024
89,3.7224056360245754,0.9467497988362151
90,3.763765698647071,0.9469390944651855
91,3.805125761269566,0.9471592870546165
92,3.8464858238920616,0.9474137685959181
93,3.887845886514557,0.9477059396451777
94,3.929205949137052,0.9480390831527342
95,3.970566011759547,0.9484161980116126
96,4.011926074382043,0.9488397847512202
97,4.053286137004537,0.9493115758142223
98,4.094646199627033,0.9498322036521969
99,4.136006262249528,0.9504008018452968
100,4.177366324872024,0.9510145380620755
101,4.2187263874945184,0.9516680834483707
102,4.260086450117014,0.9523530314690595
103,4.301446512739509,0.9530572906864825
104,4.342806575362005,0.9537644904756247
105,4.3841666379844995,0.9544534556947164
106,4.425526700606995,0.9550978244090275
107,4.46688676322949,0.955665899289869
108,4.508246825851986,0.9561208343462421
109,4.5496068884744805,0.9564212590931639
110,4.590966951096976,0.9565224265147356
111,4.632327013719471,0.9563779344296379
112,4.673687076341967,0.9559420099941878
113,4.715047138964462,0.9551722668182567
114,4.756407201586957,0.9540327527744966
115,4.797767264209453,0.9524970200098394
116,4.839127326831948,0.9505508873764623
117,4.880487389454443,0.948194549625275
118,4.921847452076939,0.9454437306173887
119,4.963207514699434,0.9423296801737345
120,5.00456757732193,0.9388979612562939
121,5.045927639944424,0.9352061381417027
122,5.08728770256692,0.9313206234868127
123,5.128647765189415,0.9273130429626912
124,5.170007827811911,0.9232565130476283
125,5.211367890434405,0.9192221995329397
126,5.252727953056901,0.9152764449679888
127,5.294088015679396,0.9114786452106527
128,5.335448078301891,0.9078799425520864
129,5.376808140924387,0.9045227050495913
130,5.418168203546882,0.9014406903406734
131,5.459528266169377,0.8986597507484048
132,5.500888328791872,0.8961989219676822
133,5.542248391414368,0.894071743395435
134,5.583608454036863,0.8922876764129326
135,5.624968516659358,0.8908535104679205
136,5.666328579281854,0.8897746700631897
137,5.707688641904349,0.8890563550470102
138,5.749048704526844,0.8887044599759398
139,5.79040876714934,0.8887262252734571
140,5.831768829771835,0.8891305740872343
141,5.87312889239433,0.8899280857993027
142,5.914488955016826,0.8911305527287993
143,5.955849017639321,0.8927500645138149
144,5.997209080261816,0.8947975701560065
145,6.038569142884312,0.8972808873534441
146,6.079929205506807,0.9002021701138374
147,6.121289268129302,0.9035549159851347
148,6.162649330751797,0.9073206978205907
149,6.204009393374293,0.9114659387754322
150,6.245369455996788,0.9159391974147908
151,6.286729518619283,0.9206695589440019
152,6.328089581241778,0.925566786820225
153,6.369449643864274,0.9305238144321971
154,6.410809706486769,0.9354218981180293
155,6.452169769109264,0.9401383021839245
156,6.49352983173176,0.9445558087125442
157,6.534889894354255,0.9485727861583136
158,6.57624995697675,0.9521122047873055
159,6.617610019599245,0.9551280188389293
160,6.658970082221741,0.9576077940600513
161,6.700330144844236,0.9595712331813858
162,6.741690207466731,0.9610651019389178
163,6.783050270089227,0.9621557203929895
164,6.824410332711722,0.9629204831472716
165,6.865770395334217,0.9634397817901912
166,6.907130457956713,0.963790330129622
167,6.948490520579208,0.9640404057088438
168,6.989850583201703,0.9642470725505329
169,7.031210645824199,0.9644551317706859
170,7.072570708446694,0.9646973826623662
171,7.113930771069189,0.9649957431223983
172,7.155290833691684,0.9653628299554016
173,7.19665089631418,0.9658036919292711
174,7.238010958936675,0.9663174880341203
175,7.27937102155917,0.966898990552636
176,7.320731084181665,0.9675398590673175
177,7.362091146804161,0.9682296767038673
178,7.403451209426656,0.9689567669259022
179,7.444811272049151,0.9697088225769936
180,7.4861713346716465,0.9704733829961879
181,7.527531397294142,0.971238193499484
182,7.568891459916637,0.9719914769547451
183,7.610251522539132,0.9727221413565064
184,7.6516115851616275,0.9734199413377437
185,7.692971647784123,0.9740756060737915
186,7.734331710406618,0.9746809413650708
187,7.775691773029114,0.9752289099684939
188,7.8170518356516085,0.9757136915058383
189,7.858411898274104,0.9761307214723206
190,7.8997719608966,0.9764767079220901
191,7.941132023519094,0.9767496242119863
192,7.982492086141589,0.9769486766119946
193,8.023852148764085,0.9770742464921012
194,8.06521221138658,0.9771278080074055
195,8.106572274009075,0.9771118235569639
196,8.14793233663157,0.9770296206203485
197,8.189292399254066,0.9768852547291565
198,8.230652461876561,0.9766833641843653
199,8.272012524499056,0.9764290225995477
200,8.313372587121552,0.9761275953896009
201,8.354732649744047,0.9757846059370968
202,8.396092712366544,0.9754056163926793
203,8.437452774989037,0.9749961269763994
204,8.478812837611533,0.9745614963362856
205,8.520172900234028,0.9741068840902273
206,8.561532962856525,0.9736372152284876
207,8.602893025479018,0.9731571646708059
208,8.644253088101514,0.9726711590237446
209,8.68561315072401,0.9721833915153721
210,8.726973213346506,0.9716978452241783
211,8.768333275968999,0.9712183190759683
212,8.809693338591496,0.9707484506631594
213,8.85105340121399,0.9702917297492848
214,8.892413463836487,0.9698514963767538
215,8.93377352645898,0.9694309178369432
216,8.975133589081477,0.9690329394581569
217,9.016493651703971,0.9686602053190603
218,9.057853714326468,0.9683149467321664
219,9.099213776948961,0.967998838805156
220,9.140573839571458,0.9677128286984942
221,9.181933902193952,0.9674569434118212
222,9.223293964816449,0.9672300899658957
223,9.264654027438942,0.9670298664012795
224,9.306014090061439,0.9668524074914341
225,9.347374152683933,0.9666922935193358
226,9.38873421530643,0.966542552619796
227,9.430094277928925,0.9663947855835059
228,9.47145434055142,0.9662394352945833
229,9.512814403173914,0.9660662103127745
230,9.554174465796411,0.9658646537537041
231,9.595534528418906,0.9656248262916061
232,9.6368945910414,0.9653380491669531
233,9.678254653663895,0.964997634148738
234,9.719614716286392,0.9645995174163564
235,9.760974778908887,0.9641427171694176
236,9.802334841531382,0.9636295518505676
237,9.843694904153878,0.9630655852377863
238,9.885054966776373,0.9624593011498346
239,9.926415029398868,0.9618215469027817
240,9.967775092021364,0.9611648136831528
241,10.00913515464386,0.9605024383324456
242,10.050495217266354,0.9598478126140086
243,10.091855279888849,0.9592136743055826
244,10.133215342511345,0.9586115335299167
245,10.17457540513384,0.9580512629032473
246,10.215935467756335,0.9575408563277955
247,10.25729553037883,0.9570863421904504
248,10.298655593001326,0.9566918241507981
249,10.340015655623821,0.9563596167354009
250,10.381375718246318,0.9560904425541349
251,10.42273578086881,0.9558836614779103
252,10.464095843491307,0.9557375078533015
253,10.505455906113802,0.955649318316247
254,10.546815968736297,0.9556157389558972
255,10.588176031358792,0.9556329058450841
256,10.629536093981287,0.9556965970253661
257,10.670896156603781,0.9558023568986839
258,10.712256219226276,0.9559455957688916
259,10.753616281848775,0.9561216682073199
260,10.794976344471268,0.9563259342080831
261,10.836336407093764,0.9565538069576163
262,10.877696469716259,0.9568007906355196
263,10.919056532338754,0.9570625111192202
264,10.960416594961249,0.9573347418723193
265,11.001776657583743,0.9576134267148406
266,11.04313672020624,0.9578947006356866
267,11.084496782828737,0.9581749093294352
268,11.12585684545123,0.958450627725105
269,11.167216908073726,0.9587186774211015
270,11.208576970696221,0.9589761426412117
271,11.249937033318716,0.9592203840779487
272,11.291297095941212,0.9594490497867074
273,11.332657158563707,0.9596600821398306
274,11.374017221186202,0.9598517197496786
275,11.415377283808699,0.960022493235793
276,11.456737346431192,0.960171213758983
277,11.498097409053688,0.9602969533941474
278,11.539457471676185,0.9603990166815118
279,11.58081753429868,0.960476903098301
280,11.622177596921174,0.9605302607345325
281,11.66353765954367,0.9605588321310234
282,11.704897722166164,0.9605623940147969
283,11.74625778478866,0.9605406934973207
284,11.787617847411154,0.9604933841054644
285,11.828977910033652,0.960419965691782
286,11.870337972656147,0.9603197327004771
287,11.911698035278642,0.9601917353234238
288,11.953058097901136,0.9600347576575868
289,11.994418160523631,0.9598473160015449
290,12.035778223146126,0.9596276788996222
291,12.077138285768624,0.9593739085417533
292,12.118498348391116,0.9590839208396237
293,12.159858411013614,0.9587555592054617
294,12.201218473636109,0.9583866751063623
295,12.242578536258604,0.9579752072211888
296,12.283938598881099,0.9575192508033807
297,12.325298661503593,0.9570171098438911
298,12.366658724126088,0.9564673268384694
299,12.408018786748586,0.9558686881778788
300,12.449378849371078,0.9552202069747396
301,12.490738911993576,0.9545210889391579
302,12.532098974616071,0.9537706900872696
303,12.573459037238566,0.9529684770397429
304,12.61481909986106,0.9521140010483427
305,12.656179162483555,0.9512068955319584
306,12.69753922510605,0.9502469039523688
307,12.738899287728549,0.9492339407158283
308,12.780259350351042,0.9481681830379306
309,12.821619412973538,0.9470501870314019
310,12.862979475596033,0.9458810173190864
311,12.904339538218528,0.9446623767622871
312,12.945699600841023,0.9433967217631544
313,12.98705966346352,0.9420873491548991
314,13.028419726086014,0.940738442822676
315,13.06977978870851,0.9393550715992111
316,13.111139851331004,0.9379431342196269
317,13.1524999139535,0.9365092517036138
318,13.193859976575995,0.9350606119641514
319,13.23522003919849,0.9336047752887008
320,13.276580101820986,0.932149452268168
321,13.317940164443481,0.9307022675621399
322,13.359300227065976,0.9292705235158398
323,13.400660289688473,0.9278609771424863
324,13.442020352310966,0.9264796425080984
325,13.483380414933462,0.9251316283295639
326,13.524740477555959,0.923821017879478
327,13.566100540178454,0.9225507953460437
328,13.607460602800948,0.9213228198670977
329,13.648820665423443,0.9201378457443639
330,13.690180728045938,0.918995585004992
331,13.731540790668435,0.9178948066104327
332,13.772900853290928,0.9168334652727785
333,13.814260915913426,0.9158088520336691
334,13.85562097853592,0.9148177584635535
335,13.896981041158416,0.9138566465000698
336,13.93834110378091,0.9129218164898322
337,13.979701166403405,0.9120095668507701
338,14.0210612290259,0.9111163398452096
339,14.062421291648398,0.9102388491642914
340,14.10378135427089,0.9093741862925087
341,14.145141416893388,0.9085199038759413
342,14.186501479515883,0.9076740754977943
343,14.227861542138378,0.9068353323225274
344,14.269221604760872,0.906002877968444
345,14.310581667383367,0.905176483687401
346,14.351941730005862,0.9043564664589312
347,14.39330179262836,0.9035436529486776
348,14.434661855250853,0.9027393324477568
349,14.47602191787335,0.9019452019218374
350,14.517381980495845,0.9011633061776105
351,14.55874204311834,0.9003959759286696
352,14.600102105740834,0.8996457662350228
353,14.64146216836333,0.8989153974278772
354,14.682822230985824,0.8982077002323436
355,14.724182293608322,0.8975255663860002
356,14.765542356230815,0.8968719056338395
357,14.806902418853312,0.8962496095734916
358,14.848262481475807,0.8956615224371809
359,14.889622544098302,0.895110418536797
360,14.930982606720796,0.894598985770932
361,14.972342669343293,0.8941298143016334
362,15.013702731965788,0.8937053892582763
363,15.055062794588284,0.8933280861165525
364,15.096422857210777,0.8930001672356255
365,15.137782919833274,0.8927237779159477
366,15.179142982455769,0.8925009402661813
367,15.220503045078264,0.8923335431421457
368,15.26186310770076,0.8922233264476633
369,15.303223170323255,0.8921718581711315
370,15.34458323294575,0.8921805026809394
371,15.385943295568246,0.8922503790269193
372,15.42730335819074,0.8923823083060012
373,15.468663420813236,0.8925767495606287
374,15.510023483435733,0.8928337242036809
375,15.551383546058227,0.8931527296118994
376,15.592743608680722,0.893532643309449
377,15.634103671303217,0.8939716200700146
378,15.675463733925712,0.8944669852826772
379,15.716823796548208,0.8950151290192011
380,15.758183859170702,0.8956114063492026
381,15.7995439217932,0.8962500504903912
382,15.840903984415695,0.8969241062418515
383,15.882264047038188,0.8976253916944276
384,15.923624109660684,0.8983444962928882
385,15.964984172283177,0.8990708227911769
386,16.006344234905676,0.8997926793681302
387,16.04770429752817,0.9004974260798362
388,16.089064360150665,0.9011716769183362
389,16.13042442277316,0.9018015551323846
390,16.171784485395655,0.9023729953708584
391,16.21314454801815,0.9028720819791699
392,16.254504610640648,0.9032854088565777
393,16.29586467326314,0.9036004431542398
394,16.337224735885638,0.9038058732296566
395,16.378584798508133,0.9038919210407503
396,16.419944861130627,0.9038506007553483
397,16.461304923753122,0.9036759087375851
398,16.50266498637562,0.9033639349728614
399,16.54402504899811,0.9029128919118904
400,16.58538511162061,0.9023230630049454
401,16.626745174243105,0.9015966791587329
402,16.668105236865596,0.9007377363311415
403,16.709465299488095,0.8997517709830092
404,16.75082536211059,0.8986456118386563
405,16.792185424733088,0.8974271263165122
406,16.83354548735558,0.8961049782405892
407,16.874905549978074,0.8946884103711861
408,16.916265612600572,0.8931870613412876
409,16.957625675223067,0.8916108222313692
410,16.998985737845558,0.889969733713851
411,17.040345800468057,0.8882739208339624
412,17.08170586309055,0.8865335593550536
413,17.12306592571305,0.8847588653704044
414,17.16442598833554,0.8829600986547678
415,17.205786050958036,0.8811475699914633
416,17.247146113580534,0.8793316433842516
417,17.28850617620303,0.8775227255047237
418,17.32986623882552,0.8757312367474136
419,17.37122630144802,0.873967560649929
420,17.412586364070513,0.8722419709533794
421,17.45394642669301,0.8705645380040793
422,17.495306489315503,0.8689450183274763
423,17.536666551937998,0.867392732874314
424,17.578026614560496,0.8659164405330269
425,17.61938667718299,0.8645242139662083
426,17.660746739805482,0.8632233246675411
427,17.70210680242798,0.8620201434085791
428,17.743466865050475,0.8609200610578385
429,17.784826927672974,0.8599274332399877
430,17.826186990295465,0.8590455506094642
431,17.86754705291796,0.8582766347845641
432,17.908907115540458,0.8576218583556249
433,17.950267178162953,0.8570813859517791
434,17.991627240785444,0.8566544322040063
435,18.032987303407943,0.8563393316313926
436,18.074347366030437,0.8561336150300115
437,18.115707428652936,0.856034086868925
438,18.157067491275427,0.8560368984881198
439,18.198427553897922,0.856137612531462
440,18.23978761652042,0.8563312550047718
441,18.281147679142915,0.8566123525877838
442,18.32250774176541,0.8569749542965284
443,18.363867804387905,0.8574126382219696
444,18.4052278670104,0.8579185057736307
445,18.446587929632898,0.8584851675197454
446,18.48794799225539,0.8591047262078931
447,18.529308054877884,0.8597687637183017
448,18.570668117500382,0.8604683393944099
449,18.612028180122877,0.8611940072644109
450,18.653388242745372,0.8619358590066516
451,18.694748305367867,0.8626835980636421
452,18.73610836799036,0.863426648102783
453,18.77746843061286,0.8641542961729742
454,18.81882849323535,0.8648558676329064
455,18.86018855585785,0.8655209265306693
456,18.901548618480344,0.8661394919532687
457,18.94290868110284,0.8667022583126565
458,18.984268743725334,0.8672008059252948
459,19.02562880634783,0.8676277878205559
460,19.066988868970324,0.8679770795894993
461,19.108348931592822,0.8682438812172028
462,19.149708994215317,0.8684247630281867
463,19.19106905683781,0.8685176517906333
464,19.232429119460306,0.868521757265064
465,19.2737891820828,0.8684374436216334
466,19.315149244705296,0.8682660538028522
467,19.35650930732779,0.8680096977783581
468,19.39786936995029,0.8676710175499341
469,19.439229432572784,0.8672529426667004
470,19.48058949519528,0.866758449967734
471,19.521949557817774,0.8661903404307413
472,19.56330962044027,0.8655510445678088
473,19.604669683062763,0.8648424659814349
474,19.646029745685258,0.8640658706590811
475,19.687389808307756,0.863221827483191
476,19.72874987093025,0.8623102033465145
477,19.770109933552746,0.8613302142122305
478,19.81146999617524,0.8602805314198712
479,19.852830058797736,0.8591594404522989
480,19.89419012142023,0.857965047181147
481,19.93555018404273,0.8566955242518077
482,19.97691024666522,0.8553493877545562
483,20.01827030928772,0.8539257917294896
484,20.059630371910213,0.852424825533995
485,20.100990434532708,0.8508477969211253
486,20.142350497155203,0.8491974821775452
487,20.183710559777698,0.8474783242377908
488,20.225070622400196,0.8456965606998789
489,20.26643068502269,0.8438602663966731
490,20.307790747645182,0.8419792997314463
491,20.34915081026768,0.8400651482179768
492,20.390510872890175,0.8381306761426557
493,20.43187093551267,0.8361897852798025
494,20.473230998135165,0.8342570072381401
495,20.51459106075766,0.8323470523281302
496,20.555951123380158,0.8304743439507284
497,20.597311186002653,0.8286525688190487
498,20.638671248625144,0.8268942716223213
499,20.680031311247642,0.825210518248849
500,20.721391373870137,0.8236106450180074
501,20.762751436492636,0.8221021034269382
502,20.804111499115127,0.8206904017054201
503,20.84547156173762,0.8193791369471305
504,20.88683162436012,0.8181701054983803
505,20.928191686982615,0.8170634751024721
506,20.969551749605106,0.8160580001705738
507,21.010911812227604,0.8151512613517627
508,21.0522718748501,0.8143399119747079
509,21.093631937472594,0.8136199164803207
510,21.13499200009509,0.8129867691809421
511,21.176352062717584,0.8124356851256513
512,21.21771212534008,0.8119617581670072
513,21.259072187962573,0.8115600842586953
514,21.300432250585068,0.8112258504204517
515,21.341792313207563,0.810954391628722
516,21.383152375830065,0.8107412191456941
517,21.424512438452552,0.8105820245472667
518,21.465872501075047,0.8104726640427384
519,21.50723256369755,0.8104091276935211
520,21.548592626320044,0.8103874979307634
521,21.589952688942535,0.8104039014257445
522,21.631312751565034,0.810454457949637
523,21.67267281418753,0.8105352294205113
524,21.714032876810023,0.8106421719088864
525,21.755392939432518,0.8107710929761996
526,21.796753002055013,0.8109176163594353
527,21.838113064677508,0.811077155686009
528,21.879473127300002,0.8112448985954119
529,21.920833189922497,0.8114158023444491
530,21.962193252544992,0.8115846016650522
531,22.003553315167487,0.8117458293139171
532,22.04491337778999,0.8118938493906335
533,22.08627344041248,0.8120229030994738
534,22.127633503034975,0.8121271661909012
535,22.168993565657473,0.8122008168503175
536,22.210353628279968,0.8122381123208021
537,22.25171369090246,0.8122334720769889
538,22.293073753524958,0.8121815649401419
539,22.334433816147452,0.8120773971736632
540,22.375793878769947,0.8119163983590192
541,22.417153941392442,0.8116945017568101
542,22.458514004014937,0.811408215930949
543,22.49987406663743,0.8110546846697922
544,22.54123412925993,0.8106317326772737
545,22.582594191882425,0.8101378951118398
546,22.62395425450492,0.8095724297922752
547,22.665314317127415,0.808935311718494
548,22.706674379749913,0.8082272104181997
549,22.748034442372404,0.8074494514641136
550,22.7893945049949,0.8066039642511899
551,22.830754567617397,0.8056932187245222
552,22.872114630239892,0.8047201541651083
553,22.913474692862383,0.8036881033467218
554,22.95483475548488,0.8026007153651786
555,22.996194818107377,0.8014618802221705
556,23.03755488072987,0.8002756578469549
557,23.07891494335237,0.7990462136998825
558,23.120275005974865,0.7977777624701073
559,23.16163506859736,0.7964745207074788
560,23.202995131219854,0.7951406685651894
561,23.24435519384235,0.7937803202197584
562,23.285715256464844,0.7923975020153073
563,23.32707531908734,0.790996136975488
564,23.368435381709837,0.7895800340543929
565,23.409795444332328,0.7881528803628136
566,23.451155506954823,0.7867182346031114
567,23.49251556957732,0.7852795200635562
568,23.533875632199816,0.7838400157422705
569,23.575235694822307,0.7824028444711034
570,23.61659575744481,0.7809709572665879
571,23.657955820067304,0.7795471135243393
572,23.6993158826898,0.7781338570739326
573,23.740675945312294,0.776733488500971
574,23.78203600793479,0.7753480345068499
575,23.823396070557283,0.7739792153999012
576,23.864756133179778,0.772628412084768
577,23.906116195802273,0.7712966341329125
578,23.947476258424768,0.7699844906722733
579,23.988836321047263,0.7686921659249364
580,24.03019638366976,0.7674194012470728
581,24.071556446292252,0.7661654854827944
582,24.112916508914747,0.7649292553289059
583,24.15427657153725,0.7637091072184699
584,24.195636634159744,0.7625030219588087
585,24.23699669678223,0.7613086030003607
586,24.278356759404733,0.76012312876028
587,24.319716822027228,0.7589436188776226
588,24.361076884649723,0.7577669136399799
589,24.402436947272218,0.75658976510773
590,24.443797009894713,0.755408937697591
591,24.485157072517207,0.7542213152089867
592,24.526517135139702,0.7530240105370558
593,24.567877197762197,0.7518144736766474
594,24.609237260384692,0.750590593150068
595,24.650597323007187,0.7493507857563141
596,24.69195738562969,0.7480940695981841
597,24.733317448252176,0.7468201157372716
598,24.77467751087467,0.7455292745683811
599,24.816037573497173,0.7442225740766113
600,24.857397636119668,0.7429016884893548
601,24.898757698742155,0.7415688773783717
602,24.940117761364657,0.7402268968945417
603,24.981477823987152,0.7388788864095492
604,25.022837886609647,0.7375282352705096
605,25.064197949232142,0.7361784355374745
606,25.105558011854637,0.7348329273840546
607,25.14691807447713,0.733494944244168
608,25.188278137099626,0.7321673647678243
609,25.22963819972212,0.7308525782206651
610,25.270998262344616,0.7295523691746666
611,25.31235832496711,0.7282678262592
612,25.353718387589613,0.7269992784556025
613,25.3950784502121,0.7257462610134857
614,25.4364385128346,0.7245075116285644
615,25.477798575457097,0.7232809961304226
616,25.519158638079592,0.7220639616528195
617,25.560518700702083,0.720853014156112
618,25.60187876332458,0.7196442162857715
619,25.643238825947076,0.718433200914381
620,25.68459888856957,0.7172152953453353
621,25.725958951192066,0.715985651061795
622,25.76731901381456,0.7147393740760059
623,25.808679076437055,0.7134716513519704
624,25.85003913905955,0.712177869405069
625,25.891399201682045,0.7108537219798859
626,25.93275926430454,0.7094953046165777
627,25.97411932692704,0.7080991948739415
628,26.015479389549537,0.7066625179197183
629,26.056839452172028,0.7051829980605092
630,26.098199514794523,0.7036589975098971
631,26.13955957741702,0.7020895442374332
632,26.180919640039516,0.700474351070938
633,26.222279702662007,0.6988138283258415
634,26.263639765284506,0.6971090921086365
635,26.304999827907,0.6953619701046502
636,26.346359890529495,0.6935750061455488
637,26.38771995315199,0.6917514642016089
638,26.429080015774485,0.689895331709948
639,26.47044007839698,0.6880113213892453
640,26.511800141019478,0.6861048699628504
641,26.553160203641973,0.6841821315744876
642,26.594520266264468,0.6822499631896598
643,26.635880328886962,0.6803158989817125
644,26.677240391509457,0.6783881106475247
645,26.718600454131952,0.6764753508142318
646,26.759960516754447,0.6745868772046368
647,26.801320579376945,0.6727323560222365
648,26.842680641999436,0.6709217440762968
649,26.88404070462193,0.6691651504461281
650,26.92540076724443,0.6674726799085048
651,26.966760829866924,0.6658542618287047
652,27.008120892489416,0.6643194696257181
653,27.049480955111918,0.6628773371409246
654,27.090841017734412,0.6615361791399686
655,27.132201080356907,0.6603034236483515
656,27.173561142979402,0.6591854637823766
657,27.214921205601897,0.6581875361487441
658,27.25628126822439,0.6573136317638547
659,27.297641330846886,0.6565664438560218
660,27.33900139346938,0.6559473549796903
661,27.380361456091876,0.6554564637485066
662,27.42172151871437,0.6550926493612867
663,27.46308158133687,0.6548536701289784
664,27.50444164395936,0.6547362905660129
665,27.545801706581855,0.6547364304025335
666,27.587161769204357,0.6548493281690299
667,27.628521831826852,0.6550697118135574
668,27.66988189444934,0.6553919690946854
669,27.71124195707184,0.6558103111718651
670,27.752602019694336,0.6563189237862731
671,27.79396208231683,0.6569121015737748
672,27.835322144939326,0.6575843622699755
673,27.87668220756182,0.6583305387588327
674,27.918042270184316,0.6591458480105946
675,27.95940233280681,0.6600259369031096
676,28.000762395429305,0.6609669057005646
677,28.0421224580518,0.6619653105724366
678,28.083482520674295,0.6630181469864259
679,28.124842583296797,0.6641228161253593
680,28.166202645919284,0.6652770766880358
681,28.20756270854178,0.6664789845657677
682,28.24892277116428,0.6677268229657596
683,28.290282833786776,0.669019025599119
684,28.331642896409267,0.6703540955782321
685,28.373002959031766,0.671730522682323
686,28.41436302165426,0.6731467016497625
687,28.455723084276755,0.6746008541354274
688,28.49708314689925,0.6760909569203127
689,28.538443209521745,0.6776146788652487
690,28.57980327214424,0.6791693289463338
691,28.621163334766734,0.6807518174842613
692,28.66252339738923,0.6823586323718599
693,28.703883460011724,0.6839858317097235
694,28.74524352263422,0.6856290537790006
695,28.78660358525672,0.6872835447227241
696,28.82796364787921,0.6889442036885879
697,28.869323710501707,0.6906056445313524
698,28.910683773124205,0.6922622725133774
699,28.9520438357467,0.6939083738133365
700,28.99340389836919,0.6955382150933939
701,29.03476396099169,0.6971461499228218
702,29.076124023614184,0.6987267285430834
703,29.11748408623668,0.7002748073124195
704,29.158844148859174,0.7017856542015142
705,29.20020421148167,0.7032550469285532
706,29.241564274104164,0.7046793607109897
707,29.28292433672666,0.7060556431477382
708,29.324284399349153,0.7073816743924572
709,29.365644461971648,0.7086560114902117
710,29.407004524594146,0.7098780164724817
711,29.448364587216645,0.7110478684861339
712,29.489724649839136,0.7121665608164245
713,29.53108471246163,0.7132358841091679
714,29.57244477508413,0.7142583973677472
715,29.613804837706624,0.7152373883791137
716,29.655164900329115,0.7161768251095305
717,29.696524962951614,0.7170812993273071
718,29.73788502557411,0.7179559632982541
719,29.779245088196603,0.7188064599222649
720,29.820605150819098,0.719638846213995
721,29.861965213441593,0.7204595096601
722,29.903325276064088,0.7212750767921717
723,29.944685338686586,0.7220923133640285
724,29.98604540130908,0.722918015851341
725,30.027405463931576,0.723758894601711
726,30.06876552655407,0.7246214498081125
727,30.11012558917657,0.7255118424720537
728,30.15148565179906,0.7264357635420374
729,30.192845714421555,0.7273983053189887
730,30.234205777044053,0.728403839876484
731,30.275565839666548,0.7294559095393646
732,30.31692590228904,0.7305571343313599
733,30.358285964911538,0.7317091407316623
734,30.399646027534033,0.7329125151166644
735,30.441006090156527,0.7341667840048668
736,30.482366152779026,0.7354704217996243
737,30.52372621540152,0.7368208852801266
738,30.565086278024015,0.7382146727618515
739,30.60644634064651,0.7396474047438631
740,30.647806403269005,0.7411139220556707
741,30.6891664658915,0.7426083970426479
742,30.730526528513995,0.7441244531803628
743,30.771886591136493,0.7456552886459483
744,30.813246653758984,0.747193799740371
745,30.85460671638148,0.7487327005803094
746,30.895966779003977,0.7502646360938978
747,30.937326841626472,0.7517822860007352
748,30.978686904248963,0.7532784580863077
749,31.020046966871465,0.7547461696616132
750,31.06140702949396,0.7561787166145832
751,31.102767092116455,0.7575697299055437
752,31.14412715473895,0.7589132197408555
753,31.185487217361445,0.7602036079880335
754,31.22684727998394,0.7614357496855907
755,31.268207342606434,0.7626049447633387
756,31.30956740522893,0.7637069413315811
757,31.350927467851424,0.7647379321210767
758,31.39228753047392,0.7656945458534633
759,31.433647593096417,0.7665738354799704
760,31.47500765571891,0.7673732653240157
761,31.516367718341403,0.7680906991759566
762,31.557727780963905,0.7687243912921431
763,31.5990878435864,0.7692729820216867
764,31.640447906208887,0.769735499412209
765,31.68180796883139,0.7701113676270954
766,31.723168031453884,0.7704004223575619
767,31.764528094076375,0.7706029326657547
768,31.805888156698874,0.770719627901655
769,31.84724821932137,0.7707517275623589
770,31.888608281943863,0.7707009712853612
771,31.929968344566355,0.7705696456656479
772,31.971328407188853,0.7703606043322233
773,32.01268846981135,0.770077277768172
774,32.054048532433846,0.7697236697366208
775,32.09540859505634,0.7693043378794322
776,32.136768657678836,0.7688243570429858
777,32.17812872030133,0.7682892650809382
778,32.219488782923825,0.767704992181512
779,32.26084884554632,0.7670777760446396
780,32.302208908168815,0.7664140663658227
781,32.34356897079131,0.7657204229534889
782,32.384929033413805,0.7650034123250933
783,32.4262890960363,0.7642695077402191
784,32.4676491586588,0.7635249973256808
785,32.509009221281296,0.7627759042599911
786,32.55036928390379,0.7620279219859649
787,32.59172934652628,0.7612863662112224
788,32.63308940914878,0.7605561441593455
789,32.674449471771275,0.7598417402723417
790,32.71580953439377,0.759147216453082
791,32.757169597016265,0.7584762240674403
792,32.79852965963876,0.757832024362065
793,32.839889722261255,0.7572175137236687
794,32.88124978488375,0.7566352503012413
795,32.922609847506244,0.7560874788965214
796,32.96396991012874,0.755576151636326
797,33.00532997275124,0.7551029426962055
798,33.046690035373736,0.754669256163993
799,33.08805009799622,0.7542762269350621
800,33.129410160618725,0.7539247152491249
801,33.17077022324122,0.7536152960609123
802,33.212130285863715,0.7533482448504023
803,33.25349034848621,0.753123521711473
804,33.294850411108705,0.7529407556156332
805,33.33621047373119,0.7527992306501188
806,33.37757053635369,0.7526978758071938
807,33.41893059897619,0.7526352595891691
808,33.460290661598684,0.7526095903286416
809,33.50165072422118,0.7526187227398659
810,33.54301078684368,0.7526601708456324
811,33.584370849466175,0.7527311270873639
812,33.62573091208867,0.7528284871427573
813,33.66709097471116,0.7529488797534711
814,33.70845103733365,0.7530887007114513
815,33.74981109995615,0.7532441500634784
816,33.79117116257864,0.7534112715661476
817,33.832531225201144,0.7535859934481719
818,33.87389128782364,0.753764169604826
819,33.915251350446134,0.7539416204488625
820,33.95661141306863,0.7541141727620257
821,33.997971475691116,0.7542776980200542
822,34.03933153831361,0.7544281487919678
823,34.08069160093611,0.7545615929313614
824,34.12205166355861,0.754674245377215
825,34.1634117261811,0.7547624974573094
826,34.204771788803605,0.7548229436366173
827,34.2461318514261,0.7548524056745615
828,34.287491914048594,0.7548479541504096
829,34.32885197667108,0.7548069272899283
830,34.37021203929358,0.7547269469842958
831,34.41157210191607,0.7546059318438524
832,34.452932164538566,0.7544421070822301
833,34.49429222716107,0.75423401099219
834,34.53565228978356,0.7539804977611737
835,34.57701235240606,0.753680736390248
836,34.61837241502856,0.7533342055297704
837,34.65973247765104,0.7529406841297415
838,34.701092540273535,0.7525002379214568
839,34.74245260289604,0.7520132018918846
840,34.78381266551853,0.7514801590755557
841,34.82517272814103,0.7509019161567954
842,34.86653279076353,0.7502794765348408
843,34.90789285338602,0.7496140116426177
844,34.94925291600852,0.7489068314124028
845,34.990612978631006,0.7481593548409998
846,35.0319730412535,0.7473730816155013
847,35.073333103875996,0.7465495657170845
848,35.11469316649849,0.7456903918277039
849,35.15605322912099,0.7447971552288768
850,35.19741329174349,0.7438714457131331
851,35.23877335436598,0.742914835839198
852,35.280133416988484,0.7419288736644344
853,35.321493479610965,0.7409150798949726
854,35.36285354223346,0.7398749492173997
855,35.40421360485596,0.7388099554245808
856,35.445573667478456,0.7377215598298998
857,35.48693373010095,0.736611222382203
858,35.52829379272345,0.7354804148493074
859,35.56965385534595,0.7343306354303414
860,35.61101391796844,0.7331634241807299
861,35.65237398059093,0.731980378684348
862,35.693734043213425,0.7307831694762978
863,35.73509410583592,0.7295735547998737
864,35.776454168458415,0.7283533943635371
865,35.817814231080916,0.7271246618402109
866,35.85917429370341,0.7258894559159593
867,35.900534356325906,0.724650009741005
868,35.94189441894841,0.7234086986623328
869,35.98325448157089,0.7221680461214174
870,36.02461454419338,0.7209307275864599
871,36.065974606815885,0.7196995723603622
872,36.10733466943838,0.7184775630710772
873,36.148694732060875,0.7172678326194644
874,36.19005479468338,0.7160736583405489
875,36.23141485730587,0.7148984531370729
876,36.272774919928366,0.7137457533771163
877,36.314134982550854,0.7126192034144023
878,36.35549504517335,0.7115225366925334
879,36.396855107795844,0.7104595535276738
880,36.43821517041834,0.7094340958213845
881,36.47957523304084,0.7084500191228965
882,36.520935295663335,0.7075111626238885
883,36.56229535828583,0.7066213178130369
884,36.60365542090833,0.7057841966250508
885,36.64501548353082,0.7050033999797258
886,36.686375546153315,0.7042823876075404
887,36.72773560877581,0.7036244499997263
888,36.769095671398304,0.7030326832009205
889,36.8104557340208,0.7025099669900309
890,36.851815796643294,0.7020589467808088
891,36.893175859265796,0.7016820193329195
892,36.93453592188829,0.7013813221133439
893,36.97589598451078,0.7011587259043827
894,37.01725604713327,0.7010158300340221
895,37.05861610975577,0.700953959421003
896,37.09997617237826,0.7009741624904756
897,37.141336235000765,0.7010772089354221
898,37.18269629762326,0.7012635862762168
899,37.224056360245754,0.7015334942083117
900,37.26541642286825,0.7018868358227432
901,37.306776485490744,0.7023232049347661
902,37.34813654811324,0.7028418689555362
903,37.38949661073573,0.7034417469880021
904,37.43085667335823,0.7041213831147975
905,37.47221673598072,0.7048789151688444
906,37.51357679860322,0.7057120396329183
907,37.55493686122572,0.7066179736964132
908,37.59629692384821,0.7075934159019744
909,37.6376569864707,0.7086345072306643
910,37.6790170490932,0.7097367948923012
911,37.7203771117157,0.7108952014873714
912,37.761737174338194,0.7121040025666105
913,37.80309723696069,0.7133568158993412
914,37.84445729958318,0.7146466059356483
915,37.88581736220568,0.7159657069615362
916,37.92717742482817,0.7173058682538124
917,37.96853748745067,0.718658324094335
918,38.00989755007316,0.7200138907636301
919,38.05125761269566,0.7213630915811985
920,38.09261767531815,0.7226963097014119
921,38.13397773794065,0.7240039667506661
922,38.17533780056314,0.7252767235886044
923,38.216697863185644,0.7265056976176437
924,38.25805792580813,0.7276826893132813
925,38.29941798843063,0.7288004091857422
926,38.34077805105313,0.7298526953963891
927,38.38213811367562,0.7308347118999665
928,38.42349817629812,0.7317431173742733
929,38.46485823892061,0.7325761963670308
930,38.50621830154311,0.7333339459805803
931,38.5475783641656,0.7340181138870817
932,38.5889384267881,0.7346321863019197
933,38.63029848941059,0.7351813274775972
934,38.67165855203309,0.7356722750351087
935,38.71301861465558,0.7361131977744215
936,38.75437867727808,0.736513524302786
937,38.79573873990058,0.7368837517760327
938,38.83709880252307,0.7372352442347003
939,38.87845886514557,0.7375800294913416
940,38.919818927768056,0.7379306024088786
941,38.96117899039056,0.7382997408679853
942,39.00253905301305,0.7387003389360588
943,39.04389911563555,0.7391452598959752
944,39.08525917825804,0.7396472100203247
945,39.12661924088054,0.7402186324007958
946,39.16797930350303,0.7408716188368626
947,39.209339366125526,0.7416178367906291
948,39.25069942874802,0.7424684677303297
949,39.292059491370516,0.7434341527945334
950,39.33341955399301,0.7445249415802195
951,39.37477961661551,0.7457502399504136
952,39.41613967923801,0.7471187530313711
953,39.4574997418605,0.7486384199916274
954,39.498859804483,0.7503163377383925
955,39.54021986710549,0.7521586713149461
956,39.58157992972798,0.7541705495265812
957,39.62293999235048,0.7563559451630507
958,39.664300054972976,0.758717540126257
959,39.70566011759547,0.7612565768189085
960,39.747020180217966,0.7639726983065598
961,39.78838024284046,0.7668637810260965
962,39.82974030546296,0.7699257651607068
963,39.87110036808546,0.7731524891968166
964,39.912460430707945,0.7765355365610183
965,39.95382049333044,0.7800641035166537
966,39.995180555952935,0.7837248985610793
967,40.03654061857544,0.7875020842637082
968,40.07790068119793,0.79137727265752
969,40.119260743820426,0.7953295847780473
970,40.16062080644292,0.7993357835824155
971,40.201980869065416,0.8033704871705213
972,40.243340931687904,0.8074064659349675
973,40.284700994310406,0.8114150230522778
974,40.3260610569329,0.8153664527821357
975,40.367421119555395,0.8192305656816891
976,40.40878118217789,0.8229772645014733
977,40.45014124480039,0.8265771497233636
978,40.49150130742289,0.8300021299675406
979,40.53286137004538,0.8332260103196395
980,40.57422143266787,0.8362250313674501
981,40.615581495290364,0.8389783335467873
982,40.65694155791286,0.8414683251996574
983,40.69830162053536,0.8436809382245997
984,40.739661683157856,0.8456057618294496
985,40.78102174578035,0.8472360520375929
986,40.822381808402845,0.848568621574766
987,40.86374187102534,0.8496036209732378
988,40.90510193364783,0.8503442267156107
989,40.94646199627033,0.8507962557424512
990,40.987822058892824,0.8509677276045651
991,41.02918212151532,0.8508683960667643
992,41.070542184137814,0.8505092712992216
993,41.111902246760316,0.8499021522177631
994,41.15326230938281,0.8490591863487086
995,41.194622372005306,0.8479924720476617
996,41.23598243462779,0.8467137151763278
997,41.27734249725029,0.8452339495513663
998,41.31870255987278,0.8435633276742258
999,41.360062622495285,0.841710985446268
1000,41.40142268511778,0.8396849817674924
1001,41.442782747740274,0.8374923111158392
1002,41.48414281036277,0.8351389844388936
1003,41.52550287298527,0.8326301710229289
1004,41.56686293560775,0.8299703915349221
1005,41.608222998230254,0.8271637502850133
1006,41.64958306085275,0.8242141930731792
1007,41.69094312347524,0.8211257759017472
1008,41.73230318609774,0.8179029294751486
1009,41.77366324872024,0.814550704848158
1010,41.815023311342735,0.8110749868474071
1011,41.85638337396523,0.8074826639347257
1012,41.89774343658772,0.8037817458926364
1013,41.93910349921021,0.7999814239153931
1014,41.98046356183271,0.7960920711580349
1015,42.02182362445521,0.7921251852766542
1016,42.063183687077704,0.7880932777307976
1017,42.1045437497002,0.7840097173816388
1018,42.1459038123227,0.7798885380257004
1019,42.18726387494519,0.7757442208356661
1020,42.228623937567676,0.7715914631955177
1021,42.26998400019018,0.7674449451474322
1022,42.311344062812665,0.7633191037083917
1023,42.35270412543517,0.7592279238103182
1024,42.39406418805767,0.7551847527412188
1025,42.43542425068016,0.7512021429000769
1026,42.47678431330266,0.7472917255971951
1027,42.51814437592515,0.7434641166838731
1028,42.55950443854764,0.739728853095351
1029,42.600864501170136,0.7360943580162875
1030,42.64222456379264,0.7325679313677097
1031,42.683584626415126,0.7291557616720467
1032,42.72494468903763,0.7258629550557525
1033,42.76630475166013,0.7226935771529769
1034,42.80766481428262,0.719650703919981
1035,42.849024876905105,0.7167364777976253
1036,42.89038493952761,0.7139521662030085
1037,42.931745002150095,0.7112982199343558
1038,42.9731050647726,0.7087743296849209
1039,43.0144651273951,0.7063794794409924
1040,43.055825190017586,0.7041119960576875
1041,43.09718525264009,0.7019695947432913
1042,43.138545315262576,0.6999494205298432
1043,43.17990537788507,0.6980480860626674
1044,43.221265440507565,0.696261706209377
1045,43.26262550313007,0.6945859300806756
1046,43.303985565752555,0.6930159710832007
1047,43.34534562837506,0.6915466356057184
1048,43.386705690997545,0.6901723508880655
1049,43.42806575362005,0.6888871925547473
1050,43.46942581624255,0.6876849122229605
1051,43.510785878865036,0.6865589655316576
1052,43.55214594148753,0.6855025408900614
1053,43.593506004110026,0.6845085892167103
1054,43.63486606673252,0.6835698549347983
1055,43.676226129355015,0.6826789085030956
1056,43.71758619197752,0.681828180789539
1057,43.758946254600005,0.6810099996282014
1058,43.80030631722251,0.6802166289283307
1059,43.841666379844995,0.6794403107167281
1060,43.88302644246749,0.6786733104787624
1061,43.924386505089984,0.6779079661091756
1062,43.965746567712486,0.6771367406832594
1063,44.007106630334974,0.6763522791074812
1064,44.048466692957476,0.6755474685060013
1065,44.08982675557998,0.6747155019513532
1066,44.131186818202465,0.6738499448638774
1067,44.17254688082496,0.6729448031016084
1068,44.213906943447455,0.6719945914592761
1069,44.25526700606995,0.6709944010156493
1070,44.296627068692445,0.6699399635358542
1071,44.33798713131495,0.6688277109727178
1072,44.379347193937434,0.6676548280377672
1073,44.420707256559936,0.666419295843203
1074,44.462067319182424,0.6651199247570792
1075,44.50342738180492,0.663756374864971
1076,44.54478744442742,0.6623291627823071
1077,44.586147507049915,0.660839653995252
1078,44.62750756967241,0.6592900403998302
1079,44.668867632294905,0.6576833032306348
1080,44.7102276949174,0.6560231620900872
1081,44.751587757539895,0.654314011276746
1082,44.7929478201624,0.6525608450386208
1083,44.834307882784884,0.6507691737228523
1084,44.87566794540738,0.648944933039916
1085,44.917028008029874,0.6470943888016149
1086,44.95838807065237,0.6452240395265832
1087,44.99974813327486,0.6433405192414053
1088,45.041108195897365,0.6414505026524867
1089,45.08246825851986,0.6395606146401197
1090,45.123828321142355,0.6376773457506932
1091,45.16518838376485,0.6358069750557924
1092,45.20654844638734,0.6339555014266164
1093,45.24790850900984,0.6321285839557657
1094,45.289268571632334,0.6303314919593963
1095,45.33062863425483,0.6285690647213293
1096,45.371988696877324,0.6268456809029894
1097,45.413348759499826,0.6251652373423814
1098,45.45470882212231,0.6235311368010624
1099,45.49606888474481,0.6219462840876754
1100,45.5374289473673,0.6204130898863461
1101,45.5787890099898,0.6189334815417314
1102,45.6201490726123,0.6175089199959403
1103,45.661509135234795,0.6161404220294335
1104,45.70286919785729,0.6148285869260123
1105,45.744229260479784,0.6135736266579291
1106,45.78558932310228,0.61237539867085
1107,45.82694938572477,0.6112334403411654
1108,45.86830944834727,0.6101470041823118
1109,45.90966951096976,0.6091150928970366
1110,45.95102957359226,0.6081364934127983
1111,45.99238963621475,0.6072098091031403
1112,46.03374969883725,0.6063334894922263
1113,46.07510976145974,0.6055058568654972
1114,46.116469824082245,0.6047251293666952
1115,46.15782988670474,0.6039894403473091
1116,46.19918994932723,0.603296853943295
1117,46.24055001194973,0.6026453770765198
1118,46.28191007457222,0.6020329683022231
1119,46.32327013719472,0.6014575441346056
1120,46.36463019981721,0.6009169836644275
1121,46.40599026243971,0.6004091324182756
1122,46.4473503250622,0.5999318064842564
1123,46.4887103876847,0.599482797930879
1124,46.530070450307186,0.5990598824664459
1125,46.57143051292969,0.5986608301241634
1126,46.61279057555218,0.5982834195167892
1127,46.65415063817468,0.5979254558979575
1128,46.69551070079718,0.597584792912676
1129,46.736870763419674,0.5972593575437221
1130,46.77823082604217,0.5969471773931937
1131,46.819590888664656,0.5966464091104664
1132,46.86095095128716,0.5963553665211062
1133,46.902311013909646,0.5960725468511158
1134,46.94367107653215,0.5957966533978882
1135,46.98503113915464,0.5955266130824526
1136,47.02639120177714,0.595261587526804
1137,47.06775126439963,0.5950009766226865
1138,47.10911132702213,0.5947444139720107
1139,47.150471389644615,0.5944917540532451
1140,47.19183145226712,0.5942430514667906
1141,47.23319151488962,0.5939985330971667
1142,47.274551577512106,0.5937585644654535
1143,47.31591164013461,0.5935236118988855
1144,47.357271702757096,0.5932942023940977
1145,47.3986317653796,0.5930708831783043
1146,47.43999182800209,0.5928541829762842
1147,47.48135189062459,0.5926445768714343
1148,47.522711953247075,0.5924424564207755
1149,47.56407201586958,0.5922481063630453
1150,47.605432078492065,0.5920616888709674
1151,47.64679214111457,0.5918832358677352
1152,47.68815220373706,0.5917126494817483
1153,47.729512266359556,0.5915497102775406
1154,47.770872328982044,0.591394092499714
1155,47.812232391604546,0.5912453852202832
1156,47.853592454227034,0.5911031180060226
1157,47.894952516849536,0.5909667895330641
1158,47.93631257947204,0.5908358974790113
1159,47.977672642094525,0.5907099680206434
1160,48.01903270471703,0.5905885833551061
1161,48.06039276733952,0.590471405836956
1162,48.101752829962,0.5903581975698547
1163,48.143112892584504,0.5902488345942275
1164,48.184472955207006,0.5901433151513373
1165,48.225833017829494,0.5900417618588517
1166,48.267193080451996,0.5899444179813877
1167,48.3085531430745,0.5898516383008332
1168,48.349913205696986,0.5897638753667251
1169,48.39127326831949,0.589681662121869
1170,48.432633330941975,0.5896055920414447
1171,48.47399339356446,0.5895362979902626
1172,48.515353456186965,0.5894744309920892
1173,48.55671351880947,0.5894206400222073
1174,48.598073581431954,0.5893755537894706
1175,48.639433644054456,0.5893397652801785
1176,48.680793706676944,0.5893138196090382
1177,48.722153769299446,0.589298205479506
1178,48.763513831921934,0.5892933503131567
1179,48.804873894544436,0.5892996188814552
1180,48.84623395716692,0.589317315076098
1181,48.887594019789425,0.5893466862954861
1182,48.92895408241191,0.589387929812101
1183,48.970314145034415,0.5894412004198953
1184,49.01167420765692,0.5895066186429407
1185,49.053034270279404,0.589584278811616
1186,49.09439433290189,0.5896742563754976
1187,49.135754395524394,0.5897766139149604
1188,49.17711445814688,0.5898914054286167
1189,49.218474520769384,0.5900186786022864
1190,49.259834583391886,0.5901584749007074
1191,49.30119464601437,0.5903108274575797
1192,49.342554708636875,0.5904757568682656
1193,49.38391477125938,0.5906532651072041
1194,49.42527483388186,0.5908433278954534
1195,49.46663489650435,0.591045885929964
1196,49.507994959126854,0.5912608354527387
1197,49.54935502174934,0.5914880186834072
1198,49.590715084371844,0.5917272146610835
1199,49.632075146994346,0.5919781310402406
1200,49.673435209616834,0.5922403973592987
1201,49.714795272239336,0.5925135602508187
1202,49.75615533486182,0.5927970809881985
1203,49.79751539748431,0.593090335669073
1204,49.83887546010681,0.5933926182219588
1205,49.880235522729315,0.5937031462950498
1206,49.9215955853518,0.5940210699499912
1207,49.962955647974304,0.5943454829445816
1208,50.00431571059679,0.5946754362542456
1209,50.045675773219294,0.5950099533595432
1210,50.08703583584178,0.5953480467229395
1211,50.128395898464284,0.5956887347987567
1212,50.16975596108677,0.5960310588713642
1213,50.21111602370927,0.5963740990011843
1214,50.25247608633176,0.5967169883796356
1215,50.29383614895426,0.5970589254519428
1216,50.335196211576765,0.5973991832605047
1217,50.37655627419925,0.5977371155877518
1218,50.41791633682175,0.5980721596312029
1219,50.45927639944424,0.5984038351186212
1220,50.50063646206674,0.5987317399594881
1221,50.54199652468923,0.599055542721678
1222,50.583356587311734,0.5993749724083494
1223,50.62471664993422,0.5996898061800687
1224,50.66607671255672,0.5999998558083666
1225,50.707436775179225,0.6003049537510091
1226,50.748796837801706,0.6006049397945417
1227,50.7901569004242,0.6008996492106522
1228,50.8315169630467,0.601188903313382
1229,50.8728770256692,0.6014725031838936
1230,50.91423708829169,0.6017502271504089
1231,50.955597150914194,0.6020218323810954
1232,50.99695721353668,0.6022870606786609
1233,51.038317276159184,0.602545648273347
1234,51.07967733878167,0.6027973391160112
1235,51.121037401404166,0.6030419008964207
1236,51.16239746402666,0.6032791427764359
1237,51.20375752664916,0.6035089336541641
1238,51.24511758927165,0.6037312196808561
1239,51.28647765189415,0.6039460397493913
1240,51.32783771451664,0.6041535377656465
1241,51.36919777713914,0.6043539706999608
1242,51.41055783976164,0.6045477116820073
1243,51.45191790238413,0.604735247730566
1244,51.49327796500663,0.604917172074056
1245,51.53463802762912,0.6050941713884319
1246,51.575998090251616,0.6052670086263053
1247,51.61735815287411,0.6054365024057737
1248,51.65871821549661,0.6056035041454073
1249,51.7000782781191,0.6057688742564109
1250,51.741438340741595,0.605933458725441
1251,51.78279840336409,0.6060980673430086
1252,51.824158465986585,0.606263454662319
1253,51.86551852860908,0.606430304529452
1254,51.90687859123158,0.6065992187310761
1255,51.94823865385408,0.6067707099865598
1256,51.98959871647657,0.6069451991948126
1257,52.03095877909907,0.6071230165577584
1258,52.072318841721554,0.607304405962842
1259,52.113678904344056,0.6074895318332371
1260,52.15503896696655,0.6076784875550509
1261,52.196399029589045,0.6078713045688873
1262,52.23775909221154,0.6080679612652332
1263,52.27911915483404,0.6082683909397444
1264,52.32047921745653,0.6084724882318925
1265,52.36183928007903,0.6086801136729457
1266,52.40319934270152,0.6088910961876225
1267,52.444559405324014,0.6091052336113979
1268,52.485919467946516,0.6093222914847232
1269,52.52727953056901,0.6095420005522265
1270,52.568639593191506,0.6097640535185751
1271,52.609999655814,0.6099881016851681
1272,52.651359718436495,0.6102137521091487
1273,52.69271978105899,0.6104405658900841
1274,52.734079843681485,0.6106680581024694
1275,52.77543990630398,0.6108956997619953
1276,52.816799968926475,0.6111229220506103
1277,52.85816003154897,0.6113491228412063
1278,52.899520094171464,0.6115736753711769
1279,52.94088015679396,0.6117959387288804
1280,52.98224021941646,0.6120152696524777
1281,53.023600282038956,0.6122310350079867
1282,53.06496034466144,0.6124426242248372
1283,53.106320407283945,0.6126494609290175
1284,53.14768046990643,0.6128510130318534
1285,53.189040532528935,0.6130468006062184
1286,53.23040059515143,0.6132364010088679
1287,53.271760657773925,0.6134194508802228
1288,53.31312072039642,0.6135956448602465
1289,53.354480783018914,0.6137647310872688
1290,53.3958408456414,0.6139265037797463
1291,53.437200908263904,0.6140807934219126
1292,53.4785609708864,0.6142274552660136
1293,53.51992103350889,0.6143663570111318
1294,53.561281096131395,0.6144973666091017
1295,53.60264115875389,0.6146203411718685
1296,53.644001221376385,0.6147351179093872
1297,53.68536128399887,0.6148415079118013
1298,53.726721346621375,0.614939293412841
1299,53.76808140924386,0.615028228942557
1300,53.809441471866364,0.6151080465145766
1301,53.85080153448886,0.6151784647136694
1302,53.892161597111354,0.6152392012763122
1303,53.93352165973385,0.6152899885101173
1304,53.97488172235634,0.6153305906986394
1305,54.01624178497883,0.6153608225020845
1306,54.05760184760133,0.6153805673033906
1307,54.098961910223835,0.6153897944691928
1308,54.14032197284632,0.6153885745940351
1309,54.181682035468825,0.6153770919663311
1310,54.22304209809131,0.6153556537202394
1311,54.264402160713814,0.615324695399797
1312,54.30576222333631,0.6152847829353252
1313,54.347122285958804,0.6152366112943379
1314,54.38848234858129,0.6151810002943655
1315,54.42984241120379,0.6151188882354044
1316,54.47120247382628,0.6150513241080626
1317,54.51256253644878,0.6149794591550162
1318,54.55392259907128,0.6149045385059853
1319,54.59528266169377,0.6148278934794262
1320,54.636642724316275,0.6147509349609535
1321,54.67800278693876,0.6146751480493772
1322,54.71936284956125,0.6146020879281995
1323,54.76072291218375,0.6145333766967047
1324,54.802082974806254,0.6144707007019744
1325,54.84344303742874,0.6144158077684759
1326,54.88480310005124,0.6143705036379488
1327,54.92616316267374,0.6143366469148216
1328,54.96752322529623,0.6143161418612422
1329,55.00888328791872,0.6143109284944087
1330,55.05024335054122,0.61432296959605
1331,55.09160341316371,0.6143542344356145
1332,55.13296347578621,0.6144066792176803
1333,55.174323538408714,0.6144822244753092
1334,55.2156836010312,0.61458272982862
1335,55.257043663653704,0.6147099666999899
1336,55.29840372627619,0.6148655897145626
1337,55.33976378889868,0.6150511076116698
1338,55.38112385152118,0.6152678545465194
1339,55.42248391414368,0.6155169626731558
1340,55.46384397676617,0.6157993368712195
1341,55.50520403938867,0.6161156324152617
1342,55.54656410201116,0.6164662362912597
1343,55.58792416463366,0.6168512527463209
1344,55.62928422725616,0.6172704935202293
1345,55.67064428987865,0.6177234730569325
1346,55.71200435250114,0.6182094088362838
1347,55.75336441512364,0.6187272268066262
1348,55.79472447774613,0.6192755717428512
1349,55.83608454036863,0.6198528222076286
1350,55.87744460299113,0.6204571096612745
1351,55.91880466561362,0.621086341153339
1352,55.96016472823612,0.6217382249409306
1353,56.00152479085861,0.6224102983188798
1354,56.0428848534811,0.6230999569174791
1355,56.0842449161036,0.6238044847257065
1356,56.1256049787261,0.6245210841299123
1357,56.16696504134859,0.6252469053180056
1358,56.20832510397109,0.6259790744815772
1359,56.24968516659359,0.6267147203476042
1360,56.29104522921608,0.6274509986805674
1361,56.33240529183857,0.6281851145074353
1362,56.37376535446107,0.6289143419256575
1363,56.41512541708356,0.6296360414519588
1364,56.45648547970606,0.6303476749533578
1365,56.49784554232856,0.6310468182680854
1366,56.53920560495105,0.6317311716729135
1367,56.58056566757355,0.6323985683839131
1368,56.62192573019604,0.6330469812930625
1369,56.663285792818535,0.6336745281442242
1370,56.70464585544103,0.6342794753429392
1371,56.74600591806353,0.6348602405765924
1372,56.78736598068602,0.6354153943982995
1373,56.82872604330852,0.6359436609001745
1374,56.87008610593101,0.6364439175716267
1375,56.91144616855351,0.6369151944065881
1376,56.95280623117601,0.6373566722912989
1377,56.9941662937985,0.637767680671855
1378,57.03552635642099,0.6381476944700579
1379,57.07688641904349,0.6384963301876676
1380,57.11824648166598,0.6388133411154203
1381,57.15960654428848,0.6390986115454459
1382,57.20096660691098,0.6393521498770448
1383,57.24232666953347,0.6395740805068738
1384,57.28368673215597,0.6397646344088259
1385,57.32504679477846,0.639924138336088
1386,57.36640685740095,0.6400530026196719
1387,57.40776692002345,0.6401517075932852
1388,57.44912698264595,0.6402207887430131
1389,57.49048704526844,0.6402608207590419
1390,57.53184710789094,0.6402724007535479
1391,57.57320717051344,0.6402561309987467
1392,57.61456723313593,0.6402126016276792
1393,57.65592729575842,0.6401423738228128
1394,57.69728735838092,0.6400459640868046
1395,57.738647421003414,0.639923830241117
1396,57.78000748362591,0.639776359825334
1397,57.82136754624841,0.6396038615673026
1398,57.8627276088709,0.6394065605575133
1399,57.9040876714934,0.6391845976869088
1400,57.94544773411589,0.6389380337935519
1401,57.98680779673838,0.6386668588108608
1402,58.02816785936088,0.6383710060214903
1403,58.06952792198338,0.638050371300863
1404,58.11088798460587,0.6377048369925019
1405,58.15224804722837,0.6373342998041641
1406,58.19360810985086,0.636938701863085
1407,58.23496817247336,0.6365180638365615
1408,58.27632823509585,0.6360725188265849
1409,58.31768829771835,0.635602345600925
1410,58.35904836034084,0.6351079996422637
1411,58.40040842296334,0.6345901404925675
1412,58.44176848558583,0.6340496539489848
1413,58.48312854820833,0.6334876678299038
1414,58.52448861083083,0.6329055602708543
1415,58.56584867345332,0.6323049598168619
1416,58.60720873607581,0.6316877369337318
1417,58.64856879869831,0.6310559869440209
1418,58.6899288613208,0.6304120047802212
1419,58.731288923943296,0.6297582523144651
1420,58.7726489865658,0.629097319349332
1421,58.81400904918829,0.6284318796205514
1422,58.85536911181079,0.6277646433573892
1423,58.89672917443329,0.6270983080639586
1424,58.93808923705577,0.6264355092242356
1425,58.97944929967827,0.625778772598538
1426,59.02080936230077,0.6251304696787353
1427,59.06216942492326,0.6244927777122563
1428,59.10352948754576,0.6238676455027524
1429,59.14488955016826,0.6232567659586865
1430,59.186249612790746,0.622661556099634
1431,59.22760967541325,0.6220831449540266
1432,59.268969738035736,0.6215223694982593
1433,59.31032980065823,0.6209797785051153
1434,59.35168986328073,0.6204556438965855
1435,59.39304992590323,0.6199499789411757
1436,59.43440998852572,0.6194625624077034
1437,59.47577005114822,0.6189929675957752
1438,59.51713011377071,0.6185405950155457
1439,59.55849017639321,0.6181047073944541
1440,59.5998502390157,0.6176844656512827
1441,59.641210301638196,0.6172789645011878
1442,59.68257036426069,0.6168872664384337
1443,59.723930426883186,0.6165084329824279
1444,59.76529048950568,0.6161415522593459
1445,59.806650552128175,0.6157857622148305
1446,59.84801061475068,0.6154402690003753
1447,59.88937067737317,0.6151043603310815
1448,59.93073073999566,0.614777413861314
1449,59.97209080261816,0.6144589008527007
1450,60.01345086524065,0.6141483856030854
1451,60.05481092786315,0.6138455212562329
1452,60.096170990485646,0.6135500427134359
1453,60.13753105310814,0.613261757416965
1454,60.178891115730636,0.6129805347722859
1455,60.22025117835314,0.6127062949258277
1456,60.26161124097562,0.6124389975247294
1457,60.30297130359812,0.6121786309648529
1458,60.344331366220615,0.6119252024943416
1459,60.38569142884311,0.6116787293945792
1460,60.42705149146561,0.6114392313206558
1461,60.46841155408811,0.6112067237600483
1462,60.5097716167106,0.610981212470628
1463,60.551131679333096,0.6107626886934654
1464,60.59249174195559,0.610551124906049
1465,60.63385180457808,0.6103464708878077
1466,60.67521186720058,0.6101486499087703
1467,60.716571929823075,0.6099575549186512
1468,60.75793199244557,0.6097730446989428
1469,60.799292055068065,0.609594940034699
1470,60.84065211769056,0.6094230200556426
1471,60.882012180313055,0.6092570189767945
1472,60.92337224293555,0.6090966235288685
1473,60.96473230555805,0.6089414714000383
1474,61.00609236818054,0.6087911510098105
1475,61.04745243080304,0.6086452029011069
1476,61.08881249342553,0.6085031229691423
1477,61.13017255604803,0.6083643676522373
1478,61.171532618670525,0.6082283610949669
1479,61.21289268129302,0.6080945041699364
1480,61.25425274391551,0.6079621851190034
1481,61.29561280653801,0.6078307914601447
1482,61.3369728691605,0.6076997227103687
1483,61.378332931783,0.6075684034077727
1484,61.419692994405494,0.6074362958807958
1485,61.46105305702799,0.6073029122151365
1486,61.50241311965049,0.6071678249066474
1487,61.543773182272986,0.6070306757603269
1488,61.58513324489547,0.6068911826953622
1489,61.62649330751797,0.6067491442360068
1490,61.66785337014047,0.6066044415992193
1491,61.70921343276296,0.6064570384223741
1492,61.75057349538546,0.6063069782974946
1493,61.791933558007955,0.6061543803843783
1494,61.83329362063045,0.6059994334548655
1495,61.874653683252944,0.6058423887699436
1496,61.91601374587544,0.6056835522071823
1497,61.95737380849793,0.6055232760375061
1498,61.99873387112043,0.6053619507013742
1499,62.04009393374293,0.6051999968588383
1500,62.08145399636542,0.6050378578940022
1501,62.12281405898792,0.6048759929505074
1502,62.16417412161041,0.6047148704705118
1503,62.20553418423291,0.6045549621151988
1504,62.2468942468554,0.6043967368694242
1505,62.2882543094779,0.6042406550837666
1506,62.32961437210039,0.6040871621906906
1507,62.37097443472289,0.6039366818499002
1508,62.41233449734538,0.6037896083316682
1509,62.45369455996788,0.6036462980337552
1510,62.49505462259038,0.6035070601400578
1511,62.53641468521287,0.6033721465609059
1512,62.577774747835356,0.6032417414331138
1513,62.61913481045786,0.6031159505928686
1514,62.660494873080346,0.6029947915519586
1515,62.70185493570285,0.6028781845975861
1516,62.74321499832535,0.6027659456866609
1517,62.78457506094784,0.6026577818104718
1518,62.82593512357034,0.6025532894596758
1519,62.867295186192834,0.60245195672316
1520,62.908655248815315,0.6023531694104474
1521,62.95001531143782,0.6022562214045729
1522,62.99137537406032,0.6021603292411644
1523,63.032735436682806,0.6020646506849846
1524,63.07409549930531,0.6019683068524311
1525,63.11545556192781,0.601870407223322
1526,63.1568156245503,0.6017700767129599
1527,63.1981756871728,0.6016664838472973
1528,63.23953574979529,0.6015588690085261
1529,63.280895812417775,0.60144657169936
1530,63.32225587504028,0.6013290558105232
1531,63.36361593766278,0.6012059319617263
1532,63.40497600028527,0.6010769761127852
1533,63.44633606290777,0.6009421437962864
1534,63.487696125530256,0.6008015794938093
1535,63.52905618815275,0.6006556208512511
1536,63.570416250775246,0.6005047975951568
1537,63.61177631339775,0.6003498251630164
1538,63.653136376020235,0.6001915931916673
1539,63.69449643864274,0.6000311491189106
1540,63.735856501265225,0.599869677246086
1541,63.77721656388773,0.5997084736878657
1542,63.81857662651023,0.5995489177064227
1543,63.85993668913271,0.5993924399951768
1544,63.901296751755204,0.5992404885477666
1545,63.942656814377706,0.5990944928232524
1546,63.984016877000194,0.5989558269986629
1547,64.0253769396227,0.598825773182546
1548,64.06673700224519,0.5987054855424555
1549,64.10809706486769,0.5985959563680906
1550,64.14945712749018,0.5984979851406435
1551,64.19081719011268,0.598412151698348
1552,64.23217725273517,0.5983387945688127
1553,64.27353731535767,0.5982779954718157
1554,64.31489737798016,0.5982295708764792
1555,64.35625744060266,0.5981930713200649
1556,64.39761750322516,0.5981677889632181
1557,64.43897756584765,0.5981527735724488
1558,64.48033762847015,0.5981468567934862
1559,64.52169769109264,0.5981486842228972
1560,64.56305775371514,0.5981567544159521
1561,64.60441781633763,0.5981694636075541
1562,64.64577787896013,0.5981851545924475
1563,64.68713794158262,0.5982021679344314
1564,64.72849800420512,0.5982188934747621
1565,64.76985806682761,0.598233820007046
1566,64.81121812945011,0.5982455809945468
1567,64.8525781920726,0.5982529943341334
1568,64.8939382546951,0.5982550944191561
1569,64.9352983173176,0.5982511551113714
1570,64.97665837994009,0.5982407026826604
1571,65.01801844256259,0.598223518302707
1572,65.05937850518508,0.5981996301973703
1573,65.10073856780758,0.5981692961466146
1574,65.14209863043007,0.5981329774939361
1575,65.18345869305256,0.5980913062656313
1576,65.22481875567506,0.5980450473196719
1577,65.26617881829756,0.5979950576394149
1578,65.30753888092005,0.5979422449457612
1579,65.34889894354255,0.597887527723413
1580,65.39025900616505,0.5978317985523757
1581,65.43161906878754,0.5977758923252553
1582,65.47297913141004,0.5977205605401044
1583,65.51433919403253,0.5976664524196486
1584,65.55569925665502,0.5976141031532362
1585,65.59705931927752,0.5975639291202395
1586,65.63841938190002,0.597516229560936
1587,65.67977944452251,0.5974711938372148
1588,65.72113950714501,0.5974289131865362
1589,65.7624995697675,0.5973893957281118
1590,65.80385963239,0.5973525834315689
1591,65.84521969501249,0.5973183698002579
1592,65.88657975763499,0.597286617142058
1593,65.92793982025748,0.5972571724840271
1594,65.96929988287998,0.597229881413633
1595,66.01065994550248,0.5972045993778611
1596,66.05202000812497,0.597181200220659
1597,66.09338007074747,0.5971595819701058
1598,66.13474013336996,0.5971396700823386
1599,66.17610019599245,0.5971214184980337
1600,66.21746025861495,0.597104808961005
1601,66.25882032123745,0.5970898490853165
1602,66.30018038385994,0.5970765696401644
1603,66.34154044648244,0.5970650214575406
1604,66.38290050910493,0.5970552722691148
1605,66.42426057172743,0.5970474036582712
1606,66.46562063434992,0.5970415081882937
1607,66.50698069697242,0.5970376866523567
1608,66.54834075959491,0.5970360453000932
1609,66.58970082221741,0.5970366928394949
1610,66.6310608848399,0.5970397369991345
1611,66.67242094746238,0.5970452804651332
1612,66.7137810100849,0.5970534160781049
1613,66.75514107270737,0.5970642212780625
1614,66.79650113532989,0.5970777519085165
1615,66.83786119795238,0.5970940356193599
1616,66.87922126057488,0.5971130652257853
1617,66.92058132319737,0.5971347924709677
1618,66.96194138581987,0.5971591226915556
1619,67.00330144844236,0.5971859108868496
1620,67.04466151106485,0.5972149596417117
1621,67.08602157368736,0.5972460192508758
1622,67.12738163630983,0.5972787902460718
1623,67.16874169893235,0.5973129283492105
1624,67.21010176155484,0.5973480516809834
1625,67.25146182417734,0.5973837498621477
1626,67.29282188679983,0.5974195944727199
1627,67.33418194942232,0.5974551501986743
1628,67.37554201204482,0.5974899859091238
1629,67.4169020746673,0.597523684878233
1630,67.45826213728981,0.5975558533983819
1631,67.4996221999123,0.5975861271219939
1632,67.54098226253481,0.5976141746122507
1633,67.58234232515728,0.5976396977667113
1634,67.6237023877798,0.5976624289876838
1635,67.66506245040229,0.5976821251948375
1636,67.70642251302478,0.5976985589920827
1637,67.74778257564728,0.5977115074982174
1638,67.78914263826977,0.5977207395161893
1639,67.83050270089227,0.5977260018395255
1640,67.87186276351476,0.5977270055698218
1641,67.91322282613726,0.5977234133425446
1642,67.95458288875975,0.5977148283302026
1643,67.99594295138223,0.5977007858143679
1644,68.03730301400475,0.5976807479964381
1645,68.07866307662722,0.5976541025585579
1646,68.12002313924974,0.5976201652990207
1647,68.16138320187223,0.5975781869604396
1648,68.20274326449473,0.5975273641543396
1649,68.24410332711722,0.597466854072427
1650,68.28546338973972,0.5973957924740991
1651,68.3268234523622,0.5973133142604534
1652,68.3681835149847,0.5972185757981573
1653,68.40954357760721,0.597110778048923
1654,68.45090364022968,0.5969891894999907
1655,68.4922637028522,0.5968531678823504
1656,68.53362376547469,0.5967021797089838
1657,68.57498382809719,0.5965358167652629
1658,68.61634389071968,0.596353808833905
1659,68.65770395334216,0.5961560321314068
1660,68.69906401596467,0.595942513161119
1661,68.74042407858715,0.5957134279383194
1662,68.78178414120966,0.5954690967987534
1663,68.82314420383214,0.5952099752488814
1664,68.86450426645466,0.594936641536436
1665,68.90586432907713,0.5946497817981986
1666,68.94722439169962,0.5943501737657978
1667,68.98858445432214,0.5940386700682088
1668,69.02994451694462,0.5937161821579965
1669,69.07130457956713,0.5933836658047668
1670,69.11266464218961,0.593042108950001
1671,69.15402470481212,0.5926925225112687
1672,69.1953847674346,0.5923359344762725
1673,69.23674483005712,0.5919733873554661
1674,69.2781048926796,0.5916059387870204
1675,69.31946495530208,0.5912346648305377
1676,69.3608250179246,0.5908606652656822
1677,69.40218508054707,0.5904850700465629
1678,69.44354514316959,0.590109045963854
1679,69.48490520579207,0.5897338025434075
1680,69.52626526841458,0.5893605962612738
1681,69.56762533103706,0.5889907322776766
1682,69.60898539365955,0.5886255630736329
1683,69.65034545628205,0.5882664835986771
1684,69.69170551890454,0.5879149227867277
1685,69.73306558152706,0.5875723315486167
1686,69.77442564414953,0.5872401675840961
1687,69.81578570677205,0.5869198775549409
1688,69.85714576939453,0.5866128773104125
1689,69.89850583201704,0.5863205309479528
1690,69.93986589463952,0.5860441295228986
1691,69.98122595726201,0.5857848701939301
1692,70.02258601988451,0.5855438365141372
1693,70.063946082507,0.5853219804628991
1694,70.1053061451295,0.585120106675697
1695,70.14666620775199,0.5849388591828834
1696,70.18802627037451,0.5847787108282602
1697,70.22938633299698,0.5846399554161986
1698,70.27074639561947,0.5845227025406
1699,70.31210645824198,0.5844268749842528
1700,70.35346652086447,0.584352208543782
1701,70.39482658348697,0.5842982541293026
1702,70.43618664610946,0.5842643820034105
1703,70.47754670873196,0.5842497880512387
1704,70.51890677135445,0.584253502004298
1705,70.56026683397697,0.5842743975655674
1706,70.60162689659944,0.5843112043950279
1707,70.64298695922193,0.5843625219090062
1708,70.68434702184445,0.5844268348207271
1709,70.72570708446692,0.5845025303050444
1710,70.76706714708943,0.5845879166118148
1711,70.80842720971192,0.584681242884947
1712,70.84978727233442,0.5847807198772076
1713,70.89114733495691,0.5848845411914987
1714,70.9325073975794,0.584990904635643
1715,70.9738674602019,0.5850980332560854
1716,71.01522752282439,0.5852041956200472
1717,71.0565875854469,0.58530772494684
1718,71.09794764806938,0.5854070367453572
1719,71.1393077106919,0.585500644691955
1720,71.18066777331438,0.585587174573846
1721,71.22202783593688,0.5856653762195803
1722,71.26338789855937,0.5857341334313714
1723,71.30474796118186,0.5857924720147406
1724,71.34610802380436,0.585839566062311
1725,71.38746808642685,0.5858747426849195
1726,71.42882814904935,0.5858974853917078
1727,71.47018821167184,0.5859074363018321
1728,71.51154827429436,0.5859043973267303
1729,71.55290833691683,0.5858883303992253
1730,71.59426839953932,0.585859356751732
1731,71.63562846216183,0.5858177551696814
1732,71.67698852478432,0.5857639590770625
1733,71.71834858740682,0.5856985522579736
1734,71.75970865002931,0.5856222629884512
1735,71.80106871265181,0.5855359563523954
1736,71.8424287752743,0.585440624546232
1737,71.88378883789682,0.5853373750393573
1738,71.92514890051929,0.5852274165473271
1739,71.96650896314178,0.5851120428862173
1740,72.0078690257643,0.5849926149013395
1741,72.04922908838677,0.5848705407906196
1742,72.09058915100928,0.5847472552627444
1743,72.13194921363177,0.5846241980709914
1744,72.17330927625427,0.5845027925371701
1745,72.21466933887676,0.5843844247180668
1746,72.25602940149925,0.5842704238655184
1747,72.29738946412175,0.5841620447878414
1748,72.33874952674424,0.5840604526377524
1749,72.38010958936675,0.5839667105338335
1750,72.42146965198923,0.5838817702766474
1751,72.46282971461174,0.5838064662569035
1752,72.50418977723423,0.5837415124817933
1753,72.54554983985673,0.5836875024789615
1754,72.58690990247922,0.5836449116870432
1755,72.62826996510171,0.58361410181719
1756,72.66963002772421,0.583595326580445
1757,72.7109900903467,0.5835887381274092
1758,72.7523501529692,0.5835943935425996
1759,72.79371021559169,0.5836122607764752
1760,72.8350702782142,0.5836422234813516
1761,72.87643034083668,0.5836840843365556
1762,72.91779040345918,0.5837375665969081
1763,72.95915046608168,0.583802313765814
1764,73.00051052870417,0.5838778874698044
1765,73.04187059132667,0.5839637637839974
1766,73.08323065394916,0.5840593284157147
1767,73.12459071657166,0.5841638712878485
1768,73.16595077919415,0.5842765811642485
1769,73.20731084181666,0.5843965410216773
1770,73.24867090443914,0.5845227248914107
1771,73.29003096706164,0.5846539968675337
1772,73.33139102968414,0.5847891129090812
1773,73.37275109230663,0.5849267259527625
1774,73.41411115492913,0.5850653947077573
1775,73.45547121755162,0.5852035963313931
1776,73.49683128017412,0.5853397429926184
1777,73.53819134279661,0.5854722021302288
1778,73.5795514054191,0.5855993200132635
1779,73.6209114680416,0.5857194480243453
1780,73.66227153066409,0.5858309709212342
1781,73.70363159328659,0.5859323361979812
1782,73.74499165590908,0.5860220835715947
1783,73.78635171853159,0.5860988735695326
1784,73.82771178115408,0.5861615141910231
1785,73.86907184377658,0.5862089846625702
1786,73.91043190639907,0.5862404554032995
1787,73.95179196902156,0.586255303454957
1788,73.99315203164406,0.5862531228073419
1789,74.03451209426655,0.5862337292540707
1790,74.07587215688905,0.5861971596341636
1791,74.11723221951154,0.5861436655408503
1792,74.15859228213405,0.5860737017968608
1793,74.19995234475653,0.5859879101946757
1794,74.24131240737903,0.5858870991682901
1795,74.28267247000153,0.5857722201934341
1796,74.32403253262402,0.5856443417982775
1797,74.36539259524652,0.5855046221044065
1798,74.406752657869,0.5853542808084181
1799,74.44811272049151,0.5851945714612915
1800,74.489472783114,0.5850267548121028
1801,74.5308328457365,0.5848520738632881
1802,74.57219290835899,0.5846717311471809
1803,74.61355297098149,0.5844868685881031
1804,74.65491303360399,0.584298550173157
1805,74.69627309622648,0.5841077475267827
1806,74.73763315884898,0.5839153283784068
1807,74.77899322147147,0.583722047834341
1808,74.82035328409397,0.583528542318237
1809,74.86171334671646,0.583335326028001
1810,74.90307340933896,0.583142789769128
1811,74.94443347196145,0.5829512020574801
1812,74.98579353458395,0.5827607124318362
1813,75.02715359720644,0.582571356966384
1814,75.06851365982894,0.5823830660161805
1815,75.10987372245144,0.5821956742529175
1816,75.15123378507393,0.5820089330454219
1817,75.19259384769641,0.581822525202332
1818,75.23395391031892,0.581636082019821
1819,75.2753139729414,0.5814492024665847
1820,75.3166740355639,0.5812614741967295
1821,75.3580340981864,0.5810724959187529
1822,75.3993941608089,0.5808819004805116
1823,75.4407542234314,0.5806893778716986
1824,75.4821142860539,0.5804946972166881
1825,75.52347434867639,0.5802977267480987
1826,75.56483441129888,0.5800984507315091
1827,75.60619447392138,0.5798969823633661
1828,75.64755453654386,0.57969357179263
1829,75.68891459916637,0.5794886086173988
1830,75.73027466178885,0.5792826184707083
1831,75.77163472441136,0.5790762536163336
1832,75.81299478703384,0.5788702778029335
1833,75.85435484965635,0.5786655459470955
1834,75.89571491227883,0.578462979506701
1835,75.93707497490134,0.5782635386413244
1836,75.97843503752384,0.5780681924183372
1837,76.01979510014633,0.5778778883995425
1838,76.06115516276883,0.5776935229305514
1839,76.10251522539131,0.5775159133577845
1840,76.14387528801382,0.5773457732275427
1841,76.1852353506363,0.5771836912954847
1842,76.2265954132588,0.5770301149134004
1843,76.2679554758813,0.5768853380859678
1844,76.3093155385038,0.5767494942235402
1845,76.35067560112628,0.5766225533772755
1846,76.39203566374879,0.5765043235436563
1847,76.43339572637129,0.5763944554760313
1848,76.47475578899378,0.5762924503462785
1849,76.51611585161626,0.5761976695582294
1850,76.55747591423876,0.5761093460223604
1851,76.59883597686127,0.5760265962496534
1852,76.64019603948375,0.5759484327017331
1853,76.68155610210626,0.575873775932631
1854,76.72291616472874,0.5758014661644754
1855,76.76427622735125,0.5757302740440108
1856,76.80563628997375,0.5756589104215327
1857,76.84699635259624,0.5755860350719075
1858,76.88835641521872,0.5755102643359479
1859,76.92971647784123,0.5754301776978851
1860,76.97107654046371,0.5753443233330789
1861,77.01243660308621,0.5752512226624035
1862,77.05379666570872,0.5751493739408268
1863,77.0951567283312,0.5750372548927484
1864,77.1365167909537,0.574913324390996
1865,77.1778768535762,0.5747760231642174
1866,77.2192369161987,0.5746237735121389
1867,77.26059697882118,0.5744549780109227
1868,77.30195704144369,0.5742680172016142
1869,77.34331710406617,0.5740612462721637
1870,77.38467716668868,0.5738329907651887
1871,77.42603722931116,0.5735815413674842
1872,77.46739729193366,0.5733051478623472
1873,77.50875735455617,0.5730020123518126
1874,77.55011741717865,0.5726702818864329
1875,77.59147747980116,0.5723080406787936
1876,77.63283754242364,0.5719133021309778
1877,77.67419760504615,0.5714840009812131
1878,77.71555766766863,0.5710179859774679
1879,77.75691773029114,0.5705130136167702
1880,77.79827779291362,0.5699667436465724
1881,77.83963785553611,0.5693767371980504
1882,77.88099791815861,0.5687404585936935
1883,77.92235798078111,0.5680552820183867
1884,77.9637180434036,0.5673185043345625
1885,78.0050781060261,0.5665273653251306
1886,78.0464381686486,0.5656790765332137
1887,78.0877982312711,0.564770859611234
1888,78.1291582938936,0.5637999946836204
1889,78.17051835651608,0.5627638786722218
1890,78.21187841913857,0.5616600928582839
1891,78.25323848176107,0.5604864782038346
1892,78.29459854438358,0.5592412161935366
1893,78.33595860700606,0.5579229122601226
1894,78.37731866962856,0.5565306783033044
1895,78.41867873225105,0.5550642104765199
1896,78.46003879487355,0.5535238583563804
1897,78.50139885749604,0.5519106818561664
1898,78.54275892011854,0.5502264927963078
1899,78.58411898274103,0.5484738788632506
1900,78.62547904536353,0.5466562087035352
1901,78.66683910798602,0.5447776180158197
1902,78.70819917060852,0.5428429776112362
1903,78.74955923323103,0.5408578454014458
1904,78.79091929585351,0.5388284050515518
1905,78.83227935847601,0.5367613945340135
1906,78.8736394210985,0.5346640280095554
1907,78.914999483721,0.5325439143492042
1908,78.95635954634349,0.5304089752409105
1909,78.997719608966,0.5282673652651557
1910,79.03907967158848,0.5261273956619718
1911,79.08043973421098,0.5239974628364655
1912,79.12179979683349,0.5218859820388874
1913,79.16315985945596,0.5198013261697515
1914,79.20451992207848,0.5177517693341624
1915,79.24587998470096,0.5157454346114857
1916,79.28724004732346,0.513790245500902
1917,79.32860010994595,0.5118938806170441
1918,79.36996017256845,0.5100637313990558
1919,79.41132023519094,0.5083068628136075
1920,79.45268029781343,0.506629977236247
1921,79.49404036043593,0.5050393818525388
1922,79.53540042305842,0.503540960009888
1923,79.57676048568092,0.5021401469661637
1924,79.61812054830342,0.5008419104254326
1925,79.65948061092593,0.49965073613771316
1926,79.70084067354841,0.4985706186876725
1927,79.74220073617091,0.4976050574270763
1928,79.7835607987934,0.4967570573375861
1929,79.82492086141589,0.49602913446137425
1930,79.86628092403839,0.49542332541837714
1931,79.90764098666088,0.4949412004486221
1932,79.94900104928338,0.4945838793767033
1933,79.99036111190587,0.4943520498915884
1934,80.03172117452837,0.4942459875618236
1935,80.07308123715087,0.4942655770561115
1936,80.11444129977336,0.4944103341031893
1937,80.15580136239586,0.4946794277937746
1938,80.19716142501835,0.49507170289355423
1939,80.23852148764085,0.49558570189304885
1940,80.27988155026334,0.49621968656417914
1941,80.32124161288584,0.49697165882190264
1942,80.36260167550833,0.4978393807032088
1943,80.40396173813083,0.49882039327723854
1944,80.44532180075333,0.49991203429296344
1945,80.48668186337581,0.5011114543598634
1946,80.52804192599832,0.5024156314481474
1947,80.56940198862081,0.5038213834926563
1948,80.61076205124331,0.5053253788941627
1949,80.6521221138658,0.5069241447361776
1950,80.6934821764883,0.508614072575836
1951,80.73484223911079,0.510391421723861
1952,80.77620230173328,0.5122523199986663
1953,80.81756236435578,0.5141927620184138
1954,80.85892242697827,0.516208605177433
1955,80.90028248960078,0.5182955635327366
1956,80.94164255222327,0.5204491998966108
1957,80.98300261484577,0.5226649164861834
1958,81.02436267746826,0.524937944517603
1959,81.06572274009076,0.5272633331484227
1960,81.10708280271325,0.5296359381695027
1961,81.14844286533574,0.5320504108309674
1962,81.18980292795824,0.5345011871626493
1963,81.23116299058073,0.5369824781276961
1964,81.27252305320324,0.539488260938229
1965,81.31388311582572,0.5420122718741617
1966,81.35524317844823,0.5445480009884387
1967,81.39660324107072,0.5470886891580357
1968,81.43796330369321,0.5496273280499413
1969,81.47932336631571,0.5521566637082146
1970,81.5206834289382,0.5546692046197974
1971,81.5620434915607,0.557157235264535
1972,81.60340355418319,0.5596128362755695
1973,81.64476361680569,0.5620279124042932
1974,81.68612367942818,0.5643942294729057
1975,81.72748374205068,0.5667034613849259
1976,81.76884380467318,0.5689472480315878
1977,81.81020386729566,0.5711172645737154
1978,81.85156392991817,0.5732053020960745
1979,81.89292399254066,0.5752033590429296
1980,81.93428405516316,0.5771037421778464
1981,81.97564411778565,0.578899175110388
1982,82.01700418040815,0.5805829117471074
1983,82.05836424303064,0.5821488514104695
1984,82.09972430565313,0.5835916518815828
1985,82.14108436827563,0.584906836311683
1986,82.18244443089812,0.5860908898499181
1987,82.22380449352063,0.5871413419754475
1988,82.26516455614312,0.5880568309023376
1989,82.30652461876562,0.5888371470309531
1990,82.34788468138811,0.5894832532127153
1991,82.38924474401061,0.5899972805264156
1992,82.4306048066331,0.5903824992692362
1993,82.47196486925559,0.5906432658783581
1994,82.51332493187809,0.5907849474522262
1995,82.55468499450058,0.5908138263758881
1996,82.59604505712309,0.5907369882257737
1997,82.63740511974557,0.5905621966048707
1998,82.67876518236808,0.5902977588266325
1999,82.72012524499057,0.5899523864266504
2000,82.76148530761306,0.5895350543544778
2001,82.80284537023556,0.5890548624117078
2002,82.84420543285805,0.5885209020935286
2003,82.88556549548055,0.587942131499418
2004,82.92692555810304,0.587327260443625
2005,82.96828562072554,0.5866846473545123
2006,83.00964568334803,0.5860222090333028
2007,83.05100574597054,0.5853473438718694
2008,83.09236580859303,0.5846668687208716
2009,83.1337258712155,0.58398696926343
2010,83.17508593383802,0.5833131634865486
2011,83.21644599646051,0.5826502776500561
2012,83.25780605908301,0.5820024340222691
2013,83.2991661217055,0.5813730495724375
2014,83.340526184328,0.5807648447695207
2015,83.38188624695049,0.5801798616221028
2016,83.42324630957297,0.5796194900923207
2017,83.46460637219548,0.5790845020168263
2018,83.50596643481796,0.578575091660513
2019,83.54732649744048,0.5780909220083464
2020,83.58868656006297,0.5776311758630515
2021,83.63004662268547,0.5771946107627152
2022,83.67140668530796,0.5767796166659458
2023,83.71276674793046,0.5763842752792172
2024,83.75412681055295,0.5760064198326263
2025,83.79548687317543,0.5756436940564283
2026,83.83684693579794,0.5752936090859058
2027,83.87820699842042,0.5749535970376264
2028,83.91956706104294,0.5746210600682963
2029,83.96092712366541,0.5742934138554178
2030,84.00228718628793,0.573968124631492
2031,84.04364724891042,0.5736427391582233
2032,84.0850073115329,0.5733149073366238
2033,84.12636737415541,0.5729823974990691
2034,84.1677274367779,0.5726431047998272
2035,84.2090874994004,0.5722950534867559
2036,84.2504475620229,0.5719363941719184
2037,84.2918076246454,0.5715653974933929
2038,84.33316768726787,0.5711804457500985
2039,84.37452774989038,0.5707800241739303
2040,84.41588781251288,0.5703627134655913
2041,84.45724787513535,0.5699271850574761
2042,84.49860793775785,0.5694722002855078
2043,84.53996800038036,0.5689966142679149
2044,84.58132806300286,0.5684993848304983
2045,84.62268812562533,0.5679795863197552
2046,84.66404818824786,0.5674364276481609
2047,84.70540825087033,0.5668692734631001
2048,84.74676831349284,0.5662776669626033
2049,84.78812837611534,0.5656613526331077
2050,84.82948843873781,0.565020297080389
2051,84.87084850136031,0.564354706179319
2052,84.91220856398282,0.5636650369770712
2053,84.95356862660532,0.5629520031331863
2054,84.99492868922779,0.5622165731371842
2055,85.0362887518503,0.5614599610705733
2056,85.0776488144728,0.5606836102270021
2057,85.11900887709528,0.5598891704230211
2058,85.1603689397178,0.5590784702762923
2059,85.20172900234027,0.5582534860586972
2060,85.24308906496277,0.5574163089228121
2061,85.28444912758528,0.5565691123362865
2062,85.32580919020778,0.5557141214430444
2063,85.36716925283025,0.5548535858165954
2064,85.40852931545275,0.5539897567071767
2065,85.44988937807526,0.5531248694467786
2066,85.49124944069774,0.5522611312049437
2067,85.53260950332026,0.5514007138259558
2068,85.57396956594273,0.5505457510632541
2069,85.61532962856523,0.5496983391928905
2070,85.65668969118774,0.5488605397583877
2071,85.69804975381021,0.548034383089495
2072,85.73940981643271,0.5472218712494975
2073,85.78076987905521,0.5464249791942953
2074,85.82212994167772,0.5456456531550506
2075,85.86349000430019,0.5448858055616943
2076,85.90485006692272,0.5441473061796734
2077,85.9462101295452,0.5434319695060396
2078,85.9875701921677,0.5427415388333408
2079,86.0289302547902,0.5420776677132503
2080,86.07029031741267,0.5414418998125168
2081,86.11165038003517,0.5408356483347412
2082,86.15301044265767,0.540260176272405
2083,86.19437050528018,0.5397165787500524
2084,86.23573056790265,0.5392057686271947
2085,86.27709063052515,0.5387284663568438
2086,86.31845069314765,0.5382851948586924
2087,86.35981075577014,0.5378762798839006
2088,86.40117081839266,0.5375018560418426
2089,86.44253088101513,0.5371618783500915
2090,86.48389094363763,0.5368561388773992
2091,86.52525100626013,0.536584287793768
2092,86.56661106888264,0.5363458579357229
2093,86.60797113150511,0.5361402918486177
2094,86.64933119412761,0.5359669701864821
2095,86.69069125675011,0.5358252403331643
2096,86.7320513193726,0.5357144441525223
2097,86.77341138199509,0.5356339438724278
2098,86.81477144461759,0.5355831452455397
2099,86.8561315072401,0.5355615172981795
2100,86.8974915698626,0.5355686081626867
2101,86.9388516324851,0.5356040566769483
2102,86.98021169510757,0.5356675996152569
2103,87.02157175773007,0.5357590745788852
2104,87.06293182035257,0.5358784187155675
2105,87.10429188297506,0.5360256635509922
2106,87.14565194559755,0.5362009263001705
2107,87.18701200822005,0.5364043980839324
2108,87.22837207084255,0.5366363295071123
2109,87.26973213346504,0.5368970140649361
2110,87.31109219608756,0.5371867698364746
2111,87.35245225871003,0.5375059199041925
2112,87.39381232133253,0.5378547719104781
2113,87.43517238395503,0.5382335971306786
2114,87.47653244657751,0.538642609410731
2115,87.51789250920001,0.5390819442891288
2116,87.55925257182251,0.5395516386002249
2117,87.60061263444501,0.5400516108398743
2118,87.6419726970675,0.540581642566311
2119,87.68333275968999,0.5411413611090224
2120,87.72469282231249,0.5417302238651136
2121,87.76605288493498,0.542347504475556
2122,87.8074129475575,0.5429922811900548
2123,87.84877301017997,0.5436634277464676
2124,87.89013307280247,0.5443596071051022
2125,87.93149313542497,0.5450792683859734
2126,87.97285319804747,0.5458206473533027
2127,88.01421326066995,0.5465817707720725
2128,88.05557332329245,0.5473604649218919
2129,88.09693338591495,0.5481543684901814
2130,88.13829344853744,0.5489609499775834
2131,88.17965351115996,0.5497775296329857
2132,88.22101357378243,0.5506013057952311
2133,88.26237363640493,0.551429385357623
2134,88.30373369902743,0.5522588178968452
2135,88.34509376164992,0.5530866328290478
2136,88.38645382427241,0.5539098787843851
2137,88.42781388689491,0.5547256642401776
2138,88.46917394951741,0.5555311983351598
2139,88.5105340121399,0.5563238307157412
2140,88.55189407476242,0.5571010892491481
2141,88.59325413738489,0.5578607144842844
2142,88.63461420000739,0.5586006898506954
2143,88.6759742626299,0.5593192667547328
2144,88.71733432525238,0.560014983950135
2145,88.75869438787487,0.560686680813928
2146,88.80005445049737,0.5613335044279688
2147,88.84141451311987,0.561954910632195
2148,88.88277457574236,0.5625506594562332
2149,88.92413463836485,0.5631208055334624
2150,88.96549470098735,0.5636656842413098
2151,89.00685476360984,0.5641858943853144
2152,89.04821482623235,0.5646822782505961
2153,89.08957488885484,0.5651558997875102
2154,89.13093495147733,0.565608021590331
2155,89.17229501409983,0.5660400811846359
2156,89.21365507672233,0.5664536669791495
2157,89.25501513934482,0.5668504940815917
2158,89.29637520196731,0.5672323800428023
2159,89.33773526458981,0.567601220493486
2160,89.3790953272123,0.5679589645837431
2161,89.4204553898348,0.5683075901294955
2162,89.46181545245729,0.568649078411108
2163,89.50317551507979,0.5689853886496603
2164,89.54453557770229,0.5693184322946387
2165,89.5858956403248,0.5696500473786638
2166,89.62725570294728,0.5699819733159395
2167,89.66861576556977,0.5703158266266987
2168,89.70997582819227,0.5706530781485741
2169,89.75133589081476,0.5709950323392252
2170,89.79269595343726,0.5713428092771037
2171,89.83405601605975,0.5716973299297243
2172,89.87541607868225,0.5720593051831455
2173,89.91677614130474,0.5724292290192642
2174,89.95813620392725,0.5728073760965483
2175,89.99949626654973,0.5731938038447423
2176,90.04085632917223,0.573588359032665
2177,90.08221639179473,0.5739906886201624
2178,90.12357645441722,0.5744002545653943
2179,90.16493651703972,0.5748163521337725
2180,90.20629657966221,0.5752381311468153
2181,90.24765664228471,0.5756646195210401
2182,90.2890167049072,0.5760947483797157
2183,90.3303767675297,0.5765273779747535
2184,90.37173683015219,0.576961323634304
2185,90.41309689277467,0.5773953809549043
2186,90.45445695539719,0.5778283494887367
2187,90.49581701801968,0.5782590542388134
2188,90.53717708064217,0.5786863643701341
2189,90.57853714326467,0.5791092086739905
2190,90.61989720588716,0.5795265874835314
2191,90.66125726850966,0.5799375809263208
2192,90.70261733113216,0.5803413536048844
2193,90.74397739375465,0.5807371560060357
2194,90.78533745637714,0.5811243231372736
2195,90.82669751899965,0.5815022710561908
2196,90.86805758162214,0.5818704920776073
2197,90.90941764424463,0.5822285494974323
2198,90.95077770686713,0.5825760726508501
2199,90.99213776948962,0.5829127530211007
2200,91.03349783211212,0.5832383419377151
2201,91.0748578947346,0.5835526501626599
2202,91.11621795735711,0.5838555493804304
2203,91.1575780199796,0.5841469753114671
2204,91.19893808260211,0.5844269318880241
2205,91.2402981452246,0.584695495699963
2206,91.28165820784707,0.5849528197617665
2207,91.32301827046959,0.5851991355926914
2208,91.36437833309208,0.5854347526500042
2209,91.40573839571458,0.5856600543095541
2210,91.44709845833707,0.5858754898369799
2211,91.48845852095957,0.5860815621121944
2212,91.52981858358206,0.5862788112298594
2213,91.57117864620456,0.586467794462513
2214,91.61253870882705,0.586649063405761
2215,91.65389877144953,0.5868231393934739
2216,91.69525883407205,0.586990488450977
2217,91.73661889669454,0.5871514971291993
2218,91.77797895931704,0.58730645052999
2219,91.81933902193953,0.5874555136974339
2220,91.86069908456203,0.5875987173303971
2221,91.90205914718452,0.5877359484902723
2222,91.94341920980702,0.5878669466647057
2223,91.9847792724295,0.5879913052316402
2224,92.026139335052,0.5881084780760971
2225,92.0674993976745,0.588217790867043
2226,92.108859460297,0.5883184563186682
2227,92.15021952291949,0.5884095926473294
2228,92.19157958554199,0.5884902443912102
2229,92.23293964816449,0.5885594047770818
2230,92.27429971078698,0.5886160388841051
2231,92.31565977340948,0.5886591069514834
2232,92.35701983603197,0.5886875872878584
2233,92.39837989865445,0.5887004983487829
2234,92.43973996127696,0.5886969196415742
2235,92.48110002389946,0.5886760111856599
2236,92.52246008652195,0.5886370312977725
2237,92.56382014914443,0.5885793524867928
2238,92.60518021176694,0.5885024752387078
2239,92.64654027438944,0.588406039457324
2240,92.68790033701192,0.5882898333117607
2241,92.72926039963443,0.588153799237167
2242,92.77062046225691,0.5879980368505086
2243,92.81198052487942,0.5878228025827346
2244,92.85334058750192,0.5876285058954279
2245,92.8947006501244,0.5874157020420181
2246,92.9360607127469,0.5871850814447865
2247,92.9774207753694,0.5869374558828073
2248,93.0187808379919,0.5866737418112665
2249,93.06014090061437,0.586394941251217
2250,93.10150096323689,0.5861021207905811
2251,93.14286102585937,0.5857963893155655
2252,93.18422108848188,0.5854788751419597
2253,93.22558115110436,0.585150703235762
2254,93.26694121372685,0.5848129732030032
2255,93.30830127634935,0.5844667386924771
2256,93.34966133897186,0.5841129887959634
2257,93.39102140159436,0.5837526319536074
2258,93.43238146421683,0.5833864827825008
2259,93.47374152683935,0.5830152521474727
2260,93.51510158946184,0.5826395406889668
2261,93.55646165208434,0.5822598359152057
2262,93.59782171470682,0.5818765128561647
2263,93.63918177732931,0.5814898381666892
2264,93.68054183995181,0.5810999774557013
2265,93.72190190257432,0.580707005510216
2266,93.7632619651968,0.5803109189792404
2267,93.80462202781929,0.5799116509875915
2268,93.84598209044181,0.5795090870678217
2269,93.8873421530643,0.5791030817368858
2270,93.92870221568677,0.5786934750074454
2271,93.97006227830929,0.5782801081192436
2272,94.01142234093177,0.577862837806309
2273,94.05278240355427,0.5774415484842594
2274,94.09414246617678,0.5770161618465002
2275,94.13550252879926,0.5765866434948415
2276,94.17686259142175,0.5761530063910328
2277,94.21822265404425,0.5757153110898682
2278,94.25958271666676,0.5752736628894785
2279,94.30094277928923,0.5748282061961207
2280,94.34230284191175,0.5743791165363421
2281,94.38366290453423,0.5739265907482681
2282,94.42502296715674,0.5734708359384947
2283,94.46638302977924,0.5730120577991306
2284,94.50774309240172,0.5725504488442514
2285,94.54910315502421,0.5720861770530309
2286,94.59046321764671,0.5716193753112383
2287,94.63182328026922,0.5711501319377079
2288,94.67318334289169,0.5706784824838536
2289,94.71454340551419,0.5702044029169926
2290,94.7559034681367,0.5697278042532127
2291,94.7972635307592,0.5692485286996426
2292,94.83862359338168,0.5687663473981892
2293,94.87998365600419,0.5682809599280336
2294,94.92134371862667,0.5677919958080301
2295,94.96270378124917,0.5672990183263239
2296,95.00406384387168,0.5668015310921003
2297,95.04542390649415,0.5662989877332346
2298,95.08678396911665,0.5657908051364803
2299,95.12814403173915,0.5652763805311272
2300,95.16950409436166,0.5647551125489811
2301,95.21086415698413,0.5642264261567661
2302,95.25222421960663,0.5636898010658098
2303,95.29358428222913,0.5631448029000005
2304,95.33494434485164,0.5625911160751209
2305,95.37630440747412,0.5620285770431185
2306,95.41766447009661,0.5614572063165976
2307,95.45902453271911,0.5608772375410029
2308,95.50038459534161,0.560289141847823
2309,95.54174465796409,0.559693645814128
2310,95.58310472058659,0.5590917415749053
2311,95.62446478320909,0.5584846879733424
2312,95.6658248458316,0.5578740020702208
2313,95.70718490845407,0.5572614408347201
2314,95.74854497107658,0.5566489733692341
2315,95.78990503369907,0.5560387445390812
2316,95.83126509632157,0.5554330313465798
2317,95.87262515894407,0.5548341937736814
2318,95.91398522156655,0.5542446220927841
2319,95.95534528418905,0.5536666827954904
2320,95.99670534681155,0.5531026653097552
2321,96.03806540943405,0.5525547315716276
2322,96.07942547205653,0.5520248703047437
2323,96.12078553467904,0.5515148575592724
2324,96.16214559730153,0.5510262246990009
2325,96.203505659924,0.5505602346283446
2326,96.24486572254654,0.5501178666465459
2327,96.28622578516901,0.5496998099289548
2328,96.32758584779151,0.5493064652841843
2329,96.36894591041401,0.5489379545359011
2330,96.41030597303651,0.5485941366382754
2331,96.45166603565899,0.5482746294589917
2332,96.4930260982815,0.5479788360528843
2333,96.53438616090399,0.5477059741997158
2334,96.57574622352647,0.5474551079848112
2335,96.617106286149,0.5472251802541784
2336,96.65846634877147,0.5470150448676372
2337,96.69982641139397,0.5468234977957454
2338,96.74118647401647,0.5466493062510482
2339,96.78254653663897,0.54649123520228
2340,96.82390659926145,0.5463480707854713
2341,96.86526666188395,0.546218640290312
2342,96.90662672450645,0.5461018285581773
2343,96.94798678712893,0.5459965907739995
2344,96.98934684975144,0.5459019617626828
2345,97.03070691237393,0.5458170620083045
2346,97.07206697499643,0.5457411006982353
2347,97.11342703761893,0.5456733761514109
2348,97.15478710024144,0.5456132740223139
2349,97.19614716286391,0.5455602636778115
2350,97.23750722548641,0.5455138931278412
2351,97.27886728810891,0.5454737828547142
2352,97.32022735073139,0.5454396188359238
2353,97.36158741335389,0.5454111449958972
2354,97.40294747597639,0.5453881552606987
2355,97.44430753859889,0.5453704853311356
2356,97.4856676012214,0.5453580042405511
2357,97.52702766384387,0.5453506057276972
2358,97.56838772646637,0.5453481994366827
2359,97.60974778908887,0.5453507019559739
2360,97.65110785171137,0.5453580277273837
2361,97.69246791433385,0.5453700798911367
2362,97.73382797695635,0.545386741181357
2363,97.77518803957885,0.5454078650417497
2364,97.81654810220135,0.5454332671877987
2365,97.85790816482383,0.5454627178921523
2366,97.89926822744633,0.545495935307486
2367,97.94062829006883,0.545532580159431
2368,97.9819883526913,0.5455722521371521
2369,98.02334841531383,0.5456144882768716
2370,98.0647084779363,0.5456587635753085
2371,98.10606854055881,0.5457044939863095
2372,98.14742860318131,0.5457510418507747
2373,98.18878866580378,0.5457977236940957
2374,98.23014872842629,0.5458438202053362
2375,98.27150879104879,0.5458885880984433
2376,98.31286885367129,0.545931273457642
2377,98.35422891629376,0.5459711260952498
2378,98.3955889789163,0.546007414407648
2379,98.43694904153877,0.546039440207769
2380,98.47830910416127,0.5460665530400023
2381,98.51966916678377,0.546088163543631
2382,98.56102922940624,0.5461037555152463
2383,98.60238929202875,0.54611289642073
2384,98.64374935465125,0.5461152462106805
2385,98.68510941727375,0.5461105643872228
2386,98.72646947989622,0.5460987153451153
2387,98.76782954251875,0.5460796720555785
2388,98.80918960514123,0.5460535181743199
2389,98.85054966776372,0.5460204486343089
2390,98.89190973038623,0.5459807687350985
2391,98.9332697930087,0.5459348916726323
2392,98.9746298556312,0.5458833343799484
2393,99.01598991825371,0.5458267114851922
2394,99.05734998087621,0.5457657271540207
2395,99.09871004349868,0.5457011645818073
2396,99.1400701061212,0.5456338729467136
2397,99.18143016874369,0.5455647517306775
2398,99.22279023136618,0.5454947324598615
2399,99.26415029398869,0.5454247580989695
2400,99.30551035661117,0.5453557605407005
2401,99.34687041923367,0.5452886368427319
2402,99.38823048185617,0.5452242250580395
2403,99.42959054447867,0.5451632806591279
2404,99.47095060710114,0.5451064546525998
2405,99.51231066972365,0.5450542745038945
2406,99.55367073234615,0.5450071289346179
2407,99.59503079496862,0.5449652575158522
2408,99.63639085759115,0.544928745767476
2409,99.67775092021363,0.5448975262001267
2410,99.71911098283613,0.5448713854222207
2411,99.76047104545863,0.5448499771033495
2412,99.80183110808113,0.5448328402628806
2413,99.8431911707036,0.5448194220617821
2414,99.8845512333261,0.5448091040390244
2415,99.92591129594861,0.5448012305664913
2416,99.96727135857108,0.5447951382083843
2417,100.00863142119358,0.5447901846653778
2418,100.04999148381609,0.5447857760559096
2419,100.09135154643859,0.5447813914274916
2420,100.13271160906109,0.5447766035835699
2421,100.17407167168356,0.5447710955396959
2422,100.21543173430607,0.5447646721665504
2423,100.25679179692857,0.5447572668191468
2424,100.29815185955107,0.5447489429758924
2425,100.33951192217354,0.544739891106319
2426,100.38087198479604,0.5447304211456412
2427,100.42223204741855,0.5447209510751252
2428,100.46359211004105,0.5447119921917014
2429,100.50495217266352,0.5447041317033121
2430,100.54631223528602,0.5446980133148128
2431,100.58767229790853,0.5446943164812019
2432,100.62903236053101,0.5446937350057851
2433,100.67039242315353,0.5446969556570689
2434,100.711752485776,0.5447046374703777
2435,100.7531125483985,0.5447173923883595
2436,100.794472611021,0.5447357678751911
2437,100.8358326736435,0.544760232106422
2438,100.87719273626598,0.5447911622838228
2439,100.91855279888848,0.5448288365456122
2440,100.95991286151099,0.5448734298323251
2441,101.00127292413347,0.5449250139246647
2442,101.04263298675599,0.5449835616939379
2443,101.08399304937846,0.5450489554030451
2444,101.12535311200095,0.5451209986766627
2445,101.16671317462347,0.545199431537006
2446,101.20807323724596,0.5452839476925352
2447,101.24943329986844,0.5453742130895718
2448,101.29079336249094,0.5454698846083834
2449,101.33215342511345,0.5455706277218406
2450,101.37351348773593,0.5456761319472067
2451,101.41487355035845,0.5457861230166425
2452,101.45623361298092,0.5459003708687937
2453,101.49759367560341,0.5460186928145754
2454,101.53895373822593,0.5461409515410159
2455,101.5803138008484,0.5462670479670836
2456,101.6216738634709,0.5463969093307394
2457,101.6630339260934,0.5465304732394356
2458,101.7043939887159,0.5466676687313624
2459,101.7457540513384,0.5468083956459608
2460,101.78711411396088,0.5469525037711762
2461,101.82847417658338,0.5470997733062375
2462,101.86983423920587,0.5472498981469609
2463,101.91119430182839,0.5474024733656143
2464,101.95255436445086,0.5475569880287223
2465,101.99391442707336,0.5477128241882915
2466,102.03527448969587,0.5478692625162689
2467,102.07663455231837,0.5480254946527736
2468,102.11799461494084,0.5481806419328568
2469,102.15935467756334,0.5483337797708348
2470,102.20071474018584,0.5484839666404355
2471,102.24207480280833,0.5486302763147379
2472,102.28343486543085,0.5487718318377547
2473,102.32479492805332,0.5489078395999799
2474,102.36615499067582,0.5490376218862866
2475,102.40751505329833,0.549160646352034
2476,102.44887511592081,0.5492765510524666
2477,102.4902351785433,0.54938516388551
2478,102.5315952411658,0.5494865155896902
2479,102.5729553037883,0.5495808457455656
2480,102.61431536641079,0.549668601540165
2481,102.65567542903328,0.549750429349766
2482,102.69703549165578,0.5498271594625684
2483,102.73839555427828,0.5498997844888269
2484,102.77975561690079,0.5499694321880774
2485,102.82111567952327,0.5500373335818359
2486,102.86247574214576,0.5501047873216464
2487,102.90383580476826,0.550173121355211
2488,102.94519586739077,0.5502436529869822
2489,102.98655593001325,0.550317648473215
2490,103.02791599263574,0.5503962833299793
2491,103.06927605525824,0.5504806045678211
2492,103.11063611788073,0.5505714960938315
2493,103.15199618050323,0.5506696485324679
2494,103.19335624312572,0.5507755346961479
2495,103.23471630574822,0.5508893918709004
2496,103.27607636837071,0.5510112119552572
2497,103.31743643099323,0.5511407402897112
2498,103.35879649361571,0.551277483733561
2499,103.4001565562382,0.5514207281865864
2500,103.4415166188607,0.5515695653259621
2501,103.48287668148319,0.5517229278555784
2502,103.52423674410569,0.5518796320739647
2503,103.56559680672818,0.5520384260967085
2504,103.60695686935068,0.552198041658101
2505,103.64831693197317,0.5523572471052679
2506,103.68967699459569,0.5525148990205903
2507,103.73103705721816,0.5526699898894526
2508,103.77239711984065,0.5528216893836803
2509,103.81375718246316,0.552969377152842
2510,103.85511724508565,0.5531126654881995
2511,103.89647730770815,0.5532514108149106
2512,103.93783737033064,0.5533857136318006
2513,103.97919743295314,0.5535159072041317
2514,104.02055749557563,0.553642535967848
2515,104.06191755819815,0.5537663251743761
2516,104.10327762082062,0.5538881437498322
2517,104.14463768344311,0.5540089626316266
2518,104.18599774606562,0.554129810964029
2519,104.22735780868811,0.554251732482472
2520,104.2687178713106,0.5543757442106378
2521,104.3100779339331,0.5545027992622148
2522,104.3514379965556,0.5546337551190281
2523,104.39279805917809,0.5547693482905005
2524,104.43415812180059,0.5549101757899337
2525,104.47551818442308,0.555056683428525
2526,104.51687824704557,0.5552091605616419
2527,104.55823830966808,0.5553677406442911
2528,104.59959837229057,0.5555324067754663
2529,104.64095843491306,0.5557030013333425
2530,104.68231849753556,0.5558792388147283
2531,104.72367856015806,0.5560607210731504
2532,104.76503862278055,0.5562469542771132
2533,104.80639868540304,0.5564373670557857
2534,104.84775874802554,0.5566313294385858
2535,104.88911881064803,0.5568281723059741
2536,104.93047887327054,0.5570272071356422
2537,104.97183893589303,0.5572277458438893
2538,105.01319899851552,0.5574291204869015
2539,105.05455906113802,0.5576307025100989
2540,105.09591912376051,0.5578319211307381
2541,105.13727918638301,0.5580322803301137
2542,105.1786392490055,0.5582313738377414
2543,105.219999311628,0.5584288974332134
2544,105.26135937425049,0.5586246578870022
2545,105.30271943687299,0.5588185779223971
2546,105.34407949949548,0.5590106967094683
2547,105.38543956211798,0.5592011655945421
2548,105.42679962474047,0.5593902390132054
2549,105.46815968736297,0.5595782608124632
2550,105.50951974998547,0.559765646495449
2551,105.55087981260796,0.5599528621750389
2552,105.59223987523046,0.5601404012558564
2553,105.63359993785295,0.5603287600363906
2554,105.67496000047545,0.5605184135182028
2555,105.71632006309794,0.560709792717813
2556,105.75768012572043,0.5609032646978543
2557,105.79904018834293,0.5610991163726288
2558,105.84040025096543,0.5612975429133324
2559,105.88176031358792,0.5614986412969237
2560,105.9231203762104,0.5617024092330164
2561,105.96448043883292,0.5619087493879589
2562,106.00584050145541,0.5621174785270179
2563,106.04720056407791,0.5623283409350239
2564,106.0885606267004,0.562541025267877
2565,106.12992068932289,0.5627551838432856
2566,106.17128075194539,0.5629704533033095
2567,106.21264081456789,0.5631864755729022
2568,106.25400087719038,0.5634029180918427
2569,106.29536093981287,0.5636194924015911
2570,106.33672100243538,0.5638359703118365
2571,106.37808106505787,0.5640521970386472
2572,106.41944112768034,0.5642681008841435
2573,106.46080119030286,0.5644836992035318
2574,106.50216125292535,0.564699100569211
2575,106.54352131554785,0.5649145031860285
2576,106.58488137817035,0.5651301897327685
2577,106.62624144079284,0.5653465189014091
2578,106.66760150341533,0.5655639139787315
2579,106.70896156603783,0.5657828488685599
2580,106.75032162866033,0.5660038319904102
2581,106.7916816912828,0.5662273885180921
2582,106.83304175390532,0.5664540414421273
2583,106.87440181652781,0.5666842919580285
2584,106.91576187915031,0.5669185996992984
2585,106.9571219417728,0.5671573633497122
2586,106.9984820043953,0.5674009021836458
2587,107.03984206701779,0.5676494390919479
2588,107.08120212964029,0.5679030856505074
2589,107.12256219226279,0.5681618297748878
2590,107.16392225488526,0.5684255264711744
2591,107.20528231750778,0.5686938921372618
2592,107.24664238013027,0.5689665027864715
2593,107.28800244275277,0.5692427964549215
2594,107.32936250537526,0.5695220799178125
2595,107.37072256799775,0.56980353967957
2596,107.41208263062025,0.5700862570275583
2597,107.45344269324275,0.5703692267557355
2598,107.49480275586524,0.5706513789866869
2599,107.53616281848772,0.5709316033589583
2600,107.57752288111024,0.5712087747153014
2601,107.61888294373273,0.5714817793376572
2602,107.66024300635523,0.5717495407356636
2603,107.70160306897772,0.5720110440132691
2604,107.7429631316002,0.5722653579130961
2605,107.78432319422271,0.5725116537677598
2606,107.82568325684521,0.5727492207618992
2607,107.8670433194677,0.5729774771159387
2608,107.90840338209019,0.5731959770263085
2609,107.94976344471269,0.5734044134198157
2610,107.99112350733519,0.5736026167839378
2611,108.03248356995766,0.5737905505062313
2612,108.07384363258016,0.5739683032810424
2613,108.11520369520267,0.5741360792153732
2614,108.15656375782517,0.5742941862852224
2615,108.19792382044767,0.5744430237633197
2616,108.23928388307016,0.5745830691680471
2617,108.28064394569265,0.5747148651833147
2618,108.32200400831515,0.5748390068851729
2619,108.36336407093765,0.5749561294973619
2620,108.40472413356012,0.5750668967986791
2621,108.44608419618262,0.5751719902293119
2622,108.48744425880513,0.5752720986981918
2623,108.52880432142763,0.5753679090793079
2624,108.5701643840501,0.5754600973989927
2625,108.61152444667262,0.57554932075043
2626,108.6528845092951,0.575636210016069
2627,108.69424457191761,0.5757213635213733
2628,108.73560463454011,0.5758053417730224
2629,108.77696469716258,0.5758886634426559
2630,108.81832475978509,0.5759718027374936
2631,108.85968482240759,0.5760551882505613
2632,108.90104488503009,0.5761392033096018
2633,108.94240494765256,0.5762241877522164
2634,108.98376501027508,0.576310440956819
2635,109.02512507289757,0.5763982258670722
2636,109.06648513552004,0.5764877736740184
2637,109.10784519814256,0.5765792887761203
2638,109.14920526076504,0.576672953629225
2639,109.19056532338755,0.5767689331292444
2640,109.23192538601005,0.5768673782362539
2641,109.27328544863255,0.5769684286427981
2642,109.31464551125502,0.577072214399225
2643,109.35600557387752,0.5771788565208906
2644,109.39736563650003,0.5772884667019507
2645,109.4387256991225,0.5774011463350577
2646,109.48008576174502,0.5775169850764663
2647,109.5214458243675,0.5776360591974963
2648,109.56280588699,0.5777584299266654
2649,109.60416594961251,0.577884141918984
2650,109.645526012235,0.5780132219001695
2651,109.68688607485748,0.5781456774385447
2652,109.72824613747999,0.5782814957106206
2653,109.76960620010249,0.578420642062112
2654,109.81096626272496,0.5785630581360618
2655,109.85232632534748,0.5787086593499033
2656,109.89368638796996,0.5788573315562333
2657,109.93504645059247,0.5790089268130268
2658,109.97640651321497,0.5791632583094175
2659,110.01776657583744,0.5793200946296476
2660,110.05912663845994,0.5794791536751204
2661,110.10048670108245,0.5796400966865135
2662,110.14184676370495,0.5798025228997556
2663,110.18320682632742,0.5799659654197267
2664,110.22456688894992,0.5801298888957186
2665,110.26592695157242,0.580293689530737
2666,110.30728701419493,0.5804566978544824
2667,110.34864707681743,0.5806181845450619
2668,110.3900071394399,0.5807773694074125
2669,110.4313672020624,0.5809334334220897
2670,110.4727272646849,0.5810855335803621
2671,110.51408732730741,0.581232820036692
2672,110.55544738992988,0.5813744549510941
2673,110.59680745255238,0.5815096322725279
2674,110.63816751517489,0.5816375976395038
2675,110.67952757779736,0.5817576675485869
2676,110.72088764041986,0.5818692469673294
2677,110.76224770304236,0.5819718446415693
2678,110.80360776566486,0.5820650854624915
2679,110.84496782828737,0.582148719407251
2680,110.88632789090987,0.5822226267387544
2681,110.92768795353234,0.5822868193333879
2682,110.96904801615484,0.58234143818904
2683,111.01040807877735,0.5823867473385335
2684,111.05176814139982,0.5824231245456549
2685,111.09312820402232,0.5824510492841765
2686,111.13448826664482,0.5824710885883336
2687,111.17584832926732,0.5824838814127209
2688,111.2172083918898,0.582490122149246
2689,111.25856845451231,0.582490543920526
2690,111.2999285171348,0.5824859022079394
2691,111.3412885797573,0.5824769592842569
2692,111.3826486423798,0.5824644698159078
2693,111.42400870500228,0.5824491678873137
2694,111.46536876762478,0.5824317555907439
2695,111.50672883024728,0.5824128932297058
2696,111.54808889286979,0.5823931911101008
2697,111.58944895549226,0.5823732028472951
2698,111.63080901811476,0.5823534201011924
2699,111.67216908073726,0.5823342686637625
2700,111.71352914335974,0.5823161058594608
2701,111.75488920598227,0.5822992192692069
2702,111.79624926860474,0.5822838268431181
2703,111.83760933122724,0.5822700785119493
2704,111.87896939384974,0.582258059432294
2705,111.92032945647225,0.5822477949940684
2706,111.96168951909472,0.5822392576757185
2707,112.00304958171722,0.5822323757506271
2708,112.04440964433972,0.5822270437309018
2709,112.0857697069622,0.5822231342921216
2710,112.12712976958473,0.582220511267511
2711,112.1684898322072,0.5822190431510121
2712,112.2098498948297,0.5822186164232321
2713,112.2512099574522,0.582219147931668
2714,112.29257002007468,0.5822205955306966
2715,112.33393008269718,0.5822229662280443
2716,112.37529014531968,0.5822263211956836
2717,112.41665020794218,0.5822307771796381
2718,112.45801027056466,0.5822365040731702
2719,112.49937033318719,0.5822437186830638
2720,112.54073039580966,0.5822526749951712
2721,112.58209045843216,0.5822636515086416
2722,112.62345052105466,0.5822769364320255
2723,112.66481058367714,0.5822928116976288
2724,112.70617064629964,0.5823115368361909
2725,112.74753070892214,0.5823333337535394
2726,112.78889077154464,0.582358373363356
2727,112.83025083416712,0.5823867648644794
2728,112.87161089678962,0.5824185482224052
2729,112.91297095941212,0.5824536901452708
2730,112.95433102203461,0.5824920835608607
2731,112.99569108465712,0.582533550329926
2732,113.0370511472796,0.5825778466985965
2733,113.0784112099021,0.5826246708203311
2734,113.1197712725246,0.5826736715811562
2735,113.1611313351471,0.5827244579483473
2736,113.20249139776958,0.5827766081311774
2737,113.24385146039208,0.5828296779831713
2738,113.28521152301458,0.5828832082716715
2739,113.32657158563707,0.582936730669152
2740,113.36793164825956,0.5829897725566902
2741,113.40929171088206,0.5830418609453049
2742,113.45065177350456,0.5830925259926081
2743,113.49201183612706,0.5831413046994341
2744,113.53337189874956,0.5831877454020523
2745,113.57473196137204,0.5832314136244061
2746,113.61609202399454,0.5832718997257065
2747,113.65745208661704,0.5833088285837098
2748,113.69881214923952,0.5833418713104507
2749,113.74017221186202,0.5833707587302635
2750,113.78153227448452,0.5833952960840952
2751,113.82289233710702,0.5834153781865151
2752,113.86425239972951,0.5834310040753697
2753,113.90561246235202,0.5834422900779765
2754,113.9469725249745,0.5834494801843046
2755,113.988332587597,0.5834529526723135
2756,114.0296926502195,0.5834532220706258
2757,114.07105271284198,0.5834509357601962
2758,114.11241277546448,0.5834468647932346
2759,114.15377283808698,0.583441888825253
2760,114.19513290070948,0.5834369753912186
2761,114.23649296333195,0.5834331540871786
2762,114.27785302595446,0.583431486521728
2763,114.31921308857696,0.5834330331586248
2764,114.36057315119945,0.5834388183675588
2765,114.40193321382196,0.5834497951245639
2766,114.44329327644444,0.583466810851185
2767,114.48465333906694,0.5834905758529152
2768,114.52601340168944,0.583521635715947
2769,114.56737346431194,0.5835603488556838
2770,114.60873352693442,0.5836068701913769
2771,114.65009358955692,0.5836611416613137
2772,114.69145365217942,0.5837228900061405
2773,114.7328137148019,0.5837916319484858
2774,114.77417377742442,0.5838666865981529
2775,114.8155338400469,0.5839471946267397
2776,114.8568939026694,0.5840321434948206
2777,114.8982539652919,0.5841203977879932
2778,114.93961402791439,0.5842107335329229
2779,114.98097409053688,0.5843018752267056
2780,115.02233415315938,0.5843925342256482
2781,115.06369421578188,0.5844814471050361
2782,115.10505427840437,0.5845674126192495
2783,115.14641434102688,0.5846493259596824
2784,115.18777440364936,0.5847262091233023
2785,115.22913446627186,0.58479723636245
2786,115.27049452889436,0.5848617538806016
2787,115.31185459151683,0.584919293162714
2788,115.35321465413934,0.5849695775742083
2789,115.39457471676184,0.5850125221215985
2790,115.43593477938434,0.5850482265306176
2791,115.47729484200683,0.5850769620552543
2792,115.51865490462932,0.5850991526732149
2793,115.56001496725182,0.585115351540605
2794,115.6013750298743,0.5851262137615835
2795,115.64273509249682,0.5851324666688781
2796,115.6840951551193,0.5851348789014014
2797,115.7254552177418,0.5851342296004887
2798,115.7668152803643,0.585131279023724
2799,115.8081753429868,0.5851267417942022
2800,115.84953540560927,0.5851212638672944
2801,115.89089546823178,0.5851154041112325
2802,115.93225553085428,0.5851096211715501
2803,115.97361559347677,0.5851042660339897
2804,116.01497565609927,0.5850995804282291
2805,116.05633571872175,0.5850957009408184
2806,116.09769578134426,0.5850926684435316
2807,116.13905584396676,0.5850904422069737
2808,116.18041590658926,0.5850889178699561
2809,116.22177596921173,0.5850879482821308
2810,116.26313603183424,0.5850873661368778
2811,116.30449609445674,0.5850870072655061
2812,116.34585615707923,0.5850867334722196
2813,116.38721621970171,0.5850864538474956
2814,116.42857628232422,0.5850861435997335
2815,116.46993634494672,0.585085859582345
2816,116.5112964075692,0.5850857518572352
2817,116.5526564701917,0.5850860708162908
2818,116.5940165328142,0.5850871695715425
2819,116.6353765954367,0.5850895015140184
2820,116.6767366580592,0.5850936131255305
2821,116.71809672068169,0.5851001323007489
2822,116.75945678330417,0.5851097525961674
2823,116.80081684592668,0.585123213964674
2824,116.84217690854918,0.5851412806573416
2825,116.88353697117167,0.5851647170750865
2826,116.92489703379415,0.5851942624307024
2827,116.96625709641665,0.5852306051327546
2828,117.00761715903914,0.585274357825053
2829,117.04897722166166,0.5853260340060913
2830,117.09033728428415,0.5853860271098702
2831,117.13169734690663,0.5854545928514604
2832,117.17305740952914,0.5855318355288583
2833,117.21441747215162,0.5856176988276602
2834,117.25577753477413,0.5857119615029749
2835,117.29713759739661,0.5858142381184261
2836,117.33849766001912,0.5859239848148486
2837,117.3798577226416,0.5860405098704049
2838,117.42121778526412,0.5861629886112816
2839,117.46257784788659,0.586290482048512
2840,117.5039379105091,0.5864219584637347
2841,117.5452979731316,0.5865563170537874
2842,117.58665803575408,0.5866924126791379
2843,117.62801809837659,0.5868290807487065
2844,117.66937816099907,0.5869651613151508
2845,117.71073822362158,0.5870995215480236
2846,117.75209828624406,0.587231075890998
2847,117.79345834886658,0.5873588033846039
2848,117.83481841148905,0.587481761834424
2849,117.87617847411154,0.5875990987134421
2850,117.91753853673406,0.587710058888587
2851,117.95889859935654,0.5878139894425667
2852,118.00025866197903,0.5879103420073079
2853,118.04161872460153,0.587998673124625
2854,118.08297878722404,0.5880786431955667
2855,118.12433884984652,0.5881500145702108
2856,118.16569891246903,0.5882126492654783
2857,118.20705897509151,0.5882665066891652
2858,118.248419037714,0.5883116416035175
2859,118.28977910033652,0.588348202397886
2860,118.331139162959,0.5883764295740219
2861,118.37249922558149,0.5883966541970731
2862,118.413859288204,0.5884092959474626
2863,118.4552193508265,0.5884148603365447
2864,118.49657941344898,0.5884139346318581
2865,118.53793947607147,0.5884071820797866
2866,118.57929953869397,0.5883953341120747
2867,118.62065960131646,0.5883791803695904
2868,118.66201966393896,0.5883595565589892
2869,118.70337972656147,0.5883373303572863
2870,118.74473978918395,0.5883133857761232
2871,118.78609985180645,0.5882886065714746
2872,118.82745991442896,0.5882638594165721
2873,118.86881997705144,0.588239977631285
2874,118.91018003967393,0.588217746270117
2875,118.95154010229643,0.5881978893098256
2876,118.99290016491892,0.5881810595499266
2877,119.03426022754142,0.5881678316552846
2878,119.07562029016391,0.5881586985443826
2879,119.11698035278641,0.5881540710813429
2880,119.1583404154089,0.5881542807847263
2881,119.1997004780314,0.5881595850459169
2882,119.2410605406539,0.5881701741735028
2883,119.28242060327639,0.5881861794650939
2884,119.3237806658989,0.5882076814642058
2885,119.36514072852138,0.5882347175920303
2886,119.40650079114388,0.5882672884480599
2887,119.44786085376637,0.5883053622402823
2888,119.48922091638887,0.5883488770185634
2889,119.53058097901136,0.5883977406239903
2890,119.57194104163386,0.5884518285098768
2891,119.61330110425635,0.5885109798147431
2892,119.65466116687884,0.5885749922528933
2893,119.69602122950135,0.5886436165193732
2894,119.73738129212384,0.5887165509713175
2895,119.77874135474634,0.5887934373439222
2896,119.82010141736883,0.5888738581880563
2897,119.86146147999132,0.5889573365874767
2898,119.90282154261382,0.5890433385391703
2899,119.94418160523632,0.5891312781780708
2900,119.98554166785881,0.5892205258159391
2901,120.0269017304813,0.5893104185609532
2902,120.06826179310382,0.5894002731064264
2903,120.1096218557263,0.5894894001364581
2904,120.15098191834879,0.5895771197007462
2905,120.19234198097129,0.5896627768648907
2906,120.23370204359378,0.5897457569432953
2907,120.27506210621628,0.5898254996654023
2908,120.31642216883878,0.5899015117025546
2909,120.35778223146127,0.589973377083879
2910,120.39914229408376,0.5900407651429628
2911,120.44050235670628,0.5901034357554489
2912,120.48186241932876,0.590161241741441
2913,120.52322248195124,0.5902141284126715
2914,120.56458254457375,0.5902621303388608
2915,120.60594260719624,0.5903053654916927
2916,120.64730266981874,0.59034402699907
2917,120.68866273244123,0.5903783728101362
2918,120.73002279506373,0.5904087136341636
2919,120.77138285768622,0.5904353995757138
2920,120.81274292030872,0.5904588059437501
2921,120.85410298293122,0.590479318760443
2922,120.8954630455537,0.590497320532531
2923,120.93682310817621,0.5905131768675916
2924,120.9781831707987,0.5905272245134902
2925,121.0195432334212,0.5905397613646513
2926,121.06090329604369,0.5905510389105697
2927,121.10226335866619,0.5905612574965455
2928,121.14362342128868,0.5905705646274472
2929,121.18498348391118,0.5905790563769868
2930,121.22634354653367,0.590586781777077
2931,121.26770360915616,0.5905937498679071
2932,121.30906367177866,0.5905999389039653
2933,121.35042373440116,0.5906053070511519
2934,121.39178379702366,0.5906098037906047
2935,121.43314385964615,0.5906133811795496
2936,121.47450392226865,0.5906160041175433
2937,121.51586398489114,0.5906176588315618
2938,121.55722404751364,0.5906183589243116
2939,121.59858411013613,0.5906181485179726
2940,121.63994417275862,0.5906171022558623
2941,121.68130423538112,0.5906153221795902
2942,121.72266429800362,0.590612931755595
2943,121.76402436062611,0.5906100675608281
2944,121.8053844232486,0.5906068693303391
2945,121.8467444858711,0.590603469201699
2946,121.8881045484936,0.5905999810500524
2947,121.9294646111161,0.590596490786444
2948,121.97082467373859,0.5905930483940537
2949,122.01218473636108,0.5905896623093891
2950,122.05354479898358,0.5905862965367479
2951,122.09490486160608,0.5905828706331737
2952,122.13626492422856,0.5905792624440124
2953,122.17762498685106,0.5905753132297129
2954,122.21898504947356,0.5905708346262666
2955,122.26034511209606,0.5905656167431257
2956,122.30170517471853,0.5905594366369897
2957,122.34306523734105,0.5905520664107546
2958,122.38442529996354,0.5905432802740754
2959,122.42578536258604,0.5905328600524015
2960,122.46714542520854,0.5905205988303525
2961,122.50850548783102,0.5905063026403017
2962,122.54986555045352,0.5904897903355999
2963,122.59122561307602,0.5904708919961319
2964,122.63258567569852,0.5904494463811505
2965,122.673945738321,0.590425298055475
2966,122.71530580094351,0.5903982948588594
2967,122.756665863566,0.5903682863626923
2968,122.79802592618847,0.5903351238662711
2969,122.83938598881099,0.5902986623365429
2970,122.88074605143348,0.5902587645056669
2971,122.92210611405598,0.5902153071274373
2972,122.96346617667848,0.5901681891766688
2973,123.00482623930098,0.5901173415732791
2974,123.04618630192346,0.590062737842974
2975,123.08754636454597,0.5900044050013421
2976,123.12890642716846,0.589942433877991
2977,123.17026648979093,0.5898769880856791
2978,123.21162655241345,0.5898083108856853
2979,123.25298661503594,0.5897367293001085
2980,123.29434667765844,0.5896626549653569
2981,123.33570674028094,0.5895865813980733
2982,123.37706680290343,0.589509077540942
2983,123.41842686552592,0.589430777659746
2984,123.45978692814842,0.5893523678601339
2985,123.50114699077092,0.5892745696726844
2986,123.5425070533934,0.5891981213085722
2987,123.58386711601591,0.5891237573088371
2988,123.6252271786384,0.5890521873934921
2989,123.6665872412609,0.5889840753618303
2990,123.7079473038834,0.5889200189019177
2991,123.74930736650589,0.5888605311381536
2992,123.79066742912838,0.5888060246846482
2993,123.83202749175088,0.5887567988823352
2994,123.87338755437338,0.5887130307843493
2995,123.91474761699585,0.5886747703210513
2996,123.95610767961836,0.5886419399272264
2997,123.99746774224086,0.5886143387533928
2998,124.03882780486336,0.5885916514146122
2999,124.08018786748586,0.5885734610573261
3000,124.12154793010833,0.5885592663528609
3001,124.16290799273084,0.5885485018596855
3002,124.20426805535334,0.588540561042508
3003,124.24562811797584,0.5885348211009565
3004,124.28698818059831,0.5885306686529705
3005,124.32834824322082,0.5885275252441751
3006,124.36970830584332,0.5885248716239425
3007,124.41106836846582,0.5885222697454056
3008,124.4524284310883,0.5885193815157842
3009,124.4937884937108,0.5885159834444829
3010,124.5351485563333,0.5885119765075094
3011,124.5765086189558,0.5885073907605837
3012,124.6178686815783,0.5885023844795808
3013,124.65922874420077,0.5884972378719465
3014,124.70058880682328,0.5884923416705415
3015,124.74194886944578,0.5884881811746283
3016,124.78330893206825,0.5884853165249577
3017,124.82466899469075,0.5884843601763597
3018,124.86602905731326,0.5884859526496372
3019,124.90738911993576,0.5884907376979547
3020,124.94874918255823,0.5884993380088062
3021,124.99010924518076,0.5885123324832006
3022,125.03146930780323,0.5885302359974061
3023,125.07282937042574,0.5885534823706227
3024,125.11418943304824,0.5885824110496989
3025,125.15554949567071,0.5886172577960205
3026,125.19690955829321,0.5886581494374139
3027,125.23826962091572,0.5887051025440799
3028,125.27962968353822,0.5887580257165438
3029,125.32098974616069,0.5888167250441197
3030,125.36234980878321,0.5888809122093709
3031,125.4037098714057,0.588950214679298
3032,125.44506993402818,0.5890241874319245
3033,125.4864299966507,0.5891023257119066
3034,125.52779005927317,0.589184078378508
3035,125.56915012189567,0.5892688614938592
3036,125.61051018451818,0.5893560718838703
3037,125.65187024714068,0.589445100480156
3038,125.69323030976315,0.5895353453072814
3039,125.73459037238567,0.5896262240110205
3040,125.77595043500816,0.5897171858272794
3041,125.81731049763063,0.5898077228694514
3042,125.85867056025316,0.5898973805697814
3043,125.90003062287563,0.5899857670554166
3044,125.94139068549813,0.5900725611833539
3045,125.98275074812064,0.5901575189107472
3046,126.02411081074314,0.5902404776498601
3047,126.06547087336561,0.590321358258825
3048,126.10683093598811,0.5904001643571158
3049,126.14819099861062,0.5904769787317053
3050,126.18955106123309,0.5905519567142925
3051,126.23091112385562,0.5906253165572378
3052,126.2722711864781,0.5906973270064744
3053,126.3136312491006,0.5907682924513465
3054,126.3549913117231,0.5908385362093282
3055,126.3963513743456,0.5909083826632267
3056,126.43771143696807,0.5909781390939377
3057,126.47907149959057,0.5910480781306957
3058,126.52043156221308,0.5911184217632209
3059,126.56179162483555,0.5911893278201283
3060,126.60315168745805,0.5912608797146506
3061,126.64451175008055,0.5913330800968526
3062,126.68587181270306,0.5914058488395045
3063,126.72723187532556,0.5914790255366147
3064,126.76859193794803,0.5915523764262328
3065,126.80995200057053,0.5916256053812853
3066,126.85131206319303,0.5916983683635553
3067,126.89267212581554,0.5917702905253744
3068,126.93403218843801,0.591840984986227
3069,126.97539225106051,0.5919100722202001
3070,127.01675231368301,0.5919771989709861
3071,127.0581123763055,0.5920420556654955
3072,127.09947243892799,0.5921043914194368
3073,127.14083250155049,0.5921640259088127
3074,127.182192564173,0.5922208576039035
3075,127.2235526267955,0.5922748681091057
3076,127.264912689418,0.5923261226029787
3077,127.30627275204047,0.5923747666072747
3078,127.34763281466297,0.5924210195151297
3079,127.38899287728547,0.5924651654620472
3080,127.43035293990795,0.5925075422203498
3081,127.47171300253045,0.5925485288346082
3082,127.51307306515295,0.5925885326947965
3083,127.55443312777545,0.5926279766732088
3084,127.59579319039794,0.5926672868415307
3085,127.63715325302046,0.5927068811515943
3086,127.67851331564293,0.5927471593216352
3087,127.71987337826542,0.5927884940353139
3088,127.76123344088793,0.5928312234459749
3089,127.80259350351041,0.5928756448937169
3090,127.84395356613291,0.5929220096924271
3091,127.88531362875541,0.5929705188309737
3092,127.92667369137791,0.593021319452465
3093,127.96803375400039,0.5930745020223666
3094,128.00939381662292,0.5931300981609695
3095,128.0507538792454,0.5931880791873517
3096,128.09211394186786,0.5932483554896955
3097,128.13347400449038,0.5933107768915777
3098,128.17483406711287,0.5933751342167632
3099,128.21619412973538,0.5934411622613317
3100,128.25755419235787,0.5935085443601725
3101,128.29891425498036,0.5935769186840696
3102,128.34027431760285,0.5936458863294055
3103,128.38163438022536,0.5937150211684478
3104,128.42299444284785,0.5937838813231655
3105,128.46435450547034,0.593852022016321
3106,128.50571456809286,0.5939190094485125
3107,128.54707463071534,0.5939844352564507
3108,128.58843469333783,0.594047931032217
3109,128.62979475596032,0.5941091823307175
3110,128.67115481858283,0.5941679415669551
3111,128.71251488120532,0.5942240392075354
3112,128.7538749438278,0.5942773926940252
3113,128.79523500645033,0.5943280125974524
3114,128.83659506907279,0.5943760055926086
3115,128.8779551316953,0.5944215739547078
3116,128.9193151943178,0.5944650114155602
3117,128.9606752569403,0.5945066953663367
3118,129.0020353195628,0.5945470755545519
3119,129.04339538218528,0.5945866595858967
3120,129.08475544480777,0.5946259957006255
3121,129.12611550743028,0.59466565344126
3122,129.16747557005277,0.5947062029547495
3123,129.20883563267526,0.594748193770476
3124,129.25019569529775,0.5947921339584628
3125,129.29155575792026,0.594838470593982
3126,129.33291582054275,0.5948875724301724
3127,129.37427588316524,0.5949397156097476
3128,129.41563594578773,0.5949950731288464
3129,129.45699600841024,0.5950537086055414
3130,129.49835607103273,0.5951155747094607
3131,129.53971613365522,0.5951805163857897
3132,129.5810761962777,0.5952482787695427
3133,129.62243625890022,0.5953185194472781
3134,129.6637963215227,0.5953908244983109
3135,129.7051563841452,0.5954647275490882
3136,129.74651644676769,0.5955397309171848
3137,129.7878765093902,0.5956153278139976
3138,129.8292365720127,0.5956910245264972
3139,129.8705966346352,0.5957663615102773
3140,129.9119566972577,0.595840932398816
3141,129.95331675988018,0.5959144000598762
3142,129.99467682250267,0.5959865090026992
3143,130.03603688512518,0.5960570936438535
3144,130.07739694774764,0.5961260821625706
3145,130.11875701037016,0.5961934959028647
3146,130.16011707299265,0.5962594444946985
3147,130.20147713561516,0.5963241170580806
3148,130.24283719823762,0.5963877700133051
3149,130.28419726086014,0.5964507121405658
3150,130.32555732348263,0.5965132876125199
3151,130.36691738610511,0.5965758577640994
3152,130.40827744872763,0.5966387823706288
3153,130.44963751135012,0.5967024011828813
3154,130.4909975739726,0.5967670164244848
3155,130.53235763659512,0.5968328768984336
3156,130.5737176992176,0.5969001642813194
3157,130.6150777618401,0.5969689821093382
3158,130.6564378244626,0.597039347880936
3159,130.6977978870851,0.5971111886151139
3160,130.73915794970756,0.5971843401118136
3161,130.7805180123301,0.5972585500568633
3162,130.82187807495256,0.5973334849965621
3163,130.86323813757508,0.5974087410765124
3164,130.90459820019757,0.5974838582941455
3165,130.94595826282008,0.5975583378599172
3166,130.98731832544254,0.5976316621043637
3167,131.02867838806506,0.597703316214748
3168,131.07003845068755,0.5977728109478448
3169,131.11139851331004,0.5978397053557266
3170,131.15275857593255,0.597903628490131
3171,131.19411863855504,0.5979642990286422
3172,131.23547870117753,0.5980215417998962
3173,131.27683876380004,0.5980753002787104
3174,131.31819882642253,0.5981256442748901
3175,131.35955888904502,0.5981727722473981
3176,131.4009189516675,0.5982170079276078
3177,131.44227901429002,0.5982587912191714
3178,131.48363907691248,0.5982986636414894
3179,131.524999139535,0.5983372488796884
3180,131.56635920215749,0.5983752292784614
3181,131.60771926478,0.5984133193525444
3182,131.6490793274025,0.5984522375666718
3183,131.69043939002498,0.5984926777502882
3184,131.73179945264746,0.5985352815499422
3185,131.77315951526998,0.598580613279755
3186,131.81451957789247,0.598629138410629
3187,131.85587964051496,0.5986812067474248
3188,131.89723970313744,0.5987370410911843
3189,131.93859976575996,0.598796731884561
3190,131.97995982838245,0.598860238011381
3191,132.02131989100496,0.5989273935841342
3192,132.06267995362742,0.5989979202266102
3193,132.10404001624994,0.5990714440627352
3194,132.14540007887243,0.599147516374036
3195,132.18676014149494,0.5992256367027557
3196,132.2281202041174,0.5993052770663471
3197,132.26948026673992,0.5993859059184639
3198,132.3108403293624,0.5994670105425945
3199,132.3522003919849,0.5995481166943383
3200,132.39356045460738,0.5996288045071041
3201,132.4349205172299,0.5997087199304686
3202,132.47628057985239,0.5997875812646162
3203,132.5176406424749,0.599865180667246
3204,132.55900070509736,0.599941380822334
3205,132.60036076771988,0.6000161072519365
3206,132.64172083034236,0.6000893370060523
3207,132.68308089296488,0.6001610846646415
3208,132.72444095558734,0.6002313867206709
3209,132.76580101820986,0.6003002854761821
3210,132.80716108083237,0.6003678135727273
3211,132.84852114345486,0.6004339801978883
3212,132.88988120607732,0.6004987598663882
3213,132.93124126869984,0.6005620844806715
3214,132.97260133132232,0.6006238391444768
3215,133.01396139394484,0.6006838619512637
3216,133.05532145656733,0.6007419477115401
3217,133.09668151918981,0.600797855338535
3218,133.1380415818123,0.6008513183922786
3219,133.17940164443482,0.6009020581024445
3220,133.2207617070573,0.6009497980588764
3221,133.2621217696798,0.6009942796828961
3222,133.30348183230228,0.6010352775733783
3223,133.34484189492477,0.6010726138592726
3224,133.38620195754729,0.6011061707792879
3225,133.4275620201698,0.6011359008412561
3226,133.46892208279226,0.6011618340788509
3227,133.51028214541475,0.6011840821081043
3228,133.55164220803726,0.6012028388780954
3229,133.59300227065978,0.6012183781950927
3230,133.63436233328224,0.6012310482660758
3231,133.67572239590476,0.6012412636443657
3232,133.71708245852724,0.6012494950600522
3233,133.75844252114976,0.6012562576769243
3234,133.79980258377225,0.6012620983331353
3235,133.84116264639474,0.6012675822994482
3236,133.88252270901722,0.6012732800311517
3237,133.92388277163974,0.6012797543062788
3238,133.96524283426223,0.6012875480446476
3239,134.00660289688471,0.6012971730005185
3240,134.0479629595072,0.6013090994271881
3241,134.0893230221297,0.601323746735418
3242,134.1306830847522,0.6013414751166367
3243,134.17204314737472,0.6013625780809833
3244,134.21340320999718,0.6013872758710683
3245,134.25476327261967,0.6014157097522584
3246,134.29612333524216,0.601447937243062
3247,134.3374833978647,0.6014839284259225
3248,134.37884346048716,0.6015235635576276
3249,134.42020352310968,0.6015666322677018
3250,134.46156358573216,0.6016128346793432
3251,134.50292364835468,0.6016617848012956
3252,134.54428371097714,0.6017130165105887
3253,134.58564377359966,0.601765992372845
3254,134.62700383622214,0.601820115428
3255,134.66836389884463,0.6018747439104495
3256,134.70972396146715,0.6019292086831258
3257,134.75108402408964,0.6019828329594143
3258,134.79244408671212,0.6020349536808853
3259,134.8338041493346,0.6020849437319938
3260,134.87516421195713,0.6021322340226325
3261,134.91652427457961,0.602176334372685
3262,134.9578843372021,0.6022168521021352
3263,134.9992443998246,0.6022535072740942
3264,135.04060446244708,0.6022861436589886
3265,135.08196452506962,0.6023147346812933
3266,135.12332458769208,0.6023393838660515
3267,135.16468465031457,0.6023603196051036
3268,135.20604471293706,0.6023778843919774
3269,135.2474047755596,0.6023925190075076
3270,135.28876483818206,0.6024047424508886
3271,135.33012490080458,0.60241512868091
3272,135.37148496342704,0.6024242814386314
3273,135.41284502604955,0.602432808550751
3274,135.45420508867207,0.6024412971510803
3275,135.49556515129456,0.6024502912027752
3276,135.53692521391704,0.6024602725576695
3277,135.57828527653953,0.6024716465604604
3278,135.61964533916202,0.6024847329094158
3279,135.66100540178454,0.6024997621393524
3280,135.70236546440702,0.6025168777218413
3281,135.7437255270295,0.6025361434043964
3282,135.785085589652,0.6025575550618891
3283,135.82644565227451,0.6025810560324244
3284,135.867805714897,0.6026065546781435
3285,135.9091657775195,0.6026339427660832
3286,135.95052584014198,0.602663113215504
3287,135.99188590276447,0.6026939758127283
3288,136.03324596538698,0.6027264696474393
3289,136.0746060280095,0.6027605712684911
3290,136.11596609063196,0.6027962978746315
3291,136.15732615325444,0.6028337052246563
3292,136.19868621587696,0.6028728803466493
3293,136.24004627849948,0.6029139295177725
3294,136.28140634112194,0.6029569623474456
3295,136.32276640374445,0.6030020730999226
3296,136.36412646636694,0.6030493206165553
3297,136.40548652898946,0.603098708325743
3298,136.44684659161194,0.6031501658521226
3299,136.48820665423443,0.6032035336532637
3300,136.52956671685692,0.6032585519298428
3301,136.57092677947944,0.6033148547868705
3302,136.61228684210192,0.603371970289391
3303,136.6536469047244,0.6034293266805194
3304,136.6950069673469,0.6034862646387484
3305,136.7363670299694,0.6035420550742759
3306,136.7777270925919,0.6035959216234251
3307,136.81908715521442,0.603647066721116
3308,136.86044721783688,0.6036946999286142
3309,136.90180728045937,0.6037380670793059
3310,136.94316734308188,0.6037764787828472
3311,136.9845274057044,0.603809336894493
3312,137.02588746832686,0.6038361577035524
3313,137.06724753094937,0.6038565908072886
3314,137.10860759357186,0.6038704328977418
3315,137.14996765619438,0.6038776359767893
3316,137.19132771881684,0.6038783098106176
3317,137.23268778143935,0.6038727187182809
3318,137.27404784406184,0.6038612730443074
3319,137.31540790668433,0.6038445158793798
3320,137.35676796930684,0.6038231057580347
3321,137.39812803192933,0.6037977961740475
3322,137.43948809455182,0.6037694128134387
3323,137.4808481571743,0.6037388294163732
3324,137.52220821979682,0.6037069431482709
3325,137.5635682824193,0.603674650298144
3326,137.6049283450418,0.6036428230352628
3327,137.6462884076643,0.6036122878551288
3328,137.6876484702868,0.603583806239171
3329,137.72900853290932,0.6035580579465559
3330,137.77036859553178,0.6035356272559905
3331,137.81172865815427,0.6035169923820267
3332,137.85308872077678,0.6035025182066255
3333,137.89444878339924,0.6034924523893775
3334,137.93580884602176,0.6034869248488844
3335,137.97716890864427,0.6034859505392766
3336,138.01852897126676,0.603489435377485
3337,138.05988903388925,0.6034971851056771
3338,138.10124909651176,0.6035089167986311
3339,138.14260915913425,0.603524272646797
3340,138.18396922175674,0.603542835564725
3341,138.22532928437923,0.6035641460947069
3342,138.26668934700172,0.603587720001332
3343,138.30804940962423,0.6036130658916797
3344,138.34940947224672,0.6036397021545203
3345,138.3907695348692,0.6036671724971924
3346,138.4321295974917,0.603695059378546
3347,138.47348966011424,0.6037229946932146
3348,138.5148497227367,0.6037506671613732
3349,138.5562097853592,0.6037778260159774
3350,138.59756984798167,0.6038042807540787
3351,138.63892991060416,0.6038298969207497
3352,138.68028997322668,0.6038545881140629
3353,138.7216500358492,0.6038783046228974
3354,138.76301009847168,0.6039010193218122
3355,138.80437016109414,0.6039227116334831
3356,138.84573022371666,0.6039433505145739
3357,138.88709028633917,0.6039628775146251
3358,138.92845034896166,0.6039811909892289
3359,138.96981041158415,0.6039981325165126
3360,139.01117047420664,0.6040134764673487
3361,139.05253053682915,0.6040269235222312
3362,139.09389059945164,0.6040380987192461
3363,139.13525066207413,0.6040465543708665
3364,139.17661072469662,0.6040517779193303
3365,139.2179707873191,0.6040532045250189
3366,139.25933084994162,0.6040502339195976
3367,139.3006909125641,0.6040422508182801
3368,139.3420509751866,0.604028647989196
3369,139.38341103780908,0.6040088509310217
3370,139.4247711004316,0.6039823430210741
3371,139.46613116305411,0.6039486899669981
3372,139.50749122567657,0.6039075624264147
3373,139.54885128829906,0.6038587557459609
3374,139.59021135092158,0.6038022059071753
3375,139.6315714135441,0.6037380009440321
3376,139.67293147616655,0.6036663873031124
3377,139.71429153878907,0.603587770844117
3378,139.75565160141156,0.6035027124106306
3379,139.79701166403407,0.6034119181313395
3380,139.83837172665656,0.6033162248273722
3381,139.87973178927905,0.6032165810940894
3382,139.92109185190154,0.6031140247879817
3383,139.96245191452402,0.6030096577744445
3384,140.00381197714654,0.6029046188776421
3385,140.04517203976903,0.6028000560149133
3386,140.08653210239152,0.6026970984986435
3387,140.127892165014,0.6025968304457663
3388,140.16925222763652,0.6025002661570934
3389,140.210612290259,0.6024083282180771
3390,140.2519723528815,0.6023218289372689
3391,140.29333241550398,0.6022414555863433
3392,140.3346924781265,0.6021677597432724
3393,140.37605254074901,0.6021011508772208
3394,140.41741260337147,0.602041894155485
3395,140.45877266599396,0.6019901123075997
3396,140.50013272861648,0.6019457912520499
3397,140.54149279123894,0.6019087890820862
3398,140.58285285386145,0.6018788479198838
3399,140.62421291648397,0.6018556080832538
3400,140.66557297910646,0.6018386239662388
3401,140.70693304172894,0.6018273810122925
3402,140.74829310435146,0.6018213131565829
3403,140.78965316697395,0.6018198201284577
3404,140.83101322959644,0.6018222840382027
3405,140.87237329221892,0.6018280847206083
3406,140.9137333548414,0.6018366133727047
3407,140.95509341746393,0.601847284103585
3408,140.99645348008642,0.6018595431092533
3409,141.0378135427089,0.6018728752938253
3410,141.07917360533142,0.6018868082776638
3411,141.12053366795394,0.6019009138587544
3412,141.1618937305764,0.6019148071200958
3413,141.20325379319888,0.6019281434981778
3414,141.2446138558214,0.6019406142349595
3415,141.28597391844386,0.6019519407234947
3416,141.32733398106637,0.601961868316052
3417,141.3686940436889,0.6019701601875864
3418,141.41005410631138,0.6019765918331716
3419,141.45141416893384,0.6019809467233809
3420,141.49277423155635,0.6019830135496926
3421,141.53413429417887,0.60198258536644
3422,141.57549435680136,0.6019794607867225
3423,141.61685441942385,0.6019734472260512
3424,141.65821448204633,0.6019643660224735
3425,141.69957454466885,0.6019520591084735
3426,141.74093460729134,0.601936396779526
3427,141.78229466991382,0.6019172860071333
3428,141.8236547325363,0.6018946786885634
3429,141.8650147951588,0.6018685792142642
3430,141.90637485778132,0.601839050767224
3431,141.9477349204038,0.6018062198437467
3432,141.98909498302632,0.6017702785925929
3433,142.03045504564878,0.6017314847018329
3434,142.0718151082713,0.6016901587075177
3435,142.1131751708938,0.6016466787439306
3436,142.1545352335163,0.601601472890954
3437,142.19589529613876,0.6015550093912029
3438,142.23725535876127,0.6015077851014636
3439,142.2786154213838,0.6014603126052614
3440,142.31997548400628,0.6014131064477517
3441,142.36133554662877,0.6013666689603762
3442,142.40269560925125,0.6013214761270274
3443,142.44405567187377,0.6012779639112288
3444,142.48541573449626,0.6012365154215078
3445,142.52677579711875,0.601197449245784
3446,142.56813585974123,0.601161009239886
3447,142.60949592236372,0.601127356015174
3448,142.65085598498624,0.6010965603343389
3449,142.69221604760872,0.6010685985963746
3450,142.7335761102312,0.6010433505649498
3451,142.7749361728537,0.601020599469304
3452,142.81629623547622,0.6010000345775177
3453,142.8576562980987,0.6009812563050069
3454,142.89901636072122,0.6009637838738265
3455,142.94037642334368,0.6009470654778015
3456,142.9817364859662,0.6009304908364723
3457,143.0230965485887,0.6009134059362988
3458,143.0644566112112,0.6008951296676255
3459,143.10581667383366,0.6008749719724865
3460,143.14717673645617,0.6008522530298865
3461,143.18853679907863,0.6008263229286196
3462,143.22989686170118,0.6007965812187082
3463,143.27125692432367,0.6007624956980209
3464,143.31261698694615,0.6007236197851655
3465,143.35397704956864,0.6006796078554083
3466,143.39533711219116,0.6006302279731287
3467,143.43669717481365,0.6005753715418514
3468,143.47805723743613,0.6005150595041567
3469,143.51941730005862,0.6004494448548502
3470,143.5607773626811,0.6003788113730486
3471,143.60213742530362,0.6003035686248679
3472,143.6434974879261,0.6002242434283046
3473,143.6848575505486,0.6001414681008257
3474,143.72621761317112,0.6000559659194901
3475,143.76757767579363,0.5999685343087999
3476,143.8089377384161,0.5998800263322525
3477,143.85029780103858,0.5997913310950647
3478,143.8916578636611,0.599703353671941
3479,143.93301792628355,0.5996169951556501
3480,143.9743779889061,0.5995331333832107
3481,144.0157380515286,0.5994526048407276
3482,144.05709811415107,0.5993761881798546
3483,144.09845817677353,0.59930458970316
3484,144.13981823939605,0.5992384310938784
3485,144.18117830201857,0.5991782395859929
3486,144.22253836464105,0.599124440689816
3487,144.26389842726354,0.5990773535135085
3488,144.30525848988603,0.5990371886516486
3489,144.34661855250855,0.5990040485494327
3490,144.38797861513103,0.5989779301966528
3491,144.42933867775352,0.5989587299594449
3492,144.470698740376,0.5989462503210025
3493,144.5120588029985,0.5989402082737288
3494,144.553418865621,0.5989402450870626
3495,144.5947789282435,0.5989459371646867
3496,144.63613899086602,0.5989568077032771
3497,144.67749905348848,0.5989723388716565
3498,144.718859116111,0.5989919842429174
3499,144.7602191787335,0.5990151812311543
3500,144.801579241356,0.5990413633093025
3501,144.84293930397845,0.5990699718124064
3502,144.88429936660097,0.5991004671590127
3503,144.9256594292235,0.5991323393539875
3504,144.96701949184597,0.5991651176631521
3505,145.00837955446846,0.5991983793747034
3506,145.04973961709095,0.5992317575830679
3507,145.09109967971347,0.5992649479454163
3508,145.13245974233595,0.5992977143694628
3509,145.17381980495844,0.5993298935932793
3510,145.21517986758093,0.5993613986146058
3511,145.25653993020342,0.5993922209158633
3512,145.29789999282593,0.5994224314204604
3513,145.33926005544842,0.5994521800987543
3514,145.38062011807094,0.5994816941283722
3515,145.4219801806934,0.5995112745027008
3516,145.46334024331588,0.5995412909766888
3517,145.5047003059384,0.5995721752439767
3518,145.54606036856092,0.5996044122568243
3519,145.58742043118338,0.5996385296321405
3520,145.6287804938059,0.599675085133351
3521,145.6701405564284,0.5997146522819617
3522,145.7115006190509,0.5997578042300162
3523,145.75286068167335,0.5998050961152283
3524,145.79422074429587,0.5998570462202043
3525,145.83558080691836,0.5999141163604529
3526,145.87694086954087,0.5999766920271399
3527,145.91830093216336,0.6000450629034211
3528,145.95966099478585,0.6001194044505139
3529,146.00102105740834,0.6001997613126148
3530,146.04238112003085,0.6002860333157877
3531,146.08374118265334,0.600377964823968
3532,146.12510124527583,0.6004751381652026
3533,146.16646130789832,0.6005769717489611
3534,146.2078213705208,0.6006827233607674
3535,146.24918143314332,0.6007914989452358
3536,146.29054149576584,0.6009022669796924
3537,146.3319015583883,0.6010138783040281
3538,146.3732616210108,0.6011250910182802
3539,146.41462168363333,0.6012345998036683
3540,146.45598174625582,0.6013410687749782
3541,146.49734180887828,0.6014431667509977
3542,146.5387018715008,0.6015396036497678
3543,146.58006193412328,0.601629166589571
3544,146.6214219967458,0.6017107542175066
3545,146.66278205936828,0.6017834078035941
3546,146.70414212199077,0.6018463377340098
3547,146.74550218461326,0.6018989442089288
3548,146.78686224723575,0.6019408311974307
3549,146.82822230985826,0.6019718130064433
3550,146.86958237248075,0.6019919131711023
3551,146.91094243510324,0.6020013557489197
3552,146.95230249772573,0.6020005494775457
3553,146.99366256034824,0.6019900656121483
3554,147.03502262297073,0.6019706105724767
3555,147.07638268559322,0.601942994781954
3556,147.1177427482157,0.601908099252412
3557,147.1591028108382,0.6018668415544085
3558,147.20046287346074,0.6018201428015143
3559,147.2418229360832,0.6017688971746595
3560,147.2831829987057,0.6017139453245292
3561,147.32454306132817,0.6016560527288494
3562,147.36590312395072,0.6015958937637647
3563,147.40726318657318,0.6015340418968765
3564,147.4486232491957,0.6014709660455383
3565,147.48998331181815,0.601407032787686
3566,147.53134337444067,0.6013425137936946
3567,147.57270343706318,0.6012775975764899
3568,147.61406349968567,0.6012124044561302
3569,147.65542356230816,0.6011470035143006
3570,147.69678362493065,0.6010814302771351
3571,147.73814368755316,0.6010157039130927
3572,147.77950375017565,0.6009498428611515
3573,147.82086381279814,0.6008838780004261
3574,147.86222387542063,0.6008178627182429
3575,147.9035839380431,0.600751879515443
3576,147.94494400066563,0.6006860430761647
3577,147.98630406328812,0.6006205000082941
3578,148.02766412591063,0.6005554257071295
3579,148.0690241885331,0.6004910189914838
3580,148.11038425115558,0.6004274952919829
3581,148.1517443137781,0.6003650792330312
3582,148.1931043764006,0.6003039974347449
3583,148.23446443902307,0.6002444722751794
3584,148.2758245016456,0.6001867172078819
3585,148.3171845642681,0.600130934036216
3586,148.3585446268906,0.6000773123228624
3587,148.39990468951305,0.6000260308836786
3588,148.44126475213557,0.5999772610959628
3589,148.48262481475805,0.5999311715628797
3590,148.52398487738057,0.5998879335353741
3591,148.56534494000306,0.599847726411218
3592,148.60670500262555,0.5998107426109894
3593,148.64806506524803,0.5997771911798591
3594,148.68942512787055,0.5997472995691874
3595,148.73078519049304,0.5997213132063509
3596,148.77214525311553,0.5996994926509056
3597,148.813505315738,0.5996821083402162
3598,148.8548653783605,0.5996694331299137
3599,148.89622544098302,0.5996617330196451
3600,148.93758550360553,0.5996592566035563
3601,148.978945566228,0.5996622238862843
3602,149.0203056288505,0.5996708151560487
3603,149.061665691473,0.5996851606000448
3604,149.1030257540955,0.5997053312867979
3605,149.14438581671797,0.599731332038341
3606,149.1857458793405,0.5997630965757559
3607,149.22710594196298,0.5998004851617155
3608,149.2684660045855,0.5998432847988153
3609,149.30982606720798,0.5998912118843683
3610,149.35118612983047,0.5999439170817235
3611,149.39254619245295,0.6000009920624764
3612,149.43390625507544,0.6000619777002024
3613,149.47526631769796,0.6001263732629402
3614,149.51662638032045,0.6001936461586684
3615,149.55798644294293,0.6002632418271964
3616,149.59934650556542,0.6003345934369746
3617,149.64070656818794,0.600407131130947
3618,149.68206663081045,0.6004802906561294
3619,149.7234266934329,0.6005535212987365
3620,149.7647867560554,0.6006262931235367
3621,149.80614681867792,0.6006981035713778
3622,149.84750688130043,0.6007684834977081
3623,149.8888669439229,0.6008370027399845
3624,149.9302270065454,0.6009032752770076
3625,149.9715870691679,0.6009669639967233
