Time (ns),Water after lsq fit to Water
0.0000000,0.0000000
0.0000820,0.0367446
0.0001640,0.3417980
0.0002460,0.4821671
0.0003280,0.4844875
0.0004100,0.3481541
0.0004920,0.3477799
0.0005740,0.4854496
0.0006560,0.5425005
0.0007380,0.4840366
0.0008200,0.5410793
0.0009020,0.5408181
0.0009840,0.5426267
0.0010660,0.2555701
0.0011480,0.3508291
0.0012300,0.2566258
0.0013120,0.4226053
0.0013940,0.4219241
0.0014760,0.4232386
0.0015580,0.4863959
0.0016400,0.4866767
0.0017220,0.5919278
0.0018040,0.4229362
0.0018860,0.4235645
0.0019680,0.5923058
0.0020500,0.5418638
0.0021320,0.5426984
0.0022140,0.4242801
0.0022960,0.4238389
0.0023780,0.6400101
0.0024600,0.6806655
0.0025420,0.5391794
0.0026240,0.5403884
0.0027060,0.5400985
0.0027880,0.5404712
0.0028700,0.6382624
0.0029520,0.5904353
0.0030340,0.6379060
0.0031160,0.5931562
0.0031980,0.5932714
0.0032800,0.4893806
0.0033620,0.4873026
0.0034440,0.5934938
0.0035260,0.4879676
0.0036080,0.4288043
0.0036900,0.4303663
0.0037720,0.3576666
0.0038540,0.2659254
0.0039360,0.4285419
0.0040180,0.4285197
0.0041000,0.3570162
0.0041820,0.3565934
0.0042640,0.3573400
0.0043460,0.2656469
0.0044280,0.4907112
0.0045100,0.4299335
0.0045920,0.4306530
0.0046740,0.4933684
0.0047560,0.3579814
0.0048380,0.4309490
0.0049200,0.4306347
0.0050020,0.5963760
0.0050840,0.5978016
0.0051660,0.4312989
0.0052480,0.3591097
0.0053300,0.5983269
0.0054120,0.4317586
0.0054940,0.4317942
0.0055760,0.4938536
0.0056580,0.5978055
0.0057400,0.6443854
0.0058220,0.6434425
0.0059040,0.5985813
0.0059860,0.5998809
0.0060680,0.4941284
0.0061500,0.4933042
0.0062320,0.4303161
0.0063140,0.5970890
0.0063960,0.5996285
0.0064780,0.5483734
0.0065600,0.5988118
0.0066420,0.4348452
0.0067240,0.4333820
0.0068060,0.4321182
0.0068880,0.4320793
0.0069700,0.5493327
0.0070520,0.5485585
0.0071340,0.6427895
0.0072160,0.4942243
0.0072980,0.4950045
0.0073800,0.6002648
0.0074620,0.4966874
0.0075440,0.4338852
0.0076260,0.5495220
0.0077080,0.4936379
0.0077900,0.4936619
0.0078720,0.5998119
0.0079540,0.4337805
0.0080360,0.4945225
0.0081180,0.4933158
0.0082000,0.4937165
0.0082820,0.4941488
0.0083640,0.4329979
0.0084460,0.4343599
0.0085280,0.3631138
0.0086100,0.5487882
0.0086920,0.5495865
0.0087740,0.5518846
0.0088560,0.3650698
0.0089380,0.3657622
0.0090200,0.4371916
0.0091020,0.3663930
0.0091840,0.3662418
0.0092660,0.4965656
0.0093480,0.5484932
0.0094300,0.5983280
0.0095120,0.5977664
0.0095940,0.5982915
0.0096760,0.5494297
0.0097580,0.5508457
0.0098400,0.4355875
0.0099220,0.4981043
0.0100040,0.4992739
0.0100860,0.5011799
0.0101680,0.2793464
0.0102500,0.4393020
0.0103320,0.4374610
0.0104140,0.5515536
0.0104960,0.5521935
0.0105780,0.5536163
0.0106600,0.6497529
0.0107420,0.6027533
0.0108240,0.6465314
0.0109060,0.6455106
0.0109880,0.6467762
0.0110700,0.6028441
0.0111520,0.3666847
0.0112340,0.4392944
0.0113160,0.3673849
0.0113980,0.3682427
0.0114800,0.5000090
0.0115620,0.5000456
0.0116440,0.4980381
0.0117260,0.4986477
0.0118080,0.4380746
0.0118900,0.4390527
0.0119720,0.4998747
0.0120540,0.6034181
0.0121360,0.6001628
0.0122180,0.5530275
0.0123000,0.5000461
0.0123820,0.5016861
0.0124640,0.4409603
0.0125460,0.5007406
0.0126280,0.5005654
0.0127100,0.6487510
0.0127920,0.6497226
0.0128740,0.6485708
0.0129560,0.6039750
0.0130380,0.6057187
0.0131200,0.6051693
0.0132020,0.5011875
0.0132840,0.5014279
0.0133660,0.5538791
0.0134480,0.6028176
0.0135300,0.6012990
0.0136120,0.6878791
0.0136940,0.6888075
0.0137760,0.4996615
0.0138580,0.6035569
0.0139400,0.5534254
0.0140220,0.5041317
0.0141040,0.5013785
0.0141860,0.5025868
0.0142680,0.5541096
0.0143500,0.6008412
0.0144320,0.7308485
0.0145140,0.6890998
0.0145960,0.6913183
0.0146780,0.5514152
0.0147600,0.4989734
0.0148420,0.6020898
0.0149240,0.7276632
0.0150060,0.5968827
0.0150880,0.5972577
0.0151700,0.6456051
0.0152520,0.6452945
0.0153340,0.7295211
0.0154160,0.6018859
0.0154980,0.6011671
0.0155800,0.6477217
0.0156620,0.6905134
0.0157440,0.6025822
0.0158260,0.4995381
0.0159080,0.6496690
0.0159900,0.6509455
0.0160720,0.5566345
0.0161540,0.5583897
0.0162360,0.6907734
0.0163180,0.6462925
0.0164000,0.8006957
0.0164820,0.8018337
0.0165640,0.7268372
0.0166460,0.6853209
0.0167280,0.6859255
0.0168100,0.6419168
0.0168920,0.6406451
0.0169740,0.6825064
0.0170560,0.6429358
0.0171380,0.7262558
0.0172200,0.7617540
0.0173020,0.6847824
0.0173840,0.6864666
0.0174660,0.5986957
0.0175480,0.7647097
0.0176300,0.7283130
0.0177120,0.6456332
0.0177940,0.6458178
0.0178760,0.6838737
0.0179580,0.7267087
0.0180400,0.7266078
0.0181220,0.7251431
0.0182040,0.6863409
0.0182860,0.6863378
0.0183680,0.7237175
0.0184500,0.6866591
0.0185320,0.6439058
0.0186140,0.7260148
0.0186960,0.7250838
0.0187780,0.7992308
0.0188600,0.7238255
0.0189420,0.7256031
0.0190240,0.7256270
0.0191060,0.6842299
0.0191880,0.6846884
0.0192700,0.6421542
0.0193520,0.6853876
0.0194340,0.7277650
0.0195160,0.8007904
0.0195980,0.8009596
0.0196800,0.7650856
0.0197620,0.6442155
0.0198440,0.6867249
0.0199260,0.7249542
0.0200080,0.6862331
0.0200900,0.6865380
0.0201720,0.7277382
0.0202540,0.7650281
0.0203360,0.8360323
0.0204180,0.7982826
0.0205000,0.8666090
0.0205820,0.8684737
0.0206640,0.7996853
0.0207460,0.8691751
0.0208280,0.7267414
0.0209100,0.6859514
0.0209920,0.6874889
0.0210740,0.7283622
0.0211560,0.7291615
0.0212380,0.6470940
0.0213200,0.5494457
0.0214020,0.6001744
0.0214840,0.6004997
0.0215660,0.5992419
0.0216480,0.6866216
0.0217300,0.6854651
0.0218120,0.7261227
0.0218940,0.7270022
0.0219760,0.7269761
0.0220580,0.7635847
0.0221400,0.7244195
0.0222220,0.7232247
0.0223040,0.8323803
0.0223860,0.8326007
0.0224680,0.7616240
0.0225500,0.6833159
0.0226320,0.7242514
0.0227140,0.7249415
0.0227960,0.7247776
0.0228780,0.7245707
0.0229600,0.7242667
0.0230420,0.6854224
0.0231240,0.7239467
0.0232060,0.6824831
0.0232880,0.6839737
0.0233700,0.6436174
0.0234520,0.7256576
0.0235340,0.7243107
0.0236160,0.7983044
0.0236980,0.7974343
0.0237800,0.7993298
0.0238620,0.7249689
0.0239440,0.6861976
0.0240260,0.6430925
0.0241080,0.6413070
0.0241900,0.6421340
0.0242720,0.7257216
0.0243540,0.6440068
0.0244360,0.6428465
0.0245180,0.6416514
0.0246000,0.6842500
0.0246820,0.6861454
0.0247640,0.7657676
0.0248460,0.7260598
0.0249280,0.7636040
0.0250100,0.6855942
0.0250920,0.6855212
0.0251740,0.6428982
0.0252560,0.6439757
0.0253380,0.6429369
0.0254200,0.5965730
0.0255020,0.5974190
0.0255840,0.5990666
0.0256660,0.6879152
0.0257480,0.6455157
0.0258300,0.6879126
0.0259120,0.7282819
0.0259940,0.7277098
0.0260760,0.7666468
0.0261580,0.8313953
0.0262400,0.7596162
0.0263220,0.7587606
0.0264040,0.7660677
0.0264860,0.7666825
0.0265680,0.8378142
0.0266500,0.8026782
0.0267320,0.7278454
0.0268140,0.7650096
0.0268960,0.7645122
0.0269780,0.6863350
0.0270600,0.7294155
0.0271420,0.6453198
0.0272240,0.7235413
0.0273060,0.7664246
0.0273880,0.7666999
0.0274700,0.8039824
0.0275520,0.7282385
0.0276340,0.7238173
0.0277160,0.7612243
0.0277980,0.7609081
0.0278800,0.8654777
0.0279620,0.7604682
0.0280440,0.7595994
0.0281260,0.7203203
0.0282080,0.6390589
0.0282900,0.6398381
0.0283720,0.6836442
0.0284540,0.7618616
0.0285360,0.8337763
0.0286180,0.8030912
0.0287000,0.7655663
0.0287820,0.7660278
0.0288640,0.7676674
0.0289460,0.8045559
0.0290280,0.8369250
0.0291100,0.7261518
0.0291920,0.7263560
0.0292740,0.7309416
0.0293560,0.6455452
0.0294380,0.6484404
0.0295200,0.7307998
0.0296020,0.8036992
0.0296840,0.8054358
0.0297660,0.7342029
0.0298480,0.6923282
0.0299300,0.6929533
0.0300120,0.6925731
0.0300940,0.6931522
0.0301760,0.6945645
0.0302580,0.7339779
0.0303400,0.6951651
0.0304220,0.6527471
0.0305040,0.5593914
0.0305860,0.5609873
0.0306680,0.6503614
0.0307500,0.6052008
0.0308320,0.6059355
0.0309140,0.6104114
0.0309960,0.6099772
0.0310780,0.6969967
0.0311600,0.6964213
0.0312420,0.6913220
0.0313240,0.7317120
0.0314060,0.6090021
0.0314880,0.6095378
0.0315700,0.5616879
0.0316520,0.6119477
0.0317340,0.5639554
0.0318160,0.7345632
0.0318980,0.7352894
0.0319800,0.6118824
0.0320620,0.6991601
0.0321440,0.6565181
0.0322260,0.6991849
0.0323080,0.6574752
0.0323900,0.6577539
0.0324720,0.7004755
0.0325540,0.7002950
0.0326360,0.6580947
0.0327180,0.6136107
0.0328000,0.6579208
0.0328820,0.6580739
0.0329640,0.6591775
0.0330460,0.6142768
0.0331280,0.7007372
0.0332100,0.7014541
0.0332920,0.7015035
0.0333740,0.7360124
0.0334560,0.7388379
0.0335380,0.6990873
0.0336200,0.7771043
0.0337020,0.7410717
0.0337840,0.7423263
0.0338660,0.5659322
0.0339480,0.6582931
0.0340300,0.6576786
0.0341120,0.7389966
0.0341940,0.7397190
0.0342760,0.7760532
0.0343580,0.7395364
0.0344400,0.7769154
0.0345220,0.8119764
0.0346040,0.6574612
0.0346860,0.6585811
0.0347680,0.5656870
0.0348500,0.6141551
0.0349320,0.6994716
0.0350140,0.8129141
0.0350960,0.8133155
0.0351780,0.6107545
0.0352600,0.6103873
0.0353420,0.5624719
0.0354240,0.6572011
0.0355060,0.6573036
0.0355880,0.6579297
0.0356700,0.6595329
0.0357520,0.5659106
0.0358340,0.6135680
0.0359160,0.5653811
0.0359980,0.5656495
0.0360800,0.5668188
0.0361620,0.5668923
0.0362440,0.5658252
0.0363260,0.7018165
0.0364080,0.7018309
0.0364900,0.7019286
0.0365720,0.7002264
0.0366540,0.7397236
0.0367360,0.7003708
0.0368180,0.6582988
0.0369000,0.6984673
0.0369820,0.6996329
0.0370640,0.6581732
0.0371460,0.6561063
0.0372280,0.7770906
0.0373100,0.6577185
0.0373920,0.6577672
0.0374740,0.7788368
0.0375560,0.6160461
0.0376380,0.6147564
0.0377200,0.6138372
0.0378020,0.6596087
0.0378840,0.6606082
0.0379660,0.7002925
0.0380480,0.8078584
0.0381300,0.6949665
0.0382120,0.7347585
0.0382940,0.7345926
0.0383760,0.6964914
0.0384580,0.6572311
0.0385400,0.8439143
0.0386220,0.8108901
0.0387040,0.7747158
0.0387860,0.7771330
0.0388680,0.6975937
0.0389500,0.6987862
0.0390320,0.6114051
0.0391140,0.6553057
0.0391960,0.6570384
0.0392780,0.6564916
0.0393600,0.6969332
0.0394420,0.7736329
0.0395240,0.8095046
0.0396060,0.8423042
0.0396880,0.8422722
0.0397700,0.8756199
0.0398520,0.7334762
0.0399340,0.6934391
0.0400160,0.7295392
0.0400980,0.7302305
0.0401800,0.7309399
0.0402620,0.7699369
0.0403440,0.6537396
0.0404260,0.6580481
0.0405080,0.7379334
0.0405900,0.7378143
0.0406720,0.6984358
0.0407540,0.7366047
0.0408360,0.7346537
0.0409180,0.8081214
0.0410000,0.8055945
0.0410820,0.8048586
0.0411640,0.8043009
0.0412460,0.8047306
0.0413280,0.7335585
0.0414100,0.7341110
0.0414920,0.7357415
0.0415740,0.8452820
0.0416560,0.7740146
0.0417380,0.7353601
0.0418200,0.6953409
0.0419020,0.6961547
0.0419840,0.6953567
0.0420660,0.7694286
0.0421480,0.8052107
0.0422300,0.8722742
0.0423120,0.8719214
0.0423940,0.8739535
0.0424760,0.8036543
0.0425580,0.8374068
0.0426400,0.8027276
0.0427220,0.7675542
0.0428040,0.8372740
0.0428860,0.8385069
0.0429680,0.8068901
0.0430500,0.8059877
0.0431320,0.7271346
0.0432140,0.6907912
0.0432960,0.6907477
0.0433780,0.7687608
0.0434600,0.8010644
0.0435420,0.7987068
0.0436240,0.7983725
0.0437060,0.7655787
0.0437880,0.7662787
0.0438700,0.8643129
0.0439520,0.8689982
0.0440340,0.8002182
0.0441160,0.8685528
0.0441980,0.8696953
0.0442800,0.8388470
0.0443620,0.8042465
0.0444440,0.8741744
0.0445260,0.8415552
0.0446080,0.7721803
0.0446900,0.7717082
0.0447720,0.8031529
0.0448540,0.7301729
0.0449360,0.7683581
0.0450180,0.7646813
0.0451000,0.7633689
0.0451820,0.7622800
0.0452640,0.7954525
0.0453460,0.7233575
0.0454280,0.8316803
0.0455100,0.8638590
0.0455920,0.8645967
0.0456740,0.8275852
0.0457560,0.9252700
0.0458380,0.8943609
0.0459200,0.8963957
0.0460020,0.8964983
0.0460840,0.8975599
0.0461660,0.7957398
0.0462480,0.7963782
0.0463300,0.8346850
0.0464120,0.7609440
0.0464940,0.7592611
0.0465760,0.8606832
0.0466580,0.8600586
0.0467400,0.8950899
0.0468220,0.8658992
0.0469040,0.7981996
0.0469860,0.7988595
0.0470680,0.8000810
0.0471500,0.8345648
0.0472320,0.8655703
0.0473140,0.8661647
0.0473960,0.8663192
0.0474780,0.8672774
0.0475600,0.8294065
0.0476420,0.8285843
0.0477240,0.8623605
0.0478060,0.8633220
0.0478880,0.8638441
0.0479700,0.8964122
0.0480520,0.9286000
0.0481340,0.8989644
0.0482160,0.8668619
0.0482980,0.8678462
0.0483800,0.8008876
0.0484620,0.8678979
0.0485440,0.7977834
0.0486260,0.8354471
0.0487080,0.8320493
0.0487900,0.8319463
0.0488720,0.8977504
0.0489540,0.8650693
0.0490360,0.8967249
0.0491180,0.8642739
0.0492000,0.9288256
0.0492820,0.9304731
0.0493640,0.8676341
0.0494460,0.8008614
0.0495280,0.8349772
0.0496100,0.8356105
0.0496920,0.8363766
0.0497740,0.8659501
0.0498560,0.7978103
0.0499380,0.9021828
0.0500200,0.8372012
0.0501020,0.8372744
0.0501840,0.8376415
0.0502660,0.8376398
0.0503480,0.8678615
0.0504300,0.9575883
0.0505120,0.8310924
0.0505940,0.8314239
0.0506760,0.8974262
0.0507580,0.8634567
0.0508400,0.8637388
0.0509220,0.8644430
0.0510040,0.8314297
0.0510860,0.8320031
0.0511680,0.8974653
0.0512500,0.8985600
0.0513320,0.8963276
0.0514140,0.8635579
0.0514960,0.8658781
0.0515780,0.9299191
0.0516600,0.7698781
0.0517420,0.7694473
0.0518240,0.8056312
0.0519060,0.8396862
0.0519880,0.8392686
0.0520700,0.8388221
0.0521520,0.8034469
0.0522340,0.9303589
0.0523160,0.8666016
0.0523980,0.8660696
0.0524800,0.8326933
0.0525620,0.7961968
0.0526440,0.9281498
0.0527260,0.8972210
0.0528080,0.8972426
0.0528900,0.8971743
0.0529720,0.8658197
0.0530540,0.8349895
0.0531360,0.8000359
0.0532180,0.8327684
0.0533000,0.9254200
0.0533820,0.9269530
0.0534640,0.8965539
0.0535460,0.8657249
0.0536280,0.8638768
0.0537100,0.9554879
0.0537920,0.9557326
0.0538740,1.0423426
0.0539560,0.9292769
0.0540380,0.8647250
0.0541200,0.8344111
0.0542020,0.9283760
0.0542840,0.9296902
0.0543660,0.8991525
0.0544480,0.9293357
0.0545300,0.9595152
0.0546120,0.9005863
0.0546940,0.9009056
0.0547760,0.9916969
0.0548580,0.9358342
0.0549400,0.8658700
0.0550220,1.0154399
0.0551040,0.9289891
0.0551860,0.9299046
0.0552680,0.9302816
0.0553500,1.0165463
0.0554320,0.8683083
0.0555140,0.8986154
0.0555960,0.8995340
0.0556780,0.9014782
0.0557600,0.8675551
0.0558420,0.9599118
0.0559240,0.9589105
0.0560060,0.9897934
0.0560880,0.9903154
0.0561700,0.9915095
0.0562520,0.9305393
0.0563340,0.9876792
0.0564160,0.9878819
0.0564980,0.9887288
0.0565800,0.9310429
0.0566620,0.9002073
0.0567440,0.9283958
0.0568260,0.9872214
0.0569080,0.9284540
0.0569900,0.9293252
0.0570720,0.9886879
0.0571540,0.8355103
0.0572360,0.9273983
0.0573180,0.9556315
0.0574000,0.9846719
0.0574820,0.9846425
0.0575640,0.9546784
0.0576460,1.0144140
0.0577280,1.0154780
0.0578100,1.0417116
0.0578920,1.0429729
0.0579740,0.9892655
0.0580560,0.9598104
0.0581380,0.8665306
0.0582200,0.8942091
0.0583020,0.9257000
0.0583840,0.9246303
0.0584660,1.0411227
0.0585480,1.0126388
0.0586300,0.9840057
0.0587120,0.9251057
0.0587940,0.9256992
0.0588760,0.9261507
0.0589580,0.9238221
0.0590400,0.9547773
0.0591220,0.9245233
0.0592040,0.9837613
0.0592860,0.9848448
0.0593680,1.0144862
0.0594500,0.9844613
0.0595320,0.9847164
0.0596140,0.9551629
0.0596960,0.9552410
0.0597780,0.9573303
0.0598600,1.0415870
0.0599420,0.8956657
0.0600240,0.9556230
0.0601060,1.0143706
0.0601880,1.0153766
0.0602700,0.9595949
0.0603520,0.8993516
0.0604340,0.9016972
0.0605160,0.9001607
0.0605980,0.9000121
0.0606800,0.9569502
0.0607620,0.9273269
0.0608440,0.9284053
0.0609260,0.8993983
0.0610080,0.8339252
0.0610900,0.8332683
0.0611720,0.8973102
0.0612540,0.9290036
0.0613360,0.9292067
0.0614180,0.8676638
0.0615000,0.9584499
0.0615820,0.9601500
0.0616640,0.9614234
0.0617460,0.9322761
0.0618280,0.8686124
0.0619100,0.8995274
0.0619920,0.8988216
0.0620740,0.9580828
0.0621560,1.0147743
0.0622380,0.9570309
0.0623200,0.9257554
0.0624020,0.9562735
0.0624840,0.9563426
0.0625660,0.8955509
0.0626480,0.9300936
0.0627300,1.0149050
0.0628120,0.9861988
0.0628940,0.9872672
0.0629760,1.0172285
0.0630580,0.9910526
0.0631400,0.9911965
0.0632220,0.9903354
0.0633040,1.0176319
0.0633860,1.0179931
0.0634680,1.0168406
0.0635500,0.9296351
0.0636320,0.9594958
0.0637140,0.8981396
0.0637960,0.8972459
0.0638780,0.9594761
0.0639600,1.0441192
0.0640420,0.9906445
0.0641240,0.9905697
0.0642060,0.9618342
0.0642880,0.9618682
0.0643700,0.9584939
0.0644520,0.9575360
0.0645340,0.9579568
0.0646160,1.0115254
0.0646980,1.0116206
0.0647800,1.0141382
0.0648620,1.0155336
0.0649440,0.9866509
0.0650260,0.9605694
0.0651080,0.9316129
0.0651900,0.9323103
0.0652720,0.8996133
0.0653540,0.9319120
0.0654360,0.9606282
0.0655180,1.0971917
0.0656000,0.9022349
0.0656820,0.9031773
0.0657640,0.9035443
0.0658460,0.9642947
0.0659280,0.9641689
0.0660100,0.9321738
0.0660920,0.9324837
0.0661740,0.9932736
0.0662560,1.0191752
0.0663380,0.8701051
0.0664200,0.8711567
0.0665020,0.9626863
0.0665840,0.9628658
0.0666660,0.9005240
0.0667480,0.9007364
0.0668300,0.9905891
0.0669120,0.9902776
0.0669940,0.9910382
0.0670760,0.9906268
0.0671580,1.0196409
0.0672400,1.0189973
0.0673220,0.8989290
0.0674040,0.9288738
0.0674860,0.9288960
0.0675680,0.9582913
0.0676500,0.9591151
0.0677320,0.8996285
0.0678140,0.9325879
0.0678960,0.9325272
0.0679780,0.9311694
0.0680600,0.9294424
0.0681420,0.9594200
0.0682240,0.9890338
0.0683060,1.0431040
0.0683880,1.0433171
0.0684700,1.0146090
0.0685520,1.0141183
0.0686340,0.9581423
0.0687160,0.9274347
0.0687980,0.9263875
0.0688800,0.9277692
0.0689620,0.9862977
0.0690440,0.9875606
0.0691260,1.0419116
0.0692080,1.0154408
0.0692900,1.0160719
0.0693720,0.9288266
0.0694540,0.8991660
0.0695360,0.9898998
0.0696180,0.9297305
0.0697000,0.9887236
0.0697820,0.9892179
0.0698640,0.9605478
0.0699460,1.0470393
0.0700280,0.9304167
0.0701100,0.9615220
0.0701920,0.9615431
0.0702740,0.9608048
0.0703560,0.9606113
0.0704380,0.9302080
0.0705200,0.9901772
0.0706020,0.9311264
0.0706840,0.9314932
0.0707660,1.0195705
0.0708480,0.9329792
0.0709300,0.9023217
0.0710120,0.9324770
0.0710940,0.9326980
0.0711760,0.9630893
0.0712580,0.9031662
0.0713400,0.9016398
0.0714220,0.8364094
0.0715040,0.9345898
0.0715860,0.9357877
0.0716680,0.8723244
0.0717500,0.9332206
0.0718320,0.9319573
0.0719140,0.9317968
0.0719960,0.9327998
0.0720780,1.0989849
0.0721600,1.0175606
0.0722420,1.0180763
0.0723240,0.9892576
0.0724060,0.9611135
0.0724880,0.9600948
0.0725700,0.9288474
0.0726520,0.9289487
0.0727340,0.8989490
0.0728160,0.9311428
0.0728980,0.9309132
0.0729800,0.9889809
0.0730620,0.9582844
0.0731440,1.0168461
0.0732260,1.0448386
0.0733080,1.0451100
0.0733900,1.0462897
0.0734720,1.0993905
0.0735540,1.0197858
0.0736360,0.9326561
0.0737180,0.9035625
0.0738000,0.8374661
0.0738820,0.8373046
0.0739640,0.9014066
0.0740460,0.9913088
0.0741280,0.9627623
0.0742100,0.9603903
0.0742920,0.9588083
0.0743740,1.0439310
0.0744560,1.0687297
0.0745380,1.0408930
0.0746200,1.0675805
0.0747020,1.0686706
0.0747840,1.0683424
0.0748660,1.0680890
0.0749480,1.0697042
0.0750300,1.0969338
0.0751120,1.0708062
0.0751940,1.0695856
0.0752760,0.9535028
0.0753580,1.0893658
0.0754400,1.0381868
0.0755220,1.0386755
0.0756040,1.0658685
0.0756860,1.0665301
0.0757680,1.0400902
0.0758500,1.0402615
0.0759320,0.9843589
0.0760140,1.0679681
0.0760960,1.0683977
0.0761780,1.0424263
0.0762600,1.0326492
0.0763420,1.0323814
0.0764240,1.1124861
0.0765060,1.0854073
0.0765880,1.0850796
0.0766700,1.0840888
0.0767520,1.1853284
0.0768340,1.1152146
0.0769160,1.0372085
0.0769980,1.0374432
0.0770800,1.0653766
0.0771620,1.0400891
0.0772440,1.0596939
0.0773260,1.0603513
0.0774080,1.0859652
0.0774900,1.0869547
0.0775720,1.1627684
0.0776540,1.1387266
0.0777360,0.9754215
0.0778180,1.0029801
0.0779000,1.0299323
0.0779820,1.0312208
0.0780640,0.9760386
0.0781460,1.0046848
0.0782280,1.0060234
0.0783100,0.9775516
0.0783920,0.9760904
0.0784740,0.9750576
0.0785560,1.0577935
0.0786380,1.0584628
0.0787200,1.0029697
0.0788020,1.0038790
0.0788840,1.0044497
0.0789660,1.0056331
0.0790480,1.0071106
0.0791300,1.0032180
0.0792120,1.0611276
0.0792940,1.0612501
0.0793760,1.0868827
0.0794580,1.0613045
0.0795400,1.0888899
0.0796220,1.0885628
0.0797040,1.0614312
0.0797860,1.0597251
0.0798680,1.0589578
0.0799500,1.0591825
0.0800320,0.9853962
0.0801140,1.0680488
0.0801960,1.0677078
0.0802780,1.0415752
0.0803600,1.1212859
0.0804420,1.0972305
0.0805240,1.0721860
0.0806060,1.0383460
0.0806880,1.0379834
0.0807700,1.0873934
0.0808520,1.0098404
0.0809340,1.0379003
0.0810160,1.0097545
0.0810980,1.0093724
0.0811800,1.0627765
0.0812620,1.0082531
0.0813440,1.0607811
0.0814260,1.0341166
0.0815080,1.1362359
0.0815900,1.1375014
0.0816720,1.1359432
0.0817540,1.1128931
0.0818360,1.1134999
0.0819180,1.0872313
0.0820000,1.0883206
0.0820820,1.0886642
0.0821640,1.1155866
0.0822460,1.0081476
0.0823280,1.0045684
0.0824100,1.0590067
0.0824920,1.0595453
0.0825740,1.0049233
0.0826560,1.0071475
0.0827380,1.0068920
0.0828200,1.0624418
0.0829020,1.0359467
0.0829840,1.0352947
0.0830660,0.9774105
0.0831480,0.9766950
0.0832300,1.0338774
0.0833120,1.0326494
0.0833940,1.0327717
0.0834760,1.0847401
0.0835580,1.1365678
0.0836400,1.1337485
0.0837220,1.0841635
0.0838040,1.0562789
0.0838860,1.0576390
0.0839680,1.0322042
0.0840500,1.0039018
0.0841320,1.0029154
0.0842140,1.0024325
0.0842960,1.0022510
0.0843780,1.0025283
0.0844600,1.0300959
0.0845420,1.0587281
0.0846240,1.0381178
0.0847060,0.9814550
0.0847880,0.9818089
0.0848700,1.0638600
0.0849520,1.0580607
0.0850340,1.0291527
0.0851160,1.0843454
0.0851980,1.0839892
0.0852800,1.0557203
0.0853620,1.0827541
0.0854440,1.0843459
0.0855260,1.1115157
0.0856080,0.9760354
0.0856900,0.9759327
0.0857720,0.9769902
0.0858540,0.9773864
0.0859360,0.9771933
0.0860180,0.9788449
0.0861000,1.0875923
0.0861820,1.0878514
0.0862640,1.0882611
0.0863460,1.0609320
0.0864280,1.0614220
0.0865100,1.0618045
0.0865920,1.0617048
0.0866740,1.0616869
0.0867560,1.0326306
0.0868380,1.0328695
0.0869200,1.0333624
0.0870020,1.0317401
0.0870840,1.0316991
0.0871660,1.0047574
0.0872480,1.0329087
0.0873300,1.1116647
0.0874120,1.0864194
0.0874940,1.0874759
0.0875760,0.9760015
0.0876580,1.0049812
0.0877400,1.0332291
0.0878220,1.1116195
0.0879040,1.0862082
0.0879860,1.0863307
0.0880680,1.0860199
0.0881500,1.0854443
0.0882320,1.0317687
0.0883140,1.0586858
0.0883960,1.0599310
0.0884780,1.0305410
0.0885600,1.0585508
0.0886420,1.0299166
0.0887240,1.0834268
0.0888060,1.0298518
0.0888880,1.0311354
0.0889700,1.0847433
0.0890520,1.0311383
0.0891340,1.0857948
0.0892160,1.0600876
0.0892980,1.0607710
0.0893800,1.0332816
0.0894620,1.0340308
0.0895440,1.0616618
0.0896260,1.0331639
0.0897080,1.0603057
0.0897900,1.0605680
0.0898720,1.0330418
0.0899540,1.0320714
0.0900360,1.0049921
0.0901180,1.0054401
0.0902000,1.0322033
0.0902820,1.0337436
0.0903640,1.0362415
0.0904460,1.0378260
0.0905280,1.0646251
0.0906100,0.9806854
0.0906920,0.9815327
0.0907740,0.9818342
0.0908560,0.9809351
0.0909380,1.0096120
0.0910200,0.9793694
0.0911020,1.0083703
0.0911840,1.0084177
0.0912660,0.9799576
0.0913480,1.0363480
0.0914300,1.0353547
0.0915120,1.0895813
0.0915940,1.0910316
0.0916760,1.0643400
0.0917580,1.0649889
0.0918400,1.0369478
0.0919220,1.0648310
0.0920040,1.0911957
0.0920860,1.0916455
0.0921680,0.9794363
0.0922500,0.9804162
0.0923320,1.0079324
0.0924140,1.0314336
0.0924960,1.0314527
0.0925780,1.0864452
0.0926600,1.0876754
0.0927420,1.0631099
0.0928240,1.1397547
0.0929060,1.0638686
0.0929880,1.0633761
0.0930700,1.0362471
0.0931520,1.0369627
0.0932340,1.0384132
0.0933160,0.9830622
0.0933980,0.9839801
0.0934800,1.0122153
0.0935620,1.0668933
0.0936440,1.0665423
0.0937260,1.0662733
0.0938080,1.0395592
0.0938900,1.0413584
0.0939720,1.0144042
0.0940540,0.9574943
0.0941360,1.0969543
0.0942180,0.9870326
0.0943000,1.0144271
0.0943820,1.0134011
0.0944640,1.0116661
0.0945460,1.0133324
0.0946280,0.9865062
0.0947100,1.0421503
0.0947920,1.0425335
0.0948740,1.0146585
0.0949560,1.0932812
0.0950380,0.9839325
0.0951200,1.0390585
0.0952020,1.0120273
0.0952840,1.0114576
0.0953660,0.9832299
0.0954480,1.0365793
0.0955300,1.0370303
0.0956120,1.0398215
0.0956940,1.0391584
0.0957760,1.0416606
0.0958580,0.9553427
0.0959400,1.0666393
0.0960220,1.0384986
0.0961040,1.1175992
0.0961860,1.1178942
0.0962680,1.0384655
0.0963500,1.0132473
0.0964320,1.0404593
0.0965140,1.0407793
0.0965960,1.0399677
0.0966780,1.0409870
0.0967600,1.0404955
0.0968420,1.0662395
0.0969240,1.0653881
0.0970060,1.0377957
0.0970880,1.0366183
0.0971700,1.0904546
0.0972520,1.1176648
0.0973340,1.0634369
0.0974160,0.9817161
0.0974980,0.9824016
0.0975800,0.9832354
0.0976620,0.9832450
0.0977440,1.0676669
0.0978260,1.0139814
0.0979080,1.0682337
0.0979900,1.0675865
0.0980720,1.0651805
0.0981540,1.0932816
0.0982360,1.0393226
0.0983180,0.9827871
0.0984000,1.0108386
0.0984820,1.0111951
0.0985640,1.0665061
0.0986460,1.0918145
0.0987280,1.0915828
0.0988100,1.0659848
0.0988920,1.0664690
0.0989740,1.0664442
0.0990560,1.0942674
0.0991380,0.9847205
0.0992200,1.0672159
0.0993020,1.0932339
0.0993840,1.0934801
0.0994660,1.0146860
0.0995480,1.0139290
0.0996300,1.0131216
0.0997120,1.0377128
0.0997940,1.0388430
0.0998760,1.0383506
0.0999580,1.0371533
0.1000400,1.0631306
0.1001220,1.0880112
0.1002040,1.0873607
0.1002860,1.0871189
0.1003680,1.0612099
0.1004500,1.0084738
0.1005320,1.0386910
0.1006140,1.0090437
0.1006960,1.0106086
0.1007780,1.1184607
0.1008600,1.0661781
0.1009420,1.0099512
0.1010240,1.0132105
0.1011060,1.1408550
0.1011880,1.1422768
0.1012700,1.1404531
0.1013520,1.0883331
0.1014340,1.0357383
0.1015160,1.0892271
0.1015980,1.0896071
0.1016800,1.0351546
0.1017620,1.0352536
0.1018440,1.0884486
0.1019260,1.0884421
0.1020080,1.1130030
0.1020900,1.1131637
0.1021720,1.1636189
0.1022540,1.1863002
0.1023360,1.2088292
0.1024180,1.1866862
0.1025000,1.1638612
0.1025820,1.1643122
0.1026640,1.1410254
0.1027460,1.1439411
0.1028280,1.0915567
0.1029100,1.0403436
0.1029920,1.0407674
0.1030740,1.0417008
0.1031560,1.0149460
0.1032380,1.0701974
0.1033200,1.0939569
0.1034020,1.0660602
0.1034840,1.0654617
0.1035660,1.0668407
0.1036480,1.0143533
0.1037300,0.9853191
0.1038120,1.0150013
0.1038940,1.0149606
0.1039760,0.9853890
0.1040580,1.0395414
0.1041400,1.0671741
0.1042220,1.0676412
0.1043040,1.0672134
0.1043860,1.0669119
0.1044680,1.1191672
0.1045500,1.1202700
0.1046320,1.0937458
0.1047140,1.0401167
0.1047960,1.0399152
0.1048780,1.0930448
0.1049600,1.0392308
0.1050420,1.0386119
0.1051240,1.0401399
0.1052060,0.9841541
0.1052880,0.9850862
0.1053700,1.0693631
0.1054520,1.0415543
0.1055340,0.9854593
0.1056160,1.0676682
0.1056980,1.0683552
0.1057800,1.0956000
0.1058620,1.0686943
0.1059440,1.0690939
0.1060260,1.0146471
0.1061080,1.0436519
0.1061900,1.0445201
0.1062720,1.0446728
0.1063540,1.0688319
0.1064360,1.0947364
0.1065180,1.0690181
0.1066000,1.0688829
0.1066820,1.0690939
0.1067640,1.1210703
0.1068460,1.0954558
0.1069280,1.0157463
0.1070100,1.0711676
0.1070920,1.0724524
0.1071740,1.0184631
0.1072560,1.0187603
0.1073380,1.0185007
0.1074200,0.9902584
0.1075020,0.9335681
0.1075840,0.9330367
0.1076660,0.9328192
0.1077480,1.0443650
0.1078300,1.0972412
0.1079120,1.0711699
0.1079940,1.0717598
0.1080760,1.0169447
0.1081580,1.0717034
0.1082400,1.1209836
0.1083220,1.0937872
0.1084040,1.0918341
0.1084860,1.0921483
0.1085680,1.0901186
0.1086500,1.0663269
0.1087320,1.0383750
0.1088140,1.0115626
0.1088960,1.0120856
0.1089780,0.9836955
0.1090600,0.9843271
0.1091420,1.0164122
0.1092240,1.0439765
0.1093060,1.0403734
0.1093880,1.0419468
0.1094700,1.0925165
0.1095520,1.0384174
0.1096340,1.0100648
0.1097160,1.0362687
0.1097980,1.0370321
0.1098800,1.0654922
0.1099620,1.0421693
0.1100440,0.9584112
0.1101260,1.0155933
0.1102080,1.0427802
0.1102900,1.0434636
0.1103720,1.0142355
0.1104540,1.0135049
0.1105360,1.0684520
0.1106180,1.1429902
0.1107000,1.0647956
0.1107820,1.0652959
0.1108640,1.0919676
0.1109460,1.0901312
0.1110280,1.0912187
0.1111100,1.1170493
0.1111920,1.1170352
0.1112740,1.0645164
0.1113560,1.1207323
0.1114380,1.0425015
0.1115200,1.0694761
0.1116020,0.9849502
0.1116840,0.9840413
0.1117660,1.0696036
0.1118480,1.0163804
0.1119300,1.0697428
0.1120120,1.0963935
0.1120940,1.0971411
0.1121760,1.0967139
0.1122580,1.0972612
0.1123400,1.0973324
0.1124220,1.0706284
0.1125040,1.0975600
0.1125860,1.0980864
0.1126680,1.0964870
0.1127500,1.0447608
0.1128320,1.0179360
0.1129140,0.9600600
0.1129960,0.9610407
0.1130780,0.9893522
0.1131600,1.0460658
0.1132420,0.9583968
0.1133240,1.0152601
0.1134060,0.9906718
0.1134880,0.9911169
0.1135700,1.0470510
0.1136520,1.0684737
0.1137340,1.0410461
0.1138160,1.0686757
0.1138980,1.0703274
0.1139800,1.0726856
0.1140620,1.0732960
0.1141440,1.1001892
0.1142260,1.0734964
0.1143080,1.0178989
0.1143900,1.0185079
0.1144720,1.0740488
0.1145540,1.0404959
0.1146360,1.0167982
0.1147180,1.0473297
0.1148000,1.0208417
0.1148820,1.0214601
0.1149640,0.9649474
0.1150460,1.1020378
0.1151280,1.0941380
0.1152100,1.1213806
0.1152920,1.1224156
0.1153740,1.0738938
0.1154560,1.0969953
0.1155380,1.0719457
0.1156200,1.0961329
0.1157020,1.0712964
0.1157840,1.0722328
0.1158660,1.0461545
0.1159480,1.0201444
0.1160300,1.0445443
0.1161120,1.0202686
0.1161940,1.0183925
0.1162760,0.9903854
0.1163580,0.9919235
0.1164400,1.0486021
0.1165220,1.1237859
0.1166040,1.1198181
0.1166860,1.1206186
0.1167680,1.0952047
0.1168500,1.0990607
0.1169320,1.0760023
0.1170140,1.0761563
0.1170960,1.0757346
0.1171780,1.0213564
0.1172600,1.0495824
0.1173420,1.0499467
0.1174240,1.0503500
0.1175060,1.0775547
0.1175880,1.0773801
0.1176700,1.0243196
0.1177520,1.0270419
0.1178340,0.9981097
0.1179160,1.0268333
0.1179980,1.0279280
0.1180800,0.9982164
0.1181620,1.0536312
0.1182440,1.0250954
0.1183260,1.0277983
0.1184080,0.9989991
0.1184900,0.9998716
0.1185720,0.9699211
0.1186540,0.9698090
0.1187360,1.0255830
0.1188180,1.0236614
0.1189000,1.0236518
0.1189820,1.0231340
0.1190640,0.9955798
0.1191460,0.9664896
0.1192280,0.9968462
0.1193100,1.0260374
0.1193920,1.0269346
0.1194740,1.0506974
0.1195560,1.0234262
0.1196380,1.0243141
0.1197200,1.0520930
0.1198020,1.0762716
0.1198840,1.0747770
0.1199660,1.0744384
0.1200480,1.0977010
0.1201300,1.1243077
0.1202120,1.1041552
0.1202940,1.1049949
0.1203760,1.1076676
0.1204580,1.0546084
0.1205400,0.9711605
0.1206220,0.9702609
0.1207040,0.9694030
0.1207860,0.9702655
0.1208680,1.0254845
0.1209500,1.0488733
0.1210320,0.9969999
0.1211140,1.0248321
0.1211960,1.0254575
0.1212780,1.0275849
0.1213600,1.0516014
0.1214420,1.0782037
0.1215240,1.0247210
0.1216060,0.9995062
0.1216880,0.9993162
0.1217700,0.9705050
0.1218520,0.9410977
0.1219340,0.9671701
0.1220160,0.9953851
0.1220980,0.9949243
0.1221800,0.9944889
0.1222620,0.9643641
0.1223440,0.9683008
0.1224260,0.9948566
0.1225080,1.0231067
0.1225900,1.0236421
0.1226720,1.0519394
0.1227540,0.9994178
0.1228360,0.9415880
0.1229180,0.9390817
0.1230000,1.0275172
0.1230820,1.0285920
0.1231640,1.0248071
0.1232460,1.0531477
0.1233280,0.9988249
0.1234100,1.0270093
0.1234920,1.0264902
0.1235740,1.0263959
0.1236560,0.9968758
0.1237380,0.9679155
0.1238200,0.9979387
0.1239020,0.9988812
0.1239840,1.0016100
0.1240660,1.0307249
0.1241480,0.9458111
0.1242300,0.9161401
0.1243120,0.9759983
0.1243940,0.9750463
0.1244760,1.0328522
0.1245580,1.0873796
0.1246400,1.0611707
0.1247220,1.0330484
0.1248040,1.0330407
0.1248860,1.0332051
0.1249680,0.9759512
0.1250500,1.0044677
0.1251320,1.0048110
0.1252140,1.0556573
0.1252960,1.0568431
0.1253780,1.0009644
0.1254600,1.0009492
0.1255420,0.9720725
0.1256240,1.0048196
0.1257060,0.9764979
0.1257880,0.9763703
0.1258700,0.9456310
0.1259520,0.9999364
0.1260340,0.9989926
0.1261160,1.0810785
0.1261980,1.0818480
0.1262800,1.0283476
0.1263620,1.0559643
0.1264440,0.9757038
0.1265260,1.0566295
0.1266080,1.1086036
0.1266900,1.1090122
0.1267720,1.0578511
0.1268540,1.0543218
0.1269360,0.9735104
0.1270180,1.0258440
0.1271000,1.0014359
0.1271820,1.0014755
0.1272640,0.9719007
0.1273460,1.0528246
0.1274280,1.0281329
0.1275100,1.0260872
0.1275920,1.0261260
0.1276740,1.0276153
0.1277560,1.0863381
0.1278380,1.0806915
0.1279200,1.0534939
0.1280020,1.1059237
0.1280840,1.1063580
0.1281660,1.1045976
0.1282480,1.1039557
0.1283300,1.0504124
0.1284120,1.0269082
0.1284940,1.0275680
0.1285760,1.0561306
0.1286580,1.0819536
0.1287400,1.1332037
0.1288220,1.0546674
0.1289040,0.9717900
0.1289860,0.9713754
0.1290680,1.0299616
0.1291500,1.0302850
0.1292320,1.0843434
0.1293140,1.1100673
0.1293960,1.1116739
0.1294780,1.0817199
0.1295600,1.0805469
0.1296420,1.1318845
0.1297240,1.0313131
0.1298060,1.0532765
0.1298880,1.0540669
0.1299700,1.0543939
0.1300520,1.0807837
0.1301340,1.0303534
0.1302160,1.0802868
0.1302980,1.0808170
0.1303800,1.1066785
0.1304620,1.1060791
0.1305440,1.0573596
0.1306260,1.0302512
0.1307080,1.0572739
0.1307900,1.0581567
0.1308720,1.0312562
0.1309540,1.0322257
0.1310360,1.0335499
0.1311180,1.0867903
0.1312000,1.1359973
0.1312820,1.1350195
0.1313640,1.0820660
0.1314460,1.1084777
0.1315280,1.1085791
0.1316100,1.1300780
0.1316920,1.1301901
0.1317740,1.1054314
0.1318560,1.1068297
0.1319380,1.0809468
0.1320200,1.0820668
0.1321020,1.0809445
0.1321840,1.0806135
0.1322660,1.0539494
0.1323480,1.1077445
0.1324300,1.0272155
0.1325120,1.0578558
0.1325940,1.0583027
0.1326760,1.0573821
0.1327580,1.0532563
0.1328400,1.0254412
0.1329220,1.1787238
0.1330040,1.1297102
0.1330860,1.1299405
0.1331680,1.1289161
0.1332500,1.1543697
0.1333320,1.1069843
0.1334140,1.1088183
0.1334960,1.1096560
0.1335780,1.1586737
0.1336600,1.0838963
0.1337420,1.1816807
0.1338240,1.1326425
0.1339060,1.1289811
0.1339880,1.1285353
0.1340700,1.1769674
0.1341520,1.1769445
0.1342340,1.1024597
0.1343160,1.1276109
0.1343980,1.1278945
0.1344800,1.1280131
0.1345620,1.1308808
0.1346440,1.1285153
0.1347260,1.1268739
0.1348080,1.1764142
0.1348900,1.1767391
0.1349720,1.1531329
0.1350540,1.1297269
0.1351360,1.0824753
0.1352180,1.1091928
0.1353000,1.1097822
0.1353820,1.1087808
0.1354640,1.0564229
0.1355460,1.0561609
0.1356280,1.0817350
0.1357100,1.1056245
0.1357920,1.1056035
0.1358740,1.1047881
0.1359560,1.0784957
0.1360380,1.1052605
0.1361200,1.1321343
0.1362020,1.1091243
0.1362840,1.1094729
0.1363660,1.0562079
0.1364480,1.1085742
0.1365300,1.0554078
0.1366120,1.0817192
0.1366940,1.0819357
0.1367760,1.0802074
0.1368580,1.1062977
0.1369400,1.0804401
0.1370220,1.1065107
0.1371040,1.0808089
0.1371860,1.0815864
0.1372680,1.0574058
0.1373500,1.1090565
0.1374320,1.1086884
0.1375140,1.1332784
0.1375960,1.1339530
0.1376780,1.1084047
0.1377600,1.1338992
0.1378420,1.1316105
0.1379240,1.1579002
0.1380060,1.1334290
0.1380880,1.1319997
0.1381700,1.1308463
0.1382520,1.1303170
0.1383340,1.1307465
0.1384160,1.1067118
0.1384980,1.1079186
0.1385800,1.0823399
0.1386620,1.1063517
0.1387440,1.1329409
0.1388260,1.1587133
0.1389080,1.1805992
0.1389900,1.1820528
0.1390720,1.1595696
0.1391540,1.1566109
0.1392360,1.1334672
0.1393180,1.1552007
0.1394000,1.1068193
0.1394820,1.1065413
0.1395640,1.0572153
0.1396460,1.0792496
0.1397280,1.0778438
0.1398100,1.0811387
0.1398920,1.0809447
0.1399740,1.1086268
0.1400560,1.1611625
0.1401380,1.1111805
0.1402200,1.1099558
0.1403020,1.0549611
0.1403840,1.0541909
0.1404660,1.1291499
0.1405480,1.1063253
0.1406300,1.1545057
0.1407120,1.1300307
0.1407940,1.1294515
0.1408760,1.1298372
0.1409580,1.1298252
0.1410400,1.1800114
0.1411220,1.1293116
0.1412040,1.1060756
0.1412860,1.1065592
0.1413680,1.1059599
0.1414500,1.1559470
0.1415320,1.2024026
0.1416140,1.1780545
0.1416960,1.1773792
0.1417780,1.1298446
0.1418600,1.1562283
0.1419420,1.1791807
0.1420240,1.1075848
0.1421060,1.1811991
0.1421880,1.1807248
0.1422700,1.1557277
0.1423520,1.1536397
0.1424340,1.1564540
0.1425160,1.1325628
0.1425980,1.1335609
0.1426800,1.1563473
0.1427620,1.1564984
0.1428440,1.1803429
0.1429260,1.2265316
0.1430080,1.1344822
0.1430900,1.1340401
0.1431720,1.1334728
0.1432540,1.1586222
0.1433360,1.1829955
0.1434180,1.1565039
0.1435000,1.1798778
0.1435820,1.1808782
0.1436640,1.1565879
0.1437460,1.1535311
0.1438280,1.1569466
0.1439100,1.1113151
0.1439920,1.1100291
0.1440740,1.1352582
0.1441560,1.1077124
0.1442380,1.1085801
0.1443200,1.1334537
0.1444020,1.1587028
0.1444840,1.1593815
0.1445660,1.1098894
0.1446480,1.1541748
0.1447300,1.1318262
0.1448120,1.1550405
0.1448940,1.1556473
0.1449760,1.1602859
0.1450580,1.1597722
0.1451400,1.1598218
0.1452220,1.1615708
0.1453040,1.1103898
0.1453860,1.1105534
0.1454680,1.1323713
0.1455500,1.1586096
0.1456320,1.1629522
0.1457140,1.1161780
0.1457960,1.1170972
0.1458780,1.1168605
0.1459600,1.1164694
0.1460420,1.1166015
0.1461240,1.1390601
0.1462060,1.1596973
0.1462880,1.1608231
0.1463700,1.1118386
0.1464520,1.0872071
0.1465340,1.0387016
0.1466160,1.0884597
0.1466980,1.0886603
0.1467800,1.0919892
0.1468620,1.1165513
0.1469440,1.0879267
0.1470260,1.0869406
0.1471080,1.1604968
0.1471900,1.1602385
0.1472720,1.0851000
0.1473540,1.1578011
0.1474360,1.1339931
0.1475180,1.1088428
0.1476000,1.1599790
0.1476820,1.1602348
0.1477640,1.1370943
0.1478460,1.0591009
0.1479280,1.0358890
0.1480100,1.0625903
0.1480920,1.0628385
0.1481740,1.0891742
0.1482560,1.0639496
0.1483380,1.0105251
0.1484200,1.0636956
0.1485020,1.0355333
0.1485840,1.0352548
0.1486660,1.0887180
0.1487480,1.0825073
0.1488300,1.0864798
0.1489120,1.0343162
0.1489940,1.0355165
0.1490760,1.0627192
0.1491580,1.0909632
0.1492400,1.0382276
0.1493220,1.0400056
0.1494040,1.0663085
0.1494860,1.0656124
0.1495680,1.0653516
0.1496500,1.1171687
0.1497320,1.0654911
0.1498140,1.1135880
0.1498960,1.1138297
0.1499780,1.0627637
0.1500600,1.0848506
0.1501420,1.1356001
0.1502240,1.0850349
0.1503060,1.0389815
0.1503880,1.0400981
0.1504700,0.9823923
0.1505520,1.1383787
0.1506340,1.0929048
0.1507160,1.0909994
0.1507980,1.0899930
0.1508800,1.1122399
0.1509620,1.1138537
0.1510440,1.1162869
0.1511260,1.0399870
0.1512080,1.0902925
0.1512900,1.0912493
0.1513720,1.0912629
0.1514540,1.0395930
0.1515360,1.1151846
0.1516180,1.0883574
0.1517000,1.0878886
0.1517820,1.0882833
0.1518640,1.0912209
0.1519460,1.0643681
0.1520280,1.1142970
0.1521100,1.1636429
0.1521920,1.1632593
0.1522740,1.0871670
0.1523560,1.1136382
0.1524380,1.0892641
0.1525200,1.0896757
0.1526020,1.0630953
0.1526840,1.0632638
0.1527660,1.1143042
0.1528480,1.0886399
0.1529300,1.0863348
0.1530120,1.0333743
0.1530940,1.0335157
0.1531760,1.0352722
0.1532580,1.0631896
0.1533400,1.0626444
0.1534220,1.0398077
0.1535040,1.0667975
0.1535860,1.0667970
0.1536680,1.0405081
0.1537500,1.0685264
0.1538320,1.0654190
0.1539140,1.0658326
0.1539960,1.0665491
0.1540780,1.0904614
0.1541600,1.0641931
0.1542420,1.1426707
0.1543240,1.0388474
0.1544060,1.0911508
0.1544880,1.0908802
0.1545700,1.1177064
0.1546520,1.0667183
0.1547340,1.0651699
0.1548160,1.0357078
0.1548980,1.0369306
0.1549800,1.0652615
0.1550620,1.0659933
0.1551440,1.0935577
0.1552260,1.0939001
0.1553080,1.0949828
0.1553900,1.0961781
0.1554720,1.0377813
0.1555540,1.1171299
0.1556360,1.0938809
0.1557180,1.1412047
0.1558000,1.0669958
0.1558820,1.0679006
0.1559640,1.0661899
0.1560460,1.0928355
0.1561280,1.0973596
0.1562100,1.0754869
0.1562920,1.0779736
0.1563740,1.0206976
0.1564560,1.0223187
0.1565380,0.9943361
0.1566200,1.0205958
0.1567020,1.0485859
0.1567840,1.0481736
0.1568660,1.0195007
0.1569480,1.0688409
0.1570300,1.0922626
0.1571120,1.1431323
0.1571940,1.1437007
0.1572760,1.1185636
0.1573580,1.1652259
0.1574400,1.1664793
0.1575220,1.1913319
0.1576040,1.0936833
0.1576860,1.0940247
0.1577680,1.1441093
0.1578500,1.0676136
0.1579320,1.0918985
0.1580140,1.0934280
0.1580960,1.0951189
0.1581780,1.0675506
0.1582600,1.0909480
0.1583420,1.0638936
0.1584240,1.0902953
0.1585060,1.1162981
0.1585880,1.1158899
0.1586700,1.0900268
0.1587520,1.1165145
0.1588340,1.0890768
0.1589160,1.1167457
0.1589980,1.1175702
0.1590800,1.1178285
0.1591620,1.0926009
0.1592440,1.1151926
0.1593260,1.0905245
0.1594080,1.0688885
0.1594900,1.0705224
0.1595720,1.1219768
0.1596540,1.0963705
0.1597360,1.0948827
0.1598180,1.0954134
0.1599000,1.1129862
0.1599820,1.1120352
0.1600640,1.1144634
0.1601460,1.0376308
0.1602280,1.0607264
0.1603100,1.0631054
0.1603920,1.0630669
0.1604740,1.0602691
0.1605560,1.0599260
0.1606380,1.0581566
0.1607200,1.1333176
0.1608020,1.1065103
0.1608840,1.1063082
0.1609660,1.1592767
0.1610480,1.1573589
0.1611300,1.1154296
0.1612120,1.0675678
0.1612940,1.0681717
0.1613760,1.1125451
0.1614580,1.1112958
0.1615400,1.0851258
0.1616220,1.0846120
0.1617040,1.1323853
0.1617860,1.1331676
0.1618680,1.1593385
0.1619500,1.1112817
0.1620320,1.1351151
0.1621140,1.0422742
0.1621960,1.0430415
0.1622780,1.1398568
0.1623600,1.0883079
0.1624420,1.0879737
0.1625240,1.0877358
0.1626060,1.0621260
0.1626880,1.0631737
0.1627700,1.0640777
0.1628520,1.0708000
0.1629340,1.0380003
0.1630160,1.0639828
0.1630980,1.0634675
0.1631800,1.1113206
0.1632620,1.0874729
0.1633440,1.1379415
0.1634260,1.1129977
0.1635080,1.0866058
0.1635900,1.0875114
0.1636720,1.1626848
0.1637540,1.1383026
0.1638360,1.0864039
0.1639180,1.1611134
0.1640000,1.1830847
0.1640820,1.1834157
0.1641640,1.1429212
0.1642460,1.0656586
0.1643280,1.0926768
0.1644100,1.1192605
0.1644920,1.1197408
0.1645740,1.1918467
0.1646560,1.1667224
0.1647380,1.1877925
0.1648200,1.1151643
0.1649020,1.1879005
0.1649840,1.1885461
0.1650660,1.1167616
0.1651480,1.1161228
0.1652300,1.0935350
0.1653120,1.1204643
0.1653940,1.1212452
0.1654760,1.0936264
0.1655580,1.0947130
0.1656400,1.0947858
0.1657220,1.1174753
0.1658040,1.1671960
0.1658860,1.1679310
0.1659680,1.1656739
0.1660500,1.1166268
0.1661320,1.0661932
0.1662140,1.1172061
0.1662960,1.1171171
0.1663780,1.0931810
0.1664600,1.1439342
0.1665420,1.1455319
0.1666240,1.0700904
0.1667060,1.0700340
0.1667880,1.0705684
0.1668700,1.1221090
0.1669520,1.0723773
0.1670340,1.1484751
0.1671160,1.0457370
0.1671980,1.0457268
0.1672800,1.0738787
0.1673620,1.0943950
0.1674440,1.0946708
0.1675260,1.0972536
0.1676080,1.1709630
0.1676900,1.1716560
0.1677720,1.0946490
0.1678540,1.1707146
0.1679360,1.1704886
0.1680180,1.1235136
0.1681000,1.1227283
0.1681820,1.1219213
0.1682640,1.1231963
0.1683460,1.0972871
0.1684280,1.1684782
0.1685100,1.1684196
0.1685920,1.1684982
0.1686740,1.1960370
0.1687560,1.1220828
0.1688380,1.1471649
0.1689200,1.1477474
0.1690020,1.1245421
0.1690840,1.1232238
0.1691660,1.1228912
0.1692480,1.1475599
0.1693300,1.1002303
0.1694120,1.1244872
0.1694940,1.1238239
0.1695760,1.1015455
0.1696580,1.0472126
0.1697400,1.0724763
0.1698220,1.1471609
0.1699040,1.1716406
0.1699860,1.1722406
0.1700680,1.1257400
0.1701500,1.1247761
0.1702320,1.1468357
0.1703140,1.0976411
0.1703960,1.0974873
0.1704780,1.1000877
0.1705600,1.1009061
0.1706420,1.1022279
0.1707240,1.0513776
0.1708060,0.9962234
0.1708880,0.9953231
0.1709700,1.1007011
0.1710520,1.1260751
0.1711340,1.0744320
0.1712160,1.0727813
0.1712980,1.0723466
0.1713800,1.1722733
0.1714620,1.1731838
0.1715440,1.1496341
0.1716260,1.1249840
0.1717080,1.1468723
0.1717900,1.1473979
0.1718720,1.1474129
0.1719540,1.1729354
0.1720360,1.1499785
0.1721180,1.1229152
0.1722000,1.1480280
0.1722820,1.1478026
0.1723640,1.1493325
0.1724460,1.1257886
0.1725280,1.1007567
0.1726100,1.1735859
0.1726920,1.1750008
0.1727740,1.1259730
0.1728560,1.1699101
0.1729380,1.1693740
0.1730200,1.0695580
0.1731020,1.0693427
0.1731840,1.0702721
0.1732660,1.0711164
0.1733480,1.1966291
0.1734300,1.1248986
0.1735120,1.1965786
0.1735940,1.1977096
0.1736760,1.1745035
0.1737580,1.1703821
0.1738400,1.1923600
0.1739220,1.1924520
0.1740040,1.1711438
0.1740860,1.1705948
0.1741680,1.1463822
0.1742500,1.1705946
0.1743320,1.1201455
0.1744140,1.1466086
0.1744960,1.1472775
0.1745780,1.1453310
0.1746600,1.1224090
0.1747420,1.0970573
0.1748240,1.1237133
0.1749060,1.0970840
0.1749880,1.0975403
0.1750700,1.1705028
0.1751520,1.1910081
0.1752340,1.1460017
0.1753160,1.1233207
0.1753980,1.1233292
0.1754800,1.1237093
0.1755620,1.1960685
0.1756440,1.1716157
0.1757260,1.1488510
0.1758080,1.1258362
0.1758900,1.1256916
0.1759720,1.1518613
0.1760540,1.0981909
0.1761360,1.0986931
0.1762180,1.1499316
0.1763000,1.1265782
0.1763820,1.1272031
0.1764640,1.0997080
0.1765460,1.1253893
0.1766280,1.0741514
0.1767100,1.1024081
0.1767920,1.1024310
0.1768740,1.1269429
0.1769560,1.1486057
0.1770380,1.0987511
0.1771200,1.1023697
0.1772020,1.1037295
0.1772840,1.1045554
0.1773660,1.0557699
0.1774480,1.0503786
0.1775300,1.1531952
0.1776120,1.1258503
0.1776940,1.1255256
0.1777760,1.1247393
0.1778580,1.1732177
0.1779400,1.1732946
0.1780220,1.1494975
0.1781040,1.1243095
0.1781860,1.1229948
0.1782680,1.1720397
0.1783500,1.1941209
0.1784320,1.1959116
0.1785140,1.1237280
0.1785960,1.1253725
0.1786780,1.1219102
0.1787600,1.1478876
0.1788420,1.1236456
0.1789240,1.1481228
0.1790060,1.1725552
0.1790880,1.1730187
0.1791700,1.1734734
0.1792520,1.1495740
0.1793340,1.1511421
0.1794160,1.0486445
0.1794980,1.0493801
0.1795800,1.1010947
0.1796620,1.1767185
0.1797440,1.2200893
0.1798260,1.0758074
0.1799080,1.1753326
0.1799900,1.1753853
0.1800720,1.1510867
0.1801540,1.1484169
0.1802360,1.1953771
0.1803180,1.1496369
0.1804000,1.1270901
0.1804820,1.1262034
0.1805640,1.1519579
0.1806460,1.1753049
0.1807280,1.1262194
0.1808100,1.0996686
0.1808920,1.0981396
0.1809740,1.1740697
0.1810560,1.1230564
0.1811380,1.1963337
0.1812200,1.1240305
0.1813020,1.1481258
0.1813840,1.1480628
0.1814660,1.1223131
0.1815480,1.1475842
0.1816300,1.1736567
0.1817120,1.0723409
0.1817940,1.0725589
0.1818760,1.0491662
0.1819580,1.1746041
0.1820400,1.1010192
0.1821220,1.0746719
0.1822040,1.1003859
0.1822860,1.1000066
0.1823680,1.1004911
0.1824500,1.1484394
0.1825320,1.1486812
0.1826140,1.0999111
0.1826960,1.1011686
0.1827780,1.1242415
0.1828600,1.1238124
0.1829420,1.1483347
0.1830240,1.1719306
0.1831060,1.1729474
0.1831880,1.1737634
0.1832700,1.1746089
0.1833520,1.1039828
0.1834340,1.1294697
0.1835160,1.0989819
0.1835980,1.0986615
0.1836800,1.1236452
0.1837620,1.1245205
0.1838440,1.0999025
0.1839260,1.0729144
0.1840080,1.1006683
0.1840900,1.1017494
0.1841720,1.1739001
0.1842540,1.1487255
0.1843360,1.1472563
0.1844180,1.0450885
0.1845000,1.1476363
0.1845820,1.1467915
0.1846640,1.1717606
0.1847460,1.1475653
0.1848280,1.1260005
0.1849100,1.1724012
0.1849920,1.1720689
0.1850740,1.1731090
0.1851560,1.0729089
0.1852380,1.1223088
0.1853200,1.1467909
0.1854020,1.1932848
0.1854840,1.1939818
0.1855660,1.1474016
0.1856480,1.1983004
0.1857300,1.2205197
0.1858120,1.2419216
0.1858940,1.2421599
0.1859760,1.1944382
0.1860580,1.1491603
0.1861400,1.1266313
0.1862220,1.1256172
0.1863040,1.0993443
0.1863860,1.0992068
0.1864680,1.1211841
0.1865500,1.1459421
0.1866320,1.1708139
0.1867140,1.1911352
0.1867960,1.1913680
0.1868780,1.1718037
0.1869600,1.1461334
0.1870420,1.1461318
0.1871240,1.1444180
0.1872060,1.1944203
0.1872880,1.1955166
0.1873700,1.1703230
0.1874520,1.1216648
0.1875340,1.1254081
0.1876160,1.1247879
0.1876980,1.1252981
0.1877800,1.1528813
0.1878620,1.1787231
0.1879440,1.1275241
0.1880260,1.1526217
0.1881080,1.1011651
0.1881900,1.1015820
0.1882720,1.0714541
0.1883540,1.1000583
0.1884360,1.0455019
0.1885180,1.1729634
0.1886000,1.2176204
0.1886820,1.2187034
0.1887640,1.1989434
0.1888460,1.1745407
0.1889280,1.1021525
0.1890100,1.1506021
0.1890920,1.1496938
0.1891740,1.1247987
0.1892560,1.1012077
0.1893380,1.1247461
0.1894200,1.1742924
0.1895020,1.1492952
0.1895840,1.1498704
0.1896660,1.2211025
0.1897480,1.1991487
0.1898300,1.1762778
0.1899120,1.1540780
0.1899940,1.1532476
0.1900760,1.1777123
0.1901580,1.0774021
0.1902400,1.1009107
0.1903220,1.1263091
0.1904040,1.0975634
0.1904860,1.0973967
0.1905680,1.0996551
0.1906500,1.1224415
0.1907320,1.1222501
0.1908140,1.0441496
0.1908960,1.0443716
0.1909780,1.1476571
0.1910600,1.1726771
0.1911420,1.1729943
0.1912240,1.1240274
0.1913060,1.1269382
0.1913880,1.1260831
0.1914700,1.1011230
0.1915520,1.0977102
0.1916340,1.1976945
0.1917160,1.1511249
0.1917980,1.1513851
0.1918800,1.1510127
0.1919620,1.1019266
0.1920440,1.0486188
0.1921260,1.0214684
0.1922080,1.0748774
0.1922900,1.0748735
0.1923720,1.1005185
0.1924540,1.0478786
0.1925360,1.0469052
0.1926180,1.1499976
0.1927000,1.0497328
0.1927820,1.0496915
0.1928640,1.1015970
0.1929460,1.1286180
0.1930280,1.1287034
0.1931100,1.1282977
0.1931920,1.1281402
0.1932740,1.0780728
0.1933560,1.0782378
0.1934380,1.0808389
0.1935200,1.0269885
0.1936020,1.0774146
0.1936840,1.0781911
0.1937660,1.0497558
0.1938480,1.0234578
0.1939300,1.1020327
0.1940120,1.1016282
0.1940940,1.1028872
0.1941760,1.0789226
0.1942580,1.0777538
0.1943400,1.0772610
0.1944220,1.0501492
0.1945040,1.2022184
0.1945860,1.2025101
0.1946680,1.1549203
0.1947500,1.0778278
0.1948320,1.0782152
0.1949140,1.0504109
0.1949960,1.0501457
0.1950780,1.0218908
0.1951600,1.0776825
0.1952420,1.1045115
0.1953240,1.0509606
0.1954060,1.0786170
0.1954880,1.0788243
0.1955700,1.0269659
0.1956520,1.0528205
0.1957340,1.1300706
0.1958160,1.1568912
0.1958980,1.1575848
0.1959800,1.0810602
0.1960620,1.0811006
0.1961440,1.0825897
0.1962260,1.0566186
0.1963080,1.0798918
0.1963900,1.0799356
0.1964720,1.1301355
0.1965540,1.0764666
0.1966360,1.1032255
0.1967180,1.0792372
0.1968000,1.0787385
0.1968820,1.0792362
0.1969640,1.0807788
0.1970460,1.1058784
0.1971280,1.0790715
0.1972100,1.1041682
0.1972920,1.1037021
0.1973740,1.0505972
0.1974560,1.1284297
0.1975380,1.1517596
0.1976200,1.1034761
0.1977020,1.1302164
0.1977840,1.1324065
0.1978660,1.0550438
0.1979480,1.0286691
0.1980300,1.0013361
0.1981120,1.0304711
0.1981940,1.0303566
0.1982760,1.0566846
0.1983580,1.0298971
0.1984400,1.1055962
0.1985220,1.1055017
0.1986040,1.0797898
0.1986860,1.0801089
0.1987680,1.0256841
0.1988500,1.1065684
0.1989320,1.1059789
0.1990140,1.0248231
0.1990960,1.0256948
0.1991780,1.0509490
0.1992600,1.0768240
0.1993420,1.0774746
0.1994240,1.0796441
0.1995060,1.0542619
0.1995880,1.0554685
0.1996700,1.0819567
0.1997520,1.0825037
0.1998340,1.1088060
0.1999160,1.1063933
0.1999980,1.1059717
0.2000800,1.1052479
0.2001620,1.0543776
0.2002440,1.0800121
0.2003260,1.0254114
0.2004080,1.1027572
0.2004900,1.1043727
0.2005720,1.1321393
0.2006540,1.0269269
0.2007360,1.1564399
0.2008180,1.1559433
0.2009000,1.1777035
0.2009820,1.1781594
0.2010640,1.1530575
0.2011460,1.1031916
0.2012280,1.1309929
0.2013100,1.2003134
0.2013920,1.2000321
0.2014740,1.1759014
0.2015560,1.2464907
0.2016380,1.1273311
0.2017200,1.1282774
0.2018020,1.1519968
0.2018840,1.1539620
0.2019660,1.1042475
0.2020480,1.1031240
0.2021300,1.1773206
0.2022120,1.1287611
0.2022940,1.1281479
0.2023760,1.1506170
0.2024580,1.2229670
0.2025400,1.1989387
0.2026220,1.1999079
0.2027040,1.1753656
0.2027860,1.1764826
0.2028680,1.1525082
0.2029500,1.1301268
0.2030320,1.1544167
0.2031140,1.1030872
0.2031960,1.1031559
0.2032780,1.1009403
0.2033600,1.1194267
0.2034420,1.1463831
0.2035240,1.1219300
0.2036060,1.1494579
0.2036880,1.1495706
0.2037700,1.1323086
0.2038520,1.1568067
0.2039340,1.1044991
0.2040160,1.1277055
0.2040980,1.1283736
0.2041800,1.1294594
0.2042620,1.1050129
0.2043440,1.1041749
0.2044260,1.1290534
0.2045080,1.2212434
0.2045900,1.2219845
0.2046720,1.2226393
0.2047540,1.1530434
0.2048360,1.1540700
0.2049180,1.1536973
0.2050000,1.0519234
0.2050820,1.0524170
0.2051640,1.0768763
0.2052460,1.1543005
0.2053280,1.1036061
0.2054100,1.0776344
0.2054920,1.0777380
0.2055740,1.1293807
0.2056560,1.0514634
0.2057380,1.0238837
0.2058200,1.1019166
0.2059020,1.1295353
0.2059840,1.1305662
0.2060660,1.1520869
0.2061480,1.1540136
0.2062300,1.1533471
0.2063120,1.1770282
0.2063940,1.1785282
0.2064760,1.0808115
0.2065580,1.0801920
0.2066400,1.0287836
0.2067220,0.9989224
0.2068040,1.1044300
0.2068860,1.1057572
0.2069680,1.0773271
0.2070500,1.1005905
0.2071320,1.1276443
0.2072140,1.0777803
0.2072960,1.0772619
0.2073780,1.0497008
0.2074600,1.1078692
0.2075420,1.0817736
0.2076240,1.1314590
0.2077060,1.1543914
0.2077880,1.1537711
0.2078700,1.1761096
0.2079520,1.1519202
0.2080340,1.1025032
0.2081160,1.1032142
0.2081980,1.1045987
0.2082800,1.1532740
0.2083620,1.1306260
0.2084440,1.1558376
0.2085260,1.1547304
0.2086080,1.1546167
0.2086900,1.1540317
0.2087720,1.1269780
0.2088540,1.1040196
0.2089360,1.1047659
0.2090180,1.1043816
0.2091000,1.0787581
0.2091820,1.0790256
0.2092640,1.1053537
0.2093460,1.0512755
0.2094280,1.0528595
0.2095100,1.0788340
0.2095920,1.0792848
0.2096740,1.0242456
0.2097560,1.0496352
0.2098380,1.0775156
0.2099200,1.0769383
0.2100020,1.0519883
0.2100840,1.0517707
0.2101660,1.1541676
0.2102480,1.1069499
0.2103300,1.1333115
0.2104120,1.1338404
0.2104940,1.1337699
0.2105760,1.1793860
0.2106580,1.1568451
0.2107400,1.1090541
0.2108220,1.1554571
0.2109040,1.1555204
0.2109860,1.1564244
0.2110680,1.0839460
0.2111500,1.1311839
0.2112320,1.1547520
0.2113140,1.2040529
0.2113960,1.2041187
0.2114780,1.1062437
0.2115600,1.1073726
0.2116420,1.1085885
0.2117240,1.1550278
0.2118060,1.1550910
0.2118880,1.1561656
0.2119700,1.1352362
0.2120520,1.1318647
0.2121340,1.1060676
0.2122160,1.1783949
0.2122980,1.1784211
0.2123800,1.1039646
0.2124620,1.0250743
0.2125440,1.1050138
0.2126260,1.0519645
0.2127080,1.0779639
0.2127900,1.0780112
0.2128720,1.1042438
0.2129540,1.0528394
0.2130360,1.0780534
0.2131180,1.1033105
0.2132000,1.1025002
0.2132820,1.1019579
0.2133640,1.1037752
0.2134460,1.1016544
0.2135280,1.1532795
0.2136100,1.1005084
0.2136920,1.1014625
0.2137740,1.1001998
0.2138560,1.1016610
0.2139380,1.1741608
0.2140200,1.1502996
0.2141020,1.1274691
0.2141840,1.1271217
0.2142660,1.1509525
0.2143480,1.1222365
0.2144300,1.1754488
0.2145120,1.1968139
0.2145940,1.1974650
0.2146760,1.1749676
0.2147580,1.1998775
0.2148400,1.1767305
0.2149220,1.0756966
0.2150040,1.1028143
0.2150860,1.1037610
0.2151680,1.1030109
0.2152500,1.1031858
0.2153320,1.1244768
0.2154140,1.1262819
0.2154960,1.1269227
0.2155780,1.1570483
0.2156600,1.1786607
0.2157420,1.1544914
0.2158240,1.1053931
0.2159060,1.1530230
0.2159880,1.1539604
0.2160700,1.1781023
0.2161520,1.1045814
0.2162340,1.1475006
0.2163160,1.1240465
0.2163980,1.1229968
0.2164800,1.1220647
0.2165620,1.1929114
0.2166440,1.2618034
0.2167260,1.2167211
0.2168080,1.1979819
0.2168900,1.1987793
0.2169720,1.1981385
0.2170540,1.1734044
0.2171360,1.1507430
0.2172180,1.1496693
0.2173000,1.1253849
0.2173820,1.1264341
0.2174640,1.1755875
0.2175460,1.1993754
0.2176280,1.1988387
0.2177100,1.1746050
0.2177920,1.1732108
0.2178740,1.1979488
0.2179560,1.1735579
0.2180380,1.1246242
0.2181200,1.0996204
0.2182020,1.1732923
0.2182840,1.1737854
0.2183660,1.2194605
0.2184480,1.2650979
0.2185300,1.1718031
0.2186120,1.1714484
0.2186940,1.1726415
0.2187760,1.1910055
0.2188580,1.1962207
0.2189400,1.1260550
0.2190220,1.1229428
0.2191040,1.1217487
0.2191860,1.1226603
0.2192680,1.1230614
0.2193500,1.1481448
0.2194320,1.1922244
0.2195140,1.1238017
0.2195960,1.1232812
0.2196780,1.2197203
0.2197600,1.2188799
0.2198420,1.1682045
0.2199240,1.1219025
0.2200060,1.1218579
0.2200880,1.1211424
0.2201700,1.1708641
0.2202520,1.1462065
0.2203340,1.1258149
0.2204160,1.1957901
0.2204980,1.1951200
0.2205800,1.1465959
0.2206620,1.1212435
0.2207440,1.1472466
0.2208260,1.1500220
0.2209080,1.1734204
0.2209900,1.1731682
0.2210720,1.1973527
0.2211540,1.1714835
0.2212360,1.0984342
0.2213180,1.1967523
0.2214000,1.2432472
0.2214820,1.2435942
0.2215640,1.1729331
0.2216460,1.1734900
0.2217280,1.1507807
0.2218100,1.1511294
0.2218920,1.1518123
0.2219740,1.1530467
0.2220560,1.2028668
0.2221380,1.1540652
0.2222200,1.1265805
0.2223020,1.1742233
0.2223840,1.1730369
0.2224660,1.1491607
0.2225480,1.1415796
0.2226300,1.1158301
0.2227120,1.1642833
0.2227940,1.1645426
0.2228760,1.1901811
0.2229580,1.1955387
0.2230400,1.1723445
0.2231220,1.1195812
0.2232040,1.1207600
0.2232860,1.1213222
0.2233680,1.0994230
0.2234500,1.0764194
0.2235320,1.1715009
0.2236140,1.1454023
0.2236960,1.1465779
0.2237780,1.1464237
0.2238600,1.1446481
0.2239420,1.1689592
0.2240240,1.1913151
0.2241060,1.2127496
0.2241880,1.2126139
0.2242700,1.1909214
0.2243520,1.1961471
0.2244340,1.2143115
0.2245160,1.2158038
0.2245980,1.2165356
0.2246800,1.1686809
0.2247620,1.1931584
0.2248440,1.1518640
0.2249260,1.1210291
0.2250080,1.1434197
0.2250900,1.1428764
0.2251720,1.1658879
0.2252540,1.1440992
0.2253360,1.1700869
0.2254180,1.1449717
0.2255000,1.1206470
0.2255820,1.1206103
0.2256640,1.1009496
0.2257460,1.1023684
0.2258280,1.1460034
0.2259100,1.1874288
0.2259920,1.1888316
0.2260740,1.2094785
0.2261560,1.1674462
0.2262380,1.1490888
0.2263200,1.1991927
0.2264020,1.1262168
0.2264840,1.1253516
0.2265660,1.1491825
0.2266480,1.0991413
0.2267300,1.1721577
0.2268120,1.1223673
0.2268940,1.1226348
0.2269760,1.1957514
0.2270580,1.1674317
0.2271400,1.1677392
0.2272220,1.1951068
0.2273040,1.1707249
0.2273860,1.1710126
0.2274680,1.1720034
0.2275500,1.1952281
0.2276320,1.2183354
0.2277140,1.1444877
0.2277960,1.1457485
0.2278780,1.1451373
0.2279600,1.1881424
0.2280420,1.2172976
0.2281240,1.1935679
0.2282060,1.1435472
0.2282880,1.1442531
0.2283700,1.1214491
0.2284520,1.1449338
0.2285340,1.1938394
0.2286160,1.1720262
0.2286980,1.1716117
0.2287800,1.1713388
0.2288620,1.1224059
0.2289440,1.2134142
0.2290260,1.1403000
0.2291080,1.1900093
0.2291900,1.1910574
0.2292720,1.1691273
0.2293540,1.1478444
0.2294360,1.1715487
0.2295180,1.1716633
0.2296000,1.1236978
0.2296820,1.1235637
0.2297640,1.1480041
0.2298460,1.1471082
0.2299280,1.0967910
0.2300100,1.1449700
0.2300920,1.1446415
0.2301740,1.1926054
0.2302560,1.2161876
0.2303380,1.2403996
0.2304200,1.1698795
0.2305020,1.1923283
0.2305840,1.1931439
0.2306660,1.2172410
0.2307480,1.1482483
0.2308300,1.1245133
0.2309120,1.1748091
0.2309940,1.1735160
0.2310760,1.1748249
0.2311580,1.2165929
0.2312400,1.1984102
0.2313220,1.2148747
0.2314040,1.2184721
0.2314860,1.2178026
0.2315680,1.1935700
0.2316500,1.1705469
0.2317320,1.1215203
0.2318140,1.0965890
0.2318960,1.0973729
0.2319780,1.1475639
0.2320600,1.1923786
0.2321420,1.1904198
0.2322240,1.1684019
0.2323060,1.1635115
0.2323880,1.1634492
0.2324700,1.2343687
0.2325520,1.2073725
0.2326340,1.2075734
0.2327160,1.2116325
0.2327980,1.2116462
0.2328800,1.2120172
0.2329620,1.1865297
0.2330440,1.1868729
0.2331260,1.1789936
0.2332080,1.1801214
0.2332900,1.1809598
0.2333720,1.2054639
0.2334540,1.1402006
0.2335360,1.2288706
0.2336180,1.2122098
0.2337000,1.1879161
0.2337820,1.1875505
0.2338640,1.1621668
0.2339460,1.1619230
0.2340280,1.2108786
0.2341100,1.2119944
0.2341920,1.2120221
0.2342740,1.2118337
0.2343560,1.2573332
0.2344380,1.2327695
0.2345200,1.1847324
0.2346020,1.2323553
0.2346840,1.2322984
0.2347660,1.2088157
0.2348480,1.1859938
0.2349300,1.1865605
0.2350120,1.2323028
0.2350940,1.2313914
0.2351760,1.2331776
0.2352580,1.2541247
0.2353400,1.2446299
0.2354220,1.2263627
0.2355040,1.2277824
0.2355860,1.2285071
0.2356680,1.2069098
0.2357500,1.1583210
0.2358320,1.2001946
0.2359140,1.2243332
0.2359960,1.2252788
0.2360780,1.2312328
0.2361600,1.2081059
0.2362420,1.2765591
0.2363240,1.1856884
0.2364060,1.1855971
0.2364880,1.1859918
0.2365700,1.1609962
0.2366520,1.2070927
0.2367340,1.1849959
0.2368160,1.2482514
0.2368980,1.2495079
0.2369800,1.2486758
0.2370620,1.2417122
0.2371440,1.3091772
0.2372260,1.2664043
0.2373080,1.2658164
0.2373900,1.2654596
0.2374720,1.2887165
0.2375540,1.2905387
0.2376360,1.2891921
0.2377180,1.2889063
0.2378000,1.2662514
0.2378820,1.2670760
0.2379640,1.2884521
0.2380460,1.2884906
0.2381280,1.2884909
0.2382100,1.2882876
0.2382920,1.2883810
0.2383740,1.2890707
0.2384560,1.2465590
0.2385380,1.2460171
0.2386200,1.2680059
0.2387020,1.2451693
0.2387840,1.2463019
0.2388660,1.2889800
0.2389480,1.2700471
0.2390300,1.2696927
0.2391120,1.2921037
0.2391940,1.2924713
0.2392760,1.2683839
0.2393580,1.2506118
0.2394400,1.2733486
0.2395220,1.2521018
0.2396040,1.1774492
0.2396860,1.1785034
0.2397680,1.2015861
0.2398500,1.2455259
0.2399320,1.2214708
0.2400140,1.1981653
0.2400960,1.1976574
0.2401780,1.2421844
0.2402600,1.2456739
0.2403420,1.1980920
0.2404240,1.1980194
0.2405060,1.2195610
0.2405880,1.2188597
0.2406700,1.2649178
0.2407520,1.2902073
0.2408340,1.2471277
0.2409160,1.2699663
0.2409980,1.2721945
0.2410800,1.1815886
0.2411620,1.2275048
0.2412440,1.2281923
0.2413260,1.2708416
0.2414080,1.2774006
0.2414900,1.2771963
0.2415720,1.2557701
0.2416540,1.2494982
0.2417360,1.2702704
0.2418180,1.2470725
0.2419000,1.2705733
0.2419820,1.2700688
0.2420640,1.2916669
0.2421460,1.2231626
0.2422280,1.1525485
0.2423100,1.2222756
0.2423920,1.2227523
0.2424740,1.2454226
0.2425560,1.3123436
0.2426380,1.2675951
0.2427200,1.2897617
0.2428020,1.2684264
0.2428840,1.2699574
0.2429660,1.2473442
0.2430480,1.2520579
0.2431300,1.2120771
0.2432120,1.1620620
0.2432940,1.1608500
0.2433760,1.2335934
0.2434580,1.2092817
0.2435400,1.2314006
0.2436220,1.2530115
0.2437040,1.2553526
0.2437860,1.2549654
0.2438680,1.2488676
0.2439500,1.2266525
0.2440320,1.2035315
0.2441140,1.2096496
0.2441960,1.2106508
0.2442780,1.2489427
0.2443600,1.2714241
0.2444420,1.2487017
0.2445240,1.2076381
0.2446060,1.2711591
0.2446880,1.2727043
0.2447700,1.2508127
0.2448520,1.2353603
0.2449340,1.2353356
0.2450160,1.2527205
0.2450980,1.2525981
0.2451800,1.2497069
0.2452620,1.2492317
0.2453440,1.2713992
0.2454260,1.2508458
0.2455080,1.2023118
0.2455900,1.2004888
0.2456720,1.2226263
0.2457540,1.2447090
0.2458360,1.2222826
0.2459180,1.2222823
0.2460000,1.2240226
0.2460820,1.2247477
0.2461640,1.2486391
0.2462460,1.2498171
0.2463280,1.2272847
0.2464100,1.2335759
0.2464920,1.2349098
0.2465740,1.2291384
0.2466560,1.1871752
0.2467380,1.2107063
0.2468200,1.1853749
0.2469020,1.2493424
0.2469840,1.2476796
0.2470660,1.2240839
0.2471480,1.2239920
0.2472300,1.2007719
0.2473120,1.1991134
0.2473940,1.1996341
0.2474760,1.2467454
0.2475580,1.2473045
0.2476400,1.2233878
0.2477220,1.2238584
0.2478040,1.2226601
0.2478860,1.2229338
0.2479680,1.2241951
0.2480500,1.2243897
0.2481320,1.2484081
0.2482140,1.1843298
0.2482960,1.1852808
0.2483780,1.2042394
0.2484600,1.1784035
0.2485420,1.2464280
0.2486240,1.2237691
0.2487060,1.2477480
0.2487880,1.2481047
0.2488700,1.2005404
0.2489520,1.2011173
0.2490340,1.2008890
0.2491160,1.2003072
0.2491980,1.2001442
0.2492800,1.2051289
0.2493620,1.2290167
0.2494440,1.2289860
0.2495260,1.1810641
0.2496080,1.1811874
0.2496900,1.1807057
0.2497720,1.2468561
0.2498540,1.2464688
0.2499360,1.2303790
0.2500180,1.2077347
0.2501000,1.2072102
0.2501820,1.2068975
0.2502640,1.2489372
0.2503460,1.2509301
0.2504280,1.2040472
0.2505100,1.2274273
0.2505920,1.2265676
0.2506740,1.2211964
0.2507560,1.1978077
0.2508380,1.2216622
0.2509200,1.2880440
0.2510020,1.2471521
0.2510840,1.2462488
0.2511660,1.2660218
0.2512480,1.2647560
0.2513300,1.2668513
0.2514120,1.2848872
0.2514940,1.2848558
0.2515760,1.2623258
0.2516580,1.2838328
0.2517400,1.2843326
0.2518220,1.1937032
0.2519040,1.2226632
0.2519860,1.2237912
0.2520680,1.2397818
0.2521500,1.2635523
0.2522320,1.2853201
0.2523140,1.2856553
0.2523960,1.2868242
0.2524780,1.2455995
0.2525600,1.1777436
0.2526420,1.2006911
0.2527240,1.1999935
0.2528060,1.2000059
0.2528880,1.2010024
0.2529700,1.1760090
0.2530520,1.2006472
0.2531340,1.2247051
0.2532160,1.2203284
0.2532980,1.2207885
0.2533800,1.2661053
0.2534620,1.2659960
0.2535440,1.2677141
0.2536260,1.2423252
0.2537080,1.2423569
0.2537900,1.2428815
0.2538720,1.2665926
0.2539540,1.2857719
0.2540360,1.2193872
0.2541180,1.2391313
0.2542000,1.2148622
0.2542820,1.2159062
0.2543640,1.1962390
0.2544460,1.2196663
0.2545280,1.2204699
0.2546100,1.2029747
0.2546920,1.2047535
0.2547740,1.2482262
0.2548560,1.2215747
0.2549380,1.2453759
0.2550200,1.2659830
0.2551020,1.2460242
0.2551840,1.2460885
0.2552660,1.2295560
0.2553480,1.2528833
0.2554300,1.2319673
0.2555120,1.2048191
0.2555940,1.2045760
0.2556760,1.1806699
0.2557580,1.1810480
0.2558400,1.1865557
0.2559220,1.1862644
0.2560040,1.2049520
0.2560860,1.2056656
0.2561680,1.2269019
0.2562500,1.2031944
0.2563320,1.1999925
0.2564140,1.2241919
0.2564960,1.2231701
0.2565780,1.1830438
0.2566600,1.2633506
0.2567420,1.2230576
0.2568240,1.1834463
0.2569060,1.1813299
0.2569880,1.1814620
0.2570700,1.2005290
0.2571520,1.2435825
0.2572340,1.2467650
0.2573160,1.2407310
0.2573980,1.2410975
0.2574800,1.2163004
0.2575620,1.1969076
0.2576440,1.2663517
0.2577260,1.2485895
0.2578080,1.2444193
0.2578900,1.2432183
0.2579720,1.2825721
0.2580540,1.2374074
0.2581360,1.2621368
0.2582180,1.2678490
0.2583000,1.2448588
0.2583820,1.2450821
0.2584640,1.2452153
0.2585460,1.2404541
0.2586280,1.2453650
0.2587100,1.2626114
0.2587920,1.2641743
0.2588740,1.2640086
0.2589560,1.2422851
0.2590380,1.2647448
0.2591200,1.2471623
0.2592020,1.2883871
0.2592840,1.2883392
0.2593660,1.3077187
0.2594480,1.2224317
0.2595300,1.2904590
0.2596120,1.2681115
0.2596940,1.2690139
0.2597760,1.2695823
0.2598580,1.2471137
0.2599400,1.2490625
0.2600220,1.2713053
0.2601040,1.2261042
0.2601860,1.2251629
0.2602680,1.2866273
0.2603500,1.2663061
0.2604320,1.2618494
0.2605140,1.2407568
0.2605960,1.2407093
0.2606780,1.2618665
0.2607600,1.2416506
0.2608420,1.2594027
0.2609240,1.2855462
0.2610060,1.2651424
0.2610880,1.2650530
0.2611700,1.2645899
0.2612520,1.2859438
0.2613340,1.2622260
0.2614160,1.2849445
0.2614980,1.2850073
0.2615800,1.2859900
0.2616620,1.2884250
0.2617440,1.2942694
0.2618260,1.2505770
0.2619080,1.2696871
0.2619900,1.2698491
0.2620720,1.3081403
0.2621540,1.3322233
0.2622360,1.3121324
0.2623180,1.2672339
0.2624000,1.2661711
0.2624820,1.2670568
0.2625640,1.2421274
0.2626460,1.2658554
0.2627280,1.2009261
0.2628100,1.2237513
0.2628920,1.2238001
0.2629740,1.2471012
0.2630560,1.2032423
0.2631380,1.2246705
0.2632200,1.2665949
0.2633020,1.2604190
0.2633840,1.2597344
0.2634660,1.2846495
0.2635480,1.3062502
0.2636300,1.2843186
0.2637120,1.2622936
0.2637940,1.2620616
0.2638760,1.2569234
0.2639580,1.2557421
0.2640400,1.2563559
0.2641220,1.2798776
0.2642040,1.2594778
0.2642860,1.2603638
0.2643680,1.2835306
0.2644500,1.2618876
0.2645320,1.2406667
0.2646140,1.2178216
0.2646960,1.2172899
0.2647780,1.2629913
0.2648600,1.2405193
0.2649420,1.2400991
0.2650240,1.2393250
0.2651060,1.2625725
0.2651880,1.2623956
0.2652700,1.2823156
0.2653520,1.3264599
0.2654340,1.2822740
0.2655160,1.2352946
0.2655980,1.2354610
0.2656800,1.2617092
0.2657620,1.2608061
0.2658440,1.2591679
0.2659260,1.2607593
0.2660080,1.2399125
0.2660900,1.2405412
0.2661720,1.2844291
0.2662540,1.2646171
0.2663360,1.2653081
0.2664180,1.1742311
0.2665000,1.1737559
0.2665820,1.1728340
0.2666640,1.2385824
0.2667460,1.2591613
0.2668280,1.2813432
0.2669100,1.2816624
0.2669920,1.2819578
0.2670740,1.3055650
0.2671560,1.2680691
0.2672380,1.2685680
0.2673200,1.2477168
0.2674020,1.2473495
0.2674840,1.2471994
0.2675660,1.2870756
0.2676480,1.2867884
0.2677300,1.2869187
0.2678120,1.2862064
0.2678940,1.2856833
0.2679760,1.2687897
0.2680580,1.2475277
0.2681400,1.2696813
0.2682220,1.2869312
0.2683040,1.3079983
0.2683860,1.3074389
0.2684680,1.2854999
0.2685500,1.2858418
0.2686320,1.2842901
0.2687140,1.2624296
0.2687960,1.2636369
0.2688780,1.2856378
0.2689600,1.2902191
0.2690420,1.2283798
0.2691240,1.3094984
0.2692060,1.3088103
0.2692880,1.3079714
0.2693700,1.2633089
0.2694520,1.2662418
0.2695340,1.2847921
0.2696160,1.3691766
0.2696980,1.3697827
0.2697800,1.3282144
0.2698620,1.2839067
0.2699440,1.3081607
0.2700260,1.2637609
0.2701080,1.2624516
0.2701900,1.2630766
0.2702720,1.2395507
0.2703540,1.2852826
0.2704360,1.2856104
0.2705180,1.2707908
0.2706000,1.2675220
0.2706820,1.2685035
0.2707640,1.2929349
0.2708460,1.3332008
0.2709280,1.3129709
0.2710100,1.2253751
0.2710920,1.2257786
0.2711740,1.2295418
0.2712560,1.2083598
0.2713380,1.2087884
0.2714200,1.2087464
0.2715020,1.2089870
0.2715840,1.2072580
0.2716660,1.2301962
0.2717480,1.2727636
0.2718300,1.2906550
0.2719120,1.2898294
0.2719940,1.2894906
0.2720760,1.2483685
0.2721580,1.2481076
0.2722400,1.2280756
0.2723220,1.2033210
0.2724040,1.2436945
0.2724860,1.2441067
0.2725680,1.2625089
0.2726500,1.2654014
0.2727320,1.2711677
0.2728140,1.2238699
0.2728960,1.2238397
0.2729780,1.2286907
0.2730600,1.2528633
0.2731420,1.2494398
0.2732240,1.2448846
0.2733060,1.2674107
0.2733880,1.2677921
0.2734700,1.2232662
0.2735520,1.2461961
0.2736340,1.2232238
0.2737160,1.2233221
0.2737980,1.2245424
0.2738800,1.2510981
0.2739620,1.2888607
0.2740440,1.2433655
0.2741260,1.2413236
0.2742080,1.2878319
0.2742900,1.2874951
0.2743720,1.2662995
0.2744540,1.2500392
0.2745360,1.2286871
0.2746180,1.2041731
0.2747000,1.1829682
0.2747820,1.1829133
0.2748640,1.2058473
0.2749460,1.2066247
0.2750280,1.2272252
0.2751100,1.2706693
0.2751920,1.2718911
0.2752740,1.2288593
0.2753560,1.2494028
0.2754380,1.2275921
0.2755200,1.2468026
0.2756020,1.2325227
0.2756840,1.2333654
0.2757660,1.2330413
0.2758480,1.2498654
0.2759300,1.2684512
0.2760120,1.2490878
0.2760940,1.2477226
0.2761760,1.3319256
0.2762580,1.2879970
0.2763400,1.2876028
0.2764220,1.3524683
0.2765040,1.3069092
0.2765860,1.3076066
0.2766680,1.2856351
0.2767500,1.2814585
0.2768320,1.2835246
0.2769140,1.2614122
0.2769960,1.2622374
0.2770780,1.2456062
0.2771600,1.2681762
0.2772420,1.2714412
0.2773240,1.2263546
0.2774060,1.2079107
0.2774880,1.2081722
0.2775700,1.2279956
0.2776520,1.2231232
0.2777340,1.2677900
0.2778160,1.2873368
0.2778980,1.2875733
0.2779800,1.2439803
0.2780620,1.2208123
0.2781440,1.2606998
0.2782260,1.2847999
0.2783080,1.2852376
0.2783900,1.2854402
0.2784720,1.3089173
0.2785540,1.2182043
0.2786360,1.2890126
0.2787180,1.2627536
0.2788000,1.2871137
0.2788820,1.2870120
0.2789640,1.2879609
0.2790460,1.2884280
0.2791280,1.2879984
0.2792100,1.2871495
0.2792920,1.2868047
0.2793740,1.2408117
0.2794560,1.3277206
0.2795380,1.3285224
0.2796200,1.3259312
0.2797020,1.2635558
0.2797840,1.2643564
0.2798660,1.3318396
0.2799480,1.2872017
0.2800300,1.2679066
0.2801120,1.2661545
0.2801940,1.2662608
0.2802760,1.3497707
0.2803580,1.2852576
0.2804400,1.3044082
0.2805220,1.2642710
0.2806040,1.2860786
0.2806860,1.2875698
0.2807680,1.3101868
0.2808500,1.2899229
0.2809320,1.3100941
0.2810140,1.2867613
0.2810960,1.2871062
0.2811780,1.2884685
0.2812600,1.2910178
0.2813420,1.2703939
0.2814240,1.2251433
0.2815060,1.2709018
0.2815880,1.2718776
0.2816700,1.2480528
0.2817520,1.2246644
0.2818340,1.2476050
0.2819160,1.3307677
0.2819980,1.3315467
0.2820800,1.2711419
0.2821620,1.3130207
0.2822440,1.3088683
0.2823260,1.2901679
0.2824080,1.2457299
0.2824900,1.2459321
0.2825720,1.2713938
0.2826540,1.2678865
0.2827360,1.2490880
0.2828180,1.2928476
0.2829000,1.2278192
0.2829820,1.2269345
0.2830640,1.2932649
0.2831460,1.2901020
0.2832280,1.3334343
0.2833100,1.3329216
0.2833920,1.3327300
0.2834740,1.2923884
0.2835560,1.3143623
0.2836380,1.2948082
0.2837200,1.2713508
0.2838020,1.3146769
0.2838840,1.3153288
0.2839660,1.2910388
0.2840480,1.2883428
0.2841300,1.2500059
0.2842120,1.2529415
0.2842940,1.2530326
0.2843760,1.2517977
0.2844580,1.2283362
0.2845400,1.2285498
0.2846220,1.2891533
0.2847040,1.2704576
0.2847860,1.2704931
0.2848680,1.2905919
0.2849500,1.2909584
0.2850320,1.2940861
0.2851140,1.3114016
0.2851960,1.3114890
0.2852780,1.2678217
0.2853600,1.2085040
0.2854420,1.2743489
0.2855240,1.2738149
0.2856060,1.2524104
0.2856880,1.2523907
0.2857700,1.2333374
0.2858520,1.2330233
0.2859340,1.2302036
0.2860160,1.2730585
0.2860980,1.2738816
0.2861800,1.2728208
0.2862620,1.2754021
0.2863440,1.1834828
0.2864260,1.2477662
0.2865080,1.2301507
0.2865900,1.2300120
0.2866720,1.2696479
0.2867540,1.2700332
0.2868360,1.2516081
0.2869180,1.2314644
0.2870000,1.2753408
0.2870820,1.2746330
0.2871640,1.2947618
0.2872460,1.2515673
0.2873280,1.2735495
0.2874100,1.2912408
0.2874920,1.2913142
0.2875740,1.2940681
0.2876560,1.2481420
0.2877380,1.2672167
0.2878200,1.2661430
0.2879020,1.2641561
0.2879840,1.2638969
0.2880660,1.3051972
0.2881480,1.2639194
0.2882300,1.2645175
0.2883120,1.2658091
0.2883940,1.2659857
0.2884760,1.2688726
0.2885580,1.2936116
0.2886400,1.2898563
0.2887220,1.2918215
0.2888040,1.2980362
0.2888860,1.2974497
0.2889680,1.3121321
0.2890500,1.2888567
0.2891320,1.2717158
0.2892140,1.2738144
0.2892960,1.2730544
0.2893780,1.2711351
0.2894600,1.3240529
0.2895420,1.3250134
0.2896240,1.3027885
0.2897060,1.3041935
0.2897880,1.3049345
0.2898700,1.3054825
0.2899520,1.3039138
0.2900340,1.3038712
0.2901160,1.3028909
0.2901980,1.3032973
0.2902800,1.2842886
0.2903620,1.3073826
0.2904440,1.3270430
0.2905260,1.3451563
0.2906080,1.3262272
0.2906900,1.3272902
0.2907720,1.3494961
0.2908540,1.3075953
0.2909360,1.3094639
0.2910180,1.3084429
0.2911000,1.3277754
0.2911820,1.3285729
0.2912640,1.3305704
0.2913460,1.3325433
0.2914280,1.2858705
0.2915100,1.3523210
0.2915920,1.3514225
0.2916740,1.3065357
0.2917560,1.2849383
0.2918380,1.3480762
0.2919200,1.3082629
0.2920020,1.3270276
0.2920840,1.3279563
0.2921660,1.3276968
0.2922480,1.3718960
0.2923300,1.3524487
0.2924120,1.3092185
0.2924940,1.3103177
0.2925760,1.3130622
0.2926580,1.3567100
0.2927400,1.3366465
0.2928220,1.3343986
0.2929040,1.3355451
0.2929860,1.3354843
0.2930680,1.2918188
0.2931500,1.2726922
0.2932320,1.3136248
0.2933140,1.3308940
0.2933960,1.3315900
0.2934780,1.3120976
0.2935600,1.3130965
0.2936420,1.3296463
0.2937240,1.3495038
0.2938060,1.3326718
0.2938880,1.3339209
0.2939700,1.2927733
0.2940520,1.2954422
0.2941340,1.2739378
0.2942160,1.2735481
0.2942980,1.2718184
0.2943800,1.3521197
0.2944620,1.3360332
0.2945440,1.3555340
0.2946260,1.3563571
0.2947080,1.2926977
0.2947900,1.2932855
0.2948720,1.2715342
0.2949540,1.2933756
0.2950360,1.3129201
0.2951180,1.3975576
0.2952000,1.3326588
0.2952820,1.3326160
0.2953640,1.3540579
0.2954460,1.3765460
0.2955280,1.3314985
0.2956100,1.3294050
0.2956920,1.3294126
0.2957740,1.3116115
0.2958560,1.3354476
0.2959380,1.3561490
0.2960200,1.3546229
0.2961020,1.3560097
0.2961840,1.3560005
0.2962660,1.3546265
0.2963480,1.4118024
0.2964300,1.3199029
0.2965120,1.2976786
0.2965940,1.2975299
0.2966760,1.3267258
0.2967580,1.3620378
0.2968400,1.3214232
0.2969220,1.2996834
0.2970040,1.3205797
0.2970860,1.3208043
0.2971680,1.2997951
0.2972500,1.3239454
0.2973320,1.2647751
0.2974140,1.3101551
0.2974960,1.3097971
0.2975780,1.3302357
0.2976600,1.2633546
0.2977420,1.3053901
0.2978240,1.2843459
0.2979060,1.2985232
0.2979880,1.2988792
0.2980700,1.2729105
0.2981520,1.2983789
0.2982340,1.2671069
0.2983160,1.3295651
0.2983980,1.3309474
0.2984800,1.3372541
0.2985620,1.3509038
0.2986440,1.3430857
0.2987260,1.3812904
0.2988080,1.3622993
0.2988900,1.3629051
0.2989720,1.3500359
0.2990540,1.3549495
0.2991360,1.3127625
0.2992180,1.3502039
0.2993000,1.2924219
0.2993820,1.2913054
0.2994640,1.3058715
0.2995460,1.3477077
0.2996280,1.3287906
0.2997100,1.2869579
0.2997920,1.2871074
0.2998740,1.3413775
0.2999560,1.3283683
0.3000380,1.3630484
0.3001200,1.3545059
0.3002020,1.3344463
0.3002840,1.3354490
0.3003660,1.3362461
0.3004480,1.3109169
0.3005300,1.3864771
0.3006120,1.3248836
0.3006940,1.3250059
0.3007760,1.2899640
0.3008580,1.2950375
0.3009400,1.3331043
0.3010220,1.3332360
0.3011040,1.3117258
0.3011860,1.3114137
0.3012680,1.3317838
0.3013500,1.3107289
0.3014320,1.3076904
0.3015140,1.3082381
0.3015960,1.3081427
0.3016780,1.3090151
0.3017600,1.3075416
0.3018420,1.3485777
0.3019240,1.3475416
0.3020060,1.3682700
0.3020880,1.3684032
0.3021700,1.3293669
0.3022520,1.3102587
0.3023340,1.2674870
0.3024160,1.2874238
0.3024980,1.2871642
0.3025800,1.3093285
0.3026620,1.2658720
0.3027440,1.2886878
0.3028260,1.3071264
0.3029080,1.2626130
0.3029900,1.2633805
0.3030720,1.3092402
0.3031540,1.2690728
0.3032360,1.2915206
0.3033180,1.2686346
0.3034000,1.2890956
0.3034820,1.2886947
0.3035640,1.3099732
0.3036460,1.3242586
0.3037280,1.3250755
0.3038100,1.3484352
0.3038920,1.3483167
0.3039740,1.3458246
0.3040560,1.3253167
0.3041380,1.3260110
0.3042200,1.3248719
0.3043020,1.3256742
0.3043840,1.3241289
0.3044660,1.3639888
0.3045480,1.3426883
0.3046300,1.3266511
0.3047120,1.3665802
0.3047940,1.3669010
0.3048760,1.3077865
0.3049580,1.3264526
0.3050400,1.3025549
0.3051220,1.3637384
0.3052040,1.3244529
0.3052860,1.3240166
0.3053680,1.3018381
0.3054500,1.3427184
0.3055320,1.3432522
0.3056140,1.3240487
0.3056960,1.3237048
0.3057780,1.3229496
0.3058600,1.2786518
0.3059420,1.2790597
0.3060240,1.3237406
0.3061060,1.3035064
0.3061880,1.3047635
0.3062700,1.3260955
0.3063520,1.3028720
0.3064340,1.3255120
0.3065160,1.3027578
0.3065980,1.3019919
0.3066800,1.3051080
0.3067620,1.2835435
0.3068440,1.2829052
0.3069260,1.3462292
0.3070080,1.3452267
0.3070900,1.3456931
0.3071720,1.3453186
0.3072540,1.3665019
0.3073360,1.3874896
0.3074180,1.3460307
0.3075000,1.3667362
0.3075820,1.3672314
0.3076640,1.3672674
0.3077460,1.3060739
0.3078280,1.3183535
0.3079100,1.3401799
0.3079920,1.3393955
0.3080740,1.3586970
0.3081560,1.3593156
0.3082380,1.3385559
0.3083200,1.3802965
0.3084020,1.3571822
0.3084840,1.3570413
0.3085660,1.3807126
0.3086480,1.3538912
0.3087300,1.3468932
0.3088120,1.3496076
0.3088940,1.3498164
0.3089760,1.3713623
0.3090580,1.3506459
0.3091400,1.3498841
0.3092220,1.3839989
0.3093040,1.3841122
0.3093860,1.3841447
0.3094680,1.3629084
0.3095500,1.4028753
0.3096320,1.4024185
0.3097140,1.3826331
0.3097960,1.3823300
0.3098780,1.3727358
0.3099600,1.3320928
0.3100420,1.3541391
0.3101240,1.3530938
0.3102060,1.2937360
0.3102880,1.2931810
0.3103700,1.3500761
0.3104520,1.3705028
0.3105340,1.3503705
0.3106160,1.3504220
0.3106980,1.3500181
0.3107800,1.3518984
0.3108620,1.3514238
0.3109440,1.3291395
0.3110260,1.3111342
0.3111080,1.3659120
0.3111900,1.3656533
0.3112720,1.3665508
0.3113540,1.3362927
0.3114360,1.3151445
0.3115180,1.2938990
0.3116000,1.3343049
0.3116820,1.3348054
0.3117640,1.3555037
0.3118460,1.3762359
0.3119280,1.3328088
0.3120100,1.3330133
0.3120920,1.3331118
0.3121740,1.3972638
0.3122560,1.3555671
0.3123380,1.3754731
0.3124200,1.3537410
0.3125020,1.3394456
0.3125840,1.3407144
0.3126660,1.2972219
0.3127480,1.3185523
0.3128300,1.3183183
0.3129120,1.3049878
0.3129940,1.3056694
0.3130760,1.3224619
0.3131580,1.3128488
0.3132400,1.3345511
0.3133220,1.3344146
0.3134040,1.3568408
0.3134860,1.3577372
0.3135680,1.2986620
0.3136500,1.3344874
0.3137320,1.3496982
0.3138140,1.3495089
0.3138960,1.3505026
0.3139780,1.3363315
0.3140600,1.3346738
0.3141420,1.3388305
0.3142240,1.3598085
0.3143060,1.3616634
0.3143880,1.3610974
0.3144700,1.3628569
0.3145520,1.3219283
0.3146340,1.2588957
0.3147160,1.2589574
0.3147980,1.2576292
0.3148800,1.2938140
0.3149620,1.2924935
0.3150440,1.2931128
0.3151260,1.3623742
0.3152080,1.2850742
0.3152900,1.2847847
0.3153720,1.3058263
0.3154540,1.2686590
0.3155360,1.2707967
0.3156180,1.2717371
0.3157000,1.2921295
0.3157820,1.2922017
0.3158640,1.3101939
0.3159460,1.3311508
0.3160280,1.3290052
0.3161100,1.3132494
0.3161920,1.3126043
0.3162740,1.3126285
0.3163560,1.2922933
0.3164380,1.2699474
0.3165200,1.2914268
0.3166020,1.3353141
0.3166840,1.3355479
0.3167660,1.3094534
0.3168480,1.3553042
0.3169300,1.3705479
0.3170120,1.3502383
0.3170940,1.3501405
0.3171760,1.3520817
0.3172580,1.3520258
0.3173400,1.3316667
0.3174220,1.3956851
0.3175040,1.3543740
0.3175860,1.3544057
0.3176680,1.3469394
0.3177500,1.3692369
0.3178320,1.3279852
0.3179140,1.3321706
0.3179960,1.3332347
0.3180780,1.3363135
0.3181600,1.3096947
0.3182420,1.2877963
0.3183240,1.3095797
0.3184060,1.2646460
0.3184880,1.2650892
0.3185700,1.3327717
0.3186520,1.2682408
0.3187340,1.2917830
0.3188160,1.3142772
0.3188980,1.3139566
0.3189800,1.3352757
0.3190620,1.3378020
0.3191440,1.3557313
0.3192260,1.3679634
0.3193080,1.3567251
0.3193900,1.3575838
0.3194720,1.3382764
0.3195540,1.2951709
0.3196360,1.3504167
0.3197180,1.3666527
0.3198000,1.3896088
0.3198820,1.3900276
0.3199640,1.3738056
0.3200460,1.3525928
0.3201280,1.2726172
0.3202100,1.2935098
0.3202920,1.2939118
0.3203740,1.3365906
0.3204560,1.3361853
0.3205380,1.3370944
0.3206200,1.2945842
0.3207020,1.3425395
0.3207840,1.3444091
0.3208660,1.3170533
0.3209480,1.3626558
0.3210300,1.3840911
0.3211120,1.4028151
0.3211940,1.4013838
0.3212760,1.3798459
0.3213580,1.3774440
0.3214400,1.3762338
0.3215220,1.3332859
0.3216040,1.3551385
0.3216860,1.3548226
0.3217680,1.3145387
0.3218500,1.3314274
0.3219320,1.2883738
0.3220140,1.3307421
0.3220960,1.3314439
0.3221780,1.3119686
0.3222600,1.3349068
0.3223420,1.3131820
0.3224240,1.3139834
0.3225060,1.3975849
0.3225880,1.3981954
0.3226700,1.3743469
0.3227520,1.3723668
0.3228340,1.3940292
0.3229160,1.3744634
0.3229980,1.3743412
0.3230800,1.3280769
0.3231620,1.3272984
0.3232440,1.2847573
0.3233260,1.2843259
0.3234080,1.3865093
0.3234900,1.3873960
0.3235720,1.3664867
0.3236540,1.3492496
0.3237360,1.3713311
0.3238180,1.3330876
0.3239000,1.2911214
0.3239820,1.2902950
0.3240640,1.3326671
0.3241460,1.3185571
0.3242280,1.3327115
0.3243100,1.3948984
0.3243920,1.3950281
0.3244740,1.3558293
0.3245560,1.3543732
0.3246380,1.3749744
0.3247200,1.3319982
0.3248020,1.3527174
0.3248840,1.3544382
0.3249660,1.3105696
0.3250480,1.3322759
0.3251300,1.3702186
0.3252120,1.3483576
0.3252940,1.3485201
0.3253760,1.3060725
0.3254580,1.2829670
0.3255400,1.3102038
0.3256220,1.3305026
0.3257040,1.3530781
0.3257860,1.3547260
0.3258680,1.3347104
0.3259500,1.3772305
0.3260320,1.3500718
0.3261140,1.3761635
0.3261960,1.3756640
0.3262780,1.3533238
0.3263600,1.3597963
0.3264420,1.3383716
0.3265240,1.3627111
0.3266060,1.3473139
0.3266880,1.3474367
0.3267700,1.3480873
0.3268520,1.3455027
0.3269340,1.3064364
0.3270160,1.3496462
0.3270980,1.3504167
0.3271800,1.3486203
0.3272620,1.3473433
0.3273440,1.3688506
0.3274260,1.3323984
0.3275080,1.3324860
0.3275900,1.3327810
0.3276720,1.3736481
0.3277540,1.3754470
0.3278360,1.3325377
0.3279180,1.3324584
0.3280000,1.3634622
0.3280820,1.3644219
0.3281640,1.3279474
0.3282460,1.3201110
0.3283280,1.3705393
0.3284100,1.3689697
0.3284920,1.3690813
0.3285740,1.3854404
0.3286560,1.3700438
0.3287380,1.3488684
0.3288200,1.3255360
0.3289020,1.3043093
0.3289840,1.3041164
0.3290660,1.3909748
0.3291480,1.3480258
0.3292300,1.3039209
0.3293120,1.3467832
0.3293940,1.3471316
0.3294760,1.3464126
0.3295580,1.3727130
0.3296400,1.3503296
0.3297220,1.3701286
0.3298040,1.2862529
0.3298860,1.2877727
0.3299680,1.3123503
0.3300500,1.3350864
0.3301320,1.3148356
0.3302140,1.3569986
0.3302960,1.3573446
0.3303780,1.3988489
0.3304600,1.3200752
0.3305420,1.3397129
0.3306240,1.3582367
0.3307060,1.3335495
0.3307880,1.3343674
0.3308700,1.3295888
0.3309520,1.3573893
0.3310340,1.3871207
0.3311160,1.3690685
0.3311980,1.3692880
0.3312800,1.3271333
0.3313620,1.3479042
0.3314440,1.3864024
0.3315260,1.3864075
0.3316080,1.3720109
0.3316900,1.3725303
0.3317720,1.3302626
0.3318540,1.2915306
0.3319360,1.3245239
0.3320180,1.3236651
0.3321000,1.3865343
0.3321820,1.3856057
0.3322640,1.3836612
0.3323460,1.3831773
0.3324280,1.3641899
0.3325100,1.3294812
0.3325920,1.3299669
0.3326740,1.3527779
0.3327560,1.3122425
0.3328380,1.2896498
0.3329200,1.3490061
0.3330020,1.3732474
0.3330840,1.3730389
0.3331660,1.3533796
0.3332480,1.3504648
0.3333300,1.3685732
0.3334120,1.3624829
0.3334940,1.3634573
0.3335760,1.3222157
0.3336580,1.3201208
0.3337400,1.2995783
0.3338220,1.3207638
0.3339040,1.3407568
0.3339860,1.3404035
0.3340680,1.3394317
0.3341500,1.3604934
0.3342320,1.3817429
0.3343140,1.3614986
0.3343960,1.3614146
0.3344780,1.3064200
0.3345600,1.3289094
0.3346420,1.3290699
0.3347240,1.3501624
0.3348060,1.3067998
0.3348880,1.3073495
0.3349700,1.3294773
0.3350520,1.3238526
0.3351340,1.3615038
0.3352160,1.3412032
0.3352980,1.3428879
0.3353800,1.3251421
0.3354620,1.3042931
0.3355440,1.3473394
0.3356260,1.3439327
0.3357080,1.3467509
0.3357900,1.3464079
0.3358720,1.3659441
0.3359540,1.3471055
0.3360360,1.3466503
0.3361180,1.3470211
0.3362000,1.3677992
0.3362820,1.3675747
0.3363640,1.3657218
0.3364460,1.3698273
0.3365280,1.3533898
0.3366100,1.3686382
0.3366920,1.3689806
0.3367740,1.3268879
0.3368560,1.3226854
0.3369380,1.3025235
0.3370200,1.3027031
0.3371020,1.3442723
0.3371840,1.3445688
0.3372660,1.3843498
0.3373480,1.3458885
0.3374300,1.3089378
0.3375120,1.3317985
0.3375940,1.3328440
0.3376760,1.3120775
0.3377580,1.3112990
0.3378400,1.2663138
0.3379220,1.3090937
0.3380040,1.3648824
0.3380860,1.3655219
0.3381680,1.2801672
0.3382500,1.2838145
0.3383320,1.3262568
0.3384140,1.3437008
0.3384960,1.3444904
0.3385780,1.2860327
0.3386600,1.2510796
0.3387420,1.2725118
0.3388240,1.2881386
0.3389060,1.2901927
0.3389880,1.2910496
0.3390700,1.3298771
0.3391520,1.3470917
0.3392340,1.3041571
0.3393160,1.3048915
0.3393980,1.3051762
0.3394800,1.2682558
0.3395620,1.2681586
0.3396440,1.3108143
0.3397260,1.2931814
0.3398080,1.2929176
0.3398900,1.2930014
0.3399720,1.2869841
0.3400540,1.2928534
0.3401360,1.3189170
0.3402180,1.2973184
0.3403000,1.3360674
0.3403820,1.3355458
0.3404640,1.2931878
0.3405460,1.3153982
0.3406280,1.3164266
0.3407100,1.2722763
0.3407920,1.2721502
0.3408740,1.3163590
0.3409560,1.2947521
0.3410380,1.2954692
0.3411200,1.3348651
0.3412020,1.3683430
0.3412840,1.3683632
0.3413660,1.3471517
0.3414480,1.3680869
0.3415300,1.3549272
0.3416120,1.2935878
0.3416940,1.2943694
0.3417760,1.2909246
0.3418580,1.3099634
0.3419400,1.3957445
0.3420220,1.3529094
0.3421040,1.3712159
0.3421860,1.3719728
0.3422680,1.3525503
0.3423500,1.3532492
0.3424320,1.3360290
0.3425140,1.3768705
0.3425960,1.3775851
0.3426780,1.3351078
0.3427600,1.3120327
0.3428420,1.3116604
0.3429240,1.3553736
0.3430060,1.3587537
0.3430880,1.3589161
0.3431700,1.3730203
0.3432520,1.3514944
0.3433340,1.3705040
0.3434160,1.4128488
0.3434980,1.4139284
0.3435800,1.3942647
0.3436620,1.3330648
0.3437440,1.3327714
0.3438260,1.2755062
0.3439080,1.3147170
0.3439900,1.3149431
0.3440720,1.3366559
0.3441540,1.3534389
0.3442360,1.3526884
0.3443180,1.3538682
0.3444000,1.3758333
0.3444820,1.3748296
0.3445640,1.3143113
0.3446460,1.3547679
0.3447280,1.3544205
0.3448100,1.3538974
0.3448920,1.3538195
0.3449740,1.3744120
0.3450560,1.3743546
0.3451380,1.3717786
0.3452200,1.3365340
0.3453020,1.2783790
0.3453840,1.2792897
0.3454660,1.2932660
0.3455480,1.3133042
0.3456300,1.3741103
0.3457120,1.3745905
0.3457940,1.3735772
0.3458760,1.3946155
0.3459580,1.3733989
0.3460400,1.3342357
0.3461220,1.3339596
0.3462040,1.2930736
0.3462860,1.2937616
0.3463680,1.3137398
0.3464500,1.3574649
0.3465320,1.3535771
0.3466140,1.3536643
0.3466960,1.3536218
0.3467780,1.3751052
0.3468600,1.3745807
0.3469420,1.3524667
0.3470240,1.3305091
0.3471060,1.3757320
0.3471880,1.3755264
0.3472700,1.3755876
0.3473520,1.3567666
0.3474340,1.3953647
0.3475160,1.3759342
0.3475980,1.3758787
0.3476800,1.3562618
0.3477620,1.3356822
0.3478440,1.3338354
0.3479260,1.3340717
0.3480080,1.3547277
0.3480900,1.3528069
0.3481720,1.3530149
0.3482540,1.3520824
0.3483360,1.3673148
0.3484180,1.3673413
0.3485000,1.3680906
0.3485820,1.3687381
0.3486640,1.3751660
0.3487460,1.3528350
0.3488280,1.3533318
0.3489100,1.3946132
0.3489920,1.3943641
0.3490740,1.3937892
0.3491560,1.3951017
0.3492380,1.3897364
0.3493200,1.3908767
0.3494020,1.3124175
0.3494840,1.3121791
0.3495660,1.3486897
0.3496480,1.3701516
0.3497300,1.3692143
0.3498120,1.3512004
0.3498940,1.3518028
0.3499760,1.3499281
0.3500580,1.3126131
0.3501400,1.3338928
0.3502220,1.3361937
0.3503040,1.3415535
0.3503860,1.3423045
0.3504680,1.3625173
0.3505500,1.3342749
0.3506320,1.3166274
0.3507140,1.3373622
0.3507960,1.3371472
0.3508780,1.3559520
0.3509600,1.3552044
0.3510420,1.3965308
0.3511240,1.3742300
0.3512060,1.3333143
0.3512880,1.3336585
0.3513700,1.3545766
0.3514520,1.3345631
0.3515340,1.3749195
0.3516160,1.3954669
0.3516980,1.3948117
0.3517800,1.3469630
0.3518620,1.3474634
0.3519440,1.3315669
0.3520260,1.3535746
0.3521080,1.3342229
0.3521900,1.3355499
0.3522720,1.3195788
0.3523540,1.2602939
0.3524360,1.3445531
0.3525180,1.3431477
0.3526000,1.3395964
0.3526820,1.3393280
0.3527640,1.3189546
0.3528460,1.3393631
0.3529280,1.3399711
0.3530100,1.3374337
0.3530920,1.3372727
0.3531740,1.3591348
0.3532560,1.3184883
0.3533380,1.3215213
0.3534200,1.3055946
0.3535020,1.3050329
0.3535840,1.3057875
0.3536660,1.3067020
0.3537480,1.2840078
0.3538300,1.2966957
0.3539120,1.3553164
0.3539940,1.3555427
0.3540760,1.3352747
0.3541580,1.3359685
0.3542400,1.3249013
0.3543220,1.3033344
0.3544040,1.3025343
0.3544860,1.3027619
0.3545680,1.2827939
0.3546500,1.3024281
0.3547320,1.3021545
0.3548140,1.3459975
0.3548960,1.3466440
0.3549780,1.3196012
0.3550600,1.3477273
0.3551420,1.3289625
0.3552240,1.3288271
0.3553060,1.3055460
0.3553880,1.3046584
0.3554700,1.2842352
0.3555520,1.3037688
0.3556340,1.3034758
0.3557160,1.2857075
0.3557980,1.2855266
0.3558800,1.3084094
0.3559620,1.3071036
0.3560440,1.3256915
0.3561260,1.2818525
0.3562080,1.3250987
0.3562900,1.3259732
0.3563720,1.3476318
0.3564540,1.3076762
0.3565360,1.3066328
0.3566180,1.2844303
0.3567000,1.2846335
0.3567820,1.2842520
0.3568640,1.3054365
0.3569460,1.3277297
0.3570280,1.3061914
0.3571100,1.3066233
0.3571920,1.3062963
0.3572740,1.3273461
0.3573560,1.3268743
0.3574380,1.3483885
0.3575200,1.3044736
0.3576020,1.3048535
0.3576840,1.3056634
0.3577660,1.3422987
0.3578480,1.3428392
0.3579300,1.3215420
0.3580120,1.2852120
0.3580940,1.2859981
0.3581760,1.3078436
0.3582580,1.3291287
0.3583400,1.3048086
0.3584220,1.3041492
0.3585040,1.3250658
0.3585860,1.3254795
0.3586680,1.3260795
0.3587500,1.3701253
0.3588320,1.2862284
0.3589140,1.3079015
0.3589960,1.3073488
0.3590780,1.3278368
0.3591600,1.3050108
0.3592420,1.3050572
0.3593240,1.3386670
0.3594060,1.3376800
0.3594880,1.3379237
0.3595700,1.3215169
0.3596520,1.3027119
0.3597340,1.3028782
0.3598160,1.3031022
0.3598980,1.3035904
0.3599800,1.3022232
0.3600620,1.3019609
0.3601440,1.2811588
0.3602260,1.3041119
0.3603080,1.2823091
0.3603900,1.2830182
0.3604720,1.2847204
0.3605540,1.2628590
0.3606360,1.2859662
0.3607180,1.2851507
0.3608000,1.2404925
0.3608820,1.2400837
0.3609640,1.2423927
0.3610460,1.2866047
0.3611280,1.2842800
0.3612100,1.2840722
0.3612920,1.2845708
0.3613740,1.3060850
0.3614560,1.3072677
0.3615380,1.2829740
0.3616200,1.2639556
0.3617020,1.3080365
0.3617840,1.3075027
0.3618660,1.3076656
0.3619480,1.3268053
0.3620300,1.2858334
0.3621120,1.2862991
0.3621940,1.2865058
0.3622760,1.2407100
0.3623580,1.2428350
0.3624400,1.2391981
0.3625220,1.2831612
0.3626040,1.2819519
0.3626860,1.2824007
0.3627680,1.2625710
0.3628500,1.2628687
0.3629320,1.2858519
0.3630140,1.3067948
0.3630960,1.3068041
0.3631780,1.2810820
0.3632600,1.3040902
0.3633420,1.3039023
0.3634240,1.3251703
0.3635060,1.3064053
0.3635880,1.3064126
0.3636700,1.2405977
0.3637520,1.2827732
0.3638340,1.2858908
0.3639160,1.2867842
0.3639980,1.2863353
0.3640800,1.3288614
0.3641620,1.2850892
0.3642440,1.2862771
0.3643260,1.2893649
0.3644080,1.2667116
0.3644900,1.2673246
0.3645720,1.2675492
0.3646540,1.2683307
0.3647360,1.2867495
0.3648180,1.2854541
0.3649000,1.2852217
0.3649820,1.2857950
0.3650640,1.2888129
0.3651460,1.2893304
0.3652280,1.2891624
0.3653100,1.3295547
0.3653920,1.3298485
0.3654740,1.3266421
0.3655560,1.3042153
0.3656380,1.2861824
0.3657200,1.3080594
0.3658020,1.2860371
0.3658840,1.2880053
0.3659660,1.2914614
0.3660480,1.3225362
0.3661300,1.3070796
0.3662120,1.2845389
0.3662940,1.2854856
0.3663760,1.3341008
0.3664580,1.3119456
0.3665400,1.3334880
0.3666220,1.3069752
0.3667040,1.3285192
0.3667860,1.3298438
0.3668680,1.3306440
0.3669500,1.3310291
0.3670320,1.3104259
0.3671140,1.3067587
0.3671960,1.3069159
0.3672780,1.2847052
0.3673600,1.2846228
0.3674420,1.3070630
0.3675240,1.3083500
0.3676060,1.2697286
0.3676880,1.2701362
0.3677700,1.2932515
0.3678520,1.2670024
0.3679340,1.2699404
0.3680160,1.2938979
0.3680980,1.2944630
0.3681800,1.2948915
0.3682620,1.2282053
0.3683440,1.2904610
0.3684260,1.2894646
0.3685080,1.3105080
0.3685900,1.3103438
0.3686720,1.2878404
0.3687540,1.2683428
0.3688360,1.2458081
0.3689180,1.2897079
0.3690000,1.3307746
0.3690820,1.3312340
0.3691640,1.2649209
0.3692460,1.3078218
0.3693280,1.2854009
0.3694100,1.2637364
0.3694920,1.2652632
0.3695740,1.2429325
0.3696560,1.2891893
0.3697380,1.2435639
0.3698200,1.2838849
0.3699020,1.2838959
0.3699840,1.2829798
0.3700660,1.2813104
0.3701480,1.2573586
0.3702300,1.2811367
0.3703120,1.2819806
0.3703940,1.2822940
0.3704760,1.2585541
0.3705580,1.2598218
0.3706400,1.2591432
0.3707220,1.2149885
0.3708040,1.2584090
0.3708860,1.2582450
0.3709680,1.2618810
0.3710500,1.2632194
0.3711320,1.3026838
0.3712140,1.2612432
0.3712960,1.2627052
0.3713780,1.2398486
0.3714600,1.2408255
0.3715420,1.2195448
0.3716240,1.2400580
0.3717060,1.2398171
0.3717880,1.2401342
0.3718700,1.2387787
0.3719520,1.2846266
0.3720340,1.2631846
0.3721160,1.2595498
0.3721980,1.2599862
0.3722800,1.2395850
0.3723620,1.2816176
0.3724440,1.2817852
0.3725260,1.2599138
0.3726080,1.2818298
0.3726900,1.2820865
0.3727720,1.3040492
0.3728540,1.2846796
0.3729360,1.2616880
0.3730180,1.2622659
0.3731000,1.2630331
0.3731820,1.2633488
0.3732640,1.2858732
0.3733460,1.2856960
0.3734280,1.2857504
0.3735100,1.2859413
0.3735920,1.2850315
0.3736740,1.2825088
0.3737560,1.2621682
0.3738380,1.2415552
0.3739200,1.2850998
0.3740020,1.2856862
0.3740840,1.2860020
0.3741660,1.2624583
0.3742480,1.3064989
0.3743300,1.3074053
0.3744120,1.2839049
0.3744940,1.2828824
0.3745760,1.2823286
0.3746580,1.2826928
0.3747400,1.3278275
0.3748220,1.3256943
0.3749040,1.3457160
0.3749860,1.3457972
0.3750680,1.3458093
0.3751500,1.3274063
0.3752320,1.2837574
0.3753140,1.2811861
0.3753960,1.2811315
0.3754780,1.2808240
0.3755600,1.3023651
0.3756420,1.2801980
0.3757240,1.2828345
0.3758060,1.2616734
0.3758880,1.2626287
0.3759700,1.2637612
0.3760520,1.2415036
0.3761340,1.2635026
0.3762160,1.2855325
0.3762980,1.2846522
0.3763800,1.2616871
0.3764620,1.2620037
0.3765440,1.3249240
0.3766260,1.3044608
0.3767080,1.2411763
0.3767900,1.2413710
0.3768720,1.2418999
0.3769540,1.2654087
0.3770360,1.2666329
0.3771180,1.2428199
0.3772000,1.2411422
0.3772820,1.2419595
0.3773640,1.2436695
0.3774460,1.2837610
0.3775280,1.3043905
0.3776100,1.2830324
0.3776920,1.2820416
0.3777740,1.2621618
0.3778560,1.2389538
0.3779380,1.2405186
0.3780200,1.2640229
0.3781020,1.2845603
0.3781840,1.2852764
0.3782660,1.2651241
0.3783480,1.2645066
0.3784300,1.3098352
0.3785120,1.3095709
0.3785940,1.3104964
0.3786760,1.2897275
0.3787580,1.2445202
0.3788400,1.2670797
0.3789220,1.2212686
0.3790040,1.2193991
0.3790860,1.2188989
0.3791680,1.2631301
0.3792500,1.1989829
0.3793320,1.2392076
0.3794140,1.2646449
0.3794960,1.2647782
0.3795780,1.2419555
0.3796600,1.2911728
0.3797420,1.3048769
0.3798240,1.2835903
0.3799060,1.2845278
0.3799880,1.2847849
0.3800700,1.2852154
0.3801520,1.2638872
0.3802340,1.2861898
0.3803160,1.2864303
0.3803980,1.2868472
0.3804800,1.2668086
0.3805620,1.2446486
0.3806440,1.3092343
0.3807260,1.3098281
0.3808080,1.3072384
0.3808900,1.3075217
0.3809720,1.2840598
0.3810540,1.2633473
0.3811360,1.2395422
0.3812180,1.2639148
0.3813000,1.2415965
0.3813820,1.2417784
0.3814640,1.2405469
0.3815460,1.2617858
0.3816280,1.2851034
0.3817100,1.2636196
0.3817920,1.2648881
0.3818740,1.2663672
0.3819560,1.2650560
0.3820380,1.2653288
0.3821200,1.2231705
0.3822020,1.2217775
0.3822840,1.2198535
0.3823660,1.2191794
0.3824480,1.2415211
0.3825300,1.2379188
0.3826120,1.2174169
0.3826940,1.2181256
0.3827760,1.2621656
0.3828580,1.2403314
0.3829400,1.2193409
0.3830220,1.2190286
0.3831040,1.2653707
0.3831860,1.2661939
0.3832680,1.2672863
0.3833500,1.2435672
0.3834320,1.2422804
0.3835140,1.2849182
0.3835960,1.2854497
0.3836780,1.2413240
0.3837600,1.2641108
0.3838420,1.2647213
0.3839240,1.2415012
0.3840060,1.2410235
0.3840880,1.2409426
0.3841700,1.2413747
0.3842520,1.2423184
0.3843340,1.2448694
0.3844160,1.2237509
0.3844980,1.2251536
0.3845800,1.2904520
0.3846620,1.2483954
0.3847440,1.2013327
0.3848260,1.2451182
0.3849080,1.2688217
0.3849900,1.2687120
0.3850720,1.2217079
0.3851540,1.2652898
0.3852360,1.1981671
0.3853180,1.2450003
0.3854000,1.2459683
0.3854820,1.2466649
0.3855640,1.2457051
0.3856460,1.2895468
0.3857280,1.2457788
0.3858100,1.2469491
0.3858920,1.2472661
0.3859740,1.2908180
0.3860560,1.2447629
0.3861380,1.2878527
0.3862200,1.2645545
0.3863020,1.3087978
0.3863840,1.3098084
0.3864660,1.3326867
0.3865480,1.3110828
0.3866300,1.3103607
0.3867120,1.3306397
0.3867940,1.3300867
0.3868760,1.3265318
0.3869580,1.3263809
0.3870400,1.2866328
0.3871220,1.2640325
0.3872040,1.3109308
0.3872860,1.3118275
0.3873680,1.2687092
0.3874500,1.2709589
0.3875320,1.2930684
0.3876140,1.2918444
0.3876960,1.2913048
0.3877780,1.3104193
0.3878600,1.3073402
0.3879420,1.3285683
0.3880240,1.2859685
0.3881060,1.3071698
0.3881880,1.3069915
0.3882700,1.3266469
0.3883520,1.3265371
0.3884340,1.3274026
0.3885160,1.2906003
0.3885980,1.2908664
0.3886800,1.3119549
0.3887620,1.3334987
0.3888440,1.3313643
0.3889260,1.3328692
0.3890080,1.3513784
0.3890900,1.3516595
0.3891720,1.3521904
0.3892540,1.3324859
0.3893360,1.3352283
0.3894180,1.3134832
0.3895000,1.3129206
0.3895820,1.3130660
0.3896640,1.3123923
0.3897460,1.3085476
0.3898280,1.3294608
0.3899100,1.3504501
0.3899920,1.3508500
0.3900740,1.3728606
0.3901560,1.3326813
0.3902380,1.3535703
0.3903200,1.3737931
0.3904020,1.3770633
0.3904840,1.3773643
0.3905660,1.3563104
0.3906480,1.3755510
0.3907300,1.3131656
0.3908120,1.3529168
0.3908940,1.3523405
0.3909760,1.3320985
0.3910580,1.3141172
0.3911400,1.3728904
0.3912220,1.3314942
0.3913040,1.3324608
0.3913860,1.3324170
0.3914680,1.3307044
0.3915500,1.3110499
0.3916320,1.3320541
0.3917140,1.3308241
0.3917960,1.3325149
0.3918780,1.3128729
0.3919600,1.3556722
0.3920420,1.3136895
0.3921240,1.3137152
0.3922060,1.3532995
0.3922880,1.3519734
0.3923700,1.2923925
0.3924520,1.3292028
0.3925340,1.3101250
0.3926160,1.3100411
0.3926980,1.3092171
0.3927800,1.3086141
0.3928620,1.3274630
0.3929440,1.3493387
0.3930260,1.3710795
0.3931080,1.3905738
0.3931900,1.3906639
0.3932720,1.3731782
0.3933540,1.3538111
0.3934360,1.3710537
0.3935180,1.3863245
0.3936000,1.4056685
0.3936820,1.4063809
0.3937640,1.3432353
0.3938460,1.3447793
0.3939280,1.3692370
0.3940100,1.3488698
0.3940920,1.3481003
0.3941740,1.3890692
0.3942560,1.3704228
0.3943380,1.3708316
0.3944200,1.3926940
0.3945020,1.3699593
0.3945840,1.3682432
0.3946660,1.3692642
0.3947480,1.3263505
0.3948300,1.2829472
0.3949120,1.2837328
0.3949940,1.2839503
0.3950760,1.3054038
0.3951580,1.3884078
0.3952400,1.3459238
0.3953220,1.3490752
0.3954040,1.3283521
0.3954860,1.3287577
0.3955680,1.3063836
0.3956500,1.3277321
0.3957320,1.3067421
0.3958140,1.3510143
0.3958960,1.3506074
0.3959780,1.3296584
0.3960600,1.3087857
0.3961420,1.3089017
0.3962240,1.3299668
0.3963060,1.3521395
0.3963880,1.3519506
0.3964700,1.3092490
0.3965520,1.3499008
0.3966340,1.3501310
0.3967160,1.3499899
0.3967980,1.3490536
0.3968800,1.3491721
0.3969620,1.3059407
0.3970440,1.3060963
0.3971260,1.3277382
0.3972080,1.3064297
0.3972900,1.3072055
0.3973720,1.3073884
0.3974540,1.3299597
0.3975360,1.3311253
0.3976180,1.3329977
0.3977000,1.3562510
0.3977820,1.3553067
0.3978640,1.3516571
0.3979460,1.3511590
0.3980280,1.3504267
0.3981100,1.3488526
0.3981920,1.3500103
0.3982740,1.3099489
0.3983560,1.3139474
0.3984380,1.3130662
0.3985200,1.3155125
0.3986020,1.2974839
0.3986840,1.2969204
0.3987660,1.3193457
0.3988480,1.3199666
0.3989300,1.2976861
0.3990120,1.3202918
0.3990940,1.3204305
0.3991760,1.3362417
0.3992580,1.3739406
0.3993400,1.3750832
0.3994220,1.3530784
0.3995040,1.3331853
0.3995860,1.3322362
0.3996680,1.3087541
0.3997500,1.3105156
0.3998320,1.3115859
0.3999140,1.3134926
0.3999960,1.3141919
0.4000780,1.3156476
0.4001600,1.2923609
0.4002420,1.3123111
0.4003240,1.2916887
0.4004060,1.2911462
0.4004880,1.2906325
0.4005700,1.3328453
0.4006520,1.3340547
0.4007340,1.3352633
0.4008160,1.3143960
0.4008980,1.3137927
0.4009800,1.2913358
0.4010620,1.2891657
0.4011440,1.3116978
0.4012260,1.2705712
0.4013080,1.2704127
0.4013900,1.2712301
0.4014720,1.2507299
0.4015540,1.2493391
0.4016360,1.2470168
0.4017180,1.2726515
0.4018000,1.2940428
0.4018820,1.2948179
0.4019640,1.2955505
0.4020460,1.3356625
0.4021280,1.3350895
0.4022100,1.3125939
0.4022920,1.3139588
0.4023740,1.3148865
0.4024560,1.2969355
0.4025380,1.2509716
0.4026200,1.2516071
0.4027020,1.2488642
0.4027840,1.2474018
0.4028660,1.2475540
0.4029480,1.2715906
0.4030300,1.2919967
0.4031120,1.3109159
0.4031940,1.3112112
0.4032760,1.2899864
0.4033580,1.3346784
0.4034400,1.3348282
0.4035220,1.3976732
0.4036040,1.3762561
0.4036860,1.3770121
0.4037680,1.3126634
0.4038500,1.3545363
0.4039320,1.3332764
0.4040140,1.3366649
0.4040960,1.3347819
0.4041780,1.2910707
0.4042600,1.2911677
0.4043420,1.3126691
0.4044240,1.3129696
0.4045060,1.3133991
0.4045880,1.3141085
0.4046700,1.3725864
0.4047520,1.3318290
0.4048340,1.3299682
0.4049160,1.3309158
0.4049980,1.3296696
0.4050800,1.3738848
0.4051620,1.3309168
0.4052440,1.3527937
0.4053260,1.3526503
0.4054080,1.3513563
0.4054900,1.3522339
0.4055720,1.3322296
0.4056540,1.2926106
0.4057360,1.2937153
0.4058180,1.2941741
0.4059000,1.3161424
0.4059820,1.3159253
0.4060640,1.3176909
0.4061460,1.3182641
0.4062280,1.3142492
0.4063100,1.2904804
0.4063920,1.2918740
0.4064740,1.3363858
0.4065560,1.3358301
0.4066380,1.3361103
0.4067200,1.3585714
0.4068020,1.3573622
0.4068840,1.3565225
0.4069660,1.3334627
0.4070480,1.3120085
0.4071300,1.3538232
0.4072120,1.3532104
0.4072940,1.3553632
0.4073760,1.3766906
0.4074580,1.3543281
0.4075400,1.3337148
0.4076220,1.3103364
0.4077040,1.3320159
0.4077860,1.3329772
0.4078680,1.3131585
0.4079500,1.3138110
0.4080320,1.3304202
0.4081140,1.3100330
0.4081960,1.3097846
0.4082780,1.3093902
0.4083600,1.3121140
0.4084420,1.3105189
0.4085240,1.3925460
0.4086060,1.3340897
0.4086880,1.3339286
0.4087700,1.3520588
0.4088520,1.3533048
0.4089340,1.3738419
0.4090160,1.3941346
0.4090980,1.3948840
0.4091800,1.3524588
0.4092620,1.3736287
0.4093440,1.3527229
0.4094260,1.3709789
0.4095080,1.3318432
0.4095900,1.3335695
0.4096720,1.3385485
0.4097540,1.3383600
0.4098360,1.3590657
0.4099180,1.3159263
0.4100000,1.3151044
