Time (ns),System after lsq fit to System
0.0000000,0.0000000
0.0000050,0.0034496
0.0000100,0.0067168
0.0000150,0.0097443
0.0000200,0.0124900
0.0000250,0.0149366
0.0000300,0.0171135
0.0000350,0.0190585
0.0000400,0.0208428
0.0000450,0.0225102
0.0000500,0.0240776
0.0000550,0.0255434
0.0000600,0.0268831
0.0000650,0.0280918
0.0000700,0.0291717
0.0000750,0.0301437
0.0000800,0.0310520
0.0000850,0.0319323
0.0000900,0.0328150
0.0000950,0.0337035
0.0001000,0.3305094
0.0001050,0.3305934
0.0001100,0.3306801
0.0001150,0.3307616
0.0001200,0.3308364
0.0001250,0.3309090
0.0001300,0.3309856
0.0001350,0.3310701
0.0001400,0.3311649
0.0001450,0.3312674
0.0001500,0.3313721
0.0001550,0.3314725
0.0001600,0.3315633
0.0001650,0.3316452
0.0001700,0.3317235
0.0001750,0.3318058
0.0001800,0.3318971
0.0001850,0.3319957
0.0001900,0.3320983
0.0001950,0.3322027
0.0002000,0.4287017
0.0002050,0.4287550
0.0002100,0.4288128
0.0002150,0.4288736
0.0002200,0.4289384
0.0002250,0.4290128
0.0002300,0.4291020
0.0002350,0.4292075
0.0002400,0.4293274
0.0002450,0.4294547
0.0002500,0.4295812
0.0002550,0.4297011
0.0002600,0.4298107
0.0002650,0.4299105
0.0002700,0.4300026
0.0002750,0.4300925
0.0002800,0.4301846
0.0002850,0.4302778
0.0002900,0.4303663
0.0002950,0.4304421
0.0003000,0.4441785
0.0003050,0.4442026
0.0003100,0.4442207
0.0003150,0.4442400
0.0003200,0.4442674
0.0003250,0.4443071
0.0003300,0.4443583
0.0003350,0.4444164
0.0003400,0.4444766
0.0003450,0.4445349
0.0003500,0.4445904
0.0003550,0.4446442
0.0003600,0.4446978
0.0003650,0.4447550
0.0003700,0.4448201
0.0003750,0.4448967
0.0003800,0.4449823
0.0003850,0.4450688
0.0003900,0.4451463
0.0003950,0.4452085
0.0004000,0.4420161
0.0004050,0.4420208
0.0004100,0.4420380
0.0004150,0.4420699
0.0004200,0.4421130
0.0004250,0.4421603
0.0004300,0.4422034
0.0004350,0.4422371
0.0004400,0.4422643
0.0004450,0.4422920
0.0004500,0.4423270
0.0004550,0.4423720
0.0004600,0.4424256
0.0004650,0.4424822
0.0004700,0.4425341
0.0004750,0.4425750
0.0004800,0.4426020
0.0004850,0.4426177
0.0004900,0.4426307
0.0004950,0.4426477
0.0005000,0.4586969
0.0005050,0.4587108
0.0005100,0.4587319
0.0005150,0.4587594
0.0005200,0.4587944
0.0005250,0.4588368
0.0005300,0.4588834
0.0005350,0.4589302
0.0005400,0.4589754
0.0005450,0.4590183
0.0005500,0.4590590
0.0005550,0.4590987
0.0005600,0.4591401
0.0005650,0.4591854
0.0005700,0.4592326
0.0005750,0.4592795
0.0005800,0.4593241
0.0005850,0.4593633
0.0005900,0.4593938
0.0005950,0.4594160
0.0006000,0.4552290
0.0006050,0.4552530
0.0006100,0.4552974
0.0006150,0.4553544
0.0006200,0.4554150
0.0006250,0.4554728
0.0006300,0.4555240
0.0006350,0.4555700
0.0006400,0.4556145
0.0006450,0.4556586
0.0006500,0.4557015
0.0006550,0.4557422
0.0006600,0.4557817
0.0006650,0.4558215
0.0006700,0.4558602
0.0006750,0.4558951
0.0006800,0.4559259
0.0006850,0.4559561
0.0006900,0.4559894
0.0006950,0.4560272
0.0007000,0.4683783
0.0007050,0.4683888
0.0007100,0.4684111
0.0007150,0.4684462
0.0007200,0.4684939
0.0007250,0.4685508
0.0007300,0.4686098
0.0007350,0.4686635
0.0007400,0.4687074
0.0007450,0.4687406
0.0007500,0.4687646
0.0007550,0.4687811
0.0007600,0.4687921
0.0007650,0.4687993
0.0007700,0.4688045
0.0007750,0.4688105
0.0007800,0.4688183
0.0007850,0.4688259
0.0007900,0.4688301
0.0007950,0.4688302
0.0008000,0.4747789
0.0008050,0.4747731
0.0008100,0.4747920
0.0008150,0.4748368
0.0008200,0.4749039
0.0008250,0.4749863
0.0008300,0.4750747
0.0008350,0.4751606
0.0008400,0.4752371
0.0008450,0.4753023
0.0008500,0.4753609
0.0008550,0.4754196
0.0008600,0.4754794
0.0008650,0.4755339
0.0008700,0.4755768
0.0008750,0.4756063
0.0008800,0.4756245
0.0008850,0.4756349
0.0008900,0.4756419
0.0008950,0.4756504
0.0009000,0.4522644
0.0009050,0.4522474
0.0009100,0.4522517
0.0009150,0.4522711
0.0009200,0.4522963
0.0009250,0.4523203
0.0009300,0.4523418
0.0009350,0.4523654
0.0009400,0.4523944
0.0009450,0.4524289
0.0009500,0.4524679
0.0009550,0.4525094
0.0009600,0.4525509
0.0009650,0.4525876
0.0009700,0.4526158
0.0009750,0.4526358
0.0009800,0.4526511
0.0009850,0.4526675
0.0009900,0.4526899
0.0009950,0.4527211
0.0010000,0.4621130
0.0010050,0.4621171
0.0010100,0.4621326
0.0010150,0.4621595
0.0010200,0.4621951
0.0010250,0.4622333
0.0010300,0.4622677
0.0010350,0.4622989
0.0010400,0.4623304
0.0010450,0.4623643
0.0010500,0.4624005
0.0010550,0.4624387
0.0010600,0.4624796
0.0010650,0.4625211
0.0010700,0.4625595
0.0010750,0.4625936
0.0010800,0.4626255
0.0010850,0.4626594
0.0010900,0.4626977
0.0010950,0.4627428
0.0011000,0.4756307
0.0011050,0.4756675
0.0011100,0.4757231
0.0011150,0.4757912
0.0011200,0.4758648
0.0011250,0.4759389
0.0011300,0.4760114
0.0011350,0.4760827
0.0011400,0.4761538
0.0011450,0.4762265
0.0011500,0.4763028
0.0011550,0.4763825
0.0011600,0.4764633
0.0011650,0.4765407
0.0011700,0.4766107
0.0011750,0.4766741
0.0011800,0.4767333
0.0011850,0.4767870
0.0011900,0.4768311
0.0011950,0.4768650
0.0012000,0.4944155
0.0012050,0.4944229
0.0012100,0.4944359
0.0012150,0.4944523
0.0012200,0.4944717
0.0012250,0.4944957
0.0012300,0.4945270
0.0012350,0.4945685
0.0012400,0.4946210
0.0012450,0.4946817
0.0012500,0.4947458
0.0012550,0.4948093
0.0012600,0.4948719
0.0012650,0.4949353
0.0012700,0.4950011
0.0012750,0.4950706
0.0012800,0.4951439
0.0012850,0.4952195
0.0012900,0.4952941
0.0012950,0.4953670
0.0013000,0.4885671
0.0013050,0.4886175
0.0013100,0.4886700
0.0013150,0.4887227
0.0013200,0.4887778
0.0013250,0.4888371
0.0013300,0.4889004
0.0013350,0.4889654
0.0013400,0.4890277
0.0013450,0.4890830
0.0013500,0.4891277
0.0013550,0.4891615
0.0013600,0.4891862
0.0013650,0.4892038
0.0013700,0.4892175
0.0013750,0.4892309
0.0013800,0.4892466
0.0013850,0.4892662
0.0013900,0.4892908
0.0013950,0.4893204
0.0014000,0.4943354
0.0014050,0.4943576
0.0014100,0.4943828
0.0014150,0.4944114
0.0014200,0.4944485
0.0014250,0.4945019
0.0014300,0.4945766
0.0014350,0.4946698
0.0014400,0.4947704
0.0014450,0.4948654
0.0014500,0.4949455
0.0014550,0.4950087
0.0014600,0.4950598
0.0014650,0.4951054
0.0014700,0.4951504
0.0014750,0.4951953
0.0014800,0.4952369
0.0014850,0.4952707
0.0014900,0.4952942
0.0014950,0.4953071
0.0015000,0.4758860
0.0015050,0.4758705
0.0015100,0.4758690
0.0015150,0.4758826
0.0015200,0.4759115
0.0015250,0.4759532
0.0015300,0.4760027
0.0015350,0.4760557
0.0015400,0.4761115
0.0015450,0.4761701
0.0015500,0.4762302
0.0015550,0.4762911
0.0015600,0.4763521
0.0015650,0.4764118
0.0015700,0.4764687
0.0015750,0.4765197
0.0015800,0.4765632
0.0015850,0.4766000
0.0015900,0.4766325
0.0015950,0.4766632
0.0016000,0.4604439
0.0016050,0.4604560
0.0016100,0.4604811
0.0016150,0.4605172
0.0016200,0.4605596
0.0016250,0.4606031
0.0016300,0.4606469
0.0016350,0.4606928
0.0016400,0.4607433
0.0016450,0.4607999
0.0016500,0.4608628
0.0016550,0.4609314
0.0016600,0.4610025
0.0016650,0.4610714
0.0016700,0.4611360
0.0016750,0.4611969
0.0016800,0.4612568
0.0016850,0.4613196
0.0016900,0.4613867
0.0016950,0.4614569
0.0017000,0.4764168
0.0017050,0.4764511
0.0017100,0.4764883
0.0017150,0.4765229
0.0017200,0.4765540
0.0017250,0.4765851
0.0017300,0.4766219
0.0017350,0.4766668
0.0017400,0.4767156
0.0017450,0.4767602
0.0017500,0.4767940
0.0017550,0.4768166
0.0017600,0.4768337
0.0017650,0.4768531
0.0017700,0.4768795
0.0017750,0.4769122
0.0017800,0.4769469
0.0017850,0.4769809
0.0017900,0.4770141
0.0017950,0.4770460
0.0018000,0.4735433
0.0018050,0.4735413
0.0018100,0.4735473
0.0018150,0.4735638
0.0018200,0.4735895
0.0018250,0.4736206
0.0018300,0.4736542
0.0018350,0.4736891
0.0018400,0.4737250
0.0018450,0.4737626
0.0018500,0.4738037
0.0018550,0.4738502
0.0018600,0.4739007
0.0018650,0.4739518
0.0018700,0.4740000
0.0018750,0.4740441
0.0018800,0.4740842
0.0018850,0.4741202
0.0018900,0.4741508
0.0018950,0.4741749
0.0019000,0.4654426
0.0019050,0.4654338
0.0019100,0.4654434
0.0019150,0.4654714
0.0019200,0.4655124
0.0019250,0.4655594
0.0019300,0.4656059
0.0019350,0.4656479
0.0019400,0.4656859
0.0019450,0.4657225
0.0019500,0.4657606
0.0019550,0.4658010
0.0019600,0.4658419
0.0019650,0.4658803
0.0019700,0.4659131
0.0019750,0.4659403
0.0019800,0.4659644
0.0019850,0.4659898
0.0019900,0.4660210
0.0019950,0.4660600
0.0020000,0.4835573
0.0020050,0.4835768
0.0020100,0.4836051
0.0020150,0.4836396
0.0020200,0.4836769
0.0020250,0.4837157
0.0020300,0.4837584
0.0020350,0.4838092
0.0020400,0.4838689
0.0020450,0.4839312
0.0020500,0.4839877
0.0020550,0.4840319
0.0020600,0.4840616
0.0020650,0.4840796
0.0020700,0.4840925
0.0020750,0.4841066
0.0020800,0.4841251
0.0020850,0.4841488
0.0020900,0.4841765
0.0020950,0.4842056
0.0021000,0.4515118
0.0021050,0.4515141
0.0021100,0.4515272
0.0021150,0.4515505
0.0021200,0.4515805
0.0021250,0.4516142
0.0021300,0.4516514
0.0021350,0.4516936
0.0021400,0.4517390
0.0021450,0.4517839
0.0021500,0.4518272
0.0021550,0.4518692
0.0021600,0.4519101
0.0021650,0.4519488
0.0021700,0.4519841
0.0021750,0.4520154
0.0021800,0.4520427
0.0021850,0.4520667
0.0021900,0.4520901
0.0021950,0.4521158
0.0022000,0.4549977
0.0022050,0.4549809
0.0022100,0.4549758
0.0022150,0.4549833
0.0022200,0.4550025
0.0022250,0.4550312
0.0022300,0.4550667
0.0022350,0.4551073
0.0022400,0.4551521
0.0022450,0.4551995
0.0022500,0.4552472
0.0022550,0.4552936
0.0022600,0.4553387
0.0022650,0.4553830
0.0022700,0.4554265
0.0022750,0.4554673
0.0022800,0.4555016
0.0022850,0.4555255
0.0022900,0.4555381
0.0022950,0.4555434
0.0023000,0.4804923
0.0023050,0.4805176
0.0023100,0.4805496
0.0023150,0.4805815
0.0023200,0.4806107
0.0023250,0.4806402
0.0023300,0.4806727
0.0023350,0.4807088
0.0023400,0.4807463
0.0023450,0.4807831
0.0023500,0.4808197
0.0023550,0.4808579
0.0023600,0.4808993
0.0023650,0.4809452
0.0023700,0.4809955
0.0023750,0.4810495
0.0023800,0.4811056
0.0023850,0.4811619
0.0023900,0.4812160
0.0023950,0.4812657
0.0024000,0.4383487
0.0024050,0.4383636
0.0024100,0.4383882
0.0024150,0.4384249
0.0024200,0.4384720
0.0024250,0.4385258
0.0024300,0.4385815
0.0024350,0.4386349
0.0024400,0.4386838
0.0024450,0.4387293
0.0024500,0.4387750
0.0024550,0.4388235
0.0024600,0.4388754
0.0024650,0.4389281
0.0024700,0.4389773
0.0024750,0.4390203
0.0024800,0.4390571
0.0024850,0.4390919
0.0024900,0.4391305
0.0024950,0.4391750
0.0025000,0.4488827
0.0025050,0.4489184
0.0025100,0.4489659
0.0025150,0.4490169
0.0025200,0.4490627
0.0025250,0.4490996
0.0025300,0.4491292
0.0025350,0.4491566
0.0025400,0.4491865
0.0025450,0.4492215
0.0025500,0.4492612
0.0025550,0.4493017
0.0025600,0.4493386
0.0025650,0.4493700
0.0025700,0.4493955
0.0025750,0.4494155
0.0025800,0.4494325
0.0025850,0.4494497
0.0025900,0.4494701
0.0025950,0.4494951
0.0026000,0.4526503
0.0026050,0.4526547
0.0026100,0.4526690
0.0026150,0.4526910
0.0026200,0.4527196
0.0026250,0.4527543
0.0026300,0.4527954
0.0026350,0.4528430
0.0026400,0.4528962
0.0026450,0.4529536
0.0026500,0.4530142
0.0026550,0.4530769
0.0026600,0.4531391
0.0026650,0.4531977
0.0026700,0.4532522
0.0026750,0.4533042
0.0026800,0.4533544
0.0026850,0.4534008
0.0026900,0.4534404
0.0026950,0.4534714
0.0027000,0.4659892
0.0027050,0.4659822
0.0027100,0.4659829
0.0027150,0.4659924
0.0027200,0.4660114
0.0027250,0.4660401
0.0027300,0.4660778
0.0027350,0.4661213
0.0027400,0.4661662
0.0027450,0.4662102
0.0027500,0.4662540
0.0027550,0.4663001
0.0027600,0.4663510
0.0027650,0.4664059
0.0027700,0.4664618
0.0027750,0.4665155
0.0027800,0.4665667
0.0027850,0.4666169
0.0027900,0.4666663
0.0027950,0.4667120
0.0028000,0.4825613
0.0028050,0.4825729
0.0028100,0.4825851
0.0028150,0.4826054
0.0028200,0.4826406
0.0028250,0.4826915
0.0028300,0.4827524
0.0028350,0.4828140
0.0028400,0.4828697
0.0028450,0.4829171
0.0028500,0.4829581
0.0028550,0.4829975
0.0028600,0.4830393
0.0028650,0.4830845
0.0028700,0.4831310
0.0028750,0.4831753
0.0028800,0.4832142
0.0028850,0.4832441
0.0028900,0.4832631
0.0028950,0.4832749
0.0029000,0.4700508
0.0029050,0.4700354
0.0029100,0.4700341
0.0029150,0.4700485
0.0029200,0.4700783
0.0029250,0.4701196
0.0029300,0.4701677
0.0029350,0.4702187
0.0029400,0.4702691
0.0029450,0.4703152
0.0029500,0.4703548
0.0029550,0.4703900
0.0029600,0.4704257
0.0029650,0.4704643
0.0029700,0.4705043
0.0029750,0.4705421
0.0029800,0.4705758
0.0029850,0.4706043
0.0029900,0.4706276
0.0029950,0.4706475
0.0030000,0.4915462
0.0030050,0.4915302
0.0030100,0.4915168
0.0030150,0.4915160
0.0030200,0.4915364
0.0030250,0.4915791
0.0030300,0.4916370
0.0030350,0.4917008
0.0030400,0.4917630
0.0030450,0.4918204
0.0030500,0.4918731
0.0030550,0.4919239
0.0030600,0.4919768
0.0030650,0.4920346
0.0030700,0.4920960
0.0030750,0.4921555
0.0030800,0.4922058
0.0030850,0.4922414
0.0030900,0.4922598
0.0030950,0.4922631
0.0031000,0.4860028
0.0031050,0.4860014
0.0031100,0.4860089
0.0031150,0.4860246
0.0031200,0.4860477
0.0031250,0.4860776
0.0031300,0.4861139
0.0031350,0.4861545
0.0031400,0.4861968
0.0031450,0.4862400
0.0031500,0.4862857
0.0031550,0.4863354
0.0031600,0.4863873
0.0031650,0.4864370
0.0031700,0.4864830
0.0031750,0.4865273
0.0031800,0.4865715
0.0031850,0.4866166
0.0031900,0.4866615
0.0031950,0.4867058
0.0032000,0.4880707
0.0032050,0.4880886
0.0032100,0.4881214
0.0032150,0.4881667
0.0032200,0.4882188
0.0032250,0.4882712
0.0032300,0.4883197
0.0032350,0.4883657
0.0032400,0.4884125
0.0032450,0.4884625
0.0032500,0.4885174
0.0032550,0.4885762
0.0032600,0.4886359
0.0032650,0.4886919
0.0032700,0.4887414
0.0032750,0.4887847
0.0032800,0.4888252
0.0032850,0.4888663
0.0032900,0.4889090
0.0032950,0.4889530
0.0033000,0.4727811
0.0033050,0.4728001
0.0033100,0.4728227
0.0033150,0.4728469
0.0033200,0.4728734
0.0033250,0.4729015
0.0033300,0.4729291
0.0033350,0.4729535
0.0033400,0.4729741
0.0033450,0.4729935
0.0033500,0.4730172
0.0033550,0.4730508
0.0033600,0.4730957
0.0033650,0.4731487
0.0033700,0.4732050
0.0033750,0.4732603
0.0033800,0.4733133
0.0033850,0.4733640
0.0033900,0.4734140
0.0033950,0.4734649
0.0034000,0.4971470
0.0034050,0.4971364
0.0034100,0.4971326
0.0034150,0.4971364
0.0034200,0.4971458
0.0034250,0.4971591
0.0034300,0.4971761
0.0034350,0.4971968
0.0034400,0.4972200
0.0034450,0.4972448
0.0034500,0.4972724
0.0034550,0.4973050
0.0034600,0.4973431
0.0034650,0.4973838
0.0034700,0.4974229
0.0034750,0.4974582
0.0034800,0.4974887
0.0034850,0.4975147
0.0034900,0.4975380
0.0034950,0.4975602
0.0035000,0.4689389
0.0035050,0.4689425
0.0035100,0.4689492
0.0035150,0.4689585
0.0035200,0.4689706
0.0035250,0.4689854
0.0035300,0.4690022
0.0035350,0.4690213
0.0035400,0.4690434
0.0035450,0.4690694
0.0035500,0.4691002
0.0035550,0.4691365
0.0035600,0.4691784
0.0035650,0.4692228
0.0035700,0.4692643
0.0035750,0.4692984
0.0035800,0.4693255
0.0035850,0.4693510
0.0035900,0.4693805
0.0035950,0.4694150
0.0036000,0.5030520
0.0036050,0.5030712
0.0036100,0.5031019
0.0036150,0.5031411
0.0036200,0.5031867
0.0036250,0.5032357
0.0036300,0.5032854
0.0036350,0.5033340
0.0036400,0.5033814
0.0036450,0.5034280
0.0036500,0.5034744
0.0036550,0.5035224
0.0036600,0.5035723
0.0036650,0.5036223
0.0036700,0.5036706
0.0036750,0.5037168
0.0036800,0.5037614
0.0036850,0.5038059
0.0036900,0.5038504
0.0036950,0.5038936
0.0037000,0.4883450
0.0037050,0.4883563
0.0037100,0.4883743
0.0037150,0.4883978
0.0037200,0.4884255
0.0037250,0.4884559
0.0037300,0.4884885
0.0037350,0.4885245
0.0037400,0.4885656
0.0037450,0.4886116
0.0037500,0.4886595
0.0037550,0.4887038
0.0037600,0.4887412
0.0037650,0.4887723
0.0037700,0.4888005
0.0037750,0.4888282
0.0037800,0.4888550
0.0037850,0.4888802
0.0037900,0.4889052
0.0037950,0.4889326
0.0038000,0.5064548
0.0038050,0.5064917
0.0038100,0.5065367
0.0038150,0.5065887
0.0038200,0.5066474
0.0038250,0.5067116
0.0038300,0.5067777
0.0038350,0.5068415
0.0038400,0.5069003
0.0038450,0.5069545
0.0038500,0.5070065
0.0038550,0.5070562
0.0038600,0.5071003
0.0038650,0.5071361
0.0038700,0.5071654
0.0038750,0.5071933
0.0038800,0.5072234
0.0038850,0.5072560
0.0038900,0.5072905
0.0038950,0.5073263
0.0039000,0.4856264
0.0039050,0.4856536
0.0039100,0.4856906
0.0039150,0.4857360
0.0039200,0.4857879
0.0039250,0.4858439
0.0039300,0.4859011
0.0039350,0.4859561
0.0039400,0.4860065
0.0039450,0.4860535
0.0039500,0.4861003
0.0039550,0.4861498
0.0039600,0.4862032
0.0039650,0.4862585
0.0039700,0.4863123
0.0039750,0.4863611
0.0039800,0.4864033
0.0039850,0.4864404
0.0039900,0.4864759
0.0039950,0.4865116
0.0040000,0.4797896
0.0040050,0.4797973
0.0040100,0.4798155
0.0040150,0.4798445
0.0040200,0.4798861
0.0040250,0.4799400
0.0040300,0.4800022
0.0040350,0.4800686
0.0040400,0.4801364
0.0040450,0.4802049
0.0040500,0.4802733
0.0040550,0.4803381
0.0040600,0.4803953
0.0040650,0.4804403
0.0040700,0.4804712
0.0040750,0.4804882
0.0040800,0.4804924
0.0040850,0.4804878
0.0040900,0.4804800
0.0040950,0.4804737
0.0041000,0.4829281
0.0041050,0.4829282
0.0041100,0.4829420
0.0041150,0.4829671
0.0041200,0.4829995
0.0041250,0.4830365
0.0041300,0.4830775
0.0041350,0.4831233
0.0041400,0.4831748
0.0041450,0.4832303
0.0041500,0.4832854
0.0041550,0.4833359
0.0041600,0.4833784
0.0041650,0.4834107
0.0041700,0.4834336
0.0041750,0.4834498
0.0041800,0.4834641
0.0041850,0.4834802
0.0041900,0.4834985
0.0041950,0.4835181
0.0042000,0.4925610
0.0042050,0.4925509
0.0042100,0.4925475
0.0042150,0.4925481
0.0042200,0.4925523
0.0042250,0.4925600
0.0042300,0.4925724
0.0042350,0.4925913
0.0042400,0.4926187
0.0042450,0.4926558
0.0042500,0.4927013
0.0042550,0.4927525
0.0042600,0.4928058
0.0042650,0.4928569
0.0042700,0.4929024
0.0042750,0.4929400
0.0042800,0.4929694
0.0042850,0.4929939
0.0042900,0.4930170
0.0042950,0.4930405
0.0043000,0.5126904
0.0043050,0.5126872
0.0043100,0.5126964
0.0043150,0.5127181
0.0043200,0.5127505
0.0043250,0.5127911
0.0043300,0.5128372
0.0043350,0.5128849
0.0043400,0.5129308
0.0043450,0.5129744
0.0043500,0.5130177
0.0043550,0.5130618
0.0043600,0.5131071
0.0043650,0.5131510
0.0043700,0.5131886
0.0043750,0.5132142
0.0043800,0.5132256
0.0043850,0.5132246
0.0043900,0.5132172
0.0043950,0.5132128
0.0044000,0.5036096
0.0044050,0.5036031
0.0044100,0.5036113
0.0044150,0.5036325
0.0044200,0.5036645
0.0044250,0.5037049
0.0044300,0.5037514
0.0044350,0.5038020
0.0044400,0.5038557
0.0044450,0.5039137
0.0044500,0.5039763
0.0044550,0.5040425
0.0044600,0.5041095
0.0044650,0.5041737
0.0044700,0.5042322
0.0044750,0.5042833
0.0044800,0.5043281
0.0044850,0.5043695
0.0044900,0.5044106
0.0044950,0.5044524
0.0045000,0.5123868
0.0045050,0.5124173
0.0045100,0.5124519
0.0045150,0.5124836
0.0045200,0.5125070
0.0045250,0.5125206
0.0045300,0.5125257
0.0045350,0.5125274
0.0045400,0.5125323
0.0045450,0.5125430
0.0045500,0.5125568
0.0045550,0.5125691
0.0045600,0.5125763
0.0045650,0.5125788
0.0045700,0.5125797
0.0045750,0.5125827
0.0045800,0.5125906
0.0045850,0.5126055
0.0045900,0.5126304
0.0045950,0.5126674
0.0046000,0.5242128
0.0046050,0.5242268
0.0046100,0.5242461
0.0046150,0.5242689
0.0046200,0.5242948
0.0046250,0.5243236
0.0046300,0.5243538
0.0046350,0.5243838
0.0046400,0.5244124
0.0046450,0.5244387
0.0046500,0.5244631
0.0046550,0.5244866
0.0046600,0.5245091
0.0046650,0.5245294
0.0046700,0.5245456
0.0046750,0.5245562
0.0046800,0.5245618
0.0046850,0.5245648
0.0046900,0.5245687
0.0046950,0.5245741
0.0047000,0.5517592
0.0047050,0.5517511
0.0047100,0.5517555
0.0047150,0.5517712
0.0047200,0.5517936
0.0047250,0.5518187
0.0047300,0.5518459
0.0047350,0.5518772
0.0047400,0.5519166
0.0047450,0.5519661
0.0047500,0.5520249
0.0047550,0.5520901
0.0047600,0.5521573
0.0047650,0.5522218
0.0047700,0.5522797
0.0047750,0.5523296
0.0047800,0.5523723
0.0047850,0.5524100
0.0047900,0.5524480
0.0047950,0.5524909
0.0048000,0.5307602
0.0048050,0.5307921
0.0048100,0.5308289
0.0048150,0.5308660
0.0048200,0.5309017
0.0048250,0.5309375
0.0048300,0.5309766
0.0048350,0.5310214
0.0048400,0.5310717
0.0048450,0.5311240
0.0048500,0.5311754
0.0048550,0.5312246
0.0048600,0.5312723
0.0048650,0.5313193
0.0048700,0.5313650
0.0048750,0.5314076
0.0048800,0.5314468
0.0048850,0.5314847
0.0048900,0.5315247
0.0048950,0.5315696
0.0049000,0.5308015
0.0049050,0.5308324
0.0049100,0.5308678
0.0049150,0.5309086
0.0049200,0.5309544
0.0049250,0.5310042
0.0049300,0.5310574
0.0049350,0.5311119
0.0049400,0.5311649
0.0049450,0.5312150
0.0049500,0.5312633
0.0049550,0.5313108
0.0049600,0.5313580
0.0049650,0.5314050
0.0049700,0.5314515
0.0049750,0.5314976
0.0049800,0.5315420
0.0049850,0.5315845
0.0049900,0.5316266
0.0049950,0.5316697
0.0050000,0.5341233
0.0050050,0.5341420
0.0050100,0.5341698
0.0050150,0.5342023
0.0050200,0.5342377
0.0050250,0.5342775
0.0050300,0.5343239
0.0050350,0.5343775
0.0050400,0.5344361
0.0050450,0.5344953
0.0050500,0.5345510
0.0050550,0.5345996
0.0050600,0.5346407
0.0050650,0.5346753
0.0050700,0.5347053
0.0050750,0.5347321
0.0050800,0.5347549
0.0050850,0.5347746
0.0050900,0.5347931
0.0050950,0.5348126
0.0051000,0.5115868
0.0051050,0.5115981
0.0051100,0.5116225
0.0051150,0.5116566
0.0051200,0.5116970
0.0051250,0.5117412
0.0051300,0.5117867
0.0051350,0.5118331
0.0051400,0.5118810
0.0051450,0.5119317
0.0051500,0.5119865
0.0051550,0.5120453
0.0051600,0.5121080
0.0051650,0.5121723
0.0051700,0.5122358
0.0051750,0.5122956
0.0051800,0.5123488
0.0051850,0.5123948
0.0051900,0.5124349
0.0051950,0.5124712
0.0052000,0.5419701
0.0052050,0.5419756
0.0052100,0.5419814
0.0052150,0.5419850
0.0052200,0.5419854
0.0052250,0.5419825
0.0052300,0.5419787
0.0052350,0.5419780
0.0052400,0.5419830
0.0052450,0.5419963
0.0052500,0.5420198
0.0052550,0.5420539
0.0052600,0.5420971
0.0052650,0.5421457
0.0052700,0.5421974
0.0052750,0.5422516
0.0052800,0.5423093
0.0052850,0.5423717
0.0052900,0.5424402
0.0052950,0.5425148
0.0053000,0.5418178
0.0053050,0.5418485
0.0053100,0.5418821
0.0053150,0.5419190
0.0053200,0.5419616
0.0053250,0.5420122
0.0053300,0.5420715
0.0053350,0.5421372
0.0053400,0.5422044
0.0053450,0.5422691
0.0053500,0.5423306
0.0053550,0.5423906
0.0053600,0.5424499
0.0053650,0.5425062
0.0053700,0.5425582
0.0053750,0.5426058
0.0053800,0.5426519
0.0053850,0.5427005
0.0053900,0.5427527
0.0053950,0.5428071
0.0054000,0.5443099
0.0054050,0.5443184
0.0054100,0.5443339
0.0054150,0.5443572
0.0054200,0.5443877
0.0054250,0.5444224
0.0054300,0.5444590
0.0054350,0.5444986
0.0054400,0.5445428
0.0054450,0.5445939
0.0054500,0.5446529
0.0054550,0.5447188
0.0054600,0.5447885
0.0054650,0.5448585
0.0054700,0.5449268
0.0054750,0.5449912
0.0054800,0.5450508
0.0054850,0.5451058
0.0054900,0.5451583
0.0054950,0.5452099
0.0055000,0.5253505
0.0055050,0.5253767
0.0055100,0.5254089
0.0055150,0.5254433
0.0055200,0.5254797
0.0055250,0.5255190
0.0055300,0.5255620
0.0055350,0.5256090
0.0055400,0.5256602
0.0055450,0.5257144
0.0055500,0.5257689
0.0055550,0.5258208
0.0055600,0.5258660
0.0055650,0.5259002
0.0055700,0.5259222
0.0055750,0.5259346
0.0055800,0.5259429
0.0055850,0.5259523
0.0055900,0.5259651
0.0055950,0.5259801
0.0056000,0.5220643
0.0056050,0.5220590
0.0056100,0.5220652
0.0056150,0.5220829
0.0056200,0.5221103
0.0056250,0.5221436
0.0056300,0.5221800
0.0056350,0.5222178
0.0056400,0.5222549
0.0056450,0.5222891
0.0056500,0.5223193
0.0056550,0.5223484
0.0056600,0.5223783
0.0056650,0.5224080
0.0056700,0.5224349
0.0056750,0.5224578
0.0056800,0.5224782
0.0056850,0.5224990
0.0056900,0.5225220
0.0056950,0.5225463
0.0057000,0.5198323
0.0057050,0.5198188
0.0057100,0.5198128
0.0057150,0.5198163
0.0057200,0.5198285
0.0057250,0.5198462
0.0057300,0.5198667
0.0057350,0.5198889
0.0057400,0.5199124
0.0057450,0.5199364
0.0057500,0.5199590
0.0057550,0.5199795
0.0057600,0.5199977
0.0057650,0.5200138
0.0057700,0.5200288
0.0057750,0.5200429
0.0057800,0.5200565
0.0057850,0.5200701
0.0057900,0.5200843
0.0057950,0.5200994
0.0058000,0.5280265
0.0058050,0.5280368
0.0058100,0.5280642
0.0058150,0.5281066
0.0058200,0.5281579
0.0058250,0.5282110
0.0058300,0.5282635
0.0058350,0.5283176
0.0058400,0.5283760
0.0058450,0.5284383
0.0058500,0.5285017
0.0058550,0.5285626
0.0058600,0.5286187
0.0058650,0.5286692
0.0058700,0.5287146
0.0058750,0.5287569
0.0058800,0.5287995
0.0058850,0.5288452
0.0058900,0.5288940
0.0058950,0.5289436
0.0059000,0.5225973
0.0059050,0.5226238
0.0059100,0.5226561
0.0059150,0.5226950
0.0059200,0.5227402
0.0059250,0.5227906
0.0059300,0.5228454
0.0059350,0.5229035
0.0059400,0.5229622
0.0059450,0.5230196
0.0059500,0.5230761
0.0059550,0.5231312
0.0059600,0.5231837
0.0059650,0.5232333
0.0059700,0.5232800
0.0059750,0.5233247
0.0059800,0.5233692
0.0059850,0.5234143
0.0059900,0.5234589
0.0059950,0.5235004
0.0060000,0.4934292
0.0060050,0.4934546
0.0060100,0.4934821
0.0060150,0.4935105
0.0060200,0.4935393
0.0060250,0.4935704
0.0060300,0.4936065
0.0060350,0.4936488
0.0060400,0.4936964
0.0060450,0.4937482
0.0060500,0.4938027
0.0060550,0.4938589
0.0060600,0.4939165
0.0060650,0.4939742
0.0060700,0.4940304
0.0060750,0.4940840
0.0060800,0.4941352
0.0060850,0.4941845
0.0060900,0.4942319
0.0060950,0.4942766
0.0061000,0.5086860
0.0061050,0.5087368
0.0061100,0.5088010
0.0061150,0.5088700
0.0061200,0.5089365
0.0061250,0.5089977
0.0061300,0.5090542
0.0061350,0.5091095
0.0061400,0.5091670
0.0061450,0.5092273
0.0061500,0.5092870
0.0061550,0.5093412
0.0061600,0.5093869
0.0061650,0.5094236
0.0061700,0.5094531
0.0061750,0.5094765
0.0061800,0.5094948
0.0061850,0.5095103
0.0061900,0.5095257
0.0061950,0.5095413
0.0062000,0.5230569
0.0062050,0.5230594
0.0062100,0.5230563
0.0062150,0.5230501
0.0062200,0.5230467
0.0062250,0.5230507
0.0062300,0.5230626
0.0062350,0.5230804
0.0062400,0.5231027
0.0062450,0.5231297
0.0062500,0.5231610
0.0062550,0.5231957
0.0062600,0.5232319
0.0062650,0.5232685
0.0062700,0.5233052
0.0062750,0.5233428
0.0062800,0.5233837
0.0062850,0.5234277
0.0062900,0.5234720
0.0062950,0.5235136
0.0063000,0.5369440
0.0063050,0.5369654
0.0063100,0.5369967
0.0063150,0.5370366
0.0063200,0.5370808
0.0063250,0.5371230
0.0063300,0.5371587
0.0063350,0.5371886
0.0063400,0.5372183
0.0063450,0.5372537
0.0063500,0.5372971
0.0063550,0.5373471
0.0063600,0.5373993
0.0063650,0.5374480
0.0063700,0.5374896
0.0063750,0.5375237
0.0063800,0.5375554
0.0063850,0.5375905
0.0063900,0.5376331
0.0063950,0.5376843
0.0064000,0.5595196
0.0064050,0.5595507
0.0064100,0.5595854
0.0064150,0.5596211
0.0064200,0.5596581
0.0064250,0.5596984
0.0064300,0.5597443
0.0064350,0.5597957
0.0064400,0.5598504
0.0064450,0.5599059
0.0064500,0.5599620
0.0064550,0.5600207
0.0064600,0.5600825
0.0064650,0.5601452
0.0064700,0.5602048
0.0064750,0.5602583
0.0064800,0.5603063
0.0064850,0.5603510
0.0064900,0.5603950
0.0064950,0.5604390
0.0065000,0.5271120
0.0065050,0.5271291
0.0065100,0.5271479
0.0065150,0.5271706
0.0065200,0.5271986
0.0065250,0.5272310
0.0065300,0.5272642
0.0065350,0.5272940
0.0065400,0.5273193
0.0065450,0.5273423
0.0065500,0.5273677
0.0065550,0.5273983
0.0065600,0.5274331
0.0065650,0.5274695
0.0065700,0.5275046
0.0065750,0.5275380
0.0065800,0.5275704
0.0065850,0.5276021
0.0065900,0.5276328
0.0065950,0.5276630
0.0066000,0.5442764
0.0066050,0.5443051
0.0066100,0.5443463
0.0066150,0.5443993
0.0066200,0.5444593
0.0066250,0.5445221
0.0066300,0.5445848
0.0066350,0.5446485
0.0066400,0.5447174
0.0066450,0.5447949
0.0066500,0.5448815
0.0066550,0.5449706
0.0066600,0.5450538
0.0066650,0.5451269
0.0066700,0.5451890
0.0066750,0.5452408
0.0066800,0.5452837
0.0066850,0.5453218
0.0066900,0.5453597
0.0066950,0.5453999
0.0067000,0.5333020
0.0067050,0.5333420
0.0067100,0.5333921
0.0067150,0.5334461
0.0067200,0.5334967
0.0067250,0.5335390
0.0067300,0.5335731
0.0067350,0.5336021
0.0067400,0.5336315
0.0067450,0.5336677
0.0067500,0.5337144
0.0067550,0.5337688
0.0067600,0.5338241
0.0067650,0.5338738
0.0067700,0.5339157
0.0067750,0.5339530
0.0067800,0.5339921
0.0067850,0.5340403
0.0067900,0.5341009
0.0067950,0.5341721
0.0068000,0.5252156
0.0068050,0.5252670
0.0068100,0.5253196
0.0068150,0.5253666
0.0068200,0.5254055
0.0068250,0.5254393
0.0068300,0.5254725
0.0068350,0.5255089
0.0068400,0.5255500
0.0068450,0.5255950
0.0068500,0.5256418
0.0068550,0.5256859
0.0068600,0.5257246
0.0068650,0.5257563
0.0068700,0.5257814
0.0068750,0.5258032
0.0068800,0.5258260
0.0068850,0.5258539
0.0068900,0.5258872
0.0068950,0.5259219
0.0069000,0.5169054
0.0069050,0.5169052
0.0069100,0.5169091
0.0069150,0.5169187
0.0069200,0.5169340
0.0069250,0.5169549
0.0069300,0.5169831
0.0069350,0.5170206
0.0069400,0.5170680
0.0069450,0.5171225
0.0069500,0.5171800
0.0069550,0.5172373
0.0069600,0.5172946
0.0069650,0.5173521
0.0069700,0.5174090
0.0069750,0.5174641
0.0069800,0.5175154
0.0069850,0.5175620
0.0069900,0.5176025
0.0069950,0.5176368
0.0070000,0.4945111
0.0070050,0.4945087
0.0070100,0.4945115
0.0070150,0.4945192
0.0070200,0.4945337
0.0070250,0.4945580
0.0070300,0.4945930
0.0070350,0.4946359
0.0070400,0.4946799
0.0070450,0.4947179
0.0070500,0.4947463
0.0070550,0.4947662
0.0070600,0.4947817
0.0070650,0.4947959
0.0070700,0.4948095
0.0070750,0.4948218
0.0070800,0.4948337
0.0070850,0.4948473
0.0070900,0.4948633
0.0070950,0.4948808
0.0071000,0.4875480
0.0071050,0.4875552
0.0071100,0.4875727
0.0071150,0.4875958
0.0071200,0.4876207
0.0071250,0.4876461
0.0071300,0.4876726
0.0071350,0.4877016
0.0071400,0.4877326
0.0071450,0.4877629
0.0071500,0.4877878
0.0071550,0.4878053
0.0071600,0.4878177
0.0071650,0.4878296
0.0071700,0.4878449
0.0071750,0.4878636
0.0071800,0.4878842
0.0071850,0.4879070
0.0071900,0.4879345
0.0071950,0.4879697
0.0072000,0.4940744
0.0072050,0.4941014
0.0072100,0.4941324
0.0072150,0.4941626
0.0072200,0.4941896
0.0072250,0.4942131
0.0072300,0.4942356
0.0072350,0.4942602
0.0072400,0.4942876
0.0072450,0.4943163
0.0072500,0.4943427
0.0072550,0.4943639
0.0072600,0.4943801
0.0072650,0.4943955
0.0072700,0.4944152
0.0072750,0.4944414
0.0072800,0.4944728
0.0072850,0.4945067
0.0072900,0.4945403
0.0072950,0.4945719
0.0073000,0.5149941
0.0073050,0.5150134
0.0073100,0.5150453
0.0073150,0.5150913
0.0073200,0.5151504
0.0073250,0.5152167
0.0073300,0.5152828
0.0073350,0.5153426
0.0073400,0.5153935
0.0073450,0.5154374
0.0073500,0.5154791
0.0073550,0.5155225
0.0073600,0.5155684
0.0073650,0.5156171
0.0073700,0.5156688
0.0073750,0.5157214
0.0073800,0.5157701
0.0073850,0.5158098
0.0073900,0.5158373
0.0073950,0.5158542
0.0074000,0.5152442
0.0074050,0.5152464
0.0074100,0.5152601
0.0074150,0.5152837
0.0074200,0.5153142
0.0074250,0.5153488
0.0074300,0.5153851
0.0074350,0.5154227
0.0074400,0.5154624
0.0074450,0.5155045
0.0074500,0.5155486
0.0074550,0.5155927
0.0074600,0.5156325
0.0074650,0.5156648
0.0074700,0.5156890
0.0074750,0.5157071
0.0074800,0.5157225
0.0074850,0.5157388
0.0074900,0.5157592
0.0074950,0.5157847
0.0075000,0.5348321
0.0075050,0.5348501
0.0075100,0.5348773
0.0075150,0.5349113
0.0075200,0.5349527
0.0075250,0.5350023
0.0075300,0.5350590
0.0075350,0.5351194
0.0075400,0.5351804
0.0075450,0.5352402
0.0075500,0.5352982
0.0075550,0.5353536
0.0075600,0.5354046
0.0075650,0.5354512
0.0075700,0.5354952
0.0075750,0.5355385
0.0075800,0.5355832
0.0075850,0.5356300
0.0075900,0.5356789
0.0075950,0.5357278
0.0076000,0.5205804
0.0076050,0.5206062
0.0076100,0.5206431
0.0076150,0.5206875
0.0076200,0.5207363
0.0076250,0.5207868
0.0076300,0.5208357
0.0076350,0.5208792
0.0076400,0.5209143
0.0076450,0.5209423
0.0076500,0.5209679
0.0076550,0.5209959
0.0076600,0.5210285
0.0076650,0.5210660
0.0076700,0.5211061
0.0076750,0.5211442
0.0076800,0.5211761
0.0076850,0.5212011
0.0076900,0.5212222
0.0076950,0.5212436
0.0077000,0.5432082
0.0077050,0.5432085
0.0077100,0.5432281
0.0077150,0.5432655
0.0077200,0.5433128
0.0077250,0.5433607
0.0077300,0.5434031
0.0077350,0.5434417
0.0077400,0.5434829
0.0077450,0.5435329
0.0077500,0.5435943
0.0077550,0.5436648
0.0077600,0.5437386
0.0077650,0.5438090
0.0077700,0.5438684
0.0077750,0.5439107
0.0077800,0.5439348
0.0077850,0.5439450
0.0077900,0.5439497
0.0077950,0.5439573
0.0078000,0.5351016
0.0078050,0.5351301
0.0078100,0.5351726
0.0078150,0.5352195
0.0078200,0.5352636
0.0078250,0.5353016
0.0078300,0.5353350
0.0078350,0.5353692
0.0078400,0.5354096
0.0078450,0.5354575
0.0078500,0.5355090
0.0078550,0.5355558
0.0078600,0.5355921
0.0078650,0.5356187
0.0078700,0.5356417
0.0078750,0.5356676
0.0078800,0.5357000
0.0078850,0.5357383
0.0078900,0.5357803
0.0078950,0.5358237
0.0079000,0.5497434
0.0079050,0.5497721
0.0079100,0.5498109
0.0079150,0.5498536
0.0079200,0.5498948
0.0079250,0.5499311
0.0079300,0.5499613
0.0079350,0.5499860
0.0079400,0.5500081
0.0079450,0.5500319
0.0079500,0.5500615
0.0079550,0.5500984
0.0079600,0.5501409
0.0079650,0.5501861
0.0079700,0.5502325
0.0079750,0.5502810
0.0079800,0.5503336
0.0079850,0.5503916
0.0079900,0.5504534
0.0079950,0.5505162
0.0080000,0.5290483
0.0080050,0.5290977
0.0080100,0.5291534
0.0080150,0.5292134
0.0080200,0.5292753
0.0080250,0.5293364
0.0080300,0.5293957
0.0080350,0.5294539
0.0080400,0.5295142
0.0080450,0.5295795
0.0080500,0.5296489
0.0080550,0.5297184
0.0080600,0.5297839
0.0080650,0.5298436
0.0080700,0.5298973
0.0080750,0.5299457
0.0080800,0.5299906
0.0080850,0.5300340
0.0080900,0.5300774
0.0080950,0.5301216
0.0081000,0.5313084
0.0081050,0.5313325
0.0081100,0.5313649
0.0081150,0.5313996
0.0081200,0.5314325
0.0081250,0.5314618
0.0081300,0.5314898
0.0081350,0.5315207
0.0081400,0.5315588
0.0081450,0.5316044
0.0081500,0.5316515
0.0081550,0.5316907
0.0081600,0.5317137
0.0081650,0.5317201
0.0081700,0.5317187
0.0081750,0.5317208
0.0081800,0.5317344
0.0081850,0.5317601
0.0081900,0.5317936
0.0081950,0.5318321
0.0082000,0.5262535
0.0082050,0.5263004
0.0082100,0.5263633
0.0082150,0.5264397
0.0082200,0.5265240
0.0082250,0.5266114
0.0082300,0.5266988
0.0082350,0.5267848
0.0082400,0.5268684
0.0082450,0.5269475
0.0082500,0.5270194
0.0082550,0.5270833
0.0082600,0.5271396
0.0082650,0.5271902
0.0082700,0.5272376
0.0082750,0.5272829
0.0082800,0.5273250
0.0082850,0.5273606
0.0082900,0.5273880
0.0082950,0.5274089
0.0083000,0.5063471
0.0083050,0.5063495
0.0083100,0.5063621
0.0083150,0.5063842
0.0083200,0.5064145
0.0083250,0.5064520
0.0083300,0.5064952
0.0083350,0.5065418
0.0083400,0.5065888
0.0083450,0.5066355
0.0083500,0.5066839
0.0083550,0.5067362
0.0083600,0.5067918
0.0083650,0.5068481
0.0083700,0.5069008
0.0083750,0.5069469
0.0083800,0.5069858
0.0083850,0.5070181
0.0083900,0.5070466
0.0083950,0.5070751
0.0084000,0.4983581
0.0084050,0.4983752
0.0084100,0.4984070
0.0084150,0.4984487
0.0084200,0.4984947
0.0084250,0.4985407
0.0084300,0.4985844
0.0084350,0.4986253
0.0084400,0.4986653
0.0084450,0.4987067
0.0084500,0.4987523
0.0084550,0.4988025
0.0084600,0.4988524
0.0084650,0.4988959
0.0084700,0.4989296
0.0084750,0.4989554
0.0084800,0.4989786
0.0084850,0.4990045
0.0084900,0.4990358
0.0084950,0.4990690
0.0085000,0.5240394
0.0085050,0.5240186
0.0085100,0.5240114
0.0085150,0.5240207
0.0085200,0.5240430
0.0085250,0.5240735
0.0085300,0.5241084
0.0085350,0.5241448
0.0085400,0.5241812
0.0085450,0.5242172
0.0085500,0.5242531
0.0085550,0.5242897
0.0085600,0.5243281
0.0085650,0.5243688
0.0085700,0.5244106
0.0085750,0.5244502
0.0085800,0.5244828
0.0085850,0.5245047
0.0085900,0.5245147
0.0085950,0.5245142
0.0086000,0.5271830
0.0086050,0.5271668
0.0086100,0.5271584
0.0086150,0.5271530
0.0086200,0.5271448
0.0086250,0.5271335
0.0086300,0.5271206
0.0086350,0.5271081
0.0086400,0.5270999
0.0086450,0.5271011
0.0086500,0.5271158
0.0086550,0.5271439
0.0086600,0.5271805
0.0086650,0.5272193
0.0086700,0.5272538
0.0086750,0.5272795
0.0086800,0.5272955
0.0086850,0.5273053
0.0086900,0.5273132
0.0086950,0.5273210
0.0087000,0.5462031
0.0087050,0.5462122
0.0087100,0.5462205
0.0087150,0.5462289
0.0087200,0.5462392
0.0087250,0.5462556
0.0087300,0.5462832
0.0087350,0.5463242
0.0087400,0.5463760
0.0087450,0.5464332
0.0087500,0.5464907
0.0087550,0.5465456
0.0087600,0.5465970
0.0087650,0.5466451
0.0087700,0.5466911
0.0087750,0.5467369
0.0087800,0.5467833
0.0087850,0.5468279
0.0087900,0.5468661
0.0087950,0.5468940
0.0088000,0.5216008
0.0088050,0.5215956
0.0088100,0.5215992
0.0088150,0.5216104
0.0088200,0.5216237
0.0088250,0.5216313
0.0088300,0.5216274
0.0088350,0.5216128
0.0088400,0.5215943
0.0088450,0.5215793
0.0088500,0.5215708
0.0088550,0.5215671
0.0088600,0.5215638
0.0088650,0.5215573
0.0088700,0.5215463
0.0088750,0.5215315
0.0088800,0.5215152
0.0088850,0.5215014
0.0088900,0.5214939
0.0088950,0.5214952
0.0089000,0.5239640
0.0089050,0.5239728
0.0089100,0.5239885
0.0089150,0.5240082
0.0089200,0.5240266
0.0089250,0.5240412
0.0089300,0.5240513
0.0089350,0.5240573
0.0089400,0.5240601
0.0089450,0.5240609
0.0089500,0.5240629
0.0089550,0.5240665
0.0089600,0.5240684
0.0089650,0.5240657
0.0089700,0.5240601
0.0089750,0.5240565
0.0089800,0.5240594
0.0089850,0.5240709
0.0089900,0.5240906
0.0089950,0.5241172
0.0090000,0.5538359
0.0090050,0.5538502
0.0090100,0.5538836
0.0090150,0.5539296
0.0090200,0.5539805
0.0090250,0.5540312
0.0090300,0.5540806
0.0090350,0.5541309
0.0090400,0.5541838
0.0090450,0.5542390
0.0090500,0.5542936
0.0090550,0.5543424
0.0090600,0.5543804
0.0090650,0.5544032
0.0090700,0.5544080
0.0090750,0.5543956
0.0090800,0.5543712
0.0090850,0.5543433
0.0090900,0.5543197
0.0090950,0.5543061
0.0091000,0.5396532
0.0091050,0.5396401
0.0091100,0.5396306
0.0091150,0.5396194
0.0091200,0.5396076
0.0091250,0.5396006
0.0091300,0.5396035
0.0091350,0.5396183
0.0091400,0.5396431
0.0091450,0.5396747
0.0091500,0.5397085
0.0091550,0.5397402
0.0091600,0.5397677
0.0091650,0.5397887
0.0091700,0.5398020
0.0091750,0.5398084
0.0091800,0.5398116
0.0091850,0.5398171
0.0091900,0.5398266
0.0091950,0.5398390
0.0092000,0.5281590
0.0092050,0.5281568
0.0092100,0.5281605
0.0092150,0.5281674
0.0092200,0.5281771
0.0092250,0.5281912
0.0092300,0.5282103
0.0092350,0.5282330
0.0092400,0.5282572
0.0092450,0.5282809
0.0092500,0.5283041
0.0092550,0.5283275
0.0092600,0.5283516
0.0092650,0.5283759
0.0092700,0.5283983
0.0092750,0.5284176
0.0092800,0.5284339
0.0092850,0.5284494
0.0092900,0.5284660
0.0092950,0.5284855
0.0093000,0.5480974
0.0093050,0.5481058
0.0093100,0.5481220
0.0093150,0.5481433
0.0093200,0.5481687
0.0093250,0.5481997
0.0093300,0.5482365
0.0093350,0.5482770
0.0093400,0.5483205
0.0093450,0.5483658
0.0093500,0.5484102
0.0093550,0.5484500
0.0093600,0.5484822
0.0093650,0.5485061
0.0093700,0.5485236
0.0093750,0.5485403
0.0093800,0.5485617
0.0093850,0.5485890
0.0093900,0.5486167
0.0093950,0.5486385
0.0094000,0.5470991
0.0094050,0.5470933
0.0094100,0.5470946
0.0094150,0.5471045
0.0094200,0.5471237
0.0094250,0.5471513
0.0094300,0.5471850
0.0094350,0.5472219
0.0094400,0.5472609
0.0094450,0.5473023
0.0094500,0.5473470
0.0094550,0.5473956
0.0094600,0.5474490
0.0094650,0.5475073
0.0094700,0.5475693
0.0094750,0.5476326
0.0094800,0.5476932
0.0094850,0.5477476
0.0094900,0.5477943
0.0094950,0.5478339
0.0095000,0.5310538
0.0095050,0.5310844
0.0095100,0.5311214
0.0095150,0.5311647
0.0095200,0.5312122
0.0095250,0.5312626
0.0095300,0.5313154
0.0095350,0.5313718
0.0095400,0.5314344
0.0095450,0.5315049
0.0095500,0.5315817
0.0095550,0.5316609
0.0095600,0.5317381
0.0095650,0.5318113
0.0095700,0.5318800
0.0095750,0.5319456
0.0095800,0.5320108
0.0095850,0.5320793
0.0095900,0.5321527
0.0095950,0.5322289
0.0096000,0.5208184
0.0096050,0.5208593
0.0096100,0.5209029
0.0096150,0.5209486
0.0096200,0.5209961
0.0096250,0.5210452
0.0096300,0.5210980
0.0096350,0.5211573
0.0096400,0.5212225
0.0096450,0.5212912
0.0096500,0.5213594
0.0096550,0.5214225
0.0096600,0.5214772
0.0096650,0.5215241
0.0096700,0.5215671
0.0096750,0.5216084
0.0096800,0.5216476
0.0096850,0.5216832
0.0096900,0.5217164
0.0096950,0.5217493
0.0097000,0.5454199
0.0097050,0.5454325
0.0097100,0.5454477
0.0097150,0.5454647
0.0097200,0.5454874
0.0097250,0.5455206
0.0097300,0.5455646
0.0097350,0.5456155
0.0097400,0.5456678
0.0097450,0.5457174
0.0097500,0.5457619
0.0097550,0.5458007
0.0097600,0.5458347
0.0097650,0.5458669
0.0097700,0.5459006
0.0097750,0.5459386
0.0097800,0.5459837
0.0097850,0.5460362
0.0097900,0.5460927
0.0097950,0.5461469
0.0098000,0.5259935
0.0098050,0.5260113
0.0098100,0.5260320
0.0098150,0.5260614
0.0098200,0.5261045
0.0098250,0.5261622
0.0098300,0.5262312
0.0098350,0.5263055
0.0098400,0.5263796
0.0098450,0.5264487
0.0098500,0.5265101
0.0098550,0.5265647
0.0098600,0.5266156
0.0098650,0.5266656
0.0098700,0.5267159
0.0098750,0.5267645
0.0098800,0.5268067
0.0098850,0.5268373
0.0098900,0.5268548
0.0098950,0.5268633
0.0099000,0.5121734
0.0099050,0.5121791
0.0099100,0.5121962
0.0099150,0.5122226
0.0099200,0.5122550
0.0099250,0.5122909
0.0099300,0.5123299
0.0099350,0.5123707
0.0099400,0.5124118
0.0099450,0.5124516
0.0099500,0.5124880
0.0099550,0.5125205
0.0099600,0.5125510
0.0099650,0.5125798
0.0099700,0.5126045
0.0099750,0.5126221
0.0099800,0.5126316
0.0099850,0.5126351
0.0099900,0.5126359
0.0099950,0.5126358
0.0100000,0.5257798
0.0100050,0.5257693
0.0100100,0.5257672
0.0100150,0.5257787
0.0100200,0.5258056
0.0100250,0.5258455
0.0100300,0.5258929
0.0100350,0.5259414
0.0100400,0.5259859
0.0100450,0.5260264
0.0100500,0.5260679
0.0100550,0.5261157
0.0100600,0.5261708
0.0100650,0.5262287
0.0100700,0.5262839
0.0100750,0.5263328
0.0100800,0.5263749
0.0100850,0.5264112
0.0100900,0.5264437
0.0100950,0.5264744
0.0101000,0.5268317
0.0101050,0.5268335
0.0101100,0.5268438
0.0101150,0.5268618
0.0101200,0.5268863
0.0101250,0.5269152
0.0101300,0.5269469
0.0101350,0.5269796
0.0101400,0.5270123
0.0101450,0.5270479
0.0101500,0.5270897
0.0101550,0.5271396
0.0101600,0.5271961
0.0101650,0.5272549
0.0101700,0.5273098
0.0101750,0.5273544
0.0101800,0.5273865
0.0101850,0.5274089
0.0101900,0.5274290
0.0101950,0.5274548
0.0102000,0.5244820
0.0102050,0.5245080
0.0102100,0.5245388
0.0102150,0.5245668
0.0102200,0.5245874
0.0102250,0.5246014
0.0102300,0.5246149
0.0102350,0.5246348
0.0102400,0.5246649
0.0102450,0.5247062
0.0102500,0.5247563
0.0102550,0.5248097
0.0102600,0.5248581
0.0102650,0.5248953
0.0102700,0.5249217
0.0102750,0.5249424
0.0102800,0.5249636
0.0102850,0.5249881
0.0102900,0.5250154
0.0102950,0.5250427
0.0103000,0.5039594
0.0103050,0.5039590
0.0103100,0.5039620
0.0103150,0.5039640
0.0103200,0.5039660
0.0103250,0.5039728
0.0103300,0.5039883
0.0103350,0.5040128
0.0103400,0.5040458
0.0103450,0.5040871
0.0103500,0.5041353
0.0103550,0.5041877
0.0103600,0.5042380
0.0103650,0.5042816
0.0103700,0.5043197
0.0103750,0.5043568
0.0103800,0.5043998
0.0103850,0.5044527
0.0103900,0.5045126
0.0103950,0.5045728
0.0104000,0.5004816
0.0104050,0.5005296
0.0104100,0.5005881
0.0104150,0.5006532
0.0104200,0.5007197
0.0104250,0.5007820
0.0104300,0.5008376
0.0104350,0.5008876
0.0104400,0.5009377
0.0104450,0.5009945
0.0104500,0.5010589
0.0104550,0.5011252
0.0104600,0.5011832
0.0104650,0.5012259
0.0104700,0.5012505
0.0104750,0.5012591
0.0104800,0.5012587
0.0104850,0.5012558
0.0104900,0.5012545
0.0104950,0.5012571
0.0105000,0.5209134
0.0105050,0.5209062
0.0105100,0.5209048
0.0105150,0.5209086
0.0105200,0.5209166
0.0105250,0.5209276
0.0105300,0.5209418
0.0105350,0.5209585
0.0105400,0.5209787
0.0105450,0.5210041
0.0105500,0.5210344
0.0105550,0.5210685
0.0105600,0.5211031
0.0105650,0.5211364
0.0105700,0.5211682
0.0105750,0.5211995
0.0105800,0.5212326
0.0105850,0.5212696
0.0105900,0.5213126
0.0105950,0.5213622
0.0106000,0.5317603
0.0106050,0.5318023
0.0106100,0.5318508
0.0106150,0.5319051
0.0106200,0.5319657
0.0106250,0.5320314
0.0106300,0.5320999
0.0106350,0.5321681
0.0106400,0.5322358
0.0106450,0.5323037
0.0106500,0.5323705
0.0106550,0.5324335
0.0106600,0.5324892
0.0106650,0.5325368
0.0106700,0.5325799
0.0106750,0.5326240
0.0106800,0.5326730
0.0106850,0.5327277
0.0106900,0.5327886
0.0106950,0.5328532
0.0107000,0.5241366
0.0107050,0.5241725
0.0107100,0.5242141
0.0107150,0.5242621
0.0107200,0.5243167
0.0107250,0.5243762
0.0107300,0.5244390
0.0107350,0.5245042
0.0107400,0.5245724
0.0107450,0.5246421
0.0107500,0.5247107
0.0107550,0.5247750
0.0107600,0.5248325
0.0107650,0.5248835
0.0107700,0.5249300
0.0107750,0.5249760
0.0107800,0.5250250
0.0107850,0.5250773
0.0107900,0.5251302
0.0107950,0.5251790
0.0108000,0.5409383
0.0108050,0.5409660
0.0108100,0.5410004
0.0108150,0.5410471
0.0108200,0.5411064
0.0108250,0.5411735
0.0108300,0.5412410
0.0108350,0.5413030
0.0108400,0.5413571
0.0108450,0.5414031
0.0108500,0.5414422
0.0108550,0.5414776
0.0108600,0.5415124
0.0108650,0.5415492
0.0108700,0.5415872
0.0108750,0.5416238
0.0108800,0.5416541
0.0108850,0.5416742
0.0108900,0.5416852
0.0108950,0.5416908
0.0109000,0.5333357
0.0109050,0.5333100
0.0109100,0.5333020
0.0109150,0.5333102
0.0109200,0.5333310
0.0109250,0.5333621
0.0109300,0.5334016
0.0109350,0.5334474
0.0109400,0.5334989
0.0109450,0.5335565
0.0109500,0.5336210
0.0109550,0.5336908
0.0109600,0.5337629
0.0109650,0.5338344
0.0109700,0.5339027
0.0109750,0.5339660
0.0109800,0.5340206
0.0109850,0.5340629
0.0109900,0.5340951
0.0109950,0.5341228
0.0110000,0.5176276
0.0110050,0.5176589
0.0110100,0.5177006
0.0110150,0.5177469
0.0110200,0.5177918
0.0110250,0.5178312
0.0110300,0.5178648
0.0110350,0.5178966
0.0110400,0.5179323
0.0110450,0.5179754
0.0110500,0.5180255
0.0110550,0.5180800
0.0110600,0.5181361
0.0110650,0.5181911
0.0110700,0.5182411
0.0110750,0.5182826
0.0110800,0.5183143
0.0110850,0.5183409
0.0110900,0.5183699
0.0110950,0.5184056
0.0111000,0.5346611
0.0111050,0.5346773
0.0111100,0.5347069
0.0111150,0.5347493
0.0111200,0.5348011
0.0111250,0.5348584
0.0111300,0.5349177
0.0111350,0.5349763
0.0111400,0.5350305
0.0111450,0.5350759
0.0111500,0.5351108
0.0111550,0.5351358
0.0111600,0.5351526
0.0111650,0.5351641
0.0111700,0.5351728
0.0111750,0.5351823
0.0111800,0.5351954
0.0111850,0.5352132
0.0111900,0.5352358
0.0111950,0.5352617
0.0112000,0.5354556
0.0112050,0.5354553
0.0112100,0.5354650
0.0112150,0.5354885
0.0112200,0.5355268
0.0112250,0.5355785
0.0112300,0.5356382
0.0112350,0.5356992
0.0112400,0.5357572
0.0112450,0.5358127
0.0112500,0.5358688
0.0112550,0.5359277
0.0112600,0.5359905
0.0112650,0.5360565
0.0112700,0.5361228
0.0112750,0.5361861
0.0112800,0.5362443
0.0112850,0.5362975
0.0112900,0.5363473
0.0112950,0.5363951
0.0113000,0.5188487
0.0113050,0.5188619
0.0113100,0.5188851
0.0113150,0.5189160
0.0113200,0.5189508
0.0113250,0.5189865
0.0113300,0.5190203
0.0113350,0.5190521
0.0113400,0.5190847
0.0113450,0.5191199
0.0113500,0.5191577
0.0113550,0.5191971
0.0113600,0.5192373
0.0113650,0.5192780
0.0113700,0.5193171
0.0113750,0.5193528
0.0113800,0.5193841
0.0113850,0.5194136
0.0113900,0.5194447
0.0113950,0.5194785
0.0114000,0.5332464
0.0114050,0.5332763
0.0114100,0.5333154
0.0114150,0.5333610
0.0114200,0.5334086
0.0114250,0.5334552
0.0114300,0.5335001
0.0114350,0.5335438
0.0114400,0.5335853
0.0114450,0.5336226
0.0114500,0.5336556
0.0114550,0.5336842
0.0114600,0.5337087
0.0114650,0.5337282
0.0114700,0.5337393
0.0114750,0.5337381
0.0114800,0.5337257
0.0114850,0.5337076
0.0114900,0.5336888
0.0114950,0.5336729
0.0115000,0.5256468
0.0115050,0.5256473
0.0115100,0.5256597
0.0115150,0.5256781
0.0115200,0.5256971
0.0115250,0.5257154
0.0115300,0.5257350
0.0115350,0.5257590
0.0115400,0.5257899
0.0115450,0.5258286
0.0115500,0.5258742
0.0115550,0.5259224
0.0115600,0.5259687
0.0115650,0.5260103
0.0115700,0.5260432
0.0115750,0.5260645
0.0115800,0.5260763
0.0115850,0.5260856
0.0115900,0.5260967
0.0115950,0.5261113
0.0116000,0.5338372
0.0116050,0.5338257
0.0116100,0.5338220
0.0116150,0.5338225
0.0116200,0.5338262
0.0116250,0.5338345
0.0116300,0.5338494
0.0116350,0.5338728
0.0116400,0.5339063
0.0116450,0.5339502
0.0116500,0.5340009
0.0116550,0.5340510
0.0116600,0.5340939
0.0116650,0.5341264
0.0116700,0.5341484
0.0116750,0.5341626
0.0116800,0.5341739
0.0116850,0.5341895
0.0116900,0.5342146
0.0116950,0.5342487
0.0117000,0.5571432
0.0117050,0.5571431
0.0117100,0.5571442
0.0117150,0.5571454
0.0117200,0.5571494
0.0117250,0.5571610
0.0117300,0.5571834
0.0117350,0.5572169
0.0117400,0.5572582
0.0117450,0.5573024
0.0117500,0.5573437
0.0117550,0.5573782
0.0117600,0.5574048
0.0117650,0.5574258
0.0117700,0.5574450
0.0117750,0.5574651
0.0117800,0.5574874
0.0117850,0.5575130
0.0117900,0.5575414
0.0117950,0.5575702
0.0118000,0.5517182
0.0118050,0.5517436
0.0118100,0.5517733
0.0118150,0.5518087
0.0118200,0.5518525
0.0118250,0.5519049
0.0118300,0.5519613
0.0118350,0.5520146
0.0118400,0.5520578
0.0118450,0.5520881
0.0118500,0.5521082
0.0118550,0.5521236
0.0118600,0.5521397
0.0118650,0.5521588
0.0118700,0.5521794
0.0118750,0.5521985
0.0118800,0.5522144
0.0118850,0.5522270
0.0118900,0.5522375
0.0118950,0.5522503
0.0119000,0.5368088
0.0119050,0.5368225
0.0119100,0.5368526
0.0119150,0.5368995
0.0119200,0.5369576
0.0119250,0.5370179
0.0119300,0.5370725
0.0119350,0.5371167
0.0119400,0.5371501
0.0119450,0.5371778
0.0119500,0.5372064
0.0119550,0.5372409
0.0119600,0.5372819
0.0119650,0.5373247
0.0119700,0.5373645
0.0119750,0.5373978
0.0119800,0.5374224
0.0119850,0.5374391
0.0119900,0.5374508
0.0119950,0.5374641
0.0120000,0.5139258
0.0120050,0.5139383
0.0120100,0.5139640
0.0120150,0.5139990
0.0120200,0.5140381
0.0120250,0.5140760
0.0120300,0.5141098
0.0120350,0.5141408
0.0120400,0.5141745
0.0120450,0.5142166
0.0120500,0.5142669
0.0120550,0.5143210
0.0120600,0.5143727
0.0120650,0.5144164
0.0120700,0.5144509
0.0120750,0.5144780
0.0120800,0.5145016
0.0120850,0.5145261
0.0120900,0.5145543
0.0120950,0.5145853
0.0121000,0.5444781
0.0121050,0.5444818
0.0121100,0.5444948
0.0121150,0.5445148
0.0121200,0.5445387
0.0121250,0.5445656
0.0121300,0.5445974
0.0121350,0.5446343
0.0121400,0.5446740
0.0121450,0.5447138
0.0121500,0.5447518
0.0121550,0.5447860
0.0121600,0.5448141
0.0121650,0.5448345
0.0121700,0.5448481
0.0121750,0.5448585
0.0121800,0.5448712
0.0121850,0.5448907
0.0121900,0.5449175
0.0121950,0.5449490
0.0122000,0.5602267
0.0122050,0.5602296
0.0122100,0.5602337
0.0122150,0.5602416
0.0122200,0.5602556
0.0122250,0.5602774
0.0122300,0.5603082
0.0122350,0.5603458
0.0122400,0.5603853
0.0122450,0.5604229
0.0122500,0.5604587
0.0122550,0.5604973
0.0122600,0.5605430
0.0122650,0.5605966
0.0122700,0.5606552
0.0122750,0.5607124
0.0122800,0.5607633
0.0122850,0.5608064
0.0122900,0.5608425
0.0122950,0.5608734
0.0123000,0.5731427
0.0123050,0.5731506
0.0123100,0.5731661
0.0123150,0.5731891
0.0123200,0.5732184
0.0123250,0.5732511
0.0123300,0.5732839
0.0123350,0.5733143
0.0123400,0.5733411
0.0123450,0.5733644
0.0123500,0.5733863
0.0123550,0.5734108
0.0123600,0.5734410
0.0123650,0.5734768
0.0123700,0.5735147
0.0123750,0.5735505
0.0123800,0.5735818
0.0123850,0.5736091
0.0123900,0.5736359
0.0123950,0.5736676
0.0124000,0.5781370
0.0124050,0.5781700
0.0124100,0.5782102
0.0124150,0.5782556
0.0124200,0.5783050
0.0124250,0.5783556
0.0124300,0.5784022
0.0124350,0.5784403
0.0124400,0.5784707
0.0124450,0.5785000
0.0124500,0.5785378
0.0124550,0.5785899
0.0124600,0.5786540
0.0124650,0.5787233
0.0124700,0.5787886
0.0124750,0.5788422
0.0124800,0.5788821
0.0124850,0.5789123
0.0124900,0.5789419
0.0124950,0.5789804
0.0125000,0.5687673
0.0125050,0.5687985
0.0125100,0.5688350
0.0125150,0.5688712
0.0125200,0.5689015
0.0125250,0.5689229
0.0125300,0.5689365
0.0125350,0.5689483
0.0125400,0.5689664
0.0125450,0.5689964
0.0125500,0.5690383
0.0125550,0.5690872
0.0125600,0.5691365
0.0125650,0.5691818
0.0125700,0.5692201
0.0125750,0.5692514
0.0125800,0.5692783
0.0125850,0.5693034
0.0125900,0.5693291
0.0125950,0.5693557
0.0126000,0.5368255
0.0126050,0.5368203
0.0126100,0.5368285
0.0126150,0.5368478
0.0126200,0.5368735
0.0126250,0.5369008
0.0126300,0.5369287
0.0126350,0.5369586
0.0126400,0.5369914
0.0126450,0.5370260
0.0126500,0.5370614
0.0126550,0.5370968
0.0126600,0.5371309
0.0126650,0.5371620
0.0126700,0.5371863
0.0126750,0.5372023
0.0126800,0.5372095
0.0126850,0.5372101
0.0126900,0.5372092
0.0126950,0.5372113
0.0127000,0.5477696
0.0127050,0.5477982
0.0127100,0.5478385
0.0127150,0.5478818
0.0127200,0.5479203
0.0127250,0.5479527
0.0127300,0.5479826
0.0127350,0.5480150
0.0127400,0.5480539
0.0127450,0.5480998
0.0127500,0.5481513
0.0127550,0.5482065
0.0127600,0.5482649
0.0127650,0.5483266
0.0127700,0.5483899
0.0127750,0.5484533
0.0127800,0.5485161
0.0127850,0.5485785
0.0127900,0.5486416
0.0127950,0.5487059
0.0128000,0.5409442
0.0128050,0.5409750
0.0128100,0.5410063
0.0128150,0.5410403
0.0128200,0.5410795
0.0128250,0.5411238
0.0128300,0.5411717
0.0128350,0.5412219
0.0128400,0.5412725
0.0128450,0.5413213
0.0128500,0.5413681
0.0128550,0.5414122
0.0128600,0.5414533
0.0128650,0.5414919
0.0128700,0.5415278
0.0128750,0.5415606
0.0128800,0.5415904
0.0128850,0.5416157
0.0128900,0.5416351
0.0128950,0.5416492
0.0129000,0.5272336
0.0129050,0.5272509
0.0129100,0.5272797
0.0129150,0.5273180
0.0129200,0.5273592
0.0129250,0.5273973
0.0129300,0.5274298
0.0129350,0.5274572
0.0129400,0.5274816
0.0129450,0.5275051
0.0129500,0.5275292
0.0129550,0.5275545
0.0129600,0.5275793
0.0129650,0.5276004
0.0129700,0.5276149
0.0129750,0.5276213
0.0129800,0.5276197
0.0129850,0.5276121
0.0129900,0.5276024
0.0129950,0.5275970
0.0130000,0.5519230
0.0130050,0.5519175
0.0130100,0.5519255
0.0130150,0.5519437
0.0130200,0.5519679
0.0130250,0.5519940
0.0130300,0.5520202
0.0130350,0.5520481
0.0130400,0.5520816
0.0130450,0.5521251
0.0130500,0.5521808
0.0130550,0.5522450
0.0130600,0.5523087
0.0130650,0.5523636
0.0130700,0.5524081
0.0130750,0.5524456
0.0130800,0.5524807
0.0130850,0.5525164
0.0130900,0.5525541
0.0130950,0.5525928
0.0131000,0.5493980
0.0131050,0.5493958
0.0131100,0.5493993
0.0131150,0.5494049
0.0131200,0.5494119
0.0131250,0.5494207
0.0131300,0.5494311
0.0131350,0.5494448
0.0131400,0.5494655
0.0131450,0.5494966
0.0131500,0.5495369
0.0131550,0.5495791
0.0131600,0.5496127
0.0131650,0.5496318
0.0131700,0.5496390
0.0131750,0.5496412
0.0131800,0.5496463
0.0131850,0.5496598
0.0131900,0.5496833
0.0131950,0.5497135
0.0132000,0.5616872
0.0132050,0.5616961
0.0132100,0.5617137
0.0132150,0.5617392
0.0132200,0.5617698
0.0132250,0.5618029
0.0132300,0.5618392
0.0132350,0.5618806
0.0132400,0.5619269
0.0132450,0.5619754
0.0132500,0.5620232
0.0132550,0.5620682
0.0132600,0.5621118
0.0132650,0.5621573
0.0132700,0.5622079
0.0132750,0.5622635
0.0132800,0.5623197
0.0132850,0.5623714
0.0132900,0.5624161
0.0132950,0.5624563
0.0133000,0.5595663
0.0133050,0.5595519
0.0133100,0.5595439
0.0133150,0.5595449
0.0133200,0.5595588
0.0133250,0.5595875
0.0133300,0.5596279
0.0133350,0.5596730
0.0133400,0.5597161
0.0133450,0.5597543
0.0133500,0.5597878
0.0133550,0.5598195
0.0133600,0.5598538
0.0133650,0.5598945
0.0133700,0.5599430
0.0133750,0.5599961
0.0133800,0.5600481
0.0133850,0.5600942
0.0133900,0.5601321
0.0133950,0.5601633
0.0134000,0.5483206
0.0134050,0.5483325
0.0134100,0.5483552
0.0134150,0.5483903
0.0134200,0.5484381
0.0134250,0.5484968
0.0134300,0.5485611
0.0134350,0.5486240
0.0134400,0.5486801
0.0134450,0.5487282
0.0134500,0.5487686
0.0134550,0.5488024
0.0134600,0.5488315
0.0134650,0.5488593
0.0134700,0.5488898
0.0134750,0.5489245
0.0134800,0.5489605
0.0134850,0.5489944
0.0134900,0.5490229
0.0134950,0.5490436
0.0135000,0.5342429
0.0135050,0.5342520
0.0135100,0.5342746
0.0135150,0.5343126
0.0135200,0.5343628
0.0135250,0.5344202
0.0135300,0.5344821
0.0135350,0.5345463
0.0135400,0.5346105
0.0135450,0.5346722
0.0135500,0.5347312
0.0135550,0.5347898
0.0135600,0.5348484
0.0135650,0.5349059
0.0135700,0.5349606
0.0135750,0.5350105
0.0135800,0.5350529
0.0135850,0.5350858
0.0135900,0.5351108
0.0135950,0.5351319
0.0136000,0.5531505
0.0136050,0.5531521
0.0136100,0.5531626
0.0136150,0.5531830
0.0136200,0.5532135
0.0136250,0.5532517
0.0136300,0.5532923
0.0136350,0.5533311
0.0136400,0.5533687
0.0136450,0.5534097
0.0136500,0.5534593
0.0136550,0.5535175
0.0136600,0.5535795
0.0136650,0.5536383
0.0136700,0.5536887
0.0136750,0.5537287
0.0136800,0.5537575
0.0136850,0.5537756
0.0136900,0.5537863
0.0136950,0.5537943
0.0137000,0.5796888
0.0137050,0.5796781
0.0137100,0.5796786
0.0137150,0.5796860
0.0137200,0.5796964
0.0137250,0.5797077
0.0137300,0.5797204
0.0137350,0.5797355
0.0137400,0.5797546
0.0137450,0.5797799
0.0137500,0.5798134
0.0137550,0.5798578
0.0137600,0.5799133
0.0137650,0.5799762
0.0137700,0.5800399
0.0137750,0.5800991
0.0137800,0.5801535
0.0137850,0.5802048
0.0137900,0.5802543
0.0137950,0.5803030
0.0138000,0.5565092
0.0138050,0.5565346
0.0138100,0.5565662
0.0138150,0.5565965
0.0138200,0.5566190
0.0138250,0.5566339
0.0138300,0.5566490
0.0138350,0.5566722
0.0138400,0.5567067
0.0138450,0.5567506
0.0138500,0.5567990
0.0138550,0.5568466
0.0138600,0.5568885
0.0138650,0.5569223
0.0138700,0.5569498
0.0138750,0.5569751
0.0138800,0.5570006
0.0138850,0.5570250
0.0138900,0.5570467
0.0138950,0.5570651
0.0139000,0.5593197
0.0139050,0.5593371
0.0139100,0.5593661
0.0139150,0.5594039
0.0139200,0.5594483
0.0139250,0.5594982
0.0139300,0.5595521
0.0139350,0.5596077
0.0139400,0.5596616
0.0139450,0.5597111
0.0139500,0.5597568
0.0139550,0.5598010
0.0139600,0.5598430
0.0139650,0.5598797
0.0139700,0.5599082
0.0139750,0.5599288
0.0139800,0.5599453
0.0139850,0.5599617
0.0139900,0.5599802
0.0139950,0.5600011
0.0140000,0.5505968
0.0140050,0.5506160
0.0140100,0.5506485
0.0140150,0.5506917
0.0140200,0.5507419
0.0140250,0.5507950
0.0140300,0.5508484
0.0140350,0.5509019
0.0140400,0.5509572
0.0140450,0.5510163
0.0140500,0.5510793
0.0140550,0.5511442
0.0140600,0.5512080
0.0140650,0.5512672
0.0140700,0.5513198
0.0140750,0.5513661
0.0140800,0.5514094
0.0140850,0.5514542
0.0140900,0.5515028
0.0140950,0.5515558
0.0141000,0.5459963
0.0141050,0.5460244
0.0141100,0.5460592
0.0141150,0.5460970
0.0141200,0.5461354
0.0141250,0.5461739
0.0141300,0.5462142
0.0141350,0.5462575
0.0141400,0.5463042
0.0141450,0.5463530
0.0141500,0.5464027
0.0141550,0.5464540
0.0141600,0.5465073
0.0141650,0.5465628
0.0141700,0.5466207
0.0141750,0.5466792
0.0141800,0.5467370
0.0141850,0.5467940
0.0141900,0.5468507
0.0141950,0.5469088
0.0142000,0.5455185
0.0142050,0.5455483
0.0142100,0.5455784
0.0142150,0.5456096
0.0142200,0.5456469
0.0142250,0.5456947
0.0142300,0.5457547
0.0142350,0.5458249
0.0142400,0.5459025
0.0142450,0.5459854
0.0142500,0.5460703
0.0142550,0.5461541
0.0142600,0.5462336
0.0142650,0.5463078
0.0142700,0.5463772
0.0142750,0.5464426
0.0142800,0.5465045
0.0142850,0.5465616
0.0142900,0.5466119
0.0142950,0.5466551
0.0143000,0.5627762
0.0143050,0.5628073
0.0143100,0.5628425
0.0143150,0.5628805
0.0143200,0.5629208
0.0143250,0.5629633
0.0143300,0.5630085
0.0143350,0.5630548
0.0143400,0.5630985
0.0143450,0.5631360
0.0143500,0.5631669
0.0143550,0.5631950
0.0143600,0.5632249
0.0143650,0.5632598
0.0143700,0.5632985
0.0143750,0.5633377
0.0143800,0.5633765
0.0143850,0.5634153
0.0143900,0.5634545
0.0143950,0.5634921
0.0144000,0.5686023
0.0144050,0.5686249
0.0144100,0.5686504
0.0144150,0.5686796
0.0144200,0.5687140
0.0144250,0.5687553
0.0144300,0.5688036
0.0144350,0.5688571
0.0144400,0.5689121
0.0144450,0.5689654
0.0144500,0.5690162
0.0144550,0.5690641
0.0144600,0.5691088
0.0144650,0.5691512
0.0144700,0.5691921
0.0144750,0.5692325
0.0144800,0.5692730
0.0144850,0.5693141
0.0144900,0.5693555
0.0144950,0.5693966
0.0145000,0.5638124
0.0145050,0.5638499
0.0145100,0.5638916
0.0145150,0.5639340
0.0145200,0.5639747
0.0145250,0.5640139
0.0145300,0.5640519
0.0145350,0.5640872
0.0145400,0.5641191
0.0145450,0.5641480
0.0145500,0.5641744
0.0145550,0.5641982
0.0145600,0.5642186
0.0145650,0.5642366
0.0145700,0.5642537
0.0145750,0.5642707
0.0145800,0.5642888
0.0145850,0.5643095
0.0145900,0.5643344
0.0145950,0.5643635
0.0146000,0.5668043
0.0146050,0.5668306
0.0146100,0.5668717
0.0146150,0.5669234
0.0146200,0.5669780
0.0146250,0.5670290
0.0146300,0.5670747
0.0146350,0.5671173
0.0146400,0.5671604
0.0146450,0.5672083
0.0146500,0.5672620
0.0146550,0.5673167
0.0146600,0.5673652
0.0146650,0.5674021
0.0146700,0.5674263
0.0146750,0.5674403
0.0146800,0.5674488
0.0146850,0.5674569
0.0146900,0.5674676
0.0146950,0.5674811
0.0147000,0.5452977
0.0147050,0.5452982
0.0147100,0.5453051
0.0147150,0.5453153
0.0147200,0.5453254
0.0147250,0.5453344
0.0147300,0.5453444
0.0147350,0.5453589
0.0147400,0.5453806
0.0147450,0.5454115
0.0147500,0.5454513
0.0147550,0.5454975
0.0147600,0.5455460
0.0147650,0.5455916
0.0147700,0.5456295
0.0147750,0.5456569
0.0147800,0.5456760
0.0147850,0.5456923
0.0147900,0.5457122
0.0147950,0.5457402
0.0148000,0.5668606
0.0148050,0.5668659
0.0148100,0.5668772
0.0148150,0.5668932
0.0148200,0.5669127
0.0148250,0.5669331
0.0148300,0.5669526
0.0148350,0.5669729
0.0148400,0.5669974
0.0148450,0.5670289
0.0148500,0.5670666
0.0148550,0.5671067
0.0148600,0.5671442
0.0148650,0.5671751
0.0148700,0.5671972
0.0148750,0.5672096
0.0148800,0.5672151
0.0148850,0.5672188
0.0148900,0.5672271
0.0148950,0.5672457
0.0149000,0.5742942
0.0149050,0.5743166
0.0149100,0.5743565
0.0149150,0.5744071
0.0149200,0.5744617
0.0149250,0.5745154
0.0149300,0.5745671
0.0149350,0.5746171
0.0149400,0.5746670
0.0149450,0.5747186
0.0149500,0.5747710
0.0149550,0.5748228
0.0149600,0.5748707
0.0149650,0.5749108
0.0149700,0.5749396
0.0149750,0.5749571
0.0149800,0.5749672
0.0149850,0.5749738
0.0149900,0.5749800
0.0149950,0.5749878
0.0150000,0.5528994
0.0150050,0.5528899
0.0150100,0.5528933
0.0150150,0.5529074
0.0150200,0.5529270
0.0150250,0.5529482
0.0150300,0.5529735
0.0150350,0.5530072
0.0150400,0.5530512
0.0150450,0.5531030
0.0150500,0.5531574
0.0150550,0.5532111
0.0150600,0.5532628
0.0150650,0.5533132
0.0150700,0.5533618
0.0150750,0.5534063
0.0150800,0.5534471
0.0150850,0.5534862
0.0150900,0.5535274
0.0150950,0.5535715
0.0151000,0.5557466
0.0151050,0.5557750
0.0151100,0.5558109
0.0151150,0.5558552
0.0151200,0.5559092
0.0151250,0.5559733
0.0151300,0.5560481
0.0151350,0.5561304
0.0151400,0.5562146
0.0151450,0.5562938
0.0151500,0.5563619
0.0151550,0.5564166
0.0151600,0.5564579
0.0151650,0.5564886
0.0151700,0.5565134
0.0151750,0.5565357
0.0151800,0.5565562
0.0151850,0.5565714
0.0151900,0.5565777
0.0151950,0.5565741
0.0152000,0.5741711
0.0152050,0.5741499
0.0152100,0.5741394
0.0152150,0.5741411
0.0152200,0.5741535
0.0152250,0.5741728
0.0152300,0.5741979
0.0152350,0.5742284
0.0152400,0.5742647
0.0152450,0.5743076
0.0152500,0.5743588
0.0152550,0.5744198
0.0152600,0.5744887
0.0152650,0.5745647
0.0152700,0.5746461
0.0152750,0.5747290
0.0152800,0.5748092
0.0152850,0.5748831
0.0152900,0.5749510
0.0152950,0.5750147
0.0153000,0.5773870
0.0153050,0.5774328
0.0153100,0.5774884
0.0153150,0.5775513
0.0153200,0.5776199
0.0153250,0.5776934
0.0153300,0.5777712
0.0153350,0.5778489
0.0153400,0.5779206
0.0153450,0.5779814
0.0153500,0.5780317
0.0153550,0.5780768
0.0153600,0.5781213
0.0153650,0.5781671
0.0153700,0.5782125
0.0153750,0.5782554
0.0153800,0.5782940
0.0153850,0.5783271
0.0153900,0.5783550
0.0153950,0.5783781
0.0154000,0.5707839
0.0154050,0.5708082
0.0154100,0.5708487
0.0154150,0.5709061
0.0154200,0.5709776
0.0154250,0.5710581
0.0154300,0.5711401
0.0154350,0.5712162
0.0154400,0.5712854
0.0154450,0.5713500
0.0154500,0.5714155
0.0154550,0.5714856
0.0154600,0.5715584
0.0154650,0.5716284
0.0154700,0.5716891
0.0154750,0.5717345
0.0154800,0.5717612
0.0154850,0.5717711
0.0154900,0.5717718
0.0154950,0.5717723
0.0155000,0.5841114
0.0155050,0.5841035
0.0155100,0.5841131
0.0155150,0.5841375
0.0155200,0.5841710
0.0155250,0.5842110
0.0155300,0.5842578
0.0155350,0.5843121
0.0155400,0.5843736
0.0155450,0.5844395
0.0155500,0.5845073
0.0155550,0.5845746
0.0155600,0.5846378
0.0155650,0.5846939
0.0155700,0.5847405
0.0155750,0.5847784
0.0155800,0.5848109
0.0155850,0.5848426
0.0155900,0.5848776
0.0155950,0.5849165
0.0156000,0.5972853
0.0156050,0.5973067
0.0156100,0.5973350
0.0156150,0.5973685
0.0156200,0.5974065
0.0156250,0.5974495
0.0156300,0.5974981
0.0156350,0.5975524
0.0156400,0.5976113
0.0156450,0.5976719
0.0156500,0.5977323
0.0156550,0.5977933
0.0156600,0.5978570
0.0156650,0.5979239
0.0156700,0.5979915
0.0156750,0.5980571
0.0156800,0.5981181
0.0156850,0.5981727
0.0156900,0.5982206
0.0156950,0.5982626
0.0157000,0.5508721
0.0157050,0.5508946
0.0157100,0.5509276
0.0157150,0.5509672
0.0157200,0.5510090
0.0157250,0.5510502
0.0157300,0.5510905
0.0157350,0.5511316
0.0157400,0.5511751
0.0157450,0.5512214
0.0157500,0.5512698
0.0157550,0.5513173
0.0157600,0.5513611
0.0157650,0.5513991
0.0157700,0.5514312
0.0157750,0.5514594
0.0157800,0.5514867
0.0157850,0.5515159
0.0157900,0.5515487
0.0157950,0.5515847
0.0158000,0.5717246
0.0158050,0.5717377
0.0158100,0.5717588
0.0158150,0.5717866
0.0158200,0.5718204
0.0158250,0.5718592
0.0158300,0.5719008
0.0158350,0.5719440
0.0158400,0.5719882
0.0158450,0.5720316
0.0158500,0.5720730
0.0158550,0.5721125
0.0158600,0.5721514
0.0158650,0.5721905
0.0158700,0.5722297
0.0158750,0.5722684
0.0158800,0.5723048
0.0158850,0.5723372
0.0158900,0.5723662
0.0158950,0.5723952
0.0159000,0.5693567
0.0159050,0.5693830
0.0159100,0.5694141
0.0159150,0.5694446
0.0159200,0.5694713
0.0159250,0.5694929
0.0159300,0.5695111
0.0159350,0.5695293
0.0159400,0.5695499
0.0159450,0.5695732
0.0159500,0.5695977
0.0159550,0.5696208
0.0159600,0.5696419
0.0159650,0.5696625
0.0159700,0.5696860
0.0159750,0.5697148
0.0159800,0.5697494
0.0159850,0.5697861
0.0159900,0.5698216
0.0159950,0.5698564
0.0160000,0.5670130
0.0160050,0.5670166
0.0160100,0.5670365
0.0160150,0.5670703
0.0160200,0.5671138
0.0160250,0.5671627
0.0160300,0.5672147
0.0160350,0.5672690
0.0160400,0.5673246
0.0160450,0.5673797
0.0160500,0.5674327
0.0160550,0.5674844
0.0160600,0.5675363
0.0160650,0.5675878
0.0160700,0.5676362
0.0160750,0.5676774
0.0160800,0.5677078
0.0160850,0.5677278
0.0160900,0.5677411
0.0160950,0.5677531
0.0161000,0.5750297
0.0161050,0.5750175
0.0161100,0.5750198
0.0161150,0.5750352
0.0161200,0.5750630
0.0161250,0.5751015
0.0161300,0.5751478
0.0161350,0.5751966
0.0161400,0.5752438
0.0161450,0.5752886
0.0161500,0.5753317
0.0161550,0.5753721
0.0161600,0.5754053
0.0161650,0.5754253
0.0161700,0.5754288
0.0161750,0.5754183
0.0161800,0.5753991
0.0161850,0.5753758
0.0161900,0.5753522
0.0161950,0.5753315
0.0162000,0.5729422
0.0162050,0.5729472
0.0162100,0.5729589
0.0162150,0.5729740
0.0162200,0.5729898
0.0162250,0.5730055
0.0162300,0.5730211
0.0162350,0.5730380
0.0162400,0.5730591
0.0162450,0.5730863
0.0162500,0.5731200
0.0162550,0.5731583
0.0162600,0.5731962
0.0162650,0.5732280
0.0162700,0.5732508
0.0162750,0.5732662
0.0162800,0.5732778
0.0162850,0.5732884
0.0162900,0.5733014
0.0162950,0.5733188
0.0163000,0.5938738
0.0163050,0.5939011
0.0163100,0.5939328
0.0163150,0.5939660
0.0163200,0.5940001
0.0163250,0.5940360
0.0163300,0.5940760
0.0163350,0.5941204
0.0163400,0.5941684
0.0163450,0.5942176
0.0163500,0.5942649
0.0163550,0.5943082
0.0163600,0.5943460
0.0163650,0.5943787
0.0163700,0.5944077
0.0163750,0.5944343
0.0163800,0.5944595
0.0163850,0.5944846
0.0163900,0.5945115
0.0163950,0.5945413
0.0164000,0.5631551
0.0164050,0.5631822
0.0164100,0.5632134
0.0164150,0.5632459
0.0164200,0.5632798
0.0164250,0.5633170
0.0164300,0.5633583
0.0164350,0.5634029
0.0164400,0.5634498
0.0164450,0.5634980
0.0164500,0.5635476
0.0164550,0.5635966
0.0164600,0.5636396
0.0164650,0.5636702
0.0164700,0.5636858
0.0164750,0.5636886
0.0164800,0.5636841
0.0164850,0.5636781
0.0164900,0.5636736
0.0164950,0.5636710
0.0165000,0.6054736
0.0165050,0.6054481
0.0165100,0.6054300
0.0165150,0.6054221
0.0165200,0.6054250
0.0165250,0.6054369
0.0165300,0.6054537
0.0165350,0.6054718
0.0165400,0.6054892
0.0165450,0.6055049
0.0165500,0.6055208
0.0165550,0.6055400
0.0165600,0.6055652
0.0165650,0.6055967
0.0165700,0.6056322
0.0165750,0.6056681
0.0165800,0.6057000
0.0165850,0.6057249
0.0165900,0.6057424
0.0165950,0.6057550
0.0166000,0.5858280
0.0166050,0.5858314
0.0166100,0.5858410
0.0166150,0.5858569
0.0166200,0.5858786
0.0166250,0.5859059
0.0166300,0.5859386
0.0166350,0.5859759
0.0166400,0.5860151
0.0166450,0.5860539
0.0166500,0.5860915
0.0166550,0.5861288
0.0166600,0.5861692
0.0166650,0.5862142
0.0166700,0.5862613
0.0166750,0.5863053
0.0166800,0.5863405
0.0166850,0.5863649
0.0166900,0.5863811
0.0166950,0.5863940
0.0167000,0.5730638
0.0167050,0.5730627
0.0167100,0.5730725
0.0167150,0.5730907
0.0167200,0.5731124
0.0167250,0.5731324
0.0167300,0.5731471
0.0167350,0.5731564
0.0167400,0.5731642
0.0167450,0.5731772
0.0167500,0.5731994
0.0167550,0.5732296
0.0167600,0.5732635
0.0167650,0.5732958
0.0167700,0.5733226
0.0167750,0.5733423
0.0167800,0.5733560
0.0167850,0.5733663
0.0167900,0.5733748
0.0167950,0.5733820
0.0168000,0.5928304
0.0168050,0.5928287
0.0168100,0.5928366
0.0168150,0.5928528
0.0168200,0.5928751
0.0168250,0.5929013
0.0168300,0.5929307
0.0168350,0.5929661
0.0168400,0.5930116
0.0168450,0.5930691
0.0168500,0.5931340
0.0168550,0.5931982
0.0168600,0.5932537
0.0168650,0.5932956
0.0168700,0.5933233
0.0168750,0.5933399
0.0168800,0.5933500
0.0168850,0.5933578
0.0168900,0.5933640
0.0168950,0.5933669
0.0169000,0.5982453
0.0169050,0.5982323
0.0169100,0.5982260
0.0169150,0.5982247
0.0169200,0.5982283
0.0169250,0.5982393
0.0169300,0.5982615
0.0169350,0.5982978
0.0169400,0.5983483
0.0169450,0.5984096
0.0169500,0.5984752
0.0169550,0.5985371
0.0169600,0.5985890
0.0169650,0.5986288
0.0169700,0.5986586
0.0169750,0.5986834
0.0169800,0.5987082
0.0169850,0.5987354
0.0169900,0.5987634
0.0169950,0.5987890
0.0170000,0.6080136
0.0170050,0.6080129
0.0170100,0.6080155
0.0170150,0.6080235
0.0170200,0.6080398
0.0170250,0.6080668
0.0170300,0.6081048
0.0170350,0.6081502
0.0170400,0.6081971
0.0170450,0.6082416
0.0170500,0.6082837
0.0170550,0.6083261
0.0170600,0.6083730
0.0170650,0.6084259
0.0170700,0.6084836
0.0170750,0.6085419
0.0170800,0.6085969
0.0170850,0.6086468
0.0170900,0.6086901
0.0170950,0.6087262
0.0171000,0.5676637
0.0171050,0.5676994
0.0171100,0.5677336
0.0171150,0.5677690
0.0171200,0.5678084
0.0171250,0.5678524
0.0171300,0.5678974
0.0171350,0.5679403
0.0171400,0.5679804
0.0171450,0.5680194
0.0171500,0.5680583
0.0171550,0.5680970
0.0171600,0.5681355
0.0171650,0.5681733
0.0171700,0.5682093
0.0171750,0.5682425
0.0171800,0.5682724
0.0171850,0.5682984
0.0171900,0.5683181
0.0171950,0.5683310
0.0172000,0.5599653
0.0172050,0.5599687
0.0172100,0.5599766
0.0172150,0.5599882
0.0172200,0.5600042
0.0172250,0.5600244
0.0172300,0.5600477
0.0172350,0.5600722
0.0172400,0.5600957
0.0172450,0.5601161
0.0172500,0.5601323
0.0172550,0.5601451
0.0172600,0.5601562
0.0172650,0.5601665
0.0172700,0.5601782
0.0172750,0.5601929
0.0172800,0.5602110
0.0172850,0.5602313
0.0172900,0.5602513
0.0172950,0.5602693
0.0173000,0.5752045
0.0173050,0.5752218
0.0173100,0.5752440
0.0173150,0.5752716
0.0173200,0.5753064
0.0173250,0.5753469
0.0173300,0.5753884
0.0173350,0.5754246
0.0173400,0.5754504
0.0173450,0.5754659
0.0173500,0.5754751
0.0173550,0.5754834
0.0173600,0.5754939
0.0173650,0.5755047
0.0173700,0.5755116
0.0173750,0.5755115
0.0173800,0.5755072
0.0173850,0.5755064
0.0173900,0.5755164
0.0173950,0.5755410
0.0174000,0.6021430
0.0174050,0.6021694
0.0174100,0.6022103
0.0174150,0.6022634
0.0174200,0.6023270
0.0174250,0.6023979
0.0174300,0.6024736
0.0174350,0.6025533
0.0174400,0.6026351
0.0174450,0.6027158
0.0174500,0.6027908
0.0174550,0.6028559
0.0174600,0.6029097
0.0174650,0.6029529
0.0174700,0.6029861
0.0174750,0.6030105
0.0174800,0.6030294
0.0174850,0.6030465
0.0174900,0.6030644
0.0174950,0.6030845
0.0175000,0.5755162
0.0175050,0.5755067
0.0175100,0.5755015
0.0175150,0.5755000
0.0175200,0.5755048
0.0175250,0.5755199
0.0175300,0.5755483
0.0175350,0.5755886
0.0175400,0.5756358
0.0175450,0.5756855
0.0175500,0.5757332
0.0175550,0.5757769
0.0175600,0.5758153
0.0175650,0.5758469
0.0175700,0.5758714
0.0175750,0.5758895
0.0175800,0.5759036
0.0175850,0.5759138
0.0175900,0.5759172
0.0175950,0.5759130
0.0176000,0.5708764
0.0176050,0.5708527
0.0176100,0.5708381
0.0176150,0.5708334
0.0176200,0.5708398
0.0176250,0.5708567
0.0176300,0.5708824
0.0176350,0.5709142
0.0176400,0.5709490
0.0176450,0.5709838
0.0176500,0.5710165
0.0176550,0.5710465
0.0176600,0.5710728
0.0176650,0.5710943
0.0176700,0.5711138
0.0176750,0.5711346
0.0176800,0.5711610
0.0176850,0.5711937
0.0176900,0.5712299
0.0176950,0.5712659
0.0177000,0.5731682
0.0177050,0.5731932
0.0177100,0.5732294
0.0177150,0.5732778
0.0177200,0.5733381
0.0177250,0.5734076
0.0177300,0.5734840
0.0177350,0.5735646
0.0177400,0.5736454
0.0177450,0.5737230
0.0177500,0.5737927
0.0177550,0.5738513
0.0177600,0.5738986
0.0177650,0.5739363
0.0177700,0.5739687
0.0177750,0.5740001
0.0177800,0.5740319
0.0177850,0.5740617
0.0177900,0.5740884
0.0177950,0.5741136
0.0178000,0.5575398
0.0178050,0.5575625
0.0178100,0.5575969
0.0178150,0.5576402
0.0178200,0.5576898
0.0178250,0.5577425
0.0178300,0.5577962
0.0178350,0.5578501
0.0178400,0.5579060
0.0178450,0.5579648
0.0178500,0.5580238
0.0178550,0.5580798
0.0178600,0.5581306
0.0178650,0.5581774
0.0178700,0.5582224
0.0178750,0.5582662
0.0178800,0.5583069
0.0178850,0.5583412
0.0178900,0.5583686
0.0178950,0.5583900
0.0179000,0.5816070
0.0179050,0.5816147
0.0179100,0.5816357
0.0179150,0.5816662
0.0179200,0.5817022
0.0179250,0.5817405
0.0179300,0.5817797
0.0179350,0.5818209
0.0179400,0.5818663
0.0179450,0.5819157
0.0179500,0.5819635
0.0179550,0.5820018
0.0179600,0.5820261
0.0179650,0.5820395
0.0179700,0.5820506
0.0179750,0.5820660
0.0179800,0.5820881
0.0179850,0.5821163
0.0179900,0.5821494
0.0179950,0.5821861
0.0180000,0.5671399
0.0180050,0.5671585
0.0180100,0.5671870
0.0180150,0.5672242
0.0180200,0.5672699
0.0180250,0.5673240
0.0180300,0.5673859
0.0180350,0.5674539
0.0180400,0.5675260
0.0180450,0.5675993
0.0180500,0.5676704
0.0180550,0.5677387
0.0180600,0.5678042
0.0180650,0.5678673
0.0180700,0.5679275
0.0180750,0.5679832
0.0180800,0.5680330
0.0180850,0.5680757
0.0180900,0.5681130
0.0180950,0.5681479
0.0181000,0.5724960
0.0181050,0.5725106
0.0181100,0.5725365
0.0181150,0.5725702
0.0181200,0.5726073
0.0181250,0.5726461
0.0181300,0.5726876
0.0181350,0.5727321
0.0181400,0.5727793
0.0181450,0.5728299
0.0181500,0.5728844
0.0181550,0.5729427
0.0181600,0.5730018
0.0181650,0.5730572
0.0181700,0.5731064
0.0181750,0.5731503
0.0181800,0.5731933
0.0181850,0.5732381
0.0181900,0.5732858
0.0181950,0.5733362
0.0182000,0.6091640
0.0182050,0.6092043
0.0182100,0.6092464
0.0182150,0.6092879
0.0182200,0.6093284
0.0182250,0.6093669
0.0182300,0.6094022
0.0182350,0.6094315
0.0182400,0.6094531
0.0182450,0.6094664
0.0182500,0.6094733
0.0182550,0.6094784
0.0182600,0.6094873
0.0182650,0.6095050
0.0182700,0.6095326
0.0182750,0.6095678
0.0182800,0.6096052
0.0182850,0.6096379
0.0182900,0.6096618
0.0182950,0.6096775
0.0183000,0.5846891
0.0183050,0.5846857
0.0183100,0.5846990
0.0183150,0.5847305
0.0183200,0.5847742
0.0183250,0.5848203
0.0183300,0.5848600
0.0183350,0.5848873
0.0183400,0.5849041
0.0183450,0.5849166
0.0183500,0.5849330
0.0183550,0.5849593
0.0183600,0.5849956
0.0183650,0.5850375
0.0183700,0.5850798
0.0183750,0.5851198
0.0183800,0.5851570
0.0183850,0.5851913
0.0183900,0.5852262
0.0183950,0.5852664
0.0184000,0.5872210
0.0184050,0.5872608
0.0184100,0.5873093
0.0184150,0.5873625
0.0184200,0.5874162
0.0184250,0.5874669
0.0184300,0.5875136
0.0184350,0.5875577
0.0184400,0.5876020
0.0184450,0.5876476
0.0184500,0.5876943
0.0184550,0.5877410
0.0184600,0.5877865
0.0184650,0.5878298
0.0184700,0.5878689
0.0184750,0.5879041
0.0184800,0.5879366
0.0184850,0.5879685
0.0184900,0.5880016
0.0184950,0.5880345
0.0185000,0.5559102
0.0185050,0.5559110
0.0185100,0.5559173
0.0185150,0.5559289
0.0185200,0.5559458
0.0185250,0.5559682
0.0185300,0.5559952
0.0185350,0.5560243
0.0185400,0.5560531
0.0185450,0.5560818
0.0185500,0.5561150
0.0185550,0.5561576
0.0185600,0.5562106
0.0185650,0.5562703
0.0185700,0.5563305
0.0185750,0.5563865
0.0185800,0.5564356
0.0185850,0.5564785
0.0185900,0.5565179
0.0185950,0.5565565
0.0186000,0.5769315
0.0186050,0.5769642
0.0186100,0.5770021
0.0186150,0.5770428
0.0186200,0.5770845
0.0186250,0.5771274
0.0186300,0.5771725
0.0186350,0.5772201
0.0186400,0.5772692
0.0186450,0.5773180
0.0186500,0.5773651
0.0186550,0.5774078
0.0186600,0.5774456
0.0186650,0.5774787
0.0186700,0.5775072
0.0186750,0.5775319
0.0186800,0.5775540
0.0186850,0.5775756
0.0186900,0.5775982
0.0186950,0.5776214
0.0187000,0.5812542
0.0187050,0.5812861
0.0187100,0.5813261
0.0187150,0.5813709
0.0187200,0.5814173
0.0187250,0.5814650
0.0187300,0.5815151
0.0187350,0.5815701
0.0187400,0.5816325
0.0187450,0.5817023
0.0187500,0.5817745
0.0187550,0.5818403
0.0187600,0.5818926
0.0187650,0.5819301
0.0187700,0.5819584
0.0187750,0.5819862
0.0187800,0.5820199
0.0187850,0.5820605
0.0187900,0.5821049
0.0187950,0.5821480
0.0188000,0.6010427
0.0188050,0.6010721
0.0188100,0.6011028
0.0188150,0.6011349
0.0188200,0.6011686
0.0188250,0.6012035
0.0188300,0.6012393
0.0188350,0.6012764
0.0188400,0.6013151
0.0188450,0.6013546
0.0188500,0.6013935
0.0188550,0.6014308
0.0188600,0.6014655
0.0188650,0.6014963
0.0188700,0.6015233
0.0188750,0.6015471
0.0188800,0.6015687
0.0188850,0.6015880
0.0188900,0.6016044
0.0188950,0.6016179
0.0189000,0.5860031
0.0189050,0.5860014
0.0189100,0.5860147
0.0189150,0.5860416
0.0189200,0.5860769
0.0189250,0.5861141
0.0189300,0.5861473
0.0189350,0.5861740
0.0189400,0.5861950
0.0189450,0.5862125
0.0189500,0.5862289
0.0189550,0.5862470
0.0189600,0.5862680
0.0189650,0.5862902
0.0189700,0.5863091
0.0189750,0.5863207
0.0189800,0.5863249
0.0189850,0.5863247
0.0189900,0.5863243
0.0189950,0.5863276
0.0190000,0.5859198
0.0190050,0.5859156
0.0190100,0.5859205
0.0190150,0.5859320
0.0190200,0.5859464
0.0190250,0.5859604
0.0190300,0.5859741
0.0190350,0.5859892
0.0190400,0.5860073
0.0190450,0.5860294
0.0190500,0.5860561
0.0190550,0.5860881
0.0190600,0.5861252
0.0190650,0.5861639
0.0190700,0.5861991
0.0190750,0.5862293
0.0190800,0.5862583
0.0190850,0.5862887
0.0190900,0.5863196
0.0190950,0.5863482
0.0191000,0.5939902
0.0191050,0.5939958
0.0191100,0.5940067
0.0191150,0.5940264
0.0191200,0.5940573
0.0191250,0.5940964
0.0191300,0.5941378
0.0191350,0.5941760
0.0191400,0.5942105
0.0191450,0.5942440
0.0191500,0.5942789
0.0191550,0.5943171
0.0191600,0.5943597
0.0191650,0.5944050
0.0191700,0.5944484
0.0191750,0.5944855
0.0191800,0.5945166
0.0191850,0.5945461
0.0191900,0.5945792
0.0191950,0.5946188
0.0192000,0.5880790
0.0192050,0.5881153
0.0192100,0.5881516
0.0192150,0.5881878
0.0192200,0.5882249
0.0192250,0.5882637
0.0192300,0.5883034
0.0192350,0.5883413
0.0192400,0.5883760
0.0192450,0.5884079
0.0192500,0.5884378
0.0192550,0.5884663
0.0192600,0.5884933
0.0192650,0.5885204
0.0192700,0.5885490
0.0192750,0.5885806
0.0192800,0.5886166
0.0192850,0.5886569
0.0192900,0.5886992
0.0192950,0.5887411
0.0193000,0.5801226
0.0193050,0.5801499
0.0193100,0.5801861
0.0193150,0.5802346
0.0193200,0.5802959
0.0193250,0.5803671
0.0193300,0.5804423
0.0193350,0.5805164
0.0193400,0.5805873
0.0193450,0.5806558
0.0193500,0.5807246
0.0193550,0.5807963
0.0193600,0.5808711
0.0193650,0.5809468
0.0193700,0.5810192
0.0193750,0.5810849
0.0193800,0.5811414
0.0193850,0.5811878
0.0193900,0.5812256
0.0193950,0.5812578
0.0194000,0.5898162
0.0194050,0.5898168
0.0194100,0.5898331
0.0194150,0.5898638
0.0194200,0.5899046
0.0194250,0.5899510
0.0194300,0.5899989
0.0194350,0.5900457
0.0194400,0.5900920
0.0194450,0.5901409
0.0194500,0.5901961
0.0194550,0.5902588
0.0194600,0.5903265
0.0194650,0.5903951
0.0194700,0.5904623
0.0194750,0.5905282
0.0194800,0.5905928
0.0194850,0.5906562
0.0194900,0.5907189
0.0194950,0.5907825
0.0195000,0.5845540
0.0195050,0.5845928
0.0195100,0.5846337
0.0195150,0.5846736
0.0195200,0.5847098
0.0195250,0.5847429
0.0195300,0.5847765
0.0195350,0.5848140
0.0195400,0.5848556
0.0195450,0.5848985
0.0195500,0.5849403
0.0195550,0.5849795
0.0195600,0.5850170
0.0195650,0.5850547
0.0195700,0.5850924
0.0195750,0.5851297
0.0195800,0.5851673
0.0195850,0.5852076
0.0195900,0.5852518
0.0195950,0.5852963
0.0196000,0.5751949
0.0196050,0.5752031
0.0196100,0.5752138
0.0196150,0.5752321
0.0196200,0.5752631
0.0196250,0.5753098
0.0196300,0.5753702
0.0196350,0.5754387
0.0196400,0.5755094
0.0196450,0.5755794
0.0196500,0.5756492
0.0196550,0.5757197
0.0196600,0.5757912
0.0196650,0.5758626
0.0196700,0.5759323
0.0196750,0.5759979
0.0196800,0.5760574
0.0196850,0.5761094
0.0196900,0.5761530
0.0196950,0.5761886
0.0197000,0.5553185
0.0197050,0.5553231
0.0197100,0.5553368
0.0197150,0.5553582
0.0197200,0.5553856
0.0197250,0.5554170
0.0197300,0.5554509
0.0197350,0.5554868
0.0197400,0.5555250
0.0197450,0.5555653
0.0197500,0.5556059
0.0197550,0.5556447
0.0197600,0.5556805
0.0197650,0.5557133
0.0197700,0.5557441
0.0197750,0.5557754
0.0197800,0.5558098
0.0197850,0.5558487
0.0197900,0.5558897
0.0197950,0.5559307
0.0198000,0.5889739
0.0198050,0.5889867
0.0198100,0.5890141
0.0198150,0.5890535
0.0198200,0.5890999
0.0198250,0.5891488
0.0198300,0.5891998
0.0198350,0.5892564
0.0198400,0.5893221
0.0198450,0.5893968
0.0198500,0.5894763
0.0198550,0.5895538
0.0198600,0.5896228
0.0198650,0.5896812
0.0198700,0.5897305
0.0198750,0.5897721
0.0198800,0.5898087
0.0198850,0.5898433
0.0198900,0.5898776
0.0198950,0.5899129
0.0199000,0.5951356
0.0199050,0.5951688
0.0199100,0.5952150
0.0199150,0.5952689
0.0199200,0.5953248
0.0199250,0.5953805
0.0199300,0.5954383
0.0199350,0.5955030
0.0199400,0.5955779
0.0199450,0.5956611
0.0199500,0.5957469
0.0199550,0.5958296
0.0199600,0.5959069
0.0199650,0.5959789
0.0199700,0.5960454
0.0199750,0.5961056
0.0199800,0.5961592
0.0199850,0.5962073
0.0199900,0.5962516
0.0199950,0.5962942
0.0200000,0.5720913
0.0200050,0.5720968
0.0200100,0.5721089
0.0200150,0.5721268
0.0200200,0.5721503
0.0200250,0.5721784
0.0200300,0.5722082
0.0200350,0.5722369
0.0200400,0.5722628
0.0200450,0.5722849
0.0200500,0.5723024
0.0200550,0.5723154
0.0200600,0.5723253
0.0200650,0.5723327
0.0200700,0.5723369
0.0200750,0.5723376
0.0200800,0.5723358
0.0200850,0.5723319
0.0200900,0.5723246
0.0200950,0.5723133
0.0201000,0.5971565
0.0201050,0.5971351
0.0201100,0.5971264
0.0201150,0.5971307
0.0201200,0.5971453
0.0201250,0.5971647
0.0201300,0.5971828
0.0201350,0.5971977
0.0201400,0.5972119
0.0201450,0.5972307
0.0201500,0.5972565
0.0201550,0.5972877
0.0201600,0.5973209
0.0201650,0.5973535
0.0201700,0.5973845
0.0201750,0.5974126
0.0201800,0.5974365
0.0201850,0.5974573
0.0201900,0.5974783
0.0201950,0.5975039
0.0202000,0.5797959
0.0202050,0.5798105
0.0202100,0.5798299
0.0202150,0.5798492
0.0202200,0.5798664
0.0202250,0.5798821
0.0202300,0.5798957
0.0202350,0.5799072
0.0202400,0.5799191
0.0202450,0.5799360
0.0202500,0.5799616
0.0202550,0.5799948
0.0202600,0.5800315
0.0202650,0.5800662
0.0202700,0.5800950
0.0202750,0.5801177
0.0202800,0.5801377
0.0202850,0.5801594
0.0202900,0.5801845
0.0202950,0.5802111
0.0203000,0.5901951
0.0203050,0.5901945
0.0203100,0.5901932
0.0203150,0.5901931
0.0203200,0.5901953
0.0203250,0.5902004
0.0203300,0.5902088
0.0203350,0.5902211
0.0203400,0.5902361
0.0203450,0.5902521
0.0203500,0.5902673
0.0203550,0.5902823
0.0203600,0.5902998
0.0203650,0.5903230
0.0203700,0.5903528
0.0203750,0.5903867
0.0203800,0.5904213
0.0203850,0.5904547
0.0203900,0.5904879
0.0203950,0.5905231
0.0204000,0.5801306
0.0204050,0.5801686
0.0204100,0.5802192
0.0204150,0.5802806
0.0204200,0.5803497
0.0204250,0.5804218
0.0204300,0.5804916
0.0204350,0.5805561
0.0204400,0.5806130
0.0204450,0.5806626
0.0204500,0.5807061
0.0204550,0.5807446
0.0204600,0.5807792
0.0204650,0.5808107
0.0204700,0.5808394
0.0204750,0.5808649
0.0204800,0.5808874
0.0204850,0.5809071
0.0204900,0.5809247
0.0204950,0.5809442
0.0205000,0.5811312
0.0205050,0.5811528
0.0205100,0.5811807
0.0205150,0.5812085
0.0205200,0.5812319
0.0205250,0.5812508
0.0205300,0.5812701
0.0205350,0.5812948
0.0205400,0.5813251
0.0205450,0.5813591
0.0205500,0.5813939
0.0205550,0.5814281
0.0205600,0.5814618
0.0205650,0.5814957
0.0205700,0.5815314
0.0205750,0.5815690
0.0205800,0.5816088
0.0205850,0.5816516
0.0205900,0.5816958
0.0205950,0.5817381
0.0206000,0.5661376
0.0206050,0.5661494
0.0206100,0.5661624
0.0206150,0.5661768
0.0206200,0.5661925
0.0206250,0.5662082
0.0206300,0.5662237
0.0206350,0.5662396
0.0206400,0.5662554
0.0206450,0.5662689
0.0206500,0.5662776
0.0206550,0.5662821
0.0206600,0.5662838
0.0206650,0.5662832
0.0206700,0.5662811
0.0206750,0.5662790
0.0206800,0.5662789
0.0206850,0.5662814
0.0206900,0.5662869
0.0206950,0.5662965
0.0207000,0.5809465
0.0207050,0.5809444
0.0207100,0.5809539
0.0207150,0.5809690
0.0207200,0.5809864
0.0207250,0.5810056
0.0207300,0.5810274
0.0207350,0.5810521
0.0207400,0.5810787
0.0207450,0.5811057
0.0207500,0.5811302
0.0207550,0.5811494
0.0207600,0.5811595
0.0207650,0.5811582
0.0207700,0.5811470
0.0207750,0.5811304
0.0207800,0.5811135
0.0207850,0.5811003
0.0207900,0.5810923
0.0207950,0.5810891
0.0208000,0.5877474
0.0208050,0.5877304
0.0208100,0.5877185
0.0208150,0.5877128
0.0208200,0.5877169
0.0208250,0.5877355
0.0208300,0.5877724
0.0208350,0.5878278
0.0208400,0.5878963
0.0208450,0.5879700
0.0208500,0.5880413
0.0208550,0.5881066
0.0208600,0.5881663
0.0208650,0.5882224
0.0208700,0.5882754
0.0208750,0.5883238
0.0208800,0.5883670
0.0208850,0.5884050
0.0208900,0.5884383
0.0208950,0.5884670
0.0209000,0.5954399
0.0209050,0.5954405
0.0209100,0.5954447
0.0209150,0.5954561
0.0209200,0.5954779
0.0209250,0.5955100
0.0209300,0.5955502
0.0209350,0.5955937
0.0209400,0.5956364
0.0209450,0.5956774
0.0209500,0.5957172
0.0209550,0.5957566
0.0209600,0.5957963
0.0209650,0.5958368
0.0209700,0.5958780
0.0209750,0.5959195
0.0209800,0.5959595
0.0209850,0.5959947
0.0209900,0.5960251
0.0209950,0.5960540
0.0210000,0.5690396
0.0210050,0.5690294
0.0210100,0.5690357
0.0210150,0.5690593
0.0210200,0.5690993
0.0210250,0.5691518
0.0210300,0.5692116
0.0210350,0.5692704
0.0210400,0.5693222
0.0210450,0.5693674
0.0210500,0.5694116
0.0210550,0.5694615
0.0210600,0.5695198
0.0210650,0.5695862
0.0210700,0.5696565
0.0210750,0.5697245
0.0210800,0.5697859
0.0210850,0.5698389
0.0210900,0.5698851
0.0210950,0.5699267
0.0211000,0.5709239
0.0211050,0.5709254
0.0211100,0.5709370
0.0211150,0.5709578
0.0211200,0.5709857
0.0211250,0.5710197
0.0211300,0.5710579
0.0211350,0.5710964
0.0211400,0.5711321
0.0211450,0.5711624
0.0211500,0.5711862
0.0211550,0.5712054
0.0211600,0.5712226
0.0211650,0.5712419
0.0211700,0.5712654
0.0211750,0.5712928
0.0211800,0.5713224
0.0211850,0.5713529
0.0211900,0.5713854
0.0211950,0.5714206
0.0212000,0.5726947
0.0212050,0.5727230
0.0212100,0.5727622
0.0212150,0.5728088
0.0212200,0.5728579
0.0212250,0.5729063
0.0212300,0.5729529
0.0212350,0.5729983
0.0212400,0.5730447
0.0212450,0.5730927
0.0212500,0.5731443
0.0212550,0.5732004
0.0212600,0.5732587
0.0212650,0.5733157
0.0212700,0.5733675
0.0212750,0.5734131
0.0212800,0.5734538
0.0212850,0.5734926
0.0212900,0.5735318
0.0212950,0.5735707
0.0213000,0.5959014
0.0213050,0.5959101
0.0213100,0.5959207
0.0213150,0.5959329
0.0213200,0.5959458
0.0213250,0.5959604
0.0213300,0.5959784
0.0213350,0.5960011
0.0213400,0.5960279
0.0213450,0.5960554
0.0213500,0.5960812
0.0213550,0.5961033
0.0213600,0.5961206
0.0213650,0.5961329
0.0213700,0.5961415
0.0213750,0.5961495
0.0213800,0.5961596
0.0213850,0.5961734
0.0213900,0.5961908
0.0213950,0.5962096
0.0214000,0.5907028
0.0214050,0.5907129
0.0214100,0.5907380
0.0214150,0.5907752
0.0214200,0.5908191
0.0214250,0.5908656
0.0214300,0.5909117
0.0214350,0.5909572
0.0214400,0.5910050
0.0214450,0.5910574
0.0214500,0.5911143
0.0214550,0.5911721
0.0214600,0.5912274
0.0214650,0.5912787
0.0214700,0.5913265
0.0214750,0.5913743
0.0214800,0.5914240
0.0214850,0.5914758
0.0214900,0.5915279
0.0214950,0.5915765
0.0215000,0.5850917
0.0215050,0.5851100
0.0215100,0.5851304
0.0215150,0.5851514
0.0215200,0.5851723
0.0215250,0.5851946
0.0215300,0.5852200
0.0215350,0.5852488
0.0215400,0.5852785
0.0215450,0.5853059
0.0215500,0.5853297
0.0215550,0.5853500
0.0215600,0.5853685
0.0215650,0.5853858
0.0215700,0.5854009
0.0215750,0.5854124
0.0215800,0.5854192
0.0215850,0.5854228
0.0215900,0.5854253
0.0215950,0.5854285
0.0216000,0.5758911
0.0216050,0.5758814
0.0216100,0.5758801
0.0216150,0.5758868
0.0216200,0.5759000
0.0216250,0.5759164
0.0216300,0.5759324
0.0216350,0.5759472
0.0216400,0.5759607
0.0216450,0.5759741
0.0216500,0.5759907
0.0216550,0.5760129
0.0216600,0.5760397
0.0216650,0.5760673
0.0216700,0.5760940
0.0216750,0.5761200
0.0216800,0.5761449
0.0216850,0.5761685
0.0216900,0.5761921
0.0216950,0.5762168
0.0217000,0.5990604
0.0217050,0.5990491
0.0217100,0.5990473
0.0217150,0.5990583
0.0217200,0.5990820
0.0217250,0.5991141
0.0217300,0.5991500
0.0217350,0.5991860
0.0217400,0.5992194
0.0217450,0.5992501
0.0217500,0.5992808
0.0217550,0.5993150
0.0217600,0.5993543
0.0217650,0.5993980
0.0217700,0.5994432
0.0217750,0.5994848
0.0217800,0.5995181
0.0217850,0.5995417
0.0217900,0.5995595
0.0217950,0.5995767
0.0218000,0.6082927
0.0218050,0.6082833
0.0218100,0.6082783
0.0218150,0.6082779
0.0218200,0.6082828
0.0218250,0.6082927
0.0218300,0.6083071
0.0218350,0.6083254
0.0218400,0.6083489
0.0218450,0.6083798
0.0218500,0.6084202
0.0218550,0.6084707
0.0218600,0.6085280
0.0218650,0.6085870
0.0218700,0.6086437
0.0218750,0.6086966
0.0218800,0.6087452
0.0218850,0.6087883
0.0218900,0.6088260
0.0218950,0.6088600
0.0219000,0.6108557
0.0219050,0.6108737
0.0219100,0.6108978
0.0219150,0.6109270
0.0219200,0.6109603
0.0219250,0.6109966
0.0219300,0.6110334
0.0219350,0.6110679
0.0219400,0.6110983
0.0219450,0.6111246
0.0219500,0.6111497
0.0219550,0.6111779
0.0219600,0.6112127
0.0219650,0.6112538
0.0219700,0.6112963
0.0219750,0.6113357
0.0219800,0.6113694
0.0219850,0.6113959
0.0219900,0.6114166
0.0219950,0.6114343
0.0220000,0.5875850
0.0220050,0.5875923
0.0220100,0.5876108
0.0220150,0.5876406
0.0220200,0.5876798
0.0220250,0.5877240
0.0220300,0.5877688
0.0220350,0.5878106
0.0220400,0.5878496
0.0220450,0.5878912
0.0220500,0.5879415
0.0220550,0.5880031
0.0220600,0.5880727
0.0220650,0.5881444
0.0220700,0.5882143
0.0220750,0.5882802
0.0220800,0.5883396
0.0220850,0.5883904
0.0220900,0.5884338
0.0220950,0.5884724
0.0221000,0.6021034
0.0221050,0.6021240
0.0221100,0.6021533
0.0221150,0.6021862
0.0221200,0.6022158
0.0221250,0.6022383
0.0221300,0.6022555
0.0221350,0.6022716
0.0221400,0.6022910
0.0221450,0.6023156
0.0221500,0.6023457
0.0221550,0.6023820
0.0221600,0.6024229
0.0221650,0.6024653
0.0221700,0.6025046
0.0221750,0.6025371
0.0221800,0.6025630
0.0221850,0.6025866
0.0221900,0.6026144
0.0221950,0.6026486
0.0222000,0.6049076
0.0222050,0.6049218
0.0222100,0.6049354
0.0222150,0.6049477
0.0222200,0.6049612
0.0222250,0.6049794
0.0222300,0.6050035
0.0222350,0.6050329
0.0222400,0.6050681
0.0222450,0.6051093
0.0222500,0.6051560
0.0222550,0.6052073
0.0222600,0.6052629
0.0222650,0.6053242
0.0222700,0.6053916
0.0222750,0.6054636
0.0222800,0.6055369
0.0222850,0.6056084
0.0222900,0.6056763
0.0222950,0.6057381
0.0223000,0.5931250
0.0223050,0.5931536
0.0223100,0.5931844
0.0223150,0.5932167
0.0223200,0.5932484
0.0223250,0.5932776
0.0223300,0.5933031
0.0223350,0.5933254
0.0223400,0.5933456
0.0223450,0.5933643
0.0223500,0.5933827
0.0223550,0.5934020
0.0223600,0.5934231
0.0223650,0.5934458
0.0223700,0.5934689
0.0223750,0.5934912
0.0223800,0.5935115
0.0223850,0.5935299
0.0223900,0.5935488
0.0223950,0.5935704
0.0224000,0.5951472
0.0224050,0.5951386
0.0224100,0.5951336
0.0224150,0.5951329
0.0224200,0.5951355
0.0224250,0.5951397
0.0224300,0.5951432
0.0224350,0.5951445
0.0224400,0.5951431
0.0224450,0.5951386
0.0224500,0.5951324
0.0224550,0.5951268
0.0224600,0.5951254
0.0224650,0.5951306
0.0224700,0.5951412
0.0224750,0.5951564
0.0224800,0.5951746
0.0224850,0.5951928
0.0224900,0.5952083
0.0224950,0.5952203
0.0225000,0.6146382
0.0225050,0.6146486
0.0225100,0.6146701
0.0225150,0.6147000
0.0225200,0.6147346
0.0225250,0.6147677
0.0225300,0.6147929
0.0225350,0.6148094
0.0225400,0.6148228
0.0225450,0.6148396
0.0225500,0.6148618
0.0225550,0.6148859
0.0225600,0.6149051
0.0225650,0.6149115
0.0225700,0.6149021
0.0225750,0.6148811
0.0225800,0.6148563
0.0225850,0.6148344
0.0225900,0.6148172
0.0225950,0.6148013
0.0226000,0.6049533
0.0226050,0.6049385
0.0226100,0.6049256
0.0226150,0.6049153
0.0226200,0.6049109
0.0226250,0.6049139
0.0226300,0.6049227
0.0226350,0.6049353
0.0226400,0.6049516
0.0226450,0.6049697
0.0226500,0.6049861
0.0226550,0.6049967
0.0226600,0.6050008
0.0226650,0.6049999
0.0226700,0.6049947
0.0226750,0.6049860
0.0226800,0.6049749
0.0226850,0.6049639
0.0226900,0.6049546
0.0226950,0.6049457
0.0227000,0.5870996
0.0227050,0.5870733
0.0227100,0.5870584
0.0227150,0.5870539
0.0227200,0.5870559
0.0227250,0.5870604
0.0227300,0.5870641
0.0227350,0.5870665
0.0227400,0.5870711
0.0227450,0.5870824
0.0227500,0.5871021
0.0227550,0.5871290
0.0227600,0.5871609
0.0227650,0.5871951
0.0227700,0.5872289
0.0227750,0.5872607
0.0227800,0.5872898
0.0227850,0.5873168
0.0227900,0.5873428
0.0227950,0.5873708
0.0228000,0.6214379
0.0228050,0.6214459
0.0228100,0.6214612
0.0228150,0.6214841
0.0228200,0.6215163
0.0228250,0.6215603
0.0228300,0.6216160
0.0228350,0.6216797
0.0228400,0.6217469
0.0228450,0.6218140
0.0228500,0.6218786
0.0228550,0.6219417
0.0228600,0.6220050
0.0228650,0.6220689
0.0228700,0.6221319
0.0228750,0.6221911
0.0228800,0.6222450
0.0228850,0.6222923
0.0228900,0.6223313
0.0228950,0.6223621
0.0229000,0.6150329
0.0229050,0.6150591
0.0229100,0.6151001
0.0229150,0.6151538
0.0229200,0.6152147
0.0229250,0.6152774
0.0229300,0.6153397
0.0229350,0.6154014
0.0229400,0.6154623
0.0229450,0.6155218
0.0229500,0.6155800
0.0229550,0.6156372
0.0229600,0.6156932
0.0229650,0.6157473
0.0229700,0.6157981
0.0229750,0.6158443
0.0229800,0.6158857
0.0229850,0.6159225
0.0229900,0.6159565
0.0229950,0.6159904
0.0230000,0.6008807
0.0230050,0.6009062
0.0230100,0.6009382
0.0230150,0.6009737
0.0230200,0.6010111
0.0230250,0.6010499
0.0230300,0.6010890
0.0230350,0.6011276
0.0230400,0.6011664
0.0230450,0.6012081
0.0230500,0.6012568
0.0230550,0.6013155
0.0230600,0.6013850
0.0230650,0.6014629
0.0230700,0.6015438
0.0230750,0.6016208
0.0230800,0.6016907
0.0230850,0.6017559
0.0230900,0.6018188
0.0230950,0.6018807
0.0231000,0.5966126
0.0231050,0.5966575
0.0231100,0.5967021
0.0231150,0.5967436
0.0231200,0.5967814
0.0231250,0.5968176
0.0231300,0.5968550
0.0231350,0.5968940
0.0231400,0.5969328
0.0231450,0.5969711
0.0231500,0.5970113
0.0231550,0.5970551
0.0231600,0.5971031
0.0231650,0.5971525
0.0231700,0.5971982
0.0231750,0.5972372
0.0231800,0.5972704
0.0231850,0.5973022
0.0231900,0.5973373
0.0231950,0.5973779
0.0232000,0.5945240
0.0232050,0.5945591
0.0232100,0.5946020
0.0232150,0.5946509
0.0232200,0.5947058
0.0232250,0.5947688
0.0232300,0.5948407
0.0232350,0.5949205
0.0232400,0.5950048
0.0232450,0.5950894
0.0232500,0.5951714
0.0232550,0.5952482
0.0232600,0.5953177
0.0232650,0.5953774
0.0232700,0.5954264
0.0232750,0.5954659
0.0232800,0.5954978
0.0232850,0.5955252
0.0232900,0.5955510
0.0232950,0.5955766
0.0233000,0.6025620
0.0233050,0.6025560
0.0233100,0.6025584
0.0233150,0.6025681
0.0233200,0.6025857
0.0233250,0.6026127
0.0233300,0.6026489
0.0233350,0.6026917
0.0233400,0.6027378
0.0233450,0.6027846
0.0233500,0.6028308
0.0233550,0.6028760
0.0233600,0.6029207
0.0233650,0.6029649
0.0233700,0.6030087
0.0233750,0.6030517
0.0233800,0.6030931
0.0233850,0.6031319
0.0233900,0.6031673
0.0233950,0.6031994
0.0234000,0.5897642
0.0234050,0.5897627
0.0234100,0.5897704
0.0234150,0.5897879
0.0234200,0.5898144
0.0234250,0.5898486
0.0234300,0.5898892
0.0234350,0.5899344
0.0234400,0.5899808
0.0234450,0.5900244
0.0234500,0.5900632
0.0234550,0.5900973
0.0234600,0.5901272
0.0234650,0.5901527
0.0234700,0.5901729
0.0234750,0.5901873
0.0234800,0.5901960
0.0234850,0.5902002
0.0234900,0.5902017
0.0234950,0.5902029
0.0235000,0.6106037
0.0235050,0.6106033
0.0235100,0.6106100
0.0235150,0.6106235
0.0235200,0.6106438
0.0235250,0.6106705
0.0235300,0.6107036
0.0235350,0.6107437
0.0235400,0.6107893
0.0235450,0.6108372
0.0235500,0.6108833
0.0235550,0.6109240
0.0235600,0.6109588
0.0235650,0.6109895
0.0235700,0.6110198
0.0235750,0.6110528
0.0235800,0.6110898
0.0235850,0.6111302
0.0235900,0.6111719
0.0235950,0.6112132
0.0236000,0.5958980
0.0236050,0.5959206
0.0236100,0.5959496
0.0236150,0.5959829
0.0236200,0.5960185
0.0236250,0.5960545
0.0236300,0.5960910
0.0236350,0.5961298
0.0236400,0.5961719
0.0236450,0.5962171
0.0236500,0.5962624
0.0236550,0.5963039
0.0236600,0.5963390
0.0236650,0.5963672
0.0236700,0.5963915
0.0236750,0.5964170
0.0236800,0.5964488
0.0236850,0.5964891
0.0236900,0.5965369
0.0236950,0.5965890
0.0237000,0.6003321
0.0237050,0.6003575
0.0237100,0.6003891
0.0237150,0.6004259
0.0237200,0.6004666
0.0237250,0.6005080
0.0237300,0.6005474
0.0237350,0.6005841
0.0237400,0.6006184
0.0237450,0.6006523
0.0237500,0.6006861
0.0237550,0.6007195
0.0237600,0.6007505
0.0237650,0.6007775
0.0237700,0.6008018
0.0237750,0.6008256
0.0237800,0.6008521
0.0237850,0.6008835
0.0237900,0.6009200
0.0237950,0.6009590
0.0238000,0.6078586
0.0238050,0.6078950
0.0238100,0.6079370
0.0238150,0.6079817
0.0238200,0.6080259
0.0238250,0.6080671
0.0238300,0.6081057
0.0238350,0.6081420
0.0238400,0.6081749
0.0238450,0.6082046
0.0238500,0.6082316
0.0238550,0.6082581
0.0238600,0.6082844
0.0238650,0.6083088
0.0238700,0.6083276
0.0238750,0.6083381
0.0238800,0.6083418
0.0238850,0.6083432
0.0238900,0.6083462
0.0238950,0.6083530
0.0239000,0.6112030
0.0239050,0.6112141
0.0239100,0.6112389
0.0239150,0.6112744
0.0239200,0.6113175
0.0239250,0.6113646
0.0239300,0.6114133
0.0239350,0.6114621
0.0239400,0.6115099
0.0239450,0.6115560
0.0239500,0.6115999
0.0239550,0.6116427
0.0239600,0.6116851
0.0239650,0.6117259
0.0239700,0.6117627
0.0239750,0.6117928
0.0239800,0.6118160
0.0239850,0.6118344
0.0239900,0.6118525
0.0239950,0.6118749
0.0240000,0.6134004
0.0240050,0.6134106
0.0240100,0.6134324
0.0240150,0.6134637
0.0240200,0.6135031
0.0240250,0.6135484
0.0240300,0.6135989
0.0240350,0.6136549
0.0240400,0.6137180
0.0240450,0.6137883
0.0240500,0.6138624
0.0240550,0.6139358
0.0240600,0.6140024
0.0240650,0.6140571
0.0240700,0.6140973
0.0240750,0.6141229
0.0240800,0.6141365
0.0240850,0.6141411
0.0240900,0.6141407
0.0240950,0.6141391
0.0241000,0.6037990
0.0241050,0.6037901
0.0241100,0.6037948
0.0241150,0.6038092
0.0241200,0.6038280
0.0241250,0.6038488
0.0241300,0.6038733
0.0241350,0.6039040
0.0241400,0.6039435
0.0241450,0.6039929
0.0241500,0.6040510
0.0241550,0.6041130
0.0241600,0.6041719
0.0241650,0.6042223
0.0241700,0.6042635
0.0241750,0.6042987
0.0241800,0.6043314
0.0241850,0.6043639
0.0241900,0.6043965
0.0241950,0.6044273
0.0242000,0.6137654
0.0242050,0.6137734
0.0242100,0.6137794
0.0242150,0.6137833
0.0242200,0.6137854
0.0242250,0.6137870
0.0242300,0.6137895
0.0242350,0.6137940
0.0242400,0.6138013
0.0242450,0.6138103
0.0242500,0.6138209
0.0242550,0.6138343
0.0242600,0.6138525
0.0242650,0.6138775
0.0242700,0.6139101
0.0242750,0.6139514
0.0242800,0.6140007
0.0242850,0.6140559
0.0242900,0.6141135
0.0242950,0.6141704
0.0243000,0.6330921
0.0243050,0.6331388
0.0243100,0.6331884
0.0243150,0.6332370
0.0243200,0.6332811
0.0243250,0.6333197
0.0243300,0.6333553
0.0243350,0.6333915
0.0243400,0.6334311
0.0243450,0.6334746
0.0243500,0.6335215
0.0243550,0.6335707
0.0243600,0.6336213
0.0243650,0.6336720
0.0243700,0.6337207
0.0243750,0.6337676
0.0243800,0.6338133
0.0243850,0.6338565
0.0243900,0.6338958
0.0243950,0.6339308
0.0244000,0.6427982
0.0244050,0.6428212
0.0244100,0.6428494
0.0244150,0.6428818
0.0244200,0.6429185
0.0244250,0.6429604
0.0244300,0.6430075
0.0244350,0.6430593
0.0244400,0.6431145
0.0244450,0.6431704
0.0244500,0.6432259
0.0244550,0.6432815
0.0244600,0.6433363
0.0244650,0.6433856
0.0244700,0.6434241
0.0244750,0.6434511
0.0244800,0.6434699
0.0244850,0.6434861
0.0244900,0.6435044
0.0244950,0.6435244
0.0245000,0.6044906
0.0245050,0.6045190
0.0245100,0.6045503
0.0245150,0.6045844
0.0245200,0.6046208
0.0245250,0.6046581
0.0245300,0.6046954
0.0245350,0.6047329
0.0245400,0.6047708
0.0245450,0.6048069
0.0245500,0.6048374
0.0245550,0.6048610
0.0245600,0.6048809
0.0245650,0.6049010
0.0245700,0.6049230
0.0245750,0.6049463
0.0245800,0.6049686
0.0245850,0.6049888
0.0245900,0.6050069
0.0245950,0.6050237
0.0246000,0.6093139
0.0246050,0.6093032
0.0246100,0.6092951
0.0246150,0.6092893
0.0246200,0.6092887
0.0246250,0.6092974
0.0246300,0.6093169
0.0246350,0.6093458
0.0246400,0.6093813
0.0246450,0.6094204
0.0246500,0.6094607
0.0246550,0.6094999
0.0246600,0.6095386
0.0246650,0.6095787
0.0246700,0.6096216
0.0246750,0.6096673
0.0246800,0.6097131
0.0246850,0.6097547
0.0246900,0.6097886
0.0246950,0.6098130
0.0247000,0.6163989
0.0247050,0.6164135
0.0247100,0.6164329
0.0247150,0.6164587
0.0247200,0.6164923
0.0247250,0.6165330
0.0247300,0.6165774
0.0247350,0.6166213
0.0247400,0.6166609
0.0247450,0.6166958
0.0247500,0.6167282
0.0247550,0.6167600
0.0247600,0.6167920
0.0247650,0.6168217
0.0247700,0.6168465
0.0247750,0.6168648
0.0247800,0.6168775
0.0247850,0.6168874
0.0247900,0.6168960
0.0247950,0.6169041
0.0248000,0.6332810
0.0248050,0.6332651
0.0248100,0.6332615
0.0248150,0.6332651
0.0248200,0.6332718
0.0248250,0.6332811
0.0248300,0.6332952
0.0248350,0.6333168
0.0248400,0.6333451
0.0248450,0.6333776
0.0248500,0.6334127
0.0248550,0.6334512
0.0248600,0.6334946
0.0248650,0.6335427
0.0248700,0.6335944
0.0248750,0.6336472
0.0248800,0.6336982
0.0248850,0.6337467
0.0248900,0.6337951
0.0248950,0.6338479
0.0249000,0.6164713
0.0249050,0.6165119
0.0249100,0.6165609
0.0249150,0.6166149
0.0249200,0.6166726
0.0249250,0.6167327
0.0249300,0.6167938
0.0249350,0.6168538
0.0249400,0.6169106
0.0249450,0.6169626
0.0249500,0.6170068
0.0249550,0.6170401
0.0249600,0.6170612
0.0249650,0.6170722
0.0249700,0.6170782
0.0249750,0.6170844
0.0249800,0.6170934
0.0249850,0.6171034
0.0249900,0.6171106
0.0249950,0.6171115
0.0250000,0.5965304
0.0250050,0.5965075
0.0250100,0.5964901
0.0250150,0.5964817
0.0250200,0.5964851
0.0250250,0.5965017
0.0250300,0.5965311
0.0250350,0.5965714
0.0250400,0.5966191
0.0250450,0.5966703
0.0250500,0.5967225
0.0250550,0.5967763
0.0250600,0.5968327
0.0250650,0.5968908
0.0250700,0.5969492
0.0250750,0.5970069
0.0250800,0.5970644
0.0250850,0.5971212
0.0250900,0.5971745
0.0250950,0.5972223
0.0251000,0.6267544
0.0251050,0.6267681
0.0251100,0.6267938
0.0251150,0.6268279
0.0251200,0.6268666
0.0251250,0.6269071
0.0251300,0.6269480
0.0251350,0.6269892
0.0251400,0.6270313
0.0251450,0.6270732
0.0251500,0.6271120
0.0251550,0.6271462
0.0251600,0.6271763
0.0251650,0.6272030
0.0251700,0.6272277
0.0251750,0.6272501
0.0251800,0.6272696
0.0251850,0.6272857
0.0251900,0.6273007
0.0251950,0.6273178
0.0252000,0.5963980
0.0252050,0.5963910
0.0252100,0.5963983
0.0252150,0.5964201
0.0252200,0.5964532
0.0252250,0.5964929
0.0252300,0.5965351
0.0252350,0.5965763
0.0252400,0.5966155
0.0252450,0.5966548
0.0252500,0.5966980
0.0252550,0.5967483
0.0252600,0.5968057
0.0252650,0.5968678
0.0252700,0.5969291
0.0252750,0.5969840
0.0252800,0.5970301
0.0252850,0.5970678
0.0252900,0.5970996
0.0252950,0.5971276
0.0253000,0.6252986
0.0253050,0.6253091
0.0253100,0.6253293
0.0253150,0.6253597
0.0253200,0.6253967
0.0253250,0.6254359
0.0253300,0.6254754
0.0253350,0.6255151
0.0253400,0.6255579
0.0253450,0.6256080
0.0253500,0.6256671
0.0253550,0.6257324
0.0253600,0.6257985
0.0253650,0.6258603
0.0253700,0.6259142
0.0253750,0.6259567
0.0253800,0.6259866
0.0253850,0.6260058
0.0253900,0.6260193
0.0253950,0.6260304
0.0254000,0.5889006
0.0254050,0.5888837
0.0254100,0.5888711
0.0254150,0.5888624
0.0254200,0.5888560
0.0254250,0.5888504
0.0254300,0.5888460
0.0254350,0.5888454
0.0254400,0.5888497
0.0254450,0.5888577
0.0254500,0.5888689
0.0254550,0.5888848
0.0254600,0.5889070
0.0254650,0.5889358
0.0254700,0.5889684
0.0254750,0.5890010
0.0254800,0.5890314
0.0254850,0.5890605
0.0254900,0.5890903
0.0254950,0.5891221
0.0255000,0.5943354
0.0255050,0.5943629
0.0255100,0.5944001
0.0255150,0.5944425
0.0255200,0.5944870
0.0255250,0.5945329
0.0255300,0.5945807
0.0255350,0.5946293
0.0255400,0.5946762
0.0255450,0.5947206
0.0255500,0.5947619
0.0255550,0.5948002
0.0255600,0.5948358
0.0255650,0.5948685
0.0255700,0.5948976
0.0255750,0.5949239
0.0255800,0.5949506
0.0255850,0.5949809
0.0255900,0.5950154
0.0255950,0.5950518
0.0256000,0.6147074
0.0256050,0.6147291
0.0256100,0.6147534
0.0256150,0.6147792
0.0256200,0.6148076
0.0256250,0.6148400
0.0256300,0.6148773
0.0256350,0.6149191
0.0256400,0.6149645
0.0256450,0.6150124
0.0256500,0.6150611
0.0256550,0.6151094
0.0256600,0.6151570
0.0256650,0.6152043
0.0256700,0.6152511
0.0256750,0.6152972
0.0256800,0.6153425
0.0256850,0.6153870
0.0256900,0.6154292
0.0256950,0.6154656
0.0257000,0.6150137
0.0257050,0.6150416
0.0257100,0.6150739
0.0257150,0.6151096
0.0257200,0.6151487
0.0257250,0.6151921
0.0257300,0.6152400
0.0257350,0.6152896
0.0257400,0.6153384
0.0257450,0.6153854
0.0257500,0.6154308
0.0257550,0.6154744
0.0257600,0.6155155
0.0257650,0.6155518
0.0257700,0.6155811
0.0257750,0.6156034
0.0257800,0.6156213
0.0257850,0.6156381
0.0257900,0.6156550
0.0257950,0.6156724
0.0258000,0.6086029
0.0258050,0.6086176
0.0258100,0.6086397
0.0258150,0.6086659
0.0258200,0.6086934
0.0258250,0.6087205
0.0258300,0.6087475
0.0258350,0.6087757
0.0258400,0.6088057
0.0258450,0.6088362
0.0258500,0.6088640
0.0258550,0.6088876
0.0258600,0.6089094
0.0258650,0.6089330
0.0258700,0.6089597
0.0258750,0.6089897
0.0258800,0.6090232
0.0258850,0.6090609
0.0258900,0.6091022
0.0258950,0.6091461
0.0259000,0.6155793
0.0259050,0.6156134
0.0259100,0.6156551
0.0259150,0.6156988
0.0259200,0.6157419
0.0259250,0.6157839
0.0259300,0.6158271
0.0259350,0.6158744
0.0259400,0.6159272
0.0259450,0.6159836
0.0259500,0.6160408
0.0259550,0.6160960
0.0259600,0.6161466
0.0259650,0.6161907
0.0259700,0.6162272
0.0259750,0.6162572
0.0259800,0.6162842
0.0259850,0.6163118
0.0259900,0.6163411
0.0259950,0.6163703
0.0260000,0.6265987
0.0260050,0.6266206
0.0260100,0.6266491
0.0260150,0.6266808
0.0260200,0.6267124
0.0260250,0.6267435
0.0260300,0.6267756
0.0260350,0.6268094
0.0260400,0.6268468
0.0260450,0.6268902
0.0260500,0.6269395
0.0260550,0.6269906
0.0260600,0.6270377
0.0260650,0.6270761
0.0260700,0.6271034
0.0260750,0.6271215
0.0260800,0.6271369
0.0260850,0.6271564
0.0260900,0.6271843
0.0260950,0.6272200
0.0261000,0.6193960
0.0261050,0.6194286
0.0261100,0.6194650
0.0261150,0.6195050
0.0261200,0.6195492
0.0261250,0.6195994
0.0261300,0.6196573
0.0261350,0.6197214
0.0261400,0.6197878
0.0261450,0.6198512
0.0261500,0.6199074
0.0261550,0.6199547
0.0261600,0.6199947
0.0261650,0.6200304
0.0261700,0.6200633
0.0261750,0.6200942
0.0261800,0.6201235
0.0261850,0.6201521
0.0261900,0.6201794
0.0261950,0.6202025
0.0262000,0.6106012
0.0262050,0.6106136
0.0262100,0.6106266
0.0262150,0.6106422
0.0262200,0.6106639
0.0262250,0.6106941
0.0262300,0.6107324
0.0262350,0.6107771
0.0262400,0.6108243
0.0262450,0.6108676
0.0262500,0.6109013
0.0262550,0.6109227
0.0262600,0.6109334
0.0262650,0.6109367
0.0262700,0.6109370
0.0262750,0.6109387
0.0262800,0.6109437
0.0262850,0.6109508
0.0262900,0.6109564
0.0262950,0.6109580
0.0263000,0.6096610
0.0263050,0.6096744
0.0263100,0.6097010
0.0263150,0.6097363
0.0263200,0.6097741
0.0263250,0.6098095
0.0263300,0.6098399
0.0263350,0.6098644
0.0263400,0.6098840
0.0263450,0.6098996
0.0263500,0.6099116
0.0263550,0.6099205
0.0263600,0.6099287
0.0263650,0.6099375
0.0263700,0.6099475
0.0263750,0.6099594
0.0263800,0.6099739
0.0263850,0.6099906
0.0263900,0.6100082
0.0263950,0.6100262
0.0264000,0.6265147
0.0264050,0.6265113
0.0264100,0.6265151
0.0264150,0.6265264
0.0264200,0.6265475
0.0264250,0.6265795
0.0264300,0.6266192
0.0264350,0.6266613
0.0264400,0.6267017
0.0264450,0.6267387
0.0264500,0.6267737
0.0264550,0.6268098
0.0264600,0.6268487
0.0264650,0.6268886
0.0264700,0.6269261
0.0264750,0.6269576
0.0264800,0.6269811
0.0264850,0.6269965
0.0264900,0.6270057
0.0264950,0.6270119
0.0265000,0.6190504
0.0265050,0.6190422
0.0265100,0.6190448
0.0265150,0.6190582
0.0265200,0.6190805
0.0265250,0.6191108
0.0265300,0.6191479
0.0265350,0.6191911
0.0265400,0.6192377
0.0265450,0.6192841
0.0265500,0.6193279
0.0265550,0.6193678
0.0265600,0.6194050
0.0265650,0.6194419
0.0265700,0.6194803
0.0265750,0.6195196
0.0265800,0.6195565
0.0265850,0.6195885
0.0265900,0.6196160
0.0265950,0.6196397
0.0266000,0.6087039
0.0266050,0.6086890
0.0266100,0.6086818
0.0266150,0.6086837
0.0266200,0.6086942
0.0266250,0.6087092
0.0266300,0.6087243
0.0266350,0.6087380
0.0266400,0.6087512
0.0266450,0.6087657
0.0266500,0.6087837
0.0266550,0.6088063
0.0266600,0.6088350
0.0266650,0.6088703
0.0266700,0.6089109
0.0266750,0.6089540
0.0266800,0.6089945
0.0266850,0.6090278
0.0266900,0.6090508
0.0266950,0.6090630
0.0267000,0.6117427
0.0267050,0.6117320
0.0267100,0.6117316
0.0267150,0.6117400
0.0267200,0.6117558
0.0267250,0.6117785
0.0267300,0.6118072
0.0267350,0.6118412
0.0267400,0.6118803
0.0267450,0.6119255
0.0267500,0.6119786
0.0267550,0.6120396
0.0267600,0.6121056
0.0267650,0.6121700
0.0267700,0.6122251
0.0267750,0.6122673
0.0267800,0.6122966
0.0267850,0.6123155
0.0267900,0.6123272
0.0267950,0.6123356
0.0268000,0.5890459
0.0268050,0.5890422
0.0268100,0.5890472
0.0268150,0.5890633
0.0268200,0.5890891
0.0268250,0.5891215
0.0268300,0.5891561
0.0268350,0.5891889
0.0268400,0.5892177
0.0268450,0.5892425
0.0268500,0.5892647
0.0268550,0.5892846
0.0268600,0.5893036
0.0268650,0.5893228
0.0268700,0.5893415
0.0268750,0.5893556
0.0268800,0.5893598
0.0268850,0.5893527
0.0268900,0.5893377
0.0268950,0.5893226
0.0269000,0.6008154
0.0269050,0.6008201
0.0269100,0.6008377
0.0269150,0.6008649
0.0269200,0.6008976
0.0269250,0.6009323
0.0269300,0.6009674
0.0269350,0.6010044
0.0269400,0.6010452
0.0269450,0.6010901
0.0269500,0.6011371
0.0269550,0.6011837
0.0269600,0.6012260
0.0269650,0.6012593
0.0269700,0.6012801
0.0269750,0.6012890
0.0269800,0.6012904
0.0269850,0.6012899
0.0269900,0.6012934
0.0269950,0.6013060
0.0270000,0.6071401
0.0270050,0.6071664
0.0270100,0.6072060
0.0270150,0.6072554
0.0270200,0.6073112
0.0270250,0.6073707
0.0270300,0.6074326
0.0270350,0.6074961
0.0270400,0.6075615
0.0270450,0.6076294
0.0270500,0.6076996
0.0270550,0.6077708
0.0270600,0.6078408
0.0270650,0.6079068
0.0270700,0.6079657
0.0270750,0.6080157
0.0270800,0.6080564
0.0270850,0.6080899
0.0270900,0.6081205
0.0270950,0.6081535
0.0271000,0.6053374
0.0271050,0.6053505
0.0271100,0.6053719
0.0271150,0.6053996
0.0271200,0.6054325
0.0271250,0.6054707
0.0271300,0.6055153
0.0271350,0.6055675
0.0271400,0.6056274
0.0271450,0.6056932
0.0271500,0.6057612
0.0271550,0.6058291
0.0271600,0.6058965
0.0271650,0.6059623
0.0271700,0.6060245
0.0271750,0.6060813
0.0271800,0.6061324
0.0271850,0.6061786
0.0271900,0.6062204
0.0271950,0.6062571
0.0272000,0.5977816
0.0272050,0.5977965
0.0272100,0.5978095
0.0272150,0.5978178
0.0272200,0.5978216
0.0272250,0.5978233
0.0272300,0.5978265
0.0272350,0.5978337
0.0272400,0.5978462
0.0272450,0.5978647
0.0272500,0.5978898
0.0272550,0.5979215
0.0272600,0.5979597
0.0272650,0.5980045
0.0272700,0.5980560
0.0272750,0.5981129
0.0272800,0.5981730
0.0272850,0.5982338
0.0272900,0.5982937
0.0272950,0.5983516
0.0273000,0.6330952
0.0273050,0.6331284
0.0273100,0.6331679
0.0273150,0.6332126
0.0273200,0.6332622
0.0273250,0.6333160
0.0273300,0.6333742
0.0273350,0.6334360
0.0273400,0.6334990
0.0273450,0.6335608
0.0273500,0.6336186
0.0273550,0.6336706
0.0273600,0.6337165
0.0273650,0.6337585
0.0273700,0.6338006
0.0273750,0.6338452
0.0273800,0.6338915
0.0273850,0.6339360
0.0273900,0.6339734
0.0273950,0.6340007
0.0274000,0.6256274
0.0274050,0.6256296
0.0274100,0.6256351
0.0274150,0.6256454
0.0274200,0.6256608
0.0274250,0.6256812
0.0274300,0.6257063
0.0274350,0.6257347
0.0274400,0.6257629
0.0274450,0.6257893
0.0274500,0.6258150
0.0274550,0.6258416
0.0274600,0.6258714
0.0274650,0.6259056
0.0274700,0.6259422
0.0274750,0.6259769
0.0274800,0.6260069
0.0274850,0.6260341
0.0274900,0.6260616
0.0274950,0.6260908
0.0275000,0.6158243
0.0275050,0.6158445
0.0275100,0.6158711
0.0275150,0.6159020
0.0275200,0.6159355
0.0275250,0.6159706
0.0275300,0.6160066
0.0275350,0.6160425
0.0275400,0.6160779
0.0275450,0.6161138
0.0275500,0.6161495
0.0275550,0.6161818
0.0275600,0.6162086
0.0275650,0.6162292
0.0275700,0.6162439
0.0275750,0.6162522
0.0275800,0.6162569
0.0275850,0.6162648
0.0275900,0.6162828
0.0275950,0.6163149
0.0276000,0.6231137
0.0276050,0.6231358
0.0276100,0.6231591
0.0276150,0.6231776
0.0276200,0.6231931
0.0276250,0.6232124
0.0276300,0.6232443
0.0276350,0.6232910
0.0276400,0.6233463
0.0276450,0.6234015
0.0276500,0.6234497
0.0276550,0.6234885
0.0276600,0.6235191
0.0276650,0.6235442
0.0276700,0.6235685
0.0276750,0.6235951
0.0276800,0.6236254
0.0276850,0.6236588
0.0276900,0.6236922
0.0276950,0.6237227
0.0277000,0.5974420
0.0277050,0.5974501
0.0277100,0.5974602
0.0277150,0.5974731
0.0277200,0.5974893
0.0277250,0.5975072
0.0277300,0.5975252
0.0277350,0.5975420
0.0277400,0.5975559
0.0277450,0.5975653
0.0277500,0.5975679
0.0277550,0.5975637
0.0277600,0.5975559
0.0277650,0.5975491
0.0277700,0.5975463
0.0277750,0.5975463
0.0277800,0.5975475
0.0277850,0.5975495
0.0277900,0.5975523
0.0277950,0.5975571
0.0278000,0.6359753
0.0278050,0.6359634
0.0278100,0.6359556
0.0278150,0.6359539
0.0278200,0.6359619
0.0278250,0.6359815
0.0278300,0.6360129
0.0278350,0.6360526
0.0278400,0.6360952
0.0278450,0.6361344
0.0278500,0.6361665
0.0278550,0.6361932
0.0278600,0.6362188
0.0278650,0.6362454
0.0278700,0.6362737
0.0278750,0.6363027
0.0278800,0.6363319
0.0278850,0.6363603
0.0278900,0.6363857
0.0278950,0.6364064
0.0279000,0.6454799
0.0279050,0.6455059
0.0279100,0.6455397
0.0279150,0.6455795
0.0279200,0.6456229
0.0279250,0.6456668
0.0279300,0.6457090
0.0279350,0.6457481
0.0279400,0.6457849
0.0279450,0.6458227
0.0279500,0.6458659
0.0279550,0.6459160
0.0279600,0.6459701
0.0279650,0.6460232
0.0279700,0.6460715
0.0279750,0.6461132
0.0279800,0.6461480
0.0279850,0.6461785
0.0279900,0.6462087
0.0279950,0.6462402
0.0280000,0.6413568
0.0280050,0.6413674
0.0280100,0.6413825
0.0280150,0.6414004
0.0280200,0.6414175
0.0280250,0.6414309
0.0280300,0.6414421
0.0280350,0.6414541
0.0280400,0.6414707
0.0280450,0.6414933
0.0280500,0.6415211
0.0280550,0.6415506
0.0280600,0.6415766
0.0280650,0.6415976
0.0280700,0.6416157
0.0280750,0.6416329
0.0280800,0.6416497
0.0280850,0.6416659
0.0280900,0.6416823
0.0280950,0.6416998
0.0281000,0.6422768
0.0281050,0.6422761
0.0281100,0.6422771
0.0281150,0.6422773
0.0281200,0.6422757
0.0281250,0.6422728
0.0281300,0.6422711
0.0281350,0.6422736
0.0281400,0.6422817
0.0281450,0.6422956
0.0281500,0.6423134
0.0281550,0.6423338
0.0281600,0.6423568
0.0281650,0.6423846
0.0281700,0.6424185
0.0281750,0.6424571
0.0281800,0.6424988
0.0281850,0.6425412
0.0281900,0.6425826
0.0281950,0.6426226
0.0282000,0.6484554
0.0282050,0.6484772
0.0282100,0.6485070
0.0282150,0.6485468
0.0282200,0.6485974
0.0282250,0.6486565
0.0282300,0.6487185
0.0282350,0.6487754
0.0282400,0.6488234
0.0282450,0.6488624
0.0282500,0.6488943
0.0282550,0.6489228
0.0282600,0.6489502
0.0282650,0.6489772
0.0282700,0.6490032
0.0282750,0.6490259
0.0282800,0.6490431
0.0282850,0.6490522
0.0282900,0.6490510
0.0282950,0.6490407
0.0283000,0.6587794
0.0283050,0.6587549
0.0283100,0.6587473
0.0283150,0.6587571
0.0283200,0.6587809
0.0283250,0.6588126
0.0283300,0.6588472
0.0283350,0.6588804
0.0283400,0.6589114
0.0283450,0.6589437
0.0283500,0.6589815
0.0283550,0.6590277
0.0283600,0.6590815
0.0283650,0.6591386
0.0283700,0.6591938
0.0283750,0.6592427
0.0283800,0.6592856
0.0283850,0.6593255
0.0283900,0.6593671
0.0283950,0.6594137
0.0284000,0.6315966
0.0284050,0.6316332
0.0284100,0.6316838
0.0284150,0.6317462
0.0284200,0.6318177
0.0284250,0.6318948
0.0284300,0.6319757
0.0284350,0.6320598
0.0284400,0.6321482
0.0284450,0.6322415
0.0284500,0.6323390
0.0284550,0.6324386
0.0284600,0.6325350
0.0284650,0.6326222
0.0284700,0.6326962
0.0284750,0.6327580
0.0284800,0.6328119
0.0284850,0.6328624
0.0284900,0.6329131
0.0284950,0.6329654
0.0285000,0.6290780
0.0285050,0.6291174
0.0285100,0.6291636
0.0285150,0.6292121
0.0285200,0.6292577
0.0285250,0.6292988
0.0285300,0.6293400
0.0285350,0.6293874
0.0285400,0.6294443
0.0285450,0.6295085
0.0285500,0.6295738
0.0285550,0.6296344
0.0285600,0.6296873
0.0285650,0.6297334
0.0285700,0.6297763
0.0285750,0.6298207
0.0285800,0.6298708
0.0285850,0.6299292
0.0285900,0.6299945
0.0285950,0.6300614
0.0286000,0.6164262
0.0286050,0.6164545
0.0286100,0.6164825
0.0286150,0.6165092
0.0286200,0.6165366
0.0286250,0.6165687
0.0286300,0.6166101
0.0286350,0.6166638
0.0286400,0.6167283
0.0286450,0.6167954
0.0286500,0.6168548
0.0286550,0.6169001
0.0286600,0.6169327
0.0286650,0.6169608
0.0286700,0.6169925
0.0286750,0.6170337
0.0286800,0.6170860
0.0286850,0.6171456
0.0286900,0.6172052
0.0286950,0.6172581
0.0287000,0.6312727
0.0287050,0.6312879
0.0287100,0.6313045
0.0287150,0.6313256
0.0287200,0.6313548
0.0287250,0.6313950
0.0287300,0.6314444
0.0287350,0.6314972
0.0287400,0.6315478
0.0287450,0.6315944
0.0287500,0.6316391
0.0287550,0.6316831
0.0287600,0.6317268
0.0287650,0.6317696
0.0287700,0.6318079
0.0287750,0.6318395
0.0287800,0.6318660
0.0287850,0.6318913
0.0287900,0.6319201
0.0287950,0.6319525
0.0288000,0.6152011
0.0288050,0.6152244
0.0288100,0.6152533
0.0288150,0.6152892
0.0288200,0.6153315
0.0288250,0.6153779
0.0288300,0.6154240
0.0288350,0.6154663
0.0288400,0.6155050
0.0288450,0.6155415
0.0288500,0.6155780
0.0288550,0.6156148
0.0288600,0.6156505
0.0288650,0.6156847
0.0288700,0.6157171
0.0288750,0.6157495
0.0288800,0.6157822
0.0288850,0.6158146
0.0288900,0.6158458
0.0288950,0.6158761
0.0289000,0.6084659
0.0289050,0.6084890
0.0289100,0.6085154
0.0289150,0.6085428
0.0289200,0.6085694
0.0289250,0.6085947
0.0289300,0.6086182
0.0289350,0.6086395
0.0289400,0.6086595
0.0289450,0.6086795
0.0289500,0.6087006
0.0289550,0.6087210
0.0289600,0.6087375
0.0289650,0.6087480
0.0289700,0.6087522
0.0289750,0.6087538
0.0289800,0.6087579
0.0289850,0.6087688
0.0289900,0.6087874
0.0289950,0.6088129
0.0290000,0.6171285
0.0290050,0.6171585
0.0290100,0.6171913
0.0290150,0.6172227
0.0290200,0.6172525
0.0290250,0.6172842
0.0290300,0.6173207
0.0290350,0.6173629
0.0290400,0.6174080
0.0290450,0.6174512
0.0290500,0.6174895
0.0290550,0.6175231
0.0290600,0.6175561
0.0290650,0.6175927
0.0290700,0.6176339
0.0290750,0.6176786
0.0290800,0.6177251
0.0290850,0.6177732
0.0290900,0.6178229
0.0290950,0.6178742
0.0291000,0.6367365
0.0291050,0.6367687
0.0291100,0.6368098
0.0291150,0.6368601
0.0291200,0.6369188
0.0291250,0.6369843
0.0291300,0.6370539
0.0291350,0.6371265
0.0291400,0.6372005
0.0291450,0.6372733
0.0291500,0.6373413
0.0291550,0.6374005
0.0291600,0.6374508
0.0291650,0.6374956
0.0291700,0.6375396
0.0291750,0.6375853
0.0291800,0.6376313
0.0291850,0.6376754
0.0291900,0.6377153
0.0291950,0.6377529
0.0292000,0.6318004
0.0292050,0.6318144
0.0292100,0.6318394
0.0292150,0.6318727
0.0292200,0.6319113
0.0292250,0.6319534
0.0292300,0.6319976
0.0292350,0.6320441
0.0292400,0.6320914
0.0292450,0.6321369
0.0292500,0.6321782
0.0292550,0.6322144
0.0292600,0.6322478
0.0292650,0.6322798
0.0292700,0.6323109
0.0292750,0.6323417
0.0292800,0.6323716
0.0292850,0.6324010
0.0292900,0.6324294
0.0292950,0.6324565
0.0293000,0.6226727
0.0293050,0.6226878
0.0293100,0.6227151
0.0293150,0.6227513
0.0293200,0.6227923
0.0293250,0.6228347
0.0293300,0.6228756
0.0293350,0.6229143
0.0293400,0.6229515
0.0293450,0.6229880
0.0293500,0.6230244
0.0293550,0.6230596
0.0293600,0.6230924
0.0293650,0.6231214
0.0293700,0.6231470
0.0293750,0.6231693
0.0293800,0.6231878
0.0293850,0.6232027
0.0293900,0.6232152
0.0293950,0.6232280
0.0294000,0.6296900
0.0294050,0.6296943
0.0294100,0.6297054
0.0294150,0.6297219
0.0294200,0.6297429
0.0294250,0.6297675
0.0294300,0.6297946
0.0294350,0.6298243
0.0294400,0.6298564
0.0294450,0.6298906
0.0294500,0.6299256
0.0294550,0.6299599
0.0294600,0.6299932
0.0294650,0.6300255
0.0294700,0.6300570
0.0294750,0.6300846
0.0294800,0.6301044
0.0294850,0.6301177
0.0294900,0.6301288
0.0294950,0.6301416
0.0295000,0.6484753
0.0295050,0.6484725
0.0295100,0.6484832
0.0295150,0.6485021
0.0295200,0.6485247
0.0295250,0.6485500
0.0295300,0.6485775
0.0295350,0.6486072
0.0295400,0.6486404
0.0295450,0.6486789
0.0295500,0.6487214
0.0295550,0.6487636
0.0295600,0.6488013
0.0295650,0.6488320
0.0295700,0.6488566
0.0295750,0.6488781
0.0295800,0.6488990
0.0295850,0.6489196
0.0295900,0.6489388
0.0295950,0.6489569
0.0296000,0.6220463
0.0296050,0.6220548
0.0296100,0.6220645
0.0296150,0.6220704
0.0296200,0.6220721
0.0296250,0.6220732
0.0296300,0.6220784
0.0296350,0.6220911
0.0296400,0.6221107
0.0296450,0.6221347
0.0296500,0.6221597
0.0296550,0.6221829
0.0296600,0.6222034
0.0296650,0.6222225
0.0296700,0.6222427
0.0296750,0.6222643
0.0296800,0.6222870
0.0296850,0.6223114
0.0296900,0.6223376
0.0296950,0.6223638
0.0297000,0.6176675
0.0297050,0.6176564
0.0297100,0.6176464
0.0297150,0.6176375
0.0297200,0.6176319
0.0297250,0.6176305
0.0297300,0.6176309
0.0297350,0.6176291
0.0297400,0.6176229
0.0297450,0.6176122
0.0297500,0.6175979
0.0297550,0.6175826
0.0297600,0.6175697
0.0297650,0.6175610
0.0297700,0.6175552
0.0297750,0.6175508
0.0297800,0.6175481
0.0297850,0.6175490
0.0297900,0.6175552
0.0297950,0.6175676
0.0298000,0.6426806
0.0298050,0.6426717
0.0298100,0.6426745
0.0298150,0.6426878
0.0298200,0.6427093
0.0298250,0.6427355
0.0298300,0.6427644
0.0298350,0.6427958
0.0298400,0.6428295
0.0298450,0.6428648
0.0298500,0.6429005
0.0298550,0.6429372
0.0298600,0.6429760
0.0298650,0.6430175
0.0298700,0.6430611
0.0298750,0.6431038
0.0298800,0.6431410
0.0298850,0.6431694
0.0298900,0.6431901
0.0298950,0.6432076
0.0299000,0.6414177
0.0299050,0.6414325
0.0299100,0.6414577
0.0299150,0.6414851
0.0299200,0.6415057
0.0299250,0.6415150
0.0299300,0.6415138
0.0299350,0.6415051
0.0299400,0.6414943
0.0299450,0.6414871
0.0299500,0.6414875
0.0299550,0.6414956
0.0299600,0.6415077
0.0299650,0.6415186
0.0299700,0.6415241
0.0299750,0.6415215
0.0299800,0.6415112
0.0299850,0.6414958
0.0299900,0.6414807
0.0299950,0.6414706
0.0300000,0.6659022
0.0300050,0.6658651
0.0300100,0.6658423
0.0300150,0.6658294
0.0300200,0.6658204
0.0300250,0.6658106
0.0300300,0.6657998
0.0300350,0.6657895
0.0300400,0.6657827
0.0300450,0.6657821
0.0300500,0.6657881
0.0300550,0.6657981
0.0300600,0.6658079
0.0300650,0.6658139
0.0300700,0.6658130
0.0300750,0.6658043
0.0300800,0.6657912
0.0300850,0.6657799
0.0300900,0.6657772
0.0300950,0.6657864
0.0301000,0.6678259
0.0301050,0.6678223
0.0301100,0.6678239
0.0301150,0.6678281
0.0301200,0.6678334
0.0301250,0.6678410
0.0301300,0.6678535
0.0301350,0.6678739
0.0301400,0.6679051
0.0301450,0.6679462
0.0301500,0.6679916
0.0301550,0.6680347
0.0301600,0.6680704
0.0301650,0.6680976
0.0301700,0.6681204
0.0301750,0.6681451
0.0301800,0.6681753
0.0301850,0.6682098
0.0301900,0.6682441
0.0301950,0.6682734
0.0302000,0.6821692
0.0302050,0.6821568
0.0302100,0.6821431
0.0302150,0.6821314
0.0302200,0.6821229
0.0302250,0.6821192
0.0302300,0.6821215
0.0302350,0.6821305
0.0302400,0.6821451
0.0302450,0.6821632
0.0302500,0.6821839
0.0302550,0.6822074
0.0302600,0.6822347
0.0302650,0.6822681
0.0302700,0.6823078
0.0302750,0.6823533
0.0302800,0.6824036
0.0302850,0.6824572
0.0302900,0.6825122
0.0302950,0.6825664
0.0303000,0.6593508
0.0303050,0.6593751
0.0303100,0.6594021
0.0303150,0.6594332
0.0303200,0.6594694
0.0303250,0.6595114
0.0303300,0.6595582
0.0303350,0.6596071
0.0303400,0.6596554
0.0303450,0.6597031
0.0303500,0.6597546
0.0303550,0.6598150
0.0303600,0.6598838
0.0303650,0.6599528
0.0303700,0.6600132
0.0303750,0.6600619
0.0303800,0.6601024
0.0303850,0.6601394
0.0303900,0.6601758
0.0303950,0.6602115
0.0304000,0.6359247
0.0304050,0.6359310
0.0304100,0.6359396
0.0304150,0.6359512
0.0304200,0.6359661
0.0304250,0.6359850
0.0304300,0.6360074
0.0304350,0.6360330
0.0304400,0.6360614
0.0304450,0.6360911
0.0304500,0.6361212
0.0304550,0.6361506
0.0304600,0.6361794
0.0304650,0.6362082
0.0304700,0.6362364
0.0304750,0.6362640
0.0304800,0.6362908
0.0304850,0.6363178
0.0304900,0.6363454
0.0304950,0.6363734
0.0305000,0.6400095
0.0305050,0.6400130
0.0305100,0.6400299
0.0305150,0.6400579
0.0305200,0.6400934
0.0305250,0.6401344
0.0305300,0.6401811
0.0305350,0.6402342
0.0305400,0.6402914
0.0305450,0.6403478
0.0305500,0.6403985
0.0305550,0.6404410
0.0305600,0.6404747
0.0305650,0.6405001
0.0305700,0.6405195
0.0305750,0.6405351
0.0305800,0.6405480
0.0305850,0.6405596
0.0305900,0.6405712
0.0305950,0.6405829
0.0306000,0.6264783
0.0306050,0.6264953
0.0306100,0.6265082
0.0306150,0.6265171
0.0306200,0.6265251
0.0306250,0.6265364
0.0306300,0.6265535
0.0306350,0.6265775
0.0306400,0.6266069
0.0306450,0.6266387
0.0306500,0.6266700
0.0306550,0.6266987
0.0306600,0.6267226
0.0306650,0.6267419
0.0306700,0.6267598
0.0306750,0.6267787
0.0306800,0.6267990
0.0306850,0.6268207
0.0306900,0.6268433
0.0306950,0.6268659
0.0307000,0.6365599
0.0307050,0.6365646
0.0307100,0.6365806
0.0307150,0.6366073
0.0307200,0.6366414
0.0307250,0.6366792
0.0307300,0.6367195
0.0307350,0.6367629
0.0307400,0.6368090
0.0307450,0.6368560
0.0307500,0.6369017
0.0307550,0.6369441
0.0307600,0.6369820
0.0307650,0.6370180
0.0307700,0.6370567
0.0307750,0.6370986
0.0307800,0.6371398
0.0307850,0.6371764
0.0307900,0.6372078
0.0307950,0.6372375
0.0308000,0.6202716
0.0308050,0.6203060
0.0308100,0.6203450
0.0308150,0.6203892
0.0308200,0.6204353
0.0308250,0.6204776
0.0308300,0.6205120
0.0308350,0.6205376
0.0308400,0.6205558
0.0308450,0.6205698
0.0308500,0.6205822
0.0308550,0.6205937
0.0308600,0.6206042
0.0308650,0.6206153
0.0308700,0.6206293
0.0308750,0.6206464
0.0308800,0.6206663
0.0308850,0.6206892
0.0308900,0.6207168
0.0308950,0.6207511
0.0309000,0.6367096
0.0309050,0.6367244
0.0309100,0.6367507
0.0309150,0.6367844
0.0309200,0.6368220
0.0309250,0.6368622
0.0309300,0.6369054
0.0309350,0.6369519
0.0309400,0.6370003
0.0309450,0.6370485
0.0309500,0.6370945
0.0309550,0.6371373
0.0309600,0.6371757
0.0309650,0.6372087
0.0309700,0.6372357
0.0309750,0.6372566
0.0309800,0.6372720
0.0309850,0.6372836
0.0309900,0.6372919
0.0309950,0.6372964
0.0310000,0.6174383
0.0310050,0.6174215
0.0310100,0.6174081
0.0310150,0.6173988
0.0310200,0.6173944
0.0310250,0.6173962
0.0310300,0.6174053
0.0310350,0.6174220
0.0310400,0.6174453
0.0310450,0.6174740
0.0310500,0.6175073
0.0310550,0.6175455
0.0310600,0.6175884
0.0310650,0.6176359
0.0310700,0.6176872
0.0310750,0.6177412
0.0310800,0.6177963
0.0310850,0.6178510
0.0310900,0.6179035
0.0310950,0.6179519
0.0311000,0.6117925
0.0311050,0.6118222
0.0311100,0.6118580
0.0311150,0.6118956
0.0311200,0.6119299
0.0311250,0.6119584
0.0311300,0.6119833
0.0311350,0.6120091
0.0311400,0.6120375
0.0311450,0.6120671
0.0311500,0.6120967
0.0311550,0.6121255
0.0311600,0.6121530
0.0311650,0.6121783
0.0311700,0.6122011
0.0311750,0.6122225
0.0311800,0.6122451
0.0311850,0.6122715
0.0311900,0.6123028
0.0311950,0.6123384
0.0312000,0.6358719
0.0312050,0.6359084
0.0312100,0.6359490
0.0312150,0.6359921
0.0312200,0.6360357
0.0312250,0.6360771
0.0312300,0.6361142
0.0312350,0.6361458
0.0312400,0.6361709
0.0312450,0.6361891
0.0312500,0.6362018
0.0312550,0.6362110
0.0312600,0.6362182
0.0312650,0.6362247
0.0312700,0.6362326
0.0312750,0.6362429
0.0312800,0.6362560
0.0312850,0.6362711
0.0312900,0.6362875
0.0312950,0.6363057
0.0313000,0.6559585
0.0313050,0.6559557
0.0313100,0.6559628
0.0313150,0.6559775
0.0313200,0.6559955
0.0313250,0.6560141
0.0313300,0.6560335
0.0313350,0.6560539
0.0313400,0.6560746
0.0313450,0.6560947
0.0313500,0.6561136
0.0313550,0.6561314
0.0313600,0.6561485
0.0313650,0.6561660
0.0313700,0.6561845
0.0313750,0.6562046
0.0313800,0.6562270
0.0313850,0.6562521
0.0313900,0.6562807
0.0313950,0.6563137
0.0314000,0.6542340
0.0314050,0.6542418
0.0314100,0.6542612
0.0314150,0.6542891
0.0314200,0.6543214
0.0314250,0.6543551
0.0314300,0.6543887
0.0314350,0.6544216
0.0314400,0.6544545
0.0314450,0.6544876
0.0314500,0.6545206
0.0314550,0.6545537
0.0314600,0.6545878
0.0314650,0.6546244
0.0314700,0.6546634
0.0314750,0.6547021
0.0314800,0.6547357
0.0314850,0.6547607
0.0314900,0.6547780
0.0314950,0.6547932
0.0315000,0.6758252
0.0315050,0.6758369
0.0315100,0.6758655
0.0315150,0.6759089
0.0315200,0.6759610
0.0315250,0.6760150
0.0315300,0.6760667
0.0315350,0.6761149
0.0315400,0.6761604
0.0315450,0.6762048
0.0315500,0.6762487
0.0315550,0.6762908
0.0315600,0.6763286
0.0315650,0.6763606
0.0315700,0.6763862
0.0315750,0.6764018
0.0315800,0.6764037
0.0315850,0.6763936
0.0315900,0.6763780
0.0315950,0.6763626
0.0316000,0.6324120
0.0316050,0.6323937
0.0316100,0.6323834
0.0316150,0.6323804
0.0316200,0.6323836
0.0316250,0.6323905
0.0316300,0.6323984
0.0316350,0.6324061
0.0316400,0.6324143
0.0316450,0.6324253
0.0316500,0.6324410
0.0316550,0.6324625
0.0316600,0.6324880
0.0316650,0.6325132
0.0316700,0.6325327
0.0316750,0.6325424
0.0316800,0.6325408
0.0316850,0.6325318
0.0316900,0.6325228
0.0316950,0.6325200
0.0317000,0.6365683
0.0317050,0.6365457
0.0317100,0.6365307
0.0317150,0.6365194
0.0317200,0.6365095
0.0317250,0.6365018
0.0317300,0.6364996
0.0317350,0.6365067
0.0317400,0.6365235
0.0317450,0.6365487
0.0317500,0.6365812
0.0317550,0.6366196
0.0317600,0.6366619
0.0317650,0.6367044
0.0317700,0.6367417
0.0317750,0.6367699
0.0317800,0.6367883
0.0317850,0.6368018
0.0317900,0.6368169
0.0317950,0.6368361
0.0318000,0.6436899
0.0318050,0.6436934
0.0318100,0.6436948
0.0318150,0.6436926
0.0318200,0.6436881
0.0318250,0.6436839
0.0318300,0.6436813
0.0318350,0.6436811
0.0318400,0.6436838
0.0318450,0.6436896
0.0318500,0.6436982
0.0318550,0.6437088
0.0318600,0.6437212
0.0318650,0.6437343
0.0318700,0.6437470
0.0318750,0.6437592
0.0318800,0.6437715
0.0318850,0.6437847
0.0318900,0.6437979
0.0318950,0.6438079
0.0319000,0.6657306
0.0319050,0.6657081
0.0319100,0.6656951
0.0319150,0.6656935
0.0319200,0.6657005
0.0319250,0.6657102
0.0319300,0.6657185
0.0319350,0.6657263
0.0319400,0.6657368
0.0319450,0.6657516
0.0319500,0.6657699
0.0319550,0.6657909
0.0319600,0.6658141
0.0319650,0.6658377
0.0319700,0.6658582
0.0319750,0.6658737
0.0319800,0.6658843
0.0319850,0.6658925
0.0319900,0.6659006
0.0319950,0.6659111
0.0320000,0.6521687
0.0320050,0.6521676
0.0320100,0.6521698
0.0320150,0.6521744
0.0320200,0.6521833
0.0320250,0.6521987
0.0320300,0.6522230
0.0320350,0.6522584
0.0320400,0.6523052
0.0320450,0.6523606
0.0320500,0.6524191
0.0320550,0.6524751
0.0320600,0.6525244
0.0320650,0.6525667
0.0320700,0.6526043
0.0320750,0.6526396
0.0320800,0.6526747
0.0320850,0.6527101
0.0320900,0.6527462
0.0320950,0.6527834
0.0321000,0.6490648
0.0321050,0.6490742
0.0321100,0.6490897
0.0321150,0.6491077
0.0321200,0.6491254
0.0321250,0.6491431
0.0321300,0.6491652
0.0321350,0.6491968
0.0321400,0.6492400
0.0321450,0.6492913
0.0321500,0.6493440
0.0321550,0.6493937
0.0321600,0.6494376
0.0321650,0.6494754
0.0321700,0.6495083
0.0321750,0.6495388
0.0321800,0.6495698
0.0321850,0.6496015
0.0321900,0.6496322
0.0321950,0.6496574
0.0322000,0.6121708
0.0322050,0.6121581
0.0322100,0.6121455
0.0322150,0.6121374
0.0322200,0.6121373
0.0322250,0.6121455
0.0322300,0.6121594
0.0322350,0.6121755
0.0322400,0.6121916
0.0322450,0.6122065
0.0322500,0.6122198
0.0322550,0.6122328
0.0322600,0.6122467
0.0322650,0.6122624
0.0322700,0.6122783
0.0322750,0.6122914
0.0322800,0.6123006
0.0322850,0.6123052
0.0322900,0.6123061
0.0322950,0.6123042
0.0323000,0.6193185
0.0323050,0.6193019
0.0323100,0.6192867
0.0323150,0.6192706
0.0323200,0.6192516
0.0323250,0.6192290
0.0323300,0.6192037
0.0323350,0.6191769
0.0323400,0.6191517
0.0323450,0.6191308
0.0323500,0.6191176
0.0323550,0.6191154
0.0323600,0.6191251
0.0323650,0.6191444
0.0323700,0.6191669
0.0323750,0.6191844
0.0323800,0.6191902
0.0323850,0.6191821
0.0323900,0.6191636
0.0323950,0.6191400
0.0324000,0.6141047
0.0324050,0.6140607
0.0324100,0.6140260
0.0324150,0.6140009
0.0324200,0.6139832
0.0324250,0.6139697
0.0324300,0.6139584
0.0324350,0.6139488
0.0324400,0.6139431
0.0324450,0.6139442
0.0324500,0.6139548
0.0324550,0.6139761
0.0324600,0.6140054
0.0324650,0.6140392
0.0324700,0.6140721
0.0324750,0.6141008
0.0324800,0.6141268
0.0324850,0.6141524
0.0324900,0.6141800
0.0324950,0.6142106
0.0325000,0.6085494
0.0325050,0.6085528
0.0325100,0.6085629
0.0325150,0.6085742
0.0325200,0.6085831
0.0325250,0.6085891
0.0325300,0.6085926
0.0325350,0.6085946
0.0325400,0.6085980
0.0325450,0.6086045
0.0325500,0.6086159
0.0325550,0.6086325
0.0325600,0.6086537
0.0325650,0.6086779
0.0325700,0.6087030
0.0325750,0.6087297
0.0325800,0.6087601
0.0325850,0.6087973
0.0325900,0.6088442
0.0325950,0.6089015
0.0326000,0.6313574
0.0326050,0.6313915
0.0326100,0.6314320
0.0326150,0.6314733
0.0326200,0.6315126
0.0326250,0.6315512
0.0326300,0.6315917
0.0326350,0.6316358
0.0326400,0.6316836
0.0326450,0.6317337
0.0326500,0.6317837
0.0326550,0.6318315
0.0326600,0.6318758
0.0326650,0.6319170
0.0326700,0.6319554
0.0326750,0.6319930
0.0326800,0.6320326
0.0326850,0.6320761
0.0326900,0.6321239
0.0326950,0.6321726
0.0327000,0.6607577
0.0327050,0.6607839
0.0327100,0.6608218
0.0327150,0.6608718
0.0327200,0.6609321
0.0327250,0.6609996
0.0327300,0.6610705
0.0327350,0.6611424
0.0327400,0.6612148
0.0327450,0.6612872
0.0327500,0.6613605
0.0327550,0.6614353
0.0327600,0.6615125
0.0327650,0.6615920
0.0327700,0.6616711
0.0327750,0.6617461
0.0327800,0.6618132
0.0327850,0.6618701
0.0327900,0.6619156
0.0327950,0.6619518
0.0328000,0.6427088
0.0328050,0.6427505
0.0328100,0.6427958
0.0328150,0.6428435
0.0328200,0.6428929
0.0328250,0.6429444
0.0328300,0.6429959
0.0328350,0.6430445
0.0328400,0.6430891
0.0328450,0.6431304
0.0328500,0.6431709
0.0328550,0.6432121
0.0328600,0.6432554
0.0328650,0.6433009
0.0328700,0.6433473
0.0328750,0.6433939
0.0328800,0.6434406
0.0328850,0.6434877
0.0328900,0.6435328
0.0328950,0.6435731
0.0329000,0.6420527
0.0329050,0.6420780
0.0329100,0.6421095
0.0329150,0.6421462
0.0329200,0.6421866
0.0329250,0.6422295
0.0329300,0.6422717
0.0329350,0.6423078
0.0329400,0.6423336
0.0329450,0.6423479
0.0329500,0.6423521
0.0329550,0.6423497
0.0329600,0.6423470
0.0329650,0.6423487
0.0329700,0.6423549
0.0329750,0.6423613
0.0329800,0.6423623
0.0329850,0.6423562
0.0329900,0.6423466
0.0329950,0.6423382
0.0330000,0.6500406
0.0330050,0.6500358
0.0330100,0.6500361
0.0330150,0.6500396
0.0330200,0.6500471
0.0330250,0.6500612
0.0330300,0.6500806
0.0330350,0.6501039
0.0330400,0.6501310
0.0330450,0.6501629
0.0330500,0.6502016
0.0330550,0.6502460
0.0330600,0.6502929
0.0330650,0.6503377
0.0330700,0.6503770
0.0330750,0.6504118
0.0330800,0.6504455
0.0330850,0.6504817
0.0330900,0.6505212
0.0330950,0.6505616
0.0331000,0.6499208
0.0331050,0.6499319
0.0331100,0.6499483
0.0331150,0.6499744
0.0331200,0.6500108
0.0331250,0.6500560
0.0331300,0.6501060
0.0331350,0.6501569
0.0331400,0.6502079
0.0331450,0.6502617
0.0331500,0.6503193
0.0331550,0.6503796
0.0331600,0.6504411
0.0331650,0.6505041
0.0331700,0.6505694
0.0331750,0.6506372
0.0331800,0.6507050
0.0331850,0.6507697
0.0331900,0.6508297
0.0331950,0.6508859
0.0332000,0.6387876
0.0332050,0.6388350
0.0332100,0.6388866
0.0332150,0.6389401
0.0332200,0.6389948
0.0332250,0.6390530
0.0332300,0.6391173
0.0332350,0.6391881
0.0332400,0.6392636
0.0332450,0.6393417
0.0332500,0.6394205
0.0332550,0.6394965
0.0332600,0.6395662
0.0332650,0.6396267
0.0332700,0.6396756
0.0332750,0.6397123
0.0332800,0.6397383
0.0332850,0.6397579
0.0332900,0.6397744
0.0332950,0.6397917
0.0333000,0.6601375
0.0333050,0.6601578
0.0333100,0.6601825
0.0333150,0.6602097
0.0333200,0.6602394
0.0333250,0.6602734
0.0333300,0.6603132
0.0333350,0.6603594
0.0333400,0.6604096
0.0333450,0.6604608
0.0333500,0.6605095
0.0333550,0.6605519
0.0333600,0.6605866
0.0333650,0.6606139
0.0333700,0.6606369
0.0333750,0.6606595
0.0333800,0.6606847
0.0333850,0.6607153
0.0333900,0.6607488
0.0333950,0.6607801
0.0334000,0.6441967
0.0334050,0.6442001
0.0334100,0.6442038
0.0334150,0.6442083
0.0334200,0.6442151
0.0334250,0.6442254
0.0334300,0.6442394
0.0334350,0.6442578
0.0334400,0.6442806
0.0334450,0.6443085
0.0334500,0.6443401
0.0334550,0.6443720
0.0334600,0.6444028
0.0334650,0.6444332
0.0334700,0.6444662
0.0334750,0.6445041
0.0334800,0.6445482
0.0334850,0.6445977
0.0334900,0.6446486
0.0334950,0.6446971
0.0335000,0.6620921
0.0335050,0.6621133
0.0335100,0.6621387
0.0335150,0.6621684
0.0335200,0.6622046
0.0335250,0.6622485
0.0335300,0.6623009
0.0335350,0.6623615
0.0335400,0.6624267
0.0335450,0.6624916
0.0335500,0.6625500
0.0335550,0.6625969
0.0335600,0.6626304
0.0335650,0.6626510
0.0335700,0.6626612
0.0335750,0.6626638
0.0335800,0.6626625
0.0335850,0.6626630
0.0335900,0.6626690
0.0335950,0.6626816
0.0336000,0.6396798
0.0336050,0.6396781
0.0336100,0.6396832
0.0336150,0.6396968
0.0336200,0.6397191
0.0336250,0.6397467
0.0336300,0.6397746
0.0336350,0.6397990
0.0336400,0.6398195
0.0336450,0.6398388
0.0336500,0.6398580
0.0336550,0.6398771
0.0336600,0.6398945
0.0336650,0.6399085
0.0336700,0.6399195
0.0336750,0.6399291
0.0336800,0.6399398
0.0336850,0.6399535
0.0336900,0.6399687
0.0336950,0.6399816
0.0337000,0.6402338
0.0337050,0.6402196
0.0337100,0.6402100
0.0337150,0.6402051
0.0337200,0.6402034
0.0337250,0.6402031
0.0337300,0.6402054
0.0337350,0.6402125
0.0337400,0.6402243
0.0337450,0.6402382
0.0337500,0.6402494
0.0337550,0.6402550
0.0337600,0.6402552
0.0337650,0.6402545
0.0337700,0.6402590
0.0337750,0.6402708
0.0337800,0.6402891
0.0337850,0.6403100
0.0337900,0.6403289
0.0337950,0.6403445
0.0338000,0.6529137
0.0338050,0.6529057
0.0338100,0.6528941
0.0338150,0.6528809
0.0338200,0.6528713
0.0338250,0.6528686
0.0338300,0.6528737
0.0338350,0.6528842
0.0338400,0.6528971
0.0338450,0.6529105
0.0338500,0.6529247
0.0338550,0.6529418
0.0338600,0.6529626
0.0338650,0.6529870
0.0338700,0.6530145
0.0338750,0.6530451
0.0338800,0.6530791
0.0338850,0.6531167
0.0338900,0.6531566
0.0338950,0.6531974
0.0339000,0.6536696
0.0339050,0.6536844
0.0339100,0.6537048
0.0339150,0.6537298
0.0339200,0.6537582
0.0339250,0.6537891
0.0339300,0.6538228
0.0339350,0.6538585
0.0339400,0.6538940
0.0339450,0.6539292
0.0339500,0.6539648
0.0339550,0.6540012
0.0339600,0.6540377
0.0339650,0.6540742
0.0339700,0.6541127
0.0339750,0.6541548
0.0339800,0.6542025
0.0339850,0.6542558
0.0339900,0.6543133
0.0339950,0.6543726
0.0340000,0.6637176
0.0340050,0.6637428
0.0340100,0.6637727
0.0340150,0.6638073
0.0340200,0.6638462
0.0340250,0.6638898
0.0340300,0.6639394
0.0340350,0.6639948
0.0340400,0.6640537
0.0340450,0.6641111
0.0340500,0.6641627
0.0340550,0.6642077
0.0340600,0.6642475
0.0340650,0.6642843
0.0340700,0.6643187
0.0340750,0.6643492
0.0340800,0.6643744
0.0340850,0.6643930
0.0340900,0.6644055
0.0340950,0.6644150
0.0341000,0.6802306
0.0341050,0.6802284
0.0341100,0.6802334
0.0341150,0.6802450
0.0341200,0.6802631
0.0341250,0.6802874
0.0341300,0.6803176
0.0341350,0.6803527
0.0341400,0.6803933
0.0341450,0.6804404
0.0341500,0.6804944
0.0341550,0.6805555
0.0341600,0.6806221
0.0341650,0.6806911
0.0341700,0.6807571
0.0341750,0.6808144
0.0341800,0.6808615
0.0341850,0.6809012
0.0341900,0.6809384
0.0341950,0.6809771
0.0342000,0.6522743
0.0342050,0.6522993
0.0342100,0.6523300
0.0342150,0.6523651
0.0342200,0.6524045
0.0342250,0.6524468
0.0342300,0.6524895
0.0342350,0.6525303
0.0342400,0.6525687
0.0342450,0.6526066
0.0342500,0.6526450
0.0342550,0.6526846
0.0342600,0.6527251
0.0342650,0.6527688
0.0342700,0.6528187
0.0342750,0.6528748
0.0342800,0.6529349
0.0342850,0.6529972
0.0342900,0.6530610
0.0342950,0.6531253
0.0343000,0.6584418
0.0343050,0.6585025
0.0343100,0.6585687
0.0343150,0.6586390
0.0343200,0.6587125
0.0343250,0.6587882
0.0343300,0.6588633
0.0343350,0.6589333
0.0343400,0.6589955
0.0343450,0.6590502
0.0343500,0.6591002
0.0343550,0.6591486
0.0343600,0.6591973
0.0343650,0.6592466
0.0343700,0.6592944
0.0343750,0.6593368
0.0343800,0.6593726
0.0343850,0.6594044
0.0343900,0.6594358
0.0343950,0.6594684
0.0344000,0.6528992
0.0344050,0.6529126
0.0344100,0.6529385
0.0344150,0.6529748
0.0344200,0.6530187
0.0344250,0.6530679
0.0344300,0.6531211
0.0344350,0.6531774
0.0344400,0.6532363
0.0344450,0.6532987
0.0344500,0.6533650
0.0344550,0.6534358
0.0344600,0.6535119
0.0344650,0.6535931
0.0344700,0.6536771
0.0344750,0.6537590
0.0344800,0.6538350
0.0344850,0.6539033
0.0344900,0.6539643
0.0344950,0.6540193
0.0345000,0.6294774
0.0345050,0.6295059
0.0345100,0.6295426
0.0345150,0.6295862
0.0345200,0.6296322
0.0345250,0.6296747
0.0345300,0.6297091
0.0345350,0.6297357
0.0345400,0.6297595
0.0345450,0.6297857
0.0345500,0.6298172
0.0345550,0.6298533
0.0345600,0.6298903
0.0345650,0.6299247
0.0345700,0.6299539
0.0345750,0.6299771
0.0345800,0.6299947
0.0345850,0.6300076
0.0345900,0.6300182
0.0345950,0.6300294
0.0346000,0.6696441
0.0346050,0.6696405
0.0346100,0.6696515
0.0346150,0.6696765
0.0346200,0.6697125
0.0346250,0.6697565
0.0346300,0.6698053
0.0346350,0.6698532
0.0346400,0.6698947
0.0346450,0.6699287
0.0346500,0.6699599
0.0346550,0.6699941
0.0346600,0.6700342
0.0346650,0.6700781
0.0346700,0.6701181
0.0346750,0.6701474
0.0346800,0.6701655
0.0346850,0.6701761
0.0346900,0.6701841
0.0346950,0.6701922
0.0347000,0.6627713
0.0347050,0.6627746
0.0347100,0.6627792
0.0347150,0.6627851
0.0347200,0.6627896
0.0347250,0.6627910
0.0347300,0.6627888
0.0347350,0.6627841
0.0347400,0.6627789
0.0347450,0.6627743
0.0347500,0.6627708
0.0347550,0.6627692
0.0347600,0.6627697
0.0347650,0.6627738
0.0347700,0.6627844
0.0347750,0.6628050
0.0347800,0.6628354
0.0347850,0.6628710
0.0347900,0.6629066
0.0347950,0.6629390
0.0348000,0.6584619
0.0348050,0.6584681
0.0348100,0.6584880
0.0348150,0.6585231
0.0348200,0.6585726
0.0348250,0.6586345
0.0348300,0.6587045
0.0348350,0.6587778
0.0348400,0.6588507
0.0348450,0.6589200
0.0348500,0.6589853
0.0348550,0.6590475
0.0348600,0.6591069
0.0348650,0.6591641
0.0348700,0.6592193
0.0348750,0.6592731
0.0348800,0.6593239
0.0348850,0.6593684
0.0348900,0.6594040
0.0348950,0.6594295
0.0349000,0.6548670
0.0349050,0.6548554
0.0349100,0.6548469
0.0349150,0.6548470
0.0349200,0.6548573
0.0349250,0.6548776
0.0349300,0.6549061
0.0349350,0.6549386
0.0349400,0.6549680
0.0349450,0.6549879
0.0349500,0.6549978
0.0349550,0.6550019
0.0349600,0.6550064
0.0349650,0.6550155
0.0349700,0.6550296
0.0349750,0.6550470
0.0349800,0.6550645
0.0349850,0.6550782
0.0349900,0.6550855
0.0349950,0.6550868
0.0350000,0.6614779
0.0350050,0.6614681
0.0350100,0.6614758
0.0350150,0.6615002
0.0350200,0.6615355
0.0350250,0.6615739
0.0350300,0.6616068
0.0350350,0.6616306
0.0350400,0.6616468
0.0350450,0.6616581
0.0350500,0.6616678
0.0350550,0.6616793
0.0350600,0.6616952
0.0350650,0.6617145
0.0350700,0.6617329
0.0350750,0.6617464
0.0350800,0.6617524
0.0350850,0.6617520
0.0350900,0.6617488
0.0350950,0.6617471
0.0351000,0.6654965
0.0351050,0.6654935
0.0351100,0.6655026
0.0351150,0.6655210
0.0351200,0.6655452
0.0351250,0.6655728
0.0351300,0.6656031
0.0351350,0.6656379
0.0351400,0.6656795
0.0351450,0.6657282
0.0351500,0.6657826
0.0351550,0.6658403
0.0351600,0.6658996
0.0351650,0.6659577
0.0351700,0.6660120
0.0351750,0.6660614
0.0351800,0.6661066
0.0351850,0.6661506
0.0351900,0.6661974
0.0351950,0.6662498
0.0352000,0.6559595
0.0352050,0.6559940
0.0352100,0.6560340
0.0352150,0.6560786
0.0352200,0.6561270
0.0352250,0.6561764
0.0352300,0.6562240
0.0352350,0.6562684
0.0352400,0.6563100
0.0352450,0.6563506
0.0352500,0.6563929
0.0352550,0.6564375
0.0352600,0.6564836
0.0352650,0.6565293
0.0352700,0.6565731
0.0352750,0.6566142
0.0352800,0.6566507
0.0352850,0.6566801
0.0352900,0.6566994
0.0352950,0.6567089
0.0353000,0.6696624
0.0353050,0.6696633
0.0353100,0.6696695
0.0353150,0.6696739
0.0353200,0.6696715
0.0353250,0.6696629
0.0353300,0.6696541
0.0353350,0.6696512
0.0353400,0.6696577
0.0353450,0.6696749
0.0353500,0.6697017
0.0353550,0.6697371
0.0353600,0.6697795
0.0353650,0.6698266
0.0353700,0.6698757
0.0353750,0.6699240
0.0353800,0.6699694
0.0353850,0.6700127
0.0353900,0.6700569
0.0353950,0.6701056
0.0354000,0.6641686
0.0354050,0.6641941
0.0354100,0.6642232
0.0354150,0.6642555
0.0354200,0.6642912
0.0354250,0.6643297
0.0354300,0.6643685
0.0354350,0.6644047
0.0354400,0.6644352
0.0354450,0.6644611
0.0354500,0.6644871
0.0354550,0.6645167
0.0354600,0.6645497
0.0354650,0.6645834
0.0354700,0.6646149
0.0354750,0.6646407
0.0354800,0.6646600
0.0354850,0.6646743
0.0354900,0.6646863
0.0354950,0.6646977
0.0355000,0.6674727
0.0355050,0.6674608
0.0355100,0.6674495
0.0355150,0.6674408
0.0355200,0.6674359
0.0355250,0.6674341
0.0355300,0.6674365
0.0355350,0.6674451
0.0355400,0.6674597
0.0355450,0.6674780
0.0355500,0.6674973
0.0355550,0.6675171
0.0355600,0.6675388
0.0355650,0.6675644
0.0355700,0.6675962
0.0355750,0.6676338
0.0355800,0.6676754
0.0355850,0.6677185
0.0355900,0.6677612
0.0355950,0.6678018
0.0356000,0.6843601
0.0356050,0.6843853
0.0356100,0.6844119
0.0356150,0.6844393
0.0356200,0.6844676
0.0356250,0.6844966
0.0356300,0.6845251
0.0356350,0.6845495
0.0356400,0.6845664
0.0356450,0.6845756
0.0356500,0.6845795
0.0356550,0.6845821
0.0356600,0.6845867
0.0356650,0.6845948
0.0356700,0.6846067
0.0356750,0.6846226
0.0356800,0.6846433
0.0356850,0.6846692
0.0356900,0.6847001
0.0356950,0.6847346
0.0357000,0.6925871
0.0357050,0.6926213
0.0357100,0.6926521
0.0357150,0.6926768
0.0357200,0.6926950
0.0357250,0.6927079
0.0357300,0.6927192
0.0357350,0.6927334
0.0357400,0.6927521
0.0357450,0.6927724
0.0357500,0.6927896
0.0357550,0.6928015
0.0357600,0.6928090
0.0357650,0.6928146
0.0357700,0.6928200
0.0357750,0.6928248
0.0357800,0.6928277
0.0357850,0.6928269
0.0357900,0.6928226
0.0357950,0.6928159
0.0358000,0.6821671
0.0358050,0.6821338
0.0358100,0.6821096
0.0358150,0.6820941
0.0358200,0.6820855
0.0358250,0.6820817
0.0358300,0.6820823
0.0358350,0.6820890
0.0358400,0.6821041
0.0358450,0.6821293
0.0358500,0.6821635
0.0358550,0.6822017
0.0358600,0.6822366
0.0358650,0.6822644
0.0358700,0.6822879
0.0358750,0.6823120
0.0358800,0.6823395
0.0358850,0.6823708
0.0358900,0.6824049
0.0358950,0.6824383
0.0359000,0.6805074
0.0359050,0.6804959
0.0359100,0.6804882
0.0359150,0.6804844
0.0359200,0.6804853
0.0359250,0.6804906
0.0359300,0.6805007
0.0359350,0.6805149
0.0359400,0.6805312
0.0359450,0.6805491
0.0359500,0.6805685
0.0359550,0.6805883
0.0359600,0.6806074
0.0359650,0.6806262
0.0359700,0.6806467
0.0359750,0.6806722
0.0359800,0.6807057
0.0359850,0.6807465
0.0359900,0.6807897
0.0359950,0.6808306
0.0360000,0.6867428
0.0360050,0.6867447
0.0360100,0.6867579
0.0360150,0.6867787
0.0360200,0.6868006
0.0360250,0.6868179
0.0360300,0.6868290
0.0360350,0.6868359
0.0360400,0.6868413
0.0360450,0.6868485
0.0360500,0.6868600
0.0360550,0.6868765
0.0360600,0.6868974
0.0360650,0.6869217
0.0360700,0.6869486
0.0360750,0.6869761
0.0360800,0.6870009
0.0360850,0.6870204
0.0360900,0.6870357
0.0360950,0.6870508
0.0361000,0.6730098
0.0361050,0.6730091
0.0361100,0.6730218
0.0361150,0.6730425
0.0361200,0.6730663
0.0361250,0.6730897
0.0361300,0.6731112
0.0361350,0.6731307
0.0361400,0.6731484
0.0361450,0.6731658
0.0361500,0.6731860
0.0361550,0.6732104
0.0361600,0.6732351
0.0361650,0.6732545
0.0361700,0.6732659
0.0361750,0.6732705
0.0361800,0.6732712
0.0361850,0.6732718
0.0361900,0.6732771
0.0361950,0.6732896
0.0362000,0.6656627
0.0362050,0.6656777
0.0362100,0.6656989
0.0362150,0.6657231
0.0362200,0.6657491
0.0362250,0.6657760
0.0362300,0.6658040
0.0362350,0.6658336
0.0362400,0.6658640
0.0362450,0.6658927
0.0362500,0.6659177
0.0362550,0.6659389
0.0362600,0.6659564
0.0362650,0.6659702
0.0362700,0.6659803
0.0362750,0.6659866
0.0362800,0.6659889
0.0362850,0.6659884
0.0362900,0.6659879
0.0362950,0.6659891
0.0363000,0.6810291
0.0363050,0.6810289
0.0363100,0.6810342
0.0363150,0.6810497
0.0363200,0.6810774
0.0363250,0.6811134
0.0363300,0.6811515
0.0363350,0.6811865
0.0363400,0.6812163
0.0363450,0.6812399
0.0363500,0.6812590
0.0363550,0.6812772
0.0363600,0.6812971
0.0363650,0.6813201
0.0363700,0.6813463
0.0363750,0.6813742
0.0363800,0.6814005
0.0363850,0.6814228
0.0363900,0.6814413
0.0363950,0.6814580
0.0364000,0.6849225
0.0364050,0.6849298
0.0364100,0.6849443
0.0364150,0.6849678
0.0364200,0.6850011
0.0364250,0.6850429
0.0364300,0.6850891
0.0364350,0.6851359
0.0364400,0.6851825
0.0364450,0.6852296
0.0364500,0.6852780
0.0364550,0.6853286
0.0364600,0.6853809
0.0364650,0.6854331
0.0364700,0.6854815
0.0364750,0.6855236
0.0364800,0.6855579
0.0364850,0.6855836
0.0364900,0.6856023
0.0364950,0.6856170
0.0365000,0.6682863
0.0365050,0.6682998
0.0365100,0.6683176
0.0365150,0.6683358
0.0365200,0.6683502
0.0365250,0.6683591
0.0365300,0.6683623
0.0365350,0.6683621
0.0365400,0.6683634
0.0365450,0.6683703
0.0365500,0.6683827
0.0365550,0.6683964
0.0365600,0.6684075
0.0365650,0.6684148
0.0365700,0.6684198
0.0365750,0.6684255
0.0365800,0.6684344
0.0365850,0.6684476
0.0365900,0.6684652
0.0365950,0.6684862
0.0366000,0.6599990
0.0366050,0.6600018
0.0366100,0.6600166
0.0366150,0.6600448
0.0366200,0.6600837
0.0366250,0.6601270
0.0366300,0.6601680
0.0366350,0.6602030
0.0366400,0.6602315
0.0366450,0.6602538
0.0366500,0.6602730
0.0366550,0.6602946
0.0366600,0.6603239
0.0366650,0.6603610
0.0366700,0.6604013
0.0366750,0.6604398
0.0366800,0.6604727
0.0366850,0.6604996
0.0366900,0.6605240
0.0366950,0.6605502
0.0367000,0.6756571
0.0367050,0.6756719
0.0367100,0.6756928
0.0367150,0.6757167
0.0367200,0.6757413
0.0367250,0.6757666
0.0367300,0.6757912
0.0367350,0.6758145
0.0367400,0.6758365
0.0367450,0.6758572
0.0367500,0.6758785
0.0367550,0.6759023
0.0367600,0.6759290
0.0367650,0.6759559
0.0367700,0.6759793
0.0367750,0.6759970
0.0367800,0.6760089
0.0367850,0.6760166
0.0367900,0.6760229
0.0367950,0.6760309
0.0368000,0.6815040
0.0368050,0.6815017
0.0368100,0.6815081
0.0368150,0.6815203
0.0368200,0.6815347
0.0368250,0.6815479
0.0368300,0.6815577
0.0368350,0.6815655
0.0368400,0.6815750
0.0368450,0.6815897
0.0368500,0.6816105
0.0368550,0.6816350
0.0368600,0.6816597
0.0368650,0.6816817
0.0368700,0.6817001
0.0368750,0.6817156
0.0368800,0.6817291
0.0368850,0.6817437
0.0368900,0.6817625
0.0368950,0.6817866
0.0369000,0.6728513
0.0369050,0.6728581
0.0369100,0.6728684
0.0369150,0.6728773
0.0369200,0.6728828
0.0369250,0.6728854
0.0369300,0.6728875
0.0369350,0.6728917
0.0369400,0.6729004
0.0369450,0.6729156
0.0369500,0.6729383
0.0369550,0.6729680
0.0369600,0.6730020
0.0369650,0.6730365
0.0369700,0.6730694
0.0369750,0.6731007
0.0369800,0.6731276
0.0369850,0.6731483
0.0369900,0.6731653
0.0369950,0.6731839
0.0370000,0.6839992
0.0370050,0.6840181
0.0370100,0.6840454
0.0370150,0.6840743
0.0370200,0.6841004
0.0370250,0.6841206
0.0370300,0.6841330
0.0370350,0.6841395
0.0370400,0.6841430
0.0370450,0.6841461
0.0370500,0.6841508
0.0370550,0.6841588
0.0370600,0.6841722
0.0370650,0.6841917
0.0370700,0.6842139
0.0370750,0.6842327
0.0370800,0.6842458
0.0370850,0.6842568
0.0370900,0.6842704
0.0370950,0.6842900
0.0371000,0.7047910
0.0371050,0.7048093
0.0371100,0.7048424
0.0371150,0.7048848
0.0371200,0.7049311
0.0371250,0.7049777
0.0371300,0.7050245
0.0371350,0.7050729
0.0371400,0.7051261
0.0371450,0.7051875
0.0371500,0.7052575
0.0371550,0.7053328
0.0371600,0.7054071
0.0371650,0.7054736
0.0371700,0.7055294
0.0371750,0.7055763
0.0371800,0.7056181
0.0371850,0.7056588
0.0371900,0.7057004
0.0371950,0.7057425
0.0372000,0.6621979
0.0372050,0.6622213
0.0372100,0.6622467
0.0372150,0.6622728
0.0372200,0.6622968
0.0372250,0.6623153
0.0372300,0.6623276
0.0372350,0.6623369
0.0372400,0.6623466
0.0372450,0.6623584
0.0372500,0.6623713
0.0372550,0.6623833
0.0372600,0.6623936
0.0372650,0.6624017
0.0372700,0.6624069
0.0372750,0.6624084
0.0372800,0.6624050
0.0372850,0.6623966
0.0372900,0.6623835
0.0372950,0.6623670
0.0373000,0.6596028
0.0373050,0.6595880
0.0373100,0.6595800
0.0373150,0.6595784
0.0373200,0.6595823
0.0373250,0.6595901
0.0373300,0.6596007
0.0373350,0.6596142
0.0373400,0.6596296
0.0373450,0.6596450
0.0373500,0.6596587
0.0373550,0.6596700
0.0373600,0.6596794
0.0373650,0.6596864
0.0373700,0.6596895
0.0373750,0.6596876
0.0373800,0.6596815
0.0373850,0.6596744
0.0373900,0.6596701
0.0373950,0.6596714
0.0374000,0.6834775
0.0374050,0.6834819
0.0374100,0.6835035
0.0374150,0.6835409
0.0374200,0.6835918
0.0374250,0.6836526
0.0374300,0.6837180
0.0374350,0.6837823
0.0374400,0.6838427
0.0374450,0.6839002
0.0374500,0.6839566
0.0374550,0.6840133
0.0374600,0.6840693
0.0374650,0.6841216
0.0374700,0.6841669
0.0374750,0.6842040
0.0374800,0.6842343
0.0374850,0.6842587
0.0374900,0.6842779
0.0374950,0.6842937
0.0375000,0.6623771
0.0375050,0.6623770
0.0375100,0.6623907
0.0375150,0.6624175
0.0375200,0.6624532
0.0375250,0.6624938
0.0375300,0.6625370
0.0375350,0.6625820
0.0375400,0.6626284
0.0375450,0.6626769
0.0375500,0.6627278
0.0375550,0.6627812
0.0375600,0.6628366
0.0375650,0.6628935
0.0375700,0.6629519
0.0375750,0.6630111
0.0375800,0.6630691
0.0375850,0.6631240
0.0375900,0.6631759
0.0375950,0.6632266
0.0376000,0.6674695
0.0376050,0.6675213
0.0376100,0.6675797
0.0376150,0.6676404
0.0376200,0.6676990
0.0376250,0.6677519
0.0376300,0.6677976
0.0376350,0.6678380
0.0376400,0.6678768
0.0376450,0.6679177
0.0376500,0.6679631
0.0376550,0.6680135
0.0376600,0.6680662
0.0376650,0.6681170
0.0376700,0.6681630
0.0376750,0.6682034
0.0376800,0.6682403
0.0376850,0.6682763
0.0376900,0.6683131
0.0376950,0.6683519
0.0377000,0.6722524
0.0377050,0.6722912
0.0377100,0.6723358
0.0377150,0.6723838
0.0377200,0.6724349
0.0377250,0.6724890
0.0377300,0.6725459
0.0377350,0.6726044
0.0377400,0.6726625
0.0377450,0.6727186
0.0377500,0.6727719
0.0377550,0.6728228
0.0377600,0.6728718
0.0377650,0.6729185
0.0377700,0.6729637
0.0377750,0.6730100
0.0377800,0.6730609
0.0377850,0.6731184
0.0377900,0.6731838
0.0377950,0.6732565
0.0378000,0.6897563
0.0378050,0.6898137
0.0378100,0.6898811
0.0378150,0.6899578
0.0378200,0.6900389
0.0378250,0.6901183
0.0378300,0.6901916
0.0378350,0.6902571
0.0378400,0.6903162
0.0378450,0.6903712
0.0378500,0.6904247
0.0378550,0.6904785
0.0378600,0.6905330
0.0378650,0.6905864
0.0378700,0.6906340
0.0378750,0.6906717
0.0378800,0.6906988
0.0378850,0.6907189
0.0378900,0.6907379
0.0378950,0.6907610
0.0379000,0.6773083
0.0379050,0.6773289
0.0379100,0.6773601
0.0379150,0.6773978
0.0379200,0.6774361
0.0379250,0.6774720
0.0379300,0.6775075
0.0379350,0.6775457
0.0379400,0.6775869
0.0379450,0.6776293
0.0379500,0.6776715
0.0379550,0.6777121
0.0379600,0.6777495
0.0379650,0.6777825
0.0379700,0.6778105
0.0379750,0.6778345
0.0379800,0.6778568
0.0379850,0.6778799
0.0379900,0.6779053
0.0379950,0.6779319
0.0380000,0.6682188
0.0380050,0.6682514
0.0380100,0.6682972
0.0380150,0.6683529
0.0380200,0.6684129
0.0380250,0.6684723
0.0380300,0.6685285
0.0380350,0.6685814
0.0380400,0.6686322
0.0380450,0.6686816
0.0380500,0.6687296
0.0380550,0.6687754
0.0380600,0.6688179
0.0380650,0.6688548
0.0380700,0.6688835
0.0380750,0.6689014
0.0380800,0.6689089
0.0380850,0.6689111
0.0380900,0.6689144
0.0380950,0.6689223
0.0381000,0.6503457
0.0381050,0.6503620
0.0381100,0.6503889
0.0381150,0.6504252
0.0381200,0.6504676
0.0381250,0.6505109
0.0381300,0.6505505
0.0381350,0.6505858
0.0381400,0.6506190
0.0381450,0.6506540
0.0381500,0.6506943
0.0381550,0.6507410
0.0381600,0.6507914
0.0381650,0.6508416
0.0381700,0.6508887
0.0381750,0.6509305
0.0381800,0.6509654
0.0381850,0.6509918
0.0381900,0.6510106
0.0381950,0.6510246
0.0382000,0.6694119
0.0382050,0.6694202
0.0382100,0.6694316
0.0382150,0.6694462
0.0382200,0.6694661
0.0382250,0.6694946
0.0382300,0.6695332
0.0382350,0.6695793
0.0382400,0.6696278
0.0382450,0.6696748
0.0382500,0.6697214
0.0382550,0.6697716
0.0382600,0.6698272
0.0382650,0.6698863
0.0382700,0.6699450
0.0382750,0.6699995
0.0382800,0.6700472
0.0382850,0.6700880
0.0382900,0.6701243
0.0382950,0.6701598
0.0383000,0.6633828
0.0383050,0.6633997
0.0383100,0.6634265
0.0383150,0.6634589
0.0383200,0.6634922
0.0383250,0.6635234
0.0383300,0.6635505
0.0383350,0.6635734
0.0383400,0.6635948
0.0383450,0.6636182
0.0383500,0.6636451
0.0383550,0.6636727
0.0383600,0.6636943
0.0383650,0.6637045
0.0383700,0.6637013
0.0383750,0.6636868
0.0383800,0.6636666
0.0383850,0.6636473
0.0383900,0.6636342
0.0383950,0.6636301
0.0384000,0.6757845
0.0384050,0.6757881
0.0384100,0.6758039
0.0384150,0.6758279
0.0384200,0.6758574
0.0384250,0.6758907
0.0384300,0.6759258
0.0384350,0.6759621
0.0384400,0.6760011
0.0384450,0.6760437
0.0384500,0.6760893
0.0384550,0.6761351
0.0384600,0.6761766
0.0384650,0.6762104
0.0384700,0.6762357
0.0384750,0.6762552
0.0384800,0.6762735
0.0384850,0.6762946
0.0384900,0.6763201
0.0384950,0.6763497
0.0385000,0.6711223
0.0385050,0.6711330
0.0385100,0.6711498
0.0385150,0.6711697
0.0385200,0.6711900
0.0385250,0.6712105
0.0385300,0.6712332
0.0385350,0.6712603
0.0385400,0.6712947
0.0385450,0.6713382
0.0385500,0.6713897
0.0385550,0.6714454
0.0385600,0.6715017
0.0385650,0.6715567
0.0385700,0.6716086
0.0385750,0.6716561
0.0385800,0.6716995
0.0385850,0.6717387
0.0385900,0.6717740
0.0385950,0.6718052
0.0386000,0.6505077
0.0386050,0.6505293
0.0386100,0.6505482
0.0386150,0.6505630
0.0386200,0.6505742
0.0386250,0.6505834
0.0386300,0.6505940
0.0386350,0.6506086
0.0386400,0.6506262
0.0386450,0.6506433
0.0386500,0.6506564
0.0386550,0.6506642
0.0386600,0.6506678
0.0386650,0.6506694
0.0386700,0.6506718
0.0386750,0.6506774
0.0386800,0.6506889
0.0386850,0.6507067
0.0386900,0.6507271
0.0386950,0.6507449
0.0387000,0.6804678
0.0387050,0.6804664
0.0387100,0.6804633
0.0387150,0.6804563
0.0387200,0.6804450
0.0387250,0.6804311
0.0387300,0.6804174
0.0387350,0.6804063
0.0387400,0.6804008
0.0387450,0.6804031
0.0387500,0.6804131
0.0387550,0.6804279
0.0387600,0.6804439
0.0387650,0.6804597
0.0387700,0.6804762
0.0387750,0.6804967
0.0387800,0.6805245
0.0387850,0.6805605
0.0387900,0.6806028
0.0387950,0.6806466
0.0388000,0.6696825
0.0388050,0.6697050
0.0388100,0.6697237
0.0388150,0.6697379
0.0388200,0.6697505
0.0388250,0.6697668
0.0388300,0.6697899
0.0388350,0.6698178
0.0388400,0.6698463
0.0388450,0.6698709
0.0388500,0.6698888
0.0388550,0.6699002
0.0388600,0.6699080
0.0388650,0.6699164
0.0388700,0.6699274
0.0388750,0.6699398
0.0388800,0.6699504
0.0388850,0.6699570
0.0388900,0.6699610
0.0388950,0.6699648
0.0389000,0.6880059
0.0389050,0.6879838
0.0389100,0.6879721
0.0389150,0.6879708
0.0389200,0.6879789
0.0389250,0.6879953
0.0389300,0.6880200
0.0389350,0.6880520
0.0389400,0.6880894
0.0389450,0.6881293
0.0389500,0.6881683
0.0389550,0.6882029
0.0389600,0.6882311
0.0389650,0.6882536
0.0389700,0.6882718
0.0389750,0.6882869
0.0389800,0.6882999
0.0389850,0.6883105
0.0389900,0.6883171
0.0389950,0.6883185
0.0390000,0.6715679
0.0390050,0.6715554
0.0390100,0.6715520
0.0390150,0.6715589
0.0390200,0.6715759
0.0390250,0.6716004
0.0390300,0.6716286
0.0390350,0.6716571
0.0390400,0.6716842
0.0390450,0.6717093
0.0390500,0.6717335
0.0390550,0.6717584
0.0390600,0.6717850
0.0390650,0.6718124
0.0390700,0.6718381
0.0390750,0.6718600
0.0390800,0.6718774
0.0390850,0.6718906
0.0390900,0.6719007
0.0390950,0.6719088
0.0391000,0.6982880
0.0391050,0.6982698
0.0391100,0.6982578
0.0391150,0.6982523
0.0391200,0.6982514
0.0391250,0.6982525
0.0391300,0.6982529
0.0391350,0.6982516
0.0391400,0.6982508
0.0391450,0.6982526
0.0391500,0.6982579
0.0391550,0.6982673
0.0391600,0.6982818
0.0391650,0.6983004
0.0391700,0.6983202
0.0391750,0.6983396
0.0391800,0.6983594
0.0391850,0.6983815
0.0391900,0.6984082
0.0391950,0.6984405
0.0392000,0.6748598
0.0392050,0.6748820
0.0392100,0.6749097
0.0392150,0.6749400
0.0392200,0.6749707
0.0392250,0.6750004
0.0392300,0.6750285
0.0392350,0.6750568
0.0392400,0.6750885
0.0392450,0.6751259
0.0392500,0.6751701
0.0392550,0.6752201
0.0392600,0.6752734
0.0392650,0.6753274
0.0392700,0.6753805
0.0392750,0.6754320
0.0392800,0.6754824
0.0392850,0.6755321
0.0392900,0.6755812
0.0392950,0.6756284
0.0393000,0.6499809
0.0393050,0.6500312
0.0393100,0.6500833
0.0393150,0.6501320
0.0393200,0.6501744
0.0393250,0.6502105
0.0393300,0.6502427
0.0393350,0.6502744
0.0393400,0.6503080
0.0393450,0.6503442
0.0393500,0.6503806
0.0393550,0.6504143
0.0393600,0.6504435
0.0393650,0.6504674
0.0393700,0.6504863
0.0393750,0.6505031
0.0393800,0.6505215
0.0393850,0.6505449
0.0393900,0.6505742
0.0393950,0.6506090
0.0394000,0.6613518
0.0394050,0.6613801
0.0394100,0.6614137
0.0394150,0.6614489
0.0394200,0.6614852
0.0394250,0.6615236
0.0394300,0.6615637
0.0394350,0.6616037
0.0394400,0.6616417
0.0394450,0.6616777
0.0394500,0.6617106
0.0394550,0.6617390
0.0394600,0.6617641
0.0394650,0.6617880
0.0394700,0.6618107
0.0394750,0.6618301
0.0394800,0.6618450
0.0394850,0.6618565
0.0394900,0.6618674
0.0394950,0.6618811
0.0395000,0.6674613
0.0395050,0.6674686
0.0395100,0.6674894
0.0395150,0.6675221
0.0395200,0.6675644
0.0395250,0.6676155
0.0395300,0.6676736
0.0395350,0.6677344
0.0395400,0.6677935
0.0395450,0.6678485
0.0395500,0.6678994
0.0395550,0.6679464
0.0395600,0.6679898
0.0395650,0.6680297
0.0395700,0.6680643
0.0395750,0.6680918
0.0395800,0.6681131
0.0395850,0.6681317
0.0395900,0.6681507
0.0395950,0.6681724
0.0396000,0.6479594
0.0396050,0.6479739
0.0396100,0.6479993
0.0396150,0.6480327
0.0396200,0.6480708
0.0396250,0.6481118
0.0396300,0.6481551
0.0396350,0.6482012
0.0396400,0.6482489
0.0396450,0.6482961
0.0396500,0.6483420
0.0396550,0.6483867
0.0396600,0.6484305
0.0396650,0.6484734
0.0396700,0.6485154
0.0396750,0.6485569
0.0396800,0.6485967
0.0396850,0.6486326
0.0396900,0.6486618
0.0396950,0.6486854
0.0397000,0.6465960
0.0397050,0.6466190
0.0397100,0.6466440
0.0397150,0.6466671
0.0397200,0.6466877
0.0397250,0.6467088
0.0397300,0.6467345
0.0397350,0.6467673
0.0397400,0.6468052
0.0397450,0.6468434
0.0397500,0.6468773
0.0397550,0.6469045
0.0397600,0.6469259
0.0397650,0.6469427
0.0397700,0.6469571
0.0397750,0.6469725
0.0397800,0.6469907
0.0397850,0.6470124
0.0397900,0.6470380
0.0397950,0.6470685
0.0398000,0.6427680
0.0398050,0.6427830
0.0398100,0.6428040
0.0398150,0.6428291
0.0398200,0.6428583
0.0398250,0.6428921
0.0398300,0.6429301
0.0398350,0.6429699
0.0398400,0.6430064
0.0398450,0.6430364
0.0398500,0.6430604
0.0398550,0.6430802
0.0398600,0.6430979
0.0398650,0.6431126
0.0398700,0.6431230
0.0398750,0.6431267
0.0398800,0.6431223
0.0398850,0.6431107
0.0398900,0.6430937
0.0398950,0.6430747
0.0399000,0.6696432
0.0399050,0.6696251
0.0399100,0.6696203
0.0399150,0.6696240
0.0399200,0.6696331
0.0399250,0.6696454
0.0399300,0.6696599
0.0399350,0.6696764
0.0399400,0.6696957
0.0399450,0.6697201
0.0399500,0.6697512
0.0399550,0.6697876
0.0399600,0.6698248
0.0399650,0.6698567
0.0399700,0.6698801
0.0399750,0.6698943
0.0399800,0.6699007
0.0399850,0.6699034
0.0399900,0.6699075
0.0399950,0.6699173
0.0400000,0.6812872
0.0400050,0.6812778
0.0400100,0.6812783
0.0400150,0.6812843
0.0400200,0.6812924
0.0400250,0.6813021
0.0400300,0.6813157
0.0400350,0.6813349
0.0400400,0.6813599
0.0400450,0.6813913
0.0400500,0.6814285
0.0400550,0.6814692
0.0400600,0.6815099
0.0400650,0.6815481
0.0400700,0.6815837
0.0400750,0.6816159
0.0400800,0.6816437
0.0400850,0.6816681
0.0400900,0.6816906
0.0400950,0.6817129
0.0401000,0.7006666
0.0401050,0.7006725
0.0401100,0.7006826
0.0401150,0.7006940
0.0401200,0.7007050
0.0401250,0.7007143
0.0401300,0.7007232
0.0401350,0.7007346
0.0401400,0.7007509
0.0401450,0.7007733
0.0401500,0.7008002
0.0401550,0.7008301
0.0401600,0.7008606
0.0401650,0.7008885
0.0401700,0.7009119
0.0401750,0.7009310
0.0401800,0.7009478
0.0401850,0.7009635
0.0401900,0.7009781
0.0401950,0.7009905
0.0402000,0.7011692
0.0402050,0.7011867
0.0402100,0.7012077
0.0402150,0.7012299
0.0402200,0.7012510
0.0402250,0.7012704
0.0402300,0.7012915
0.0402350,0.7013186
0.0402400,0.7013522
0.0402450,0.7013889
0.0402500,0.7014218
0.0402550,0.7014453
0.0402600,0.7014571
0.0402650,0.7014601
0.0402700,0.7014593
0.0402750,0.7014581
0.0402800,0.7014584
0.0402850,0.7014591
0.0402900,0.7014578
0.0402950,0.7014528
0.0403000,0.6959086
0.0403050,0.6958830
0.0403100,0.6958647
0.0403150,0.6958532
0.0403200,0.6958478
0.0403250,0.6958473
0.0403300,0.6958505
0.0403350,0.6958559
0.0403400,0.6958629
0.0403450,0.6958722
0.0403500,0.6958853
0.0403550,0.6959034
0.0403600,0.6959240
0.0403650,0.6959430
0.0403700,0.6959576
0.0403750,0.6959678
0.0403800,0.6959768
0.0403850,0.6959872
0.0403900,0.6960003
0.0403950,0.6960158
0.0404000,0.6998179
0.0404050,0.6998144
0.0404100,0.6998144
0.0404150,0.6998172
0.0404200,0.6998226
0.0404250,0.6998308
0.0404300,0.6998423
0.0404350,0.6998548
0.0404400,0.6998672
0.0404450,0.6998794
0.0404500,0.6998910
0.0404550,0.6999024
0.0404600,0.6999137
0.0404650,0.6999260
0.0404700,0.6999393
0.0404750,0.6999528
0.0404800,0.6999667
0.0404850,0.6999805
0.0404900,0.6999937
0.0404950,0.7000061
0.0405000,0.6992045
0.0405050,0.6992148
0.0405100,0.6992328
0.0405150,0.6992590
0.0405200,0.6992921
0.0405250,0.6993281
0.0405300,0.6993629
0.0405350,0.6993928
0.0405400,0.6994165
0.0405450,0.6994340
0.0405500,0.6994472
0.0405550,0.6994590
0.0405600,0.6994714
0.0405650,0.6994851
0.0405700,0.6994978
0.0405750,0.6995068
0.0405800,0.6995104
0.0405850,0.6995091
0.0405900,0.6995053
0.0405950,0.6995008
0.0406000,0.6799340
0.0406050,0.6799061
0.0406100,0.6798859
0.0406150,0.6798733
0.0406200,0.6798680
0.0406250,0.6798707
0.0406300,0.6798808
0.0406350,0.6798961
0.0406400,0.6799156
0.0406450,0.6799398
0.0406500,0.6799691
0.0406550,0.6800032
0.0406600,0.6800391
0.0406650,0.6800711
0.0406700,0.6800929
0.0406750,0.6801014
0.0406800,0.6800989
0.0406850,0.6800909
0.0406900,0.6800834
0.0406950,0.6800801
0.0407000,0.6680756
0.0407050,0.6680780
0.0407100,0.6680855
0.0407150,0.6680965
0.0407200,0.6681100
0.0407250,0.6681264
0.0407300,0.6681450
0.0407350,0.6681651
0.0407400,0.6681873
0.0407450,0.6682118
0.0407500,0.6682372
0.0407550,0.6682612
0.0407600,0.6682836
0.0407650,0.6683070
0.0407700,0.6683327
0.0407750,0.6683615
0.0407800,0.6683929
0.0407850,0.6684247
0.0407900,0.6684554
0.0407950,0.6684840
0.0408000,0.6656231
0.0408050,0.6656363
0.0408100,0.6656489
0.0408150,0.6656660
0.0408200,0.6656901
0.0408250,0.6657212
0.0408300,0.6657561
0.0408350,0.6657898
0.0408400,0.6658177
0.0408450,0.6658375
0.0408500,0.6658515
0.0408550,0.6658651
0.0408600,0.6658833
0.0408650,0.6659081
0.0408700,0.6659381
0.0408750,0.6659696
0.0408800,0.6659991
0.0408850,0.6660231
0.0408900,0.6660392
0.0408950,0.6660494
0.0409000,0.6475273
0.0409050,0.6475269
0.0409100,0.6475332
0.0409150,0.6475424
0.0409200,0.6475491
0.0409250,0.6475501
0.0409300,0.6475449
0.0409350,0.6475349
0.0409400,0.6475221
0.0409450,0.6475084
0.0409500,0.6474952
0.0409550,0.6474818
0.0409600,0.6474670
0.0409650,0.6474494
0.0409700,0.6474270
0.0409750,0.6473992
0.0409800,0.6473668
0.0409850,0.6473315
0.0409900,0.6472949
0.0409950,0.6472603
0.0410000,0.6967858
0.0410050,0.6967475
0.0410100,0.6967201
0.0410150,0.6967023
0.0410200,0.6966924
0.0410250,0.6966889
0.0410300,0.6966917
0.0410350,0.6967027
0.0410400,0.6967239
0.0410450,0.6967540
0.0410500,0.6967883
0.0410550,0.6968216
0.0410600,0.6968521
0.0410650,0.6968805
0.0410700,0.6969073
0.0410750,0.6969330
0.0410800,0.6969580
0.0410850,0.6969833
0.0410900,0.6970086
0.0410950,0.6970332
0.0411000,0.6999267
0.0411050,0.6999307
0.0411100,0.6999385
0.0411150,0.6999513
0.0411200,0.6999698
0.0411250,0.6999921
0.0411300,0.7000152
0.0411350,0.7000364
0.0411400,0.7000535
0.0411450,0.7000680
0.0411500,0.7000853
0.0411550,0.7001120
0.0411600,0.7001504
0.0411650,0.7001977
0.0411700,0.7002476
0.0411750,0.7002923
0.0411800,0.7003247
0.0411850,0.7003419
0.0411900,0.7003475
0.0411950,0.7003489
0.0412000,0.6783268
0.0412050,0.6783543
0.0412100,0.6783936
0.0412150,0.6784373
0.0412200,0.6784790
0.0412250,0.6785172
0.0412300,0.6785551
0.0412350,0.6785969
0.0412400,0.6786451
0.0412450,0.6787002
0.0412500,0.6787608
0.0412550,0.6788248
0.0412600,0.6788880
0.0412650,0.6789456
0.0412700,0.6789932
0.0412750,0.6790289
0.0412800,0.6790554
0.0412850,0.6790774
0.0412900,0.6790987
0.0412950,0.6791207
0.0413000,0.6596810
0.0413050,0.6596816
0.0413100,0.6596839
0.0413150,0.6596873
0.0413200,0.6596916
0.0413250,0.6596976
0.0413300,0.6597080
0.0413350,0.6597241
0.0413400,0.6597450
0.0413450,0.6597681
0.0413500,0.6597910
0.0413550,0.6598123
0.0413600,0.6598321
0.0413650,0.6598526
0.0413700,0.6598767
0.0413750,0.6599065
0.0413800,0.6599417
0.0413850,0.6599808
0.0413900,0.6600226
0.0413950,0.6600666
0.0414000,0.6856784
0.0414050,0.6856943
0.0414100,0.6857162
0.0414150,0.6857471
0.0414200,0.6857871
0.0414250,0.6858349
0.0414300,0.6858857
0.0414350,0.6859333
0.0414400,0.6859732
0.0414450,0.6860044
0.0414500,0.6860301
0.0414550,0.6860540
0.0414600,0.6860782
0.0414650,0.6861034
0.0414700,0.6861277
0.0414750,0.6861485
0.0414800,0.6861637
0.0414850,0.6861735
0.0414900,0.6861799
0.0414950,0.6861850
0.0415000,0.6762558
0.0415050,0.6762639
0.0415100,0.6762806
0.0415150,0.6763053
0.0415200,0.6763362
0.0415250,0.6763708
0.0415300,0.6764067
0.0415350,0.6764426
0.0415400,0.6764770
0.0415450,0.6765093
0.0415500,0.6765395
0.0415550,0.6765656
0.0415600,0.6765842
0.0415650,0.6765939
0.0415700,0.6765962
0.0415750,0.6765934
0.0415800,0.6765858
0.0415850,0.6765736
0.0415900,0.6765595
0.0415950,0.6765464
0.0416000,0.6671871
0.0416050,0.6671710
0.0416100,0.6671637
0.0416150,0.6671667
0.0416200,0.6671821
0.0416250,0.6672115
0.0416300,0.6672537
0.0416350,0.6673049
0.0416400,0.6673597
0.0416450,0.6674124
0.0416500,0.6674599
0.0416550,0.6675014
0.0416600,0.6675368
0.0416650,0.6675667
0.0416700,0.6675930
0.0416750,0.6676187
0.0416800,0.6676433
0.0416850,0.6676635
0.0416900,0.6676749
0.0416950,0.6676754
0.0417000,0.6825667
0.0417050,0.6825503
0.0417100,0.6825438
0.0417150,0.6825492
0.0417200,0.6825652
0.0417250,0.6825889
0.0417300,0.6826165
0.0417350,0.6826442
0.0417400,0.6826690
0.0417450,0.6826912
0.0417500,0.6827135
0.0417550,0.6827386
0.0417600,0.6827670
0.0417650,0.6827973
0.0417700,0.6828265
0.0417750,0.6828514
0.0417800,0.6828702
0.0417850,0.6828841
0.0417900,0.6828972
0.0417950,0.6829126
0.0418000,0.6618454
0.0418050,0.6618506
0.0418100,0.6618639
0.0418150,0.6618834
0.0418200,0.6619065
0.0418250,0.6619300
0.0418300,0.6619515
0.0418350,0.6619720
0.0418400,0.6619951
0.0418450,0.6620228
0.0418500,0.6620539
0.0418550,0.6620839
0.0418600,0.6621090
0.0418650,0.6621272
0.0418700,0.6621395
0.0418750,0.6621473
0.0418800,0.6621523
0.0418850,0.6621559
0.0418900,0.6621577
0.0418950,0.6621584
0.0419000,0.6843625
0.0419050,0.6843705
0.0419100,0.6843866
0.0419150,0.6844059
0.0419200,0.6844267
0.0419250,0.6844501
0.0419300,0.6844776
0.0419350,0.6845109
0.0419400,0.6845492
0.0419450,0.6845900
0.0419500,0.6846319
0.0419550,0.6846751
0.0419600,0.6847195
0.0419650,0.6847626
0.0419700,0.6848026
0.0419750,0.6848393
0.0419800,0.6848728
0.0419850,0.6849041
0.0419900,0.6849344
0.0419950,0.6849646
0.0420000,0.6895191
0.0420050,0.6895217
0.0420100,0.6895268
0.0420150,0.6895372
0.0420200,0.6895561
0.0420250,0.6895854
0.0420300,0.6896240
0.0420350,0.6896688
0.0420400,0.6897157
0.0420450,0.6897626
0.0420500,0.6898108
0.0420550,0.6898634
0.0420600,0.6899229
0.0420650,0.6899875
0.0420700,0.6900534
0.0420750,0.6901165
0.0420800,0.6901729
0.0420850,0.6902204
0.0420900,0.6902573
0.0420950,0.6902843
0.0421000,0.6865109
0.0421050,0.6865165
0.0421100,0.6865271
0.0421150,0.6865448
0.0421200,0.6865704
0.0421250,0.6866041
0.0421300,0.6866451
0.0421350,0.6866920
0.0421400,0.6867420
0.0421450,0.6867921
0.0421500,0.6868404
0.0421550,0.6868860
0.0421600,0.6869281
0.0421650,0.6869661
0.0421700,0.6869999
0.0421750,0.6870301
0.0421800,0.6870575
0.0421850,0.6870824
0.0421900,0.6871050
0.0421950,0.6871252
0.0422000,0.6793858
0.0422050,0.6794087
0.0422100,0.6794419
0.0422150,0.6794822
0.0422200,0.6795282
0.0422250,0.6795788
0.0422300,0.6796328
0.0422350,0.6796881
0.0422400,0.6797429
0.0422450,0.6797963
0.0422500,0.6798498
0.0422550,0.6799061
0.0422600,0.6799652
0.0422650,0.6800236
0.0422700,0.6800784
0.0422750,0.6801291
0.0422800,0.6801771
0.0422850,0.6802238
0.0422900,0.6802702
0.0422950,0.6803167
0.0423000,0.6673581
0.0423050,0.6673882
0.0423100,0.6674191
0.0423150,0.6674480
0.0423200,0.6674732
0.0423250,0.6674940
0.0423300,0.6675123
0.0423350,0.6675331
0.0423400,0.6675607
0.0423450,0.6675962
0.0423500,0.6676375
0.0423550,0.6676816
0.0423600,0.6677254
0.0423650,0.6677669
0.0423700,0.6678049
0.0423750,0.6678382
0.0423800,0.6678665
0.0423850,0.6678926
0.0423900,0.6679198
0.0423950,0.6679495
0.0424000,0.6599326
0.0424050,0.6599431
0.0424100,0.6599590
0.0424150,0.6599806
0.0424200,0.6600069
0.0424250,0.6600363
0.0424300,0.6600672
0.0424350,0.6600979
0.0424400,0.6601265
0.0424450,0.6601531
0.0424500,0.6601802
0.0424550,0.6602104
0.0424600,0.6602444
0.0424650,0.6602810
0.0424700,0.6603184
0.0424750,0.6603565
0.0424800,0.6603960
0.0424850,0.6604377
0.0424900,0.6604808
0.0424950,0.6605240
0.0425000,0.6750438
0.0425050,0.6750710
0.0425100,0.6751061
0.0425150,0.6751489
0.0425200,0.6751981
0.0425250,0.6752514
0.0425300,0.6753071
0.0425350,0.6753632
0.0425400,0.6754162
0.0425450,0.6754653
0.0425500,0.6755118
0.0425550,0.6755582
0.0425600,0.6756056
0.0425650,0.6756519
0.0425700,0.6756934
0.0425750,0.6757255
0.0425800,0.6757460
0.0425850,0.6757563
0.0425900,0.6757595
0.0425950,0.6757608
0.0426000,0.6791835
0.0426050,0.6791838
0.0426100,0.6791929
0.0426150,0.6792086
0.0426200,0.6792279
0.0426250,0.6792473
0.0426300,0.6792647
0.0426350,0.6792806
0.0426400,0.6792974
0.0426450,0.6793184
0.0426500,0.6793454
0.0426550,0.6793771
0.0426600,0.6794109
0.0426650,0.6794434
0.0426700,0.6794724
0.0426750,0.6794982
0.0426800,0.6795221
0.0426850,0.6795471
0.0426900,0.6795754
0.0426950,0.6796072
0.0427000,0.6947934
0.0427050,0.6948184
0.0427100,0.6948561
0.0427150,0.6949013
0.0427200,0.6949482
0.0427250,0.6949916
0.0427300,0.6950299
0.0427350,0.6950647
0.0427400,0.6950970
0.0427450,0.6951280
0.0427500,0.6951591
0.0427550,0.6951917
0.0427600,0.6952273
0.0427650,0.6952632
0.0427700,0.6952954
0.0427750,0.6953204
0.0427800,0.6953382
0.0427850,0.6953528
0.0427900,0.6953692
0.0427950,0.6953905
0.0428000,0.6886582
0.0428050,0.6886589
0.0428100,0.6886689
0.0428150,0.6886877
0.0428200,0.6887141
0.0428250,0.6887454
0.0428300,0.6887792
0.0428350,0.6888150
0.0428400,0.6888533
0.0428450,0.6888970
0.0428500,0.6889476
0.0428550,0.6890053
0.0428600,0.6890656
0.0428650,0.6891220
0.0428700,0.6891700
0.0428750,0.6892096
0.0428800,0.6892437
0.0428850,0.6892759
0.0428900,0.6893090
0.0428950,0.6893440
0.0429000,0.6851245
0.0429050,0.6851686
0.0429100,0.6852220
0.0429150,0.6852806
0.0429200,0.6853401
0.0429250,0.6853965
0.0429300,0.6854483
0.0429350,0.6854965
0.0429400,0.6855443
0.0429450,0.6855954
0.0429500,0.6856513
0.0429550,0.6857116
0.0429600,0.6857721
0.0429650,0.6858289
0.0429700,0.6858802
0.0429750,0.6859260
0.0429800,0.6859689
0.0429850,0.6860129
0.0429900,0.6860616
0.0429950,0.6861160
0.0430000,0.6702448
0.0430050,0.6702850
0.0430100,0.6703257
0.0430150,0.6703673
0.0430200,0.6704109
0.0430250,0.6704577
0.0430300,0.6705072
0.0430350,0.6705587
0.0430400,0.6706132
0.0430450,0.6706715
0.0430500,0.6707322
0.0430550,0.6707915
0.0430600,0.6708459
0.0430650,0.6708943
0.0430700,0.6709366
0.0430750,0.6709726
0.0430800,0.6710034
0.0430850,0.6710309
0.0430900,0.6710569
0.0430950,0.6710825
0.0431000,0.6771794
0.0431050,0.6772023
0.0431100,0.6772288
0.0431150,0.6772579
0.0431200,0.6772893
0.0431250,0.6773239
0.0431300,0.6773631
0.0431350,0.6774081
0.0431400,0.6774575
0.0431450,0.6775072
0.0431500,0.6775513
0.0431550,0.6775850
0.0431600,0.6776066
0.0431650,0.6776166
0.0431700,0.6776182
0.0431750,0.6776155
0.0431800,0.6776130
0.0431850,0.6776139
0.0431900,0.6776196
0.0431950,0.6776305
0.0432000,0.6598108
0.0432050,0.6598254
0.0432100,0.6598478
0.0432150,0.6598750
0.0432200,0.6599056
0.0432250,0.6599400
0.0432300,0.6599782
0.0432350,0.6600186
0.0432400,0.6600590
0.0432450,0.6600967
0.0432500,0.6601293
0.0432550,0.6601547
0.0432600,0.6601728
0.0432650,0.6601857
0.0432700,0.6601959
0.0432750,0.6602048
0.0432800,0.6602137
0.0432850,0.6602249
0.0432900,0.6602406
0.0432950,0.6602602
0.0433000,0.6535300
0.0433050,0.6535328
0.0433100,0.6535421
0.0433150,0.6535597
0.0433200,0.6535868
0.0433250,0.6536235
0.0433300,0.6536681
0.0433350,0.6537166
0.0433400,0.6537643
0.0433450,0.6538070
0.0433500,0.6538437
0.0433550,0.6538759
0.0433600,0.6539055
0.0433650,0.6539333
0.0433700,0.6539587
0.0433750,0.6539819
0.0433800,0.6540045
0.0433850,0.6540295
0.0433900,0.6540587
0.0433950,0.6540916
0.0434000,0.6671046
0.0434050,0.6671320
0.0434100,0.6671670
0.0434150,0.6672063
0.0434200,0.6672460
0.0434250,0.6672826
0.0434300,0.6673133
0.0434350,0.6673370
0.0434400,0.6673540
0.0434450,0.6673648
0.0434500,0.6673703
0.0434550,0.6673715
0.0434600,0.6673713
0.0434650,0.6673737
0.0434700,0.6673817
0.0434750,0.6673966
0.0434800,0.6674164
0.0434850,0.6674381
0.0434900,0.6674586
0.0434950,0.6674762
0.0435000,0.6714829
0.0435050,0.6714791
0.0435100,0.6714822
0.0435150,0.6714927
0.0435200,0.6715089
0.0435250,0.6715276
0.0435300,0.6715457
0.0435350,0.6715635
0.0435400,0.6715843
0.0435450,0.6716114
0.0435500,0.6716463
0.0435550,0.6716878
0.0435600,0.6717341
0.0435650,0.6717830
0.0435700,0.6718307
0.0435750,0.6718743
0.0435800,0.6719133
0.0435850,0.6719500
0.0435900,0.6719863
0.0435950,0.6720213
0.0436000,0.6623892
0.0436050,0.6624023
0.0436100,0.6624179
0.0436150,0.6624360
0.0436200,0.6624559
0.0436250,0.6624753
0.0436300,0.6624916
0.0436350,0.6625045
0.0436400,0.6625161
0.0436450,0.6625300
0.0436500,0.6625475
0.0436550,0.6625661
0.0436600,0.6625842
0.0436650,0.6626025
0.0436700,0.6626232
0.0436750,0.6626470
0.0436800,0.6626726
0.0436850,0.6626991
0.0436900,0.6627261
0.0436950,0.6627529
0.0437000,0.6951088
0.0437050,0.6951149
0.0437100,0.6951295
0.0437150,0.6951516
0.0437200,0.6951788
0.0437250,0.6952070
0.0437300,0.6952315
0.0437350,0.6952492
0.0437400,0.6952573
0.0437450,0.6952543
0.0437500,0.6952408
0.0437550,0.6952213
0.0437600,0.6952011
0.0437650,0.6951840
0.0437700,0.6951724
0.0437750,0.6951657
0.0437800,0.6951631
0.0437850,0.6951634
0.0437900,0.6951658
0.0437950,0.6951708
0.0438000,0.6979632
0.0438050,0.6979773
0.0438100,0.6980004
0.0438150,0.6980279
0.0438200,0.6980568
0.0438250,0.6980852
0.0438300,0.6981118
0.0438350,0.6981360
0.0438400,0.6981570
0.0438450,0.6981758
0.0438500,0.6981938
0.0438550,0.6982119
0.0438600,0.6982289
0.0438650,0.6982406
0.0438700,0.6982447
0.0438750,0.6982423
0.0438800,0.6982371
0.0438850,0.6982320
0.0438900,0.6982290
0.0438950,0.6982291
0.0439000,0.6836775
0.0439050,0.6836675
0.0439100,0.6836660
0.0439150,0.6836735
0.0439200,0.6836905
0.0439250,0.6837166
0.0439300,0.6837502
0.0439350,0.6837891
0.0439400,0.6838317
0.0439450,0.6838767
0.0439500,0.6839229
0.0439550,0.6839698
0.0439600,0.6840177
0.0439650,0.6840659
0.0439700,0.6841130
0.0439750,0.6841565
0.0439800,0.6841949
0.0439850,0.6842275
0.0439900,0.6842543
0.0439950,0.6842777
0.0440000,0.6634989
0.0440050,0.6634845
0.0440100,0.6634782
0.0440150,0.6634769
0.0440200,0.6634782
0.0440250,0.6634816
0.0440300,0.6634874
0.0440350,0.6634966
0.0440400,0.6635112
0.0440450,0.6635333
0.0440500,0.6635633
0.0440550,0.6635997
0.0440600,0.6636387
0.0440650,0.6636759
0.0440700,0.6637082
0.0440750,0.6637352
0.0440800,0.6637591
0.0440850,0.6637821
0.0440900,0.6638067
0.0440950,0.6638349
0.0441000,0.6835581
0.0441050,0.6835683
0.0441100,0.6835846
0.0441150,0.6836054
0.0441200,0.6836292
0.0441250,0.6836543
0.0441300,0.6836805
0.0441350,0.6837078
0.0441400,0.6837365
0.0441450,0.6837658
0.0441500,0.6837948
0.0441550,0.6838233
0.0441600,0.6838497
0.0441650,0.6838718
0.0441700,0.6838887
0.0441750,0.6839011
0.0441800,0.6839118
0.0441850,0.6839234
0.0441900,0.6839388
0.0441950,0.6839587
0.0442000,0.6792763
0.0442050,0.6792979
0.0442100,0.6793266
0.0442150,0.6793621
0.0442200,0.6794030
0.0442250,0.6794481
0.0442300,0.6794971
0.0442350,0.6795507
0.0442400,0.6796098
0.0442450,0.6796734
0.0442500,0.6797368
0.0442550,0.6797944
0.0442600,0.6798423
0.0442650,0.6798805
0.0442700,0.6799107
0.0442750,0.6799363
0.0442800,0.6799609
0.0442850,0.6799856
0.0442900,0.6800096
0.0442950,0.6800319
0.0443000,0.6755248
0.0443050,0.6755360
0.0443100,0.6755505
0.0443150,0.6755686
0.0443200,0.6755918
0.0443250,0.6756214
0.0443300,0.6756567
0.0443350,0.6756952
0.0443400,0.6757346
0.0443450,0.6757736
0.0443500,0.6758117
0.0443550,0.6758493
0.0443600,0.6758865
0.0443650,0.6759234
0.0443700,0.6759609
0.0443750,0.6760008
0.0443800,0.6760448
0.0443850,0.6760932
0.0443900,0.6761442
0.0443950,0.6761948
0.0444000,0.6702346
0.0444050,0.6702685
0.0444100,0.6703083
0.0444150,0.6703541
0.0444200,0.6704040
0.0444250,0.6704548
0.0444300,0.6705029
0.0444350,0.6705456
0.0444400,0.6705822
0.0444450,0.6706143
0.0444500,0.6706445
0.0444550,0.6706747
0.0444600,0.6707062
0.0444650,0.6707390
0.0444700,0.6707726
0.0444750,0.6708069
0.0444800,0.6708404
0.0444850,0.6708713
0.0444900,0.6708988
0.0444950,0.6709235
0.0445000,0.7040311
0.0445050,0.7040559
0.0445100,0.7040861
0.0445150,0.7041178
0.0445200,0.7041465
0.0445250,0.7041689
0.0445300,0.7041845
0.0445350,0.7041959
0.0445400,0.7042064
0.0445450,0.7042189
0.0445500,0.7042340
0.0445550,0.7042515
0.0445600,0.7042708
0.0445650,0.7042890
0.0445700,0.7043040
0.0445750,0.7043143
0.0445800,0.7043206
0.0445850,0.7043259
0.0445900,0.7043338
0.0445950,0.7043456
0.0446000,0.6659765
0.0446050,0.6659859
0.0446100,0.6659987
0.0446150,0.6660143
0.0446200,0.6660317
0.0446250,0.6660488
0.0446300,0.6660632
0.0446350,0.6660745
0.0446400,0.6660830
0.0446450,0.6660895
0.0446500,0.6660938
0.0446550,0.6660948
0.0446600,0.6660921
0.0446650,0.6660856
0.0446700,0.6660760
0.0446750,0.6660646
0.0446800,0.6660526
0.0446850,0.6660420
0.0446900,0.6660352
0.0446950,0.6660335
0.0447000,0.6842851
0.0447050,0.6842836
0.0447100,0.6842849
0.0447150,0.6842864
0.0447200,0.6842865
0.0447250,0.6842839
0.0447300,0.6842794
0.0447350,0.6842754
0.0447400,0.6842743
0.0447450,0.6842775
0.0447500,0.6842854
0.0447550,0.6842960
0.0447600,0.6843062
0.0447650,0.6843144
0.0447700,0.6843224
0.0447750,0.6843329
0.0447800,0.6843472
0.0447850,0.6843652
0.0447900,0.6843870
0.0447950,0.6844132
0.0448000,0.6844777
0.0448050,0.6844822
0.0448100,0.6844958
0.0448150,0.6845126
0.0448200,0.6845294
0.0448250,0.6845486
0.0448300,0.6845765
0.0448350,0.6846191
0.0448400,0.6846771
0.0448450,0.6847458
0.0448500,0.6848190
0.0448550,0.6848923
0.0448600,0.6849622
0.0448650,0.6850267
0.0448700,0.6850854
0.0448750,0.6851403
0.0448800,0.6851937
0.0448850,0.6852447
0.0448900,0.6852908
0.0448950,0.6853307
0.0449000,0.6739295
0.0449050,0.6739409
0.0449100,0.6739592
0.0449150,0.6739884
0.0449200,0.6740306
0.0449250,0.6740828
0.0449300,0.6741381
0.0449350,0.6741900
0.0449400,0.6742358
0.0449450,0.6742776
0.0449500,0.6743203
0.0449550,0.6743664
0.0449600,0.6744137
0.0449650,0.6744571
0.0449700,0.6744933
0.0449750,0.6745231
0.0449800,0.6745497
0.0449850,0.6745765
0.0449900,0.6746057
0.0449950,0.6746384
0.0450000,0.6832090
0.0450050,0.6832405
0.0450100,0.6832807
0.0450150,0.6833294
0.0450200,0.6833857
0.0450250,0.6834467
0.0450300,0.6835064
0.0450350,0.6835595
0.0450400,0.6836045
0.0450450,0.6836438
0.0450500,0.6836822
0.0450550,0.6837248
0.0450600,0.6837733
0.0450650,0.6838268
0.0450700,0.6838824
0.0450750,0.6839384
0.0450800,0.6839934
0.0450850,0.6840456
0.0450900,0.6840925
0.0450950,0.6841328
0.0451000,0.6753077
0.0451050,0.6753203
0.0451100,0.6753381
0.0451150,0.6753630
0.0451200,0.6753940
0.0451250,0.6754290
0.0451300,0.6754662
0.0451350,0.6755055
0.0451400,0.6755489
0.0451450,0.6755985
0.0451500,0.6756536
0.0451550,0.6757104
0.0451600,0.6757647
0.0451650,0.6758126
0.0451700,0.6758516
0.0451750,0.6758817
0.0451800,0.6759053
0.0451850,0.6759254
0.0451900,0.6759449
0.0451950,0.6759653
0.0452000,0.6790660
0.0452050,0.6790489
0.0452100,0.6790372
0.0452150,0.6790330
0.0452200,0.6790367
0.0452250,0.6790467
0.0452300,0.6790601
0.0452350,0.6790745
0.0452400,0.6790888
0.0452450,0.6791032
0.0452500,0.6791193
0.0452550,0.6791404
0.0452600,0.6791672
0.0452650,0.6791975
0.0452700,0.6792271
0.0452750,0.6792533
0.0452800,0.6792765
0.0452850,0.6792983
0.0452900,0.6793196
0.0452950,0.6793401
0.0453000,0.6836948
0.0453050,0.6837049
0.0453100,0.6837188
0.0453150,0.6837340
0.0453200,0.6837498
0.0453250,0.6837664
0.0453300,0.6837850
0.0453350,0.6838072
0.0453400,0.6838345
0.0453450,0.6838662
0.0453500,0.6839000
0.0453550,0.6839333
0.0453600,0.6839628
0.0453650,0.6839868
0.0453700,0.6840046
0.0453750,0.6840165
0.0453800,0.6840247
0.0453850,0.6840313
0.0453900,0.6840378
0.0453950,0.6840443
0.0454000,0.6735015
0.0454050,0.6734946
0.0454100,0.6734952
0.0454150,0.6735028
0.0454200,0.6735155
0.0454250,0.6735317
0.0454300,0.6735504
0.0454350,0.6735709
0.0454400,0.6735939
0.0454450,0.6736196
0.0454500,0.6736479
0.0454550,0.6736793
0.0454600,0.6737157
0.0454650,0.6737583
0.0454700,0.6738040
0.0454750,0.6738476
0.0454800,0.6738849
0.0454850,0.6739159
0.0454900,0.6739431
0.0454950,0.6739685
0.0455000,0.6838383
0.0455050,0.6838403
0.0455100,0.6838482
0.0455150,0.6838620
0.0455200,0.6838804
0.0455250,0.6839012
0.0455300,0.6839225
0.0455350,0.6839451
0.0455400,0.6839720
0.0455450,0.6840058
0.0455500,0.6840467
0.0455550,0.6840927
0.0455600,0.6841397
0.0455650,0.6841826
0.0455700,0.6842184
0.0455750,0.6842467
0.0455800,0.6842707
0.0455850,0.6842952
0.0455900,0.6843240
0.0455950,0.6843585
0.0456000,0.6782028
0.0456050,0.6782368
0.0456100,0.6782793
0.0456150,0.6783281
0.0456200,0.6783805
0.0456250,0.6784334
0.0456300,0.6784829
0.0456350,0.6785258
0.0456400,0.6785619
0.0456450,0.6785928
0.0456500,0.6786194
0.0456550,0.6786416
0.0456600,0.6786591
0.0456650,0.6786709
0.0456700,0.6786761
0.0456750,0.6786745
0.0456800,0.6786673
0.0456850,0.6786557
0.0456900,0.6786410
0.0456950,0.6786258
0.0457000,0.6759954
0.0457050,0.6759841
0.0457100,0.6759785
0.0457150,0.6759760
0.0457200,0.6759739
0.0457250,0.6759706
0.0457300,0.6759668
0.0457350,0.6759627
0.0457400,0.6759589
0.0457450,0.6759566
0.0457500,0.6759585
0.0457550,0.6759666
0.0457600,0.6759812
0.0457650,0.6760015
0.0457700,0.6760265
0.0457750,0.6760547
0.0457800,0.6760849
0.0457850,0.6761158
0.0457900,0.6761463
0.0457950,0.6761753
0.0458000,0.6767989
0.0458050,0.6767830
0.0458100,0.6767703
0.0458150,0.6767588
0.0458200,0.6767472
0.0458250,0.6767350
0.0458300,0.6767229
0.0458350,0.6767138
0.0458400,0.6767109
0.0458450,0.6767152
0.0458500,0.6767259
0.0458550,0.6767407
0.0458600,0.6767574
0.0458650,0.6767752
0.0458700,0.6767937
0.0458750,0.6768135
0.0458800,0.6768342
0.0458850,0.6768562
0.0458900,0.6768807
0.0458950,0.6769075
0.0459000,0.6915757
0.0459050,0.6915823
0.0459100,0.6915941
0.0459150,0.6916086
0.0459200,0.6916219
0.0459250,0.6916321
0.0459300,0.6916412
0.0459350,0.6916532
0.0459400,0.6916719
0.0459450,0.6916983
0.0459500,0.6917307
0.0459550,0.6917657
0.0459600,0.6917994
0.0459650,0.6918290
0.0459700,0.6918531
0.0459750,0.6918724
0.0459800,0.6918892
0.0459850,0.6919065
0.0459900,0.6919274
0.0459950,0.6919533
0.0460000,0.6877319
0.0460050,0.6877484
0.0460100,0.6877698
0.0460150,0.6877913
0.0460200,0.6878105
0.0460250,0.6878288
0.0460300,0.6878499
0.0460350,0.6878782
0.0460400,0.6879153
0.0460450,0.6879577
0.0460500,0.6880000
0.0460550,0.6880369
0.0460600,0.6880648
0.0460650,0.6880825
0.0460700,0.6880913
0.0460750,0.6880949
0.0460800,0.6880986
0.0460850,0.6881065
0.0460900,0.6881197
0.0460950,0.6881356
0.0461000,0.6944484
0.0461050,0.6944417
0.0461100,0.6944374
0.0461150,0.6944388
0.0461200,0.6944476
0.0461250,0.6944654
0.0461300,0.6944922
0.0461350,0.6945280
0.0461400,0.6945709
0.0461450,0.6946160
0.0461500,0.6946591
0.0461550,0.6946980
0.0461600,0.6947329
0.0461650,0.6947653
0.0461700,0.6947961
0.0461750,0.6948269
0.0461800,0.6948588
0.0461850,0.6948924
0.0461900,0.6949265
0.0461950,0.6949592
0.0462000,0.6972530
0.0462050,0.6972734
0.0462100,0.6973079
0.0462150,0.6973560
0.0462200,0.6974152
0.0462250,0.6974830
0.0462300,0.6975568
0.0462350,0.6976352
0.0462400,0.6977162
0.0462450,0.6977956
0.0462500,0.6978682
0.0462550,0.6979304
0.0462600,0.6979830
0.0462650,0.6980285
0.0462700,0.6980670
0.0462750,0.6980965
0.0462800,0.6981136
0.0462850,0.6981177
0.0462900,0.6981115
0.0462950,0.6980999
0.0463000,0.6814139
0.0463050,0.6814106
0.0463100,0.6814079
0.0463150,0.6814058
0.0463200,0.6814042
0.0463250,0.6814036
0.0463300,0.6814054
0.0463350,0.6814110
0.0463400,0.6814202
0.0463450,0.6814317
0.0463500,0.6814448
0.0463550,0.6814583
0.0463600,0.6814708
0.0463650,0.6814819
0.0463700,0.6814931
0.0463750,0.6815080
0.0463800,0.6815279
0.0463850,0.6815514
0.0463900,0.6815741
0.0463950,0.6815919
0.0464000,0.6986136
0.0464050,0.6986015
0.0464100,0.6985966
0.0464150,0.6985983
0.0464200,0.6986049
0.0464250,0.6986142
0.0464300,0.6986244
0.0464350,0.6986369
0.0464400,0.6986536
0.0464450,0.6986751
0.0464500,0.6987000
0.0464550,0.6987255
0.0464600,0.6987484
0.0464650,0.6987650
0.0464700,0.6987733
0.0464750,0.6987732
0.0464800,0.6987668
0.0464850,0.6987591
0.0464900,0.6987542
0.0464950,0.6987542
0.0465000,0.6970803
0.0465050,0.6970917
0.0465100,0.6971111
0.0465150,0.6971338
0.0465200,0.6971555
0.0465250,0.6971759
0.0465300,0.6971978
0.0465350,0.6972246
0.0465400,0.6972576
0.0465450,0.6972965
0.0465500,0.6973388
0.0465550,0.6973798
0.0465600,0.6974155
0.0465650,0.6974433
0.0465700,0.6974645
0.0465750,0.6974832
0.0465800,0.6975039
0.0465850,0.6975323
0.0465900,0.6975715
0.0465950,0.6976206
0.0466000,0.6808119
0.0466050,0.6808274
0.0466100,0.6808459
0.0466150,0.6808693
0.0466200,0.6809002
0.0466250,0.6809396
0.0466300,0.6809878
0.0466350,0.6810442
0.0466400,0.6811070
0.0466450,0.6811745
0.0466500,0.6812444
0.0466550,0.6813128
0.0466600,0.6813757
0.0466650,0.6814310
0.0466700,0.6814792
0.0466750,0.6815217
0.0466800,0.6815606
0.0466850,0.6815972
0.0466900,0.6816309
0.0466950,0.6816604
0.0467000,0.6836881
0.0467050,0.6836881
0.0467100,0.6836923
0.0467150,0.6837025
0.0467200,0.6837189
0.0467250,0.6837400
0.0467300,0.6837651
0.0467350,0.6837934
0.0467400,0.6838238
0.0467450,0.6838541
0.0467500,0.6838811
0.0467550,0.6839025
0.0467600,0.6839176
0.0467650,0.6839271
0.0467700,0.6839337
0.0467750,0.6839406
0.0467800,0.6839506
0.0467850,0.6839638
0.0467900,0.6839771
0.0467950,0.6839875
0.0468000,0.6716904
0.0468050,0.6716767
0.0468100,0.6716637
0.0468150,0.6716553
0.0468200,0.6716538
0.0468250,0.6716584
0.0468300,0.6716672
0.0468350,0.6716788
0.0468400,0.6716922
0.0468450,0.6717073
0.0468500,0.6717242
0.0468550,0.6717441
0.0468600,0.6717671
0.0468650,0.6717925
0.0468700,0.6718186
0.0468750,0.6718443
0.0468800,0.6718703
0.0468850,0.6718965
0.0468900,0.6719224
0.0468950,0.6719473
0.0469000,0.6909810
0.0469050,0.6909799
0.0469100,0.6909865
0.0469150,0.6910010
0.0469200,0.6910221
0.0469250,0.6910479
0.0469300,0.6910759
0.0469350,0.6911035
0.0469400,0.6911282
0.0469450,0.6911498
0.0469500,0.6911707
0.0469550,0.6911951
0.0469600,0.6912254
0.0469650,0.6912608
0.0469700,0.6912978
0.0469750,0.6913312
0.0469800,0.6913558
0.0469850,0.6913677
0.0469900,0.6913673
0.0469950,0.6913596
0.0470000,0.6786371
0.0470050,0.6786296
0.0470100,0.6786354
0.0470150,0.6786514
0.0470200,0.6786699
0.0470250,0.6786838
0.0470300,0.6786911
0.0470350,0.6786947
0.0470400,0.6787006
0.0470450,0.6787142
0.0470500,0.6787379
0.0470550,0.6787707
0.0470600,0.6788089
0.0470650,0.6788480
0.0470700,0.6788846
0.0470750,0.6789166
0.0470800,0.6789436
0.0470850,0.6789670
0.0470900,0.6789908
0.0470950,0.6790180
0.0471000,0.6938589
0.0471050,0.6938916
0.0471100,0.6939293
0.0471150,0.6939666
0.0471200,0.6940011
0.0471250,0.6940333
0.0471300,0.6940640
0.0471350,0.6940920
0.0471400,0.6941149
0.0471450,0.6941309
0.0471500,0.6941389
0.0471550,0.6941400
0.0471600,0.6941363
0.0471650,0.6941298
0.0471700,0.6941211
0.0471750,0.6941106
0.0471800,0.6940987
0.0471850,0.6940868
0.0471900,0.6940777
0.0471950,0.6940740
0.0472000,0.7026445
0.0472050,0.7026556
0.0472100,0.7026719
0.0472150,0.7026927
0.0472200,0.7027190
0.0472250,0.7027514
0.0472300,0.7027907
0.0472350,0.7028360
0.0472400,0.7028857
0.0472450,0.7029382
0.0472500,0.7029916
0.0472550,0.7030443
0.0472600,0.7030942
0.0472650,0.7031399
0.0472700,0.7031807
0.0472750,0.7032174
0.0472800,0.7032530
0.0472850,0.7032895
0.0472900,0.7033275
0.0472950,0.7033655
0.0473000,0.7079372
0.0473050,0.7079483
0.0473100,0.7079614
0.0473150,0.7079803
0.0473200,0.7080068
0.0473250,0.7080393
0.0473300,0.7080732
0.0473350,0.7081048
0.0473400,0.7081333
0.0473450,0.7081581
0.0473500,0.7081774
0.0473550,0.7081909
0.0473600,0.7082007
0.0473650,0.7082115
0.0473700,0.7082270
0.0473750,0.7082482
0.0473800,0.7082733
0.0473850,0.7082980
0.0473900,0.7083195
0.0473950,0.7083380
0.0474000,0.7105107
0.0474050,0.7105193
0.0474100,0.7105358
0.0474150,0.7105562
0.0474200,0.7105785
0.0474250,0.7106040
0.0474300,0.7106346
0.0474350,0.7106686
0.0474400,0.7107027
0.0474450,0.7107349
0.0474500,0.7107654
0.0474550,0.7107974
0.0474600,0.7108329
0.0474650,0.7108712
0.0474700,0.7109071
0.0474750,0.7109352
0.0474800,0.7109539
0.0474850,0.7109656
0.0474900,0.7109750
0.0474950,0.7109859
0.0475000,0.6907869
0.0475050,0.6907857
0.0475100,0.6907881
0.0475150,0.6907980
0.0475200,0.6908180
0.0475250,0.6908491
0.0475300,0.6908892
0.0475350,0.6909342
0.0475400,0.6909805
0.0475450,0.6910249
0.0475500,0.6910659
0.0475550,0.6911042
0.0475600,0.6911409
0.0475650,0.6911777
0.0475700,0.6912142
0.0475750,0.6912487
0.0475800,0.6912778
0.0475850,0.6912982
0.0475900,0.6913085
0.0475950,0.6913117
0.0476000,0.6970106
0.0476050,0.6970240
0.0476100,0.6970531
0.0476150,0.6970954
0.0476200,0.6971453
0.0476250,0.6971972
0.0476300,0.6972453
0.0476350,0.6972860
0.0476400,0.6973210
0.0476450,0.6973543
0.0476500,0.6973890
0.0476550,0.6974267
0.0476600,0.6974681
0.0476650,0.6975127
0.0476700,0.6975567
0.0476750,0.6975952
0.0476800,0.6976257
0.0476850,0.6976506
0.0476900,0.6976737
0.0476950,0.6976974
0.0477000,0.6754227
0.0477050,0.6754615
0.0477100,0.6755017
0.0477150,0.6755383
0.0477200,0.6755674
0.0477250,0.6755882
0.0477300,0.6756024
0.0477350,0.6756125
0.0477400,0.6756226
0.0477450,0.6756374
0.0477500,0.6756594
0.0477550,0.6756876
0.0477600,0.6757185
0.0477650,0.6757487
0.0477700,0.6757762
0.0477750,0.6758007
0.0477800,0.6758235
0.0477850,0.6758473
0.0477900,0.6758765
0.0477950,0.6759132
0.0478000,0.6970314
0.0478050,0.6970627
0.0478100,0.6970962
0.0478150,0.6971312
0.0478200,0.6971684
0.0478250,0.6972084
0.0478300,0.6972513
0.0478350,0.6972974
0.0478400,0.6973477
0.0478450,0.6974011
0.0478500,0.6974548
0.0478550,0.6975067
0.0478600,0.6975562
0.0478650,0.6976028
0.0478700,0.6976459
0.0478750,0.6976865
0.0478800,0.6977265
0.0478850,0.6977678
0.0478900,0.6978103
0.0478950,0.6978519
0.0479000,0.6903867
0.0479050,0.6904164
0.0479100,0.6904489
0.0479150,0.6904796
0.0479200,0.6905039
0.0479250,0.6905200
0.0479300,0.6905300
0.0479350,0.6905403
0.0479400,0.6905568
0.0479450,0.6905794
0.0479500,0.6906041
0.0479550,0.6906272
0.0479600,0.6906472
0.0479650,0.6906648
0.0479700,0.6906811
0.0479750,0.6906985
0.0479800,0.6907198
0.0479850,0.6907452
0.0479900,0.6907717
0.0479950,0.6907945
0.0480000,0.6951744
0.0480050,0.6951685
0.0480100,0.6951640
0.0480150,0.6951636
0.0480200,0.6951706
0.0480250,0.6951873
0.0480300,0.6952120
0.0480350,0.6952401
0.0480400,0.6952669
0.0480450,0.6952902
0.0480500,0.6953120
0.0480550,0.6953367
0.0480600,0.6953682
0.0480650,0.6954078
0.0480700,0.6954521
0.0480750,0.6954956
0.0480800,0.6955343
0.0480850,0.6955687
0.0480900,0.6956013
0.0480950,0.6956340
0.0481000,0.6818636
0.0481050,0.6818844
0.0481100,0.6819067
0.0481150,0.6819295
0.0481200,0.6819534
0.0481250,0.6819788
0.0481300,0.6820052
0.0481350,0.6820327
0.0481400,0.6820611
0.0481450,0.6820889
0.0481500,0.6821150
0.0481550,0.6821385
0.0481600,0.6821607
0.0481650,0.6821836
0.0481700,0.6822082
0.0481750,0.6822344
0.0481800,0.6822619
0.0481850,0.6822910
0.0481900,0.6823237
0.0481950,0.6823617
0.0482000,0.7185751
0.0482050,0.7185982
0.0482100,0.7186246
0.0482150,0.7186554
0.0482200,0.7186905
0.0482250,0.7187292
0.0482300,0.7187694
0.0482350,0.7188099
0.0482400,0.7188494
0.0482450,0.7188855
0.0482500,0.7189153
0.0482550,0.7189395
0.0482600,0.7189642
0.0482650,0.7189954
0.0482700,0.7190339
0.0482750,0.7190765
0.0482800,0.7191178
0.0482850,0.7191541
0.0482900,0.7191854
0.0482950,0.7192145
0.0483000,0.6968870
0.0483050,0.6968800
0.0483100,0.6968816
0.0483150,0.6968921
0.0483200,0.6969119
0.0483250,0.6969412
0.0483300,0.6969765
0.0483350,0.6970134
0.0483400,0.6970484
0.0483450,0.6970819
0.0483500,0.6971169
0.0483550,0.6971561
0.0483600,0.6972009
0.0483650,0.6972509
0.0483700,0.6973033
0.0483750,0.6973536
0.0483800,0.6973968
0.0483850,0.6974294
0.0483900,0.6974512
0.0483950,0.6974672
0.0484000,0.6996109
0.0484050,0.6996259
0.0484100,0.6996486
0.0484150,0.6996775
0.0484200,0.6997083
0.0484250,0.6997351
0.0484300,0.6997552
0.0484350,0.6997714
0.0484400,0.6997874
0.0484450,0.6998055
0.0484500,0.6998274
0.0484550,0.6998548
0.0484600,0.6998875
0.0484650,0.6999209
0.0484700,0.6999490
0.0484750,0.6999683
0.0484800,0.6999788
0.0484850,0.6999838
0.0484900,0.6999868
0.0484950,0.6999901
0.0485000,0.6957541
0.0485050,0.6957552
0.0485100,0.6957600
0.0485150,0.6957668
0.0485200,0.6957753
0.0485250,0.6957855
0.0485300,0.6957985
0.0485350,0.6958160
0.0485400,0.6958385
0.0485450,0.6958649
0.0485500,0.6958930
0.0485550,0.6959206
0.0485600,0.6959479
0.0485650,0.6959772
0.0485700,0.6960126
0.0485750,0.6960573
0.0485800,0.6961103
0.0485850,0.6961676
0.0485900,0.6962230
0.0485950,0.6962720
0.0486000,0.6945030
0.0486050,0.6945058
0.0486100,0.6945146
0.0486150,0.6945316
0.0486200,0.6945571
0.0486250,0.6945899
0.0486300,0.6946267
0.0486350,0.6946643
0.0486400,0.6946997
0.0486450,0.6947344
0.0486500,0.6947712
0.0486550,0.6948115
0.0486600,0.6948563
0.0486650,0.6949049
0.0486700,0.6949567
0.0486750,0.6950102
0.0486800,0.6950616
0.0486850,0.6951063
0.0486900,0.6951401
0.0486950,0.6951633
0.0487000,0.6726559
0.0487050,0.6726505
0.0487100,0.6726553
0.0487150,0.6726722
0.0487200,0.6726995
0.0487250,0.6727318
0.0487300,0.6727634
0.0487350,0.6727915
0.0487400,0.6728149
0.0487450,0.6728345
0.0487500,0.6728518
0.0487550,0.6728697
0.0487600,0.6728922
0.0487650,0.6729197
0.0487700,0.6729482
0.0487750,0.6729710
0.0487800,0.6729858
0.0487850,0.6729960
0.0487900,0.6730060
0.0487950,0.6730194
0.0488000,0.6774241
0.0488050,0.6774336
0.0488100,0.6774472
0.0488150,0.6774602
0.0488200,0.6774713
0.0488250,0.6774804
0.0488300,0.6774861
0.0488350,0.6774880
0.0488400,0.6774881
0.0488450,0.6774895
0.0488500,0.6774944
0.0488550,0.6775038
0.0488600,0.6775169
0.0488650,0.6775316
0.0488700,0.6775454
0.0488750,0.6775559
0.0488800,0.6775631
0.0488850,0.6775711
0.0488900,0.6775843
0.0488950,0.6776055
0.0489000,0.6764945
0.0489050,0.6765007
0.0489100,0.6765173
0.0489150,0.6765397
0.0489200,0.6765649
0.0489250,0.6765905
0.0489300,0.6766140
0.0489350,0.6766340
0.0489400,0.6766516
0.0489450,0.6766689
0.0489500,0.6766881
0.0489550,0.6767109
0.0489600,0.6767376
0.0489650,0.6767658
0.0489700,0.6767925
0.0489750,0.6768160
0.0489800,0.6768374
0.0489850,0.6768588
0.0489900,0.6768820
0.0489950,0.6769075
0.0490000,0.6741910
0.0490050,0.6742133
0.0490100,0.6742433
0.0490150,0.6742733
0.0490200,0.6742973
0.0490250,0.6743146
0.0490300,0.6743293
0.0490350,0.6743469
0.0490400,0.6743717
0.0490450,0.6744053
0.0490500,0.6744465
0.0490550,0.6744923
0.0490600,0.6745382
0.0490650,0.6745799
0.0490700,0.6746148
0.0490750,0.6746442
0.0490800,0.6746734
0.0490850,0.6747083
0.0490900,0.6747518
0.0490950,0.6748021
0.0491000,0.6830592
0.0491050,0.6830841
0.0491100,0.6831109
0.0491150,0.6831403
0.0491200,0.6831728
0.0491250,0.6832064
0.0491300,0.6832382
0.0491350,0.6832657
0.0491400,0.6832883
0.0491450,0.6833083
0.0491500,0.6833291
0.0491550,0.6833531
0.0491600,0.6833820
0.0491650,0.6834148
0.0491700,0.6834487
0.0491750,0.6834819
0.0491800,0.6835159
0.0491850,0.6835529
0.0491900,0.6835928
0.0491950,0.6836348
0.0492000,0.6911384
0.0492050,0.6911777
0.0492100,0.6912244
0.0492150,0.6912775
0.0492200,0.6913343
0.0492250,0.6913911
0.0492300,0.6914459
0.0492350,0.6914983
0.0492400,0.6915494
0.0492450,0.6916008
0.0492500,0.6916535
0.0492550,0.6917081
0.0492600,0.6917646
0.0492650,0.6918226
0.0492700,0.6918820
0.0492750,0.6919414
0.0492800,0.6919994
0.0492850,0.6920543
0.0492900,0.6921036
0.0492950,0.6921439
0.0493000,0.6836763
0.0493050,0.6836945
0.0493100,0.6837250
0.0493150,0.6837661
0.0493200,0.6838119
0.0493250,0.6838566
0.0493300,0.6838968
0.0493350,0.6839329
0.0493400,0.6839666
0.0493450,0.6839995
0.0493500,0.6840319
0.0493550,0.6840645
0.0493600,0.6840960
0.0493650,0.6841237
0.0493700,0.6841449
0.0493750,0.6841570
0.0493800,0.6841593
0.0493850,0.6841544
0.0493900,0.6841472
0.0493950,0.6841425
0.0494000,0.6909417
0.0494050,0.6909459
0.0494100,0.6909595
0.0494150,0.6909803
0.0494200,0.6910051
0.0494250,0.6910297
0.0494300,0.6910528
0.0494350,0.6910754
0.0494400,0.6910981
0.0494450,0.6911211
0.0494500,0.6911443
0.0494550,0.6911696
0.0494600,0.6911985
0.0494650,0.6912299
0.0494700,0.6912611
0.0494750,0.6912899
0.0494800,0.6913144
0.0494850,0.6913342
0.0494900,0.6913521
0.0494950,0.6913728
0.0495000,0.6773606
0.0495050,0.6773563
0.0495100,0.6773575
0.0495150,0.6773673
0.0495200,0.6773882
0.0495250,0.6774192
0.0495300,0.6774559
0.0495350,0.6774926
0.0495400,0.6775265
0.0495450,0.6775590
0.0495500,0.6775929
0.0495550,0.6776287
0.0495600,0.6776632
0.0495650,0.6776927
0.0495700,0.6777159
0.0495750,0.6777335
0.0495800,0.6777472
0.0495850,0.6777573
0.0495900,0.6777639
0.0495950,0.6777680
0.0496000,0.6777946
0.0496050,0.6778063
0.0496100,0.6778315
0.0496150,0.6778685
0.0496200,0.6779123
0.0496250,0.6779578
0.0496300,0.6780046
0.0496350,0.6780552
0.0496400,0.6781109
0.0496450,0.6781703
0.0496500,0.6782310
0.0496550,0.6782924
0.0496600,0.6783537
0.0496650,0.6784127
0.0496700,0.6784663
0.0496750,0.6785121
0.0496800,0.6785498
0.0496850,0.6785805
0.0496900,0.6786070
0.0496950,0.6786323
0.0497000,0.6805013
0.0497050,0.6805201
0.0497100,0.6805482
0.0497150,0.6805834
0.0497200,0.6806241
0.0497250,0.6806703
0.0497300,0.6807235
0.0497350,0.6807842
0.0497400,0.6808502
0.0497450,0.6809183
0.0497500,0.6809868
0.0497550,0.6810550
0.0497600,0.6811213
0.0497650,0.6811828
0.0497700,0.6812360
0.0497750,0.6812793
0.0497800,0.6813136
0.0497850,0.6813410
0.0497900,0.6813641
0.0497950,0.6813839
0.0498000,0.6749299
0.0498050,0.6749252
0.0498100,0.6749254
0.0498150,0.6749309
0.0498200,0.6749399
0.0498250,0.6749501
0.0498300,0.6749603
0.0498350,0.6749700
0.0498400,0.6749803
0.0498450,0.6749928
0.0498500,0.6750090
0.0498550,0.6750298
0.0498600,0.6750551
0.0498650,0.6750832
0.0498700,0.6751118
0.0498750,0.6751395
0.0498800,0.6751669
0.0498850,0.6751958
0.0498900,0.6752292
0.0498950,0.6752697
0.0499000,0.6855679
0.0499050,0.6856039
0.0499100,0.6856419
0.0499150,0.6856815
0.0499200,0.6857214
0.0499250,0.6857606
0.0499300,0.6857989
0.0499350,0.6858355
0.0499400,0.6858691
0.0499450,0.6858986
0.0499500,0.6859241
0.0499550,0.6859451
0.0499600,0.6859610
0.0499650,0.6859725
0.0499700,0.6859810
0.0499750,0.6859879
0.0499800,0.6859933
0.0499850,0.6859972
0.0499900,0.6860008
0.0499950,0.6860052
0.0500000,0.6914467
